wall_time,episode_reward_mean
45.0053203106,-52.2036663566
50.6324400902,-52.2874406463
56.0129346848,-28.5127100536
61.3203585148,-44.0166276774
66.6608455181,-50.4139578583
71.9231722355,-39.8826990614
77.251663208,-60.4061232999
82.5826015472,-33.8137062122
87.9893534184,-68.7235572161
93.3154547215,-18.6483083063
98.6719431877,2.12098134857
104.041500568,-53.7769733506
109.449761629,-54.4753935958
114.824961662,-54.4693841413
120.108353376,-35.4947983206
125.453974247,-53.3066162536
130.836042881,-72.0641486023
136.160838366,-71.3622028802
141.480446339,-42.2894733874
146.891844034,-43.1759363182
152.147201061,-57.5943143884
157.458275795,-21.1479546689
162.764440298,-50.0792486038
168.063279867,-48.8376483437
173.423535109,-58.4244470644
178.747040272,-52.9995565672
184.039367676,-36.3374929144
189.328840494,-48.8298638256
194.590541124,-66.0910497999
199.888586283,-50.8189796059
205.245419741,-35.8706545303
210.521227598,-34.4375389006
215.885316133,-44.7760264163
221.149365664,-49.5375759249
226.505391121,-48.0146710675
231.7897048,-60.3806123756
237.257695198,-43.6810950443
242.625938654,-35.1378992142
247.903692245,-26.2424729895
253.184197187,-61.9288627614
258.499114513,-51.4783949777
263.799687147,-45.8824155109
269.110002995,-60.153938217
274.498858452,-58.409039712
279.804112196,-31.0089587365
285.097674847,-51.121034223
290.385697365,-49.1024133486
295.731099129,-41.8955962929
300.998526573,-36.076676185
306.360772848,-63.8604574601
311.591468096,-55.790883916
317.015347481,-48.4015652826
322.324654579,-38.5471534395
327.680841208,-38.2498219695
332.990148067,-29.8540625336
338.30734849,-36.5196370905
343.561902285,-36.9915914463
348.852297306,-37.9505208989
354.177769184,-51.6438907093
359.522172213,-41.4084636972
368.927925348,-29.7568266465
374.275619745,-44.5446239591
379.597709417,-42.1264072117
384.976454258,-44.2636360777
390.339088917,-55.5006714425
395.730144739,-45.9358613759
401.072825909,-33.2212430957
406.417392254,-3.66781827554
411.704977036,-42.0768203003
417.105009556,-52.7057968916
422.41714263,-21.3205838102
427.795786142,-41.9755986937
433.094758511,-53.0166132144
438.469858885,-39.5762018923
443.858601332,-59.7141406474
449.257188082,-57.9025637422
454.661190748,-50.2406342335
459.960137606,-64.3478477388
465.357445955,-55.2262167858
470.662186861,-61.8293402899
476.021064997,-39.7981850856
481.289434433,-15.112668791
486.647932529,-53.8261453807
491.904016256,-64.5862938372
497.261561632,-41.8427331254
502.562847614,-36.2732546564
507.901250839,-62.8069819159
513.226088524,-30.5822224592
518.566654921,-51.5277906676
523.859367847,-54.1778019151
529.18158412,-58.1932326498
534.509653807,-52.8391988301
539.797464848,-47.078515093
545.146398783,-37.3337962141
550.429603815,-15.5216512848
555.837990522,-58.9183396178
561.248816013,-41.3608426059
566.622007847,-56.4865957193
571.871635914,-39.3389181246
577.215681791,-43.7281736269
582.557397366,-42.2398537573
587.941316843,-43.0462528458
593.214020729,-54.1288593383
598.58609271,-46.5727309591
603.89003253,-30.3639089611
609.19397378,-56.261972042
614.514480352,-45.5948694595
619.821017027,-38.4159700833
625.210588217,-69.1027721376
630.511194229,-57.2420581683
635.912451744,-42.0305197487
641.169784546,-12.2796046308
646.613127708,-19.7947567389
651.960202456,-59.5082175085
657.401246548,-15.6582842635
662.676205635,-46.6756115262
668.06403327,-48.2190737371
673.35023284,-53.4625835569
678.652269125,-39.9138215761
684.100400686,-51.905495847
690.033072472,-49.2684606291
695.357355595,-23.69493916
700.65638566,-39.6336973494
705.9993155,-48.5035142021
711.28776741,-68.4827113468
716.765851498,-58.2400777353
722.03488183,-25.95170764
727.398759842,-67.64154068
732.672190189,-39.5797675918
737.989225864,-40.2436178181
743.308997631,-26.720633382
748.654127598,-38.3795835033
753.925264359,-36.4148964216
759.258876562,-47.780042323
764.654094934,-17.5128370378
769.916085482,-49.149983597
775.304804564,-64.2733852755
780.616465569,-19.4023760203
785.984300375,-42.3960424067
791.292482376,-56.41450448
796.694264174,-26.1984559274
801.96037817,-57.1801539683
807.42554903,-52.4060331246
812.712424755,-36.6002309626
818.080353737,-44.3334009439
823.372713089,-55.4250327796
828.746135712,-44.2737282342
834.117423773,-47.6066799037
839.484303236,-50.446330052
844.836756706,-63.9560780892
850.150027037,-43.6370864437
855.526355505,-44.292338637
860.841189384,-43.5677963499
866.184704542,5.63970566244
871.47559166,-36.7482544886
876.821223021,-71.1117956654
882.092413902,-48.0784982851
887.570360184,-36.6179774359
892.905706644,-19.3497753334
898.252895117,-42.3995780906
903.557338238,-27.7229743123
908.905288935,-65.1660794294
914.235419989,-38.4846088035
919.5713377,-53.042853533
924.953677893,-52.012943468
930.219724894,-37.2948391725
935.513469696,-32.028882824
940.795361757,-40.0067489096
946.202117443,-32.0538273029
951.49550271,-44.9731051847
956.891911983,-46.9503362703
962.167503357,-36.3379985124
967.519043207,-38.6505437394
972.821519375,-37.8326819816
978.147312164,-55.1027070218
983.519140959,-52.719671302
988.934579849,-37.0424752466
994.253116131,-45.0278578725
999.588316917,-31.6925484645
1004.97735929,-46.0007063936
1010.25497699,-45.3224715093
1016.301548,-34.7656705805
1021.58468127,-26.1476796192
1026.94456577,-27.4469490168
1032.20618916,-27.6757522698
1037.56986618,-38.7977619592
1042.92271495,-45.6888829709
1048.31863856,-42.5936579198
1053.67993045,-37.6853037441
1058.95981359,-34.6540429724
1064.24813747,-23.6268814999
1069.60220718,-25.574417054
1074.94641089,-29.4647405186
1080.29554081,-27.0888016484
1085.72683835,-33.6047147427
1091.01745462,-29.2074789786
1096.39552331,-42.4588020047
1101.69368362,-26.4266354092
1107.02120376,-46.4187146913
1112.29011059,-20.4612234153
1117.7010231,-15.38784029
1123.05333757,-26.4039170693
1128.40298009,-17.447401534
1133.67624784,-19.7192301009
1138.99012303,-37.0369180915
1144.34036946,-24.4230558801
1149.64809918,-32.316189698
1155.00974035,-39.0407314781
1160.32049513,-7.18220022665
1165.63627434,-41.0671204217
1171.00611567,-28.2551212315
1176.42796516,-42.2877769682
1181.69219017,-12.5464362816
1187.01466894,-44.4792797311
1192.28223157,-25.7618973817
1197.62644911,-39.9193929032
1202.89501619,-31.0771954726
1208.2560668,-42.4729577279
1213.56006026,-16.4715092126
1218.8464179,-29.9818535017
1224.16247892,-32.69167719
1229.47195888,-20.7748017256
1234.80282378,-23.300265446
1240.12139726,-35.9041371006
1245.44257355,-25.9809444254
1250.7110374,-26.4592449125
1256.05138016,-37.7167960852
1261.29807973,-19.7796995094
1266.6721096,-32.7898424368
1271.92729354,-25.5002378709
1277.28492856,-34.7067460018
1282.62593508,-31.6022602247
1288.00697637,-30.4835804566
1293.30851579,-38.7637099206
1298.72275114,-18.4460087837
1304.12087488,-63.4339604906
1309.46576738,-53.5723266369
1314.74899459,-38.7475671572
1320.03011775,-41.3215511744
1325.38430715,-31.1748973625
1330.69871712,-25.4207260966
1336.65086198,-23.5273112024
1341.91321921,-23.4768524183
1347.33077502,-21.4553097269
1352.59807348,-40.2161113366
1357.97854757,-47.9167837404
1363.26817322,-4.07600585846
1368.57902837,-28.9580570124
1373.85570884,-32.9178612548
1379.21376586,-41.3865661319
1384.5511775,-48.2562697967
1389.85143089,4.61762135295
1395.16403842,-36.6777294173
1400.51558709,-64.4382599826
1405.89897323,-55.2246520777
1411.21285248,-30.4177958189
1416.63835859,-24.0204515693
1421.89721322,-24.5724800083
1427.24587417,-24.519772763
1432.53040791,-14.598303918
1437.91048455,-26.4775237981
1443.16981888,-40.7489753453
1448.61048055,-8.24595387568
1453.98710513,-23.9601197183
1459.31951523,-38.3089991701
1464.65527439,-22.8625507333
1469.96605325,-34.3029586948
1475.31975961,-38.5830438369
1480.65932608,-28.521739948
1486.02327967,-19.6017585672
1491.29041719,-25.4260358846
1496.68667769,-26.0000052623
1501.93854713,-47.4831365003
1507.33988476,-31.6967138119
1512.62829494,-27.5568932319
1517.9564333,-31.2903733943
1523.31567168,-43.1427159573
1528.7003839,-36.0463570723
1534.05884361,-35.1549566744
1539.36980009,-38.5453643558
1544.67773652,-39.9226756534
1549.95077014,-20.1843243265
1555.29453397,-10.8261473939
1560.55500221,-14.2362410463
1565.90377736,-21.7853100912
1571.14019871,-44.041813891
1576.48485041,-30.1640716959
1581.73509002,-35.6112581848
1587.12882328,-8.34686881819
1592.41216063,-34.3047050675
1597.73694348,-38.7294408609
1602.98912358,-34.334238128
1608.35005927,-33.9931462708
1613.63889289,-25.8113857699
1618.94981122,-35.6244471561
1624.33266544,-29.5972289036
1629.68260598,-41.1309210376
1634.98017001,-13.7660638014
1640.28616285,-44.9924147872
1645.71464252,-18.7004750855
1651.01765418,-3.52069317838
1656.96625686,-35.6431921989
1662.24487019,-18.9550615808
1667.60220909,-26.8472471824
1672.87394404,-21.0331853609
1678.24351931,-15.9553833226
1683.5585916,-19.9745796723
1688.96289301,-35.2628117097
1694.29993057,-12.169354855
1699.65610409,-12.6432548889
1705.02165079,-5.8437324556
1710.30542517,-54.9876706155
1715.81285048,-38.9879030243
1721.23798132,-26.6118839366
1726.68745518,-33.3334261685
1731.93856716,-23.4845810344
1737.28987527,-24.4736048808
1742.58259892,-4.23465086463
1747.92024112,-33.3564914541
1753.22371769,-13.9137919662
1758.56251812,-22.7648373873
1763.99216652,13.5066574993
1769.3482461,-18.0732244307
1774.65087295,-19.6477584592
1779.97823596,-0.226030765049
1785.34607291,-15.1964292869
1790.69372964,-0.149272725267
1796.03913856,-23.2710239926
1801.32219338,-30.9168141586
1806.72416806,-47.3985125526
1812.03971386,-39.9120411323
1817.49678349,-38.1268449999
1822.80411029,-12.4303532244
1828.13460755,-18.8544490171
1833.38676739,-34.5323756117
1838.72237873,-14.6134285702
1844.01345181,-33.436329061
1849.38657832,-41.2426233453
1854.75664234,-34.5515148869
1859.99909234,-31.1659317393
1865.37826443,-32.0678016093
1870.69249082,-8.70941569422
1876.2168088,-25.6053568123
1881.55665803,-3.04167718126
1886.93687224,-45.995907152
1892.18527627,0.433498279912
1897.51256347,-15.088071139
1902.77355504,-26.2840788032
1908.07977366,0.0157917752194
1913.43467927,-22.5906373343
1918.7412715,-6.10005672186
1924.06350231,-5.90879862741
1929.34213066,-15.1299273789
1934.75542402,-22.1158840703
1940.12627196,-26.7166054953
1945.50193691,-29.235159754
1950.78608537,-10.1407089737
1956.13446689,-2.55256207669
1961.37918162,7.38185279265
1966.75949001,-41.6323248648
1972.02445912,-19.2420978661
1977.40237999,2.07877518504
1983.24625587,-21.2141862055
1988.60114765,-32.9987114341
1993.87440205,3.59747436644
1999.20729566,-23.0671137951
2004.60277581,-34.1737444853
2009.89321566,-0.41229491289
2015.21186543,-38.3766708802
2020.51553559,-31.4434201777
2026.00987196,-2.30728885563
2031.35209203,-2.83800015613
2036.70870137,-17.1545102138
2041.95526791,-22.8291099323
2047.32123685,-5.91198446519
2052.70085359,-2.84951111807
2058.04084659,-19.7004218656
2063.40120101,-34.0887059294
2068.82928205,-30.4624668911
2074.17694664,-9.50530591359
2079.54594398,-31.6377802459
2084.88935757,-1.58451833121
2090.14457226,-5.05055380924
2095.48169184,2.89864112939
2100.79108238,-24.8833652039
2106.09110975,-30.0037661536
2111.35265851,-9.576793065
2116.74440384,-22.7644528298
2122.05436158,-14.7694370279
2127.47625613,-25.5641195114
2132.82407165,-13.1299691802
2138.21973872,-21.0513919124
2143.53258896,-20.6387470223
2148.88889313,-13.6858705585
2154.17886472,-34.1745070835
2159.53093934,-13.3593592937
2164.88002467,4.96538909337
2170.1475904,7.6252462816
2175.57064199,-27.6759137081
2180.86269379,-28.3790698904
2186.20653343,0.0353721864873
2191.51153946,-32.149295981
2196.88843703,-25.3302114801
2202.16095424,-10.1997088978
2207.60613656,-23.5877163009
2212.86370683,-47.343811752
2218.22081685,-30.0465850253
2223.46975064,-9.86450989634
2228.82444143,-12.8805089528
2234.10370326,-33.192908776
2239.43475795,0.194892823731
2244.91528201,-17.5446818247
2250.21989274,-23.542896239
2255.57499838,-11.714540666
2260.9230063,-2.6842352986
2266.30752635,-7.60163809436
2271.69440889,-28.0873881632
2277.04299331,-7.85605979328
2282.31207991,-3.21640361882
2287.62223625,-36.709877597
2292.89998341,-28.0735226534
2298.24193287,2.63820344073
2304.18634868,-38.421239169
2309.4731791,-14.675963942
2314.77346158,-11.6490909514
2320.1159277,-0.816081664525
2325.40577531,-21.8678860411
2330.74937892,-16.8453312642
2336.10418916,-5.66021133908
2341.46343946,-17.3270714988
2346.80836487,-23.9814193354
2352.05749321,9.00245988873
2357.44991708,-3.35346117651
2362.78333139,-16.6093125082
2368.19663,-4.32344421982
2373.47666454,-11.410233807
2378.82069755,12.8377623028
2384.16699433,-15.952025738
2389.47484231,-3.8063556556
2394.84406304,-6.65883971123
2400.14300799,7.81520178216
2405.48888445,1.98689126519
2410.76934481,-0.665618757375
2416.13588977,0.00246945311719
2421.40976214,-5.61369860598
2426.80296755,-10.5850743555
2432.04150772,-26.8936951855
2437.45760751,-9.35746902969
2442.72754002,-16.7988026481
2448.11034226,-21.7695534499
2453.42493153,-4.76841400878
2458.78252506,-8.26369725752
2464.07326221,-8.27741696315
2469.40974283,-11.0213229068
2474.68914294,6.82833542397
2479.9747026,-16.9000005123
2485.30916786,-9.76832905512
2490.61842966,-3.58928819442
2495.94319749,-15.9133946544
2501.24563193,-7.77941582514
2506.6019907,25.9612198605
2511.90701222,14.7600925264
2517.28353286,15.468839791
2522.59143353,-22.7220924127
2528.01216316,-18.0707542598
2533.28610086,-3.08840600809
2538.67665243,-25.8328704072
2544.01303077,-28.0189825605
2549.33686638,-12.5268851295
2554.68792701,8.28937276205
2560.01459336,-9.11474944075
2565.82745314,-26.6433018068
2571.08994055,-6.40219898912
2576.53192019,-2.19629357806
2581.79643011,2.42228033074
2587.16171956,-23.0695829733
2592.41404414,14.7766215854
2597.7629652,-39.3408227787
2603.07327533,3.34351171247
2608.38333344,7.94249850132
2613.68618107,0.736162119791
2619.02901769,-7.31879443853
2624.34201503,-25.0766196102
2630.29063916,10.8150263565
2635.62803435,6.83831733792
2640.94000292,-12.7285758481
2646.36365533,-13.4706030657
2651.63713431,-9.01875464746
2657.12531996,1.36897131353
2662.38088989,-6.98716371786
2667.67021155,-21.1885762346
2672.99970818,5.1988485597
2678.37968063,12.6055120447
2683.64499497,13.8103832405
2689.006495,-2.42918341684
2694.43580389,-17.7280735411
2699.80795336,10.7614757098
2705.18952823,-7.07161143528
2710.4656055,-7.64306550239
2715.90877128,-1.54580503298
2721.19152832,-5.07869513855
2726.54914188,-4.37478367564
2731.8180685,-12.5522692567
2737.20121694,-11.3804318701
2742.46146297,-19.2395980745
2747.81721187,-11.9525530603
2753.1789403,-13.4644968039
2758.57399988,-22.5401021329
2763.82749009,-11.821144107
2769.15995502,-5.24220817801
2774.56568646,8.09367003921
2779.83484554,-17.0589405991
2785.20767498,6.3422357081
2790.48184943,-24.1564722384
2795.81415439,-14.3935757775
2801.085042,-0.491846299133
2806.47826028,-5.58137137794
2811.73585844,-18.0877020022
2817.1273098,10.9233921005
2822.43097496,-14.496067429
2827.80207467,-12.9681262593
2833.12814116,-4.53491438628
2838.55964017,-14.3264814037
2843.85728407,16.128147728
2849.15290833,0.926059528236
2854.45796442,-1.24804089707
2859.75363493,-1.55107029204
2865.13099813,3.21186780016
2870.42577767,5.16446211085
2875.75501251,0.30934490281
2881.02662325,0.688660076362
2886.42104769,2.59353318955
2891.66929388,23.8195992298
2897.03307176,-3.18682484171
2902.41734099,-5.37632090936
2907.7826519,-13.2297355537
2913.04014325,-20.6430939203
2918.3166151,-8.88809470521
2923.58399463,-28.9743610814
2928.90715528,-14.4745131513
2934.49228907,-2.47244867812
2939.80732584,-11.714147051
2945.12340474,23.9810416748
2950.95185614,-15.7621370863
2956.27259612,-5.01200063075
2961.58722591,8.69731458062
2967.03540564,27.6303118353
2972.38674045,-18.0665068501
2977.70892453,3.95496612696
2983.00825381,3.77519614169
2988.30431509,-10.1214452692
2993.68386531,5.76740167569
2998.98343635,-1.37347287472
3004.32958198,9.24451331406
3009.61423278,15.7691039455
3014.9296813,0.804884331477
3020.23747683,-1.74839465817
3025.56077576,-20.4714098458
3030.84332418,-10.751216386
3036.16815209,-8.69050117675
3041.42665577,-4.79857857445
3046.76471138,-9.16545569519
3052.05478644,-17.3059619629
3057.42772174,20.9382683117
3062.70807505,15.3906864904
3068.07901812,-9.20963439862
3073.36009073,-15.2538624267
3078.65650678,-16.2249484805
3083.96006227,39.4767756469
3089.27423644,-10.8130127102
3094.62481928,-20.9376504207
3099.92440438,13.6512639039
3105.218575,-31.4828449029
3110.43592811,-14.2771927287
3115.7542038,-19.7043109253
3121.0630095,0.199493192277
3126.52692389,-5.56590919919
3131.75468683,-14.8646538129
3137.06074834,-9.29147887667
3142.25004649,-19.2956676389
3147.59978962,3.75078178301
3152.89737558,-17.4800014835
3158.18957257,-13.2208778562
3163.4029417,-0.0200439950908
3168.77647567,-14.032654851
3174.08387828,-5.77749502898
3179.33678937,8.58679933017
3184.6444943,0.823786608295
3189.9030354,23.8951275782
3195.17055321,11.7634842151
3200.42827415,46.7182511379
3205.73045874,13.2816731416
3210.97413611,-15.9957348279
3216.29484057,11.4623175339
3221.51143527,48.8051082687
3226.83406711,-15.1190792924
3232.07226729,32.8804443566
3237.37541223,-20.1172269414
3242.57544422,28.3200684939
3247.89117813,-5.78330130097
3253.10103464,17.4132752423
3258.39013457,17.8653795523
3263.63378477,14.8948009113
3269.45222616,-9.4670123049
3274.80447054,-1.26039880688
3280.01739788,56.9163913658
3285.32621646,-11.5280840733
3290.51292586,39.6677252765
3295.81700659,6.68756535057
3301.04195809,1.33375552281
3306.358464,-0.411054402027
3311.60128808,-15.7586726185
3316.86523533,22.3926577256
3322.09706998,12.5690095637
3327.3780973,-5.96381730277
3332.66964173,-16.5115082905
3337.97679329,32.712309769
3343.25521851,-1.93118674944
3348.62391901,47.3924207949
3353.85377264,11.0817275133
3359.1433084,6.31164954879
3364.38452673,9.66162210735
3369.60473585,16.9083618888
3374.97638488,12.4860903546
3380.19440341,1.56520792793
3385.51631236,13.9664711664
3390.73395061,7.27256286441
3396.10010576,2.64120794103
3401.29128265,1.64991757376
3406.60121942,-3.1782439938
3411.81052589,4.9267121154
3417.12644458,9.87639371464
3422.33493423,-6.58752898571
3427.75048518,6.46317748652
3432.97015166,23.0646739351
3438.22019649,-0.490489338331
3443.45701814,-20.7046297441
3448.74699903,33.6251899461
3453.99774814,16.2849113132
3459.22547579,45.0031160337
3464.50331259,22.3161117382
3469.74481058,57.6874162381
3475.01110816,27.4879022208
3480.21758032,14.091644535
3485.47710705,-3.04848713915
3490.69907856,-3.05225738351
3495.9875586,-4.82221745447
3501.27040625,14.101987721
3506.60564804,-17.1836892522
3511.7864747,47.412950214
3517.06002021,15.8847677708
3522.25509167,4.03358120875
3527.638026,17.2263106346
3532.90626431,22.604855135
3538.16212606,4.14442503658
3543.42708278,18.6641204087
3548.70174742,-20.0964864423
3553.90991879,-5.05339440863
3559.14937067,-5.89774852935
3564.43639326,18.6014369392
3569.66924453,-0.318126994677
3574.9410789,12.9989676005
3580.17101192,-10.5886703217
3585.39030337,3.45854825164
3591.18658543,27.9011305518
3596.49618721,29.7045506297
3601.71871114,18.6380727692
3607.00336695,-5.493249157
3612.21917796,-8.44644942541
3617.54070807,21.339938152
3622.79628062,14.86015856
3628.13569593,1.03185074966
3633.36148143,14.3780242899
3638.66596889,16.8998476572
3643.85505795,6.90902598598
3649.15075135,3.41509621362
3654.41190267,10.4490043436
3659.7297492,5.10250216376
3664.97657323,2.63436727929
3670.18282628,29.3268119345
3675.51346874,27.9008619596
3680.78492951,24.4299574163
3686.18335724,32.7888382608
3691.4382093,56.4472051631
3696.75500488,34.6868872483
3701.93147016,5.44989353757
3707.2137897,2.33562649641
3712.43871021,15.1047299362
3717.72689748,-21.8903593682
3722.96426058,-11.673716571
3728.25817466,34.6996829073
3733.47083831,9.8377756517
3738.74975657,-5.22995909614
3744.03325701,11.5301249067
3749.27668667,12.3273745299
3754.52259016,-9.6445775054
3759.76943398,-1.20004208618
3765.05893493,20.3850789195
3770.24882269,13.4641911675
3775.51152992,23.375027682
3780.71738601,21.1915163043
3785.99237537,40.5799753077
3791.20235872,18.8156923588
3796.47193146,2.83989157247
3801.70892668,-0.379852263239
3806.99927759,14.7784097213
3812.17474079,-10.6180801012
3817.58744669,21.7915413494
3822.83645868,25.929983824
3828.18668604,2.22956690911
3833.40203238,22.1930305727
3838.69575787,-1.31565573467
3843.9200933,7.29147534264
3849.19643331,3.78596778502
3854.47013092,37.8945448391
3859.72260189,12.754779887
3864.9754529,39.4752485206
3870.21121192,21.8618567908
3875.50342512,-24.2405740692
3880.72272635,5.28927633776
3886.01487136,9.64916225356
3891.21004248,3.09284471872
3896.47409797,33.5405116186
3901.68667173,32.6817025481
3907.6248939,8.61550041712
3912.86155176,12.8100939299
3918.10485506,34.9303462669
3923.33887076,33.4482442197
3928.65572715,9.36576894862
3933.94388914,19.5357599195
3939.25858378,38.6362826294
3944.58270144,-18.209094027
3949.7945435,55.8129377251
3955.05294681,39.8121187628
3960.23988891,21.6051264037
3965.47240281,43.7188273061
3970.70801473,33.8423328689
3976.08234453,-6.8550898408
3981.27777743,20.5179934949
3986.56186843,15.137974986
3991.74509501,47.7037185747
3997.12213182,-0.454898940593
4002.32945085,32.6364305412
4007.62090468,15.9255417665
4012.85705614,38.9787545563
4018.10682082,50.9359584497
4023.31520987,39.6672556852
4028.65804529,29.6891805828
4033.95923758,11.3361452908
4039.22854877,21.1543090229
4044.51873755,13.3272922732
4049.73158002,-14.2522395435
4055.00594854,29.9479042983
4060.19205308,16.6430677243
4065.46992803,10.0492720219
4070.76107407,18.2441683591
4076.04411626,12.3450577052
4081.2464242,8.92714738433
4086.54099274,43.5947613947
4091.71239257,61.0488526985
4097.02673483,2.49803534454
4102.25008559,31.488711224
4107.52877426,70.9829250473
4112.73372555,45.8110069485
4118.01397467,51.9637744887
4123.22598386,18.1724568234
4128.48798394,-15.4123427933
4133.78615999,37.8209237058
4139.18870497,55.1114185359
4144.54866409,36.9350922161
4149.78605819,17.2722667522
4155.15994048,30.9156079347
4160.41405869,5.24458715244
4165.77510691,27.3202038712
4171.02035666,34.6215412232
4176.38428688,67.5528372598
4181.59427834,24.736327209
4186.88874054,12.6771209534
4192.08163333,30.951092226
4197.41086984,62.8842478839
4202.6646862,37.3854873261
4208.01233315,33.4382581678
4213.19162273,18.135813841
4218.46871853,42.172915805
4224.26094103,40.8638760391
4229.55231404,33.0297595554
4234.794698,1.8867886779
4239.99806142,66.5964222556
4245.28326607,9.03212126608
4250.49048615,25.1753297132
4255.7497313,46.5446257163
4261.01056719,37.4052872272
4266.37457108,7.01025146534
4271.55906844,49.4956257967
4276.90101552,36.7494264771
4282.14427042,23.4563232447
4287.44910836,6.67374585509
4292.69458771,40.6233059898
4297.98869038,38.8874729642
4303.22952485,39.1591703725
4308.55382848,38.3950699614
4313.80436277,19.3348715125
4319.08789706,15.7932014461
4324.36190176,-1.07887005372
4329.62129116,33.3622205214
4334.89908552,46.5462128371
4340.1092906,45.81525067
4345.43457723,33.4645312272
4350.64955878,28.8594571698
4355.97389364,32.8512080342
4361.17483807,41.1936819678
4366.49417043,22.2972259176
4371.73228407,35.2908668421
4377.07314515,3.7984692286
4382.27926159,69.2245616791
4387.57560921,49.56029094
4392.87096453,25.6542254663
4398.13398004,7.49231991806
4403.40181065,-0.624480954776
4408.67823863,18.1287857924
4413.90250707,52.1087075386
4419.23141551,32.6378477796
4424.48957157,-6.68454526309
4429.79346824,53.388911197
4435.05794978,16.4030914951
4440.31333947,41.5832558821
4445.5596714,18.159674294
4450.80935812,26.0499273386
4456.05917764,1.39422918055
4461.27224946,-14.9933512838
4466.56841087,24.9682454415
4471.75759292,55.4329279886
4477.02190232,63.9046190118
4482.28015566,22.2188262493
4487.54472756,27.9638091149
4492.76737571,24.0411421524
4498.03658843,45.081407224
4503.23735404,44.6926172849
4508.50140429,21.8322019174
4513.74308109,66.3723178298
4519.02275395,-12.3020511231
4524.31404877,48.6573550865
4529.57068539,20.4583939663
4534.87237811,18.7352085341
4540.07650185,48.941554419
4545.93115544,67.7404529267
4551.15361381,59.6906760604
4556.4114449,24.4975143666
4561.59735584,-7.53075323384
4566.84728432,63.1701145609
4572.00831652,3.70622122695
4577.33169317,90.9255458241
4582.54304528,42.8669691713
4587.82434726,20.0880487795
4593.01675582,20.2697352034
4598.28938746,54.634709465
4603.50426054,8.08020534389
4608.80605555,41.4678417856
4614.05816054,61.7989379848
4619.32746482,47.7003055918
4624.72420311,42.1177007217
4629.92442584,39.4263868779
4635.16720128,67.8550806752
4640.4450202,31.167324572
4645.69626212,72.9168590274
4650.9235158,52.0937064362
4656.22386146,44.9631337772
4661.44347906,40.683496272
4666.83748269,35.2848221818
4672.04683352,34.8317385938
4677.40987802,17.9783532383
4682.61299562,35.3285673798
4687.95361948,12.3189042028
4693.20392346,20.4005150698
4698.42184949,28.7024268885
4703.71131921,23.7866097983
4708.96566057,71.4330112385
4714.25175357,19.0893362757
4719.52204752,15.8467519341
4724.80962992,39.4316936142
4729.98492312,8.57203595806
4735.29985499,31.3787125909
4740.57616854,54.3044092246
4745.88859558,52.0788906788
4751.09701896,3.76112594506
4756.39300752,30.5638783538
4761.66807556,10.5154465451
4767.00136924,46.6100818794
4772.19687009,53.7028702436
4777.4870913,46.6251354132
4782.72972012,-3.09144794124
4787.98623872,52.5397050545
4793.19741464,7.02563097744
4798.53200817,23.5972634486
4803.81121135,-12.4702298523
4809.06014204,13.9462375569
4814.31888604,59.8223282312
4819.60180211,42.9373087193
4824.87292194,75.9208288572
4830.12528253,37.1358369159
4835.38262796,2.19839086334
4840.63994813,25.7155849141
4845.96315098,34.4613067789
4851.13518977,45.9997648233
4856.51890945,17.5754118278
4862.30605054,63.8984993898
4867.63624859,61.1485636008
4872.88206124,48.1179723121
4878.17312622,62.7943857278
4883.39605951,72.4982540109
4888.65642977,6.95763546069
4893.92320251,16.9398555841
4899.18533659,34.0122580169
4904.47711396,44.4032402993
4909.67952919,30.3870942429
4914.93713617,1.69824874872
4920.17351985,54.2852490582
4925.45147753,34.9720317896
4930.65335679,29.2145087677
4935.96596479,61.5150406889
4941.14693689,70.349372791
4946.46007776,41.3239306968
4951.65784431,-10.7249685672
4956.96287036,54.6388187526
4962.1398952,41.9702150013
4967.49862862,73.0904973221
4972.70947409,77.9630405505
4977.97200131,65.5185075826
4983.15002036,-31.3694896017
4988.44195318,41.132561016
4993.7091856,32.5273744519
4998.95469069,16.2436333173
5004.20287466,37.8778383025
5009.47950172,65.9796832291
5014.7273953,84.4950485699
5020.00302386,77.4266723373
5025.28529501,11.6010418531
5030.51495409,60.5346390016
5035.85574961,82.4192821768
5041.10092783,71.8091078113
5046.43177319,70.4814564451
5051.6692996,76.0774803265
5057.00350499,55.5722113501
5062.39372611,23.1614277945
5067.63099432,63.4830768604
5072.86056042,19.5631231144
5078.14003539,23.0213366975
5083.35834241,48.6353206801
5088.63021803,60.1237185907
5093.88947272,41.7374148681
5099.120471,46.6103757276
5104.37781858,5.94117195398
5109.597682,57.9591683297
5114.89381194,56.1106777828
5120.13340139,57.8341821457
5125.42169809,30.8518961738
5130.66836476,40.6894615462
5135.98574114,49.626505024
5141.18538404,26.7997347568
5146.52531552,88.1782729745
5151.68919897,69.1902832907
5156.9702003,46.9277214224
5162.1473341,-5.325264417
5167.40538216,57.4287919795
5172.67139411,41.6362605993
5178.02298474,52.6353638434
5183.87488031,65.2552505956
5189.12300491,68.4528412431
5194.37581754,-11.8736065314
5199.58734679,68.365096355
5204.85624123,74.2354423062
5210.09323621,30.87253836
5215.36738157,64.8856407967
5220.59423923,-7.55644319667
5225.85476923,-7.14443300991
5231.09541392,45.7354424625
5236.48047113,60.1570622503
5241.72114921,53.7645631367
5246.99780273,35.7021478947
5252.2045753,33.1538952696
5257.45714664,86.5380457575
5262.71925926,89.9171161897
5267.98481679,50.1249706001
5273.2655251,64.3214386194
5278.56239009,7.4517685913
5283.84781575,69.4163399605
5289.12362099,44.7436549059
5294.36730695,69.4865676688
5299.63186455,39.0076489091
5304.93194604,60.0341836766
5310.1393342,68.8970272844
5315.43534708,59.1484025593
5320.63638282,82.4873296047
5325.94778919,-16.0500810074
5331.15871382,68.7994282352
5336.56616616,13.926246342
5341.74236727,67.7176943237
5347.052917,84.0976558671
5352.26983547,78.824192879
5357.57828879,58.9558857118
5362.80005646,35.4210729517
5368.05749106,64.2249492912
5373.32986856,35.8313403656
5378.59963894,46.0956275352
5383.83080983,10.332175281
5389.12867165,74.3294992064
5394.39859033,88.8509775384
5399.62706327,-30.9681712994
5404.85487318,-13.4860693282
5410.05387211,61.9772039809
5415.29813814,38.8892656695
5420.5515039,55.6050688663
5426.06179833,67.8828415923
5431.26667118,49.9635644606
5436.54679155,36.8454627827
5441.765836,54.4292431821
5447.03445363,79.0907759211
5452.2189002,1.552686993
5457.45535207,31.4058251137
5462.68118286,68.9378593316
5467.95571756,59.1171549081
5473.14287543,39.3959523596
5478.44862437,59.8907362584
5483.71114326,31.211917404
5488.96578217,10.7928775593
5494.24691296,10.3573463115
5500.00837946,62.8643241157
5505.26156449,28.8652531659
5510.4677012,36.7706338289
5515.73775697,-2.77748038509
5520.92035675,87.3502753708
5526.26501274,73.5581089099
5531.45315337,74.3966099356
5536.75685334,69.212639439
5541.96843004,71.6890232059
5547.2170155,59.1348557896
5552.47160339,43.2474974478
5557.72800446,55.9718887957
5562.92456889,41.7071922269
5568.15814781,67.8451957389
5573.42128825,54.677498786
5578.66085434,55.2578105155
5583.92579412,89.0985188087
5589.20591235,25.1685807233
5594.47420883,46.565865935
5599.74199891,97.6470255431
5605.09685111,57.193302169
5610.29148722,28.4392185422
5615.59718204,45.6290396049
5620.78755808,48.4261764349
5626.08172774,77.9423867539
5631.34275866,37.0692998297
5636.66984725,71.1241104743
5641.86675882,64.7672033248
5647.14904499,67.7871134674
5652.37562394,78.0055668957
5657.66155481,37.376311599
5662.86216307,66.5884369216
5668.16025138,46.2770664314
5673.37667751,27.912647216
5678.65543056,51.7295524528
5683.8727355,29.9682496141
5689.14335442,66.9080286146
5694.44234848,68.9115230102
5699.67466092,49.1276794483
5704.98168707,54.9179040076
5710.1981771,65.5271711396
5715.48227739,66.8728064381
5720.77025843,20.3124525647
5726.04983425,89.0022153753
5731.29638553,7.79784143287
5736.59869456,19.9101210627
5741.79678869,22.4227640349
5747.16128373,90.1449398583
5752.39515519,87.5023822611
5757.67586493,78.8355243587
5762.92497396,44.5073468547
5768.22665048,68.9196870118
5773.47418261,75.2968128977
5778.81754518,19.0908570421
5784.06201315,60.2370218129
5789.34283066,11.5892447015
5794.68241453,44.6721686505
5799.89790988,35.2234928972
5805.23617458,27.2417766363
5810.47341728,18.674723868
5816.31162548,80.8605957646
5821.49104619,89.1262158678
5826.93063951,73.8729258307
5832.10648847,78.1779905641
5837.39206123,28.2505906104
5842.6780057,97.2159230333
5847.97660732,82.5146418277
5853.23515725,88.6380234959
5858.49726701,82.6888689786
5863.72121,82.4581154121
5869.02599502,37.5447236357
5874.26233435,80.5847758055
5879.50690913,81.8205686392
5884.76839423,68.8713632209
5889.97509861,106.386705126
5895.27782702,74.3825879907
5900.49274349,73.9289911828
5905.79241467,32.8023838742
5910.991642,96.6617486194
5916.29805756,88.1876747969
5921.50408959,52.6686797476
5926.79303408,-2.13015302576
5931.98341489,32.4446526472
5937.25642681,56.3624799245
5942.47357774,45.409519835
5947.74017382,50.3707149962
5952.94598866,41.4320709988
5958.19008422,34.8061021639
5963.47060752,81.8494981517
5968.71400547,19.8520425219
5973.97777939,91.0367770053
5979.22403026,42.0265713669
5984.46650505,52.4647512175
5989.6693809,86.4619438165
5994.94140887,68.2897320797
6000.18816161,89.9926222349
6005.46121812,55.8110024465
6010.70720315,104.517501712
6015.96190596,68.3517141713
6021.15510964,78.9062198367
6026.51905942,103.046202408
6031.72043443,48.1991244994
6036.96876884,68.7543992458
6042.16948533,74.8760149713
6047.50729251,23.5842918214
6052.77614927,14.377728639
6058.05176616,90.6388640621
6063.27444935,63.5054203719
6068.5487175,72.7363622882
6073.85536289,79.8991001606
6079.11993074,53.5262997737
6084.38428378,60.5630696175
6089.60301089,68.1057539182
6094.91148114,28.0143856939
6100.12845778,90.7445299292
6105.37916231,88.8098799095
6110.61995673,81.1377728765
6116.0391314,40.7583144444
6121.23544002,76.6832290925
6126.5780735,78.4203303078
6131.79530239,74.2239562137
6137.61452293,84.0090155515
6142.8418653,87.6574126604
6148.11517429,89.8756623067
6153.3409512,68.7661694267
6158.6170249,72.2362568499
6163.83972073,68.7167192174
6169.04152393,58.7455917978
6174.34214783,40.0465277615
6179.57013965,92.4430188364
6184.89628029,93.6453071993
6190.11705494,7.99886011308
6195.40782642,21.4499655024
6200.64959049,86.7373795263
6205.95945525,-1.41027412746
6211.22262192,91.1251712066
6216.60483432,40.1979914556
6221.80695581,58.7321440458
6227.10857821,76.0407232375
6232.37224126,72.1079096144
6237.64645433,92.3401754697
6242.87724447,67.7504728541
6248.19108295,66.6165544415
6253.45996833,75.1682996635
6258.70787716,64.9763876746
6263.96153474,84.3490714193
6269.2003088,99.0530267028
6274.40320039,86.476078336
6279.60773277,78.1989967598
6284.90931749,51.2642608819
6290.09075022,54.1657577379
6295.37265754,-6.78120142648
6300.58924341,74.442380156
6305.87281108,72.8590236027
6311.12265444,48.730236626
6316.4246788,100.361106994
6321.66490746,98.6429212311
6327.03293443,37.743953525
6332.27141595,67.5880959996
6337.5813024,80.2715261439
6342.78030491,85.9820856782
6348.01430702,80.2978386983
6353.22713494,58.828964679
6358.47258997,33.7331463626
6363.77395272,70.3882882889
6368.99114394,82.1661678025
6374.19968534,60.8979108993
6379.45061851,72.729749445
6384.74648046,82.0205509529
6389.92973661,63.3191998618
6395.22596049,39.4835804091
6400.43257189,19.201124311
6405.77397895,36.3348383654
6410.98008919,51.9527143655
6416.28454566,36.9954224379
6421.45836067,79.2418176802
6426.76276374,53.0690529795
6431.96602702,39.5073887462
6437.25817585,71.2073036897
6442.50928259,80.7157348949
6447.79236579,78.9778373037
6453.5601697,81.8770903627
6458.78505111,60.2387563439
6464.02631235,96.5665862455
6469.23235416,108.856591518
6474.48352909,70.3350283206
6479.68469286,86.5662305967
6484.9379108,80.0311460405
6490.20551538,45.6774468393
6495.46437001,55.6318222203
6500.69006586,109.633052453
6506.00309682,82.8914892695
6511.20562196,59.8051546292
6516.56989837,18.1592099482
6521.76510429,63.7222939269
6527.04550886,108.11671675
6532.25961494,35.3991627778
6537.56244349,97.5632401183
6542.79842663,-12.2881693251
6548.09710455,48.9884582436
6553.32115436,92.8583090002
6558.59932637,102.862261818
6563.84822536,87.4942338153
6569.12522173,45.9062433479
6574.38948345,100.960365271
6579.64904618,92.5420159398
6584.92471719,106.592411924
6590.21775031,60.6819800425
6595.53469086,21.0780103455
6600.77750134,34.7369685489
6606.04817009,61.2468514259
6611.30711126,93.9325199493
6616.68200707,28.6207332581
6621.87069297,40.7226311934
6627.11559153,64.1731424175
6632.34009886,109.48699096
6637.57639217,108.707537301
6642.81436753,28.5206793724
6648.15849137,65.4888227765
6653.38005805,61.6781594584
6658.62075305,84.2764293838
6663.88530064,95.4901863368
6669.11965013,90.3689615399
6674.37462926,44.4515018523
6679.61445165,60.0349386781
6684.90184617,68.0459507139
6690.12283134,78.8687379605
6695.38845491,84.7271361432
6700.62213612,103.998902357
6705.85699296,93.0789346552
6711.10850191,73.2378238477
6716.41168642,60.8820794925
6721.61457586,90.2788838221
6726.98243475,75.4100835378
6732.18504262,95.6349311127
6737.52787805,88.4511740263
6742.72860551,58.9285091216
6747.99844742,25.2755345178
6753.25612068,28.5744463908
6758.53947759,46.9393103094
6763.82545519,79.453211802
6769.62542439,79.3574108084
6774.88165236,109.078615238
6780.06581998,50.0210820106
6785.39198923,24.2371043761
6790.66956949,65.5852544738
6795.91966677,85.5693693949
6801.1477387,102.346001828
6806.45283937,65.0577223728
6811.65183687,22.1231013299
6816.97980022,49.7705941667
6822.16148019,96.986118319
6827.47077632,93.1043505527
6832.67046332,79.2822106111
6837.95275187,72.7564588291
6843.18128347,31.3655586311
6848.42239356,50.2181291145
6853.63297749,65.2258828459
6858.89744258,71.6401037109
6864.21264124,95.3533067088
6869.45229173,30.6570262733
6874.76578522,73.4552384004
6880.02021027,108.071049426
6885.26721215,111.847571999
6890.46078897,52.9053784758
6895.73104072,79.6714526521
6900.94671202,92.6547288974
6906.22973061,90.2402037038
6911.46155715,26.6102242805
6916.84612656,54.4217785745
6922.05523944,115.94861855
6927.34371138,91.5332102488
6932.55685997,95.805902358
6937.84741879,57.2628320725
6943.04531646,89.3401711243
6948.30994725,92.4589612747
6953.53265762,80.3152741181
6958.84677649,81.2525743552
6964.09244919,97.3551383559
6969.34131789,36.6442811863
6974.65620279,66.3913267777
6979.86193943,73.9064433295
6985.1149056,77.0770636783
6990.36789536,24.7152307455
6995.62005401,54.6569517305
7000.81948113,69.3294805832
7006.12264252,96.4447381027
7011.32571793,40.3976886539
7016.61559224,93.962091551
7021.77761173,102.483647879
7027.10761523,96.9004010594
7032.32783556,91.2783115979
7037.69474077,62.936035246
7042.97362614,58.4046378844
7048.23445773,80.2263282461
7053.46164942,103.494451029
7058.71672583,94.1965552389
7063.95300388,103.625709784
7069.2640934,30.108466256
7074.5975697,91.5774280487
7079.82131958,99.4562599824
7085.09748125,103.844366737
7090.9018364,96.6062311384
7096.23919678,105.009495796
7101.44283319,89.3294895187
7106.79061651,85.1170050348
7111.98438644,108.419731934
7117.35934711,68.1940638348
7122.55611324,113.897300889
7127.86035538,94.0107371005
7133.07278752,109.4921782
7138.3605125,101.166652051
7143.60177183,65.7204888558
7148.93040419,91.2704577973
7154.23401093,76.9049869803
7159.46278906,80.9726829177
7164.76887608,48.4019425096
7169.98846459,47.9092829428
7175.29880166,83.6444362093
7180.56697702,99.036558594
7185.88469195,114.292700939
7191.1252501,65.5264406967
7196.49253225,79.9275497456
7201.68950629,84.3169400452
7206.95419335,93.906233408
7212.12925076,109.787714491
7217.45820522,111.795949508
7222.69391894,73.8514656166
7227.94049001,107.259315084
7233.14770341,88.660446089
7238.42365694,91.9279295361
7243.64040232,113.193891991
7248.88337278,74.1262640068
7254.10255551,75.3421548699
7259.39178157,120.396920717
7264.70243645,116.635956622
7269.91459584,85.7343096095
7275.13491869,85.8408124183
7280.36645055,69.1497379604
7285.6381247,70.3585284548
7290.85319924,49.3016080689
7296.16489911,76.8031075295
7301.38251352,106.249247986
7306.66843891,35.2733716955
7311.88624382,128.449265787
7317.26943755,33.0681894283
7322.47712779,26.7521639512
7327.78679323,62.9180066617
7333.07634187,18.6775391081
7338.30427003,45.567938305
7343.60486484,101.545251935
7349.08626151,74.5011369991
7354.31783128,43.0942071996
7359.55436993,106.828459515
7364.86757231,104.228785736
7370.11218905,18.0099622274
7375.42307854,106.022195591
7380.68219566,79.3706292837
7385.96759939,115.990602627
7391.18104124,42.7643722535
7396.50505018,96.2872092144
7401.74247718,100.43902878
7407.63182855,108.946546128
7412.89818883,19.0183564843
7418.16816783,73.3259001227
7423.44127202,49.3498547432
7428.68353033,112.026123533
7434.0091598,100.666393671
7439.2848177,103.744335059
7444.53945613,96.0342699541
7449.7850821,107.930461731
7455.10694599,72.150746245
7460.32898831,52.7012471925
7465.68033385,104.602963756
7470.9038372,67.9025049045
7476.15852284,83.4782452837
7481.3627553,71.9083887504
7486.65491438,45.7436244204
7491.86240482,61.6927485892
7497.28188419,82.237168934
7502.53692913,37.9649566986
7507.84314466,112.445371332
7513.09730816,59.6886240827
7518.3786118,79.1419369602
7523.65722632,106.623098522
7528.94218183,92.2714324751
7534.24145889,90.1626882228
7539.51891232,83.3256632281
7544.82065368,100.146404128
7550.22875619,96.050040559
7555.53161836,73.1998492706
7560.74833584,103.242580675
7566.0119915,99.0756481238
7571.22676706,69.3777028454
7576.47024941,89.7472357958
7581.72028852,83.0161692834
7586.9888382,101.876901635
7592.19575167,98.1582399225
7597.56791568,106.737683445
7602.79794264,81.4080515832
7608.08317852,76.7186107
7613.3212564,92.4181835704
7618.59908891,102.317391473
7623.86581159,84.9086715313
7629.1319387,61.4676746735
7634.42624974,113.157538707
7639.69261551,103.611686709
7644.98277903,102.477526696
7650.20963788,67.9152293806
7655.50575542,74.8526139563
7660.73125148,42.9791305596
7666.10995078,54.3247201704
7671.33883905,92.0227212765
7676.61846232,27.5521466284
7681.81541824,123.594090007
7687.1301887,88.4992594634
7692.34778285,77.2085872021
7697.61987162,57.4913489701
7702.91051507,48.337436815
7708.24439406,118.294484949
7713.50498295,84.5472738748
7718.74644709,88.6493986331
7723.99605966,100.663829989
7729.81872368,93.4585828201
7735.08175087,61.6345576054
7740.2982676,105.204452431
7745.57372475,97.9492622572
7750.80178499,76.4257592334
7756.08488464,41.7217741509
7761.35959101,98.8450063801
7766.64367652,64.7277849135
7771.86099529,102.653760859
7777.15587425,100.320641694
7782.35393834,106.091378617
7787.66796732,109.288716163
7792.87597132,101.928446811
7798.17774987,100.600725224
7803.39936852,102.862198831
7808.65623188,77.0855363392
7813.92719293,97.1691788241
7819.22589064,99.996894625
7824.45405101,123.309565497
7824.45405102,123.309565497
7829.67910933,50.7135931455
7834.95345569,89.2752142946
7840.169595,35.4643237864
7845.52646279,82.779099257
7850.77055693,91.3348191992
7856.08176851,105.81962745
7861.29423022,88.536360928
7866.59921241,80.3965881044
7871.80357456,42.4028153469
7877.07280064,56.0413034485
7882.38214207,35.4706089871
7887.76616383,85.8561110787
7892.96824837,46.9730733432
7898.29803395,71.6167680742
7903.55361462,87.7631978263
7908.82651472,116.133704338
7914.15358734,103.18382068
7919.35623384,69.3941929457
7924.65796304,103.636193166
7929.91604972,106.120076285
7935.18863559,73.9539812946
7940.41437316,98.0907707977
7945.68098998,88.5245787095
7950.8910706,37.8922817648
7956.2282598,103.018493818
7961.44345117,99.3841829593
7966.73444271,85.3732748345
7971.91899252,67.0789911087
7977.32848144,89.1373390252
7982.54337811,32.0706989533
7987.8316164,97.3359463178
7993.06934738,94.3341977401
7998.30509329,38.1947868361
8003.5381546,38.5487198745
8008.81129408,79.6228921327
8014.03210735,102.111729679
8019.30381465,106.780339919
8024.60333538,66.5883459743
8029.81654096,93.6492155732
8035.10485387,77.272679561
8040.33151484,51.4622052
8046.20362544,41.363966488
8051.39009595,73.6156545309
8056.72431231,68.1516724388
8061.92854667,112.129115326
8067.23102403,44.1265747044
8072.488271,107.73175087
8077.81070375,93.5851220187
8083.03369355,25.4778517826
8088.32917261,103.724201072
8093.52178288,44.3084702378
8098.75222611,97.8147005531
8104.04272509,91.8336375644
8109.26468778,118.588047588
8114.52003956,71.2729863225
8119.74839306,73.2063811576
8125.07782793,59.6673811536
8130.30152893,89.1354330758
8135.59472132,81.4799182931
8140.80223322,115.820544804
8146.16153836,104.382325966
8151.38365698,105.50629531
8156.64426708,106.031441357
8161.83498764,87.0775280339
8167.09683847,55.6492828327
8172.29702568,31.1436366112
8177.55085087,70.0781944248
8182.78558826,80.5067722658
8188.09261084,99.7452453383
8193.32355309,109.573594689
8198.6866982,118.101719638
8203.96257496,47.3056097862
8209.28924561,63.5277191163
8214.58889866,89.273309643
8219.82103062,40.1457438788
8225.11836839,114.505814338
8230.36487174,45.4154041179
8235.66098261,103.145163302
8240.97874308,74.9192252273
8246.28413701,108.449745752
8251.50363111,71.7368736858
8256.83664846,63.2176301214
8262.03357267,58.9034842135
8267.35986304,77.6726482163
8272.56520939,65.4243936549
8277.86332369,27.6969839015
8283.10636592,34.7286376604
8288.43433309,45.5371232871
8293.64126253,16.3931857372
8298.89669585,14.1577198805
8304.19787669,71.3596952784
8309.50571656,97.8578335811
8314.74129081,122.871874641
8319.95845103,71.9975837035
8325.23329425,3.16964381691
8330.4338181,90.2656034292
8335.77158284,108.382348182
8340.97926116,93.0124807966
8346.28037715,106.250990484
8351.48455119,38.4815390412
8356.76669478,64.4616985209
8362.58207536,89.2003844878
8367.87994409,114.129634143
8373.16861773,93.3982690306
8378.44393063,36.8266558759
8383.71135926,114.876232662
8389.02861667,94.7116806583
8394.34041524,101.05761941
8399.58801889,75.5426710149
8404.9864583,115.705978786
8410.24874568,91.9582241037
8415.49764776,27.8164438759
8420.72318077,105.274005592
8426.03723216,59.0404515766
8431.23194933,57.1267970229
8436.60358381,104.678081661
8441.79299593,82.0690093475
8447.09845757,96.4377853933
8452.32135296,127.915814187
8457.56960559,66.988134914
8462.7965374,93.2685823828
8468.0988996,111.529103313
8473.34363389,98.4093175741
8478.59634924,96.6121084795
8483.81998873,119.379961845
8489.08544254,116.19345365
8494.4111979,99.3147205707
8499.65849733,105.728981341
8505.03816271,65.8377007656
8510.25185084,83.2591827193
8515.53443074,92.3741170197
8520.74376202,81.8544052747
8526.04987884,87.7438975774
8531.25221395,97.7511914222
8536.53585219,94.4049867712
8541.72394967,116.226684703
8547.01199722,84.0044896963
8552.20733666,77.7629358241
8557.54579377,90.4084318255
8562.79509568,103.254272417
8568.05380893,63.6649979573
8573.27994084,89.2158875478
8578.58712387,85.0524934348
8583.81889844,28.7283362416
8589.12519813,85.5367582218
8594.39429426,62.8708147892
8599.59116173,84.2805469152
8604.93438125,88.035869303
8610.13860917,88.8334858346
8615.38025641,87.1952414918
8620.612221,56.345398089
8625.93593335,69.5888709088
8631.1590178,84.7913903593
8636.4614296,101.962877221
8641.67808938,113.585402138
8646.99196076,115.213933215
8652.1678431,77.153056233
8657.4814105,69.1077755771
8662.77898765,99.4209969135
8668.05176163,77.4553110903
8673.29575133,49.6374434287
8678.65823054,105.195212639
8684.51330686,23.3269669591
8689.78651285,85.3035285151
8695.15184736,87.48003746
8700.36358786,101.603131071
8705.65240526,111.426441548
8710.86499834,105.872727052
8716.19631815,104.209595409
8721.4269433,77.6578962892
8726.74019027,96.4621568227
8731.94264603,104.664704916
8737.35157013,89.4983270496
8742.56691098,128.679917283
8747.87239218,107.738987844
8753.11508083,100.401849467
8758.40620518,68.8442585243
8763.66114402,101.686232051
8769.00403023,98.400390331
8774.26099873,113.810102291
8779.53382659,40.4108635196
8784.76841307,97.2504247531
8790.0405581,104.842048616
8795.24378538,117.116220446
8800.47820497,94.0153184999
8805.76901293,72.6954044697
8810.9851768,100.855496409
8816.26457906,89.9470001769
8821.50154185,99.7277125891
8826.82900071,107.714160656
8832.01454473,122.276594493
8837.32622075,119.726571932
8842.56257725,93.2241691023
8847.86318588,99.195707901
8853.12613606,105.769436908
8858.38329697,109.522529728
8863.70161891,100.287415323
8868.97460508,95.4470154307
8874.25191545,132.014828778
8879.48007035,42.604708016
8884.77358055,46.7719943937
8890.00339818,105.781309876
8895.34474969,52.4064385296
8900.68074369,95.0532280966
8905.98604226,60.9780810222
8911.27372169,115.062615581
8916.65401053,110.074771905
8921.86708522,84.5292045064
8927.19600153,111.946943739
8932.41113091,81.4566100785
8937.70918512,79.0088040752
8942.93800044,111.003810298
8948.288414,41.0877607555
8953.50662208,28.6627607724
8958.81948662,70.60290453
8964.06851864,119.538897011
8969.34727573,47.5300800365
8974.5733676,72.617309514
8979.78642058,140.088600929
8985.07458138,120.427081541
8990.3469348,56.5759818577
8995.6751411,111.441978232
9001.42980742,114.010382261
9006.69967246,104.208240706
9011.8908484,111.621097809
9017.24566889,103.424242493
9022.54577827,84.0504031872
9027.791749,97.6394104857
9033.00378942,83.3656044612
9038.25705147,47.7456448923
9043.44931293,102.224774772
9048.68709898,101.172333522
9053.95933914,31.7850373432
9059.19732141,120.045173151
9064.49527264,81.3142459469
9069.70873547,57.1440574522
9074.97223306,124.632361816
9080.20840859,127.680804682
9085.60681033,117.136231918
9090.80040264,98.5029250551
9096.10446048,97.4445643467
9101.28817129,94.5502171057
9106.59038806,114.935147595
9111.77199984,108.665632973
9117.0603478,99.3716595427
9122.28446078,113.239218117
9127.6301291,80.2194302665
9132.87633801,83.0935687247
9138.14316392,96.6783444147
9143.38190532,101.918888742
9148.64547849,105.491204655
9153.84357047,110.04824169
9159.08196211,112.231639835
9164.33631611,46.3346183182
9169.60801291,77.0122614144
9174.84804177,112.7378038
9180.09464669,109.720595973
9185.32403994,125.780178457
9190.58997774,109.700231708
9195.95556211,88.8643492512
9201.16825843,82.4546878064
9206.45546985,118.174572326
9211.65610123,42.6772675885
9216.92887282,90.1161734791
9222.14599228,95.5890953898
9227.45686293,27.3250797128
9232.68024111,80.3190406188
9237.89845324,110.452317742
9243.10476232,97.2693246848
9248.37153482,39.7149570389
9253.59176016,61.1590251427
9258.90767956,109.203134128
9264.18467307,98.2685878021
9269.44585085,82.3003548639
9274.68772793,110.074782091
9279.98544717,125.851849973
9285.24671507,84.7619439182
9290.46541953,116.980257424
9295.71962571,87.1854904118
9301.01674247,96.2922077386
9306.36467123,107.612842483
9311.54578114,105.517893274
9317.44501042,107.901581596
9322.8490212,118.111307141
9328.15736151,64.8659360109
9333.39889574,31.8164327202
9338.77767205,70.9782904477
9344.0419476,74.4130473363
9349.28191161,100.976639153
9354.60195637,110.92751879
9359.82836938,108.950158924
9365.10903215,96.5723445727
9370.32608056,86.5445305158
9375.62894654,100.06272862
9380.8231163,61.6183257993
9386.14953732,19.818464073
9391.36271119,114.245480396
9396.66474056,101.908257775
9401.86809587,128.319158403
9407.16726589,128.474377984
9412.38805199,56.2812237222
9417.68502402,89.6499623559
9422.89174509,108.586533962
9428.13714433,87.2254491583
9433.47186017,116.934799528
9438.73322082,103.611387148
9444.00513291,37.6070487006
9449.26563835,98.3282419306
9454.51100898,47.0869042267
9459.73438096,120.203344956
9465.0116961,108.541577589
9470.23523426,109.052993098
9475.50904655,79.6130657738
9480.77813554,79.6649404337
9486.01084065,105.916703002
9491.24753642,73.7450199478
9496.5194006,110.773726025
9501.68093872,115.762419367
9507.0044589,91.7714137737
9512.24606705,72.3746585248
9517.53282189,41.412806988
9522.82067823,122.873821105
9528.10626912,75.849398916
9533.35577893,91.0579388742
9538.60488296,83.8898563129
9543.81464529,87.7444196029
9549.11829901,54.8264158162
9554.37641168,63.1998405029
9559.61518764,83.3794726998
9564.9870398,79.0178488802
9570.19873357,80.9703627107
9575.5262053,68.2543209086
9580.72087693,105.973177125
9586.01251054,124.331671783
9591.22632074,111.87077627
9596.54171753,48.3665998609
9601.72203445,96.6334944423
9607.06256008,54.5669246826
9612.28500748,107.506550927
9617.55660033,92.9396137409
9622.81732512,90.4525937591
9628.09363651,121.205228294
9633.29938269,106.287261502
9639.15394974,87.6783932846
9644.46361971,101.622091955
9649.70922804,72.8623884384
9655.02088499,47.7925304286
9660.23792648,111.458942013
9665.5558567,69.5040516786
9670.81103373,108.701388662
9676.18774319,40.9909275979
9681.37225723,61.9617395419
9686.70817971,125.460355714
9691.89400911,46.6408449332
9697.20880175,110.73554623
9702.44946051,83.6080402336
9707.73962259,81.0943901265
9712.96568441,99.3637287214
9718.22576213,63.5773783342
9723.42412305,73.5727077329
9728.70593071,121.439854385
9733.90752292,91.302135976
9739.13322091,74.5041275101
9744.35180163,49.0105121376
9749.71130323,123.275383073
9754.95048666,98.8845947264
9760.14716172,105.626346928
9765.38692999,91.2340844097
9770.61656475,86.9704912434
9775.85845327,88.9601917983
9781.07442498,103.000967683
9786.37351155,121.686101303
9791.58021545,32.4227181312
9796.92488122,111.781959486
9802.11746669,104.057936076
9807.38867497,108.753064485
9812.62834001,99.3983313483
9817.95865941,100.66730065
9823.21818113,108.054346835
9828.49000359,102.969843832
9833.77777219,64.5991553892
9839.04639626,81.660014702
9844.38482308,120.673545698
9849.60494089,110.646773587
9854.88393974,107.198162729
9860.08585453,70.4659740923
9865.4293642,106.491648309
9870.65149426,82.7028661719
9875.94590306,84.863614109
9881.15286589,96.3769187203
9886.40431261,61.0538676974
9891.61519098,131.458470633
9896.94371367,112.160770967
9902.13314009,110.22715472
9907.45589113,106.796925607
9912.75671053,112.146900371
9918.03587818,117.775355223
9923.30760622,108.995872589
9928.64584994,111.742168089
9933.89262795,132.937234554
9939.19815469,117.828223366
9944.56389618,105.887891824
9949.7760179,71.4566851325
9955.735744,104.420782002
9960.94150972,101.95379419
9966.27119875,138.840399188
9971.49487209,138.451374601
9976.78992081,32.4930254507
9981.9685061,89.5114235791
9987.31631064,121.467256581
9992.51129675,72.4005927384
9997.72426963,80.7468074487
10002.9573674,64.9944501148
10008.233882,114.798470528
10013.4962296,82.064282287
10018.7795908,115.996906926
10024.0267,86.7156383832
10029.2926972,103.281395156
10034.6719358,96.3623797072
10039.9684331,112.951193692
10045.3272874,68.0628660033
10050.6104441,91.0608670887
10055.9402134,108.50881893
10061.1234887,72.7053511292
10066.5115273,102.216852966
10071.7148347,137.610392406
10076.9826059,109.993245637
10082.214345,65.6451062552
10087.5624409,96.3274490873
10092.761528,111.584103333
10098.018769,40.6538761781
10103.2278466,105.875344785
10108.4959977,85.9604857072
10113.7163174,100.841635265
10118.9832766,84.3790722901
10124.263159,125.662576762
10129.555068,69.927334505
10134.8449283,95.0607471419
10140.0656569,87.6412757735
10145.3203216,77.4943463944
10150.5545619,102.2849367
10155.9456904,109.770890357
10161.1738999,50.5042834618
10166.4743237,44.7298522202
10171.6568413,118.371247339
10176.9990411,98.194421037
10182.2832522,48.6681034985
10187.5924222,65.7649485196
10192.8032055,95.4941612349
10198.0936906,118.862342741
10203.2918,83.8946961941
10208.5704229,82.2773596984
10213.7906215,116.724297432
10219.1511328,113.965259172
10224.4517899,86.036500102
10229.6767433,95.5145897284
10234.9982367,29.7602910312
10240.241066,65.9208675023
10245.4950564,117.660264025
10250.7138467,10.6655269382
10255.9954121,58.7740596122
10261.1958752,120.549219949
10266.5049922,125.095474379
10271.6971641,91.0713791782
10277.5065739,91.4282450512
10282.8442459,29.1251001914
10288.1567674,22.7991575851
10293.3806188,105.807816407
10298.6688075,91.9142154016
10303.8727486,108.679621339
10309.1245081,108.047035958
10314.4683757,104.43502029
10319.7594111,114.382011746
10325.0682321,64.4095559558
10330.3273871,125.682586356
10335.6890576,99.2501107648
10341.0409739,32.0599408399
10346.3428819,76.3780041428
10351.5614147,67.0053005564
10356.9202657,123.529353577
10362.0906518,110.846099529
10367.4896808,119.523087605
10372.6934099,26.0972615763
10377.9580064,87.8487692651
10383.2492247,117.308744146
10388.5435216,93.1138640574
10393.7612927,88.7851958971
10399.0298822,96.9657848375
10404.3679247,57.4389334258
10409.5711744,69.7965167574
10414.8793459,114.346686554
10420.1194906,125.455310967
10425.4446633,73.9663659137
10430.7033775,107.371029957
10435.931459,99.8656122154
10441.1449327,105.050259206
10446.504885,103.867168459
10451.7980707,110.335459781
10457.1257439,109.089875182
10462.3658068,106.033491228
10467.6154921,117.131467941
10472.857753,88.5265730407
10478.1792107,108.673855814
10483.3805146,132.058371676
10488.6480742,39.4632263513
10493.90012,103.162216893
10499.1517012,69.3957216219
10504.4045367,105.30866348
10509.6666379,123.463121369
10515.003921,126.8146977
10520.2339435,54.5189424651
10525.4992425,72.1632965055
10530.7720747,79.0050415051
10536.0503199,72.6755329453
10541.2608821,118.620327452
10546.5609884,105.625302103
10551.7531497,112.375350218
10557.1225317,34.2813903428
10562.3220723,105.560949961
10567.6423659,103.864475026
10572.8702002,94.758646363
10578.1452091,89.4364017475
10583.4261491,92.1021475453
10588.6637061,36.9157701944
10594.5110331,128.4890249
10599.7434676,109.056254783
10605.0778496,114.805123935
10610.289645,140.481560029
10615.5227005,118.153787626
10620.725945,109.781466319
10626.0230427,70.8413980972
10631.221791,65.3494286976
10636.5618751,122.229304356
10641.7985303,109.088642813
10647.0954413,94.4557917924
10652.2925913,110.895743455
10657.5853806,90.6584417426
10662.9082503,106.321922745
10668.1582632,97.3717895403
10673.3958616,96.9256066896
10678.7264237,107.65693445
10683.9939618,134.908738123
10689.2307386,131.417519117
10694.4507711,109.969288648
10699.6623347,74.5406915424
10704.994112,51.0030029771
10710.2087448,67.4535931484
10715.5304179,107.106345078
10720.7903724,86.4673559581
10726.0947104,128.177116497
10731.293354,114.446825461
10736.5787196,131.061962951
10741.7907374,124.453079965
10747.0704169,85.5725298777
10752.3416715,85.2102080444
10757.6970582,88.4830711322
10762.9886043,78.7654338347
10768.2452202,105.003416404
10773.5472782,115.597565271
10778.9361243,129.784940604
10784.2881064,129.590902899
10789.5319729,109.187312909
10794.8791165,142.222962689
10800.1022301,87.108172302
10805.3342679,81.6428011633
10810.5408092,132.423137222
10815.7637932,74.4145855756
10820.9924686,91.9550007033
10826.3399336,93.0838001367
10831.5410826,99.7209093805
10836.878166,69.4948985849
10842.1241512,140.289918131
10847.4669607,68.361660829
10852.6543496,110.534734805
10857.9356444,65.8086804404
10863.1856158,103.927566779
10868.4416099,41.8509334122
10873.6539044,80.5144157526
10878.940814,106.569856757
10884.2343233,64.8706947052
10889.5166936,92.7895921282
10894.7689848,99.8972581594
10899.9461997,122.75558619
10905.1970134,106.142260069
10911.0155723,112.661024076
10916.2725532,70.3008336972
10921.4749491,110.484921368
10926.8103411,122.373285768
10932.0268793,123.493283643
10937.2849085,101.696957034
10942.6359496,109.460898232
10947.8647399,109.935517108
10953.142117,27.1276375277
10958.3759384,50.6915886644
10963.6862319,138.648957627
10968.9529686,81.9775378116
10974.268023,115.413402641
10979.5039411,116.011375541
10984.7897158,55.908379026
10989.998776,116.865019178
10995.2460918,104.120262054
11000.54971,115.293100326
11005.9211948,113.832037269
11011.1108687,131.174265998
11016.4971218,42.3330430709
11021.687135,88.5530093275
11027.0564203,112.031939764
11032.3682489,122.660612837
11037.6611025,56.9228781019
11042.9096653,114.001656125
11048.1407807,100.556200555
11053.3532817,85.9608347858
11058.6767471,106.064138933
11063.9045839,93.0737409862
11069.1944523,103.709278754
11074.4166191,122.553240102
11079.629806,55.06413451
11084.8891594,116.921638513
11090.0783365,64.0486647798
11095.3718901,106.973890144
11100.570261,32.3764498512
11105.8832719,70.3928768176
11111.1695931,109.683583976
11116.4337533,81.628599865
11121.6272779,121.885772066
11127.0624602,117.958023596
11132.2583244,116.147340846
11137.5322142,107.068677709
11142.7327724,105.643549962
11148.1117849,67.7991983987
11153.3438652,112.568758185
11158.6568534,115.106307952
11163.878691,89.3898816372
11169.1382716,109.192270884
11174.4519086,106.738466152
11179.6736858,53.1927331083
11184.9795039,88.0933763613
11190.2184448,125.865858533
11195.4549239,54.0485557693
11200.6859171,99.4050159463
11206.0531204,131.71470169
11211.29862,127.334915334
11216.5883458,131.333853163
11221.9085023,98.9095463057
11227.2358236,115.580841158
11233.0205777,110.110233108
11238.2919581,133.011510435
11243.5415235,128.509734336
11248.8300705,108.281113441
11254.0563543,112.481766346
11259.3037372,101.60653221
11264.5766938,117.183422103
11269.8301435,98.0719700479
11275.0763035,116.940815607
11280.2845378,106.019137006
11285.5819428,119.175027499
11290.7668021,86.0813277373
11296.0720339,133.713129009
11301.3518701,105.147154703
11306.6746857,67.5454857699
11311.857296,126.607607394
11317.1466825,123.939227935
11322.4066656,129.977218973
11327.6559489,123.558442078
11332.8724797,40.7257011108
11338.2022521,55.2386742944
11343.4103653,102.719697234
11348.6907105,113.344402317
11353.9517264,121.749889078
11359.2086523,127.41230108
11364.52983,130.319718843
11369.7780354,53.433922794
11375.0409029,126.867848103
11380.2399342,132.975624027
11385.5005791,81.6405794518
11390.7204342,125.68781818
11395.947808,61.8174396316
11401.1992991,128.040908169
11406.5419192,107.971633499
11411.7725904,89.7474970655
11417.0419643,118.187777235
11422.3067603,121.822477424
11427.5911088,122.987675306
11432.8146896,77.1949987338
11438.0914702,104.593503344
11443.3601751,130.758972452
11448.6340845,108.380370961
11453.8632796,78.7682115756
11459.2011027,124.51548189
11464.4602916,15.2293913579
11469.6934183,106.06716299
11474.9611831,103.105399724
11480.2078292,137.050147308
11485.4331551,119.756318424
11490.6919494,112.018485598
11495.993562,79.9740488276
11501.209435,118.371673721
11506.5583599,120.596104699
11511.768611,123.541396111
11517.0422187,121.830047275
11522.2866647,72.7727505804
11527.6380939,124.659606933
11532.9012423,105.783256261
11538.1971152,113.492004978
11543.4433618,109.086758276
11549.2994421,131.425767566
11554.6589098,119.374283866
11559.9441543,125.540409883
11565.242244,73.0733288032
11570.5527899,124.944539267
11575.81164,130.962939901
11581.0116327,50.1961148391
11586.3413129,52.7702275736
11591.5432208,107.567054093
11596.8061769,91.8639357465
11602.0546708,109.100253467
11607.3890295,106.932552517
11612.6211417,123.69699959
11617.8767922,55.0092993641
11623.0882678,113.581450895
11628.4067729,144.630071165
11633.6545334,126.231005493
11638.9189496,93.1866825212
11644.1784024,131.653983209
11649.5178087,85.4638400447
11654.8631699,67.2529347501
11660.1099966,95.2725305022
11665.4397595,91.3250193485
11670.6924844,113.959692875
11675.947932,97.581502819
11681.161629,114.676212864
11686.5072773,73.2551496628
11691.7015874,57.8540881995
11696.9727104,101.899163178
11702.1552746,50.5321679102
11707.4154122,64.7917381077
11712.6569395,114.732067436
11717.9704659,112.249519733
11723.2138696,125.518453221
11728.5256619,101.745372114
11733.8059359,120.798485575
11739.0589118,96.5143509551
11744.3561866,72.9036571259
11749.6004438,106.96559142
11754.8222725,92.6229716776
11760.0413592,96.445312437
11765.352345,100.750616493
11770.606874,54.3399508663
11775.9031925,136.513880214
11781.1692004,100.70056562
11786.4900849,104.255349878
11791.6982808,111.696265047
11797.062247,86.1163171136
11802.2615218,113.506904594
11807.5604658,85.6271286661
11812.8358786,133.519233922
11818.1374044,96.0548210417
11823.3746896,95.5856437821
11828.6701856,123.575091106
11833.912102,121.995786864
11839.1904256,127.076309108
11844.4278882,135.418782405
11849.6534989,113.08298298
11854.9301326,106.65939607
11860.1734324,119.510098556
11866.0657859,55.686000238
11871.2598774,93.5711350466
11876.573209,137.791772837
11881.7660513,125.059476715
11887.0746014,74.8106082507
11892.2791612,122.308800814
11897.5269651,130.454593929
11902.7440257,110.985378781
11908.002605,110.394795029
11913.2076871,143.006164842
11918.4546995,131.492604897
11923.7139816,82.3693570156
11928.9536645,109.663100143
11934.2337055,92.9177925207
11939.51826,105.896984161
11944.7631414,100.448091882
11949.9798698,93.9078548009
11955.3262591,126.509139103
11960.5977907,84.4696073321
11965.9392028,103.487025822
11971.1427786,109.308078601
11976.5367329,110.96711024
11981.7483146,-9.99304594367
11987.0261514,85.0902770081
11992.2264183,114.616356192
11997.5131693,118.562771047
12002.7904146,108.727536376
12008.03179,136.127626442
12013.2987256,141.92423038
12018.6102276,73.8901155107
12023.8208323,130.434777927
12029.0750237,116.937746744
12034.2929387,99.3885904052
12039.5147893,68.3113121682
12044.8276453,117.69217569
12050.1011908,105.931749294
12055.4193594,102.151533604
12060.7058518,89.6351178319
12066.0588036,84.8576222667
12071.312978,63.1910403226
12076.6725774,126.217952843
12081.9210856,92.9268666092
12087.2752752,116.631144
12092.5006497,109.606434328
12097.8683355,139.6164113
12103.0743787,124.85515874
12108.3334308,114.185060006
12113.5700028,93.1139191291
12118.8414443,104.598910166
12124.1134646,137.435743651
12129.3776693,116.706317502
12134.6906726,43.6417953874
12139.907506,60.6251492397
12145.297962,64.8860567838
12150.4705858,114.86034605
12155.7327533,119.825169922
12160.9548535,53.7324060416
12166.2307467,59.9745911243
12171.4290497,101.492008668
12176.7209923,117.191700799
12181.91026,131.717098811
12187.8288236,96.7746140168
12193.1186156,122.32929119
12198.3557363,109.704643558
12203.610254,105.229833297
12208.8957629,116.805302697
12214.1617711,95.1203963509
12219.3957009,96.5716796988
12224.6545556,111.051491695
12229.8524911,102.285335768
12235.0957212,122.90798989
12240.3163466,109.811802091
12245.5838695,115.943073489
12250.7997949,128.080323255
12256.1029055,128.538119122
12261.3072689,106.379819316
12266.6377134,120.055887287
12271.8131871,85.0492462686
12277.1017828,86.0352552454
12282.308069,131.811201923
12287.6426971,72.0359691784
12292.8612857,100.243175049
12298.1241221,119.379761095
12303.3664246,49.6751689634
12308.7195714,124.294806807
12314.0109751,95.6303371613
12319.3891945,116.382790508
12324.699383,119.840988303
12329.9213471,126.088125137
12335.1583374,38.8936050506
12340.4174023,121.593148833
12345.7577467,77.4447509366
12350.9911706,114.160636196
12356.2538176,134.408538889
12361.4981134,116.238406835
12366.7862663,109.014619487
12371.9601705,84.6540144545
12377.3530433,124.373803105
12382.577229,110.059873855
12387.8259723,92.2885592024
12393.0917211,126.34306894
12398.3819044,132.304271075
12403.6064467,101.020109283
12408.8649225,124.266533947
12414.2201617,119.546332546
12419.441133,112.174607596
12424.7411139,83.9893040202
12429.9339583,115.582263466
12435.221195,106.333137445
12440.5027535,96.1611751082
12445.8224273,107.130636469
12451.0849581,61.9489950616
12456.4416292,94.5894119338
12461.6565921,128.977555508
12466.9428947,110.028974721
12472.1822429,125.821765059
12477.471271,93.4441283723
12482.7190368,85.7292394669
12487.974221,94.2001580908
12493.178055,127.773242033
12498.4199939,108.888189299
12504.1955142,132.808121004
12509.4469495,130.771303199
12514.7460701,120.992249941
12519.9735179,120.604500745
12525.3967667,126.724246276
12530.6124976,108.897368612
12535.867337,54.1492243374
12541.0978198,101.471157715
12546.4526217,129.17708676
12551.6500604,104.112637989
12556.9531968,78.1468192177
12562.2089667,38.3524192072
12567.5222683,127.546757808
12572.7517388,-3.59235101564
12578.0638704,127.124312047
12583.3344989,89.3807608711
12588.6118772,130.493683985
12593.8141351,96.2659333194
12599.0717127,120.927106291
12604.3307145,119.435328638
12609.5437896,117.846330689
12614.8711765,120.970917932
12620.0828741,132.086032821
12625.3380134,83.2355416399
12630.5494061,112.774085848
12635.8478103,93.8450638834
12641.0875609,113.688201283
12646.4540138,113.994989048
12651.7021494,120.237079201
12656.9799712,125.595529261
12662.1843181,104.815124017
12667.5644684,111.729350172
12672.8121166,133.899393202
12678.0806811,118.53132503
12683.3594472,112.638722858
12688.6480246,61.8613331182
12693.8939736,130.886217577
12699.1502128,107.128043711
12704.3988895,118.216591971
12709.6126857,115.532961932
12714.9606123,117.406430009
12720.1662152,106.058919155
12725.4169531,105.02706174
12730.6532333,95.0616702227
12735.9777157,39.0623853492
12741.1716166,111.426163644
12746.4383721,119.929611005
12751.6280832,117.473589459
12756.9360986,134.030511565
12762.1602123,62.8270344758
12767.4822218,126.304881853
12772.7275007,113.665822272
12778.0108933,131.543308731
12783.2271082,114.409112782
12788.5614555,43.9317895592
12793.8263638,117.442847845
12799.1578114,115.431045517
12804.4931712,135.203215913
12809.7916553,115.18449807
12815.0862601,82.9834814094
12820.3513649,108.219277113
12826.2658572,108.423653598
12831.4356987,126.478742302
12836.7803237,112.982974416
12841.9517539,140.603360386
12847.3881683,112.637768899
12852.6526318,114.457096054
12857.9719393,96.8437141068
12863.1705623,137.798536498
12868.42501,123.885314783
12873.6189799,90.0774349483
12878.88606,96.946389845
12884.1905842,86.2638558281
12889.4441974,125.57044655
12894.8701108,117.368063391
12900.0991826,112.018453863
12905.3231361,104.304231212
12910.5749822,98.9397185703
12915.8318858,53.0707048697
12921.0555379,90.944752228
12926.4402506,138.022185641
12931.6511981,32.3521736443
12936.9675288,97.1821976963
12942.1714094,94.2160652016
12947.4534774,104.993284554
12952.6792514,114.99531207
12957.9363797,119.791907121
12963.2205815,130.106170001
12968.4989891,47.1017458798
12973.7344818,106.733953015
12979.0177085,137.906081807
12984.3163888,118.940240856
12989.5383408,113.080390691
12994.8028092,124.030545051
13000.0137632,85.2482466013
13005.3257787,121.684703153
13010.5387099,135.165704421
13015.8114719,106.77226361
13021.056134,101.530196748
13026.3419294,80.7351480365
13031.534718,59.2081149892
13036.8811584,109.548440174
13042.1451588,112.437915552
13047.3726258,114.757961879
13052.6656969,82.109318669
13057.9842663,112.153252529
13063.1967018,121.960235204
13068.463695,131.888603889
13073.7660844,102.57779952
13079.0102615,75.8609073535
13084.2714193,124.972045455
13089.516222,105.906700398
13094.7725942,127.889943625
13099.9626069,75.2354054946
13105.2049694,102.142466539
13110.4298975,120.004596723
13115.6734936,97.2057452876
13120.9588814,92.0156234104
13126.2756436,142.315383171
13131.4699218,103.007739636
13136.7413633,104.922732873
13142.523386,91.1414578562
13147.786509,94.2768523784
13153.0879138,50.3985841859
13158.4398236,117.666767081
13163.6879399,136.448495372
13168.9382358,131.788755589
13174.2391396,132.23707165
13179.5287774,123.970115493
13184.7940321,130.438120017
13190.0039473,124.170420329
13195.2763753,118.103077318
13200.5068395,102.359162592
13205.8006039,115.55590568
13211.0107651,118.146107355
13216.3165462,135.865214542
13221.5057306,139.577307417
13226.8148949,115.168940694
13232.0010054,135.982825785
13237.3150992,51.185746971
13242.546973,119.161140801
13247.8886633,94.1559066288
13253.1290169,87.0095148229
13258.4104431,93.4105597355
13263.6852963,72.1871757266
13268.9817846,104.799527443
13274.2249374,130.77499257
13279.4444487,118.560417661
13284.7527704,129.730036857
13289.9553525,121.572918919
13295.3099494,124.551428392
13300.5051653,117.394899844
13305.8480508,96.8199234751
13311.0714104,107.564627323
13316.3693581,104.720162249
13321.5704715,5.64395405194
13326.8707542,114.464480033
13332.0726235,120.661188025
13337.3548877,139.850465753
13342.5921662,134.146688526
13347.8800058,130.363768853
13353.0998154,126.655886304
13358.3916719,131.282376317
13363.6151736,115.972467622
13368.8941045,118.969178865
13374.3700092,121.869934171
13379.5753429,98.6137882993
13384.9650507,92.30252376
13390.2351491,105.82209192
13395.4984348,26.8941070039
13400.7161508,129.255597661
13406.0614369,122.083150391
13411.2446337,111.127934181
13416.5467651,111.67351078
13421.7560289,85.0342694861
13427.0395019,129.030858868
13432.2081828,117.06412732
13437.4553051,98.3853249973
13442.6983857,131.437905462
13448.0188832,123.824249267
13453.250231,123.547140081
13459.0631208,117.356011465
13464.3698549,53.2910804238
13469.5981033,107.094462035
13474.8832545,107.969042439
13480.0740407,31.2213266546
13485.3939147,116.048947733
13490.640043,136.571313468
13495.89237,76.2225574757
13501.1077197,102.344967645
13506.3796847,88.9846603246
13511.5829268,147.131106862
13516.8448725,128.049884422
13522.0546529,125.613967575
13527.3532622,126.514158192
13532.5655668,114.916133167
13537.830277,104.249471414
13543.1152737,113.375416715
13548.4047437,62.2878462154
13553.6375566,121.493578382
13558.888468,123.861288091
13564.2142403,131.009216668
13569.4819818,115.001478086
13574.7396343,56.3417935654
13579.9621348,95.3455358147
13585.2616787,121.437224353
13590.4647224,113.54755471
13595.755307,60.275452695
13600.9592531,91.9384047906
13606.2627804,95.5986552648
13611.4666414,119.529319326
13616.7788928,137.81993253
13621.9399555,124.679666368
13627.298198,142.02773849
13632.5501084,115.764356
13637.8507171,105.582545661
13643.0909815,135.250919056
13648.3946605,107.136996699
13653.6305034,113.999822833
13658.8806193,120.959849103
13664.1276834,110.940550509
13669.3732195,121.128460791
13674.6568036,120.801882952
13679.8959465,124.59710945
13685.1598966,104.219732705
13690.4089773,118.800302047
13695.7405701,95.5323986592
13700.9772,107.609727685
13706.2916749,113.253373746
13711.4810126,137.661079612
13716.8720629,100.373044816
13722.1116951,80.6603957895
13727.3994796,91.8237833135
13732.6253347,107.131238763
13737.8820279,103.869055742
13743.1155226,97.7191144042
13748.4656634,64.5960999317
13753.7416365,73.0624105522
13759.0582101,141.781232008
13764.3164926,110.838458779
13769.587424,99.2186419226
13774.874028,114.193617021
13780.6327429,48.6591856296
13785.8911278,98.1872006998
13791.1200528,126.974059731
13796.4774921,67.8016403436
13801.6741264,90.534394269
13806.9605064,102.95556184
13812.1649449,111.85015242
13817.4696357,56.7514417192
13822.6882927,58.5142605107
13827.9500806,144.248860374
13833.1457434,105.497131832
13838.5116544,114.087526072
13843.7056293,102.263806417
13849.0399973,136.525245449
13854.3050206,119.913978731
13859.5135758,142.000602025
13864.8224356,101.457833458
13870.0299723,132.774645595
13875.281405,117.272420092
13880.6479321,123.17362983
13885.9505737,6.16619801957
13891.1414976,99.309434621
13896.52315,129.285721903
13901.8632722,89.998446778
13907.2154965,116.205868971
13912.4288416,113.418688312
13917.7534845,71.6832279274
13923.0029552,124.439361507
13928.2772045,81.6197576035
13933.5333514,13.297787657
13938.8120074,128.000124087
13944.1071603,125.395723926
13949.336863,128.930617552
13954.6015451,136.66385024
13959.817508,102.522191099
13965.1071801,112.138937281
13970.3062842,96.048880473
13975.6003556,59.8526486053
13980.7953684,120.719984262
13986.059144,123.355195023
13991.2680073,132.010213143
13996.5603151,135.28988343
14001.7830808,105.014919013
14007.1750124,107.08244901
14012.3903544,92.0958610789
14017.7063849,109.815245069
14022.9601274,112.364620117
14028.2212753,95.8720453458
14033.4299881,101.622676948
14038.7485161,115.124959996
14043.9734507,86.1440713921
14049.2071128,100.270473169
14054.4326625,62.9697240764
14059.6573169,110.659280825
14064.9269254,95.7628434571
14070.2187259,81.8005792822
14075.4944727,124.1461244
14080.6990941,134.84021341
14085.9889879,99.8832667788
14091.2225144,38.9801521198
14097.1166084,132.587872733
14102.3397253,130.734856401
14107.605895,140.46883317
14112.848736,119.16210628
14118.1747899,83.2287004782
14123.5183859,128.89693344
14128.8067207,106.858739647
14134.0277867,105.878947325
14139.2887506,105.820474756
14144.5183377,104.148361656
14149.7370892,119.287233239
14154.9928687,-8.18603136155
14160.2290709,143.382382671
14165.4837813,138.196347336
14170.6980152,116.310527611
14176.1067259,27.9038227557
14181.322489,116.863207427
14186.6322513,139.112431211
14191.827498,116.621308203
14197.1057184,64.8806733989
14202.3172789,133.161190643
14207.5853384,95.492090633
14212.8084691,102.575506757
14218.0673194,133.958773506
14223.3310137,120.684499297
14228.7333124,122.724041346
14233.9761171,24.4019976502
14239.2550125,52.2378652759
14244.592612,118.831191027
14249.8474379,66.931894636
14255.1540837,104.172236099
14260.3978777,125.93535184
14265.6549132,98.8120987038
14270.9111061,124.240948225
14276.2599933,128.066939457
14281.5229478,74.1447943243
14286.8980734,117.098661434
14292.090127,116.924388708
14297.5119855,128.946985688
14302.7915516,128.448372172
14308.0796335,103.024735585
14313.3107293,116.273269767
14318.5787823,135.580143778
14323.7968776,137.035396361
14329.1120672,111.492872271
14334.3660555,124.880632604
14339.6074412,120.51537859
14344.8765712,27.4698211048
14350.0768244,107.669411414
14355.3443735,109.919803852
14360.6020842,89.710772077
14365.9192541,116.788941297
14371.1416187,123.085749382
14376.4629025,116.62870793
14381.6587315,91.7792002734
14386.9830742,118.593084786
14392.159946,111.005091701
14397.4357834,116.338865297
14402.726892,112.531038438
14408.0514803,134.565695764
14413.8204517,131.503393569
14419.1198201,71.1018086283
14424.3449895,74.912989875
14429.5583937,100.784915472
14434.8197372,132.770472005
14440.1312156,24.7453136298
14445.3465562,52.8729499225
14450.5574968,96.3430203873
14455.8389041,124.042393802
14461.0655122,74.418952559
14466.3684063,102.328561709
14471.5647719,91.5854221413
14476.9782155,121.624307788
14482.228929,92.7106075705
14487.5449343,132.590302351
14492.8118382,114.001673714
14498.1161139,51.4099747233
14503.375865,102.937710707
14508.6421459,119.712328457
14513.9338415,51.1030344304
14519.1815627,52.7631269933
14524.4628727,108.906363267
14529.6845822,21.9696522886
14534.997097,102.07448634
14540.1978681,78.0122561397
14545.4774449,93.9252341114
14550.6991434,104.714639113
14555.9684019,95.7197842332
14561.2179909,108.924727426
14566.5220981,138.186738049
14571.7236371,58.445217891
14577.0424633,106.345655069
14582.2300935,103.378032635
14587.5464175,58.694563818
14592.7555006,100.069951991
14598.045058,98.1058235584
14603.3100324,112.201249899
14608.5766475,103.626329035
14613.8466699,31.4129362945
14619.1012363,103.330117277
14624.3327854,96.9912936197
14629.601218,100.694195638
14634.9143026,112.01114399
14640.1422412,116.608844634
14645.482743,118.120304038
14650.6762533,105.306623763
14655.9503777,112.907748051
14661.1779089,137.043504095
14666.5228617,116.231846606
14671.701035,122.01790873
14677.033088,101.284987786
14682.2746441,122.054362008
14687.55477,107.838964525
14692.9026845,108.577910677
14698.1680801,125.40019916
14703.3948112,124.586409106
14708.6484272,142.691579622
14713.8864822,103.216014343
14719.1693716,111.851713794
14724.4046714,100.695007499
14729.6249971,50.8075705083
14735.4673483,107.457237677
14740.7121401,100.089894468
14746.171659,64.7428814837
14751.3881016,116.989759069
14756.7299213,106.955874804
14761.9311657,104.65834366
14767.2506628,40.3336240413
14772.4876807,16.1402330374
14777.7620919,141.198922484
14782.9797678,135.802532096
14788.2705524,90.5300656964
14793.4838047,115.332007634
14798.7874663,106.899963676
14804.0891185,110.183456925
14809.3410339,82.6891071486
14814.5966854,87.8561571423
14819.8136752,117.419177957
14825.1203504,110.075197803
14830.3522902,113.903715708
14835.5777256,115.753259314
14840.8382406,37.2351489531
14846.1818366,111.971208785
14851.4068952,109.116291305
14856.7569778,107.057333917
14861.9525888,127.287975974
14867.233495,103.973723482
14872.4327345,84.8211748879
14877.7862744,102.423399579
14883.0114667,126.636355165
14888.3108084,121.850960152
14893.684262,142.014774625
14898.9658921,73.239706099
14904.3066232,100.309141099
14909.5700481,29.2518274601
14914.818722,127.232276952
14920.0855532,122.589141142
14925.3717444,98.8857364539
14930.5979834,91.2729068384
14935.8750744,138.214716244
14941.0601265,87.5865208882
14946.3909478,100.055404326
14951.6000903,130.956199749
14956.900516,138.07152004
14962.1407607,101.720744613
14967.4553618,123.489759766
14972.686753,111.343943862
14977.9827402,94.1977810814
14983.1989388,110.977848541
14988.4590206,131.098385833
14993.7059889,112.433291429
14998.9757032,104.799332509
15004.2328236,91.2287885648
15009.4694149,138.748679311
15015.0052192,138.96235834
15020.2457347,132.942749813
15025.5195491,100.530079143
15030.7552917,128.071257801
15036.0559957,106.835686663
15041.2721684,43.2061080243
15046.7048676,37.8518441351
15052.4888663,65.8300070251
15057.7496011,134.363277275
15062.9862025,124.028534983
15068.3079388,74.5315557802
15073.5622263,111.42450568
15078.7959633,114.251850588
15084.0947032,119.572739118
15089.3673823,130.575760086
15094.6024718,110.304247297
15099.8161528,122.416393871
15105.0770857,130.716055541
15110.2980971,123.273094735
15115.6953723,123.862339012
15120.9898889,98.8592487589
15126.3207915,98.7098760953
15131.5241988,21.284408801
15136.8812089,83.2456834012
15142.0844204,124.191351454
15147.4482415,80.2202027469
15152.6972895,133.097615814
15157.9917364,133.402181554
15163.2176411,100.546020227
15168.570152,82.8088348358
15173.8077927,117.023257264
15179.1091266,124.169003743
15184.3440087,87.9830922678
15189.5683863,111.707631322
15194.9259024,102.601904211
15200.1789422,103.22734155
15205.4807625,133.806319609
15210.6883161,52.4912289195
15215.9582014,103.898059411
15221.1908844,79.36464852
15226.5254004,106.274229554
15231.7653022,132.392016372
15237.0670228,104.951338048
15242.2751813,131.31888329
15247.6366985,115.271949366
15252.8345802,107.047712311
15258.080755,133.465644215
15263.2876575,113.706286552
15268.5892043,122.38536119
15273.8574586,131.359047261
15279.1146367,80.6396501426
15284.3659301,132.762241854
15289.6048977,124.464945781
15294.9609163,93.7924689968
15300.1643267,92.3067467392
15305.4308727,111.032462521
15310.6592982,140.876206717
15315.907043,130.408984598
15321.1209583,106.265600361
15326.45683,67.9764704786
15331.6537414,63.0685899196
15336.9451773,127.923885933
15342.1304574,115.939676455
15347.4767962,113.22550562
15352.7301362,138.973214982
15357.9663818,107.045140209
15363.2047207,129.416293658
15368.5530446,110.833839274
15374.3742659,112.499772043
15379.5721803,135.372339443
15384.9439113,120.864889681
15390.1680593,115.128603422
15395.418215,98.4106604552
15400.6178219,95.0964200882
15405.9106483,48.1713683371
15411.1874051,101.02970001
15416.458756,49.0648651051
15421.6963065,133.8610473
15426.97418,131.946101747
15432.1847961,119.173362119
15437.4336309,145.266688711
15442.6596985,54.1418353531
15447.9755619,121.505705663
15453.212189,59.6153960219
15458.5556009,111.912316414
15463.7820609,83.8442866975
15468.9842231,133.505109569
15474.3023427,30.5244320118
15479.6220179,101.645213925
15484.9147034,143.089246582
15490.1542974,91.4544680446
15495.4957016,39.103825383
15500.723057,122.927926552
15506.0190957,89.6915440452
15511.2259648,63.7811806853
15516.5830946,89.9598114415
15521.7693245,100.928996976
15527.0467021,91.0397197399
15532.2511358,90.7485769585
15537.5215013,71.6630692758
15542.7449474,109.146635086
15548.0028751,92.4009862444
15553.2604268,101.402215779
15558.5863347,70.0483548762
15563.8689272,133.763430935
15569.1820443,108.170119715
15574.5038466,121.868378802
15579.7244015,79.880386711
15585.0222797,105.001585115
15590.2358553,106.713047199
15595.5885646,123.29735756
15600.7883582,128.182679739
15606.1211615,116.433826097
15611.3153265,99.6932483483
15616.645493,122.550657009
15621.8569324,118.878726769
15627.1720369,110.777241764
15632.4210417,131.664809967
15637.7444506,133.31608466
15643.0020461,124.08453136
15648.3677177,115.241975534
15653.6190674,122.01333983
15658.8935845,126.769881292
15664.1292052,132.174568045
15669.3572669,128.328968267
15674.6631701,83.7525744756
15679.9199471,74.059529745
15685.2882681,94.8040492945
15691.0544341,99.0105690392
15696.3426685,47.5446233264
15701.5111985,111.87603213
15706.7969437,97.0114928002
15712.0109835,107.395332255
15717.2976565,124.18122365
15722.4736323,91.9688250833
15727.7889669,123.197224814
15733.0341783,101.928267465
15738.3441319,105.659431856
15743.6552744,95.7112332964
15748.9171107,90.1912172991
15754.2558441,116.669070085
15759.4678776,137.581632551
15764.7642043,99.6299618952
15769.9630072,115.564966809
15775.2576652,132.073134023
15780.5100718,64.0949166442
15785.8710225,48.6578163492
15791.0702524,93.5696750176
15796.3761313,86.3934346277
15801.6099787,126.431757931
15806.9266183,108.890832507
15812.1357388,77.1089709678
15817.5035181,148.101362135
15822.7726986,72.2333213621
15828.08585,135.874742997
15833.308625,107.375493642
15838.588913,93.9449625332
15843.8674123,120.361748134
15849.1008649,26.2095181587
15854.3648551,73.4034029216
15859.563175,131.381949973
15864.8433542,92.0228081524
15870.0678029,112.662740352
15875.3765469,119.114754886
15880.6690152,106.15854444
15885.9321854,128.649872682
15891.1323931,115.622113233
15896.4116614,119.369021524
15901.60288,74.1020860924
15906.9508038,94.2439192561
15912.1258235,48.2545418803
15917.4384832,116.729953465
15922.7270849,93.981998935
15928.0333214,138.50671322
15933.2599092,28.8580419803
15938.7089708,100.791257503
15944.0620077,120.473757872
15949.36222,57.3185975374
15954.7267346,125.192293132
15959.9384174,134.849869006
15965.2660937,112.661834602
15970.4817679,119.142099944
15975.825093,133.741155814
15981.0139704,93.7767075011
15986.3113763,110.499636204
15991.4951949,65.4070190155
15996.8226712,89.9631481749
16002.0736506,92.9616859546
16007.9110007,123.378119373
16013.1745269,121.258506224
16018.484489,120.041121108
16023.734642,87.81492667
16029.0146229,108.480505619
16034.3534651,102.649668157
16039.584765,116.860974804
16044.9286575,118.463769316
16050.1390138,116.944287792
16055.4170988,121.342525408
16060.6137698,140.66331923
16065.9800379,145.686514754
16071.1808341,121.31648736
16076.5711689,127.471805168
16081.7609653,104.526118371
16087.0771854,121.679495398
16092.3089285,103.526718291
16097.5919323,116.672896168
16102.7992074,121.041508903
16108.0384431,117.149405999
16113.2537901,88.9105996174
16118.506386,102.089302313
16123.7811327,113.47287228
16129.0537517,119.905506911
16134.3166826,52.1128548716
16139.5737488,129.924137773
16144.8698428,117.682399023
16150.1501446,91.5642764291
16155.4288666,128.431214111
16160.7439737,102.718172613
16166.0182242,97.1704818018
16171.2260001,86.251644871
16176.6197019,112.963123039
16181.7989204,129.110375476
16187.125771,35.04738812
16192.3417635,104.250233087
16197.6891124,108.482519959
16202.8957512,92.3010042058
16208.2215488,89.4986687848
16213.4311614,103.191596233
16218.7289615,119.365404507
16224.0903842,75.9753630533
16229.3143682,38.9941976441
16234.6518188,98.9523358506
16239.920893,31.5372589312
16245.2857761,132.749377652
16250.5282123,106.139406382
16255.9346061,55.5210361132
16261.1723759,125.278661742
16266.5347173,101.325755058
16271.7319384,52.2582704053
16277.0794256,110.966162092
16282.3039298,75.0373318729
16287.5898397,91.8676444313
16292.8742032,123.073002227
16298.1404247,127.897633313
16303.3662786,123.704368077
16308.645093,105.092925457
16313.9810264,105.865960596
16319.2259078,120.783216819
16324.4999135,120.617701759
16330.2726266,139.067950666
16335.5220909,99.5033501649
16340.7245204,106.308497854
16346.0514193,126.231353841
16351.2582819,101.933200376
16356.5514388,95.8762006311
16361.7469223,95.8046352596
16367.1228423,133.445122348
16372.3302913,125.159171865
16377.6091769,130.86693125
16382.8262372,97.4545996097
16388.087115,106.455880655
16393.3435402,116.823249674
16398.6738613,103.983927411
16404.0086751,115.196164632
16409.2237806,87.677393899
16414.4894845,117.521129194
16419.7013748,122.490988445
16425.0271878,60.8583660568
16430.2404921,144.491567885
16435.5423653,122.293588069
16440.730886,73.1735119455
16446.0591114,91.3055338201
16451.2573926,132.481356905
16456.6092005,50.2911059164
16461.8131554,92.1135075271
16467.1079361,108.719425697
16472.3143268,130.893350775
16477.572072,129.546772314
16482.7834404,126.699719842
16488.0703344,137.555870014
16493.2842801,141.067648656
16498.5406792,111.344480631
16503.7750764,84.2014025927
16509.0001447,129.39990445
16514.2904799,104.608559288
16519.5391898,101.446991742
16524.8251512,118.787866037
16530.0473018,108.607237521
16535.3165693,116.550658062
16540.557482,129.777095205
16545.8675427,100.140027176
16551.0893595,115.406633668
16556.4594498,103.32365998
16561.6927984,99.9999555126
16566.9759839,110.69470323
16572.310477,130.698366491
16577.6569006,131.18567704
16582.8610432,126.573826989
16588.1060843,98.4054188592
16593.3304868,120.754896758
16598.5737607,122.142922048
16603.8540461,91.2347191794
16609.0943637,111.594629519
16614.4408188,97.2260819439
16619.6577656,100.302420479
16624.9204593,108.020068799
16630.1524827,123.416542975
16635.5396261,105.289217466
16640.7746229,116.870307897
16646.688344,105.412858304
16651.9133413,129.489686641
16657.2613168,46.5627780909
16662.4969869,94.7877310142
16667.819423,130.287232993
16673.0447786,91.9677236246
16678.3397098,122.016613386
16683.5838027,142.708587261
16688.8672681,112.536368418
16694.142168,127.775937874
16699.3993056,144.11195829
16704.6680987,137.202744791
16709.887018,53.0287644539
16715.1834154,117.576602893
16720.4472091,129.171519281
16725.6994145,120.491574868
16730.9314454,52.8708496316
16736.2243443,128.442759189
16741.4370182,97.3893013295
16746.7449124,115.601510648
16751.9807153,113.888432319
16757.3416486,131.855982729
16762.6302202,29.0179088086
16768.00243,84.1708040437
16773.2193391,89.568674385
16778.4961495,131.326800327
16783.8375528,135.090532163
16789.1402194,118.089853412
16794.3903475,77.6607898489
16799.6239586,125.150279952
16804.9381001,122.820583076
16810.1483929,135.333381021
16815.5099647,119.207178497
16820.6953888,80.6143876777
16825.9729397,134.837959286
16831.1481068,104.025564434
16836.4244227,107.994612826
16841.6694725,133.068540318
16846.9326198,83.5789439062
16852.1244144,115.38478597
16857.4049692,96.9690485752
16862.6143444,121.317955811
16867.9192104,122.328060355
16873.1410775,103.106052745
16878.399298,102.931463902
16883.650322,112.751982038
16888.9149871,127.576234561
16894.1955903,128.261437595
16899.4079428,74.4908939077
16904.6828933,95.1566432792
16909.9296191,111.509938113
16915.2686841,91.6043351601
16920.5540473,69.3279831386
16925.8405509,97.346935117
16931.0578902,58.8314370695
16936.338562,136.741958925
16941.5592806,136.549968989
16946.8639364,105.325005927
16952.0782855,138.767294917
16957.3781772,108.207939891
16962.5750885,99.4386797668
16968.4032369,127.119755736
16973.6364694,60.1137277841
16978.8826149,101.828383931
16984.1762252,29.3988467091
16989.400322,79.6427484661
16994.7439456,106.589794947
17000.0125608,65.8191842419
17005.2700596,75.7106878204
17010.490304,120.989967491
17015.8562644,135.252887602
17021.0595601,130.510044858
17026.3345039,137.731733807
17031.5256405,105.007024466
17036.8358431,112.904992794
17042.0325603,111.393763736
17047.3302293,35.0560883331
17052.5533235,131.018247737
17057.8311441,110.062156636
17063.0413659,124.682390578
17068.3081167,132.653135863
17073.5379915,63.1127680068
17078.8265452,94.9073911243
17084.0895114,-0.601823017054
17089.3137732,85.9590611817
17094.594918,98.6168153159
17099.8461492,90.4443293781
17105.2138035,131.91007972
17110.4226379,142.925282507
17115.748842,131.169672895
17121.0344856,142.94966153
17126.3309803,50.5763043061
17131.5592265,108.215192301
17136.840054,104.125724343
17142.0387952,95.6540453441
17147.3422122,136.525979153
17152.5440512,108.579711548
17157.8123484,72.7696934881
17163.0082285,129.567938533
17168.2608743,120.684559552
17173.5246611,51.3245811255
17178.8001311,124.52214855
17184.1941664,93.5844624642
17189.416044,116.145463575
17194.7240605,31.2219245561
17199.9583519,131.710642878
17205.4097586,133.173733496
17210.6259751,130.385849194
17215.9748693,97.5534672001
17222.8967502,119.427400044
17228.2038596,123.466002892
17233.4395425,112.086139682
17238.7494655,125.156702511
17244.0677538,89.4857469192
17249.2753356,96.0394620062
17254.5603702,95.8351766021
17259.7799563,87.9724152847
17265.0125823,121.118559306
17270.2447505,103.949908133
17275.631747,132.500218963
17280.8369687,86.8971293511
17286.6790495,91.9488426085
17291.8643553,119.765115483
17297.1578169,113.098566511
17302.4804914,146.450211613
17307.7399893,115.106905457
17313.0187213,129.07473199
17318.3944323,136.901157304
17323.6228437,92.1449074134
17328.8728006,125.521119836
17334.1368823,124.232654852
17339.3607864,141.873124311
17344.6174953,127.255160332
17349.8808308,102.515959571
17355.2113707,103.967157442
17360.4348173,121.784649915
17365.7531817,137.794947606
17370.9434855,128.324684484
17376.2397037,127.347306679
17381.4264209,129.689692058
17386.6989768,82.1930387172
17391.9297366,54.2120934018
17397.2497237,117.259884116
17402.5004313,107.057540046
17407.7686892,112.060310654
17412.9962649,58.9689346254
17418.2520864,101.344939866
17423.4760413,86.2125141035
17428.7526467,120.098324503
17434.0284534,118.570964536
17439.2803426,123.650377022
17444.5711136,58.1209512608
17449.8350117,109.036923686
17455.1212311,90.1244600127
17460.3421655,86.7494587359
17465.609158,91.5620294457
17470.8210893,128.47326293
17476.1237032,104.256405347
17481.355423,124.805718459
17486.6106784,90.2419804408
17491.8433697,115.010747716
17497.1379104,83.4389035998
17502.4201996,102.172379423
17507.7140262,97.0653517918
17512.9271977,128.811774434
17518.1646421,102.501515357
17523.3698289,117.108447814
17528.663352,107.848857808
17533.9380732,131.055207867
17539.2204473,146.152868379
17544.4889262,126.92917971
17549.7339315,87.4568663982
17554.9762595,112.857891881
17560.1853354,92.8822298738
17565.5069168,112.725769273
17570.705265,89.0484747196
17575.9957616,87.9938333936
17581.2272832,117.021386903
17586.5718501,105.635455953
17591.7665043,127.344152049
17597.0299423,112.130076369
17602.8345516,80.1504926592
17608.0988934,114.134582551
17613.3445346,93.3249538915
17618.6320291,111.000449444
17623.8509705,58.2501074446
17629.1028018,96.0792065324
17634.3835754,105.390640285
17639.6111948,130.973086815
17644.8653696,122.622306273
17650.1243985,123.448151474
17655.4715104,122.656634092
17660.6846757,110.073407595
17666.0055628,118.964287261
17671.2046382,115.75442258
17676.499054,86.2399307865
17681.6836693,56.108543847
17686.9495854,130.003908832
17692.2174704,122.547180875
17697.55721,109.396408795
17702.812499,140.143384421
17708.0981071,87.1583121965
17713.3542533,115.780703786
17718.8582404,98.2586106625
17724.4189932,126.107931077
17729.9022851,112.4212309
17735.4824109,48.2622737972
17740.9222746,95.2538792106
17746.4413404,115.059225117
17751.8395963,141.272599251
17757.3812702,135.478631777
17762.8302348,51.337680513
17768.3393736,121.650543789
17773.803771,50.8872281836
17779.2686148,131.159076368
17784.7540174,127.504752473
17790.1770175,104.554934717
17795.6527903,83.8679844796
17801.1081698,110.977416917
17806.6893585,103.553926533
17812.141145,127.980344015
17817.6063955,125.188642594
17823.0452578,111.236388299
17828.5211575,103.285018343
17834.0043206,114.527571144
17839.4491141,59.5800281566
17844.9105861,138.852514973
17850.2342713,41.8172637705
17855.930968,119.635661337
17861.3394082,70.2442689847
17866.8491845,129.355518523
17872.295455,79.8544183445
17877.8229139,128.953720267
17883.2519512,106.151738299
17888.7148273,123.321917942
17894.2031121,114.014925191
17899.6597855,133.963664865
17905.1625915,119.555907068
17910.5777462,119.689138935
17916.0762289,99.3720446316
17921.4959822,84.6315472457
17927.0379491,92.8060430797
17933.0369554,135.817671318
17938.5324996,105.678377671
17943.9663155,118.284587807
17949.4919379,112.922385772
17954.9671583,122.891248388
17960.4656649,52.6577088659
17966.0391047,118.986351863
17971.4618025,132.604982614
17977.0081635,128.440095748
17982.4347351,91.1039042584
17987.9441097,104.791054218
17993.432677,120.479299693
18004.3338327,139.837979042
18009.806529,89.9927212894
18015.2442405,130.679333048
18020.7365513,128.392516503
18026.2385645,104.886487364
18031.6724889,113.127051281
18037.2247729,116.305480472
18042.6491416,113.545397857
18048.1710341,127.184913642
18053.6014864,131.695328787
18059.1206234,107.863903818
18064.6125038,102.519767562
18070.0305281,121.13588733
18075.5892768,122.551428028
18081.0022123,114.409099251
18086.5306385,124.824277924
18091.8916433,115.978843957
18097.3971388,114.336394176
18102.8592684,125.167835149
18108.2744827,110.497402328
18113.7829762,125.838202942
18119.1890368,135.900874608
18124.6560392,121.9132844
18130.1282465,103.335193741
18135.6287231,98.1026233494
18141.0764663,121.057488861
18146.5787549,129.259916243
18152.0353253,117.939128185
18157.6222308,139.079153937
18163.0963192,103.735016718
18168.5700994,120.488645329
18174.081574,111.56656555
18179.5504987,138.724586104
18184.990921,138.56526993
18190.4645813,125.445335365
18195.938653,96.0839572873
18201.4195096,119.243144538
18206.9128358,116.705749306
18212.3384454,126.437371781
18217.7999213,114.718907191
18223.2280488,115.05462922
18228.7810717,128.99963287
18234.2412534,123.138284593
18239.8303883,113.645380744
18245.3484576,134.802499483
18250.805377,108.138654186
18256.2941811,117.239491088
18262.3757627,113.979490261
18267.9496441,119.51179902
18273.4197407,131.651549685
18278.862772,39.3779045176
18284.3179696,116.188081456
18289.7330751,118.027854382
18295.2310786,116.601292503
18300.666868,138.145458895
18306.1448946,124.891140195
18311.6342316,125.04979278
18317.1145551,102.902054964
18322.6484091,103.972679638
18328.088748,122.011820715
18333.6261835,123.447207131
18339.0579233,130.414615084
18344.5289662,130.244960564
18349.9904861,118.30448539
18355.4992898,105.637580281
18360.9228427,117.62239034
18366.3560197,117.307065375
18371.8230095,87.7853745025
18377.3089681,114.297395727
18382.7822025,123.780756425
18388.2630861,104.847377816
18393.6956964,108.025586469
18399.1562228,97.0360390853
18404.6206245,139.118724559
18410.0455604,137.571182833
18415.522078,114.79242233
18420.9255099,124.963592063
18426.4470212,127.482341565
18431.8269186,137.642370121
18437.3114562,127.099553486
18442.5341485,72.3346383983
18447.9616578,122.026871534
18453.4208078,113.666895644
18458.8616414,106.714458619
18464.3469138,123.810038249
18469.8188553,124.190474978
18475.2810745,93.5846443884
18480.7152283,118.797807296
18486.239311,113.462593444
18491.69242,77.3218443695
18497.2196305,41.3781729746
18502.6650231,123.998406394
18508.2037263,124.963060655
18513.6677608,114.215776208
18519.2041423,95.2852787132
18524.7342954,131.428475744
18530.1988328,115.08416589
18535.7062833,77.4771592292
18541.1232753,124.036228919
18546.666858,93.213261431
18552.1255178,130.106930905
18557.6602082,143.525695338
18563.1584361,115.934742206
18568.6905184,129.721023729
18574.2108865,143.278407127
18579.6804781,69.281909296
18585.1656134,105.820771026
18591.1829934,131.532263548
18596.6891024,140.906832862
18602.0994573,123.119620126
18607.5850055,137.121237018
18613.1026587,99.3375370094
18618.6198556,93.697272146
18624.224966,115.620027753
18629.6854093,128.037634993
18635.1917496,115.35268212
18640.6032276,113.517741653
18646.1895254,126.381040931
18651.6899431,107.643874065
18657.2595792,42.4078895763
18662.7385635,123.393787953
18668.2711499,66.5716796566
18673.739285,113.947537919
18679.2397435,137.601442281
18684.7821145,145.129567502
18690.2443922,129.16598928
18695.8520222,120.621335316
18701.1175523,133.471198656
18706.3994434,108.626481045
18711.8480804,78.0196500042
18717.3717818,134.248477108
18722.8671534,44.8396202567
18728.3831429,130.563762547
18733.9383233,126.602108183
18739.3771133,127.899282442
18744.9027326,89.5809905488
18750.3505621,91.9056393546
18755.9161849,127.558124686
18761.3480566,113.939787489
18766.9520612,138.470297647
18772.4200954,126.42358544
18778.0310795,142.302446514
18783.5978374,61.5733546019
18789.1459463,121.773880544
18794.6548383,115.834976
18800.1166513,125.970964144
18805.6882536,72.7170676141
18811.2071795,140.495356651
18816.7473936,116.571358165
18822.2335908,108.867546469
18827.7594099,54.5472517176
18833.4419708,126.026944043
18839.04072,113.017552017
18844.6249404,78.3851284622
18850.0978143,107.842517117
18855.6699576,106.015697809
18861.1982353,99.0546705983
18866.7169886,133.712307716
18872.150619,109.46061589
18877.81652,126.223381597
18883.3426478,111.756468229
18888.9996057,99.2588938143
18894.5026369,107.751636298
18900.0869768,102.736078503
18905.6711104,119.379215091
18911.221432,118.280739396
18916.7776411,127.797973827
18922.3687816,118.943104778
18928.444746,61.898597189
18934.0337198,106.829478767
18939.5589204,114.361605986
18945.1087866,121.030988441
18950.5990522,129.70110678
18956.1670408,137.616893301
18961.4333041,89.4684304144
18966.824132,98.9391612776
18972.269201,111.944532468
18977.7928665,120.863630618
18983.3090668,133.138351827
18988.8466039,71.3442182819
18994.4461155,133.065882446
19000.0609183,119.204085944
19005.6052024,127.882136261
19011.1202645,120.650800799
19016.6745813,72.1771510241
19022.1084812,120.709617492
19027.7319517,117.163980797
19033.2089868,104.806447542
19038.7440631,49.7364669813
19044.3647623,126.40808517
19049.8009622,139.665842368
19055.2922318,90.0982994418
19060.7523446,96.656542613
19066.3494351,112.01220351
19071.8508942,106.567610482
19077.4192736,96.191171036
19082.8530095,98.3008087465
19088.3369539,80.1002673802
19093.8369451,141.693876786
19099.3020306,134.564262679
19104.7859168,111.805089301
19110.4372911,130.182696456
19115.9890244,141.729986542
19121.4632657,54.0808597211
19127.0064735,98.1240199085
19132.6178219,41.3753470018
19138.1927946,78.2088909559
19143.7295301,125.310880151
19149.3146555,121.036957523
19154.8705869,134.913133166
19160.4422588,122.726904506
19166.0622003,88.9902526598
19171.6069071,109.514721479
19177.2183793,145.33399558
19182.7193027,96.3908607637
19188.2818651,128.190143364
19193.8608239,125.984261191
19199.4041438,105.674423792
19204.9301121,79.6835149333
19210.4029639,134.534731245
19215.9980471,114.986763269
19221.503041,119.992920354
19227.0921288,131.3620012
19232.536283,124.557398818
19238.1577711,123.425327115
19243.7002535,99.2784119654
19249.0703371,110.80624388
19254.4071536,127.152837615
19260.5277858,134.972400329
19266.1131175,113.513143941
19271.6829824,110.179844111
19277.2901778,126.487727573
19282.8009021,76.2264277359
19288.4127319,101.374461447
19293.8861747,106.907630676
19299.4526153,109.565599753
19304.9597321,18.482124852
19310.4968028,137.937958325
19316.0519865,127.618589792
19321.5244744,114.673142284
19327.1689227,115.481380504
19332.7620869,109.472383033
19338.3896003,129.449022733
19343.9700871,126.576519219
19349.5402839,136.722313324
19355.1025786,112.225416485
19360.5913813,124.355835753
19366.1888177,130.34917372
19371.794693,112.004035804
19377.4418344,105.397807429
19383.1196809,98.9839804336
19388.7121861,123.475828699
19394.2868247,97.9083384126
19399.8627334,124.820165887
19405.447207,117.290688112
19411.0449903,114.799993422
19416.6549351,76.0697102923
19422.1742661,92.36741946
19427.7583439,134.628637192
19433.2356029,128.377791042
19438.8902297,138.589506391
19444.4669313,122.920837254
19449.950922,120.82881945
19455.4891536,90.6678114423
19461.0588136,133.646349894
19466.6151888,122.735703468
19471.8086002,125.044810868
19477.2876201,120.553137473
19482.856729,93.5973548898
19488.474854,127.104836328
19494.1192536,88.7065281513
19499.6915245,132.182014684
19505.2874553,116.274844686
19510.8287861,136.298795472
19516.4419584,96.4017979746
19521.9842801,110.41371348
19527.5171559,142.438181776
19533.0798035,125.516638715
19538.66379,114.969866769
19544.255486,109.685046934
19549.8471105,126.919314416
19555.4760184,114.609595677
19561.0463593,115.432079033
19566.6620705,85.145431252
19572.1801255,130.513244459
19577.871186,119.077193122
19583.4800696,148.910439108
19589.0774562,111.704598092
19594.6449397,58.5388326582
19600.7633045,136.452742797
19606.3758752,54.9262097551
19611.8605769,127.614165335
19617.5179403,65.339256072
19623.0460913,91.5530533222
19628.6812506,127.69229376
19634.2908425,122.214553123
19639.8677313,140.860956029
19645.4153414,118.959014117
19650.9368906,107.408378514
19656.5082917,123.35846648
19662.0364959,88.0809959053
19667.5877459,129.782401112
19673.1098418,137.571548851
19678.6390753,108.571551371
19684.1461704,129.860346095
19689.6517766,131.413758852
19695.2301543,66.214835382
19700.7689326,115.332516804
19706.2376316,77.2550948047
19711.918421,129.871134425
19717.5389767,132.893576466
19723.0393009,104.950426829
19728.6384041,129.697064885
19734.1864564,134.3743005
19739.6978502,96.2578792269
19745.2357707,111.490816402
19750.8461447,118.985303021
19756.4319901,92.5515637352
19761.9949069,122.649279413
19767.5651865,127.802364377
19773.11747,126.277776679
19778.6882632,49.3624021623
19784.2622252,118.021694273
19789.8066041,112.780268836
19795.3751004,106.699245435
19800.965307,107.08140577
19806.6093731,92.8249793815
19812.1502583,96.3224886712
19817.738142,115.751197219
19823.3386862,114.785108416
19828.9641418,112.677361484
19834.5400412,126.027526509
19840.0194588,118.317946035
19845.30581,60.4867501165
19850.7020035,68.989176034
19856.3865821,129.405963035
19861.9823744,56.040665747
19867.596319,119.856115402
19873.2307076,126.75733915
19878.8013945,107.452666307
19884.4419055,105.221755578
19890.0310133,128.800163998
19895.7366672,102.797426977
19901.2763152,110.191551351
19906.9329724,132.521994338
19912.4800088,125.635800876
19918.0938365,53.9565566348
19923.6447368,84.0545729065
19929.2381377,141.539978904
19935.3765037,133.511359528
19940.9641478,105.673917974
19946.5353653,129.629019018
19952.0920548,36.4045080184
19957.7177091,120.540390016
19963.2882192,124.413878045
19968.8277621,131.97499498
19974.3188882,91.782612501
19980.0053422,122.930046733
19985.5999696,119.059494975
19991.1496191,109.46964688
19996.7120707,142.89813387
20002.2729285,120.810973859
20007.8634694,136.140531132
20013.4132981,139.553258506
20018.9834678,136.936008405
20024.5589044,131.573963368
20030.0522957,95.7047481778
20035.6420424,117.283087415
20041.1724339,57.7758619188
20046.7886879,111.219211436
20052.3382306,59.7504158182
20057.96714,112.188722209
20063.4899073,118.053984125
20069.1330135,105.125412599
20074.7325833,113.813216393
20080.2934086,78.4540022903
20085.9323153,58.6743446351
20091.4575582,99.6673262255
20096.9981239,135.530619604
20102.4336672,112.761369926
20107.8386714,46.4858680835
20113.3690054,79.3582328432
20118.9949176,91.0110123465
20124.5581551,131.499095676
20130.1067057,106.045976634
20135.6768997,124.761148706
20141.1536229,125.813589712
20146.7175453,104.847123116
20152.1916466,124.418341509
20157.7402806,129.683923476
20163.2526176,126.616361961
20168.8292196,107.734260629
20174.4071529,129.246067728
20180.0008395,122.331934994
20185.5718853,91.0194314276
20191.1442025,137.288462712
20196.8248217,131.581041168
20202.3680062,93.1169454622
20207.9592507,126.581740358
20213.5389986,116.078890731
20219.179215,129.509523521
20224.8199265,110.384020231
20230.3880339,134.771514395
20235.9614873,133.429982535
20241.4610641,127.893625761
20247.0417707,118.70999542
20252.5081027,117.932338449
20258.028702,109.409615084
20263.523665,93.7516668158
20269.6196077,121.096778946
20275.1731603,134.793864642
20280.9428988,114.141533858
20286.5853264,139.449974215
20292.0914712,127.453344002
20297.7362976,89.4295931457
20303.3300149,48.1641358888
20308.9408057,91.6920187002
20314.5628476,74.5704854157
20320.214916,128.55364061
20325.9355865,134.56810107
20331.5093241,127.558205719
20337.1791105,110.034608561
20342.8097179,130.559023652
20348.4888904,113.258248785
20354.1615512,107.643677844
20359.8296852,86.6365868254
20365.5568871,71.0140054278
20371.1732178,44.1751940466
20376.7978716,135.322734252
20382.4480739,122.75827355
20388.1022763,46.7102565878
20393.6743817,103.729113261
20399.2371299,72.3586341087
20404.4874039,127.404196665
20409.8689461,103.013822862
20415.4921074,116.762266873
20421.0942101,131.059855348
20426.7683837,125.7985129
20432.3268108,105.751306219
20437.97262,109.581236504
20443.5877669,52.2792036924
20449.2043827,64.5316923458
20454.8348868,117.756858279
20460.426121,112.517628844
20465.9783506,121.872754068
20471.4927332,58.554161595
20477.1693981,144.297610934
20482.6733043,98.2157166521
20488.3379843,128.299172971
20494.0044632,125.08451362
20499.3567691,112.02760122
20505.1523235,131.949574746
20510.7198892,30.0999883152
20516.4120047,126.103137059
20522.1177258,110.336788664
20527.8602676,56.0056384637
20533.536468,104.30447411
20539.20084,104.242307793
20544.9157734,134.775747551
20550.5077929,66.0478796024
20556.2159956,145.199595431
20561.7220576,93.0681178887
20567.2693877,53.4683792173
20572.7790565,134.573746202
20578.3947666,113.315152828
20583.9806125,114.222422303
20589.613555,125.428596725
20595.0984309,141.768175174
20600.6825323,125.349183579
20606.2558689,107.820397966
20612.3459165,130.598325844
20617.649255,130.559280909
20622.991529,131.085327127
20628.5449979,113.634655938
20634.0469196,128.458642376
20639.5428052,110.213818836
20645.1207869,112.467678087
20650.6543186,126.523907817
20656.2462301,84.2207271089
20661.7106147,141.768688853
20667.2292247,88.9031726985
20672.6898079,73.5589313346
20678.2422945,71.7868118622
20683.9008806,49.4238129327
20689.4303236,104.260799831
20694.9818597,135.449157044
20700.5551562,96.2788979519
20706.1984386,102.793281241
20711.7393637,120.633514496
20717.2799098,96.7118536512
20722.8030593,100.079557513
20728.3562529,115.308088309
20733.8711426,104.308730715
20739.3827829,108.413312469
20744.9306586,126.731961899
20750.4822593,104.975105546
20756.091089,38.1609570606
20761.5457726,109.982091479
20767.0992694,132.918218912
20772.634799,121.353664806
20778.229665,124.543865156
20783.7829981,137.236346783
20789.3651369,131.719327015
20794.9741061,145.275242702
20800.533663,105.247080116
20806.1224945,134.870048946
20811.5970292,135.883336713
20817.1382442,113.69387613
20822.5300028,131.787794804
20827.7878876,104.869141044
20833.2414317,62.349775431
20838.8971968,119.944543113
20844.5763731,141.181147506
20850.10725,121.250636672
20855.6696782,91.659090145
20861.1205099,133.299926669
20866.6931825,82.657949299
20872.1492779,93.5745664316
20877.7476704,118.863726829
20883.3054743,122.819851233
20888.8820145,56.9264986094
20894.4646819,100.213116967
20900.1091752,128.445347608
20905.7221129,138.102685727
20911.3338897,113.609219696
20917.0197051,147.416089269
20922.6467032,128.5186767
20928.2592053,98.284733974
20933.8755519,94.1759662572
20939.5004139,133.062830059
20945.6049218,58.9066559291
20951.3524375,59.555634507
20957.0774567,124.018892316
20962.7070765,48.8030187659
20968.3744576,86.7217720757
20974.0998096,139.46836972
20979.7802668,100.512022666
20985.5607312,56.7588102158
20991.2108645,134.052649152
20996.9761498,135.954126829
21002.723758,94.8128460215
21008.4019363,98.9652685093
21014.1199477,141.846104038
21019.8247464,52.6771445036
21025.5830507,28.9025380271
21031.2396498,111.064469623
21037.0326879,102.830841642
21042.6716638,86.0813206208
21048.3030722,74.6410582208
21053.792661,128.631505834
21059.0897825,79.1934433139
21064.6484988,110.41181664
21070.1093352,112.859575287
21075.7210643,120.717581315
21081.2738531,58.5517893311
21086.9360242,132.833414254
21092.4371655,78.4174708948
21098.0623209,144.412980891
21103.6837354,100.926555405
21109.2968006,109.886902768
21114.8495443,131.012829202
21120.302402,120.24792558
21126.1201465,92.1778625967
21131.6257005,129.842973505
21137.1966541,118.861674439
21142.6514373,127.885254564
21148.1840415,94.1372887404
21153.6767714,136.84569139
21159.2631638,115.399439865
21165.0083628,50.9489297006
21170.5694942,112.754640138
21176.2276838,127.407919588
21181.7820318,46.0969149847
21187.5059407,119.498477059
21193.1049516,66.6354315257
21198.6751258,76.9554456167
21204.270304,138.853072681
21209.8945541,135.597339244
21215.5023363,119.864722336
21221.0795567,102.366604307
21226.6370542,121.086622219
21232.1002665,118.280960971
21237.7169406,104.658528601
21243.271158,107.105663325
21248.7662137,129.58645082
21254.256516,144.133933069
21259.722465,117.906019613
21265.1314983,147.558177974
21270.3124986,113.274516444
21275.8107607,110.9936084
21281.8725009,88.8650119166
21287.4556789,58.955475017
21292.9565158,100.442924855
21298.5907178,115.12511926
21304.1818933,133.203084879
21309.7109132,98.8035376332
21315.3277822,106.21547062
21320.8867092,109.506734252
21326.5250483,106.26914611
21332.1193252,137.185448763
21337.7025592,116.765476778
21343.2830725,58.298327149
21348.8946629,35.3546519151
21354.4641876,86.2318216075
21359.9519591,109.307100862
21365.5460253,120.141557548
21371.064532,135.251541239
21376.6837292,135.278015181
21382.2236514,137.703692706
21387.8313992,123.317902081
21393.3591256,106.340084562
21398.9118314,118.030529508
21404.4464262,81.5091247056
21409.8967957,137.823428325
21415.399029,109.881609538
21420.8830013,102.776067483
21426.4033592,110.386963637
21431.9459674,145.448237655
21437.5274739,122.018445215
21443.172107,130.756732073
21448.7048323,127.87786647
21454.2391174,138.594445756
21459.7696025,135.044026667
21465.3668895,139.182934599
21470.9317868,143.360957986
21476.2627337,124.613952063
21481.5088642,94.430160228
21487.144357,132.752466032
21492.7219384,130.019479937
21498.3615623,126.868656817
21503.9142478,123.976020741
21509.3585618,107.884428687
21514.8828342,79.2230044854
21520.4122596,43.2189303002
21526.0740471,139.47492122
21531.6089613,101.622695618
21537.243762,98.5372217707
21542.7939358,118.975136139
21548.4053319,105.852987666
21554.0899465,98.3846689207
21559.7297297,80.179735561
21565.2793038,126.829520893
21570.8458481,93.0265924428
21576.4872453,141.300729567
21581.9541674,131.6258262
21587.6787467,98.3450185007
21593.2955718,111.372275975
21598.961782,136.144691831
21604.6183672,90.7143935028
21610.2491899,86.4874040253
21615.8733397,67.049607723
21621.9343538,120.194947863
21627.5792623,102.502162218
21633.2032311,70.9949251495
21638.7861814,115.457947374
21644.6324887,126.161752584
21650.3310931,126.968872007
21656.0812268,129.490603478
21661.736861,124.977810308
21667.4415131,65.4562841135
21673.1547377,90.5541229264
21678.7764473,121.654633273
21684.5295341,93.8182435581
21690.2129614,109.417332085
21695.861671,118.799140855
21701.5324934,112.568772087
21706.8943343,113.070722569
21712.1927817,138.248872966
21717.7795615,142.133876491
21723.3060932,108.542173819
21728.96682,114.579727756
21734.5507152,139.270395927
21740.1678596,141.88770927
21745.8568783,111.215570008
21751.4364166,127.109198111
21757.0454147,93.9130208043
21762.609941,139.901562583
21768.2087286,113.002988523
21773.8330822,112.58788535
21779.4200349,111.567757635
21785.0917084,103.952504551
21790.6597588,131.447465053
21796.2304299,111.410691371
21801.7923794,126.65039158
21807.3060794,122.995533817
21812.7969723,102.146647157
21818.3977761,100.051171926
21823.9741411,144.001368177
21829.4801998,137.722591411
21835.096194,108.066007078
21840.6588507,117.728624447
21846.2619109,58.814525787
21851.6790857,94.8960673115
21857.2925918,96.018830348
21862.9130483,92.9069904125
21868.5666707,135.438537172
21874.2067518,105.552693032
21879.604377,118.140144263
21885.5898039,117.889741004
21891.0816371,84.6763484749
21896.727423,101.874054322
21902.3897157,118.204006924
21908.0346169,110.330187299
21913.5917888,101.705264479
21919.2033494,119.985129282
21924.8453074,57.0052110704
21930.5552325,139.825605084
21936.2059901,122.616380833
21941.807061,126.566281208
21947.5062602,128.061211124
21953.0344889,107.008313509
21958.8870473,115.502096279
21964.4056637,102.997052916
21969.9370317,119.472325883
21975.5269089,131.428598783
21981.0242827,133.444665145
21986.641854,74.9304703514
21992.2786868,128.570823923
21997.9376032,120.2075681
22003.4543223,118.683707388
22009.0656164,125.336503924
22014.637162,109.86869171
22020.2737024,123.002976358
22025.9394636,119.566221047
22031.5149388,110.161760059
22037.1376476,108.702772948
22042.7941756,94.0229133131
22048.4541616,74.2678934463
22054.0954306,127.461710914
22059.7115071,105.115287334
22065.4550745,58.802009819
22071.0562954,138.315881057
22076.6487226,117.457136555
22082.1430111,94.80034422
22087.7678657,114.795427486
22093.3047719,94.7452380992
22099.0356944,130.928261541
22104.670203,108.56747097
22110.3243258,129.385658709
22115.9906111,131.576732778
22121.3796232,115.807329321
22127.2819822,49.8718678055
22132.7784119,63.756455775
22138.3473165,125.999622257
22143.9111407,122.036103664
22149.5360172,53.8694139576
22155.1632571,106.999489168
22160.8118155,122.919281773
22166.5076892,123.363725429
22172.0876813,136.931806993
22177.7251639,82.66366897
22183.268671,112.351174367
22188.8634043,63.2205372
22194.4945104,111.021464205
22199.977263,104.531333296
22205.3796406,28.8750491328
22210.5680895,74.0860627208
22216.1937759,123.82261542
22221.6911678,123.971920537
22227.3096709,120.046314387
22232.8849866,108.165253578
22238.5836337,136.848635213
22244.1867285,109.59398703
22249.7104752,105.448505639
22255.3892224,103.594570528
22260.9887869,107.519023768
22266.593375,55.8738087857
22272.0471215,118.041682281
22277.8152633,121.202666462
22283.3425748,59.1909408508
22288.8883984,114.869903644
22294.4607296,127.964065967
22300.5730467,134.649980463
22306.1748378,122.098643185
22311.6243384,138.438975113
22317.1799209,126.710777278
22322.6757607,138.393913579
22328.2294116,114.484644098
22333.7915466,126.24528898
22339.3363454,128.116662091
22344.8734064,133.759029548
22350.3169956,121.673632807
22355.6021733,100.381150253
22360.8790598,128.209210494
22366.4251955,48.3042526698
22371.9852841,108.153550311
22377.5986385,122.139640904
22383.2080293,97.8721175128
22388.8129084,119.590739583
22394.4497163,125.111789096
22400.0138569,133.980231971
22405.6527569,68.077811315
22411.2680387,109.529387372
22416.9507904,119.548953049
22422.5478928,98.6934394726
22428.1741424,93.5939723045
22433.8125942,130.026437246
22439.4665606,57.6614241188
22445.1133704,99.4666766115
22450.5989292,143.244908686
22456.0854859,120.047014803
22461.3166142,126.61841923
22466.6053729,120.727739058
22471.8088853,119.600145124
22477.059422,102.448256687
22482.2522619,105.651101654
22487.5363457,57.2220047412
22492.7692444,110.188859571
22498.010649,92.6369129553
22503.2038462,110.836703423
22508.4668877,31.713826569
22513.6819251,120.734936726
22518.9447007,119.478376622
22524.2524116,116.731224748
22529.435878,96.0896798034
22534.6679628,109.056550252
22539.8659544,108.789662698
22545.0872917,56.196253683
22550.3079324,52.3355617791
22555.5496755,76.3395300407
22560.7373433,147.436717484
22566.0307951,131.098510672
22571.2449903,124.626424212
22576.5657461,122.141295384
22581.7775621,121.008381539
22587.0385129,124.795406031
22592.2506752,127.00520545
22597.5297425,123.601792709
22602.7469914,99.2196113571
22608.0407743,121.59950936
22613.2600117,131.621022644
22618.5511258,95.2879391092
22624.3730068,122.034682745
22629.6009002,81.095018979
22634.8846583,128.382915326
22640.1363239,134.141614208
22645.4634347,117.699005378
22650.730257,85.3794848503
22655.9733,97.3299453426
22661.1752522,127.283292651
22666.4478917,112.008024381
22671.6872535,112.414548887
22676.9931321,104.516862217
22682.1937811,127.188791618
22687.4631648,104.953865397
22692.6963644,101.434205694
22697.9416113,113.709749336
22703.2000613,126.395374233
22708.4691403,82.4216762144
22713.7317853,114.822180989
22718.9727154,72.8283557392
22724.3737271,111.927258592
22729.6179471,129.398523994
22734.8699875,123.69382309
22740.0793695,89.6393831573
22745.3538888,117.101058796
22750.528899,113.637222799
22755.8290527,122.245606609
22761.0689595,79.3774140378
22766.3787677,74.7141060611
22771.5526671,136.102121808
22776.8698297,75.1640606076
22782.0722423,136.912824354
22787.3373487,132.964754207
22792.584394,124.336727125
22797.8449659,135.276274498
22803.0586932,89.9780749559
22808.3428893,117.897828773
22813.5714784,113.630802481
22818.7852869,123.43295244
22824.1051552,130.615282677
22829.3357301,112.719757839
22834.6443892,124.545471046
22839.8441703,138.754398255
22845.1096857,123.198360717
22850.3061855,138.833363689
22855.5719328,97.0371305493
22860.7766919,133.194951592
22866.1059051,126.693878063
22871.3258305,125.062481245
22876.6391957,90.5145121256
22881.8717954,100.165855687
22887.1331894,142.544773635
22892.3547325,140.865933293
22897.6628532,132.443068598
22902.8627431,115.634496699
22908.0876458,108.867061353
22913.3101783,118.927959275
22918.5565393,112.905550752
22923.801616,107.239951155
22929.0672951,86.409051407
22934.3887796,129.749330876
22940.1997981,101.578292906
22945.4792807,133.611337165
22950.680923,105.396903299
22955.9333861,114.181670663
22961.1637242,107.75112565
22966.4437954,126.218414967
22971.6359451,124.317107068
22976.9225686,31.0587477775
22982.0971212,80.0643375056
22987.3860784,137.573028441
22992.588531,37.9889523677
22997.9084535,117.825596151
23003.1439366,116.169894106
23008.4164736,124.558325146
23013.7019317,109.699811441
23018.9437604,64.8667011295
23024.1912735,129.331850118
23029.4057121,90.7154982476
23034.6635664,67.11278809
23039.8632762,8.66724604547
23045.2017808,136.521870792
23050.4159727,148.102404957
23055.6803901,106.121185667
23060.9087069,129.858164303
23066.1784594,137.354594065
23071.3881626,105.361517664
23076.6797092,124.6324226
23081.8733654,132.184760084
23087.1878598,86.6749429119
23092.3962862,119.391996823
23097.7176793,117.631065624
23102.9398241,88.590206504
23108.2001443,135.414185764
23113.4656084,120.554989895
23118.7598376,122.99071216
23124.0572701,123.236752113
23129.249083,134.473481919
23134.4968758,26.1440785515
23139.7100887,101.519635927
23144.9774008,88.3588761874
23150.197921,104.444696756
23155.5754681,119.370976937
23160.7872858,49.4637190558
23166.1169758,126.458138394
23171.3052907,124.847808878
23176.6414714,120.699825029
23181.8177614,102.519058462
23187.1138997,139.857664458
23192.3717787,137.164077437
23197.632179,106.237895317
23202.8332679,141.215528261
23208.0868607,129.738480339
23213.3024418,142.208268616
23218.565021,93.0535999261
23223.8074579,141.127710303
23229.072196,107.769947616
23234.2913892,124.234784261
23239.5626767,117.427066129
23244.8491039,136.29232898
23250.1095448,128.013451951
23255.4108348,49.5722041669
23261.1650479,89.769437987
23266.4538655,85.6051394511
23271.6630216,144.163203571
23276.9147556,129.954383851
23282.1073079,124.18007305
23287.3666935,142.454695897
23292.5996289,118.01210815
23297.8468602,122.849231628
23303.0822093,117.183733195
23308.3619087,56.5117902339
23313.6249073,125.81930166
23318.894968,101.181566495
23324.1550918,133.721606434
23329.3932314,125.920860887
23334.6957462,146.666606776
23339.9385936,135.381687683
23345.2156165,93.8275552357
23350.4343057,81.7300409387
23355.6980381,117.042519882
23360.9203675,121.632509394
23366.2562406,122.728830847
23371.4450481,128.831404378
23376.676404,37.9656615712
23381.8902707,46.241729757
23387.1650271,133.096377889
23392.3949471,143.712656516
23397.6535804,118.259517802
23402.9049587,118.09713131
23408.1702633,120.508472156
23413.4220071,120.144153593
23418.6607087,141.031098361
23423.9694068,95.7172960803
23429.2230866,120.044956943
23434.4693189,91.8956172168
23439.7026362,79.9291858856
23444.9750333,112.624509553
23450.1913443,94.7680679443
23455.5398498,103.222744203
23460.8152676,127.671697966
23466.0931082,39.0978668046
23471.2949767,110.056568119
23476.5909739,55.7005942951
23481.8829079,98.7202283406
23487.1702669,116.064401977
23492.4043596,96.9155414731
23497.6957958,117.417849212
23503.3415723,135.400429362
23509.2586551,97.8865407937
23515.2337639,104.197705551
23520.9315619,118.659620723
23526.7894275,130.290830396
23532.6666334,135.702723671
23538.6367292,142.270188643
23544.6585875,109.422315459
23550.3933153,121.026832198
23556.2182176,113.593985297
23561.8024411,104.844815596
23567.7491407,123.02865135
23573.4620998,110.862141103
23579.2168472,135.837849212
23585.5707283,123.637384153
23591.2872097,109.111718073
23596.9910879,112.544147305
23602.6761379,100.755717779
23608.4565206,79.843073472
23614.2782738,123.452561267
23619.8927209,113.371878289
23625.6159363,128.328848847
23631.2513361,117.555700283
23636.902765,114.843241969
23642.5496769,105.65073055
23648.2162011,143.788521961
23654.0033588,83.0851071626
23659.6749609,93.0410910924
23665.3992772,130.400206431
23671.0593488,140.186926539
23676.6933734,61.2700008284
23682.4634826,110.726894649
23688.1730185,118.259580173
23693.8216541,130.204071262
23699.3257415,119.653759056
23704.8850651,135.450900427
23710.6688278,109.960774057
23716.7229548,129.491906597
23722.5915732,95.4957699448
23728.6611781,117.194038687
23734.6472321,109.27344851
23740.5388649,125.063757148
23746.487808,120.364149122
23752.4929013,133.123849801
23758.5225205,55.5248038704
23764.4047506,132.794287483
23770.0879645,127.455811796
23775.8426747,125.123222929
23781.512749,111.485265743
23787.1998885,126.745730448
23792.8466256,113.618124307
23798.5710793,79.6484927018
23804.3591571,117.593951344
23810.0546126,104.59260923
23815.523174,138.515890475
23821.08,130.309453268
23826.9814754,42.3965454732
23832.8459482,46.7584048312
23838.8083434,85.7785927459
23844.7987216,124.862339622
23850.6695459,138.753791466
23856.5020711,125.087261703
23862.3445077,123.263965399
23868.1029058,106.51374371
23873.8068089,117.456510467
23879.7143712,44.0832826195
23885.6408179,54.2873675231
23891.6221857,130.976216592
23897.4313838,39.5769044444
23903.0657835,87.2805807042
23908.7362492,93.5816936922
23914.477016,139.382629747
23920.1598504,137.066865456
23925.8608809,105.860279787
23931.7313991,110.621202543
23937.4980865,105.965599022
23943.2341683,91.6399445787
23948.9826288,140.716707196
23954.6344783,55.5142337883
23960.4987609,96.5587976406
23966.4825137,112.954250807
23972.4455011,114.967762146
23978.3004591,142.584955818
23984.2432311,57.4995057114
23990.1563625,117.350329531
23996.0949004,40.4441816325
24001.7792053,123.160640671
24007.6682107,83.0564890061
24013.5213022,86.2142549717
24019.471323,122.220183798
24025.4668491,123.907209711
24031.155376,85.8707701938
24036.9908888,36.442779847
24042.5046215,95.6012535981
24048.1572464,86.5727284513
24053.7160039,119.015967774
24059.378572,113.579244417
24064.9123156,123.91972889
24070.2245884,123.568491255
24076.0455701,134.476159096
24081.7561748,127.747748581
24087.6317561,37.9556282879
24093.293704,103.242550127
24098.9723616,126.867738603
24104.7493649,99.587471166
24110.5918462,146.169726411
24116.3916273,129.990795716
24121.9653699,134.519416622
24127.6568513,129.69434984
24133.2837017,127.145798239
24138.9035151,96.6881421639
24144.5934217,111.694046088
24150.1671584,128.667576565
24155.721179,140.556678494
24161.5722475,120.90075442
24167.3639607,113.958817197
24173.2652919,122.064314719
24179.2410319,122.306380158
24185.1199245,135.747237584
24190.7799089,125.997415818
24196.6291969,44.9202813695
24202.4644983,137.775145506
24208.3899143,51.5292506148
24214.2921102,94.395260954
24220.1696818,114.758933351
24226.1247487,102.270199095
24232.0389965,140.897614518
24237.8325748,126.503405965
24243.6596878,117.045785683
24249.3169985,129.1066814
24255.016216,131.846736868
24260.6491137,129.164762888
24266.383275,65.2859100181
24271.9011209,123.623406429
24277.2410038,113.212744141
24283.9178262,98.3599436396
24289.9113805,125.850032132
24295.7098522,110.788691652
24301.5440929,113.589551921
24307.4878864,124.228075558
24313.3593843,133.641684673
24319.2838514,133.775361756
24325.3057566,131.890581287
24331.0365214,115.952275606
24336.9363341,113.441177626
24342.8731816,118.049000905
24348.8084009,125.494487562
24354.8509083,127.242795883
24360.7443559,110.345264409
24366.5695579,123.326309098
24372.2614529,112.674180063
24377.9974058,122.829289367
24383.6685781,117.976201521
24389.4126594,117.864418975
24394.9204047,105.446589132
24400.5617766,106.080846346
24406.5559654,88.6459605812
24412.2858958,99.2082870904
24418.2639561,93.3985372489
24424.1698387,41.0837814293
24429.8741796,125.060754481
24435.7034745,113.4705809
24441.5550795,125.738980493
24447.3848379,115.331460038
24453.2059107,113.832427372
24458.9837389,57.933158518
24464.7993984,133.723202318
24470.5158331,120.444118495
24476.2859366,121.053735855
24482.2364876,66.4591991893
24488.2878494,137.243230226
24494.2849667,131.167258165
24500.1229713,130.396406993
24505.9399617,120.828453941
24511.6650982,117.90952718
24517.4586666,130.128936846
24523.1625807,116.559588564
24528.7813489,122.4205903
24534.8854134,115.998928289
24540.5506666,113.158848462
24546.3159485,114.409246094
24551.9585705,129.038117715
24557.7787964,27.6818340899
24563.2689223,105.072960468
24568.8601358,54.2353396724
24574.5562317,101.547173958
24580.3556781,137.878442436
24586.344141,109.804418815
24592.2359135,133.250228668
24598.2195079,126.306293098
24604.029237,142.044936183
24609.8952181,97.2412960107
24615.8268588,27.2385640634
24621.5278845,74.9916097622
24627.481061,119.795261609
24634.0369658,126.978853744
24639.9266295,109.155054272
24645.9200313,75.7022543809
24651.7595177,27.3901409472
24657.699774,133.317700444
24663.6505799,92.5943908599
24669.6471381,105.398235311
24675.6810036,80.4230106203
24681.4987574,108.121390731
24687.2005813,86.5874980634
24692.9538937,110.979887804
24698.615505,142.378944898
24704.3360717,106.425639661
24710.0485311,104.706230012
24715.7050631,115.867073173
24721.0125384,134.893287474
24726.8625555,102.692284778
24732.6810811,94.165001586
24738.4398239,81.9540002649
24744.2043877,122.518022754
24749.8800416,131.628843874
24755.7388613,87.3471663453
24761.4002225,117.222684737
24767.0065191,123.553586436
24772.6101842,135.777805982
24778.233911,76.4921417947
24783.900682,88.6595710558
24789.5107617,91.3611514836
24794.8660941,83.6892792196
24800.6780918,133.463830562
24806.6640365,117.0127919
24812.6200886,97.5506935369
24818.454406,107.750428873
24824.3467228,64.725343404
24830.1387234,129.55250063
24836.0159492,105.93082492
24841.7114561,110.561918365
24847.5689254,107.172192983
24853.320821,115.524505745
24859.1086526,107.597938167
24864.9027565,103.797018847
24870.6205814,127.252109096
24876.3767104,101.06989123
24881.7764432,121.725263063
24887.7703409,108.378543531
24893.4581971,107.756584108
24899.3765771,85.5324485335
24905.2918708,108.986897738
24910.9822052,95.5223199017
24916.6193576,109.769439995
24922.5997257,96.0916585963
24928.2302942,111.450569813
24933.8387697,106.174482624
24939.5849802,89.0627034615
24945.3185122,94.6238788177
24950.8507838,128.815404093
24956.5021963,85.5382901712
24962.5069103,137.777981383
24968.5496995,37.0403638521
24974.4057863,75.6200187788
24980.3654668,126.426843486
24987.0754681,37.4624212179
24992.7614326,111.272328877
24998.7086701,125.792010379
25004.3833044,112.026810575
25010.0027306,119.584589343
25015.6797562,141.697605483
25021.339823,86.2736168512
25026.7987235,121.673482353
25032.4928598,62.5570202271
25038.3215942,132.943104807
25044.3331811,127.682776848
25050.1487713,141.943594462
25056.1598949,82.7487673875
25062.0190361,123.803075631
25068.0224428,109.758464355
25074.0348444,118.645785089
25079.7728651,108.739850827
25085.6192753,123.424282279
25091.252094,126.876361932
25096.732033,131.747941336
25102.7261362,101.083454462
25108.6047919,121.253997393
25114.4410412,141.431122617
25120.2437754,58.9247813213
25126.0652432,103.363533029
25131.9713752,111.88538756
25137.8963253,120.062506743
25143.7094982,113.956532261
25149.5209167,122.495636699
25155.4889998,105.469293071
25161.3037202,110.370724978
25167.185499,126.092516033
25172.8528473,113.611297429
25178.7020009,115.934612713
25184.4279265,91.3898255569
25190.2083745,102.759419581
25195.733351,122.421559058
25201.3979619,129.87897255
25207.2581294,122.962984763
25213.0420389,121.110776464
25219.0320172,110.358791964
25225.0301085,103.442690558
25231.0363827,126.514629838
25236.8691585,114.268837354
25242.7076318,118.147768325
25248.572516,126.192132407
25254.4556909,126.615938262
25260.1152036,122.293270121
25266.1066937,135.583094585
25272.0636599,122.065256975
25277.9867928,119.836834437
25283.8818617,126.446772678
25289.6915298,109.954637382
25295.6686368,104.510474602
25301.4686885,133.587588901
25307.1977353,118.581745539
25312.9404821,116.25074473
25318.5974424,105.845401749
25324.0197413,40.1317944552
25329.7519312,129.148057296
25336.1380765,111.407858941
25341.8984115,108.352292323
25347.6622896,100.209599142
25353.6334388,144.002005019
25359.3013885,142.110471651
25365.2110596,100.861781752
25370.8369112,61.0775110111
25376.6179609,36.0223128224
25381.879226,121.81330316
25387.8563108,132.795875179
25393.8587248,105.26834421
25399.6955163,118.670112316
25405.7228808,111.510953859
25411.441201,107.895162336
25417.3396828,133.472272195
25423.1167941,90.3982001354
25429.0391593,146.939542827
25434.9617083,100.784863613
25440.7510369,92.3481471833
25446.6884618,131.544862759
25452.547509,109.716419587
25458.4838071,114.88054969
25464.4301438,136.229082509
25470.316941,96.5836124982
25476.2138975,108.007422943
25481.9530931,88.5843746157
25487.7729053,145.6035635
25493.5871022,119.337487721
25499.5537899,138.254771211
25505.4715044,134.141789098
25511.4270926,111.536922572
25517.3202574,106.576929336
25522.5458558,123.258808169
25527.8380759,110.33562074
25533.0552263,105.024429706
25538.311712,123.860502198
25543.5649483,97.9783048179
25548.8422294,103.978776799
25554.1313775,120.790328348
25559.3335884,108.437500849
25564.5909505,129.701050016
25569.8058496,0.227636681553
25575.1548884,49.2703264536
25580.3527393,129.605755507
25585.6577275,133.5497575
25590.8741803,74.3508124715
25596.1765783,105.89902493
25601.3754344,140.841989891
25606.6724784,132.456005296
25611.8783925,74.8690899473
25617.211396,54.745362463
25622.4449606,127.459033158
25627.7231534,119.921129596
25632.9886444,101.160865936
25638.2662721,78.0333756869
25643.5018649,142.703807378
25648.7565238,109.682982915
25654.0103796,136.739006166
25659.2264276,131.664217647
25664.5207739,97.6666479611
