0,0.000000,0.367297,0.218343,0.275676,0.314250,0.246624,0.223027,0.261678,0.167671,0.185358,0.247613,0.252042,0.197840,0.248177,0.056641,0.179743
1,0.004167,0.367306,0.218323,0.275689,0.314254,0.246605,0.223053,0.261678,0.167672,0.185358,0.247613,0.252051,0.197836,0.248179,0.056638,0.179743
2,0.008333,0.367318,0.218318,0.275697,0.314256,0.246607,0.223052,0.261678,0.167672,0.185359,0.247617,0.252041,0.197838,0.248181,0.056637,0.179738
3,0.012500,0.367291,0.218345,0.275690,0.314247,0.246641,0.223026,0.261670,0.167673,0.185339,0.247616,0.252048,0.197830,0.248182,0.056638,0.179738
4,0.016667,0.367307,0.218336,0.275694,0.314258,0.246607,0.223053,0.261680,0.167672,0.185352,0.247618,0.252040,0.197835,0.248184,0.056637,0.179742
5,0.020833,0.367320,0.218331,0.275702,0.314248,0.246629,0.223020,0.261681,0.167667,0.185359,0.247617,0.252049,0.197829,0.248183,0.056636,0.179738
6,0.025000,0.367292,0.218357,0.275695,0.314257,0.246609,0.223053,0.261675,0.167673,0.185336,0.247617,0.252048,0.197826,0.248185,0.056637,0.179738
7,0.029167,0.367311,0.218347,0.275701,0.314250,0.246635,0.223035,0.261686,0.167673,0.185348,0.247617,0.252049,0.197827,0.248183,0.056636,0.179740
8,0.033333,0.367323,0.218345,0.275709,0.314249,0.246645,0.223029,0.261672,0.167676,0.185335,0.247618,0.252042,0.197831,0.248185,0.056635,0.179738
9,0.037500,0.367326,0.218351,0.275711,0.314240,0.246643,0.223016,0.261683,0.167674,0.185348,0.247619,0.252050,0.197825,0.248181,0.056638,0.179740
10,0.041667,0.367309,0.218389,0.275701,0.314251,0.246646,0.223029,0.261683,0.167672,0.185354,0.247620,0.252051,0.197823,0.248183,0.056640,0.179737
11,0.045833,0.367327,0.218375,0.275707,0.314256,0.246614,0.223052,0.261684,0.167671,0.185354,0.247619,0.252051,0.197825,0.248183,0.056637,0.179741
12,0.050000,0.367314,0.218396,0.275706,0.314257,0.246635,0.223032,0.261685,0.167673,0.185356,0.247621,0.252043,0.197831,0.248183,0.056639,0.179739
13,0.054167,0.367333,0.218382,0.275716,0.314258,0.246636,0.223031,0.261688,0.167670,0.185355,0.247620,0.252050,0.197827,0.248185,0.056634,0.179740
14,0.058333,0.367345,0.218376,0.275724,0.314254,0.246639,0.223035,0.261686,0.167670,0.185356,0.247620,0.252048,0.197827,0.248181,0.056634,0.179741
15,0.062500,0.367348,0.218378,0.275727,0.314250,0.246651,0.223028,0.261682,0.167667,0.185358,0.247618,0.252048,0.197829,0.248181,0.056632,0.179747
16,0.066667,0.367345,0.218382,0.275728,0.314252,0.246651,0.223027,0.261685,0.167666,0.185356,0.247618,0.252048,0.197830,0.248180,0.056635,0.179747
17,0.070833,0.367316,0.218410,0.275712,0.314251,0.246650,0.223027,0.261681,0.167667,0.185363,0.247617,0.252045,0.197831,0.248180,0.056632,0.179747
18,0.075000,0.367332,0.218394,0.275721,0.314253,0.246652,0.223027,0.261685,0.167667,0.185358,0.247617,0.252039,0.197839,0.248181,0.056631,0.179743
19,0.079167,0.367320,0.218413,0.275716,0.314254,0.246653,0.223023,0.261684,0.167668,0.185358,0.247617,0.252047,0.197835,0.248181,0.056633,0.179743
20,0.083333,0.367310,0.218423,0.275708,0.314254,0.246653,0.223025,0.261684,0.167667,0.185358,0.247618,0.252040,0.197838,0.248180,0.056632,0.179744
21,0.087500,0.367300,0.218418,0.275706,0.314256,0.246643,0.223033,0.261683,0.167665,0.185366,0.247618,0.252037,0.197841,0.248181,0.056631,0.179746
22,0.091667,0.367346,0.218401,0.275712,0.314260,0.246640,0.223033,0.261681,0.167665,0.185369,0.247616,0.252040,0.197845,0.248181,0.056633,0.179745
23,0.095833,0.367360,0.218384,0.275724,0.314252,0.246638,0.223021,0.261680,0.167665,0.185366,0.247618,0.252039,0.197843,0.248179,0.056634,0.179751
24,0.100000,0.367364,0.218388,0.275715,0.314253,0.246649,0.223029,0.261680,0.167665,0.185367,0.247617,0.252039,0.197843,0.248177,0.056633,0.179749
25,0.104167,0.367362,0.218390,0.275707,0.314254,0.246647,0.223027,0.261679,0.167667,0.185367,0.247614,0.252047,0.197841,0.248177,0.056631,0.179750
26,0.108333,0.367361,0.218385,0.275709,0.314254,0.246648,0.223026,0.261671,0.167672,0.185347,0.247615,0.252041,0.197846,0.248178,0.056632,0.179749
27,0.112500,0.367361,0.218380,0.275705,0.314255,0.246634,0.223033,0.261679,0.167667,0.185362,0.247615,0.252041,0.197843,0.248175,0.056631,0.179749
28,0.116667,0.367364,0.218384,0.275693,0.314256,0.246633,0.223033,0.261667,0.167672,0.185352,0.247613,0.252048,0.197839,0.248175,0.056632,0.179746
29,0.120833,0.367365,0.218380,0.275689,0.314255,0.246633,0.223031,0.261677,0.167667,0.185365,0.247613,0.252040,0.197845,0.248173,0.056629,0.179750
30,0.125000,0.367364,0.218368,0.275690,0.314251,0.246638,0.223033,0.261674,0.167666,0.185374,0.247610,0.252041,0.197846,0.248177,0.056628,0.179750
31,0.129167,0.367353,0.218358,0.275687,0.314253,0.246633,0.223030,0.261674,0.167667,0.185372,0.247612,0.252041,0.197847,0.248173,0.056629,0.179755
32,0.133333,0.367350,0.218354,0.275680,0.314258,0.246610,0.223049,0.261673,0.167668,0.185376,0.247612,0.252039,0.197848,0.248174,0.056629,0.179749
33,0.137500,0.367352,0.218346,0.275677,0.314243,0.246644,0.223014,0.261674,0.167665,0.185371,0.247609,0.252040,0.197852,0.248176,0.056629,0.179751
34,0.141667,0.367347,0.218339,0.275673,0.314257,0.246614,0.223049,0.261675,0.167667,0.185372,0.247610,0.252040,0.197853,0.248177,0.056629,0.179751
35,0.145833,0.367349,0.218334,0.275668,0.314254,0.246633,0.223029,0.261674,0.167667,0.185372,0.247609,0.252048,0.197849,0.248177,0.056629,0.179748
36,0.150000,0.367345,0.218329,0.275666,0.314250,0.246633,0.223015,0.261664,0.167670,0.185352,0.247608,0.252039,0.197852,0.248174,0.056629,0.179751
37,0.154167,0.367343,0.218325,0.275662,0.314249,0.246633,0.223015,0.261674,0.167671,0.185367,0.247606,0.252040,0.197855,0.248176,0.056630,0.179749
38,0.158333,0.367342,0.218319,0.275660,0.314255,0.246633,0.223029,0.261671,0.167665,0.185377,0.247605,0.252040,0.197854,0.248175,0.056628,0.179751
39,0.162500,0.367342,0.218316,0.275655,0.314249,0.246609,0.223034,0.261669,0.167664,0.185376,0.247604,0.252039,0.197855,0.248174,0.056626,0.179755
40,0.166667,0.367342,0.218313,0.275653,0.314245,0.246630,0.223013,0.261670,0.167665,0.185374,0.247602,0.252039,0.197857,0.248173,0.056628,0.179753
41,0.170833,0.367340,0.218309,0.275651,0.314243,0.246628,0.223014,0.261668,0.167665,0.185373,0.247603,0.252040,0.197859,0.248175,0.056625,0.179752
42,0.175000,0.367342,0.218306,0.275649,0.314239,0.246632,0.223013,0.261668,0.167664,0.185375,0.247600,0.252039,0.197855,0.248172,0.056625,0.179757
43,0.179167,0.367340,0.218303,0.275649,0.314242,0.246628,0.223012,0.261667,0.167666,0.185375,0.247599,0.252039,0.197860,0.248171,0.056630,0.179758
44,0.183333,0.367341,0.218303,0.275645,0.314245,0.246641,0.223019,0.261666,0.167668,0.185382,0.247598,0.252050,0.197856,0.248173,0.056630,0.179758
45,0.187500,0.367339,0.218303,0.275648,0.314243,0.246629,0.223013,0.261666,0.167669,0.185380,0.247599,0.252045,0.197862,0.248173,0.056629,0.179759
46,0.191667,0.367340,0.218301,0.275648,0.314235,0.246644,0.223008,0.261663,0.167670,0.185384,0.247597,0.252044,0.197864,0.248174,0.056631,0.179762
47,0.195833,0.367338,0.218300,0.275649,0.314238,0.246634,0.223014,0.261663,0.167672,0.185383,0.247597,0.252043,0.197862,0.248174,0.056633,0.179759
48,0.200000,0.367337,0.218298,0.275646,0.314236,0.246633,0.223017,0.261655,0.167677,0.185359,0.247596,0.252045,0.197864,0.248172,0.056633,0.179763
49,0.204167,0.367336,0.218300,0.275645,0.314234,0.246641,0.223007,0.261653,0.167678,0.185355,0.247595,0.252044,0.197867,0.248171,0.056631,0.179763
50,0.208333,0.367339,0.218301,0.275646,0.314235,0.246634,0.223016,0.261661,0.167671,0.185380,0.247593,0.252040,0.197866,0.248170,0.056632,0.179760
51,0.212500,0.367341,0.218302,0.275646,0.314241,0.246608,0.223034,0.261663,0.167667,0.185386,0.247592,0.252040,0.197866,0.248173,0.056630,0.179759
52,0.216667,0.367338,0.218302,0.275647,0.314238,0.246626,0.223016,0.261659,0.167667,0.185388,0.247592,0.252041,0.197868,0.248172,0.056631,0.179760
53,0.220833,0.367340,0.218302,0.275648,0.314241,0.246642,0.223021,0.261663,0.167667,0.185384,0.247593,0.252040,0.197866,0.248173,0.056630,0.179762
54,0.225000,0.367341,0.218306,0.275649,0.314233,0.246641,0.223009,0.261663,0.167671,0.185384,0.247593,0.252042,0.197865,0.248174,0.056627,0.179757
55,0.229167,0.367339,0.218306,0.275648,0.314234,0.246642,0.223008,0.261665,0.167668,0.185382,0.247594,0.252041,0.197861,0.248173,0.056629,0.179754
56,0.233333,0.367342,0.218310,0.275647,0.314237,0.246635,0.223015,0.261656,0.167674,0.185361,0.247593,0.252042,0.197859,0.248175,0.056631,0.179754
57,0.237500,0.367343,0.218312,0.275647,0.314233,0.246644,0.223008,0.261657,0.167680,0.185352,0.247593,0.252042,0.197857,0.248172,0.056628,0.179755
58,0.241667,0.367342,0.218317,0.275649,0.314232,0.246644,0.223010,0.261666,0.167671,0.185372,0.247593,0.252042,0.197856,0.248173,0.056632,0.179752
59,0.245833,0.367343,0.218322,0.275649,0.314237,0.246633,0.223016,0.261666,0.167666,0.185379,0.247595,0.252042,0.197857,0.248174,0.056631,0.179750
60,0.250000,0.367345,0.218325,0.275651,0.314233,0.246645,0.223010,0.261668,0.167669,0.185376,0.247595,0.252041,0.197853,0.248174,0.056628,0.179752
61,0.254167,0.367344,0.218332,0.275655,0.314235,0.246637,0.223016,0.261662,0.167675,0.185353,0.247596,0.252040,0.197851,0.248173,0.056631,0.179750
62,0.258333,0.367344,0.218336,0.275654,0.314242,0.246649,0.223021,0.261671,0.167671,0.185368,0.247598,0.252041,0.197848,0.248175,0.056632,0.179747
63,0.262500,0.367343,0.218338,0.275659,0.314240,0.246650,0.223023,0.261672,0.167667,0.185377,0.247599,0.252040,0.197847,0.248175,0.056630,0.179749
64,0.266667,0.367344,0.218342,0.275662,0.314237,0.246642,0.223016,0.261673,0.167667,0.185370,0.247600,0.252039,0.197846,0.248176,0.056632,0.179745
65,0.270833,0.367342,0.218345,0.275666,0.314236,0.246650,0.223008,0.261673,0.167669,0.185366,0.247601,0.252040,0.197843,0.248172,0.056630,0.179745
66,0.275000,0.367340,0.218352,0.275671,0.314247,0.246641,0.223027,0.261674,0.167668,0.185364,0.247601,0.252039,0.197842,0.248176,0.056630,0.179743
67,0.279167,0.367341,0.218355,0.275675,0.314242,0.246654,0.223020,0.261673,0.167668,0.185362,0.247604,0.252036,0.197840,0.248173,0.056631,0.179744
68,0.283333,0.367342,0.218360,0.275677,0.314237,0.246652,0.223009,0.261674,0.167669,0.185362,0.247605,0.252037,0.197838,0.248175,0.056631,0.179742
69,0.287500,0.367341,0.218361,0.275684,0.314245,0.246653,0.223022,0.261673,0.167668,0.185366,0.247604,0.252039,0.197835,0.248176,0.056631,0.179743
70,0.291667,0.367339,0.218365,0.275687,0.314244,0.246652,0.223022,0.261667,0.167672,0.185345,0.247607,0.252040,0.197832,0.248174,0.056633,0.179742
71,0.295833,0.367338,0.218368,0.275690,0.314237,0.246652,0.223010,0.261667,0.167674,0.185334,0.247607,0.252040,0.197834,0.248175,0.056631,0.179744
72,0.300000,0.367338,0.218370,0.275695,0.314246,0.246643,0.223027,0.261673,0.167671,0.185359,0.247608,0.252040,0.197830,0.248176,0.056634,0.179746
73,0.304167,0.367307,0.218397,0.275686,0.314243,0.246650,0.223019,0.261674,0.167668,0.185364,0.247608,0.252049,0.197826,0.248175,0.056631,0.179743
74,0.308333,0.367331,0.218388,0.275697,0.314243,0.246652,0.223021,0.261667,0.167673,0.185334,0.247608,0.252051,0.197825,0.248174,0.056635,0.179744
75,0.312500,0.367341,0.218379,0.275710,0.314243,0.246654,0.223017,0.261663,0.167678,0.185329,0.247607,0.252052,0.197823,0.248173,0.056633,0.179742
76,0.316667,0.367330,0.218374,0.275711,0.314244,0.246650,0.223017,0.261666,0.167680,0.185329,0.247610,0.252050,0.197819,0.248172,0.056635,0.179744
77,0.320833,0.367296,0.218399,0.275701,0.314237,0.246651,0.223001,0.261672,0.167672,0.185354,0.247610,0.252051,0.197818,0.248170,0.056636,0.179745
78,0.325000,0.367290,0.218419,0.275696,0.314245,0.246651,0.223015,0.261676,0.167669,0.185358,0.247609,0.252050,0.197819,0.248172,0.056632,0.179747
79,0.329167,0.367291,0.218414,0.275701,0.314238,0.246649,0.223002,0.261676,0.167666,0.185355,0.247611,0.252048,0.197819,0.248173,0.056630,0.179746
80,0.333333,0.367323,0.218385,0.275718,0.314244,0.246635,0.223007,0.261675,0.167665,0.185356,0.247611,0.252048,0.197820,0.248172,0.056631,0.179744
81,0.337500,0.367334,0.218373,0.275725,0.314239,0.246650,0.223000,0.261667,0.167670,0.185335,0.247612,0.252048,0.197822,0.248173,0.056629,0.179748
82,0.341667,0.367302,0.218396,0.275713,0.314241,0.246647,0.223001,0.261680,0.167667,0.185349,0.247612,0.252046,0.197819,0.248174,0.056629,0.179747
83,0.345833,0.367284,0.218406,0.275702,0.314253,0.246636,0.223018,0.261677,0.167665,0.185355,0.247611,0.252046,0.197820,0.248175,0.056630,0.179748
84,0.350000,0.367282,0.218403,0.275701,0.314249,0.246637,0.223005,0.261678,0.167667,0.185355,0.247612,0.252046,0.197822,0.248176,0.056630,0.179747
85,0.354167,0.367274,0.218393,0.275702,0.314242,0.246651,0.222997,0.261676,0.167665,0.185358,0.247610,0.252046,0.197822,0.248173,0.056630,0.179752
86,0.358333,0.367283,0.218396,0.275699,0.314242,0.246648,0.222999,0.261677,0.167666,0.185357,0.247612,0.252049,0.197822,0.248175,0.056631,0.179747
87,0.362500,0.367284,0.218391,0.275699,0.314247,0.246634,0.223004,0.261677,0.167667,0.185355,0.247612,0.252047,0.197824,0.248172,0.056632,0.179749
88,0.366667,0.367288,0.218387,0.275695,0.314254,0.246633,0.223017,0.261673,0.167665,0.185359,0.247612,0.252047,0.197823,0.248174,0.056630,0.179751
89,0.370833,0.367289,0.218385,0.275692,0.314241,0.246645,0.222999,0.261664,0.167673,0.185339,0.247611,0.252049,0.197826,0.248174,0.056631,0.179752
90,0.375000,0.367311,0.218351,0.275700,0.314246,0.246629,0.223006,0.261673,0.167669,0.185352,0.247609,0.252049,0.197827,0.248174,0.056632,0.179751
91,0.379167,0.367333,0.218345,0.275703,0.314240,0.246642,0.223000,0.261659,0.167671,0.185345,0.247608,0.252049,0.197828,0.248171,0.056631,0.179754
92,0.383333,0.367336,0.218342,0.275698,0.314252,0.246628,0.223019,0.261663,0.167675,0.185336,0.247608,0.252050,0.197829,0.248173,0.056631,0.179747
93,0.387500,0.367308,0.218363,0.275680,0.314246,0.246628,0.223006,0.261672,0.167670,0.185359,0.247607,0.252051,0.197832,0.248170,0.056631,0.179751
94,0.391667,0.367285,0.218364,0.275668,0.314245,0.246626,0.223007,0.261669,0.167671,0.185367,0.247607,0.252050,0.197831,0.248173,0.056632,0.179745
95,0.395833,0.367317,0.218338,0.275675,0.314244,0.246626,0.223008,0.261669,0.167670,0.185362,0.247607,0.252044,0.197839,0.248172,0.056633,0.179750
96,0.400000,0.367332,0.218324,0.275679,0.314243,0.246627,0.223008,0.261659,0.167675,0.185347,0.247606,0.252042,0.197840,0.248171,0.056632,0.179748
97,0.404167,0.367334,0.218319,0.275672,0.314244,0.246626,0.223008,0.261659,0.167675,0.185343,0.247603,0.252050,0.197839,0.248170,0.056634,0.179751
98,0.408333,0.367333,0.218319,0.275666,0.314250,0.246629,0.223020,0.261667,0.167671,0.185369,0.247604,0.252043,0.197846,0.248169,0.056632,0.179754
99,0.412500,0.367334,0.218314,0.275662,0.314239,0.246640,0.223005,0.261658,0.167671,0.185355,0.247605,0.252050,0.197846,0.248170,0.056633,0.179753
100,0.416667,0.367334,0.218310,0.275657,0.314245,0.246628,0.223011,0.261668,0.167668,0.185374,0.247603,0.252039,0.197851,0.248171,0.056631,0.179757
101,0.420833,0.367339,0.218305,0.275652,0.314244,0.246629,0.223012,0.261668,0.167669,0.185380,0.247601,0.252047,0.197851,0.248170,0.056633,0.179753
102,0.425000,0.367341,0.218303,0.275648,0.314241,0.246643,0.223006,0.261670,0.167669,0.185377,0.247602,0.252040,0.197856,0.248171,0.056634,0.179754
103,0.429167,0.367341,0.218300,0.275642,0.314247,0.246643,0.223018,0.261668,0.167670,0.185377,0.247602,0.252040,0.197856,0.248173,0.056632,0.179754
104,0.433333,0.367342,0.218301,0.275637,0.314245,0.246630,0.223013,0.261669,0.167667,0.185372,0.247600,0.252039,0.197858,0.248173,0.056631,0.179752
105,0.437500,0.367346,0.218301,0.275634,0.314237,0.246642,0.223006,0.261668,0.167668,0.185375,0.247601,0.252039,0.197859,0.248172,0.056630,0.179752
106,0.441667,0.367348,0.218299,0.275631,0.314247,0.246644,0.223019,0.261668,0.167666,0.185377,0.247601,0.252039,0.197859,0.248173,0.056629,0.179750
107,0.445833,0.367351,0.218301,0.275631,0.314237,0.246641,0.223007,0.261669,0.167667,0.185377,0.247599,0.252039,0.197860,0.248174,0.056629,0.179753
108,0.450000,0.367353,0.218302,0.275626,0.314250,0.246629,0.223025,0.261667,0.167666,0.185373,0.247599,0.252039,0.197861,0.248172,0.056629,0.179751
109,0.454167,0.367354,0.218301,0.275627,0.314237,0.246643,0.223008,0.261667,0.167666,0.185380,0.247598,0.252039,0.197865,0.248170,0.056628,0.179757
110,0.458333,0.367357,0.218305,0.275629,0.314246,0.246609,0.223035,0.261667,0.167668,0.185383,0.247599,0.252039,0.197864,0.248172,0.056631,0.179752
111,0.462500,0.367357,0.218304,0.275632,0.314236,0.246643,0.223009,0.261667,0.167668,0.185382,0.247598,0.252040,0.197867,0.248174,0.056631,0.179750
112,0.466667,0.367355,0.218309,0.275632,0.314236,0.246643,0.223009,0.261666,0.167667,0.185385,0.247597,0.252042,0.197869,0.248171,0.056634,0.179754
113,0.470833,0.367354,0.218310,0.275635,0.314241,0.246632,0.223015,0.261667,0.167668,0.185383,0.247597,0.252040,0.197868,0.248171,0.056635,0.179754
114,0.475000,0.367353,0.218313,0.275637,0.314240,0.246633,0.223017,0.261665,0.167670,0.185385,0.247598,0.252043,0.197869,0.248172,0.056631,0.179758
115,0.479167,0.367355,0.218315,0.275639,0.314234,0.246646,0.223012,0.261665,0.167669,0.185387,0.247598,0.252043,0.197869,0.248171,0.056635,0.179756
116,0.483333,0.367353,0.218315,0.275642,0.314251,0.246613,0.223048,0.261665,0.167669,0.185388,0.247597,0.252042,0.197870,0.248172,0.056635,0.179758
117,0.487500,0.367353,0.218319,0.275646,0.314243,0.246646,0.223023,0.261663,0.167670,0.185388,0.247598,0.252043,0.197870,0.248170,0.056636,0.179758
118,0.491667,0.367352,0.218318,0.275648,0.314238,0.246636,0.223020,0.261666,0.167668,0.185387,0.247598,0.252041,0.197868,0.248171,0.056633,0.179760
119,0.495833,0.367350,0.218322,0.275651,0.314249,0.246634,0.223030,0.261664,0.167669,0.185388,0.247599,0.252041,0.197866,0.248170,0.056635,0.179759
120,0.500000,0.367349,0.218324,0.275652,0.314253,0.246614,0.223049,0.261669,0.167669,0.185383,0.247600,0.252040,0.197863,0.248174,0.056635,0.179754
121,0.504167,0.367348,0.218325,0.275657,0.314245,0.246647,0.223023,0.261670,0.167670,0.185377,0.247601,0.252042,0.197862,0.248174,0.056635,0.179755
122,0.508333,0.367344,0.218328,0.275661,0.314237,0.246647,0.223010,0.261670,0.167670,0.185377,0.247602,0.252043,0.197856,0.248176,0.056634,0.179751
123,0.512500,0.367344,0.218333,0.275661,0.314243,0.246647,0.223022,0.261670,0.167671,0.185375,0.247604,0.252042,0.197852,0.248174,0.056635,0.179749
124,0.516667,0.367341,0.218333,0.275666,0.314237,0.246648,0.223008,0.261668,0.167669,0.185375,0.247600,0.252040,0.197852,0.248171,0.056633,0.179751
125,0.520833,0.367338,0.218334,0.275669,0.314238,0.246648,0.223008,0.261668,0.167669,0.185373,0.247602,0.252049,0.197845,0.248172,0.056631,0.179748
126,0.525000,0.367337,0.218339,0.275670,0.314238,0.246647,0.223008,0.261670,0.167671,0.185369,0.247605,0.252042,0.197841,0.248173,0.056634,0.179743
127,0.529167,0.367334,0.218340,0.275675,0.314245,0.246648,0.223018,0.261674,0.167668,0.185364,0.247607,0.252042,0.197841,0.248176,0.056634,0.179745
128,0.533333,0.367332,0.218341,0.275678,0.314240,0.246638,0.223012,0.261676,0.167671,0.185364,0.247606,0.252040,0.197838,0.248175,0.056634,0.179743
129,0.537500,0.367330,0.218344,0.275679,0.314245,0.246648,0.223017,0.261677,0.167672,0.185361,0.247607,0.252049,0.197828,0.248176,0.056636,0.179739
130,0.541667,0.367327,0.218344,0.275685,0.314245,0.246649,0.223016,0.261668,0.167673,0.185334,0.247609,0.252042,0.197832,0.248175,0.056630,0.179744
131,0.545833,0.367325,0.218348,0.275691,0.314251,0.246636,0.223022,0.261676,0.167670,0.185350,0.247609,0.252040,0.197827,0.248174,0.056632,0.179742
132,0.550000,0.367323,0.218351,0.275694,0.314251,0.246637,0.223022,0.261677,0.167669,0.185359,0.247608,0.252050,0.197824,0.248177,0.056631,0.179743
133,0.554167,0.367318,0.218351,0.275698,0.314246,0.246649,0.223013,0.261675,0.167670,0.185360,0.247609,0.252050,0.197822,0.248174,0.056635,0.179744
134,0.558333,0.367287,0.218376,0.275687,0.314244,0.246649,0.223014,0.261674,0.167670,0.185361,0.247610,0.252050,0.197816,0.248174,0.056637,0.179744
135,0.562500,0.367305,0.218366,0.275700,0.314237,0.246649,0.223001,0.261678,0.167673,0.185354,0.247612,0.252051,0.197817,0.248173,0.056637,0.179746
136,0.566667,0.367285,0.218377,0.275695,0.314240,0.246648,0.223002,0.261675,0.167669,0.185353,0.247612,0.252051,0.197814,0.248175,0.056637,0.179746
137,0.570833,0.367302,0.218359,0.275704,0.314245,0.246649,0.223015,0.261676,0.167670,0.185357,0.247611,0.252051,0.197814,0.248176,0.056635,0.179746
138,0.575000,0.367283,0.218378,0.275698,0.314237,0.246648,0.223001,0.261676,0.167673,0.185355,0.247612,0.252051,0.197811,0.248177,0.056637,0.179742
139,0.579167,0.367269,0.218386,0.275691,0.314238,0.246647,0.223002,0.261675,0.167671,0.185353,0.247613,0.252052,0.197812,0.248174,0.056634,0.179748
140,0.583333,0.367265,0.218386,0.275693,0.314249,0.246636,0.223017,0.261664,0.167677,0.185332,0.247612,0.252053,0.197810,0.248174,0.056636,0.179750
141,0.587500,0.367308,0.218365,0.275706,0.314250,0.246635,0.223017,0.261675,0.167675,0.185344,0.247610,0.252053,0.197810,0.248174,0.056638,0.179744
142,0.591667,0.367285,0.218371,0.275703,0.314249,0.246635,0.223015,0.261673,0.167672,0.185353,0.247610,0.252052,0.197810,0.248174,0.056634,0.179748
143,0.595833,0.367266,0.218381,0.275695,0.314240,0.246635,0.223003,0.261667,0.167676,0.185327,0.247611,0.252052,0.197808,0.248174,0.056633,0.179742
144,0.600000,0.367256,0.218379,0.275691,0.314235,0.246648,0.222994,0.261663,0.167680,0.185324,0.247610,0.252053,0.197810,0.248174,0.056634,0.179744
145,0.604167,0.367257,0.218377,0.275693,0.314240,0.246635,0.223001,0.261673,0.167673,0.185349,0.247608,0.252051,0.197810,0.248173,0.056633,0.179747
146,0.608333,0.367270,0.218378,0.275690,0.314243,0.246636,0.223000,0.261674,0.167668,0.185359,0.247608,0.252051,0.197813,0.248174,0.056631,0.179744
147,0.612500,0.367278,0.218379,0.275692,0.314236,0.246647,0.222993,0.261667,0.167674,0.185332,0.247609,0.252051,0.197817,0.248175,0.056632,0.179750
148,0.616667,0.367268,0.218374,0.275693,0.314243,0.246634,0.222999,0.261674,0.167671,0.185346,0.247607,0.252051,0.197817,0.248176,0.056634,0.179750
149,0.620833,0.367269,0.218374,0.275691,0.314236,0.246649,0.222994,0.261664,0.167674,0.185338,0.247606,0.252050,0.197823,0.248174,0.056631,0.179751
150,0.625000,0.367278,0.218380,0.275685,0.314236,0.246649,0.222995,0.261675,0.167672,0.185354,0.247606,0.252051,0.197824,0.248174,0.056633,0.179751
151,0.629167,0.367273,0.218372,0.275683,0.314236,0.246650,0.222994,0.261674,0.167671,0.185358,0.247606,0.252051,0.197824,0.248175,0.056634,0.179749
152,0.633333,0.367274,0.218372,0.275679,0.314236,0.246649,0.222997,0.261674,0.167673,0.185358,0.247605,0.252051,0.197825,0.248175,0.056633,0.179752
153,0.637500,0.367287,0.218377,0.275674,0.314243,0.246650,0.223008,0.261672,0.167671,0.185362,0.247606,0.252044,0.197831,0.248172,0.056633,0.179754
154,0.641667,0.367284,0.218370,0.275668,0.314236,0.246649,0.222997,0.261671,0.167670,0.185365,0.247602,0.252051,0.197831,0.248172,0.056634,0.179757
155,0.645833,0.367285,0.218368,0.275663,0.314236,0.246648,0.223000,0.261669,0.167671,0.185368,0.247605,0.252051,0.197832,0.248172,0.056632,0.179758
156,0.650000,0.367322,0.218340,0.275669,0.314235,0.246647,0.223000,0.261671,0.167670,0.185365,0.247602,0.252052,0.197835,0.248173,0.056634,0.179756
157,0.654167,0.367337,0.218331,0.275671,0.314236,0.246648,0.223000,0.261671,0.167670,0.185370,0.247604,0.252044,0.197840,0.248175,0.056630,0.179757
158,0.658333,0.367341,0.218328,0.275664,0.314243,0.246648,0.223013,0.261661,0.167675,0.185354,0.247601,0.252051,0.197840,0.248172,0.056632,0.179758
159,0.662500,0.367342,0.218329,0.275660,0.314235,0.246648,0.223000,0.261667,0.167675,0.185367,0.247603,0.252044,0.197844,0.248177,0.056630,0.179751
160,0.666667,0.367343,0.218327,0.275653,0.314236,0.246647,0.223001,0.261669,0.167672,0.185372,0.247601,0.252043,0.197845,0.248175,0.056632,0.179750
161,0.670833,0.367345,0.218326,0.275648,0.314241,0.246634,0.223007,0.261660,0.167674,0.185351,0.247602,0.252043,0.197850,0.248174,0.056632,0.179754
162,0.675000,0.367348,0.218325,0.275642,0.314236,0.246648,0.223002,0.261669,0.167673,0.185367,0.247598,0.252041,0.197851,0.248173,0.056632,0.179749
163,0.679167,0.367350,0.218322,0.275642,0.314236,0.246648,0.223003,0.261670,0.167667,0.185374,0.247599,0.252041,0.197854,0.248173,0.056628,0.179751
164,0.683333,0.367352,0.218321,0.275637,0.314243,0.246612,0.223029,0.261669,0.167667,0.185374,0.247598,0.252041,0.197853,0.248173,0.056632,0.179751
165,0.687500,0.367353,0.218320,0.275639,0.314247,0.246635,0.223022,0.261668,0.167667,0.185379,0.247597,0.252039,0.197858,0.248171,0.056629,0.179754
166,0.691667,0.367357,0.218318,0.275634,0.314243,0.246648,0.223017,0.261668,0.167665,0.185380,0.247596,0.252038,0.197859,0.248172,0.056626,0.179751
167,0.695833,0.367358,0.218316,0.275634,0.314242,0.246634,0.223013,0.261668,0.167667,0.185379,0.247597,0.252040,0.197863,0.248172,0.056625,0.179754
168,0.700000,0.367360,0.218316,0.275631,0.314241,0.246634,0.223013,0.261666,0.167669,0.185384,0.247597,0.252041,0.197862,0.248172,0.056630,0.179755
169,0.704167,0.367359,0.218316,0.275629,0.314238,0.246638,0.223014,0.261668,0.167670,0.185384,0.247597,0.252041,0.197862,0.248173,0.056629,0.179754
170,0.708333,0.367358,0.218313,0.275633,0.314242,0.246648,0.223021,0.261669,0.167669,0.185383,0.247596,0.252039,0.197865,0.248175,0.056631,0.179755
171,0.712500,0.367359,0.218313,0.275632,0.314235,0.246648,0.223007,0.261666,0.167668,0.185383,0.247596,0.252042,0.197865,0.248173,0.056631,0.179756
172,0.716667,0.367357,0.218313,0.275630,0.314248,0.246614,0.223046,0.261665,0.167669,0.185385,0.247597,0.252044,0.197866,0.248173,0.056631,0.179755
173,0.720833,0.367358,0.218312,0.275632,0.314234,0.246646,0.223009,0.261667,0.167670,0.185385,0.247598,0.252043,0.197863,0.248169,0.056631,0.179756
174,0.725000,0.367357,0.218312,0.275633,0.314243,0.246646,0.223020,0.261664,0.167668,0.185387,0.247597,0.252042,0.197864,0.248168,0.056629,0.179757
175,0.729167,0.367357,0.218313,0.275634,0.314246,0.246634,0.223027,0.261665,0.167669,0.185389,0.247597,0.252043,0.197865,0.248170,0.056629,0.179759
176,0.733333,0.367354,0.218308,0.275636,0.314236,0.246636,0.223016,0.261666,0.167667,0.185384,0.247598,0.252043,0.197865,0.248171,0.056630,0.179758
177,0.737500,0.367353,0.218310,0.275638,0.314237,0.246632,0.223016,0.261664,0.167670,0.185385,0.247599,0.252043,0.197863,0.248174,0.056632,0.179754
178,0.741667,0.367349,0.218310,0.275642,0.314241,0.246632,0.223017,0.261665,0.167670,0.185386,0.247599,0.252043,0.197862,0.248170,0.056631,0.179757
179,0.745833,0.367347,0.218308,0.275646,0.314242,0.246645,0.223020,0.261668,0.167667,0.185381,0.247598,0.252040,0.197860,0.248170,0.056629,0.179758
180,0.750000,0.367343,0.218308,0.275650,0.314243,0.246644,0.223021,0.261665,0.167669,0.185380,0.247599,0.252042,0.197859,0.248172,0.056632,0.179755
181,0.754167,0.367340,0.218309,0.275654,0.314242,0.246609,0.223034,0.261667,0.167670,0.185378,0.247602,0.252042,0.197855,0.248173,0.056630,0.179753
182,0.758333,0.367336,0.218311,0.275658,0.314235,0.246643,0.223006,0.261668,0.167667,0.185377,0.247600,0.252041,0.197854,0.248171,0.056629,0.179755
183,0.762500,0.367332,0.218310,0.275663,0.314235,0.246642,0.223004,0.261667,0.167666,0.185375,0.247601,0.252040,0.197854,0.248173,0.056628,0.179749
184,0.766667,0.367331,0.218309,0.275667,0.314251,0.246608,0.223044,0.261669,0.167668,0.185373,0.247602,0.252041,0.197852,0.248173,0.056627,0.179750
185,0.770833,0.367329,0.218310,0.275671,0.314235,0.246641,0.223004,0.261670,0.167665,0.185371,0.247604,0.252042,0.197849,0.248173,0.056625,0.179754
186,0.775000,0.367325,0.218313,0.275675,0.314249,0.246630,0.223021,0.261670,0.167668,0.185370,0.247605,0.252041,0.197846,0.248176,0.056627,0.179751
187,0.779167,0.367321,0.218316,0.275680,0.314249,0.246630,0.223019,0.261670,0.167668,0.185369,0.247605,0.252041,0.197843,0.248176,0.056628,0.179752
188,0.783333,0.367318,0.218317,0.275686,0.314235,0.246643,0.223004,0.261670,0.167669,0.185370,0.247604,0.252043,0.197842,0.248174,0.056631,0.179750
189,0.787500,0.367316,0.218320,0.275686,0.314240,0.246631,0.223008,0.261661,0.167676,0.185345,0.247606,0.252043,0.197837,0.248176,0.056628,0.179748
190,0.791667,0.367324,0.218328,0.275690,0.314233,0.246642,0.223003,0.261670,0.167674,0.185361,0.247607,0.252050,0.197830,0.248176,0.056632,0.179747
191,0.795833,0.367311,0.218322,0.275694,0.314240,0.246631,0.223011,0.261669,0.167671,0.185370,0.247606,0.252052,0.197829,0.248176,0.056631,0.179752
192,0.800000,0.367310,0.218325,0.275694,0.314238,0.246629,0.223007,0.261661,0.167676,0.185345,0.247609,0.252052,0.197826,0.248173,0.056630,0.179750
193,0.804167,0.367276,0.218349,0.275688,0.314235,0.246633,0.223010,0.261660,0.167678,0.185337,0.247608,0.252050,0.197823,0.248173,0.056633,0.179747
194,0.808333,0.367260,0.218356,0.275677,0.314242,0.246634,0.223020,0.261671,0.167672,0.185359,0.247610,0.252051,0.197821,0.248174,0.056632,0.179750
195,0.812500,0.367261,0.218362,0.275684,0.314234,0.246641,0.223003,0.261670,0.167671,0.185362,0.247610,0.252051,0.197820,0.248174,0.056634,0.179750
196,0.816667,0.367288,0.218331,0.275701,0.314233,0.246642,0.223001,0.261670,0.167671,0.185358,0.247609,0.252050,0.197815,0.248175,0.056634,0.179749
197,0.820833,0.367269,0.218345,0.275697,0.314233,0.246645,0.223000,0.261672,0.167672,0.185355,0.247610,0.252053,0.197816,0.248176,0.056632,0.179749
198,0.825000,0.367250,0.218355,0.275691,0.314238,0.246630,0.223007,0.261673,0.167671,0.185355,0.247612,0.252052,0.197812,0.248174,0.056634,0.179745
199,0.829167,0.367244,0.218360,0.275690,0.314241,0.246610,0.223023,0.261675,0.167671,0.185353,0.247611,0.252051,0.197810,0.248175,0.056633,0.179744
200,0.833333,0.367255,0.218365,0.275693,0.314245,0.246631,0.223015,0.261675,0.167671,0.185353,0.247609,0.252052,0.197812,0.248176,0.056629,0.179745
201,0.837500,0.367248,0.218357,0.275697,0.314239,0.246632,0.223003,0.261675,0.167669,0.185354,0.247609,0.252051,0.197811,0.248175,0.056628,0.179740
202,0.841667,0.367245,0.218358,0.275697,0.314233,0.246644,0.222998,0.261677,0.167668,0.185351,0.247611,0.252050,0.197810,0.248177,0.056631,0.179740
203,0.845833,0.367245,0.218358,0.275697,0.314239,0.246632,0.223003,0.261676,0.167668,0.185351,0.247610,0.252050,0.197811,0.248175,0.056629,0.179744
204,0.850000,0.367246,0.218360,0.275696,0.314234,0.246644,0.222994,0.261674,0.167671,0.185353,0.247610,0.252050,0.197811,0.248175,0.056627,0.179747
205,0.854167,0.367245,0.218360,0.275697,0.314233,0.246644,0.222996,0.261676,0.167669,0.185348,0.247610,0.252051,0.197811,0.248175,0.056629,0.179743
206,0.858333,0.367256,0.218369,0.275695,0.314233,0.246647,0.222994,0.261675,0.167669,0.185350,0.247610,0.252050,0.197810,0.248178,0.056629,0.179745
207,0.862500,0.367261,0.218372,0.275694,0.314238,0.246633,0.223000,0.261664,0.167674,0.185332,0.247609,0.252052,0.197812,0.248175,0.056632,0.179742
208,0.866667,0.367262,0.218372,0.275692,0.314234,0.246646,0.222993,0.261676,0.167673,0.185346,0.247608,0.252052,0.197812,0.248178,0.056629,0.179742
209,0.870833,0.367265,0.218372,0.275689,0.314233,0.246647,0.222997,0.261673,0.167670,0.185357,0.247608,0.252051,0.197812,0.248175,0.056633,0.179746
210,0.875000,0.367266,0.218373,0.275689,0.314233,0.246647,0.222996,0.261673,0.167670,0.185358,0.247608,0.252052,0.197813,0.248176,0.056629,0.179749
211,0.879167,0.367261,0.218372,0.275686,0.314235,0.246647,0.222998,0.261673,0.167669,0.185357,0.247608,0.252051,0.197814,0.248174,0.056629,0.179748
212,0.883333,0.367265,0.218377,0.275685,0.314239,0.246635,0.223005,0.261674,0.167668,0.185355,0.247607,0.252050,0.197816,0.248173,0.056630,0.179749
213,0.887500,0.367270,0.218376,0.275685,0.314236,0.246647,0.222999,0.261672,0.167669,0.185358,0.247605,0.252050,0.197822,0.248172,0.056630,0.179751
214,0.891667,0.367283,0.218383,0.275682,0.314233,0.246649,0.223000,0.261670,0.167669,0.185362,0.247603,0.252049,0.197823,0.248174,0.056632,0.179748
215,0.895833,0.367309,0.218351,0.275693,0.314233,0.246648,0.222998,0.261671,0.167670,0.185364,0.247603,0.252050,0.197825,0.248174,0.056631,0.179751
216,0.900000,0.367332,0.218349,0.275696,0.314232,0.246648,0.223001,0.261670,0.167671,0.185362,0.247603,0.252050,0.197828,0.248172,0.056630,0.179754
217,0.904167,0.367295,0.218368,0.275684,0.314233,0.246650,0.223000,0.261669,0.167669,0.185366,0.247601,0.252050,0.197828,0.248172,0.056633,0.179750
218,0.908333,0.367281,0.218377,0.275669,0.314234,0.246650,0.223000,0.261658,0.167675,0.185350,0.247601,0.252050,0.197831,0.248172,0.056632,0.179752
219,0.912500,0.367282,0.218379,0.275662,0.314234,0.246650,0.222998,0.261668,0.167672,0.185363,0.247600,0.252044,0.197838,0.248170,0.056630,0.179753
220,0.916667,0.367286,0.218374,0.275658,0.314232,0.246647,0.223001,0.261666,0.167669,0.185371,0.247598,0.252051,0.197836,0.248171,0.056630,0.179749
221,0.920833,0.367322,0.218345,0.275668,0.314231,0.246647,0.222999,0.261667,0.167668,0.185371,0.247599,0.252042,0.197842,0.248172,0.056628,0.179751
222,0.925000,0.367337,0.218331,0.275674,0.314232,0.246648,0.223001,0.261654,0.167673,0.185352,0.247596,0.252041,0.197844,0.248172,0.056631,0.179748
223,0.929167,0.367337,0.218329,0.275667,0.314237,0.246636,0.223006,0.261657,0.167678,0.185339,0.247596,0.252041,0.197847,0.248172,0.056628,0.179751
224,0.933333,0.367306,0.218354,0.275647,0.314231,0.246649,0.222999,0.261664,0.167671,0.185366,0.247596,0.252041,0.197844,0.248171,0.056631,0.179752
225,0.937500,0.367324,0.218337,0.275647,0.314231,0.246649,0.223003,0.261666,0.167669,0.185376,0.247594,0.252042,0.197847,0.248174,0.056629,0.179752
226,0.941667,0.367335,0.218325,0.275651,0.314230,0.246649,0.223000,0.261666,0.167669,0.185374,0.247595,0.252041,0.197847,0.248171,0.056630,0.179750
227,0.945833,0.367338,0.218321,0.275651,0.314229,0.246649,0.223002,0.261654,0.167676,0.185354,0.247594,0.252041,0.197850,0.248173,0.056630,0.179752
228,0.950000,0.367338,0.218320,0.275645,0.314230,0.246650,0.223001,0.261662,0.167674,0.185373,0.247594,0.252043,0.197851,0.248172,0.056630,0.179753
229,0.954167,0.367338,0.218319,0.275643,0.314231,0.246641,0.223007,0.261664,0.167668,0.185383,0.247592,0.252040,0.197852,0.248170,0.056630,0.179753
230,0.958333,0.367338,0.218316,0.275639,0.314237,0.246651,0.223015,0.261665,0.167666,0.185378,0.247592,0.252040,0.197851,0.248172,0.056630,0.179753
231,0.962500,0.367335,0.218313,0.275638,0.314228,0.246651,0.223001,0.261663,0.167668,0.185378,0.247590,0.252041,0.197854,0.248170,0.056630,0.179755
232,0.966667,0.367335,0.218312,0.275635,0.314226,0.246650,0.223001,0.261664,0.167668,0.185374,0.247590,0.252039,0.197853,0.248170,0.056629,0.179755
233,0.970833,0.367336,0.218310,0.275633,0.314235,0.246638,0.223006,0.261663,0.167669,0.185379,0.247591,0.252039,0.197852,0.248172,0.056629,0.179756
234,0.975000,0.367336,0.218308,0.275633,0.314234,0.246639,0.223006,0.261663,0.167668,0.185378,0.247590,0.252041,0.197854,0.248172,0.056630,0.179753
235,0.979167,0.367335,0.218309,0.275631,0.314227,0.246651,0.223000,0.261665,0.167666,0.185378,0.247589,0.252041,0.197854,0.248172,0.056631,0.179754
236,0.983333,0.367332,0.218308,0.275630,0.314228,0.246651,0.223000,0.261665,0.167669,0.185376,0.247588,0.252041,0.197851,0.248170,0.056630,0.179754
237,0.987500,0.367330,0.218307,0.275631,0.314226,0.246649,0.222997,0.261663,0.167667,0.185379,0.247588,0.252041,0.197851,0.248171,0.056627,0.179754
238,0.991667,0.367330,0.218304,0.275634,0.314227,0.246649,0.223000,0.261651,0.167674,0.185355,0.247588,0.252039,0.197852,0.248174,0.056627,0.179753
239,0.995833,0.367331,0.218303,0.275632,0.314225,0.246648,0.222998,0.261652,0.167677,0.185345,0.247588,0.252040,0.197849,0.248169,0.056628,0.179755
240,1.000000,0.367328,0.218303,0.275635,0.314222,0.246646,0.222999,0.261663,0.167671,0.185367,0.247587,0.252042,0.197849,0.248169,0.056629,0.179754
241,1.004167,0.367325,0.218304,0.275638,0.314222,0.246647,0.222998,0.261652,0.167673,0.185354,0.247588,0.252042,0.197846,0.248172,0.056629,0.179755
242,1.008333,0.367323,0.218305,0.275639,0.314224,0.246647,0.222996,0.261662,0.167671,0.185370,0.247587,0.252042,0.197845,0.248169,0.056627,0.179755
243,1.012500,0.367320,0.218306,0.275645,0.314223,0.246646,0.222998,0.261660,0.167671,0.185376,0.247587,0.252043,0.197842,0.248170,0.056627,0.179752
244,1.016667,0.367318,0.218307,0.275650,0.314223,0.246648,0.222996,0.261660,0.167670,0.185372,0.247588,0.252044,0.197841,0.248169,0.056629,0.179754
245,1.020833,0.367286,0.218334,0.275643,0.314222,0.246648,0.222996,0.261662,0.167669,0.185374,0.247588,0.252043,0.197842,0.248171,0.056628,0.179753
246,1.025000,0.367302,0.218319,0.275651,0.314224,0.246648,0.222997,0.261664,0.167668,0.185372,0.247588,0.252042,0.197842,0.248172,0.056627,0.179750
247,1.029167,0.367310,0.218312,0.275664,0.314223,0.246648,0.222993,0.261663,0.167668,0.185367,0.247590,0.252042,0.197840,0.248169,0.056627,0.179757
248,1.033333,0.367308,0.218313,0.275666,0.314223,0.246648,0.222996,0.261654,0.167674,0.185343,0.247591,0.252041,0.197840,0.248171,0.056629,0.179751
249,1.037500,0.367276,0.218339,0.275658,0.314224,0.246649,0.222997,0.261656,0.167674,0.185338,0.247590,0.252041,0.197840,0.248171,0.056626,0.179754
250,1.041667,0.367259,0.218349,0.275653,0.314224,0.246649,0.222996,0.261654,0.167676,0.185343,0.247589,0.252050,0.197835,0.248170,0.056628,0.179757
251,1.045833,0.367254,0.218344,0.275652,0.314224,0.246650,0.222995,0.261654,0.167677,0.185341,0.247593,0.252049,0.197831,0.248170,0.056626,0.179753
252,1.050000,0.367256,0.218346,0.275655,0.314224,0.246650,0.222995,0.261654,0.167675,0.185342,0.247592,0.252042,0.197833,0.248168,0.056629,0.179755
253,1.054167,0.367255,0.218348,0.275661,0.314225,0.246652,0.222995,0.261665,0.167670,0.185362,0.247592,0.252050,0.197829,0.248172,0.056631,0.179751
254,1.058333,0.367259,0.218355,0.275669,0.314226,0.246652,0.222996,0.261658,0.167673,0.185343,0.247595,0.252052,0.197827,0.248172,0.056633,0.179751
255,1.062500,0.367255,0.218353,0.275666,0.314227,0.246641,0.223004,0.261657,0.167675,0.185334,0.247595,0.252051,0.197822,0.248171,0.056630,0.179751
256,1.066667,0.367257,0.218358,0.275670,0.314227,0.246641,0.223002,0.261660,0.167675,0.185333,0.247595,0.252050,0.197821,0.248173,0.056629,0.179745
257,1.070833,0.367257,0.218360,0.275671,0.314228,0.246649,0.222995,0.261662,0.167676,0.185332,0.247597,0.252049,0.197821,0.248173,0.056629,0.179748
258,1.075000,0.367256,0.218362,0.275670,0.314227,0.246648,0.222997,0.261661,0.167674,0.185331,0.247599,0.252050,0.197817,0.248171,0.056630,0.179748
259,1.079167,0.367269,0.218374,0.275675,0.314227,0.246650,0.222997,0.261671,0.167666,0.185349,0.247599,0.252048,0.197816,0.248171,0.056630,0.179745
260,1.083333,0.367258,0.218365,0.275676,0.314229,0.246639,0.223004,0.261670,0.167667,0.185359,0.247598,0.252048,0.197815,0.248171,0.056627,0.179746
261,1.087500,0.367260,0.218374,0.275681,0.314228,0.246648,0.222995,0.261672,0.167667,0.185355,0.247601,0.252049,0.197814,0.248173,0.056630,0.179744
262,1.091667,0.367271,0.218382,0.275682,0.314226,0.246649,0.222996,0.261662,0.167673,0.185335,0.247602,0.252049,0.197810,0.248173,0.056631,0.179741
263,1.095833,0.367264,0.218377,0.275684,0.314229,0.246650,0.222995,0.261664,0.167673,0.185326,0.247602,0.252049,0.197811,0.248173,0.056630,0.179741
264,1.100000,0.367264,0.218378,0.275683,0.314229,0.246649,0.222998,0.261662,0.167674,0.185331,0.247604,0.252048,0.197811,0.248173,0.056631,0.179740
265,1.104167,0.367264,0.218379,0.275686,0.314231,0.246641,0.223004,0.261665,0.167674,0.185324,0.247604,0.252048,0.197808,0.248171,0.056630,0.179744
266,1.108333,0.367262,0.218378,0.275688,0.314233,0.246650,0.222999,0.261674,0.167669,0.185349,0.247605,0.252047,0.197807,0.248172,0.056629,0.179744
267,1.112500,0.367296,0.218352,0.275701,0.314231,0.246650,0.222999,0.261674,0.167666,0.185358,0.247604,0.252049,0.197810,0.248171,0.056630,0.179749
268,1.116667,0.367279,0.218368,0.275695,0.314232,0.246650,0.222999,0.261674,0.167668,0.185358,0.247605,0.252049,0.197809,0.248172,0.056632,0.179746
269,1.120833,0.367261,0.218376,0.275688,0.314236,0.246636,0.223006,0.261663,0.167674,0.185336,0.247608,0.252050,0.197809,0.248173,0.056630,0.179747
270,1.125000,0.367272,0.218388,0.275685,0.314232,0.246648,0.223000,0.261662,0.167677,0.185328,0.247606,0.252050,0.197808,0.248173,0.056631,0.179744
271,1.129167,0.367264,0.218378,0.275687,0.314233,0.246649,0.222999,0.261672,0.167671,0.185349,0.247606,0.252050,0.197810,0.248172,0.056634,0.179748
272,1.133333,0.367261,0.218373,0.275683,0.314234,0.246648,0.222998,0.261662,0.167675,0.185335,0.247606,0.252051,0.197812,0.248171,0.056634,0.179744
273,1.137500,0.367258,0.218371,0.275683,0.314230,0.246647,0.222999,0.261661,0.167677,0.185331,0.247606,0.252051,0.197809,0.248170,0.056632,0.179746
274,1.141667,0.367263,0.218373,0.275685,0.314237,0.246633,0.223004,0.261661,0.167676,0.185333,0.247605,0.252049,0.197811,0.248169,0.056631,0.179749
275,1.145833,0.367264,0.218370,0.275683,0.314232,0.246646,0.222997,0.261669,0.167668,0.185357,0.247604,0.252050,0.197816,0.248170,0.056632,0.179750
276,1.150000,0.367262,0.218362,0.275682,0.314238,0.246632,0.223002,0.261662,0.167671,0.185342,0.247603,0.252048,0.197817,0.248171,0.056628,0.179748
277,1.154167,0.367262,0.218361,0.275682,0.314234,0.246645,0.222997,0.261662,0.167674,0.185335,0.247604,0.252050,0.197816,0.248169,0.056629,0.179751
278,1.158333,0.367262,0.218361,0.275679,0.314234,0.246645,0.222995,0.261671,0.167669,0.185357,0.247604,0.252048,0.197820,0.248170,0.056629,0.179751
279,1.162500,0.367290,0.218327,0.275688,0.314240,0.246635,0.223001,0.261669,0.167665,0.185364,0.247603,0.252047,0.197821,0.248173,0.056627,0.179750
280,1.166667,0.367284,0.218347,0.275681,0.314234,0.246646,0.222996,0.261658,0.167672,0.185345,0.247603,0.252049,0.197823,0.248171,0.056627,0.179752
281,1.170833,0.367305,0.218334,0.275686,0.314235,0.246637,0.223001,0.261662,0.167676,0.185333,0.247602,0.252050,0.197825,0.248172,0.056628,0.179751
282,1.175000,0.367276,0.218339,0.275678,0.314234,0.246644,0.222995,0.261668,0.167668,0.185359,0.247601,0.252049,0.197826,0.248172,0.056629,0.179753
283,1.179167,0.367263,0.218347,0.275666,0.314239,0.246632,0.223000,0.261667,0.167665,0.185371,0.247599,0.252048,0.197828,0.248170,0.056626,0.179753
284,1.183333,0.367296,0.218322,0.275675,0.314232,0.246644,0.222994,0.261668,0.167667,0.185368,0.247602,0.252042,0.197832,0.248170,0.056628,0.179753
285,1.187500,0.367310,0.218312,0.275679,0.314238,0.246630,0.223001,0.261666,0.167667,0.185372,0.247599,0.252049,0.197829,0.248168,0.056626,0.179756
286,1.191667,0.367312,0.218307,0.275675,0.314231,0.246642,0.222996,0.261666,0.167666,0.185369,0.247597,0.252047,0.197833,0.248169,0.056626,0.179756
287,1.195833,0.367313,0.218307,0.275668,0.314238,0.246629,0.223002,0.261657,0.167674,0.185348,0.247599,0.252041,0.197838,0.248167,0.056627,0.179757
288,1.200000,0.367313,0.218306,0.275666,0.314236,0.246630,0.223003,0.261666,0.167669,0.185363,0.247598,0.252051,0.197833,0.248168,0.056625,0.179760
289,1.204167,0.367314,0.218304,0.275661,0.314230,0.246643,0.222998,0.261661,0.167668,0.185375,0.247597,0.252043,0.197836,0.248169,0.056630,0.179759
290,1.208333,0.367318,0.218301,0.275655,0.314236,0.246632,0.223001,0.261662,0.167670,0.185375,0.247594,0.252051,0.197838,0.248169,0.056628,0.179756
291,1.212500,0.367320,0.218301,0.275652,0.314237,0.246629,0.223003,0.261660,0.167668,0.185375,0.247594,0.252051,0.197839,0.248169,0.056629,0.179758
292,1.216667,0.367319,0.218298,0.275649,0.314229,0.246641,0.222995,0.261661,0.167670,0.185377,0.247594,0.252052,0.197838,0.248168,0.056630,0.179762
293,1.220833,0.367321,0.218300,0.275650,0.314233,0.246628,0.223004,0.261661,0.167670,0.185375,0.247594,0.252051,0.197839,0.248170,0.056630,0.179759
294,1.225000,0.367322,0.218294,0.275643,0.314234,0.246629,0.223004,0.261663,0.167668,0.185379,0.247592,0.252042,0.197845,0.248170,0.056626,0.179759
295,1.229167,0.367322,0.218293,0.275641,0.314228,0.246643,0.222998,0.261660,0.167667,0.185379,0.247590,0.252042,0.197847,0.248168,0.056627,0.179756
296,1.233333,0.367323,0.218296,0.275640,0.314234,0.246630,0.223005,0.261661,0.167668,0.185376,0.247590,0.252043,0.197847,0.248167,0.056628,0.179758
297,1.237500,0.367323,0.218294,0.275637,0.314228,0.246646,0.222998,0.261652,0.167673,0.185355,0.247590,0.252043,0.197849,0.248173,0.056626,0.179758
298,1.241667,0.367321,0.218295,0.275636,0.314229,0.246646,0.222997,0.261663,0.167671,0.185373,0.247589,0.252041,0.197849,0.248170,0.056626,0.179756
299,1.245833,0.367322,0.218296,0.275637,0.314227,0.246647,0.222998,0.261663,0.167665,0.185376,0.247589,0.252043,0.197847,0.248170,0.056630,0.179756
300,1.250000,0.367322,0.218295,0.275636,0.314235,0.246647,0.223011,0.261662,0.167666,0.185380,0.247589,0.252042,0.197848,0.248170,0.056627,0.179755
301,1.254167,0.367324,0.218294,0.275638,0.314226,0.246647,0.222997,0.261661,0.167667,0.185381,0.247589,0.252042,0.197848,0.248171,0.056625,0.179752
302,1.258333,0.367324,0.218296,0.275637,0.314227,0.246648,0.222996,0.261663,0.167667,0.185378,0.247588,0.252040,0.197847,0.248168,0.056627,0.179754
303,1.262500,0.367325,0.218298,0.275638,0.314226,0.246647,0.223001,0.261663,0.167669,0.185377,0.247587,0.252040,0.197850,0.248167,0.056629,0.179753
304,1.266667,0.367323,0.218299,0.275639,0.314227,0.246648,0.222999,0.261663,0.167666,0.185375,0.247589,0.252042,0.197848,0.248169,0.056629,0.179757
305,1.270833,0.367322,0.218301,0.275641,0.314226,0.246649,0.223000,0.261653,0.167672,0.185357,0.247589,0.252042,0.197846,0.248171,0.056628,0.179755
306,1.275000,0.367322,0.218304,0.275643,0.314227,0.246650,0.223000,0.261662,0.167669,0.185376,0.247589,0.252042,0.197848,0.248169,0.056630,0.179753
307,1.279167,0.367292,0.218328,0.275633,0.314226,0.246650,0.223000,0.261654,0.167672,0.185358,0.247590,0.252041,0.197847,0.248169,0.056629,0.179754
308,1.283333,0.367311,0.218319,0.275643,0.314225,0.246651,0.223001,0.261664,0.167672,0.185371,0.247592,0.252043,0.197844,0.248169,0.056630,0.179753
309,1.287500,0.367319,0.218313,0.275653,0.314225,0.246652,0.223000,0.261665,0.167668,0.185374,0.247592,0.252043,0.197846,0.248171,0.056629,0.179751
310,1.291667,0.367321,0.218315,0.275656,0.314225,0.246650,0.223003,0.261665,0.167666,0.185376,0.247591,0.252042,0.197844,0.248171,0.056628,0.179752
311,1.295833,0.367319,0.218319,0.275661,0.314225,0.246650,0.223000,0.261663,0.167668,0.185378,0.247593,0.252043,0.197843,0.248171,0.056629,0.179751
312,1.300000,0.367318,0.218323,0.275664,0.314225,0.246651,0.223001,0.261665,0.167667,0.185369,0.247592,0.252043,0.197842,0.248172,0.056631,0.179751
313,1.304167,0.367289,0.218349,0.275657,0.314224,0.246650,0.223001,0.261668,0.167668,0.185370,0.247593,0.252044,0.197842,0.248171,0.056628,0.179755
314,1.308333,0.367308,0.218335,0.275665,0.314228,0.246649,0.223002,0.261667,0.167669,0.185371,0.247593,0.252051,0.197837,0.248171,0.056630,0.179756
315,1.312500,0.367317,0.218331,0.275677,0.314227,0.246650,0.223001,0.261668,0.167670,0.185369,0.247593,0.252051,0.197834,0.248169,0.056630,0.179748
316,1.316667,0.367285,0.218356,0.275669,0.314225,0.246649,0.222999,0.261658,0.167675,0.185347,0.247595,0.252042,0.197833,0.248170,0.056631,0.179751
317,1.320833,0.367268,0.218372,0.275665,0.314226,0.246642,0.223005,0.261669,0.167672,0.185357,0.247597,0.252042,0.197830,0.248171,0.056628,0.179746
318,1.325000,0.367265,0.218374,0.275668,0.314225,0.246651,0.223000,0.261669,0.167670,0.185360,0.247598,0.252051,0.197824,0.248170,0.056633,0.179748
319,1.329167,0.367266,0.218374,0.275674,0.314227,0.246650,0.223000,0.261659,0.167676,0.185338,0.247599,0.252041,0.197827,0.248169,0.056631,0.179752
320,1.333333,0.367265,0.218372,0.275676,0.314226,0.246651,0.222998,0.261669,0.167673,0.185353,0.247599,0.252048,0.197819,0.248172,0.056626,0.179749
321,1.337500,0.367263,0.218373,0.275678,0.314226,0.246650,0.222999,0.261662,0.167674,0.185336,0.247601,0.252052,0.197816,0.248171,0.056629,0.179748
322,1.341667,0.367261,0.218372,0.275679,0.314228,0.246648,0.222997,0.261667,0.167670,0.185353,0.247602,0.252050,0.197812,0.248172,0.056631,0.179747
323,1.345833,0.367264,0.218376,0.275681,0.314226,0.246647,0.222999,0.261660,0.167674,0.185337,0.247602,0.252049,0.197810,0.248170,0.056630,0.179748
324,1.350000,0.367265,0.218379,0.275685,0.314226,0.246649,0.222998,0.261660,0.167676,0.185330,0.247603,0.252051,0.197810,0.248172,0.056630,0.179748
325,1.354167,0.367246,0.218366,0.275686,0.314225,0.246649,0.222995,0.261671,0.167670,0.185351,0.247603,0.252051,0.197805,0.248171,0.056629,0.179746
326,1.358333,0.367241,0.218367,0.275688,0.314230,0.246636,0.223001,0.261669,0.167668,0.185356,0.247603,0.252050,0.197804,0.248174,0.056631,0.179742
327,1.362500,0.367237,0.218369,0.275690,0.314231,0.246637,0.223001,0.261671,0.167670,0.185352,0.247602,0.252051,0.197803,0.248172,0.056630,0.179744
328,1.366667,0.367232,0.218365,0.275691,0.314226,0.246649,0.222994,0.261661,0.167675,0.185330,0.247604,0.252051,0.197800,0.248173,0.056632,0.179744
329,1.370833,0.367228,0.218363,0.275692,0.314224,0.246648,0.222993,0.261670,0.167670,0.185344,0.247605,0.252049,0.197796,0.248172,0.056632,0.179745
330,1.375000,0.367226,0.218361,0.275691,0.314224,0.246648,0.222990,0.261662,0.167675,0.185329,0.247603,0.252050,0.197796,0.248169,0.056632,0.179744
331,1.379167,0.367223,0.218358,0.275692,0.314229,0.246634,0.222997,0.261661,0.167676,0.185324,0.247602,0.252050,0.197799,0.248172,0.056631,0.179746
332,1.383333,0.367223,0.218355,0.275693,0.314225,0.246648,0.222990,0.261661,0.167677,0.185324,0.247604,0.252052,0.197794,0.248171,0.056631,0.179746
333,1.387500,0.367221,0.218352,0.275694,0.314226,0.246648,0.222988,0.261662,0.167676,0.185322,0.247603,0.252052,0.197797,0.248172,0.056633,0.179742
334,1.391667,0.367219,0.218353,0.275694,0.314224,0.246647,0.222987,0.261663,0.167677,0.185320,0.247601,0.252051,0.197796,0.248171,0.056631,0.179747
335,1.395833,0.367217,0.218351,0.275693,0.314223,0.246646,0.222986,0.261662,0.167678,0.185320,0.247600,0.252052,0.197796,0.248173,0.056630,0.179744
336,1.400000,0.367216,0.218348,0.275694,0.314224,0.246647,0.222985,0.261660,0.167678,0.185320,0.247602,0.252052,0.197794,0.248173,0.056629,0.179744
337,1.404167,0.367218,0.218348,0.275690,0.314224,0.246646,0.222985,0.261659,0.167678,0.185321,0.247600,0.252053,0.197795,0.248171,0.056631,0.179745
338,1.408333,0.367231,0.218352,0.275685,0.314224,0.246646,0.222984,0.261658,0.167677,0.185323,0.247600,0.252051,0.197797,0.248172,0.056632,0.179748
339,1.412500,0.367222,0.218345,0.275685,0.314221,0.246646,0.222981,0.261656,0.167677,0.185327,0.247599,0.252052,0.197797,0.248171,0.056628,0.179749
340,1.416667,0.367222,0.218345,0.275679,0.314224,0.246645,0.222983,0.261657,0.167678,0.185327,0.247598,0.252050,0.197798,0.248172,0.056628,0.179751
341,1.420833,0.367226,0.218344,0.275677,0.314221,0.246645,0.222982,0.261655,0.167675,0.185326,0.247598,0.252053,0.197802,0.248171,0.056630,0.179752
342,1.425000,0.367227,0.218343,0.275675,0.314224,0.246646,0.222982,0.261653,0.167676,0.185330,0.247595,0.252052,0.197804,0.248172,0.056628,0.179752
343,1.429167,0.367231,0.218344,0.275669,0.314228,0.246635,0.222987,0.261656,0.167678,0.185329,0.247595,0.252052,0.197807,0.248172,0.056628,0.179753
344,1.433333,0.367232,0.218341,0.275665,0.314223,0.246648,0.222981,0.261651,0.167676,0.185332,0.247593,0.252054,0.197810,0.248171,0.056631,0.179758
345,1.437500,0.367235,0.218342,0.275663,0.314221,0.246650,0.222984,0.261653,0.167678,0.185334,0.247591,0.252052,0.197814,0.248170,0.056628,0.179757
346,1.441667,0.367241,0.218340,0.275657,0.314223,0.246650,0.222983,0.261651,0.167677,0.185339,0.247591,0.252052,0.197815,0.248172,0.056631,0.179756
347,1.445833,0.367248,0.218344,0.275656,0.314224,0.246648,0.222983,0.261651,0.167675,0.185343,0.247588,0.252052,0.197820,0.248168,0.056627,0.179757
348,1.450000,0.367250,0.218338,0.275646,0.314223,0.246651,0.222985,0.261651,0.167675,0.185341,0.247590,0.252053,0.197821,0.248171,0.056629,0.179758
349,1.454167,0.367258,0.218344,0.275645,0.314222,0.246650,0.222985,0.261651,0.167675,0.185340,0.247589,0.252052,0.197826,0.248169,0.056628,0.179760
350,1.458333,0.367293,0.218318,0.275655,0.314223,0.246650,0.222986,0.261649,0.167674,0.185345,0.247587,0.252050,0.197828,0.248174,0.056628,0.179756
351,1.462500,0.367281,0.218332,0.275643,0.314223,0.246652,0.222987,0.261650,0.167675,0.185345,0.247586,0.252043,0.197833,0.248173,0.056626,0.179757
352,1.466667,0.367301,0.218318,0.275644,0.314224,0.246642,0.222992,0.261650,0.167676,0.185348,0.247586,0.252042,0.197833,0.248170,0.056626,0.179759
353,1.470833,0.367314,0.218309,0.275643,0.314222,0.246652,0.222987,0.261648,0.167678,0.185349,0.247583,0.252052,0.197835,0.248169,0.056627,0.179758
354,1.475000,0.367291,0.218336,0.275626,0.314222,0.246653,0.222987,0.261650,0.167676,0.185346,0.247583,0.252042,0.197839,0.248171,0.056628,0.179757
355,1.479167,0.367313,0.218321,0.275627,0.314222,0.246653,0.222989,0.261648,0.167677,0.185348,0.247582,0.252044,0.197843,0.248171,0.056628,0.179760
356,1.483333,0.367299,0.218335,0.275615,0.314221,0.246654,0.222989,0.261658,0.167671,0.185375,0.247583,0.252043,0.197843,0.248172,0.056626,0.179760
357,1.487500,0.367320,0.218321,0.275619,0.314222,0.246653,0.222988,0.261651,0.167673,0.185355,0.247582,0.252042,0.197846,0.248171,0.056626,0.179760
358,1.491667,0.367334,0.218313,0.275620,0.314223,0.246655,0.222991,0.261661,0.167669,0.185372,0.247581,0.252041,0.197851,0.248170,0.056627,0.179763
359,1.495833,0.367337,0.218312,0.275621,0.314223,0.246656,0.222992,0.261651,0.167673,0.185361,0.247581,0.252041,0.197854,0.248171,0.056626,0.179761
360,1.500000,0.367337,0.218316,0.275618,0.314222,0.246657,0.222992,0.261662,0.167671,0.185374,0.247580,0.252042,0.197851,0.248172,0.056626,0.179758
361,1.504167,0.367338,0.218318,0.275617,0.314224,0.246658,0.222994,0.261664,0.167669,0.185379,0.247581,0.252041,0.197855,0.248171,0.056626,0.179760
362,1.508333,0.367338,0.218318,0.275616,0.314223,0.246659,0.222994,0.261662,0.167668,0.185383,0.247579,0.252040,0.197857,0.248172,0.056626,0.179758
363,1.512500,0.367339,0.218321,0.275616,0.314222,0.246661,0.222994,0.261663,0.167667,0.185379,0.247581,0.252040,0.197854,0.248170,0.056629,0.179761
364,1.516667,0.367340,0.218319,0.275613,0.314223,0.246660,0.222995,0.261661,0.167669,0.185385,0.247581,0.252039,0.197854,0.248169,0.056630,0.179757
365,1.520833,0.367341,0.218317,0.275617,0.314224,0.246659,0.222997,0.261662,0.167666,0.185385,0.247582,0.252041,0.197856,0.248169,0.056625,0.179757
366,1.525000,0.367340,0.218319,0.275618,0.314224,0.246658,0.222996,0.261652,0.167671,0.185363,0.247583,0.252039,0.197857,0.248170,0.056627,0.179759
367,1.529167,0.367340,0.218321,0.275620,0.314223,0.246659,0.222999,0.261661,0.167667,0.185378,0.247581,0.252038,0.197857,0.248171,0.056627,0.179758
368,1.533333,0.367339,0.218318,0.275624,0.314225,0.246648,0.223005,0.261664,0.167665,0.185383,0.247583,0.252040,0.197854,0.248170,0.056627,0.179756
369,1.537500,0.367337,0.218320,0.275626,0.314223,0.246655,0.222999,0.261662,0.167665,0.185384,0.247584,0.252040,0.197855,0.248171,0.056627,0.179755
370,1.541667,0.367335,0.218319,0.275627,0.314224,0.246656,0.223000,0.261664,0.167666,0.185380,0.247583,0.252039,0.197853,0.248171,0.056627,0.179754
371,1.545833,0.367333,0.218321,0.275633,0.314222,0.246656,0.222999,0.261654,0.167670,0.185360,0.247583,0.252040,0.197852,0.248170,0.056628,0.179754
372,1.550000,0.367329,0.218322,0.275636,0.314226,0.246653,0.222997,0.261662,0.167670,0.185373,0.247585,0.252043,0.197848,0.248170,0.056629,0.179750
373,1.554167,0.367327,0.218321,0.275642,0.314222,0.246653,0.222997,0.261663,0.167668,0.185377,0.247587,0.252042,0.197847,0.248171,0.056629,0.179753
374,1.558333,0.367295,0.218345,0.275633,0.314223,0.246652,0.222997,0.261653,0.167670,0.185355,0.247587,0.252040,0.197844,0.248169,0.056628,0.179751
375,1.562500,0.367309,0.218326,0.275645,0.314222,0.246650,0.222998,0.261653,0.167675,0.185343,0.247588,0.252041,0.197842,0.248169,0.056625,0.179753
376,1.566667,0.367318,0.218317,0.275658,0.314223,0.246650,0.222997,0.261652,0.167673,0.185343,0.247589,0.252041,0.197839,0.248171,0.056626,0.179753
377,1.570833,0.367285,0.218337,0.275652,0.314225,0.246639,0.223004,0.261655,0.167674,0.185340,0.247591,0.252042,0.197836,0.248171,0.056626,0.179751
378,1.575000,0.367297,0.218326,0.275663,0.314224,0.246649,0.222995,0.261655,0.167675,0.185340,0.247590,0.252050,0.197832,0.248170,0.056629,0.179754
379,1.579167,0.367273,0.218339,0.275659,0.314224,0.246649,0.222996,0.261657,0.167674,0.185338,0.247591,0.252049,0.197828,0.248171,0.056627,0.179752
380,1.583333,0.367252,0.218343,0.275658,0.314220,0.246647,0.222994,0.261657,0.167674,0.185338,0.247595,0.252043,0.197828,0.248171,0.056628,0.179752
381,1.587500,0.367244,0.218344,0.275661,0.314222,0.246649,0.222993,0.261656,0.167675,0.185336,0.247594,0.252051,0.197821,0.248173,0.056627,0.179749
382,1.591667,0.367241,0.218342,0.275665,0.314229,0.246633,0.222999,0.261656,0.167676,0.185337,0.247596,0.252050,0.197818,0.248173,0.056630,0.179750
383,1.595833,0.367236,0.218337,0.275671,0.314225,0.246645,0.222993,0.261657,0.167673,0.185334,0.247596,0.252049,0.197815,0.248175,0.056625,0.179752
384,1.600000,0.367232,0.218337,0.275677,0.314224,0.246645,0.222995,0.261670,0.167667,0.185349,0.247599,0.252049,0.197812,0.248173,0.056626,0.179752
385,1.604167,0.367228,0.218335,0.275683,0.314224,0.246643,0.222993,0.261670,0.167666,0.185355,0.247601,0.252051,0.197808,0.248176,0.056625,0.179747
386,1.608333,0.367224,0.218334,0.275683,0.314226,0.246642,0.222994,0.261668,0.167665,0.185356,0.247600,0.252049,0.197808,0.248173,0.056627,0.179752
387,1.612500,0.367221,0.218333,0.275687,0.314224,0.246644,0.222992,0.261661,0.167670,0.185330,0.247600,0.252050,0.197804,0.248175,0.056626,0.179749
388,1.616667,0.367216,0.218332,0.275689,0.314225,0.246642,0.222991,0.261661,0.167676,0.185323,0.247602,0.252052,0.197801,0.248174,0.056629,0.179750
389,1.620833,0.367213,0.218332,0.275693,0.314224,0.246641,0.222989,0.261659,0.167675,0.185323,0.247604,0.252052,0.197798,0.248175,0.056626,0.179747
390,1.625000,0.367221,0.218341,0.275693,0.314225,0.246642,0.222990,0.261660,0.167674,0.185322,0.247602,0.252052,0.197797,0.248172,0.056628,0.179746
391,1.629167,0.367209,0.218331,0.275699,0.314225,0.246640,0.222992,0.261660,0.167676,0.185319,0.247603,0.252053,0.197794,0.248175,0.056630,0.179745
392,1.633333,0.367207,0.218333,0.275701,0.314225,0.246640,0.222991,0.261662,0.167674,0.185319,0.247604,0.252052,0.197793,0.248172,0.056628,0.179747
393,1.637500,0.367206,0.218333,0.275702,0.314229,0.246627,0.222996,0.261660,0.167675,0.185320,0.247604,0.252050,0.197792,0.248172,0.056627,0.179746
394,1.641667,0.367208,0.218332,0.275701,0.314225,0.246641,0.222990,0.261662,0.167674,0.185322,0.247604,0.252052,0.197793,0.248174,0.056627,0.179741
395,1.645833,0.367209,0.218332,0.275702,0.314230,0.246627,0.222996,0.261662,0.167672,0.185320,0.247604,0.252052,0.197796,0.248171,0.056629,0.179752
396,1.650000,0.367220,0.218340,0.275700,0.314225,0.246639,0.222990,0.261662,0.167674,0.185321,0.247603,0.252052,0.197795,0.248172,0.056628,0.179749
397,1.654167,0.367212,0.218334,0.275700,0.314233,0.246629,0.222996,0.261661,0.167677,0.185321,0.247605,0.252052,0.197794,0.248173,0.056628,0.179749
398,1.658333,0.367211,0.218333,0.275698,0.314231,0.246628,0.222996,0.261660,0.167676,0.185325,0.247605,0.252052,0.197797,0.248174,0.056629,0.179746
399,1.662500,0.367214,0.218336,0.275697,0.314231,0.246630,0.222995,0.261662,0.167676,0.185323,0.247605,0.252052,0.197799,0.248174,0.056628,0.179749
400,1.666667,0.367216,0.218336,0.275694,0.314227,0.246644,0.222990,0.261660,0.167679,0.185322,0.247604,0.252053,0.197799,0.248173,0.056629,0.179748
401,1.670833,0.367219,0.218335,0.275687,0.314227,0.246642,0.222990,0.261659,0.167675,0.185325,0.247602,0.252052,0.197802,0.248173,0.056627,0.179748
402,1.675000,0.367223,0.218339,0.275687,0.314226,0.246642,0.222990,0.261662,0.167676,0.185328,0.247602,0.252053,0.197804,0.248172,0.056628,0.179750
403,1.679167,0.367226,0.218338,0.275683,0.314227,0.246643,0.222992,0.261670,0.167668,0.185349,0.247602,0.252052,0.197807,0.248171,0.056630,0.179749
404,1.683333,0.367233,0.218339,0.275676,0.314233,0.246631,0.222997,0.261660,0.167670,0.185337,0.247600,0.252050,0.197811,0.248172,0.056626,0.179753
405,1.687500,0.367237,0.218338,0.275675,0.314232,0.246632,0.222998,0.261668,0.167670,0.185356,0.247600,0.252049,0.197814,0.248171,0.056628,0.179750
406,1.691667,0.367241,0.218340,0.275670,0.314227,0.246646,0.222994,0.261669,0.167669,0.185363,0.247599,0.252053,0.197815,0.248172,0.056626,0.179750
407,1.695833,0.367279,0.218320,0.275679,0.314227,0.246648,0.222990,0.261661,0.167671,0.185336,0.247598,0.252050,0.197817,0.248171,0.056627,0.179757
408,1.700000,0.367262,0.218332,0.275669,0.314228,0.246648,0.222991,0.261660,0.167675,0.185331,0.247597,0.252051,0.197821,0.248173,0.056627,0.179748
409,1.704167,0.367254,0.218344,0.275656,0.314229,0.246648,0.222992,0.261669,0.167670,0.185355,0.247597,0.252052,0.197825,0.248172,0.056627,0.179749
410,1.708333,0.367260,0.218351,0.275653,0.314230,0.246648,0.222991,0.261667,0.167667,0.185370,0.247597,0.252042,0.197828,0.248171,0.056625,0.179752
411,1.712500,0.367266,0.218347,0.275651,0.314229,0.246649,0.222993,0.261658,0.167672,0.185350,0.247595,0.252040,0.197833,0.248171,0.056624,0.179755
412,1.716667,0.367274,0.218346,0.275649,0.314235,0.246636,0.223000,0.261659,0.167675,0.185341,0.247593,0.252041,0.197837,0.248172,0.056626,0.179754
413,1.720833,0.367310,0.218321,0.275656,0.314229,0.246648,0.222995,0.261665,0.167668,0.185369,0.247592,0.252049,0.197838,0.248171,0.056624,0.179753
414,1.725000,0.367324,0.218314,0.275658,0.314228,0.246649,0.222996,0.261663,0.167666,0.185375,0.247590,0.252049,0.197838,0.248174,0.056623,0.179753
415,1.729167,0.367327,0.218315,0.275654,0.314227,0.246650,0.222997,0.261663,0.167667,0.185376,0.247590,0.252041,0.197845,0.248170,0.056625,0.179755
416,1.733333,0.367326,0.218315,0.275647,0.314229,0.246643,0.223004,0.261663,0.167667,0.185379,0.247590,0.252041,0.197849,0.248170,0.056627,0.179757
417,1.737500,0.367329,0.218317,0.275642,0.314227,0.246652,0.222997,0.261655,0.167674,0.185355,0.247590,0.252052,0.197845,0.248171,0.056628,0.179756
418,1.741667,0.367332,0.218318,0.275638,0.314227,0.246651,0.222996,0.261661,0.167673,0.185375,0.247590,0.252044,0.197850,0.248170,0.056630,0.179755
419,1.745833,0.367331,0.218313,0.275637,0.314228,0.246644,0.223004,0.261661,0.167667,0.185381,0.247587,0.252044,0.197852,0.248167,0.056628,0.179761
420,1.750000,0.367335,0.218313,0.275630,0.314228,0.246643,0.223005,0.261660,0.167668,0.185386,0.247586,0.252043,0.197855,0.248171,0.056629,0.179755
421,1.754167,0.367335,0.218311,0.275630,0.314225,0.246651,0.222999,0.261660,0.167669,0.185380,0.247588,0.252043,0.197851,0.248167,0.056629,0.179758
422,1.758333,0.367336,0.218310,0.275628,0.314227,0.246648,0.222997,0.261662,0.167668,0.185379,0.247586,0.252044,0.197855,0.248170,0.056628,0.179757
423,1.762500,0.367336,0.218306,0.275626,0.314227,0.246650,0.222999,0.261662,0.167668,0.185381,0.247586,0.252041,0.197854,0.248171,0.056625,0.179758
424,1.766667,0.367335,0.218308,0.275623,0.314225,0.246651,0.222998,0.261651,0.167674,0.185362,0.247585,0.252042,0.197853,0.248169,0.056629,0.179755
425,1.770833,0.367333,0.218305,0.275622,0.314223,0.246653,0.222996,0.261664,0.167668,0.185373,0.247586,0.252043,0.197850,0.248169,0.056627,0.179757
426,1.775000,0.367330,0.218304,0.275623,0.314224,0.246652,0.222994,0.261662,0.167668,0.185383,0.247584,0.252042,0.197850,0.248170,0.056628,0.179757
427,1.779167,0.367328,0.218302,0.275622,0.314224,0.246653,0.222995,0.261661,0.167669,0.185380,0.247585,0.252041,0.197850,0.248170,0.056625,0.179754
428,1.783333,0.367326,0.218298,0.275625,0.314225,0.246652,0.222993,0.261661,0.167672,0.185378,0.247585,0.252042,0.197848,0.248172,0.056628,0.179753
429,1.787500,0.367324,0.218298,0.275624,0.314225,0.246652,0.222992,0.261663,0.167668,0.185374,0.247586,0.252043,0.197845,0.248171,0.056625,0.179756
430,1.791667,0.367320,0.218295,0.275627,0.314223,0.246651,0.222992,0.261663,0.167669,0.185376,0.247585,0.252042,0.197845,0.248172,0.056628,0.179752
431,1.795833,0.367317,0.218294,0.275629,0.314224,0.246653,0.222992,0.261663,0.167668,0.185374,0.247584,0.252043,0.197846,0.248173,0.056627,0.179754
432,1.800000,0.367316,0.218291,0.275631,0.314224,0.246651,0.222989,0.261655,0.167675,0.185349,0.247587,0.252043,0.197841,0.248172,0.056626,0.179752
433,1.804167,0.367312,0.218294,0.275633,0.314222,0.246652,0.222989,0.261662,0.167672,0.185366,0.247585,0.252043,0.197840,0.248172,0.056628,0.179751
434,1.808333,0.367279,0.218316,0.275623,0.314221,0.246653,0.222986,0.261652,0.167676,0.185348,0.247587,0.252045,0.197839,0.248174,0.056627,0.179752
435,1.812500,0.367293,0.218302,0.275633,0.314222,0.246650,0.222986,0.261653,0.167680,0.185337,0.247588,0.252045,0.197837,0.248172,0.056627,0.179754
436,1.816667,0.367269,0.218319,0.275629,0.314220,0.246651,0.222984,0.261655,0.167679,0.185338,0.247587,0.252045,0.197833,0.248173,0.056631,0.179753
437,1.820833,0.367252,0.218321,0.275619,0.314220,0.246650,0.222984,0.261652,0.167681,0.185337,0.247587,0.252055,0.197827,0.248174,0.056630,0.179750
438,1.825000,0.367247,0.218323,0.275622,0.314220,0.246650,0.222983,0.261652,0.167680,0.185337,0.247587,0.252054,0.197824,0.248171,0.056630,0.179755
439,1.829167,0.367246,0.218321,0.275628,0.314219,0.246649,0.222982,0.261653,0.167679,0.185334,0.247587,0.252053,0.197822,0.248173,0.056629,0.179751
440,1.833333,0.367243,0.218320,0.275632,0.314218,0.246648,0.222983,0.261653,0.167680,0.185335,0.247587,0.252054,0.197820,0.248173,0.056627,0.179753
441,1.837500,0.367239,0.218324,0.275637,0.314218,0.246648,0.222982,0.261652,0.167678,0.185335,0.247588,0.252054,0.197817,0.248171,0.056630,0.179750
442,1.841667,0.367235,0.218324,0.275641,0.314217,0.246647,0.222983,0.261651,0.167682,0.185332,0.247587,0.252055,0.197814,0.248172,0.056629,0.179749
443,1.845833,0.367232,0.218324,0.275646,0.314216,0.246648,0.222980,0.261653,0.167681,0.185328,0.247588,0.252054,0.197811,0.248172,0.056630,0.179749
444,1.850000,0.367229,0.218329,0.275650,0.314217,0.246650,0.222981,0.261653,0.167682,0.185328,0.247588,0.252055,0.197810,0.248174,0.056634,0.179752
445,1.854167,0.367226,0.218329,0.275653,0.314216,0.246652,0.222981,0.261652,0.167682,0.185331,0.247589,0.252058,0.197812,0.248173,0.056633,0.179751
446,1.858333,0.367223,0.218330,0.275654,0.314218,0.246650,0.222981,0.261656,0.167681,0.185325,0.247590,0.252057,0.197806,0.248176,0.056630,0.179748
447,1.862500,0.367222,0.218333,0.275660,0.314218,0.246651,0.222979,0.261656,0.167682,0.185319,0.247589,0.252054,0.197806,0.248172,0.056634,0.179748
448,1.866667,0.367220,0.218333,0.275662,0.314216,0.246649,0.222980,0.261655,0.167682,0.185323,0.247589,0.252055,0.197807,0.248172,0.056632,0.179746
449,1.870833,0.367219,0.218336,0.275664,0.314215,0.246650,0.222980,0.261657,0.167680,0.185322,0.247591,0.252055,0.197805,0.248174,0.056629,0.179749
450,1.875000,0.367218,0.218337,0.275665,0.314218,0.246651,0.222979,0.261656,0.167681,0.185321,0.247591,0.252054,0.197803,0.248175,0.056630,0.179748
451,1.879167,0.367219,0.218340,0.275667,0.314217,0.246652,0.222978,0.261657,0.167682,0.185321,0.247592,0.252054,0.197801,0.248176,0.056630,0.179746
452,1.883333,0.367219,0.218341,0.275666,0.314217,0.246653,0.222978,0.261667,0.167675,0.185342,0.247594,0.252054,0.197799,0.248176,0.056631,0.179747
453,1.887500,0.367220,0.218345,0.275668,0.314218,0.246653,0.222979,0.261660,0.167679,0.185327,0.247595,0.252055,0.197801,0.248175,0.056631,0.179746
454,1.891667,0.367220,0.218346,0.275666,0.314219,0.246654,0.222979,0.261660,0.167682,0.185318,0.247595,0.252054,0.197797,0.248175,0.056632,0.179746
455,1.895833,0.367222,0.218348,0.275665,0.314219,0.246655,0.222978,0.261659,0.167682,0.185315,0.247594,0.252055,0.197799,0.248178,0.056631,0.179742
456,1.900000,0.367223,0.218350,0.275666,0.314218,0.246656,0.222979,0.261661,0.167681,0.185316,0.247595,0.252054,0.197798,0.248175,0.056632,0.179746
457,1.904167,0.367226,0.218353,0.275667,0.314219,0.246655,0.222978,0.261662,0.167682,0.185316,0.247596,0.252052,0.197799,0.248176,0.056631,0.179747
458,1.908333,0.367230,0.218357,0.275666,0.314221,0.246656,0.222981,0.261664,0.167681,0.185318,0.247598,0.252052,0.197799,0.248175,0.056630,0.179744
459,1.912500,0.367234,0.218356,0.275664,0.314221,0.246657,0.222980,0.261662,0.167680,0.185320,0.247597,0.252054,0.197802,0.248176,0.056629,0.179745
460,1.916667,0.367236,0.218358,0.275662,0.314221,0.246657,0.222979,0.261663,0.167679,0.185320,0.247597,0.252053,0.197799,0.248174,0.056631,0.179747
461,1.920833,0.367239,0.218359,0.275662,0.314221,0.246656,0.222980,0.261662,0.167679,0.185318,0.247597,0.252053,0.197800,0.248174,0.056632,0.179745
462,1.925000,0.367242,0.218362,0.275660,0.314223,0.246656,0.222981,0.261663,0.167679,0.185322,0.247598,0.252053,0.197803,0.248173,0.056630,0.179748
463,1.929167,0.367247,0.218365,0.275658,0.314224,0.246655,0.222981,0.261663,0.167679,0.185319,0.247596,0.252051,0.197805,0.248175,0.056628,0.179745
464,1.933333,0.367254,0.218370,0.275658,0.314224,0.246655,0.222982,0.261663,0.167679,0.185321,0.247598,0.252053,0.197807,0.248177,0.056632,0.179742
465,1.937500,0.367257,0.218369,0.275658,0.314225,0.246656,0.222982,0.261662,0.167679,0.185321,0.247599,0.252052,0.197808,0.248174,0.056629,0.179746
466,1.941667,0.367260,0.218368,0.275656,0.314225,0.246657,0.222981,0.261663,0.167679,0.185323,0.247599,0.252044,0.197815,0.248175,0.056630,0.179747
467,1.945833,0.367262,0.218371,0.275656,0.314227,0.246655,0.222984,0.261662,0.167678,0.185325,0.247598,0.252052,0.197814,0.248176,0.056631,0.179749
468,1.950000,0.367264,0.218371,0.275652,0.314226,0.246656,0.222984,0.261663,0.167679,0.185327,0.247597,0.252052,0.197814,0.248175,0.056631,0.179750
469,1.954167,0.367265,0.218368,0.275653,0.314228,0.246646,0.222991,0.261659,0.167678,0.185333,0.247598,0.252052,0.197817,0.248173,0.056632,0.179752
470,1.958333,0.367269,0.218365,0.275651,0.314228,0.246655,0.222984,0.261660,0.167679,0.185336,0.247596,0.252052,0.197818,0.248173,0.056632,0.179748
471,1.962500,0.367270,0.218364,0.275647,0.314229,0.246655,0.222985,0.261667,0.167671,0.185360,0.247595,0.252053,0.197821,0.248174,0.056631,0.179753
472,1.966667,0.367270,0.218361,0.275645,0.314228,0.246655,0.222987,0.261656,0.167675,0.185346,0.247597,0.252045,0.197826,0.248176,0.056632,0.179748
473,1.970833,0.367302,0.218332,0.275654,0.314228,0.246653,0.222987,0.261669,0.167675,0.185357,0.247597,0.252053,0.197826,0.248174,0.056631,0.179751
474,1.975000,0.367313,0.218322,0.275660,0.314229,0.246652,0.222986,0.261667,0.167670,0.185366,0.247596,0.252052,0.197827,0.248173,0.056632,0.179750
475,1.979167,0.367285,0.218339,0.275646,0.314227,0.246653,0.222988,0.261666,0.167671,0.185368,0.247595,0.252052,0.197830,0.248169,0.056632,0.179755
476,1.983333,0.367270,0.218348,0.275633,0.314229,0.246653,0.222988,0.261667,0.167672,0.185365,0.247594,0.252053,0.197831,0.248171,0.056631,0.179754
477,1.987500,0.367267,0.218345,0.275632,0.314226,0.246652,0.222989,0.261666,0.167671,0.185364,0.247594,0.252053,0.197830,0.248173,0.056630,0.179752
478,1.991667,0.367270,0.218338,0.275631,0.314226,0.246650,0.222988,0.261656,0.167676,0.185345,0.247592,0.252053,0.197832,0.248172,0.056631,0.179754
479,1.995833,0.367302,0.218311,0.275644,0.314227,0.246651,0.222986,0.261663,0.167672,0.185362,0.247593,0.252044,0.197836,0.248171,0.056629,0.179755
480,2.000000,0.367314,0.218297,0.275647,0.314234,0.246636,0.222993,0.261665,0.167668,0.185370,0.247592,0.252052,0.197834,0.248172,0.056627,0.179755
481,2.004167,0.367312,0.218292,0.275645,0.314233,0.246635,0.222994,0.261654,0.167674,0.185348,0.247593,0.252053,0.197835,0.248171,0.056629,0.179753
482,2.008333,0.367308,0.218292,0.275642,0.314228,0.246647,0.222987,0.261656,0.167676,0.185342,0.247592,0.252052,0.197833,0.248169,0.056630,0.179757
483,2.012500,0.367307,0.218288,0.275640,0.314234,0.246634,0.222994,0.261653,0.167679,0.185345,0.247592,0.252045,0.197839,0.248170,0.056629,0.179756
484,2.016667,0.367306,0.218284,0.275639,0.314234,0.246633,0.222993,0.261654,0.167676,0.185346,0.247590,0.252050,0.197835,0.248171,0.056629,0.179754
485,2.020833,0.367304,0.218283,0.275639,0.314226,0.246644,0.222986,0.261656,0.167676,0.185344,0.247590,0.252051,0.197835,0.248172,0.056629,0.179750
486,2.025000,0.367283,0.218293,0.275598,0.314227,0.246645,0.222986,0.261663,0.167671,0.185365,0.247589,0.252052,0.197835,0.248171,0.056632,0.179751
487,2.029167,0.367294,0.218284,0.275626,0.314231,0.246631,0.222991,0.261663,0.167668,0.185371,0.247589,0.252044,0.197839,0.248170,0.056627,0.179752
488,2.033333,0.367300,0.218270,0.275624,0.314232,0.246632,0.222990,0.261651,0.167673,0.185351,0.247589,0.252042,0.197836,0.248170,0.056630,0.179752
489,2.037500,0.367301,0.218268,0.275623,0.314227,0.246644,0.222985,0.261662,0.167670,0.185363,0.247589,0.252044,0.197839,0.248171,0.056627,0.179752
490,2.041667,0.367298,0.218264,0.275623,0.314229,0.246632,0.222993,0.261661,0.167669,0.185372,0.247590,0.252044,0.197836,0.248168,0.056630,0.179757
491,2.045833,0.367297,0.218263,0.275624,0.314224,0.246642,0.222986,0.261652,0.167673,0.185348,0.247588,0.252052,0.197832,0.248170,0.056631,0.179755
492,2.050000,0.367266,0.218284,0.275610,0.314224,0.246643,0.222985,0.261653,0.167678,0.185336,0.247589,0.252044,0.197835,0.248172,0.056629,0.179750
493,2.054167,0.367286,0.218271,0.275617,0.314228,0.246631,0.222991,0.261652,0.167676,0.185337,0.247589,0.252044,0.197836,0.248171,0.056629,0.179751
494,2.058333,0.367296,0.218262,0.275624,0.314229,0.246630,0.222992,0.261661,0.167671,0.185362,0.247589,0.252051,0.197831,0.248171,0.056631,0.179753
495,2.062500,0.367296,0.218263,0.275625,0.314228,0.246631,0.222990,0.261652,0.167675,0.185345,0.247591,0.252053,0.197828,0.248173,0.056630,0.179749
496,2.066667,0.367290,0.218264,0.275627,0.314222,0.246644,0.222983,0.261651,0.167679,0.185343,0.247589,0.252053,0.197828,0.248171,0.056631,0.179750
497,2.070833,0.367258,0.218287,0.275618,0.314219,0.246643,0.222983,0.261649,0.167678,0.185339,0.247588,0.252052,0.197828,0.248172,0.056632,0.179751
498,2.075000,0.367244,0.218299,0.275614,0.314223,0.246644,0.222982,0.261651,0.167679,0.185336,0.247588,0.252053,0.197825,0.248172,0.056632,0.179748
499,2.079167,0.367240,0.218299,0.275615,0.314219,0.246643,0.222983,0.261651,0.167680,0.185337,0.247589,0.252053,0.197822,0.248172,0.056628,0.179750
500,2.083333,0.367274,0.218279,0.275631,0.314220,0.246645,0.222981,0.261651,0.167681,0.185336,0.247587,0.252052,0.197821,0.248173,0.056631,0.179750
501,2.087500,0.367253,0.218294,0.275630,0.314220,0.246644,0.222983,0.261652,0.167678,0.185336,0.247588,0.252045,0.197827,0.248172,0.056630,0.179752
502,2.091667,0.367237,0.218306,0.275627,0.314220,0.246647,0.222981,0.261653,0.167679,0.185333,0.247589,0.252053,0.197819,0.248172,0.056631,0.179752
503,2.095833,0.367233,0.218311,0.275626,0.314219,0.246647,0.222982,0.261653,0.167679,0.185332,0.247589,0.252054,0.197815,0.248172,0.056633,0.179750
504,2.100000,0.367235,0.218313,0.275631,0.314227,0.246614,0.223007,0.261656,0.167681,0.185330,0.247589,0.252055,0.197816,0.248175,0.056633,0.179745
505,2.104167,0.367235,0.218315,0.275636,0.314220,0.246651,0.222981,0.261657,0.167678,0.185328,0.247589,0.252054,0.197815,0.248172,0.056629,0.179748
506,2.108333,0.367233,0.218316,0.275638,0.314219,0.246650,0.222981,0.261657,0.167680,0.185329,0.247590,0.252054,0.197812,0.248175,0.056633,0.179749
507,2.112500,0.367233,0.218321,0.275641,0.314218,0.246652,0.222980,0.261656,0.167680,0.185326,0.247592,0.252053,0.197810,0.248175,0.056632,0.179746
508,2.116667,0.367230,0.218325,0.275645,0.314217,0.246652,0.222980,0.261657,0.167679,0.185327,0.247590,0.252053,0.197811,0.248174,0.056631,0.179750
509,2.120833,0.367228,0.218331,0.275648,0.314217,0.246651,0.222982,0.261658,0.167677,0.185323,0.247591,0.252052,0.197807,0.248172,0.056631,0.179748
510,2.125000,0.367225,0.218337,0.275651,0.314218,0.246653,0.222982,0.261659,0.167680,0.185322,0.247591,0.252052,0.197807,0.248175,0.056631,0.179747
511,2.129167,0.367225,0.218340,0.275655,0.314218,0.246653,0.222981,0.261658,0.167677,0.185327,0.247591,0.252055,0.197805,0.248170,0.056629,0.179748
512,2.133333,0.367227,0.218343,0.275655,0.314218,0.246654,0.222978,0.261657,0.167678,0.185327,0.247592,0.252054,0.197803,0.248175,0.056631,0.179747
513,2.137500,0.367229,0.218347,0.275657,0.314218,0.246657,0.222978,0.261658,0.167679,0.185325,0.247593,0.252054,0.197803,0.248174,0.056631,0.179746
514,2.141667,0.367232,0.218350,0.275657,0.314219,0.246657,0.222979,0.261661,0.167681,0.185324,0.247594,0.252054,0.197802,0.248175,0.056632,0.179746
515,2.145833,0.367232,0.218357,0.275660,0.314220,0.246657,0.222978,0.261659,0.167680,0.185323,0.247594,0.252054,0.197799,0.248175,0.056631,0.179746
516,2.150000,0.367235,0.218359,0.275660,0.314220,0.246659,0.222977,0.261661,0.167680,0.185320,0.247596,0.252054,0.197798,0.248176,0.056631,0.179747
517,2.154167,0.367238,0.218363,0.275660,0.314221,0.246658,0.222977,0.261660,0.167680,0.185321,0.247594,0.252054,0.197802,0.248175,0.056633,0.179742
518,2.158333,0.367240,0.218366,0.275659,0.314222,0.246658,0.222977,0.261660,0.167680,0.185323,0.247596,0.252053,0.197800,0.248176,0.056629,0.179744
519,2.162500,0.367241,0.218367,0.275658,0.314223,0.246658,0.222976,0.261662,0.167681,0.185319,0.247596,0.252055,0.197797,0.248175,0.056632,0.179743
520,2.166667,0.367242,0.218371,0.275660,0.314222,0.246659,0.222977,0.261662,0.167680,0.185320,0.247595,0.252055,0.197796,0.248175,0.056630,0.179746
521,2.170833,0.367249,0.218378,0.275664,0.314222,0.246659,0.222976,0.261671,0.167674,0.185345,0.247594,0.252053,0.197798,0.248174,0.056629,0.179745
522,2.175000,0.367250,0.218379,0.275660,0.314225,0.246660,0.222975,0.261661,0.167676,0.185330,0.247596,0.252054,0.197801,0.248174,0.056633,0.179745
523,2.179167,0.367245,0.218375,0.275660,0.314222,0.246660,0.222977,0.261661,0.167680,0.185321,0.247597,0.252055,0.197799,0.248174,0.056631,0.179746
524,2.183333,0.367251,0.218382,0.275661,0.314225,0.246660,0.222978,0.261660,0.167680,0.185321,0.247594,0.252055,0.197798,0.248171,0.056632,0.179746
525,2.187500,0.367251,0.218378,0.275662,0.314222,0.246661,0.222976,0.261662,0.167679,0.185324,0.247594,0.252055,0.197800,0.248175,0.056632,0.179746
526,2.191667,0.367250,0.218373,0.275658,0.314225,0.246659,0.222977,0.261658,0.167679,0.185325,0.247595,0.252055,0.197800,0.248174,0.056631,0.179745
527,2.195833,0.367253,0.218374,0.275657,0.314224,0.246658,0.222978,0.261662,0.167679,0.185325,0.247596,0.252055,0.197800,0.248175,0.056630,0.179749
528,2.200000,0.367255,0.218371,0.275656,0.314224,0.246660,0.222976,0.261659,0.167679,0.185326,0.247596,0.252054,0.197802,0.248173,0.056632,0.179749
529,2.204167,0.367251,0.218363,0.275652,0.314224,0.246658,0.222978,0.261661,0.167681,0.185326,0.247597,0.252055,0.197804,0.248174,0.056631,0.179749
530,2.208333,0.367255,0.218366,0.275653,0.314226,0.246659,0.222976,0.261667,0.167673,0.185350,0.247595,0.252055,0.197803,0.248172,0.056629,0.179751
531,2.212500,0.367250,0.218357,0.275647,0.314222,0.246658,0.222976,0.261659,0.167678,0.185331,0.247596,0.252054,0.197805,0.248174,0.056631,0.179748
532,2.216667,0.367253,0.218362,0.275647,0.314225,0.246658,0.222976,0.261658,0.167680,0.185323,0.247594,0.252053,0.197807,0.248176,0.056632,0.179747
533,2.220833,0.367253,0.218355,0.275645,0.314223,0.246658,0.222976,0.261659,0.167679,0.185323,0.247593,0.252053,0.197807,0.248173,0.056629,0.179751
534,2.225000,0.367254,0.218352,0.275642,0.314223,0.246656,0.222976,0.261656,0.167679,0.185326,0.247592,0.252054,0.197808,0.248172,0.056628,0.179749
535,2.229167,0.367253,0.218347,0.275640,0.314222,0.246654,0.222976,0.261657,0.167680,0.185329,0.247593,0.252052,0.197806,0.248173,0.056629,0.179750
536,2.233333,0.367254,0.218343,0.275637,0.314222,0.246654,0.222975,0.261664,0.167673,0.185355,0.247592,0.252053,0.197811,0.248171,0.056626,0.179752
537,2.237500,0.367255,0.218337,0.275635,0.314222,0.246653,0.222975,0.261655,0.167678,0.185340,0.247591,0.252053,0.197812,0.248172,0.056628,0.179751
538,2.241667,0.367252,0.218329,0.275626,0.314223,0.246652,0.222974,0.261654,0.167680,0.185333,0.247592,0.252055,0.197811,0.248171,0.056630,0.179751
539,2.245833,0.367249,0.218322,0.275621,0.314219,0.246651,0.222976,0.261653,0.167680,0.185335,0.247590,0.252053,0.197811,0.248172,0.056629,0.179754
540,2.250000,0.367249,0.218322,0.275619,0.314223,0.246651,0.222974,0.261663,0.167674,0.185358,0.247590,0.252054,0.197816,0.248171,0.056629,0.179753
541,2.254167,0.367249,0.218313,0.275615,0.314222,0.246650,0.222973,0.261656,0.167675,0.185337,0.247588,0.252053,0.197818,0.248170,0.056629,0.179755
542,2.258333,0.367248,0.218310,0.275614,0.314220,0.246650,0.222975,0.261652,0.167680,0.185329,0.247588,0.252047,0.197822,0.248171,0.056627,0.179754
543,2.262500,0.367250,0.218315,0.275620,0.314219,0.246649,0.222976,0.261651,0.167682,0.185332,0.247587,0.252056,0.197819,0.248170,0.056630,0.179755
544,2.266667,0.367248,0.218306,0.275609,0.314219,0.246649,0.222975,0.261650,0.167682,0.185337,0.247587,0.252047,0.197821,0.248170,0.056629,0.179756
545,2.270833,0.367247,0.218300,0.275606,0.314217,0.246650,0.222976,0.261651,0.167679,0.185337,0.247584,0.252053,0.197820,0.248170,0.056629,0.179757
546,2.275000,0.367247,0.218301,0.275603,0.314218,0.246648,0.222975,0.261649,0.167681,0.185338,0.247585,0.252056,0.197821,0.248170,0.056630,0.179754
547,2.279167,0.367278,0.218276,0.275616,0.314215,0.246648,0.222975,0.261649,0.167683,0.185339,0.247585,0.252048,0.197825,0.248172,0.056629,0.179757
548,2.283333,0.367290,0.218265,0.275618,0.314216,0.246647,0.222975,0.261658,0.167676,0.185363,0.247584,0.252055,0.197821,0.248169,0.056630,0.179758
549,2.287500,0.367259,0.218284,0.275608,0.314216,0.246650,0.222977,0.261649,0.167680,0.185347,0.247582,0.252055,0.197824,0.248170,0.056630,0.179757
550,2.291667,0.367278,0.218271,0.275611,0.314216,0.246649,0.222974,0.261651,0.167682,0.185336,0.247582,0.252048,0.197829,0.248170,0.056630,0.179754
551,2.295833,0.367285,0.218260,0.275616,0.314215,0.246651,0.222975,0.261649,0.167682,0.185339,0.247582,0.252054,0.197824,0.248173,0.056626,0.179753
552,2.300000,0.367285,0.218262,0.275614,0.314214,0.246650,0.222975,0.261648,0.167682,0.185340,0.247582,0.252056,0.197825,0.248172,0.056631,0.179756
553,2.304167,0.367255,0.218284,0.275599,0.314215,0.246648,0.222975,0.261646,0.167681,0.185340,0.247581,0.252054,0.197824,0.248171,0.056629,0.179757
554,2.308333,0.367241,0.218294,0.275593,0.314215,0.246651,0.222974,0.261655,0.167677,0.185367,0.247582,0.252046,0.197828,0.248172,0.056627,0.179753
555,2.312500,0.367241,0.218294,0.275591,0.314213,0.246651,0.222973,0.261649,0.167679,0.185344,0.247582,0.252046,0.197827,0.248169,0.056627,0.179757
556,2.316667,0.367246,0.218294,0.275593,0.314212,0.246651,0.222972,0.261660,0.167677,0.185356,0.247581,0.252047,0.197827,0.248172,0.056627,0.179754
557,2.320833,0.367278,0.218273,0.275608,0.314213,0.246652,0.222975,0.261647,0.167679,0.185343,0.247581,0.252053,0.197823,0.248172,0.056628,0.179754
558,2.325000,0.367258,0.218289,0.275607,0.314213,0.246652,0.222974,0.261651,0.167684,0.185332,0.247580,0.252054,0.197822,0.248172,0.056631,0.179753
559,2.329167,0.367244,0.218302,0.275599,0.314213,0.246654,0.222973,0.261650,0.167683,0.185330,0.247581,0.252054,0.197820,0.248174,0.056630,0.179753
560,2.333333,0.367242,0.218307,0.275599,0.314214,0.246655,0.222975,0.261649,0.167683,0.185333,0.247582,0.252047,0.197820,0.248174,0.056627,0.179751
561,2.337500,0.367244,0.218310,0.275600,0.314214,0.246655,0.222973,0.261651,0.167682,0.185335,0.247581,0.252054,0.197818,0.248172,0.056628,0.179749
562,2.341667,0.367244,0.218312,0.275607,0.314215,0.246655,0.222974,0.261649,0.167683,0.185338,0.247580,0.252056,0.197817,0.248174,0.056629,0.179751
563,2.345833,0.367246,0.218315,0.275608,0.314213,0.246655,0.222976,0.261652,0.167681,0.185333,0.247581,0.252054,0.197816,0.248171,0.056629,0.179753
564,2.350000,0.367245,0.218319,0.275609,0.314213,0.246657,0.222975,0.261650,0.167681,0.185336,0.247581,0.252047,0.197820,0.248172,0.056628,0.179752
565,2.354167,0.367245,0.218323,0.275613,0.314213,0.246658,0.222975,0.261652,0.167684,0.185331,0.247581,0.252054,0.197815,0.248173,0.056630,0.179749
566,2.358333,0.367248,0.218334,0.275623,0.314214,0.246656,0.222975,0.261652,0.167682,0.185331,0.247582,0.252054,0.197812,0.248172,0.056629,0.179756
567,2.362500,0.367249,0.218340,0.275626,0.314214,0.246659,0.222977,0.261651,0.167680,0.185332,0.247582,0.252054,0.197812,0.248172,0.056629,0.179752
568,2.366667,0.367250,0.218345,0.275628,0.314215,0.246660,0.222975,0.261653,0.167683,0.185334,0.247584,0.252054,0.197811,0.248173,0.056630,0.179749
569,2.370833,0.367249,0.218345,0.275632,0.314216,0.246661,0.222973,0.261655,0.167681,0.185329,0.247587,0.252055,0.197810,0.248172,0.056631,0.179754
570,2.375000,0.367246,0.218346,0.275628,0.314216,0.246661,0.222975,0.261655,0.167682,0.185331,0.247586,0.252056,0.197809,0.248171,0.056632,0.179754
571,2.379167,0.367248,0.218355,0.275637,0.314217,0.246662,0.222976,0.261657,0.167681,0.185331,0.247588,0.252055,0.197809,0.248175,0.056631,0.179751
572,2.383333,0.367249,0.218358,0.275643,0.314219,0.246662,0.222975,0.261657,0.167683,0.185330,0.247588,0.252054,0.197807,0.248174,0.056633,0.179750
573,2.387500,0.367246,0.218359,0.275641,0.314219,0.246662,0.222974,0.261658,0.167682,0.185327,0.247588,0.252053,0.197805,0.248175,0.056630,0.179749
574,2.391667,0.367248,0.218365,0.275645,0.314217,0.246661,0.222976,0.261656,0.167682,0.185324,0.247589,0.252055,0.197804,0.248174,0.056633,0.179749
575,2.395833,0.367245,0.218366,0.275649,0.314219,0.246660,0.222975,0.261657,0.167681,0.185323,0.247591,0.252053,0.197802,0.248174,0.056631,0.179749
576,2.400000,0.367247,0.218369,0.275649,0.314219,0.246662,0.222975,0.261660,0.167681,0.185321,0.247591,0.252054,0.197801,0.248175,0.056630,0.179747
577,2.404167,0.367243,0.218365,0.275650,0.314220,0.246662,0.222975,0.261659,0.167681,0.185326,0.247593,0.252054,0.197800,0.248175,0.056629,0.179748
578,2.408333,0.367241,0.218366,0.275650,0.314220,0.246660,0.222976,0.261669,0.167675,0.185349,0.247593,0.252054,0.197796,0.248173,0.056631,0.179746
579,2.412500,0.367242,0.218367,0.275651,0.314223,0.246661,0.222973,0.261658,0.167678,0.185332,0.247594,0.252053,0.197795,0.248173,0.056629,0.179748
580,2.416667,0.367239,0.218367,0.275655,0.314223,0.246661,0.222976,0.261670,0.167674,0.185340,0.247595,0.252055,0.197795,0.248174,0.056631,0.179746
581,2.420833,0.367237,0.218368,0.275656,0.314222,0.246660,0.222974,0.261659,0.167678,0.185327,0.247594,0.252053,0.197793,0.248173,0.056632,0.179750
582,2.425000,0.367237,0.218366,0.275656,0.314222,0.246658,0.222975,0.261659,0.167680,0.185321,0.247596,0.252053,0.197791,0.248174,0.056630,0.179746
583,2.429167,0.367237,0.218366,0.275659,0.314223,0.246658,0.222972,0.261660,0.167682,0.185315,0.247598,0.252054,0.197792,0.248172,0.056630,0.179744
584,2.433333,0.367235,0.218363,0.275659,0.314221,0.246658,0.222974,0.261660,0.167681,0.185319,0.247597,0.252055,0.197791,0.248175,0.056629,0.179747
585,2.437500,0.367235,0.218363,0.275658,0.314223,0.246657,0.222974,0.261659,0.167678,0.185320,0.247596,0.252055,0.197792,0.248174,0.056629,0.179747
586,2.441667,0.367240,0.218361,0.275660,0.314221,0.246658,0.222975,0.261659,0.167680,0.185317,0.247598,0.252055,0.197791,0.248172,0.056633,0.179745
587,2.445833,0.367233,0.218353,0.275658,0.314223,0.246654,0.222973,0.261659,0.167682,0.185320,0.247597,0.252056,0.197791,0.248173,0.056630,0.179746
588,2.450000,0.367231,0.218351,0.275655,0.314223,0.246654,0.222971,0.261666,0.167675,0.185345,0.247598,0.252054,0.197789,0.248173,0.056632,0.179744
589,2.454167,0.367228,0.218346,0.275653,0.314222,0.246654,0.222971,0.261656,0.167677,0.185329,0.247598,0.252055,0.197791,0.248171,0.056632,0.179746
590,2.458333,0.367226,0.218342,0.275654,0.314228,0.246640,0.222977,0.261655,0.167680,0.185321,0.247597,0.252056,0.197792,0.248171,0.056630,0.179749
591,2.462500,0.367227,0.218339,0.275651,0.314221,0.246653,0.222968,0.261656,0.167680,0.185317,0.247596,0.252055,0.197791,0.248171,0.056630,0.179745
592,2.466667,0.367224,0.218334,0.275648,0.314224,0.246651,0.222971,0.261658,0.167681,0.185316,0.247596,0.252057,0.197790,0.248170,0.056630,0.179745
593,2.470833,0.367223,0.218328,0.275647,0.314223,0.246651,0.222970,0.261659,0.167682,0.185321,0.247597,0.252057,0.197792,0.248172,0.056630,0.179749
594,2.475000,0.367223,0.218325,0.275644,0.314223,0.246650,0.222969,0.261657,0.167681,0.185324,0.247597,0.252056,0.197792,0.248172,0.056628,0.179747
595,2.479167,0.367221,0.218319,0.275642,0.314223,0.246652,0.222966,0.261655,0.167685,0.185327,0.247595,0.252056,0.197794,0.248172,0.056630,0.179747
596,2.483333,0.367220,0.218314,0.275640,0.314230,0.246636,0.222974,0.261654,0.167681,0.185325,0.247595,0.252055,0.197796,0.248170,0.056630,0.179747
597,2.487500,0.367222,0.218309,0.275634,0.314220,0.246648,0.222967,0.261652,0.167682,0.185324,0.247592,0.252054,0.197797,0.248170,0.056631,0.179748
598,2.491667,0.367221,0.218308,0.275634,0.314226,0.246636,0.222973,0.261653,0.167682,0.185323,0.247591,0.252055,0.197800,0.248169,0.056633,0.179747
599,2.495833,0.367222,0.218303,0.275630,0.314219,0.246647,0.222967,0.261654,0.167681,0.185323,0.247590,0.252055,0.197801,0.248170,0.056631,0.179753
600,2.500000,0.367222,0.218301,0.275628,0.314225,0.246635,0.222972,0.261652,0.167679,0.185328,0.247588,0.252055,0.197802,0.248170,0.056630,0.179749
601,2.504167,0.367222,0.218298,0.275623,0.314218,0.246647,0.222966,0.261660,0.167675,0.185349,0.247589,0.252056,0.197802,0.248171,0.056630,0.179747
602,2.508333,0.367224,0.218296,0.275620,0.314224,0.246634,0.222973,0.261650,0.167677,0.185334,0.247588,0.252055,0.197805,0.248171,0.056630,0.179754
603,2.512500,0.367225,0.218293,0.275618,0.314219,0.246647,0.222967,0.261648,0.167678,0.185330,0.247586,0.252054,0.197806,0.248168,0.056630,0.179753
604,2.516667,0.367229,0.218290,0.275613,0.314219,0.246648,0.222967,0.261649,0.167682,0.185332,0.247585,0.252054,0.197808,0.248171,0.056630,0.179751
605,2.520833,0.367231,0.218288,0.275612,0.314217,0.246646,0.222966,0.261648,0.167680,0.185331,0.247586,0.252054,0.197808,0.248169,0.056630,0.179754
606,2.525000,0.367234,0.218287,0.275605,0.314217,0.246648,0.222968,0.261648,0.167681,0.185336,0.247584,0.252054,0.197811,0.248168,0.056628,0.179756
607,2.529167,0.367236,0.218287,0.275600,0.314218,0.246649,0.222968,0.261656,0.167674,0.185358,0.247582,0.252056,0.197815,0.248168,0.056628,0.179757
608,2.533333,0.367239,0.218286,0.275597,0.314218,0.246649,0.222968,0.261647,0.167679,0.185342,0.247583,0.252056,0.197817,0.248168,0.056628,0.179756
609,2.537500,0.367242,0.218285,0.275590,0.314217,0.246649,0.222968,0.261644,0.167681,0.185337,0.247582,0.252055,0.197817,0.248169,0.056625,0.179754
610,2.541667,0.367243,0.218287,0.275587,0.314216,0.246650,0.222969,0.261647,0.167679,0.185337,0.247581,0.252056,0.197817,0.248169,0.056627,0.179755
611,2.545833,0.367277,0.218264,0.275599,0.314218,0.246651,0.222969,0.261647,0.167680,0.185336,0.247579,0.252054,0.197819,0.248167,0.056628,0.179760
612,2.550000,0.367262,0.218280,0.275592,0.314215,0.246650,0.222968,0.261656,0.167675,0.185360,0.247580,0.252055,0.197819,0.248166,0.056626,0.179759
613,2.554167,0.367250,0.218290,0.275583,0.314214,0.246651,0.222969,0.261647,0.167679,0.185342,0.247580,0.252047,0.197824,0.248169,0.056626,0.179757
614,2.558333,0.367260,0.218293,0.275569,0.314216,0.246652,0.222970,0.261647,0.167683,0.185338,0.247579,0.252044,0.197823,0.248169,0.056624,0.179758
615,2.562500,0.367266,0.218295,0.275565,0.314215,0.246654,0.222972,0.261647,0.167680,0.185337,0.247577,0.252053,0.197826,0.248166,0.056624,0.179756
616,2.566667,0.367267,0.218297,0.275566,0.314215,0.246653,0.222970,0.261646,0.167679,0.185341,0.247577,0.252055,0.197825,0.248168,0.056626,0.179756
617,2.570833,0.367269,0.218297,0.275566,0.314217,0.246656,0.222971,0.261650,0.167680,0.185339,0.247579,0.252046,0.197828,0.248168,0.056623,0.179758
618,2.575000,0.367271,0.218299,0.275565,0.314216,0.246655,0.222974,0.261657,0.167675,0.185364,0.247578,0.252045,0.197826,0.248169,0.056625,0.179757
619,2.579167,0.367303,0.218282,0.275581,0.314216,0.246658,0.222971,0.261649,0.167676,0.185347,0.247578,0.252054,0.197823,0.248169,0.056624,0.179758
620,2.583333,0.367285,0.218297,0.275578,0.314215,0.246659,0.222974,0.261648,0.167680,0.185342,0.247578,0.252044,0.197825,0.248169,0.056626,0.179754
621,2.587500,0.367305,0.218286,0.275582,0.314215,0.246658,0.222970,0.261650,0.167678,0.185339,0.247577,0.252054,0.197824,0.248168,0.056627,0.179756
622,2.591667,0.367313,0.218283,0.275590,0.314215,0.246659,0.222972,0.261648,0.167679,0.185342,0.247576,0.252045,0.197827,0.248169,0.056625,0.179755
623,2.595833,0.367305,0.218294,0.275616,0.314215,0.246660,0.222974,0.261659,0.167673,0.185361,0.247576,0.252052,0.197823,0.248167,0.056627,0.179755
624,2.600000,0.367273,0.218321,0.275606,0.314215,0.246659,0.222975,0.261650,0.167676,0.185346,0.247577,0.252045,0.197826,0.248168,0.056626,0.179757
625,2.604167,0.367258,0.218335,0.275601,0.314215,0.246662,0.222975,0.261653,0.167680,0.185337,0.247580,0.252051,0.197820,0.248170,0.056626,0.179749
626,2.608333,0.367259,0.218339,0.275603,0.314217,0.246661,0.222974,0.261654,0.167679,0.185335,0.247582,0.252045,0.197822,0.248169,0.056628,0.179752
627,2.612500,0.367262,0.218341,0.275608,0.314217,0.246662,0.222973,0.261652,0.167679,0.185341,0.247580,0.252052,0.197818,0.248170,0.056630,0.179753
628,2.616667,0.367260,0.218340,0.275611,0.314217,0.246662,0.222974,0.261650,0.167680,0.185339,0.247582,0.252054,0.197815,0.248168,0.056631,0.179751
629,2.620833,0.367260,0.218344,0.275615,0.314216,0.246660,0.222974,0.261650,0.167680,0.185336,0.247584,0.252053,0.197812,0.248169,0.056628,0.179750
630,2.625000,0.367258,0.218346,0.275621,0.314220,0.246661,0.222974,0.261661,0.167672,0.185356,0.247583,0.252051,0.197812,0.248170,0.056628,0.179751
631,2.629167,0.367256,0.218347,0.275623,0.314218,0.246661,0.222972,0.261653,0.167675,0.185337,0.247584,0.252043,0.197810,0.248169,0.056628,0.179749
632,2.633333,0.367253,0.218349,0.275626,0.314219,0.246660,0.222972,0.261655,0.167680,0.185325,0.247585,0.252052,0.197804,0.248169,0.056626,0.179751
633,2.637500,0.367246,0.218348,0.275625,0.314218,0.246658,0.222972,0.261654,0.167679,0.185326,0.247587,0.252052,0.197803,0.248169,0.056628,0.179749
634,2.641667,0.367245,0.218355,0.275632,0.314219,0.246660,0.222970,0.261654,0.167677,0.185329,0.247585,0.252051,0.197803,0.248170,0.056629,0.179748
635,2.645833,0.367245,0.218357,0.275641,0.314219,0.246659,0.222971,0.261666,0.167674,0.185350,0.247587,0.252052,0.197799,0.248170,0.056628,0.179748
636,2.650000,0.367240,0.218350,0.275641,0.314220,0.246658,0.222973,0.261658,0.167676,0.185327,0.247590,0.252055,0.197797,0.248172,0.056629,0.179741
637,2.654167,0.367236,0.218351,0.275644,0.314218,0.246657,0.222969,0.261657,0.167677,0.185319,0.247590,0.252053,0.197794,0.248167,0.056632,0.179746
638,2.658333,0.367232,0.218350,0.275647,0.314221,0.246658,0.222972,0.261657,0.167678,0.185320,0.247590,0.252053,0.197793,0.248170,0.056629,0.179745
639,2.662500,0.367229,0.218351,0.275651,0.314222,0.246657,0.222972,0.261657,0.167677,0.185319,0.247591,0.252054,0.197792,0.248170,0.056631,0.179740
640,2.666667,0.367222,0.218347,0.275656,0.314220,0.246654,0.222969,0.261657,0.167680,0.185321,0.247594,0.252054,0.197787,0.248169,0.056630,0.179745
641,2.670833,0.367220,0.218345,0.275659,0.314220,0.246655,0.222971,0.261657,0.167677,0.185323,0.247595,0.252053,0.197785,0.248168,0.056631,0.179742
642,2.675000,0.367219,0.218345,0.275660,0.314221,0.246656,0.222970,0.261657,0.167677,0.185321,0.247594,0.252054,0.197788,0.248168,0.056629,0.179744
643,2.679167,0.367215,0.218344,0.275662,0.314218,0.246654,0.222968,0.261655,0.167678,0.185319,0.247593,0.252052,0.197785,0.248168,0.056631,0.179745
644,2.683333,0.367211,0.218341,0.275664,0.314219,0.246651,0.222969,0.261655,0.167679,0.185315,0.247594,0.252054,0.197780,0.248169,0.056630,0.179741
645,2.687500,0.367209,0.218336,0.275666,0.314217,0.246650,0.222966,0.261657,0.167679,0.185314,0.247595,0.252054,0.197782,0.248167,0.056632,0.179743
646,2.691667,0.367206,0.218335,0.275666,0.314224,0.246638,0.222972,0.261655,0.167679,0.185317,0.247594,0.252053,0.197782,0.248171,0.056631,0.179742
647,2.695833,0.367203,0.218332,0.275666,0.314219,0.246650,0.222965,0.261655,0.167677,0.185318,0.247595,0.252055,0.197781,0.248169,0.056630,0.179745
648,2.700000,0.367200,0.218329,0.275665,0.314217,0.246649,0.222966,0.261655,0.167679,0.185318,0.247593,0.252056,0.197780,0.248169,0.056631,0.179744
649,2.704167,0.367197,0.218326,0.275665,0.314218,0.246650,0.222968,0.261652,0.167678,0.185317,0.247593,0.252057,0.197781,0.248169,0.056632,0.179746
650,2.708333,0.367196,0.218321,0.275664,0.314219,0.246649,0.222966,0.261653,0.167678,0.185316,0.247593,0.252056,0.197780,0.248172,0.056632,0.179745
651,2.712500,0.367197,0.218316,0.275663,0.314216,0.246648,0.222964,0.261651,0.167678,0.185320,0.247595,0.252056,0.197779,0.248169,0.056629,0.179748
652,2.716667,0.367194,0.218314,0.275663,0.314217,0.246648,0.222966,0.261653,0.167679,0.185317,0.247593,0.252058,0.197780,0.248167,0.056630,0.179749
653,2.720833,0.367194,0.218314,0.275662,0.314216,0.246648,0.222965,0.261654,0.167680,0.185316,0.247594,0.252057,0.197780,0.248168,0.056628,0.179746
654,2.725000,0.367193,0.218308,0.275656,0.314217,0.246649,0.222965,0.261652,0.167680,0.185319,0.247591,0.252057,0.197784,0.248169,0.056631,0.179747
655,2.729167,0.367193,0.218307,0.275655,0.314214,0.246648,0.222964,0.261651,0.167678,0.185319,0.247590,0.252056,0.197785,0.248167,0.056626,0.179751
656,2.733333,0.367193,0.218304,0.275653,0.314213,0.246647,0.222964,0.261655,0.167677,0.185316,0.247589,0.252055,0.197786,0.248167,0.056629,0.179750
657,2.737500,0.367196,0.218304,0.275648,0.314216,0.246647,0.222965,0.261652,0.167680,0.185318,0.247591,0.252056,0.197787,0.248169,0.056628,0.179749
658,2.741667,0.367196,0.218303,0.275647,0.314215,0.246648,0.222964,0.261652,0.167679,0.185319,0.247590,0.252055,0.197787,0.248173,0.056627,0.179746
659,2.745833,0.367198,0.218301,0.275642,0.314213,0.246648,0.222964,0.261653,0.167679,0.185319,0.247589,0.252055,0.197789,0.248169,0.056627,0.179748
660,2.750000,0.367201,0.218298,0.275637,0.314213,0.246649,0.222966,0.261651,0.167678,0.185322,0.247589,0.252054,0.197791,0.248169,0.056628,0.179750
661,2.754167,0.367204,0.218300,0.275637,0.314212,0.246648,0.222968,0.261649,0.167680,0.185325,0.247587,0.252055,0.197795,0.248170,0.056627,0.179750
662,2.758333,0.367209,0.218299,0.275629,0.314213,0.246649,0.222967,0.261650,0.167678,0.185324,0.247586,0.252054,0.197793,0.248169,0.056628,0.179752
663,2.762500,0.367210,0.218299,0.275625,0.314210,0.246652,0.222968,0.261652,0.167679,0.185323,0.247584,0.252054,0.197797,0.248169,0.056627,0.179754
664,2.766667,0.367216,0.218300,0.275619,0.314211,0.246650,0.222969,0.261650,0.167680,0.185323,0.247583,0.252056,0.197802,0.248169,0.056626,0.179754
665,2.770833,0.367219,0.218301,0.275616,0.314211,0.246651,0.222970,0.261648,0.167681,0.185322,0.247583,0.252055,0.197803,0.248171,0.056626,0.179752
666,2.775000,0.367222,0.218301,0.275612,0.314213,0.246653,0.222969,0.261647,0.167680,0.185331,0.247581,0.252054,0.197806,0.248171,0.056628,0.179757
667,2.779167,0.367227,0.218302,0.275610,0.314212,0.246653,0.222969,0.261659,0.167674,0.185353,0.247579,0.252055,0.197810,0.248170,0.056625,0.179754
668,2.783333,0.367233,0.218303,0.275607,0.314211,0.246654,0.222969,0.261649,0.167679,0.185338,0.247580,0.252055,0.197811,0.248170,0.056627,0.179755
669,2.787500,0.367237,0.218304,0.275605,0.314210,0.246654,0.222972,0.261649,0.167679,0.185330,0.247579,0.252055,0.197813,0.248169,0.056626,0.179755
670,2.791667,0.367240,0.218307,0.275602,0.314211,0.246656,0.222973,0.261657,0.167675,0.185358,0.247577,0.252055,0.197816,0.248172,0.056627,0.179752
671,2.795833,0.367242,0.218308,0.275601,0.314210,0.246655,0.222973,0.261646,0.167677,0.185346,0.247577,0.252055,0.197818,0.248170,0.056625,0.179755
672,2.800000,0.367249,0.218315,0.275605,0.314212,0.246657,0.222971,0.261649,0.167681,0.185335,0.247578,0.252046,0.197824,0.248170,0.056626,0.179756
673,2.804167,0.367253,0.218318,0.275605,0.314211,0.246657,0.222972,0.261649,0.167679,0.185335,0.247576,0.252053,0.197822,0.248169,0.056626,0.179756
674,2.808333,0.367253,0.218312,0.275596,0.314213,0.246659,0.222973,0.261649,0.167679,0.185335,0.247577,0.252055,0.197824,0.248168,0.056625,0.179755
675,2.812500,0.367257,0.218319,0.275600,0.314213,0.246659,0.222974,0.261647,0.167680,0.185340,0.247577,0.252046,0.197829,0.248169,0.056625,0.179756
676,2.816667,0.367257,0.218322,0.275603,0.314211,0.246659,0.222973,0.261650,0.167679,0.185339,0.247576,0.252045,0.197829,0.248167,0.056624,0.179757
677,2.820833,0.367260,0.218326,0.275600,0.314213,0.246659,0.222976,0.261648,0.167679,0.185342,0.247575,0.252052,0.197826,0.248170,0.056625,0.179754
678,2.825000,0.367262,0.218327,0.275598,0.314210,0.246660,0.222976,0.261651,0.167677,0.185338,0.247575,0.252046,0.197829,0.248170,0.056626,0.179758
679,2.829167,0.367262,0.218328,0.275599,0.314212,0.246660,0.222977,0.261658,0.167672,0.185365,0.247575,0.252044,0.197828,0.248169,0.056626,0.179756
680,2.833333,0.367263,0.218330,0.275599,0.314212,0.246661,0.222977,0.261648,0.167675,0.185351,0.247573,0.252051,0.197826,0.248169,0.056627,0.179755
681,2.837500,0.367265,0.218332,0.275600,0.314211,0.246661,0.222978,0.261661,0.167673,0.185363,0.247575,0.252052,0.197828,0.248169,0.056624,0.179754
682,2.841667,0.367267,0.218334,0.275600,0.314214,0.246662,0.222978,0.261650,0.167677,0.185348,0.247578,0.252045,0.197828,0.248173,0.056626,0.179753
683,2.845833,0.367297,0.218310,0.275619,0.314215,0.246660,0.222978,0.261652,0.167678,0.185338,0.247580,0.252044,0.197828,0.248169,0.056625,0.179753
684,2.850000,0.367279,0.218324,0.275616,0.314217,0.246660,0.222979,0.261664,0.167672,0.185359,0.247579,0.252043,0.197828,0.248172,0.056624,0.179753
685,2.854167,0.367296,0.218310,0.275623,0.314215,0.246660,0.222981,0.261653,0.167674,0.185347,0.247579,0.252044,0.197827,0.248169,0.056626,0.179752
686,2.858333,0.367273,0.218328,0.275617,0.314216,0.246660,0.222979,0.261663,0.167671,0.185361,0.247580,0.252051,0.197820,0.248172,0.056625,0.179752
687,2.862500,0.367259,0.218338,0.275612,0.314215,0.246659,0.222980,0.261655,0.167674,0.185345,0.247581,0.252052,0.197821,0.248171,0.056624,0.179752
688,2.866667,0.367255,0.218339,0.275614,0.314217,0.246658,0.222980,0.261655,0.167674,0.185338,0.247582,0.252043,0.197824,0.248171,0.056623,0.179750
689,2.870833,0.367252,0.218331,0.275615,0.314216,0.246659,0.222981,0.261665,0.167672,0.185359,0.247581,0.252051,0.197820,0.248169,0.056625,0.179750
690,2.875000,0.367252,0.218337,0.275626,0.314216,0.246656,0.222982,0.261665,0.167667,0.185361,0.247585,0.252044,0.197818,0.248169,0.056625,0.179749
691,2.879167,0.367245,0.218329,0.275624,0.314214,0.246656,0.222982,0.261655,0.167674,0.185339,0.247583,0.252053,0.197815,0.248170,0.056627,0.179753
692,2.883333,0.367241,0.218329,0.275628,0.314216,0.246655,0.222983,0.261654,0.167676,0.185333,0.247585,0.252051,0.197812,0.248171,0.056622,0.179747
693,2.887500,0.367238,0.218330,0.275633,0.314216,0.246654,0.222982,0.261664,0.167670,0.185355,0.247586,0.252051,0.197813,0.248172,0.056625,0.179748
694,2.891667,0.367235,0.218327,0.275636,0.314216,0.246653,0.222983,0.261663,0.167670,0.185366,0.247588,0.252052,0.197808,0.248171,0.056627,0.179749
695,2.895833,0.367232,0.218325,0.275643,0.314216,0.246651,0.222982,0.261665,0.167670,0.185359,0.247590,0.252055,0.197808,0.248170,0.056629,0.179746
696,2.900000,0.367228,0.218325,0.275646,0.314216,0.246651,0.222982,0.261656,0.167676,0.185335,0.247589,0.252055,0.197806,0.248172,0.056626,0.179748
697,2.904167,0.367220,0.218321,0.275651,0.314218,0.246651,0.222981,0.261665,0.167674,0.185353,0.247589,0.252052,0.197805,0.248172,0.056626,0.179748
698,2.908333,0.367216,0.218319,0.275656,0.314217,0.246650,0.222981,0.261658,0.167674,0.185332,0.247591,0.252054,0.197798,0.248172,0.056626,0.179746
699,2.912500,0.367210,0.218317,0.275660,0.314216,0.246647,0.222983,0.261657,0.167677,0.185323,0.247593,0.252056,0.197798,0.248171,0.056628,0.179746
700,2.916667,0.367205,0.218316,0.275664,0.314216,0.246648,0.222979,0.261656,0.167678,0.185324,0.247593,0.252054,0.197796,0.248172,0.056625,0.179748
701,2.920833,0.367199,0.218312,0.275669,0.314215,0.246645,0.222980,0.261659,0.167677,0.185321,0.247593,0.252055,0.197796,0.248171,0.056625,0.179746
702,2.925000,0.367193,0.218309,0.275673,0.314215,0.246644,0.222979,0.261658,0.167676,0.185321,0.247596,0.252055,0.197790,0.248173,0.056625,0.179744
703,2.929167,0.367189,0.218306,0.275674,0.314216,0.246644,0.222979,0.261658,0.167675,0.185321,0.247596,0.252053,0.197787,0.248173,0.056624,0.179746
704,2.933333,0.367184,0.218306,0.275680,0.314222,0.246631,0.222985,0.261656,0.167675,0.185321,0.247595,0.252054,0.197788,0.248172,0.056626,0.179744
705,2.937500,0.367179,0.218301,0.275681,0.314215,0.246643,0.222978,0.261656,0.167677,0.185321,0.247596,0.252056,0.197786,0.248174,0.056624,0.179745
706,2.941667,0.367162,0.218302,0.275707,0.314216,0.246644,0.222979,0.261660,0.167678,0.185316,0.247598,0.252055,0.197783,0.248175,0.056626,0.179745
707,2.945833,0.367157,0.218300,0.275710,0.314216,0.246645,0.222977,0.261658,0.167678,0.185316,0.247597,0.252055,0.197782,0.248172,0.056625,0.179745
708,2.950000,0.367156,0.218300,0.275708,0.314215,0.246642,0.222979,0.261657,0.167679,0.185320,0.247597,0.252056,0.197783,0.248173,0.056631,0.179743
709,2.954167,0.367155,0.218297,0.275711,0.314214,0.246642,0.222977,0.261659,0.167677,0.185318,0.247598,0.252057,0.197780,0.248174,0.056625,0.179747
710,2.958333,0.367153,0.218295,0.275710,0.314218,0.246627,0.222982,0.261657,0.167677,0.185317,0.247596,0.252055,0.197781,0.248174,0.056625,0.179745
711,2.962500,0.367151,0.218298,0.275714,0.314214,0.246640,0.222976,0.261658,0.167679,0.185314,0.247598,0.252056,0.197782,0.248173,0.056624,0.179746
712,2.966667,0.367151,0.218298,0.275712,0.314220,0.246628,0.222985,0.261659,0.167678,0.185312,0.247598,0.252055,0.197778,0.248175,0.056627,0.179747
713,2.970833,0.367150,0.218300,0.275711,0.314212,0.246641,0.222977,0.261655,0.167680,0.185315,0.247597,0.252056,0.197778,0.248173,0.056625,0.179746
714,2.975000,0.367153,0.218297,0.275709,0.314211,0.246641,0.222975,0.261655,0.167679,0.185315,0.247595,0.252057,0.197781,0.248174,0.056627,0.179750
715,2.979167,0.367153,0.218295,0.275710,0.314211,0.246644,0.222976,0.261656,0.167678,0.185314,0.247595,0.252056,0.197784,0.248173,0.056626,0.179748
716,2.983333,0.367154,0.218296,0.275704,0.314218,0.246629,0.222984,0.261658,0.167678,0.185316,0.247597,0.252057,0.197783,0.248173,0.056625,0.179748
717,2.987500,0.367156,0.218297,0.275706,0.314212,0.246643,0.222977,0.261656,0.167679,0.185313,0.247594,0.252057,0.197783,0.248174,0.056626,0.179748
718,2.991667,0.367159,0.218298,0.275699,0.314212,0.246645,0.222976,0.261658,0.167681,0.185317,0.247595,0.252056,0.197787,0.248173,0.056628,0.179750
719,2.995833,0.367160,0.218297,0.275698,0.314212,0.246645,0.222975,0.261654,0.167679,0.185321,0.247594,0.252056,0.197789,0.248173,0.056627,0.179749
720,3.000000,0.367163,0.218301,0.275697,0.314212,0.246647,0.222976,0.261656,0.167680,0.185320,0.247593,0.252055,0.197790,0.248173,0.056626,0.179750
721,3.004167,0.367182,0.218300,0.275668,0.314210,0.246645,0.222977,0.261657,0.167679,0.185321,0.247592,0.252055,0.197792,0.248173,0.056624,0.179751
722,3.008333,0.367188,0.218300,0.275665,0.314210,0.246648,0.222977,0.261656,0.167679,0.185325,0.247590,0.252054,0.197795,0.248173,0.056626,0.179750
723,3.012500,0.367193,0.218302,0.275661,0.314211,0.246649,0.222976,0.261655,0.167678,0.185327,0.247590,0.252053,0.197797,0.248173,0.056627,0.179752
724,3.016667,0.367198,0.218305,0.275657,0.314211,0.246650,0.222977,0.261655,0.167678,0.185329,0.247588,0.252055,0.197799,0.248173,0.056627,0.179753
725,3.020833,0.367202,0.218309,0.275652,0.314210,0.246648,0.222977,0.261654,0.167676,0.185327,0.247587,0.252055,0.197804,0.248173,0.056624,0.179751
726,3.025000,0.367206,0.218311,0.275647,0.314211,0.246642,0.222985,0.261655,0.167677,0.185331,0.247588,0.252054,0.197803,0.248173,0.056624,0.179749
727,3.029167,0.367213,0.218313,0.275648,0.314210,0.246653,0.222979,0.261662,0.167674,0.185357,0.247587,0.252055,0.197805,0.248174,0.056625,0.179751
728,3.033333,0.367217,0.218314,0.275642,0.314211,0.246653,0.222980,0.261653,0.167675,0.185340,0.247585,0.252054,0.197808,0.248172,0.056627,0.179751
729,3.037500,0.367222,0.218318,0.275637,0.314210,0.246655,0.222979,0.261656,0.167681,0.185331,0.247585,0.252054,0.197809,0.248174,0.056628,0.179754
730,3.041667,0.367226,0.218321,0.275633,0.314212,0.246655,0.222982,0.261654,0.167681,0.185333,0.247585,0.252055,0.197815,0.248173,0.056626,0.179757
731,3.045833,0.367232,0.218318,0.275625,0.314211,0.246657,0.222982,0.261652,0.167681,0.185338,0.247584,0.252054,0.197817,0.248172,0.056624,0.179756
732,3.050000,0.367237,0.218324,0.275623,0.314212,0.246657,0.222982,0.261655,0.167677,0.185335,0.247583,0.252052,0.197817,0.248171,0.056625,0.179752
733,3.054167,0.367242,0.218324,0.275618,0.314211,0.246657,0.222981,0.261653,0.167679,0.185338,0.247582,0.252052,0.197817,0.248173,0.056624,0.179756
734,3.058333,0.367247,0.218331,0.275621,0.314211,0.246659,0.222980,0.261661,0.167671,0.185361,0.247582,0.252045,0.197823,0.248171,0.056624,0.179757
735,3.062500,0.367248,0.218325,0.275611,0.314212,0.246660,0.222979,0.261663,0.167670,0.185368,0.247582,0.252053,0.197823,0.248172,0.056626,0.179753
736,3.066667,0.367252,0.218332,0.275617,0.314214,0.246661,0.222977,0.261651,0.167677,0.185348,0.247582,0.252052,0.197824,0.248173,0.056627,0.179759
737,3.070833,0.367255,0.218332,0.275614,0.314214,0.246662,0.222982,0.261652,0.167679,0.185340,0.247581,0.252052,0.197823,0.248172,0.056626,0.179757
738,3.075000,0.367255,0.218334,0.275613,0.314211,0.246661,0.222979,0.261652,0.167680,0.185338,0.247581,0.252052,0.197823,0.248173,0.056625,0.179754
739,3.079167,0.367254,0.218333,0.275614,0.314212,0.246662,0.222979,0.261664,0.167674,0.185362,0.247581,0.252053,0.197824,0.248172,0.056626,0.179757
740,3.083333,0.367256,0.218332,0.275612,0.314212,0.246662,0.222980,0.261659,0.167671,0.185373,0.247580,0.252045,0.197828,0.248172,0.056624,0.179757
741,3.087500,0.367255,0.218333,0.275612,0.314209,0.246662,0.222981,0.261652,0.167678,0.185350,0.247579,0.252053,0.197825,0.248172,0.056625,0.179758
742,3.091667,0.367252,0.218333,0.275613,0.314211,0.246660,0.222981,0.261661,0.167674,0.185361,0.247582,0.252054,0.197824,0.248172,0.056627,0.179758
743,3.095833,0.367250,0.218331,0.275615,0.314209,0.246661,0.222982,0.261660,0.167672,0.185370,0.247580,0.252046,0.197828,0.248171,0.056626,0.179758
744,3.100000,0.367246,0.218325,0.275608,0.314208,0.246662,0.222979,0.261649,0.167677,0.185350,0.247578,0.252052,0.197822,0.248169,0.056628,0.179757
745,3.104167,0.367242,0.218322,0.275609,0.314207,0.246660,0.222977,0.261659,0.167674,0.185360,0.247579,0.252054,0.197822,0.248169,0.056627,0.179758
746,3.108333,0.367238,0.218320,0.275611,0.314209,0.246660,0.222981,0.261659,0.167669,0.185368,0.247578,0.252053,0.197821,0.248170,0.056627,0.179757
747,3.112500,0.367236,0.218323,0.275613,0.314209,0.246659,0.222977,0.261650,0.167678,0.185347,0.247580,0.252052,0.197819,0.248169,0.056628,0.179756
748,3.116667,0.367231,0.218318,0.275617,0.314209,0.246661,0.222977,0.261651,0.167681,0.185335,0.247579,0.252054,0.197818,0.248171,0.056626,0.179756
749,3.120833,0.367227,0.218316,0.275619,0.314209,0.246660,0.222976,0.261649,0.167680,0.185334,0.247580,0.252046,0.197820,0.248170,0.056625,0.179755
750,3.125000,0.367224,0.218318,0.275621,0.314210,0.246660,0.222975,0.261657,0.167675,0.185361,0.247579,0.252053,0.197812,0.248170,0.056627,0.179755
751,3.129167,0.367222,0.218315,0.275622,0.314210,0.246659,0.222972,0.261650,0.167677,0.185342,0.247580,0.252053,0.197813,0.248169,0.056626,0.179754
752,3.133333,0.367217,0.218315,0.275625,0.314210,0.246657,0.222974,0.261648,0.167678,0.185333,0.247580,0.252053,0.197808,0.248171,0.056628,0.179753
753,3.137500,0.367211,0.218311,0.275629,0.314208,0.246657,0.222972,0.261647,0.167679,0.185334,0.247581,0.252056,0.197806,0.248172,0.056627,0.179754
754,3.141667,0.367209,0.218310,0.275628,0.314207,0.246656,0.222970,0.261650,0.167680,0.185330,0.247582,0.252056,0.197805,0.248171,0.056626,0.179752
755,3.145833,0.367207,0.218310,0.275630,0.314208,0.246655,0.222969,0.261647,0.167678,0.185332,0.247580,0.252054,0.197803,0.248169,0.056626,0.179752
756,3.150000,0.367204,0.218308,0.275631,0.314207,0.246654,0.222969,0.261647,0.167679,0.185332,0.247581,0.252055,0.197799,0.248172,0.056626,0.179749
757,3.154167,0.367201,0.218305,0.275634,0.314207,0.246653,0.222970,0.261647,0.167681,0.185330,0.247582,0.252056,0.197796,0.248171,0.056625,0.179753
758,3.158333,0.367201,0.218306,0.275636,0.314206,0.246652,0.222967,0.261650,0.167681,0.185324,0.247581,0.252056,0.197794,0.248171,0.056629,0.179752
759,3.162500,0.367196,0.218304,0.275638,0.314207,0.246651,0.222966,0.261649,0.167682,0.185325,0.247581,0.252057,0.197793,0.248173,0.056627,0.179748
760,3.166667,0.367194,0.218304,0.275638,0.314208,0.246652,0.222965,0.261647,0.167681,0.185326,0.247583,0.252056,0.197788,0.248171,0.056627,0.179751
761,3.170833,0.367191,0.218304,0.275640,0.314206,0.246652,0.222966,0.261649,0.167681,0.185323,0.247582,0.252058,0.197789,0.248172,0.056628,0.179747
762,3.175000,0.367189,0.218302,0.275640,0.314205,0.246652,0.222963,0.261650,0.167679,0.185320,0.247584,0.252058,0.197786,0.248173,0.056626,0.179747
763,3.179167,0.367188,0.218302,0.275640,0.314206,0.246651,0.222963,0.261653,0.167679,0.185315,0.247582,0.252058,0.197786,0.248173,0.056629,0.179748
764,3.183333,0.367184,0.218300,0.275644,0.314207,0.246651,0.222964,0.261651,0.167680,0.185319,0.247583,0.252057,0.197784,0.248173,0.056627,0.179748
765,3.187500,0.367183,0.218300,0.275643,0.314206,0.246652,0.222964,0.261653,0.167682,0.185317,0.247583,0.252058,0.197782,0.248173,0.056628,0.179749
766,3.191667,0.367182,0.218300,0.275641,0.314206,0.246653,0.222962,0.261653,0.167680,0.185313,0.247583,0.252057,0.197783,0.248173,0.056629,0.179748
767,3.195833,0.367182,0.218303,0.275641,0.314206,0.246652,0.222962,0.261651,0.167680,0.185319,0.247583,0.252056,0.197783,0.248173,0.056628,0.179746
768,3.200000,0.367180,0.218302,0.275642,0.314207,0.246653,0.222960,0.261653,0.167680,0.185317,0.247583,0.252058,0.197782,0.248173,0.056627,0.179748
769,3.204167,0.367180,0.218301,0.275640,0.314206,0.246654,0.222959,0.261650,0.167680,0.185318,0.247583,0.252059,0.197780,0.248175,0.056628,0.179744
770,3.208333,0.367181,0.218302,0.275641,0.314206,0.246656,0.222960,0.261653,0.167681,0.185318,0.247583,0.252058,0.197781,0.248175,0.056628,0.179749
771,3.212500,0.367182,0.218305,0.275640,0.314207,0.246656,0.222958,0.261652,0.167680,0.185317,0.247582,0.252058,0.197781,0.248176,0.056626,0.179747
772,3.216667,0.367183,0.218308,0.275639,0.314207,0.246657,0.222959,0.261651,0.167681,0.185319,0.247582,0.252059,0.197779,0.248175,0.056628,0.179746
773,3.220833,0.367187,0.218309,0.275637,0.314207,0.246657,0.222963,0.261652,0.167681,0.185315,0.247583,0.252058,0.197781,0.248177,0.056626,0.179746
774,3.225000,0.367189,0.218310,0.275636,0.314207,0.246657,0.222961,0.261652,0.167681,0.185314,0.247582,0.252058,0.197781,0.248175,0.056626,0.179748
775,3.229167,0.367192,0.218312,0.275636,0.314206,0.246659,0.222959,0.261654,0.167681,0.185316,0.247583,0.252058,0.197782,0.248174,0.056628,0.179748
776,3.233333,0.367195,0.218314,0.275633,0.314209,0.246658,0.222958,0.261654,0.167679,0.185319,0.247583,0.252055,0.197783,0.248177,0.056628,0.179749
777,3.237500,0.367201,0.218318,0.275631,0.314205,0.246658,0.222959,0.261655,0.167679,0.185318,0.247582,0.252057,0.197785,0.248176,0.056627,0.179748
778,3.241667,0.367203,0.218320,0.275629,0.314206,0.246660,0.222958,0.261656,0.167681,0.185315,0.247583,0.252058,0.197787,0.248176,0.056628,0.179748
779,3.245833,0.367205,0.218322,0.275628,0.314208,0.246661,0.222961,0.261654,0.167681,0.185320,0.247582,0.252058,0.197787,0.248174,0.056627,0.179751
780,3.250000,0.367208,0.218325,0.275626,0.314207,0.246661,0.222958,0.261652,0.167679,0.185323,0.247581,0.252056,0.197790,0.248176,0.056628,0.179752
781,3.254167,0.367213,0.218327,0.275625,0.314209,0.246664,0.222959,0.261654,0.167680,0.185322,0.247581,0.252057,0.197794,0.248174,0.056627,0.179750
782,3.258333,0.367217,0.218326,0.275624,0.314210,0.246663,0.222960,0.261656,0.167679,0.185321,0.247582,0.252056,0.197793,0.248176,0.056626,0.179748
783,3.262500,0.367222,0.218330,0.275620,0.314212,0.246664,0.222961,0.261657,0.167679,0.185319,0.247581,0.252055,0.197797,0.248178,0.056626,0.179750
784,3.266667,0.367224,0.218333,0.275619,0.314212,0.246665,0.222963,0.261656,0.167681,0.185323,0.247582,0.252055,0.197795,0.248176,0.056627,0.179748
785,3.270833,0.367229,0.218334,0.275617,0.314212,0.246663,0.222964,0.261654,0.167679,0.185327,0.247582,0.252054,0.197798,0.248176,0.056623,0.179751
786,3.275000,0.367231,0.218334,0.275616,0.314212,0.246665,0.222960,0.261653,0.167678,0.185331,0.247582,0.252054,0.197799,0.248176,0.056625,0.179750
787,3.279167,0.367235,0.218334,0.275613,0.314212,0.246664,0.222962,0.261655,0.167680,0.185328,0.247582,0.252054,0.197800,0.248175,0.056627,0.179749
788,3.283333,0.367240,0.218336,0.275607,0.314214,0.246663,0.222965,0.261652,0.167677,0.185330,0.247581,0.252055,0.197805,0.248175,0.056627,0.179754
789,3.287500,0.367244,0.218342,0.275616,0.314213,0.246663,0.222963,0.261656,0.167681,0.185328,0.247582,0.252055,0.197806,0.248174,0.056625,0.179752
790,3.291667,0.367246,0.218336,0.275606,0.314214,0.246664,0.222964,0.261654,0.167679,0.185327,0.247581,0.252056,0.197807,0.248173,0.056628,0.179750
791,3.295833,0.367249,0.218343,0.275613,0.314215,0.246664,0.222965,0.261653,0.167680,0.185333,0.247581,0.252054,0.197807,0.248175,0.056624,0.179754
792,3.300000,0.367251,0.218339,0.275610,0.314214,0.246662,0.222964,0.261662,0.167675,0.185357,0.247580,0.252053,0.197807,0.248174,0.056625,0.179753
793,3.304167,0.367286,0.218315,0.275624,0.314215,0.246663,0.222964,0.261655,0.167675,0.185337,0.247581,0.252055,0.197810,0.248174,0.056628,0.179753
794,3.308333,0.367269,0.218328,0.275617,0.314215,0.246662,0.222965,0.261652,0.167679,0.185337,0.247581,0.252055,0.197811,0.248172,0.056627,0.179755
795,3.312500,0.367254,0.218335,0.275610,0.314216,0.246661,0.222968,0.261653,0.167679,0.185338,0.247582,0.252053,0.197811,0.248175,0.056624,0.179753
796,3.316667,0.367252,0.218336,0.275606,0.314218,0.246663,0.222968,0.261651,0.167680,0.185338,0.247583,0.252056,0.197815,0.248172,0.056629,0.179757
797,3.320833,0.367253,0.218330,0.275608,0.314219,0.246663,0.222969,0.261656,0.167679,0.185335,0.247584,0.252054,0.197813,0.248171,0.056624,0.179756
798,3.325000,0.367254,0.218326,0.275609,0.314217,0.246660,0.222969,0.261653,0.167679,0.185340,0.247583,0.252056,0.197814,0.248172,0.056626,0.179755
799,3.329167,0.367284,0.218298,0.275621,0.314218,0.246661,0.222967,0.261664,0.167672,0.185357,0.247583,0.252055,0.197815,0.248173,0.056627,0.179757
800,3.333333,0.367264,0.218308,0.275614,0.314219,0.246660,0.222969,0.261651,0.167677,0.185344,0.247583,0.252055,0.197815,0.248173,0.056627,0.179755
801,3.337500,0.367246,0.218309,0.275597,0.314217,0.246658,0.222967,0.261654,0.167679,0.185335,0.247583,0.252054,0.197815,0.248173,0.056624,0.179755
802,3.341667,0.367243,0.218317,0.275603,0.314217,0.246658,0.222966,0.261653,0.167678,0.185336,0.247583,0.252055,0.197814,0.248173,0.056625,0.179755
803,3.345833,0.367241,0.218303,0.275594,0.314217,0.246658,0.222969,0.261652,0.167679,0.185338,0.247583,0.252057,0.197813,0.248171,0.056625,0.179755
804,3.350000,0.367239,0.218300,0.275596,0.314216,0.246657,0.222967,0.261653,0.167676,0.185337,0.247583,0.252055,0.197814,0.248172,0.056626,0.179752
805,3.354167,0.367237,0.218297,0.275598,0.314218,0.246655,0.222967,0.261652,0.167679,0.185336,0.247584,0.252056,0.197812,0.248174,0.056626,0.179754
806,3.358333,0.367267,0.218270,0.275612,0.314218,0.246654,0.222967,0.261652,0.167680,0.185337,0.247584,0.252055,0.197810,0.248173,0.056628,0.179752
807,3.362500,0.367246,0.218280,0.275608,0.314216,0.246653,0.222968,0.261654,0.167676,0.185330,0.247585,0.252056,0.197808,0.248173,0.056629,0.179754
808,3.366667,0.367229,0.218288,0.275602,0.314217,0.246652,0.222966,0.261655,0.167678,0.185331,0.247586,0.252057,0.197809,0.248172,0.056626,0.179756
809,3.370833,0.367224,0.218287,0.275600,0.314216,0.246649,0.222968,0.261652,0.167678,0.185335,0.247585,0.252056,0.197807,0.248172,0.056623,0.179752
810,3.375000,0.367222,0.218281,0.275606,0.314217,0.246649,0.222968,0.261653,0.167680,0.185333,0.247585,0.252055,0.197807,0.248173,0.056628,0.179754
811,3.379167,0.367221,0.218277,0.275607,0.314222,0.246637,0.222975,0.261662,0.167674,0.185355,0.247587,0.252055,0.197805,0.248172,0.056626,0.179754
812,3.383333,0.367217,0.218275,0.275610,0.314222,0.246633,0.222975,0.261651,0.167678,0.185342,0.247585,0.252056,0.197805,0.248172,0.056625,0.179755
813,3.387500,0.367213,0.218271,0.275612,0.314213,0.246647,0.222966,0.261650,0.167679,0.185331,0.247586,0.252054,0.197803,0.248172,0.056625,0.179755
814,3.391667,0.367212,0.218272,0.275615,0.314214,0.246646,0.222967,0.261649,0.167680,0.185331,0.247585,0.252055,0.197803,0.248172,0.056624,0.179752
815,3.395833,0.367207,0.218271,0.275618,0.314213,0.246645,0.222967,0.261651,0.167678,0.185327,0.247585,0.252055,0.197803,0.248173,0.056623,0.179756
816,3.400000,0.367202,0.218270,0.275621,0.314213,0.246645,0.222968,0.261650,0.167679,0.185331,0.247585,0.252056,0.197801,0.248172,0.056625,0.179756
817,3.404167,0.367201,0.218270,0.275622,0.314213,0.246645,0.222966,0.261650,0.167679,0.185327,0.247586,0.252056,0.197800,0.248173,0.056627,0.179754
818,3.408333,0.367199,0.218268,0.275624,0.314212,0.246644,0.222969,0.261651,0.167680,0.185330,0.247586,0.252057,0.197798,0.248172,0.056630,0.179754
819,3.412500,0.367196,0.218268,0.275629,0.314213,0.246644,0.222967,0.261658,0.167676,0.185356,0.247586,0.252057,0.197799,0.248171,0.056626,0.179757
820,3.416667,0.367194,0.218270,0.275631,0.314210,0.246645,0.222966,0.261648,0.167678,0.185338,0.247585,0.252059,0.197798,0.248171,0.056627,0.179755
821,3.420833,0.367191,0.218268,0.275634,0.314211,0.246646,0.222967,0.261647,0.167682,0.185330,0.247585,0.252059,0.197797,0.248172,0.056628,0.179755
822,3.425000,0.367188,0.218270,0.275634,0.314210,0.246644,0.222968,0.261649,0.167683,0.185325,0.247585,0.252060,0.197794,0.248169,0.056629,0.179754
823,3.429167,0.367186,0.218274,0.275635,0.314209,0.246646,0.222966,0.261648,0.167682,0.185325,0.247585,0.252060,0.197795,0.248172,0.056625,0.179753
824,3.433333,0.367185,0.218278,0.275638,0.314208,0.246646,0.222965,0.261650,0.167684,0.185326,0.247585,0.252059,0.197795,0.248172,0.056629,0.179753
825,3.437500,0.367185,0.218280,0.275638,0.314207,0.246647,0.222966,0.261651,0.167680,0.185320,0.247585,0.252058,0.197793,0.248171,0.056628,0.179755
826,3.441667,0.367182,0.218281,0.275642,0.314206,0.246650,0.222967,0.261654,0.167683,0.185320,0.247586,0.252061,0.197792,0.248171,0.056629,0.179752
827,3.445833,0.367182,0.218284,0.275645,0.314208,0.246650,0.222968,0.261654,0.167682,0.185323,0.247587,0.252060,0.197790,0.248174,0.056628,0.179752
828,3.450000,0.367182,0.218286,0.275644,0.314210,0.246652,0.222967,0.261655,0.167680,0.185326,0.247585,0.252054,0.197791,0.248174,0.056628,0.179751
829,3.454167,0.367182,0.218290,0.275647,0.314210,0.246653,0.222968,0.261656,0.167682,0.185323,0.247585,0.252056,0.197791,0.248176,0.056627,0.179750
830,3.458333,0.367185,0.218295,0.275647,0.314210,0.246656,0.222966,0.261656,0.167682,0.185324,0.247586,0.252056,0.197792,0.248174,0.056626,0.179754
831,3.462500,0.367185,0.218298,0.275650,0.314209,0.246653,0.222969,0.261658,0.167681,0.185319,0.247587,0.252055,0.197789,0.248176,0.056627,0.179752
832,3.466667,0.367186,0.218304,0.275649,0.314210,0.246656,0.222968,0.261657,0.167681,0.185321,0.247587,0.252055,0.197791,0.248179,0.056628,0.179751
833,3.470833,0.367188,0.218307,0.275648,0.314209,0.246658,0.222969,0.261668,0.167675,0.185343,0.247585,0.252057,0.197791,0.248178,0.056629,0.179748
