0,0.000000,0.316196,0.368509,0.240143,0.278830,0.302265,0.200877,0.252811,0.177189,0.180635,0.248152,0.056686,0.179656,0.218227,0.259084,0.182652
1,0.004167,0.316188,0.368513,0.240144,0.278824,0.302265,0.200881,0.252818,0.177184,0.180640,0.248152,0.056687,0.179656,0.218226,0.259086,0.182650
2,0.008333,0.316180,0.368517,0.240144,0.278825,0.302273,0.200886,0.252812,0.177187,0.180636,0.248152,0.056685,0.179656,0.218225,0.259084,0.182650
3,0.012500,0.316173,0.368525,0.240150,0.278820,0.302271,0.200887,0.252812,0.177188,0.180636,0.248151,0.056688,0.179657,0.218228,0.259085,0.182651
4,0.016667,0.316162,0.368531,0.240153,0.278820,0.302269,0.200886,0.252821,0.177185,0.180641,0.248152,0.056687,0.179659,0.218228,0.259086,0.182645
5,0.020833,0.316152,0.368539,0.240159,0.278819,0.302275,0.200891,0.252816,0.177190,0.180635,0.248155,0.056688,0.179659,0.218229,0.259086,0.182642
6,0.025000,0.316151,0.368542,0.240171,0.278819,0.302273,0.200888,0.252817,0.177189,0.180634,0.248156,0.056690,0.179656,0.218233,0.259087,0.182638
7,0.029167,0.316140,0.368551,0.240177,0.278822,0.302279,0.200889,0.252828,0.177186,0.180639,0.248156,0.056691,0.179658,0.218235,0.259088,0.182639
8,0.033333,0.316128,0.368561,0.240187,0.278820,0.302281,0.200893,0.252830,0.177184,0.180642,0.248156,0.056690,0.179659,0.218239,0.259087,0.182638
9,0.037500,0.316115,0.368571,0.240194,0.278824,0.302280,0.200899,0.252831,0.177184,0.180640,0.248156,0.056694,0.179663,0.218243,0.259086,0.182633
10,0.041667,0.316103,0.368578,0.240202,0.278818,0.302282,0.200899,0.252835,0.177185,0.180640,0.248158,0.056695,0.179657,0.218247,0.259087,0.182631
11,0.045833,0.316088,0.368586,0.240209,0.278821,0.302287,0.200902,0.252837,0.177186,0.180640,0.248158,0.056691,0.179661,0.218251,0.259086,0.182624
12,0.050000,0.316078,0.368592,0.240217,0.278824,0.302286,0.200906,0.252842,0.177181,0.180639,0.248159,0.056694,0.179662,0.218254,0.259086,0.182620
13,0.054167,0.316048,0.368606,0.240212,0.278821,0.302283,0.200905,0.252846,0.177182,0.180637,0.248160,0.056695,0.179658,0.218267,0.259087,0.182626
14,0.058333,0.316029,0.368620,0.240216,0.278823,0.302287,0.200908,0.252847,0.177179,0.180636,0.248159,0.056692,0.179657,0.218268,0.259086,0.182621
15,0.062500,0.316012,0.368631,0.240222,0.278821,0.302294,0.200904,0.252852,0.177182,0.180632,0.248164,0.056691,0.179651,0.218270,0.259094,0.182629
16,0.066667,0.315999,0.368640,0.240228,0.278817,0.302301,0.200903,0.252863,0.177179,0.180605,0.248165,0.056692,0.179655,0.218274,0.259094,0.182623
17,0.070833,0.315985,0.368644,0.240237,0.278826,0.302294,0.200916,0.252865,0.177177,0.180604,0.248166,0.056690,0.179647,0.218278,0.259091,0.182616
18,0.075000,0.315969,0.368650,0.240246,0.278818,0.302306,0.200908,0.252868,0.177174,0.180603,0.248166,0.056687,0.179645,0.218281,0.259090,0.182608
19,0.079167,0.315958,0.368659,0.240252,0.278818,0.302305,0.200908,0.252870,0.177173,0.180602,0.248162,0.056687,0.179651,0.218284,0.259090,0.182605
20,0.083333,0.315947,0.368661,0.240259,0.278818,0.302300,0.200910,0.252870,0.177173,0.180598,0.248164,0.056684,0.179646,0.218285,0.259088,0.182598
21,0.087500,0.315937,0.368668,0.240266,0.278829,0.302296,0.200920,0.252872,0.177171,0.180598,0.248163,0.056686,0.179643,0.218292,0.259077,0.182602
22,0.091667,0.315927,0.368670,0.240272,0.278819,0.302305,0.200917,0.252872,0.177172,0.180594,0.248166,0.056684,0.179642,0.218293,0.259081,0.182597
23,0.095833,0.315921,0.368672,0.240282,0.278821,0.302302,0.200916,0.252874,0.177175,0.180595,0.248164,0.056685,0.179645,0.218292,0.259089,0.182563
24,0.100000,0.315913,0.368677,0.240293,0.278821,0.302308,0.200917,0.252863,0.177174,0.180621,0.248166,0.056686,0.179643,0.218292,0.259090,0.182560
25,0.104167,0.315912,0.368677,0.240295,0.278829,0.302297,0.200926,0.252874,0.177175,0.180596,0.248164,0.056691,0.179646,0.218301,0.259096,0.182565
26,0.108333,0.315906,0.368678,0.240308,0.278831,0.302296,0.200928,0.252874,0.177175,0.180593,0.248160,0.056691,0.179649,0.218303,0.259084,0.182571
27,0.112500,0.315904,0.368677,0.240310,0.278824,0.302307,0.200921,0.252873,0.177175,0.180591,0.248162,0.056694,0.179646,0.218300,0.259099,0.182564
28,0.116667,0.315906,0.368676,0.240314,0.278823,0.302307,0.200921,0.252874,0.177179,0.180590,0.248158,0.056695,0.179648,0.218302,0.259099,0.182564
29,0.120833,0.315906,0.368674,0.240318,0.278833,0.302296,0.200927,0.252872,0.177176,0.180595,0.248159,0.056693,0.179652,0.218305,0.259089,0.182571
30,0.125000,0.315906,0.368672,0.240323,0.278833,0.302296,0.200930,0.252871,0.177175,0.180594,0.248156,0.056694,0.179654,0.218303,0.259102,0.182563
31,0.129167,0.315912,0.368667,0.240323,0.278826,0.302305,0.200922,0.252872,0.177176,0.180592,0.248157,0.056696,0.179650,0.218309,0.259091,0.182544
32,0.133333,0.315916,0.368662,0.240321,0.278827,0.302305,0.200919,0.252859,0.177178,0.180620,0.248156,0.056695,0.179656,0.218302,0.259103,0.182563
33,0.137500,0.315925,0.368656,0.240318,0.278836,0.302293,0.200925,0.252869,0.177178,0.180593,0.248157,0.056695,0.179654,0.218301,0.259102,0.182564
34,0.141667,0.315931,0.368650,0.240315,0.278836,0.302293,0.200924,0.252868,0.177176,0.180594,0.248156,0.056693,0.179649,0.218299,0.259102,0.182566
35,0.145833,0.315940,0.368644,0.240312,0.278836,0.302289,0.200917,0.252866,0.177176,0.180594,0.248155,0.056691,0.179654,0.218295,0.259100,0.182566
36,0.150000,0.315952,0.368637,0.240298,0.278836,0.302291,0.200916,0.252856,0.177177,0.180615,0.248154,0.056691,0.179651,0.218300,0.259087,0.182550
37,0.154167,0.315959,0.368634,0.240298,0.278835,0.302290,0.200914,0.252865,0.177175,0.180590,0.248155,0.056688,0.179645,0.218291,0.259096,0.182569
38,0.158333,0.315969,0.368626,0.240278,0.278834,0.302287,0.200911,0.252863,0.177174,0.180588,0.248155,0.056689,0.179649,0.218288,0.259097,0.182573
39,0.162500,0.315982,0.368621,0.240267,0.278835,0.302286,0.200909,0.252847,0.177176,0.180615,0.248153,0.056687,0.179645,0.218277,0.259095,0.182589
40,0.166667,0.315999,0.368618,0.240251,0.278836,0.302279,0.200901,0.252858,0.177175,0.180587,0.248154,0.056686,0.179647,0.218275,0.259093,0.182594
41,0.170833,0.316008,0.368612,0.240240,0.278833,0.302281,0.200905,0.252845,0.177176,0.180615,0.248151,0.056686,0.179648,0.218274,0.259085,0.182585
42,0.175000,0.316044,0.368591,0.240243,0.278834,0.302278,0.200897,0.252850,0.177176,0.180593,0.248152,0.056684,0.179650,0.218265,0.259082,0.182581
43,0.179167,0.316043,0.368593,0.240216,0.278829,0.302281,0.200892,0.252848,0.177175,0.180594,0.248152,0.056686,0.179651,0.218260,0.259084,0.182587
44,0.183333,0.316055,0.368586,0.240204,0.278826,0.302277,0.200890,0.252844,0.177177,0.180599,0.248149,0.056687,0.179658,0.218256,0.259084,0.182592
45,0.187500,0.316068,0.368582,0.240192,0.278827,0.302280,0.200886,0.252843,0.177179,0.180601,0.248149,0.056687,0.179659,0.218252,0.259086,0.182596
46,0.191667,0.316081,0.368580,0.240180,0.278826,0.302284,0.200883,0.252831,0.177180,0.180625,0.248150,0.056689,0.179658,0.218247,0.259087,0.182604
47,0.195833,0.316092,0.368578,0.240169,0.278824,0.302281,0.200880,0.252828,0.177180,0.180627,0.248149,0.056687,0.179663,0.218244,0.259087,0.182611
48,0.200000,0.316104,0.368573,0.240152,0.278820,0.302278,0.200877,0.252826,0.177181,0.180627,0.248148,0.056691,0.179664,0.218240,0.259088,0.182614
49,0.204167,0.316127,0.368561,0.240153,0.278821,0.302284,0.200876,0.252826,0.177184,0.180628,0.248148,0.056691,0.179668,0.218236,0.259088,0.182623
50,0.208333,0.316124,0.368565,0.240132,0.278820,0.302280,0.200869,0.252823,0.177182,0.180630,0.248146,0.056690,0.179671,0.218233,0.259085,0.182628
51,0.212500,0.316133,0.368561,0.240121,0.278815,0.302279,0.200866,0.252814,0.177188,0.180626,0.248150,0.056689,0.179669,0.218229,0.259087,0.182636
52,0.216667,0.316143,0.368559,0.240112,0.278817,0.302283,0.200863,0.252813,0.177190,0.180627,0.248147,0.056688,0.179669,0.218225,0.259088,0.182642
53,0.220833,0.316151,0.368555,0.240106,0.278816,0.302282,0.200862,0.252820,0.177184,0.180634,0.248152,0.056687,0.179667,0.218222,0.259086,0.182646
54,0.225000,0.316154,0.368554,0.240095,0.278814,0.302283,0.200856,0.252810,0.177189,0.180635,0.248149,0.056686,0.179668,0.218220,0.259084,0.182649
55,0.229167,0.316158,0.368551,0.240090,0.278814,0.302284,0.200854,0.252819,0.177184,0.180638,0.248153,0.056687,0.179668,0.218216,0.259068,0.182657
56,0.233333,0.316164,0.368551,0.240085,0.278812,0.302292,0.200850,0.252812,0.177190,0.180632,0.248151,0.056684,0.179667,0.218215,0.259085,0.182659
57,0.237500,0.316164,0.368552,0.240079,0.278807,0.302286,0.200853,0.252809,0.177189,0.180634,0.248153,0.056683,0.179666,0.218213,0.259081,0.182659
58,0.241667,0.316165,0.368552,0.240074,0.278809,0.302284,0.200849,0.252812,0.177188,0.180631,0.248153,0.056682,0.179666,0.218211,0.259080,0.182660
59,0.245833,0.316166,0.368553,0.240071,0.278809,0.302290,0.200844,0.252814,0.177183,0.180638,0.248153,0.056684,0.179665,0.218208,0.259079,0.182662
60,0.250000,0.316163,0.368556,0.240067,0.278808,0.302289,0.200843,0.252810,0.177186,0.180634,0.248155,0.056681,0.179664,0.218209,0.259079,0.182665
61,0.254167,0.316163,0.368557,0.240066,0.278801,0.302286,0.200853,0.252810,0.177189,0.180633,0.248153,0.056683,0.179666,0.218211,0.259079,0.182665
62,0.258333,0.316164,0.368561,0.240069,0.278809,0.302289,0.200849,0.252813,0.177187,0.180635,0.248156,0.056682,0.179666,0.218207,0.259067,0.182668
63,0.262500,0.316159,0.368563,0.240072,0.278806,0.302290,0.200849,0.252814,0.177188,0.180633,0.248155,0.056684,0.179669,0.218210,0.259081,0.182666
64,0.266667,0.316154,0.368567,0.240074,0.278804,0.302286,0.200857,0.252821,0.177185,0.180641,0.248157,0.056687,0.179669,0.218213,0.259081,0.182664
65,0.270833,0.316151,0.368571,0.240078,0.278804,0.302287,0.200861,0.252814,0.177190,0.180637,0.248157,0.056686,0.179670,0.218215,0.259083,0.182663
66,0.275000,0.316145,0.368574,0.240083,0.278806,0.302289,0.200864,0.252824,0.177185,0.180641,0.248156,0.056686,0.179669,0.218217,0.259084,0.182659
67,0.279167,0.316138,0.368578,0.240091,0.278807,0.302291,0.200867,0.252816,0.177189,0.180636,0.248157,0.056688,0.179670,0.218218,0.259085,0.182657
68,0.283333,0.316127,0.368578,0.240101,0.278804,0.302290,0.200871,0.252825,0.177186,0.180639,0.248158,0.056687,0.179669,0.218223,0.259084,0.182652
69,0.287500,0.316118,0.368583,0.240111,0.278806,0.302292,0.200874,0.252826,0.177185,0.180640,0.248156,0.056691,0.179669,0.218225,0.259083,0.182646
70,0.291667,0.316108,0.368586,0.240121,0.278802,0.302287,0.200877,0.252827,0.177186,0.180639,0.248153,0.056690,0.179668,0.218229,0.259083,0.182642
71,0.295833,0.316094,0.368587,0.240133,0.278807,0.302289,0.200879,0.252831,0.177182,0.180638,0.248156,0.056689,0.179666,0.218232,0.259082,0.182639
72,0.300000,0.316081,0.368590,0.240147,0.278803,0.302286,0.200886,0.252833,0.177182,0.180636,0.248157,0.056686,0.179665,0.218235,0.259081,0.182635
73,0.304167,0.316071,0.368597,0.240168,0.278804,0.302286,0.200888,0.252834,0.177183,0.180633,0.248159,0.056688,0.179661,0.218239,0.259082,0.182628
74,0.308333,0.316059,0.368600,0.240184,0.278809,0.302290,0.200891,0.252837,0.177181,0.180633,0.248158,0.056689,0.179659,0.218244,0.259080,0.182619
75,0.312500,0.316045,0.368599,0.240200,0.278808,0.302286,0.200895,0.252839,0.177179,0.180633,0.248158,0.056687,0.179660,0.218249,0.259078,0.182613
76,0.316667,0.316032,0.368601,0.240215,0.278807,0.302296,0.200891,0.252844,0.177181,0.180628,0.248160,0.056687,0.179653,0.218256,0.259079,0.182608
77,0.320833,0.316014,0.368613,0.240229,0.278817,0.302290,0.200901,0.252844,0.177178,0.180630,0.248159,0.056686,0.179652,0.218259,0.259078,0.182603
78,0.325000,0.316003,0.368616,0.240242,0.278817,0.302288,0.200906,0.252857,0.177175,0.180604,0.248159,0.056687,0.179650,0.218267,0.259083,0.182606
79,0.329167,0.315992,0.368620,0.240256,0.278812,0.302300,0.200906,0.252859,0.177176,0.180601,0.248160,0.056683,0.179647,0.218264,0.259088,0.182606
80,0.333333,0.315979,0.368620,0.240281,0.278816,0.302296,0.200911,0.252850,0.177179,0.180625,0.248159,0.056685,0.179647,0.218271,0.259080,0.182588
81,0.337500,0.315969,0.368622,0.240293,0.278816,0.302294,0.200916,0.252862,0.177173,0.180599,0.248158,0.056686,0.179647,0.218278,0.259092,0.182602
82,0.341667,0.315958,0.368626,0.240310,0.278818,0.302295,0.200917,0.252863,0.177174,0.180598,0.248157,0.056688,0.179647,0.218280,0.259093,0.182598
83,0.345833,0.315950,0.368632,0.240321,0.278828,0.302284,0.200930,0.252853,0.177177,0.180625,0.248158,0.056687,0.179644,0.218284,0.259096,0.182594
84,0.350000,0.315943,0.368635,0.240331,0.278821,0.302295,0.200927,0.252863,0.177177,0.180600,0.248153,0.056689,0.179647,0.218293,0.259098,0.182577
85,0.354167,0.315937,0.368637,0.240338,0.278823,0.302294,0.200931,0.252864,0.177178,0.180598,0.248156,0.056692,0.179650,0.218293,0.259099,0.182572
86,0.358333,0.315931,0.368635,0.240347,0.278820,0.302292,0.200934,0.252865,0.177177,0.180597,0.248157,0.056693,0.179649,0.218297,0.259102,0.182570
87,0.362500,0.315928,0.368638,0.240354,0.278822,0.302295,0.200942,0.252864,0.177178,0.180599,0.248156,0.056696,0.179650,0.218300,0.259101,0.182567
88,0.366667,0.315925,0.368638,0.240361,0.278824,0.302290,0.200939,0.252866,0.177178,0.180598,0.248157,0.056695,0.179649,0.218302,0.259103,0.182560
89,0.370833,0.315923,0.368636,0.240364,0.278828,0.302293,0.200938,0.252868,0.177177,0.180598,0.248155,0.056695,0.179650,0.218306,0.259092,0.182568
90,0.375000,0.315921,0.368635,0.240366,0.278837,0.302283,0.200945,0.252864,0.177178,0.180599,0.248154,0.056693,0.179649,0.218305,0.259103,0.182558
91,0.379167,0.315921,0.368636,0.240368,0.278837,0.302284,0.200949,0.252866,0.177177,0.180593,0.248152,0.056694,0.179650,0.218307,0.259092,0.182564
92,0.383333,0.315922,0.368633,0.240368,0.278829,0.302292,0.200937,0.252867,0.177175,0.180593,0.248153,0.056692,0.179650,0.218305,0.259103,0.182554
93,0.387500,0.315922,0.368632,0.240370,0.278833,0.302280,0.200946,0.252864,0.177178,0.180593,0.248155,0.056692,0.179648,0.218304,0.259102,0.182554
94,0.391667,0.315925,0.368628,0.240367,0.278829,0.302289,0.200932,0.252865,0.177176,0.180593,0.248153,0.056689,0.179645,0.218302,0.259102,0.182554
95,0.395833,0.315928,0.368625,0.240365,0.278829,0.302290,0.200930,0.252866,0.177175,0.180593,0.248156,0.056687,0.179645,0.218299,0.259084,0.182553
96,0.400000,0.315933,0.368621,0.240358,0.278838,0.302283,0.200937,0.252864,0.177175,0.180593,0.248155,0.056687,0.179643,0.218304,0.259087,0.182565
97,0.404167,0.315939,0.368620,0.240353,0.278837,0.302283,0.200931,0.252854,0.177174,0.180616,0.248155,0.056689,0.179646,0.218294,0.259094,0.182574
98,0.408333,0.315947,0.368617,0.240345,0.278838,0.302284,0.200929,0.252865,0.177173,0.180591,0.248157,0.056688,0.179647,0.218302,0.259084,0.182569
99,0.412500,0.315954,0.368616,0.240336,0.278828,0.302294,0.200915,0.252864,0.177174,0.180591,0.248156,0.056686,0.179646,0.218299,0.259085,0.182573
100,0.416667,0.315963,0.368614,0.240325,0.278837,0.302284,0.200920,0.252864,0.177172,0.180594,0.248156,0.056687,0.179649,0.218302,0.259085,0.182553
101,0.420833,0.315976,0.368609,0.240307,0.278835,0.302284,0.200915,0.252861,0.177174,0.180593,0.248155,0.056689,0.179651,0.218291,0.259096,0.182574
102,0.425000,0.315987,0.368608,0.240290,0.278837,0.302285,0.200913,0.252860,0.177175,0.180595,0.248159,0.056686,0.179650,0.218278,0.259089,0.182588
103,0.429167,0.316000,0.368606,0.240272,0.278835,0.302282,0.200903,0.252859,0.177177,0.180596,0.248156,0.056687,0.179656,0.218273,0.259092,0.182593
104,0.433333,0.316011,0.368610,0.240249,0.278831,0.302289,0.200901,0.252856,0.177178,0.180597,0.248156,0.056686,0.179655,0.218277,0.259095,0.182606
105,0.437500,0.316027,0.368600,0.240235,0.278832,0.302286,0.200900,0.252845,0.177181,0.180621,0.248156,0.056689,0.179661,0.218273,0.259096,0.182612
106,0.441667,0.316040,0.368600,0.240219,0.278828,0.302289,0.200891,0.252842,0.177180,0.180624,0.248156,0.056689,0.179660,0.218267,0.259085,0.182596
107,0.445833,0.316052,0.368599,0.240200,0.278824,0.302290,0.200891,0.252850,0.177178,0.180602,0.248154,0.056690,0.179665,0.218268,0.259089,0.182610
108,0.450000,0.316064,0.368600,0.240181,0.278825,0.302286,0.200880,0.252837,0.177182,0.180627,0.248154,0.056690,0.179665,0.218263,0.259091,0.182616
109,0.454167,0.316075,0.368599,0.240167,0.278823,0.302285,0.200877,0.252834,0.177183,0.180629,0.248154,0.056687,0.179666,0.218253,0.259085,0.182616
110,0.458333,0.316084,0.368595,0.240146,0.278822,0.302290,0.200876,0.252844,0.177181,0.180606,0.248154,0.056688,0.179669,0.218250,0.259083,0.182617
111,0.462500,0.316096,0.368592,0.240131,0.278817,0.302285,0.200868,0.252831,0.177183,0.180634,0.248155,0.056691,0.179668,0.218245,0.259085,0.182627
112,0.466667,0.316106,0.368589,0.240117,0.278820,0.302287,0.200863,0.252830,0.177185,0.180633,0.248156,0.056690,0.179669,0.218240,0.259085,0.182632
113,0.470833,0.316115,0.368589,0.240107,0.278818,0.302288,0.200859,0.252830,0.177184,0.180635,0.248154,0.056687,0.179668,0.218238,0.259083,0.182635
114,0.475000,0.316124,0.368584,0.240096,0.278816,0.302287,0.200854,0.252822,0.177188,0.180629,0.248155,0.056685,0.179666,0.218235,0.259081,0.182640
115,0.479167,0.316131,0.368585,0.240089,0.278814,0.302291,0.200856,0.252820,0.177187,0.180631,0.248157,0.056686,0.179668,0.218231,0.259079,0.182641
116,0.483333,0.316135,0.368581,0.240078,0.278815,0.302292,0.200850,0.252819,0.177188,0.180630,0.248156,0.056682,0.179664,0.218228,0.259078,0.182651
117,0.487500,0.316145,0.368580,0.240070,0.278814,0.302296,0.200844,0.252825,0.177181,0.180637,0.248156,0.056685,0.179668,0.218227,0.259079,0.182658
118,0.491667,0.316149,0.368577,0.240066,0.278814,0.302298,0.200842,0.252818,0.177188,0.180630,0.248157,0.056682,0.179666,0.218222,0.259064,0.182664
119,0.495833,0.316153,0.368575,0.240062,0.278814,0.302295,0.200842,0.252827,0.177182,0.180636,0.248156,0.056681,0.179666,0.218224,0.259076,0.182661
120,0.500000,0.316159,0.368573,0.240060,0.278814,0.302297,0.200840,0.252825,0.177180,0.180637,0.248155,0.056683,0.179666,0.218220,0.259077,0.182664
121,0.504167,0.316163,0.368574,0.240058,0.278813,0.302292,0.200845,0.252819,0.177187,0.180632,0.248156,0.056684,0.179666,0.218222,0.259077,0.182666
122,0.508333,0.316163,0.368573,0.240056,0.278815,0.302292,0.200838,0.252827,0.177181,0.180638,0.248154,0.056686,0.179669,0.218221,0.259078,0.182670
123,0.512500,0.316164,0.368572,0.240052,0.278815,0.302297,0.200843,0.252819,0.177187,0.180633,0.248155,0.056684,0.179670,0.218222,0.259079,0.182670
124,0.516667,0.316164,0.368572,0.240056,0.278817,0.302292,0.200842,0.252825,0.177183,0.180640,0.248156,0.056686,0.179671,0.218222,0.259080,0.182671
125,0.520833,0.316166,0.368571,0.240059,0.278815,0.302292,0.200855,0.252825,0.177184,0.180642,0.248152,0.056685,0.179670,0.218223,0.259081,0.182671
126,0.525000,0.316167,0.368572,0.240068,0.278818,0.302295,0.200853,0.252824,0.177185,0.180642,0.248156,0.056689,0.179671,0.218224,0.259082,0.182666
127,0.529167,0.316163,0.368570,0.240074,0.278817,0.302286,0.200855,0.252823,0.177183,0.180644,0.248155,0.056688,0.179668,0.218223,0.259084,0.182665
128,0.533333,0.316158,0.368571,0.240080,0.278815,0.302282,0.200860,0.252825,0.177185,0.180644,0.248155,0.056690,0.179668,0.218227,0.259081,0.182662
129,0.537500,0.316153,0.368571,0.240089,0.278819,0.302288,0.200868,0.252827,0.177184,0.180642,0.248154,0.056687,0.179668,0.218228,0.259082,0.182657
130,0.541667,0.316146,0.368571,0.240101,0.278819,0.302282,0.200867,0.252828,0.177184,0.180640,0.248154,0.056687,0.179663,0.218231,0.259083,0.182653
131,0.545833,0.316140,0.368569,0.240109,0.278820,0.302280,0.200871,0.252828,0.177180,0.180639,0.248155,0.056687,0.179664,0.218231,0.259082,0.182648
132,0.550000,0.316133,0.368568,0.240123,0.278821,0.302281,0.200876,0.252830,0.177183,0.180637,0.248155,0.056686,0.179662,0.218236,0.259082,0.182642
133,0.554167,0.316125,0.368570,0.240138,0.278817,0.302280,0.200883,0.252830,0.177182,0.180638,0.248156,0.056689,0.179657,0.218240,0.259082,0.182636
134,0.558333,0.316130,0.368561,0.240161,0.278821,0.302279,0.200889,0.252831,0.177182,0.180635,0.248154,0.056689,0.179658,0.218242,0.259083,0.182630
135,0.562500,0.316122,0.368563,0.240183,0.278822,0.302279,0.200893,0.252832,0.177181,0.180633,0.248153,0.056690,0.179657,0.218245,0.259083,0.182625
136,0.566667,0.316111,0.368563,0.240200,0.278830,0.302279,0.200902,0.252832,0.177181,0.180632,0.248156,0.056689,0.179653,0.218249,0.259085,0.182622
137,0.570833,0.316101,0.368562,0.240216,0.278826,0.302274,0.200896,0.252835,0.177180,0.180632,0.248156,0.056692,0.179653,0.218258,0.259087,0.182623
138,0.575000,0.316091,0.368564,0.240233,0.278827,0.302277,0.200904,0.252837,0.177181,0.180630,0.248156,0.056689,0.179652,0.218264,0.259088,0.182615
139,0.579167,0.316077,0.368564,0.240252,0.278834,0.302274,0.200906,0.252838,0.177179,0.180631,0.248154,0.056691,0.179651,0.218267,0.259089,0.182612
140,0.583333,0.316069,0.368563,0.240266,0.278833,0.302274,0.200911,0.252839,0.177178,0.180629,0.248154,0.056691,0.179651,0.218268,0.259090,0.182604
141,0.587500,0.316056,0.368565,0.240281,0.278836,0.302277,0.200919,0.252843,0.177180,0.180625,0.248154,0.056693,0.179649,0.218264,0.259095,0.182604
142,0.591667,0.316045,0.368569,0.240297,0.278836,0.302273,0.200917,0.252853,0.177178,0.180602,0.248157,0.056691,0.179646,0.218274,0.259099,0.182607
143,0.595833,0.316034,0.368570,0.240311,0.278837,0.302274,0.200921,0.252844,0.177178,0.180624,0.248153,0.056693,0.179651,0.218269,0.259094,0.182592
144,0.600000,0.316025,0.368574,0.240322,0.278840,0.302276,0.200929,0.252849,0.177177,0.180623,0.248156,0.056692,0.179652,0.218284,0.259099,0.182579
145,0.604167,0.316000,0.368591,0.240329,0.278840,0.302277,0.200934,0.252860,0.177177,0.180598,0.248157,0.056693,0.179651,0.218287,0.259100,0.182575
146,0.608333,0.315990,0.368592,0.240329,0.278839,0.302273,0.200928,0.252859,0.177177,0.180597,0.248158,0.056693,0.179651,0.218291,0.259100,0.182572
147,0.612500,0.315980,0.368596,0.240342,0.278838,0.302275,0.200936,0.252851,0.177177,0.180620,0.248155,0.056694,0.179649,0.218292,0.259103,0.182565
148,0.616667,0.315972,0.368599,0.240346,0.278841,0.302278,0.200933,0.252861,0.177176,0.180593,0.248156,0.056691,0.179649,0.218289,0.259096,0.182552
149,0.620833,0.315963,0.368603,0.240351,0.278837,0.302278,0.200936,0.252860,0.177175,0.180595,0.248156,0.056693,0.179645,0.218294,0.259101,0.182558
150,0.625000,0.315957,0.368608,0.240353,0.278837,0.302273,0.200932,0.252864,0.177176,0.180591,0.248157,0.056690,0.179644,0.218294,0.259101,0.182560
151,0.629167,0.315950,0.368613,0.240356,0.278836,0.302277,0.200935,0.252864,0.177176,0.180589,0.248157,0.056688,0.179642,0.218290,0.259096,0.182547
152,0.633333,0.315945,0.368615,0.240354,0.278839,0.302278,0.200933,0.252864,0.177175,0.180591,0.248156,0.056690,0.179644,0.218294,0.259097,0.182554
153,0.637500,0.315940,0.368620,0.240350,0.278836,0.302284,0.200934,0.252865,0.177174,0.180589,0.248156,0.056692,0.179639,0.218291,0.259095,0.182545
154,0.641667,0.315937,0.368626,0.240346,0.278836,0.302283,0.200935,0.252855,0.177173,0.180614,0.248157,0.056690,0.179643,0.218296,0.259100,0.182557
155,0.645833,0.315935,0.368629,0.240340,0.278835,0.302280,0.200928,0.252864,0.177174,0.180590,0.248160,0.056690,0.179645,0.218296,0.259098,0.182559
156,0.650000,0.315934,0.368633,0.240333,0.278834,0.302287,0.200931,0.252867,0.177174,0.180588,0.248158,0.056693,0.179645,0.218293,0.259099,0.182560
157,0.654167,0.315936,0.368636,0.240327,0.278832,0.302289,0.200928,0.252863,0.177173,0.180592,0.248157,0.056695,0.179646,0.218291,0.259097,0.182561
158,0.658333,0.315940,0.368642,0.240312,0.278832,0.302290,0.200926,0.252864,0.177175,0.180592,0.248157,0.056692,0.179646,0.218291,0.259099,0.182566
159,0.662500,0.315942,0.368642,0.240303,0.278831,0.302292,0.200924,0.252854,0.177177,0.180615,0.248156,0.056691,0.179649,0.218276,0.259095,0.182575
160,0.666667,0.315947,0.368647,0.240292,0.278829,0.302289,0.200919,0.252864,0.177175,0.180594,0.248156,0.056691,0.179650,0.218287,0.259099,0.182572
161,0.670833,0.315950,0.368648,0.240276,0.278827,0.302295,0.200919,0.252864,0.177176,0.180597,0.248155,0.056692,0.179653,0.218283,0.259099,0.182577
162,0.675000,0.315957,0.368650,0.240263,0.278822,0.302298,0.200911,0.252862,0.177176,0.180599,0.248157,0.056692,0.179656,0.218281,0.259098,0.182583
163,0.679167,0.315962,0.368655,0.240248,0.278826,0.302297,0.200912,0.252861,0.177175,0.180601,0.248157,0.056692,0.179654,0.218274,0.259094,0.182580
164,0.683333,0.315969,0.368652,0.240235,0.278820,0.302297,0.200900,0.252861,0.177175,0.180602,0.248158,0.056690,0.179658,0.218266,0.259092,0.182599
165,0.687500,0.315976,0.368652,0.240221,0.278820,0.302302,0.200902,0.252860,0.177178,0.180602,0.248157,0.056692,0.179657,0.218267,0.259083,0.182591
166,0.691667,0.315990,0.368650,0.240206,0.278818,0.302301,0.200897,0.252849,0.177179,0.180626,0.248157,0.056690,0.179657,0.218264,0.259082,0.182595
167,0.695833,0.316000,0.368649,0.240195,0.278816,0.302298,0.200892,0.252858,0.177176,0.180604,0.248155,0.056691,0.179661,0.218261,0.259082,0.182601
168,0.700000,0.316008,0.368645,0.240181,0.278808,0.302307,0.200882,0.252845,0.177179,0.180628,0.248158,0.056690,0.179655,0.218264,0.259085,0.182616
169,0.704167,0.316017,0.368642,0.240170,0.278815,0.302299,0.200883,0.252847,0.177177,0.180628,0.248158,0.056690,0.179660,0.218254,0.259079,0.182611
170,0.708333,0.316028,0.368640,0.240158,0.278814,0.302301,0.200886,0.252843,0.177178,0.180629,0.248156,0.056688,0.179655,0.218256,0.259082,0.182626
171,0.712500,0.316046,0.368626,0.240148,0.278811,0.302299,0.200881,0.252844,0.177178,0.180630,0.248157,0.056687,0.179656,0.218247,0.259077,0.182618
172,0.716667,0.316055,0.368624,0.240140,0.278812,0.302295,0.200877,0.252840,0.177177,0.180633,0.248158,0.056687,0.179657,0.218245,0.259077,0.182623
173,0.720833,0.316063,0.368621,0.240135,0.278804,0.302302,0.200865,0.252838,0.177179,0.180634,0.248156,0.056686,0.179660,0.218241,0.259078,0.182629
174,0.725000,0.316072,0.368614,0.240121,0.278809,0.302296,0.200871,0.252837,0.177180,0.180635,0.248157,0.056684,0.179658,0.218239,0.259077,0.182632
175,0.729167,0.316080,0.368612,0.240115,0.278810,0.302294,0.200871,0.252828,0.177187,0.180629,0.248156,0.056685,0.179658,0.218237,0.259078,0.182635
176,0.733333,0.316088,0.368606,0.240112,0.278809,0.302295,0.200875,0.252832,0.177179,0.180638,0.248156,0.056685,0.179662,0.218232,0.259077,0.182639
177,0.737500,0.316096,0.368601,0.240111,0.278810,0.302296,0.200875,0.252831,0.177179,0.180637,0.248154,0.056686,0.179663,0.218229,0.259079,0.182643
178,0.741667,0.316104,0.368597,0.240108,0.278811,0.302291,0.200871,0.252830,0.177182,0.180640,0.248158,0.056686,0.179660,0.218229,0.259080,0.182647
179,0.745833,0.316113,0.368593,0.240107,0.278811,0.302291,0.200872,0.252827,0.177183,0.180638,0.248155,0.056686,0.179664,0.218225,0.259082,0.182649
180,0.750000,0.316119,0.368587,0.240109,0.278811,0.302289,0.200875,0.252827,0.177182,0.180640,0.248154,0.056688,0.179666,0.218227,0.259081,0.182647
181,0.754167,0.316124,0.368580,0.240114,0.278813,0.302289,0.200874,0.252824,0.177184,0.180643,0.248152,0.056688,0.179665,0.218225,0.259083,0.182650
182,0.758333,0.316129,0.368575,0.240115,0.278814,0.302286,0.200875,0.252817,0.177188,0.180639,0.248151,0.056690,0.179668,0.218224,0.259084,0.182651
183,0.762500,0.316132,0.368569,0.240119,0.278813,0.302287,0.200874,0.252824,0.177185,0.180642,0.248153,0.056689,0.179666,0.218224,0.259084,0.182653
184,0.766667,0.316147,0.368560,0.240134,0.278815,0.302289,0.200880,0.252817,0.177190,0.180637,0.248153,0.056690,0.179670,0.218224,0.259086,0.182651
185,0.770833,0.316137,0.368560,0.240131,0.278814,0.302283,0.200877,0.252823,0.177183,0.180642,0.248150,0.056690,0.179668,0.218225,0.259085,0.182649
186,0.775000,0.316148,0.368545,0.240150,0.278816,0.302281,0.200879,0.252821,0.177182,0.180642,0.248152,0.056691,0.179668,0.218225,0.259084,0.182648
187,0.779167,0.316151,0.368543,0.240158,0.278817,0.302280,0.200880,0.252816,0.177189,0.180634,0.248150,0.056690,0.179665,0.218225,0.259085,0.182645
188,0.783333,0.316139,0.368543,0.240160,0.278818,0.302279,0.200883,0.252823,0.177182,0.180638,0.248148,0.056689,0.179667,0.218227,0.259085,0.182642
189,0.787500,0.316138,0.368539,0.240165,0.278818,0.302278,0.200885,0.252822,0.177181,0.180640,0.248151,0.056688,0.179662,0.218228,0.259085,0.182639
190,0.791667,0.316144,0.368533,0.240183,0.278820,0.302276,0.200887,0.252816,0.177187,0.180631,0.248150,0.056687,0.179664,0.218230,0.259084,0.182634
191,0.795833,0.316140,0.368529,0.240188,0.278817,0.302272,0.200887,0.252823,0.177180,0.180637,0.248151,0.056684,0.179659,0.218233,0.259082,0.182630
192,0.800000,0.316135,0.368530,0.240204,0.278819,0.302271,0.200888,0.252823,0.177181,0.180636,0.248151,0.056686,0.179658,0.218235,0.259083,0.182628
193,0.804167,0.316132,0.368530,0.240215,0.278822,0.302273,0.200892,0.252825,0.177180,0.180637,0.248149,0.056686,0.179659,0.218237,0.259082,0.182624
194,0.808333,0.316123,0.368530,0.240223,0.278820,0.302270,0.200894,0.252825,0.177181,0.180634,0.248153,0.056686,0.179660,0.218239,0.259083,0.182620
195,0.812500,0.316115,0.368530,0.240231,0.278822,0.302271,0.200897,0.252827,0.177180,0.180633,0.248148,0.056687,0.179662,0.218241,0.259081,0.182616
196,0.816667,0.316108,0.368532,0.240238,0.278825,0.302271,0.200900,0.252827,0.177180,0.180631,0.248151,0.056687,0.179656,0.218244,0.259086,0.182614
197,0.820833,0.316099,0.368538,0.240248,0.278825,0.302270,0.200903,0.252829,0.177179,0.180631,0.248153,0.056688,0.179652,0.218245,0.259085,0.182611
198,0.825000,0.316092,0.368542,0.240253,0.278828,0.302267,0.200911,0.252828,0.177182,0.180630,0.248152,0.056687,0.179657,0.218249,0.259085,0.182608
199,0.829167,0.316085,0.368548,0.240260,0.278829,0.302274,0.200918,0.252832,0.177181,0.180632,0.248153,0.056689,0.179656,0.218252,0.259088,0.182605
200,0.833333,0.316078,0.368551,0.240265,0.278828,0.302270,0.200915,0.252833,0.177179,0.180631,0.248152,0.056691,0.179657,0.218260,0.259092,0.182607
201,0.837500,0.316070,0.368557,0.240273,0.278831,0.302273,0.200918,0.252834,0.177182,0.180632,0.248153,0.056691,0.179656,0.218256,0.259088,0.182600
202,0.841667,0.316064,0.368562,0.240276,0.278832,0.302274,0.200919,0.252836,0.177182,0.180631,0.248152,0.056694,0.179655,0.218262,0.259088,0.182596
203,0.845833,0.316052,0.368567,0.240285,0.278832,0.302276,0.200922,0.252839,0.177181,0.180636,0.248153,0.056692,0.179655,0.218261,0.259086,0.182591
204,0.850000,0.316042,0.368574,0.240288,0.278831,0.302276,0.200922,0.252839,0.177180,0.180632,0.248152,0.056693,0.179657,0.218263,0.259088,0.182588
205,0.854167,0.316017,0.368591,0.240282,0.278833,0.302282,0.200925,0.252843,0.177180,0.180631,0.248154,0.056691,0.179652,0.218264,0.259096,0.182599
206,0.858333,0.316023,0.368586,0.240296,0.278832,0.302279,0.200921,0.252842,0.177179,0.180629,0.248154,0.056690,0.179649,0.218264,0.259095,0.182597
207,0.862500,0.316000,0.368605,0.240286,0.278830,0.302284,0.200926,0.252845,0.177181,0.180628,0.248155,0.056690,0.179652,0.218275,0.259089,0.182591
208,0.866667,0.315990,0.368610,0.240286,0.278827,0.302279,0.200920,0.252847,0.177178,0.180625,0.248156,0.056693,0.179650,0.218269,0.259094,0.182594
209,0.870833,0.315979,0.368617,0.240293,0.278830,0.302282,0.200920,0.252847,0.177180,0.180624,0.248157,0.056693,0.179649,0.218269,0.259092,0.182591
210,0.875000,0.315974,0.368622,0.240286,0.278829,0.302288,0.200924,0.252860,0.177175,0.180601,0.248157,0.056691,0.179647,0.218276,0.259096,0.182598
211,0.879167,0.315967,0.368629,0.240281,0.278830,0.302288,0.200923,0.252861,0.177176,0.180599,0.248158,0.056691,0.179643,0.218281,0.259097,0.182600
212,0.883333,0.315962,0.368632,0.240283,0.278826,0.302282,0.200918,0.252863,0.177174,0.180597,0.248158,0.056689,0.179647,0.218280,0.259079,0.182582
213,0.887500,0.315960,0.368640,0.240278,0.278820,0.302300,0.200911,0.252852,0.177177,0.180624,0.248159,0.056690,0.179648,0.218273,0.259092,0.182589
214,0.891667,0.315955,0.368646,0.240274,0.278826,0.302294,0.200915,0.252855,0.177178,0.180622,0.248158,0.056693,0.179646,0.218284,0.259098,0.182580
215,0.895833,0.315953,0.368646,0.240270,0.278826,0.302290,0.200912,0.252854,0.177179,0.180620,0.248159,0.056690,0.179648,0.218280,0.259097,0.182596
216,0.900000,0.315951,0.368650,0.240267,0.278826,0.302293,0.200914,0.252866,0.177177,0.180597,0.248157,0.056690,0.179645,0.218282,0.259095,0.182596
217,0.904167,0.315952,0.368655,0.240259,0.278827,0.302295,0.200913,0.252867,0.177176,0.180595,0.248160,0.056693,0.179642,0.218274,0.259092,0.182588
218,0.908333,0.315953,0.368656,0.240253,0.278822,0.302297,0.200909,0.252867,0.177175,0.180598,0.248161,0.056692,0.179648,0.218274,0.259090,0.182590
219,0.912500,0.315953,0.368660,0.240246,0.278823,0.302292,0.200908,0.252856,0.177179,0.180621,0.248162,0.056690,0.179648,0.218279,0.259095,0.182598
220,0.916667,0.315958,0.368658,0.240241,0.278825,0.302292,0.200906,0.252866,0.177176,0.180596,0.248160,0.056692,0.179651,0.218273,0.259091,0.182590
221,0.920833,0.315962,0.368658,0.240235,0.278822,0.302300,0.200906,0.252856,0.177179,0.180622,0.248160,0.056696,0.179654,0.218278,0.259097,0.182603
222,0.925000,0.315967,0.368657,0.240229,0.278821,0.302296,0.200905,0.252856,0.177179,0.180622,0.248160,0.056691,0.179652,0.218272,0.259091,0.182594
223,0.929167,0.315974,0.368654,0.240223,0.278820,0.302300,0.200901,0.252855,0.177178,0.180621,0.248159,0.056694,0.179652,0.218271,0.259092,0.182597
224,0.933333,0.315977,0.368652,0.240218,0.278821,0.302297,0.200894,0.252862,0.177177,0.180600,0.248162,0.056691,0.179653,0.218275,0.259098,0.182608
225,0.937500,0.315987,0.368648,0.240212,0.278821,0.302300,0.200897,0.252852,0.177177,0.180623,0.248159,0.056692,0.179654,0.218273,0.259095,0.182609
226,0.941667,0.315993,0.368643,0.240208,0.278820,0.302300,0.200894,0.252861,0.177180,0.180597,0.248160,0.056691,0.179653,0.218266,0.259091,0.182603
227,0.945833,0.315999,0.368640,0.240203,0.278819,0.302299,0.200892,0.252849,0.177180,0.180624,0.248159,0.056689,0.179654,0.218263,0.259089,0.182604
228,0.950000,0.316005,0.368635,0.240199,0.278820,0.302292,0.200884,0.252858,0.177178,0.180602,0.248160,0.056691,0.179653,0.218261,0.259090,0.182607
229,0.954167,0.316012,0.368631,0.240195,0.278820,0.302296,0.200887,0.252847,0.177180,0.180622,0.248159,0.056689,0.179655,0.218262,0.259081,0.182598
230,0.958333,0.316019,0.368625,0.240190,0.278820,0.302295,0.200885,0.252845,0.177179,0.180623,0.248159,0.056690,0.179655,0.218267,0.259086,0.182612
231,0.962500,0.316027,0.368621,0.240185,0.278820,0.302291,0.200880,0.252844,0.177177,0.180623,0.248157,0.056689,0.179658,0.218257,0.259080,0.182604
232,0.966667,0.316045,0.368609,0.240185,0.278821,0.302291,0.200880,0.252852,0.177178,0.180600,0.248160,0.056690,0.179656,0.218257,0.259083,0.182609
233,0.970833,0.316053,0.368604,0.240183,0.278821,0.302292,0.200882,0.252841,0.177180,0.180624,0.248157,0.056690,0.179660,0.218255,0.259082,0.182609
234,0.975000,0.316063,0.368601,0.240180,0.278817,0.302285,0.200881,0.252839,0.177181,0.180627,0.248157,0.056687,0.179659,0.218253,0.259084,0.182615
235,0.979167,0.316072,0.368594,0.240178,0.278821,0.302291,0.200879,0.252838,0.177180,0.180628,0.248156,0.056690,0.179659,0.218251,0.259082,0.182617
236,0.983333,0.316094,0.368583,0.240182,0.278823,0.302287,0.200879,0.252836,0.177182,0.180631,0.248153,0.056689,0.179662,0.218252,0.259089,0.182631
237,0.987500,0.316090,0.368587,0.240168,0.278822,0.302286,0.200879,0.252835,0.177181,0.180631,0.248151,0.056692,0.179664,0.218246,0.259086,0.182624
238,0.991667,0.316109,0.368573,0.240170,0.278823,0.302289,0.200881,0.252834,0.177181,0.180633,0.248152,0.056688,0.179667,0.218247,0.259084,0.182621
239,0.995833,0.316105,0.368576,0.240164,0.278820,0.302280,0.200876,0.252832,0.177180,0.180632,0.248152,0.056691,0.179669,0.218245,0.259086,0.182625
240,1.000000,0.316112,0.368569,0.240156,0.278820,0.302279,0.200876,0.252831,0.177181,0.180637,0.248153,0.056690,0.179666,0.218243,0.259085,0.182626
241,1.004167,0.316119,0.368567,0.240154,0.278825,0.302283,0.200876,0.252829,0.177184,0.180636,0.248152,0.056691,0.179668,0.218243,0.259086,0.182630
242,1.008333,0.316135,0.368557,0.240162,0.278825,0.302284,0.200881,0.252828,0.177180,0.180635,0.248150,0.056691,0.179667,0.218244,0.259088,0.182630
243,1.012500,0.316140,0.368554,0.240164,0.278823,0.302275,0.200880,0.252830,0.177180,0.180633,0.248150,0.056689,0.179667,0.218244,0.259086,0.182630
244,1.016667,0.316144,0.368548,0.240165,0.278827,0.302277,0.200879,0.252828,0.177181,0.180633,0.248151,0.056688,0.179669,0.218242,0.259084,0.182629
245,1.020833,0.316145,0.368543,0.240166,0.278824,0.302277,0.200885,0.252827,0.177181,0.180633,0.248151,0.056687,0.179666,0.218241,0.259084,0.182633
246,1.025000,0.316149,0.368541,0.240166,0.278825,0.302273,0.200878,0.252827,0.177178,0.180636,0.248148,0.056686,0.179670,0.218241,0.259086,0.182632
247,1.029167,0.316148,0.368540,0.240170,0.278825,0.302275,0.200883,0.252826,0.177179,0.180635,0.248151,0.056685,0.179662,0.218241,0.259085,0.182631
248,1.033333,0.316149,0.368538,0.240172,0.278828,0.302277,0.200885,0.252826,0.177179,0.180636,0.248149,0.056686,0.179663,0.218241,0.259083,0.182631
249,1.037500,0.316150,0.368537,0.240177,0.278824,0.302276,0.200887,0.252826,0.177179,0.180637,0.248151,0.056685,0.179664,0.218238,0.259083,0.182632
250,1.041667,0.316147,0.368537,0.240179,0.278830,0.302277,0.200885,0.252826,0.177179,0.180638,0.248149,0.056686,0.179666,0.218241,0.259084,0.182632
251,1.045833,0.316143,0.368536,0.240183,0.278827,0.302270,0.200882,0.252826,0.177179,0.180639,0.248149,0.056688,0.179664,0.218240,0.259082,0.182629
252,1.050000,0.316141,0.368539,0.240188,0.278827,0.302274,0.200886,0.252827,0.177180,0.180638,0.248151,0.056687,0.179663,0.218243,0.259081,0.182628
253,1.054167,0.316139,0.368540,0.240188,0.278830,0.302274,0.200885,0.252827,0.177179,0.180637,0.248150,0.056688,0.179664,0.218244,0.259085,0.182631
254,1.058333,0.316136,0.368545,0.240200,0.278827,0.302270,0.200889,0.252827,0.177181,0.180635,0.248151,0.056689,0.179661,0.218245,0.259083,0.182627
255,1.062500,0.316130,0.368546,0.240204,0.278826,0.302275,0.200897,0.252830,0.177182,0.180637,0.248152,0.056688,0.179661,0.218245,0.259084,0.182629
256,1.066667,0.316126,0.368549,0.240207,0.278826,0.302273,0.200893,0.252829,0.177181,0.180638,0.248150,0.056688,0.179665,0.218248,0.259086,0.182628
257,1.070833,0.316123,0.368551,0.240211,0.278829,0.302277,0.200896,0.252830,0.177180,0.180637,0.248152,0.056690,0.179663,0.218248,0.259087,0.182626
258,1.075000,0.316115,0.368554,0.240216,0.278830,0.302278,0.200899,0.252831,0.177181,0.180637,0.248150,0.056692,0.179665,0.218250,0.259087,0.182621
259,1.079167,0.316108,0.368555,0.240220,0.278830,0.302278,0.200899,0.252830,0.177181,0.180641,0.248150,0.056692,0.179663,0.218251,0.259087,0.182618
260,1.083333,0.316102,0.368558,0.240225,0.278828,0.302273,0.200903,0.252831,0.177181,0.180638,0.248150,0.056692,0.179662,0.218254,0.259086,0.182617
261,1.087500,0.316095,0.368562,0.240228,0.278827,0.302281,0.200903,0.252833,0.177181,0.180637,0.248152,0.056692,0.179660,0.218254,0.259087,0.182615
262,1.091667,0.316087,0.368567,0.240231,0.278830,0.302277,0.200906,0.252833,0.177180,0.180635,0.248151,0.056690,0.179658,0.218256,0.259086,0.182609
263,1.095833,0.316078,0.368571,0.240238,0.278827,0.302277,0.200905,0.252835,0.177180,0.180636,0.248153,0.056691,0.179660,0.218257,0.259086,0.182604
264,1.100000,0.316070,0.368572,0.240244,0.278824,0.302285,0.200908,0.252837,0.177180,0.180634,0.248152,0.056690,0.179660,0.218262,0.259085,0.182602
265,1.104167,0.316048,0.368584,0.240235,0.278827,0.302280,0.200908,0.252839,0.177179,0.180633,0.248154,0.056690,0.179655,0.218259,0.259085,0.182601
266,1.108333,0.316051,0.368583,0.240250,0.278823,0.302282,0.200902,0.252842,0.177177,0.180629,0.248157,0.056686,0.179655,0.218262,0.259083,0.182597
267,1.112500,0.316033,0.368592,0.240239,0.278825,0.302281,0.200909,0.252842,0.177179,0.180627,0.248158,0.056686,0.179651,0.218262,0.259083,0.182594
268,1.116667,0.316018,0.368602,0.240245,0.278825,0.302284,0.200910,0.252852,0.177176,0.180604,0.248158,0.056687,0.179649,0.218261,0.259092,0.182601
269,1.120833,0.316011,0.368604,0.240248,0.278823,0.302285,0.200906,0.252852,0.177177,0.180602,0.248160,0.056689,0.179647,0.218266,0.259081,0.182585
270,1.125000,0.316001,0.368614,0.240250,0.278821,0.302286,0.200904,0.252847,0.177177,0.180625,0.248160,0.056687,0.179650,0.218264,0.259088,0.182598
271,1.129167,0.315994,0.368617,0.240252,0.278825,0.302285,0.200908,0.252847,0.177176,0.180625,0.248159,0.056688,0.179649,0.218264,0.259089,0.182596
272,1.133333,0.315988,0.368620,0.240253,0.278823,0.302289,0.200912,0.252850,0.177177,0.180621,0.248161,0.056689,0.179647,0.218273,0.259092,0.182600
273,1.137500,0.315984,0.368625,0.240256,0.278822,0.302287,0.200908,0.252851,0.177177,0.180624,0.248161,0.056688,0.179648,0.218268,0.259087,0.182591
274,1.141667,0.315978,0.368628,0.240258,0.278811,0.302296,0.200895,0.252850,0.177176,0.180621,0.248163,0.056691,0.179648,0.218274,0.259092,0.182600
275,1.145833,0.315975,0.368631,0.240258,0.278818,0.302296,0.200907,0.252848,0.177178,0.180622,0.248163,0.056690,0.179650,0.218275,0.259092,0.182599
276,1.150000,0.315971,0.368634,0.240259,0.278814,0.302299,0.200900,0.252850,0.177179,0.180622,0.248161,0.056690,0.179652,0.218274,0.259091,0.182575
277,1.154167,0.315968,0.368638,0.240259,0.278817,0.302298,0.200906,0.252851,0.177179,0.180620,0.248164,0.056690,0.179651,0.218273,0.259091,0.182574
278,1.158333,0.315963,0.368640,0.240261,0.278818,0.302295,0.200905,0.252863,0.177177,0.180595,0.248164,0.056690,0.179646,0.218277,0.259096,0.182595
279,1.162500,0.315962,0.368644,0.240259,0.278809,0.302302,0.200897,0.252861,0.177178,0.180599,0.248163,0.056693,0.179648,0.218271,0.259091,0.182585
280,1.166667,0.315961,0.368642,0.240259,0.278818,0.302296,0.200905,0.252862,0.177176,0.180600,0.248160,0.056691,0.179654,0.218270,0.259091,0.182588
281,1.170833,0.315961,0.368645,0.240254,0.278808,0.302302,0.200895,0.252851,0.177180,0.180622,0.248160,0.056693,0.179649,0.218274,0.259097,0.182597
282,1.175000,0.315969,0.368646,0.240248,0.278809,0.302306,0.200896,0.252861,0.177179,0.180596,0.248161,0.056692,0.179650,0.218273,0.259096,0.182597
283,1.179167,0.315965,0.368645,0.240248,0.278809,0.302303,0.200892,0.252850,0.177181,0.180621,0.248160,0.056691,0.179651,0.218274,0.259096,0.182598
284,1.183333,0.315966,0.368644,0.240246,0.278815,0.302295,0.200899,0.252851,0.177180,0.180620,0.248163,0.056692,0.179651,0.218276,0.259098,0.182584
285,1.187500,0.315967,0.368643,0.240246,0.278808,0.302303,0.200890,0.252861,0.177178,0.180597,0.248163,0.056691,0.179651,0.218270,0.259093,0.182575
286,1.191667,0.315972,0.368643,0.240238,0.278808,0.302301,0.200891,0.252859,0.177178,0.180596,0.248163,0.056691,0.179649,0.218265,0.259092,0.182591
287,1.195833,0.315978,0.368642,0.240232,0.278814,0.302295,0.200895,0.252849,0.177180,0.180620,0.248163,0.056691,0.179652,0.218265,0.259091,0.182591
288,1.200000,0.315983,0.368639,0.240229,0.278817,0.302294,0.200893,0.252858,0.177178,0.180597,0.248160,0.056691,0.179651,0.218269,0.259096,0.182603
289,1.204167,0.315988,0.368634,0.240224,0.278819,0.302290,0.200897,0.252848,0.177179,0.180623,0.248160,0.056689,0.179650,0.218268,0.259095,0.182608
290,1.208333,0.315993,0.368631,0.240222,0.278811,0.302303,0.200888,0.252855,0.177177,0.180599,0.248161,0.056691,0.179652,0.218269,0.259094,0.182608
291,1.212500,0.315997,0.368629,0.240219,0.278810,0.302301,0.200881,0.252846,0.177179,0.180622,0.248161,0.056690,0.179654,0.218261,0.259091,0.182601
292,1.216667,0.316006,0.368625,0.240216,0.278818,0.302292,0.200890,0.252845,0.177179,0.180622,0.248159,0.056688,0.179653,0.218266,0.259095,0.182610
293,1.220833,0.316016,0.368616,0.240211,0.278819,0.302296,0.200891,0.252844,0.177179,0.180623,0.248159,0.056691,0.179653,0.218260,0.259090,0.182604
294,1.225000,0.316029,0.368606,0.240207,0.278820,0.302296,0.200887,0.252845,0.177178,0.180625,0.248158,0.056688,0.179655,0.218262,0.259081,0.182596
295,1.229167,0.316037,0.368605,0.240201,0.278820,0.302295,0.200886,0.252840,0.177180,0.180624,0.248156,0.056691,0.179656,0.218259,0.259081,0.182601
296,1.233333,0.316044,0.368600,0.240198,0.278820,0.302294,0.200889,0.252841,0.177180,0.180624,0.248158,0.056689,0.179656,0.218262,0.259086,0.182610
297,1.237500,0.316051,0.368598,0.240194,0.278820,0.302290,0.200885,0.252839,0.177180,0.180626,0.248156,0.056689,0.179656,0.218257,0.259083,0.182603
298,1.241667,0.316058,0.368592,0.240191,0.278821,0.302288,0.200882,0.252838,0.177180,0.180627,0.248155,0.056691,0.179659,0.218256,0.259084,0.182608
299,1.245833,0.316064,0.368589,0.240186,0.278821,0.302289,0.200881,0.252836,0.177182,0.180629,0.248155,0.056688,0.179658,0.218252,0.259084,0.182611
300,1.250000,0.316086,0.368580,0.240194,0.278819,0.302284,0.200879,0.252835,0.177181,0.180629,0.248153,0.056690,0.179661,0.218250,0.259086,0.182614
301,1.254167,0.316080,0.368585,0.240178,0.278822,0.302291,0.200883,0.252832,0.177180,0.180628,0.248153,0.056692,0.179661,0.218248,0.259084,0.182616
302,1.258333,0.316086,0.368579,0.240173,0.278818,0.302286,0.200882,0.252831,0.177180,0.180631,0.248153,0.056688,0.179661,0.218246,0.259083,0.182617
303,1.262500,0.316092,0.368577,0.240173,0.278824,0.302284,0.200877,0.252829,0.177181,0.180632,0.248151,0.056689,0.179662,0.218246,0.259085,0.182620
304,1.266667,0.316111,0.368565,0.240176,0.278818,0.302284,0.200880,0.252823,0.177187,0.180627,0.248150,0.056690,0.179664,0.218242,0.259085,0.182620
305,1.270833,0.316102,0.368568,0.240163,0.278818,0.302280,0.200873,0.252828,0.177181,0.180630,0.248152,0.056688,0.179660,0.218243,0.259085,0.182624
306,1.275000,0.316118,0.368559,0.240171,0.278822,0.302280,0.200871,0.252826,0.177181,0.180632,0.248149,0.056690,0.179661,0.218241,0.259085,0.182626
307,1.279167,0.316111,0.368563,0.240158,0.278818,0.302283,0.200880,0.252826,0.177183,0.180633,0.248150,0.056690,0.179661,0.218238,0.259085,0.182629
308,1.283333,0.316127,0.368557,0.240169,0.278818,0.302281,0.200878,0.252824,0.177181,0.180632,0.248150,0.056688,0.179664,0.218238,0.259085,0.182631
309,1.287500,0.316133,0.368554,0.240168,0.278817,0.302281,0.200879,0.252824,0.177184,0.180633,0.248151,0.056688,0.179661,0.218238,0.259084,0.182630
310,1.291667,0.316135,0.368552,0.240168,0.278818,0.302278,0.200876,0.252825,0.177183,0.180633,0.248150,0.056690,0.179660,0.218237,0.259085,0.182633
311,1.295833,0.316122,0.368557,0.240156,0.278820,0.302280,0.200876,0.252817,0.177187,0.180627,0.248148,0.056689,0.179665,0.218235,0.259085,0.182632
312,1.300000,0.316135,0.368549,0.240166,0.278821,0.302280,0.200876,0.252824,0.177183,0.180635,0.248149,0.056688,0.179664,0.218237,0.259086,0.182633
313,1.304167,0.316140,0.368547,0.240167,0.278818,0.302278,0.200878,0.252822,0.177183,0.180637,0.248152,0.056689,0.179662,0.218236,0.259087,0.182635
314,1.308333,0.316139,0.368545,0.240168,0.278817,0.302278,0.200878,0.252823,0.177184,0.180639,0.248151,0.056688,0.179665,0.218236,0.259086,0.182632
315,1.312500,0.316138,0.368548,0.240169,0.278820,0.302280,0.200877,0.252825,0.177183,0.180637,0.248152,0.056691,0.179665,0.218235,0.259086,0.182635
316,1.316667,0.316135,0.368547,0.240171,0.278820,0.302281,0.200877,0.252824,0.177183,0.180636,0.248153,0.056689,0.179660,0.218236,0.259085,0.182631
317,1.320833,0.316135,0.368549,0.240171,0.278818,0.302278,0.200879,0.252826,0.177182,0.180637,0.248152,0.056688,0.179661,0.218237,0.259085,0.182633
318,1.325000,0.316131,0.368548,0.240177,0.278815,0.302277,0.200881,0.252827,0.177181,0.180633,0.248153,0.056687,0.179663,0.218244,0.259088,0.182639
319,1.329167,0.316126,0.368551,0.240180,0.278814,0.302277,0.200882,0.252828,0.177182,0.180635,0.248153,0.056688,0.179659,0.218239,0.259084,0.182629
320,1.333333,0.316121,0.368551,0.240182,0.278817,0.302281,0.200882,0.252828,0.177182,0.180634,0.248154,0.056687,0.179661,0.218239,0.259082,0.182625
321,1.337500,0.316116,0.368556,0.240192,0.278815,0.302276,0.200884,0.252831,0.177179,0.180636,0.248155,0.056689,0.179659,0.218240,0.259082,0.182625
322,1.341667,0.316109,0.368554,0.240189,0.278815,0.302278,0.200884,0.252830,0.177179,0.180634,0.248155,0.056687,0.179660,0.218243,0.259080,0.182624
323,1.345833,0.316092,0.368565,0.240188,0.278819,0.302282,0.200887,0.252830,0.177181,0.180633,0.248153,0.056690,0.179660,0.218243,0.259082,0.182623
324,1.350000,0.316098,0.368562,0.240206,0.278814,0.302284,0.200893,0.252834,0.177181,0.180634,0.248158,0.056688,0.179656,0.218245,0.259080,0.182618
325,1.354167,0.316079,0.368573,0.240199,0.278819,0.302282,0.200889,0.252834,0.177181,0.180631,0.248157,0.056689,0.179656,0.218247,0.259082,0.182616
326,1.358333,0.316070,0.368576,0.240205,0.278814,0.302281,0.200891,0.252833,0.177182,0.180634,0.248156,0.056688,0.179659,0.218248,0.259083,0.182615
327,1.362500,0.316062,0.368579,0.240211,0.278816,0.302284,0.200893,0.252834,0.177180,0.180633,0.248154,0.056690,0.179656,0.218249,0.259083,0.182613
328,1.366667,0.316053,0.368584,0.240214,0.278814,0.302283,0.200897,0.252838,0.177179,0.180632,0.248157,0.056690,0.179660,0.218256,0.259087,0.182619
329,1.370833,0.316060,0.368581,0.240232,0.278813,0.302283,0.200900,0.252839,0.177181,0.180632,0.248156,0.056690,0.179659,0.218253,0.259084,0.182608
330,1.375000,0.316041,0.368592,0.240226,0.278822,0.302283,0.200903,0.252839,0.177182,0.180632,0.248157,0.056693,0.179655,0.218253,0.259083,0.182605
331,1.379167,0.316032,0.368596,0.240232,0.278821,0.302284,0.200906,0.252842,0.177180,0.180630,0.248157,0.056694,0.179658,0.218255,0.259092,0.182616
332,1.383333,0.316025,0.368600,0.240237,0.278817,0.302287,0.200902,0.252842,0.177180,0.180630,0.248158,0.056692,0.179656,0.218259,0.259085,0.182602
333,1.387500,0.316017,0.368611,0.240244,0.278823,0.302285,0.200907,0.252843,0.177183,0.180631,0.248159,0.056693,0.179656,0.218258,0.259092,0.182609
334,1.391667,0.316008,0.368612,0.240247,0.278823,0.302286,0.200909,0.252853,0.177179,0.180608,0.248158,0.056692,0.179655,0.218265,0.259082,0.182593
335,1.395833,0.315999,0.368619,0.240249,0.278823,0.302286,0.200911,0.252854,0.177178,0.180604,0.248158,0.056691,0.179655,0.218266,0.259084,0.182594
336,1.400000,0.315994,0.368621,0.240253,0.278821,0.302291,0.200909,0.252856,0.177179,0.180605,0.248158,0.056692,0.179654,0.218270,0.259096,0.182612
337,1.404167,0.315991,0.368625,0.240258,0.278826,0.302289,0.200914,0.252850,0.177179,0.180626,0.248160,0.056691,0.179651,0.218268,0.259092,0.182602
338,1.408333,0.315984,0.368620,0.240271,0.278825,0.302291,0.200918,0.252861,0.177176,0.180603,0.248162,0.056691,0.179648,0.218269,0.259090,0.182598
339,1.412500,0.315981,0.368624,0.240265,0.278827,0.302288,0.200914,0.252861,0.177177,0.180602,0.248160,0.056690,0.179648,0.218270,0.259090,0.182592
340,1.416667,0.315978,0.368626,0.240270,0.278826,0.302288,0.200913,0.252852,0.177178,0.180626,0.248159,0.056690,0.179654,0.218275,0.259090,0.182592
341,1.420833,0.315972,0.368628,0.240278,0.278827,0.302292,0.200918,0.252853,0.177176,0.180624,0.248160,0.056691,0.179649,0.218279,0.259093,0.182599
342,1.425000,0.315972,0.368629,0.240271,0.278828,0.302288,0.200912,0.252853,0.177177,0.180623,0.248161,0.056688,0.179649,0.218281,0.259092,0.182597
343,1.429167,0.315967,0.368633,0.240277,0.278830,0.302286,0.200914,0.252854,0.177177,0.180620,0.248160,0.056691,0.179651,0.218288,0.259095,0.182581
344,1.433333,0.315968,0.368631,0.240278,0.278829,0.302289,0.200920,0.252854,0.177176,0.180619,0.248160,0.056688,0.179649,0.218284,0.259095,0.182593
345,1.437500,0.315967,0.368627,0.240283,0.278821,0.302301,0.200912,0.252864,0.177173,0.180599,0.248162,0.056686,0.179648,0.218289,0.259094,0.182578
346,1.441667,0.315967,0.368628,0.240276,0.278833,0.302290,0.200917,0.252854,0.177174,0.180622,0.248158,0.056691,0.179648,0.218285,0.259093,0.182591
347,1.445833,0.315969,0.368629,0.240287,0.278833,0.302290,0.200915,0.252853,0.177178,0.180622,0.248160,0.056687,0.179648,0.218285,0.259080,0.182568
348,1.450000,0.315972,0.368630,0.240274,0.278834,0.302291,0.200917,0.252861,0.177174,0.180597,0.248158,0.056690,0.179649,0.218283,0.259092,0.182569
349,1.454167,0.315977,0.368628,0.240270,0.278832,0.302289,0.200916,0.252863,0.177176,0.180595,0.248157,0.056692,0.179652,0.218285,0.259096,0.182591
350,1.458333,0.315979,0.368626,0.240268,0.278834,0.302289,0.200916,0.252850,0.177178,0.180622,0.248156,0.056689,0.179651,0.218288,0.259098,0.182579
351,1.462500,0.315984,0.368625,0.240265,0.278835,0.302290,0.200912,0.252860,0.177175,0.180598,0.248156,0.056691,0.179653,0.218288,0.259099,0.182579
352,1.466667,0.315990,0.368623,0.240262,0.278837,0.302288,0.200912,0.252850,0.177178,0.180622,0.248153,0.056692,0.179655,0.218274,0.259095,0.182588
353,1.470833,0.315996,0.368620,0.240259,0.278836,0.302288,0.200910,0.252849,0.177177,0.180624,0.248154,0.056692,0.179658,0.218275,0.259096,0.182591
354,1.475000,0.316001,0.368618,0.240255,0.278835,0.302288,0.200908,0.252857,0.177174,0.180600,0.248153,0.056693,0.179658,0.218283,0.259100,0.182585
355,1.479167,0.316008,0.368615,0.240247,0.278838,0.302287,0.200907,0.252845,0.177179,0.180625,0.248154,0.056693,0.179657,0.218276,0.259099,0.182604
356,1.483333,0.316015,0.368612,0.240243,0.278837,0.302288,0.200904,0.252843,0.177180,0.180626,0.248153,0.056691,0.179660,0.218270,0.259096,0.182598
357,1.487500,0.316029,0.368600,0.240241,0.278838,0.302287,0.200901,0.252853,0.177177,0.180600,0.248154,0.056690,0.179660,0.218274,0.259101,0.182608
358,1.491667,0.316037,0.368595,0.240233,0.278835,0.302290,0.200894,0.252843,0.177179,0.180624,0.248153,0.056691,0.179661,0.218273,0.259099,0.182607
359,1.495833,0.316057,0.368585,0.240237,0.278836,0.302286,0.200895,0.252842,0.177180,0.180625,0.248153,0.056689,0.179659,0.218272,0.259092,0.182602
360,1.500000,0.316054,0.368588,0.240218,0.278836,0.302281,0.200890,0.252842,0.177178,0.180625,0.248153,0.056687,0.179662,0.218264,0.259084,0.182593
361,1.504167,0.316059,0.368584,0.240210,0.278833,0.302285,0.200882,0.252840,0.177178,0.180627,0.248153,0.056688,0.179661,0.218260,0.259084,0.182596
362,1.508333,0.316080,0.368574,0.240211,0.278833,0.302286,0.200886,0.252839,0.177180,0.180625,0.248153,0.056687,0.179659,0.218265,0.259091,0.182609
363,1.512500,0.316077,0.368581,0.240196,0.278832,0.302283,0.200878,0.252837,0.177178,0.180626,0.248154,0.056685,0.179658,0.218262,0.259088,0.182612
364,1.516667,0.316083,0.368576,0.240186,0.278830,0.302286,0.200880,0.252837,0.177178,0.180628,0.248153,0.056689,0.179657,0.218254,0.259082,0.182605
365,1.520833,0.316102,0.368566,0.240190,0.278829,0.302287,0.200878,0.252835,0.177178,0.180628,0.248150,0.056689,0.179666,0.218253,0.259084,0.182609
366,1.525000,0.316111,0.368568,0.240183,0.278829,0.302282,0.200872,0.252844,0.177177,0.180606,0.248150,0.056687,0.179664,0.218248,0.259082,0.182613
367,1.529167,0.316117,0.368563,0.240169,0.278826,0.302287,0.200873,0.252833,0.177178,0.180629,0.248150,0.056687,0.179666,0.218247,0.259083,0.182615
368,1.533333,0.316122,0.368561,0.240161,0.278827,0.302287,0.200872,0.252833,0.177178,0.180630,0.248152,0.056685,0.179663,0.218246,0.259082,0.182619
369,1.537500,0.316116,0.368566,0.240143,0.278826,0.302282,0.200865,0.252828,0.177180,0.180634,0.248151,0.056687,0.179668,0.218241,0.259085,0.182623
370,1.541667,0.316123,0.368566,0.240135,0.278825,0.302287,0.200868,0.252830,0.177180,0.180629,0.248152,0.056686,0.179664,0.218242,0.259085,0.182627
371,1.545833,0.316127,0.368566,0.240133,0.278825,0.302283,0.200863,0.252829,0.177181,0.180634,0.248153,0.056687,0.179666,0.218237,0.259084,0.182629
372,1.550000,0.316128,0.368563,0.240127,0.278822,0.302282,0.200863,0.252827,0.177180,0.180636,0.248153,0.056688,0.179673,0.218236,0.259084,0.182634
373,1.554167,0.316145,0.368556,0.240134,0.278821,0.302289,0.200866,0.252827,0.177183,0.180634,0.248151,0.056690,0.179668,0.218234,0.259085,0.182634
374,1.558333,0.316135,0.368564,0.240120,0.278821,0.302284,0.200862,0.252824,0.177183,0.180635,0.248153,0.056689,0.179667,0.218234,0.259085,0.182637
375,1.562500,0.316135,0.368563,0.240117,0.278818,0.302287,0.200866,0.252826,0.177183,0.180637,0.248154,0.056689,0.179668,0.218230,0.259086,0.182639
376,1.566667,0.316136,0.368562,0.240118,0.278819,0.302285,0.200860,0.252818,0.177189,0.180631,0.248152,0.056687,0.179669,0.218229,0.259086,0.182642
377,1.570833,0.316135,0.368564,0.240115,0.278817,0.302291,0.200855,0.252819,0.177187,0.180630,0.248153,0.056690,0.179667,0.218230,0.259085,0.182639
378,1.575000,0.316134,0.368563,0.240116,0.278817,0.302285,0.200860,0.252816,0.177189,0.180632,0.248150,0.056687,0.179666,0.218229,0.259083,0.182643
379,1.579167,0.316131,0.368564,0.240119,0.278817,0.302287,0.200861,0.252825,0.177184,0.180638,0.248153,0.056688,0.179666,0.218228,0.259084,0.182642
380,1.583333,0.316145,0.368557,0.240132,0.278815,0.302286,0.200861,0.252819,0.177189,0.180632,0.248155,0.056688,0.179664,0.218228,0.259085,0.182644
381,1.587500,0.316139,0.368559,0.240136,0.278816,0.302285,0.200865,0.252826,0.177182,0.180637,0.248155,0.056690,0.179666,0.218229,0.259083,0.182641
382,1.591667,0.316123,0.368567,0.240127,0.278814,0.302287,0.200865,0.252829,0.177181,0.180637,0.248156,0.056685,0.179660,0.218230,0.259083,0.182641
383,1.595833,0.316117,0.368569,0.240131,0.278814,0.302289,0.200871,0.252827,0.177184,0.180636,0.248154,0.056689,0.179663,0.218230,0.259083,0.182638
384,1.600000,0.316111,0.368570,0.240134,0.278812,0.302291,0.200873,0.252827,0.177182,0.180638,0.248155,0.056688,0.179661,0.218229,0.259082,0.182636
385,1.604167,0.316106,0.368571,0.240141,0.278808,0.302283,0.200870,0.252830,0.177182,0.180637,0.248155,0.056688,0.179660,0.218232,0.259083,0.182635
386,1.608333,0.316101,0.368573,0.240148,0.278809,0.302283,0.200874,0.252830,0.177181,0.180635,0.248158,0.056686,0.179660,0.218233,0.259081,0.182629
387,1.612500,0.316093,0.368577,0.240153,0.278812,0.302287,0.200879,0.252832,0.177182,0.180633,0.248159,0.056689,0.179661,0.218238,0.259082,0.182628
388,1.616667,0.316086,0.368581,0.240167,0.278813,0.302287,0.200882,0.252833,0.177181,0.180635,0.248160,0.056688,0.179658,0.218238,0.259081,0.182623
389,1.620833,0.316079,0.368582,0.240176,0.278810,0.302288,0.200888,0.252835,0.177182,0.180635,0.248158,0.056690,0.179656,0.218242,0.259082,0.182620
390,1.625000,0.316070,0.368585,0.240184,0.278809,0.302286,0.200888,0.252835,0.177183,0.180634,0.248159,0.056691,0.179659,0.218244,0.259083,0.182616
391,1.629167,0.316062,0.368587,0.240193,0.278812,0.302288,0.200889,0.252837,0.177181,0.180633,0.248160,0.056691,0.179655,0.218247,0.259084,0.182612
392,1.633333,0.316054,0.368589,0.240202,0.278814,0.302287,0.200893,0.252838,0.177182,0.180632,0.248160,0.056692,0.179656,0.218249,0.259084,0.182608
393,1.637500,0.316044,0.368589,0.240211,0.278815,0.302288,0.200896,0.252838,0.177182,0.180630,0.248158,0.056691,0.179655,0.218252,0.259083,0.182602
394,1.641667,0.316035,0.368590,0.240225,0.278809,0.302295,0.200892,0.252840,0.177182,0.180628,0.248158,0.056691,0.179654,0.218254,0.259083,0.182598
395,1.645833,0.316026,0.368594,0.240235,0.278815,0.302288,0.200901,0.252841,0.177181,0.180629,0.248160,0.056690,0.179647,0.218258,0.259085,0.182596
396,1.650000,0.316015,0.368602,0.240245,0.278820,0.302285,0.200908,0.252843,0.177181,0.180626,0.248159,0.056692,0.179652,0.218257,0.259091,0.182603
397,1.654167,0.316002,0.368607,0.240252,0.278820,0.302286,0.200906,0.252842,0.177180,0.180627,0.248158,0.056694,0.179650,0.218261,0.259084,0.182587
398,1.658333,0.315993,0.368608,0.240262,0.278820,0.302289,0.200907,0.252846,0.177180,0.180624,0.248157,0.056693,0.179649,0.218269,0.259087,0.182591
399,1.662500,0.315986,0.368609,0.240278,0.278821,0.302286,0.200913,0.252854,0.177178,0.180602,0.248159,0.056689,0.179647,0.218269,0.259099,0.182603
400,1.666667,0.315978,0.368610,0.240288,0.278824,0.302287,0.200914,0.252845,0.177180,0.180622,0.248158,0.056693,0.179649,0.218275,0.259098,0.182582
401,1.670833,0.315970,0.368613,0.240297,0.278821,0.302287,0.200921,0.252849,0.177180,0.180623,0.248160,0.056693,0.179646,0.218268,0.259094,0.182584
402,1.675000,0.315967,0.368614,0.240304,0.278822,0.302282,0.200918,0.252859,0.177177,0.180597,0.248157,0.056692,0.179647,0.218279,0.259100,0.182578
403,1.679167,0.315960,0.368615,0.240310,0.278826,0.302290,0.200923,0.252860,0.177179,0.180598,0.248158,0.056693,0.179648,0.218283,0.259099,0.182574
404,1.683333,0.315954,0.368618,0.240313,0.278826,0.302289,0.200924,0.252849,0.177179,0.180620,0.248158,0.056692,0.179647,0.218284,0.259100,0.182573
405,1.687500,0.315954,0.368620,0.240316,0.278818,0.302295,0.200912,0.252850,0.177179,0.180620,0.248159,0.056691,0.179648,0.218279,0.259094,0.182560
406,1.691667,0.315949,0.368622,0.240319,0.278827,0.302285,0.200923,0.252851,0.177178,0.180619,0.248156,0.056692,0.179648,0.218281,0.259095,0.182559
407,1.695833,0.315947,0.368624,0.240327,0.278828,0.302290,0.200925,0.252862,0.177176,0.180595,0.248157,0.056694,0.179646,0.218288,0.259085,0.182540
408,1.700000,0.315945,0.368624,0.240326,0.278825,0.302281,0.200923,0.252850,0.177181,0.180619,0.248157,0.056694,0.179649,0.218287,0.259100,0.182565
409,1.704167,0.315945,0.368627,0.240324,0.278828,0.302285,0.200920,0.252862,0.177178,0.180596,0.248155,0.056693,0.179649,0.218281,0.259096,0.182557
410,1.708333,0.315950,0.368625,0.240315,0.278828,0.302289,0.200921,0.252859,0.177177,0.180592,0.248158,0.056693,0.179648,0.218287,0.259101,0.182566
411,1.712500,0.315949,0.368626,0.240318,0.278827,0.302286,0.200918,0.252850,0.177179,0.180617,0.248155,0.056695,0.179651,0.218282,0.259096,0.182559
412,1.716667,0.315951,0.368627,0.240307,0.278828,0.302286,0.200918,0.252859,0.177177,0.180594,0.248156,0.056693,0.179649,0.218289,0.259102,0.182569
413,1.720833,0.315955,0.368625,0.240302,0.278826,0.302282,0.200917,0.252860,0.177177,0.180594,0.248157,0.056691,0.179649,0.218285,0.259101,0.182567
414,1.725000,0.315962,0.368625,0.240295,0.278828,0.302286,0.200914,0.252858,0.177176,0.180597,0.248156,0.056690,0.179650,0.218278,0.259097,0.182562
415,1.729167,0.315965,0.368623,0.240287,0.278828,0.302286,0.200911,0.252857,0.177176,0.180597,0.248157,0.056690,0.179649,0.218278,0.259100,0.182587
416,1.733333,0.315970,0.368622,0.240281,0.278827,0.302290,0.200910,0.252856,0.177179,0.180597,0.248154,0.056690,0.179653,0.218280,0.259101,0.182574
417,1.737500,0.315977,0.368621,0.240272,0.278827,0.302287,0.200905,0.252845,0.177179,0.180621,0.248155,0.056691,0.179653,0.218274,0.259100,0.182594
418,1.741667,0.315980,0.368622,0.240261,0.278824,0.302290,0.200900,0.252845,0.177178,0.180620,0.248156,0.056691,0.179653,0.218275,0.259099,0.182582
419,1.745833,0.315990,0.368620,0.240246,0.278827,0.302286,0.200902,0.252846,0.177178,0.180621,0.248155,0.056691,0.179655,0.218273,0.259100,0.182587
420,1.750000,0.315999,0.368616,0.240240,0.278822,0.302294,0.200898,0.252844,0.177179,0.180618,0.248156,0.056688,0.179653,0.218265,0.259085,0.182582
421,1.754167,0.316005,0.368616,0.240229,0.278821,0.302294,0.200896,0.252842,0.177180,0.180622,0.248154,0.056691,0.179653,0.218260,0.259094,0.182599
422,1.758333,0.316013,0.368613,0.240218,0.278821,0.302291,0.200889,0.252841,0.177180,0.180622,0.248155,0.056690,0.179656,0.218264,0.259090,0.182600
423,1.762500,0.316022,0.368609,0.240208,0.278819,0.302292,0.200890,0.252841,0.177181,0.180625,0.248154,0.056687,0.179660,0.218255,0.259083,0.182596
424,1.766667,0.316039,0.368599,0.240201,0.278819,0.302295,0.200885,0.252838,0.177181,0.180627,0.248154,0.056689,0.179662,0.218252,0.259083,0.182599
425,1.770833,0.316048,0.368597,0.240190,0.278819,0.302291,0.200877,0.252836,0.177182,0.180629,0.248155,0.056692,0.179657,0.218251,0.259085,0.182608
426,1.775000,0.316056,0.368595,0.240182,0.278815,0.302291,0.200876,0.252835,0.177183,0.180628,0.248156,0.056691,0.179662,0.218252,0.259090,0.182620
427,1.779167,0.316066,0.368592,0.240173,0.278816,0.302290,0.200873,0.252833,0.177184,0.180630,0.248155,0.056691,0.179666,0.218245,0.259084,0.182615
428,1.783333,0.316073,0.368591,0.240163,0.278814,0.302290,0.200871,0.252831,0.177184,0.180630,0.248157,0.056690,0.179664,0.218241,0.259085,0.182619
429,1.787500,0.316080,0.368589,0.240149,0.278813,0.302291,0.200868,0.252830,0.177183,0.180633,0.248156,0.056690,0.179669,0.218239,0.259085,0.182626
430,1.791667,0.316088,0.368584,0.240139,0.278812,0.302291,0.200867,0.252831,0.177182,0.180634,0.248154,0.056690,0.179667,0.218236,0.259084,0.182629
431,1.795833,0.316094,0.368583,0.240131,0.278812,0.302291,0.200863,0.252820,0.177190,0.180630,0.248153,0.056691,0.179668,0.218233,0.259084,0.182632
432,1.800000,0.316101,0.368579,0.240123,0.278811,0.302292,0.200865,0.252821,0.177189,0.180632,0.248153,0.056690,0.179669,0.218232,0.259086,0.182636
433,1.804167,0.316108,0.368579,0.240120,0.278809,0.302295,0.200856,0.252820,0.177188,0.180631,0.248154,0.056691,0.179665,0.218229,0.259084,0.182636
434,1.808333,0.316113,0.368576,0.240114,0.278810,0.302294,0.200854,0.252824,0.177186,0.180636,0.248155,0.056686,0.179667,0.218226,0.259085,0.182641
435,1.812500,0.316117,0.368575,0.240110,0.278809,0.302290,0.200860,0.252824,0.177184,0.180638,0.248155,0.056690,0.179662,0.218225,0.259084,0.182642
436,1.816667,0.316121,0.368570,0.240108,0.278808,0.302289,0.200862,0.252818,0.177189,0.180633,0.248157,0.056687,0.179669,0.218225,0.259084,0.182643
437,1.820833,0.316124,0.368568,0.240105,0.278808,0.302295,0.200859,0.252824,0.177184,0.180637,0.248154,0.056689,0.179664,0.218222,0.259081,0.182644
438,1.825000,0.316126,0.368566,0.240105,0.278809,0.302287,0.200857,0.252817,0.177190,0.180631,0.248153,0.056689,0.179670,0.218221,0.259085,0.182647
439,1.829167,0.316129,0.368566,0.240106,0.278805,0.302291,0.200864,0.252817,0.177191,0.180631,0.248156,0.056686,0.179663,0.218220,0.259083,0.182647
440,1.833333,0.316127,0.368566,0.240109,0.278807,0.302287,0.200858,0.252816,0.177190,0.180631,0.248154,0.056687,0.179666,0.218220,0.259069,0.182649
441,1.837500,0.316127,0.368563,0.240110,0.278808,0.302291,0.200866,0.252823,0.177184,0.180636,0.248155,0.056687,0.179667,0.218221,0.259083,0.182646
442,1.841667,0.316127,0.368561,0.240115,0.278807,0.302287,0.200861,0.252824,0.177183,0.180638,0.248154,0.056686,0.179664,0.218222,0.259082,0.182644
443,1.845833,0.316124,0.368561,0.240118,0.278808,0.302286,0.200864,0.252825,0.177182,0.180636,0.248155,0.056686,0.179665,0.218222,0.259083,0.182644
444,1.850000,0.316122,0.368563,0.240125,0.278809,0.302286,0.200865,0.252825,0.177184,0.180638,0.248155,0.056687,0.179665,0.218224,0.259083,0.182642
445,1.854167,0.316121,0.368562,0.240130,0.278810,0.302284,0.200867,0.252825,0.177184,0.180639,0.248156,0.056689,0.179666,0.218227,0.259082,0.182641
446,1.858333,0.316117,0.368561,0.240139,0.278811,0.302285,0.200871,0.252820,0.177189,0.180630,0.248156,0.056687,0.179662,0.218227,0.259083,0.182636
447,1.862500,0.316124,0.368556,0.240158,0.278811,0.302284,0.200873,0.252827,0.177184,0.180635,0.248158,0.056688,0.179659,0.218231,0.259084,0.182636
448,1.866667,0.316108,0.368563,0.240157,0.278807,0.302286,0.200879,0.252828,0.177183,0.180636,0.248154,0.056691,0.179662,0.218233,0.259083,0.182632
449,1.870833,0.316098,0.368562,0.240164,0.278810,0.302280,0.200877,0.252830,0.177184,0.180634,0.248157,0.056690,0.179659,0.218235,0.259082,0.182625
450,1.875000,0.316105,0.368560,0.240190,0.278814,0.302283,0.200881,0.252831,0.177182,0.180635,0.248158,0.056688,0.179661,0.218238,0.259083,0.182623
451,1.879167,0.316086,0.368570,0.240191,0.278815,0.302283,0.200884,0.252832,0.177183,0.180634,0.248157,0.056690,0.179658,0.218239,0.259085,0.182619
452,1.883333,0.316079,0.368569,0.240198,0.278812,0.302279,0.200887,0.252833,0.177181,0.180633,0.248155,0.056689,0.179658,0.218242,0.259084,0.182617
453,1.887500,0.316070,0.368572,0.240207,0.278816,0.302283,0.200889,0.252832,0.177183,0.180631,0.248156,0.056689,0.179654,0.218245,0.259085,0.182612
454,1.891667,0.316075,0.368567,0.240229,0.278817,0.302282,0.200894,0.252834,0.177183,0.180630,0.248156,0.056688,0.179657,0.218248,0.259084,0.182606
455,1.895833,0.316067,0.368567,0.240239,0.278819,0.302282,0.200894,0.252836,0.177183,0.180630,0.248156,0.056690,0.179655,0.218251,0.259085,0.182601
456,1.900000,0.316057,0.368571,0.240250,0.278821,0.302281,0.200895,0.252837,0.177183,0.180628,0.248158,0.056692,0.179651,0.218255,0.259085,0.182597
457,1.904167,0.316036,0.368579,0.240248,0.278819,0.302283,0.200899,0.252839,0.177181,0.180629,0.248158,0.056691,0.179652,0.218258,0.259085,0.182595
458,1.908333,0.316041,0.368577,0.240267,0.278822,0.302283,0.200903,0.252840,0.177182,0.180628,0.248157,0.056691,0.179651,0.218257,0.259094,0.182602
459,1.912500,0.316037,0.368579,0.240277,0.278826,0.302281,0.200908,0.252842,0.177179,0.180627,0.248157,0.056691,0.179652,0.218264,0.259098,0.182606
460,1.916667,0.316007,0.368594,0.240277,0.278824,0.302283,0.200907,0.252843,0.177183,0.180621,0.248157,0.056693,0.179649,0.218266,0.259101,0.182604
461,1.920833,0.315999,0.368599,0.240286,0.278823,0.302287,0.200912,0.252854,0.177180,0.180601,0.248157,0.056693,0.179654,0.218263,0.259095,0.182589
462,1.925000,0.315992,0.368598,0.240291,0.278823,0.302286,0.200914,0.252846,0.177179,0.180623,0.248157,0.056693,0.179651,0.218266,0.259095,0.182588
463,1.929167,0.315986,0.368603,0.240297,0.278829,0.302286,0.200918,0.252847,0.177180,0.180624,0.248157,0.056691,0.179650,0.218277,0.259102,0.182579
464,1.933333,0.315981,0.368604,0.240299,0.278829,0.302283,0.200913,0.252858,0.177178,0.180596,0.248155,0.056691,0.179650,0.218270,0.259095,0.182584
465,1.937500,0.315973,0.368608,0.240304,0.278831,0.302286,0.200918,0.252858,0.177176,0.180598,0.248158,0.056692,0.179648,0.218272,0.259094,0.182579
466,1.941667,0.315970,0.368609,0.240307,0.278824,0.302282,0.200913,0.252859,0.177176,0.180595,0.248157,0.056692,0.179648,0.218278,0.259100,0.182588
467,1.945833,0.315965,0.368612,0.240310,0.278826,0.302289,0.200916,0.252861,0.177177,0.180593,0.248157,0.056692,0.179646,0.218280,0.259096,0.182562
468,1.950000,0.315961,0.368615,0.240310,0.278832,0.302286,0.200920,0.252861,0.177177,0.180593,0.248156,0.056691,0.179646,0.218288,0.259101,0.182571
469,1.954167,0.315960,0.368617,0.240310,0.278832,0.302290,0.200917,0.252852,0.177179,0.180618,0.248157,0.056693,0.179652,0.218288,0.259100,0.182568
470,1.958333,0.315959,0.368620,0.240308,0.278830,0.302285,0.200912,0.252862,0.177177,0.180597,0.248158,0.056690,0.179651,0.218280,0.259095,0.182560
471,1.962500,0.315958,0.368621,0.240305,0.278830,0.302289,0.200916,0.252864,0.177175,0.180595,0.248162,0.056691,0.179646,0.218289,0.259099,0.182570
472,1.966667,0.315960,0.368622,0.240301,0.278828,0.302291,0.200911,0.252864,0.177173,0.180595,0.248157,0.056691,0.179651,0.218287,0.259100,0.182571
473,1.970833,0.315959,0.368623,0.240298,0.278831,0.302291,0.200912,0.252862,0.177177,0.180594,0.248158,0.056691,0.179646,0.218280,0.259095,0.182563
474,1.975000,0.315961,0.368626,0.240292,0.278830,0.302287,0.200906,0.252863,0.177177,0.180592,0.248157,0.056689,0.179650,0.218283,0.259086,0.182594
475,1.979167,0.315965,0.368626,0.240284,0.278826,0.302294,0.200906,0.252861,0.177175,0.180596,0.248157,0.056692,0.179649,0.218292,0.259089,0.182559
476,1.983333,0.315966,0.368628,0.240272,0.278827,0.302294,0.200904,0.252862,0.177177,0.180595,0.248155,0.056690,0.179651,0.218278,0.259097,0.182591
477,1.987500,0.315974,0.368628,0.240263,0.278825,0.302291,0.200898,0.252852,0.177178,0.180620,0.248157,0.056692,0.179649,0.218281,0.259099,0.182579
478,1.991667,0.315976,0.368629,0.240258,0.278824,0.302295,0.200900,0.252850,0.177179,0.180617,0.248161,0.056690,0.179650,0.218277,0.259082,0.182573
479,1.995833,0.315985,0.368631,0.240243,0.278824,0.302295,0.200897,0.252859,0.177177,0.180598,0.248159,0.056690,0.179650,0.218273,0.259098,0.182601
480,2.000000,0.315992,0.368629,0.240235,0.278824,0.302294,0.200897,0.252859,0.177178,0.180598,0.248159,0.056689,0.179651,0.218272,0.259098,0.182602
481,2.004167,0.315999,0.368628,0.240227,0.278824,0.302295,0.200895,0.252857,0.177179,0.180596,0.248160,0.056693,0.179655,0.218265,0.259096,0.182601
482,2.008333,0.316006,0.368627,0.240218,0.278823,0.302293,0.200890,0.252844,0.177180,0.180625,0.248157,0.056691,0.179655,0.218271,0.259090,0.182598
483,2.012500,0.316015,0.368621,0.240208,0.278821,0.302295,0.200890,0.252852,0.177177,0.180603,0.248158,0.056691,0.179653,0.218259,0.259093,0.182603
484,2.016667,0.316021,0.368618,0.240201,0.278821,0.302296,0.200887,0.252851,0.177179,0.180602,0.248157,0.056691,0.179658,0.218262,0.259098,0.182615
485,2.020833,0.316031,0.368616,0.240193,0.278820,0.302294,0.200886,0.252840,0.177182,0.180626,0.248157,0.056690,0.179657,0.218262,0.259089,0.182606
486,2.025000,0.316044,0.368605,0.240189,0.278819,0.302293,0.200877,0.252841,0.177183,0.180626,0.248157,0.056688,0.179662,0.218253,0.259086,0.182605
487,2.029167,0.316051,0.368602,0.240182,0.278819,0.302290,0.200876,0.252839,0.177181,0.180629,0.248157,0.056691,0.179661,0.218251,0.259084,0.182607
488,2.033333,0.316060,0.368601,0.240176,0.278818,0.302291,0.200872,0.252847,0.177180,0.180605,0.248157,0.056691,0.179660,0.218250,0.259084,0.182612
489,2.037500,0.316070,0.368595,0.240168,0.278816,0.302294,0.200874,0.252837,0.177182,0.180628,0.248158,0.056690,0.179663,0.218247,0.259083,0.182613
490,2.041667,0.316076,0.368591,0.240162,0.278812,0.302290,0.200873,0.252838,0.177184,0.180600,0.248158,0.056689,0.179661,0.218245,0.259084,0.182620
491,2.045833,0.316081,0.368585,0.240152,0.278816,0.302289,0.200865,0.252833,0.177180,0.180632,0.248157,0.056689,0.179663,0.218243,0.259083,0.182622
492,2.050000,0.316090,0.368581,0.240147,0.278816,0.302293,0.200869,0.252834,0.177181,0.180628,0.248157,0.056687,0.179660,0.218240,0.259082,0.182623
493,2.054167,0.316096,0.368578,0.240144,0.278816,0.302293,0.200868,0.252832,0.177182,0.180629,0.248160,0.056688,0.179657,0.218239,0.259081,0.182627
494,2.058333,0.316102,0.368576,0.240140,0.278815,0.302291,0.200865,0.252830,0.177183,0.180630,0.248158,0.056689,0.179662,0.218236,0.259082,0.182630
495,2.062500,0.316106,0.368571,0.240138,0.278816,0.302288,0.200864,0.252825,0.177187,0.180626,0.248159,0.056688,0.179658,0.218239,0.259087,0.182638
496,2.066667,0.316111,0.368569,0.240134,0.278815,0.302288,0.200862,0.252831,0.177183,0.180632,0.248156,0.056687,0.179663,0.218233,0.259082,0.182631
497,2.070833,0.316116,0.368567,0.240133,0.278814,0.302292,0.200864,0.252828,0.177182,0.180633,0.248156,0.056687,0.179662,0.218233,0.259081,0.182636
498,2.075000,0.316132,0.368558,0.240143,0.278814,0.302286,0.200865,0.252829,0.177183,0.180633,0.248155,0.056687,0.179664,0.218232,0.259083,0.182638
499,2.079167,0.316125,0.368565,0.240132,0.278814,0.302290,0.200868,0.252821,0.177188,0.180631,0.248157,0.056687,0.179662,0.218231,0.259085,0.182639
500,2.083333,0.316124,0.368560,0.240132,0.278816,0.302288,0.200870,0.252825,0.177185,0.180637,0.248157,0.056690,0.179663,0.218230,0.259085,0.182639
501,2.087500,0.316127,0.368559,0.240133,0.278816,0.302283,0.200866,0.252828,0.177183,0.180637,0.248155,0.056691,0.179663,0.218229,0.259083,0.182637
502,2.091667,0.316138,0.368552,0.240148,0.278815,0.302283,0.200867,0.252824,0.177185,0.180636,0.248155,0.056691,0.179663,0.218232,0.259088,0.182639
503,2.095833,0.316139,0.368550,0.240152,0.278814,0.302284,0.200870,0.252820,0.177190,0.180631,0.248155,0.056690,0.179665,0.218231,0.259087,0.182637
504,2.100000,0.316138,0.368550,0.240154,0.278812,0.302279,0.200874,0.252825,0.177183,0.180636,0.248155,0.056692,0.179665,0.218231,0.259087,0.182637
505,2.104167,0.316124,0.368557,0.240147,0.278817,0.302283,0.200875,0.252820,0.177191,0.180631,0.248153,0.056693,0.179665,0.218232,0.259088,0.182635
506,2.108333,0.316134,0.368550,0.240164,0.278817,0.302283,0.200877,0.252825,0.177186,0.180636,0.248152,0.056691,0.179664,0.218232,0.259089,0.182633
507,2.112500,0.316119,0.368557,0.240162,0.278812,0.302280,0.200880,0.252825,0.177186,0.180637,0.248153,0.056694,0.179663,0.218234,0.259089,0.182632
508,2.116667,0.316124,0.368549,0.240178,0.278815,0.302278,0.200881,0.252828,0.177186,0.180635,0.248155,0.056693,0.179665,0.218236,0.259090,0.182630
509,2.120833,0.316122,0.368551,0.240191,0.278814,0.302282,0.200888,0.252829,0.177184,0.180634,0.248153,0.056692,0.179665,0.218238,0.259089,0.182627
510,2.125000,0.316116,0.368552,0.240200,0.278815,0.302280,0.200884,0.252828,0.177184,0.180635,0.248153,0.056693,0.179659,0.218240,0.259089,0.182625
511,2.129167,0.316110,0.368553,0.240207,0.278818,0.302282,0.200884,0.252831,0.177184,0.180633,0.248155,0.056693,0.179657,0.218242,0.259088,0.182619
512,2.133333,0.316090,0.368559,0.240203,0.278817,0.302279,0.200887,0.252830,0.177184,0.180633,0.248156,0.056691,0.179658,0.218245,0.259086,0.182617
513,2.137500,0.316095,0.368554,0.240222,0.278816,0.302279,0.200888,0.252832,0.177183,0.180633,0.248156,0.056690,0.179656,0.218245,0.259084,0.182612
514,2.141667,0.316087,0.368554,0.240232,0.278821,0.302285,0.200894,0.252834,0.177182,0.180629,0.248155,0.056691,0.179656,0.218247,0.259086,0.182607
515,2.145833,0.316080,0.368558,0.240242,0.278822,0.302280,0.200896,0.252835,0.177182,0.180628,0.248155,0.056692,0.179653,0.218252,0.259086,0.182603
516,2.150000,0.316072,0.368557,0.240247,0.278821,0.302285,0.200900,0.252836,0.177181,0.180626,0.248157,0.056690,0.179653,0.218253,0.259087,0.182601
517,2.154167,0.316065,0.368564,0.240253,0.278821,0.302281,0.200896,0.252838,0.177180,0.180626,0.248157,0.056691,0.179651,0.218257,0.259086,0.182597
518,2.158333,0.316058,0.368566,0.240258,0.278822,0.302282,0.200897,0.252838,0.177180,0.180628,0.248156,0.056691,0.179652,0.218261,0.259088,0.182603
519,2.162500,0.316049,0.368570,0.240264,0.278820,0.302281,0.200902,0.252849,0.177181,0.180599,0.248159,0.056691,0.179651,0.218261,0.259087,0.182592
520,2.166667,0.316040,0.368575,0.240274,0.278820,0.302282,0.200902,0.252841,0.177181,0.180621,0.248158,0.056693,0.179648,0.218262,0.259088,0.182586
521,2.170833,0.316036,0.368576,0.240279,0.278823,0.302285,0.200902,0.252841,0.177181,0.180622,0.248156,0.056693,0.179651,0.218260,0.259097,0.182596
522,2.175000,0.316008,0.368594,0.240275,0.278825,0.302283,0.200908,0.252842,0.177182,0.180621,0.248157,0.056693,0.179649,0.218263,0.259095,0.182590
523,2.179167,0.316000,0.368597,0.240279,0.278827,0.302282,0.200907,0.252842,0.177183,0.180621,0.248157,0.056694,0.179651,0.218268,0.259101,0.182600
524,2.183333,0.315996,0.368605,0.240272,0.278827,0.302287,0.200913,0.252843,0.177181,0.180621,0.248158,0.056696,0.179651,0.218269,0.259097,0.182572
525,2.187500,0.315987,0.368606,0.240281,0.278825,0.302286,0.200909,0.252853,0.177180,0.180596,0.248159,0.056693,0.179649,0.218265,0.259095,0.182585
526,2.191667,0.315982,0.368610,0.240283,0.278821,0.302293,0.200909,0.252855,0.177181,0.180595,0.248157,0.056695,0.179652,0.218269,0.259099,0.182569
527,2.195833,0.315979,0.368611,0.240287,0.278814,0.302300,0.200908,0.252857,0.177179,0.180593,0.248157,0.056695,0.179650,0.218277,0.259102,0.182574
528,2.200000,0.315972,0.368616,0.240287,0.278823,0.302290,0.200911,0.252856,0.177180,0.180594,0.248158,0.056695,0.179651,0.218271,0.259097,0.182565
529,2.204167,0.315967,0.368619,0.240286,0.278822,0.302291,0.200904,0.252845,0.177184,0.180617,0.248162,0.056694,0.179648,0.218272,0.259097,0.182562
530,2.208333,0.315965,0.368622,0.240285,0.278813,0.302299,0.200893,0.252849,0.177183,0.180615,0.248158,0.056697,0.179651,0.218273,0.259098,0.182562
531,2.212500,0.315961,0.368623,0.240284,0.278818,0.302296,0.200905,0.252858,0.177182,0.180592,0.248159,0.056693,0.179651,0.218278,0.259103,0.182571
532,2.216667,0.315959,0.368628,0.240277,0.278812,0.302303,0.200897,0.252860,0.177178,0.180592,0.248158,0.056694,0.179651,0.218279,0.259101,0.182573
533,2.220833,0.315958,0.368629,0.240274,0.278819,0.302296,0.200896,0.252847,0.177182,0.180615,0.248161,0.056695,0.179648,0.218271,0.259096,0.182562
534,2.225000,0.315958,0.368630,0.240271,0.278811,0.302301,0.200889,0.252857,0.177180,0.180593,0.248160,0.056692,0.179650,0.218274,0.259100,0.182571
535,2.229167,0.315959,0.368632,0.240265,0.278811,0.302302,0.200886,0.252859,0.177179,0.180591,0.248159,0.056694,0.179648,0.218277,0.259098,0.182569
536,2.233333,0.315960,0.368634,0.240259,0.278819,0.302296,0.200892,0.252861,0.177178,0.180590,0.248159,0.056691,0.179649,0.218276,0.259100,0.182572
537,2.237500,0.315960,0.368635,0.240256,0.278809,0.302304,0.200884,0.252850,0.177181,0.180616,0.248160,0.056691,0.179653,0.218265,0.259094,0.182580
538,2.241667,0.315963,0.368634,0.240246,0.278810,0.302306,0.200884,0.252860,0.177179,0.180591,0.248160,0.056692,0.179651,0.218266,0.259092,0.182584
539,2.245833,0.315970,0.368634,0.240237,0.278809,0.302307,0.200882,0.252861,0.177177,0.180591,0.248159,0.056691,0.179653,0.218262,0.259091,0.182586
540,2.250000,0.315976,0.368637,0.240229,0.278810,0.302304,0.200876,0.252848,0.177179,0.180616,0.248160,0.056690,0.179649,0.218261,0.259091,0.182590
541,2.254167,0.315983,0.368634,0.240217,0.278809,0.302304,0.200873,0.252857,0.177181,0.180593,0.248158,0.056693,0.179655,0.218259,0.259091,0.182590
542,2.258333,0.315989,0.368634,0.240211,0.278808,0.302309,0.200877,0.252856,0.177180,0.180594,0.248161,0.056689,0.179651,0.218258,0.259092,0.182594
543,2.262500,0.315996,0.368632,0.240202,0.278807,0.302307,0.200876,0.252854,0.177181,0.180593,0.248160,0.056692,0.179656,0.218255,0.259092,0.182598
544,2.266667,0.316002,0.368632,0.240193,0.278815,0.302297,0.200879,0.252842,0.177182,0.180620,0.248159,0.056690,0.179656,0.218254,0.259094,0.182601
545,2.270833,0.316010,0.368631,0.240186,0.278813,0.302302,0.200881,0.252843,0.177182,0.180619,0.248158,0.056692,0.179659,0.218255,0.259085,0.182594
546,2.275000,0.316016,0.368630,0.240182,0.278813,0.302301,0.200880,0.252842,0.177184,0.180622,0.248156,0.056691,0.179657,0.218252,0.259084,0.182592
547,2.279167,0.316030,0.368619,0.240173,0.278813,0.302297,0.200874,0.252843,0.177183,0.180622,0.248158,0.056688,0.179658,0.218250,0.259085,0.182598
548,2.283333,0.316039,0.368614,0.240170,0.278813,0.302297,0.200870,0.252838,0.177183,0.180625,0.248158,0.056691,0.179661,0.218250,0.259083,0.182602
549,2.287500,0.316047,0.368611,0.240164,0.278812,0.302299,0.200872,0.252839,0.177183,0.180627,0.248158,0.056692,0.179661,0.218246,0.259087,0.182608
550,2.291667,0.316053,0.368608,0.240161,0.278810,0.302298,0.200871,0.252835,0.177183,0.180625,0.248158,0.056691,0.179659,0.218245,0.259086,0.182607
551,2.295833,0.316062,0.368604,0.240156,0.278813,0.302296,0.200866,0.252836,0.177183,0.180625,0.248157,0.056689,0.179662,0.218244,0.259086,0.182610
552,2.300000,0.316067,0.368599,0.240154,0.278813,0.302295,0.200869,0.252834,0.177182,0.180627,0.248157,0.056688,0.179662,0.218241,0.259085,0.182615
553,2.304167,0.316072,0.368592,0.240146,0.278812,0.302294,0.200863,0.252833,0.177182,0.180630,0.248157,0.056689,0.179662,0.218246,0.259088,0.182627
554,2.308333,0.316083,0.368589,0.240143,0.278806,0.302299,0.200856,0.252832,0.177183,0.180627,0.248154,0.056690,0.179662,0.218238,0.259085,0.182622
555,2.312500,0.316087,0.368585,0.240144,0.278814,0.302293,0.200863,0.252832,0.177184,0.180630,0.248155,0.056688,0.179665,0.218237,0.259084,0.182624
556,2.316667,0.316090,0.368581,0.240142,0.278815,0.302299,0.200862,0.252829,0.177184,0.180631,0.248155,0.056691,0.179664,0.218234,0.259086,0.182624
557,2.320833,0.316096,0.368580,0.240143,0.278816,0.302294,0.200866,0.252830,0.177184,0.180632,0.248157,0.056688,0.179664,0.218235,0.259086,0.182630
558,2.325000,0.316104,0.368574,0.240142,0.278813,0.302287,0.200865,0.252838,0.177184,0.180609,0.248155,0.056689,0.179665,0.218234,0.259086,0.182630
559,2.329167,0.316107,0.368571,0.240142,0.278815,0.302291,0.200870,0.252821,0.177191,0.180629,0.248153,0.056690,0.179665,0.218234,0.259088,0.182632
560,2.333333,0.316111,0.368567,0.240144,0.278818,0.302291,0.200870,0.252819,0.177189,0.180630,0.248154,0.056689,0.179666,0.218233,0.259085,0.182629
561,2.337500,0.316112,0.368562,0.240146,0.278818,0.302291,0.200861,0.252821,0.177189,0.180629,0.248154,0.056688,0.179667,0.218232,0.259084,0.182629
562,2.341667,0.316116,0.368559,0.240148,0.278818,0.302288,0.200868,0.252825,0.177184,0.180636,0.248152,0.056688,0.179663,0.218232,0.259089,0.182633
563,2.345833,0.316131,0.368552,0.240159,0.278814,0.302282,0.200869,0.252826,0.177186,0.180635,0.248153,0.056687,0.179664,0.218232,0.259087,0.182631
564,2.350000,0.316133,0.368551,0.240166,0.278818,0.302282,0.200874,0.252825,0.177185,0.180635,0.248153,0.056689,0.179665,0.218233,0.259088,0.182630
565,2.354167,0.316131,0.368548,0.240170,0.278820,0.302285,0.200879,0.252828,0.177183,0.180635,0.248152,0.056688,0.179665,0.218234,0.259088,0.182628
566,2.358333,0.316132,0.368547,0.240171,0.278815,0.302278,0.200875,0.252825,0.177185,0.180635,0.248152,0.056689,0.179663,0.218235,0.259088,0.182627
567,2.362500,0.316128,0.368547,0.240178,0.278817,0.302276,0.200878,0.252826,0.177183,0.180634,0.248155,0.056690,0.179666,0.218235,0.259087,0.182629
568,2.366667,0.316129,0.368543,0.240183,0.278820,0.302279,0.200882,0.252827,0.177183,0.180634,0.248152,0.056690,0.179662,0.218235,0.259089,0.182627
569,2.370833,0.316124,0.368545,0.240190,0.278820,0.302281,0.200887,0.252820,0.177191,0.180628,0.248150,0.056690,0.179661,0.218242,0.259092,0.182632
570,2.375000,0.316120,0.368543,0.240202,0.278821,0.302279,0.200882,0.252826,0.177183,0.180633,0.248152,0.056690,0.179662,0.218237,0.259086,0.182621
571,2.379167,0.316118,0.368543,0.240209,0.278822,0.302283,0.200889,0.252825,0.177184,0.180633,0.248154,0.056687,0.179659,0.218238,0.259087,0.182619
572,2.383333,0.316114,0.368545,0.240217,0.278824,0.302284,0.200893,0.252821,0.177190,0.180626,0.248153,0.056691,0.179659,0.218240,0.259088,0.182618
573,2.387500,0.316107,0.368546,0.240224,0.278819,0.302276,0.200891,0.252830,0.177183,0.180631,0.248152,0.056689,0.179659,0.218242,0.259088,0.182615
574,2.391667,0.316099,0.368545,0.240231,0.278821,0.302276,0.200894,0.252829,0.177183,0.180631,0.248151,0.056688,0.179659,0.218245,0.259087,0.182614
575,2.395833,0.316094,0.368548,0.240236,0.278819,0.302276,0.200895,0.252825,0.177189,0.180625,0.248154,0.056693,0.179654,0.218246,0.259088,0.182611
576,2.400000,0.316090,0.368548,0.240242,0.278823,0.302279,0.200896,0.252831,0.177183,0.180631,0.248153,0.056690,0.179654,0.218247,0.259087,0.182610
577,2.404167,0.316082,0.368551,0.240247,0.278820,0.302277,0.200897,0.252831,0.177182,0.180632,0.248151,0.056690,0.179656,0.218249,0.259087,0.182608
578,2.408333,0.316076,0.368554,0.240253,0.278823,0.302284,0.200901,0.252834,0.177183,0.180630,0.248151,0.056691,0.179656,0.218251,0.259088,0.182601
579,2.412500,0.316069,0.368558,0.240259,0.278823,0.302276,0.200903,0.252835,0.177181,0.180632,0.248152,0.056690,0.179655,0.218252,0.259090,0.182600
580,2.416667,0.316062,0.368560,0.240266,0.278828,0.302279,0.200905,0.252836,0.177184,0.180628,0.248153,0.056693,0.179657,0.218254,0.259088,0.182597
581,2.420833,0.316058,0.368567,0.240269,0.278826,0.302284,0.200912,0.252838,0.177183,0.180626,0.248154,0.056692,0.179654,0.218258,0.259087,0.182594
582,2.425000,0.316052,0.368567,0.240272,0.278821,0.302285,0.200908,0.252836,0.177182,0.180628,0.248154,0.056692,0.179656,0.218260,0.259087,0.182593
583,2.429167,0.316044,0.368572,0.240275,0.278827,0.302282,0.200908,0.252840,0.177182,0.180627,0.248155,0.056693,0.179655,0.218258,0.259094,0.182604
584,2.433333,0.316039,0.368575,0.240279,0.278826,0.302283,0.200909,0.252840,0.177183,0.180627,0.248155,0.056695,0.179653,0.218258,0.259096,0.182600
585,2.437500,0.316013,0.368590,0.240273,0.278826,0.302287,0.200915,0.252841,0.177181,0.180625,0.248157,0.056692,0.179653,0.218264,0.259086,0.182585
586,2.441667,0.316005,0.368595,0.240277,0.278826,0.302283,0.200910,0.252841,0.177183,0.180624,0.248153,0.056691,0.179655,0.218259,0.259093,0.182597
587,2.445833,0.316000,0.368600,0.240279,0.278825,0.302284,0.200910,0.252846,0.177181,0.180622,0.248157,0.056692,0.179650,0.218261,0.259095,0.182596
588,2.450000,0.315995,0.368602,0.240279,0.278827,0.302288,0.200912,0.252847,0.177180,0.180620,0.248156,0.056691,0.179650,0.218265,0.259093,0.182594
589,2.454167,0.315991,0.368608,0.240270,0.278821,0.302289,0.200908,0.252858,0.177180,0.180596,0.248157,0.056690,0.179650,0.218264,0.259093,0.182594
590,2.458333,0.315986,0.368610,0.240277,0.278814,0.302297,0.200896,0.252847,0.177181,0.180620,0.248160,0.056692,0.179650,0.218265,0.259095,0.182592
591,2.462500,0.315982,0.368612,0.240276,0.278826,0.302292,0.200911,0.252848,0.177181,0.180621,0.248159,0.056692,0.179652,0.218270,0.259098,0.182600
592,2.466667,0.315978,0.368615,0.240276,0.278822,0.302292,0.200904,0.252858,0.177179,0.180596,0.248158,0.056690,0.179650,0.218266,0.259095,0.182592
593,2.470833,0.315976,0.368620,0.240275,0.278821,0.302292,0.200902,0.252849,0.177180,0.180620,0.248158,0.056693,0.179650,0.218268,0.259094,0.182589
594,2.475000,0.315978,0.368623,0.240265,0.278813,0.302302,0.200899,0.252859,0.177178,0.180598,0.248158,0.056692,0.179650,0.218273,0.259096,0.182596
595,2.479167,0.315971,0.368626,0.240267,0.278823,0.302289,0.200903,0.252851,0.177180,0.180619,0.248160,0.056692,0.179651,0.218268,0.259091,0.182589
596,2.483333,0.315971,0.368630,0.240260,0.278813,0.302306,0.200897,0.252850,0.177181,0.180618,0.248159,0.056691,0.179649,0.218267,0.259092,0.182590
597,2.487500,0.315971,0.368629,0.240260,0.278820,0.302298,0.200904,0.252851,0.177178,0.180619,0.248160,0.056690,0.179652,0.218277,0.259097,0.182583
598,2.491667,0.315971,0.368632,0.240256,0.278814,0.302299,0.200893,0.252860,0.177177,0.180598,0.248158,0.056692,0.179651,0.218267,0.259090,0.182592
599,2.495833,0.315974,0.368631,0.240253,0.278819,0.302299,0.200900,0.252849,0.177180,0.180620,0.248158,0.056693,0.179653,0.218266,0.259090,0.182591
600,2.500000,0.315982,0.368629,0.240246,0.278820,0.302299,0.200898,0.252858,0.177180,0.180598,0.248160,0.056692,0.179652,0.218273,0.259096,0.182603
601,2.504167,0.315985,0.368630,0.240243,0.278819,0.302299,0.200897,0.252851,0.177180,0.180622,0.248160,0.056692,0.179652,0.218264,0.259091,0.182593
602,2.508333,0.315989,0.368628,0.240236,0.278822,0.302295,0.200891,0.252857,0.177179,0.180599,0.248159,0.056692,0.179653,0.218270,0.259095,0.182603
603,2.512500,0.315994,0.368628,0.240234,0.278821,0.302296,0.200889,0.252848,0.177180,0.180621,0.248160,0.056694,0.179651,0.218265,0.259093,0.182598
604,2.516667,0.315998,0.368627,0.240225,0.278821,0.302296,0.200887,0.252846,0.177181,0.180623,0.248159,0.056694,0.179655,0.218264,0.259092,0.182597
605,2.520833,0.316004,0.368625,0.240220,0.278821,0.302296,0.200885,0.252847,0.177182,0.180623,0.248158,0.056694,0.179655,0.218261,0.259093,0.182599
606,2.525000,0.316009,0.368622,0.240214,0.278823,0.302300,0.200889,0.252847,0.177180,0.180621,0.248157,0.056693,0.179653,0.218259,0.259092,0.182601
607,2.529167,0.316016,0.368619,0.240209,0.278815,0.302304,0.200879,0.252845,0.177180,0.180622,0.248157,0.056691,0.179656,0.218268,0.259090,0.182599
608,2.533333,0.316026,0.368612,0.240204,0.278822,0.302295,0.200881,0.252854,0.177180,0.180598,0.248156,0.056692,0.179656,0.218258,0.259094,0.182603
609,2.537500,0.316031,0.368614,0.240199,0.278815,0.302303,0.200873,0.252853,0.177178,0.180601,0.248157,0.056692,0.179655,0.218259,0.259085,0.182594
610,2.541667,0.316043,0.368603,0.240195,0.278819,0.302289,0.200879,0.252852,0.177180,0.180600,0.248156,0.056692,0.179658,0.218258,0.259086,0.182597
611,2.545833,0.316049,0.368600,0.240189,0.278822,0.302293,0.200880,0.252851,0.177180,0.180598,0.248155,0.056692,0.179658,0.218258,0.259084,0.182599
612,2.550000,0.316057,0.368596,0.240185,0.278823,0.302294,0.200879,0.252850,0.177180,0.180601,0.248153,0.056691,0.179661,0.218262,0.259090,0.182609
613,2.554167,0.316066,0.368591,0.240181,0.278824,0.302292,0.200878,0.252838,0.177181,0.180624,0.248155,0.056690,0.179659,0.218254,0.259084,0.182604
614,2.558333,0.316072,0.368589,0.240178,0.278823,0.302291,0.200877,0.252839,0.177181,0.180624,0.248153,0.056689,0.179659,0.218259,0.259090,0.182612
615,2.562500,0.316080,0.368585,0.240176,0.278826,0.302292,0.200875,0.252836,0.177181,0.180625,0.248153,0.056690,0.179661,0.218253,0.259085,0.182610
616,2.566667,0.316099,0.368573,0.240183,0.278827,0.302290,0.200874,0.252836,0.177181,0.180626,0.248151,0.056690,0.179666,0.218251,0.259084,0.182612
617,2.570833,0.316095,0.368576,0.240163,0.278827,0.302291,0.200870,0.252833,0.177182,0.180626,0.248152,0.056690,0.179660,0.218249,0.259085,0.182613
618,2.575000,0.316101,0.368571,0.240160,0.278825,0.302290,0.200870,0.252832,0.177184,0.180628,0.248152,0.056692,0.179660,0.218249,0.259086,0.182615
619,2.579167,0.316119,0.368562,0.240169,0.278827,0.302289,0.200871,0.252832,0.177182,0.180628,0.248153,0.056691,0.179661,0.218247,0.259087,0.182618
620,2.583333,0.316126,0.368560,0.240166,0.278827,0.302289,0.200867,0.252831,0.177183,0.180628,0.248151,0.056693,0.179664,0.218247,0.259087,0.182618
621,2.587500,0.316130,0.368556,0.240166,0.278826,0.302288,0.200869,0.252831,0.177184,0.180628,0.248153,0.056692,0.179665,0.218246,0.259085,0.182619
622,2.591667,0.316134,0.368550,0.240162,0.278828,0.302285,0.200869,0.252829,0.177182,0.180628,0.248150,0.056688,0.179664,0.218245,0.259087,0.182622
623,2.595833,0.316138,0.368550,0.240161,0.278828,0.302286,0.200867,0.252828,0.177183,0.180630,0.248150,0.056687,0.179668,0.218244,0.259087,0.182622
624,2.600000,0.316130,0.368555,0.240149,0.278828,0.302285,0.200869,0.252822,0.177189,0.180623,0.248152,0.056688,0.179662,0.218244,0.259089,0.182623
625,2.604167,0.316144,0.368544,0.240161,0.278828,0.302287,0.200869,0.252821,0.177188,0.180623,0.248150,0.056690,0.179662,0.218241,0.259088,0.182623
626,2.608333,0.316146,0.368544,0.240160,0.278828,0.302283,0.200868,0.252828,0.177184,0.180630,0.248148,0.056691,0.179663,0.218242,0.259087,0.182622
627,2.612500,0.316148,0.368544,0.240160,0.278829,0.302283,0.200866,0.252826,0.177186,0.180630,0.248152,0.056689,0.179662,0.218241,0.259088,0.182623
628,2.616667,0.316148,0.368543,0.240161,0.278828,0.302285,0.200867,0.252820,0.177189,0.180622,0.248151,0.056691,0.179663,0.218241,0.259087,0.182626
629,2.620833,0.316147,0.368543,0.240162,0.278827,0.302285,0.200867,0.252820,0.177187,0.180620,0.248150,0.056691,0.179664,0.218241,0.259089,0.182624
630,2.625000,0.316145,0.368542,0.240164,0.278829,0.302283,0.200869,0.252827,0.177184,0.180629,0.248153,0.056691,0.179661,0.218242,0.259088,0.182625
631,2.629167,0.316145,0.368540,0.240165,0.278829,0.302284,0.200869,0.252826,0.177183,0.180629,0.248153,0.056691,0.179660,0.218242,0.259089,0.182625
632,2.633333,0.316143,0.368543,0.240166,0.278828,0.302285,0.200869,0.252828,0.177183,0.180629,0.248150,0.056688,0.179660,0.218249,0.259092,0.182632
633,2.637500,0.316141,0.368544,0.240170,0.278827,0.302284,0.200869,0.252827,0.177186,0.180628,0.248152,0.056691,0.179662,0.218242,0.259088,0.182623
634,2.641667,0.316138,0.368544,0.240172,0.278828,0.302284,0.200870,0.252828,0.177183,0.180628,0.248153,0.056689,0.179662,0.218243,0.259087,0.182619
635,2.645833,0.316135,0.368544,0.240173,0.278822,0.302281,0.200870,0.252828,0.177184,0.180628,0.248153,0.056690,0.179660,0.218243,0.259086,0.182616
636,2.650000,0.316129,0.368545,0.240178,0.278825,0.302284,0.200871,0.252821,0.177189,0.180622,0.248154,0.056690,0.179660,0.218245,0.259086,0.182617
637,2.654167,0.316126,0.368549,0.240180,0.278827,0.302285,0.200875,0.252830,0.177185,0.180626,0.248155,0.056691,0.179658,0.218246,0.259085,0.182615
638,2.658333,0.316122,0.368553,0.240188,0.278826,0.302285,0.200876,0.252831,0.177183,0.180626,0.248154,0.056694,0.179662,0.218246,0.259087,0.182614
639,2.662500,0.316102,0.368562,0.240181,0.278824,0.302286,0.200874,0.252834,0.177183,0.180624,0.248153,0.056693,0.179658,0.218247,0.259086,0.182609
640,2.666667,0.316108,0.368557,0.240194,0.278825,0.302286,0.200875,0.252829,0.177188,0.180619,0.248157,0.056692,0.179655,0.218247,0.259085,0.182608
641,2.670833,0.316103,0.368563,0.240198,0.278823,0.302288,0.200881,0.252833,0.177184,0.180623,0.248158,0.056691,0.179658,0.218250,0.259088,0.182609
642,2.675000,0.316084,0.368572,0.240190,0.278824,0.302287,0.200879,0.252835,0.177185,0.180624,0.248157,0.056693,0.179654,0.218251,0.259087,0.182604
643,2.679167,0.316077,0.368572,0.240195,0.278822,0.302288,0.200881,0.252839,0.177183,0.180622,0.248157,0.056693,0.179655,0.218254,0.259084,0.182601
644,2.683333,0.316081,0.368569,0.240210,0.278823,0.302289,0.200883,0.252839,0.177182,0.180622,0.248159,0.056692,0.179654,0.218254,0.259084,0.182597
645,2.687500,0.316076,0.368573,0.240217,0.278821,0.302293,0.200884,0.252840,0.177184,0.180622,0.248160,0.056692,0.179655,0.218255,0.259086,0.182597
646,2.691667,0.316056,0.368583,0.240206,0.278818,0.302288,0.200884,0.252851,0.177180,0.180599,0.248159,0.056691,0.179651,0.218257,0.259085,0.182598
647,2.695833,0.316047,0.368588,0.240212,0.278821,0.302291,0.200885,0.252843,0.177183,0.180623,0.248159,0.056691,0.179654,0.218258,0.259084,0.182593
648,2.700000,0.316040,0.368593,0.240215,0.278819,0.302294,0.200886,0.252853,0.177182,0.180597,0.248160,0.056693,0.179653,0.218259,0.259086,0.182593
649,2.704167,0.316034,0.368597,0.240218,0.278821,0.302290,0.200884,0.252844,0.177183,0.180619,0.248159,0.056694,0.179652,0.218258,0.259095,0.182602
650,2.708333,0.316028,0.368599,0.240222,0.278821,0.302291,0.200883,0.252855,0.177181,0.180594,0.248161,0.056693,0.179650,0.218259,0.259094,0.182600
651,2.712500,0.316022,0.368603,0.240225,0.278820,0.302296,0.200887,0.252855,0.177181,0.180596,0.248160,0.056695,0.179650,0.218260,0.259093,0.182599
652,2.716667,0.316009,0.368615,0.240226,0.278820,0.302296,0.200890,0.252847,0.177183,0.180619,0.248161,0.056696,0.179650,0.218266,0.259098,0.182607
653,2.720833,0.316004,0.368618,0.240229,0.278820,0.302296,0.200890,0.252847,0.177183,0.180618,0.248159,0.056693,0.179655,0.218269,0.259099,0.182605
654,2.725000,0.315999,0.368621,0.240230,0.278821,0.302299,0.200892,0.252848,0.177179,0.180621,0.248158,0.056693,0.179652,0.218265,0.259095,0.182593
655,2.729167,0.315996,0.368624,0.240232,0.278819,0.302296,0.200893,0.252859,0.177181,0.180592,0.248160,0.056694,0.179651,0.218264,0.259093,0.182592
656,2.733333,0.315993,0.368625,0.240235,0.278819,0.302297,0.200893,0.252848,0.177181,0.180619,0.248159,0.056692,0.179651,0.218272,0.259097,0.182600
657,2.737500,0.315989,0.368628,0.240236,0.278821,0.302299,0.200892,0.252849,0.177182,0.180619,0.248161,0.056694,0.179653,0.218266,0.259095,0.182590
658,2.741667,0.315990,0.368630,0.240237,0.278821,0.302300,0.200892,0.252850,0.177181,0.180618,0.248161,0.056695,0.179650,0.218273,0.259098,0.182597
659,2.745833,0.315986,0.368629,0.240240,0.278821,0.302299,0.200895,0.252862,0.177179,0.180592,0.248158,0.056694,0.179651,0.218268,0.259094,0.182587
660,2.750000,0.315984,0.368630,0.240240,0.278815,0.302305,0.200886,0.252860,0.177180,0.180592,0.248159,0.056694,0.179650,0.218268,0.259094,0.182588
661,2.754167,0.315984,0.368630,0.240241,0.278821,0.302298,0.200893,0.252860,0.177180,0.180589,0.248159,0.056691,0.179650,0.218268,0.259093,0.182588
662,2.758333,0.315983,0.368629,0.240244,0.278822,0.302294,0.200890,0.252851,0.177181,0.180617,0.248159,0.056694,0.179650,0.218269,0.259093,0.182588
663,2.762500,0.315985,0.368630,0.240242,0.278822,0.302297,0.200892,0.252859,0.177181,0.180593,0.248159,0.056692,0.179651,0.218268,0.259094,0.182592
664,2.766667,0.315987,0.368627,0.240242,0.278823,0.302298,0.200893,0.252861,0.177179,0.180591,0.248158,0.056690,0.179651,0.218266,0.259093,0.182590
665,2.770833,0.315989,0.368625,0.240241,0.278821,0.302296,0.200892,0.252850,0.177180,0.180617,0.248159,0.056693,0.179651,0.218269,0.259092,0.182591
666,2.775000,0.315991,0.368624,0.240240,0.278822,0.302293,0.200891,0.252850,0.177180,0.180617,0.248158,0.056694,0.179650,0.218267,0.259094,0.182590
667,2.779167,0.315995,0.368621,0.240240,0.278823,0.302293,0.200891,0.252848,0.177180,0.180619,0.248156,0.056692,0.179651,0.218266,0.259094,0.182593
668,2.783333,0.315998,0.368619,0.240239,0.278824,0.302295,0.200892,0.252859,0.177179,0.180595,0.248156,0.056693,0.179653,0.218266,0.259094,0.182594
669,2.787500,0.316003,0.368616,0.240236,0.278823,0.302296,0.200892,0.252846,0.177179,0.180622,0.248157,0.056689,0.179654,0.218266,0.259093,0.182594
670,2.791667,0.316006,0.368613,0.240234,0.278824,0.302293,0.200891,0.252845,0.177180,0.180623,0.248156,0.056692,0.179657,0.218263,0.259093,0.182595
671,2.795833,0.316018,0.368604,0.240228,0.278824,0.302295,0.200893,0.252843,0.177181,0.180620,0.248157,0.056690,0.179656,0.218264,0.259086,0.182587
672,2.800000,0.316024,0.368600,0.240230,0.278829,0.302290,0.200896,0.252844,0.177181,0.180621,0.248155,0.056690,0.179656,0.218264,0.259086,0.182587
673,2.804167,0.316031,0.368596,0.240227,0.278824,0.302289,0.200887,0.252842,0.177182,0.180624,0.248153,0.056692,0.179655,0.218269,0.259092,0.182598
674,2.808333,0.316037,0.368593,0.240223,0.278824,0.302288,0.200885,0.252840,0.177181,0.180624,0.248154,0.056692,0.179658,0.218261,0.259087,0.182592
675,2.812500,0.316043,0.368588,0.240220,0.278823,0.302288,0.200886,0.252837,0.177182,0.180626,0.248153,0.056691,0.179662,0.218257,0.259088,0.182595
676,2.816667,0.316063,0.368578,0.240229,0.278823,0.302291,0.200890,0.252837,0.177182,0.180627,0.248152,0.056693,0.179659,0.218255,0.259088,0.182596
677,2.820833,0.316069,0.368576,0.240225,0.278822,0.302290,0.200888,0.252845,0.177180,0.180603,0.248150,0.056692,0.179661,0.218253,0.259086,0.182599
678,2.825000,0.316074,0.368572,0.240222,0.278823,0.302291,0.200887,0.252827,0.177187,0.180624,0.248152,0.056694,0.179661,0.218252,0.259089,0.182604
679,2.829167,0.316080,0.368569,0.240218,0.278823,0.302289,0.200884,0.252833,0.177184,0.180625,0.248151,0.056692,0.179660,0.218250,0.259089,0.182605
680,2.833333,0.316083,0.368566,0.240214,0.278822,0.302290,0.200884,0.252833,0.177181,0.180628,0.248152,0.056689,0.179662,0.218249,0.259087,0.182609
681,2.837500,0.316077,0.368569,0.240201,0.278819,0.302286,0.200884,0.252830,0.177182,0.180629,0.248150,0.056690,0.179664,0.218246,0.259087,0.182610
682,2.841667,0.316093,0.368561,0.240207,0.278819,0.302289,0.200884,0.252829,0.177183,0.180629,0.248152,0.056692,0.179664,0.218244,0.259088,0.182613
683,2.845833,0.316085,0.368568,0.240194,0.278815,0.302281,0.200877,0.252829,0.177184,0.180629,0.248151,0.056688,0.179665,0.218242,0.259086,0.182614
684,2.850000,0.316088,0.368564,0.240188,0.278819,0.302283,0.200876,0.252827,0.177181,0.180629,0.248151,0.056689,0.179663,0.218241,0.259087,0.182618
685,2.854167,0.316103,0.368557,0.240197,0.278819,0.302287,0.200881,0.252828,0.177184,0.180632,0.248152,0.056689,0.179666,0.218237,0.259087,0.182619
686,2.858333,0.316110,0.368552,0.240189,0.278816,0.302283,0.200876,0.252826,0.177182,0.180633,0.248150,0.056690,0.179664,0.218236,0.259086,0.182620
687,2.862500,0.316099,0.368560,0.240179,0.278814,0.302283,0.200873,0.252826,0.177184,0.180631,0.248151,0.056688,0.179663,0.218235,0.259086,0.182620
688,2.866667,0.316101,0.368556,0.240170,0.278817,0.302282,0.200873,0.252817,0.177188,0.180627,0.248152,0.056689,0.179664,0.218233,0.259085,0.182620
689,2.870833,0.316103,0.368560,0.240173,0.278810,0.302279,0.200875,0.252825,0.177182,0.180634,0.248152,0.056690,0.179662,0.218232,0.259089,0.182624
690,2.875000,0.316115,0.368550,0.240179,0.278809,0.302280,0.200874,0.252824,0.177183,0.180634,0.248153,0.056689,0.179663,0.218231,0.259086,0.182622
691,2.879167,0.316103,0.368557,0.240166,0.278809,0.302279,0.200872,0.252824,0.177183,0.180633,0.248152,0.056689,0.179661,0.218231,0.259086,0.182624
692,2.883333,0.316114,0.368549,0.240174,0.278811,0.302288,0.200876,0.252817,0.177189,0.180629,0.248152,0.056691,0.179660,0.218230,0.259083,0.182624
693,2.887500,0.316116,0.368552,0.240174,0.278809,0.302285,0.200872,0.252824,0.177182,0.180636,0.248153,0.056689,0.179663,0.218229,0.259084,0.182626
694,2.891667,0.316115,0.368553,0.240174,0.278809,0.302285,0.200873,0.252825,0.177183,0.180632,0.248154,0.056689,0.179662,0.218228,0.259084,0.182625
695,2.895833,0.316098,0.368561,0.240164,0.278808,0.302289,0.200878,0.252817,0.177188,0.180628,0.248153,0.056690,0.179662,0.218230,0.259085,0.182623
696,2.900000,0.316093,0.368560,0.240165,0.278804,0.302282,0.200874,0.252824,0.177184,0.180634,0.248155,0.056688,0.179660,0.218229,0.259083,0.182623
697,2.904167,0.316090,0.368567,0.240172,0.278805,0.302288,0.200874,0.252818,0.177190,0.180627,0.248155,0.056690,0.179657,0.218228,0.259083,0.182620
698,2.908333,0.316085,0.368567,0.240169,0.278805,0.302288,0.200874,0.252825,0.177185,0.180632,0.248154,0.056691,0.179660,0.218229,0.259085,0.182624
699,2.912500,0.316080,0.368571,0.240174,0.278803,0.302287,0.200875,0.252817,0.177189,0.180628,0.248154,0.056692,0.179660,0.218228,0.259084,0.182619
700,2.916667,0.316075,0.368572,0.240175,0.278800,0.302286,0.200876,0.252826,0.177184,0.180632,0.248154,0.056691,0.179657,0.218230,0.259085,0.182618
701,2.920833,0.316070,0.368576,0.240180,0.278799,0.302285,0.200878,0.252828,0.177184,0.180630,0.248157,0.056692,0.179657,0.218232,0.259085,0.182616
702,2.925000,0.316063,0.368580,0.240185,0.278802,0.302290,0.200879,0.252827,0.177184,0.180629,0.248155,0.056694,0.179656,0.218232,0.259084,0.182614
703,2.929167,0.316053,0.368583,0.240190,0.278800,0.302296,0.200881,0.252828,0.177186,0.180628,0.248156,0.056690,0.179656,0.218232,0.259085,0.182611
704,2.933333,0.316049,0.368587,0.240191,0.278800,0.302291,0.200880,0.252831,0.177184,0.180629,0.248156,0.056693,0.179656,0.218234,0.259086,0.182608
705,2.937500,0.316041,0.368589,0.240198,0.278800,0.302292,0.200880,0.252830,0.177185,0.180628,0.248155,0.056691,0.179655,0.218235,0.259084,0.182604
706,2.941667,0.316034,0.368591,0.240201,0.278796,0.302289,0.200884,0.252831,0.177185,0.180629,0.248157,0.056694,0.179655,0.218237,0.259083,0.182601
707,2.945833,0.316027,0.368593,0.240205,0.278800,0.302293,0.200885,0.252833,0.177185,0.180627,0.248158,0.056691,0.179654,0.218239,0.259083,0.182598
708,2.950000,0.316022,0.368595,0.240211,0.278801,0.302294,0.200886,0.252835,0.177182,0.180627,0.248156,0.056692,0.179654,0.218240,0.259084,0.182595
709,2.954167,0.316012,0.368601,0.240213,0.278794,0.302302,0.200876,0.252836,0.177183,0.180626,0.248157,0.056693,0.179651,0.218243,0.259083,0.182591
710,2.958333,0.316000,0.368610,0.240217,0.278794,0.302301,0.200877,0.252835,0.177182,0.180624,0.248158,0.056692,0.179651,0.218246,0.259084,0.182586
711,2.962500,0.315991,0.368612,0.240224,0.278790,0.302302,0.200884,0.252838,0.177184,0.180621,0.248160,0.056692,0.179652,0.218249,0.259082,0.182583
712,2.966667,0.315988,0.368614,0.240230,0.278793,0.302303,0.200880,0.252839,0.177182,0.180622,0.248158,0.056693,0.179652,0.218246,0.259091,0.182593
713,2.970833,0.315981,0.368618,0.240235,0.278795,0.302303,0.200881,0.252839,0.177180,0.180620,0.248159,0.056695,0.179650,0.218252,0.259084,0.182580
714,2.975000,0.315976,0.368619,0.240239,0.278796,0.302303,0.200881,0.252842,0.177180,0.180618,0.248157,0.056694,0.179648,0.218249,0.259092,0.182590
715,2.979167,0.315969,0.368623,0.240245,0.278796,0.302303,0.200881,0.252842,0.177182,0.180616,0.248160,0.056692,0.179651,0.218249,0.259092,0.182586
716,2.983333,0.315963,0.368624,0.240250,0.278798,0.302306,0.200885,0.252843,0.177181,0.180615,0.248162,0.056694,0.179647,0.218256,0.259091,0.182568
717,2.987500,0.315958,0.368628,0.240255,0.278799,0.302302,0.200882,0.252842,0.177180,0.180617,0.248160,0.056691,0.179645,0.218258,0.259093,0.182567
718,2.991667,0.315957,0.368628,0.240256,0.278799,0.302303,0.200881,0.252853,0.177179,0.180594,0.248158,0.056694,0.179649,0.218259,0.259093,0.182565
719,2.995833,0.315955,0.368631,0.240260,0.278800,0.302303,0.200885,0.252845,0.177182,0.180615,0.248160,0.056694,0.179647,0.218263,0.259093,0.182562
720,3.000000,0.315952,0.368632,0.240262,0.278799,0.302303,0.200885,0.252855,0.177181,0.180589,0.248159,0.056695,0.179648,0.218262,0.259094,0.182560
721,3.004167,0.315951,0.368632,0.240264,0.278807,0.302296,0.200894,0.252854,0.177179,0.180590,0.248157,0.056694,0.179645,0.218262,0.259095,0.182561
722,3.008333,0.315951,0.368632,0.240264,0.278801,0.302308,0.200889,0.252844,0.177182,0.180616,0.248156,0.056694,0.179650,0.218262,0.259096,0.182561
723,3.012500,0.315952,0.368632,0.240264,0.278804,0.302303,0.200887,0.252854,0.177180,0.180592,0.248155,0.056693,0.179648,0.218264,0.259094,0.182560
724,3.016667,0.315954,0.368631,0.240264,0.278811,0.302296,0.200893,0.252853,0.177179,0.180591,0.248157,0.056694,0.179647,0.218264,0.259096,0.182560
725,3.020833,0.315956,0.368631,0.240264,0.278812,0.302300,0.200897,0.252845,0.177182,0.180613,0.248154,0.056694,0.179652,0.218266,0.259096,0.182561
726,3.025000,0.315958,0.368630,0.240261,0.278812,0.302295,0.200893,0.252843,0.177182,0.180616,0.248156,0.056693,0.179651,0.218266,0.259095,0.182561
727,3.029167,0.315964,0.368629,0.240261,0.278813,0.302297,0.200891,0.252843,0.177182,0.180619,0.248155,0.056695,0.179654,0.218265,0.259097,0.182564
728,3.033333,0.315969,0.368626,0.240258,0.278816,0.302296,0.200888,0.252844,0.177181,0.180614,0.248154,0.056693,0.179653,0.218264,0.259096,0.182565
729,3.037500,0.315978,0.368622,0.240253,0.278816,0.302299,0.200891,0.252843,0.177180,0.180618,0.248153,0.056694,0.179655,0.218264,0.259095,0.182566
730,3.041667,0.315983,0.368619,0.240248,0.278816,0.302294,0.200888,0.252851,0.177179,0.180593,0.248151,0.056694,0.179655,0.218271,0.259101,0.182578
731,3.045833,0.315987,0.368614,0.240247,0.278816,0.302295,0.200885,0.252842,0.177182,0.180617,0.248154,0.056695,0.179652,0.218259,0.259095,0.182587
732,3.050000,0.315993,0.368613,0.240244,0.278816,0.302297,0.200888,0.252850,0.177179,0.180595,0.248149,0.056694,0.179652,0.218258,0.259095,0.182590
733,3.054167,0.316004,0.368605,0.240240,0.278816,0.302297,0.200886,0.252849,0.177179,0.180593,0.248153,0.056694,0.179653,0.218259,0.259087,0.182580
734,3.058333,0.316009,0.368605,0.240233,0.278819,0.302292,0.200881,0.252849,0.177179,0.180596,0.248153,0.056692,0.179654,0.218255,0.259094,0.182594
735,3.062500,0.316012,0.368605,0.240224,0.278818,0.302290,0.200882,0.252838,0.177182,0.180618,0.248154,0.056690,0.179655,0.218258,0.259085,0.182585
736,3.066667,0.316028,0.368591,0.240221,0.278817,0.302290,0.200880,0.252837,0.177182,0.180621,0.248150,0.056692,0.179655,0.218257,0.259087,0.182588
737,3.070833,0.316036,0.368591,0.240215,0.278819,0.302294,0.200882,0.252835,0.177182,0.180621,0.248151,0.056692,0.179657,0.218254,0.259085,0.182591
738,3.075000,0.316044,0.368587,0.240208,0.278817,0.302292,0.200878,0.252834,0.177182,0.180625,0.248150,0.056690,0.179657,0.218250,0.259085,0.182593
739,3.079167,0.316052,0.368584,0.240202,0.278819,0.302290,0.200875,0.252833,0.177182,0.180623,0.248152,0.056690,0.179657,0.218249,0.259087,0.182597
740,3.083333,0.316061,0.368582,0.240193,0.278819,0.302289,0.200872,0.252842,0.177181,0.180600,0.248151,0.056692,0.179660,0.218248,0.259086,0.182598
741,3.087500,0.316069,0.368579,0.240189,0.278819,0.302286,0.200874,0.252831,0.177181,0.180624,0.248152,0.056691,0.179658,0.218247,0.259086,0.182602
742,3.091667,0.316074,0.368575,0.240183,0.278818,0.302286,0.200873,0.252829,0.177183,0.180627,0.248151,0.056692,0.179659,0.218245,0.259085,0.182606
743,3.095833,0.316083,0.368572,0.240178,0.278814,0.302289,0.200876,0.252825,0.177187,0.180621,0.248151,0.056689,0.179657,0.218242,0.259088,0.182608
744,3.100000,0.316101,0.368566,0.240185,0.278817,0.302290,0.200872,0.252829,0.177183,0.180626,0.248150,0.056691,0.179661,0.218242,0.259088,0.182613
745,3.104167,0.316107,0.368561,0.240174,0.278816,0.302292,0.200871,0.252827,0.177183,0.180628,0.248151,0.056691,0.179662,0.218239,0.259087,0.182614
746,3.108333,0.316099,0.368565,0.240161,0.278812,0.302284,0.200868,0.252822,0.177188,0.180621,0.248152,0.056689,0.179660,0.218237,0.259086,0.182616
747,3.112500,0.316105,0.368561,0.240156,0.278811,0.302286,0.200870,0.252827,0.177184,0.180629,0.248150,0.056693,0.179663,0.218238,0.259088,0.182621
748,3.116667,0.316108,0.368560,0.240154,0.278813,0.302284,0.200866,0.252819,0.177189,0.180624,0.248152,0.056690,0.179660,0.218234,0.259088,0.182622
749,3.120833,0.316112,0.368558,0.240151,0.278813,0.302288,0.200866,0.252819,0.177191,0.180625,0.248153,0.056694,0.179659,0.218233,0.259089,0.182623
750,3.125000,0.316116,0.368559,0.240151,0.278812,0.302283,0.200864,0.252818,0.177190,0.180626,0.248151,0.056691,0.179662,0.218234,0.259089,0.182624
751,3.129167,0.316116,0.368556,0.240150,0.278811,0.302287,0.200866,0.252818,0.177189,0.180628,0.248153,0.056691,0.179661,0.218231,0.259085,0.182623
752,3.133333,0.316129,0.368549,0.240158,0.278815,0.302286,0.200860,0.252820,0.177192,0.180624,0.248154,0.056689,0.179661,0.218232,0.259089,0.182628
753,3.137500,0.316120,0.368558,0.240149,0.278814,0.302290,0.200865,0.252823,0.177185,0.180632,0.248155,0.056692,0.179662,0.218231,0.259088,0.182626
754,3.141667,0.316117,0.368557,0.240149,0.278811,0.302281,0.200862,0.252819,0.177189,0.180624,0.248153,0.056691,0.179662,0.218231,0.259089,0.182627
755,3.145833,0.316116,0.368556,0.240151,0.278812,0.302288,0.200867,0.252821,0.177188,0.180624,0.248153,0.056691,0.179661,0.218230,0.259087,0.182623
756,3.150000,0.316115,0.368556,0.240152,0.278813,0.302288,0.200866,0.252825,0.177185,0.180632,0.248153,0.056691,0.179664,0.218233,0.259086,0.182626
757,3.154167,0.316112,0.368557,0.240153,0.278814,0.302285,0.200863,0.252819,0.177190,0.180623,0.248154,0.056691,0.179660,0.218232,0.259087,0.182623
758,3.158333,0.316111,0.368557,0.240153,0.278813,0.302285,0.200863,0.252819,0.177189,0.180624,0.248156,0.056689,0.179661,0.218234,0.259086,0.182621
759,3.162500,0.316120,0.368552,0.240170,0.278810,0.302286,0.200870,0.252828,0.177184,0.180629,0.248157,0.056691,0.179658,0.218235,0.259086,0.182620
760,3.166667,0.316115,0.368553,0.240173,0.278814,0.302285,0.200867,0.252822,0.177189,0.180623,0.248156,0.056692,0.179658,0.218236,0.259086,0.182621
761,3.170833,0.316099,0.368561,0.240166,0.278814,0.302289,0.200871,0.252829,0.177182,0.180626,0.248156,0.056692,0.179658,0.218238,0.259086,0.182615
762,3.175000,0.316094,0.368565,0.240176,0.278813,0.302290,0.200873,0.252832,0.177182,0.180625,0.248155,0.056691,0.179657,0.218240,0.259086,0.182614
763,3.179167,0.316088,0.368567,0.240182,0.278811,0.302284,0.200871,0.252824,0.177187,0.180618,0.248157,0.056691,0.179660,0.218240,0.259085,0.182611
764,3.183333,0.316096,0.368563,0.240196,0.278813,0.302285,0.200873,0.252827,0.177189,0.180619,0.248156,0.056692,0.179657,0.218245,0.259085,0.182609
765,3.187500,0.316076,0.368572,0.240192,0.278810,0.302287,0.200881,0.252834,0.177182,0.180623,0.248158,0.056692,0.179653,0.218244,0.259087,0.182608
766,3.191667,0.316068,0.368574,0.240197,0.278815,0.302287,0.200876,0.252834,0.177180,0.180624,0.248156,0.056693,0.179659,0.218246,0.259086,0.182607
767,3.195833,0.316060,0.368577,0.240201,0.278814,0.302291,0.200882,0.252836,0.177183,0.180622,0.248158,0.056693,0.179654,0.218250,0.259086,0.182601
768,3.200000,0.316065,0.368572,0.240220,0.278818,0.302287,0.200878,0.252836,0.177182,0.180621,0.248157,0.056693,0.179658,0.218249,0.259086,0.182599
769,3.204167,0.316060,0.368576,0.240228,0.278817,0.302289,0.200882,0.252838,0.177183,0.180623,0.248157,0.056693,0.179656,0.218251,0.259085,0.182595
770,3.208333,0.316039,0.368588,0.240219,0.278816,0.302293,0.200885,0.252840,0.177182,0.180620,0.248157,0.056694,0.179654,0.218255,0.259086,0.182593
771,3.212500,0.316033,0.368590,0.240225,0.278818,0.302291,0.200891,0.252841,0.177183,0.180621,0.248159,0.056694,0.179651,0.218257,0.259087,0.182591
772,3.216667,0.316026,0.368594,0.240232,0.278818,0.302289,0.200890,0.252841,0.177182,0.180624,0.248158,0.056696,0.179651,0.218262,0.259099,0.182606
773,3.220833,0.316012,0.368604,0.240234,0.278819,0.302291,0.200888,0.252841,0.177182,0.180620,0.248159,0.056693,0.179655,0.218266,0.259090,0.182591
774,3.225000,0.316005,0.368606,0.240242,0.278819,0.302289,0.200889,0.252843,0.177182,0.180623,0.248159,0.056694,0.179651,0.218259,0.259095,0.182596
775,3.229167,0.316002,0.368608,0.240244,0.278818,0.302292,0.200894,0.252843,0.177182,0.180622,0.248159,0.056694,0.179651,0.218264,0.259086,0.182583
776,3.233333,0.315995,0.368612,0.240249,0.278820,0.302294,0.200894,0.252844,0.177180,0.180621,0.248156,0.056694,0.179652,0.218268,0.259100,0.182599
777,3.237500,0.315990,0.368613,0.240254,0.278821,0.302291,0.200892,0.252845,0.177183,0.180623,0.248157,0.056696,0.179652,0.218271,0.259099,0.182598
778,3.241667,0.315986,0.368613,0.240258,0.278820,0.302294,0.200898,0.252857,0.177178,0.180597,0.248156,0.056693,0.179651,0.218266,0.259093,0.182588
779,3.245833,0.315983,0.368616,0.240262,0.278820,0.302292,0.200895,0.252848,0.177181,0.180619,0.248157,0.056694,0.179649,0.218267,0.259095,0.182585
780,3.250000,0.315980,0.368619,0.240265,0.278821,0.302294,0.200898,0.252857,0.177179,0.180596,0.248157,0.056693,0.179649,0.218269,0.259095,0.182585
781,3.254167,0.315978,0.368619,0.240263,0.278821,0.302295,0.200898,0.252846,0.177181,0.180618,0.248158,0.056692,0.179647,0.218271,0.259095,0.182569
782,3.258333,0.315975,0.368616,0.240273,0.278822,0.302295,0.200898,0.252848,0.177179,0.180618,0.248157,0.056696,0.179648,0.218272,0.259094,0.182567
783,3.262500,0.315973,0.368622,0.240268,0.278821,0.302296,0.200900,0.252850,0.177181,0.180618,0.248158,0.056694,0.179647,0.218277,0.259099,0.182574
784,3.266667,0.315971,0.368619,0.240272,0.278821,0.302295,0.200901,0.252859,0.177180,0.180594,0.248155,0.056694,0.179650,0.218269,0.259093,0.182581
785,3.270833,0.315970,0.368622,0.240267,0.278824,0.302291,0.200904,0.252859,0.177177,0.180594,0.248154,0.056694,0.179647,0.218273,0.259096,0.182564
786,3.275000,0.315972,0.368622,0.240268,0.278821,0.302294,0.200900,0.252858,0.177180,0.180593,0.248156,0.056694,0.179648,0.218275,0.259095,0.182564
787,3.279167,0.315975,0.368622,0.240264,0.278822,0.302290,0.200895,0.252846,0.177181,0.180618,0.248156,0.056693,0.179647,0.218280,0.259088,0.182550
788,3.283333,0.315975,0.368622,0.240264,0.278814,0.302301,0.200890,0.252855,0.177178,0.180595,0.248155,0.056694,0.179648,0.218270,0.259095,0.182569
789,3.287500,0.315980,0.368619,0.240257,0.278822,0.302292,0.200899,0.252847,0.177182,0.180618,0.248156,0.056696,0.179648,0.218270,0.259097,0.182568
790,3.291667,0.315983,0.368620,0.240256,0.278822,0.302295,0.200898,0.252845,0.177181,0.180618,0.248155,0.056693,0.179650,0.218269,0.259095,0.182569
791,3.295833,0.315987,0.368615,0.240254,0.278820,0.302289,0.200893,0.252854,0.177180,0.180594,0.248155,0.056693,0.179651,0.218268,0.259094,0.182568
792,3.300000,0.315991,0.368611,0.240250,0.278820,0.302293,0.200895,0.252844,0.177181,0.180617,0.248156,0.056692,0.179649,0.218261,0.259094,0.182586
793,3.304167,0.315995,0.368611,0.240246,0.278820,0.302290,0.200893,0.252853,0.177181,0.180594,0.248154,0.056691,0.179653,0.218259,0.259093,0.182590
794,3.308333,0.315998,0.368607,0.240241,0.278817,0.302295,0.200892,0.252851,0.177178,0.180597,0.248153,0.056692,0.179656,0.218268,0.259091,0.182587
795,3.312500,0.316006,0.368597,0.240238,0.278813,0.302291,0.200888,0.252841,0.177181,0.180620,0.248154,0.056691,0.179655,0.218260,0.259085,0.182582
796,3.316667,0.316013,0.368597,0.240232,0.278817,0.302290,0.200885,0.252850,0.177178,0.180596,0.248153,0.056691,0.179657,0.218253,0.259093,0.182596
797,3.320833,0.316016,0.368595,0.240229,0.278815,0.302295,0.200886,0.252848,0.177179,0.180597,0.248154,0.056691,0.179656,0.218255,0.259085,0.182586
798,3.325000,0.316026,0.368588,0.240224,0.278815,0.302289,0.200881,0.252836,0.177181,0.180623,0.248156,0.056689,0.179656,0.218253,0.259083,0.182587
799,3.329167,0.316031,0.368587,0.240217,0.278814,0.302289,0.200879,0.252836,0.177182,0.180623,0.248153,0.056690,0.179660,0.218250,0.259085,0.182589
800,3.333333,0.316036,0.368585,0.240213,0.278814,0.302291,0.200878,0.252834,0.177183,0.180622,0.248153,0.056689,0.179658,0.218249,0.259086,0.182594
801,3.337500,0.316042,0.368584,0.240205,0.278814,0.302289,0.200876,0.252832,0.177183,0.180624,0.248155,0.056689,0.179659,0.218246,0.259085,0.182597
802,3.341667,0.316046,0.368580,0.240199,0.278810,0.302289,0.200874,0.252832,0.177182,0.180626,0.248154,0.056690,0.179658,0.218242,0.259085,0.182599
803,3.345833,0.316051,0.368581,0.240195,0.278808,0.302292,0.200878,0.252830,0.177183,0.180626,0.248154,0.056689,0.179660,0.218238,0.259085,0.182603
804,3.350000,0.316058,0.368579,0.240187,0.278809,0.302289,0.200871,0.252828,0.177183,0.180626,0.248154,0.056689,0.179662,0.218238,0.259084,0.182604
805,3.354167,0.316061,0.368578,0.240183,0.278804,0.302286,0.200871,0.252830,0.177184,0.180628,0.248154,0.056690,0.179660,0.218236,0.259086,0.182609
806,3.358333,0.316064,0.368577,0.240177,0.278805,0.302289,0.200870,0.252826,0.177183,0.180630,0.248151,0.056689,0.179664,0.218231,0.259085,0.182611
807,3.362500,0.316070,0.368578,0.240173,0.278805,0.302289,0.200870,0.252826,0.177185,0.180628,0.248153,0.056688,0.179664,0.218230,0.259083,0.182612
808,3.366667,0.316073,0.368575,0.240165,0.278804,0.302289,0.200869,0.252829,0.177186,0.180604,0.248154,0.056687,0.179667,0.218231,0.259085,0.182614
809,3.370833,0.316074,0.368577,0.240166,0.278802,0.302290,0.200867,0.252826,0.177184,0.180630,0.248153,0.056689,0.179667,0.218228,0.259084,0.182619
810,3.375000,0.316077,0.368575,0.240164,0.278797,0.302292,0.200868,0.252824,0.177184,0.180630,0.248155,0.056688,0.179668,0.218227,0.259084,0.182619
811,3.379167,0.316078,0.368572,0.240156,0.278801,0.302290,0.200865,0.252816,0.177189,0.180626,0.248153,0.056687,0.179666,0.218224,0.259084,0.182623
812,3.383333,0.316079,0.368571,0.240152,0.278799,0.302290,0.200862,0.252824,0.177182,0.180633,0.248153,0.056687,0.179666,0.218225,0.259083,0.182621
813,3.387500,0.316078,0.368571,0.240151,0.278792,0.302296,0.200855,0.252824,0.177182,0.180632,0.248155,0.056686,0.179664,0.218222,0.259083,0.182624
814,3.391667,0.316081,0.368573,0.240151,0.278798,0.302291,0.200863,0.252817,0.177190,0.180626,0.248157,0.056684,0.179666,0.218222,0.259082,0.182623
815,3.395833,0.316078,0.368573,0.240150,0.278791,0.302287,0.200864,0.252824,0.177185,0.180630,0.248154,0.056686,0.179667,0.218220,0.259081,0.182624
816,3.400000,0.316078,0.368573,0.240150,0.278796,0.302290,0.200866,0.252822,0.177182,0.180633,0.248154,0.056686,0.179664,0.218221,0.259084,0.182627
817,3.404167,0.316074,0.368574,0.240154,0.278796,0.302291,0.200865,0.252816,0.177189,0.180625,0.248153,0.056690,0.179665,0.218222,0.259084,0.182625
818,3.408333,0.316073,0.368576,0.240155,0.278791,0.302287,0.200867,0.252822,0.177183,0.180634,0.248152,0.056687,0.179665,0.218222,0.259081,0.182624
819,3.412500,0.316069,0.368579,0.240158,0.278790,0.302289,0.200866,0.252823,0.177183,0.180634,0.248152,0.056688,0.179666,0.218221,0.259083,0.182624
820,3.416667,0.316067,0.368583,0.240163,0.278794,0.302291,0.200869,0.252818,0.177189,0.180627,0.248156,0.056688,0.179661,0.218221,0.259083,0.182622
821,3.420833,0.316061,0.368580,0.240165,0.278791,0.302288,0.200872,0.252826,0.177182,0.180634,0.248156,0.056689,0.179663,0.218225,0.259084,0.182622
822,3.425000,0.316057,0.368585,0.240174,0.278785,0.302296,0.200867,0.252824,0.177185,0.180633,0.248156,0.056691,0.179665,0.218226,0.259085,0.182622
823,3.429167,0.316054,0.368586,0.240180,0.278785,0.302297,0.200868,0.252827,0.177187,0.180634,0.248155,0.056691,0.179662,0.218228,0.259086,0.182618
824,3.433333,0.316049,0.368589,0.240186,0.278796,0.302292,0.200874,0.252829,0.177185,0.180631,0.248155,0.056690,0.179662,0.218229,0.259084,0.182616
825,3.437500,0.316041,0.368590,0.240192,0.278784,0.302296,0.200870,0.252828,0.177185,0.180632,0.248156,0.056693,0.179660,0.218230,0.259083,0.182612
826,3.441667,0.316036,0.368589,0.240197,0.278788,0.302295,0.200872,0.252830,0.177183,0.180633,0.248157,0.056691,0.179660,0.218231,0.259083,0.182610
827,3.445833,0.316032,0.368591,0.240202,0.278793,0.302290,0.200880,0.252831,0.177183,0.180630,0.248156,0.056692,0.179658,0.218234,0.259082,0.182608
828,3.450000,0.316028,0.368593,0.240209,0.278793,0.302290,0.200883,0.252832,0.177184,0.180630,0.248156,0.056692,0.179658,0.218237,0.259083,0.182605
829,3.454167,0.316017,0.368596,0.240215,0.278798,0.302294,0.200886,0.252831,0.177185,0.180628,0.248158,0.056691,0.179655,0.218239,0.259083,0.182600
830,3.458333,0.316005,0.368602,0.240222,0.278796,0.302291,0.200886,0.252833,0.177183,0.180628,0.248158,0.056689,0.179655,0.218242,0.259084,0.182598
831,3.462500,0.315999,0.368604,0.240230,0.278793,0.302298,0.200882,0.252834,0.177184,0.180628,0.248157,0.056692,0.179655,0.218243,0.259082,0.182594
832,3.466667,0.315994,0.368605,0.240236,0.278794,0.302300,0.200884,0.252836,0.177184,0.180625,0.248159,0.056690,0.179655,0.218246,0.259082,0.182590
833,3.470833,0.315989,0.368607,0.240239,0.278794,0.302299,0.200886,0.252837,0.177183,0.180626,0.248158,0.056693,0.179654,0.218246,0.259084,0.182589
834,3.475000,0.315982,0.368610,0.240246,0.278801,0.302293,0.200896,0.252838,0.177184,0.180623,0.248158,0.056691,0.179650,0.218250,0.259083,0.182583
