0,0.000000,0.198922,0.330812,0.176480,0.205429,0.183820,0.177609,0.180233,0.418526,0.177631,0.207497,0.056883,0.180427,0.160361,0.258245,0.173789,,,,,,,,,,,,,,,
1,0.004167,0.198921,0.330812,0.176485,0.205430,0.183820,0.177611,0.180234,0.418525,0.177636,0.207500,0.056882,0.180424,0.160364,0.258248,0.173792,,,,,,,,,,,,,,,
2,0.008333,0.198918,0.330810,0.176487,0.205430,0.183820,0.177607,0.180233,0.418524,0.177638,0.207503,0.056882,0.180421,0.160364,0.258247,0.173796,,,,,,,,,,,,,,,
3,0.012500,0.198916,0.330810,0.176490,0.205431,0.183821,0.177608,0.180233,0.418524,0.177638,0.207503,0.056881,0.180420,0.160363,0.258242,0.173788,,,,,,,,,,,,,,,
4,0.016667,0.198914,0.330809,0.176493,0.205431,0.183820,0.177607,0.180226,0.418522,0.177639,0.207506,0.056881,0.180419,0.160368,0.258241,0.173794,,,,,,,,,,,,,,,
5,0.020833,0.198909,0.330809,0.176496,0.205435,0.183821,0.177607,0.180217,0.418524,0.177647,0.207506,0.056882,0.180416,0.160362,0.258245,0.173799,,,,,,,,,,,,,,,
6,0.025000,0.198905,0.330812,0.176499,0.205437,0.183820,0.177606,0.180206,0.418524,0.177646,0.207506,0.056883,0.180416,0.160364,0.258240,0.173801,,,,,,,,,,,,,,,
7,0.029167,0.198900,0.330813,0.176501,0.205437,0.183819,0.177605,0.180191,0.418522,0.177643,0.207507,0.056884,0.180415,0.160364,0.258244,0.173803,,,,,,,,,,,,,,,
8,0.033333,0.198898,0.330814,0.176504,0.205439,0.183819,0.177606,0.180176,0.418521,0.177644,0.207510,0.056884,0.180411,0.160364,0.258243,0.173802,,,,,,,,,,,,,,,
9,0.037500,0.198896,0.330814,0.176507,0.205443,0.183820,0.177605,0.180155,0.418518,0.177641,0.207511,0.056885,0.180415,0.160368,0.258237,0.173808,,,,,,,,,,,,,,,
10,0.041667,0.198891,0.330814,0.176510,0.205447,0.183822,0.177606,0.180136,0.418519,0.177641,0.207515,0.056884,0.180412,0.160366,0.258239,0.173803,,,,,,,,,,,,,,,
11,0.045833,0.198887,0.330816,0.176511,0.205451,0.183820,0.177605,0.180119,0.418518,0.177642,0.207515,0.056884,0.180412,0.160367,0.258235,0.173808,,,,,,,,,,,,,,,
12,0.050000,0.198884,0.330819,0.176514,0.205455,0.183818,0.177609,0.180099,0.418515,0.177649,0.207513,0.056886,0.180409,0.160370,0.258235,0.173806,,,,,,,,,,,,,,,
13,0.054167,0.198881,0.330820,0.176516,0.205459,0.183818,0.177609,0.180077,0.418519,0.177656,0.207514,0.056887,0.180410,0.160372,0.258235,0.173812,,,,,,,,,,,,,,,
14,0.058333,0.198877,0.330820,0.176517,0.205464,0.183816,0.177611,0.180058,0.418516,0.177655,0.207516,0.056885,0.180412,0.160377,0.258233,0.173808,,,,,,,,,,,,,,,
15,0.062500,0.198874,0.330822,0.176519,0.205469,0.183815,0.177609,0.180035,0.418515,0.177655,0.207515,0.056884,0.180409,0.160375,0.258227,0.173809,,,,,,,,,,,,,,,
16,0.066667,0.198870,0.330825,0.176520,0.205473,0.183815,0.177610,0.180015,0.418514,0.177654,0.207519,0.056883,0.180408,0.160377,0.258224,0.173808,,,,,,,,,,,,,,,
17,0.070833,0.198865,0.330826,0.176520,0.205477,0.183811,0.177612,0.180000,0.418515,0.177655,0.207518,0.056886,0.180409,0.160384,0.258221,0.173811,,,,,,,,,,,,,,,
18,0.075000,0.198864,0.330826,0.176520,0.205482,0.183812,0.177612,0.179975,0.418508,0.177650,0.207515,0.056884,0.180410,0.160386,0.258219,0.173812,,,,,,,,,,,,,,,
19,0.079167,0.198864,0.330828,0.176521,0.205486,0.183811,0.177613,0.179960,0.418510,0.177653,0.207518,0.056883,0.180407,0.160386,0.258220,0.173820,,,,,,,,,,,,,,,
20,0.083333,0.198863,0.330830,0.176521,0.205499,0.183810,0.177619,0.179945,0.418510,0.177656,0.207520,0.056884,0.180408,0.160386,0.258221,0.173817,,,,,,,,,,,,,,,
21,0.087500,0.198863,0.330830,0.176521,0.205504,0.183810,0.177621,0.179932,0.418509,0.177654,0.207522,0.056882,0.180406,0.160391,0.258218,0.173817,,,,,,,,,,,,,,,
22,0.091667,0.198862,0.330833,0.176520,0.205508,0.183807,0.177622,0.179922,0.418507,0.177653,0.207522,0.056881,0.180406,0.160394,0.258215,0.173817,,,,,,,,,,,,,,,
23,0.095833,0.198862,0.330834,0.176519,0.205512,0.183806,0.177623,0.179911,0.418506,0.177650,0.207519,0.056884,0.180408,0.160397,0.258214,0.173816,,,,,,,,,,,,,,,
24,0.100000,0.198863,0.330836,0.176518,0.205513,0.183805,0.177619,0.179903,0.418507,0.177649,0.207520,0.056882,0.180405,0.160402,0.258213,0.173814,,,,,,,,,,,,,,,
25,0.104167,0.198865,0.330838,0.176516,0.205507,0.183804,0.177609,0.179898,0.418509,0.177649,0.207519,0.056884,0.180405,0.160403,0.258207,0.173814,,,,,,,,,,,,,,,
26,0.108333,0.198864,0.330838,0.176517,0.205515,0.183804,0.177619,0.179893,0.418508,0.177648,0.207517,0.056885,0.180409,0.160405,0.258210,0.173810,,,,,,,,,,,,,,,
27,0.112500,0.198865,0.330843,0.176517,0.205517,0.183805,0.177619,0.179887,0.418508,0.177642,0.207515,0.056887,0.180406,0.160411,0.258208,0.173810,,,,,,,,,,,,,,,
28,0.116667,0.198868,0.330841,0.176513,0.205520,0.183806,0.177616,0.179886,0.418510,0.177642,0.207514,0.056889,0.180405,0.160407,0.258213,0.173810,,,,,,,,,,,,,,,
29,0.120833,0.198870,0.330843,0.176512,0.205520,0.183804,0.177618,0.179886,0.418509,0.177638,0.207512,0.056883,0.180407,0.160409,0.258215,0.173808,,,,,,,,,,,,,,,
30,0.125000,0.198872,0.330844,0.176509,0.205518,0.183806,0.177618,0.179888,0.418511,0.177633,0.207509,0.056887,0.180406,0.160414,0.258217,0.173807,,,,,,,,,,,,,,,
31,0.129167,0.198877,0.330846,0.176504,0.205507,0.183805,0.177607,0.179892,0.418511,0.177628,0.207507,0.056889,0.180407,0.160413,0.258217,0.173808,,,,,,,,,,,,,,,
32,0.133333,0.198879,0.330846,0.176504,0.205515,0.183806,0.177614,0.179899,0.418512,0.177625,0.207505,0.056890,0.180404,0.160412,0.258219,0.173807,,,,,,,,,,,,,,,
33,0.137500,0.198885,0.330845,0.176500,0.205512,0.183807,0.177612,0.179905,0.418515,0.177622,0.207503,0.056892,0.180407,0.160409,0.258218,0.173799,,,,,,,,,,,,,,,
34,0.141667,0.198888,0.330847,0.176496,0.205501,0.183808,0.177604,0.179916,0.418517,0.177617,0.207500,0.056895,0.180406,0.160408,0.258218,0.173795,,,,,,,,,,,,,,,
35,0.145833,0.198891,0.330848,0.176495,0.205496,0.183807,0.177603,0.179926,0.418517,0.177614,0.207501,0.056889,0.180406,0.160411,0.258225,0.173793,,,,,,,,,,,,,,,
36,0.150000,0.198895,0.330848,0.176491,0.205494,0.183809,0.177601,0.179940,0.418520,0.177603,0.207499,0.056892,0.180406,0.160408,0.258224,0.173789,,,,,,,,,,,,,,,
37,0.154167,0.198900,0.330845,0.176488,0.205491,0.183809,0.177604,0.179956,0.418521,0.177601,0.207496,0.056894,0.180410,0.160405,0.258228,0.173785,,,,,,,,,,,,,,,
38,0.158333,0.198904,0.330844,0.176484,0.205487,0.183810,0.177602,0.179972,0.418520,0.177598,0.207494,0.056892,0.180412,0.160405,0.258230,0.173784,,,,,,,,,,,,,,,
39,0.162500,0.198909,0.330844,0.176481,0.205481,0.183811,0.177602,0.179992,0.418527,0.177596,0.207494,0.056891,0.180411,0.160405,0.258232,0.173786,,,,,,,,,,,,,,,
40,0.166667,0.198913,0.330842,0.176479,0.205479,0.183810,0.177601,0.180013,0.418529,0.177595,0.207490,0.056893,0.180414,0.160399,0.258230,0.173780,,,,,,,,,,,,,,,
41,0.170833,0.198916,0.330840,0.176476,0.205475,0.183814,0.177600,0.180033,0.418528,0.177590,0.207492,0.056893,0.180418,0.160399,0.258234,0.173778,,,,,,,,,,,,,,,
42,0.175000,0.198922,0.330838,0.176471,0.205471,0.183813,0.177600,0.180054,0.418526,0.177581,0.207493,0.056890,0.180419,0.160397,0.258235,0.173772,,,,,,,,,,,,,,,
43,0.179167,0.198924,0.330837,0.176467,0.205467,0.183814,0.177599,0.180075,0.418527,0.177579,0.207492,0.056892,0.180422,0.160396,0.258239,0.173776,,,,,,,,,,,,,,,
44,0.183333,0.198927,0.330835,0.176465,0.205465,0.183813,0.177601,0.180098,0.418528,0.177579,0.207491,0.056889,0.180425,0.160394,0.258241,0.173773,,,,,,,,,,,,,,,
45,0.187500,0.198931,0.330831,0.176462,0.205460,0.183813,0.177601,0.180117,0.418526,0.177577,0.207492,0.056890,0.180426,0.160388,0.258240,0.173780,,,,,,,,,,,,,,,
46,0.191667,0.198932,0.330829,0.176458,0.205455,0.183817,0.177601,0.180139,0.418526,0.177575,0.207494,0.056889,0.180426,0.160394,0.258241,0.173770,,,,,,,,,,,,,,,
47,0.195833,0.198935,0.330827,0.176456,0.205453,0.183816,0.177599,0.180161,0.418530,0.177578,0.207493,0.056889,0.180432,0.160393,0.258236,0.173762,,,,,,,,,,,,,,,
48,0.200000,0.198939,0.330824,0.176451,0.205449,0.183816,0.177602,0.180181,0.418530,0.177577,0.207494,0.056886,0.180433,0.160392,0.258239,0.173764,,,,,,,,,,,,,,,
49,0.204167,0.198941,0.330823,0.176450,0.205446,0.183818,0.177602,0.180199,0.418530,0.177572,0.207496,0.056887,0.180435,0.160383,0.258245,0.173768,,,,,,,,,,,,,,,
50,0.208333,0.198941,0.330821,0.176447,0.205444,0.183818,0.177602,0.180213,0.418529,0.177571,0.207495,0.056886,0.180437,0.160377,0.258251,0.173770,,,,,,,,,,,,,,,
51,0.212500,0.198941,0.330820,0.176443,0.205441,0.183819,0.177603,0.180225,0.418529,0.177571,0.207496,0.056888,0.180434,0.160378,0.258249,0.173763,,,,,,,,,,,,,,,
52,0.216667,0.198942,0.330818,0.176441,0.205439,0.183819,0.177602,0.180237,0.418530,0.177574,0.207495,0.056886,0.180433,0.160378,0.258248,0.173765,,,,,,,,,,,,,,,
53,0.220833,0.198941,0.330817,0.176438,0.205436,0.183818,0.177603,0.180247,0.418530,0.177576,0.207497,0.056884,0.180435,0.160376,0.258253,0.173763,,,,,,,,,,,,,,,
54,0.225000,0.198941,0.330817,0.176436,0.205432,0.183827,0.177603,0.180251,0.418531,0.177576,0.207497,0.056883,0.180437,0.160372,0.258249,0.173765,,,,,,,,,,,,,,,
55,0.229167,0.198939,0.330814,0.176434,0.205432,0.183819,0.177603,0.180253,0.418529,0.177581,0.207498,0.056885,0.180439,0.160374,0.258249,0.173758,,,,,,,,,,,,,,,
56,0.233333,0.198938,0.330812,0.176432,0.205432,0.183819,0.177607,0.180254,0.418529,0.177583,0.207500,0.056886,0.180439,0.160368,0.258250,0.173767,,,,,,,,,,,,,,,
57,0.237500,0.198937,0.330812,0.176430,0.205430,0.183826,0.177602,0.180257,0.418530,0.177582,0.207500,0.056882,0.180441,0.160371,0.258249,0.173771,,,,,,,,,,,,,,,
58,0.241667,0.198936,0.330813,0.176433,0.205430,0.183822,0.177606,0.180257,0.418530,0.177578,0.207500,0.056883,0.180439,0.160369,0.258252,0.173767,,,,,,,,,,,,,,,
59,0.245833,0.198934,0.330811,0.176431,0.205432,0.183828,0.177604,0.180275,0.418542,0.177593,0.207502,0.056880,0.180441,0.160366,0.258251,0.173772,,,,,,,,,,,,,,,
60,0.250000,0.198932,0.330813,0.176432,0.205434,0.183827,0.177604,0.180251,0.418528,0.177583,0.207503,0.056882,0.180443,0.160364,0.258254,0.173774,,,,,,,,,,,,,,,
61,0.254167,0.198929,0.330812,0.176433,0.205437,0.183820,0.177608,0.180239,0.418528,0.177580,0.207507,0.056881,0.180444,0.160367,0.258248,0.173772,,,,,,,,,,,,,,,
62,0.258333,0.198928,0.330812,0.176437,0.205439,0.183820,0.177611,0.180232,0.418526,0.177583,0.207511,0.056880,0.180443,0.160365,0.258242,0.173774,,,,,,,,,,,,,,,
63,0.262500,0.198925,0.330812,0.176440,0.205441,0.183819,0.177609,0.180221,0.418524,0.177581,0.207509,0.056883,0.180442,0.160369,0.258245,0.173774,,,,,,,,,,,,,,,
64,0.266667,0.198922,0.330812,0.176439,0.205443,0.183819,0.177610,0.180210,0.418524,0.177583,0.207511,0.056882,0.180438,0.160370,0.258243,0.173778,,,,,,,,,,,,,,,
65,0.270833,0.198919,0.330813,0.176443,0.205449,0.183819,0.177612,0.180196,0.418525,0.177587,0.207512,0.056879,0.180441,0.160365,0.258241,0.173776,,,,,,,,,,,,,,,
66,0.275000,0.198914,0.330818,0.176448,0.205452,0.183818,0.177613,0.180180,0.418524,0.177586,0.207511,0.056882,0.180438,0.160372,0.258238,0.173779,,,,,,,,,,,,,,,
67,0.279167,0.198910,0.330818,0.176450,0.205455,0.183815,0.177612,0.180161,0.418524,0.177585,0.207509,0.056884,0.180435,0.160376,0.258235,0.173781,,,,,,,,,,,,,,,
68,0.283333,0.198908,0.330818,0.176454,0.205457,0.183815,0.177612,0.180146,0.418523,0.177588,0.207511,0.056882,0.180431,0.160377,0.258235,0.173784,,,,,,,,,,,,,,,
69,0.287500,0.198907,0.330818,0.176460,0.205462,0.183814,0.177613,0.180124,0.418519,0.177586,0.207512,0.056880,0.180426,0.160381,0.258233,0.173785,,,,,,,,,,,,,,,
70,0.291667,0.198903,0.330820,0.176464,0.205467,0.183814,0.177613,0.180104,0.418520,0.177590,0.207514,0.056880,0.180424,0.160380,0.258229,0.173785,,,,,,,,,,,,,,,
71,0.295833,0.198900,0.330822,0.176469,0.205470,0.183810,0.177613,0.180084,0.418518,0.177593,0.207515,0.056881,0.180423,0.160382,0.258228,0.173785,,,,,,,,,,,,,,,
72,0.300000,0.198898,0.330823,0.176472,0.205472,0.183811,0.177613,0.180063,0.418517,0.177595,0.207517,0.056878,0.180415,0.160385,0.258226,0.173791,,,,,,,,,,,,,,,
73,0.304167,0.198893,0.330825,0.176476,0.205484,0.183811,0.177621,0.180041,0.418516,0.177595,0.207514,0.056877,0.180418,0.160386,0.258223,0.173798,,,,,,,,,,,,,,,
74,0.308333,0.198891,0.330829,0.176478,0.205480,0.183809,0.177614,0.180025,0.418519,0.177600,0.207515,0.056877,0.180412,0.160388,0.258224,0.173798,,,,,,,,,,,,,,,
75,0.312500,0.198890,0.330831,0.176485,0.205484,0.183810,0.177611,0.180006,0.418519,0.177602,0.207516,0.056881,0.180412,0.160392,0.258224,0.173799,,,,,,,,,,,,,,,
76,0.316667,0.198888,0.330833,0.176489,0.205489,0.183811,0.177614,0.179988,0.418518,0.177606,0.207517,0.056883,0.180409,0.160398,0.258220,0.173801,,,,,,,,,,,,,,,
77,0.320833,0.198887,0.330834,0.176497,0.205490,0.183810,0.177614,0.179964,0.418511,0.177617,0.207517,0.056881,0.180408,0.160398,0.258215,0.173800,,,,,,,,,,,,,,,
78,0.325000,0.198884,0.330834,0.176504,0.205491,0.183808,0.177614,0.179950,0.418510,0.177624,0.207515,0.056878,0.180407,0.160401,0.258219,0.173804,,,,,,,,,,,,,,,
79,0.329167,0.198882,0.330837,0.176508,0.205505,0.183810,0.177618,0.179941,0.418511,0.177630,0.207517,0.056882,0.180409,0.160401,0.258223,0.173809,,,,,,,,,,,,,,,
80,0.333333,0.198884,0.330837,0.176512,0.205500,0.183809,0.177613,0.179930,0.418511,0.177636,0.207516,0.056883,0.180406,0.160402,0.258220,0.173811,,,,,,,,,,,,,,,
81,0.337500,0.198885,0.330839,0.176516,0.205509,0.183809,0.177618,0.179921,0.418513,0.177643,0.207515,0.056886,0.180405,0.160402,0.258219,0.173812,,,,,,,,,,,,,,,
82,0.341667,0.198881,0.330842,0.176521,0.205502,0.183809,0.177611,0.179914,0.418512,0.177646,0.207515,0.056884,0.180405,0.160407,0.258221,0.173813,,,,,,,,,,,,,,,
83,0.345833,0.198881,0.330844,0.176525,0.205509,0.183808,0.177618,0.179909,0.418513,0.177650,0.207513,0.056886,0.180405,0.160408,0.258218,0.173812,,,,,,,,,,,,,,,
84,0.350000,0.198880,0.330843,0.176528,0.205502,0.183808,0.177610,0.179908,0.418511,0.177652,0.207511,0.056885,0.180401,0.160412,0.258218,0.173813,,,,,,,,,,,,,,,
85,0.354167,0.198882,0.330844,0.176529,0.205502,0.183808,0.177606,0.179909,0.418513,0.177662,0.207511,0.056887,0.180401,0.160415,0.258214,0.173806,,,,,,,,,,,,,,,
86,0.358333,0.198883,0.330843,0.176533,0.205511,0.183810,0.177614,0.179914,0.418512,0.177665,0.207513,0.056887,0.180401,0.160412,0.258209,0.173804,,,,,,,,,,,,,,,
87,0.362500,0.198886,0.330842,0.176533,0.205522,0.183824,0.177612,0.179918,0.418513,0.177669,0.207514,0.056883,0.180397,0.160414,0.258204,0.173803,,,,,,,,,,,,,,,
88,0.366667,0.198888,0.330843,0.176537,0.205510,0.183808,0.177614,0.179924,0.418512,0.177671,0.207511,0.056887,0.180397,0.160415,0.258209,0.173799,,,,,,,,,,,,,,,
89,0.370833,0.198888,0.330843,0.176539,0.205498,0.183808,0.177601,0.179934,0.418514,0.177678,0.207505,0.056890,0.180395,0.160412,0.258215,0.173799,,,,,,,,,,,,,,,
90,0.375000,0.198891,0.330842,0.176538,0.205497,0.183808,0.177600,0.179945,0.418512,0.177678,0.207503,0.056888,0.180397,0.160409,0.258218,0.173801,,,,,,,,,,,,,,,
91,0.379167,0.198895,0.330840,0.176534,0.205497,0.183808,0.177599,0.179956,0.418515,0.177680,0.207506,0.056886,0.180390,0.160414,0.258214,0.173795,,,,,,,,,,,,,,,
92,0.383333,0.198896,0.330840,0.176533,0.205494,0.183806,0.177596,0.179967,0.418512,0.177679,0.207506,0.056886,0.180391,0.160416,0.258208,0.173788,,,,,,,,,,,,,,,
93,0.387500,0.198896,0.330839,0.176534,0.205489,0.183808,0.177594,0.179980,0.418513,0.177682,0.207505,0.056888,0.180388,0.160409,0.258218,0.173789,,,,,,,,,,,,,,,
94,0.391667,0.198900,0.330837,0.176533,0.205488,0.183810,0.177592,0.179994,0.418512,0.177680,0.207504,0.056886,0.180385,0.160407,0.258224,0.173790,,,,,,,,,,,,,,,
95,0.395833,0.198903,0.330835,0.176529,0.205485,0.183808,0.177590,0.180008,0.418513,0.177681,0.207504,0.056886,0.180385,0.160403,0.258220,0.173790,,,,,,,,,,,,,,,
96,0.400000,0.198906,0.330834,0.176526,0.205481,0.183809,0.177589,0.180029,0.418518,0.177682,0.207503,0.056886,0.180388,0.160409,0.258219,0.173785,,,,,,,,,,,,,,,
97,0.404167,0.198907,0.330831,0.176521,0.205476,0.183811,0.177585,0.180045,0.418518,0.177679,0.207502,0.056887,0.180391,0.160400,0.258221,0.173784,,,,,,,,,,,,,,,
98,0.408333,0.198910,0.330830,0.176518,0.205470,0.183813,0.177587,0.180062,0.418519,0.177675,0.207499,0.056886,0.180394,0.160399,0.258227,0.173785,,,,,,,,,,,,,,,
99,0.412500,0.198910,0.330829,0.176513,0.205467,0.183815,0.177585,0.180074,0.418519,0.177668,0.207499,0.056885,0.180396,0.160394,0.258227,0.173781,,,,,,,,,,,,,,,
100,0.416667,0.198912,0.330828,0.176507,0.205462,0.183816,0.177586,0.180090,0.418521,0.177654,0.207499,0.056886,0.180400,0.160393,0.258235,0.173778,,,,,,,,,,,,,,,
101,0.420833,0.198914,0.330827,0.176501,0.205459,0.183816,0.177586,0.180107,0.418522,0.177658,0.207501,0.056889,0.180405,0.160386,0.258234,0.173778,,,,,,,,,,,,,,,
102,0.425000,0.198916,0.330827,0.176497,0.205454,0.183818,0.177586,0.180121,0.418525,0.177646,0.207500,0.056887,0.180410,0.160389,0.258241,0.173778,,,,,,,,,,,,,,,
103,0.429167,0.198915,0.330826,0.176491,0.205449,0.183818,0.177587,0.180130,0.418525,0.177642,0.207499,0.056885,0.180409,0.160384,0.258240,0.173776,,,,,,,,,,,,,,,
104,0.433333,0.198916,0.330826,0.176487,0.205446,0.183821,0.177589,0.180144,0.418527,0.177637,0.207497,0.056888,0.180418,0.160380,0.258244,0.173776,,,,,,,,,,,,,,,
105,0.437500,0.198917,0.330824,0.176480,0.205445,0.183821,0.177592,0.180158,0.418526,0.177631,0.207500,0.056886,0.180422,0.160378,0.258250,0.173772,,,,,,,,,,,,,,,
106,0.441667,0.198919,0.330824,0.176473,0.205441,0.183821,0.177593,0.180169,0.418529,0.177623,0.207499,0.056885,0.180425,0.160375,0.258250,0.173776,,,,,,,,,,,,,,,
107,0.445833,0.198920,0.330824,0.176468,0.205440,0.183823,0.177593,0.180176,0.418530,0.177614,0.207498,0.056888,0.180432,0.160370,0.258250,0.173771,,,,,,,,,,,,,,,
108,0.450000,0.198919,0.330822,0.176463,0.205436,0.183823,0.177598,0.180186,0.418531,0.177607,0.207499,0.056885,0.180434,0.160364,0.258253,0.173776,,,,,,,,,,,,,,,
109,0.454167,0.198919,0.330820,0.176458,0.205435,0.183824,0.177598,0.180191,0.418525,0.177597,0.207497,0.056885,0.180437,0.160370,0.258251,0.173771,,,,,,,,,,,,,,,
110,0.458333,0.198920,0.330816,0.176449,0.205436,0.183820,0.177604,0.180196,0.418524,0.177588,0.207498,0.056885,0.180439,0.160370,0.258246,0.173762,,,,,,,,,,,,,,,
111,0.462500,0.198923,0.330813,0.176442,0.205439,0.183819,0.177602,0.180201,0.418521,0.177580,0.207504,0.056881,0.180441,0.160371,0.258240,0.173763,,,,,,,,,,,,,,,
112,0.466667,0.198923,0.330809,0.176436,0.205438,0.183816,0.177604,0.180204,0.418519,0.177571,0.207507,0.056880,0.180441,0.160366,0.258238,0.173758,,,,,,,,,,,,,,,
113,0.470833,0.198922,0.330809,0.176432,0.205437,0.183816,0.177608,0.180205,0.418516,0.177569,0.207503,0.056879,0.180445,0.160363,0.258238,0.173761,,,,,,,,,,,,,,,
114,0.475000,0.198920,0.330807,0.176431,0.205437,0.183816,0.177612,0.180204,0.418515,0.177574,0.207502,0.056878,0.180450,0.160363,0.258240,0.173761,,,,,,,,,,,,,,,
115,0.479167,0.198918,0.330805,0.176424,0.205439,0.183816,0.177611,0.180200,0.418514,0.177576,0.207506,0.056879,0.180444,0.160366,0.258241,0.173764,,,,,,,,,,,,,,,
116,0.483333,0.198918,0.330802,0.176416,0.205443,0.183815,0.177613,0.180197,0.418512,0.177577,0.207507,0.056877,0.180448,0.160369,0.258234,0.173752,,,,,,,,,,,,,,,
117,0.487500,0.198916,0.330803,0.176415,0.205444,0.183812,0.177615,0.180192,0.418508,0.177578,0.207509,0.056877,0.180455,0.160370,0.258230,0.173757,,,,,,,,,,,,,,,
118,0.491667,0.198913,0.330799,0.176413,0.205443,0.183811,0.177616,0.180186,0.418504,0.177588,0.207506,0.056875,0.180452,0.160366,0.258233,0.173762,,,,,,,,,,,,,,,
119,0.495833,0.198914,0.330796,0.176418,0.205445,0.183811,0.177618,0.180177,0.418499,0.177608,0.207504,0.056873,0.180454,0.160369,0.258232,0.173762,,,,,,,,,,,,,,,
120,0.500000,0.198914,0.330794,0.176419,0.205449,0.183809,0.177620,0.180173,0.418498,0.177630,0.207504,0.056877,0.180450,0.160372,0.258235,0.173762,,,,,,,,,,,,,,,
121,0.504167,0.198914,0.330793,0.176420,0.205453,0.183808,0.177620,0.180171,0.418494,0.177667,0.207508,0.056876,0.180454,0.160373,0.258227,0.173756,,,,,,,,,,,,,,,
122,0.508333,0.198912,0.330794,0.176427,0.205457,0.183808,0.177620,0.180169,0.418491,0.177700,0.207506,0.056876,0.180453,0.160372,0.258224,0.173756,,,,,,,,,,,,,,,
123,0.512500,0.198910,0.330792,0.176431,0.205460,0.183807,0.177621,0.180165,0.418489,0.177741,0.207506,0.056876,0.180448,0.160371,0.258232,0.173761,,,,,,,,,,,,,,,
124,0.516667,0.198910,0.330791,0.176441,0.205461,0.183806,0.177619,0.180162,0.418490,0.177790,0.207503,0.056878,0.180445,0.160374,0.258232,0.173761,,,,,,,,,,,,,,,
125,0.520833,0.198913,0.330788,0.176450,0.205473,0.183806,0.177628,0.180162,0.418484,0.177836,0.207503,0.056878,0.180447,0.160373,0.258226,0.173764,,,,,,,,,,,,,,,
126,0.525000,0.198913,0.330782,0.176458,0.205472,0.183803,0.177618,0.180162,0.418482,0.177895,0.207504,0.056879,0.180443,0.160381,0.258218,0.173759,,,,,,,,,,,,,,,
127,0.529167,0.198914,0.330777,0.176472,0.205473,0.183798,0.177616,0.180149,0.418475,0.177967,0.207504,0.056878,0.180440,0.160383,0.258213,0.173752,,,,,,,,,,,,,,,
128,0.533333,0.198914,0.330770,0.176485,0.205476,0.183798,0.177617,0.180152,0.418473,0.178038,0.207503,0.056879,0.180438,0.160386,0.258208,0.173759,,,,,,,,,,,,,,,
129,0.537500,0.198917,0.330761,0.176501,0.205488,0.183793,0.177625,0.180160,0.418459,0.178109,0.207503,0.056878,0.180435,0.160384,0.258209,0.173758,,,,,,,,,,,,,,,
130,0.541667,0.198919,0.330749,0.176516,0.205486,0.183787,0.177617,0.180162,0.418436,0.178177,0.207502,0.056882,0.180436,0.160390,0.258199,0.173759,,,,,,,,,,,,,,,
131,0.545833,0.198924,0.330732,0.176528,0.205492,0.183780,0.177613,0.180171,0.418420,0.178261,0.207504,0.056879,0.180432,0.160389,0.258189,0.173759,,,,,,,,,,,,,,,
132,0.550000,0.198925,0.330717,0.176542,0.205494,0.183775,0.177613,0.180206,0.418401,0.178334,0.207505,0.056881,0.180432,0.160396,0.258178,0.173757,,,,,,,,,,,,,,,
133,0.554167,0.198918,0.330684,0.176564,0.205503,0.183770,0.177619,0.180231,0.418372,0.178452,0.207502,0.056883,0.180429,0.160395,0.258162,0.173752,,,,,,,,,,,,,,,
134,0.558333,0.198921,0.330659,0.176582,0.205507,0.183764,0.177618,0.180248,0.418349,0.178623,0.207501,0.056884,0.180424,0.160403,0.258154,0.173742,,,,,,,,,,,,,,,
135,0.562500,0.198925,0.330634,0.176607,0.205514,0.183756,0.177614,0.180304,0.418325,0.178793,0.207500,0.056885,0.180422,0.160407,0.258140,0.173734,,,,,,,,,,,,,,,
136,0.566667,0.198932,0.330611,0.176635,0.205518,0.183746,0.177613,0.180341,0.418298,0.178982,0.207501,0.056884,0.180420,0.160411,0.258121,0.173718,,,,,,,,,,,,,,,
137,0.570833,0.198937,0.330586,0.176673,0.205522,0.183738,0.177610,0.180397,0.418260,0.179220,0.207498,0.056883,0.180420,0.160415,0.258108,0.173698,,,,,,,,,,,,,,,
138,0.575000,0.198948,0.330559,0.176723,0.205515,0.183733,0.177599,0.180437,0.418223,0.179526,0.207497,0.056880,0.180418,0.160416,0.258102,0.173684,,,,,,,,,,,,,,,
139,0.579167,0.198971,0.330542,0.176791,0.205516,0.183732,0.177589,0.180505,0.418192,0.179876,0.207497,0.056885,0.180414,0.160414,0.258099,0.173664,,,,,,,,,,,,,,,
140,0.583333,0.198985,0.330516,0.176872,0.205527,0.183729,0.177588,0.180590,0.418188,0.180302,0.207494,0.056885,0.180410,0.160419,0.258088,0.173636,,,,,,,,,,,,,,,
141,0.587500,0.198998,0.330505,0.176950,0.205524,0.183728,0.177570,0.180673,0.418170,0.180749,0.207493,0.056886,0.180412,0.160418,0.258091,0.173608,,,,,,,,,,,,,,,
142,0.591667,0.199009,0.330498,0.177038,0.205524,0.183730,0.177552,0.180781,0.418183,0.181288,0.207491,0.056885,0.180407,0.160388,0.258142,0.173605,,,,,,,,,,,,,,,
143,0.595833,0.199029,0.330492,0.177153,0.205524,0.183736,0.177531,0.180875,0.418163,0.181859,0.207484,0.056883,0.180404,0.160405,0.258134,0.173574,,,,,,,,,,,,,,,
144,0.600000,0.199036,0.330484,0.177274,0.205523,0.183745,0.177508,0.180948,0.418131,0.182457,0.207484,0.056885,0.180394,0.160412,0.258133,0.173541,,,,,,,,,,,,,,,
145,0.604167,0.199053,0.330473,0.177404,0.205521,0.183750,0.177482,0.181046,0.418113,0.183060,0.207482,0.056884,0.180400,0.160298,0.258055,0.173458,,,,,,,,,,,,,,,
146,0.608333,0.199074,0.330463,0.177523,0.205519,0.183749,0.177450,0.181139,0.418076,0.183586,0.207482,0.056883,0.180395,0.160298,0.258062,0.173461,,,,,,,,,,,,,,,
147,0.612500,0.199110,0.330446,0.177660,0.205516,0.183745,0.177420,0.181235,0.418066,0.184148,0.207476,0.056885,0.180391,0.160403,0.258149,0.173557,,,,,,,,,,,,,,,
148,0.616667,0.199141,0.330416,0.177790,0.205513,0.183730,0.177385,0.181320,0.418019,0.184626,0.207473,0.056884,0.180388,0.160402,0.258156,0.173590,,,,,,,,,,,,,,,
149,0.620833,0.199173,0.330388,0.177914,0.205507,0.183722,0.177358,0.181398,0.417973,0.185009,0.207471,0.056888,0.180387,0.160406,0.258149,0.173604,,,,,,,,,,,,,,,
150,0.625000,0.199199,0.330360,0.178039,0.205503,0.183713,0.177340,0.181491,0.417939,0.185374,0.207471,0.056889,0.180383,0.160413,0.258134,0.173634,,,,,,,,,,,,,,,
151,0.629167,0.199215,0.330352,0.178182,0.205498,0.183712,0.177319,0.181574,0.417918,0.185678,0.207469,0.056889,0.180386,0.160398,0.258162,0.173687,,,,,,,,,,,,,,,
152,0.633333,0.199247,0.330332,0.178311,0.205491,0.183709,0.177306,0.181653,0.417887,0.185936,0.207467,0.056888,0.180379,0.160407,0.258137,0.173705,,,,,,,,,,,,,,,
153,0.637500,0.199296,0.330305,0.178469,0.205488,0.183705,0.177298,0.181731,0.417868,0.186164,0.207463,0.056887,0.180385,0.160422,0.258124,0.173724,,,,,,,,,,,,,,,
154,0.641667,0.199336,0.330275,0.178633,0.205482,0.183703,0.177287,0.181802,0.417856,0.186372,0.207463,0.056889,0.180381,0.160432,0.258111,0.173769,,,,,,,,,,,,,,,
155,0.645833,0.199368,0.330263,0.178784,0.205477,0.183701,0.177270,0.181876,0.417846,0.186530,0.207464,0.056890,0.180384,0.160440,0.258101,0.173811,,,,,,,,,,,,,,,
156,0.650000,0.199403,0.330244,0.178946,0.205476,0.183696,0.177250,0.181954,0.417826,0.186671,0.207464,0.056887,0.180380,0.160487,0.258060,0.173812,,,,,,,,,,,,,,,
157,0.654167,0.199441,0.330221,0.179113,0.205473,0.183694,0.177224,0.182046,0.417820,0.186786,0.207463,0.056888,0.180386,0.160511,0.258024,0.173846,,,,,,,,,,,,,,,
158,0.658333,0.199502,0.330222,0.179311,0.205469,0.183691,0.177214,0.182123,0.417808,0.186901,0.207464,0.056892,0.180385,0.160465,0.258051,0.173968,,,,,,,,,,,,,,,
159,0.662500,0.199544,0.330201,0.179464,0.205470,0.183686,0.177212,0.182203,0.417795,0.187012,0.207462,0.056893,0.180386,0.160505,0.258153,0.174102,,,,,,,,,,,,,,,
160,0.666667,0.199571,0.330158,0.179611,0.205471,0.183685,0.177220,0.182305,0.417782,0.187130,0.207467,0.056890,0.180386,0.160543,0.258201,0.174197,,,,,,,,,,,,,,,
161,0.670833,0.199603,0.330135,0.179752,0.205473,0.183678,0.177244,0.182404,0.417766,0.187245,0.207467,0.056894,0.180389,0.160514,0.258108,0.174226,,,,,,,,,,,,,,,
162,0.675000,0.199644,0.330112,0.179888,0.205475,0.183672,0.177277,0.182487,0.417742,0.187369,0.207466,0.056890,0.180383,0.160541,0.258111,0.174301,,,,,,,,,,,,,,,
163,0.679167,0.199699,0.330082,0.180030,0.205482,0.183658,0.177326,0.182572,0.417719,0.187508,0.207466,0.056890,0.180384,0.160546,0.258100,0.174372,,,,,,,,,,,,,,,
164,0.683333,0.199745,0.330057,0.180146,0.205486,0.183649,0.177382,0.182664,0.417698,0.187670,0.207466,0.056890,0.180380,0.160663,0.258158,0.174527,,,,,,,,,,,,,,,
165,0.687500,0.199787,0.330036,0.180255,0.205493,0.183643,0.177445,0.182768,0.417677,0.187857,0.207467,0.056890,0.180378,0.160593,0.258061,0.174563,,,,,,,,,,,,,,,
166,0.691667,0.199819,0.330014,0.180354,0.205500,0.183635,0.177512,0.182890,0.417647,0.188070,0.207467,0.056886,0.180378,0.160633,0.258024,0.174602,,,,,,,,,,,,,,,
167,0.695833,0.199849,0.329988,0.180445,0.205509,0.183630,0.177582,0.182997,0.417609,0.188312,0.207460,0.056889,0.180380,0.160657,0.257991,0.174657,,,,,,,,,,,,,,,
168,0.700000,0.199885,0.329956,0.180540,0.205532,0.183631,0.177675,0.183101,0.417564,0.188582,0.207458,0.056887,0.180380,0.160674,0.257975,0.174726,,,,,,,,,,,,,,,
169,0.704167,0.199925,0.329916,0.180646,0.205546,0.183621,0.177756,0.183213,0.417511,0.188901,0.207458,0.056889,0.180381,0.160658,0.257975,0.174855,,,,,,,,,,,,,,,
170,0.708333,0.199979,0.329877,0.180760,0.205568,0.183609,0.177836,0.183338,0.417462,0.189279,0.207457,0.056889,0.180384,0.160633,0.257975,0.174971,,,,,,,,,,,,,,,
171,0.712500,0.200020,0.329846,0.180862,0.205584,0.183610,0.177934,0.183472,0.417402,0.189662,0.207454,0.056887,0.180390,0.160641,0.257959,0.175057,,,,,,,,,,,,,,,
172,0.716667,0.200053,0.329812,0.180962,0.205596,0.183588,0.178012,0.183606,0.417344,0.190108,0.207456,0.056885,0.180391,0.160663,0.257929,0.175134,,,,,,,,,,,,,,,
173,0.720833,0.200096,0.329776,0.181074,0.205612,0.183576,0.178104,0.183740,0.417284,0.190565,0.207458,0.056883,0.180396,0.160835,0.257954,0.175254,,,,,,,,,,,,,,,
174,0.725000,0.200145,0.329745,0.181200,0.205631,0.183564,0.178185,0.183865,0.417217,0.191048,0.207461,0.056887,0.180402,0.160868,0.257910,0.175311,,,,,,,,,,,,,,,
175,0.729167,0.200206,0.329720,0.181362,0.205658,0.183550,0.178265,0.184033,0.417163,0.191549,0.207461,0.056885,0.180405,0.160860,0.257916,0.175386,,,,,,,,,,,,,,,
176,0.733333,0.200254,0.329707,0.181499,0.205681,0.183548,0.178334,0.184147,0.417105,0.192089,0.207461,0.056883,0.180408,0.160939,0.257864,0.175383,,,,,,,,,,,,,,,
177,0.737500,0.200307,0.329694,0.181658,0.205683,0.183538,0.178398,0.184274,0.417064,0.192648,0.207462,0.056880,0.180415,0.160979,0.257821,0.175425,,,,,,,,,,,,,,,
178,0.741667,0.200365,0.329693,0.181855,0.205696,0.183541,0.178453,0.184448,0.417019,0.193202,0.207461,0.056882,0.180421,0.160934,0.257859,0.175586,,,,,,,,,,,,,,,
179,0.745833,0.200435,0.329686,0.182079,0.205736,0.183556,0.178512,0.184578,0.416987,0.193805,0.207460,0.056882,0.180427,0.160927,0.257894,0.175715,,,,,,,,,,,,,,,
180,0.750000,0.200493,0.329675,0.182293,0.205757,0.183556,0.178562,0.184693,0.416941,0.194364,0.207462,0.056878,0.180429,0.160942,0.257886,0.175812,,,,,,,,,,,,,,,
181,0.754167,0.200561,0.329658,0.182516,0.205774,0.183544,0.178596,0.184874,0.416876,0.194841,0.207459,0.056879,0.180439,0.161144,0.258090,0.176073,,,,,,,,,,,,,,,
182,0.758333,0.200633,0.329627,0.182768,0.205787,0.183532,0.178631,0.184971,0.416836,0.195333,0.207457,0.056876,0.180440,0.161199,0.258165,0.176213,,,,,,,,,,,,,,,
183,0.762500,0.200702,0.329600,0.183009,0.205802,0.183514,0.178660,0.185087,0.416769,0.195769,0.207456,0.056874,0.180444,0.161215,0.258148,0.176332,,,,,,,,,,,,,,,
184,0.766667,0.200771,0.329558,0.183262,0.205814,0.183500,0.178684,0.185197,0.416737,0.196157,0.207457,0.056873,0.180449,0.161229,0.258007,0.176344,,,,,,,,,,,,,,,
185,0.770833,0.200859,0.329529,0.183518,0.205818,0.183481,0.178702,0.185350,0.416708,0.196444,0.207455,0.056869,0.180454,0.161281,0.257958,0.176437,,,,,,,,,,,,,,,
186,0.775000,0.200940,0.329497,0.183782,0.205828,0.183469,0.178725,0.185456,0.416681,0.196702,0.207453,0.056866,0.180452,0.161251,0.257977,0.176619,,,,,,,,,,,,,,,
187,0.779167,0.201013,0.329464,0.184023,0.205839,0.183454,0.178747,0.185537,0.416664,0.196978,0.207453,0.056867,0.180454,0.161224,0.258023,0.176784,,,,,,,,,,,,,,,
188,0.783333,0.201108,0.329429,0.184302,0.205859,0.183442,0.178756,0.185639,0.416651,0.197190,0.207451,0.056865,0.180458,0.161347,0.258095,0.176996,,,,,,,,,,,,,,,
189,0.787500,0.201193,0.329410,0.184563,0.205868,0.183431,0.178771,0.185739,0.416636,0.197376,0.207450,0.056873,0.180458,0.161422,0.258049,0.177072,,,,,,,,,,,,,,,
190,0.791667,0.201278,0.329377,0.184830,0.205877,0.183421,0.178773,0.185833,0.416618,0.197538,0.207450,0.056872,0.180461,0.161471,0.257998,0.177166,,,,,,,,,,,,,,,
191,0.795833,0.201364,0.329337,0.185100,0.205887,0.183409,0.178776,0.185950,0.416593,0.197670,0.207445,0.056873,0.180461,0.161566,0.258054,0.177314,,,,,,,,,,,,,,,
192,0.800000,0.201452,0.329294,0.185366,0.205898,0.183395,0.178776,0.186032,0.416552,0.197866,0.207443,0.056876,0.180462,0.161630,0.258014,0.177415,,,,,,,,,,,,,,,
193,0.804167,0.201540,0.329247,0.185633,0.205911,0.183380,0.178775,0.186110,0.416518,0.198103,0.207444,0.056876,0.180464,0.161609,0.258055,0.177628,,,,,,,,,,,,,,,
194,0.808333,0.201615,0.329179,0.185874,0.205925,0.183364,0.178775,0.186211,0.416474,0.198322,0.207443,0.056879,0.180461,0.161746,0.258083,0.177777,,,,,,,,,,,,,,,
195,0.812500,0.201705,0.329119,0.186119,0.205941,0.183349,0.178783,0.186320,0.416418,0.198575,0.207445,0.056882,0.180456,0.161804,0.258035,0.177876,,,,,,,,,,,,,,,
196,0.816667,0.201814,0.329042,0.186368,0.205962,0.183329,0.178797,0.186452,0.416317,0.198892,0.207442,0.056881,0.180453,0.161836,0.257994,0.177960,,,,,,,,,,,,,,,
197,0.820833,0.201891,0.328967,0.186577,0.205978,0.183300,0.178833,0.186590,0.416220,0.199235,0.207441,0.056883,0.180447,0.162124,0.257862,0.178060,,,,,,,,,,,,,,,
198,0.825000,0.201972,0.328881,0.186772,0.205998,0.183269,0.178875,0.186715,0.416106,0.199660,0.207441,0.056883,0.180441,0.162102,0.257727,0.178062,,,,,,,,,,,,,,,
199,0.829167,0.202059,0.328773,0.186975,0.206021,0.183233,0.178924,0.186992,0.415978,0.200204,0.207441,0.056881,0.180439,0.161955,0.257872,0.178216,,,,,,,,,,,,,,,
200,0.833333,0.202132,0.328655,0.187153,0.206046,0.183195,0.178984,0.187175,0.415822,0.200743,0.207438,0.056883,0.180423,0.161861,0.257888,0.178387,,,,,,,,,,,,,,,
201,0.837500,0.202231,0.328525,0.187369,0.206073,0.183152,0.179049,0.187369,0.415640,0.201340,0.207439,0.056883,0.180417,0.162020,0.257883,0.178522,,,,,,,,,,,,,,,
202,0.841667,0.202322,0.328388,0.187607,0.206101,0.183131,0.179139,0.187581,0.415461,0.202030,0.207440,0.056884,0.180410,0.162089,0.257789,0.178544,,,,,,,,,,,,,,,
203,0.845833,0.202400,0.328280,0.187828,0.206140,0.183102,0.179217,0.187859,0.415271,0.202815,0.207440,0.056886,0.180403,0.162107,0.257736,0.178594,,,,,,,,,,,,,,,
204,0.850000,0.202496,0.328153,0.188097,0.206180,0.183070,0.179293,0.188142,0.415078,0.203644,0.207441,0.056885,0.180389,0.162116,0.257704,0.178654,,,,,,,,,,,,,,,
205,0.854167,0.202582,0.328028,0.188328,0.206218,0.183048,0.179365,0.188467,0.414849,0.204471,0.207441,0.056884,0.180386,0.162135,0.257675,0.178714,,,,,,,,,,,,,,,
206,0.858333,0.202671,0.327890,0.188542,0.206244,0.183022,0.179430,0.188736,0.414637,0.205246,0.207441,0.056884,0.180377,0.162146,0.257631,0.178797,,,,,,,,,,,,,,,
207,0.862500,0.202757,0.327774,0.188758,0.206267,0.182994,0.179496,0.189120,0.414439,0.205857,0.207441,0.056881,0.180377,0.161812,0.257896,0.179207,,,,,,,,,,,,,,,
208,0.866667,0.202868,0.327674,0.188955,0.206291,0.182962,0.179577,0.189465,0.414284,0.206372,0.207438,0.056884,0.180368,0.161770,0.257907,0.179261,,,,,,,,,,,,,,,
209,0.870833,0.202966,0.327595,0.189085,0.206317,0.182943,0.179630,0.189855,0.414149,0.206777,0.207441,0.056882,0.180366,0.161858,0.257833,0.179318,,,,,,,,,,,,,,,
210,0.875000,0.203067,0.327516,0.189195,0.206340,0.182925,0.179699,0.190310,0.414019,0.207111,0.207443,0.056881,0.180365,0.161950,0.257748,0.179351,,,,,,,,,,,,,,,
211,0.879167,0.203194,0.327429,0.189339,0.206354,0.182907,0.179776,0.190760,0.413911,0.207402,0.207447,0.056880,0.180367,0.162087,0.257847,0.179552,,,,,,,,,,,,,,,
212,0.883333,0.203309,0.327369,0.189450,0.206374,0.182903,0.179845,0.191238,0.413812,0.207705,0.207442,0.056881,0.180364,0.162116,0.257821,0.179579,,,,,,,,,,,,,,,
213,0.887500,0.203430,0.327327,0.189585,0.206393,0.182902,0.179903,0.191713,0.413741,0.207992,0.207443,0.056880,0.180366,0.162136,0.257814,0.179609,,,,,,,,,,,,,,,
214,0.891667,0.203560,0.327281,0.189744,0.206413,0.182906,0.179936,0.192174,0.413646,0.208347,0.207444,0.056881,0.180365,0.162183,0.257820,0.179659,,,,,,,,,,,,,,,
215,0.895833,0.203707,0.327226,0.189937,0.206436,0.182903,0.179935,0.192601,0.413561,0.208732,0.207444,0.056882,0.180367,0.162492,0.257542,0.179419,,,,,,,,,,,,,,,
216,0.900000,0.203869,0.327189,0.190138,0.206445,0.182920,0.179895,0.193057,0.413493,0.209159,0.207450,0.056879,0.180372,0.162777,0.257342,0.179384,,,,,,,,,,,,,,,
217,0.904167,0.204015,0.327149,0.190319,0.206447,0.182933,0.179839,0.193521,0.413433,0.209567,0.207458,0.056880,0.180383,0.162851,0.257337,0.179461,,,,,,,,,,,,,,,
218,0.908333,0.204177,0.327084,0.190511,0.206448,0.182945,0.179779,0.193977,0.413337,0.209946,0.207461,0.056880,0.180385,0.162965,0.257415,0.179700,,,,,,,,,,,,,,,
219,0.912500,0.204346,0.327007,0.190689,0.206452,0.182946,0.179723,0.194376,0.413242,0.210308,0.207459,0.056881,0.180394,0.163007,0.257373,0.179784,,,,,,,,,,,,,,,
220,0.916667,0.204521,0.326934,0.190856,0.206451,0.182936,0.179685,0.194721,0.413200,0.210600,0.207459,0.056881,0.180399,0.162502,0.258025,0.180397,,,,,,,,,,,,,,,
221,0.920833,0.204710,0.326882,0.191016,0.206458,0.182925,0.179684,0.195212,0.413093,0.210965,0.207446,0.056881,0.180394,0.162443,0.258107,0.180536,,,,,,,,,,,,,,,
222,0.925000,0.204898,0.326823,0.191149,0.206454,0.182910,0.179703,0.195539,0.413025,0.211176,0.207451,0.056879,0.180397,0.162568,0.258025,0.180568,,,,,,,,,,,,,,,
223,0.929167,0.205100,0.326749,0.191278,0.206453,0.182895,0.179743,0.196008,0.412953,0.211445,0.207454,0.056880,0.180399,0.162610,0.258023,0.180646,,,,,,,,,,,,,,,
224,0.933333,0.205298,0.326683,0.191393,0.206453,0.182878,0.179788,0.196366,0.412898,0.211634,0.207453,0.056881,0.180398,0.162660,0.258022,0.180693,,,,,,,,,,,,,,,
225,0.937500,0.205503,0.326623,0.191517,0.206453,0.182855,0.179824,0.196658,0.412840,0.211746,0.207457,0.056883,0.180396,0.162858,0.258095,0.180832,,,,,,,,,,,,,,,
226,0.941667,0.205722,0.326552,0.191667,0.206450,0.182822,0.179850,0.197037,0.412775,0.211946,0.207458,0.056878,0.180400,0.162983,0.258034,0.180820,,,,,,,,,,,,,,,
227,0.945833,0.205918,0.326458,0.191802,0.206448,0.182799,0.179860,0.197400,0.412732,0.212071,0.207461,0.056879,0.180401,0.163033,0.258023,0.180864,,,,,,,,,,,,,,,
228,0.950000,0.206124,0.326378,0.191965,0.206456,0.182778,0.179860,0.197705,0.412669,0.212188,0.207460,0.056879,0.180398,0.163486,0.257603,0.180612,,,,,,,,,,,,,,,
229,0.954167,0.206325,0.326284,0.192115,0.206464,0.182750,0.179846,0.198044,0.412581,0.212330,0.207474,0.056874,0.180405,0.163589,0.257577,0.180651,,,,,,,,,,,,,,,
230,0.958333,0.206524,0.326183,0.192257,0.206484,0.182724,0.179841,0.198362,0.412494,0.212444,0.207467,0.056876,0.180406,0.163629,0.257578,0.180717,,,,,,,,,,,,,,,
231,0.962500,0.206712,0.326086,0.192393,0.206512,0.182689,0.179842,0.198661,0.412429,0.212538,0.207464,0.056872,0.180406,0.163775,0.257503,0.180689,,,,,,,,,,,,,,,
232,0.966667,0.206917,0.325991,0.192498,0.206539,0.182654,0.179853,0.198988,0.412330,0.212675,0.207463,0.056871,0.180410,0.164055,0.257608,0.180814,,,,,,,,,,,,,,,
233,0.970833,0.207124,0.325896,0.192592,0.206575,0.182615,0.179879,0.199281,0.412210,0.212780,0.207460,0.056871,0.180411,0.164122,0.257571,0.180832,,,,,,,,,,,,,,,
234,0.975000,0.207302,0.325753,0.192631,0.206614,0.182568,0.179915,0.199572,0.412083,0.212873,0.207464,0.056868,0.180415,0.164195,0.257523,0.180846,,,,,,,,,,,,,,,
235,0.979167,0.207476,0.325600,0.192639,0.206656,0.182504,0.179967,0.199915,0.411905,0.212995,0.207467,0.056867,0.180418,0.164293,0.257453,0.180831,,,,,,,,,,,,,,,
236,0.983333,0.207663,0.325435,0.192649,0.206710,0.182436,0.180018,0.200186,0.411739,0.213113,0.207464,0.056866,0.180425,0.164365,0.257377,0.180841,,,,,,,,,,,,,,,
237,0.987500,0.207840,0.325243,0.192684,0.206762,0.182371,0.180073,0.200512,0.411532,0.213272,0.207467,0.056863,0.180424,0.164445,0.257302,0.180865,,,,,,,,,,,,,,,
238,0.991667,0.208028,0.325080,0.192713,0.206840,0.182298,0.180124,0.200870,0.411303,0.213513,0.207470,0.056861,0.180431,0.164525,0.257229,0.180880,,,,,,,,,,,,,,,
239,0.995833,0.208205,0.324922,0.192773,0.206905,0.182241,0.180186,0.201209,0.411089,0.213875,0.207470,0.056861,0.180433,0.164125,0.257507,0.181143,,,,,,,,,,,,,,,
240,1.000000,0.208384,0.324778,0.192857,0.206984,0.182191,0.180236,0.201603,0.410860,0.214315,0.207462,0.056858,0.180437,0.164189,0.257471,0.181106,,,,,,,,,,,,,,,
241,1.004167,0.208587,0.324656,0.192970,0.207065,0.182148,0.180268,0.202002,0.410627,0.214815,0.207465,0.056856,0.180444,0.164476,0.257508,0.181202,,,,,,,,,,,,,,,
242,1.008333,0.208765,0.324553,0.193049,0.207175,0.182139,0.180323,0.202476,0.410403,0.215365,0.207463,0.056855,0.180451,0.164981,0.257072,0.180883,,,,,,,,,,,,,,,
243,1.012500,0.208952,0.324480,0.193120,0.207260,0.182126,0.180351,0.202934,0.410201,0.215880,0.207478,0.056855,0.180458,0.165102,0.257042,0.180850,,,,,,,,,,,,,,,
244,1.016667,0.209139,0.324416,0.193170,0.207343,0.182111,0.180394,0.203448,0.409999,0.216347,0.207475,0.056859,0.180463,0.164803,0.257559,0.181288,,,,,,,,,,,,,,,
245,1.020833,0.209324,0.324368,0.193211,0.207416,0.182109,0.180427,0.203869,0.409818,0.216789,0.207461,0.056859,0.180467,0.164878,0.257557,0.181292,,,,,,,,,,,,,,,
246,1.025000,0.209512,0.324329,0.193250,0.207482,0.182101,0.180448,0.204393,0.409618,0.217271,0.207466,0.056860,0.180477,0.165002,0.257538,0.181273,,,,,,,,,,,,,,,
247,1.029167,0.209705,0.324288,0.193308,0.207543,0.182099,0.180470,0.204956,0.409430,0.217803,0.207465,0.056864,0.180483,0.165151,0.257510,0.181188,,,,,,,,,,,,,,,
248,1.033333,0.209914,0.324265,0.193418,0.207608,0.182082,0.180489,0.205496,0.409203,0.218366,0.207464,0.056865,0.180486,0.165252,0.257522,0.181179,,,,,,,,,,,,,,,
249,1.037500,0.210230,0.324192,0.193588,0.207670,0.182065,0.180484,0.206047,0.408976,0.218942,0.207459,0.056868,0.180493,0.165591,0.257375,0.180968,,,,,,,,,,,,,,,
250,1.041667,0.210322,0.324012,0.193557,0.207729,0.182042,0.180463,0.206481,0.408829,0.219184,0.207464,0.056865,0.180496,0.166034,0.257215,0.180926,,,,,,,,,,,,,,,
251,1.045833,0.210528,0.323932,0.193696,0.207794,0.182032,0.180418,0.207017,0.408625,0.219679,0.207469,0.056867,0.180504,0.166123,0.257199,0.180913,,,,,,,,,,,,,,,
252,1.050000,0.210852,0.323835,0.193918,0.207850,0.182011,0.180352,0.207492,0.408451,0.220155,0.207465,0.056867,0.180504,0.166378,0.257322,0.180982,,,,,,,,,,,,,,,
253,1.054167,0.211099,0.323728,0.194096,0.207897,0.181983,0.180277,0.207941,0.408258,0.220593,0.207466,0.056869,0.180508,0.166480,0.257318,0.181019,,,,,,,,,,,,,,,
254,1.058333,0.211263,0.323639,0.194225,0.207932,0.181960,0.180211,0.208420,0.408075,0.220986,0.207464,0.056868,0.180506,0.166626,0.257239,0.180964,,,,,,,,,,,,,,,
255,1.062500,0.211505,0.323548,0.194374,0.207977,0.181935,0.180148,0.208847,0.407930,0.221319,0.207464,0.056865,0.180504,0.166738,0.257223,0.180970,,,,,,,,,,,,,,,
256,1.066667,0.211861,0.323436,0.194583,0.208010,0.181899,0.180099,0.209266,0.407764,0.221661,0.207462,0.056865,0.180501,0.166921,0.257279,0.181075,,,,,,,,,,,,,,,
257,1.070833,0.212134,0.323320,0.194731,0.208039,0.181866,0.180073,0.209631,0.407625,0.221936,0.207461,0.056863,0.180497,0.167006,0.257276,0.181095,,,,,,,,,,,,,,,
258,1.075000,0.212395,0.323201,0.194868,0.208076,0.181828,0.180049,0.209984,0.407478,0.222208,0.207459,0.056863,0.180490,0.167096,0.257273,0.181107,,,,,,,,,,,,,,,
259,1.079167,0.212672,0.323070,0.195024,0.208100,0.181785,0.180026,0.210445,0.407268,0.222737,0.207460,0.056863,0.180485,0.167201,0.257251,0.181111,,,,,,,,,,,,,,,
260,1.083333,0.212943,0.322919,0.195174,0.208126,0.181727,0.179979,0.210825,0.407101,0.223024,0.207462,0.056862,0.180476,0.167287,0.257233,0.181135,,,,,,,,,,,,,,,
261,1.087500,0.213222,0.322772,0.195354,0.208154,0.181673,0.179937,0.211145,0.406927,0.223298,0.207458,0.056863,0.180471,0.166945,0.257667,0.181540,,,,,,,,,,,,,,,
262,1.091667,0.213469,0.322591,0.195542,0.208200,0.181604,0.179866,0.211507,0.406711,0.223659,0.207452,0.056860,0.180461,0.167343,0.257392,0.181300,,,,,,,,,,,,,,,
263,1.095833,0.213752,0.322407,0.195767,0.208232,0.181522,0.179814,0.211878,0.406486,0.224002,0.207466,0.056863,0.180457,0.167843,0.257142,0.181305,,,,,,,,,,,,,,,
264,1.100000,0.214002,0.322204,0.195976,0.208262,0.181466,0.179770,0.212250,0.406235,0.224422,0.207472,0.056860,0.180450,0.167961,0.257093,0.181343,,,,,,,,,,,,,,,
265,1.104167,0.214267,0.322008,0.196224,0.208301,0.181404,0.179737,0.212650,0.405960,0.224956,0.207474,0.056862,0.180440,0.168109,0.257092,0.181401,,,,,,,,,,,,,,,
266,1.108333,0.214520,0.321834,0.196501,0.208338,0.181366,0.179717,0.213091,0.405657,0.225574,0.207474,0.056860,0.180434,0.168190,0.257068,0.181448,,,,,,,,,,,,,,,
267,1.112500,0.214842,0.321774,0.196896,0.208374,0.181339,0.179723,0.213438,0.405455,0.225972,0.207479,0.056863,0.180431,0.168284,0.257080,0.181530,,,,,,,,,,,,,,,
268,1.116667,0.215005,0.321476,0.197052,0.208422,0.181301,0.179764,0.213764,0.405273,0.226016,0.207478,0.056864,0.180425,0.168360,0.257071,0.181550,,,,,,,,,,,,,,,
269,1.120833,0.215255,0.321258,0.197375,0.208471,0.181252,0.179837,0.214198,0.404897,0.226717,0.207486,0.056863,0.180424,0.168526,0.257092,0.181623,,,,,,,,,,,,,,,
270,1.125000,0.215478,0.321048,0.197673,0.208506,0.181190,0.179937,0.214683,0.404567,0.227415,0.207486,0.056870,0.180420,0.168793,0.257059,0.181521,,,,,,,,,,,,,,,
271,1.129167,0.215724,0.320870,0.197972,0.208560,0.181134,0.180079,0.215168,0.404236,0.227990,0.207491,0.056871,0.180418,0.168910,0.257016,0.181481,,,,,,,,,,,,,,,
272,1.133333,0.215959,0.320684,0.198188,0.208604,0.181073,0.180223,0.215725,0.403924,0.228397,0.207496,0.056869,0.180415,0.168983,0.256997,0.181519,,,,,,,,,,,,,,,
273,1.137500,0.216197,0.320532,0.198386,0.208658,0.181027,0.180353,0.216273,0.403695,0.228657,0.207497,0.056872,0.180411,0.169063,0.256977,0.181551,,,,,,,,,,,,,,,
274,1.141667,0.216424,0.320378,0.198553,0.208718,0.180991,0.180476,0.216853,0.403509,0.228816,0.207496,0.056873,0.180408,0.169168,0.256973,0.181628,,,,,,,,,,,,,,,
275,1.145833,0.216653,0.320257,0.198704,0.208781,0.180969,0.180591,0.217425,0.403347,0.228937,0.207497,0.056871,0.180406,0.169251,0.256943,0.181672,,,,,,,,,,,,,,,
276,1.150000,0.216884,0.320125,0.198850,0.208859,0.180954,0.180685,0.217971,0.403192,0.229022,0.207499,0.056870,0.180401,0.169607,0.256919,0.181328,,,,,,,,,,,,,,,
277,1.154167,0.217104,0.320016,0.198977,0.208934,0.180928,0.180772,0.218556,0.403050,0.229149,0.207503,0.056871,0.180396,0.169764,0.256903,0.181505,,,,,,,,,,,,,,,
278,1.158333,0.217342,0.319930,0.199094,0.209011,0.180898,0.180841,0.219105,0.402945,0.229243,0.207508,0.056870,0.180393,0.169630,0.256945,0.181926,,,,,,,,,,,,,,,
279,1.162500,0.217560,0.319843,0.199184,0.209080,0.180890,0.180874,0.219632,0.402823,0.229323,0.207509,0.056871,0.180393,0.169771,0.256974,0.182163,,,,,,,,,,,,,,,
280,1.166667,0.217790,0.319744,0.199266,0.209150,0.180862,0.180889,0.220175,0.402742,0.229339,0.207512,0.056869,0.180391,0.169978,0.256877,0.181887,,,,,,,,,,,,,,,
281,1.170833,0.218029,0.319674,0.199337,0.209220,0.180850,0.180889,0.220739,0.402650,0.229307,0.207513,0.056864,0.180396,0.169778,0.257259,0.182667,,,,,,,,,,,,,,,
282,1.175000,0.218266,0.319603,0.199375,0.209294,0.180829,0.180904,0.221299,0.402584,0.229301,0.207509,0.056862,0.180398,0.169912,0.257187,0.182848,,,,,,,,,,,,,,,
283,1.179167,0.218507,0.319520,0.199389,0.209360,0.180798,0.180932,0.221867,0.402508,0.229178,0.207520,0.056861,0.180406,0.170276,0.257020,0.183049,,,,,,,,,,,,,,,
284,1.183333,0.218756,0.319438,0.199380,0.209428,0.180759,0.180986,0.222395,0.402459,0.229007,0.207518,0.056856,0.180409,0.170602,0.256952,0.183088,,,,,,,,,,,,,,,
285,1.187500,0.219007,0.319368,0.199362,0.209489,0.180717,0.181061,0.222920,0.402423,0.228834,0.207520,0.056856,0.180413,0.170678,0.256902,0.183257,,,,,,,,,,,,,,,
286,1.191667,0.219246,0.319263,0.199378,0.209559,0.180689,0.181162,0.223466,0.402357,0.228609,0.207522,0.056854,0.180418,0.170852,0.256897,0.183483,,,,,,,,,,,,,,,
287,1.195833,0.219483,0.319143,0.199385,0.209619,0.180640,0.181268,0.223963,0.402335,0.228308,0.207523,0.056852,0.180422,0.170944,0.256842,0.183606,,,,,,,,,,,,,,,
288,1.200000,0.219742,0.319009,0.199404,0.209683,0.180565,0.181378,0.224491,0.402314,0.227947,0.207525,0.056856,0.180423,0.171064,0.256782,0.183697,,,,,,,,,,,,,,,
289,1.204167,0.219991,0.318885,0.199433,0.209733,0.180508,0.181475,0.225026,0.402295,0.227582,0.207523,0.056853,0.180426,0.171172,0.256725,0.183837,,,,,,,,,,,,,,,
290,1.208333,0.220244,0.318763,0.199437,0.209779,0.180443,0.181567,0.225491,0.402283,0.227198,0.207519,0.056853,0.180434,0.171363,0.256717,0.184023,,,,,,,,,,,,,,,
291,1.212500,0.220494,0.318625,0.199425,0.209833,0.180383,0.181641,0.226045,0.402241,0.226780,0.207519,0.056851,0.180436,0.171451,0.256661,0.184145,,,,,,,,,,,,,,,
292,1.216667,0.220750,0.318504,0.199375,0.209889,0.180333,0.181700,0.226553,0.402214,0.226315,0.207405,0.056860,0.180392,0.171550,0.256602,0.184254,,,,,,,,,,,,,,,
293,1.220833,0.221011,0.318396,0.199333,0.209936,0.180288,0.181742,0.227086,0.402151,0.225966,0.207405,0.056861,0.180394,0.171673,0.256563,0.184363,,,,,,,,,,,,,,,
294,1.225000,0.221262,0.318290,0.199280,0.209988,0.180241,0.181777,0.227619,0.402090,0.225651,0.207404,0.056860,0.180402,0.171863,0.256549,0.184537,,,,,,,,,,,,,,,
295,1.229167,0.221522,0.318181,0.199252,0.210044,0.180197,0.181800,0.228118,0.402034,0.225364,0.207403,0.056858,0.180399,0.171626,0.256936,0.184886,,,,,,,,,,,,,,,
296,1.233333,0.221747,0.318066,0.199192,0.210088,0.180162,0.181825,0.228784,0.401867,0.226065,0.207404,0.056853,0.180406,0.172095,0.256656,0.184791,,,,,,,,,,,,,,,
297,1.237500,0.222040,0.317913,0.199248,0.210147,0.180133,0.181861,0.229527,0.401440,0.226712,0.207305,0.056853,0.180371,0.172194,0.256645,0.184853,,,,,,,,,,,,,,,
298,1.241667,0.222286,0.317755,0.199309,0.210198,0.180092,0.181908,0.230019,0.401299,0.226646,0.207300,0.056853,0.180373,0.172241,0.256418,0.184740,,,,,,,,,,,,,,,
299,1.245833,0.222530,0.317562,0.199390,0.210240,0.180041,0.181955,0.230485,0.401096,0.226595,0.207300,0.056847,0.180381,0.172637,0.256478,0.184745,,,,,,,,,,,,,,,
300,1.250000,0.222793,0.317361,0.199468,0.210294,0.179991,0.182040,0.231052,0.400926,0.226520,0.207301,0.056846,0.180390,0.172775,0.256496,0.184757,,,,,,,,,,,,,,,
301,1.254167,0.223063,0.317163,0.199534,0.210323,0.179927,0.182135,0.231617,0.400731,0.226432,0.207296,0.056847,0.180393,0.172850,0.256480,0.184734,,,,,,,,,,,,,,,
302,1.258333,0.223323,0.316995,0.199557,0.210369,0.179884,0.182263,0.232204,0.400577,0.226243,0.207297,0.056850,0.180401,0.172933,0.256461,0.184687,,,,,,,,,,,,,,,
303,1.262500,0.223595,0.316840,0.199545,0.210407,0.179842,0.182366,0.232831,0.400418,0.225969,0.207296,0.056844,0.180407,0.172952,0.256550,0.184726,,,,,,,,,,,,,,,
304,1.266667,0.223863,0.316706,0.199493,0.210450,0.179821,0.182485,0.233471,0.400322,0.225582,0.207294,0.056846,0.180416,0.173074,0.256518,0.184605,,,,,,,,,,,,,,,
305,1.270833,0.224126,0.316571,0.199396,0.210492,0.179783,0.182567,0.234094,0.400191,0.225195,0.207291,0.056846,0.180425,0.173379,0.256465,0.184407,,,,,,,,,,,,,,,
306,1.275000,0.224396,0.316452,0.199270,0.210538,0.179753,0.182621,0.234747,0.400075,0.224783,0.207293,0.056846,0.180429,0.173508,0.256455,0.184281,,,,,,,,,,,,,,,
307,1.279167,0.224637,0.316317,0.199107,0.210576,0.179720,0.182636,0.235352,0.399945,0.224383,0.207295,0.056847,0.180439,0.173599,0.256451,0.184224,,,,,,,,,,,,,,,
308,1.283333,0.224894,0.316190,0.198924,0.210615,0.179665,0.182585,0.235950,0.399800,0.224014,0.207299,0.056846,0.180445,0.173678,0.256427,0.184168,,,,,,,,,,,,,,,
309,1.287500,0.225155,0.316054,0.198721,0.210659,0.179631,0.182528,0.236548,0.399667,0.223621,0.207297,0.056848,0.180453,0.173762,0.256402,0.184168,,,,,,,,,,,,,,,
310,1.291667,0.225401,0.315901,0.198494,0.210707,0.179580,0.182425,0.237149,0.399464,0.223262,0.207297,0.056842,0.180459,0.173942,0.256387,0.184166,,,,,,,,,,,,,,,
311,1.295833,0.225661,0.315707,0.198249,0.210761,0.179515,0.182290,0.237747,0.399266,0.222898,0.207299,0.056842,0.180466,0.174025,0.256333,0.184183,,,,,,,,,,,,,,,
312,1.300000,0.225920,0.315533,0.197988,0.210810,0.179455,0.182146,0.238351,0.399043,0.222586,0.207302,0.056839,0.180475,0.174296,0.256367,0.184277,,,,,,,,,,,,,,,
313,1.304167,0.226170,0.315382,0.197673,0.210871,0.179395,0.181985,0.238972,0.398837,0.222255,0.207296,0.056839,0.180473,0.174358,0.256336,0.184301,,,,,,,,,,,,,,,
314,1.308333,0.226434,0.315230,0.197356,0.210912,0.179344,0.181853,0.239578,0.398621,0.221957,0.207299,0.056836,0.180473,0.174391,0.256215,0.184227,,,,,,,,,,,,,,,
315,1.312500,0.226687,0.315101,0.197026,0.210946,0.179316,0.181739,0.240229,0.398438,0.221651,0.207297,0.056835,0.180476,0.174585,0.256213,0.184142,,,,,,,,,,,,,,,
316,1.316667,0.226946,0.314995,0.196718,0.210991,0.179312,0.181636,0.240872,0.398235,0.221393,0.207295,0.056839,0.180475,0.174550,0.256283,0.184169,,,,,,,,,,,,,,,
317,1.320833,0.227190,0.314877,0.196430,0.211027,0.179306,0.181555,0.241530,0.398032,0.221146,0.207293,0.056838,0.180469,0.174752,0.256232,0.183970,,,,,,,,,,,,,,,
318,1.325000,0.227447,0.314755,0.196176,0.211064,0.179288,0.181470,0.242239,0.397767,0.220923,0.207290,0.056842,0.180468,0.174827,0.256254,0.183862,,,,,,,,,,,,,,,
319,1.329167,0.227713,0.314622,0.195972,0.211094,0.179275,0.181410,0.242942,0.397511,0.220703,0.207286,0.056844,0.180467,0.174907,0.256287,0.183720,,,,,,,,,,,,,,,
320,1.333333,0.227977,0.314464,0.195767,0.211120,0.179248,0.181344,0.243693,0.397251,0.220466,0.207288,0.056842,0.180464,0.174808,0.256472,0.183607,,,,,,,,,,,,,,,
321,1.337500,0.228255,0.314310,0.195603,0.211142,0.179222,0.181284,0.244456,0.396925,0.220296,0.207285,0.056843,0.180458,0.174971,0.256634,0.183548,,,,,,,,,,,,,,,
322,1.341667,0.228521,0.314134,0.195441,0.211177,0.179207,0.181218,0.245193,0.396586,0.220121,0.207285,0.056843,0.180453,0.175107,0.256620,0.183311,,,,,,,,,,,,,,,
323,1.345833,0.228797,0.313929,0.195310,0.211209,0.179170,0.181153,0.245924,0.396262,0.219973,0.207286,0.056844,0.180448,0.175093,0.256536,0.183000,,,,,,,,,,,,,,,
324,1.350000,0.229068,0.313727,0.195166,0.211250,0.179119,0.181082,0.246661,0.395910,0.219868,0.207289,0.056847,0.180443,0.175466,0.256075,0.182511,,,,,,,,,,,,,,,
325,1.354167,0.229359,0.313525,0.195033,0.211295,0.179047,0.180987,0.247356,0.395531,0.219788,0.207290,0.056846,0.180435,0.175624,0.256225,0.182422,,,,,,,,,,,,,,,
326,1.358333,0.229600,0.313331,0.194809,0.211331,0.178988,0.180918,0.248013,0.395152,0.219733,0.207293,0.056849,0.180425,0.175800,0.256170,0.182141,,,,,,,,,,,,,,,
327,1.362500,0.229859,0.313127,0.194591,0.211366,0.178943,0.180839,0.248682,0.394799,0.219676,0.207295,0.056848,0.180422,0.175904,0.256159,0.181924,,,,,,,,,,,,,,,
328,1.366667,0.230123,0.312956,0.194363,0.211390,0.178903,0.180737,0.249345,0.394460,0.219651,0.207296,0.056853,0.180411,0.176072,0.256218,0.181706,,,,,,,,,,,,,,,
329,1.370833,0.230373,0.312836,0.194115,0.211427,0.178890,0.180628,0.250003,0.394138,0.219628,0.207292,0.056855,0.180412,0.176173,0.256251,0.181517,,,,,,,,,,,,,,,
330,1.375000,0.230657,0.312693,0.193855,0.211459,0.178891,0.180505,0.250650,0.393827,0.219620,0.207296,0.056854,0.180403,0.176229,0.256301,0.181365,,,,,,,,,,,,,,,
331,1.379167,0.230934,0.312591,0.193635,0.211494,0.178897,0.180354,0.251307,0.393534,0.219629,0.207298,0.056857,0.180399,0.176367,0.256212,0.181117,,,,,,,,,,,,,,,
332,1.383333,0.231217,0.312503,0.193379,0.211525,0.178919,0.180214,0.251981,0.393226,0.219652,0.207297,0.056856,0.180390,0.176641,0.256334,0.180929,,,,,,,,,,,,,,,
333,1.387500,0.231593,0.312473,0.193314,0.211561,0.178942,0.180073,0.252638,0.392893,0.219686,0.207298,0.056856,0.180385,0.176732,0.256405,0.180780,,,,,,,,,,,,,,,
334,1.391667,0.231857,0.312387,0.193092,0.211586,0.178948,0.179942,0.253281,0.392581,0.219710,0.207301,0.056853,0.180379,0.176841,0.256456,0.180647,,,,,,,,,,,,,,,
335,1.395833,0.232141,0.312294,0.192921,0.211611,0.178954,0.179816,0.253892,0.392278,0.219750,0.207301,0.056851,0.180374,0.176986,0.256488,0.180462,,,,,,,,,,,,,,,
336,1.400000,0.232417,0.312159,0.192725,0.211634,0.178927,0.179685,0.254501,0.391983,0.219762,0.207301,0.056851,0.180368,0.176753,0.256820,0.180351,,,,,,,,,,,,,,,
337,1.404167,0.232595,0.312008,0.192361,0.211652,0.178919,0.179566,0.255062,0.391690,0.219765,0.207159,0.056945,0.180213,0.176576,0.257159,0.180251,,,,,,,,,,,,,,,
338,1.408333,0.232852,0.311874,0.192167,0.211667,0.178894,0.179440,0.255604,0.391444,0.219723,0.206967,0.057017,0.180006,0.177301,0.256408,0.179864,,,,,,,,,,,,,,,
339,1.412500,0.233227,0.311804,0.192170,0.211747,0.178873,0.179366,0.256116,0.391182,0.219692,0.206967,0.057022,0.179995,0.177277,0.256974,0.180128,,,,,,,,,,,,,,,
340,1.416667,0.233430,0.311714,0.191909,0.211776,0.178843,0.179258,0.256599,0.390973,0.219608,0.207305,0.056853,0.180347,0.176274,0.257946,0.180813,,,,,,,,,,,,,,,
341,1.420833,0.233550,0.311512,0.191593,0.211795,0.178779,0.179130,0.257078,0.390719,0.219569,0.207163,0.056949,0.180193,0.176565,0.257950,0.180739,,,,,,,,,,,,,,,
342,1.425000,0.233809,0.311366,0.191510,0.211840,0.178735,0.179036,0.257526,0.390518,0.219502,0.206966,0.057026,0.179967,0.176334,0.257835,0.180453,,,,,,,,,,,,,,,
343,1.429167,0.234025,0.311249,0.191388,,,,0.257975,0.390280,0.219435,,,,0.177622,0.256974,0.179555,0.211859,0.178696,0.178907,0.205692,0.059244,0.177095,,,,,,,,,
344,1.433333,0.233968,0.311205,0.190901,,,,0.258436,0.390071,0.219348,,,,0.177827,0.256813,0.179368,0.211974,0.178665,0.178870,0.207390,0.056847,0.180386,,,,,,,,,
345,1.437500,0.234153,0.311075,0.190760,,,,0.258890,0.389837,0.219231,,,,0.176967,0.257868,0.180270,0.212030,0.178627,0.178797,0.207470,0.056823,0.180433,,,,,,,,,
346,1.441667,0.234369,0.310973,0.190659,,,,0.259317,0.389624,0.219107,,,,0.177466,0.257391,0.179518,0.212068,0.178587,0.178713,0.207569,0.056855,0.180434,,,,,,,,,
347,1.445833,0.234583,0.310863,0.190585,,,,0.259712,0.389442,0.218984,,,,0.178050,0.256940,0.179029,0.212113,0.178526,0.178610,0.207601,0.056856,0.180442,,,,,,,,,
348,1.450000,0.234768,0.310742,0.190473,,,,0.260099,0.389196,0.218897,,,,0.178490,0.256566,0.179064,0.212160,0.178468,0.178545,0.207596,0.056855,0.180437,,,,,,,,,
349,1.454167,0.234943,0.310609,0.190368,,,,0.260436,0.388989,0.218819,,,,0.178544,0.256549,0.179043,0.212219,0.178412,0.178491,0.207585,0.056854,0.180440,,,,,,,,,
350,1.458333,0.235098,0.310472,0.190262,,,,0.260733,0.388766,0.218774,,,,0.178423,0.256805,0.178982,0.212284,0.178338,0.178441,0.207583,0.056853,0.180437,,,,,,,,,
351,1.462500,0.235254,0.310315,0.190149,,,,0.260985,0.388562,0.218755,,,,0.178295,0.256775,0.178969,0.212367,0.178256,0.178408,0.207582,0.056855,0.180437,,,,,,,,,
352,1.466667,0.235407,0.310160,0.190076,,,,0.261226,0.388361,0.218750,,,,0.177539,0.257407,0.179798,0.212459,0.178166,0.178356,0.207583,0.056854,0.180435,,,,,,,,,
353,1.470833,0.235565,0.309980,0.190040,,,,0.261439,0.388148,0.218835,,,,0.177825,0.257309,0.179801,0.212540,0.178076,0.178318,0.207582,0.056855,0.180439,,,,,,,,,
354,1.475000,0.235727,0.309818,0.190043,,,,0.261660,0.387921,0.218996,,,,0.177850,0.257230,0.179740,0.212626,0.178011,0.178308,0.207583,0.056853,0.180439,,,,,,,,,
355,1.479167,0.235884,0.309677,0.190048,,,,0.261874,0.387717,0.219190,,,,0.178389,0.256815,0.179029,0.212703,0.177958,0.178316,0.207582,0.056855,0.180440,,,,,,,,,
356,1.483333,0.236047,0.309549,0.190069,,,,0.262107,0.387471,0.219438,,,,0.178094,0.257172,0.179734,0.212788,0.177921,0.178322,0.207582,0.056853,0.180442,,,,,,,,,
357,1.487500,0.236220,0.309429,0.190072,,,,0.262347,0.387245,0.219709,,,,0.178586,0.256813,0.179115,0.212858,0.177888,0.178340,0.207580,0.056858,0.180441,,,,,,,,,
358,1.491667,0.236388,0.309346,0.190101,,,,0.262584,0.387014,0.220011,,,,0.179169,0.256383,0.178826,0.212916,0.177870,0.178351,0.207579,0.056853,0.180439,,,,,,,,,
359,1.495833,0.236539,0.309285,0.190134,,,,0.262839,0.386777,0.220370,,,,0.180049,0.255824,0.178766,0.212975,0.177855,0.178368,0.207574,0.056855,0.180441,,,,,,,,,
360,1.500000,0.236724,0.309197,0.190227,,,,0.263117,0.386503,0.220796,,,,0.180131,0.255796,0.178773,0.213031,0.177846,0.178379,0.207572,0.056850,0.180445,,,,,,,,,
361,1.504167,0.236893,0.309131,0.190359,,,,0.263397,0.386255,0.221276,,,,0.180043,0.255835,0.178921,0.213076,0.177844,0.178398,0.207572,0.056852,0.180445,,,,,,,,,
362,1.508333,0.237064,0.309051,0.190518,,,,0.263702,0.385938,0.221831,,,,0.179986,0.256202,0.179053,0.213115,0.177842,0.178424,0.207570,0.056851,0.180451,,,,,,,,,
363,1.512500,0.237227,0.308959,0.190706,,,,0.263993,0.385628,0.222403,,,,0.178837,0.257155,0.179938,0.213149,0.177837,0.178456,0.207569,0.056849,0.180452,,,,,,,,,
364,1.516667,0.237401,0.308844,0.190931,,,,0.264293,0.385314,0.222994,,,,0.178907,0.257188,0.179974,0.213180,0.177824,0.178498,0.207566,0.056849,0.180455,,,,,,,,,
365,1.520833,0.237560,0.308740,0.191173,,,,0.264587,0.384991,0.223592,,,,0.178845,0.257161,0.179981,0.213209,0.177810,0.178548,0.207563,0.056850,0.180463,,,,,,,,,
366,1.525000,0.237721,0.308628,0.191447,,,,0.264889,0.384649,0.224222,,,,0.178830,0.257144,0.179994,0.213227,0.177781,0.178624,0.207559,0.056851,0.180473,,,,,,,,,
367,1.529167,0.237865,0.308514,0.191719,,,,0.265161,0.384310,0.224870,,,,0.178884,0.257138,0.180084,0.213241,0.177771,0.178692,0.207557,0.056852,0.180481,,,,,,,,,
368,1.533333,0.238026,0.308386,0.192023,,,,0.265445,0.383977,0.225532,,,,0.178969,0.257143,0.180150,0.213256,0.177774,0.178778,0.207553,0.056849,0.180490,,,,,,,,,
369,1.537500,0.238170,0.308267,0.192331,,,,0.265729,0.383627,0.226215,,,,0.179540,0.257089,0.179801,0.213262,0.177784,0.178899,0.207551,0.056851,0.180495,,,,,,,,,
370,1.541667,0.238293,0.308142,0.192681,,,,0.265995,0.383288,0.226870,,,,0.179996,0.256820,0.179688,0.213264,0.177769,0.178983,0.207549,0.056854,0.180506,,,,,,,,,
371,1.545833,0.238437,0.308010,0.193026,,,,0.266249,0.382952,0.227518,,,,0.179670,0.257339,0.180574,0.213261,0.177750,0.179063,0.207549,0.056854,0.180516,,,,,,,,,
372,1.550000,0.238564,0.307849,0.193403,,,,0.266514,0.382612,0.228171,,,,0.179602,0.257275,0.180720,0.213243,0.177730,0.179152,0.207549,0.056855,0.180519,,,,,,,,,
373,1.554167,0.238696,0.307715,0.193792,,,,0.266778,0.382257,0.228826,,,,0.179503,0.257214,0.180843,0.213239,0.177710,0.179228,0.207548,0.056855,0.180528,,,,,,,,,
374,1.558333,0.238818,0.307565,0.194161,,,,0.267033,0.381914,0.229488,,,,0.179490,0.257205,0.180991,0.213236,0.177687,0.179297,0.207549,0.056854,0.180535,,,,,,,,,
375,1.562500,0.238906,0.307416,0.194530,,,,0.267268,0.381583,0.230119,,,,0.179508,0.257183,0.181189,0.213237,0.177663,0.179355,0.207551,0.056850,0.180539,,,,,,,,,
376,1.566667,0.239017,0.307261,0.194929,,,,0.267478,0.381252,0.230782,,,,0.179549,0.257186,0.181390,0.213232,0.177633,0.179415,0.207551,0.056851,0.180546,,,,,,,,,
377,1.570833,0.239110,0.307106,0.195304,,,,0.267663,0.380937,0.231418,,,,0.179561,0.257154,0.181619,0.213232,0.177594,0.179474,0.207554,0.056845,0.180550,,,,,,,,,
378,1.575000,0.239184,0.306962,0.195645,,,,0.267839,0.380602,0.232080,,,,0.179535,0.257097,0.181916,0.213237,0.177561,0.179530,0.207555,0.056847,0.180552,,,,,,,,,
379,1.579167,0.239244,0.306798,0.196031,,,,0.268015,0.380271,0.232753,,,,0.179529,0.257050,0.182164,0.213243,0.177516,0.179602,0.207555,0.056844,0.180557,,,,,,,,,
380,1.583333,0.239293,0.306659,0.196404,,,,0.268180,0.379942,0.233402,,,,0.179554,0.257030,0.182579,0.213254,0.177478,0.179671,0.207557,0.056843,0.180559,,,,,,,,,
381,1.587500,0.239357,0.306504,0.196784,,,,0.268351,0.379607,0.234085,,,,0.179553,0.256987,0.182853,0.213267,0.177444,0.179749,0.207559,0.056845,0.180560,,,,,,,,,
382,1.591667,0.239401,0.306355,0.197230,,,,0.268549,0.379252,0.234778,,,,0.179535,0.256940,0.183143,0.213279,0.177420,0.179837,0.207561,0.056841,0.180558,,,,,,,,,
383,1.595833,0.239445,0.306198,0.197703,,,,0.268744,0.378906,0.235496,,,,0.179550,0.256911,0.183419,0.213291,0.177421,0.179972,0.207564,0.056841,0.180554,,,,,,,,,
384,1.600000,0.239482,0.306055,0.198213,,,,0.268959,0.378538,0.236245,,,,0.179519,0.256892,0.183663,0.213301,0.177390,0.180110,0.207564,0.056840,0.180554,,,,,,,,,
385,1.604167,0.239530,0.305909,0.198721,,,,0.269187,0.378156,0.236989,,,,0.179650,0.256875,0.183992,0.213299,0.177379,0.180250,0.207562,0.056844,0.180556,,,,,,,,,
386,1.608333,0.239577,0.305773,0.199270,,,,0.269410,0.377795,0.237717,,,,0.179750,0.256922,0.184255,0.213309,0.177371,0.180411,0.207565,0.056843,0.180549,,,,,,,,,
387,1.612500,0.239621,0.305634,0.199808,,,,0.269651,0.377409,0.238480,,,,0.179810,0.256970,0.184535,0.213321,0.177351,0.180574,0.207569,0.056843,0.180546,,,,,,,,,
388,1.616667,0.239647,0.305506,0.200345,,,,0.269865,0.377006,0.239247,,,,0.179790,0.256905,0.184820,0.213318,0.177373,0.180783,0.207573,0.056841,0.180541,,,,,,,,,
389,1.620833,0.239700,0.305376,0.200878,,,,0.270048,0.376636,0.240008,,,,0.179760,0.256870,0.185074,0.213326,0.177361,0.180960,0.207575,0.056839,0.180538,,,,,,,,,
390,1.625000,0.239730,0.305251,0.201397,,,,0.270208,0.376265,0.240772,,,,0.179762,0.256863,0.185335,0.213323,0.177329,0.181128,0.207576,0.056837,0.180535,,,,,,,,,
391,1.629167,0.239756,0.305141,0.201927,,,,0.270328,0.375905,0.241569,,,,0.179786,0.256839,0.185622,0.213330,0.177308,0.181271,0.207580,0.056836,0.180530,,,,,,,,,
392,1.633333,0.239786,0.304992,0.202400,,,,0.270416,0.375553,0.242376,,,,0.179780,0.256804,0.185943,0.213327,0.177310,0.181453,0.207585,0.056836,0.180524,,,,,,,,,
393,1.637500,0.239787,0.304857,0.202899,,,,0.270467,0.375224,0.243193,,,,0.179780,0.256772,0.186266,0.213341,0.177278,0.181578,0.207585,0.056833,0.180523,,,,,,,,,
394,1.641667,0.239838,0.304666,0.203470,,,,0.270479,0.374900,0.244035,,,,0.179762,0.256766,0.186709,0.213361,0.177238,0.181717,0.207588,0.056834,0.180519,,,,,,,,,
395,1.645833,0.239862,0.304562,0.203873,,,,0.270497,0.374585,0.244869,,,,0.179744,0.256698,0.187064,0.213386,0.177203,0.181846,0.207592,0.056834,0.180517,,,,,,,,,
396,1.650000,0.239855,0.304409,0.204456,,,,0.270504,0.374257,0.245735,,,,0.179738,0.256659,0.187396,0.213412,0.177176,0.181973,0.207595,0.056832,0.180515,,,,,,,,,
397,1.654167,0.239902,0.304278,0.204965,,,,0.270449,0.373992,0.246579,,,,0.179726,0.256628,0.187695,0.213444,0.177148,0.182108,0.207595,0.056834,0.180519,,,,,,,,,
398,1.658333,0.239935,0.304164,0.205465,,,,0.270429,0.373698,0.247441,,,,0.179881,0.256602,0.188049,0.213462,0.177133,0.182254,0.207600,0.056834,0.180516,,,,,,,,,
399,1.662500,0.239997,0.304066,0.205875,,,,0.270410,0.373438,0.248286,,,,0.179928,0.256623,0.188376,0.213470,0.177148,0.182464,0.207602,0.056837,0.180518,,,,,,,,,
400,1.666667,0.240029,0.303945,0.206440,,,,0.270431,0.373134,0.249144,,,,0.179952,0.256627,0.188734,0.213477,0.177137,0.182647,0.207605,0.056837,0.180516,,,,,,,,,
401,1.670833,0.240055,0.303828,0.207015,,,,0.270402,0.372890,0.249939,,,,0.179977,0.256621,0.188940,0.213476,0.177132,0.182839,0.207608,0.056839,0.180516,,,,,,,,,
402,1.675000,0.240085,0.303719,0.207569,,,,0.270391,0.372613,0.250735,,,,0.180019,0.256620,0.189221,0.213478,0.177133,0.183064,0.207611,0.056839,0.180517,,,,,,,,,
403,1.679167,0.240115,0.303586,0.208153,,,,0.270380,0.372377,0.251479,,,,0.180005,0.256610,0.189425,0.213471,0.177126,0.183270,0.207613,0.056837,0.180512,,,,,,,,,
404,1.683333,0.240143,0.303462,0.208702,,,,0.270354,0.372138,0.252222,,,,0.180031,0.256629,0.189647,0.213469,0.177131,0.183452,0.207614,0.056836,0.180511,,,,,,,,,
405,1.687500,0.240170,0.303324,0.209271,,,,0.270317,0.371910,0.252936,,,,0.180016,0.256608,0.189860,0.213481,0.177116,0.183622,0.207616,0.056836,0.180509,,,,,,,,,
406,1.691667,0.240180,0.303208,0.209806,,,,0.270279,0.371701,0.253643,,,,0.180026,0.256607,0.190063,0.213483,0.177120,0.183820,0.207615,0.056835,0.180507,,,,,,,,,
407,1.695833,0.240184,0.303101,0.210334,,,,0.270234,0.371466,0.254367,,,,0.180118,0.256670,0.190356,0.213490,0.177096,0.183953,0.207615,0.056836,0.180504,,,,,,,,,
408,1.700000,0.240201,0.302997,0.210810,,,,0.270134,0.371295,0.255055,,,,0.180147,0.256652,0.190577,0.213502,0.177067,0.184087,0.207614,0.056836,0.180500,,,,,,,,,
409,1.704167,0.240201,0.302891,0.211248,,,,0.270024,0.371124,0.255702,,,,0.180344,0.256604,0.190779,0.213502,0.177041,0.184196,0.207612,0.056835,0.180501,,,,,,,,,
410,1.708333,0.240195,0.302795,0.211688,,,,0.269912,0.370935,0.256371,,,,0.180360,0.256552,0.191092,0.213513,0.177019,0.184296,0.207610,0.056836,0.180502,,,,,,,,,
411,1.712500,0.240186,0.302711,0.212078,,,,0.269791,0.370760,0.257021,,,,0.180335,0.256510,0.191319,0.213527,0.176992,0.184383,0.207613,0.056834,0.180498,,,,,,,,,
412,1.716667,0.240199,0.302634,0.212444,,,,0.269667,0.370591,0.257612,,,,0.180309,0.256482,0.191527,0.213538,0.176972,0.184467,0.207614,0.056834,0.180494,,,,,,,,,
413,1.720833,0.240187,0.302568,0.212795,,,,0.269566,0.370408,0.258227,,,,0.180290,0.256456,0.191735,0.213557,0.176947,0.184548,0.207614,0.056833,0.180495,,,,,,,,,
414,1.725000,0.240175,0.302498,0.213114,,,,0.269457,0.370227,0.258795,,,,0.180292,0.256412,0.192002,0.213572,0.176949,0.184665,0.207615,0.056831,0.180493,,,,,,,,,
415,1.729167,0.240179,0.302438,0.213441,,,,0.269354,0.370075,0.259318,,,,0.180300,0.256380,0.192201,0.213595,0.176926,0.184741,0.207613,0.056834,0.180498,,,,,,,,,
416,1.733333,0.240150,0.302373,0.213742,,,,0.269252,0.369913,0.259814,,,,0.180360,0.256419,0.192501,0.213614,0.176877,0.184821,0.207615,0.056833,0.180496,,,,,,,,,
417,1.737500,0.240124,0.302298,0.214020,,,,0.269148,0.369792,0.260282,,,,0.180363,0.256371,0.192689,0.213639,0.176852,0.184884,0.207616,0.056833,0.180498,,,,,,,,,
418,1.741667,0.240106,0.302222,0.214323,,,,0.269056,0.369628,0.260664,,,,0.180274,0.256287,0.192876,0.213664,0.176831,0.184941,0.207615,0.056833,0.180500,,,,,,,,,
419,1.745833,0.240076,0.302155,0.214591,,,,0.268994,0.369498,0.261073,,,,0.180276,0.256224,0.193111,0.213676,0.176790,0.184998,0.207614,0.056835,0.180506,,,,,,,,,
420,1.750000,0.240031,0.302078,0.214831,,,,0.268932,0.369348,0.261406,,,,0.180265,0.256168,0.193276,0.213698,0.176760,0.185045,0.207615,0.056831,0.180506,,,,,,,,,
421,1.754167,0.239994,0.302012,0.215030,,,,0.268857,0.369216,0.261740,,,,0.180229,0.256101,0.193432,0.213742,0.176726,0.185085,0.207612,0.056832,0.180514,,,,,,,,,
422,1.758333,0.239967,0.301951,0.215254,,,,0.268807,0.369097,0.262055,,,,0.180206,0.256035,0.193571,0.213775,0.176696,0.185125,0.207612,0.056832,0.180517,,,,,,,,,
423,1.762500,0.239923,0.301884,0.215459,,,,0.268781,0.368949,0.262323,,,,0.180175,0.255973,0.193713,0.213803,0.176667,0.185160,0.207611,0.056835,0.180521,,,,,,,,,
424,1.766667,0.239870,0.301819,0.215659,,,,0.268761,0.368782,0.262628,,,,0.180120,0.255887,0.193910,0.213829,0.176652,0.185193,0.207611,0.056835,0.180523,,,,,,,,,
425,1.770833,0.239819,0.301762,0.215863,,,,0.268773,0.368627,0.262934,,,,0.180103,0.255874,0.193988,0.213858,0.176640,0.185235,0.207611,0.056835,0.180527,,,,,,,,,
426,1.775000,0.239777,0.301706,0.216058,,,,0.268799,0.368440,0.263238,,,,0.180098,0.255856,0.194064,0.213879,0.176637,0.185280,0.207609,0.056836,0.180534,,,,,,,,,
427,1.779167,0.239738,0.301655,0.216258,,,,0.268835,0.368247,0.263542,,,,0.180114,0.255853,0.194141,0.213890,0.176640,0.185326,0.207609,0.056835,0.180535,,,,,,,,,
428,1.783333,0.239725,0.301597,0.216477,,,,0.268884,0.368047,0.263836,,,,0.180123,0.255874,0.194181,0.213895,0.176643,0.185378,0.207606,0.056835,0.180542,,,,,,,,,
429,1.787500,0.239699,0.301538,0.216675,,,,0.268938,0.367825,0.264146,,,,0.180126,0.255874,0.194201,0.213897,0.176642,0.185437,0.207604,0.056833,0.180545,,,,,,,,,
430,1.791667,0.239684,0.301472,0.216842,,,,0.268990,0.367591,0.264457,,,,0.180135,0.255885,0.194213,0.213892,0.176642,0.185487,0.207603,0.056835,0.180549,,,,,,,,,
431,1.795833,0.239676,0.301410,0.216985,,,,0.269026,0.367359,0.264762,,,,0.180142,0.255888,0.194210,0.213877,0.176644,0.185533,0.207604,0.056834,0.180550,,,,,,,,,
432,1.800000,0.239665,0.301349,0.217128,,,,0.269053,0.367116,0.265072,,,,0.180144,0.255881,0.194208,0.213862,0.176643,0.185556,0.207602,0.056830,0.180552,,,,,,,,,
433,1.804167,0.239657,0.301287,0.217231,,,,0.269069,0.366888,0.265388,,,,0.180152,0.255878,0.194202,0.213840,0.176644,0.185561,0.207599,0.056831,0.180556,,,,,,,,,
434,1.808333,0.239669,0.301215,0.217330,,,,0.269062,0.366648,0.265709,,,,0.180156,0.255889,0.194195,0.213821,0.176647,0.185551,0.207596,0.056831,0.180555,,,,,,,,,
435,1.812500,0.239675,0.301145,0.217400,,,,0.269034,0.366425,0.266015,,,,0.180152,0.255880,0.194187,0.213805,0.176642,0.185533,0.207595,0.056828,0.180558,,,,,,,,,
436,1.816667,0.239688,0.301081,0.217445,,,,0.268999,0.366191,0.266328,,,,0.180133,0.255880,0.194191,0.213785,0.176641,0.185509,0.207595,0.056829,0.180558,,,,,,,,,
437,1.820833,0.239695,0.301008,0.217467,,,,0.268933,0.365980,0.266632,,,,0.180111,0.255878,0.194194,0.213757,0.176647,0.185466,0.207595,0.056830,0.180565,,,,,,,,,
438,1.825000,0.239713,0.300947,0.217464,,,,0.268903,0.365761,0.266917,,,,0.180071,0.255866,0.194169,0.213732,0.176645,0.185431,0.207594,0.056829,0.180570,,,,,,,,,
439,1.829167,0.239735,0.300896,0.217454,,,,0.268857,0.365556,0.267170,,,,0.180055,0.255866,0.194156,0.213709,0.176647,0.185395,0.207596,0.056827,0.180573,,,,,,,,,
440,1.833333,0.239753,0.300834,0.217420,,,,0.268837,0.365348,0.267382,,,,0.180047,0.255862,0.194137,0.213683,0.176647,0.185363,0.207597,0.056830,0.180578,,,,,,,,,
441,1.837500,0.239776,0.300763,0.217382,,,,0.268835,0.365155,0.267553,,,,0.180029,0.255857,0.194133,0.213660,0.176639,0.185327,0.207598,0.056831,0.180583,,,,,,,,,
442,1.841667,0.239792,0.300706,0.217331,,,,0.268851,0.364975,0.267692,,,,0.180009,0.255847,0.194117,0.213636,0.176635,0.185285,0.207599,0.056829,0.180588,,,,,,,,,
443,1.845833,0.239806,0.300653,0.217282,,,,0.268890,0.364804,0.267791,,,,0.179998,0.255835,0.194088,0.213610,0.176632,0.185232,0.207599,0.056832,0.180590,,,,,,,,,
444,1.850000,0.239812,0.300576,0.217208,,,,0.268949,0.364625,0.267851,,,,0.179986,0.255819,0.194055,0.213595,0.176624,0.185177,0.207601,0.056829,0.180590,,,,,,,,,
445,1.854167,0.239818,0.300511,0.217146,,,,0.269040,0.364455,0.267868,,,,0.179963,0.255801,0.194035,0.213585,0.176614,0.185116,0.207602,0.056827,0.180594,,,,,,,,,
446,1.858333,0.239822,0.300450,0.217079,,,,0.269173,0.364290,0.267837,,,,0.179946,0.255780,0.194022,0.213576,0.176603,0.185053,0.207603,0.056829,0.180592,,,,,,,,,
447,1.862500,0.239831,0.300384,0.217000,,,,0.269309,0.364124,0.267779,,,,0.179939,0.255754,0.194008,0.213569,0.176575,0.184963,0.207603,0.056825,0.180592,,,,,,,,,
448,1.866667,0.239828,0.300337,0.216923,,,,0.269479,0.363942,0.267701,,,,0.179901,0.255735,0.193946,0.213560,0.176569,0.184881,0.207602,0.056826,0.180589,,,,,,,,,
449,1.870833,0.239815,0.300301,0.216834,,,,0.269670,0.363756,0.267634,,,,0.179884,0.255712,0.193923,0.213561,0.176564,0.184803,0.207602,0.056829,0.180586,,,,,,,,,
450,1.875000,0.239809,0.300269,0.216747,,,,0.269882,0.363565,0.267570,,,,0.179866,0.255692,0.193916,0.213568,0.176559,0.184733,0.207602,0.056827,0.180583,,,,,,,,,
451,1.879167,0.239803,0.300238,0.216665,,,,0.270118,0.363358,0.267488,,,,0.179850,0.255666,0.193904,0.213572,0.176558,0.184670,0.207602,0.056827,0.180579,,,,,,,,,
452,1.883333,0.239783,0.300200,0.216577,,,,0.270387,0.363126,0.267406,,,,0.179750,0.255594,0.193777,0.213576,0.176562,0.184605,0.207602,0.056828,0.180574,,,,,,,,,
453,1.887500,0.239784,0.300157,0.216513,,,,0.270665,0.362871,0.267370,,,,0.179708,0.255580,0.193709,0.213594,0.176565,0.184560,0.207604,0.056827,0.180569,,,,,,,,,
454,1.891667,0.239797,0.300121,0.216454,,,,0.270929,0.362618,0.267327,,,,0.179717,0.255583,0.193656,0.213611,0.176584,0.184524,0.207605,0.056828,0.180562,,,,,,,,,
455,1.895833,0.239811,0.300089,0.216386,,,,0.271223,0.362345,0.267287,,,,0.179708,0.255594,0.193584,0.213620,0.176592,0.184499,0.207606,0.056827,0.180557,,,,,,,,,
456,1.900000,0.239834,0.300050,0.216328,,,,0.271540,0.362052,0.267250,,,,0.179710,0.255600,0.193522,0.213623,0.176605,0.184464,0.207607,0.056827,0.180552,,,,,,,,,
457,1.904167,0.239873,0.299993,0.216271,,,,0.271825,0.361782,0.267234,,,,0.179713,0.255621,0.193473,0.213625,0.176611,0.184427,0.207608,0.056826,0.180547,,,,,,,,,
458,1.908333,0.239907,0.299940,0.216211,,,,0.272103,0.361473,0.267255,,,,0.179732,0.255626,0.193413,0.213622,0.176611,0.184376,0.207609,0.056828,0.180539,,,,,,,,,
459,1.912500,0.239948,0.299882,0.216146,,,,0.272344,0.361168,0.267308,,,,0.179748,0.255633,0.193349,0.213621,0.176610,0.184328,0.207610,0.056826,0.180537,,,,,,,,,
460,1.916667,0.239997,0.299821,0.216070,,,,0.272573,0.360858,0.267356,,,,0.179763,0.255630,0.193292,0.213620,0.176608,0.184276,0.207612,0.056826,0.180530,,,,,,,,,
461,1.920833,0.240054,0.299741,0.215999,,,,0.272788,0.360556,0.267428,,,,0.179779,0.255630,0.193235,0.213618,0.176579,0.184182,0.207610,0.056828,0.180524,,,,,,,,,
462,1.925000,0.240130,0.299668,0.215918,,,,0.272968,0.360276,0.267512,,,,0.179798,0.255637,0.193180,0.213619,0.176572,0.184108,0.207611,0.056825,0.180519,,,,,,,,,
463,1.929167,0.240199,0.299600,0.215843,,,,0.273118,0.360001,0.267612,,,,0.179828,0.255630,0.193122,0.213615,0.176567,0.184051,0.207611,0.056828,0.180513,,,,,,,,,
464,1.933333,0.240283,0.299529,0.215751,,,,0.273276,0.359705,0.267750,,,,0.179842,0.255654,0.193017,0.213615,0.176561,0.184008,0.207609,0.056828,0.180511,,,,,,,,,
465,1.937500,0.240378,0.299453,0.215653,,,,0.273409,0.359451,0.267851,,,,0.179862,0.255656,0.192971,0.213619,0.176543,0.183965,0.207609,0.056832,0.180510,,,,,,,,,
466,1.941667,0.240482,0.299385,0.215562,,,,0.273530,0.359209,0.267965,,,,0.179922,0.255697,0.192884,0.213613,0.176536,0.183935,0.207610,0.056830,0.180502,,,,,,,,,
467,1.945833,0.240582,0.299315,0.215486,,,,0.273660,0.358973,0.268075,,,,0.179960,0.255711,0.192815,0.213603,0.176535,0.183902,0.207608,0.056832,0.180503,,,,,,,,,
468,1.950000,0.240692,0.299218,0.215407,,,,0.273783,0.358762,0.268167,,,,0.180005,0.255722,0.192736,0.213598,0.176527,0.183872,0.207609,0.056832,0.180496,,,,,,,,,
469,1.954167,0.240796,0.299130,0.215335,,,,0.273909,0.358567,0.268238,,,,0.180056,0.255720,0.192649,0.213591,0.176518,0.183847,0.207608,0.056836,0.180496,,,,,,,,,
470,1.958333,0.240914,0.299029,0.215273,,,,0.274042,0.358385,0.268281,,,,0.180111,0.255723,0.192564,0.213588,0.176501,0.183822,0.207607,0.056837,0.180497,,,,,,,,,
471,1.962500,0.241039,0.298935,0.215231,,,,0.274172,0.358189,0.268318,,,,0.180168,0.255727,0.192487,0.213588,0.176479,0.183786,0.207607,0.056836,0.180492,,,,,,,,,
472,1.966667,0.241163,0.298816,0.215191,,,,0.274345,0.358002,0.268317,,,,0.180224,0.255712,0.192408,0.213592,0.176450,0.183757,0.207606,0.056835,0.180489,,,,,,,,,
473,1.970833,0.241282,0.298702,0.215157,,,,0.274490,0.357845,0.268310,,,,0.180292,0.255699,0.192311,0.213603,0.176416,0.183732,0.207604,0.056837,0.180488,,,,,,,,,
474,1.975000,0.241396,0.298581,0.215124,,,,0.274634,0.357680,0.268288,,,,0.180367,0.255670,0.192219,0.213624,0.176340,0.183672,0.207604,0.056834,0.180485,,,,,,,,,
475,1.979167,0.241510,0.298463,0.215091,,,,0.274780,0.357512,0.268260,,,,0.180444,0.255633,0.192125,0.213635,0.176278,0.183669,0.207604,0.056832,0.180483,,,,,,,,,
476,1.983333,0.241624,0.298311,0.215045,,,,0.274926,0.357337,0.268234,,,,0.180523,0.255547,0.191968,0.213676,0.176211,0.183690,0.207605,0.056832,0.180479,,,,,,,,,
477,1.987500,0.241737,0.298165,0.215013,,,,0.275070,0.357177,0.268202,,,,0.180612,0.255485,0.191843,0.213721,0.176144,0.183714,0.207603,0.056833,0.180480,,,,,,,,,
478,1.991667,0.241868,0.298001,0.214972,,,,0.275230,0.357000,0.268155,,,,0.180891,0.255419,0.191681,0.213767,0.176070,0.183746,0.207601,0.056828,0.180485,,,,,,,,,
479,1.995833,0.242000,0.297848,0.214979,,,,0.275360,0.356843,0.268110,,,,0.181035,0.255366,0.191576,0.213826,0.175989,0.183789,0.207601,0.056829,0.180482,,,,,,,,,
480,2.000000,0.242129,0.297683,0.214973,,,,0.275521,0.356664,0.268064,,,,0.181157,0.255317,0.191408,0.213885,0.175919,0.183835,0.207603,0.056828,0.180479,,,,,,,,,
481,2.004167,0.242270,0.297524,0.214950,,,,0.275671,0.356498,0.268052,,,,0.181286,0.255282,0.191234,0.213953,0.175848,0.183886,0.207605,0.056826,0.180484,,,,,,,,,
482,2.008333,0.242423,0.297370,0.214946,,,,0.275828,0.356338,0.268042,,,,0.181427,0.255261,0.191075,0.214024,0.175794,0.183926,0.207604,0.056825,0.180483,,,,,,,,,
483,2.012500,0.242585,0.297247,0.214924,,,,0.275998,0.356185,0.268013,,,,0.181582,0.255235,0.190940,0.214099,0.175747,0.183957,0.207605,0.056828,0.180486,,,,,,,,,
484,2.016667,0.242779,0.297130,0.214866,,,,0.276134,0.356074,0.267986,,,,0.181709,0.255184,0.190807,0.214184,0.175701,0.183977,0.207607,0.056828,0.180491,,,,,,,,,
485,2.020833,0.242964,0.297039,0.214786,,,,0.276281,0.355960,0.267947,,,,0.182106,0.255181,0.190718,0.214281,0.175648,0.183970,0.207607,0.056828,0.180499,,,,,,,,,
486,2.025000,0.243170,0.296945,0.214683,,,,0.276410,0.355888,0.267897,,,,0.182257,0.255140,0.190643,0.214374,0.175587,0.183928,0.207608,0.056827,0.180499,,,,,,,,,
487,2.029167,0.243373,0.296856,0.214566,,,,0.276522,0.355801,0.267850,,,,0.182397,0.255097,0.190543,0.214468,0.175521,0.183869,0.207606,0.056824,0.180503,,,,,,,,,
488,2.033333,0.243592,0.296752,0.214432,,,,0.276619,0.355732,0.267794,,,,0.182540,0.255037,0.190468,0.214572,0.175414,0.183777,0.207608,0.056824,0.180509,,,,,,,,,
489,2.037500,0.243837,0.296653,0.214314,,,,0.276729,0.355682,0.267714,,,,0.182710,0.254939,0.190492,0.214684,0.175333,0.183699,0.207610,0.056823,0.180514,,,,,,,,,
490,2.041667,0.244067,0.296516,0.214151,,,,0.276841,0.355657,0.267618,,,,0.183081,0.254838,0.190472,0.214813,0.175243,0.183655,0.207611,0.056821,0.180520,,,,,,,,,
491,2.045833,0.244316,0.296399,0.213998,,,,0.276972,0.355666,0.267488,,,,0.183225,0.254760,0.190475,0.214937,0.175160,0.183603,0.207611,0.056820,0.180528,,,,,,,,,
492,2.050000,0.244562,0.296256,0.213872,,,,0.277144,0.355666,0.267328,,,,0.183361,0.254690,0.190444,0.215047,0.175052,0.183516,0.207611,0.056819,0.180532,,,,,,,,,
493,2.054167,0.244841,0.296121,0.213786,,,,0.277348,0.355649,0.267192,,,,0.183444,0.254571,0.190287,0.215153,0.174981,0.183479,0.207610,0.056816,0.180536,,,,,,,,,
494,2.058333,0.245109,0.296011,0.213703,,,,0.277596,0.355651,0.267055,,,,0.183678,0.254623,0.190302,0.215263,0.174938,0.183467,0.207610,0.056817,0.180542,,,,,,,,,
495,2.062500,0.245400,0.295887,0.213626,,,,0.277924,0.355618,0.266908,,,,0.184182,0.254629,0.190274,0.215384,0.174888,0.183458,0.207610,0.056817,0.180548,,,,,,,,,
496,2.066667,0.245714,0.295770,0.213582,,,,0.278305,0.355545,0.266786,,,,0.184428,0.254975,0.190391,0.215482,0.174861,0.183440,0.207609,0.056817,0.180553,,,,,,,,,
497,2.070833,0.246022,0.295655,0.213551,,,,0.278740,0.355424,0.266659,,,,0.184625,0.254698,0.190135,0.215592,0.174864,0.183421,0.207609,0.056816,0.180558,,,,,,,,,
498,2.075000,0.246352,0.295523,0.213550,,,,0.279233,0.355252,0.266533,,,,0.184733,0.254691,0.190010,0.215695,0.174846,0.183414,0.207611,0.056817,0.180563,,,,,,,,,
499,2.079167,0.246677,0.295388,0.213526,,,,0.279758,0.355038,0.266427,,,,0.185210,0.254709,0.189909,0.215776,0.174819,0.183403,0.207610,0.056819,0.180574,,,,,,,,,
500,2.083333,0.247019,0.295241,0.213526,,,,0.280319,0.354746,0.266355,,,,0.185425,0.255060,0.190062,0.215853,0.174783,0.183381,0.207611,0.056819,0.180578,,,,,,,,,
501,2.087500,0.247348,0.295079,0.213508,,,,0.280895,0.354428,0.266304,,,,0.185700,0.254735,0.189922,0.215925,0.174729,0.183337,0.207609,0.056817,0.180580,,,,,,,,,
502,2.091667,0.247702,0.294872,0.213506,,,,0.281481,0.354026,0.266304,,,,0.185793,0.254683,0.189827,0.216027,0.174644,0.183260,0.207610,0.056816,0.180585,,,,,,,,,
503,2.095833,0.248014,0.294674,0.213464,,,,0.282057,0.353608,0.266323,,,,0.185946,0.254647,0.189796,0.216106,0.174579,0.183207,0.207612,0.056816,0.180588,,,,,,,,,
504,2.100000,0.248360,0.294437,0.213438,,,,0.282621,0.353148,0.266383,,,,0.186311,0.254954,0.190086,0.216186,0.174508,0.183157,0.207613,0.056813,0.180591,,,,,,,,,
505,2.104167,0.248670,0.294179,0.213412,,,,0.283233,0.352638,0.266478,,,,0.186626,0.254611,0.189771,0.216265,0.174422,0.183125,0.207612,0.056815,0.180593,,,,,,,,,
506,2.108333,0.249010,0.293888,0.213387,,,,0.283807,0.352069,0.266603,,,,0.186737,0.254527,0.189774,0.216343,0.174324,0.183111,0.207614,0.056812,0.180590,,,,,,,,,
507,2.112500,0.249345,0.293609,0.213361,,,,0.284433,0.351403,0.266768,,,,0.186892,0.254486,0.189709,0.216411,0.174240,0.183135,0.207615,0.056810,0.180592,,,,,,,,,
508,2.116667,0.249691,0.293296,0.213344,,,,0.285094,0.350726,0.266936,,,,0.187111,0.254824,0.189877,0.216507,0.174148,0.183192,0.207614,0.056808,0.180596,,,,,,,,,
509,2.120833,0.250027,0.292987,0.213337,,,,0.285769,0.350021,0.267103,,,,0.187526,0.254412,0.189631,0.216575,0.174060,0.183262,0.207615,0.056807,0.180595,,,,,,,,,
510,2.125000,0.250395,0.292656,0.213365,,,,0.286524,0.349258,0.267258,,,,0.187649,0.254390,0.189523,0.216636,0.173998,0.183326,0.207616,0.056808,0.180592,,,,,,,,,
511,2.129167,0.250772,0.292356,0.213405,,,,0.287277,0.348501,0.267408,,,,0.187826,0.254398,0.189429,0.216701,0.173954,0.183377,0.207616,0.056808,0.180592,,,,,,,,,
512,2.133333,0.251138,0.292048,0.213403,,,,0.288088,0.347717,0.267507,,,,0.188074,0.254759,0.189607,0.216764,0.173920,0.183406,0.207617,0.056809,0.180590,,,,,,,,,
513,2.137500,0.251526,0.291761,0.213409,,,,0.288899,0.346939,0.267593,,,,0.188550,0.254432,0.189413,0.216850,0.173881,0.183381,0.207614,0.056810,0.180589,,,,,,,,,
514,2.141667,0.251902,0.291494,0.213395,,,,0.289737,0.346192,0.267682,,,,0.188666,0.254428,0.189356,0.216927,0.173867,0.183332,0.207615,0.056811,0.180581,,,,,,,,,
515,2.145833,0.252303,0.291236,0.213400,,,,0.290583,0.345458,0.267746,,,,0.188812,0.254453,0.189342,0.216993,0.173867,0.183254,0.207613,0.056811,0.180582,,,,,,,,,
516,2.150000,0.252695,0.290944,0.213368,,,,0.291382,0.344747,0.267817,,,,0.189017,0.254824,0.189611,0.217055,0.173834,0.183197,0.207614,0.056813,0.180577,,,,,,,,,
517,2.154167,0.253086,0.290653,0.213328,,,,0.292199,0.344003,0.267854,,,,0.189364,0.254511,0.189444,0.217120,0.173781,0.183147,0.207615,0.056815,0.180575,,,,,,,,,
518,2.158333,0.253496,0.290385,0.213268,,,,0.292988,0.343303,0.267881,,,,0.189603,0.254428,0.189449,0.217181,0.173726,0.183111,0.207616,0.056815,0.180572,,,,,,,,,
519,2.162500,0.253898,0.290096,0.213181,,,,0.293767,0.342629,0.267886,,,,0.189747,0.254397,0.189522,0.217238,0.173638,0.183079,0.207616,0.056812,0.180570,,,,,,,,,
520,2.166667,0.254306,0.289792,0.213071,,,,0.294562,0.341987,0.267861,,,,0.189887,0.254317,0.189655,0.217300,0.173557,0.183060,0.207615,0.056814,0.180569,,,,,,,,,
521,2.170833,0.254713,0.289501,0.212984,,,,0.295334,0.341379,0.267804,,,,0.190037,0.254251,0.189728,0.217372,0.173440,0.183004,0.207616,0.056815,0.180563,,,,,,,,,
522,2.175000,0.255105,0.289178,0.212885,,,,0.296135,0.340783,0.267715,,,,0.190417,0.254584,0.190157,0.217436,0.173349,0.182997,0.207617,0.056815,0.180558,,,,,,,,,
523,2.179167,0.255490,0.288846,0.212822,,,,0.296944,0.340189,0.267610,,,,0.190650,0.254693,0.190499,0.217598,0.173178,0.183093,0.207618,0.056815,0.180553,,,,,,,,,
524,2.183333,0.255891,0.288508,0.212808,,,,0.297773,0.339608,0.267501,,,,0.190907,0.254132,0.190157,0.217677,0.173084,0.183143,0.207620,0.056816,0.180548,,,,,,,,,
525,2.187500,0.256275,0.288172,0.212813,,,,0.298656,0.339001,0.267381,,,,0.190890,0.254045,0.190106,0.217741,0.173036,0.183147,0.207617,0.056816,0.180547,,,,,,,,,
526,2.191667,0.256684,0.287821,0.212841,,,,0.299560,0.338396,0.267262,,,,0.191049,0.254051,0.190134,0.217809,0.172997,0.183171,0.207619,0.056813,0.180538,,,,,,,,,
527,2.195833,0.257097,0.287497,0.212888,,,,0.300543,0.337746,0.267076,,,,0.191519,0.254116,0.190370,0.217878,0.172971,0.183211,0.207620,0.056815,0.180536,,,,,,,,,
528,2.200000,0.257510,0.287212,0.212924,,,,0.301491,0.337121,0.266929,,,,0.191766,0.254145,0.190475,0.217954,0.172941,0.183272,0.207623,0.056815,0.180531,,,,,,,,,
529,2.204167,0.257937,0.286950,0.212926,,,,0.302387,0.336479,0.266774,,,,0.191945,0.254199,0.190480,0.218031,0.172917,0.183313,0.207623,0.056815,0.180528,,,,,,,,,
530,2.208333,0.258368,0.286702,0.212933,,,,0.303302,0.335797,0.266628,,,,0.192095,0.254187,0.190617,0.218115,0.172901,0.183339,0.207625,0.056815,0.180522,,,,,,,,,
531,2.212500,0.258761,0.286478,0.212909,,,,0.304208,0.335130,0.266509,,,,0.192604,0.254570,0.191008,0.218199,0.172887,0.183301,0.207626,0.056814,0.180520,,,,,,,,,
532,2.216667,0.259162,0.286228,0.212905,,,,0.305081,0.334465,0.266413,,,,0.192898,0.254741,0.191400,0.218277,0.172847,0.183272,0.207629,0.056814,0.180518,,,,,,,,,
533,2.220833,0.259549,0.285996,0.212848,,,,0.305916,0.333788,0.266333,,,,0.193053,0.254162,0.191155,0.218343,0.172805,0.183244,0.207632,0.056814,0.180513,,,,,,,,,
534,2.225000,0.259929,0.285737,0.212829,,,,0.306709,0.333128,0.266261,,,,0.193001,0.254078,0.191206,0.218423,0.172770,0.183209,0.207633,0.056817,0.180513,,,,,,,,,
535,2.229167,0.260280,0.285496,0.212784,,,,0.307485,0.332474,0.266204,,,,0.193355,0.254006,0.191471,0.218393,0.172733,0.183150,0.207633,0.056818,0.180511,,,,,,,,,
536,2.233333,0.260664,0.285248,0.212734,,,,0.308254,0.331831,0.266144,,,,0.193531,0.253969,0.191674,0.218448,0.172679,0.183090,0.207634,0.056817,0.180511,,,,,,,,,
537,2.237500,0.261010,0.284994,0.212674,,,,0.308985,0.331207,0.266092,,,,0.193726,0.253978,0.191930,0.218532,0.172628,0.183057,0.207635,0.056815,0.180508,,,,,,,,,
538,2.241667,0.261372,0.284735,0.212642,,,,0.309706,0.330573,0.266044,,,,0.193839,0.253910,0.192177,0.218615,0.172573,0.183047,0.207635,0.056817,0.180510,,,,,,,,,
539,2.245833,0.261708,0.284499,0.212592,,,,0.310415,0.329948,0.266017,,,,0.193964,0.253830,0.192306,0.218704,0.172512,0.183067,0.207636,0.056819,0.180513,,,,,,,,,
540,2.250000,0.262056,0.284249,0.212566,,,,0.311127,0.329329,0.265954,,,,0.194334,0.253768,0.192560,0.218794,0.172457,0.183089,0.207637,0.056819,0.180511,,,,,,,,,
541,2.254167,0.262373,0.284006,0.212561,,,,0.311839,0.328713,0.265905,,,,0.194501,0.253738,0.192713,0.218876,0.172409,0.183117,0.207638,0.056819,0.180512,,,,,,,,,
542,2.258333,0.262696,0.283763,0.212612,,,,0.312627,0.328044,0.265870,,,,0.194594,0.253706,0.192841,0.218960,0.172363,0.183157,0.207639,0.056819,0.180513,,,,,,,,,
543,2.262500,0.263028,0.283500,0.212663,,,,0.313356,0.327420,0.265784,,,,0.194705,0.253656,0.193012,0.219039,0.172317,0.183202,0.207643,0.056818,0.180512,,,,,,,,,
544,2.266667,0.263333,0.283230,0.212743,,,,0.314052,0.326801,0.265723,,,,0.195121,0.253639,0.193164,0.219112,0.172297,0.183266,0.207646,0.056817,0.180510,,,,,,,,,
545,2.270833,0.263638,0.282972,0.212862,,,,0.314773,0.326142,0.265662,,,,0.195299,0.253648,0.193280,0.219188,0.172263,0.183339,0.207649,0.056816,0.180516,,,,,,,,,
546,2.275000,0.263921,0.282717,0.212958,,,,0.315461,0.325503,0.265630,,,,0.195420,0.253607,0.193416,0.219268,0.172210,0.183433,0.207652,0.056815,0.180520,,,,,,,,,
547,2.279167,0.264219,0.282465,0.213071,,,,0.316120,0.324849,0.265576,,,,0.195555,0.253576,0.193518,0.219346,0.172146,0.183521,0.207653,0.056812,0.180524,,,,,,,,,
548,2.283333,0.264490,0.282222,0.213170,,,,0.316737,0.324227,0.265574,,,,0.195748,0.253573,0.193629,0.219414,0.172108,0.183588,0.207653,0.056813,0.180524,,,,,,,,,
549,2.287500,0.264765,0.281994,0.213291,,,,0.317322,0.323584,0.265603,,,,0.196217,0.253612,0.193817,0.219485,0.172063,0.183639,0.207653,0.056817,0.180533,,,,,,,,,
550,2.291667,0.265034,0.281761,0.213394,,,,0.317850,0.322956,0.265688,,,,0.196395,0.253597,0.193958,0.219541,0.172007,0.183690,0.207656,0.056811,0.180534,,,,,,,,,
551,2.295833,0.265280,0.281532,0.213482,,,,0.318343,0.322338,0.265794,,,,0.196455,0.253496,0.194107,0.219593,0.171947,0.183732,0.207654,0.056815,0.180541,,,,,,,,,
552,2.300000,0.265520,0.281295,0.213568,,,,0.318769,0.321734,0.265924,,,,0.196523,0.253413,0.194165,0.219648,0.171863,0.183762,0.207655,0.056817,0.180544,,,,,,,,,
553,2.304167,0.265743,0.281077,0.213680,,,,0.319171,0.321148,0.266099,,,,0.196662,0.253312,0.194369,0.219704,0.171772,0.183778,0.207658,0.056814,0.180548,,,,,,,,,
554,2.308333,0.265974,0.280812,0.213773,,,,0.319526,0.320594,0.266311,,,,0.197034,0.253221,0.194558,0.219769,0.171669,0.183794,0.207658,0.056809,0.180556,,,,,,,,,
555,2.312500,0.266193,0.280552,0.213872,,,,0.319827,0.320082,0.266511,,,,0.197138,0.253123,0.194745,0.219836,0.171575,0.183820,0.207655,0.056810,0.180562,,,,,,,,,
556,2.316667,0.266399,0.280309,0.213961,,,,0.320117,0.319568,0.266756,,,,0.197188,0.253029,0.194895,0.219908,0.171496,0.183859,0.207658,0.056807,0.180568,,,,,,,,,
557,2.320833,0.266605,0.280067,0.214067,,,,0.320377,0.319120,0.267010,,,,0.197459,0.253411,0.195131,0.219981,0.171428,0.183900,0.207658,0.056807,0.180572,,,,,,,,,
558,2.325000,0.266795,0.279825,0.214195,,,,0.320608,0.318674,0.267289,,,,0.197666,0.252995,0.195249,0.220044,0.171372,0.183941,0.207656,0.056805,0.180582,,,,,,,,,
559,2.329167,0.266996,0.279576,0.214373,,,,0.320859,0.318250,0.267584,,,,0.197742,0.252847,0.195255,0.220099,0.171344,0.183992,0.207657,0.056803,0.180587,,,,,,,,,
560,2.333333,0.267184,0.279350,0.214562,,,,0.321111,0.317818,0.267912,,,,0.197824,0.252846,0.195316,0.220152,0.171324,0.184066,0.207657,0.056799,0.180590,,,,,,,,,
561,2.337500,0.267387,0.279154,0.214769,,,,0.321354,0.317397,0.268212,,,,0.197967,0.252867,0.195381,0.220207,0.171318,0.184158,0.207654,0.056798,0.180602,,,,,,,,,
562,2.341667,0.267567,0.278955,0.214974,,,,0.321565,0.316986,0.268516,,,,0.198096,0.252899,0.195439,0.220251,0.171310,0.184258,0.207654,0.056798,0.180609,,,,,,,,,
563,2.345833,0.267763,0.278762,0.215194,,,,0.321795,0.316549,0.268836,,,,0.198259,0.252984,0.195416,0.220286,0.171300,0.184346,0.207653,0.056799,0.180617,,,,,,,,,
564,2.350000,0.267937,0.278566,0.215433,,,,0.322013,0.316103,0.269146,,,,0.198411,0.252967,0.195543,0.220311,0.171286,0.184427,0.207652,0.056799,0.180623,,,,,,,,,
565,2.354167,0.268121,0.278371,0.215675,,,,0.322173,0.315677,0.269488,,,,0.198551,0.252992,0.195623,0.220332,0.171255,0.184503,0.207651,0.056801,0.180628,,,,,,,,,
566,2.358333,0.268253,0.278188,0.215907,,,,0.322313,0.315232,0.269838,,,,0.198916,0.253010,0.195750,0.220357,0.171220,0.184568,0.207649,0.056805,0.180634,,,,,,,,,
567,2.362500,0.268396,0.277978,0.216149,,,,0.322440,0.314817,0.270227,,,,0.199045,0.252998,0.195811,0.220385,0.171173,0.184630,0.207650,0.056807,0.180637,,,,,,,,,
568,2.366667,0.268497,0.277789,0.216369,,,,0.322479,0.314433,0.270598,,,,0.199106,0.252978,0.195854,0.220408,0.171119,0.184684,0.207650,0.056806,0.180640,,,,,,,,,
569,2.370833,0.268599,0.277602,0.216596,,,,0.322523,0.314048,0.271044,,,,0.199150,0.252904,0.195968,0.220603,0.171008,0.184657,0.207648,0.056806,0.180643,,,,,,,,,
570,2.375000,0.268687,0.277412,0.216799,,,,0.322498,0.313677,0.271484,,,,0.199199,0.252865,0.196033,0.220660,0.170947,0.184684,0.207648,0.056804,0.180643,,,,,,,,,
571,2.379167,0.268756,0.277250,0.216987,,,,0.322440,0.313320,0.271986,,,,0.199243,0.252795,0.196073,0.220678,0.170905,0.184712,0.207647,0.056802,0.180645,,,,,,,,,
572,2.383333,0.268825,0.277105,0.217173,,,,0.322359,0.312961,0.272468,,,,0.199282,0.252766,0.196136,0.220540,0.170874,0.184938,0.207643,0.056799,0.180639,,,,,,,,,
573,2.387500,0.268880,0.276949,0.217359,,,,0.322286,0.312601,0.272988,,,,0.199624,0.252733,0.196261,0.220516,0.170827,0.185050,0.207642,0.056798,0.180637,,,,,,,,,
574,2.391667,0.268911,0.276806,0.217537,,,,0.322172,0.312236,0.273474,,,,0.199669,0.252711,0.196332,0.220723,0.170800,0.184840,0.207641,0.056796,0.180640,,,,,,,,,
575,2.395833,0.268933,0.276681,0.217729,,,,0.322079,0.311882,0.273968,,,,0.199670,0.252679,0.196414,0.220737,0.170783,0.184872,0.207640,0.056797,0.180633,,,,,,,,,
576,2.400000,0.268954,0.276549,0.217942,,,,0.321967,0.311530,0.274417,,,,0.199666,0.252662,0.196492,0.220747,0.170750,0.184912,0.207638,0.056797,0.180634,,,,,,,,,
577,2.404167,0.268958,0.276386,0.218168,,,,0.321889,0.311136,0.274856,,,,0.199668,0.252567,0.196633,0.220772,0.170704,0.184938,0.207640,0.056795,0.180633,,,,,,,,,
578,2.408333,0.268930,0.276223,0.218420,,,,0.321767,0.310818,0.275276,,,,0.199656,0.252519,0.196705,0.220791,0.170655,0.184985,0.207642,0.056794,0.180631,,,,,,,,,
579,2.412500,0.268883,0.276068,0.218673,,,,0.321683,0.310457,0.275677,,,,0.199607,0.252422,0.196828,0.220805,0.170605,0.185043,0.207644,0.056793,0.180634,,,,,,,,,
580,2.416667,0.268832,0.275929,0.218938,,,,0.321577,0.310099,0.276051,,,,0.199582,0.252363,0.196918,0.220833,0.170562,0.185101,0.207646,0.056795,0.180630,,,,,,,,,
581,2.420833,0.268773,0.275785,0.219206,,,,0.321477,0.309765,0.276421,,,,0.199584,0.252315,0.196976,0.220856,0.170519,0.185155,0.207646,0.056795,0.180630,,,,,,,,,
582,2.425000,0.268697,0.275661,0.219458,,,,0.321339,0.309430,0.276781,,,,0.199577,0.252275,0.197005,0.220881,0.170476,0.185224,0.207646,0.056795,0.180626,,,,,,,,,
583,2.429167,0.268610,0.275554,0.219722,,,,0.321218,0.309099,0.277181,,,,0.199573,0.252231,0.197051,0.220919,0.170445,0.185294,0.207646,0.056800,0.180623,,,,,,,,,
584,2.433333,0.268506,0.275454,0.219984,,,,0.321110,0.308763,0.277561,,,,0.199582,0.252202,0.197104,0.220923,0.170393,0.185400,0.207649,0.056797,0.180621,,,,,,,,,
585,2.437500,0.268413,0.275382,0.220235,,,,0.320926,0.308433,0.277953,,,,0.199577,0.252153,0.197158,0.220946,0.170358,0.185463,0.207650,0.056800,0.180621,,,,,,,,,
586,2.441667,0.268323,0.275300,0.220514,,,,0.320800,0.308074,0.278388,,,,0.199571,0.252118,0.197201,0.220956,0.170330,0.185516,0.207649,0.056799,0.180620,,,,,,,,,
587,2.445833,0.268237,0.275222,0.220794,,,,0.320655,0.307759,0.278766,,,,0.199550,0.252066,0.197269,0.220964,0.170303,0.185554,0.207652,0.056799,0.180614,,,,,,,,,
588,2.450000,0.268143,0.275119,0.221074,,,,0.320448,0.307449,0.279192,,,,0.199534,0.252032,0.197330,0.220967,0.170275,0.185579,0.207654,0.056796,0.180612,,,,,,,,,
589,2.454167,0.268040,0.275024,0.221359,,,,0.320266,0.307126,0.279659,,,,0.199462,0.251960,0.197475,0.220970,0.170255,0.185608,0.207656,0.056794,0.180610,,,,,,,,,
590,2.458333,0.267938,0.274923,0.221630,,,,0.320067,0.306842,0.280095,,,,0.199426,0.251926,0.197555,0.220968,0.170243,0.185642,0.207656,0.056797,0.180610,,,,,,,,,
591,2.462500,0.267837,0.274823,0.221920,,,,0.319800,0.306573,0.280569,,,,0.199397,0.251913,0.197630,0.220962,0.170239,0.185675,0.207657,0.056799,0.180605,,,,,,,,,
592,2.466667,0.267756,0.274718,0.222212,,,,0.319552,0.306319,0.281087,,,,0.199358,0.251889,0.197718,0.220940,0.170238,0.185746,0.207659,0.056797,0.180604,,,,,,,,,
593,2.470833,0.267669,0.274616,0.222495,,,,0.319306,0.306074,0.281615,,,,0.199328,0.251878,0.197781,0.220920,0.170243,0.185807,0.207662,0.056798,0.180598,,,,,,,,,
594,2.475000,0.267577,0.274519,0.222767,,,,0.319002,0.305852,0.282140,,,,0.199298,0.251885,0.197850,0.220889,0.170270,0.185916,0.207662,0.056800,0.180599,,,,,,,,,
595,2.479167,,,,,,,,,,,,,,,,0.220862,0.170286,0.185991,0.207666,0.056797,0.180593,0.267486,0.274409,0.223032,0.318653,0.305639,0.282719,0.199271,0.251902,0.197903
596,2.483333,,,,,,,,,,,,,,,,0.220826,0.170283,0.186069,0.207667,0.056797,0.180592,0.267375,0.274315,0.223327,0.318380,0.305428,0.283285,0.199321,0.251919,0.197979
597,2.487500,,,,,,,,,,,,,,,,0.220785,0.170307,0.186153,0.207670,0.056797,0.180589,0.267286,0.274182,0.223588,0.317980,0.305188,0.283855,0.199305,0.251958,0.198038
598,2.491667,,,,,,,,,,,,,,,,0.220746,0.170322,0.186220,0.207671,0.056798,0.180582,0.267213,0.274061,0.223876,0.317596,0.304992,0.284424,0.199277,0.251921,0.198185
599,2.495833,,,,,,,,,,,,,,,,0.220702,0.170335,0.186270,0.207671,0.056798,0.180578,0.267120,0.273945,0.224165,0.317259,0.304787,0.284949,0.199240,0.251940,0.198247
600,2.500000,,,,,,,,,,,,,,,,0.220639,0.170337,0.186320,0.207670,0.056799,0.180579,0.267029,0.273822,0.224442,0.316948,0.304545,0.285491,0.199206,0.251947,0.198298
601,2.504167,,,,,,,,,,,,,,,,0.220577,0.170353,0.186358,0.207672,0.056800,0.180575,0.266912,0.273696,0.224719,0.316629,0.304289,0.286030,0.199181,0.251958,0.198335
602,2.508333,,,,,,,,,,,,,,,,0.220526,0.170367,0.186387,0.207674,0.056796,0.180571,0.266804,0.273570,0.224995,0.316266,0.304063,0.286548,0.199135,0.251973,0.198389
603,2.512500,,,,,,,,,,,,,,,,0.220479,0.170410,0.186450,0.207674,0.056797,0.180566,0.266695,0.273467,0.225243,0.315899,0.303816,0.287066,0.199150,0.251996,0.198467
604,2.516667,,,,,,,,,,,,,,,,0.220418,0.170407,0.186501,0.207675,0.056796,0.180565,0.266591,0.273368,0.225502,0.315563,0.303565,0.287558,0.199146,0.252015,0.198549
605,2.520833,,,,,,,,,,,,,,,,0.220363,0.170417,0.186541,0.207675,0.056794,0.180565,0.266479,0.273282,0.225736,0.315226,0.303283,0.288099,0.199119,0.252027,0.198583
606,2.525000,,,,,,,,,,,,,,,,0.220295,0.170429,0.186597,0.207676,0.056794,0.180564,0.266355,0.273207,0.225961,0.314877,0.303021,0.288557,0.199060,0.252033,0.198625
607,2.529167,,,,,,,,,,,,,,,,0.220251,0.170445,0.186640,0.207677,0.056793,0.180561,0.266221,0.273136,0.226168,0.314517,0.302762,0.289045,0.198860,0.251973,0.198617
608,2.533333,,,,,,,,,,,,,,,,0.220194,0.170461,0.186683,0.207675,0.056793,0.180565,0.266088,0.273085,0.226365,0.314230,0.302460,0.289482,0.199164,0.252094,0.198861
609,2.537500,,,,,,,,,,,,,,,,0.220152,0.170471,0.186727,0.207672,0.056797,0.180568,0.265951,0.273028,0.226568,0.313886,0.302185,0.289916,0.198697,0.253707,0.199024
610,2.541667,,,,,,,,,,,,,,,,0.220106,0.170473,0.186745,0.207674,0.056796,0.180567,0.265818,0.272971,0.226740,0.313548,0.301938,0.290302,0.199162,0.255336,0.198782
611,2.545833,,,,,,,,,,,,,,,,0.220074,0.170486,0.186768,0.207674,0.056796,0.180573,0.265664,0.272921,0.226929,0.313258,0.301689,0.290653,0.199863,0.254302,0.195637
612,2.550000,,,,,,,,,,,,,,,,0.220033,0.170501,0.186818,0.207676,0.056798,0.180573,0.265497,0.272877,0.227122,0.312945,0.301451,0.290995,0.200311,0.254236,0.193240
613,2.554167,,,,,,,,,,,,,,,,0.220005,0.170516,0.186834,0.207674,0.056799,0.180579,0.265342,0.272841,0.227279,0.312727,0.301176,0.291294,0.200035,0.254419,0.192781
614,2.558333,,,,,,,,,,,,,,,,0.219975,0.170529,0.186859,0.207674,0.056798,0.180581,0.265182,0.272811,0.227413,0.312519,0.300952,0.291572,0.199688,0.254669,0.193020
615,2.562500,,,,,,,,,,,,,,,,0.219958,0.170571,0.186915,0.207672,0.056797,0.180585,0.265026,0.272783,0.227570,0.312304,0.300756,0.291816,0.199582,0.254642,0.193153
616,2.566667,,,,,,,,,,,,,,,,0.219927,0.170564,0.186952,0.207670,0.056798,0.180585,0.264862,0.272780,0.227717,0.312056,0.300551,0.292067,0.199532,0.254580,0.193283
617,2.570833,,,,,,,,,,,,,,,,0.219900,0.170574,0.186973,0.207667,0.056798,0.180593,0.264697,0.272792,0.227831,0.311862,0.300391,0.292260,0.199455,0.254510,0.193429
618,2.575000,,,,,,,,,,,,,,,,0.219879,0.170585,0.186991,0.207666,0.056793,0.180592,0.264549,0.272789,0.227951,0.311654,0.300204,0.292431,0.199412,0.254510,0.193716
619,2.579167,,,,,,,,,,,,,,,,0.219854,0.170595,0.187013,0.207664,0.056795,0.180593,0.264395,0.272795,0.228053,0.311537,0.300027,0.292600,0.199268,0.254366,0.193807
620,2.583333,,,,,,,,,,,,,,,,0.219836,0.170599,0.187034,0.207662,0.056794,0.180598,0.264237,0.272816,0.228162,0.311406,0.299910,0.292723,0.199220,0.254386,0.194024
621,2.587500,,,,,,,,,,,,,,,,0.219809,0.170609,0.187044,0.207661,0.056795,0.180599,0.264066,0.272831,0.228282,0.311236,0.299795,0.292855,0.198921,0.254370,0.194031
622,2.591667,,,,,,,,,,,,,,,,0.219773,0.170624,0.187064,0.207659,0.056795,0.180605,0.263924,0.272844,0.228359,0.311131,0.299704,0.292933,0.198749,0.254471,0.193901
623,2.595833,,,,,,,,,,,,,,,,0.219751,0.170625,0.187082,0.207656,0.056793,0.180608,0.263776,0.272859,0.228440,0.311031,0.299629,0.293013,0.198654,0.254460,0.193726
624,2.600000,,,,,,,,,,,,,,,,0.219724,0.170636,0.187088,0.207652,0.056796,0.180615,0.263632,0.272890,0.228528,0.310898,0.299585,0.293070,0.198572,0.254462,0.193760
625,2.604167,,,,,,,,,,,,,,,,0.219696,0.170646,0.187100,0.207649,0.056798,0.180616,0.263497,0.272908,0.228622,0.310798,0.299546,0.293124,0.198500,0.254430,0.193847
626,2.608333,,,,,,,,,,,,,,,,0.219666,0.170655,0.187117,0.207646,0.056794,0.180623,0.263376,0.272917,0.228711,0.310707,0.299488,0.293180,0.198362,0.254339,0.194044
627,2.612500,,,,,,,,,,,,,,,,0.219722,0.170694,0.186920,0.207643,0.056795,0.180624,0.263268,0.272934,0.228798,0.310627,0.299459,0.293228,0.198292,0.254295,0.194200
628,2.616667,,,,,,,,,,,,,,,,0.219697,0.170731,0.186880,0.207642,0.056794,0.180627,0.263152,0.272951,0.228872,0.310563,0.299444,0.293270,0.198235,0.254319,0.194529
629,2.620833,,,,,,,,,,,,,,,,0.219661,0.170742,0.186913,0.207641,0.056793,0.180630,0.263039,0.272963,0.228939,0.310504,0.299429,0.293312,0.197961,0.253874,0.196027
630,2.625000,,,,,,,,,,,,,,,,0.219620,0.170757,0.186951,0.207639,0.056792,0.180631,0.262935,0.272967,0.229005,0.310444,0.299415,0.293356,0.197800,0.253896,0.196496
631,2.629167,,,,,,,,,,,,,,,,0.219578,0.170766,0.186967,0.207637,0.056794,0.180634,0.262845,0.272973,0.229053,0.310387,0.299402,0.293399,0.197688,0.253878,0.196493
632,2.633333,,,,,,,,,,,,,,,,0.219540,0.170783,0.186986,0.207635,0.056794,0.180636,0.262764,0.272973,0.229111,0.310335,0.299383,0.293441,0.197592,0.253885,0.196520
633,2.637500,,,,,,,,,,,,,,,,0.219484,0.170800,0.187036,0.207633,0.056797,0.180642,0.262674,0.272970,0.229139,0.310274,0.299354,0.293488,0.197527,0.253882,0.196579
634,2.641667,,,,,,,,,,,,,,,,0.219462,0.170794,0.187090,0.207633,0.056801,0.180640,0.262597,0.272965,0.229210,0.310209,0.299316,0.293540,0.197307,0.253866,0.196556
635,2.645833,,,,,,,,,,,,,,,,0.219427,0.170814,0.187111,0.207632,0.056801,0.180642,0.262531,0.272943,0.229255,0.310153,0.299266,0.293590,0.197173,0.253844,0.196547
636,2.650000,,,,,,,,,,,,,,,,0.219262,0.170798,0.187352,0.207633,0.056800,0.180642,0.262463,0.272915,0.229295,0.310054,0.299184,0.293667,0.197124,0.253866,0.196665
637,2.654167,,,,,,,,,,,,,,,,0.219224,0.170840,0.187411,0.207633,0.056802,0.180640,0.262396,0.272889,0.229332,0.309988,0.299100,0.293722,0.197084,0.253867,0.196748
638,2.658333,,,,,,,,,,,,,,,,0.219175,0.170858,0.187416,0.207630,0.056803,0.180645,0.262342,0.272863,0.229357,0.309934,0.298976,0.293768,0.197021,0.253879,0.196808
639,2.662500,,,,,,,,,,,,,,,,0.219125,0.170865,0.187425,0.207628,0.056803,0.180641,0.262291,0.272833,0.229371,0.309884,0.298840,0.293825,0.196949,0.253896,0.196834
640,2.666667,,,,,,,,,,,,,,,,0.219060,0.170871,0.187422,0.207629,0.056802,0.180635,0.262244,0.272787,0.229378,0.309868,0.298675,0.293895,0.196895,0.253891,0.196869
641,2.670833,,,,,,,,,,,,,,,,0.219021,0.170885,0.187422,0.207627,0.056803,0.180633,0.262203,0.272761,0.229383,0.309809,0.298496,0.293966,0.196857,0.253870,0.196940
642,2.675000,,,,,,,,,,,,,,,,0.218994,0.170893,0.187423,0.207626,0.056803,0.180628,0.262165,0.272734,0.229383,0.309783,0.298299,0.293995,0.196804,0.253871,0.196978
643,2.679167,,,,,,,,,,,,,,,,0.218962,0.170910,0.187420,0.207628,0.056800,0.180622,0.262131,0.272704,0.229382,0.309784,0.298078,0.294065,0.196760,0.253868,0.197007
644,2.683333,,,,,,,,,,,,,,,,0.218941,0.170914,0.187417,0.207629,0.056800,0.180618,0.262096,0.272663,0.229383,0.309735,0.297839,0.294116,0.196722,0.253869,0.197041
645,2.687500,,,,,,,,,,,,,,,,0.218917,0.170923,0.187410,0.207630,0.056800,0.180610,0.262066,0.272621,0.229381,0.309749,0.297597,0.294160,0.196687,0.253868,0.197061
646,2.691667,,,,,,,,,,,,,,,,0.218897,0.170931,0.187404,0.207631,0.056800,0.180607,0.262039,0.272579,0.229384,0.309766,0.297366,0.294163,0.196656,0.253865,0.197077
647,2.695833,,,,,,,,,,,,,,,,0.218880,0.170935,0.187397,0.207635,0.056799,0.180600,0.262022,0.272534,0.229385,0.309819,0.297086,0.294196,0.196630,0.253888,0.197079
648,2.700000,,,,,,,,,,,,,,,,0.218865,0.170944,0.187388,0.207636,0.056799,0.180601,0.261987,0.272488,0.229375,0.309869,0.296814,0.294187,0.196607,0.253887,0.197089
649,2.704167,,,,,,,,,,,,,,,,0.218853,0.170949,0.187380,0.207636,0.056803,0.180600,0.261974,0.272439,0.229370,0.309925,0.296543,0.294193,0.196562,0.253868,0.197112
650,2.708333,,,,,,,,,,,,,,,,0.218843,0.170954,0.187368,0.207638,0.056802,0.180597,0.261968,0.272388,0.229373,0.310030,0.296245,0.294182,0.196560,0.253896,0.197100
651,2.712500,,,,,,,,,,,,,,,,0.218834,0.170957,0.187357,0.207640,0.056804,0.180592,0.261964,0.272331,0.229363,0.310098,0.295977,0.294159,0.196558,0.253898,0.197112
652,2.716667,,,,,,,,,,,,,,,,0.218830,0.170961,0.187346,0.207641,0.056806,0.180592,0.261965,0.272283,0.229357,0.310088,0.295581,0.294194,0.196546,0.253892,0.197104
653,2.720833,,,,,,,,,,,,,,,,0.218832,0.170961,0.187331,0.207643,0.056807,0.180589,0.261978,0.272219,0.229352,0.310180,0.295296,0.294147,0.196523,0.253857,0.197116
654,2.725000,,,,,,,,,,,,,,,,0.218838,0.170951,0.187311,0.207647,0.056803,0.180591,0.261993,0.272161,0.229343,0.310267,0.295063,0.294121,0.196522,0.253851,0.197120
655,2.729167,,,,,,,,,,,,,,,,0.218846,0.170948,0.187298,0.207650,0.056804,0.180588,0.262014,0.272106,0.229322,0.310389,0.294774,0.294090,0.196536,0.253849,0.197123
656,2.733333,,,,,,,,,,,,,,,,0.218960,0.170978,0.187044,0.207652,0.056806,0.180585,0.262038,0.272051,0.229310,0.310524,0.294489,0.294042,0.196548,0.253834,0.197116
657,2.737500,,,,,,,,,,,,,,,,0.218985,0.170983,0.186972,0.207653,0.056806,0.180586,0.262067,0.271992,0.229289,0.310628,0.294230,0.294044,0.196566,0.253810,0.197121
658,2.741667,,,,,,,,,,,,,,,,0.218972,0.170967,0.186887,0.207658,0.056804,0.180578,0.262107,0.271929,0.229260,0.310757,0.293968,0.294002,0.196592,0.253797,0.197134
659,2.745833,,,,,,,,,,,,,,,,0.218885,0.170895,0.187134,0.207659,0.056802,0.180576,0.262154,0.271856,0.229249,0.310854,0.293737,0.293950,0.196615,0.253787,0.197131
660,2.750000,,,,,,,,,,,,,,,,0.219000,0.170917,0.186902,0.207660,0.056800,0.180574,0.262208,0.271776,0.229229,0.310994,0.293489,0.293935,0.196647,0.253779,0.197125
661,2.754167,,,,,,,,,,,,,,,,0.219031,0.170937,0.186794,0.207663,0.056799,0.180566,0.262282,0.271690,0.229235,0.311152,0.293234,0.293889,0.196681,0.253776,0.197129
662,2.758333,,,,,,,,,,,,,,,,0.219053,0.170921,0.186783,0.207665,0.056798,0.180564,0.262359,0.271612,0.229210,0.311251,0.293018,0.293877,0.196721,0.253774,0.197126
663,2.762500,,,,,,,,,,,,,,,,0.219073,0.170909,0.186785,0.207666,0.056798,0.180565,0.262442,0.271532,0.229192,0.311394,0.292772,0.293851,0.196767,0.253775,0.197118
664,2.766667,,,,,,,,,,,,,,,,0.219099,0.170897,0.186778,0.207668,0.056798,0.180562,0.262529,0.271453,0.229169,0.311553,0.292537,0.293833,0.196822,0.253778,0.197104
665,2.770833,,,,,,,,,,,,,,,,0.219129,0.170883,0.186767,0.207669,0.056799,0.180562,0.262624,0.271369,0.229158,0.311756,0.292311,0.293827,0.196883,0.253778,0.197081
666,2.775000,,,,,,,,,,,,,,,,0.219154,0.170871,0.186759,0.207670,0.056799,0.180564,0.262730,0.271290,0.229142,0.311892,0.292098,0.293783,0.196959,0.253768,0.197070
667,2.779167,,,,,,,,,,,,,,,,0.219211,0.170871,0.186719,0.207672,0.056802,0.180558,0.262840,0.271201,0.229122,0.312048,0.291895,0.293789,0.197033,0.253750,0.197008
668,2.783333,,,,,,,,,,,,,,,,0.219242,0.170861,0.186696,0.207673,0.056801,0.180559,0.262964,0.271098,0.229116,0.312227,0.291643,0.293756,0.197109,0.253753,0.196986
669,2.787500,,,,,,,,,,,,,,,,0.219306,0.170807,0.186732,0.207671,0.056802,0.180559,0.263094,0.271017,0.229101,0.312363,0.291454,0.293739,0.197191,0.253779,0.196958
670,2.791667,,,,,,,,,,,,,,,,0.219343,0.170785,0.186731,0.207673,0.056799,0.180557,0.263216,0.270931,0.229097,0.312551,0.291186,0.293754,0.197436,0.253774,0.197049
671,2.795833,,,,,,,,,,,,,,,,0.219381,0.170760,0.186710,0.207672,0.056801,0.180556,0.263346,0.270825,0.229089,0.312679,0.290973,0.293724,0.197560,0.253784,0.197063
672,2.800000,,,,,,,,,,,,,,,,0.219413,0.170742,0.186696,0.207671,0.056799,0.180555,0.263484,0.270727,0.229077,0.312864,0.290730,0.293770,0.197655,0.253741,0.197049
673,2.804167,,,,,,,,,,,,,,,,0.219452,0.170732,0.186678,0.207667,0.056799,0.180556,0.263629,0.270619,0.229032,0.313044,0.290480,0.293750,0.197746,0.253740,0.197011
674,2.808333,,,,,,,,,,,,,,,,0.219486,0.170712,0.186674,0.207666,0.056797,0.180556,0.263795,0.270516,0.228999,0.313170,0.290283,0.293753,0.197846,0.253745,0.196991
675,2.812500,,,,,,,,,,,,,,,,0.219415,0.170679,0.186872,0.207663,0.056798,0.180557,0.263954,0.270421,0.228959,0.313352,0.290031,0.293786,0.197940,0.253767,0.196917
676,2.816667,,,,,,,,,,,,,,,,0.219454,0.170646,0.186892,0.207661,0.056801,0.180555,0.264099,0.270331,0.228924,0.313461,0.289818,0.293817,0.198060,0.253740,0.196905
677,2.820833,,,,,,,,,,,,,,,,0.219510,0.170633,0.186885,0.207660,0.056798,0.180560,0.264257,0.270224,0.228886,0.313606,0.289571,0.293826,0.198165,0.253734,0.196848
678,2.825000,,,,,,,,,,,,,,,,0.219551,0.170616,0.186870,0.207659,0.056800,0.180562,0.264416,0.270114,0.228850,0.313726,0.289345,0.293810,0.198278,0.253742,0.196823
679,2.829167,,,,,,,,,,,,,,,,0.219594,0.170597,0.186855,0.207657,0.056804,0.180567,0.264580,0.270020,0.228823,0.313904,0.289115,0.293839,0.198546,0.253754,0.196867
680,2.833333,,,,,,,,,,,,,,,,0.219645,0.170558,0.186801,0.207658,0.056806,0.180567,0.264742,0.269922,0.228793,0.314128,0.288836,0.293854,0.198691,0.253769,0.196864
681,2.837500,,,,,,,,,,,,,,,,0.219684,0.170539,0.186780,0.207658,0.056807,0.180570,0.264914,0.269813,0.228737,0.314279,0.288645,0.293846,0.198805,0.253742,0.196819
682,2.841667,,,,,,,,,,,,,,,,0.219739,0.170512,0.186758,0.207658,0.056807,0.180574,0.265074,0.269713,0.228703,0.314458,0.288401,0.293821,0.198897,0.253739,0.196768
683,2.845833,,,,,,,,,,,,,,,,0.219786,0.170492,0.186746,0.207656,0.056808,0.180578,0.265227,0.269607,0.228651,0.314601,0.288148,0.293768,0.199007,0.253745,0.196730
684,2.850000,,,,,,,,,,,,,,,,0.219830,0.170472,0.186734,0.207653,0.056808,0.180579,0.265396,0.269496,0.228613,0.314793,0.287925,0.293741,0.199118,0.253756,0.196697
685,2.854167,,,,,,,,,,,,,,,,0.219878,0.170448,0.186732,0.207651,0.056809,0.180586,0.265552,0.269414,0.228563,0.315010,0.287672,0.293690,0.199251,0.253715,0.196623
686,2.858333,,,,,,,,,,,,,,,,0.219940,0.170433,0.186705,0.207651,0.056808,0.180585,0.265711,0.269328,0.228520,0.315201,0.287458,0.293673,0.199527,0.253731,0.196651
687,2.862500,,,,,,,,,,,,,,,,0.219988,0.170409,0.186695,0.207649,0.056808,0.180588,0.265880,0.269228,0.228475,0.315409,0.287182,0.293608,0.199672,0.253739,0.196630
688,2.866667,,,,,,,,,,,,,,,,0.220029,0.170390,0.186690,0.207646,0.056807,0.180588,0.266030,0.269148,0.228414,0.315644,0.286935,0.293540,0.199775,0.253739,0.196571
689,2.870833,,,,,,,,,,,,,,,,0.220075,0.170367,0.186682,0.207645,0.056804,0.180591,0.266177,0.269060,0.228366,0.315828,0.286758,0.293475,0.199888,0.253710,0.196524
690,2.875000,,,,,,,,,,,,,,,,0.220122,0.170335,0.186677,0.207644,0.056804,0.180597,0.266346,0.268965,0.228293,0.316039,0.286523,0.293373,0.200002,0.253712,0.196479
691,2.879167,,,,,,,,,,,,,,,,0.220174,0.170318,0.186643,0.207644,0.056805,0.180599,0.266491,0.268883,0.228232,0.316237,0.286307,0.293271,0.200098,0.253735,0.196400
692,2.883333,,,,,,,,,,,,,,,,0.220228,0.170291,0.186622,0.207642,0.056805,0.180601,0.266636,0.268806,0.228171,0.316469,0.286111,0.293225,0.200197,0.253743,0.196353
693,2.887500,,,,,,,,,,,,,,,,0.220275,0.170266,0.186613,0.207640,0.056803,0.180607,0.266778,0.268719,0.228090,0.316705,0.285883,0.293104,0.200313,0.253711,0.196309
694,2.891667,,,,,,,,,,,,,,,,0.220318,0.170238,0.186599,0.207638,0.056803,0.180612,0.266924,0.268626,0.228011,0.316893,0.285723,0.292997,0.200417,0.253698,0.196216
695,2.895833,,,,,,,,,,,,,,,,0.220363,0.170196,0.186553,0.207638,0.056804,0.180619,0.267071,0.268555,0.227923,0.317099,0.285515,0.292885,0.200669,0.253687,0.196248
696,2.900000,,,,,,,,,,,,,,,,0.220406,0.170178,0.186533,0.207641,0.056801,0.180622,0.267201,0.268495,0.227829,0.317276,0.285365,0.292774,0.200807,0.253729,0.196212
697,2.904167,,,,,,,,,,,,,,,,0.220448,0.170159,0.186509,0.207639,0.056802,0.180626,0.267339,0.268428,0.227740,0.317475,0.285179,0.292644,0.200888,0.253720,0.196147
698,2.908333,,,,,,,,,,,,,,,,0.220488,0.170139,0.186485,0.207637,0.056804,0.180632,0.267488,0.268346,0.227667,0.317655,0.285049,0.292529,0.200988,0.253684,0.196089
699,2.912500,,,,,,,,,,,,,,,,0.220525,0.170121,0.186463,0.207641,0.056802,0.180635,0.267604,0.268292,0.227583,0.317864,0.284862,0.292392,0.201072,0.253690,0.196028
700,2.916667,,,,,,,,,,,,,,,,0.220562,0.170101,0.186441,0.207642,0.056802,0.180639,0.267732,0.268244,0.227481,0.318034,0.284737,0.292259,0.201155,0.253690,0.195961
701,2.920833,,,,,,,,,,,,,,,,0.220611,0.170097,0.186392,0.207644,0.056804,0.180635,0.267858,0.268184,0.227372,0.318223,0.284590,0.292125,0.201227,0.253689,0.195905
702,2.925000,,,,,,,,,,,,,,,,0.220640,0.170085,0.186359,0.207645,0.056802,0.180637,0.267990,0.268131,0.227243,0.318394,0.284483,0.291980,0.201293,0.253711,0.195822
703,2.929167,,,,,,,,,,,,,,,,0.220683,0.170053,0.186310,0.207644,0.056803,0.180639,0.268103,0.268082,0.227127,0.318566,0.284383,0.291822,0.201380,0.253684,0.195778
704,2.933333,,,,,,,,,,,,,,,,0.220720,0.170043,0.186271,0.207645,0.056803,0.180635,0.268218,0.268036,0.227033,0.318756,0.284256,0.291671,0.201460,0.253685,0.195724
705,2.937500,,,,,,,,,,,,,,,,0.220748,0.170027,0.186250,0.207646,0.056802,0.180632,0.268330,0.267994,0.226904,0.318918,0.284162,0.291516,0.201519,0.253657,0.195597
706,2.941667,,,,,,,,,,,,,,,,0.220774,0.170011,0.186223,0.207649,0.056799,0.180628,0.268442,0.267955,0.226773,0.319075,0.284073,0.291332,0.201574,0.253661,0.195520
707,2.945833,,,,,,,,,,,,,,,,0.220808,0.169994,0.186163,0.207651,0.056799,0.180627,0.268548,0.267918,0.226633,0.319251,0.283997,0.291182,0.201639,0.253668,0.195459
708,2.950000,,,,,,,,,,,,,,,,0.220829,0.169964,0.186091,0.207652,0.056799,0.180624,0.268647,0.267885,0.226515,0.319403,0.283949,0.291007,0.201885,0.253687,0.195488
709,2.954167,,,,,,,,,,,,,,,,0.220840,0.169956,0.186051,0.207653,0.056796,0.180620,0.268735,0.267861,0.226396,0.319559,0.283927,0.290822,0.201970,0.253689,0.195447
710,2.958333,,,,,,,,,,,,,,,,0.220846,0.169935,0.186029,0.207653,0.056798,0.180620,0.268832,0.267838,0.226239,0.319732,0.283858,0.290632,0.202023,0.253661,0.195386
711,2.962500,,,,,,,,,,,,,,,,0.220861,0.169922,0.185994,0.207654,0.056801,0.180619,0.268916,0.267821,0.226099,0.319862,0.283835,0.290446,0.202017,0.253625,0.195196
712,2.966667,,,,,,,,,,,,,,,,0.220879,0.169913,0.185955,0.207657,0.056798,0.180613,0.268991,0.267809,0.225947,0.319993,0.283827,0.290251,0.202045,0.253620,0.195101
713,2.970833,,,,,,,,,,,,,,,,0.220893,0.169905,0.185914,0.207660,0.056801,0.180610,0.269063,0.267790,0.225813,0.320139,0.283841,0.290053,0.202084,0.253623,0.195024
714,2.975000,,,,,,,,,,,,,,,,0.220907,0.169898,0.185873,0.207664,0.056802,0.180608,0.269135,0.267763,0.225676,0.320300,0.283863,0.289871,0.202125,0.253622,0.194948
715,2.979167,,,,,,,,,,,,,,,,0.220916,0.169891,0.185837,0.207665,0.056803,0.180607,0.269198,0.267748,0.225499,0.320434,0.283862,0.289676,0.202152,0.253645,0.194847
716,2.983333,,,,,,,,,,,,,,,,0.220930,0.169894,0.185790,0.207668,0.056799,0.180600,0.269252,0.267750,0.225342,0.320553,0.283886,0.289451,0.202171,0.253644,0.194763
717,2.987500,,,,,,,,,,,,,,,,0.220927,0.169885,0.185764,0.207667,0.056800,0.180601,0.269302,0.267757,0.225190,0.320678,0.283855,0.289205,0.202201,0.253651,0.194691
718,2.991667,,,,,,,,,,,,,,,,0.220949,0.169888,0.185713,0.207669,0.056798,0.180597,0.269349,0.267765,0.225041,0.320796,0.283874,0.288989,0.202229,0.253654,0.194617
719,2.995833,,,,,,,,,,,,,,,,0.220957,0.169889,0.185672,0.207669,0.056800,0.180592,0.269395,0.267775,0.224879,0.320899,0.283884,0.288744,0.202224,0.253660,0.194536
720,3.000000,,,,,,,,,,,,,,,,0.220960,0.169888,0.185629,0.207671,0.056800,0.180590,0.269433,0.267796,0.224713,0.321033,0.283909,0.288539,0.202249,0.253652,0.194439
721,3.004167,,,,,,,,,,,,,,,,0.220962,0.169890,0.185587,0.207672,0.056800,0.180586,0.269456,0.267823,0.224547,0.321140,0.283962,0.288306,0.202267,0.253654,0.194360
722,3.008333,,,,,,,,,,,,,,,,0.220962,0.169891,0.185541,0.207673,0.056801,0.180581,0.269475,0.267840,0.224385,0.321249,0.283994,0.288069,0.202274,0.253657,0.194280
723,3.012500,,,,,,,,,,,,,,,,0.220966,0.169876,0.185457,0.207674,0.056799,0.180581,0.269495,0.267869,0.224228,0.321329,0.284037,0.287802,0.202268,0.253664,0.194202
724,3.016667,,,,,,,,,,,,,,,,0.220961,0.169879,0.185403,0.207675,0.056802,0.180578,0.269511,0.267906,0.224054,0.321404,0.284118,0.287566,0.202265,0.253666,0.194117
725,3.020833,,,,,,,,,,,,,,,,0.220962,0.169884,0.185356,0.207676,0.056802,0.180575,0.269523,0.267936,0.223903,0.321484,0.284142,0.287341,0.202273,0.253699,0.193997
726,3.025000,,,,,,,,,,,,,,,,0.220970,0.169891,0.185283,0.207676,0.056802,0.180574,0.269532,0.267973,0.223752,0.321580,0.284189,0.287095,0.202248,0.253709,0.193937
727,3.029167,,,,,,,,,,,,,,,,0.220962,0.169897,0.185238,0.207677,0.056800,0.180567,0.269525,0.268010,0.223568,0.321653,0.284247,0.286882,0.202241,0.253710,0.193858
728,3.033333,,,,,,,,,,,,,,,,0.220945,0.169901,0.185195,0.207676,0.056803,0.180565,0.269527,0.268057,0.223405,0.321700,0.284311,0.286620,0.202223,0.253720,0.193782
729,3.037500,,,,,,,,,,,,,,,,0.220932,0.169908,0.185152,0.207676,0.056800,0.180565,0.269524,0.268103,0.223253,0.321757,0.284390,0.286376,0.202232,0.253716,0.193690
730,3.041667,,,,,,,,,,,,,,,,0.220919,0.169917,0.185104,0.207676,0.056803,0.180559,0.269514,0.268148,0.223086,0.321816,0.284453,0.286177,0.202062,0.253743,0.193546
731,3.045833,,,,,,,,,,,,,,,,0.220903,0.169928,0.185057,0.207674,0.056802,0.180558,0.269492,0.268190,0.222919,0.321883,0.284546,0.285942,0.201972,0.253722,0.193397
732,3.050000,,,,,,,,,,,,,,,,0.220890,0.169940,0.185009,0.207675,0.056801,0.180554,0.269464,0.268237,0.222755,0.321907,0.284631,0.285690,0.201935,0.253724,0.193302
733,3.054167,,,,,,,,,,,,,,,,0.220868,0.169954,0.184962,0.207675,0.056801,0.180551,0.269441,0.268305,0.222610,0.321955,0.284726,0.285466,0.201910,0.253733,0.193228
734,3.058333,,,,,,,,,,,,,,,,0.220847,0.169969,0.184916,0.207674,0.056801,0.180551,0.269416,0.268340,0.222448,0.321990,0.284795,0.285271,0.201864,0.253718,0.193091
735,3.062500,,,,,,,,,,,,,,,,0.220815,0.169985,0.184866,0.207672,0.056799,0.180550,0.269391,0.268386,0.222276,0.322033,0.284896,0.285078,0.201826,0.253719,0.193008
736,3.066667,,,,,,,,,,,,,,,,0.220794,0.170010,0.184807,0.207671,0.056800,0.180550,0.269352,0.268429,0.222103,0.322009,0.285033,0.284829,0.201793,0.253729,0.192945
737,3.070833,,,,,,,,,,,,,,,,0.220768,0.170026,0.184757,0.207668,0.056802,0.180551,0.269312,0.268479,0.221952,0.322007,0.285139,0.284623,0.201759,0.253749,0.192871
738,3.075000,,,,,,,,,,,,,,,,0.220738,0.170033,0.184706,0.207668,0.056801,0.180554,0.269277,0.268531,0.221815,0.322035,0.285234,0.284419,0.201714,0.253778,0.192792
739,3.079167,,,,,,,,,,,,,,,,0.220705,0.170050,0.184660,0.207668,0.056799,0.180552,0.269230,0.268579,0.221666,0.322030,0.285315,0.284217,0.201647,0.253811,0.192705
740,3.083333,,,,,,,,,,,,,,,,0.220669,0.170068,0.184616,0.207664,0.056799,0.180556,0.269172,0.268628,0.221515,0.322031,0.285422,0.284011,0.201598,0.253813,0.192647
741,3.087500,,,,,,,,,,,,,,,,0.220635,0.170081,0.184571,0.207663,0.056800,0.180557,0.269127,0.268679,0.221374,0.322048,0.285506,0.283824,0.201538,0.253809,0.192579
742,3.091667,,,,,,,,,,,,,,,,0.220596,0.170078,0.184498,0.207660,0.056800,0.180557,0.269070,0.268738,0.221252,0.322052,0.285600,0.283665,0.201485,0.253816,0.192521
743,3.095833,,,,,,,,,,,,,,,,0.220554,0.170106,0.184460,0.207656,0.056802,0.180562,0.269000,0.268797,0.221115,0.322007,0.285707,0.283448,0.201413,0.253835,0.192496
744,3.100000,,,,,,,,,,,,,,,,0.220523,0.170117,0.184422,0.207652,0.056804,0.180565,0.268924,0.268854,0.220987,0.321987,0.285803,0.283284,0.201229,0.253853,0.192372
745,3.104167,,,,,,,,,,,,,,,,0.220485,0.170138,0.184396,0.207652,0.056802,0.180563,0.268854,0.268911,0.220871,0.321976,0.285913,0.283105,0.201118,0.253846,0.192271
746,3.108333,,,,,,,,,,,,,,,,0.220438,0.170159,0.184373,0.207651,0.056804,0.180565,0.268789,0.268962,0.220770,0.321947,0.285998,0.282918,0.201042,0.253894,0.192227
747,3.112500,,,,,,,,,,,,,,,,0.220409,0.170181,0.184342,0.207651,0.056805,0.180567,0.268710,0.269013,0.220659,0.321924,0.286066,0.282751,0.200967,0.253907,0.192208
748,3.116667,,,,,,,,,,,,,,,,0.220364,0.170202,0.184322,0.207647,0.056808,0.180573,0.268625,0.269062,0.220552,0.321889,0.286130,0.282584,0.200905,0.253918,0.192184
749,3.120833,,,,,,,,,,,,,,,,0.220322,0.170222,0.184298,0.207645,0.056807,0.180573,0.268548,0.269123,0.220467,0.321867,0.286212,0.282471,0.200841,0.253922,0.192162
750,3.125000,,,,,,,,,,,,,,,,0.220281,0.170244,0.184280,0.207641,0.056809,0.180578,0.268466,0.269192,0.220378,0.321831,0.286278,0.282306,0.200768,0.253931,0.192133
751,3.129167,,,,,,,,,,,,,,,,0.220218,0.170261,0.184265,0.207639,0.056810,0.180582,0.268365,0.269250,0.220268,0.321799,0.286327,0.282181,0.200697,0.253938,0.192112
752,3.133333,,,,,,,,,,,,,,,,0.220175,0.170287,0.184245,0.207638,0.056810,0.180581,0.268278,0.269304,0.220196,0.321744,0.286397,0.282058,0.200635,0.253934,0.192123
753,3.137500,,,,,,,,,,,,,,,,0.220134,0.170320,0.184247,0.207637,0.056809,0.180584,0.268191,0.269356,0.220132,0.321692,0.286423,0.281944,0.200558,0.253967,0.192094
754,3.141667,,,,,,,,,,,,,,,,0.220095,0.170339,0.184240,0.207637,0.056807,0.180585,0.268098,0.269412,0.220073,0.321628,0.286491,0.281801,0.200479,0.253967,0.192061
755,3.145833,,,,,,,,,,,,,,,,0.220052,0.170360,0.184231,0.207635,0.056811,0.180585,0.267989,0.269471,0.220004,0.321582,0.286538,0.281695,0.200233,0.253990,0.191977
756,3.150000,,,,,,,,,,,,,,,,0.220017,0.170406,0.184253,0.207632,0.056808,0.180590,0.267887,0.269518,0.219951,0.321536,0.286575,0.281602,0.200104,0.253977,0.191909
757,3.154167,,,,,,,,,,,,,,,,0.219981,0.170424,0.184249,0.207632,0.056806,0.180587,0.267792,0.269567,0.219915,0.321494,0.286611,0.281527,0.200045,0.253998,0.191954
758,3.158333,,,,,,,,,,,,,,,,0.219924,0.170447,0.184255,0.207632,0.056808,0.180586,0.267697,0.269625,0.219891,0.321448,0.286638,0.281459,0.199977,0.254019,0.191981
759,3.162500,,,,,,,,,,,,,,,,0.219884,0.170467,0.184254,0.207630,0.056812,0.180588,0.267598,0.269680,0.219877,0.321356,0.286691,0.281387,0.199888,0.254043,0.191990
760,3.166667,,,,,,,,,,,,,,,,0.219848,0.170485,0.184260,0.207632,0.056809,0.180587,0.267492,0.269735,0.219854,0.321276,0.286716,0.281329,0.199827,0.254039,0.191981
761,3.170833,,,,,,,,,,,,,,,,0.219802,0.170510,0.184265,0.207633,0.056811,0.180589,0.267385,0.269781,0.219834,0.321217,0.286740,0.281287,0.199758,0.254047,0.192004
762,3.175000,,,,,,,,,,,,,,,,0.219763,0.170530,0.184273,0.207632,0.056811,0.180592,0.267279,0.269819,0.219834,0.321131,0.286788,0.281258,0.199675,0.254058,0.192041
763,3.179167,,,,,,,,,,,,,,,,0.219715,0.170533,0.184298,0.207629,0.056812,0.180599,0.267179,0.269863,0.219838,0.321043,0.286846,0.281237,0.199602,0.254045,0.192087
764,3.183333,,,,,,,,,,,,,,,,0.219676,0.170553,0.184312,0.207632,0.056812,0.180599,0.267084,0.269909,0.219848,0.320964,0.286880,0.281234,0.199510,0.254080,0.192118
765,3.187500,,,,,,,,,,,,,,,,0.219641,0.170571,0.184330,0.207632,0.056814,0.180601,0.266976,0.269953,0.219887,0.320857,0.286912,0.281214,0.199286,0.254099,0.192029
766,3.191667,,,,,,,,,,,,,,,,0.219610,0.170585,0.184349,0.207631,0.056814,0.180606,0.266871,0.269986,0.219904,0.320766,0.286943,0.281234,0.199185,0.254073,0.191990
767,3.195833,,,,,,,,,,,,,,,,0.219578,0.170604,0.184371,0.207632,0.056814,0.180609,0.266765,0.270018,0.219927,0.320682,0.286978,0.281258,0.199106,0.254078,0.192037
768,3.200000,,,,,,,,,,,,,,,,0.219544,0.170621,0.184392,0.207633,0.056814,0.180609,0.266670,0.270045,0.219974,0.320588,0.287022,0.281310,0.199034,0.254080,0.192066
769,3.204167,,,,,,,,,,,,,,,,0.219510,0.170636,0.184418,0.207634,0.056813,0.180612,0.266576,0.270077,0.220026,0.320457,0.287065,0.281366,0.198976,0.254113,0.192147
770,3.208333,,,,,,,,,,,,,,,,0.219479,0.170657,0.184441,0.207636,0.056814,0.180611,0.266487,0.270104,0.220084,0.320341,0.287093,0.281439,0.198924,0.254100,0.192209
771,3.212500,,,,,,,,,,,,,,,,0.219450,0.170671,0.184481,0.207635,0.056816,0.180611,0.266397,0.270120,0.220152,0.320230,0.287117,0.281516,0.198857,0.254116,0.192232
772,3.216667,,,,,,,,,,,,,,,,0.219423,0.170671,0.184525,0.207635,0.056809,0.180610,0.266305,0.270137,0.220230,0.320113,0.287131,0.281620,0.198800,0.254089,0.192295
773,3.220833,,,,,,,,,,,,,,,,0.219393,0.170703,0.184614,0.207636,0.056810,0.180609,0.266219,0.270166,0.220298,0.319970,0.287218,0.281740,0.198747,0.254091,0.192339
774,3.225000,,,,,,,,,,,,,,,,0.219372,0.170712,0.184648,0.207638,0.056810,0.180605,0.266127,0.270198,0.220385,0.319847,0.287244,0.281852,0.198686,0.254091,0.192390
775,3.229167,,,,,,,,,,,,,,,,0.219357,0.170721,0.184668,0.207640,0.056805,0.180600,0.266028,0.270209,0.220477,0.319681,0.287270,0.281981,0.198627,0.254085,0.192430
776,3.233333,,,,,,,,,,,,,,,,0.219341,0.170728,0.184689,0.207639,0.056806,0.180599,0.265945,0.270206,0.220590,0.319544,0.287291,0.282115,0.198584,0.254089,0.192450
777,3.237500,,,,,,,,,,,,,,,,0.219318,0.170739,0.184723,0.207640,0.056808,0.180593,0.265870,0.270213,0.220695,0.319382,0.287310,0.282304,0.198543,0.254094,0.192496
778,3.241667,,,,,,,,,,,,,,,,0.219305,0.170745,0.184758,0.207642,0.056804,0.180589,0.265794,0.270220,0.220802,0.319226,0.287315,0.282474,0.198510,0.254097,0.192524
779,3.245833,,,,,,,,,,,,,,,,0.219293,0.170750,0.184796,0.207641,0.056804,0.180585,0.265721,0.270228,0.220914,0.319077,0.287315,0.282683,0.198473,0.254089,0.192553
780,3.250000,,,,,,,,,,,,,,,,0.219284,0.170752,0.184826,0.207641,0.056805,0.180579,0.265642,0.270244,0.221026,0.318899,0.287348,0.282857,0.198435,0.254112,0.192579
781,3.254167,,,,,,,,,,,,,,,,0.219273,0.170759,0.184862,0.207643,0.056807,0.180577,0.265569,0.270236,0.221162,0.318707,0.287353,0.283057,0.198410,0.254113,0.192613
782,3.258333,,,,,,,,,,,,,,,,0.219253,0.170753,0.184920,0.207644,0.056807,0.180577,0.265498,0.270249,0.221280,0.318525,0.287348,0.283270,0.198371,0.254096,0.192697
783,3.262500,,,,,,,,,,,,,,,,0.219246,0.170756,0.184962,0.207644,0.056809,0.180570,0.265435,0.270248,0.221408,0.318369,0.287328,0.283498,0.198349,0.254096,0.192725
784,3.266667,,,,,,,,,,,,,,,,0.219245,0.170750,0.185009,0.207643,0.056810,0.180570,0.265377,0.270236,0.221547,0.318176,0.287374,0.283754,0.198336,0.254098,0.192751
785,3.270833,,,,,,,,,,,,,,,,0.219241,0.170756,0.185044,0.207644,0.056810,0.180565,0.265311,0.270224,0.221698,0.317965,0.287366,0.283998,0.198342,0.254088,0.192763
786,3.275000,,,,,,,,,,,,,,,,0.219242,0.170754,0.185076,0.207643,0.056811,0.180560,0.265250,0.270211,0.221829,0.317778,0.287350,0.284246,0.198337,0.254082,0.192789
787,3.279167,,,,,,,,,,,,,,,,0.219239,0.170751,0.185117,0.207644,0.056809,0.180557,0.265206,0.270194,0.221982,0.317618,0.287333,0.284540,0.198319,0.254082,0.192827
788,3.283333,,,,,,,,,,,,,,,,0.219239,0.170752,0.185151,0.207644,0.056809,0.180555,0.265163,0.270182,0.222117,0.317448,0.287312,0.284806,0.198315,0.254077,0.192851
789,3.287500,,,,,,,,,,,,,,,,0.219234,0.170777,0.185232,0.207643,0.056813,0.180552,0.265122,0.270153,0.222265,0.317238,0.287294,0.285058,0.198320,0.254077,0.192875
790,3.291667,,,,,,,,,,,,,,,,0.219244,0.170771,0.185275,0.207644,0.056811,0.180551,0.265085,0.270127,0.222418,0.317005,0.287328,0.285348,0.198320,0.254077,0.192890
791,3.295833,,,,,,,,,,,,,,,,0.219250,0.170769,0.185306,0.207646,0.056811,0.180548,0.265044,0.270106,0.222569,0.316813,0.287305,0.285626,0.198326,0.254074,0.192909
792,3.300000,,,,,,,,,,,,,,,,0.219254,0.170765,0.185342,0.207647,0.056813,0.180546,0.265006,0.270079,0.222719,0.316625,0.287279,0.285924,0.198342,0.254070,0.192937
793,3.304167,,,,,,,,,,,,,,,,0.219264,0.170759,0.185375,0.207648,0.056812,0.180544,0.264977,0.270038,0.222871,0.316420,0.287239,0.286199,0.198345,0.254067,0.192953
794,3.308333,,,,,,,,,,,,,,,,0.219270,0.170759,0.185412,0.207647,0.056815,0.180539,0.264945,0.270008,0.223015,0.316215,0.287216,0.286494,0.198365,0.254067,0.192974
795,3.312500,,,,,,,,,,,,,,,,0.219278,0.170752,0.185441,0.207646,0.056814,0.180536,0.264914,0.269976,0.223165,0.316030,0.287187,0.286797,0.198378,0.254067,0.192976
796,3.316667,,,,,,,,,,,,,,,,0.219290,0.170743,0.185476,0.207645,0.056813,0.180538,0.264894,0.269938,0.223320,0.315822,0.287170,0.287110,0.198404,0.254065,0.193002
797,3.320833,,,,,,,,,,,,,,,,0.219298,0.170738,0.185508,0.207643,0.056816,0.180533,0.264873,0.269899,0.223479,0.315652,0.287137,0.287407,0.198427,0.254061,0.193016
798,3.325000,,,,,,,,,,,,,,,,0.219312,0.170728,0.185538,0.207644,0.056816,0.180530,0.264853,0.269866,0.223641,0.315462,0.287072,0.287688,0.198454,0.254066,0.193050
799,3.329167,,,,,,,,,,,,,,,,0.219324,0.170718,0.185565,0.207644,0.056813,0.180533,0.264838,0.269828,0.223779,0.315277,0.287019,0.287960,0.198457,0.254063,0.193065
800,3.333333,,,,,,,,,,,,,,,,0.219342,0.170719,0.185597,0.207646,0.056814,0.180530,0.264821,0.269790,0.223915,0.315090,0.286976,0.288241,0.198509,0.254034,0.193076
801,3.337500,,,,,,,,,,,,,,,,0.219360,0.170708,0.185631,0.207644,0.056813,0.180530,0.264810,0.269744,0.224062,0.314929,0.286920,0.288505,0.198548,0.254026,0.193102
802,3.341667,,,,,,,,,,,,,,,,0.219372,0.170698,0.185662,0.207644,0.056814,0.180534,0.264808,0.269705,0.224209,0.314763,0.286864,0.288766,0.198582,0.254016,0.193112
803,3.345833,,,,,,,,,,,,,,,,0.219386,0.170690,0.185689,0.207643,0.056817,0.180534,0.264800,0.269668,0.224347,0.314604,0.286802,0.289040,0.198609,0.254008,0.193120
804,3.350000,,,,,,,,,,,,,,,,0.219404,0.170677,0.185718,0.207645,0.056812,0.180535,0.264795,0.269625,0.224479,0.314450,0.286734,0.289289,0.198633,0.254006,0.193150
805,3.354167,,,,,,,,,,,,,,,,0.219424,0.170666,0.185747,0.207645,0.056814,0.180538,0.264792,0.269585,0.224613,0.314350,0.286659,0.289539,0.198668,0.253995,0.193171
806,3.358333,,,,,,,,,,,,,,,,0.219445,0.170638,0.185762,0.207644,0.056814,0.180539,0.264787,0.269533,0.224736,0.314207,0.286589,0.289787,0.198693,0.253990,0.193192
807,3.362500,,,,,,,,,,,,,,,,0.219465,0.170635,0.185800,0.207644,0.056814,0.180547,0.264791,0.269491,0.224859,0.314068,0.286523,0.290018,0.198718,0.253986,0.193217
808,3.366667,,,,,,,,,,,,,,,,0.219485,0.170617,0.185829,0.207645,0.056811,0.180553,0.264806,0.269440,0.224983,0.313946,0.286433,0.290248,0.198747,0.253975,0.193246
809,3.370833,,,,,,,,,,,,,,,,0.219502,0.170606,0.185848,0.207645,0.056812,0.180554,0.264813,0.269399,0.225094,0.313855,0.286380,0.290455,0.198774,0.253965,0.193273
810,3.375000,,,,,,,,,,,,,,,,0.219522,0.170595,0.185870,0.207644,0.056810,0.180562,0.264828,0.269357,0.225229,0.313755,0.286285,0.290661,0.198955,0.253929,0.193375
811,3.379167,,,,,,,,,,,,,,,,0.219545,0.170576,0.185902,0.207646,0.056811,0.180565,0.264836,0.269307,0.225341,0.313672,0.286217,0.290855,0.199013,0.253927,0.193435
812,3.383333,,,,,,,,,,,,,,,,0.219568,0.170558,0.185934,0.207645,0.056809,0.180570,0.264844,0.269264,0.225441,0.313632,0.286132,0.291053,0.199028,0.253915,0.193471
813,3.387500,,,,,,,,,,,,,,,,0.219598,0.170539,0.185972,0.207646,0.056809,0.180575,0.264847,0.269225,0.225553,0.313590,0.286037,0.291229,0.199066,0.253884,0.193521
814,3.391667,,,,,,,,,,,,,,,,0.219625,0.170521,0.186007,0.207648,0.056808,0.180579,0.264856,0.269182,0.225658,0.313535,0.285944,0.291354,0.199104,0.253863,0.193574
815,3.395833,,,,,,,,,,,,,,,,0.219645,0.170507,0.186037,0.207649,0.056808,0.180582,0.264888,0.269143,0.225761,0.313511,0.285855,0.291519,0.199147,0.253864,0.193643
816,3.400000,,,,,,,,,,,,,,,,0.219652,0.170490,0.186095,0.207648,0.056810,0.180586,0.264924,0.269081,0.225868,0.313503,0.285751,0.291628,0.199180,0.253853,0.193692
817,3.404167,,,,,,,,,,,,,,,,0.219674,0.170473,0.186135,0.207649,0.056809,0.180589,0.264961,0.269035,0.225970,0.313536,0.285633,0.291750,0.199203,0.253841,0.193746
818,3.408333,,,,,,,,,,,,,,,,0.219698,0.170456,0.186171,0.207650,0.056809,0.180594,0.264989,0.268985,0.226056,0.313590,0.285525,0.291873,0.199277,0.253883,0.193935
819,3.412500,,,,,,,,,,,,,,,,0.219714,0.170443,0.186202,0.207650,0.056810,0.180595,0.265022,0.268933,0.226136,0.313623,0.285435,0.291957,0.199319,0.253874,0.194016
820,3.416667,,,,,,,,,,,,,,,,0.219733,0.170427,0.186228,0.207648,0.056805,0.180597,0.265061,0.268874,0.226215,0.313665,0.285336,0.292045,0.199345,0.253857,0.194070
821,3.420833,,,,,,,,,,,,,,,,0.219750,0.170414,0.186255,0.207648,0.056805,0.180598,0.265109,0.268827,0.226309,0.313726,0.285177,0.292088,0.199361,0.253846,0.194129
822,3.425000,,,,,,,,,,,,,,,,0.219767,0.170397,0.186281,0.207646,0.056806,0.180604,0.265149,0.268776,0.226392,0.313819,0.285071,0.292161,0.199388,0.253813,0.194229
823,3.429167,,,,,,,,,,,,,,,,0.219785,0.170412,0.186343,0.207647,0.056804,0.180602,0.265194,0.268726,0.226472,0.313927,0.284961,0.292229,0.199404,0.253798,0.194296
824,3.433333,,,,,,,,,,,,,,,,0.219805,0.170394,0.186379,0.207646,0.056803,0.180601,0.265237,0.268665,0.226547,0.314014,0.284820,0.292238,0.199419,0.253778,0.194350
825,3.437500,,,,,,,,,,,,,,,,0.219821,0.170378,0.186411,0.207645,0.056804,0.180601,0.265278,0.268616,0.226604,0.314140,0.284677,0.292282,0.199435,0.253761,0.194419
826,3.441667,,,,,,,,,,,,,,,,0.219838,0.170362,0.186438,0.207646,0.056802,0.180604,0.265325,0.268557,0.226675,0.314247,0.284547,0.292307,0.199453,0.253746,0.194497
827,3.445833,,,,,,,,,,,,,,,,0.219850,0.170350,0.186464,0.207644,0.056805,0.180608,0.265393,0.268498,0.226742,0.314387,0.284355,0.292334,0.199495,0.253698,0.194580
828,3.450000,,,,,,,,,,,,,,,,0.219865,0.170334,0.186495,0.207645,0.056804,0.180605,0.265452,0.268430,0.226789,0.314541,0.284204,0.292384,0.199524,0.253687,0.194669
829,3.454167,,,,,,,,,,,,,,,,0.219882,0.170318,0.186525,0.207645,0.056804,0.180609,0.265524,0.268360,0.226838,0.314669,0.284056,0.292357,0.199535,0.253654,0.194717
830,3.458333,,,,,,,,,,,,,,,,0.219903,0.170306,0.186553,0.207648,0.056804,0.180608,0.265582,0.268303,0.226881,0.314848,0.283907,0.292364,0.199716,0.253622,0.194893
831,3.462500,,,,,,,,,,,,,,,,0.219918,0.170293,0.186576,0.207648,0.056806,0.180610,0.265644,0.268245,0.226931,0.315007,0.283745,0.292364,0.199767,0.253606,0.195000
832,3.466667,,,,,,,,,,,,,,,,0.219919,0.170264,0.186613,0.207649,0.056805,0.180612,0.265702,0.268172,0.226977,0.315195,0.283544,0.292326,0.199773,0.253574,0.195114
833,3.470833,,,,,,,,,,,,,,,,0.219930,0.170251,0.186639,0.207648,0.056804,0.180614,0.265789,0.268104,0.227038,0.315365,0.283364,0.292332,0.199792,0.253559,0.195207
834,3.475000,,,,,,,,,,,,,,,,0.219942,0.170240,0.186664,0.207647,0.056805,0.180612,0.265863,0.268026,0.227076,0.315565,0.283149,0.292285,0.199818,0.253546,0.195303
835,3.479167,,,,,,,,,,,,,,,,0.219952,0.170226,0.186688,0.207647,0.056806,0.180613,0.265942,0.267953,0.227126,0.315734,0.282948,0.292235,0.199840,0.253532,0.195391
836,3.483333,,,,,,,,,,,,,,,,0.219959,0.170214,0.186710,0.207649,0.056804,0.180613,0.266014,0.267890,0.227160,0.315944,0.282743,0.292195,0.199866,0.253528,0.195489
837,3.487500,,,,,,,,,,,,,,,,0.219977,0.170196,0.186743,0.207649,0.056807,0.180612,0.266076,0.267817,0.227192,0.316196,0.282495,0.292154,0.199887,0.253517,0.195564
838,3.491667,,,,,,,,,,,,,,,,0.219992,0.170180,0.186772,0.207649,0.056806,0.180616,0.266146,0.267745,0.227223,0.316400,0.282310,0.292115,0.199914,0.253503,0.195646
839,3.495833,,,,,,,,,,,,,,,,0.220013,0.170160,0.186804,0.207649,0.056805,0.180613,0.266239,0.267658,0.227246,0.316609,0.282058,0.292055,0.199938,0.253493,0.195721
840,3.500000,,,,,,,,,,,,,,,,0.220023,0.170148,0.186827,0.207648,0.056803,0.180607,0.266327,0.267583,0.227270,0.316806,0.281814,0.291974,0.199962,0.253488,0.195808
841,3.504167,,,,,,,,,,,,,,,,0.220033,0.170132,0.186842,0.207648,0.056802,0.180605,0.266410,0.267509,0.227299,0.317029,0.281595,0.291914,0.199987,0.253470,0.195882
842,3.508333,,,,,,,,,,,,,,,,0.220042,0.170120,0.186853,0.207648,0.056802,0.180607,0.266484,0.267428,0.227321,0.317295,0.281308,0.291903,0.200010,0.253425,0.195992
843,3.512500,,,,,,,,,,,,,,,,0.220055,0.170111,0.186860,0.207648,0.056801,0.180607,0.266557,0.267350,0.227339,0.317493,0.281096,0.291791,0.200083,0.253498,0.196183
844,3.516667,,,,,,,,,,,,,,,,0.220064,0.170096,0.186875,0.207649,0.056801,0.180602,0.266638,0.267257,0.227352,0.317700,0.280872,0.291731,0.200144,0.253441,0.196326
845,3.520833,,,,,,,,,,,,,,,,0.220073,0.170085,0.186897,0.207649,0.056801,0.180604,0.266729,0.267175,0.227373,0.317926,0.280620,0.291647,0.200173,0.253432,0.196392
846,3.525000,,,,,,,,,,,,,,,,0.220087,0.170078,0.186920,0.207650,0.056802,0.180601,0.266830,0.267090,0.227400,0.318112,0.280370,0.291551,0.200193,0.253423,0.196444
847,3.529167,,,,,,,,,,,,,,,,0.220105,0.170058,0.186935,0.207649,0.056804,0.180599,0.266912,0.267015,0.227408,0.318321,0.280137,0.291487,0.200202,0.253387,0.196444
848,3.533333,,,,,,,,,,,,,,,,0.220111,0.170041,0.186959,0.207651,0.056803,0.180595,0.267013,0.266920,0.227408,0.318579,0.279880,0.291448,0.200234,0.253379,0.196485
849,3.537500,,,,,,,,,,,,,,,,0.220124,0.170030,0.186977,0.207650,0.056808,0.180592,0.267108,0.266843,0.227397,0.318770,0.279619,0.291347,0.200288,0.253380,0.196549
850,3.541667,,,,,,,,,,,,,,,,0.220141,0.170018,0.186989,0.207653,0.056807,0.180587,0.267197,0.266750,0.227396,0.318973,0.279375,0.291300,0.200503,0.253362,0.196707
851,3.545833,,,,,,,,,,,,,,,,0.220154,0.170009,0.186994,0.207654,0.056805,0.180586,0.267283,0.266672,0.227391,0.319191,0.279126,0.291210,0.200586,0.253367,0.196771
852,3.550000,,,,,,,,,,,,,,,,0.220165,0.170001,0.186990,0.207656,0.056805,0.180582,0.267370,0.266579,0.227374,0.319378,0.278892,0.291113,0.200617,0.253357,0.196801
853,3.554167,,,,,,,,,,,,,,,,0.220178,0.169989,0.186988,0.207655,0.056804,0.180579,0.267472,0.266501,0.227379,0.319590,0.278638,0.291069,0.200658,0.253346,0.196832
854,3.558333,,,,,,,,,,,,,,,,0.220196,0.169975,0.186980,0.207655,0.056802,0.180578,0.267573,0.266397,0.227378,0.319793,0.278401,0.290981,0.200712,0.253307,0.196878
855,3.562500,,,,,,,,,,,,,,,,0.220211,0.169965,0.186977,0.207657,0.056802,0.180578,0.267674,0.266319,0.227380,0.319982,0.278209,0.290917,0.200761,0.253302,0.196900
856,3.566667,,,,,,,,,,,,,,,,0.220237,0.169963,0.186968,0.207660,0.056800,0.180573,0.267762,0.266241,0.227364,0.320170,0.277968,0.290827,0.200804,0.253298,0.196906
857,3.570833,,,,,,,,,,,,,,,,0.220257,0.169949,0.186971,0.207660,0.056801,0.180570,0.267850,0.266160,0.227335,0.320345,0.277705,0.290741,0.200852,0.253298,0.196920
858,3.575000,,,,,,,,,,,,,,,,0.220273,0.169940,0.186967,0.207659,0.056800,0.180569,0.267938,0.266084,0.227311,0.320484,0.277519,0.290670,0.200902,0.253294,0.196915
859,3.579167,,,,,,,,,,,,,,,,0.220295,0.169922,0.186966,0.207658,0.056800,0.180571,0.268027,0.266019,0.227284,0.320639,0.277296,0.290598,0.200954,0.253293,0.196916
860,3.583333,,,,,,,,,,,,,,,,0.220320,0.169906,0.186957,0.207660,0.056799,0.180567,0.268116,0.265966,0.227252,0.320769,0.277113,0.290550,0.201009,0.253291,0.196922
861,3.587500,,,,,,,,,,,,,,,,0.220343,0.169898,0.186941,0.207659,0.056802,0.180569,0.268219,0.265882,0.227237,0.320919,0.276883,0.290506,0.201071,0.253314,0.196908
862,3.591667,,,,,,,,,,,,,,,,0.220376,0.169870,0.186875,0.207661,0.056800,0.180567,0.268329,0.265806,0.227171,0.321050,0.276729,0.290434,0.201123,0.253340,0.196863
863,3.595833,,,,,,,,,,,,,,,,0.220394,0.169857,0.186848,0.207663,0.056803,0.180566,0.268420,0.265734,0.227116,0.321184,0.276541,0.290364,0.201194,0.253288,0.196831
864,3.600000,,,,,,,,,,,,,,,,0.220416,0.169842,0.186826,0.207663,0.056800,0.180567,0.268509,0.265671,0.227069,0.321302,0.276397,0.290310,0.201257,0.253291,0.196826
865,3.604167,,,,,,,,,,,,,,,,0.220441,0.169829,0.186802,0.207663,0.056800,0.180569,0.268601,0.265606,0.227023,0.321412,0.276284,0.290260,0.201321,0.253293,0.196803
866,3.608333,,,,,,,,,,,,,,,,0.220481,0.169817,0.186752,0.207665,0.056801,0.180567,0.268698,0.265525,0.226986,0.321555,0.276128,0.290175,0.201530,0.253273,0.196846
867,3.612500,,,,,,,,,,,,,,,,0.220508,0.169799,0.186722,0.207664,0.056801,0.180569,0.268780,0.265474,0.226931,0.321669,0.276001,0.290116,0.201630,0.253284,0.196841
868,3.616667,,,,,,,,,,,,,,,,0.220533,0.169785,0.186705,0.207665,0.056798,0.180569,0.268855,0.265427,0.226874,0.321765,0.275884,0.290046,0.201684,0.253265,0.196797
869,3.620833,,,,,,,,,,,,,,,,0.220562,0.169775,0.186684,0.207666,0.056796,0.180569,0.268929,0.265378,0.226817,0.321869,0.275767,0.289999,0.201731,0.253261,0.196729
870,3.625000,,,,,,,,,,,,,,,,0.220587,0.169759,0.186655,0.207667,0.056797,0.180569,0.269017,0.265321,0.226739,0.321950,0.275683,0.289945,0.201804,0.253229,0.196680
871,3.629167,,,,,,,,,,,,,,,,0.220616,0.169746,0.186623,0.207666,0.056796,0.180574,0.269099,0.265283,0.226682,0.322033,0.275603,0.289873,0.201867,0.253254,0.196613
872,3.633333,,,,,,,,,,,,,,,,0.220643,0.169728,0.186599,0.207666,0.056797,0.180575,0.269181,0.265233,0.226618,0.322116,0.275515,0.289797,0.201905,0.253249,0.196548
873,3.637500,,,,,,,,,,,,,,,,0.220673,0.169709,0.186573,0.207667,0.056797,0.180578,0.269259,0.265201,0.226553,0.322201,0.275446,0.289735,0.201982,0.253249,0.196486
874,3.641667,,,,,,,,,,,,,,,,0.220697,0.169684,0.186547,0.207669,0.056797,0.180582,0.269339,0.265163,0.226481,0.322282,0.275396,0.289663,0.202050,0.253257,0.196426
875,3.645833,,,,,,,,,,,,,,,,0.220732,0.169671,0.186517,0.207668,0.056797,0.180585,0.269413,0.265123,0.226416,0.322343,0.275362,0.289601,0.202108,0.253252,0.196341
876,3.650000,,,,,,,,,,,,,,,,0.220765,0.169653,0.186488,0.207666,0.056796,0.180589,0.269480,0.265096,0.226335,0.322385,0.275329,0.289536,0.202165,0.253278,0.196230
877,3.654167,,,,,,,,,,,,,,,,0.220793,0.169631,0.186463,0.207665,0.056797,0.180592,0.269549,0.265073,0.226241,0.322435,0.275303,0.289462,0.202241,0.253243,0.196157
878,3.658333,,,,,,,,,,,,,,,,0.220836,0.169589,0.186388,0.207666,0.056795,0.180597,0.269617,0.265045,0.226161,0.322488,0.275291,0.289392,0.202308,0.253241,0.196074
879,3.662500,,,,,,,,,,,,,,,,0.220861,0.169575,0.186350,0.207665,0.056794,0.180604,0.269674,0.265025,0.226078,0.322531,0.275295,0.289316,0.202365,0.253248,0.195994
880,3.666667,,,,,,,,,,,,,,,,0.220904,0.169545,0.186328,0.207665,0.056794,0.180607,0.269737,0.264989,0.225994,0.322574,0.275285,0.289252,0.202420,0.253212,0.195811
881,3.670833,,,,,,,,,,,,,,,,0.220940,0.169520,0.186302,0.207666,0.056791,0.180613,0.269798,0.264961,0.225913,0.322597,0.275311,0.289179,0.202479,0.253174,0.195622
882,3.675000,,,,,,,,,,,,,,,,0.220992,0.169496,0.186260,0.207664,0.056795,0.180619,0.269854,0.264947,0.225828,0.322632,0.275338,0.289101,0.202545,0.253171,0.195516
883,3.679167,,,,,,,,,,,,,,,,0.221018,0.169476,0.186233,0.207662,0.056796,0.180622,0.269905,0.264942,0.225734,0.322651,0.275368,0.289035,0.202631,0.253151,0.195373
884,3.683333,,,,,,,,,,,,,,,,0.221046,0.169453,0.186205,0.207663,0.056791,0.180622,0.269960,0.264933,0.225624,0.322658,0.275405,0.288975,0.202821,0.253126,0.195303
885,3.687500,,,,,,,,,,,,,,,,0.221078,0.169435,0.186179,0.207661,0.056794,0.180627,0.270007,0.264921,0.225527,0.322657,0.275447,0.288922,0.202923,0.253131,0.195179
886,3.691667,,,,,,,,,,,,,,,,0.221108,0.169416,0.186149,0.207659,0.056792,0.180631,0.270063,0.264918,0.225425,0.322672,0.275505,0.288874,0.202983,0.253122,0.195036
887,3.695833,,,,,,,,,,,,,,,,0.221135,0.169392,0.186121,0.207660,0.056793,0.180633,0.270111,0.264916,0.225325,0.322662,0.275553,0.288824,0.203037,0.253127,0.194846
888,3.700000,,,,,,,,,,,,,,,,0.221184,0.169365,0.186065,0.207659,0.056794,0.180636,0.270168,0.264912,0.225215,0.322642,0.275607,0.288779,0.203115,0.253161,0.194666
889,3.704167,,,,,,,,,,,,,,,,0.221214,0.169327,0.185987,0.207657,0.056791,0.180639,0.270218,0.264904,0.225110,0.322588,0.275678,0.288716,0.203190,0.253091,0.194567
890,3.708333,,,,,,,,,,,,,,,,0.221242,0.169306,0.185934,0.207656,0.056790,0.180638,0.270266,0.264902,0.224985,0.322522,0.275777,0.288634,0.203242,0.253096,0.194439
891,3.712500,,,,,,,,,,,,,,,,0.221279,0.169279,0.185885,0.207653,0.056795,0.180640,0.270309,0.264890,0.224862,0.322465,0.275899,0.288596,0.203324,0.253114,0.194259
892,3.716667,,,,,,,,,,,,,,,,0.221311,0.169260,0.185834,0.207652,0.056793,0.180638,0.270358,0.264896,0.224740,0.322404,0.275982,0.288545,0.203389,0.253115,0.194107
893,3.720833,,,,,,,,,,,,,,,,0.221346,0.169228,0.185774,0.207651,0.056793,0.180640,0.270397,0.264889,0.224610,0.322358,0.276082,0.288501,0.203443,0.253121,0.193961
894,3.725000,,,,,,,,,,,,,,,,0.221384,0.169213,0.185711,0.207650,0.056792,0.180636,0.270446,0.264903,0.224492,0.322309,0.276191,0.288456,0.203512,0.253135,0.193781
895,3.729167,,,,,,,,,,,,,,,,0.221416,0.169199,0.185648,0.207648,0.056793,0.180637,0.270501,0.264916,0.224361,0.322222,0.276362,0.288425,0.203561,0.253043,0.193495
896,3.733333,,,,,,,,,,,,,,,,0.221457,0.169201,0.185572,0.207646,0.056798,0.180634,0.270552,0.264922,0.224228,0.322165,0.276473,0.288399,0.203590,0.253037,0.193298
897,3.737500,,,,,,,,,,,,,,,,0.221475,0.169146,0.185477,0.207645,0.056796,0.180634,0.270598,0.264908,0.224104,0.322101,0.276594,0.288351,0.203646,0.253043,0.193146
898,3.741667,,,,,,,,,,,,,,,,0.221492,0.169134,0.185414,0.207646,0.056798,0.180630,0.270659,0.264915,0.223970,0.322009,0.276740,0.288335,0.203724,0.253067,0.192971
899,3.745833,,,,,,,,,,,,,,,,0.221525,0.169126,0.185334,0.207646,0.056795,0.180627,0.270711,0.264919,0.223840,0.321942,0.276857,0.288309,0.203771,0.253075,0.192818
900,3.750000,,,,,,,,,,,,,,,,0.221543,0.169120,0.185269,0.207643,0.056798,0.180621,0.270769,0.264947,0.223698,0.321882,0.276990,0.288240,0.203831,0.253082,0.192695
901,3.754167,,,,,,,,,,,,,,,,0.221556,0.169111,0.185208,0.207642,0.056796,0.180619,0.270819,0.264952,0.223572,0.321794,0.277181,0.288196,0.203908,0.253055,0.192569
902,3.758333,,,,,,,,,,,,,,,,0.221581,0.169122,0.185133,0.207643,0.056797,0.180616,0.270869,0.264949,0.223436,0.321727,0.277325,0.288139,0.203945,0.253093,0.192416
903,3.762500,,,,,,,,,,,,,,,,0.221597,0.169117,0.185063,0.207640,0.056798,0.180615,0.270907,0.264950,0.223310,0.321696,0.277457,0.288083,0.203971,0.253095,0.192272
904,3.766667,,,,,,,,,,,,,,,,0.221602,0.169113,0.184999,0.207640,0.056797,0.180612,0.270945,0.264958,0.223166,0.321636,0.277633,0.288009,0.204025,0.253100,0.192155
905,3.770833,,,,,,,,,,,,,,,,0.221608,0.169112,0.184937,0.207641,0.056799,0.180608,0.270982,0.264974,0.223019,0.321610,0.277760,0.287933,0.204067,0.253116,0.192056
906,3.775000,,,,,,,,,,,,,,,,0.221611,0.169095,0.184843,0.207643,0.056799,0.180605,0.271020,0.264978,0.222894,0.321606,0.277874,0.287856,0.204086,0.253129,0.191944
907,3.779167,,,,,,,,,,,,,,,,0.221604,0.169097,0.184781,0.207643,0.056800,0.180602,0.271056,0.264973,0.222761,0.321606,0.277993,0.287739,0.204104,0.253133,0.191745
908,3.783333,,,,,,,,,,,,,,,,0.221592,0.169099,0.184733,0.207642,0.056798,0.180600,0.271087,0.264973,0.222637,0.321589,0.278133,0.287644,0.204085,0.253098,0.191540
909,3.787500,,,,,,,,,,,,,,,,0.221585,0.169101,0.184684,0.207642,0.056800,0.180597,0.271111,0.264980,0.222520,0.321601,0.278223,0.287530,0.204115,0.253112,0.191437
910,3.791667,,,,,,,,,,,,,,,,0.221580,0.169105,0.184636,0.207644,0.056799,0.180592,0.271132,0.264997,0.222398,0.321658,0.278336,0.287378,0.204109,0.253129,0.191358
911,3.795833,,,,,,,,,,,,,,,,0.221572,0.169107,0.184592,0.207643,0.056801,0.180589,0.271146,0.265004,0.222283,0.321668,0.278391,0.287213,0.204118,0.253120,0.191255
912,3.800000,,,,,,,,,,,,,,,,0.221563,0.169110,0.184548,0.207644,0.056799,0.180588,0.271158,0.265010,0.222148,0.321707,0.278440,0.287063,0.204124,0.253124,0.191206
913,3.804167,,,,,,,,,,,,,,,,0.221540,0.169126,0.184498,0.207646,0.056800,0.180584,0.271168,0.265003,0.222000,0.321772,0.278478,0.286884,0.204116,0.253118,0.191143
914,3.808333,,,,,,,,,,,,,,,,0.221526,0.169132,0.184456,0.207650,0.056798,0.180579,0.271174,0.265011,0.221885,0.321840,0.278484,0.286712,0.204094,0.253129,0.191121
915,3.812500,,,,,,,,,,,,,,,,0.221502,0.169151,0.184413,0.207651,0.056801,0.180575,0.271176,0.265027,0.221775,0.321941,0.278474,0.286521,0.204073,0.253127,0.191082
916,3.816667,,,,,,,,,,,,,,,,0.221490,0.169161,0.184381,0.207651,0.056801,0.180570,0.271167,0.265044,0.221663,0.322066,0.278426,0.286334,0.204055,0.253127,0.191044
917,3.820833,,,,,,,,,,,,,,,,0.221477,0.169165,0.184357,0.207649,0.056802,0.180572,0.271158,0.265069,0.221554,0.322209,0.278345,0.286111,0.204035,0.253127,0.191023
918,3.825000,,,,,,,,,,,,,,,,0.221458,0.169173,0.184339,0.207652,0.056800,0.180569,0.271149,0.265085,0.221449,0.322287,0.278273,0.285875,0.204000,0.253125,0.191007
919,3.829167,,,,,,,,,,,,,,,,0.221442,0.169181,0.184325,0.207656,0.056800,0.180566,0.271124,0.265103,0.221333,0.322386,0.278205,0.285679,0.203958,0.253129,0.191007
920,3.833333,,,,,,,,,,,,,,,,0.221423,0.169188,0.184311,0.207657,0.056801,0.180568,0.271119,0.265122,0.221230,0.322538,0.278070,0.285450,0.203920,0.253135,0.191009
921,3.837500,,,,,,,,,,,,,,,,0.221401,0.169201,0.184298,0.207660,0.056801,0.180566,0.271095,0.265138,0.221127,0.322679,0.277960,0.285242,0.203893,0.253130,0.191025
922,3.841667,,,,,,,,,,,,,,,,0.221377,0.169214,0.184289,0.207661,0.056800,0.180560,0.271066,0.265154,0.221030,0.322843,0.277826,0.285023,0.203856,0.253133,0.191055
923,3.845833,,,,,,,,,,,,,,,,0.221356,0.169223,0.184286,0.207663,0.056800,0.180560,0.271041,0.265168,0.220947,0.322991,0.277709,0.284749,0.203785,0.253165,0.191066
924,3.850000,,,,,,,,,,,,,,,,0.221330,0.169230,0.184282,0.207666,0.056798,0.180557,0.271013,0.265192,0.220855,0.323109,0.277591,0.284495,0.203699,0.253163,0.191086
925,3.854167,,,,,,,,,,,,,,,,0.221305,0.169246,0.184283,0.207665,0.056799,0.180557,0.270973,0.265199,0.220762,0.323261,0.277450,0.284243,0.203642,0.253157,0.191125
926,3.858333,,,,,,,,,,,,,,,,0.221278,0.169258,0.184285,0.207665,0.056797,0.180557,0.270947,0.265204,0.220696,0.323403,0.277341,0.284011,0.203451,0.253255,0.191533
927,3.862500,,,,,,,,,,,,,,,,0.221247,0.169272,0.184291,0.207666,0.056798,0.180556,0.270918,0.265209,0.220629,0.323602,0.277171,0.283783,0.203543,0.253150,0.191257
928,3.866667,,,,,,,,,,,,,,,,0.221201,0.169289,0.184304,0.207669,0.056797,0.180556,0.270889,0.265213,0.220568,0.323776,0.277053,0.283565,0.203481,0.253135,0.191259
929,3.870833,,,,,,,,,,,,,,,,0.221166,0.169304,0.184318,0.207670,0.056800,0.180556,0.270864,0.265217,0.220509,0.323963,0.276930,0.283363,0.203272,0.253161,0.191273
930,3.875000,,,,,,,,,,,,,,,,0.221130,0.169317,0.184330,0.207670,0.056799,0.180558,0.270839,0.265217,0.220433,0.324124,0.276802,0.283146,0.203143,0.253188,0.191301
931,3.879167,,,,,,,,,,,,,,,,0.221093,0.169332,0.184347,0.207671,0.056800,0.180559,0.270816,0.265215,0.220385,0.324254,0.276707,0.282952,0.203062,0.253191,0.191365
932,3.883333,,,,,,,,,,,,,,,,0.221056,0.169346,0.184364,0.207672,0.056800,0.180558,0.270781,0.265201,0.220336,0.324434,0.276575,0.282731,0.203008,0.253195,0.191462
933,3.887500,,,,,,,,,,,,,,,,0.221020,0.169357,0.184387,0.207671,0.056797,0.180562,0.270749,0.265197,0.220286,0.324560,0.276460,0.282511,0.202979,0.253172,0.191584
934,3.891667,,,,,,,,,,,,,,,,0.220982,0.169371,0.184405,0.207672,0.056802,0.180562,0.270723,0.265185,0.220253,0.324712,0.276346,0.282344,0.202955,0.253237,0.191822
935,3.895833,,,,,,,,,,,,,,,,0.220935,0.169375,0.184429,0.207671,0.056803,0.180564,0.270703,0.265174,0.220227,0.324871,0.276222,0.282158,0.202913,0.253241,0.191937
936,3.900000,,,,,,,,,,,,,,,,0.220896,0.169389,0.184446,0.207669,0.056800,0.180567,0.270680,0.265160,0.220210,0.325008,0.276135,0.282004,0.202860,0.253231,0.192006
937,3.904167,,,,,,,,,,,,,,,,0.220865,0.169429,0.184506,0.207669,0.056800,0.180568,0.270659,0.265141,0.220195,0.325125,0.276066,0.281846,0.202774,0.253261,0.192095
938,3.908333,,,,,,,,,,,,,,,,0.220837,0.169439,0.184541,0.207668,0.056798,0.180570,0.270639,0.265125,0.220188,0.325288,0.275965,0.281705,0.202702,0.253229,0.192218
939,3.912500,,,,,,,,,,,,,,,,0.220806,0.169447,0.184573,0.207667,0.056800,0.180578,0.270624,0.265109,0.220185,0.325418,0.275872,0.281563,0.202661,0.253217,0.192306
940,3.916667,,,,,,,,,,,,,,,,0.220777,0.169459,0.184602,0.207667,0.056799,0.180576,0.270609,0.265094,0.220188,0.325533,0.275793,0.281448,0.202619,0.253214,0.192399
941,3.920833,,,,,,,,,,,,,,,,0.220741,0.169456,0.184642,0.207664,0.056798,0.180582,0.270593,0.265073,0.220197,0.325648,0.275704,0.281356,0.202587,0.253209,0.192509
942,3.925000,,,,,,,,,,,,,,,,0.220708,0.169451,0.184681,0.207664,0.056799,0.180584,0.270580,0.265049,0.220218,0.325764,0.275598,0.281247,0.202534,0.253194,0.192579
943,3.929167,,,,,,,,,,,,,,,,0.220678,0.169457,0.184723,0.207663,0.056800,0.180590,0.270561,0.265027,0.220243,0.325884,0.275483,0.281166,0.202492,0.253168,0.192692
944,3.933333,,,,,,,,,,,,,,,,0.220643,0.169479,0.184743,0.207662,0.056800,0.180592,0.270549,0.264998,0.220268,0.325990,0.275387,0.281098,0.202440,0.253150,0.192818
945,3.937500,,,,,,,,,,,,,,,,0.220621,0.169488,0.184769,0.207660,0.056799,0.180596,0.270536,0.264977,0.220304,0.326052,0.275298,0.281041,0.202416,0.253144,0.192915
946,3.941667,,,,,,,,,,,,,,,,0.220620,0.169481,0.184825,0.207656,0.056801,0.180600,0.270520,0.264953,0.220347,0.326123,0.275217,0.281006,0.202373,0.253185,0.192953
947,3.945833,,,,,,,,,,,,,,,,0.220613,0.169481,0.184878,0.207654,0.056799,0.180601,0.270506,0.264933,0.220399,0.326216,0.275117,0.280983,0.202321,0.253180,0.193027
948,3.950000,,,,,,,,,,,,,,,,0.220603,0.169479,0.184925,0.207653,0.056798,0.180603,0.270487,0.264915,0.220466,0.326287,0.275017,0.280965,0.202291,0.253148,0.193164
949,3.954167,,,,,,,,,,,,,,,,0.220593,0.169482,0.184964,0.207649,0.056800,0.180608,0.270477,0.264894,0.220530,0.326350,0.274888,0.280972,0.202282,0.253133,0.193229
950,3.958333,,,,,,,,,,,,,,,,0.220576,0.169479,0.185000,0.207649,0.056797,0.180610,0.270471,0.264868,0.220598,0.326414,0.274799,0.281006,0.202264,0.253102,0.193330
951,3.962500,,,,,,,,,,,,,,,,0.220572,0.169481,0.185038,0.207648,0.056799,0.180610,0.270457,0.264841,0.220677,0.326447,0.274708,0.281032,0.202246,0.253107,0.193435
952,3.966667,,,,,,,,,,,,,,,,0.220570,0.169479,0.185078,0.207647,0.056799,0.180614,0.270463,0.264816,0.220774,0.326492,0.274597,0.281083,0.202263,0.253096,0.193524
953,3.970833,,,,,,,,,,,,,,,,0.220553,0.169491,0.185172,0.207646,0.056798,0.180614,0.270459,0.264782,0.220878,0.326528,0.274485,0.281158,0.202266,0.253090,0.193610
954,3.975000,,,,,,,,,,,,,,,,0.220557,0.169482,0.185237,0.207645,0.056796,0.180617,0.270467,0.264747,0.220979,0.326534,0.274367,0.281233,0.202241,0.253082,0.193680
955,3.979167,,,,,,,,,,,,,,,,0.220565,0.169474,0.185283,0.207643,0.056799,0.180619,0.270466,0.264709,0.221076,0.326524,0.274258,0.281345,0.202238,0.253077,0.193746
956,3.983333,,,,,,,,,,,,,,,,0.220577,0.169468,0.185329,0.207641,0.056798,0.180624,0.270466,0.264667,0.221180,0.326470,0.274181,0.281475,0.202252,0.253067,0.193816
957,3.987500,,,,,,,,,,,,,,,,0.220586,0.169458,0.185371,0.207641,0.056796,0.180625,0.270468,0.264625,0.221283,0.326459,0.274096,0.281638,0.202272,0.253049,0.193856
958,3.991667,,,,,,,,,,,,,,,,0.220596,0.169451,0.185412,0.207639,0.056798,0.180626,0.270474,0.264580,0.221400,0.326446,0.274032,0.281795,0.202291,0.253038,0.193904
959,3.995833,,,,,,,,,,,,,,,,0.220613,0.169441,0.185450,0.207640,0.056796,0.180627,0.270480,0.264523,0.221523,0.326422,0.273933,0.281956,0.202303,0.253035,0.193950
960,4.000000,,,,,,,,,,,,,,,,0.220628,0.169449,0.185503,0.207640,0.056795,0.180633,0.270497,0.264475,0.221655,0.326340,0.273847,0.282157,0.202313,0.253038,0.194020
961,4.004167,,,,,,,,,,,,,,,,0.220644,0.169438,0.185545,0.207643,0.056798,0.180630,0.270506,0.264427,0.221798,0.326263,0.273752,0.282353,0.202395,0.253133,0.194137
962,4.008333,,,,,,,,,,,,,,,,0.220658,0.169429,0.185585,0.207644,0.056799,0.180630,0.270508,0.264376,0.221937,0.326191,0.273660,0.282611,0.202463,0.253041,0.194286
963,4.012500,,,,,,,,,,,,,,,,0.220677,0.169416,0.185626,0.207642,0.056801,0.180631,0.270524,0.264301,0.222072,0.326113,0.273587,0.282849,0.202502,0.253045,0.194322
964,4.016667,,,,,,,,,,,,,,,,0.220692,0.169421,0.185650,0.207644,0.056800,0.180626,0.270537,0.264243,0.222200,0.326003,0.273502,0.283085,0.202526,0.253062,0.194307
965,4.020833,,,,,,,,,,,,,,,,0.220712,0.169413,0.185677,0.207645,0.056801,0.180629,0.270562,0.264185,0.222351,0.325868,0.273416,0.283363,0.202556,0.253058,0.194309
966,4.025000,,,,,,,,,,,,,,,,0.220732,0.169384,0.185724,0.207645,0.056796,0.180628,0.270589,0.264119,0.222505,0.325759,0.273345,0.283660,0.202587,0.253030,0.194260
967,4.029167,,,,,,,,,,,,,,,,0.220758,0.169364,0.185762,0.207646,0.056798,0.180623,0.270609,0.264040,0.222656,0.325610,0.273259,0.283937,0.202629,0.253024,0.194257
968,4.033333,,,,,,,,,,,,,,,,0.220766,0.169345,0.185811,0.207647,0.056798,0.180623,0.270622,0.263976,0.222799,0.325469,0.273169,0.284276,0.202687,0.253025,0.194269
969,4.037500,,,,,,,,,,,,,,,,0.220796,0.169335,0.185813,0.207648,0.056798,0.180621,0.270628,0.263917,0.222952,0.325315,0.273090,0.284576,0.202935,0.253008,0.194380
970,4.041667,,,,,,,,,,,,,,,,0.220819,0.169324,0.185828,0.207647,0.056799,0.180614,0.270658,0.263851,0.223104,0.325148,0.273009,0.284887,0.203043,0.253040,0.194372
971,4.045833,,,,,,,,,,,,,,,,0.220841,0.169309,0.185850,0.207648,0.056798,0.180609,0.270680,0.263770,0.223261,0.324961,0.272914,0.285258,0.203072,0.252989,0.194418
972,4.050000,,,,,,,,,,,,,,,,0.220868,0.169296,0.185871,0.207649,0.056797,0.180608,0.270697,0.263689,0.223393,0.324792,0.272831,0.285562,0.203135,0.252993,0.194401
973,4.054167,,,,,,,,,,,,,,,,0.220886,0.169275,0.185896,0.207652,0.056796,0.180606,0.270706,0.263607,0.223528,0.324589,0.272746,0.285923,0.203191,0.252998,0.194378
974,4.058333,,,,,,,,,,,,,,,,0.220909,0.169263,0.185919,0.207654,0.056800,0.180599,0.270721,0.263539,0.223661,0.324380,0.272668,0.286261,0.203242,0.252996,0.194349
975,4.062500,,,,,,,,,,,,,,,,0.220946,0.169248,0.185945,0.207654,0.056798,0.180596,0.270750,0.263464,0.223812,0.324203,0.272604,0.286610,0.203302,0.252991,0.194310
976,4.066667,,,,,,,,,,,,,,,,0.220961,0.169228,0.185991,0.207655,0.056800,0.180593,0.270769,0.263396,0.223962,0.323968,0.272503,0.286953,0.203364,0.252993,0.194285
977,4.070833,,,,,,,,,,,,,,,,0.220988,0.169213,0.186011,0.207658,0.056800,0.180589,0.270776,0.263329,0.224107,0.323732,0.272456,0.287310,0.203449,0.253062,0.194180
978,4.075000,,,,,,,,,,,,,,,,0.221029,0.169203,0.186003,0.207660,0.056801,0.180587,0.270784,0.263256,0.224236,0.323503,0.272387,0.287632,0.203488,0.253055,0.194116
979,4.079167,,,,,,,,,,,,,,,,0.221057,0.169186,0.186003,0.207663,0.056803,0.180586,0.270793,0.263193,0.224359,0.323286,0.272310,0.287987,0.203544,0.252997,0.194143
980,4.083333,,,,,,,,,,,,,,,,0.221074,0.169169,0.186041,0.207666,0.056800,0.180582,0.270808,0.263134,0.224487,0.323099,0.272226,0.288328,0.203612,0.252999,0.194113
981,4.087500,,,,,,,,,,,,,,,,0.221115,0.169153,0.186033,0.207666,0.056798,0.180582,0.270828,0.263065,0.224612,0.322876,0.272157,0.288620,0.203685,0.252928,0.193944
982,4.091667,,,,,,,,,,,,,,,,0.221147,0.169126,0.186027,0.207667,0.056800,0.180580,0.270832,0.263014,0.224722,0.322654,0.272083,0.288937,0.203731,0.252930,0.193887
983,4.095833,,,,,,,,,,,,,,,,0.221174,0.169110,0.186032,0.207668,0.056798,0.180578,0.270839,0.262952,0.224835,0.322455,0.272028,0.289213,0.203915,0.252901,0.193886
984,4.100000,,,,,,,,,,,,,,,,0.221214,0.169092,0.186035,0.207671,0.056797,0.180575,0.270838,0.262898,0.224945,0.322223,0.271945,0.289487,0.204022,0.252961,0.193786
985,4.104167,,,,,,,,,,,,,,,,0.221242,0.169074,0.186040,0.207672,0.056797,0.180571,0.270846,0.262853,0.225052,0.322011,0.271877,0.289762,0.204045,0.252964,0.193728
986,4.108333,,,,,,,,,,,,,,,,0.221269,0.169061,0.186046,0.207673,0.056796,0.180570,0.270848,0.262809,0.225147,0.321859,0.271836,0.290031,0.204125,0.252887,0.193714
987,4.112500,,,,,,,,,,,,,,,,0.221296,0.169043,0.186055,0.207675,0.056797,0.180570,0.270851,0.262766,0.225250,0.321645,0.271787,0.290264,0.204196,0.252893,0.193671
988,4.116667,,,,,,,,,,,,,,,,0.221323,0.169028,0.186060,0.207676,0.056796,0.180568,0.270852,0.262727,0.225343,0.321465,0.271733,0.290520,0.204261,0.252891,0.193615
989,4.120833,,,,,,,,,,,,,,,,0.221350,0.169012,0.186062,0.207674,0.056796,0.180565,0.270861,0.262684,0.225431,0.321291,0.271719,0.290723,0.204294,0.252886,0.193531
990,4.125000,,,,,,,,,,,,,,,,0.221374,0.168997,0.186065,0.207676,0.056794,0.180562,0.270864,0.262651,0.225500,0.321092,0.271698,0.290924,0.204342,0.252907,0.193429
991,4.129167,,,,,,,,,,,,,,,,0.221401,0.168981,0.186059,0.207677,0.056795,0.180567,0.270861,0.262623,0.225559,0.320911,0.271706,0.291112,0.204383,0.252904,0.193367
992,4.133333,,,,,,,,,,,,,,,,0.221425,0.168973,0.186052,0.207679,0.056791,0.180567,0.270858,0.262595,0.225617,0.320758,0.271705,0.291284,0.204443,0.252950,0.193274
993,4.137500,,,,,,,,,,,,,,,,0.221449,0.168962,0.186043,0.207678,0.056794,0.180562,0.270854,0.262572,0.225664,0.320601,0.271705,0.291455,0.204480,0.252949,0.193214
994,4.141667,,,,,,,,,,,,,,,,0.221469,0.168957,0.186036,0.207678,0.056792,0.180564,0.270850,0.262550,0.225701,0.320471,0.271722,0.291612,0.204528,0.252881,0.193214
995,4.145833,,,,,,,,,,,,,,,,0.221490,0.168947,0.186026,0.207677,0.056794,0.180567,0.270849,0.262533,0.225735,0.320359,0.271742,0.291728,0.204561,0.252886,0.193163
996,4.150000,,,,,,,,,,,,,,,,0.221502,0.168938,0.186020,0.207677,0.056795,0.180567,0.270844,0.262519,0.225754,0.320237,0.271786,0.291837,0.204590,0.252892,0.193104
997,4.154167,,,,,,,,,,,,,,,,0.221515,0.168933,0.186012,0.207675,0.056795,0.180567,0.270839,0.262510,0.225773,0.320083,0.271820,0.291934,0.204618,0.252889,0.193042
998,4.158333,,,,,,,,,,,,,,,,0.221526,0.168925,0.186003,0.207674,0.056795,0.180568,0.270843,0.262504,0.225777,0.319964,0.271868,0.292024,0.204658,0.252893,0.192991
999,4.162500,,,,,,,,,,,,,,,,0.221535,0.168920,0.185993,0.207672,0.056794,0.180571,0.270844,0.262498,0.225773,0.319876,0.271907,0.292086,0.204679,0.252926,0.192915
1000,4.166667,,,,,,,,,,,,,,,,0.221542,0.168916,0.185980,0.207673,0.056792,0.180572,0.270835,0.262499,0.225766,0.319815,0.271949,0.292145,0.204699,0.252929,0.192855
1001,4.170833,,,,,,,,,,,,,,,,0.221546,0.168913,0.185963,0.207670,0.056795,0.180580,0.270830,0.262503,0.225748,0.319733,0.272016,0.292169,0.204710,0.252934,0.192806
1002,4.175000,,,,,,,,,,,,,,,,0.221548,0.168909,0.185941,0.207671,0.056796,0.180580,0.270835,0.262510,0.225715,0.319684,0.272078,0.292174,0.204720,0.252935,0.192756
1003,4.179167,,,,,,,,,,,,,,,,0.221549,0.168909,0.185917,0.207670,0.056797,0.180580,0.270824,0.262519,0.225688,0.319641,0.272169,0.292173,0.204716,0.252930,0.192687
1004,4.183333,,,,,,,,,,,,,,,,0.221548,0.168911,0.185892,0.207667,0.056796,0.180586,0.270824,0.262530,0.225644,0.319593,0.272241,0.292148,0.204720,0.252931,0.192638
1005,4.187500,,,,,,,,,,,,,,,,0.221549,0.168901,0.185873,0.207664,0.056795,0.180593,0.270818,0.262540,0.225590,0.319600,0.272307,0.292110,0.204727,0.252932,0.192595
1006,4.191667,,,,,,,,,,,,,,,,0.221542,0.168904,0.185855,0.207662,0.056797,0.180593,0.270813,0.262558,0.225531,0.319609,0.272356,0.292052,0.204727,0.252929,0.192545
1007,4.195833,,,,,,,,,,,,,,,,0.221531,0.168910,0.185833,0.207661,0.056797,0.180594,0.270801,0.262578,0.225450,0.319626,0.272405,0.291974,0.204708,0.252935,0.192503
1008,4.200000,,,,,,,,,,,,,,,,0.221520,0.168912,0.185812,0.207659,0.056797,0.180597,0.270785,0.262598,0.225360,0.319672,0.272448,0.291878,0.204700,0.252934,0.192460
1009,4.204167,,,,,,,,,,,,,,,,0.221505,0.168916,0.185787,0.207657,0.056797,0.180599,0.270778,0.262623,0.225280,0.319719,0.272512,0.291724,0.204689,0.252939,0.192423
1010,4.208333,,,,,,,,,,,,,,,,0.221493,0.168925,0.185757,0.207655,0.056796,0.180604,0.270769,0.262648,0.225185,0.319743,0.272580,0.291568,0.204677,0.252940,0.192389
1011,4.212500,,,,,,,,,,,,,,,,0.221477,0.168934,0.185729,0.207652,0.056799,0.180606,0.270759,0.262688,0.225087,0.319775,0.272663,0.291412,0.204663,0.252959,0.192351
1012,4.216667,,,,,,,,,,,,,,,,0.221460,0.168945,0.185702,0.207650,0.056798,0.180607,0.270749,0.262723,0.224981,0.319837,0.272733,0.291236,0.204637,0.252957,0.192310
1013,4.220833,,,,,,,,,,,,,,,,0.221446,0.168934,0.185633,0.207648,0.056802,0.180610,0.270739,0.262761,0.224874,0.319929,0.272779,0.291048,0.204603,0.252959,0.192278
1014,4.225000,,,,,,,,,,,,,,,,0.221426,0.168942,0.185594,0.207648,0.056798,0.180613,0.270717,0.262805,0.224745,0.320003,0.272828,0.290828,0.204576,0.252956,0.192250
1015,4.229167,,,,,,,,,,,,,,,,0.221403,0.168950,0.185565,0.207645,0.056799,0.180619,0.270689,0.262841,0.224611,0.320147,0.272843,0.290622,0.204537,0.252951,0.192230
1016,4.233333,,,,,,,,,,,,,,,,0.221377,0.168961,0.185541,0.207643,0.056798,0.180617,0.270684,0.262891,0.224473,0.320279,0.272878,0.290383,0.204506,0.252948,0.192192
1017,4.237500,,,,,,,,,,,,,,,,0.221356,0.168973,0.185511,0.207643,0.056798,0.180621,0.270676,0.262926,0.224336,0.320384,0.272938,0.290124,0.204461,0.252952,0.192168
1018,4.241667,,,,,,,,,,,,,,,,0.221331,0.168986,0.185479,0.207643,0.056797,0.180622,0.270670,0.262967,0.224197,0.320502,0.272954,0.289849,0.204403,0.253005,0.192100
1019,4.245833,,,,,,,,,,,,,,,,0.221304,0.169002,0.185443,0.207642,0.056798,0.180623,0.270638,0.263017,0.224036,0.320645,0.273008,0.289564,0.204306,0.252929,0.191968
1020,4.250000,,,,,,,,,,,,,,,,0.221283,0.169015,0.185403,0.207642,0.056796,0.180624,0.270615,0.263052,0.223892,0.320809,0.273042,0.289266,0.204240,0.252925,0.191923
1021,4.254167,,,,,,,,,,,,,,,,0.221256,0.169033,0.185368,0.207642,0.056796,0.180628,0.270591,0.263119,0.223726,0.320981,0.273056,0.288996,0.204067,0.252959,0.191874
1022,4.258333,,,,,,,,,,,,,,,,0.221224,0.169050,0.185334,0.207640,0.056797,0.180632,0.270571,0.263181,0.223578,0.321133,0.273081,0.288631,0.203953,0.252964,0.191825
1023,4.262500,,,,,,,,,,,,,,,,0.221200,0.169060,0.185295,0.207640,0.056797,0.180630,0.270555,0.263224,0.223404,0.321285,0.273106,0.288312,0.203898,0.252967,0.191801
1024,4.266667,,,,,,,,,,,,,,,,0.221158,0.169072,0.185253,0.207640,0.056798,0.180632,0.270534,0.263272,0.223221,0.321503,0.273107,0.287993,0.203862,0.252977,0.191802
1025,4.270833,,,,,,,,,,,,,,,,0.221120,0.169108,0.185220,0.207641,0.056797,0.180631,0.270523,0.263327,0.223057,0.321690,0.273117,0.287666,0.203833,0.253042,0.191934
1026,4.275000,,,,,,,,,,,,,,,,0.221089,0.169125,0.185180,0.207642,0.056797,0.180628,0.270519,0.263368,0.222881,0.321851,0.273162,0.287284,0.203754,0.253044,0.191746
1027,4.279167,,,,,,,,,,,,,,,,0.221055,0.169146,0.185149,0.207640,0.056800,0.180626,0.270508,0.263412,0.222714,0.322036,0.273188,0.286930,0.203661,0.253009,0.191727
1028,4.283333,,,,,,,,,,,,,,,,0.221025,0.169165,0.185112,0.207640,0.056797,0.180628,0.270484,0.263455,0.222512,0.322230,0.273198,0.286601,0.203606,0.253013,0.191721
1029,4.287500,,,,,,,,,,,,,,,,0.220991,0.169182,0.185072,0.207641,0.056799,0.180624,0.270475,0.263509,0.222330,0.322440,0.273212,0.286218,0.203554,0.253018,0.191722
1030,4.291667,,,,,,,,,,,,,,,,0.220957,0.169204,0.185032,0.207642,0.056798,0.180622,0.270465,0.263554,0.222165,0.322657,0.273214,0.285872,0.203492,0.253020,0.191727
1031,4.295833,,,,,,,,,,,,,,,,0.220925,0.169224,0.184993,0.207642,0.056800,0.180622,0.270456,0.263594,0.221993,0.322843,0.273241,0.285469,0.203433,0.253029,0.191721
1032,4.300000,,,,,,,,,,,,,,,,0.220894,0.169241,0.184954,0.207644,0.056797,0.180618,0.270432,0.263646,0.221789,0.323028,0.273272,0.285123,0.203384,0.253016,0.191754
1033,4.304167,,,,,,,,,,,,,,,,0.220862,0.169258,0.184918,0.207647,0.056797,0.180617,0.270425,0.263684,0.221608,0.323241,0.273272,0.284765,0.203314,0.253064,0.191706
1034,4.308333,,,,,,,,,,,,,,,,0.220832,0.169279,0.184881,0.207647,0.056799,0.180614,0.270425,0.263722,0.221438,0.323471,0.273276,0.284432,0.203106,0.253076,0.191677
1035,4.312500,,,,,,,,,,,,,,,,0.220805,0.169296,0.184848,0.207647,0.056799,0.180613,0.270422,0.263758,0.221277,0.323661,0.273256,0.284028,0.203008,0.253073,0.191626
1036,4.316667,,,,,,,,,,,,,,,,0.220774,0.169314,0.184811,0.207649,0.056796,0.180608,0.270398,0.263800,0.221086,0.323859,0.273294,0.283649,0.202948,0.253089,0.191622
1037,4.320833,,,,,,,,,,,,,,,,0.220737,0.169329,0.184784,0.207649,0.056796,0.180605,0.270385,0.263840,0.220918,0.324063,0.273312,0.283323,0.202905,0.253088,0.191620
1038,4.325000,,,,,,,,,,,,,,,,0.220719,0.169345,0.184748,0.207652,0.056797,0.180604,0.270391,0.263872,0.220737,0.324262,0.273328,0.282971,0.202868,0.253088,0.191622
1039,4.329167,,,,,,,,,,,,,,,,0.220688,0.169360,0.184717,0.207654,0.056795,0.180598,0.270394,0.263905,0.220582,0.324447,0.273350,0.282634,0.202826,0.253097,0.191622
1040,4.333333,,,,,,,,,,,,,,,,0.220664,0.169376,0.184686,0.207656,0.056796,0.180594,0.270394,0.263944,0.220418,0.324646,0.273346,0.282274,0.202771,0.253106,0.191643
1041,4.337500,,,,,,,,,,,,,,,,0.220641,0.169386,0.184652,0.207656,0.056796,0.180595,0.270378,0.263976,0.220241,0.324849,0.273334,0.281931,0.202725,0.253105,0.191633
1042,4.341667,,,,,,,,,,,,,,,,0.220609,0.169395,0.184617,0.207659,0.056795,0.180590,0.270379,0.264018,0.220102,0.325030,0.273342,0.281602,0.202660,0.253141,0.191629
1043,4.345833,,,,,,,,,,,,,,,,0.220596,0.169416,0.184584,0.207659,0.056798,0.180588,0.270383,0.264043,0.219954,0.325219,0.273345,0.281283,0.202623,0.253136,0.191615
1044,4.350000,,,,,,,,,,,,,,,,0.220567,0.169420,0.184556,0.207659,0.056799,0.180585,0.270390,0.264064,0.219815,0.325401,0.273347,0.281027,0.202593,0.253141,0.191614
1045,4.354167,,,,,,,,,,,,,,,,0.220548,0.169429,0.184527,0.207661,0.056798,0.180582,0.270409,0.264092,0.219670,0.325559,0.273328,0.280666,0.202585,0.253144,0.191610
1046,4.358333,,,,,,,,,,,,,,,,0.220535,0.169443,0.184502,0.207661,0.056798,0.180576,0.270420,0.264114,0.219522,0.325717,0.273305,0.280376,0.202568,0.253141,0.191607
1047,4.362500,,,,,,,,,,,,,,,,0.220525,0.169452,0.184481,0.207662,0.056803,0.180574,0.270431,0.264134,0.219382,0.325901,0.273293,0.280086,0.202545,0.253146,0.191597
1048,4.366667,,,,,,,,,,,,,,,,0.220518,0.169458,0.184458,0.207663,0.056799,0.180568,0.270451,0.264153,0.219261,0.326065,0.273284,0.279852,0.202521,0.253154,0.191591
1049,4.370833,,,,,,,,,,,,,,,,0.220509,0.169465,0.184432,0.207663,0.056801,0.180569,0.270475,0.264158,0.219134,0.326239,0.273255,0.279606,0.202507,0.253159,0.191584
1050,4.375000,,,,,,,,,,,,,,,,0.220504,0.169453,0.184373,0.207665,0.056798,0.180566,0.270492,0.264178,0.219006,0.326373,0.273232,0.279393,0.202501,0.253154,0.191568
1051,4.379167,,,,,,,,,,,,,,,,0.220496,0.169459,0.184345,0.207665,0.056798,0.180561,0.270516,0.264183,0.218899,0.326469,0.273213,0.279113,0.202493,0.253154,0.191549
1052,4.383333,,,,,,,,,,,,,,,,0.220506,0.169471,0.184311,0.207664,0.056799,0.180559,0.270535,0.264189,0.218802,0.326581,0.273199,0.278888,0.202495,0.253157,0.191540
1053,4.387500,,,,,,,,,,,,,,,,0.220510,0.169496,0.184273,0.207663,0.056801,0.180561,0.270558,0.264191,0.218715,0.326704,0.273176,0.278698,0.202490,0.253157,0.191515
1054,4.391667,,,,,,,,,,,,,,,,0.220499,0.169501,0.184258,0.207665,0.056799,0.180556,0.270591,0.264182,0.218643,0.326865,0.273115,0.278546,0.202490,0.253158,0.191495
1055,4.395833,,,,,,,,,,,,,,,,0.220508,0.169501,0.184233,0.207664,0.056800,0.180555,0.270623,0.264183,0.218541,0.326991,0.273084,0.278380,0.202497,0.253163,0.191474
1056,4.400000,,,,,,,,,,,,,,,,0.220514,0.169503,0.184216,0.207663,0.056802,0.180552,0.270654,0.264166,0.218451,0.327103,0.273034,0.278220,0.202505,0.253167,0.191457
1057,4.404167,,,,,,,,,,,,,,,,0.220519,0.169501,0.184200,0.207660,0.056803,0.180561,0.270685,0.264155,0.218362,0.327190,0.273001,0.278099,0.202521,0.253165,0.191431
1058,4.408333,,,,,,,,,,,,,,,,0.220539,0.169507,0.184156,0.207662,0.056802,0.180551,0.270720,0.264145,0.218291,0.327266,0.272967,0.277996,0.202524,0.253167,0.191407
1059,4.412500,,,,,,,,,,,,,,,,0.220536,0.169497,0.184157,0.207659,0.056804,0.180551,0.270764,0.264133,0.218227,0.327334,0.272939,0.277915,0.202539,0.253173,0.191386
1060,4.416667,,,,,,,,,,,,,,,,0.220546,0.169493,0.184145,0.207657,0.056802,0.180549,0.270806,0.264119,0.218173,0.327383,0.272900,0.277826,0.202564,0.253174,0.191359
1061,4.420833,,,,,,,,,,,,,,,,0.220555,0.169491,0.184128,0.207656,0.056804,0.180547,0.270852,0.264102,0.218119,0.327467,0.272867,0.277721,0.202594,0.253175,0.191336
1062,4.425000,,,,,,,,,,,,,,,,0.220566,0.169487,0.184118,0.207656,0.056801,0.180547,0.270894,0.264078,0.218081,0.327525,0.272827,0.277669,0.202624,0.253177,0.191307
1063,4.429167,,,,,,,,,,,,,,,,0.220576,0.169485,0.184103,0.207655,0.056806,0.180546,0.270944,0.264055,0.218053,0.327571,0.272766,0.277620,0.202653,0.253180,0.191282
1064,4.433333,,,,,,,,,,,,,,,,0.220585,0.169481,0.184093,0.207657,0.056804,0.180545,0.270985,0.264030,0.218023,0.327632,0.272718,0.277597,0.202707,0.253241,0.191168
1065,4.437500,,,,,,,,,,,,,,,,0.220599,0.169474,0.184088,0.207655,0.056807,0.180554,0.271045,0.263996,0.218020,0.327667,0.272676,0.277588,0.202751,0.253164,0.191193
1066,4.441667,,,,,,,,,,,,,,,,0.220616,0.169465,0.184084,0.207654,0.056805,0.180558,0.271099,0.263959,0.218000,0.327692,0.272617,0.277630,0.202814,0.253170,0.191186
1067,4.445833,,,,,,,,,,,,,,,,0.220628,0.169461,0.184079,0.207651,0.056807,0.180559,0.271161,0.263921,0.217978,0.327713,0.272570,0.277649,0.202865,0.253174,0.191164
1068,4.450000,,,,,,,,,,,,,,,,0.220649,0.169451,0.184078,0.207650,0.056805,0.180567,0.271213,0.263885,0.217972,0.327733,0.272517,0.277688,0.202907,0.253177,0.191126
1069,4.454167,,,,,,,,,,,,,,,,0.220668,0.169443,0.184077,0.207650,0.056807,0.180568,0.271264,0.263846,0.217969,0.327728,0.272459,0.277735,0.202949,0.253183,0.191098
1070,4.458333,,,,,,,,,,,,,,,,0.220687,0.169435,0.184076,0.207651,0.056803,0.180573,0.271313,0.263808,0.217973,0.327729,0.272412,0.277783,0.202993,0.253187,0.191078
1071,4.462500,,,,,,,,,,,,,,,,0.220703,0.169428,0.184072,0.207650,0.056804,0.180575,0.271361,0.263772,0.217982,0.327742,0.272333,0.277852,0.203021,0.253187,0.191047
1072,4.466667,,,,,,,,,,,,,,,,0.220726,0.169422,0.184070,0.207648,0.056804,0.180581,0.271411,0.263720,0.217999,0.327736,0.272260,0.277919,0.203084,0.253186,0.191028
1073,4.470833,,,,,,,,,,,,,,,,0.220745,0.169410,0.184077,0.207647,0.056804,0.180580,0.271461,0.263667,0.218019,0.327709,0.272190,0.278003,0.203145,0.253213,0.190985
1074,4.475000,,,,,,,,,,,,,,,,0.220766,0.169402,0.184080,0.207646,0.056806,0.180584,0.271511,0.263622,0.218050,0.327701,0.272125,0.278129,0.203179,0.253206,0.190941
1075,4.479167,,,,,,,,,,,,,,,,0.220787,0.169394,0.184088,0.207645,0.056806,0.180586,0.271563,0.263572,0.218074,0.327680,0.272056,0.278238,0.203256,0.253170,0.190925
1076,4.483333,,,,,,,,,,,,,,,,0.220826,0.169371,0.184112,0.207646,0.056805,0.180588,0.271629,0.263530,0.218132,0.327689,0.271955,0.278383,0.203202,0.253268,0.191280
1077,4.487500,,,,,,,,,,,,,,,,0.220865,0.169347,0.184140,0.207645,0.056804,0.180595,0.271675,0.263480,0.218176,0.327671,0.271895,0.278490,0.203391,0.253314,0.191504
1078,4.491667,,,,,,,,,,,,,,,,0.220891,0.169337,0.184148,0.207645,0.056804,0.180596,0.271720,0.263434,0.218229,0.327619,0.271835,0.278639,0.203487,0.253336,0.191531
1079,4.495833,,,,,,,,,,,,,,,,0.220918,0.169332,0.184152,0.207643,0.056802,0.180599,0.271762,0.263390,0.218284,0.327595,0.271754,0.278760,0.203532,0.253322,0.191482
1080,4.500000,,,,,,,,,,,,,,,,0.220931,0.169313,0.184180,0.207644,0.056801,0.180599,0.271804,0.263326,0.218348,0.327540,0.271678,0.278886,0.203576,0.253304,0.191428
1081,4.504167,,,,,,,,,,,,,,,,0.220947,0.169300,0.184190,0.207642,0.056801,0.180604,0.271851,0.263278,0.218411,0.327504,0.271575,0.279018,0.203757,0.253173,0.190971
1082,4.508333,,,,,,,,,,,,,,,,0.220974,0.169291,0.184207,0.207643,0.056799,0.180607,0.271888,0.263228,0.218480,0.327468,0.271492,0.279203,0.203824,0.253178,0.190904
1083,4.512500,,,,,,,,,,,,,,,,0.220997,0.169275,0.184227,0.207643,0.056799,0.180608,0.271943,0.263172,0.218565,0.327403,0.271421,0.279350,0.203857,0.253176,0.190911
1084,4.516667,,,,,,,,,,,,,,,,0.221015,0.169263,0.184250,0.207643,0.056801,0.180613,0.271977,0.263124,0.218636,0.327366,0.271333,0.279529,0.203911,0.253123,0.190953
1085,4.520833,,,,,,,,,,,,,,,,0.221035,0.169256,0.184281,0.207643,0.056798,0.180615,0.272006,0.263079,0.218711,0.327312,0.271230,0.279694,0.203939,0.253128,0.190962
1086,4.525000,,,,,,,,,,,,,,,,0.221057,0.169245,0.184307,0.207643,0.056799,0.180615,0.272038,0.263029,0.218800,0.327246,0.271153,0.279857,0.203981,0.253135,0.190959
1087,4.529167,,,,,,,,,,,,,,,,0.221073,0.169236,0.184335,0.207644,0.056796,0.180617,0.272057,0.262983,0.218888,0.327197,0.271071,0.280030,0.204027,0.253133,0.190966
1088,4.533333,,,,,,,,,,,,,,,,0.221090,0.169228,0.184361,0.207643,0.056797,0.180620,0.272083,0.262931,0.218978,0.327176,0.270982,0.280176,0.204063,0.253137,0.190982
1089,4.537500,,,,,,,,,,,,,,,,0.221116,0.169228,0.184372,0.207645,0.056797,0.180620,0.272117,0.262871,0.219063,0.327157,0.270905,0.280352,0.204093,0.253139,0.191001
1090,4.541667,,,,,,,,,,,,,,,,0.221132,0.169221,0.184396,0.207645,0.056797,0.180622,0.272142,0.262842,0.219161,0.327089,0.270803,0.280519,0.204145,0.253145,0.191020
1091,4.545833,,,,,,,,,,,,,,,,0.221147,0.169213,0.184421,0.207646,0.056794,0.180621,0.272156,0.262803,0.219252,0.327024,0.270707,0.280683,0.204189,0.253149,0.191047
1092,4.550000,,,,,,,,,,,,,,,,0.221161,0.169207,0.184446,0.207645,0.056797,0.180625,0.272171,0.262760,0.219348,0.326967,0.270636,0.280875,0.204238,0.253137,0.191059
1093,4.554167,,,,,,,,,,,,,,,,0.221174,0.169199,0.184474,0.207647,0.056793,0.180625,0.272187,0.262716,0.219450,0.326892,0.270574,0.281018,0.204270,0.253154,0.191068
1094,4.558333,,,,,,,,,,,,,,,,0.221184,0.169193,0.184506,0.207648,0.056794,0.180625,0.272200,0.262677,0.219555,0.326845,0.270511,0.281175,0.204429,0.253128,0.191143
1095,4.562500,,,,,,,,,,,,,,,,0.221197,0.169185,0.184539,0.207649,0.056792,0.180627,0.272203,0.262642,0.219660,0.326781,0.270431,0.281323,0.204492,0.253136,0.191198
1096,4.566667,,,,,,,,,,,,,,,,0.221206,0.169179,0.184574,0.207650,0.056792,0.180627,0.272229,0.262594,0.219776,0.326726,0.270365,0.281507,0.204520,0.253076,0.191260
1097,4.570833,,,,,,,,,,,,,,,,0.221205,0.169166,0.184627,0.207648,0.056793,0.180625,0.272236,0.262558,0.219870,0.326647,0.270295,0.281676,0.204537,0.253076,0.191297
1098,4.575000,,,,,,,,,,,,,,,,0.221209,0.169159,0.184663,0.207648,0.056790,0.180626,0.272233,0.262530,0.219965,0.326592,0.270234,0.281864,0.204541,0.253064,0.191303
1099,4.579167,,,,,,,,,,,,,,,,0.221206,0.169145,0.184705,0.207650,0.056793,0.180614,0.272232,0.262497,0.220062,0.326540,0.270166,0.282004,0.204557,0.253064,0.191349
1100,4.583333,,,,,,,,,,,,,,,,0.221210,0.169134,0.184730,0.207651,0.056793,0.180617,0.272219,0.262458,0.220169,0.326465,0.270106,0.282142,0.204580,0.253066,0.191396
1101,4.587500,,,,,,,,,,,,,,,,0.221215,0.169131,0.184764,0.207652,0.056794,0.180612,0.272218,0.262428,0.220267,0.326383,0.270051,0.282306,0.204591,0.253071,0.191444
1102,4.591667,,,,,,,,,,,,,,,,0.221234,0.169129,0.184846,0.207655,0.056794,0.180612,0.272193,0.262400,0.220354,0.326314,0.270001,0.282454,0.204591,0.253073,0.191485
1103,4.595833,,,,,,,,,,,,,,,,0.221236,0.169148,0.184869,0.207655,0.056796,0.180608,0.272178,0.262380,0.220461,0.326249,0.269946,0.282610,0.204593,0.253068,0.191520
1104,4.600000,,,,,,,,,,,,,,,,0.221244,0.169126,0.184910,0.207655,0.056796,0.180600,0.272151,0.262366,0.220569,0.326184,0.269918,0.282746,0.204594,0.253069,0.191557
1105,4.604167,,,,,,,,,,,,,,,,0.221248,0.169119,0.184948,0.207656,0.056797,0.180596,0.272127,0.262342,0.220669,0.326099,0.269880,0.282881,0.204591,0.253066,0.191599
1106,4.608333,,,,,,,,,,,,,,,,0.221248,0.169121,0.184979,0.207658,0.056797,0.180592,0.272119,0.262321,0.220778,0.326023,0.269847,0.283030,0.204633,0.253110,0.191750
1107,4.612500,,,,,,,,,,,,,,,,0.221241,0.169122,0.185002,0.207659,0.056799,0.180590,0.272094,0.262302,0.220860,0.325955,0.269807,0.283165,0.204642,0.253113,0.191802
1108,4.616667,,,,,,,,,,,,,,,,0.221251,0.169142,0.185026,0.207658,0.056800,0.180586,0.272066,0.262285,0.220940,0.325868,0.269750,0.283309,0.204633,0.253108,0.191831
1109,4.620833,,,,,,,,,,,,,,,,0.221252,0.169132,0.185045,0.207658,0.056800,0.180581,0.272029,0.262272,0.221025,0.325792,0.269703,0.283454,0.204618,0.253111,0.191867
1110,4.625000,,,,,,,,,,,,,,,,0.221231,0.169123,0.185088,0.207656,0.056803,0.180578,0.271997,0.262273,0.221095,0.325716,0.269689,0.283572,0.204588,0.253171,0.191845
1111,4.629167,,,,,,,,,,,,,,,,0.221222,0.169123,0.185109,0.207657,0.056803,0.180574,0.271963,0.262266,0.221167,0.325645,0.269668,0.283668,0.204568,0.253163,0.191863
1112,4.633333,,,,,,,,,,,,,,,,0.221217,0.169126,0.185129,0.207659,0.056805,0.180572,0.271927,0.262261,0.221243,0.325577,0.269658,0.283763,0.204555,0.253162,0.191892
1113,4.637500,,,,,,,,,,,,,,,,0.221205,0.169132,0.185149,0.207660,0.056805,0.180567,0.271887,0.262245,0.221323,0.325486,0.269645,0.283871,0.204515,0.253164,0.191899
1114,4.641667,,,,,,,,,,,,,,,,0.221193,0.169136,0.185168,0.207661,0.056805,0.180565,0.271844,0.262245,0.221389,0.325384,0.269631,0.283955,0.204515,0.253155,0.191927
1115,4.645833,,,,,,,,,,,,,,,,0.221180,0.169152,0.185197,0.207662,0.056805,0.180564,0.271799,0.262247,0.221453,0.325295,0.269622,0.284047,0.204454,0.253107,0.192050
1116,4.650000,,,,,,,,,,,,,,,,0.221167,0.169160,0.185213,0.207663,0.056803,0.180561,0.271750,0.262251,0.221509,0.325214,0.269618,0.284130,0.204442,0.253109,0.192071
1117,4.654167,,,,,,,,,,,,,,,,0.221155,0.169167,0.185226,0.207661,0.056806,0.180560,0.271692,0.262265,0.221576,0.325131,0.269628,0.284223,0.204401,0.253109,0.192088
1118,4.658333,,,,,,,,,,,,,,,,0.221139,0.169172,0.185243,0.207660,0.056805,0.180560,0.271643,0.262271,0.221628,0.325030,0.269614,0.284334,0.204372,0.253105,0.192099
1119,4.662500,,,,,,,,,,,,,,,,0.221121,0.169181,0.185256,0.207662,0.056807,0.180555,0.271598,0.262281,0.221674,0.324950,0.269625,0.284395,0.204339,0.253111,0.192122
1120,4.666667,,,,,,,,,,,,,,,,0.221087,0.169181,0.185272,0.207662,0.056807,0.180559,0.271550,0.262306,0.221712,0.324875,0.269637,0.284452,0.204316,0.253104,0.192117
1121,4.670833,,,,,,,,,,,,,,,,0.221068,0.169188,0.185281,0.207663,0.056805,0.180554,0.271487,0.262327,0.221742,0.324801,0.269653,0.284502,0.204282,0.253106,0.192124
1122,4.675000,,,,,,,,,,,,,,,,0.221049,0.169197,0.185292,0.207660,0.056807,0.180554,0.271423,0.262348,0.221767,0.324704,0.269714,0.284564,0.204073,0.253167,0.192130
1123,4.679167,,,,,,,,,,,,,,,,0.221032,0.169204,0.185301,0.207659,0.056806,0.180555,0.271368,0.262356,0.221804,0.324599,0.269759,0.284615,0.203988,0.253146,0.192092
1124,4.683333,,,,,,,,,,,,,,,,0.221012,0.169215,0.185304,0.207658,0.056806,0.180554,0.271301,0.262377,0.221822,0.324519,0.269798,0.284651,0.203953,0.253146,0.192101
1125,4.687500,,,,,,,,,,,,,,,,0.220991,0.169226,0.185307,0.207656,0.056806,0.180557,0.271227,0.262399,0.221837,0.324447,0.269820,0.284685,0.203904,0.253212,0.192056
1126,4.691667,,,,,,,,,,,,,,,,0.220970,0.169235,0.185312,0.207657,0.056808,0.180553,0.271163,0.262432,0.221852,0.324378,0.269871,0.284704,0.203864,0.253209,0.192043
1127,4.695833,,,,,,,,,,,,,,,,0.220940,0.169266,0.185299,0.207657,0.056805,0.180557,0.271098,0.262463,0.221861,0.324292,0.269900,0.284712,0.203826,0.253183,0.192090
1128,4.700000,,,,,,,,,,,,,,,,0.220918,0.169272,0.185342,0.207658,0.056805,0.180555,0.271032,0.262503,0.221869,0.324209,0.269976,0.284733,0.203792,0.253180,0.192095
1129,4.704167,,,,,,,,,,,,,,,,0.220908,0.169284,0.185345,0.207656,0.056804,0.180560,0.270959,0.262552,0.221877,0.324123,0.270051,0.284744,0.203739,0.253191,0.192114
1130,4.708333,,,,,,,,,,,,,,,,0.220879,0.169294,0.185338,0.207653,0.056805,0.180564,0.270887,0.262588,0.221890,0.324052,0.270106,0.284748,0.203703,0.253179,0.192090
1131,4.712500,,,,,,,,,,,,,,,,0.220852,0.169307,0.185325,0.207652,0.056809,0.180564,0.270825,0.262623,0.221891,0.323989,0.270161,0.284746,0.203652,0.253192,0.192107
1132,4.716667,,,,,,,,,,,,,,,,0.220829,0.169321,0.185316,0.207653,0.056806,0.180569,0.270765,0.262659,0.221885,0.323925,0.270221,0.284740,0.203600,0.253194,0.192100
1133,4.720833,,,,,,,,,,,,,,,,0.220806,0.169332,0.185310,0.207653,0.056803,0.180568,0.270706,0.262704,0.221870,0.323838,0.270320,0.284696,0.203562,0.253189,0.192080
1134,4.725000,,,,,,,,,,,,,,,,0.220783,0.169346,0.185305,0.207652,0.056805,0.180574,0.270635,0.262750,0.221843,0.323751,0.270430,0.284690,0.203521,0.253192,0.192068
1135,4.729167,,,,,,,,,,,,,,,,0.220759,0.169358,0.185295,0.207654,0.056805,0.180575,0.270560,0.262791,0.221814,0.323686,0.270510,0.284669,0.203457,0.253219,0.192060
1136,4.733333,,,,,,,,,,,,,,,,0.220736,0.169370,0.185287,0.207655,0.056803,0.180580,0.270499,0.262829,0.221795,0.323619,0.270580,0.284623,0.203354,0.253162,0.191956
1137,4.737500,,,,,,,,,,,,,,,,0.220707,0.169381,0.185285,0.207657,0.056802,0.180581,0.270425,0.262892,0.221768,0.323562,0.270655,0.284591,0.203288,0.253160,0.191923
1138,4.741667,,,,,,,,,,,,,,,,0.220682,0.169393,0.185272,0.207655,0.056803,0.180591,0.270358,0.262937,0.221745,0.323508,0.270747,0.284533,0.203300,0.253208,0.192039
1139,4.745833,,,,,,,,,,,,,,,,0.220659,0.169407,0.185257,0.207657,0.056800,0.180596,0.270283,0.262997,0.221721,0.323443,0.270861,0.284493,0.203085,0.253213,0.191908
1140,4.750000,,,,,,,,,,,,,,,,0.220642,0.169423,0.185232,0.207658,0.056800,0.180597,0.270213,0.263062,0.221680,0.323395,0.270950,0.284440,0.202979,0.253259,0.191946
1141,4.754167,,,,,,,,,,,,,,,,0.220613,0.169433,0.185227,0.207656,0.056800,0.180603,0.270140,0.263107,0.221635,0.323358,0.271030,0.284380,0.202950,0.253266,0.191948
1142,4.758333,,,,,,,,,,,,,,,,0.220589,0.169447,0.185213,0.207656,0.056797,0.180606,0.270076,0.263148,0.221587,0.323320,0.271129,0.284313,0.202916,0.253270,0.191950
1143,4.762500,,,,,,,,,,,,,,,,0.220564,0.169461,0.185194,0.207656,0.056798,0.180605,0.270026,0.263184,0.221561,0.323312,0.271219,0.284266,0.202857,0.253326,0.191891
1144,4.766667,,,,,,,,,,,,,,,,0.220543,0.169476,0.185181,0.207652,0.056798,0.180609,0.269958,0.263249,0.221508,0.323233,0.271335,0.284156,0.202802,0.253324,0.191866
1145,4.770833,,,,,,,,,,,,,,,,0.220510,0.169494,0.185182,0.207653,0.056797,0.180610,0.269892,0.263305,0.221465,0.323190,0.271420,0.284086,0.202751,0.253300,0.191900
1146,4.775000,,,,,,,,,,,,,,,,0.220490,0.169507,0.185168,0.207649,0.056799,0.180609,0.269838,0.263357,0.221422,0.323168,0.271495,0.284013,0.202709,0.253303,0.191896
1147,4.779167,,,,,,,,,,,,,,,,0.220466,0.169520,0.185152,0.207646,0.056802,0.180608,0.269774,0.263413,0.221365,0.323153,0.271592,0.283930,0.202616,0.253239,0.191730
1148,4.783333,,,,,,,,,,,,,,,,0.220442,0.169520,0.185120,0.207644,0.056799,0.180610,0.269707,0.263462,0.221304,0.323142,0.271693,0.283826,0.202548,0.253235,0.191697
1149,4.787500,,,,,,,,,,,,,,,,0.220414,0.169549,0.185116,0.207642,0.056797,0.180612,0.269653,0.263509,0.221253,0.323121,0.271808,0.283737,0.202499,0.253235,0.191689
1150,4.791667,,,,,,,,,,,,,,,,0.220393,0.169561,0.185100,0.207642,0.056801,0.180613,0.269600,0.263555,0.221206,0.323120,0.271893,0.283647,0.202459,0.253240,0.191697
1151,4.795833,,,,,,,,,,,,,,,,0.220375,0.169572,0.185089,0.207642,0.056800,0.180614,0.269557,0.263592,0.221165,0.323129,0.271978,0.283544,0.202415,0.253237,0.191679
1152,4.800000,,,,,,,,,,,,,,,,0.220352,0.169583,0.185071,0.207640,0.056797,0.180614,0.269497,0.263659,0.221107,0.323098,0.272071,0.283420,0.202368,0.253240,0.191664
1153,4.804167,,,,,,,,,,,,,,,,0.220321,0.169620,0.185040,0.207639,0.056796,0.180612,0.269450,0.263702,0.221061,0.323090,0.272145,0.283329,0.202309,0.253300,0.191591
1154,4.808333,,,,,,,,,,,,,,,,0.220307,0.169623,0.185020,0.207638,0.056796,0.180618,0.269398,0.263756,0.220995,0.323102,0.272201,0.283221,0.202109,0.253301,0.191577
1155,4.812500,,,,,,,,,,,,,,,,0.220296,0.169612,0.185022,0.207638,0.056797,0.180614,0.269345,0.263797,0.220935,0.323114,0.272273,0.283109,0.202032,0.253304,0.191523
1156,4.816667,,,,,,,,,,,,,,,,0.220273,0.169643,0.184993,0.207639,0.056796,0.180615,0.269306,0.263835,0.220880,0.323123,0.272357,0.283023,0.201982,0.253313,0.191518
1157,4.820833,,,,,,,,,,,,,,,,0.220249,0.169656,0.184974,0.207638,0.056796,0.180616,0.269271,0.263867,0.220829,0.323134,0.272447,0.282909,0.201944,0.253309,0.191511
1158,4.825000,,,,,,,,,,,,,,,,0.220227,0.169677,0.184970,0.207637,0.056797,0.180615,0.269237,0.263900,0.220780,0.323151,0.272499,0.282808,0.201923,0.253319,0.191533
1159,4.829167,,,,,,,,,,,,,,,,0.220218,0.169674,0.184951,0.207637,0.056799,0.180615,0.269204,0.263931,0.220731,0.323175,0.272545,0.282700,0.201885,0.253279,0.191572
1160,4.833333,,,,,,,,,,,,,,,,0.220202,0.169680,0.184957,0.207639,0.056796,0.180611,0.269169,0.263963,0.220682,0.323196,0.272581,0.282610,0.201854,0.253283,0.191571
1161,4.837500,,,,,,,,,,,,,,,,0.220187,0.169685,0.184946,0.207640,0.056795,0.180610,0.269143,0.263989,0.220635,0.323194,0.272623,0.282491,0.201824,0.253280,0.191556
1162,4.841667,,,,,,,,,,,,,,,,0.220170,0.169695,0.184931,0.207639,0.056800,0.180611,0.269120,0.264019,0.220592,0.323207,0.272655,0.282403,0.201781,0.253280,0.191536
1163,4.845833,,,,,,,,,,,,,,,,0.220155,0.169717,0.184915,0.207642,0.056798,0.180611,0.269071,0.264044,0.220514,0.323238,0.272674,0.282310,0.201746,0.253284,0.191536
1164,4.850000,,,,,,,,,,,,,,,,0.220143,0.169727,0.184900,0.207641,0.056798,0.180606,0.269051,0.264067,0.220472,0.323274,0.272700,0.282194,0.201705,0.253338,0.191496
1165,4.854167,,,,,,,,,,,,,,,,0.220130,0.169735,0.184885,0.207641,0.056798,0.180602,0.269030,0.264096,0.220432,0.323305,0.272714,0.282100,0.201685,0.253334,0.191482
1166,4.858333,,,,,,,,,,,,,,,,0.220123,0.169738,0.184874,0.207641,0.056795,0.180602,0.269018,0.264113,0.220394,0.323338,0.272720,0.282013,0.201658,0.253317,0.191506
1167,4.862500,,,,,,,,,,,,,,,,0.220113,0.169745,0.184864,0.207643,0.056799,0.180596,0.269007,0.264129,0.220350,0.323373,0.272724,0.281930,0.201641,0.253320,0.191513
1168,4.866667,,,,,,,,,,,,,,,,0.220103,0.169753,0.184852,0.207641,0.056800,0.180592,0.268997,0.264141,0.220312,0.323408,0.272720,0.281853,0.201621,0.253323,0.191503
1169,4.870833,,,,,,,,,,,,,,,,0.220097,0.169756,0.184844,0.207641,0.056800,0.180587,0.268990,0.264150,0.220276,0.323430,0.272705,0.281758,0.201608,0.253328,0.191501
1170,4.875000,,,,,,,,,,,,,,,,0.220088,0.169763,0.184832,0.207639,0.056803,0.180582,0.268983,0.264169,0.220230,0.323460,0.272694,0.281686,0.201601,0.253331,0.191501
1171,4.879167,,,,,,,,,,,,,,,,0.220080,0.169770,0.184821,0.207639,0.056802,0.180579,0.268982,0.264174,0.220195,0.323504,0.272670,0.281599,0.201591,0.253332,0.191495
1172,4.883333,,,,,,,,,,,,,,,,0.220071,0.169773,0.184813,0.207639,0.056804,0.180575,0.268984,0.264176,0.220160,0.323556,0.272621,0.281521,0.201573,0.253344,0.191515
1173,4.887500,,,,,,,,,,,,,,,,0.220067,0.169747,0.184771,0.207638,0.056804,0.180570,0.268990,0.264166,0.220131,0.323615,0.272600,0.281460,0.201569,0.253347,0.191510
1174,4.891667,,,,,,,,,,,,,,,,0.220059,0.169749,0.184751,0.207640,0.056803,0.180563,0.268994,0.264165,0.220095,0.323668,0.272561,0.281385,0.201561,0.253349,0.191501
1175,4.895833,,,,,,,,,,,,,,,,0.220054,0.169754,0.184742,0.207641,0.056806,0.180561,0.269006,0.264161,0.220068,0.323708,0.272522,0.281327,0.201556,0.253351,0.191497
1176,4.900000,,,,,,,,,,,,,,,,0.220057,0.169754,0.184733,0.207639,0.056806,0.180559,0.269017,0.264155,0.220040,0.323743,0.272487,0.281273,0.201561,0.253352,0.191492
1177,4.904167,,,,,,,,,,,,,,,,0.220058,0.169755,0.184726,0.207642,0.056806,0.180553,0.269038,0.264136,0.220012,0.323783,0.272445,0.281222,0.201567,0.253352,0.191486
1178,4.908333,,,,,,,,,,,,,,,,0.220062,0.169756,0.184717,0.207641,0.056806,0.180551,0.269056,0.264124,0.219988,0.323826,0.272395,0.281176,0.201570,0.253355,0.191484
1179,4.912500,,,,,,,,,,,,,,,,0.220063,0.169757,0.184708,0.207639,0.056808,0.180550,0.269081,0.264110,0.219951,0.323889,0.272307,0.281101,0.201583,0.253357,0.191476
1180,4.916667,,,,,,,,,,,,,,,,0.220067,0.169754,0.184702,0.207639,0.056811,0.180549,0.269099,0.264089,0.219921,0.323938,0.272256,0.281054,0.201592,0.253358,0.191473
1181,4.920833,,,,,,,,,,,,,,,,0.220073,0.169753,0.184697,0.207639,0.056809,0.180544,0.269123,0.264074,0.219901,0.323981,0.272206,0.281010,0.201608,0.253358,0.191460
1182,4.925000,,,,,,,,,,,,,,,,0.220077,0.169754,0.184687,0.207640,0.056810,0.180539,0.269154,0.264053,0.219893,0.324001,0.272157,0.280978,0.201644,0.253359,0.191459
1183,4.929167,,,,,,,,,,,,,,,,0.220086,0.169751,0.184684,0.207640,0.056813,0.180536,0.269180,0.264037,0.219870,0.324043,0.272109,0.280946,0.201643,0.253363,0.191458
1184,4.933333,,,,,,,,,,,,,,,,0.220109,0.169748,0.184653,0.207641,0.056811,0.180536,0.269210,0.264015,0.219855,0.324105,0.272014,0.280935,0.201686,0.253385,0.191415
1185,4.937500,,,,,,,,,,,,,,,,0.220116,0.169746,0.184646,0.207644,0.056809,0.180536,0.269250,0.264000,0.219836,0.324133,0.271966,0.280896,0.201714,0.253383,0.191398
1186,4.941667,,,,,,,,,,,,,,,,0.220131,0.169740,0.184641,0.207647,0.056808,0.180537,0.269287,0.263977,0.219822,0.324187,0.271873,0.280870,0.201749,0.253414,0.191344
1187,4.945833,,,,,,,,,,,,,,,,0.220141,0.169734,0.184638,0.207648,0.056810,0.180541,0.269333,0.263946,0.219795,0.324248,0.271804,0.280833,0.201763,0.253346,0.191398
1188,4.950000,,,,,,,,,,,,,,,,0.220154,0.169738,0.184642,0.207651,0.056809,0.180538,0.269377,0.263910,0.219779,0.324322,0.271743,0.280814,0.201794,0.253350,0.191402
1189,4.954167,,,,,,,,,,,,,,,,0.220167,0.169731,0.184641,0.207649,0.056808,0.180540,0.269423,0.263880,0.219768,0.324376,0.271682,0.280797,0.201821,0.253349,0.191387
1190,4.958333,,,,,,,,,,,,,,,,0.220184,0.169726,0.184639,0.207650,0.056808,0.180540,0.269474,0.263848,0.219760,0.324435,0.271619,0.280777,0.201854,0.253357,0.191379
1191,4.962500,,,,,,,,,,,,,,,,0.220197,0.169721,0.184636,0.207649,0.056809,0.180547,0.269523,0.263824,0.219749,0.324502,0.271536,0.280754,0.201891,0.253354,0.191369
1192,4.966667,,,,,,,,,,,,,,,,0.220223,0.169709,0.184624,0.207651,0.056809,0.180546,0.269578,0.263787,0.219740,0.324558,0.271476,0.280744,0.201927,0.253364,0.191368
1193,4.970833,,,,,,,,,,,,,,,,0.220240,0.169700,0.184624,0.207650,0.056809,0.180550,0.269637,0.263749,0.219745,0.324612,0.271412,0.280741,0.201962,0.253364,0.191355
1194,4.975000,,,,,,,,,,,,,,,,0.220256,0.169694,0.184626,0.207652,0.056807,0.180550,0.269683,0.263725,0.219732,0.324661,0.271343,0.280740,0.202001,0.253368,0.191362
1195,4.979167,,,,,,,,,,,,,,,,0.220271,0.169685,0.184625,0.207651,0.056806,0.180551,0.269735,0.263696,0.219732,0.324727,0.271287,0.280764,0.202038,0.253371,0.191354
1196,4.983333,,,,,,,,,,,,,,,,0.220295,0.169668,0.184620,0.207652,0.056806,0.180553,0.269808,0.263656,0.219755,0.324811,0.271187,0.280775,0.202112,0.253367,0.191357
1197,4.987500,,,,,,,,,,,,,,,,0.220308,0.169668,0.184633,0.207650,0.056803,0.180555,0.269865,0.263619,0.219752,0.324874,0.271106,0.280759,0.202164,0.253372,0.191368
1198,4.991667,,,,,,,,,,,,,,,,0.220335,0.169650,0.184624,0.207650,0.056807,0.180557,0.269920,0.263578,0.219754,0.324928,0.271051,0.280766,0.202217,0.253393,0.191337
1199,4.995833,,,,,,,,,,,,,,,,0.220352,0.169643,0.184628,0.207652,0.056805,0.180556,0.269973,0.263543,0.219757,0.324980,0.270995,0.280773,0.202403,0.253309,0.191440
1200,5.000000,,,,,,,,,,,,,,,,0.220374,0.169634,0.184632,0.207652,0.056805,0.180562,0.270025,0.263509,0.219761,0.325036,0.270928,0.280799,0.202488,0.253323,0.191478
1201,5.004167,,,,,,,,,,,,,,,,0.220394,0.169623,0.184639,0.207652,0.056805,0.180567,0.270083,0.263467,0.219761,0.325096,0.270849,0.280811,0.202527,0.253320,0.191484
1202,5.008333,,,,,,,,,,,,,,,,0.220410,0.169617,0.184650,0.207651,0.056804,0.180569,0.270154,0.263427,0.219760,0.325144,0.270788,0.280800,0.202564,0.253313,0.191485
1203,5.012500,,,,,,,,,,,,,,,,0.220430,0.169610,0.184656,0.207651,0.056806,0.180569,0.270217,0.263386,0.219759,0.325214,0.270706,0.280793,0.202602,0.253313,0.191491
1204,5.016667,,,,,,,,,,,,,,,,0.220449,0.169602,0.184662,0.207650,0.056805,0.180572,0.270276,0.263347,0.219765,0.325304,0.270630,0.280798,0.202622,0.253312,0.191489
1205,5.020833,,,,,,,,,,,,,,,,0.220471,0.169591,0.184671,0.207651,0.056806,0.180571,0.270337,0.263302,0.219776,0.325371,0.270555,0.280801,0.202662,0.253303,0.191492
1206,5.025000,,,,,,,,,,,,,,,,0.220487,0.169580,0.184682,0.207648,0.056808,0.180575,0.270413,0.263270,0.219798,0.325466,0.270462,0.280870,0.202701,0.253298,0.191496
1207,5.029167,,,,,,,,,,,,,,,,0.220518,0.169586,0.184685,0.207646,0.056808,0.180578,0.270469,0.263236,0.219806,0.325551,0.270384,0.280870,0.202743,0.253323,0.191473
1208,5.033333,,,,,,,,,,,,,,,,0.220540,0.169574,0.184695,0.207646,0.056807,0.180582,0.270522,0.263202,0.219818,0.325617,0.270306,0.280859,0.202849,0.253385,0.191633
1209,5.037500,,,,,,,,,,,,,,,,0.220558,0.169567,0.184704,0.207644,0.056807,0.180584,0.270575,0.263168,0.219831,0.325671,0.270244,0.280863,0.202926,0.253428,0.191642
1210,5.041667,,,,,,,,,,,,,,,,0.220575,0.169560,0.184711,0.207644,0.056808,0.180585,0.270642,0.263113,0.219836,0.325725,0.270180,0.280868,0.202970,0.253362,0.191713
1211,5.045833,,,,,,,,,,,,,,,,0.220604,0.169537,0.184740,0.207641,0.056809,0.180591,0.270701,0.263072,0.219850,0.325787,0.270110,0.280873,0.203005,0.253365,0.191730
1212,5.050000,,,,,,,,,,,,,,,,0.220626,0.169525,0.184754,0.207642,0.056808,0.180591,0.270754,0.263033,0.219864,0.325848,0.270036,0.280882,0.203036,0.253363,0.191732
1213,5.054167,,,,,,,,,,,,,,,,0.220653,0.169508,0.184777,0.207640,0.056808,0.180593,0.270802,0.262997,0.219874,0.325911,0.269925,0.280861,0.203066,0.253361,0.191741
1214,5.058333,,,,,,,,,,,,,,,,0.220672,0.169498,0.184789,0.207638,0.056808,0.180595,0.270851,0.262962,0.219889,0.325979,0.269852,0.280865,0.203096,0.253360,0.191757
1215,5.062500,,,,,,,,,,,,,,,,0.220685,0.169489,0.184797,0.207639,0.056805,0.180594,0.270912,0.262931,0.219926,0.326036,0.269773,0.280874,0.203120,0.253325,0.191701
1216,5.066667,,,,,,,,,,,,,,,,0.220697,0.169484,0.184806,0.207637,0.056809,0.180597,0.270959,0.262898,0.219937,0.326107,0.269655,0.280874,0.203141,0.253318,0.191707
1217,5.070833,,,,,,,,,,,,,,,,0.220713,0.169477,0.184814,0.207638,0.056806,0.180596,0.271000,0.262856,0.219951,0.326186,0.269570,0.280904,0.203176,0.253318,0.191727
1218,5.075000,,,,,,,,,,,,,,,,0.220727,0.169472,0.184822,0.207638,0.056807,0.180598,0.271042,0.262822,0.219966,0.326241,0.269462,0.280883,0.203212,0.253322,0.191756
1219,5.079167,,,,,,,,,,,,,,,,0.220738,0.169465,0.184836,0.207636,0.056808,0.180600,0.271083,0.262787,0.219979,0.326283,0.269387,0.280890,0.203424,0.253299,0.191864
1220,5.083333,,,,,,,,,,,,,,,,0.220747,0.169462,0.184848,0.207635,0.056809,0.180598,0.271132,0.262741,0.219991,0.326324,0.269313,0.280895,0.203421,0.253277,0.191824
1221,5.087500,,,,,,,,,,,,,,,,0.220756,0.169454,0.184859,0.207635,0.056808,0.180599,0.271170,0.262713,0.220002,0.326369,0.269233,0.280907,0.203474,0.253326,0.191870
1222,5.091667,,,,,,,,,,,,,,,,0.220770,0.169445,0.184868,0.207636,0.056805,0.180596,0.271203,0.262680,0.220021,0.326430,0.269132,0.280900,0.203503,0.253330,0.191901
1223,5.095833,,,,,,,,,,,,,,,,0.220777,0.169439,0.184874,0.207634,0.056807,0.180597,0.271232,0.262651,0.220036,0.326484,0.269046,0.280940,0.203518,0.253330,0.191920
1224,5.100000,,,,,,,,,,,,,,,,0.220785,0.169438,0.184879,0.207634,0.056808,0.180599,0.271258,0.262623,0.220051,0.326530,0.268954,0.280948,0.203535,0.253327,0.191936
1225,5.104167,,,,,,,,,,,,,,,,0.220790,0.169432,0.184882,0.207637,0.056805,0.180599,0.271284,0.262597,0.220067,0.326575,0.268882,0.280949,0.203548,0.253326,0.191950
1226,5.108333,,,,,,,,,,,,,,,,0.220795,0.169427,0.184892,0.207637,0.056807,0.180597,0.271309,0.262567,0.220077,0.326615,0.268813,0.280947,0.203581,0.253259,0.192024
1227,5.112500,,,,,,,,,,,,,,,,0.220801,0.169422,0.184900,0.207640,0.056806,0.180595,0.271332,0.262544,0.220089,0.326665,0.268719,0.280955,0.203602,0.253251,0.192032
1228,5.116667,,,,,,,,,,,,,,,,0.220804,0.169424,0.184910,0.207638,0.056807,0.180596,0.271352,0.262522,0.220100,0.326721,0.268622,0.280922,0.203609,0.253247,0.192042
1229,5.120833,,,,,,,,,,,,,,,,0.220808,0.169418,0.184923,0.207639,0.056809,0.180590,0.271370,0.262487,0.220119,0.326755,0.268554,0.280920,0.203618,0.253246,0.192064
1230,5.125000,,,,,,,,,,,,,,,,0.220812,0.169416,0.184935,0.207640,0.056806,0.180590,0.271400,0.262468,0.220149,0.326781,0.268495,0.280916,0.203625,0.253246,0.192071
1231,5.129167,,,,,,,,,,,,,,,,0.220810,0.169416,0.184940,0.207641,0.056806,0.180593,0.271413,0.262448,0.220160,0.326789,0.268424,0.280900,0.203623,0.253246,0.192091
1232,5.133333,,,,,,,,,,,,,,,,0.220811,0.169414,0.184946,0.207644,0.056806,0.180591,0.271422,0.262434,0.220168,0.326811,0.268367,0.280895,0.203628,0.253244,0.192111
1233,5.137500,,,,,,,,,,,,,,,,0.220814,0.169414,0.184949,0.207644,0.056805,0.180588,0.271428,0.262419,0.220178,0.326833,0.268302,0.280891,0.203626,0.253247,0.192133
1234,5.141667,,,,,,,,,,,,,,,,0.220809,0.169414,0.184954,0.207642,0.056807,0.180586,0.271431,0.262406,0.220188,0.326863,0.268233,0.280869,0.203638,0.253255,0.192172
1235,5.145833,,,,,,,,,,,,,,,,0.220811,0.169410,0.184964,0.207645,0.056805,0.180581,0.271431,0.262394,0.220196,0.326884,0.268165,0.280849,0.203640,0.253256,0.192187
1236,5.150000,,,,,,,,,,,,,,,,0.220809,0.169413,0.184971,0.207647,0.056807,0.180581,0.271432,0.262384,0.220205,0.326898,0.268119,0.280838,0.203636,0.253251,0.192199
1237,5.154167,,,,,,,,,,,,,,,,0.220804,0.169414,0.184977,0.207647,0.056806,0.180579,0.271435,0.262365,0.220208,0.326911,0.268085,0.280825,0.203631,0.253251,0.192210
1238,5.158333,,,,,,,,,,,,,,,,0.220802,0.169415,0.184982,0.207648,0.056806,0.180576,0.271428,0.262368,0.220216,0.326921,0.268051,0.280816,0.203623,0.253250,0.192214
1239,5.162500,,,,,,,,,,,,,,,,0.220801,0.169414,0.184984,0.207651,0.056803,0.180570,0.271421,0.262352,0.220222,0.326926,0.268022,0.280807,0.203617,0.253230,0.192249
1240,5.166667,,,,,,,,,,,,,,,,0.220798,0.169416,0.184987,0.207652,0.056804,0.180569,0.271409,0.262360,0.220226,0.326931,0.267997,0.280798,0.203593,0.253227,0.192254
1241,5.170833,,,,,,,,,,,,,,,,0.220790,0.169421,0.184990,0.207654,0.056804,0.180566,0.271396,0.262360,0.220231,0.326931,0.267977,0.280790,0.203578,0.253224,0.192260
1242,5.175000,,,,,,,,,,,,,,,,0.220780,0.169419,0.184989,0.207655,0.056803,0.180568,0.271383,0.262360,0.220232,0.326928,0.267961,0.280780,0.203588,0.253224,0.192270
1243,5.179167,,,,,,,,,,,,,,,,0.220778,0.169426,0.184983,0.207656,0.056802,0.180565,0.271368,0.262364,0.220235,0.326924,0.267950,0.280774,0.203577,0.253229,0.192290
1244,5.183333,,,,,,,,,,,,,,,,0.220768,0.169427,0.184985,0.207657,0.056802,0.180565,0.271351,0.262369,0.220235,0.326917,0.267928,0.280799,0.203542,0.253275,0.192262
1245,5.187500,,,,,,,,,,,,,,,,0.220764,0.169427,0.184987,0.207659,0.056803,0.180562,0.271325,0.262373,0.220226,0.326906,0.267943,0.280758,0.203498,0.253279,0.192258
1246,5.191667,,,,,,,,,,,,,,,,0.220757,0.169433,0.184990,0.207662,0.056804,0.180561,0.271297,0.262384,0.220213,0.326890,0.267947,0.280749,0.203483,0.253277,0.192256
1247,5.195833,,,,,,,,,,,,,,,,0.220750,0.169437,0.184992,0.207662,0.056803,0.180562,0.271274,0.262402,0.220211,0.326868,0.267948,0.280732,0.203490,0.253274,0.192271
1248,5.200000,,,,,,,,,,,,,,,,0.220744,0.169441,0.184988,0.207663,0.056802,0.180563,0.271249,0.262413,0.220207,0.326848,0.267945,0.280763,0.203450,0.253262,0.192300
1249,5.204167,,,,,,,,,,,,,,,,0.220735,0.169446,0.184983,0.207662,0.056801,0.180565,0.271225,0.262427,0.220206,0.326827,0.267982,0.280719,0.203428,0.253261,0.192296
1250,5.208333,,,,,,,,,,,,,,,,0.220726,0.169452,0.184977,0.207662,0.056801,0.180564,0.271199,0.262441,0.220200,0.326802,0.268005,0.280712,0.203406,0.253262,0.192297
1251,5.212500,,,,,,,,,,,,,,,,0.220719,0.169453,0.184976,0.207666,0.056799,0.180561,0.271170,0.262459,0.220198,0.326776,0.268040,0.280713,0.203388,0.253264,0.192300
1252,5.216667,,,,,,,,,,,,,,,,0.220711,0.169462,0.184968,0.207664,0.056801,0.180563,0.271139,0.262475,0.220193,0.326750,0.268074,0.280704,0.203366,0.253264,0.192297
1253,5.220833,,,,,,,,,,,,,,,,0.220701,0.169466,0.184961,0.207666,0.056800,0.180562,0.271109,0.262494,0.220188,0.326722,0.268111,0.280697,0.203351,0.253263,0.192291
1254,5.225000,,,,,,,,,,,,,,,,0.220694,0.169470,0.184961,0.207665,0.056799,0.180564,0.271079,0.262515,0.220182,0.326696,0.268151,0.280693,0.203326,0.253267,0.192292
1255,5.229167,,,,,,,,,,,,,,,,0.220682,0.169478,0.184956,0.207665,0.056799,0.180566,0.271051,0.262534,0.220186,0.326648,0.268203,0.280708,0.203300,0.253264,0.192279
1256,5.233333,,,,,,,,,,,,,,,,0.220673,0.169484,0.184950,0.207664,0.056798,0.180568,0.271015,0.262560,0.220183,0.326613,0.268270,0.280689,0.203123,0.253291,0.192199
1257,5.237500,,,,,,,,,,,,,,,,0.220664,0.169490,0.184943,0.207663,0.056799,0.180568,0.270966,0.262602,0.220160,0.326541,0.268335,0.280676,0.203047,0.253272,0.192126
1258,5.241667,,,,,,,,,,,,,,,,0.220655,0.169496,0.184937,0.207663,0.056799,0.180568,0.270926,0.262633,0.220151,0.326478,0.268430,0.280658,0.203020,0.253270,0.192116
1259,5.245833,,,,,,,,,,,,,,,,0.220644,0.169501,0.184931,0.207662,0.056799,0.180570,0.270888,0.262659,0.220143,0.326436,0.268501,0.280660,0.203001,0.253299,0.192162
1260,5.250000,,,,,,,,,,,,,,,,0.220633,0.169506,0.184928,0.207661,0.056801,0.180571,0.270847,0.262702,0.220137,0.326395,0.268565,0.280656,0.202985,0.253304,0.192165
1261,5.254167,,,,,,,,,,,,,,,,0.220622,0.169512,0.184920,0.207661,0.056800,0.180572,0.270807,0.262728,0.220131,0.326364,0.268647,0.280655,0.202962,0.253305,0.192162
1262,5.258333,,,,,,,,,,,,,,,,0.220610,0.169519,0.184917,0.207661,0.056799,0.180574,0.270758,0.262758,0.220120,0.326312,0.268734,0.280668,0.202960,0.253310,0.192158
1263,5.262500,,,,,,,,,,,,,,,,0.220600,0.169525,0.184911,0.207660,0.056800,0.180575,0.270710,0.262786,0.220102,0.326261,0.268803,0.280668,0.202921,0.253369,0.192105
1264,5.266667,,,,,,,,,,,,,,,,0.220572,0.169547,0.184891,0.207659,0.056803,0.180574,0.270669,0.262812,0.220095,0.326208,0.268872,0.280669,0.202891,0.253368,0.192089
1265,5.270833,,,,,,,,,,,,,,,,0.220558,0.169555,0.184880,0.207657,0.056800,0.180577,0.270620,0.262847,0.220087,0.326160,0.268937,0.280671,0.202855,0.253347,0.192115
1266,5.275000,,,,,,,,,,,,,,,,0.220543,0.169561,0.184879,0.207655,0.056800,0.180579,0.270573,0.262872,0.220088,0.326109,0.269000,0.280676,0.202809,0.253349,0.192104
1267,5.279167,,,,,,,,,,,,,,,,0.220515,0.169581,0.184858,0.207653,0.056800,0.180582,0.270527,0.262905,0.220078,0.326043,0.269092,0.280710,0.202780,0.253346,0.192090
1268,5.283333,,,,,,,,,,,,,,,,0.220499,0.169592,0.184843,0.207650,0.056802,0.180582,0.270485,0.262940,0.220075,0.325979,0.269164,0.280713,0.202771,0.253346,0.192087
1269,5.287500,,,,,,,,,,,,,,,,0.220489,0.169596,0.184839,0.207649,0.056800,0.180582,0.270439,0.262985,0.220065,0.325906,0.269256,0.280703,0.202731,0.253347,0.192082
1270,5.291667,,,,,,,,,,,,,,,,0.220477,0.169606,0.184836,0.207648,0.056803,0.180585,0.270393,0.263014,0.220063,0.325852,0.269311,0.280709,0.202693,0.253351,0.192068
1271,5.295833,,,,,,,,,,,,,,,,0.220463,0.169611,0.184832,0.207648,0.056804,0.180589,0.270347,0.263040,0.220061,0.325799,0.269369,0.280711,0.202663,0.253353,0.192063
1272,5.300000,,,,,,,,,,,,,,,,0.220448,0.169616,0.184832,0.207646,0.056804,0.180590,0.270297,0.263079,0.220072,0.325746,0.269422,0.280718,0.202635,0.253352,0.192057
1273,5.304167,,,,,,,,,,,,,,,,0.220433,0.169625,0.184832,0.207645,0.056804,0.180585,0.270249,0.263109,0.220070,0.325637,0.269522,0.280711,0.202608,0.253353,0.192049
1274,5.308333,,,,,,,,,,,,,,,,0.220416,0.169633,0.184830,0.207643,0.056804,0.180589,0.270196,0.263137,0.220056,0.325570,0.269576,0.280720,0.202578,0.253358,0.192047
1275,5.312500,,,,,,,,,,,,,,,,0.220400,0.169642,0.184826,0.207642,0.056808,0.180590,0.270138,0.263161,0.220049,0.325516,0.269618,0.280731,0.202554,0.253357,0.192037
1276,5.316667,,,,,,,,,,,,,,,,0.220388,0.169643,0.184821,0.207640,0.056806,0.180593,0.270086,0.263190,0.220050,0.325458,0.269658,0.280739,0.202523,0.253362,0.192040
1277,5.320833,,,,,,,,,,,,,,,,0.220376,0.169651,0.184817,0.207638,0.056805,0.180592,0.270031,0.263236,0.220038,0.325409,0.269705,0.280713,0.202432,0.253386,0.191856
1278,5.325000,,,,,,,,,,,,,,,,0.220346,0.169648,0.184821,0.207636,0.056808,0.180594,0.269984,0.263260,0.220043,0.325351,0.269740,0.280724,0.202374,0.253376,0.191809
1279,5.329167,,,,,,,,,,,,,,,,0.220319,0.169660,0.184833,0.207635,0.056809,0.180596,0.269936,0.263283,0.220043,0.325293,0.269773,0.280736,0.202329,0.253348,0.191852
1280,5.333333,,,,,,,,,,,,,,,,0.220304,0.169669,0.184835,0.207635,0.056809,0.180592,0.269891,0.263303,0.220047,0.325210,0.269830,0.280769,0.202365,0.253399,0.191979
1281,5.337500,,,,,,,,,,,,,,,,0.220289,0.169677,0.184835,0.207634,0.056811,0.180590,0.269849,0.263313,0.220062,0.325133,0.269901,0.280786,0.202195,0.253422,0.191904
1282,5.341667,,,,,,,,,,,,,,,,0.220270,0.169705,0.184870,0.207631,0.056812,0.180592,0.269804,0.263343,0.220060,0.325072,0.269932,0.280799,0.202088,0.253404,0.191824
1283,5.345833,,,,,,,,,,,,,,,,0.220255,0.169725,0.184882,0.207630,0.056816,0.180592,0.269758,0.263350,0.220076,0.325005,0.269965,0.280831,0.202043,0.253403,0.191806
1284,5.350000,,,,,,,,,,,,,,,,0.220245,0.169719,0.184874,0.207632,0.056815,0.180588,0.269705,0.263382,0.220086,0.324949,0.269987,0.280846,0.202031,0.253389,0.191826
1285,5.354167,,,,,,,,,,,,,,,,0.220215,0.169738,0.184894,0.207630,0.056816,0.180590,0.269659,0.263402,0.220099,0.324897,0.270007,0.280863,0.202029,0.253429,0.191907
1286,5.358333,,,,,,,,,,,,,,,,0.220200,0.169746,0.184892,0.207631,0.056815,0.180582,0.269610,0.263417,0.220118,0.324842,0.270026,0.280880,0.202012,0.253434,0.191925
1287,5.362500,,,,,,,,,,,,,,,,0.220184,0.169751,0.184893,0.207632,0.056812,0.180584,0.269567,0.263438,0.220127,0.324778,0.270020,0.280889,0.201986,0.253430,0.191922
1288,5.366667,,,,,,,,,,,,,,,,0.220172,0.169758,0.184895,0.207632,0.056815,0.180584,0.269525,0.263446,0.220142,0.324722,0.270033,0.280910,0.201951,0.253434,0.191935
1289,5.370833,,,,,,,,,,,,,,,,0.220158,0.169768,0.184893,0.207631,0.056817,0.180583,0.269475,0.263470,0.220137,0.324670,0.270046,0.280932,0.201926,0.253438,0.191937
1290,5.375000,,,,,,,,,,,,,,,,0.220145,0.169772,0.184894,0.207633,0.056816,0.180581,0.269428,0.263482,0.220140,0.324620,0.270055,0.280953,0.201905,0.253437,0.191939
1291,5.379167,,,,,,,,,,,,,,,,0.220132,0.169782,0.184896,0.207635,0.056814,0.180579,0.269390,0.263497,0.220154,0.324543,0.270086,0.280997,0.201873,0.253421,0.191951
1292,5.383333,,,,,,,,,,,,,,,,0.220120,0.169787,0.184898,0.207635,0.056815,0.180578,0.269352,0.263509,0.220168,0.324492,0.270096,0.281024,0.201822,0.253483,0.191916
1293,5.387500,,,,,,,,,,,,,,,,0.220107,0.169792,0.184901,0.207633,0.056817,0.180577,0.269316,0.263518,0.220185,0.324446,0.270104,0.281048,0.201795,0.253480,0.191907
1294,5.391667,,,,,,,,,,,,,,,,0.220101,0.169797,0.184904,0.207635,0.056816,0.180576,0.269280,0.263528,0.220200,0.324399,0.270109,0.281075,0.201772,0.253454,0.191938
1295,5.395833,,,,,,,,,,,,,,,,0.220091,0.169803,0.184908,0.207635,0.056817,0.180575,0.269246,0.263540,0.220218,0.324353,0.270116,0.281102,0.201761,0.253459,0.191958
1296,5.400000,,,,,,,,,,,,,,,,0.220083,0.169806,0.184912,0.207638,0.056814,0.180570,0.269214,0.263547,0.220238,0.324293,0.270112,0.281126,0.201741,0.253461,0.191956
1297,5.404167,,,,,,,,,,,,,,,,0.220074,0.169808,0.184915,0.207638,0.056813,0.180571,0.269183,0.263557,0.220258,0.324243,0.270117,0.281156,0.201721,0.253456,0.191956
1298,5.408333,,,,,,,,,,,,,,,,0.220065,0.169814,0.184918,0.207639,0.056816,0.180569,0.269153,0.263562,0.220278,0.324199,0.270122,0.281192,0.201706,0.253458,0.191958
1299,5.412500,,,,,,,,,,,,,,,,0.220060,0.169816,0.184921,0.207641,0.056814,0.180566,0.269126,0.263566,0.220298,0.324157,0.270125,0.281225,0.201693,0.253460,0.191970
1300,5.416667,,,,,,,,,,,,,,,,0.220055,0.169821,0.184923,0.207641,0.056815,0.180565,0.269099,0.263580,0.220313,0.324115,0.270126,0.281259,0.201682,0.253461,0.191977
1301,5.420833,,,,,,,,,,,,,,,,0.220049,0.169823,0.184931,0.207643,0.056816,0.180563,0.269077,0.263583,0.220339,0.324062,0.270126,0.281306,0.201672,0.253458,0.191975
1302,5.425000,,,,,,,,,,,,,,,,0.220048,0.169824,0.184939,0.207646,0.056814,0.180561,0.269057,0.263585,0.220361,0.324019,0.270130,0.281341,0.201664,0.253458,0.191987
1303,5.429167,,,,,,,,,,,,,,,,0.220047,0.169827,0.184944,0.207648,0.056815,0.180561,0.269039,0.263591,0.220386,0.323981,0.270124,0.281374,0.201651,0.253460,0.191991
1304,5.433333,,,,,,,,,,,,,,,,0.220045,0.169830,0.184948,0.207648,0.056813,0.180556,0.269025,0.263593,0.220409,0.323942,0.270130,0.281429,0.201648,0.253458,0.191993
1305,5.437500,,,,,,,,,,,,,,,,0.220044,0.169826,0.184952,0.207648,0.056812,0.180554,0.269004,0.263593,0.220443,0.323899,0.270149,0.281458,0.201640,0.253458,0.191999
1306,5.441667,,,,,,,,,,,,,,,,0.220045,0.169829,0.184953,0.207649,0.056815,0.180554,0.268991,0.263590,0.220467,0.323868,0.270143,0.281497,0.201639,0.253458,0.192013
1307,5.445833,,,,,,,,,,,,,,,,0.220044,0.169830,0.184956,0.207651,0.056810,0.180555,0.268983,0.263588,0.220489,0.323820,0.270138,0.281558,0.201639,0.253457,0.192010
1308,5.450000,,,,,,,,,,,,,,,,0.220049,0.169828,0.184960,0.207651,0.056812,0.180555,0.268971,0.263586,0.220524,0.323793,0.270134,0.281593,0.201635,0.253455,0.192015
1309,5.454167,,,,,,,,,,,,,,,,0.220050,0.169829,0.184966,0.207652,0.056810,0.180554,0.268968,0.263583,0.220549,0.323771,0.270132,0.281628,0.201639,0.253453,0.192015
1310,5.458333,,,,,,,,,,,,,,,,0.220039,0.169847,0.184992,0.207652,0.056808,0.180554,0.268972,0.263565,0.220569,0.323775,0.270119,0.281659,0.201647,0.253456,0.192014
1311,5.462500,,,,,,,,,,,,,,,,0.220053,0.169833,0.184986,0.207652,0.056809,0.180558,0.268974,0.263558,0.220588,0.323761,0.270111,0.281694,0.201649,0.253452,0.192009
1312,5.466667,,,,,,,,,,,,,,,,0.220058,0.169832,0.184994,0.207653,0.056804,0.180556,0.268973,0.263564,0.220612,0.323740,0.270106,0.281728,0.201656,0.253453,0.192019
1313,5.470833,,,,,,,,,,,,,,,,0.220061,0.169831,0.184996,0.207655,0.056803,0.180556,0.268979,0.263545,0.220628,0.323709,0.270098,0.281780,0.201662,0.253455,0.192022
1314,5.475000,,,,,,,,,,,,,,,,0.220059,0.169839,0.185012,0.207655,0.056802,0.180561,0.268985,0.263539,0.220648,0.323694,0.270089,0.281818,0.201672,0.253457,0.192019
1315,5.479167,,,,,,,,,,,,,,,,0.220075,0.169824,0.185000,0.207655,0.056802,0.180561,0.268992,0.263528,0.220672,0.323682,0.270076,0.281859,0.201681,0.253455,0.192016
1316,5.483333,,,,,,,,,,,,,,,,0.220086,0.169813,0.184998,0.207656,0.056804,0.180559,0.269003,0.263518,0.220690,0.323669,0.270065,0.281899,0.201700,0.253451,0.192030
1317,5.487500,,,,,,,,,,,,,,,,0.220092,0.169816,0.185009,0.207653,0.056804,0.180563,0.269015,0.263505,0.220707,0.323662,0.270051,0.281937,0.201712,0.253452,0.192039
1318,5.491667,,,,,,,,,,,,,,,,0.220093,0.169819,0.185028,0.207653,0.056803,0.180563,0.269037,0.263494,0.220738,0.323658,0.270034,0.281976,0.201720,0.253450,0.192030
1319,5.495833,,,,,,,,,,,,,,,,0.220108,0.169807,0.185019,0.207652,0.056800,0.180564,0.269054,0.263482,0.220756,0.323666,0.269997,0.282022,0.201738,0.253446,0.192028
1320,5.500000,,,,,,,,,,,,,,,,0.220118,0.169803,0.185027,0.207652,0.056803,0.180561,0.269080,0.263466,0.220785,0.323702,0.269976,0.282100,0.201751,0.253450,0.192031
1321,5.504167,,,,,,,,,,,,,,,,0.220117,0.169807,0.185050,0.207651,0.056802,0.180561,0.269101,0.263452,0.220799,0.323681,0.269944,0.282123,0.201766,0.253449,0.192031
1322,5.508333,,,,,,,,,,,,,,,,0.220125,0.169805,0.185055,0.207650,0.056802,0.180564,0.269126,0.263425,0.220813,0.323675,0.269926,0.282160,0.201794,0.253474,0.191996
1323,5.512500,,,,,,,,,,,,,,,,0.220134,0.169798,0.185060,0.207650,0.056805,0.180565,0.269150,0.263411,0.220832,0.323678,0.269901,0.282193,0.201827,0.253413,0.192043
1324,5.516667,,,,,,,,,,,,,,,,0.220144,0.169793,0.185066,0.207649,0.056803,0.180566,0.269175,0.263390,0.220844,0.323689,0.269847,0.282235,0.201859,0.253433,0.192044
1325,5.520833,,,,,,,,,,,,,,,,0.220153,0.169786,0.185069,0.207644,0.056806,0.180570,0.269200,0.263372,0.220858,0.323702,0.269814,0.282264,0.201884,0.253429,0.192043
1326,5.525000,,,,,,,,,,,,,,,,0.220165,0.169785,0.185073,0.207647,0.056805,0.180569,0.269228,0.263348,0.220871,0.323715,0.269783,0.282292,0.201899,0.253433,0.192047
1327,5.529167,,,,,,,,,,,,,,,,0.220176,0.169777,0.185080,0.207646,0.056806,0.180576,0.269262,0.263327,0.220890,0.323731,0.269745,0.282316,0.201919,0.253431,0.192046
1328,5.533333,,,,,,,,,,,,,,,,0.220186,0.169772,0.185086,0.207647,0.056805,0.180575,0.269290,0.263306,0.220900,0.323750,0.269708,0.282337,0.201937,0.253432,0.192049
1329,5.537500,,,,,,,,,,,,,,,,0.220196,0.169764,0.185091,0.207645,0.056808,0.180577,0.269318,0.263286,0.220911,0.323789,0.269642,0.282344,0.201961,0.253427,0.192047
1330,5.541667,,,,,,,,,,,,,,,,0.220224,0.169771,0.185093,0.207643,0.056808,0.180578,0.269347,0.263266,0.220922,0.323820,0.269598,0.282358,0.201977,0.253418,0.192067
1331,5.545833,,,,,,,,,,,,,,,,0.220239,0.169760,0.185091,0.207642,0.056806,0.180580,0.269377,0.263238,0.220938,0.323849,0.269542,0.282394,0.202003,0.253420,0.192075
1332,5.550000,,,,,,,,,,,,,,,,0.220255,0.169748,0.185086,0.207642,0.056807,0.180581,0.269406,0.263219,0.220939,0.323881,0.269492,0.282402,0.202018,0.253388,0.192016
1333,5.554167,,,,,,,,,,,,,,,,0.220247,0.169732,0.185101,0.207642,0.056807,0.180582,0.269436,0.263197,0.220947,0.323915,0.269439,0.282407,0.202033,0.253382,0.192012
1334,5.558333,,,,,,,,,,,,,,,,0.220274,0.169728,0.185082,0.207640,0.056807,0.180587,0.269471,0.263163,0.220946,0.323953,0.269390,0.282407,0.202057,0.253384,0.192023
1335,5.562500,,,,,,,,,,,,,,,,0.220281,0.169731,0.185092,0.207641,0.056808,0.180585,0.269514,0.263130,0.220969,0.323994,0.269341,0.282406,0.202294,0.253369,0.192153
1336,5.566667,,,,,,,,,,,,,,,,0.220283,0.169729,0.185105,0.207641,0.056806,0.180586,0.269568,0.263102,0.220980,0.324047,0.269267,0.282394,0.202339,0.253386,0.192207
1337,5.570833,,,,,,,,,,,,,,,,0.220301,0.169720,0.185097,0.207637,0.056806,0.180592,0.269600,0.263074,0.220981,0.324096,0.269203,0.282383,0.202372,0.253370,0.192197
1338,5.575000,,,,,,,,,,,,,,,,0.220316,0.169708,0.185096,0.207634,0.056805,0.180593,0.269637,0.263048,0.220983,0.324170,0.269123,0.282399,0.202391,0.253373,0.192209
1339,5.579167,,,,,,,,,,,,,,,,0.220322,0.169702,0.185100,0.207634,0.056806,0.180592,0.269670,0.263021,0.220981,0.324219,0.269067,0.282385,0.202409,0.253366,0.192215
1340,5.583333,,,,,,,,,,,,,,,,0.220330,0.169698,0.185104,0.207634,0.056806,0.180596,0.269704,0.262997,0.220979,0.324265,0.269009,0.282373,0.202438,0.253382,0.192200
1341,5.587500,,,,,,,,,,,,,,,,0.220339,0.169691,0.185114,0.207632,0.056808,0.180598,0.269736,0.262974,0.220975,0.324316,0.268950,0.282358,0.202453,0.253381,0.192209
1342,5.591667,,,,,,,,,,,,,,,,0.220349,0.169687,0.185118,0.207634,0.056804,0.180597,0.269767,0.262951,0.220971,0.324387,0.268846,0.282334,0.202474,0.253379,0.192220
1343,5.595833,,,,,,,,,,,,,,,,0.220344,0.169672,0.185132,0.207633,0.056808,0.180599,0.269799,0.262929,0.220967,0.324450,0.268776,0.282295,0.202487,0.253332,0.192269
1344,5.600000,,,,,,,,,,,,,,,,0.220362,0.169681,0.185128,0.207633,0.056808,0.180600,0.269832,0.262907,0.220963,0.324506,0.268716,0.282268,0.202503,0.253329,0.192281
1345,5.604167,,,,,,,,,,,,,,,,0.220370,0.169675,0.185130,0.207634,0.056804,0.180602,0.269865,0.262887,0.220958,0.324580,0.268652,0.282266,0.202521,0.253328,0.192293
1346,5.608333,,,,,,,,,,,,,,,,0.220377,0.169672,0.185132,0.207633,0.056806,0.180605,0.269902,0.262846,0.220958,0.324647,0.268580,0.282228,0.202540,0.253326,0.192310
1347,5.612500,,,,,,,,,,,,,,,,0.220383,0.169672,0.185135,0.207634,0.056807,0.180606,0.269939,0.262808,0.220947,0.324740,0.268493,0.282168,0.202553,0.253322,0.192320
1348,5.616667,,,,,,,,,,,,,,,,0.220392,0.169663,0.185138,0.207635,0.056804,0.180607,0.269981,0.262787,0.220942,0.324813,0.268421,0.282123,0.202564,0.253324,0.192342
1349,5.620833,,,,,,,,,,,,,,,,0.220399,0.169660,0.185144,0.207634,0.056805,0.180606,0.270003,0.262763,0.220928,0.324873,0.268357,0.282089,0.202592,0.253324,0.192366
1350,5.625000,,,,,,,,,,,,,,,,0.220402,0.169655,0.185148,0.207635,0.056802,0.180609,0.270047,0.262747,0.220919,0.324954,0.268270,0.282059,0.202623,0.253324,0.192379
1351,5.629167,,,,,,,,,,,,,,,,0.220401,0.169651,0.185171,0.207636,0.056806,0.180609,0.270068,0.262721,0.220904,0.325034,0.268198,0.281997,0.202614,0.253322,0.192399
1352,5.633333,,,,,,,,,,,,,,,,0.220406,0.169638,0.185169,0.207639,0.056802,0.180608,0.270096,0.262705,0.220893,0.325113,0.268110,0.281940,0.202633,0.253322,0.192411
1353,5.637500,,,,,,,,,,,,,,,,0.220408,0.169637,0.185169,0.207642,0.056801,0.180605,0.270122,0.262686,0.220883,0.325181,0.268053,0.281893,0.202652,0.253323,0.192435
1354,5.641667,,,,,,,,,,,,,,,,0.220437,0.169628,0.185183,0.207642,0.056801,0.180606,0.270150,0.262669,0.220871,0.325248,0.267991,0.281836,0.202662,0.253326,0.192462
1355,5.645833,,,,,,,,,,,,,,,,0.220437,0.169614,0.185194,0.207643,0.056800,0.180603,0.270185,0.262653,0.220868,0.325295,0.267942,0.281787,0.202530,0.253415,0.192843
1356,5.650000,,,,,,,,,,,,,,,,0.220439,0.169610,0.185199,0.207643,0.056799,0.180603,0.270213,0.262637,0.220854,0.325359,0.267892,0.281737,0.202685,0.253331,0.192524
1357,5.654167,,,,,,,,,,,,,,,,0.220444,0.169607,0.185197,0.207644,0.056800,0.180599,0.270239,0.262620,0.220843,0.325459,0.267821,0.281660,0.202698,0.253317,0.192505
1358,5.658333,,,,,,,,,,,,,,,,0.220445,0.169606,0.185199,0.207647,0.056796,0.180598,0.270263,0.262606,0.220830,0.325538,0.267744,0.281579,0.202696,0.253319,0.192519
1359,5.662500,,,,,,,,,,,,,,,,0.220463,0.169614,0.185193,0.207649,0.056800,0.180594,0.270290,0.262582,0.220821,0.325633,0.267687,0.281517,0.202688,0.253324,0.192553
1360,5.666667,,,,,,,,,,,,,,,,0.220469,0.169609,0.185194,0.207650,0.056798,0.180596,0.270325,0.262567,0.220817,0.325703,0.267637,0.281459,0.202696,0.253308,0.192540
1361,5.670833,,,,,,,,,,,,,,,,0.220463,0.169598,0.185198,0.207652,0.056798,0.180590,0.270348,0.262554,0.220799,0.325770,0.267590,0.281405,0.202703,0.253309,0.192557
1362,5.675000,,,,,,,,,,,,,,,,0.220475,0.169607,0.185189,0.207653,0.056797,0.180590,0.270373,0.262535,0.220786,0.325855,0.267520,0.281356,0.202712,0.253304,0.192564
1363,5.679167,,,,,,,,,,,,,,,,0.220486,0.169580,0.185210,0.207655,0.056798,0.180588,0.270398,0.262521,0.220775,0.325929,0.267455,0.281294,0.202718,0.253300,0.192580
1364,5.683333,,,,,,,,,,,,,,,,0.220487,0.169598,0.185191,0.207658,0.056796,0.180585,0.270423,0.262516,0.220758,0.325987,0.267414,0.281241,0.202706,0.253300,0.192619
1365,5.687500,,,,,,,,,,,,,,,,0.220502,0.169589,0.185200,0.207659,0.056796,0.180585,0.270447,0.262496,0.220741,0.326066,0.267369,0.281157,0.202707,0.253296,0.192632
1366,5.691667,,,,,,,,,,,,,,,,0.220510,0.169583,0.185203,0.207658,0.056796,0.180583,0.270469,0.262486,0.220724,0.326135,0.267332,0.281093,0.202726,0.253284,0.192622
1367,5.695833,,,,,,,,,,,,,,,,0.220513,0.169581,0.185205,0.207658,0.056795,0.180580,0.270492,0.262481,0.220694,0.326194,0.267298,0.281035,0.202721,0.253295,0.192659
1368,5.700000,,,,,,,,,,,,,,,,0.220515,0.169581,0.185204,0.207660,0.056794,0.180579,0.270511,0.262473,0.220673,0.326225,0.267275,0.280985,0.202724,0.253289,0.192672
1369,5.704167,,,,,,,,,,,,,,,,0.220516,0.169576,0.185202,0.207662,0.056794,0.180579,0.270530,0.262468,0.220655,0.326272,0.267248,0.280938,0.202723,0.253286,0.192686
1370,5.708333,,,,,,,,,,,,,,,,0.220521,0.169577,0.185199,0.207661,0.056796,0.180577,0.270547,0.262462,0.220635,0.326312,0.267235,0.280854,0.202736,0.253274,0.192666
1371,5.712500,,,,,,,,,,,,,,,,0.220524,0.169576,0.185192,0.207662,0.056796,0.180575,0.270562,0.262456,0.220619,0.326366,0.267191,0.280795,0.202740,0.253277,0.192680
1372,5.716667,,,,,,,,,,,,,,,,0.220527,0.169576,0.185191,0.207663,0.056796,0.180577,0.270579,0.262451,0.220602,0.326416,0.267167,0.280749,0.202731,0.253283,0.192706
1373,5.720833,,,,,,,,,,,,,,,,0.220529,0.169574,0.185189,0.207664,0.056797,0.180571,0.270592,0.262446,0.220582,0.326493,0.267123,0.280668,0.202733,0.253282,0.192713
1374,5.725000,,,,,,,,,,,,,,,,0.220530,0.169575,0.185185,0.207663,0.056798,0.180571,0.270606,0.262441,0.220555,0.326552,0.267094,0.280600,0.202739,0.253272,0.192698
1375,5.729167,,,,,,,,,,,,,,,,0.220532,0.169570,0.185179,0.207663,0.056798,0.180567,0.270620,0.262437,0.220536,0.326607,0.267086,0.280533,0.202742,0.253269,0.192700
1376,5.733333,,,,,,,,,,,,,,,,0.220540,0.169574,0.185164,0.207661,0.056799,0.180569,0.270633,0.262433,0.220517,0.326650,0.267072,0.280484,0.202745,0.253269,0.192709
1377,5.737500,,,,,,,,,,,,,,,,0.220542,0.169575,0.185156,0.207660,0.056799,0.180565,0.270640,0.262429,0.220499,0.326686,0.267059,0.280438,0.202762,0.253279,0.192742
1378,5.741667,,,,,,,,,,,,,,,,0.220545,0.169573,0.185153,0.207661,0.056799,0.180562,0.270650,0.262424,0.220483,0.326725,0.267047,0.280396,0.202755,0.253272,0.192720
1379,5.745833,,,,,,,,,,,,,,,,0.220544,0.169573,0.185148,0.207660,0.056799,0.180564,0.270660,0.262423,0.220460,0.326755,0.267041,0.280354,0.202766,0.253276,0.192741
1380,5.750000,,,,,,,,,,,,,,,,0.220547,0.169572,0.185144,0.207659,0.056800,0.180561,0.270667,0.262420,0.220436,0.326787,0.267036,0.280312,0.202749,0.253277,0.192736
1381,5.754167,,,,,,,,,,,,,,,,0.220549,0.169572,0.185137,0.207659,0.056799,0.180562,0.270679,0.262431,0.220413,0.326813,0.267028,0.280279,0.202751,0.253269,0.192718
1382,5.758333,,,,,,,,,,,,,,,,0.220546,0.169572,0.185132,0.207657,0.056802,0.180566,0.270685,0.262425,0.220386,0.326836,0.267025,0.280248,0.202767,0.253277,0.192738
1383,5.762500,,,,,,,,,,,,,,,,0.220549,0.169571,0.185129,0.207658,0.056801,0.180564,0.270695,0.262408,0.220377,0.326856,0.267018,0.280220,0.202768,0.253269,0.192718
1384,5.766667,,,,,,,,,,,,,,,,0.220549,0.169570,0.185124,0.207658,0.056800,0.180570,0.270700,0.262409,0.220357,0.326872,0.267013,0.280194,0.202762,0.253266,0.192709
1385,5.770833,,,,,,,,,,,,,,,,0.220548,0.169570,0.185114,0.207659,0.056800,0.180569,0.270703,0.262412,0.220338,0.326885,0.267010,0.280168,0.202759,0.253267,0.192707
1386,5.775000,,,,,,,,,,,,,,,,0.220548,0.169571,0.185102,0.207658,0.056799,0.180568,0.270695,0.262413,0.220313,0.326912,0.266990,0.280119,0.202753,0.253278,0.192728
1387,5.779167,,,,,,,,,,,,,,,,0.220549,0.169569,0.185095,0.207656,0.056801,0.180574,0.270697,0.262410,0.220299,0.326932,0.266969,0.280086,0.202762,0.253268,0.192705
1388,5.783333,,,,,,,,,,,,,,,,0.220548,0.169569,0.185089,0.207655,0.056803,0.180573,0.270696,0.262413,0.220285,0.326934,0.266983,0.280075,0.202751,0.253272,0.192710
1389,5.787500,,,,,,,,,,,,,,,,0.220546,0.169570,0.185083,0.207655,0.056801,0.180573,0.270696,0.262415,0.220271,0.326941,0.266962,0.280046,0.202751,0.253275,0.192713
1390,5.791667,,,,,,,,,,,,,,,,0.220553,0.169542,0.185030,0.207654,0.056802,0.180574,0.270687,0.262414,0.220245,0.326945,0.266960,0.280028,0.202747,0.253272,0.192702
1391,5.795833,,,,,,,,,,,,,,,,0.220533,0.169580,0.185036,0.207652,0.056803,0.180577,0.270688,0.262416,0.220236,0.326944,0.266954,0.280014,0.202751,0.253264,0.192670
1392,5.800000,,,,,,,,,,,,,,,,0.220532,0.169582,0.185033,0.207651,0.056802,0.180580,0.270682,0.262419,0.220221,0.326942,0.266954,0.280003,0.202746,0.253267,0.192669
1393,5.804167,,,,,,,,,,,,,,,,0.220530,0.169582,0.185033,0.207651,0.056801,0.180581,0.270677,0.262421,0.220212,0.326936,0.266950,0.279998,0.202751,0.253267,0.192668
1394,5.808333,,,,,,,,,,,,,,,,0.220519,0.169570,0.185007,0.207649,0.056804,0.180582,0.270669,0.262427,0.220201,0.326929,0.266948,0.279988,0.202740,0.253278,0.192682
1395,5.812500,,,,,,,,,,,,,,,,0.220522,0.169586,0.185023,0.207649,0.056802,0.180584,0.270668,0.262432,0.220195,0.326923,0.266950,0.279979,0.202739,0.253269,0.192653
1396,5.816667,,,,,,,,,,,,,,,,0.220524,0.169566,0.184988,0.207650,0.056803,0.180584,0.270660,0.262436,0.220188,0.326913,0.266947,0.279976,0.202734,0.253269,0.192646
1397,5.820833,,,,,,,,,,,,,,,,0.220517,0.169589,0.185012,0.207649,0.056804,0.180587,0.270651,0.262438,0.220185,0.326901,0.266946,0.279977,0.202722,0.253277,0.192662
1398,5.825000,,,,,,,,,,,,,,,,0.220504,0.169584,0.184960,0.207648,0.056803,0.180588,0.270640,0.262453,0.220175,0.326889,0.266948,0.279974,0.202717,0.253277,0.192656
1399,5.829167,,,,,,,,,,,,,,,,0.220492,0.169590,0.184947,0.207646,0.056803,0.180594,0.270629,0.262456,0.220173,0.326877,0.266947,0.279975,0.202720,0.253267,0.192634
1400,5.833333,,,,,,,,,,,,,,,,0.220485,0.169590,0.184946,0.207643,0.056804,0.180595,0.270617,0.262458,0.220172,0.326859,0.266948,0.279979,0.202715,0.253267,0.192629
1401,5.837500,,,,,,,,,,,,,,,,0.220499,0.169575,0.184962,0.207643,0.056803,0.180594,0.270607,0.262462,0.220172,0.326839,0.266966,0.279994,0.202713,0.253268,0.192625
1402,5.841667,,,,,,,,,,,,,,,,0.220486,0.169589,0.184955,0.207643,0.056805,0.180599,0.270593,0.262466,0.220173,0.326823,0.266968,0.279999,0.202704,0.253266,0.192629
1403,5.845833,,,,,,,,,,,,,,,,0.220475,0.169592,0.184948,0.207642,0.056803,0.180601,0.270581,0.262469,0.220178,0.326785,0.266975,0.279985,0.202698,0.253277,0.192618
1404,5.850000,,,,,,,,,,,,,,,,0.220470,0.169615,0.184980,0.207640,0.056805,0.180604,0.270562,0.262473,0.220179,0.326761,0.266979,0.279999,0.202691,0.253278,0.192614
1405,5.854167,,,,,,,,,,,,,,,,0.220474,0.169593,0.184953,0.207642,0.056802,0.180605,0.270547,0.262478,0.220185,0.326739,0.266982,0.280012,0.202681,0.253277,0.192611
1406,5.858333,,,,,,,,,,,,,,,,0.220463,0.169597,0.184948,0.207642,0.056804,0.180607,0.270531,0.262483,0.220194,0.326717,0.266985,0.280027,0.202676,0.253274,0.192615
1407,5.862500,,,,,,,,,,,,,,,,0.220458,0.169620,0.184985,0.207642,0.056804,0.180611,0.270515,0.262486,0.220205,0.326694,0.266989,0.280043,0.202669,0.253277,0.192624
1408,5.866667,,,,,,,,,,,,,,,,0.220461,0.169618,0.184995,0.207643,0.056805,0.180612,0.270498,0.262488,0.220217,0.326671,0.266991,0.280064,0.202660,0.253277,0.192629
1409,5.870833,,,,,,,,,,,,,,,,0.220446,0.169625,0.185010,0.207643,0.056803,0.180613,0.270481,0.262492,0.220231,0.326644,0.266993,0.280083,0.202643,0.253274,0.192629
1410,5.875000,,,,,,,,,,,,,,,,0.220448,0.169622,0.185001,0.207646,0.056801,0.180612,0.270458,0.262499,0.220250,0.326619,0.266997,0.280105,0.202631,0.253272,0.192635
1411,5.879167,,,,,,,,,,,,,,,,0.220435,0.169632,0.185019,0.207643,0.056801,0.180615,0.270439,0.262502,0.220269,0.326592,0.266998,0.280128,0.202626,0.253271,0.192640
1412,5.883333,,,,,,,,,,,,,,,,0.220428,0.169631,0.185028,0.207642,0.056801,0.180616,0.270420,0.262505,0.220285,0.326559,0.267007,0.280172,0.202614,0.253272,0.192652
1413,5.887500,,,,,,,,,,,,,,,,0.220417,0.169629,0.185049,0.207642,0.056803,0.180615,0.270393,0.262507,0.220295,0.326528,0.267008,0.280199,0.202601,0.253268,0.192662
1414,5.891667,,,,,,,,,,,,,,,,0.220414,0.169628,0.185054,0.207645,0.056800,0.180613,0.270377,0.262506,0.220321,0.326501,0.267005,0.280255,0.202580,0.253270,0.192688
1415,5.895833,,,,,,,,,,,,,,,,0.220410,0.169631,0.185057,0.207646,0.056801,0.180615,0.270359,0.262498,0.220351,0.326465,0.267000,0.280279,0.202567,0.253268,0.192699
1416,5.900000,,,,,,,,,,,,,,,,0.220409,0.169636,0.185049,0.207645,0.056804,0.180617,0.270338,0.262497,0.220373,0.326431,0.267002,0.280314,0.202556,0.253268,0.192716
1417,5.904167,,,,,,,,,,,,,,,,0.220402,0.169632,0.185067,0.207646,0.056802,0.180615,0.270316,0.262499,0.220406,0.326368,0.267013,0.280369,0.202545,0.253264,0.192727
1418,5.908333,,,,,,,,,,,,,,,,0.220396,0.169633,0.185080,0.207648,0.056803,0.180613,0.270294,0.262508,0.220432,0.326330,0.267015,0.280407,0.202529,0.253261,0.192739
1419,5.912500,,,,,,,,,,,,,,,,0.220392,0.169637,0.185092,0.207648,0.056802,0.180614,0.270268,0.262520,0.220466,0.326300,0.267017,0.280441,0.202519,0.253262,0.192754
1420,5.916667,,,,,,,,,,,,,,,,0.220379,0.169627,0.185109,0.207647,0.056803,0.180612,0.270241,0.262523,0.220512,0.326270,0.267017,0.280480,0.202508,0.253257,0.192762
1421,5.920833,,,,,,,,,,,,,,,,0.220375,0.169626,0.185118,0.207647,0.056803,0.180611,0.270220,0.262526,0.220542,0.326244,0.266993,0.280529,0.202496,0.253255,0.192778
1422,5.925000,,,,,,,,,,,,,,,,0.220371,0.169629,0.185129,0.207649,0.056803,0.180612,0.270199,0.262525,0.220574,0.326212,0.266992,0.280573,0.202481,0.253252,0.192789
1423,5.929167,,,,,,,,,,,,,,,,0.220367,0.169629,0.185141,0.207648,0.056802,0.180610,0.270177,0.262535,0.220603,0.326180,0.266993,0.280616,0.202478,0.253228,0.192828
1424,5.933333,,,,,,,,,,,,,,,,0.220367,0.169629,0.185151,0.207649,0.056801,0.180608,0.270158,0.262526,0.220645,0.326145,0.266992,0.280664,0.202472,0.253226,0.192847
1425,5.937500,,,,,,,,,,,,,,,,0.220360,0.169629,0.185160,0.207650,0.056801,0.180603,0.270137,0.262532,0.220674,0.326146,0.266983,0.280727,0.202461,0.253224,0.192867
1426,5.941667,,,,,,,,,,,,,,,,0.220358,0.169630,0.185169,0.207651,0.056802,0.180600,0.270118,0.262531,0.220714,0.326111,0.266975,0.280782,0.202452,0.253221,0.192884
1427,5.945833,,,,,,,,,,,,,,,,0.220356,0.169629,0.185184,0.207650,0.056802,0.180601,0.270098,0.262524,0.220754,0.326066,0.266969,0.280840,0.202423,0.253275,0.192868
1428,5.950000,,,,,,,,,,,,,,,,0.220354,0.169628,0.185194,0.207651,0.056801,0.180600,0.270079,0.262523,0.220795,0.326003,0.266959,0.280915,0.202407,0.253274,0.192876
1429,5.954167,,,,,,,,,,,,,,,,0.220352,0.169628,0.185204,0.207652,0.056801,0.180595,0.270060,0.262517,0.220835,0.325965,0.266947,0.280966,0.202404,0.253272,0.192885
1430,5.958333,,,,,,,,,,,,,,,,0.220349,0.169613,0.185260,0.207651,0.056803,0.180594,0.270042,0.262513,0.220878,0.325926,0.266935,0.281025,0.202390,0.253267,0.192897
1431,5.962500,,,,,,,,,,,,,,,,0.220363,0.169598,0.185259,0.207652,0.056801,0.180588,0.270019,0.262498,0.220934,0.325885,0.266919,0.281088,0.202406,0.253264,0.192913
1432,5.966667,,,,,,,,,,,,,,,,0.220363,0.169617,0.185264,0.207653,0.056801,0.180586,0.270002,0.262487,0.220983,0.325845,0.266906,0.281151,0.202394,0.253247,0.192953
1433,5.970833,,,,,,,,,,,,,,,,0.220331,0.169641,0.185273,0.207655,0.056801,0.180582,0.269985,0.262479,0.221026,0.325804,0.266871,0.281235,0.202389,0.253246,0.192963
1434,5.975000,,,,,,,,,,,,,,,,0.220323,0.169646,0.185278,0.207655,0.056801,0.180582,0.269973,0.262471,0.221069,0.325763,0.266846,0.281340,0.202357,0.253221,0.193008
1435,5.979167,,,,,,,,,,,,,,,,0.220326,0.169642,0.185288,0.207654,0.056802,0.180580,0.269952,0.262460,0.221116,0.325714,0.266832,0.281413,0.202381,0.253238,0.192995
1436,5.983333,,,,,,,,,,,,,,,,0.220338,0.169613,0.185323,0.207652,0.056801,0.180579,0.269942,0.262454,0.221161,0.325647,0.266828,0.281480,0.202365,0.253238,0.193007
1437,5.987500,,,,,,,,,,,,,,,,0.220343,0.169610,0.185339,0.207652,0.056802,0.180579,0.269929,0.262443,0.221208,0.325599,0.266815,0.281548,0.202367,0.253201,0.193034
1438,5.991667,,,,,,,,,,,,,,,,0.220342,0.169607,0.185347,0.207654,0.056801,0.180572,0.269916,0.262434,0.221252,0.325556,0.266797,0.281619,0.202353,0.253211,0.193072
1439,5.995833,,,,,,,,,,,,,,,,0.220331,0.169594,0.185375,0.207655,0.056800,0.180571,0.269909,0.262427,0.221317,0.325508,0.266788,0.281706,0.202357,0.253198,0.193068
1440,6.000000,,,,,,,,,,,,,,,,0.220331,0.169595,0.185386,0.207655,0.056800,0.180569,0.269897,0.262416,0.221362,0.325446,0.266755,0.281777,0.202354,0.253200,0.193087
1441,6.004167,,,,,,,,,,,,,,,,0.220323,0.169587,0.185396,0.207654,0.056804,0.180567,0.269888,0.262406,0.221405,0.325375,0.266723,0.281865,0.202355,0.253197,0.193094
1442,6.008333,,,,,,,,,,,,,,,,0.220324,0.169584,0.185405,0.207654,0.056803,0.180568,0.269879,0.262394,0.221447,0.325352,0.266665,0.281948,0.202359,0.253192,0.193105
1443,6.012500,,,,,,,,,,,,,,,,0.220336,0.169585,0.185419,0.207654,0.056801,0.180563,0.269879,0.262382,0.221497,0.325313,0.266635,0.282025,0.202357,0.253191,0.193127
1444,6.016667,,,,,,,,,,,,,,,,0.220325,0.169579,0.185426,0.207655,0.056800,0.180564,0.269869,0.262359,0.221550,0.325269,0.266599,0.282125,0.202366,0.253215,0.193098
1445,6.020833,,,,,,,,,,,,,,,,0.220338,0.169580,0.185437,0.207652,0.056802,0.180564,0.269863,0.262344,0.221596,0.325228,0.266573,0.282197,0.202364,0.253180,0.193154
1446,6.025000,,,,,,,,,,,,,,,,0.220344,0.169577,0.185447,0.207651,0.056804,0.180564,0.269858,0.262327,0.221640,0.325184,0.266561,0.282282,0.202379,0.253206,0.193135
1447,6.029167,,,,,,,,,,,,,,,,0.220345,0.169574,0.185458,0.207652,0.056803,0.180563,0.269852,0.262312,0.221682,0.325137,0.266535,0.282360,0.202378,0.253202,0.193141
1448,6.033333,,,,,,,,,,,,,,,,0.220350,0.169570,0.185467,0.207654,0.056803,0.180560,0.269847,0.262296,0.221727,0.325090,0.266512,0.282437,0.202385,0.253194,0.193148
1449,6.037500,,,,,,,,,,,,,,,,0.220352,0.169567,0.185480,0.207653,0.056804,0.180567,0.269842,0.262280,0.221768,0.325052,0.266471,0.282513,0.202388,0.253197,0.193164
1450,6.041667,,,,,,,,,,,,,,,,0.220354,0.169564,0.185493,0.207654,0.056803,0.180564,0.269839,0.262264,0.221810,0.325009,0.266443,0.282585,0.202392,0.253198,0.193178
1451,6.045833,,,,,,,,,,,,,,,,0.220357,0.169561,0.185505,0.207656,0.056800,0.180565,0.269838,0.262251,0.221852,0.324980,0.266423,0.282686,0.202392,0.253194,0.193185
1452,6.050000,,,,,,,,,,,,,,,,0.220362,0.169556,0.185518,0.207657,0.056800,0.180565,0.269836,0.262235,0.221891,0.324946,0.266386,0.282758,0.202394,0.253193,0.193194
1453,6.054167,,,,,,,,,,,,,,,,0.220365,0.169553,0.185528,0.207654,0.056802,0.180572,0.269835,0.262218,0.221932,0.324922,0.266358,0.282833,0.202398,0.253188,0.193207
1454,6.058333,,,,,,,,,,,,,,,,0.220369,0.169548,0.185539,0.207653,0.056802,0.180572,0.269829,0.262199,0.221981,0.324890,0.266299,0.282940,0.202402,0.253186,0.193211
1455,6.062500,,,,,,,,,,,,,,,,0.220371,0.169546,0.185549,0.207653,0.056800,0.180573,0.269833,0.262173,0.222016,0.324858,0.266276,0.283009,0.202417,0.253127,0.193312
1456,6.066667,,,,,,,,,,,,,,,,0.220379,0.169543,0.185558,0.207653,0.056801,0.180575,0.269836,0.262145,0.222059,0.324836,0.266249,0.283063,0.202433,0.253129,0.193340
1457,6.070833,,,,,,,,,,,,,,,,0.220383,0.169535,0.185568,0.207654,0.056796,0.180576,0.269841,0.262133,0.222100,0.324824,0.266197,0.283123,0.202441,0.253122,0.193349
1458,6.075000,,,,,,,,,,,,,,,,0.220385,0.169531,0.185577,0.207652,0.056799,0.180583,0.269843,0.262117,0.222140,0.324813,0.266169,0.283172,0.202446,0.253118,0.193366
1459,6.079167,,,,,,,,,,,,,,,,0.220392,0.169523,0.185585,0.207655,0.056798,0.180582,0.269857,0.262102,0.222191,0.324802,0.266138,0.283219,0.202454,0.253113,0.193387
1460,6.083333,,,,,,,,,,,,,,,,0.220397,0.169518,0.185599,0.207654,0.056797,0.180588,0.269862,0.262088,0.222230,0.324793,0.266102,0.283264,0.202465,0.253110,0.193400
1461,6.087500,,,,,,,,,,,,,,,,0.220405,0.169512,0.185613,0.207654,0.056797,0.180592,0.269865,0.262074,0.222276,0.324786,0.266071,0.283310,0.202470,0.253106,0.193415
1462,6.091667,,,,,,,,,,,,,,,,0.220412,0.169507,0.185626,0.207654,0.056798,0.180589,0.269881,0.262059,0.222321,0.324761,0.266029,0.283351,0.202479,0.253108,0.193446
1463,6.095833,,,,,,,,,,,,,,,,0.220419,0.169501,0.185644,0.207653,0.056796,0.180593,0.269891,0.262044,0.222352,0.324751,0.265995,0.283400,0.202492,0.253108,0.193474
1464,6.100000,,,,,,,,,,,,,,,,0.220425,0.169496,0.185657,0.207652,0.056796,0.180596,0.269900,0.262026,0.222383,0.324760,0.265936,0.283437,0.202501,0.253102,0.193487
1465,6.104167,,,,,,,,,,,,,,,,0.220432,0.169491,0.185666,0.207652,0.056798,0.180599,0.269907,0.262006,0.222415,0.324755,0.265897,0.283488,0.202511,0.253096,0.193510
1466,6.108333,,,,,,,,,,,,,,,,0.220440,0.169484,0.185681,0.207654,0.056797,0.180594,0.269918,0.261988,0.222445,0.324753,0.265856,0.283532,0.202516,0.253090,0.193527
1467,6.112500,,,,,,,,,,,,,,,,0.220445,0.169482,0.185690,0.207654,0.056797,0.180601,0.269929,0.261971,0.222474,0.324754,0.265817,0.283577,0.202527,0.253089,0.193557
1468,6.116667,,,,,,,,,,,,,,,,0.220452,0.169473,0.185701,0.207654,0.056796,0.180601,0.269939,0.261952,0.222504,0.324760,0.265781,0.283616,0.202530,0.253083,0.193580
1469,6.120833,,,,,,,,,,,,,,,,0.220459,0.169468,0.185713,0.207651,0.056796,0.180604,0.269951,0.261933,0.222534,0.324788,0.265723,0.283670,0.202541,0.253081,0.193606
1470,6.125000,,,,,,,,,,,,,,,,0.220466,0.169459,0.185729,0.207653,0.056794,0.180605,0.269964,0.261913,0.222562,0.324806,0.265687,0.283694,0.202552,0.253053,0.193661
1471,6.129167,,,,,,,,,,,,,,,,0.220472,0.169459,0.185742,0.207650,0.056797,0.180611,0.269979,0.261894,0.222588,0.324823,0.265649,0.283716,0.202572,0.253047,0.193679
1472,6.133333,,,,,,,,,,,,,,,,0.220485,0.169454,0.185756,0.207652,0.056795,0.180609,0.269997,0.261860,0.222623,0.324845,0.265608,0.283738,0.202577,0.253041,0.193701
1473,6.137500,,,,,,,,,,,,,,,,0.220490,0.169445,0.185772,0.207653,0.056794,0.180613,0.270014,0.261840,0.222649,0.324886,0.265559,0.283789,0.202581,0.253031,0.193726
1474,6.141667,,,,,,,,,,,,,,,,0.220500,0.169443,0.185782,0.207652,0.056794,0.180615,0.270036,0.261816,0.222684,0.324933,0.265471,0.283797,0.202588,0.253024,0.193745
1475,6.145833,,,,,,,,,,,,,,,,0.220504,0.169437,0.185797,0.207652,0.056796,0.180614,0.270053,0.261792,0.222710,0.324980,0.265418,0.283814,0.202603,0.253024,0.193779
1476,6.150000,,,,,,,,,,,,,,,,0.220511,0.169431,0.185809,0.207652,0.056797,0.180614,0.270084,0.261763,0.222754,0.325012,0.265370,0.283823,0.202635,0.253010,0.193808
1477,6.154167,,,,,,,,,,,,,,,,0.220515,0.169424,0.185820,0.207651,0.056796,0.180614,0.270105,0.261739,0.222780,0.325047,0.265323,0.283828,0.202657,0.253010,0.193850
1478,6.158333,,,,,,,,,,,,,,,,0.220521,0.169419,0.185834,0.207652,0.056796,0.180616,0.270131,0.261721,0.222813,0.325085,0.265276,0.283833,0.202667,0.253004,0.193876
1479,6.162500,,,,,,,,,,,,,,,,0.220528,0.169412,0.185850,0.207651,0.056796,0.180618,0.270150,0.261703,0.222833,0.325122,0.265231,0.283835,0.202674,0.253004,0.193907
1480,6.166667,,,,,,,,,,,,,,,,0.220533,0.169405,0.185859,0.207654,0.056792,0.180619,0.270175,0.261670,0.222852,0.325159,0.265180,0.283835,0.202687,0.253001,0.193943
1481,6.170833,,,,,,,,,,,,,,,,0.220540,0.169402,0.185867,0.207653,0.056794,0.180617,0.270194,0.261647,0.222873,0.325200,0.265129,0.283833,0.202699,0.252993,0.193969
1482,6.175000,,,,,,,,,,,,,,,,0.220549,0.169397,0.185876,0.207650,0.056794,0.180624,0.270214,0.261625,0.222895,0.325254,0.265047,0.283827,0.202703,0.252994,0.194012
1483,6.179167,,,,,,,,,,,,,,,,0.220553,0.169393,0.185884,0.207653,0.056797,0.180616,0.270234,0.261600,0.222915,0.325278,0.264975,0.283819,0.202713,0.252988,0.194035
1484,6.183333,,,,,,,,,,,,,,,,0.220563,0.169387,0.185893,0.207654,0.056794,0.180618,0.270255,0.261575,0.222934,0.325319,0.264897,0.283822,0.202849,0.252965,0.194134
1485,6.187500,,,,,,,,,,,,,,,,0.220567,0.169381,0.185906,0.207653,0.056794,0.180620,0.270277,0.261551,0.222951,0.325377,0.264832,0.283802,0.202886,0.252972,0.194200
1486,6.191667,,,,,,,,,,,,,,,,0.220574,0.169376,0.185916,0.207652,0.056795,0.180617,0.270298,0.261527,0.222968,0.325434,0.264774,0.283815,0.202889,0.252964,0.194221
1487,6.195833,,,,,,,,,,,,,,,,0.220580,0.169371,0.185929,0.207652,0.056795,0.180619,0.270320,0.261503,0.222984,0.325478,0.264684,0.283786,0.202925,0.252984,0.194197
1488,6.200000,,,,,,,,,,,,,,,,0.220585,0.169368,0.185940,0.207654,0.056795,0.180614,0.270343,0.261477,0.222999,0.325557,0.264568,0.283797,0.202918,0.252989,0.194227
1489,6.204167,,,,,,,,,,,,,,,,0.220589,0.169361,0.185950,0.207653,0.056796,0.180614,0.270367,0.261443,0.223017,0.325585,0.264506,0.283791,0.202992,0.253018,0.194356
1490,6.208333,,,,,,,,,,,,,,,,0.220595,0.169355,0.185959,0.207653,0.056795,0.180612,0.270392,0.261415,0.223032,0.325624,0.264431,0.283774,0.203021,0.253025,0.194413
1491,6.212500,,,,,,,,,,,,,,,,0.220603,0.169351,0.185962,0.207653,0.056795,0.180610,0.270416,0.261387,0.223044,0.325669,0.264363,0.283763,0.203028,0.253017,0.194429
1492,6.216667,,,,,,,,,,,,,,,,0.220604,0.169345,0.185966,0.207651,0.056797,0.180607,0.270439,0.261360,0.223053,0.325713,0.264284,0.283770,0.203027,0.253010,0.194437
1493,6.220833,,,,,,,,,,,,,,,,0.220612,0.169340,0.185971,0.207654,0.056796,0.180600,0.270473,0.261333,0.223077,0.325771,0.264191,0.283743,0.203040,0.253003,0.194458
1494,6.225000,,,,,,,,,,,,,,,,0.220617,0.169338,0.185973,0.207653,0.056797,0.180598,0.270499,0.261305,0.223090,0.325823,0.264124,0.283728,0.203065,0.252939,0.194544
1495,6.229167,,,,,,,,,,,,,,,,0.220622,0.169332,0.185980,0.207655,0.056796,0.180596,0.270533,0.261271,0.223107,0.325863,0.264051,0.283718,0.203081,0.252934,0.194557
1496,6.233333,,,,,,,,,,,,,,,,0.220629,0.169328,0.185985,0.207655,0.056797,0.180596,0.270558,0.261249,0.223114,0.325905,0.263986,0.283707,0.203092,0.252930,0.194572
1497,6.237500,,,,,,,,,,,,,,,,0.220632,0.169322,0.185992,0.207654,0.056796,0.180597,0.270582,0.261227,0.223117,0.325954,0.263907,0.283675,0.203105,0.252928,0.194591
1498,6.241667,,,,,,,,,,,,,,,,0.220637,0.169318,0.185996,0.207655,0.056796,0.180590,0.270604,0.261205,0.223120,0.326006,0.263813,0.283648,0.203111,0.252928,0.194605
1499,6.245833,,,,,,,,,,,,,,,,0.220645,0.169316,0.185999,0.207655,0.056799,0.180588,0.270625,0.261180,0.223123,0.326072,0.263733,0.283629,0.203129,0.252923,0.194615
1500,6.250000,,,,,,,,,,,,,,,,0.220652,0.169312,0.185993,0.207655,0.056797,0.180591,0.270649,0.261157,0.223126,0.326132,0.263630,0.283624,0.203142,0.252921,0.194616
1501,6.254167,,,,,,,,,,,,,,,,0.220655,0.169308,0.185993,0.207657,0.056798,0.180588,0.270673,0.261129,0.223127,0.326169,0.263563,0.283614,0.203156,0.252921,0.194630
1502,6.258333,,,,,,,,,,,,,,,,0.220660,0.169305,0.185989,0.207656,0.056797,0.180588,0.270700,0.261087,0.223136,0.326219,0.263498,0.283628,0.203168,0.252918,0.194638
1503,6.262500,,,,,,,,,,,,,,,,0.220666,0.169298,0.185987,0.207657,0.056797,0.180581,0.270726,0.261062,0.223134,0.326268,0.263412,0.283602,0.203183,0.252916,0.194650
1504,6.266667,,,,,,,,,,,,,,,,0.220670,0.169297,0.185983,0.207658,0.056800,0.180580,0.270750,0.261037,0.223133,0.326301,0.263346,0.283580,0.203208,0.252931,0.194642
1505,6.270833,,,,,,,,,,,,,,,,0.220693,0.169291,0.185970,0.207658,0.056798,0.180583,0.270778,0.261005,0.223132,0.326335,0.263263,0.283578,0.203220,0.252916,0.194665
1506,6.275000,,,,,,,,,,,,,,,,0.220703,0.169283,0.185969,0.207660,0.056799,0.180577,0.270806,0.260980,0.223119,0.326340,0.263187,0.283549,0.203243,0.252931,0.194647
1507,6.279167,,,,,,,,,,,,,,,,0.220707,0.169284,0.185965,0.207661,0.056800,0.180578,0.270834,0.260966,0.223095,0.326370,0.263129,0.283516,0.203246,0.252929,0.194630
1508,6.283333,,,,,,,,,,,,,,,,0.220713,0.169279,0.185962,0.207660,0.056800,0.180578,0.270860,0.260945,0.223086,0.326402,0.263078,0.283500,0.203265,0.252934,0.194638
1509,6.287500,,,,,,,,,,,,,,,,0.220717,0.169275,0.185953,0.207658,0.056799,0.180581,0.270885,0.260925,0.223073,0.326432,0.263016,0.283473,0.203277,0.252929,0.194624
1510,6.291667,,,,,,,,,,,,,,,,0.220722,0.169274,0.185946,0.207659,0.056798,0.180578,0.270915,0.260881,0.223071,0.326469,0.262960,0.283461,0.203290,0.252928,0.194617
1511,6.295833,,,,,,,,,,,,,,,,0.220728,0.169267,0.185940,0.207660,0.056799,0.180581,0.270938,0.260870,0.223049,0.326498,0.262913,0.283448,0.203300,0.252930,0.194614
1512,6.300000,,,,,,,,,,,,,,,,0.220737,0.169265,0.185930,0.207662,0.056798,0.180580,0.270960,0.260841,0.223044,0.326521,0.262870,0.283435,0.203318,0.252926,0.194596
1513,6.304167,,,,,,,,,,,,,,,,0.220742,0.169262,0.185923,0.207663,0.056798,0.180578,0.270979,0.260822,0.223026,0.326543,0.262833,0.283420,0.203333,0.252927,0.194589
1514,6.308333,,,,,,,,,,,,,,,,0.220747,0.169259,0.185914,0.207661,0.056799,0.180582,0.270997,0.260815,0.223002,0.326568,0.262798,0.283402,0.203343,0.252930,0.194585
1515,6.312500,,,,,,,,,,,,,,,,0.220753,0.169257,0.185906,0.207661,0.056798,0.180581,0.271021,0.260802,0.222986,0.326591,0.262765,0.283386,0.203367,0.252957,0.194533
1516,6.316667,,,,,,,,,,,,,,,,0.220756,0.169256,0.185896,0.207662,0.056798,0.180584,0.271040,0.260772,0.222976,0.326615,0.262737,0.283369,0.203368,0.252962,0.194526
1517,6.320833,,,,,,,,,,,,,,,,0.220764,0.169251,0.185887,0.207663,0.056797,0.180588,0.271068,0.260754,0.222966,0.326639,0.262707,0.283348,0.203381,0.252962,0.194515
1518,6.325000,,,,,,,,,,,,,,,,0.220770,0.169248,0.185878,0.207663,0.056796,0.180588,0.271089,0.260744,0.222946,0.326666,0.262667,0.283316,0.203390,0.252963,0.194508
1519,6.329167,,,,,,,,,,,,,,,,0.220776,0.169243,0.185865,0.207662,0.056798,0.180591,0.271106,0.260733,0.222929,0.326692,0.262640,0.283294,0.203403,0.252965,0.194501
1520,6.333333,,,,,,,,,,,,,,,,0.220779,0.169233,0.185849,0.207664,0.056799,0.180590,0.271129,0.260722,0.222900,0.326751,0.262577,0.283260,0.203413,0.252965,0.194483
1521,6.337500,,,,,,,,,,,,,,,,0.220785,0.169240,0.185850,0.207664,0.056797,0.180590,0.271154,0.260715,0.222877,0.326785,0.262552,0.283234,0.203422,0.252967,0.194476
1522,6.341667,,,,,,,,,,,,,,,,0.220790,0.169227,0.185835,0.207663,0.056800,0.180593,0.271164,0.260714,0.222853,0.326807,0.262536,0.283208,0.203456,0.252898,0.194521
1523,6.345833,,,,,,,,,,,,,,,,0.220795,0.169224,0.185821,0.207661,0.056800,0.180599,0.271179,0.260709,0.222833,0.326828,0.262523,0.283180,0.203477,0.252902,0.194524
1524,6.350000,,,,,,,,,,,,,,,,0.220803,0.169220,0.185812,0.207662,0.056795,0.180596,0.271195,0.260703,0.222815,0.326860,0.262511,0.283146,0.203487,0.252903,0.194506
1525,6.354167,,,,,,,,,,,,,,,,0.220807,0.169219,0.185801,0.207660,0.056798,0.180600,0.271208,0.260698,0.222794,0.326889,0.262504,0.283113,0.203496,0.252901,0.194485
1526,6.358333,,,,,,,,,,,,,,,,0.220809,0.169219,0.185792,0.207660,0.056799,0.180602,0.271221,0.260695,0.222774,0.326915,0.262497,0.283082,0.203518,0.252903,0.194481
1527,6.362500,,,,,,,,,,,,,,,,0.220827,0.169223,0.185766,0.207658,0.056798,0.180608,0.271234,0.260692,0.222749,0.326916,0.262499,0.283051,0.203517,0.252900,0.194470
1528,6.366667,,,,,,,,,,,,,,,,0.220832,0.169222,0.185753,0.207658,0.056797,0.180605,0.271248,0.260691,0.222729,0.326944,0.262498,0.283017,0.203514,0.252901,0.194451
1529,6.370833,,,,,,,,,,,,,,,,0.220834,0.169221,0.185748,0.207656,0.056798,0.180608,0.271260,0.260688,0.222708,0.326973,0.262495,0.282985,0.203527,0.252901,0.194434
1530,6.375000,,,,,,,,,,,,,,,,0.220837,0.169219,0.185746,0.207657,0.056801,0.180611,0.271272,0.260688,0.222689,0.326993,0.262494,0.282955,0.203536,0.252899,0.194419
1531,6.379167,,,,,,,,,,,,,,,,0.220842,0.169219,0.185740,0.207656,0.056801,0.180616,0.271281,0.260689,0.222667,0.327013,0.262493,0.282926,0.203540,0.252898,0.194408
1532,6.383333,,,,,,,,,,,,,,,,0.220843,0.169215,0.185733,0.207655,0.056798,0.180617,0.271291,0.260687,0.222647,0.327079,0.262496,0.282905,0.203543,0.252872,0.194340
1533,6.387500,,,,,,,,,,,,,,,,0.220850,0.169205,0.185720,0.207655,0.056799,0.180617,0.271300,0.260685,0.222618,0.327085,0.262492,0.282849,0.203544,0.252894,0.194371
1534,6.391667,,,,,,,,,,,,,,,,0.220849,0.169209,0.185711,0.207655,0.056799,0.180617,0.271308,0.260683,0.222595,0.327095,0.262497,0.282820,0.203558,0.252893,0.194369
1535,6.395833,,,,,,,,,,,,,,,,0.220852,0.169202,0.185699,0.207652,0.056800,0.180623,0.271312,0.260680,0.222573,0.327112,0.262497,0.282791,0.203555,0.252892,0.194271
1536,6.400000,,,,,,,,,,,,,,,,0.220857,0.169197,0.185693,0.207653,0.056799,0.180624,0.271319,0.260681,0.222552,0.327125,0.262497,0.282762,0.203544,0.252886,0.194234
1537,6.404167,,,,,,,,,,,,,,,,0.220860,0.169196,0.185685,0.207652,0.056799,0.180623,0.271325,0.260681,0.222527,0.327136,0.262498,0.282732,0.203543,0.252881,0.194213
1538,6.408333,,,,,,,,,,,,,,,,0.220863,0.169193,0.185678,0.207649,0.056800,0.180624,0.271326,0.260684,0.222500,0.327148,0.262503,0.282704,0.203547,0.252883,0.194210
1539,6.412500,,,,,,,,,,,,,,,,0.220864,0.169194,0.185670,0.207649,0.056798,0.180622,0.271329,0.260686,0.222481,0.327164,0.262492,0.282658,0.203564,0.252913,0.194258
1540,6.416667,,,,,,,,,,,,,,,,0.220862,0.169190,0.185661,0.207648,0.056798,0.180625,0.271330,0.260681,0.222457,0.327172,0.262491,0.282630,0.203567,0.252885,0.194185
1541,6.420833,,,,,,,,,,,,,,,,0.220867,0.169191,0.185657,0.207647,0.056801,0.180625,0.271330,0.260681,0.222437,0.327176,0.262490,0.282604,0.203568,0.252917,0.194225
1542,6.425000,,,,,,,,,,,,,,,,0.220866,0.169189,0.185655,0.207650,0.056798,0.180621,0.271333,0.260684,0.222413,0.327179,0.262487,0.282582,0.203580,0.252918,0.194216
1543,6.429167,,,,,,,,,,,,,,,,0.220865,0.169187,0.185648,0.207649,0.056800,0.180622,0.271334,0.260685,0.222391,0.327181,0.262486,0.282555,0.203585,0.252916,0.194188
1544,6.433333,,,,,,,,,,,,,,,,0.220867,0.169185,0.185638,0.207649,0.056801,0.180620,0.271333,0.260687,0.222372,0.327181,0.262485,0.282530,0.203588,0.252918,0.194179
1545,6.437500,,,,,,,,,,,,,,,,0.220867,0.169183,0.185630,0.207645,0.056801,0.180624,0.271332,0.260686,0.222353,0.327180,0.262481,0.282510,0.203594,0.252915,0.194157
1546,6.441667,,,,,,,,,,,,,,,,0.220869,0.169180,0.185623,0.207646,0.056802,0.180620,0.271329,0.260686,0.222334,0.327175,0.262479,0.282490,0.203595,0.252916,0.194134
1547,6.445833,,,,,,,,,,,,,,,,0.220868,0.169176,0.185614,0.207648,0.056800,0.180619,0.271324,0.260683,0.222314,0.327164,0.262466,0.282443,0.203570,0.252852,0.193971
1548,6.450000,,,,,,,,,,,,,,,,0.220878,0.169166,0.185599,0.207648,0.056800,0.180618,0.271319,0.260695,0.222288,0.327147,0.262463,0.282432,0.203548,0.252844,0.193907
1549,6.454167,,,,,,,,,,,,,,,,0.220878,0.169162,0.185592,0.207648,0.056804,0.180618,0.271316,0.260694,0.222268,0.327136,0.262459,0.282416,0.203553,0.252841,0.193881
1550,6.458333,,,,,,,,,,,,,,,,0.220878,0.169161,0.185584,0.207648,0.056800,0.180614,0.271310,0.260693,0.222247,0.327122,0.262453,0.282398,0.203561,0.252839,0.193851
1551,6.462500,,,,,,,,,,,,,,,,0.220881,0.169157,0.185579,0.207648,0.056801,0.180613,0.271306,0.260690,0.222229,0.327104,0.262447,0.282389,0.203570,0.252837,0.193811
1552,6.466667,,,,,,,,,,,,,,,,0.220883,0.169152,0.185571,0.207648,0.056801,0.180615,0.271292,0.260685,0.222200,0.327085,0.262443,0.282380,0.203565,0.252842,0.193779
1553,6.470833,,,,,,,,,,,,,,,,0.220883,0.169149,0.185561,0.207647,0.056804,0.180612,0.271284,0.260682,0.222178,0.327059,0.262439,0.282374,0.203589,0.252843,0.193747
1554,6.475000,,,,,,,,,,,,,,,,0.220887,0.169140,0.185553,0.207648,0.056801,0.180608,0.271277,0.260679,0.222158,0.327010,0.262463,0.282364,0.203584,0.252839,0.193708
1555,6.479167,,,,,,,,,,,,,,,,0.220889,0.169132,0.185544,0.207650,0.056801,0.180607,0.271268,0.260674,0.222137,0.326972,0.262471,0.282357,0.203589,0.252838,0.193654
1556,6.483333,,,,,,,,,,,,,,,,0.220892,0.169123,0.185537,0.207651,0.056801,0.180605,0.271255,0.260657,0.222102,0.326914,0.262482,0.282364,0.203596,0.252830,0.193591
1557,6.487500,,,,,,,,,,,,,,,,0.220901,0.169109,0.185534,0.207652,0.056803,0.180602,0.271249,0.260652,0.222075,0.326873,0.262483,0.282369,0.203607,0.252822,0.193525
1558,6.491667,,,,,,,,,,,,,,,,0.220906,0.169099,0.185530,0.207654,0.056799,0.180601,0.271244,0.260648,0.222054,0.326833,0.262488,0.282371,0.203616,0.252848,0.193429
1559,6.495833,,,,,,,,,,,,,,,,0.220910,0.169065,0.185482,0.207655,0.056800,0.180596,0.271238,0.260641,0.222030,0.326786,0.262494,0.282383,0.203639,0.252839,0.193338
1560,6.500000,,,,,,,,,,,,,,,,0.220916,0.169058,0.185460,0.207655,0.056798,0.180597,0.271233,0.260634,0.222005,0.326708,0.262490,0.282391,0.203664,0.252838,0.193259
1561,6.504167,,,,,,,,,,,,,,,,0.220928,0.169047,0.185445,0.207656,0.056800,0.180595,0.271233,0.260630,0.221969,0.326640,0.262495,0.282413,0.203701,0.252871,0.193142
1562,6.508333,,,,,,,,,,,,,,,,0.220943,0.169038,0.185425,0.207658,0.056801,0.180592,0.271233,0.260630,0.221938,0.326573,0.262504,0.282438,0.203720,0.252880,0.193077
1563,6.512500,,,,,,,,,,,,,,,,0.220966,0.169030,0.185371,0.207657,0.056797,0.180591,0.271236,0.260632,0.221906,0.326492,0.262509,0.282480,0.203755,0.252818,0.193046
1564,6.516667,,,,,,,,,,,,,,,,0.220984,0.169027,0.185334,0.207659,0.056798,0.180586,0.271239,0.260631,0.221874,0.326404,0.262518,0.282499,0.203787,0.252824,0.192952
1565,6.520833,,,,,,,,,,,,,,,,0.220999,0.169031,0.185309,0.207658,0.056799,0.180586,0.271246,0.260631,0.221841,0.326342,0.262512,0.282546,0.203824,0.252808,0.192828
1566,6.525000,,,,,,,,,,,,,,,,0.221013,0.169022,0.185274,0.207659,0.056799,0.180585,0.271260,0.260635,0.221805,0.326263,0.262533,0.282597,0.203838,0.252858,0.192744
1567,6.529167,,,,,,,,,,,,,,,,0.221028,0.169015,0.185234,0.207661,0.056799,0.180582,0.271271,0.260627,0.221767,0.326160,0.262552,0.282706,0.204070,0.252799,0.192680
1568,6.533333,,,,,,,,,,,,,,,,0.221044,0.169010,0.185195,0.207661,0.056798,0.180582,0.271291,0.260630,0.221715,0.326054,0.262589,0.282784,0.204148,0.252808,0.192615
1569,6.537500,,,,,,,,,,,,,,,,0.221062,0.169000,0.185155,0.207659,0.056800,0.180582,0.271311,0.260632,0.221672,0.325943,0.262635,0.282869,0.204135,0.252769,0.192413
1570,6.541667,,,,,,,,,,,,,,,,0.221076,0.168994,0.185116,0.207663,0.056797,0.180576,0.271332,0.260634,0.221625,0.325814,0.262723,0.282892,0.204128,0.252770,0.192309
1571,6.545833,,,,,,,,,,,,,,,,0.221089,0.168988,0.185083,0.207662,0.056798,0.180575,0.271357,0.260635,0.221580,0.325715,0.262787,0.282962,0.204184,0.252768,0.192214
1572,6.550000,,,,,,,,,,,,,,,,0.221104,0.168979,0.185052,0.207661,0.056795,0.180577,0.271395,0.260614,0.221538,0.325613,0.262868,0.283036,0.204224,0.252805,0.192106
1573,6.554167,,,,,,,,,,,,,,,,0.221119,0.168973,0.185011,0.207661,0.056796,0.180575,0.271423,0.260609,0.221483,0.325525,0.262960,0.283169,0.204263,0.252838,0.191960
1574,6.558333,,,,,,,,,,,,,,,,0.221142,0.168965,0.184967,0.207661,0.056796,0.180573,0.271449,0.260605,0.221433,0.325426,0.263052,0.283206,0.204321,0.252762,0.191900
1575,6.562500,,,,,,,,,,,,,,,,0.221158,0.168943,0.184891,0.207661,0.056795,0.180575,0.271470,0.260613,0.221365,0.325334,0.263151,0.283293,0.204368,0.252763,0.191805
1576,6.566667,,,,,,,,,,,,,,,,0.221168,0.168936,0.184849,0.207663,0.056793,0.180571,0.271496,0.260600,0.221316,0.325253,0.263269,0.283359,0.204427,0.252775,0.191753
1577,6.570833,,,,,,,,,,,,,,,,0.221179,0.168928,0.184815,0.207661,0.056794,0.180574,0.271525,0.260585,0.221257,0.325195,0.263373,0.283400,0.204445,0.252779,0.191657
1578,6.575000,,,,,,,,,,,,,,,,0.221193,0.168920,0.184787,0.207661,0.056793,0.180573,0.271558,0.260574,0.221206,0.325139,0.263471,0.283460,0.204352,0.252913,0.191915
1579,6.579167,,,,,,,,,,,,,,,,0.221221,0.168922,0.184728,0.207663,0.056793,0.180569,0.271590,0.260566,0.221153,0.325093,0.263582,0.283499,0.204406,0.252984,0.192017
1580,6.583333,,,,,,,,,,,,,,,,0.221230,0.168921,0.184696,0.207664,0.056794,0.180570,0.271612,0.260551,0.221100,0.325050,0.263701,0.283513,0.204606,0.252832,0.191422
1581,6.587500,,,,,,,,,,,,,,,,0.221240,0.168900,0.184678,0.207662,0.056794,0.180571,0.271637,0.260537,0.221061,0.325012,0.263806,0.283510,0.204636,0.252787,0.191216
1582,6.591667,,,,,,,,,,,,,,,,0.221255,0.168884,0.184672,0.207661,0.056793,0.180570,0.271670,0.260523,0.221018,0.324982,0.263884,0.283505,0.204657,0.252802,0.191095
1583,6.595833,,,,,,,,,,,,,,,,0.221264,0.168876,0.184666,0.207660,0.056791,0.180572,0.271708,0.260532,0.220956,0.324978,0.263957,0.283491,0.204701,0.252757,0.191074
1584,6.600000,,,,,,,,,,,,,,,,0.221277,0.168862,0.184649,0.207659,0.056793,0.180573,0.271740,0.260536,0.220903,0.324981,0.264023,0.283468,0.204740,0.252790,0.190990
1585,6.604167,,,,,,,,,,,,,,,,0.221296,0.168848,0.184622,0.207659,0.056793,0.180572,0.271760,0.260534,0.220848,0.324989,0.264136,0.283433,0.204802,0.252792,0.190906
1586,6.608333,,,,,,,,,,,,,,,,0.221312,0.168843,0.184593,0.207657,0.056793,0.180574,0.271788,0.260528,0.220803,0.324991,0.264183,0.283402,0.204845,0.252793,0.190825
1587,6.612500,,,,,,,,,,,,,,,,0.221339,0.168825,0.184555,0.207657,0.056794,0.180573,0.271813,0.260535,0.220750,0.324987,0.264226,0.283359,0.204875,0.252797,0.190764
1588,6.616667,,,,,,,,,,,,,,,,0.221357,0.168812,0.184532,0.207657,0.056792,0.180575,0.271828,0.260552,0.220677,0.324999,0.264250,0.283312,0.204883,0.252791,0.190687
1589,6.620833,,,,,,,,,,,,,,,,0.221373,0.168805,0.184507,0.207656,0.056794,0.180578,0.271860,0.260559,0.220615,0.325015,0.264263,0.283260,0.204909,0.252792,0.190623
1590,6.625000,,,,,,,,,,,,,,,,0.221394,0.168805,0.184476,0.207656,0.056794,0.180577,0.271894,0.260567,0.220560,0.325045,0.264268,0.283200,0.204948,0.252789,0.190555
1591,6.629167,,,,,,,,,,,,,,,,0.221421,0.168799,0.184465,0.207654,0.056796,0.180581,0.271921,0.260571,0.220500,0.325086,0.264252,0.283137,0.204972,0.252791,0.190517
1592,6.633333,,,,,,,,,,,,,,,,0.221440,0.168792,0.184460,0.207652,0.056794,0.180584,0.271949,0.260579,0.220432,0.325114,0.264238,0.283076,0.205003,0.252808,0.190429
1593,6.637500,,,,,,,,,,,,,,,,0.221456,0.168783,0.184448,0.207650,0.056796,0.180586,0.271989,0.260580,0.220384,0.325141,0.264221,0.283017,0.205040,0.252848,0.190347
1594,6.641667,,,,,,,,,,,,,,,,0.221336,0.168711,0.184620,0.207649,0.056797,0.180588,0.272031,0.260575,0.220309,0.325201,0.264166,0.282924,0.205062,0.252849,0.190326
1595,6.645833,,,,,,,,,,,,,,,,0.221342,0.168682,0.184600,0.207651,0.056795,0.180590,0.272067,0.260578,0.220244,0.325230,0.264151,0.282838,0.205070,0.252854,0.190310
1596,6.650000,,,,,,,,,,,,,,,,0.221361,0.168691,0.184571,0.207651,0.056796,0.180590,0.272096,0.260580,0.220181,0.325285,0.264125,0.282755,0.205079,0.252853,0.190292
1597,6.654167,,,,,,,,,,,,,,,,0.221367,0.168693,0.184559,0.207651,0.056795,0.180595,0.272121,0.260596,0.220106,0.325351,0.264134,0.282638,0.205067,0.252855,0.190255
1598,6.658333,,,,,,,,,,,,,,,,0.221371,0.168691,0.184550,0.207649,0.056796,0.180595,0.272157,0.260579,0.220050,0.325391,0.264128,0.282559,0.205071,0.252856,0.190238
1599,6.662500,,,,,,,,,,,,,,,,0.221372,0.168683,0.184540,0.207648,0.056797,0.180598,0.272192,0.260572,0.219990,0.325459,0.264127,0.282468,0.205105,0.252783,0.190288
1600,6.666667,,,,,,,,,,,,,,,,0.221371,0.168687,0.184529,0.207648,0.056797,0.180596,0.272227,0.260560,0.219925,0.325543,0.264114,0.282376,0.205121,0.252787,0.190297
1601,6.670833,,,,,,,,,,,,,,,,0.221364,0.168689,0.184528,0.207646,0.056797,0.180601,0.272262,0.260542,0.219866,0.325699,0.264089,0.282253,0.205130,0.252795,0.190302
1602,6.675000,,,,,,,,,,,,,,,,0.221357,0.168689,0.184530,0.207645,0.056799,0.180601,0.272299,0.260524,0.219796,0.325829,0.264039,0.282146,0.205132,0.252795,0.190302
1603,6.679167,,,,,,,,,,,,,,,,0.221337,0.168691,0.184522,0.207647,0.056798,0.180600,0.272335,0.260508,0.219738,0.325917,0.264016,0.282007,0.205131,0.252799,0.190314
1604,6.683333,,,,,,,,,,,,,,,,0.221325,0.168693,0.184515,0.207644,0.056800,0.180604,0.272365,0.260491,0.219682,0.326018,0.263981,0.281883,0.205129,0.252799,0.190326
1605,6.687500,,,,,,,,,,,,,,,,0.221301,0.168681,0.184524,0.207644,0.056800,0.180603,0.272395,0.260471,0.219632,0.326156,0.263942,0.281738,0.205127,0.252800,0.190341
1606,6.691667,,,,,,,,,,,,,,,,0.221290,0.168687,0.184515,0.207642,0.056799,0.180603,0.272428,0.260451,0.219575,0.326290,0.263902,0.281598,0.205121,0.252801,0.190358
1607,6.695833,,,,,,,,,,,,,,,,0.221286,0.168703,0.184503,0.207643,0.056798,0.180600,0.272458,0.260433,0.219525,0.326438,0.263859,0.281441,0.205117,0.252800,0.190377
1608,6.700000,,,,,,,,,,,,,,,,0.221271,0.168709,0.184507,0.207642,0.056798,0.180600,0.272490,0.260410,0.219475,0.326570,0.263842,0.281291,0.205116,0.252789,0.190406
1609,6.704167,,,,,,,,,,,,,,,,0.221260,0.168710,0.184515,0.207644,0.056796,0.180599,0.272529,0.260386,0.219428,0.326744,0.263770,0.281104,0.205091,0.252860,0.190367
1610,6.708333,,,,,,,,,,,,,,,,0.221237,0.168709,0.184540,0.207644,0.056799,0.180601,0.272557,0.260369,0.219379,0.326888,0.263724,0.280957,0.205090,0.252858,0.190394
1611,6.712500,,,,,,,,,,,,,,,,0.221221,0.168714,0.184550,0.207647,0.056799,0.180598,0.272584,0.260342,0.219324,0.327018,0.263651,0.280814,0.205069,0.252863,0.190438
1612,6.716667,,,,,,,,,,,,,,,,0.221207,0.168719,0.184560,0.207646,0.056799,0.180600,0.272623,0.260316,0.219292,0.327221,0.263521,0.280630,0.205039,0.252824,0.190541
1613,6.720833,,,,,,,,,,,,,,,,0.221186,0.168730,0.184577,0.207647,0.056803,0.180598,0.272645,0.260300,0.219246,0.327376,0.263425,0.280470,0.205023,0.252802,0.190612
1614,6.725000,,,,,,,,,,,,,,,,0.221182,0.168728,0.184575,0.207647,0.056803,0.180597,0.272664,0.260283,0.219200,0.327501,0.263336,0.280321,0.205010,0.252797,0.190652
1615,6.729167,,,,,,,,,,,,,,,,0.221160,0.168744,0.184599,0.207648,0.056799,0.180596,0.272676,0.260279,0.219144,0.327659,0.263204,0.280131,0.204995,0.252799,0.190708
1616,6.733333,,,,,,,,,,,,,,,,0.221281,0.168834,0.184415,0.207646,0.056801,0.180599,0.272691,0.260268,0.219102,0.327810,0.263103,0.279964,0.205000,0.252801,0.190778
1617,6.737500,,,,,,,,,,,,,,,,0.221280,0.168846,0.184414,0.207648,0.056800,0.180597,0.272704,0.260260,0.219062,0.327938,0.262997,0.279820,0.204990,0.252799,0.190837
1618,6.741667,,,,,,,,,,,,,,,,0.221272,0.168845,0.184432,0.207650,0.056799,0.180597,0.272718,0.260248,0.219028,0.328081,0.262849,0.279641,0.204972,0.252788,0.190879
1619,6.745833,,,,,,,,,,,,,,,,0.221265,0.168847,0.184449,0.207650,0.056798,0.180598,0.272731,0.260238,0.218994,0.328232,0.262725,0.279473,0.204954,0.252782,0.190922
1620,6.750000,,,,,,,,,,,,,,,,0.221251,0.168841,0.184482,0.207651,0.056800,0.180592,0.272743,0.260229,0.218961,0.328394,0.262569,0.279317,0.204905,0.252782,0.190975
1621,6.754167,,,,,,,,,,,,,,,,0.221247,0.168843,0.184498,0.207651,0.056800,0.180594,0.272755,0.260221,0.218929,0.328522,0.262451,0.279111,0.204883,0.252772,0.191021
1622,6.758333,,,,,,,,,,,,,,,,0.221240,0.168849,0.184513,0.207653,0.056799,0.180592,0.272766,0.260214,0.218903,0.328625,0.262343,0.278955,0.204862,0.252742,0.191100
1623,6.762500,,,,,,,,,,,,,,,,0.221223,0.168863,0.184542,0.207655,0.056798,0.180593,0.272776,0.260206,0.218879,0.328751,0.262213,0.278778,0.204867,0.252745,0.191163
1624,6.766667,,,,,,,,,,,,,,,,0.221217,0.168863,0.184558,0.207655,0.056798,0.180593,0.272788,0.260196,0.218855,0.328860,0.262108,0.278625,0.204863,0.252745,0.191230
1625,6.770833,,,,,,,,,,,,,,,,0.221212,0.168867,0.184572,0.207658,0.056798,0.180590,0.272800,0.260179,0.218838,0.328970,0.262004,0.278501,0.204844,0.252743,0.191280
1626,6.775000,,,,,,,,,,,,,,,,0.221206,0.168870,0.184581,0.207659,0.056799,0.180593,0.272813,0.260170,0.218820,0.329114,0.261872,0.278340,0.204825,0.252741,0.191334
1627,6.779167,,,,,,,,,,,,,,,,0.221202,0.168872,0.184592,0.207660,0.056800,0.180590,0.272831,0.260156,0.218793,0.329231,0.261779,0.278224,0.204816,0.252741,0.191374
1628,6.783333,,,,,,,,,,,,,,,,0.221194,0.168874,0.184605,0.207660,0.056801,0.180587,0.272844,0.260144,0.218774,0.329345,0.261696,0.278095,0.204791,0.252752,0.191451
1629,6.787500,,,,,,,,,,,,,,,,0.221193,0.168871,0.184623,0.207658,0.056801,0.180586,0.272857,0.260130,0.218763,0.329476,0.261595,0.277982,0.204665,0.252839,0.191850
1630,6.791667,,,,,,,,,,,,,,,,0.221189,0.168870,0.184638,0.207657,0.056800,0.180584,0.272872,0.260115,0.218753,0.329553,0.261522,0.277885,0.204679,0.252896,0.192067
1631,6.795833,,,,,,,,,,,,,,,,0.221184,0.168872,0.184649,0.207657,0.056801,0.180585,0.272887,0.260094,0.218746,0.329647,0.261481,0.277807,0.204824,0.252757,0.191632
1632,6.800000,,,,,,,,,,,,,,,,0.221182,0.168874,0.184661,0.207660,0.056799,0.180582,0.272901,0.260078,0.218738,0.329725,0.261435,0.277742,0.204761,0.252733,0.191606
1633,6.804167,,,,,,,,,,,,,,,,0.221180,0.168877,0.184675,0.207661,0.056798,0.180581,0.272915,0.260061,0.218733,0.329795,0.261397,0.277686,0.204627,0.252801,0.191985
1634,6.808333,,,,,,,,,,,,,,,,0.221178,0.168873,0.184679,0.207661,0.056797,0.180579,0.272934,0.260035,0.218729,0.329878,0.261358,0.277616,0.204772,0.252712,0.191708
1635,6.812500,,,,,,,,,,,,,,,,0.221168,0.168864,0.184694,0.207662,0.056803,0.180576,0.272950,0.260017,0.218729,0.329942,0.261331,0.277574,0.204781,0.252683,0.191747
1636,6.816667,,,,,,,,,,,,,,,,0.221164,0.168868,0.184710,0.207662,0.056798,0.180576,0.272965,0.259998,0.218733,0.330021,0.261301,0.277540,0.204776,0.252685,0.191786
1637,6.820833,,,,,,,,,,,,,,,,0.221180,0.168881,0.184672,0.207661,0.056799,0.180577,0.272980,0.259979,0.218740,0.330083,0.261268,0.277505,0.204776,0.252685,0.191818
1638,6.825000,,,,,,,,,,,,,,,,0.221164,0.168871,0.184693,0.207661,0.056799,0.180576,0.272989,0.259957,0.218748,0.330123,0.261249,0.277499,0.204780,0.252679,0.191843
1639,6.829167,,,,,,,,,,,,,,,,0.221166,0.168867,0.184712,0.207661,0.056800,0.180576,0.273012,0.259942,0.218750,0.330156,0.261236,0.277502,0.204783,0.252680,0.191869
1640,6.833333,,,,,,,,,,,,,,,,0.221169,0.168864,0.184722,0.207661,0.056799,0.180576,0.273039,0.259927,0.218760,0.330181,0.261224,0.277515,0.204791,0.252675,0.191890
1641,6.837500,,,,,,,,,,,,,,,,0.221173,0.168861,0.184729,0.207661,0.056799,0.180580,0.273063,0.259908,0.218765,0.330209,0.261216,0.277551,0.204800,0.252679,0.191914
1642,6.841667,,,,,,,,,,,,,,,,0.221177,0.168859,0.184737,0.207658,0.056798,0.180581,0.273079,0.259890,0.218781,0.330221,0.261204,0.277582,0.204843,0.252741,0.192078
1643,6.845833,,,,,,,,,,,,,,,,0.221185,0.168856,0.184744,0.207658,0.056800,0.180576,0.273095,0.259873,0.218815,0.330236,0.261192,0.277647,0.204859,0.252682,0.191988
1644,6.850000,,,,,,,,,,,,,,,,0.221184,0.168842,0.184772,0.207660,0.056799,0.180582,0.273108,0.259861,0.218834,0.330229,0.261195,0.277708,0.204845,0.252670,0.191966
1645,6.854167,,,,,,,,,,,,,,,,0.221197,0.168835,0.184784,0.207662,0.056799,0.180582,0.273124,0.259846,0.218858,0.330222,0.261188,0.277750,0.204849,0.252664,0.191974
1646,6.858333,,,,,,,,,,,,,,,,0.221202,0.168830,0.184792,0.207660,0.056800,0.180584,0.273138,0.259824,0.218889,0.330207,0.261173,0.277795,0.204843,0.252659,0.191965
1647,6.862500,,,,,,,,,,,,,,,,0.221212,0.168825,0.184796,0.207659,0.056801,0.180584,0.273150,0.259808,0.218920,0.330166,0.261128,0.277860,0.204855,0.252654,0.191960
1648,6.866667,,,,,,,,,,,,,,,,0.221221,0.168813,0.184808,0.207658,0.056800,0.180586,0.273163,0.259792,0.218956,0.330136,0.261119,0.277935,0.204873,0.252655,0.191971
1649,6.870833,,,,,,,,,,,,,,,,0.221236,0.168817,0.184796,0.207657,0.056798,0.180586,0.273172,0.259777,0.218989,0.330071,0.261118,0.278029,0.204895,0.252655,0.191963
1650,6.875000,,,,,,,,,,,,,,,,0.221236,0.168809,0.184811,0.207657,0.056798,0.180589,0.273183,0.259762,0.219030,0.330029,0.261111,0.278107,0.204916,0.252656,0.191963
1651,6.879167,,,,,,,,,,,,,,,,0.221242,0.168801,0.184823,0.207657,0.056797,0.180588,0.273189,0.259743,0.219069,0.329991,0.261101,0.278193,0.204957,0.252642,0.191960
1652,6.883333,,,,,,,,,,,,,,,,0.221268,0.168796,0.184836,0.207654,0.056799,0.180593,0.273196,0.259737,0.219148,0.329947,0.261084,0.278307,0.204981,0.252641,0.191974
1653,6.887500,,,,,,,,,,,,,,,,0.221291,0.168796,0.184831,0.207655,0.056798,0.180589,0.273199,0.259723,0.219196,0.329892,0.261094,0.278416,0.205006,0.252646,0.191966
1654,6.891667,,,,,,,,,,,,,,,,0.221306,0.168784,0.184841,0.207653,0.056798,0.180592,0.273204,0.259704,0.219237,0.329832,0.261084,0.278508,0.205019,0.252641,0.191962
1655,6.895833,,,,,,,,,,,,,,,,0.221334,0.168791,0.184838,0.207652,0.056798,0.180592,0.273208,0.259689,0.219280,0.329783,0.261074,0.278628,0.205039,0.252642,0.191949
1656,6.900000,,,,,,,,,,,,,,,,0.221346,0.168787,0.184844,0.207651,0.056799,0.180590,0.273210,0.259674,0.219326,0.329732,0.261083,0.278757,0.205058,0.252668,0.191899
1657,6.904167,,,,,,,,,,,,,,,,0.221359,0.168780,0.184855,0.207649,0.056798,0.180595,0.273213,0.259656,0.219376,0.329670,0.261083,0.278865,0.205078,0.252669,0.191893
1658,6.908333,,,,,,,,,,,,,,,,0.221368,0.168776,0.184861,0.207649,0.056797,0.180594,0.273212,0.259638,0.219423,0.329585,0.261061,0.278981,0.205236,0.252685,0.191901
1659,6.912500,,,,,,,,,,,,,,,,0.221387,0.168780,0.184846,0.207648,0.056800,0.180598,0.273211,0.259622,0.219473,0.329502,0.261052,0.279130,0.205286,0.252689,0.191923
1660,6.916667,,,,,,,,,,,,,,,,0.221385,0.168768,0.184872,0.207647,0.056799,0.180595,0.273208,0.259604,0.219525,0.329411,0.261043,0.279270,0.205296,0.252683,0.191907
1661,6.920833,,,,,,,,,,,,,,,,0.221401,0.168772,0.184859,0.207647,0.056798,0.180598,0.273202,0.259586,0.219578,0.329331,0.261008,0.279434,0.205301,0.252682,0.191886
1662,6.925000,,,,,,,,,,,,,,,,0.221394,0.168762,0.184881,0.207647,0.056799,0.180598,0.273196,0.259565,0.219635,0.329254,0.261003,0.279551,0.205318,0.252683,0.191885
1663,6.929167,,,,,,,,,,,,,,,,0.221414,0.168760,0.184873,0.207648,0.056800,0.180599,0.273191,0.259537,0.219689,0.329160,0.260977,0.279696,0.205333,0.252679,0.191870
1664,6.933333,,,,,,,,,,,,,,,,0.221418,0.168761,0.184877,0.207647,0.056797,0.180602,0.273180,0.259518,0.219740,0.329063,0.260975,0.279845,0.205356,0.252615,0.191919
1665,6.937500,,,,,,,,,,,,,,,,0.221420,0.168761,0.184886,0.207648,0.056799,0.180601,0.273171,0.259499,0.219802,0.328977,0.260988,0.279979,0.205375,0.252618,0.191915
1666,6.941667,,,,,,,,,,,,,,,,0.221423,0.168757,0.184896,0.207647,0.056797,0.180604,0.273159,0.259481,0.219860,0.328862,0.260962,0.280109,0.205390,0.252617,0.191913
1667,6.945833,,,,,,,,,,,,,,,,0.221425,0.168753,0.184907,0.207646,0.056796,0.180602,0.273146,0.259464,0.219918,0.328725,0.260960,0.280266,0.205396,0.252619,0.191908
1668,6.950000,,,,,,,,,,,,,,,,0.221428,0.168749,0.184914,0.207646,0.056798,0.180605,0.273146,0.259451,0.220001,0.328630,0.260951,0.280426,0.205396,0.252623,0.191901
1669,6.954167,,,,,,,,,,,,,,,,0.221427,0.168745,0.184923,0.207648,0.056797,0.180604,0.273121,0.259436,0.220079,0.328552,0.260938,0.280576,0.205406,0.252618,0.191901
1670,6.958333,,,,,,,,,,,,,,,,0.221413,0.168740,0.184955,0.207649,0.056795,0.180606,0.273102,0.259422,0.220139,0.328457,0.260918,0.280707,0.205410,0.252619,0.191902
1671,6.962500,,,,,,,,,,,,,,,,0.221399,0.168726,0.184978,0.207650,0.056794,0.180604,0.273085,0.259408,0.220191,0.328364,0.260914,0.280866,0.205436,0.252620,0.191915
1672,6.966667,,,,,,,,,,,,,,,,0.221409,0.168735,0.184982,0.207647,0.056795,0.180607,0.273066,0.259390,0.220248,0.328247,0.260901,0.280981,0.205414,0.252622,0.191920
1673,6.970833,,,,,,,,,,,,,,,,0.221394,0.168724,0.184998,0.207646,0.056798,0.180606,0.273045,0.259376,0.220305,0.328153,0.260905,0.281148,0.205409,0.252618,0.191919
1674,6.975000,,,,,,,,,,,,,,,,0.221383,0.168727,0.185010,0.207648,0.056794,0.180601,0.273017,0.259369,0.220360,0.328036,0.260896,0.281284,0.205410,0.252617,0.191925
1675,6.979167,,,,,,,,,,,,,,,,0.221386,0.168727,0.185023,0.207648,0.056796,0.180606,0.272992,0.259352,0.220422,0.327937,0.260839,0.281471,0.205407,0.252616,0.191931
1676,6.983333,,,,,,,,,,,,,,,,0.221383,0.168724,0.185043,0.207650,0.056796,0.180601,0.272965,0.259341,0.220478,0.327864,0.260828,0.281566,0.205400,0.252621,0.191939
1677,6.987500,,,,,,,,,,,,,,,,0.221377,0.168725,0.185060,0.207650,0.056796,0.180600,0.272938,0.259335,0.220534,0.327781,0.260817,0.281665,0.205388,0.252617,0.191949
1678,6.991667,,,,,,,,,,,,,,,,0.221373,0.168723,0.185072,0.207651,0.056798,0.180600,0.272910,0.259327,0.220589,0.327689,0.260807,0.281772,0.205383,0.252618,0.191971
1679,6.995833,,,,,,,,,,,,,,,,0.221368,0.168725,0.185087,0.207652,0.056797,0.180600,0.272884,0.259322,0.220654,0.327612,0.260805,0.281869,0.205370,0.252617,0.191986
1680,7.000000,,,,,,,,,,,,,,,,0.221361,0.168725,0.185100,0.207653,0.056795,0.180598,0.272851,0.259319,0.220714,0.327539,0.260760,0.281958,0.205360,0.252669,0.191914
1681,7.004167,,,,,,,,,,,,,,,,0.221353,0.168727,0.185119,0.207655,0.056796,0.180594,0.272820,0.259314,0.220802,0.327463,0.260752,0.282061,0.205341,0.252663,0.191924
1682,7.008333,,,,,,,,,,,,,,,,0.221347,0.168727,0.185135,0.207658,0.056795,0.180595,0.272786,0.259300,0.220867,0.327392,0.260731,0.282137,0.205327,0.252662,0.191947
1683,7.012500,,,,,,,,,,,,,,,,0.221339,0.168733,0.185150,0.207659,0.056794,0.180596,0.272738,0.259311,0.220909,0.327313,0.260708,0.282258,0.205314,0.252662,0.191959
1684,7.016667,,,,,,,,,,,,,,,,0.221333,0.168731,0.185166,0.207659,0.056793,0.180596,0.272702,0.259308,0.220965,0.327235,0.260710,0.282326,0.205281,0.252678,0.192012
1685,7.020833,,,,,,,,,,,,,,,,0.221327,0.168749,0.185223,0.207658,0.056793,0.180592,0.272668,0.259312,0.221017,0.327182,0.260701,0.282384,0.205251,0.252635,0.192099
1686,7.025000,,,,,,,,,,,,,,,,0.221320,0.168748,0.185244,0.207659,0.056792,0.180591,0.272629,0.259319,0.221064,0.327138,0.260693,0.282441,0.205238,0.252636,0.192132
1687,7.029167,,,,,,,,,,,,,,,,0.221310,0.168749,0.185261,0.207660,0.056794,0.180590,0.272592,0.259324,0.221116,0.327095,0.260684,0.282495,0.205217,0.252632,0.192155
1688,7.033333,,,,,,,,,,,,,,,,0.221304,0.168750,0.185279,0.207660,0.056792,0.180591,0.272545,0.259322,0.221168,0.327045,0.260678,0.282554,0.205187,0.252607,0.192213
1689,7.037500,,,,,,,,,,,,,,,,0.221294,0.168752,0.185294,0.207659,0.056795,0.180585,0.272506,0.259341,0.221211,0.326985,0.260693,0.282601,0.205159,0.252607,0.192241
1690,7.041667,,,,,,,,,,,,,,,,0.221285,0.168755,0.185307,0.207661,0.056795,0.180586,0.272464,0.259342,0.221268,0.326961,0.260688,0.282645,0.205132,0.252602,0.192268
1691,7.045833,,,,,,,,,,,,,,,,0.221277,0.168757,0.185325,0.207662,0.056794,0.180585,0.272427,0.259345,0.221316,0.326899,0.260673,0.282699,0.205103,0.252591,0.192304
1692,7.050000,,,,,,,,,,,,,,,,0.221266,0.168758,0.185345,0.207662,0.056795,0.180584,0.272397,0.259355,0.221360,0.326863,0.260676,0.282734,0.204982,0.252616,0.192315
1693,7.054167,,,,,,,,,,,,,,,,0.221258,0.168760,0.185363,0.207661,0.056795,0.180586,0.272367,0.259348,0.221416,0.326824,0.260684,0.282792,0.204923,0.252605,0.192319
1694,7.058333,,,,,,,,,,,,,,,,0.221248,0.168762,0.185380,0.207662,0.056796,0.180585,0.272332,0.259352,0.221457,0.326779,0.260673,0.282822,0.204856,0.252611,0.192342
1695,7.062500,,,,,,,,,,,,,,,,0.221235,0.168768,0.185394,0.207661,0.056796,0.180586,0.272299,0.259359,0.221498,0.326748,0.260677,0.282855,0.204830,0.252672,0.192500
1696,7.066667,,,,,,,,,,,,,,,,0.221222,0.168762,0.185415,0.207661,0.056796,0.180582,0.272267,0.259366,0.221539,0.326726,0.260679,0.282881,0.204846,0.252677,0.192585
1697,7.070833,,,,,,,,,,,,,,,,0.221213,0.168762,0.185429,0.207659,0.056796,0.180584,0.272236,0.259375,0.221581,0.326704,0.260681,0.282908,0.204809,0.252663,0.192602
1698,7.075000,,,,,,,,,,,,,,,,0.221202,0.168767,0.185440,0.207661,0.056796,0.180581,0.272204,0.259382,0.221617,0.326685,0.260688,0.282929,0.204776,0.252630,0.192646
1699,7.079167,,,,,,,,,,,,,,,,0.221192,0.168772,0.185448,0.207660,0.056798,0.180584,0.272173,0.259387,0.221662,0.326689,0.260686,0.282949,0.204755,0.252624,0.192694
1700,7.083333,,,,,,,,,,,,,,,,0.221181,0.168773,0.185462,0.207660,0.056798,0.180580,0.272143,0.259395,0.221700,0.326671,0.260699,0.282963,0.204698,0.252689,0.192691
1701,7.087500,,,,,,,,,,,,,,,,0.221171,0.168778,0.185477,0.207658,0.056799,0.180582,0.272114,0.259401,0.221733,0.326657,0.260706,0.282979,0.204660,0.252678,0.192699
1702,7.091667,,,,,,,,,,,,,,,,0.221162,0.168780,0.185494,0.207658,0.056798,0.180583,0.272081,0.259410,0.221770,0.326646,0.260714,0.282992,0.204655,0.252671,0.192754
1703,7.095833,,,,,,,,,,,,,,,,0.221152,0.168781,0.185506,0.207660,0.056798,0.180583,0.272043,0.259436,0.221777,0.326637,0.260734,0.283012,0.204624,0.252672,0.192789
1704,7.100000,,,,,,,,,,,,,,,,0.221137,0.168788,0.185516,0.207661,0.056798,0.180581,0.272016,0.259439,0.221802,0.326631,0.260740,0.283019,0.204614,0.252636,0.192871
1705,7.104167,,,,,,,,,,,,,,,,0.221128,0.168790,0.185527,0.207658,0.056800,0.180583,0.271988,0.259441,0.221835,0.326630,0.260744,0.283027,0.204597,0.252637,0.192922
1706,7.108333,,,,,,,,,,,,,,,,0.221123,0.168791,0.185537,0.207657,0.056798,0.180583,0.271962,0.259452,0.221866,0.326630,0.260743,0.283033,0.204578,0.252628,0.192958
1707,7.112500,,,,,,,,,,,,,,,,0.221106,0.168791,0.185553,0.207655,0.056798,0.180585,0.271941,0.259456,0.221887,0.326632,0.260744,0.283035,0.204530,0.252622,0.192974
1708,7.116667,,,,,,,,,,,,,,,,0.221098,0.168793,0.185564,0.207656,0.056801,0.180585,0.271924,0.259457,0.221909,0.326638,0.260744,0.283033,0.204504,0.252617,0.192996
1709,7.120833,,,,,,,,,,,,,,,,0.221089,0.168796,0.185574,0.207656,0.056797,0.180585,0.271906,0.259458,0.221927,0.326648,0.260725,0.283022,0.204483,0.252612,0.193028
1710,7.125000,,,,,,,,,,,,,,,,0.221082,0.168797,0.185583,0.207656,0.056799,0.180587,0.271890,0.259460,0.221947,0.326658,0.260720,0.283012,0.204469,0.252609,0.193060
1711,7.129167,,,,,,,,,,,,,,,,0.221077,0.168799,0.185592,0.207655,0.056799,0.180590,0.271875,0.259447,0.221974,0.326667,0.260706,0.283004,0.204454,0.252576,0.193116
1712,7.133333,,,,,,,,,,,,,,,,0.221058,0.168795,0.185628,0.207656,0.056798,0.180591,0.271862,0.259446,0.221993,0.326678,0.260692,0.282999,0.204442,0.252575,0.193147
1713,7.137500,,,,,,,,,,,,,,,,0.221051,0.168795,0.185639,0.207654,0.056796,0.180592,0.271847,0.259443,0.222013,0.326699,0.260670,0.282992,0.204425,0.252573,0.193178
1714,7.141667,,,,,,,,,,,,,,,,0.221043,0.168804,0.185650,0.207655,0.056797,0.180592,0.271833,0.259441,0.222032,0.326714,0.260649,0.282980,0.204411,0.252567,0.193201
1715,7.145833,,,,,,,,,,,,,,,,0.221040,0.168798,0.185651,0.207656,0.056796,0.180592,0.271824,0.259436,0.222052,0.326724,0.260626,0.282970,0.204404,0.252559,0.193216
1716,7.150000,,,,,,,,,,,,,,,,0.221034,0.168806,0.185663,0.207655,0.056797,0.180595,0.271812,0.259434,0.222062,0.326736,0.260599,0.282960,0.204394,0.252556,0.193248
1717,7.154167,,,,,,,,,,,,,,,,0.221029,0.168807,0.185669,0.207654,0.056797,0.180599,0.271807,0.259428,0.222079,0.326749,0.260568,0.282953,0.204383,0.252551,0.193271
1718,7.158333,,,,,,,,,,,,,,,,0.221023,0.168807,0.185681,0.207655,0.056793,0.180595,0.271802,0.259420,0.222090,0.326760,0.260535,0.282947,0.204372,0.252553,0.193301
1719,7.162500,,,,,,,,,,,,,,,,0.221023,0.168800,0.185676,0.207653,0.056798,0.180600,0.271800,0.259416,0.222102,0.326789,0.260473,0.282951,0.204360,0.252552,0.193326
1720,7.166667,,,,,,,,,,,,,,,,0.221019,0.168802,0.185683,0.207655,0.056798,0.180599,0.271795,0.259409,0.222111,0.326807,0.260434,0.282945,0.204356,0.252539,0.193338
1721,7.170833,,,,,,,,,,,,,,,,0.221012,0.168810,0.185695,0.207654,0.056797,0.180602,0.271794,0.259399,0.222122,0.326822,0.260389,0.282954,0.204346,0.252546,0.193371
1722,7.175000,,,,,,,,,,,,,,,,0.221012,0.168809,0.185699,0.207652,0.056798,0.180602,0.271794,0.259391,0.222128,0.326845,0.260338,0.282925,0.204336,0.252547,0.193402
1723,7.179167,,,,,,,,,,,,,,,,0.221011,0.168810,0.185705,0.207652,0.056796,0.180601,0.271797,0.259378,0.222138,0.326871,0.260278,0.282904,0.204331,0.252544,0.193428
1724,7.183333,,,,,,,,,,,,,,,,0.221009,0.168807,0.185711,0.207652,0.056796,0.180604,0.271805,0.259355,0.222140,0.326900,0.260225,0.282898,0.204335,0.252539,0.193450
1725,7.187500,,,,,,,,,,,,,,,,0.221011,0.168807,0.185712,0.207652,0.056798,0.180602,0.271812,0.259342,0.222145,0.326920,0.260161,0.282895,0.204334,0.252537,0.193468
1726,7.191667,,,,,,,,,,,,,,,,0.221013,0.168805,0.185713,0.207651,0.056798,0.180606,0.271817,0.259328,0.222153,0.326943,0.260111,0.282880,0.204331,0.252534,0.193483
1727,7.195833,,,,,,,,,,,,,,,,0.221011,0.168806,0.185716,0.207649,0.056796,0.180608,0.271825,0.259311,0.222162,0.326982,0.260055,0.282908,0.204332,0.252532,0.193498
1728,7.200000,,,,,,,,,,,,,,,,0.221014,0.168796,0.185713,0.207650,0.056796,0.180605,0.271836,0.259294,0.222168,0.327009,0.260010,0.282895,0.204333,0.252532,0.193518
1729,7.204167,,,,,,,,,,,,,,,,0.221013,0.168802,0.185722,0.207650,0.056795,0.180609,0.271848,0.259277,0.222172,0.327034,0.259968,0.282886,0.204341,0.252532,0.193542
1730,7.208333,,,,,,,,,,,,,,,,0.221018,0.168787,0.185722,0.207650,0.056795,0.180612,0.271864,0.259259,0.222178,0.327067,0.259898,0.282862,0.204345,0.252528,0.193553
1731,7.212500,,,,,,,,,,,,,,,,0.221020,0.168788,0.185719,0.207650,0.056795,0.180611,0.271883,0.259235,0.222186,0.327105,0.259840,0.282853,0.204352,0.252528,0.193570
1732,7.216667,,,,,,,,,,,,,,,,0.221020,0.168793,0.185731,0.207649,0.056792,0.180608,0.271899,0.259214,0.222189,0.327137,0.259787,0.282846,0.204360,0.252523,0.193583
1733,7.220833,,,,,,,,,,,,,,,,0.221030,0.168778,0.185728,0.207649,0.056794,0.180608,0.271916,0.259193,0.222198,0.327147,0.259737,0.282842,0.204373,0.252521,0.193597
1734,7.225000,,,,,,,,,,,,,,,,0.221034,0.168774,0.185729,0.207649,0.056792,0.180610,0.271937,0.259161,0.222208,0.327177,0.259683,0.282832,0.204385,0.252520,0.193613
1735,7.229167,,,,,,,,,,,,,,,,0.221036,0.168779,0.185736,0.207650,0.056791,0.180610,0.271960,0.259137,0.222213,0.327244,0.259610,0.282800,0.204394,0.252517,0.193629
1736,7.233333,,,,,,,,,,,,,,,,0.221048,0.168766,0.185733,0.207650,0.056791,0.180610,0.271993,0.259102,0.222231,0.327293,0.259539,0.282780,0.204411,0.252516,0.193644
1737,7.237500,,,,,,,,,,,,,,,,0.221052,0.168762,0.185735,0.207651,0.056792,0.180609,0.272016,0.259081,0.222224,0.327341,0.259470,0.282772,0.204425,0.252514,0.193659
1738,7.241667,,,,,,,,,,,,,,,,0.221060,0.168760,0.185739,0.207650,0.056792,0.180610,0.272056,0.259053,0.222235,0.327418,0.259357,0.282796,0.204448,0.252513,0.193674
1739,7.245833,,,,,,,,,,,,,,,,0.221068,0.168753,0.185742,0.207652,0.056789,0.180607,0.272089,0.259024,0.222239,0.327439,0.259286,0.282783,0.204464,0.252511,0.193689
1740,7.250000,,,,,,,,,,,,,,,,0.221075,0.168749,0.185746,0.207652,0.056789,0.180608,0.272126,0.259001,0.222253,0.327472,0.259235,0.282777,0.204484,0.252510,0.193696
1741,7.254167,,,,,,,,,,,,,,,,0.221086,0.168741,0.185747,0.207652,0.056790,0.180609,0.272156,0.258972,0.222259,0.327514,0.259176,0.282773,0.204523,0.252512,0.193732
1742,7.258333,,,,,,,,,,,,,,,,0.221095,0.168739,0.185748,0.207652,0.056788,0.180607,0.272195,0.258934,0.222263,0.327555,0.259115,0.282768,0.204550,0.252513,0.193759
1743,7.262500,,,,,,,,,,,,,,,,0.221104,0.168737,0.185747,0.207651,0.056790,0.180605,0.272226,0.258906,0.222266,0.327575,0.259046,0.282747,0.204568,0.252509,0.193768
1744,7.266667,,,,,,,,,,,,,,,,0.221115,0.168728,0.185749,0.207654,0.056790,0.180604,0.272259,0.258877,0.222272,0.327627,0.258976,0.282750,0.204602,0.252491,0.193759
1745,7.270833,,,,,,,,,,,,,,,,0.221127,0.168723,0.185751,0.207656,0.056788,0.180604,0.272293,0.258850,0.222273,0.327676,0.258912,0.282740,0.204619,0.252517,0.193701
1746,7.275000,,,,,,,,,,,,,,,,0.221141,0.168718,0.185752,0.207656,0.056792,0.180603,0.272332,0.258807,0.222287,0.327729,0.258836,0.282704,0.204631,0.252512,0.193705
1747,7.279167,,,,,,,,,,,,,,,,0.221149,0.168712,0.185754,0.207656,0.056792,0.180604,0.272369,0.258776,0.222291,0.327778,0.258773,0.282699,0.204656,0.252513,0.193730
1748,7.283333,,,,,,,,,,,,,,,,0.221160,0.168704,0.185755,0.207657,0.056790,0.180601,0.272419,0.258743,0.222301,0.327824,0.258681,0.282702,0.204691,0.252513,0.193752
1749,7.287500,,,,,,,,,,,,,,,,0.221163,0.168688,0.185773,0.207658,0.056792,0.180597,0.272454,0.258716,0.222300,0.327905,0.258601,0.282689,0.204739,0.252433,0.193850
1750,7.291667,,,,,,,,,,,,,,,,0.221192,0.168688,0.185766,0.207660,0.056790,0.180598,0.272497,0.258684,0.222314,0.327961,0.258528,0.282673,0.204912,0.252401,0.193916
1751,7.295833,,,,,,,,,,,,,,,,0.221198,0.168670,0.185777,0.207660,0.056788,0.180599,0.272533,0.258656,0.222311,0.328027,0.258421,0.282680,0.204961,0.252414,0.193987
1752,7.300000,,,,,,,,,,,,,,,,0.221209,0.168662,0.185777,0.207660,0.056790,0.180597,0.272566,0.258629,0.222315,0.328093,0.258344,0.282651,0.204994,0.252409,0.194001
1753,7.304167,,,,,,,,,,,,,,,,0.221223,0.168657,0.185772,0.207660,0.056792,0.180592,0.272600,0.258587,0.222312,0.328146,0.258279,0.282638,0.205011,0.252391,0.193987
1754,7.308333,,,,,,,,,,,,,,,,0.221247,0.168653,0.185743,0.207661,0.056790,0.180594,0.272648,0.258561,0.222329,0.328212,0.258199,0.282618,0.205028,0.252384,0.194005
1755,7.312500,,,,,,,,,,,,,,,,0.221273,0.168659,0.185727,0.207663,0.056791,0.180592,0.272697,0.258512,0.222357,0.328269,0.258133,0.282599,0.205053,0.252380,0.194025
1756,7.316667,,,,,,,,,,,,,,,,0.221290,0.168653,0.185730,0.207663,0.056791,0.180591,0.272741,0.258477,0.222367,0.328323,0.258071,0.282587,0.205079,0.252380,0.194043
1757,7.320833,,,,,,,,,,,,,,,,0.221302,0.168641,0.185738,0.207663,0.056790,0.180589,0.272783,0.258436,0.222376,0.328382,0.258003,0.282568,0.205104,0.252374,0.194055
1758,7.325000,,,,,,,,,,,,,,,,0.221316,0.168634,0.185746,0.207663,0.056789,0.180590,0.272823,0.258407,0.222382,0.328453,0.257940,0.282577,0.205126,0.252369,0.194069
1759,7.329167,,,,,,,,,,,,,,,,0.221329,0.168628,0.185750,0.207665,0.056793,0.180588,0.272872,0.258376,0.222375,0.328538,0.257841,0.282583,0.205153,0.252369,0.194093
1760,7.333333,,,,,,,,,,,,,,,,0.221341,0.168622,0.185758,0.207667,0.056791,0.180587,0.272912,0.258344,0.222377,0.328611,0.257763,0.282563,0.205189,0.252396,0.194051
1761,7.337500,,,,,,,,,,,,,,,,0.221362,0.168622,0.185756,0.207666,0.056791,0.180591,0.272952,0.258316,0.222384,0.328650,0.257697,0.282554,0.205210,0.252389,0.194058
1762,7.341667,,,,,,,,,,,,,,,,0.221375,0.168614,0.185757,0.207664,0.056791,0.180590,0.272995,0.258279,0.222387,0.328721,0.257607,0.282546,0.205228,0.252390,0.194079
1763,7.345833,,,,,,,,,,,,,,,,0.221389,0.168605,0.185760,0.207664,0.056793,0.180591,0.273032,0.258242,0.222394,0.328784,0.257535,0.282529,0.205256,0.252384,0.194096
1764,7.350000,,,,,,,,,,,,,,,,0.221404,0.168600,0.185762,0.207666,0.056792,0.180591,0.273077,0.258189,0.222401,0.328856,0.257401,0.282500,0.205292,0.252390,0.194134
1765,7.354167,,,,,,,,,,,,,,,,0.221416,0.168590,0.185766,0.207668,0.056792,0.180594,0.273119,0.258153,0.222406,0.328915,0.257328,0.282482,0.205308,0.252314,0.194219
1766,7.358333,,,,,,,,,,,,,,,,0.221427,0.168582,0.185775,0.207669,0.056791,0.180594,0.273158,0.258113,0.222415,0.328981,0.257249,0.282440,0.205333,0.252313,0.194238
1767,7.362500,,,,,,,,,,,,,,,,0.221437,0.168574,0.185783,0.207670,0.056793,0.180591,0.273202,0.258084,0.222432,0.329017,0.257156,0.282407,0.205356,0.252311,0.194251
1768,7.366667,,,,,,,,,,,,,,,,0.221448,0.168567,0.185788,0.207670,0.056792,0.180597,0.273238,0.258053,0.222440,0.329068,0.257068,0.282379,0.205374,0.252311,0.194269
1769,7.370833,,,,,,,,,,,,,,,,0.221458,0.168559,0.185793,0.207670,0.056791,0.180593,0.273283,0.258019,0.222458,0.329128,0.256982,0.282366,0.205399,0.252302,0.194286
1770,7.375000,,,,,,,,,,,,,,,,0.221466,0.168551,0.185796,0.207668,0.056791,0.180593,0.273317,0.257988,0.222463,0.329176,0.256905,0.282358,0.205419,0.252298,0.194299
1771,7.379167,,,,,,,,,,,,,,,,0.221471,0.168545,0.185798,0.207667,0.056795,0.180595,0.273345,0.257956,0.222466,0.329226,0.256827,0.282348,0.205436,0.252296,0.194317
1772,7.383333,,,,,,,,,,,,,,,,0.221481,0.168540,0.185801,0.207666,0.056794,0.180591,0.273372,0.257924,0.222469,0.329318,0.256715,0.282340,0.205456,0.252291,0.194333
1773,7.387500,,,,,,,,,,,,,,,,0.221491,0.168534,0.185809,0.207665,0.056799,0.180587,0.273416,0.257875,0.222498,0.329397,0.256606,0.282300,0.205508,0.252282,0.194365
1774,7.391667,,,,,,,,,,,,,,,,0.221496,0.168528,0.185813,0.207665,0.056799,0.180588,0.273446,0.257840,0.222483,0.329447,0.256506,0.282304,0.205538,0.252285,0.194398
1775,7.395833,,,,,,,,,,,,,,,,0.221504,0.168525,0.185820,0.207664,0.056796,0.180585,0.273476,0.257806,0.222480,0.329488,0.256414,0.282284,0.205557,0.252280,0.194417
1776,7.400000,,,,,,,,,,,,,,,,0.221512,0.168518,0.185825,0.207661,0.056798,0.180590,0.273506,0.257773,0.222484,0.329527,0.256340,0.282264,0.205572,0.252277,0.194432
1777,7.404167,,,,,,,,,,,,,,,,0.221520,0.168515,0.185829,0.207661,0.056800,0.180591,0.273532,0.257745,0.222490,0.329575,0.256251,0.282240,0.205587,0.252274,0.194447
1778,7.408333,,,,,,,,,,,,,,,,0.221524,0.168514,0.185833,0.207661,0.056797,0.180594,0.273559,0.257712,0.222487,0.329623,0.256155,0.282213,0.205605,0.252270,0.194468
1779,7.412500,,,,,,,,,,,,,,,,0.221530,0.168512,0.185835,0.207659,0.056799,0.180596,0.273587,0.257686,0.222492,0.329662,0.256080,0.282194,0.205747,0.252282,0.194478
1780,7.416667,,,,,,,,,,,,,,,,0.221537,0.168510,0.185836,0.207659,0.056801,0.180598,0.273610,0.257660,0.222497,0.329704,0.255992,0.282167,0.205782,0.252283,0.194518
1781,7.420833,,,,,,,,,,,,,,,,0.221543,0.168505,0.185841,0.207659,0.056797,0.180599,0.273630,0.257634,0.222501,0.329743,0.255914,0.282145,0.205787,0.252281,0.194534
1782,7.425000,,,,,,,,,,,,,,,,0.221546,0.168498,0.185847,0.207657,0.056797,0.180603,0.273648,0.257607,0.222506,0.329791,0.255827,0.282120,0.205799,0.252278,0.194550
1783,7.429167,,,,,,,,,,,,,,,,0.221547,0.168497,0.185847,0.207659,0.056795,0.180601,0.273669,0.257582,0.222510,0.329836,0.255732,0.282098,0.205811,0.252277,0.194569
1784,7.433333,,,,,,,,,,,,,,,,0.221548,0.168491,0.185852,0.207656,0.056795,0.180606,0.273687,0.257557,0.222515,0.329873,0.255655,0.282086,0.205864,0.252312,0.194692
1785,7.437500,,,,,,,,,,,,,,,,0.221553,0.168478,0.185863,0.207659,0.056793,0.180606,0.273704,0.257533,0.222523,0.329911,0.255584,0.282069,0.205882,0.252270,0.194792
1786,7.441667,,,,,,,,,,,,,,,,0.221551,0.168464,0.185875,0.207659,0.056794,0.180606,0.273719,0.257511,0.222531,0.329969,0.255489,0.282062,0.205888,0.252271,0.194808
1787,7.445833,,,,,,,,,,,,,,,,0.221550,0.168467,0.185882,0.207659,0.056795,0.180610,0.273735,0.257474,0.222546,0.330006,0.255419,0.282052,0.205891,0.252271,0.194822
1788,7.450000,,,,,,,,,,,,,,,,0.221551,0.168465,0.185890,0.207658,0.056795,0.180612,0.273750,0.257455,0.222550,0.330019,0.255333,0.282039,0.205894,0.252269,0.194832
1789,7.454167,,,,,,,,,,,,,,,,0.221553,0.168464,0.185899,0.207657,0.056793,0.180611,0.273766,0.257424,0.222549,0.330041,0.255273,0.282028,0.205902,0.252270,0.194851
1790,7.458333,,,,,,,,,,,,,,,,0.221551,0.168463,0.185906,0.207655,0.056793,0.180614,0.273789,0.257409,0.222569,0.330062,0.255213,0.282022,0.205921,0.252256,0.194855
1791,7.462500,,,,,,,,,,,,,,,,0.221554,0.168460,0.185910,0.207656,0.056794,0.180616,0.273797,0.257392,0.222577,0.330083,0.255159,0.282012,0.205930,0.252254,0.194868
1792,7.466667,,,,,,,,,,,,,,,,0.221551,0.168461,0.185912,0.207655,0.056795,0.180616,0.273804,0.257375,0.222586,0.330101,0.255107,0.282003,0.205928,0.252257,0.194884
1793,7.470833,,,,,,,,,,,,,,,,0.221552,0.168457,0.185916,0.207652,0.056795,0.180618,0.273818,0.257358,0.222608,0.330121,0.255051,0.282009,0.205932,0.252256,0.194901
1794,7.475000,,,,,,,,,,,,,,,,0.221550,0.168456,0.185919,0.207654,0.056793,0.180621,0.273822,0.257345,0.222616,0.330138,0.254993,0.281999,0.205936,0.252255,0.194920
1795,7.479167,,,,,,,,,,,,,,,,0.221547,0.168458,0.185922,0.207655,0.056793,0.180622,0.273824,0.257331,0.222623,0.330156,0.254957,0.281991,0.205933,0.252251,0.194927
1796,7.483333,,,,,,,,,,,,,,,,0.221546,0.168456,0.185922,0.207655,0.056794,0.180621,0.273824,0.257318,0.222635,0.330153,0.254927,0.281988,0.205926,0.252248,0.194935
1797,7.487500,,,,,,,,,,,,,,,,0.221546,0.168456,0.185928,0.207656,0.056793,0.180622,0.273823,0.257291,0.222651,0.330162,0.254897,0.281987,0.205925,0.252247,0.194941
1798,7.491667,,,,,,,,,,,,,,,,0.221544,0.168457,0.185934,0.207656,0.056793,0.180623,0.273823,0.257282,0.222662,0.330171,0.254868,0.281981,0.205921,0.252247,0.194952
1799,7.495833,,,,,,,,,,,,,,,,0.221543,0.168456,0.185939,0.207655,0.056793,0.180625,0.273822,0.257272,0.222675,0.330184,0.254836,0.281991,0.205921,0.252245,0.194959
1800,7.500000,,,,,,,,,,,,,,,,0.221539,0.168455,0.185942,0.207656,0.056793,0.180621,0.273824,0.257266,0.222690,0.330187,0.254810,0.281992,0.205916,0.252244,0.194970
1801,7.504167,,,,,,,,,,,,,,,,0.221540,0.168456,0.185947,0.207655,0.056794,0.180622,0.273816,0.257258,0.222699,0.330185,0.254787,0.281997,0.205911,0.252242,0.194980
1802,7.508333,,,,,,,,,,,,,,,,0.221536,0.168457,0.185949,0.207655,0.056793,0.180620,0.273813,0.257254,0.222713,0.330179,0.254766,0.282005,0.205906,0.252240,0.194987
1803,7.512500,,,,,,,,,,,,,,,,0.221531,0.168455,0.185947,0.207655,0.056794,0.180620,0.273803,0.257249,0.222724,0.330163,0.254747,0.282026,0.205903,0.252239,0.195000
1804,7.516667,,,,,,,,,,,,,,,,0.221529,0.168460,0.185950,0.207655,0.056794,0.180619,0.273795,0.257243,0.222736,0.330150,0.254732,0.282037,0.205892,0.252242,0.195013
1805,7.520833,,,,,,,,,,,,,,,,0.221527,0.168461,0.185955,0.207655,0.056792,0.180618,0.273779,0.257246,0.222739,0.330132,0.254710,0.282031,0.205891,0.252239,0.195019
1806,7.525000,,,,,,,,,,,,,,,,0.221524,0.168460,0.185956,0.207657,0.056794,0.180617,0.273766,0.257242,0.222752,0.330119,0.254698,0.282044,0.205885,0.252236,0.195025
1807,7.529167,,,,,,,,,,,,,,,,0.221509,0.168457,0.185986,0.207658,0.056796,0.180614,0.273756,0.257241,0.222765,0.330103,0.254689,0.282057,0.205880,0.252238,0.195033
1808,7.533333,,,,,,,,,,,,,,,,0.221516,0.168461,0.185968,0.207657,0.056795,0.180614,0.273744,0.257243,0.222777,0.330085,0.254683,0.282072,0.205871,0.252237,0.195035
1809,7.537500,,,,,,,,,,,,,,,,0.221517,0.168465,0.185961,0.207657,0.056794,0.180614,0.273730,0.257244,0.222786,0.330065,0.254675,0.282092,0.205866,0.252231,0.195033
1810,7.541667,,,,,,,,,,,,,,,,0.221511,0.168466,0.185962,0.207657,0.056794,0.180613,0.273716,0.257246,0.222800,0.330061,0.254667,0.282108,0.205861,0.252233,0.195043
1811,7.545833,,,,,,,,,,,,,,,,0.221501,0.168476,0.185954,0.207656,0.056796,0.180607,0.273703,0.257242,0.222817,0.330039,0.254667,0.282128,0.205853,0.252232,0.195042
1812,7.550000,,,,,,,,,,,,,,,,0.221482,0.168475,0.185980,0.207657,0.056796,0.180604,0.273665,0.257247,0.222828,0.330001,0.254668,0.282159,0.205840,0.252233,0.195044
1813,7.554167,,,,,,,,,,,,,,,,0.221476,0.168477,0.185987,0.207657,0.056794,0.180604,0.273645,0.257248,0.222848,0.329966,0.254673,0.282188,0.205830,0.252234,0.195045
1814,7.558333,,,,,,,,,,,,,,,,0.221473,0.168479,0.185985,0.207656,0.056797,0.180600,0.273625,0.257253,0.222862,0.329930,0.254679,0.282213,0.205819,0.252234,0.195042
1815,7.562500,,,,,,,,,,,,,,,,0.221469,0.168481,0.185988,0.207656,0.056797,0.180599,0.273605,0.257258,0.222873,0.329896,0.254686,0.282240,0.205805,0.252239,0.195041
1816,7.566667,,,,,,,,,,,,,,,,0.221463,0.168486,0.185985,0.207656,0.056794,0.180596,0.273580,0.257273,0.222881,0.329856,0.254672,0.282285,0.205780,0.252213,0.195089
1817,7.570833,,,,,,,,,,,,,,,,0.221454,0.168489,0.185981,0.207657,0.056796,0.180594,0.273551,0.257276,0.222881,0.329797,0.254668,0.282318,0.205770,0.252215,0.195090
1818,7.575000,,,,,,,,,,,,,,,,0.221446,0.168494,0.185978,0.207658,0.056795,0.180589,0.273529,0.257282,0.222895,0.329747,0.254681,0.282351,0.205743,0.252224,0.195101
1819,7.579167,,,,,,,,,,,,,,,,0.221441,0.168497,0.185973,0.207658,0.056797,0.180587,0.273501,0.257288,0.222913,0.329665,0.254711,0.282414,0.205738,0.252219,0.195075
1820,7.583333,,,,,,,,,,,,,,,,0.221436,0.168501,0.185968,0.207658,0.056796,0.180585,0.273476,0.257297,0.222929,0.329616,0.254728,0.282446,0.205719,0.252223,0.195069
1821,7.587500,,,,,,,,,,,,,,,,0.221426,0.168506,0.185969,0.207658,0.056797,0.180585,0.273448,0.257315,0.222949,0.329567,0.254742,0.282479,0.205566,0.252257,0.195013
1822,7.591667,,,,,,,,,,,,,,,,0.221420,0.168509,0.185968,0.207660,0.056794,0.180583,0.273412,0.257327,0.222957,0.329518,0.254757,0.282511,0.205499,0.252244,0.194951
1823,7.595833,,,,,,,,,,,,,,,,0.221414,0.168514,0.185963,0.207657,0.056797,0.180583,0.273383,0.257337,0.222970,0.329455,0.254784,0.282551,0.205483,0.252245,0.194944
1824,7.600000,,,,,,,,,,,,,,,,0.221406,0.168519,0.185956,0.207658,0.056793,0.180584,0.273350,0.257343,0.222985,0.329393,0.254798,0.282590,0.205473,0.252244,0.194939
1825,7.604167,,,,,,,,,,,,,,,,0.221398,0.168526,0.185951,0.207658,0.056795,0.180581,0.273320,0.257352,0.223000,0.329329,0.254805,0.282648,0.205463,0.252209,0.194865
1826,7.608333,,,,,,,,,,,,,,,,0.221390,0.168529,0.185945,0.207659,0.056795,0.180578,0.273290,0.257360,0.223013,0.329271,0.254822,0.282686,0.205430,0.252251,0.194923
1827,7.612500,,,,,,,,,,,,,,,,0.221382,0.168534,0.185941,0.207660,0.056796,0.180580,0.273257,0.257368,0.223027,0.329187,0.254866,0.282715,0.205415,0.252252,0.194909
1828,7.616667,,,,,,,,,,,,,,,,0.221373,0.168539,0.185933,0.207661,0.056795,0.180581,0.273225,0.257380,0.223037,0.329138,0.254880,0.282754,0.205398,0.252253,0.194900
1829,7.620833,,,,,,,,,,,,,,,,0.221362,0.168546,0.185929,0.207662,0.056796,0.180579,0.273189,0.257388,0.223053,0.329059,0.254919,0.282807,0.205380,0.252255,0.194886
1830,7.625000,,,,,,,,,,,,,,,,0.221355,0.168551,0.185928,0.207661,0.056793,0.180579,0.273162,0.257395,0.223080,0.328991,0.254942,0.282857,0.205361,0.252289,0.194929
1831,7.629167,,,,,,,,,,,,,,,,0.221345,0.168556,0.185928,0.207661,0.056794,0.180580,0.273132,0.257405,0.223098,0.328926,0.254971,0.282912,0.205352,0.252289,0.194920
1832,7.633333,,,,,,,,,,,,,,,,0.221341,0.168559,0.185923,0.207662,0.056794,0.180579,0.273086,0.257434,0.223092,0.328882,0.254977,0.282946,0.205335,0.252291,0.194909
1833,7.637500,,,,,,,,,,,,,,,,0.221331,0.168566,0.185920,0.207663,0.056794,0.180580,0.273044,0.257445,0.223119,0.328813,0.255003,0.282988,0.205291,0.252363,0.194825
1834,7.641667,,,,,,,,,,,,,,,,0.221319,0.168569,0.185918,0.207662,0.056794,0.180580,0.273009,0.257460,0.223134,0.328721,0.255033,0.283035,0.205263,0.252356,0.194790
1835,7.645833,,,,,,,,,,,,,,,,0.221311,0.168577,0.185909,0.207663,0.056794,0.180582,0.272976,0.257471,0.223144,0.328644,0.255071,0.283095,0.205251,0.252361,0.194787
1836,7.650000,,,,,,,,,,,,,,,,0.221300,0.168582,0.185906,0.207666,0.056792,0.180580,0.272938,0.257488,0.223165,0.328587,0.255092,0.283128,0.205240,0.252358,0.194784
1837,7.654167,,,,,,,,,,,,,,,,0.221289,0.168587,0.185902,0.207664,0.056794,0.180584,0.272899,0.257503,0.223174,0.328536,0.255108,0.283161,0.205223,0.252362,0.194779
1838,7.658333,,,,,,,,,,,,,,,,0.221278,0.168593,0.185896,0.207665,0.056791,0.180583,0.272868,0.257512,0.223184,0.328480,0.255112,0.283199,0.205206,0.252362,0.194770
1839,7.662500,,,,,,,,,,,,,,,,0.221272,0.168600,0.185894,0.207665,0.056793,0.180585,0.272838,0.257522,0.223193,0.328426,0.255130,0.283231,0.205192,0.252361,0.194757
1840,7.666667,,,,,,,,,,,,,,,,0.221262,0.168602,0.185897,0.207666,0.056792,0.180583,0.272798,0.257534,0.223191,0.328364,0.255149,0.283274,0.205181,0.252362,0.194749
1841,7.670833,,,,,,,,,,,,,,,,0.221257,0.168606,0.185893,0.207667,0.056791,0.180583,0.272768,0.257544,0.223201,0.328306,0.255169,0.283309,0.205151,0.252334,0.194801
1842,7.675000,,,,,,,,,,,,,,,,0.221248,0.168610,0.185894,0.207667,0.056791,0.180587,0.272735,0.257560,0.223211,0.328231,0.255176,0.283350,0.205136,0.252335,0.194799
1843,7.679167,,,,,,,,,,,,,,,,0.221239,0.168617,0.185888,0.207665,0.056792,0.180591,0.272697,0.257579,0.223226,0.328172,0.255196,0.283388,0.205121,0.252337,0.194794
1844,7.683333,,,,,,,,,,,,,,,,0.221223,0.168623,0.185889,0.207664,0.056794,0.180588,0.272655,0.257593,0.223230,0.328103,0.255233,0.283420,0.205107,0.252339,0.194787
1845,7.687500,,,,,,,,,,,,,,,,0.221214,0.168628,0.185892,0.207663,0.056793,0.180592,0.272622,0.257612,0.223237,0.328019,0.255292,0.283458,0.205091,0.252337,0.194785
1846,7.691667,,,,,,,,,,,,,,,,0.221194,0.168620,0.185899,0.207665,0.056792,0.180595,0.272590,0.257628,0.223243,0.327966,0.255315,0.283485,0.205069,0.252340,0.194783
1847,7.695833,,,,,,,,,,,,,,,,0.221182,0.168622,0.185901,0.207665,0.056794,0.180596,0.272560,0.257637,0.223256,0.327922,0.255334,0.283508,0.205056,0.252340,0.194783
1848,7.700000,,,,,,,,,,,,,,,,0.221192,0.168638,0.185898,0.207665,0.056795,0.180596,0.272534,0.257646,0.223272,0.327900,0.255346,0.283527,0.205042,0.252339,0.194782
1849,7.704167,,,,,,,,,,,,,,,,0.221173,0.168631,0.185904,0.207664,0.056795,0.180597,0.272507,0.257656,0.223286,0.327862,0.255360,0.283552,0.205026,0.252343,0.194782
1850,7.708333,,,,,,,,,,,,,,,,0.221160,0.168636,0.185905,0.207662,0.056793,0.180596,0.272468,0.257661,0.223295,0.327819,0.255373,0.283575,0.205013,0.252342,0.194781
1851,7.712500,,,,,,,,,,,,,,,,0.221153,0.168640,0.185905,0.207661,0.056792,0.180598,0.272440,0.257670,0.223314,0.327756,0.255393,0.283601,0.204997,0.252344,0.194784
1852,7.716667,,,,,,,,,,,,,,,,0.221146,0.168644,0.185910,0.207660,0.056794,0.180601,0.272415,0.257679,0.223321,0.327714,0.255408,0.283624,0.204983,0.252343,0.194788
1853,7.720833,,,,,,,,,,,,,,,,0.221137,0.168649,0.185915,0.207660,0.056794,0.180604,0.272389,0.257689,0.223340,0.327679,0.255419,0.283644,0.204961,0.252341,0.194790
1854,7.725000,,,,,,,,,,,,,,,,0.221131,0.168653,0.185918,0.207660,0.056795,0.180604,0.272364,0.257696,0.223355,0.327643,0.255419,0.283689,0.204948,0.252342,0.194789
1855,7.729167,,,,,,,,,,,,,,,,0.221125,0.168655,0.185920,0.207659,0.056797,0.180606,0.272340,0.257702,0.223370,0.327611,0.255427,0.283708,0.204893,0.252297,0.194678
1856,7.733333,,,,,,,,,,,,,,,,0.221119,0.168658,0.185920,0.207657,0.056796,0.180607,0.272318,0.257710,0.223384,0.327581,0.255434,0.283727,0.204856,0.252293,0.194664
1857,7.737500,,,,,,,,,,,,,,,,0.221114,0.168660,0.185924,0.207655,0.056797,0.180608,0.272296,0.257715,0.223401,0.327556,0.255439,0.283745,0.204844,0.252292,0.194672
1858,7.741667,,,,,,,,,,,,,,,,0.221109,0.168663,0.185929,0.207656,0.056797,0.180610,0.272275,0.257718,0.223416,0.327528,0.255447,0.283761,0.204817,0.252324,0.194668
1859,7.745833,,,,,,,,,,,,,,,,0.221101,0.168666,0.185933,0.207655,0.056798,0.180609,0.272251,0.257722,0.223434,0.327497,0.255449,0.283783,0.204799,0.252326,0.194670
1860,7.750000,,,,,,,,,,,,,,,,0.221094,0.168684,0.185974,0.207656,0.056795,0.180604,0.272232,0.257727,0.223448,0.327476,0.255448,0.283797,0.204788,0.252324,0.194679
1861,7.754167,,,,,,,,,,,,,,,,0.221094,0.168687,0.185989,0.207657,0.056796,0.180607,0.272218,0.257731,0.223465,0.327460,0.255446,0.283816,0.204781,0.252325,0.194691
1862,7.758333,,,,,,,,,,,,,,,,0.221091,0.168687,0.185996,0.207655,0.056798,0.180607,0.272201,0.257734,0.223480,0.327442,0.255442,0.283832,0.204769,0.252329,0.194701
1863,7.762500,,,,,,,,,,,,,,,,0.221086,0.168691,0.186001,0.207655,0.056797,0.180608,0.272187,0.257734,0.223495,0.327425,0.255436,0.283851,0.204762,0.252328,0.194704
1864,7.766667,,,,,,,,,,,,,,,,0.221078,0.168693,0.186009,0.207654,0.056798,0.180609,0.272170,0.257754,0.223503,0.327409,0.255427,0.283862,0.204752,0.252325,0.194705
1865,7.770833,,,,,,,,,,,,,,,,0.221072,0.168696,0.186014,0.207653,0.056801,0.180607,0.272158,0.257739,0.223527,0.327388,0.255424,0.283896,0.204743,0.252325,0.194712
1866,7.775000,,,,,,,,,,,,,,,,0.221074,0.168691,0.186018,0.207651,0.056803,0.180609,0.272146,0.257736,0.223541,0.327383,0.255405,0.283891,0.204738,0.252325,0.194726
1867,7.779167,,,,,,,,,,,,,,,,0.221066,0.168701,0.186025,0.207650,0.056800,0.180611,0.272138,0.257734,0.223554,0.327377,0.255364,0.283910,0.204730,0.252327,0.194734
1868,7.783333,,,,,,,,,,,,,,,,0.221068,0.168692,0.186026,0.207652,0.056800,0.180607,0.272123,0.257730,0.223575,0.327368,0.255347,0.283919,0.204723,0.252325,0.194738
1869,7.787500,,,,,,,,,,,,,,,,0.221066,0.168694,0.186029,0.207654,0.056801,0.180607,0.272118,0.257724,0.223598,0.327360,0.255331,0.283929,0.204721,0.252323,0.194747
1870,7.791667,,,,,,,,,,,,,,,,0.221066,0.168695,0.186027,0.207653,0.056799,0.180609,0.272111,0.257715,0.223611,0.327349,0.255305,0.283943,0.204716,0.252328,0.194755
1871,7.795833,,,,,,,,,,,,,,,,0.221062,0.168697,0.186034,0.207653,0.056799,0.180609,0.272100,0.257706,0.223622,0.327341,0.255284,0.283953,0.204699,0.252342,0.194775
1872,7.800000,,,,,,,,,,,,,,,,0.221060,0.168696,0.186042,0.207655,0.056800,0.180607,0.272102,0.257701,0.223636,0.327332,0.255259,0.283958,0.204699,0.252342,0.194784
1873,7.804167,,,,,,,,,,,,,,,,0.221059,0.168695,0.186052,0.207656,0.056798,0.180606,0.272101,0.257695,0.223646,0.327324,0.255230,0.283971,0.204701,0.252339,0.194786
1874,7.808333,,,,,,,,,,,,,,,,0.221059,0.168695,0.186053,0.207655,0.056798,0.180606,0.272094,0.257685,0.223654,0.327316,0.255204,0.283982,0.204702,0.252344,0.194796
1875,7.812500,,,,,,,,,,,,,,,,0.221058,0.168696,0.186058,0.207655,0.056802,0.180604,0.272094,0.257676,0.223666,0.327306,0.255174,0.283997,0.204753,0.252385,0.194915
1876,7.816667,,,,,,,,,,,,,,,,0.221061,0.168698,0.186056,0.207656,0.056802,0.180607,0.272091,0.257666,0.223675,0.327276,0.255129,0.284016,0.204773,0.252388,0.194930
1877,7.820833,,,,,,,,,,,,,,,,0.221062,0.168698,0.186054,0.207657,0.056802,0.180609,0.272094,0.257654,0.223683,0.327263,0.255093,0.284036,0.204768,0.252389,0.194929
1878,7.825000,,,,,,,,,,,,,,,,0.221058,0.168702,0.186056,0.207658,0.056801,0.180605,0.272097,0.257641,0.223692,0.327245,0.255060,0.284058,0.204729,0.252348,0.194821
1879,7.829167,,,,,,,,,,,,,,,,0.221064,0.168694,0.186055,0.207658,0.056802,0.180603,0.272101,0.257630,0.223699,0.327240,0.255010,0.284068,0.204761,0.252379,0.194905
1880,7.833333,,,,,,,,,,,,,,,,0.221067,0.168695,0.186057,0.207657,0.056801,0.180603,0.272109,0.257609,0.223708,0.327239,0.254970,0.284077,0.204787,0.252388,0.194935
1881,7.837500,,,,,,,,,,,,,,,,0.221071,0.168693,0.186058,0.207658,0.056799,0.180601,0.272117,0.257604,0.223709,0.327234,0.254922,0.284115,0.204792,0.252387,0.194939
1882,7.841667,,,,,,,,,,,,,,,,0.221071,0.168697,0.186059,0.207660,0.056799,0.180598,0.272126,0.257579,0.223722,0.327233,0.254870,0.284128,0.204803,0.252388,0.194936
1883,7.845833,,,,,,,,,,,,,,,,0.221077,0.168690,0.186055,0.207661,0.056800,0.180595,0.272138,0.257564,0.223724,0.327229,0.254832,0.284140,0.204813,0.252388,0.194926
1884,7.850000,,,,,,,,,,,,,,,,0.221083,0.168688,0.186056,0.207660,0.056801,0.180595,0.272149,0.257551,0.223728,0.327226,0.254796,0.284150,0.204818,0.252385,0.194918
1885,7.854167,,,,,,,,,,,,,,,,0.221082,0.168693,0.186056,0.207660,0.056802,0.180593,0.272162,0.257533,0.223732,0.327226,0.254758,0.284162,0.204837,0.252375,0.194906
1886,7.858333,,,,,,,,,,,,,,,,0.221087,0.168694,0.186048,0.207660,0.056803,0.180596,0.272176,0.257518,0.223726,0.327228,0.254724,0.284173,0.204852,0.252375,0.194907
1887,7.862500,,,,,,,,,,,,,,,,0.221090,0.168691,0.186045,0.207660,0.056802,0.180597,0.272187,0.257500,0.223728,0.327231,0.254688,0.284182,0.204866,0.252382,0.194907
1888,7.866667,,,,,,,,,,,,,,,,0.221094,0.168690,0.186044,0.207663,0.056800,0.180593,0.272203,0.257486,0.223729,0.327251,0.254645,0.284228,0.204885,0.252376,0.194894
1889,7.870833,,,,,,,,,,,,,,,,0.221100,0.168688,0.186041,0.207665,0.056801,0.180592,0.272218,0.257470,0.223727,0.327262,0.254612,0.284232,0.204884,0.252382,0.194898
1890,7.875000,,,,,,,,,,,,,,,,0.221108,0.168683,0.186042,0.207667,0.056799,0.180590,0.272236,0.257456,0.223725,0.327268,0.254572,0.284238,0.204906,0.252382,0.194893
1891,7.879167,,,,,,,,,,,,,,,,0.221116,0.168679,0.186038,0.207669,0.056801,0.180589,0.272254,0.257440,0.223721,0.327280,0.254528,0.284235,0.204940,0.252324,0.194931
1892,7.883333,,,,,,,,,,,,,,,,0.221122,0.168677,0.186031,0.207669,0.056800,0.180590,0.272273,0.257423,0.223715,0.327294,0.254494,0.284236,0.204958,0.252328,0.194938
1893,7.887500,,,,,,,,,,,,,,,,0.221142,0.168687,0.186020,0.207670,0.056799,0.180587,0.272294,0.257395,0.223702,0.327308,0.254446,0.284241,0.204975,0.252328,0.194931
1894,7.891667,,,,,,,,,,,,,,,,0.221151,0.168684,0.186018,0.207669,0.056801,0.180589,0.272325,0.257384,0.223709,0.327328,0.254408,0.284239,0.204987,0.252353,0.194889
1895,7.895833,,,,,,,,,,,,,,,,0.221141,0.168670,0.186016,0.207669,0.056801,0.180588,0.272346,0.257372,0.223701,0.327345,0.254381,0.284234,0.205003,0.252325,0.194908
1896,7.900000,,,,,,,,,,,,,,,,0.221161,0.168680,0.186004,0.207670,0.056800,0.180588,0.272365,0.257356,0.223694,0.327387,0.254320,0.284240,0.205013,0.252352,0.194875
1897,7.904167,,,,,,,,,,,,,,,,0.221170,0.168677,0.186000,0.207671,0.056800,0.180592,0.272386,0.257341,0.223686,0.327413,0.254290,0.284230,0.205023,0.252353,0.194868
1898,7.908333,,,,,,,,,,,,,,,,0.221176,0.168675,0.185995,0.207672,0.056801,0.180589,0.272406,0.257328,0.223672,0.327433,0.254271,0.284225,0.205039,0.252353,0.194860
1899,7.912500,,,,,,,,,,,,,,,,0.221185,0.168670,0.185991,0.207672,0.056799,0.180590,0.272437,0.257308,0.223676,0.327458,0.254243,0.284214,0.205052,0.252353,0.194855
1900,7.916667,,,,,,,,,,,,,,,,0.221193,0.168650,0.185955,0.207673,0.056800,0.180590,0.272456,0.257299,0.223654,0.327485,0.254208,0.284198,0.205074,0.252357,0.194851
1901,7.920833,,,,,,,,,,,,,,,,0.221196,0.168650,0.185941,0.207675,0.056802,0.180589,0.272482,0.257277,0.223648,0.327515,0.254175,0.284167,0.205088,0.252355,0.194844
1902,7.925000,,,,,,,,,,,,,,,,0.221203,0.168646,0.185939,0.207676,0.056799,0.180589,0.272505,0.257261,0.223636,0.327543,0.254147,0.284150,0.205106,0.252355,0.194838
1903,7.929167,,,,,,,,,,,,,,,,0.221217,0.168643,0.185932,0.207675,0.056800,0.180591,0.272530,0.257245,0.223622,0.327579,0.254116,0.284121,0.205120,0.252360,0.194842
1904,7.933333,,,,,,,,,,,,,,,,0.221223,0.168643,0.185927,0.207674,0.056799,0.180593,0.272563,0.257234,0.223619,0.327608,0.254087,0.284095,0.205135,0.252360,0.194838
1905,7.937500,,,,,,,,,,,,,,,,0.221228,0.168639,0.185919,0.207676,0.056800,0.180588,0.272586,0.257220,0.223607,0.327640,0.254056,0.284071,0.205153,0.252362,0.194831
1906,7.941667,,,,,,,,,,,,,,,,0.221234,0.168637,0.185911,0.207675,0.056799,0.180588,0.272611,0.257207,0.223589,0.327684,0.254004,0.284031,0.205165,0.252363,0.194828
1907,7.945833,,,,,,,,,,,,,,,,0.221237,0.168635,0.185908,0.207673,0.056798,0.180591,0.272632,0.257195,0.223573,0.327717,0.253978,0.284004,0.205178,0.252359,0.194817
1908,7.950000,,,,,,,,,,,,,,,,0.221245,0.168631,0.185904,0.207674,0.056801,0.180593,0.272655,0.257185,0.223557,0.327751,0.253949,0.283973,0.205197,0.252390,0.194771
1909,7.954167,,,,,,,,,,,,,,,,0.221251,0.168628,0.185900,0.207675,0.056799,0.180590,0.272678,0.257174,0.223538,0.327797,0.253921,0.283930,0.205210,0.252389,0.194768
1910,7.958333,,,,,,,,,,,,,,,,0.221242,0.168616,0.185903,0.207673,0.056799,0.180594,0.272701,0.257166,0.223522,0.327836,0.253892,0.283893,0.205222,0.252390,0.194767
1911,7.962500,,,,,,,,,,,,,,,,0.221260,0.168624,0.185890,0.207673,0.056801,0.180594,0.272728,0.257158,0.223494,0.327877,0.253864,0.283855,0.205231,0.252397,0.194773
1912,7.966667,,,,,,,,,,,,,,,,0.221267,0.168621,0.185889,0.207675,0.056799,0.180593,0.272753,0.257148,0.223474,0.327921,0.253833,0.283813,0.205242,0.252398,0.194773
1913,7.970833,,,,,,,,,,,,,,,,0.221273,0.168620,0.185888,0.207673,0.056800,0.180594,0.272776,0.257140,0.223454,0.327968,0.253804,0.283767,0.205255,0.252401,0.194778
1914,7.975000,,,,,,,,,,,,,,,,0.221274,0.168621,0.185884,0.207673,0.056798,0.180596,0.272797,0.257132,0.223434,0.328015,0.253770,0.283714,0.205259,0.252402,0.194780
1915,7.979167,,,,,,,,,,,,,,,,0.221277,0.168619,0.185880,0.207671,0.056800,0.180601,0.272818,0.257124,0.223413,0.328061,0.253736,0.283669,0.205265,0.252402,0.194779
1916,7.983333,,,,,,,,,,,,,,,,0.221277,0.168618,0.185874,0.207670,0.056800,0.180597,0.272842,0.257102,0.223388,0.328115,0.253703,0.283614,0.205275,0.252404,0.194782
1917,7.987500,,,,,,,,,,,,,,,,0.221280,0.168618,0.185872,0.207668,0.056802,0.180599,0.272863,0.257091,0.223365,0.328159,0.253672,0.283570,0.205283,0.252403,0.194784
1918,7.991667,,,,,,,,,,,,,,,,0.221283,0.168614,0.185869,0.207668,0.056800,0.180599,0.272886,0.257074,0.223340,0.328184,0.253645,0.283495,0.205287,0.252400,0.194783
1919,7.995833,,,,,,,,,,,,,,,,0.221281,0.168617,0.185864,0.207666,0.056801,0.180603,0.272903,0.257065,0.223315,0.328228,0.253609,0.283437,0.205295,0.252396,0.194783
1920,8.000000,,,,,,,,,,,,,,,,0.221284,0.168615,0.185855,0.207666,0.056800,0.180598,0.272919,0.257056,0.223292,0.328309,0.253542,0.283381,0.205303,0.252400,0.194789
1921,8.004167,,,,,,,,,,,,,,,,0.221288,0.168614,0.185850,0.207665,0.056800,0.180604,0.272937,0.257047,0.223269,0.328366,0.253507,0.283321,0.205300,0.252396,0.194784
1922,8.008333,,,,,,,,,,,,,,,,0.221287,0.168615,0.185849,0.207666,0.056801,0.180601,0.272952,0.257041,0.223232,0.328416,0.253473,0.283258,0.205305,0.252397,0.194788
1923,8.012500,,,,,,,,,,,,,,,,0.221286,0.168614,0.185849,0.207664,0.056798,0.180602,0.272969,0.257034,0.223205,0.328470,0.253438,0.283194,0.205309,0.252398,0.194793
1924,8.016667,,,,,,,,,,,,,,,,0.221270,0.168602,0.185853,0.207662,0.056798,0.180599,0.272982,0.257025,0.223178,0.328524,0.253397,0.283131,0.205312,0.252398,0.194798
1925,8.020833,,,,,,,,,,,,,,,,0.221279,0.168616,0.185845,0.207661,0.056799,0.180600,0.272993,0.257023,0.223154,0.328573,0.253362,0.283064,0.205310,0.252396,0.194797
1926,8.025000,,,,,,,,,,,,,,,,0.221270,0.168608,0.185844,0.207662,0.056801,0.180600,0.273003,0.257014,0.223136,0.328610,0.253330,0.283011,0.205306,0.252399,0.194802
1927,8.029167,,,,,,,,,,,,,,,,0.221264,0.168604,0.185842,0.207661,0.056799,0.180604,0.273009,0.257008,0.223107,0.328654,0.253281,0.282948,0.205309,0.252398,0.194806
1928,8.033333,,,,,,,,,,,,,,,,0.221271,0.168614,0.185807,0.207661,0.056801,0.180607,0.273018,0.257003,0.223082,0.328691,0.253250,0.282894,0.205307,0.252393,0.194807
1929,8.037500,,,,,,,,,,,,,,,,0.221259,0.168613,0.185824,0.207661,0.056799,0.180604,0.273033,0.257000,0.223058,0.328741,0.253212,0.282815,0.205305,0.252401,0.194823
1930,8.041667,,,,,,,,,,,,,,,,0.221259,0.168609,0.185829,0.207660,0.056800,0.180603,0.273043,0.256995,0.223036,0.328777,0.253177,0.282755,0.205310,0.252397,0.194820
1931,8.045833,,,,,,,,,,,,,,,,0.221257,0.168610,0.185829,0.207660,0.056799,0.180602,0.273047,0.256993,0.223014,0.328822,0.253134,0.282684,0.205305,0.252398,0.194821
1932,8.050000,,,,,,,,,,,,,,,,0.221265,0.168618,0.185798,0.207661,0.056800,0.180603,0.273053,0.256991,0.222991,0.328860,0.253099,0.282625,0.205300,0.252399,0.194837
1933,8.054167,,,,,,,,,,,,,,,,0.221250,0.168615,0.185818,0.207661,0.056797,0.180600,0.273049,0.256989,0.222960,0.328920,0.253057,0.282571,0.205298,0.252400,0.194840
1934,8.058333,,,,,,,,,,,,,,,,0.221245,0.168614,0.185818,0.207660,0.056796,0.180601,0.273049,0.256989,0.222938,0.328957,0.253027,0.282514,0.205293,0.252400,0.194835
1935,8.062500,,,,,,,,,,,,,,,,0.221254,0.168623,0.185785,0.207658,0.056800,0.180604,0.273049,0.256988,0.222916,0.328991,0.252996,0.282450,0.205286,0.252398,0.194834
1936,8.066667,,,,,,,,,,,,,,,,0.221249,0.168629,0.185777,0.207659,0.056799,0.180602,0.273051,0.256987,0.222895,0.329004,0.252977,0.282397,0.205280,0.252397,0.194840
1937,8.070833,,,,,,,,,,,,,,,,0.221231,0.168626,0.185803,0.207661,0.056797,0.180599,0.273049,0.256989,0.222871,0.329032,0.252952,0.282342,0.205276,0.252399,0.194840
1938,8.075000,,,,,,,,,,,,,,,,0.221242,0.168627,0.185777,0.207660,0.056802,0.180598,0.273044,0.256985,0.222842,0.329069,0.252946,0.282254,0.205269,0.252400,0.194847
1939,8.079167,,,,,,,,,,,,,,,,0.221241,0.168633,0.185766,0.207660,0.056798,0.180600,0.273042,0.256985,0.222823,0.329094,0.252923,0.282204,0.205262,0.252401,0.194845
1940,8.083333,,,,,,,,,,,,,,,,0.221236,0.168636,0.185763,0.207661,0.056798,0.180597,0.273039,0.256987,0.222803,0.329115,0.252905,0.282159,0.205260,0.252402,0.194854
1941,8.087500,,,,,,,,,,,,,,,,0.221232,0.168637,0.185759,0.207663,0.056798,0.180596,0.273036,0.256988,0.222785,0.329131,0.252879,0.282109,0.205252,0.252399,0.194852
1942,8.091667,,,,,,,,,,,,,,,,0.221228,0.168639,0.185756,0.207664,0.056797,0.180595,0.273032,0.256990,0.222767,0.329163,0.252844,0.282044,0.205247,0.252398,0.194848
1943,8.095833,,,,,,,,,,,,,,,,0.221211,0.168637,0.185779,0.207663,0.056797,0.180593,0.273030,0.256994,0.222752,0.329159,0.252836,0.282003,0.205242,0.252401,0.194850
1944,8.100000,,,,,,,,,,,,,,,,0.221205,0.168635,0.185781,0.207662,0.056798,0.180590,0.273029,0.256997,0.222737,0.329169,0.252826,0.281965,0.205237,0.252397,0.194854
1945,8.104167,,,,,,,,,,,,,,,,0.221202,0.168640,0.185774,0.207663,0.056797,0.180592,0.273024,0.257002,0.222722,0.329181,0.252813,0.281928,0.205228,0.252399,0.194855
1946,8.108333,,,,,,,,,,,,,,,,0.221211,0.168648,0.185743,0.207665,0.056795,0.180592,0.273020,0.257006,0.222708,0.329206,0.252797,0.281868,0.205213,0.252373,0.194910
1947,8.112500,,,,,,,,,,,,,,,,0.221194,0.168647,0.185764,0.207666,0.056797,0.180588,0.273020,0.257009,0.222677,0.329208,0.252786,0.281823,0.205208,0.252376,0.194913
1948,8.116667,,,,,,,,,,,,,,,,0.221204,0.168650,0.185735,0.207667,0.056796,0.180588,0.273018,0.257013,0.222661,0.329220,0.252776,0.281791,0.205203,0.252368,0.194903
1949,8.120833,,,,,,,,,,,,,,,,0.221186,0.168652,0.185752,0.207667,0.056799,0.180590,0.273010,0.257017,0.222650,0.329230,0.252772,0.281759,0.205190,0.252369,0.194894
1950,8.125000,,,,,,,,,,,,,,,,0.221185,0.168651,0.185751,0.207665,0.056797,0.180588,0.273004,0.257022,0.222638,0.329236,0.252774,0.281733,0.205178,0.252367,0.194889
1951,8.129167,,,,,,,,,,,,,,,,0.221182,0.168653,0.185746,0.207665,0.056795,0.180588,0.272993,0.257029,0.222620,0.329238,0.252768,0.281706,0.205177,0.252374,0.194888
1952,8.133333,,,,,,,,,,,,,,,,0.221188,0.168664,0.185729,0.207667,0.056794,0.180587,0.272984,0.257036,0.222607,0.329238,0.252773,0.281686,0.205171,0.252365,0.194880
1953,8.137500,,,,,,,,,,,,,,,,0.221172,0.168662,0.185727,0.207666,0.056798,0.180584,0.272976,0.257042,0.222596,0.329234,0.252780,0.281671,0.205158,0.252376,0.194873
1954,8.141667,,,,,,,,,,,,,,,,0.221170,0.168659,0.185726,0.207666,0.056794,0.180584,0.272965,0.257047,0.222587,0.329228,0.252788,0.281660,0.205155,0.252375,0.194870
1955,8.145833,,,,,,,,,,,,,,,,0.221177,0.168669,0.185695,0.207667,0.056797,0.180584,0.272958,0.257054,0.222579,0.329213,0.252800,0.281648,0.205150,0.252376,0.194862
1956,8.150000,,,,,,,,,,,,,,,,0.221161,0.168669,0.185712,0.207667,0.056797,0.180583,0.272945,0.257062,0.222563,0.329216,0.252823,0.281637,0.205146,0.252373,0.194850
1957,8.154167,,,,,,,,,,,,,,,,0.221175,0.168674,0.185687,0.207667,0.056795,0.180586,0.272937,0.257070,0.222556,0.329190,0.252832,0.281645,0.205138,0.252374,0.194846
1958,8.158333,,,,,,,,,,,,,,,,0.221160,0.168671,0.185707,0.207667,0.056796,0.180583,0.272928,0.257075,0.222551,0.329189,0.252859,0.281642,0.205128,0.252377,0.194843
1959,8.162500,,,,,,,,,,,,,,,,0.221159,0.168673,0.185705,0.207667,0.056796,0.180582,0.272919,0.257082,0.222548,0.329175,0.252874,0.281644,0.205126,0.252380,0.194834
1960,8.166667,,,,,,,,,,,,,,,,0.221155,0.168674,0.185704,0.207666,0.056795,0.180584,0.272910,0.257089,0.222544,0.329156,0.252901,0.281660,0.205120,0.252378,0.194830
1961,8.170833,,,,,,,,,,,,,,,,0.221154,0.168675,0.185699,0.207669,0.056796,0.180580,0.272898,0.257095,0.222540,0.329119,0.252905,0.281673,0.205116,0.252378,0.194821
1962,8.175000,,,,,,,,,,,,,,,,0.221151,0.168679,0.185692,0.207668,0.056798,0.180581,0.272886,0.257102,0.222539,0.329096,0.252923,0.281683,0.205107,0.252379,0.194804
1963,8.179167,,,,,,,,,,,,,,,,0.221160,0.168686,0.185662,0.207667,0.056797,0.180580,0.272874,0.257109,0.222540,0.329074,0.252941,0.281696,0.205104,0.252384,0.194804
1964,8.183333,,,,,,,,,,,,,,,,0.221144,0.168684,0.185679,0.207666,0.056798,0.180583,0.272859,0.257123,0.222537,0.329082,0.252965,0.281715,0.205098,0.252385,0.194800
1965,8.187500,,,,,,,,,,,,,,,,0.221163,0.168701,0.185647,0.207665,0.056796,0.180581,0.272848,0.257131,0.222539,0.329043,0.252969,0.281737,0.205097,0.252385,0.194788
1966,8.191667,,,,,,,,,,,,,,,,0.221151,0.168696,0.185648,0.207665,0.056797,0.180581,0.272836,0.257136,0.222542,0.329002,0.252992,0.281776,0.205093,0.252383,0.194782
1967,8.195833,,,,,,,,,,,,,,,,0.221159,0.168705,0.185638,0.207666,0.056796,0.180581,0.272823,0.257144,0.222546,0.328951,0.253017,0.281799,0.205087,0.252391,0.194773
1968,8.200000,,,,,,,,,,,,,,,,0.221138,0.168693,0.185671,0.207663,0.056798,0.180583,0.272812,0.257149,0.222550,0.328921,0.253031,0.281821,0.205086,0.252392,0.194769
1969,8.204167,,,,,,,,,,,,,,,,0.221148,0.168698,0.185653,0.207663,0.056796,0.180586,0.272799,0.257155,0.222556,0.328894,0.253045,0.281844,0.205069,0.252401,0.194776
1970,8.208333,,,,,,,,,,,,,,,,0.221155,0.168709,0.185635,0.207663,0.056796,0.180583,0.272776,0.257163,0.222580,0.328864,0.253059,0.281871,0.205079,0.252393,0.194752
1971,8.212500,,,,,,,,,,,,,,,,0.221139,0.168709,0.185654,0.207661,0.056797,0.180582,0.272756,0.257175,0.222587,0.328852,0.253068,0.281894,0.205071,0.252395,0.194745
1972,8.216667,,,,,,,,,,,,,,,,0.221137,0.168706,0.185659,0.207661,0.056797,0.180586,0.272728,0.257189,0.222585,0.328816,0.253087,0.281927,0.205062,0.252394,0.194735
1973,8.220833,,,,,,,,,,,,,,,,0.221133,0.168709,0.185660,0.207661,0.056798,0.180588,0.272712,0.257194,0.222596,0.328767,0.253106,0.281956,0.205062,0.252398,0.194736
1974,8.225000,,,,,,,,,,,,,,,,0.221140,0.168720,0.185631,0.207660,0.056800,0.180587,0.272699,0.257199,0.222606,0.328720,0.253121,0.281990,0.205058,0.252399,0.194728
1975,8.229167,,,,,,,,,,,,,,,,0.221124,0.168715,0.185654,0.207659,0.056797,0.180591,0.272685,0.257201,0.222618,0.328634,0.253162,0.282023,0.205053,0.252397,0.194721
1976,8.233333,,,,,,,,,,,,,,,,0.221126,0.168720,0.185640,0.207658,0.056798,0.180591,0.272668,0.257205,0.222630,0.328580,0.253167,0.282079,0.205048,0.252395,0.194712
1977,8.237500,,,,,,,,,,,,,,,,0.221119,0.168719,0.185655,0.207657,0.056799,0.180589,0.272651,0.257208,0.222643,0.328532,0.253205,0.282134,0.205040,0.252396,0.194702
1978,8.241667,,,,,,,,,,,,,,,,0.221108,0.168719,0.185666,0.207657,0.056797,0.180595,0.272634,0.257211,0.222660,0.328483,0.253213,0.282181,0.205032,0.252398,0.194697
1979,8.245833,,,,,,,,,,,,,,,,0.221120,0.168724,0.185640,0.207656,0.056798,0.180596,0.272616,0.257212,0.222673,0.328442,0.253221,0.282221,0.205026,0.252397,0.194685
1980,8.250000,,,,,,,,,,,,,,,,0.221102,0.168723,0.185668,0.207656,0.056798,0.180598,0.272599,0.257217,0.222688,0.328399,0.253226,0.282260,0.205009,0.252405,0.194695
1981,8.254167,,,,,,,,,,,,,,,,0.221097,0.168724,0.185676,0.207655,0.056800,0.180599,0.272584,0.257221,0.222704,0.328352,0.253235,0.282316,0.205019,0.252410,0.194707
1982,8.258333,,,,,,,,,,,,,,,,0.221091,0.168726,0.185679,0.207654,0.056800,0.180597,0.272566,0.257221,0.222719,0.328312,0.253238,0.282354,0.205001,0.252411,0.194696
1983,8.262500,,,,,,,,,,,,,,,,0.221079,0.168721,0.185687,0.207654,0.056798,0.180598,0.272545,0.257224,0.222739,0.328264,0.253235,0.282388,0.204990,0.252412,0.194687
1984,8.266667,,,,,,,,,,,,,,,,0.221074,0.168722,0.185693,0.207653,0.056801,0.180599,0.272526,0.257225,0.222758,0.328217,0.253235,0.282435,0.204993,0.252408,0.194674
1985,8.270833,,,,,,,,,,,,,,,,0.221078,0.168735,0.185687,0.207652,0.056796,0.180599,0.272508,0.257226,0.222779,0.328173,0.253232,0.282478,0.204980,0.252416,0.194692
1986,8.275000,,,,,,,,,,,,,,,,0.221075,0.168735,0.185689,0.207650,0.056799,0.180601,0.272486,0.257228,0.222801,0.328126,0.253230,0.282525,0.204992,0.252418,0.194701
1987,8.279167,,,,,,,,,,,,,,,,0.221070,0.168740,0.185694,0.207651,0.056799,0.180599,0.272467,0.257226,0.222824,0.328077,0.253224,0.282578,0.204989,0.252419,0.194704
1988,8.283333,,,,,,,,,,,,,,,,0.221068,0.168737,0.185699,0.207651,0.056798,0.180599,0.272449,0.257223,0.222848,0.328035,0.253220,0.282619,0.204971,0.252410,0.194682
1989,8.287500,,,,,,,,,,,,,,,,0.221057,0.168725,0.185712,0.207651,0.056799,0.180605,0.272434,0.257219,0.222880,0.328011,0.253199,0.282657,0.204914,0.252441,0.194530
1990,8.291667,,,,,,,,,,,,,,,,0.221050,0.168732,0.185721,0.207650,0.056801,0.180603,0.272408,0.257228,0.222885,0.327974,0.253191,0.282697,0.204868,0.252426,0.194475
1991,8.295833,,,,,,,,,,,,,,,,0.221058,0.168736,0.185714,0.207651,0.056799,0.180604,0.272381,0.257225,0.222917,0.327890,0.253174,0.282752,0.204925,0.252470,0.194598
1992,8.300000,,,,,,,,,,,,,,,,0.221044,0.168735,0.185726,0.207650,0.056798,0.180603,0.272360,0.257226,0.222942,0.327836,0.253165,0.282800,0.204884,0.252453,0.194538
1993,8.304167,,,,,,,,,,,,,,,,0.221039,0.168734,0.185735,0.207651,0.056799,0.180603,0.272341,0.257223,0.222971,0.327790,0.253154,0.282849,0.204843,0.252443,0.194496
1994,8.308333,,,,,,,,,,,,,,,,0.221037,0.168735,0.185745,0.207650,0.056800,0.180605,0.272325,0.257227,0.222993,0.327756,0.253144,0.282902,0.204848,0.252429,0.194483
1995,8.312500,,,,,,,,,,,,,,,,0.221028,0.168738,0.185752,0.207651,0.056799,0.180600,0.272307,0.257226,0.223019,0.327705,0.253116,0.282999,0.204830,0.252444,0.194501
1996,8.316667,,,,,,,,,,,,,,,,0.221027,0.168740,0.185756,0.207651,0.056799,0.180601,0.272288,0.257223,0.223046,0.327666,0.253106,0.283044,0.204837,0.252431,0.194486
1997,8.320833,,,,,,,,,,,,,,,,0.221024,0.168740,0.185762,0.207652,0.056798,0.180602,0.272270,0.257219,0.223075,0.327625,0.253097,0.283087,0.204832,0.252435,0.194494
1998,8.325000,,,,,,,,,,,,,,,,0.221022,0.168739,0.185770,0.207651,0.056799,0.180600,0.272250,0.257219,0.223103,0.327585,0.253095,0.283144,0.204826,0.252436,0.194500
1999,8.329167,,,,,,,,,,,,,,,,0.221020,0.168742,0.185780,0.207651,0.056798,0.180602,0.272232,0.257226,0.223128,0.327555,0.253063,0.283193,0.204820,0.252436,0.194504
2000,8.333333,,,,,,,,,,,,,,,,0.221019,0.168740,0.185785,0.207653,0.056795,0.180602,0.272216,0.257225,0.223155,0.327518,0.253052,0.283227,0.204814,0.252436,0.194506
2001,8.337500,,,,,,,,,,,,,,,,0.221012,0.168742,0.185793,0.207653,0.056797,0.180603,0.272200,0.257226,0.223182,0.327478,0.253047,0.283269,0.204805,0.252440,0.194512
2002,8.341667,,,,,,,,,,,,,,,,0.221006,0.168744,0.185797,0.207654,0.056798,0.180599,0.272185,0.257222,0.223209,0.327439,0.253043,0.283313,0.204795,0.252439,0.194512
2003,8.345833,,,,,,,,,,,,,,,,0.221005,0.168746,0.185802,0.207652,0.056799,0.180604,0.272168,0.257221,0.223235,0.327394,0.253050,0.283365,0.204793,0.252440,0.194517
2004,8.350000,,,,,,,,,,,,,,,,0.221002,0.168748,0.185808,0.207655,0.056799,0.180596,0.272154,0.257221,0.223263,0.327347,0.253049,0.283417,0.204794,0.252442,0.194521
2005,8.354167,,,,,,,,,,,,,,,,0.220999,0.168757,0.185822,0.207656,0.056799,0.180598,0.272138,0.257221,0.223293,0.327314,0.253042,0.283455,0.204787,0.252442,0.194531
2006,8.358333,,,,,,,,,,,,,,,,0.221001,0.168763,0.185862,0.207656,0.056799,0.180598,0.272124,0.257219,0.223315,0.327284,0.253037,0.283491,0.204786,0.252440,0.194533
2007,8.362500,,,,,,,,,,,,,,,,0.221001,0.168771,0.185879,0.207656,0.056796,0.180599,0.272113,0.257218,0.223337,0.327243,0.253038,0.283522,0.204781,0.252436,0.194530
2008,8.366667,,,,,,,,,,,,,,,,0.221001,0.168770,0.185884,0.207656,0.056798,0.180596,0.272104,0.257218,0.223359,0.327183,0.253022,0.283562,0.204776,0.252438,0.194532
2009,8.370833,,,,,,,,,,,,,,,,0.221001,0.168771,0.185887,0.207657,0.056797,0.180598,0.272094,0.257215,0.223383,0.327150,0.253020,0.283603,0.204777,0.252435,0.194537
2010,8.375000,,,,,,,,,,,,,,,,0.221001,0.168765,0.185884,0.207657,0.056797,0.180593,0.272081,0.257213,0.223405,0.327106,0.253015,0.283657,0.204772,0.252432,0.194533
2011,8.379167,,,,,,,,,,,,,,,,0.220999,0.168764,0.185886,0.207657,0.056799,0.180593,0.272068,0.257212,0.223425,0.327068,0.253015,0.283704,0.204770,0.252432,0.194535
2012,8.383333,,,,,,,,,,,,,,,,0.221003,0.168768,0.185892,0.207656,0.056798,0.180593,0.272057,0.257209,0.223448,0.327033,0.253012,0.283749,0.204768,0.252436,0.194540
2013,8.387500,,,,,,,,,,,,,,,,0.221000,0.168769,0.185897,0.207659,0.056798,0.180593,0.272049,0.257207,0.223466,0.326998,0.252993,0.283824,0.204772,0.252431,0.194532
2014,8.391667,,,,,,,,,,,,,,,,0.221001,0.168766,0.185900,0.207659,0.056799,0.180591,0.272043,0.257206,0.223484,0.326971,0.252995,0.283860,0.204773,0.252433,0.194536
2015,8.395833,,,,,,,,,,,,,,,,0.221002,0.168765,0.185908,0.207659,0.056796,0.180590,0.272037,0.257205,0.223501,0.326931,0.253000,0.283916,0.204770,0.252434,0.194538
2016,8.400000,,,,,,,,,,,,,,,,0.221006,0.168765,0.185910,0.207659,0.056798,0.180590,0.272033,0.257202,0.223517,0.326906,0.253002,0.283946,0.204762,0.252435,0.194529
2017,8.404167,,,,,,,,,,,,,,,,0.221008,0.168762,0.185912,0.207660,0.056797,0.180592,0.272027,0.257198,0.223531,0.326879,0.252987,0.283982,0.204766,0.252439,0.194533
2018,8.408333,,,,,,,,,,,,,,,,0.221007,0.168773,0.185918,0.207660,0.056797,0.180590,0.272022,0.257195,0.223545,0.326856,0.252989,0.284011,0.204768,0.252439,0.194539
2019,8.412500,,,,,,,,,,,,,,,,0.221010,0.168766,0.185909,0.207661,0.056797,0.180590,0.272019,0.257178,0.223588,0.326833,0.252992,0.284035,0.204752,0.252411,0.194587
2020,8.416667,,,,,,,,,,,,,,,,0.221006,0.168776,0.185917,0.207662,0.056796,0.180590,0.272010,0.257184,0.223613,0.326814,0.252993,0.284062,0.204769,0.252444,0.194537
2021,8.420833,,,,,,,,,,,,,,,,0.221009,0.168767,0.185910,0.207659,0.056798,0.180592,0.272001,0.257174,0.223602,0.326794,0.252995,0.284085,0.204771,0.252441,0.194525
2022,8.425000,,,,,,,,,,,,,,,,0.221007,0.168773,0.185916,0.207660,0.056798,0.180588,0.272009,0.257171,0.223619,0.326774,0.253006,0.284114,0.204769,0.252441,0.194513
2023,8.429167,,,,,,,,,,,,,,,,0.221013,0.168764,0.185912,0.207660,0.056800,0.180589,0.272005,0.257176,0.223637,0.326749,0.253003,0.284142,0.204775,0.252444,0.194513
2024,8.433333,,,,,,,,,,,,,,,,0.221014,0.168762,0.185911,0.207661,0.056799,0.180587,0.272002,0.257173,0.223647,0.326730,0.253001,0.284166,0.204779,0.252448,0.194518
2025,8.437500,,,,,,,,,,,,,,,,0.221014,0.168766,0.185910,0.207660,0.056798,0.180586,0.272008,0.257163,0.223639,0.326714,0.253000,0.284188,0.204780,0.252446,0.194503
2026,8.441667,,,,,,,,,,,,,,,,0.221016,0.168764,0.185908,0.207660,0.056801,0.180586,0.272021,0.257155,0.223649,0.326699,0.252993,0.284207,0.204782,0.252446,0.194499
2027,8.445833,,,,,,,,,,,,,,,,0.221022,0.168764,0.185907,0.207659,0.056802,0.180583,0.272022,0.257152,0.223650,0.326685,0.252990,0.284225,0.204784,0.252450,0.194499
2028,8.450000,,,,,,,,,,,,,,,,0.221021,0.168763,0.185904,0.207659,0.056799,0.180587,0.272021,0.257150,0.223653,0.326671,0.252988,0.284240,0.204790,0.252445,0.194493
2029,8.454167,,,,,,,,,,,,,,,,0.221022,0.168766,0.185903,0.207657,0.056801,0.180587,0.272024,0.257147,0.223653,0.326659,0.252984,0.284249,0.204794,0.252446,0.194485
2030,8.458333,,,,,,,,,,,,,,,,0.221024,0.168766,0.185900,0.207657,0.056802,0.180583,0.272023,0.257145,0.223651,0.326649,0.252980,0.284261,0.204797,0.252446,0.194480
2031,8.462500,,,,,,,,,,,,,,,,0.221025,0.168764,0.185898,0.207656,0.056802,0.180588,0.272024,0.257141,0.223649,0.326639,0.252972,0.284270,0.204801,0.252449,0.194475
2032,8.466667,,,,,,,,,,,,,,,,0.221019,0.168774,0.185899,0.207656,0.056804,0.180589,0.272028,0.257140,0.223645,0.326632,0.252964,0.284273,0.204806,0.252450,0.194469
2033,8.470833,,,,,,,,,,,,,,,,0.221023,0.168767,0.185892,0.207656,0.056804,0.180586,0.272029,0.257137,0.223640,0.326629,0.252956,0.284276,0.204809,0.252450,0.194465
2034,8.475000,,,,,,,,,,,,,,,,0.221022,0.168765,0.185889,0.207655,0.056802,0.180590,0.272033,0.257135,0.223635,0.326628,0.252949,0.284274,0.204808,0.252451,0.194451
2035,8.479167,,,,,,,,,,,,,,,,0.221028,0.168767,0.185883,0.207654,0.056806,0.180592,0.272036,0.257132,0.223627,0.326628,0.252928,0.284261,0.204812,0.252458,0.194454
2036,8.483333,,,,,,,,,,,,,,,,0.221026,0.168766,0.185881,0.207657,0.056803,0.180594,0.272041,0.257129,0.223618,0.326631,0.252916,0.284254,0.204815,0.252453,0.194447
2037,8.487500,,,,,,,,,,,,,,,,0.221028,0.168764,0.185877,0.207657,0.056804,0.180592,0.272045,0.257128,0.223610,0.326636,0.252904,0.284244,0.204804,0.252467,0.194458
2038,8.491667,,,,,,,,,,,,,,,,0.221027,0.168767,0.185872,0.207657,0.056802,0.180592,0.272047,0.257126,0.223599,0.326642,0.252892,0.284230,0.204814,0.252454,0.194437
2039,8.495833,,,,,,,,,,,,,,,,0.221024,0.168770,0.185865,0.207655,0.056805,0.180595,0.272052,0.257123,0.223587,0.326651,0.252879,0.284212,0.204821,0.252456,0.194435
2040,8.500000,,,,,,,,,,,,,,,,0.221033,0.168760,0.185815,0.207654,0.056803,0.180594,0.272056,0.257121,0.223575,0.326661,0.252866,0.284194,0.204814,0.252471,0.194452
2041,8.504167,,,,,,,,,,,,,,,,0.221021,0.168758,0.185811,0.207653,0.056804,0.180594,0.272059,0.257120,0.223560,0.326675,0.252853,0.284168,0.204829,0.252457,0.194434
2042,8.508333,,,,,,,,,,,,,,,,0.221015,0.168782,0.185857,0.207654,0.056804,0.180597,0.272062,0.257119,0.223524,0.326692,0.252840,0.284144,0.204812,0.252468,0.194435
2043,8.512500,,,,,,,,,,,,,,,,0.221023,0.168755,0.185816,0.207656,0.056802,0.180598,0.272067,0.257131,0.223500,0.326711,0.252825,0.284111,0.204823,0.252458,0.194422
2044,8.516667,,,,,,,,,,,,,,,,0.221019,0.168757,0.185807,0.207655,0.056804,0.180600,0.272080,0.257131,0.223494,0.326739,0.252807,0.284084,0.204811,0.252467,0.194433
2045,8.520833,,,,,,,,,,,,,,,,0.221017,0.168759,0.185803,0.207656,0.056804,0.180600,0.272080,0.257129,0.223465,0.326763,0.252794,0.284049,0.204808,0.252468,0.194425
2046,8.525000,,,,,,,,,,,,,,,,0.221027,0.168769,0.185792,0.207657,0.056802,0.180603,0.272083,0.257129,0.223448,0.326787,0.252779,0.284010,0.204809,0.252469,0.194425
2047,8.529167,,,,,,,,,,,,,,,,0.221018,0.168759,0.185797,0.207657,0.056804,0.180602,0.272089,0.257129,0.223428,0.326813,0.252765,0.283967,0.204802,0.252467,0.194418
2048,8.533333,,,,,,,,,,,,,,,,0.221017,0.168759,0.185792,0.207657,0.056804,0.180603,0.272082,0.257130,0.223398,0.326852,0.252747,0.283912,0.204807,0.252465,0.194425
2049,8.537500,,,,,,,,,,,,,,,,0.221014,0.168761,0.185785,0.207656,0.056804,0.180604,0.272096,0.257127,0.223384,0.326880,0.252732,0.283870,0.204807,0.252468,0.194427
2050,8.541667,,,,,,,,,,,,,,,,0.221011,0.168763,0.185785,0.207655,0.056803,0.180602,0.272102,0.257124,0.223363,0.326908,0.252719,0.283829,0.204802,0.252467,0.194429
2051,8.545833,,,,,,,,,,,,,,,,0.221011,0.168763,0.185779,0.207655,0.056801,0.180604,0.272108,0.257125,0.223343,0.326938,0.252703,0.283785,0.204805,0.252469,0.194431
2052,8.550000,,,,,,,,,,,,,,,,0.221008,0.168763,0.185777,0.207657,0.056801,0.180604,0.272106,0.257127,0.223310,0.326962,0.252679,0.283725,0.204803,0.252469,0.194436
2053,8.554167,,,,,,,,,,,,,,,,0.221004,0.168767,0.185776,0.207655,0.056802,0.180605,0.272111,0.257129,0.223286,0.326995,0.252664,0.283672,0.204803,0.252472,0.194442
2054,8.558333,,,,,,,,,,,,,,,,0.221002,0.168775,0.185783,0.207654,0.056802,0.180606,0.272120,0.257129,0.223264,0.327046,0.252643,0.283603,0.204804,0.252473,0.194450
2055,8.562500,,,,,,,,,,,,,,,,0.221012,0.168784,0.185770,0.207655,0.056799,0.180606,0.272127,0.257129,0.223241,0.327087,0.252623,0.283545,0.204792,0.252473,0.194448
2056,8.566667,,,,,,,,,,,,,,,,0.221008,0.168786,0.185767,0.207655,0.056800,0.180605,0.272127,0.257130,0.223208,0.327130,0.252603,0.283484,0.204792,0.252475,0.194452
2057,8.570833,,,,,,,,,,,,,,,,0.221002,0.168769,0.185762,0.207654,0.056800,0.180607,0.272134,0.257129,0.223186,0.327185,0.252562,0.283406,0.204785,0.252471,0.194456
2058,8.575000,,,,,,,,,,,,,,,,0.220996,0.168777,0.185763,0.207656,0.056799,0.180607,0.272142,0.257131,0.223160,0.327237,0.252543,0.283333,0.204792,0.252461,0.194443
2059,8.579167,,,,,,,,,,,,,,,,0.221000,0.168790,0.185752,0.207655,0.056798,0.180606,0.272147,0.257132,0.223136,0.327268,0.252533,0.283244,0.204799,0.252462,0.194459
2060,8.583333,,,,,,,,,,,,,,,,0.220992,0.168783,0.185752,0.207655,0.056798,0.180605,0.272153,0.257134,0.223108,0.327304,0.252522,0.283187,0.204779,0.252472,0.194473
2061,8.587500,,,,,,,,,,,,,,,,0.220991,0.168783,0.185757,0.207654,0.056798,0.180609,0.272163,0.257134,0.223084,0.327344,0.252520,0.283118,0.204774,0.252471,0.194470
2062,8.591667,,,,,,,,,,,,,,,,0.220997,0.168794,0.185747,0.207655,0.056797,0.180605,0.272174,0.257126,0.223064,0.327384,0.252508,0.283063,0.204781,0.252458,0.194462
2063,8.595833,,,,,,,,,,,,,,,,0.220998,0.168792,0.185747,0.207656,0.056797,0.180603,0.272181,0.257126,0.223037,0.327438,0.252493,0.282990,0.204770,0.252470,0.194489
2064,8.600000,,,,,,,,,,,,,,,,0.220998,0.168794,0.185745,0.207659,0.056795,0.180605,0.272189,0.257124,0.223014,0.327488,0.252472,0.282917,0.204670,0.252489,0.194444
2065,8.604167,,,,,,,,,,,,,,,,0.220997,0.168795,0.185740,0.207658,0.056797,0.180605,0.272197,0.257126,0.222988,0.327527,0.252475,0.282862,0.204743,0.252423,0.194510
2066,8.608333,,,,,,,,,,,,,,,,0.220996,0.168797,0.185733,0.207657,0.056796,0.180604,0.272206,0.257127,0.222965,0.327600,0.252472,0.282777,0.204759,0.252439,0.194572
2067,8.612500,,,,,,,,,,,,,,,,0.220994,0.168796,0.185730,0.207658,0.056796,0.180602,0.272214,0.257127,0.222945,0.327647,0.252458,0.282717,0.204766,0.252433,0.194562
2068,8.616667,,,,,,,,,,,,,,,,0.220984,0.168783,0.185727,0.207656,0.056796,0.180600,0.272222,0.257128,0.222922,0.327695,0.252434,0.282648,0.204768,0.252427,0.194553
2069,8.620833,,,,,,,,,,,,,,,,0.220986,0.168782,0.185723,0.207656,0.056797,0.180602,0.272232,0.257121,0.222904,0.327733,0.252419,0.282597,0.204777,0.252458,0.194508
2070,8.625000,,,,,,,,,,,,,,,,0.220982,0.168790,0.185730,0.207657,0.056796,0.180597,0.272238,0.257129,0.222877,0.327769,0.252404,0.282547,0.204663,0.252485,0.194476
2071,8.629167,,,,,,,,,,,,,,,,0.220991,0.168799,0.185715,0.207656,0.056799,0.180597,0.272250,0.257123,0.222861,0.327805,0.252388,0.282498,0.204617,0.252446,0.194495
2072,8.633333,,,,,,,,,,,,,,,,0.220987,0.168800,0.185711,0.207656,0.056798,0.180594,0.272261,0.257132,0.222832,0.327856,0.252364,0.282436,0.204621,0.252449,0.194503
2073,8.637500,,,,,,,,,,,,,,,,0.220987,0.168801,0.185708,0.207658,0.056797,0.180594,0.272268,0.257132,0.222813,0.327893,0.252347,0.282386,0.204742,0.252430,0.194561
2074,8.641667,,,,,,,,,,,,,,,,0.220988,0.168802,0.185704,0.207658,0.056798,0.180596,0.272274,0.257132,0.222794,0.327948,0.252325,0.282329,0.204683,0.252496,0.194518
2075,8.645833,,,,,,,,,,,,,,,,0.220987,0.168803,0.185697,0.207660,0.056799,0.180591,0.272284,0.257131,0.222777,0.327964,0.252314,0.282282,0.204635,0.252489,0.194465
2076,8.650000,,,,,,,,,,,,,,,,0.220990,0.168803,0.185693,0.207659,0.056799,0.180593,0.272292,0.257130,0.222759,0.327996,0.252297,0.282233,0.204614,0.252455,0.194512
2077,8.654167,,,,,,,,,,,,,,,,0.220989,0.168806,0.185688,0.207660,0.056796,0.180587,0.272298,0.257128,0.222740,0.328028,0.252278,0.282191,0.204757,0.252466,0.194514
2078,8.658333,,,,,,,,,,,,,,,,0.220988,0.168805,0.185682,0.207659,0.056798,0.180589,0.272306,0.257127,0.222721,0.328057,0.252259,0.282150,0.204687,0.252499,0.194517
2079,8.662500,,,,,,,,,,,,,,,,0.220988,0.168806,0.185679,0.207658,0.056799,0.180588,0.272316,0.257126,0.222702,0.328116,0.252223,0.282118,0.204746,0.252435,0.194570
2080,8.666667,,,,,,,,,,,,,,,,0.220989,0.168806,0.185674,0.207657,0.056798,0.180589,0.272334,0.257125,0.222670,0.328140,0.252204,0.282086,0.204667,0.252468,0.194553
2081,8.670833,,,,,,,,,,,,,,,,0.220993,0.168807,0.185667,0.207659,0.056799,0.180588,0.272342,0.257119,0.222644,0.328160,0.252189,0.282055,0.204635,0.252495,0.194456
2082,8.675000,,,,,,,,,,,,,,,,0.220991,0.168805,0.185661,0.207657,0.056799,0.180588,0.272351,0.257116,0.222627,0.328178,0.252173,0.282029,0.204754,0.252433,0.194553
2083,8.679167,,,,,,,,,,,,,,,,0.220993,0.168807,0.185658,0.207656,0.056798,0.180590,0.272360,0.257114,0.222612,0.328194,0.252157,0.282003,0.204701,0.252498,0.194508
2084,8.683333,,,,,,,,,,,,,,,,0.220996,0.168804,0.185651,0.207657,0.056798,0.180586,0.272372,0.257107,0.222600,0.328209,0.252127,0.281962,0.204657,0.252489,0.194442
2085,8.687500,,,,,,,,,,,,,,,,0.220998,0.168808,0.185645,0.207659,0.056798,0.180589,0.272382,0.257104,0.222583,0.328224,0.252108,0.281937,0.204761,0.252476,0.194496
2086,8.691667,,,,,,,,,,,,,,,,0.220996,0.168808,0.185639,0.207661,0.056801,0.180587,0.272390,0.257101,0.222566,0.328238,0.252091,0.281912,0.204805,0.252471,0.194507
2087,8.695833,,,,,,,,,,,,,,,,0.220997,0.168808,0.185631,0.207658,0.056802,0.180589,0.272403,0.257087,0.222547,0.328267,0.252059,0.281863,0.204793,0.252486,0.194515
2088,8.700000,,,,,,,,,,,,,,,,0.221000,0.168807,0.185627,0.207660,0.056799,0.180585,0.272412,0.257082,0.222531,0.328279,0.252042,0.281843,0.204794,0.252484,0.194506
2089,8.704167,,,,,,,,,,,,,,,,0.220999,0.168807,0.185620,0.207659,0.056802,0.180585,0.272419,0.257080,0.222516,0.328290,0.252026,0.281824,0.204797,0.252488,0.194494
2090,8.708333,,,,,,,,,,,,,,,,0.221000,0.168808,0.185614,0.207657,0.056800,0.180585,0.272426,0.257075,0.222502,0.328303,0.251994,0.281796,0.204799,0.252485,0.194487
2091,8.712500,,,,,,,,,,,,,,,,0.221001,0.168807,0.185604,0.207655,0.056804,0.180583,0.272432,0.257072,0.222489,0.328308,0.251978,0.281780,0.204803,0.252486,0.194474
2092,8.716667,,,,,,,,,,,,,,,,0.221000,0.168808,0.185597,0.207655,0.056804,0.180585,0.272435,0.257071,0.222474,0.328310,0.251967,0.281767,0.204808,0.252485,0.194473
2093,8.720833,,,,,,,,,,,,,,,,0.221002,0.168810,0.185591,0.207659,0.056802,0.180580,0.272442,0.257067,0.222465,0.328315,0.251955,0.281757,0.204837,0.252485,0.194474
2094,8.725000,,,,,,,,,,,,,,,,0.221005,0.168810,0.185587,0.207658,0.056801,0.180587,0.272448,0.257061,0.222453,0.328319,0.251943,0.281748,0.204845,0.252485,0.194472
2095,8.729167,,,,,,,,,,,,,,,,0.221019,0.168815,0.185554,0.207657,0.056804,0.180587,0.272452,0.257059,0.222445,0.328320,0.251932,0.281743,0.204847,0.252489,0.194463
2096,8.733333,,,,,,,,,,,,,,,,0.221006,0.168811,0.185578,0.207658,0.056802,0.180583,0.272460,0.257056,0.222437,0.328321,0.251922,0.281737,0.204847,0.252488,0.194456
2097,8.737500,,,,,,,,,,,,,,,,0.221007,0.168805,0.185580,0.207657,0.056801,0.180585,0.272464,0.257052,0.222430,0.328321,0.251912,0.281736,0.204832,0.252492,0.194443
2098,8.741667,,,,,,,,,,,,,,,,0.221022,0.168812,0.185551,0.207657,0.056804,0.180584,0.272468,0.257051,0.222421,0.328319,0.251903,0.281735,0.204853,0.252489,0.194443
2099,8.745833,,,,,,,,,,,,,,,,0.221009,0.168811,0.185566,0.207656,0.056805,0.180586,0.272472,0.257047,0.222418,0.328319,0.251894,0.281732,0.204860,0.252494,0.194441
2100,8.750000,,,,,,,,,,,,,,,,0.221026,0.168812,0.185542,0.207655,0.056803,0.180587,0.272476,0.257043,0.222411,0.328316,0.251889,0.281736,0.204869,0.252491,0.194436
2101,8.754167,,,,,,,,,,,,,,,,0.221023,0.168818,0.185535,0.207656,0.056802,0.180586,0.272478,0.257039,0.222407,0.328305,0.251865,0.281745,0.204844,0.252496,0.194415
2102,8.758333,,,,,,,,,,,,,,,,0.221025,0.168816,0.185532,0.207659,0.056800,0.180586,0.272480,0.257038,0.222405,0.328302,0.251860,0.281745,0.204839,0.252492,0.194400
2103,8.762500,,,,,,,,,,,,,,,,0.221029,0.168814,0.185534,0.207659,0.056802,0.180586,0.272481,0.257036,0.222403,0.328297,0.251851,0.281750,0.204840,0.252493,0.194398
2104,8.766667,,,,,,,,,,,,,,,,0.221029,0.168815,0.185532,0.207658,0.056801,0.180590,0.272483,0.257034,0.222402,0.328292,0.251847,0.281752,0.204849,0.252492,0.194391
2105,8.770833,,,,,,,,,,,,,,,,0.221027,0.168815,0.185530,0.207656,0.056801,0.180589,0.272484,0.257030,0.222406,0.328287,0.251842,0.281757,0.204849,0.252495,0.194389
2106,8.775000,,,,,,,,,,,,,,,,0.221029,0.168815,0.185528,0.207655,0.056802,0.180591,0.272484,0.257029,0.222405,0.328281,0.251836,0.281764,0.204855,0.252496,0.194387
2107,8.779167,,,,,,,,,,,,,,,,0.221030,0.168815,0.185530,0.207655,0.056803,0.180592,0.272483,0.257028,0.222406,0.328274,0.251831,0.281770,0.204849,0.252493,0.194377
2108,8.783333,,,,,,,,,,,,,,,,0.221022,0.168801,0.185549,0.207657,0.056801,0.180593,0.272483,0.257027,0.222409,0.328265,0.251824,0.281779,0.204853,0.252494,0.194378
2109,8.787500,,,,,,,,,,,,,,,,0.221032,0.168811,0.185536,0.207658,0.056801,0.180595,0.272483,0.257026,0.222415,0.328254,0.251837,0.281799,0.204858,0.252496,0.194378
2110,8.791667,,,,,,,,,,,,,,,,0.221036,0.168808,0.185526,0.207657,0.056800,0.180595,0.272481,0.257025,0.222419,0.328249,0.251820,0.281799,0.204858,0.252495,0.194378
2111,8.795833,,,,,,,,,,,,,,,,0.221032,0.168817,0.185534,0.207657,0.056800,0.180594,0.272479,0.257021,0.222429,0.328235,0.251831,0.281821,0.204862,0.252496,0.194382
2112,8.800000,,,,,,,,,,,,,,,,0.221034,0.168812,0.185541,0.207657,0.056799,0.180596,0.272476,0.257023,0.222435,0.328225,0.251829,0.281835,0.204860,0.252493,0.194375
2113,8.804167,,,,,,,,,,,,,,,,0.221035,0.168806,0.185537,0.207655,0.056800,0.180594,0.272474,0.257020,0.222443,0.328215,0.251829,0.281847,0.204864,0.252494,0.194384
2114,8.808333,,,,,,,,,,,,,,,,0.221036,0.168805,0.185539,0.207654,0.056801,0.180600,0.272470,0.257020,0.222451,0.328205,0.251828,0.281861,0.204858,0.252497,0.194384
2115,8.812500,,,,,,,,,,,,,,,,0.221036,0.168804,0.185544,0.207656,0.056800,0.180596,0.272464,0.257020,0.222467,0.328186,0.251826,0.281889,0.204860,0.252494,0.194382
2116,8.816667,,,,,,,,,,,,,,,,0.221032,0.168813,0.185554,0.207656,0.056799,0.180598,0.272459,0.257019,0.222477,0.328171,0.251825,0.281907,0.204859,0.252493,0.194379
2117,8.820833,,,,,,,,,,,,,,,,0.221032,0.168814,0.185557,0.207655,0.056801,0.180601,0.272455,0.257018,0.222488,0.328159,0.251826,0.281923,0.204858,0.252494,0.194388
2118,8.825000,,,,,,,,,,,,,,,,0.221037,0.168803,0.185557,0.207656,0.056799,0.180601,0.272449,0.257017,0.222500,0.328144,0.251819,0.281944,0.204858,0.252493,0.194385
2119,8.829167,,,,,,,,,,,,,,,,0.221023,0.168800,0.185588,0.207657,0.056797,0.180600,0.272444,0.257018,0.222513,0.328128,0.251819,0.281963,0.204856,0.252491,0.194392
2120,8.833333,,,,,,,,,,,,,,,,0.221034,0.168810,0.185575,0.207654,0.056800,0.180601,0.272436,0.257016,0.222530,0.328110,0.251820,0.281990,0.204860,0.252493,0.194393
2121,8.837500,,,,,,,,,,,,,,,,0.221035,0.168804,0.185567,0.207654,0.056798,0.180600,0.272427,0.257013,0.222545,0.328093,0.251818,0.282016,0.204875,0.252491,0.194410
2122,8.841667,,,,,,,,,,,,,,,,0.221031,0.168808,0.185569,0.207653,0.056798,0.180599,0.272417,0.257013,0.222562,0.328052,0.251802,0.282045,0.204879,0.252492,0.194416
2123,8.845833,,,,,,,,,,,,,,,,0.221013,0.168811,0.185613,0.207653,0.056802,0.180599,0.272407,0.257013,0.222576,0.328028,0.251799,0.282071,0.204877,0.252493,0.194425
2124,8.850000,,,,,,,,,,,,,,,,0.221031,0.168802,0.185590,0.207652,0.056800,0.180598,0.272400,0.257014,0.222594,0.328006,0.251797,0.282101,0.204852,0.252498,0.194417
2125,8.854167,,,,,,,,,,,,,,,,0.221011,0.168811,0.185623,0.207654,0.056799,0.180596,0.272389,0.257013,0.222609,0.327986,0.251792,0.282131,0.204868,0.252493,0.194420
2126,8.858333,,,,,,,,,,,,,,,,0.221015,0.168802,0.185624,0.207654,0.056798,0.180599,0.272377,0.257012,0.222627,0.327951,0.251794,0.282181,0.204873,0.252495,0.194435
2127,8.862500,,,,,,,,,,,,,,,,0.221017,0.168798,0.185631,0.207654,0.056800,0.180598,0.272370,0.257013,0.222649,0.327928,0.251786,0.282210,0.204869,0.252494,0.194436
2128,8.866667,,,,,,,,,,,,,,,,0.221010,0.168810,0.185642,0.207652,0.056801,0.180602,0.272358,0.257012,0.222664,0.327903,0.251781,0.282240,0.204862,0.252493,0.194435
2129,8.870833,,,,,,,,,,,,,,,,0.221008,0.168803,0.185637,0.207653,0.056801,0.180600,0.272346,0.257009,0.222683,0.327878,0.251776,0.282270,0.204859,0.252493,0.194433
2130,8.875000,,,,,,,,,,,,,,,,0.221007,0.168804,0.185642,0.207655,0.056801,0.180598,0.272337,0.257003,0.222712,0.327849,0.251756,0.282322,0.204857,0.252494,0.194443
2131,8.879167,,,,,,,,,,,,,,,,0.220999,0.168815,0.185657,0.207654,0.056800,0.180599,0.272319,0.257011,0.222718,0.327821,0.251752,0.282352,0.204856,0.252498,0.194453
2132,8.883333,,,,,,,,,,,,,,,,0.220999,0.168816,0.185663,0.207655,0.056800,0.180595,0.272302,0.257001,0.222754,0.327794,0.251718,0.282395,0.204831,0.252498,0.194447
2133,8.887500,,,,,,,,,,,,,,,,0.221002,0.168805,0.185660,0.207654,0.056797,0.180595,0.272288,0.257000,0.222775,0.327733,0.251740,0.282420,0.204821,0.252492,0.194434
2134,8.891667,,,,,,,,,,,,,,,,0.220998,0.168817,0.185670,0.207655,0.056800,0.180593,0.272275,0.256999,0.222791,0.327694,0.251736,0.282454,0.204818,0.252496,0.194441
2135,8.895833,,,,,,,,,,,,,,,,0.220993,0.168819,0.185676,0.207654,0.056801,0.180593,0.272265,0.256997,0.222810,0.327658,0.251731,0.282491,0.204811,0.252500,0.194442
2136,8.900000,,,,,,,,,,,,,,,,0.220992,0.168818,0.185678,0.207655,0.056798,0.180591,0.272252,0.256996,0.222824,0.327621,0.251728,0.282527,0.204801,0.252497,0.194441
2137,8.904167,,,,,,,,,,,,,,,,0.220990,0.168818,0.185680,0.207655,0.056801,0.180593,0.272238,0.256995,0.222841,0.327575,0.251731,0.282566,0.204686,0.252523,0.194396
2138,8.908333,,,,,,,,,,,,,,,,0.220988,0.168814,0.185676,0.207656,0.056800,0.180590,0.272225,0.256994,0.222859,0.327542,0.251727,0.282598,0.204769,0.252495,0.194417
2139,8.912500,,,,,,,,,,,,,,,,0.220982,0.168822,0.185686,0.207654,0.056802,0.180593,0.272211,0.256993,0.222877,0.327511,0.251723,0.282633,0.204675,0.252498,0.194456
2140,8.916667,,,,,,,,,,,,,,,,0.220980,0.168824,0.185692,0.207656,0.056801,0.180588,0.272197,0.256993,0.222891,0.327474,0.251716,0.282664,0.204645,0.252519,0.194362
2141,8.920833,,,,,,,,,,,,,,,,0.220977,0.168825,0.185693,0.207655,0.056801,0.180589,0.272180,0.257005,0.222912,0.327435,0.251718,0.282708,0.204616,0.252483,0.194392
2142,8.925000,,,,,,,,,,,,,,,,0.220977,0.168824,0.185698,0.207656,0.056801,0.180590,0.272165,0.257004,0.222930,0.327392,0.251726,0.282758,0.204617,0.252492,0.194404
2143,8.929167,,,,,,,,,,,,,,,,0.220974,0.168827,0.185698,0.207655,0.056804,0.180588,0.272151,0.257004,0.222948,0.327349,0.251731,0.282797,0.204615,0.252493,0.194409
2144,8.933333,,,,,,,,,,,,,,,,0.220970,0.168830,0.185698,0.207656,0.056803,0.180587,0.272133,0.257007,0.222963,0.327291,0.251717,0.282845,0.204638,0.252496,0.194432
2145,8.937500,,,,,,,,,,,,,,,,0.220969,0.168829,0.185701,0.207658,0.056800,0.180586,0.272119,0.257007,0.222979,0.327249,0.251716,0.282886,0.204613,0.252496,0.194415
2146,8.941667,,,,,,,,,,,,,,,,0.220965,0.168831,0.185704,0.207658,0.056801,0.180588,0.272103,0.257005,0.222995,0.327207,0.251715,0.282928,0.204601,0.252497,0.194402
2147,8.945833,,,,,,,,,,,,,,,,0.220963,0.168833,0.185704,0.207657,0.056804,0.180586,0.272088,0.257005,0.223010,0.327155,0.251721,0.282983,0.204612,0.252501,0.194412
2148,8.950000,,,,,,,,,,,,,,,,0.220963,0.168834,0.185706,0.207659,0.056800,0.180585,0.272076,0.257006,0.223025,0.327117,0.251723,0.283017,0.204590,0.252501,0.194398
2149,8.954167,,,,,,,,,,,,,,,,0.220959,0.168835,0.185706,0.207658,0.056801,0.180586,0.272060,0.257009,0.223036,0.327077,0.251719,0.283051,0.204574,0.252504,0.194384
2150,8.958333,,,,,,,,,,,,,,,,0.220954,0.168840,0.185704,0.207658,0.056801,0.180581,0.272046,0.257007,0.223053,0.327036,0.251712,0.283104,0.204571,0.252502,0.194378
2151,8.962500,,,,,,,,,,,,,,,,0.220952,0.168839,0.185703,0.207656,0.056802,0.180583,0.272029,0.257023,0.223059,0.326995,0.251726,0.283141,0.204569,0.252504,0.194377
2152,8.966667,,,,,,,,,,,,,,,,0.220952,0.168840,0.185704,0.207658,0.056801,0.180582,0.272014,0.257024,0.223070,0.326963,0.251734,0.283171,0.204563,0.252504,0.194369
2153,8.970833,,,,,,,,,,,,,,,,0.220949,0.168843,0.185706,0.207659,0.056802,0.180583,0.272000,0.257026,0.223081,0.326920,0.251739,0.283205,0.204556,0.252505,0.194366
2154,8.975000,,,,,,,,,,,,,,,,0.220946,0.168861,0.185744,0.207661,0.056800,0.180581,0.271988,0.257028,0.223092,0.326886,0.251749,0.283236,0.204554,0.252502,0.194357
2155,8.979167,,,,,,,,,,,,,,,,0.220950,0.168842,0.185716,0.207659,0.056803,0.180584,0.271976,0.257032,0.223098,0.326851,0.251756,0.283267,0.204551,0.252507,0.194358
2156,8.983333,,,,,,,,,,,,,,,,0.220942,0.168848,0.185710,0.207659,0.056801,0.180581,0.271965,0.257037,0.223108,0.326816,0.251764,0.283298,0.204545,0.252506,0.194352
2157,8.987500,,,,,,,,,,,,,,,,0.220938,0.168849,0.185710,0.207660,0.056802,0.180583,0.271956,0.257039,0.223118,0.326783,0.251774,0.283325,0.204543,0.252509,0.194350
2158,8.991667,,,,,,,,,,,,,,,,0.220938,0.168848,0.185706,0.207660,0.056802,0.180586,0.271946,0.257046,0.223127,0.326748,0.251787,0.283360,0.204534,0.252509,0.194340
2159,8.995833,,,,,,,,,,,,,,,,0.220933,0.168851,0.185704,0.207660,0.056802,0.180584,0.271928,0.257047,0.223136,0.326719,0.251799,0.283389,0.204531,0.252509,0.194333
2160,9.000000,,,,,,,,,,,,,,,,0.220933,0.168852,0.185705,0.207659,0.056800,0.180583,0.271913,0.257052,0.223149,0.326691,0.251812,0.283416,0.204523,0.252509,0.194328
2161,9.004167,,,,,,,,,,,,,,,,0.220928,0.168854,0.185706,0.207659,0.056799,0.180586,0.271902,0.257058,0.223157,0.326650,0.251829,0.283458,0.204519,0.252507,0.194327
2162,9.008333,,,,,,,,,,,,,,,,0.220929,0.168857,0.185705,0.207659,0.056800,0.180585,0.271891,0.257063,0.223163,0.326627,0.251842,0.283475,0.204516,0.252510,0.194320
2163,9.012500,,,,,,,,,,,,,,,,0.220929,0.168858,0.185707,0.207659,0.056800,0.180588,0.271882,0.257066,0.223169,0.326607,0.251852,0.283491,0.204508,0.252507,0.194310
2164,9.016667,,,,,,,,,,,,,,,,0.220923,0.168876,0.185747,0.207657,0.056802,0.180587,0.271874,0.257074,0.223174,0.326589,0.251866,0.283505,0.204505,0.252511,0.194310
2165,9.020833,,,,,,,,,,,,,,,,0.220928,0.168858,0.185714,0.207657,0.056800,0.180590,0.271863,0.257078,0.223178,0.326570,0.251877,0.283519,0.204496,0.252509,0.194300
2166,9.025000,,,,,,,,,,,,,,,,0.220922,0.168861,0.185706,0.207659,0.056799,0.180589,0.271855,0.257085,0.223181,0.326552,0.251893,0.283531,0.204493,0.252510,0.194301
2167,9.029167,,,,,,,,,,,,,,,,0.220907,0.168885,0.185731,0.207658,0.056801,0.180592,0.271845,0.257091,0.223184,0.326534,0.251907,0.283541,0.204490,0.252513,0.194298
2168,9.033333,,,,,,,,,,,,,,,,0.220916,0.168882,0.185741,0.207656,0.056799,0.180592,0.271836,0.257096,0.223185,0.326519,0.251920,0.283547,0.204484,0.252511,0.194294
2169,9.037500,,,,,,,,,,,,,,,,0.220907,0.168889,0.185737,0.207656,0.056798,0.180594,0.271828,0.257102,0.223187,0.326506,0.251934,0.283555,0.204475,0.252512,0.194290
2170,9.041667,,,,,,,,,,,,,,,,0.220900,0.168890,0.185734,0.207654,0.056799,0.180596,0.271822,0.257106,0.223187,0.326495,0.251947,0.283559,0.204473,0.252514,0.194288
2171,9.045833,,,,,,,,,,,,,,,,0.220897,0.168890,0.185735,0.207654,0.056800,0.180596,0.271812,0.257111,0.223186,0.326485,0.251958,0.283560,0.204470,0.252514,0.194287
2172,9.050000,,,,,,,,,,,,,,,,0.220897,0.168893,0.185734,0.207656,0.056798,0.180596,0.271807,0.257117,0.223187,0.326478,0.251970,0.283560,0.204436,0.252519,0.194277
2173,9.054167,,,,,,,,,,,,,,,,0.220896,0.168891,0.185737,0.207655,0.056799,0.180599,0.271802,0.257122,0.223188,0.326471,0.251979,0.283560,0.204418,0.252522,0.194268
2174,9.058333,,,,,,,,,,,,,,,,0.220893,0.168893,0.185735,0.207654,0.056800,0.180600,0.271795,0.257126,0.223187,0.326467,0.251988,0.283557,0.204417,0.252518,0.194266
2175,9.062500,,,,,,,,,,,,,,,,0.220893,0.168877,0.185697,0.207653,0.056797,0.180604,0.271788,0.257130,0.223184,0.326465,0.251998,0.283554,0.204416,0.252519,0.194270
2176,9.066667,,,,,,,,,,,,,,,,0.220884,0.168896,0.185730,0.207652,0.056799,0.180602,0.271784,0.257135,0.223184,0.326464,0.252004,0.283547,0.204412,0.252519,0.194274
2177,9.070833,,,,,,,,,,,,,,,,0.220886,0.168898,0.185736,0.207650,0.056799,0.180605,0.271777,0.257137,0.223179,0.326463,0.252010,0.283541,0.204407,0.252522,0.194276
2178,9.075000,,,,,,,,,,,,,,,,0.220881,0.168898,0.185740,0.207649,0.056801,0.180603,0.271773,0.257143,0.223176,0.326464,0.252014,0.283533,0.204402,0.252524,0.194280
2179,9.079167,,,,,,,,,,,,,,,,0.220877,0.168903,0.185736,0.207649,0.056798,0.180605,0.271760,0.257145,0.223163,0.326467,0.252017,0.283522,0.204397,0.252520,0.194279
2180,9.083333,,,,,,,,,,,,,,,,0.220874,0.168904,0.185738,0.207649,0.056797,0.180609,0.271754,0.257150,0.223157,0.326469,0.252018,0.283511,0.204396,0.252529,0.194282
2181,9.087500,,,,,,,,,,,,,,,,0.220873,0.168904,0.185740,0.207650,0.056797,0.180608,0.271751,0.257152,0.223153,0.326476,0.252018,0.283498,0.204392,0.252529,0.194284
2182,9.091667,,,,,,,,,,,,,,,,0.220871,0.168902,0.185739,0.207647,0.056800,0.180607,0.271749,0.257154,0.223150,0.326482,0.252016,0.283482,0.204383,0.252528,0.194286
2183,9.095833,,,,,,,,,,,,,,,,0.220869,0.168906,0.185736,0.207647,0.056799,0.180607,0.271745,0.257157,0.223143,0.326488,0.252012,0.283468,0.204376,0.252529,0.194288
2184,9.100000,,,,,,,,,,,,,,,,0.220865,0.168909,0.185737,0.207646,0.056803,0.180609,0.271744,0.257157,0.223137,0.326498,0.252008,0.283450,0.204375,0.252530,0.194291
2185,9.104167,,,,,,,,,,,,,,,,0.220863,0.168910,0.185736,0.207644,0.056804,0.180609,0.271738,0.257164,0.223127,0.326506,0.252003,0.283433,0.204372,0.252533,0.194300
2186,9.108333,,,,,,,,,,,,,,,,0.220861,0.168910,0.185738,0.207645,0.056804,0.180608,0.271737,0.257163,0.223123,0.326517,0.251997,0.283412,0.204365,0.252533,0.194301
2187,9.112500,,,,,,,,,,,,,,,,0.220856,0.168910,0.185738,0.207645,0.056803,0.180609,0.271732,0.257169,0.223110,0.326528,0.251985,0.283391,0.204359,0.252533,0.194301
2188,9.116667,,,,,,,,,,,,,,,,0.220854,0.168911,0.185738,0.207645,0.056801,0.180612,0.271726,0.257172,0.223099,0.326549,0.251970,0.283349,0.204352,0.252534,0.194306
2189,9.120833,,,,,,,,,,,,,,,,0.220853,0.168912,0.185736,0.207645,0.056804,0.180609,0.271724,0.257173,0.223092,0.326563,0.251957,0.283326,0.204352,0.252534,0.194306
2190,9.125000,,,,,,,,,,,,,,,,0.220849,0.168920,0.185732,0.207645,0.056801,0.180610,0.271729,0.257170,0.223086,0.326577,0.251944,0.283299,0.204347,0.252535,0.194309
2191,9.129167,,,,,,,,,,,,,,,,0.220849,0.168915,0.185733,0.207644,0.056801,0.180611,0.271725,0.257171,0.223075,0.326587,0.251928,0.283270,0.204343,0.252535,0.194317
2192,9.133333,,,,,,,,,,,,,,,,0.220845,0.168925,0.185727,0.207643,0.056801,0.180608,0.271724,0.257173,0.223063,0.326608,0.251906,0.283240,0.204340,0.252535,0.194317
2193,9.137500,,,,,,,,,,,,,,,,0.220844,0.168918,0.185727,0.207643,0.056801,0.180610,0.271725,0.257171,0.223054,0.326622,0.251890,0.283213,0.204335,0.252537,0.194323
2194,9.141667,,,,,,,,,,,,,,,,0.220842,0.168918,0.185729,0.207643,0.056803,0.180607,0.271722,0.257166,0.223046,0.326637,0.251873,0.283188,0.204334,0.252534,0.194312
2195,9.145833,,,,,,,,,,,,,,,,0.220838,0.168924,0.185720,0.207643,0.056805,0.180611,0.271723,0.257169,0.223034,0.326648,0.251854,0.283164,0.204330,0.252533,0.194315
2196,9.150000,,,,,,,,,,,,,,,,0.220838,0.168926,0.185715,0.207642,0.056804,0.180610,0.271713,0.257167,0.223006,0.326665,0.251835,0.283135,0.204330,0.252531,0.194316
2197,9.154167,,,,,,,,,,,,,,,,0.220836,0.168928,0.185714,0.207644,0.056803,0.180605,0.271715,0.257164,0.222995,0.326678,0.251820,0.283110,0.204329,0.252535,0.194321
2198,9.158333,,,,,,,,,,,,,,,,0.220837,0.168928,0.185711,0.207643,0.056805,0.180607,0.271718,0.257156,0.222989,0.326693,0.251802,0.283082,0.204331,0.252534,0.194319
2199,9.162500,,,,,,,,,,,,,,,,0.220834,0.168929,0.185710,0.207643,0.056806,0.180604,0.271723,0.257159,0.222978,0.326710,0.251785,0.283052,0.204324,0.252534,0.194321
2200,9.166667,,,,,,,,,,,,,,,,0.220834,0.168928,0.185707,0.207643,0.056802,0.180604,0.271727,0.257152,0.222966,0.326728,0.251767,0.283023,0.204319,0.252527,0.194310
2201,9.170833,,,,,,,,,,,,,,,,0.220834,0.168912,0.185668,0.207644,0.056806,0.180606,0.271730,0.257150,0.222954,0.326744,0.251744,0.282989,0.204318,0.252535,0.194320
2202,9.175000,,,,,,,,,,,,,,,,0.220828,0.168934,0.185693,0.207643,0.056802,0.180605,0.271742,0.257150,0.222933,0.326760,0.251725,0.282961,0.204323,0.252537,0.194324
2203,9.179167,,,,,,,,,,,,,,,,0.220835,0.168932,0.185698,0.207644,0.056802,0.180603,0.271748,0.257145,0.222919,0.326777,0.251706,0.282933,0.204320,0.252533,0.194319
2204,9.183333,,,,,,,,,,,,,,,,0.220835,0.168931,0.185695,0.207646,0.056804,0.180598,0.271754,0.257144,0.222907,0.326795,0.251679,0.282890,0.204320,0.252531,0.194319
2205,9.187500,,,,,,,,,,,,,,,,0.220832,0.168933,0.185693,0.207645,0.056802,0.180603,0.271759,0.257141,0.222894,0.326817,0.251661,0.282860,0.204319,0.252533,0.194315
2206,9.191667,,,,,,,,,,,,,,,,0.220835,0.168931,0.185690,0.207646,0.056803,0.180598,0.271768,0.257138,0.222881,0.326837,0.251643,0.282833,0.204321,0.252532,0.194315
2207,9.195833,,,,,,,,,,,,,,,,0.220836,0.168916,0.185648,0.207646,0.056802,0.180596,0.271774,0.257135,0.222868,0.326866,0.251623,0.282793,0.204326,0.252533,0.194319
2208,9.200000,,,,,,,,,,,,,,,,0.220831,0.168917,0.185635,0.207644,0.056805,0.180595,0.271782,0.257133,0.222856,0.326886,0.251606,0.282768,0.204327,0.252532,0.194319
2209,9.204167,,,,,,,,,,,,,,,,0.220834,0.168917,0.185630,0.207646,0.056802,0.180595,0.271795,0.257131,0.222840,0.326905,0.251589,0.282743,0.204329,0.252531,0.194318
2210,9.208333,,,,,,,,,,,,,,,,0.220837,0.168917,0.185626,0.207646,0.056802,0.180596,0.271803,0.257127,0.222825,0.326931,0.251573,0.282725,0.204332,0.252529,0.194310
2211,9.212500,,,,,,,,,,,,,,,,0.220840,0.168916,0.185624,0.207648,0.056800,0.180592,0.271813,0.257123,0.222813,0.326951,0.251562,0.282701,0.204337,0.252535,0.194313
2212,9.216667,,,,,,,,,,,,,,,,0.220842,0.168914,0.185621,0.207648,0.056804,0.180592,0.271825,0.257118,0.222800,0.326971,0.251547,0.282675,0.204343,0.252530,0.194311
2213,9.220833,,,,,,,,,,,,,,,,0.220842,0.168915,0.185620,0.207648,0.056803,0.180592,0.271835,0.257117,0.222790,0.326995,0.251556,0.282614,0.204349,0.252533,0.194314
2214,9.225000,,,,,,,,,,,,,,,,0.220844,0.168915,0.185615,0.207649,0.056801,0.180588,0.271846,0.257114,0.222775,0.327025,0.251523,0.282575,0.204357,0.252534,0.194315
2215,9.229167,,,,,,,,,,,,,,,,0.220850,0.168914,0.185611,0.207648,0.056801,0.180590,0.271856,0.257111,0.222762,0.327046,0.251515,0.282551,0.204361,0.252534,0.194314
2216,9.233333,,,,,,,,,,,,,,,,0.220851,0.168915,0.185609,0.207648,0.056802,0.180588,0.271866,0.257109,0.222752,0.327065,0.251505,0.282532,0.204363,0.252531,0.194305
2217,9.237500,,,,,,,,,,,,,,,,0.220854,0.168912,0.185604,0.207649,0.056802,0.180589,0.271875,0.257106,0.222738,0.327094,0.251497,0.282492,0.204370,0.252530,0.194300
2218,9.241667,,,,,,,,,,,,,,,,0.220859,0.168909,0.185598,0.207652,0.056800,0.180589,0.271887,0.257105,0.222726,0.327118,0.251488,0.282469,0.204376,0.252529,0.194303
2219,9.245833,,,,,,,,,,,,,,,,0.220863,0.168910,0.185595,0.207654,0.056798,0.180587,0.271895,0.257101,0.222714,0.327140,0.251479,0.282445,0.204386,0.252533,0.194298
2220,9.250000,,,,,,,,,,,,,,,,0.220862,0.168909,0.185589,0.207653,0.056800,0.180585,0.271906,0.257099,0.222702,0.327160,0.251471,0.282421,0.204389,0.252528,0.194291
2221,9.254167,,,,,,,,,,,,,,,,0.220867,0.168907,0.185582,0.207654,0.056801,0.180584,0.271919,0.257095,0.222692,0.327183,0.251463,0.282400,0.204392,0.252531,0.194286
2222,9.258333,,,,,,,,,,,,,,,,0.220870,0.168907,0.185579,0.207655,0.056801,0.180586,0.271931,0.257091,0.222673,0.327206,0.251456,0.282375,0.204401,0.252525,0.194285
2223,9.262500,,,,,,,,,,,,,,,,0.220873,0.168907,0.185577,0.207654,0.056801,0.180586,0.271942,0.257088,0.222658,0.327218,0.251447,0.282345,0.204402,0.252530,0.194275
2224,9.266667,,,,,,,,,,,,,,,,0.220878,0.168903,0.185576,0.207656,0.056798,0.180584,0.271956,0.257086,0.222648,0.327239,0.251439,0.282324,0.204409,0.252521,0.194270
2225,9.270833,,,,,,,,,,,,,,,,0.220880,0.168903,0.185573,0.207655,0.056800,0.180584,0.271968,0.257083,0.222634,0.327259,0.251431,0.282303,0.204416,0.252526,0.194273
2226,9.275000,,,,,,,,,,,,,,,,0.220889,0.168895,0.185574,0.207656,0.056797,0.180583,0.271979,0.257079,0.222622,0.327276,0.251411,0.282266,0.204421,0.252524,0.194265
2227,9.279167,,,,,,,,,,,,,,,,0.220892,0.168893,0.185573,0.207653,0.056799,0.180586,0.271995,0.257068,0.222612,0.327296,0.251402,0.282247,0.204427,0.252522,0.194258
2228,9.283333,,,,,,,,,,,,,,,,0.220894,0.168891,0.185567,0.207653,0.056797,0.180585,0.272007,0.257066,0.222601,0.327315,0.251392,0.282231,0.204434,0.252524,0.194256
2229,9.287500,,,,,,,,,,,,,,,,0.220895,0.168900,0.185559,0.207653,0.056797,0.180587,0.272020,0.257061,0.222590,0.327343,0.251385,0.282203,0.204442,0.252526,0.194260
2230,9.291667,,,,,,,,,,,,,,,,0.220898,0.168898,0.185554,0.207655,0.056798,0.180587,0.272032,0.257056,0.222580,0.327375,0.251383,0.282183,0.204469,0.252528,0.194271
2231,9.295833,,,,,,,,,,,,,,,,0.220900,0.168899,0.185551,0.207656,0.056796,0.180586,0.272044,0.257053,0.222569,0.327393,0.251373,0.282170,0.204489,0.252517,0.194263
2232,9.300000,,,,,,,,,,,,,,,,0.220906,0.168896,0.185551,0.207655,0.056797,0.180588,0.272049,0.257044,0.222555,0.327410,0.251362,0.282155,0.204519,0.252524,0.194281
2233,9.304167,,,,,,,,,,,,,,,,0.220910,0.168888,0.185552,0.207654,0.056799,0.180587,0.272062,0.257042,0.222548,0.327426,0.251351,0.282143,0.204534,0.252524,0.194291
2234,9.308333,,,,,,,,,,,,,,,,0.220911,0.168888,0.185554,0.207656,0.056797,0.180586,0.272075,0.257040,0.222534,0.327444,0.251340,0.282131,0.204542,0.252527,0.194293
2235,9.312500,,,,,,,,,,,,,,,,0.220915,0.168885,0.185553,0.207655,0.056798,0.180587,0.272088,0.257035,0.222525,0.327466,0.251326,0.282126,0.204545,0.252525,0.194286
2236,9.316667,,,,,,,,,,,,,,,,0.220916,0.168883,0.185549,0.207655,0.056796,0.180591,0.272097,0.257030,0.222519,0.327483,0.251312,0.282113,0.204552,0.252522,0.194284
2237,9.320833,,,,,,,,,,,,,,,,0.220917,0.168889,0.185544,0.207654,0.056798,0.180590,0.272108,0.257013,0.222505,0.327497,0.251299,0.282104,0.204562,0.252521,0.194281
2238,9.325000,,,,,,,,,,,,,,,,0.220933,0.168887,0.185514,0.207655,0.056795,0.180590,0.272119,0.257004,0.222495,0.327511,0.251286,0.282094,0.204539,0.252521,0.194264
2239,9.329167,,,,,,,,,,,,,,,,0.220922,0.168883,0.185539,0.207653,0.056798,0.180591,0.272128,0.256999,0.222490,0.327524,0.251272,0.282083,0.204563,0.252519,0.194271
2240,9.333333,,,,,,,,,,,,,,,,0.220921,0.168880,0.185544,0.207652,0.056797,0.180590,0.272135,0.256994,0.222483,0.327536,0.251258,0.282074,0.204574,0.252518,0.194277
2241,9.337500,,,,,,,,,,,,,,,,0.220936,0.168884,0.185512,0.207652,0.056797,0.180590,0.272143,0.256989,0.222478,0.327549,0.251243,0.282063,0.204556,0.252521,0.194268
2242,9.341667,,,,,,,,,,,,,,,,0.220926,0.168883,0.185537,0.207652,0.056798,0.180589,0.272150,0.256983,0.222474,0.327561,0.251228,0.282055,0.204551,0.252519,0.194258
2243,9.345833,,,,,,,,,,,,,,,,0.220940,0.168883,0.185515,0.207652,0.056796,0.180592,0.272157,0.256979,0.222470,0.327591,0.251178,0.282061,0.204579,0.252519,0.194278
2244,9.350000,,,,,,,,,,,,,,,,0.220940,0.168884,0.185515,0.207652,0.056799,0.180593,0.272161,0.256975,0.222465,0.327605,0.251159,0.282052,0.204567,0.252519,0.194272
2245,9.354167,,,,,,,,,,,,,,,,0.220941,0.168884,0.185516,0.207651,0.056797,0.180592,0.272169,0.256971,0.222464,0.327614,0.251143,0.282043,0.204563,0.252519,0.194268
2246,9.358333,,,,,,,,,,,,,,,,0.220945,0.168882,0.185516,0.207649,0.056796,0.180593,0.272170,0.256962,0.222462,0.327621,0.251125,0.282035,0.204559,0.252521,0.194270
2247,9.362500,,,,,,,,,,,,,,,,0.220932,0.168879,0.185546,0.207649,0.056799,0.180595,0.272184,0.256963,0.222472,0.327624,0.251093,0.282010,0.204564,0.252521,0.194277
2248,9.366667,,,,,,,,,,,,,,,,0.220929,0.168877,0.185554,0.207651,0.056797,0.180593,0.272187,0.256957,0.222472,0.327632,0.251072,0.281999,0.204593,0.252523,0.194301
2249,9.370833,,,,,,,,,,,,,,,,0.220942,0.168882,0.185522,0.207652,0.056797,0.180592,0.272179,0.256950,0.222458,0.327636,0.251040,0.281974,0.204603,0.252529,0.194320
2250,9.375000,,,,,,,,,,,,,,,,0.220929,0.168880,0.185550,0.207651,0.056798,0.180595,0.272181,0.256947,0.222458,0.327640,0.251019,0.281967,0.204580,0.252527,0.194301
2251,9.379167,,,,,,,,,,,,,,,,0.220927,0.168877,0.185557,0.207650,0.056801,0.180596,0.272184,0.256943,0.222458,0.327648,0.250998,0.281956,0.204597,0.252523,0.194310
2252,9.383333,,,,,,,,,,,,,,,,0.220930,0.168878,0.185559,0.207652,0.056798,0.180593,0.272193,0.256943,0.222473,0.327651,0.250971,0.281947,0.204604,0.252526,0.194331
2253,9.387500,,,,,,,,,,,,,,,,0.220931,0.168877,0.185561,0.207652,0.056802,0.180592,0.272195,0.256938,0.222474,0.327656,0.250952,0.281939,0.204607,0.252528,0.194334
2254,9.391667,,,,,,,,,,,,,,,,0.220928,0.168878,0.185564,0.207652,0.056801,0.180593,0.272195,0.256933,0.222478,0.327658,0.250932,0.281936,0.204601,0.252528,0.194337
2255,9.395833,,,,,,,,,,,,,,,,0.220928,0.168878,0.185567,0.207654,0.056803,0.180595,0.272194,0.256930,0.222479,0.327660,0.250908,0.281930,0.204598,0.252528,0.194338
2256,9.400000,,,,,,,,,,,,,,,,0.220925,0.168878,0.185566,0.207655,0.056801,0.180590,0.272194,0.256928,0.222482,0.327664,0.250882,0.281920,0.204601,0.252528,0.194346
2257,9.404167,,,,,,,,,,,,,,,,0.220925,0.168878,0.185572,0.207654,0.056803,0.180588,0.272190,0.256925,0.222487,0.327662,0.250862,0.281920,0.204601,0.252526,0.194346
2258,9.408333,,,,,,,,,,,,,,,,0.220927,0.168878,0.185574,0.207654,0.056803,0.180590,0.272189,0.256923,0.222491,0.327659,0.250846,0.281917,0.204596,0.252527,0.194347
2259,9.412500,,,,,,,,,,,,,,,,0.220920,0.168882,0.185573,0.207654,0.056805,0.180586,0.272184,0.256921,0.222494,0.327655,0.250832,0.281918,0.204593,0.252528,0.194355
2260,9.416667,,,,,,,,,,,,,,,,0.220920,0.168882,0.185575,0.207655,0.056804,0.180586,0.272181,0.256905,0.222507,0.327651,0.250817,0.281921,0.204589,0.252526,0.194354
2261,9.420833,,,,,,,,,,,,,,,,0.220922,0.168881,0.185580,0.207654,0.056804,0.180588,0.272179,0.256904,0.222511,0.327645,0.250794,0.281938,0.204589,0.252526,0.194357
2262,9.425000,,,,,,,,,,,,,,,,0.220919,0.168882,0.185579,0.207655,0.056806,0.180584,0.272175,0.256902,0.222515,0.327637,0.250783,0.281941,0.204585,0.252528,0.194365
2263,9.429167,,,,,,,,,,,,,,,,0.220920,0.168880,0.185577,0.207656,0.056803,0.180582,0.272171,0.256900,0.222522,0.327629,0.250773,0.281946,0.204585,0.252527,0.194372
2264,9.433333,,,,,,,,,,,,,,,,0.220921,0.168882,0.185577,0.207656,0.056803,0.180581,0.272165,0.256898,0.222526,0.327623,0.250764,0.281952,0.204557,0.252525,0.194354
2265,9.437500,,,,,,,,,,,,,,,,0.220920,0.168884,0.185576,0.207654,0.056805,0.180583,0.272160,0.256897,0.222534,0.327618,0.250725,0.281973,0.204541,0.252520,0.194342
2266,9.441667,,,,,,,,,,,,,,,,0.220919,0.168884,0.185581,0.207657,0.056803,0.180579,0.272154,0.256896,0.222539,0.327611,0.250719,0.281979,0.204562,0.252521,0.194362
2267,9.445833,,,,,,,,,,,,,,,,0.220918,0.168884,0.185583,0.207656,0.056806,0.180581,0.272149,0.256896,0.222545,0.327600,0.250713,0.281989,0.204547,0.252523,0.194369
2268,9.450000,,,,,,,,,,,,,,,,0.220916,0.168886,0.185585,0.207658,0.056805,0.180577,0.272141,0.256896,0.222552,0.327587,0.250709,0.281999,0.204541,0.252520,0.194361
2269,9.454167,,,,,,,,,,,,,,,,0.220916,0.168887,0.185587,0.207657,0.056804,0.180579,0.272136,0.256897,0.222561,0.327570,0.250708,0.282016,0.204555,0.252527,0.194384
2270,9.458333,,,,,,,,,,,,,,,,0.220914,0.168888,0.185592,0.207657,0.056803,0.180576,0.272131,0.256898,0.222569,0.327555,0.250708,0.282031,0.204540,0.252525,0.194375
2271,9.462500,,,,,,,,,,,,,,,,0.220912,0.168887,0.185595,0.207656,0.056802,0.180576,0.272123,0.256901,0.222576,0.327540,0.250711,0.282044,0.204527,0.252525,0.194372
2272,9.466667,,,,,,,,,,,,,,,,0.220910,0.168890,0.185594,0.207658,0.056803,0.180575,0.272117,0.256900,0.222585,0.327526,0.250712,0.282060,0.204523,0.252524,0.194373
2273,9.470833,,,,,,,,,,,,,,,,0.220912,0.168889,0.185597,0.207661,0.056801,0.180576,0.272113,0.256900,0.222594,0.327510,0.250719,0.282078,0.204524,0.252524,0.194376
2274,9.475000,,,,,,,,,,,,,,,,0.220912,0.168889,0.185596,0.207659,0.056803,0.180577,0.272103,0.256902,0.222603,0.327494,0.250723,0.282094,0.204524,0.252522,0.194374
2275,9.479167,,,,,,,,,,,,,,,,0.220910,0.168894,0.185597,0.207660,0.056802,0.180574,0.272095,0.256904,0.222614,0.327478,0.250728,0.282114,0.204517,0.252523,0.194376
2276,9.483333,,,,,,,,,,,,,,,,0.220908,0.168896,0.185597,0.207660,0.056802,0.180574,0.272087,0.256906,0.222625,0.327459,0.250735,0.282138,0.204516,0.252527,0.194383
2277,9.487500,,,,,,,,,,,,,,,,0.220907,0.168897,0.185600,0.207660,0.056802,0.180573,0.272080,0.256908,0.222636,0.327438,0.250744,0.282160,0.204518,0.252522,0.194374
2278,9.491667,,,,,,,,,,,,,,,,0.220907,0.168897,0.185598,0.207659,0.056803,0.180575,0.272061,0.256908,0.222631,0.327419,0.250751,0.282180,0.204509,0.252525,0.194375
2279,9.495833,,,,,,,,,,,,,,,,0.220905,0.168897,0.185601,0.207660,0.056801,0.180571,0.272064,0.256914,0.222656,0.327401,0.250759,0.282202,0.204509,0.252518,0.194369
2280,9.500000,,,,,,,,,,,,,,,,0.220906,0.168898,0.185600,0.207659,0.056800,0.180574,0.272055,0.256915,0.222668,0.327378,0.250773,0.282227,0.204502,0.252521,0.194367
2281,9.504167,,,,,,,,,,,,,,,,0.220905,0.168897,0.185601,0.207661,0.056801,0.180573,0.272036,0.256914,0.222666,0.327354,0.250785,0.282248,0.204505,0.252521,0.194374
2282,9.508333,,,,,,,,,,,,,,,,0.220907,0.168897,0.185603,0.207662,0.056802,0.180576,0.272037,0.256917,0.222692,0.327330,0.250803,0.282285,0.204505,0.252524,0.194377
2283,9.512500,,,,,,,,,,,,,,,,0.220905,0.168896,0.185603,0.207662,0.056802,0.180575,0.272025,0.256926,0.222703,0.327294,0.250818,0.282328,0.204504,0.252524,0.194374
2284,9.516667,,,,,,,,,,,,,,,,0.220903,0.168897,0.185608,0.207660,0.056800,0.180578,0.272014,0.256931,0.222716,0.327245,0.250856,0.282342,0.204500,0.252524,0.194374
2285,9.520833,,,,,,,,,,,,,,,,0.220900,0.168899,0.185613,0.207658,0.056802,0.180579,0.271995,0.256930,0.222711,0.327219,0.250869,0.282365,0.204495,0.252531,0.194374
2286,9.525000,,,,,,,,,,,,,,,,0.220900,0.168897,0.185613,0.207660,0.056800,0.180577,0.271987,0.256935,0.222720,0.327206,0.250887,0.282406,0.204494,0.252527,0.194358
2287,9.529167,,,,,,,,,,,,,,,,0.220901,0.168899,0.185615,0.207661,0.056800,0.180578,0.271976,0.256937,0.222734,0.327185,0.250898,0.282428,0.204488,0.252526,0.194356
2288,9.533333,,,,,,,,,,,,,,,,0.220901,0.168899,0.185618,0.207661,0.056800,0.180576,0.271971,0.256954,0.222753,0.327161,0.250907,0.282454,0.204488,0.252528,0.194360
2289,9.537500,,,,,,,,,,,,,,,,0.220899,0.168899,0.185619,0.207661,0.056800,0.180577,0.271962,0.256945,0.222756,0.327136,0.250915,0.282477,0.204479,0.252533,0.194356
2290,9.541667,,,,,,,,,,,,,,,,0.220899,0.168900,0.185617,0.207660,0.056801,0.180582,0.271954,0.256957,0.222773,0.327110,0.250926,0.282501,0.204476,0.252528,0.194345
2291,9.545833,,,,,,,,,,,,,,,,0.220898,0.168898,0.185615,0.207658,0.056800,0.180582,0.271942,0.256963,0.222790,0.327078,0.250932,0.282533,0.204440,0.252538,0.194331
2292,9.550000,,,,,,,,,,,,,,,,0.220895,0.168899,0.185617,0.207658,0.056799,0.180580,0.271932,0.256964,0.222799,0.327048,0.250940,0.282560,0.204426,0.252532,0.194311
2293,9.554167,,,,,,,,,,,,,,,,0.220893,0.168899,0.185615,0.207656,0.056802,0.180580,0.271921,0.256976,0.222801,0.327021,0.250948,0.282585,0.204422,0.252535,0.194313
2294,9.558333,,,,,,,,,,,,,,,,0.220893,0.168903,0.185619,0.207657,0.056800,0.180583,0.271911,0.256978,0.222810,0.326992,0.250955,0.282615,0.204425,0.252538,0.194311
2295,9.562500,,,,,,,,,,,,,,,,0.220889,0.168903,0.185620,0.207657,0.056801,0.180584,0.271900,0.256979,0.222818,0.326959,0.250966,0.282646,0.204452,0.252533,0.194318
2296,9.566667,,,,,,,,,,,,,,,,0.220888,0.168902,0.185621,0.207657,0.056801,0.180584,0.271891,0.256983,0.222825,0.326931,0.250971,0.282671,0.204429,0.252540,0.194308
2297,9.570833,,,,,,,,,,,,,,,,0.220887,0.168902,0.185626,0.207657,0.056800,0.180586,0.271882,0.256985,0.222836,0.326905,0.250975,0.282698,0.204410,0.252542,0.194300
2298,9.575000,,,,,,,,,,,,,,,,0.220885,0.168902,0.185625,0.207654,0.056803,0.180585,0.271874,0.256984,0.222844,0.326876,0.250982,0.282726,0.204412,0.252540,0.194289
2299,9.579167,,,,,,,,,,,,,,,,0.220881,0.168904,0.185624,0.207653,0.056802,0.180588,0.271865,0.256985,0.222852,0.326843,0.250996,0.282762,0.204409,0.252544,0.194294
2300,9.583333,,,,,,,,,,,,,,,,0.220879,0.168905,0.185624,0.207653,0.056801,0.180586,0.271856,0.256987,0.222859,0.326784,0.250990,0.282809,0.204407,0.252544,0.194293
2301,9.587500,,,,,,,,,,,,,,,,0.220876,0.168906,0.185626,0.207652,0.056798,0.180590,0.271845,0.256989,0.222867,0.326756,0.250994,0.282831,0.204403,0.252540,0.194284
2302,9.591667,,,,,,,,,,,,,,,,0.220871,0.168914,0.185617,0.207651,0.056799,0.180591,0.271829,0.256986,0.222875,0.326735,0.250996,0.282852,0.204400,0.252552,0.194284
2303,9.595833,,,,,,,,,,,,,,,,0.220869,0.168910,0.185623,0.207650,0.056799,0.180591,0.271813,0.256990,0.222898,0.326712,0.250995,0.282874,0.204397,0.252548,0.194278
2304,9.600000,,,,,,,,,,,,,,,,0.220866,0.168917,0.185624,0.207649,0.056800,0.180590,0.271803,0.256989,0.222895,0.326689,0.250997,0.282893,0.204389,0.252551,0.194279
2305,9.604167,,,,,,,,,,,,,,,,0.220860,0.168918,0.185620,0.207651,0.056798,0.180591,0.271787,0.256988,0.222911,0.326669,0.250995,0.282910,0.204383,0.252553,0.194277
2306,9.608333,,,,,,,,,,,,,,,,0.220857,0.168921,0.185624,0.207651,0.056799,0.180593,0.271776,0.256990,0.222920,0.326648,0.250994,0.282929,0.204379,0.252553,0.194273
2307,9.612500,,,,,,,,,,,,,,,,0.220855,0.168919,0.185629,0.207650,0.056800,0.180594,0.271766,0.256991,0.222923,0.326627,0.250992,0.282945,0.204376,0.252551,0.194275
2308,9.616667,,,,,,,,,,,,,,,,0.220852,0.168922,0.185627,0.207650,0.056800,0.180596,0.271757,0.256993,0.222931,0.326605,0.250986,0.282959,0.204371,0.252553,0.194276
2309,9.620833,,,,,,,,,,,,,,,,0.220850,0.168923,0.185628,0.207651,0.056799,0.180594,0.271748,0.256993,0.222938,0.326576,0.250955,0.283012,0.204363,0.252558,0.194279
2310,9.625000,,,,,,,,,,,,,,,,0.220847,0.168922,0.185631,0.207649,0.056801,0.180598,0.271737,0.256996,0.222943,0.326556,0.250952,0.283024,0.204355,0.252557,0.194279
2311,9.629167,,,,,,,,,,,,,,,,0.220842,0.168927,0.185632,0.207649,0.056801,0.180596,0.271726,0.256996,0.222949,0.326541,0.250952,0.283033,0.204352,0.252558,0.194282
2312,9.633333,,,,,,,,,,,,,,,,0.220838,0.168927,0.185636,0.207649,0.056799,0.180596,0.271718,0.256999,0.222956,0.326525,0.250946,0.283043,0.204345,0.252557,0.194281
2313,9.637500,,,,,,,,,,,,,,,,0.220835,0.168946,0.185676,0.207646,0.056800,0.180599,0.271708,0.256999,0.222961,0.326509,0.250945,0.283051,0.204340,0.252562,0.194290
2314,9.641667,,,,,,,,,,,,,,,,0.220837,0.168943,0.185685,0.207648,0.056800,0.180595,0.271697,0.257003,0.222967,0.326494,0.250941,0.283059,0.204333,0.252556,0.194284
2315,9.645833,,,,,,,,,,,,,,,,0.220833,0.168948,0.185689,0.207648,0.056799,0.180597,0.271693,0.257000,0.222978,0.326480,0.250936,0.283065,0.204326,0.252558,0.194292
2316,9.650000,,,,,,,,,,,,,,,,0.220830,0.168949,0.185689,0.207649,0.056796,0.180597,0.271684,0.257001,0.222981,0.326470,0.250932,0.283067,0.204322,0.252559,0.194292
2317,9.654167,,,,,,,,,,,,,,,,0.220826,0.168950,0.185690,0.207648,0.056800,0.180598,0.271676,0.257004,0.222987,0.326458,0.250928,0.283073,0.204297,0.252633,0.194220
2318,9.658333,,,,,,,,,,,,,,,,0.220824,0.168950,0.185690,0.207650,0.056799,0.180599,0.271664,0.257006,0.222990,0.326449,0.250926,0.283075,0.204277,0.252631,0.194203
2319,9.662500,,,,,,,,,,,,,,,,0.220820,0.168952,0.185692,0.207649,0.056800,0.180599,0.271660,0.257007,0.222999,0.326442,0.250920,0.283077,0.204272,0.252630,0.194209
2320,9.666667,,,,,,,,,,,,,,,,0.220820,0.168953,0.185695,0.207648,0.056798,0.180597,0.271644,0.257015,0.222994,0.326435,0.250920,0.283079,0.204269,0.252631,0.194214
2321,9.670833,,,,,,,,,,,,,,,,0.220817,0.168953,0.185696,0.207649,0.056796,0.180598,0.271636,0.257016,0.222999,0.326429,0.250917,0.283078,0.204265,0.252628,0.194215
2322,9.675000,,,,,,,,,,,,,,,,0.220813,0.168953,0.185696,0.207652,0.056797,0.180599,0.271629,0.257019,0.223001,0.326424,0.250916,0.283078,0.204256,0.252627,0.194217
2323,9.679167,,,,,,,,,,,,,,,,0.220812,0.168958,0.185695,0.207653,0.056796,0.180599,0.271623,0.257008,0.223015,0.326418,0.250915,0.283078,0.204254,0.252628,0.194225
2324,9.683333,,,,,,,,,,,,,,,,0.220812,0.168957,0.185700,0.207651,0.056798,0.180598,0.271616,0.257008,0.223019,0.326415,0.250911,0.283078,0.204249,0.252628,0.194233
2325,9.687500,,,,,,,,,,,,,,,,0.220809,0.168956,0.185704,0.207651,0.056797,0.180595,0.271610,0.257024,0.223014,0.326411,0.250910,0.283077,0.204242,0.252626,0.194225
2326,9.691667,,,,,,,,,,,,,,,,0.220808,0.168959,0.185706,0.207652,0.056797,0.180595,0.271605,0.257013,0.223027,0.326408,0.250910,0.283076,0.204238,0.252628,0.194235
2327,9.695833,,,,,,,,,,,,,,,,0.220806,0.168959,0.185709,0.207654,0.056794,0.180593,0.271601,0.257028,0.223018,0.326407,0.250906,0.283075,0.204236,0.252628,0.194245
2328,9.700000,,,,,,,,,,,,,,,,0.220806,0.168960,0.185712,0.207653,0.056797,0.180596,0.271598,0.257029,0.223020,0.326404,0.250905,0.283074,0.204231,0.252631,0.194246
2329,9.704167,,,,,,,,,,,,,,,,0.220804,0.168960,0.185712,0.207654,0.056797,0.180594,0.271594,0.257017,0.223032,0.326405,0.250903,0.283072,0.204225,0.252629,0.194244
2330,9.708333,,,,,,,,,,,,,,,,0.220804,0.168961,0.185713,0.207655,0.056795,0.180593,0.271591,0.257020,0.223034,0.326405,0.250904,0.283070,0.204224,0.252624,0.194248
2331,9.712500,,,,,,,,,,,,,,,,0.220803,0.168962,0.185712,0.207654,0.056797,0.180590,0.271587,0.257021,0.223036,0.326405,0.250903,0.283067,0.204224,0.252625,0.194259
2332,9.716667,,,,,,,,,,,,,,,,0.220801,0.168960,0.185711,0.207655,0.056796,0.180592,0.271584,0.257020,0.223036,0.326407,0.250902,0.283063,0.204224,0.252628,0.194263
2333,9.720833,,,,,,,,,,,,,,,,0.220803,0.168961,0.185712,0.207657,0.056794,0.180591,0.271584,0.257020,0.223038,0.326408,0.250903,0.283059,0.204217,0.252627,0.194264
2334,9.725000,,,,,,,,,,,,,,,,0.220802,0.168962,0.185715,0.207658,0.056795,0.180585,0.271583,0.257022,0.223038,0.326412,0.250901,0.283053,0.204221,0.252624,0.194262
2335,9.729167,,,,,,,,,,,,,,,,0.220803,0.168962,0.185715,0.207656,0.056797,0.180586,0.271582,0.257022,0.223035,0.326414,0.250900,0.283050,0.204221,0.252626,0.194267
2336,9.733333,,,,,,,,,,,,,,,,0.220804,0.168963,0.185719,0.207656,0.056795,0.180587,0.271582,0.257022,0.223034,0.326418,0.250897,0.283045,0.204216,0.252626,0.194268
2337,9.737500,,,,,,,,,,,,,,,,0.220803,0.168961,0.185719,0.207656,0.056796,0.180584,0.271584,0.257022,0.223035,0.326422,0.250895,0.283041,0.204220,0.252628,0.194271
2338,9.741667,,,,,,,,,,,,,,,,0.220803,0.168963,0.185715,0.207657,0.056796,0.180584,0.271584,0.257021,0.223034,0.326426,0.250894,0.283036,0.204214,0.252627,0.194272
2339,9.745833,,,,,,,,,,,,,,,,0.220805,0.168961,0.185713,0.207657,0.056795,0.180582,0.271586,0.257021,0.223032,0.326432,0.250893,0.283032,0.204216,0.252627,0.194276
2340,9.750000,,,,,,,,,,,,,,,,0.220804,0.168962,0.185711,0.207659,0.056794,0.180582,0.271587,0.257019,0.223028,0.326435,0.250888,0.283029,0.204220,0.252625,0.194276
2341,9.754167,,,,,,,,,,,,,,,,0.220803,0.168963,0.185708,0.207658,0.056796,0.180582,0.271589,0.257017,0.223027,0.326440,0.250886,0.283022,0.204220,0.252627,0.194277
2342,9.758333,,,,,,,,,,,,,,,,0.220804,0.168962,0.185709,0.207657,0.056797,0.180585,0.271593,0.257016,0.223025,0.326446,0.250882,0.283018,0.204223,0.252624,0.194275
2343,9.762500,,,,,,,,,,,,,,,,0.220807,0.168962,0.185706,0.207658,0.056796,0.180581,0.271595,0.257013,0.223021,0.326452,0.250877,0.283010,0.204262,0.252681,0.194408
2344,9.766667,,,,,,,,,,,,,,,,0.220807,0.168964,0.185702,0.207659,0.056796,0.180578,0.271600,0.257012,0.223018,0.326454,0.250872,0.283005,0.204256,0.252635,0.194316
2345,9.770833,,,,,,,,,,,,,,,,0.220809,0.168961,0.185706,0.207658,0.056795,0.180582,0.271604,0.257008,0.223014,0.326462,0.250864,0.283000,0.204227,0.252627,0.194278
2346,9.775000,,,,,,,,,,,,,,,,0.220811,0.168961,0.185704,0.207655,0.056797,0.180582,0.271608,0.257005,0.223007,0.326468,0.250854,0.282993,0.204225,0.252622,0.194269
2347,9.779167,,,,,,,,,,,,,,,,0.220813,0.168960,0.185701,0.207657,0.056795,0.180583,0.271615,0.257005,0.223004,0.326474,0.250845,0.282986,0.204270,0.252682,0.194409
2348,9.783333,,,,,,,,,,,,,,,,0.220815,0.168962,0.185699,0.207657,0.056797,0.180581,0.271620,0.257001,0.223000,0.326482,0.250836,0.282979,0.204266,0.252639,0.194322
2349,9.787500,,,,,,,,,,,,,,,,0.220816,0.168961,0.185697,0.207659,0.056797,0.180581,0.271626,0.256998,0.222993,0.326490,0.250823,0.282970,0.204238,0.252629,0.194275
2350,9.791667,,,,,,,,,,,,,,,,0.220816,0.168961,0.185695,0.207659,0.056796,0.180582,0.271634,0.257008,0.222983,0.326499,0.250813,0.282960,0.204233,0.252626,0.194267
2351,9.795833,,,,,,,,,,,,,,,,0.220819,0.168962,0.185693,0.207658,0.056795,0.180584,0.271637,0.257004,0.222975,0.326508,0.250801,0.282951,0.204242,0.252628,0.194272
2352,9.800000,,,,,,,,,,,,,,,,0.220820,0.168960,0.185692,0.207657,0.056795,0.180581,0.271646,0.256999,0.222972,0.326517,0.250787,0.282939,0.204286,0.252683,0.194402
2353,9.804167,,,,,,,,,,,,,,,,0.220821,0.168960,0.185691,0.207656,0.056797,0.180584,0.271655,0.256992,0.222970,0.326528,0.250774,0.282926,0.204282,0.252639,0.194315
2354,9.808333,,,,,,,,,,,,,,,,0.220824,0.168956,0.185689,0.207657,0.056796,0.180584,0.271662,0.256988,0.222964,0.326539,0.250761,0.282915,0.204298,0.252682,0.194402
2355,9.812500,,,,,,,,,,,,,,,,0.220826,0.168957,0.185687,0.207657,0.056796,0.180587,0.271669,0.256982,0.222960,0.326553,0.250743,0.282902,0.204289,0.252638,0.194308
2356,9.816667,,,,,,,,,,,,,,,,0.220825,0.168957,0.185686,0.207659,0.056795,0.180583,0.271679,0.256979,0.222956,0.326562,0.250731,0.282892,0.204271,0.252629,0.194270
2357,9.820833,,,,,,,,,,,,,,,,0.220828,0.168955,0.185681,0.207656,0.056796,0.180585,0.271684,0.256975,0.222943,0.326579,0.250712,0.282872,0.204271,0.252626,0.194265
2358,9.825000,,,,,,,,,,,,,,,,0.220830,0.168938,0.185645,0.207658,0.056797,0.180582,0.271693,0.256974,0.222938,0.326594,0.250695,0.282859,0.204276,0.252633,0.194273
2359,9.829167,,,,,,,,,,,,,,,,0.220826,0.168959,0.185672,0.207657,0.056794,0.180587,0.271700,0.256967,0.222930,0.326608,0.250678,0.282842,0.204316,0.252689,0.194400
2360,9.833333,,,,,,,,,,,,,,,,0.220833,0.168952,0.185679,0.207657,0.056797,0.180586,0.271709,0.256963,0.222925,0.326624,0.250659,0.282828,0.204331,0.252565,0.194385
2361,9.837500,,,,,,,,,,,,,,,,0.220838,0.168950,0.185679,0.207657,0.056797,0.180588,0.271715,0.256959,0.222917,0.326628,0.250639,0.282786,0.204336,0.252689,0.194416
2362,9.841667,,,,,,,,,,,,,,,,0.220836,0.168952,0.185676,0.207655,0.056794,0.180588,0.271724,0.256955,0.222911,0.326644,0.250620,0.282770,0.204332,0.252560,0.194373
2363,9.845833,,,,,,,,,,,,,,,,0.220835,0.168936,0.185637,0.207655,0.056796,0.180588,0.271732,0.256949,0.222905,0.326668,0.250587,0.282742,0.204323,0.252556,0.194352
2364,9.850000,,,,,,,,,,,,,,,,0.220834,0.168956,0.185664,0.207653,0.056797,0.180588,0.271739,0.256946,0.222898,0.326695,0.250564,0.282748,0.204325,0.252554,0.194347
2365,9.854167,,,,,,,,,,,,,,,,0.220839,0.168933,0.185635,0.207652,0.056796,0.180592,0.271745,0.256941,0.222891,0.326703,0.250544,0.282707,0.204368,0.252614,0.194482
2366,9.858333,,,,,,,,,,,,,,,,0.220837,0.168935,0.185630,0.207652,0.056798,0.180589,0.271757,0.256936,0.222886,0.326716,0.250527,0.282690,0.204372,0.252567,0.194399
2367,9.862500,,,,,,,,,,,,,,,,0.220839,0.168933,0.185627,0.207654,0.056796,0.180591,0.271765,0.256932,0.222879,0.326734,0.250508,0.282676,0.204348,0.252554,0.194358
2368,9.866667,,,,,,,,,,,,,,,,0.220838,0.168951,0.185660,0.207653,0.056796,0.180592,0.271773,0.256927,0.222872,0.326751,0.250493,0.282663,0.204375,0.252612,0.194483
2369,9.870833,,,,,,,,,,,,,,,,0.220845,0.168929,0.185627,0.207651,0.056797,0.180591,0.271783,0.256911,0.222859,0.326769,0.250474,0.282650,0.204380,0.252563,0.194396
2370,9.875000,,,,,,,,,,,,,,,,0.220842,0.168932,0.185622,0.207653,0.056796,0.180594,0.271800,0.256904,0.222838,0.326782,0.250462,0.282632,0.204354,0.252546,0.194363
2371,9.879167,,,,,,,,,,,,,,,,0.220843,0.168933,0.185621,0.207653,0.056797,0.180595,0.271808,0.256900,0.222840,0.326801,0.250439,0.282615,0.204351,0.252548,0.194361
2372,9.883333,,,,,,,,,,,,,,,,0.220844,0.168949,0.185662,0.207652,0.056796,0.180592,0.271816,0.256897,0.222823,0.326819,0.250422,0.282596,0.204360,0.252551,0.194364
2373,9.887500,,,,,,,,,,,,,,,,0.220851,0.168927,0.185631,0.207650,0.056797,0.180596,0.271829,0.256891,0.222810,0.326839,0.250398,0.282570,0.204366,0.252548,0.194372
2374,9.891667,,,,,,,,,,,,,,,,0.220846,0.168929,0.185622,0.207652,0.056797,0.180594,0.271833,0.256885,0.222798,0.326867,0.250368,0.282533,0.204364,0.252544,0.194369
2375,9.895833,,,,,,,,,,,,,,,,0.220846,0.168929,0.185621,0.207652,0.056796,0.180595,0.271842,0.256881,0.222790,0.326887,0.250352,0.282514,0.204402,0.252605,0.194508
2376,9.900000,,,,,,,,,,,,,,,,0.220849,0.168929,0.185622,0.207651,0.056794,0.180594,0.271854,0.256863,0.222793,0.326903,0.250332,0.282492,0.204407,0.252558,0.194425
2377,9.904167,,,,,,,,,,,,,,,,0.220849,0.168927,0.185623,0.207651,0.056795,0.180596,0.271860,0.256858,0.222786,0.326943,0.250295,0.282479,0.204376,0.252546,0.194385
2378,9.908333,,,,,,,,,,,,,,,,0.220852,0.168927,0.185620,0.207651,0.056794,0.180594,0.271867,0.256853,0.222779,0.326966,0.250276,0.282457,0.204367,0.252542,0.194375
2379,9.912500,,,,,,,,,,,,,,,,0.220852,0.168926,0.185622,0.207652,0.056795,0.180598,0.271874,0.256851,0.222775,0.326984,0.250261,0.282437,0.204371,0.252541,0.194386
2380,9.916667,,,,,,,,,,,,,,,,0.220853,0.168925,0.185624,0.207654,0.056795,0.180596,0.271881,0.256847,0.222768,0.327004,0.250246,0.282416,0.204378,0.252543,0.194395
2381,9.920833,,,,,,,,,,,,,,,,0.220857,0.168925,0.185625,0.207654,0.056794,0.180600,0.271888,0.256846,0.222763,0.327022,0.250233,0.282400,0.204384,0.252543,0.194403
2382,9.925000,,,,,,,,,,,,,,,,0.220860,0.168922,0.185627,0.207654,0.056793,0.180598,0.271896,0.256841,0.222758,0.327050,0.250217,0.282369,0.204411,0.252601,0.194535
2383,9.929167,,,,,,,,,,,,,,,,0.220858,0.168923,0.185630,0.207653,0.056794,0.180596,0.271901,0.256838,0.222752,0.327074,0.250202,0.282353,0.204413,0.252550,0.194448
2384,9.933333,,,,,,,,,,,,,,,,0.220858,0.168924,0.185630,0.207652,0.056796,0.180600,0.271906,0.256836,0.222748,0.327090,0.250188,0.282334,0.204382,0.252536,0.194401
2385,9.937500,,,,,,,,,,,,,,,,0.220860,0.168922,0.185630,0.207651,0.056794,0.180598,0.271914,0.256831,0.222746,0.327110,0.250178,0.282317,0.204374,0.252535,0.194403
2386,9.941667,,,,,,,,,,,,,,,,0.220859,0.168921,0.185628,0.207653,0.056792,0.180598,0.271918,0.256830,0.222739,0.327126,0.250168,0.282300,0.204381,0.252533,0.194408
2387,9.945833,,,,,,,,,,,,,,,,0.220860,0.168921,0.185627,0.207654,0.056796,0.180594,0.271925,0.256827,0.222736,0.327144,0.250156,0.282282,0.204381,0.252534,0.194422
2388,9.950000,,,,,,,,,,,,,,,,0.220863,0.168918,0.185628,0.207656,0.056794,0.180593,0.271932,0.256822,0.222732,0.327161,0.250148,0.282264,0.204396,0.252529,0.194427
2389,9.954167,,,,,,,,,,,,,,,,0.220865,0.168920,0.185629,0.207656,0.056791,0.180595,0.271936,0.256818,0.222729,0.327178,0.250135,0.282247,0.204388,0.252531,0.194436
2390,9.958333,,,,,,,,,,,,,,,,0.220867,0.168917,0.185632,0.207656,0.056794,0.180594,0.271942,0.256816,0.222727,0.327196,0.250127,0.282231,0.204383,0.252534,0.194438
2391,9.962500,,,,,,,,,,,,,,,,0.220870,0.168910,0.185643,0.207655,0.056795,0.180592,0.271948,0.256815,0.222727,0.327211,0.250116,0.282217,0.204384,0.252530,0.194438
2392,9.966667,,,,,,,,,,,,,,,,0.220870,0.168908,0.185646,0.207655,0.056794,0.180592,0.271951,0.256812,0.222722,0.327226,0.250107,0.282203,0.204385,0.252524,0.194435
2393,9.970833,,,,,,,,,,,,,,,,0.220872,0.168909,0.185648,0.207653,0.056795,0.180593,0.271957,0.256810,0.222721,0.327238,0.250097,0.282190,0.204431,0.252587,0.194588
2394,9.975000,,,,,,,,,,,,,,,,0.220872,0.168907,0.185650,0.207654,0.056794,0.180595,0.271961,0.256807,0.222720,0.327250,0.250085,0.282179,0.204435,0.252539,0.194505
2395,9.979167,,,,,,,,,,,,,,,,0.220872,0.168908,0.185647,0.207654,0.056793,0.180591,0.271965,0.256804,0.222721,0.327261,0.250077,0.282171,0.204396,0.252526,0.194468
2396,9.983333,,,,,,,,,,,,,,,,0.220873,0.168909,0.185644,0.207655,0.056794,0.180589,0.271968,0.256801,0.222721,0.327271,0.250067,0.282162,0.204395,0.252519,0.194455
2397,9.987500,,,,,,,,,,,,,,,,0.220876,0.168908,0.185645,0.207656,0.056792,0.180590,0.271971,0.256798,0.222719,0.327280,0.250056,0.282156,0.204432,0.252585,0.194607
2398,9.991667,,,,,,,,,,,,,,,,0.220877,0.168903,0.185650,0.207655,0.056794,0.180591,0.271975,0.256795,0.222717,0.327288,0.250048,0.282146,0.204459,0.252590,0.194650
2399,9.995833,,,,,,,,,,,,,,,,0.220877,0.168904,0.185648,0.207656,0.056794,0.180587,0.271977,0.256791,0.222718,0.327296,0.250036,0.282141,0.204459,0.252588,0.194647
2400,10.000000,,,,,,,,,,,,,,,,0.220879,0.168902,0.185653,0.207655,0.056794,0.180584,0.271981,0.256790,0.222719,0.327304,0.250027,0.282135,0.204427,0.252524,0.194507
2401,10.004167,,,,,,,,,,,,,,,,0.220878,0.168921,0.185693,0.207653,0.056793,0.180582,0.271984,0.256785,0.222722,0.327307,0.250015,0.282132,0.204401,0.252517,0.194483
2402,10.008333,,,,,,,,,,,,,,,,0.220886,0.168903,0.185662,0.207654,0.056792,0.180584,0.271986,0.256783,0.222723,0.327314,0.249994,0.282125,0.204403,0.252521,0.194485
2403,10.012500,,,,,,,,,,,,,,,,0.220880,0.168911,0.185651,0.207656,0.056794,0.180583,0.271987,0.256780,0.222724,0.327319,0.249980,0.282124,0.204408,0.252523,0.194495
2404,10.016667,,,,,,,,,,,,,,,,0.220877,0.168904,0.185655,0.207655,0.056797,0.180583,0.271988,0.256776,0.222726,0.327322,0.249969,0.282123,0.204410,0.252521,0.194489
2405,10.020833,,,,,,,,,,,,,,,,0.220879,0.168904,0.185658,0.207655,0.056795,0.180581,0.271998,0.256776,0.222739,0.327320,0.249958,0.282125,0.204407,0.252516,0.194484
2406,10.025000,,,,,,,,,,,,,,,,0.220880,0.168904,0.185658,0.207655,0.056795,0.180582,0.272000,0.256775,0.222742,0.327322,0.249947,0.282125,0.204437,0.252583,0.194628
2407,10.029167,,,,,,,,,,,,,,,,0.220882,0.168903,0.185657,0.207653,0.056794,0.180583,0.271992,0.256768,0.222734,0.327316,0.249938,0.282132,0.204446,0.252530,0.194536
2408,10.033333,,,,,,,,,,,,,,,,0.220882,0.168902,0.185656,0.207651,0.056796,0.180582,0.271999,0.256764,0.222748,0.327312,0.249924,0.282136,0.204420,0.252518,0.194494
2409,10.037500,,,,,,,,,,,,,,,,0.220882,0.168902,0.185655,0.207652,0.056797,0.180582,0.271991,0.256758,0.222741,0.327313,0.249888,0.282152,0.204413,0.252519,0.194490
2410,10.041667,,,,,,,,,,,,,,,,0.220884,0.168898,0.185653,0.207653,0.056794,0.180581,0.271998,0.256759,0.222754,0.327307,0.249878,0.282158,0.204454,0.252511,0.194505
2411,10.045833,,,,,,,,,,,,,,,,0.220878,0.168903,0.185654,0.207653,0.056796,0.180580,0.271998,0.256755,0.222755,0.327299,0.249870,0.282166,0.204459,0.252580,0.194638
2412,10.050000,,,,,,,,,,,,,,,,0.220883,0.168900,0.185651,0.207652,0.056795,0.180585,0.271997,0.256752,0.222760,0.327289,0.249859,0.282177,0.204484,0.252520,0.194536
2413,10.054167,,,,,,,,,,,,,,,,0.220884,0.168902,0.185651,0.207652,0.056795,0.180581,0.271995,0.256748,0.222764,0.327278,0.249850,0.282189,0.204433,0.252521,0.194492
2414,10.058333,,,,,,,,,,,,,,,,0.220882,0.168904,0.185653,0.207654,0.056796,0.180580,0.271994,0.256745,0.222767,0.327267,0.249840,0.282200,0.204413,0.252518,0.194475
2415,10.062500,,,,,,,,,,,,,,,,0.220883,0.168900,0.185651,0.207654,0.056797,0.180581,0.271993,0.256743,0.222770,0.327253,0.249830,0.282213,0.204449,0.252581,0.194615
2416,10.066667,,,,,,,,,,,,,,,,0.220886,0.168900,0.185652,0.207654,0.056797,0.180583,0.271985,0.256738,0.222762,0.327241,0.249822,0.282227,0.204486,0.252524,0.194533
2417,10.070833,,,,,,,,,,,,,,,,0.220882,0.168900,0.185652,0.207650,0.056798,0.180588,0.271989,0.256737,0.222776,0.327226,0.249814,0.282241,0.204438,0.252525,0.194494
2418,10.075000,,,,,,,,,,,,,,,,0.220881,0.168901,0.185649,0.207652,0.056795,0.180584,0.271987,0.256735,0.222782,0.327212,0.249806,0.282256,0.204421,0.252517,0.194461
2419,10.079167,,,,,,,,,,,,,,,,0.220882,0.168903,0.185647,0.207654,0.056796,0.180583,0.271984,0.256732,0.222787,0.327195,0.249800,0.282273,0.204457,0.252516,0.194483
2420,10.083333,,,,,,,,,,,,,,,,0.220881,0.168902,0.185647,0.207655,0.056793,0.180583,0.271978,0.256731,0.222791,0.327180,0.249795,0.282289,0.204469,0.252522,0.194503
2421,10.087500,,,,,,,,,,,,,,,,0.220880,0.168901,0.185646,0.207654,0.056796,0.180586,0.271974,0.256729,0.222795,0.327163,0.249787,0.282304,0.204458,0.252524,0.194498
2422,10.091667,,,,,,,,,,,,,,,,0.220878,0.168903,0.185647,0.207653,0.056796,0.180587,0.271971,0.256727,0.222798,0.327146,0.249783,0.282320,0.204462,0.252519,0.194483
2423,10.095833,,,,,,,,,,,,,,,,0.220877,0.168905,0.185644,0.207652,0.056797,0.180589,0.271968,0.256725,0.222805,0.327132,0.249781,0.282335,0.204467,0.252521,0.194489
2424,10.100000,,,,,,,,,,,,,,,,0.220880,0.168903,0.185643,0.207653,0.056797,0.180585,0.271963,0.256723,0.222811,0.327116,0.249779,0.282350,0.204422,0.252528,0.194470
2425,10.104167,,,,,,,,,,,,,,,,0.220882,0.168903,0.185644,0.207653,0.056797,0.180591,0.271959,0.256723,0.222816,0.327100,0.249779,0.282368,0.204450,0.252520,0.194473
2426,10.108333,,,,,,,,,,,,,,,,0.220880,0.168905,0.185645,0.207655,0.056794,0.180590,0.271954,0.256723,0.222821,0.327078,0.249782,0.282400,0.204468,0.252524,0.194489
2427,10.112500,,,,,,,,,,,,,,,,0.220878,0.168907,0.185645,0.207653,0.056796,0.180590,0.271949,0.256722,0.222829,0.327066,0.249781,0.282416,0.204468,0.252524,0.194486
2428,10.116667,,,,,,,,,,,,,,,,0.220874,0.168911,0.185643,0.207653,0.056797,0.180591,0.271937,0.256718,0.222822,0.327052,0.249779,0.282433,0.204433,0.252529,0.194470
2429,10.120833,,,,,,,,,,,,,,,,0.220875,0.168906,0.185645,0.207655,0.056796,0.180592,0.271939,0.256723,0.222841,0.327022,0.249764,0.282443,0.204442,0.252525,0.194481
2430,10.125000,,,,,,,,,,,,,,,,0.220870,0.168908,0.185649,0.207654,0.056795,0.180593,0.271925,0.256720,0.222834,0.327003,0.249766,0.282459,0.204426,0.252530,0.194464
2431,10.129167,,,,,,,,,,,,,,,,0.220871,0.168906,0.185648,0.207653,0.056791,0.180594,0.271927,0.256723,0.222854,0.326990,0.249767,0.282477,0.204407,0.252529,0.194455
2432,10.133333,,,,,,,,,,,,,,,,0.220871,0.168907,0.185652,0.207651,0.056795,0.180595,0.271921,0.256725,0.222862,0.326975,0.249770,0.282493,0.204437,0.252525,0.194478
2433,10.137500,,,,,,,,,,,,,,,,0.220871,0.168908,0.185651,0.207652,0.056795,0.180597,0.271906,0.256710,0.222869,0.326963,0.249773,0.282508,0.204426,0.252529,0.194472
2434,10.141667,,,,,,,,,,,,,,,,0.220869,0.168907,0.185656,0.207651,0.056794,0.180600,0.271906,0.256725,0.222878,0.326950,0.249774,0.282523,0.204401,0.252528,0.194463
2435,10.145833,,,,,,,,,,,,,,,,0.220869,0.168910,0.185656,0.207651,0.056795,0.180598,0.271901,0.256730,0.222885,0.326936,0.249782,0.282538,0.204407,0.252526,0.194465
2436,10.150000,,,,,,,,,,,,,,,,0.220867,0.168927,0.185698,0.207652,0.056795,0.180600,0.271896,0.256716,0.222908,0.326924,0.249782,0.282552,0.204405,0.252529,0.194471
2437,10.154167,,,,,,,,,,,,,,,,0.220871,0.168906,0.185677,0.207652,0.056795,0.180603,0.271890,0.256719,0.222919,0.326914,0.249787,0.282565,0.204401,0.252529,0.194472
2438,10.158333,,,,,,,,,,,,,,,,0.220865,0.168926,0.185704,0.207652,0.056795,0.180602,0.271881,0.256728,0.222926,0.326900,0.249791,0.282579,0.204430,0.252591,0.194612
2439,10.162500,,,,,,,,,,,,,,,,0.220865,0.168926,0.185716,0.207652,0.056799,0.180601,0.271873,0.256729,0.222936,0.326897,0.249799,0.282598,0.204426,0.252536,0.194514
2440,10.166667,,,,,,,,,,,,,,,,0.220864,0.168927,0.185720,0.207649,0.056794,0.180605,0.271861,0.256735,0.222950,0.326879,0.249802,0.282605,0.204423,0.252595,0.194626
2441,10.170833,,,,,,,,,,,,,,,,0.220861,0.168933,0.185713,0.207649,0.056795,0.180601,0.271851,0.256736,0.222959,0.326866,0.249806,0.282617,0.204438,0.252597,0.194651
2442,10.175000,,,,,,,,,,,,,,,,0.220859,0.168935,0.185712,0.207647,0.056793,0.180603,0.271838,0.256740,0.222979,0.326862,0.249814,0.282635,0.204434,0.252595,0.194649
2443,10.179167,,,,,,,,,,,,,,,,0.220857,0.168927,0.185720,0.207647,0.056792,0.180604,0.271829,0.256742,0.222991,0.326845,0.249813,0.282643,0.204422,0.252596,0.194653
2444,10.183333,,,,,,,,,,,,,,,,0.220856,0.168926,0.185725,0.207647,0.056791,0.180607,0.271822,0.256743,0.223001,0.326840,0.249821,0.282662,0.204420,0.252595,0.194664
2445,10.187500,,,,,,,,,,,,,,,,0.220853,0.168935,0.185724,0.207648,0.056790,0.180606,0.271813,0.256743,0.223009,0.326830,0.249824,0.282673,0.204388,0.252534,0.194533
2446,10.191667,,,,,,,,,,,,,,,,0.220855,0.168928,0.185730,0.207646,0.056790,0.180609,0.271797,0.256744,0.223005,0.326817,0.249835,0.282691,0.204355,0.252524,0.194505
2447,10.195833,,,,,,,,,,,,,,,,0.220854,0.168926,0.185737,0.207647,0.056790,0.180609,0.271800,0.256747,0.223028,0.326806,0.249836,0.282702,0.204382,0.252586,0.194646
2448,10.200000,,,,,,,,,,,,,,,,0.220849,0.168934,0.185739,0.207647,0.056792,0.180608,0.271791,0.256749,0.223035,0.326795,0.249836,0.282715,0.204404,0.252592,0.194688
2449,10.204167,,,,,,,,,,,,,,,,0.220849,0.168926,0.185750,0.207647,0.056791,0.180610,0.271773,0.256756,0.223029,0.326776,0.249837,0.282736,0.204401,0.252570,0.194726
2450,10.208333,,,,,,,,,,,,,,,,0.220846,0.168928,0.185756,0.207649,0.056793,0.180604,0.271774,0.256761,0.223051,0.326758,0.249817,0.282783,0.204390,0.252593,0.194697
2451,10.212500,,,,,,,,,,,,,,,,0.220845,0.168928,0.185759,0.207649,0.056792,0.180605,0.271771,0.256763,0.223064,0.326750,0.249818,0.282793,0.204382,0.252561,0.194720
2452,10.216667,,,,,,,,,,,,,,,,0.220842,0.168928,0.185763,0.207652,0.056791,0.180599,0.271761,0.256763,0.223071,0.326738,0.249815,0.282806,0.204389,0.252568,0.194748
2453,10.220833,,,,,,,,,,,,,,,,0.220836,0.168936,0.185761,0.207650,0.056795,0.180602,0.271755,0.256765,0.223083,0.326726,0.249817,0.282815,0.204353,0.252628,0.194701
2454,10.225000,,,,,,,,,,,,,,,,0.220832,0.168922,0.185774,0.207653,0.056794,0.180598,0.271748,0.256763,0.223090,0.326717,0.249813,0.282824,0.204336,0.252621,0.194690
2455,10.229167,,,,,,,,,,,,,,,,0.220840,0.168926,0.185770,0.207654,0.056792,0.180597,0.271742,0.256764,0.223101,0.326699,0.249792,0.282846,0.204332,0.252621,0.194696
2456,10.233333,,,,,,,,,,,,,,,,0.220838,0.168930,0.185771,0.207654,0.056798,0.180598,0.271732,0.256763,0.223111,0.326685,0.249790,0.282854,0.204331,0.252623,0.194703
2457,10.237500,,,,,,,,,,,,,,,,0.220836,0.168931,0.185771,0.207654,0.056799,0.180598,0.271724,0.256761,0.223121,0.326682,0.249778,0.282864,0.204333,0.252622,0.194709
2458,10.241667,,,,,,,,,,,,,,,,0.220829,0.168922,0.185781,0.207654,0.056797,0.180597,0.271719,0.256760,0.223132,0.326664,0.249779,0.282876,0.204324,0.252619,0.194706
2459,10.245833,,,,,,,,,,,,,,,,0.220832,0.168934,0.185781,0.207655,0.056798,0.180597,0.271711,0.256761,0.223140,0.326652,0.249776,0.282887,0.204323,0.252619,0.194714
2460,10.250000,,,,,,,,,,,,,,,,0.220832,0.168940,0.185777,0.207654,0.056794,0.180596,0.271707,0.256759,0.223151,0.326643,0.249771,0.282895,0.204322,0.252618,0.194714
2461,10.254167,,,,,,,,,,,,,,,,0.220829,0.168943,0.185782,0.207655,0.056795,0.180594,0.271700,0.256756,0.223158,0.326628,0.249767,0.282915,0.204320,0.252615,0.194715
2462,10.258333,,,,,,,,,,,,,,,,0.220830,0.168942,0.185785,0.207658,0.056795,0.180593,0.271693,0.256755,0.223167,0.326612,0.249759,0.282930,0.204315,0.252618,0.194728
2463,10.262500,,,,,,,,,,,,,,,,0.220830,0.168936,0.185788,0.207659,0.056797,0.180590,0.271687,0.256756,0.223177,0.326600,0.249753,0.282942,0.204317,0.252613,0.194723
2464,10.266667,,,,,,,,,,,,,,,,0.220827,0.168941,0.185785,0.207658,0.056798,0.180591,0.271681,0.256752,0.223186,0.326587,0.249744,0.282956,0.204302,0.252608,0.194708
2465,10.270833,,,,,,,,,,,,,,,,0.220826,0.168936,0.185789,0.207657,0.056798,0.180591,0.271675,0.256749,0.223195,0.326574,0.249736,0.282969,0.204309,0.252611,0.194722
2466,10.275000,,,,,,,,,,,,,,,,0.220824,0.168941,0.185790,0.207659,0.056794,0.180588,0.271669,0.256748,0.223202,0.326561,0.249730,0.282982,0.204297,0.252609,0.194714
2467,10.279167,,,,,,,,,,,,,,,,0.220825,0.168935,0.185793,0.207657,0.056796,0.180592,0.271664,0.256746,0.223211,0.326553,0.249711,0.282989,0.204298,0.252610,0.194726
2468,10.283333,,,,,,,,,,,,,,,,0.220820,0.168946,0.185792,0.207657,0.056798,0.180591,0.271658,0.256742,0.223220,0.326540,0.249703,0.283002,0.204297,0.252606,0.194721
2469,10.287500,,,,,,,,,,,,,,,,0.220816,0.168932,0.185803,0.207659,0.056798,0.180591,0.271654,0.256739,0.223229,0.326526,0.249693,0.283015,0.204300,0.252608,0.194730
2470,10.291667,,,,,,,,,,,,,,,,0.220820,0.168944,0.185799,0.207659,0.056799,0.180594,0.271651,0.256736,0.223237,0.326513,0.249682,0.283029,0.204301,0.252611,0.194737
2471,10.295833,,,,,,,,,,,,,,,,0.220818,0.168948,0.185796,0.207660,0.056797,0.180590,0.271646,0.256735,0.223243,0.326502,0.249674,0.283041,0.204301,0.252610,0.194739
2472,10.300000,,,,,,,,,,,,,,,,0.220820,0.168940,0.185801,0.207657,0.056798,0.180592,0.271643,0.256730,0.223250,0.326490,0.249664,0.283054,0.204300,0.252608,0.194738
2473,10.304167,,,,,,,,,,,,,,,,0.220818,0.168945,0.185796,0.207661,0.056796,0.180587,0.271640,0.256727,0.223257,0.326472,0.249668,0.283075,0.204300,0.252610,0.194743
2474,10.308333,,,,,,,,,,,,,,,,0.220818,0.168947,0.185794,0.207661,0.056795,0.180590,0.271636,0.256726,0.223263,0.326459,0.249658,0.283088,0.204291,0.252609,0.194730
2475,10.312500,,,,,,,,,,,,,,,,0.220817,0.168947,0.185793,0.207660,0.056796,0.180588,0.271633,0.256722,0.223267,0.326449,0.249651,0.283099,0.204286,0.252602,0.194720
2476,10.316667,,,,,,,,,,,,,,,,0.220820,0.168944,0.185796,0.207660,0.056796,0.180589,0.271631,0.256718,0.223273,0.326440,0.249642,0.283112,0.204291,0.252606,0.194734
2477,10.320833,,,,,,,,,,,,,,,,0.220820,0.168938,0.185803,0.207661,0.056795,0.180590,0.271630,0.256716,0.223280,0.326430,0.249634,0.283122,0.204288,0.252605,0.194730
2478,10.325000,,,,,,,,,,,,,,,,0.220822,0.168937,0.185805,0.207658,0.056795,0.180589,0.271628,0.256713,0.223283,0.326423,0.249624,0.283132,0.204285,0.252609,0.194728
2479,10.329167,,,,,,,,,,,,,,,,0.220821,0.168938,0.185809,0.207657,0.056797,0.180589,0.271628,0.256709,0.223289,0.326415,0.249614,0.283145,0.204296,0.252605,0.194735
2480,10.333333,,,,,,,,,,,,,,,,0.220822,0.168936,0.185808,0.207659,0.056796,0.180588,0.271630,0.256709,0.223293,0.326409,0.249607,0.283152,0.204303,0.252610,0.194751
2481,10.337500,,,,,,,,,,,,,,,,0.220824,0.168934,0.185809,0.207659,0.056796,0.180590,0.271629,0.256705,0.223298,0.326412,0.249571,0.283178,0.204295,0.252604,0.194734
2482,10.341667,,,,,,,,,,,,,,,,0.220822,0.168942,0.185805,0.207660,0.056796,0.180593,0.271630,0.256704,0.223304,0.326405,0.249561,0.283183,0.204300,0.252609,0.194748
2483,10.345833,,,,,,,,,,,,,,,,0.220828,0.168936,0.185804,0.207659,0.056797,0.180592,0.271630,0.256699,0.223307,0.326405,0.249556,0.283195,0.204304,0.252607,0.194746
2484,10.350000,,,,,,,,,,,,,,,,0.220829,0.168935,0.185809,0.207656,0.056798,0.180593,0.271631,0.256695,0.223311,0.326404,0.249550,0.283204,0.204298,0.252604,0.194733
2485,10.354167,,,,,,,,,,,,,,,,0.220830,0.168934,0.185810,0.207658,0.056795,0.180593,0.271633,0.256691,0.223314,0.326380,0.249529,0.283212,0.204302,0.252609,0.194749
2486,10.358333,,,,,,,,,,,,,,,,0.220829,0.168933,0.185811,0.207659,0.056795,0.180593,0.271636,0.256689,0.223318,0.326377,0.249528,0.283216,0.204310,0.252609,0.194758
2487,10.362500,,,,,,,,,,,,,,,,0.220830,0.168933,0.185812,0.207660,0.056797,0.180595,0.271637,0.256686,0.223319,0.326378,0.249520,0.283221,0.204313,0.252609,0.194760
2488,10.366667,,,,,,,,,,,,,,,,0.220832,0.168931,0.185814,0.207659,0.056796,0.180600,0.271641,0.256682,0.223325,0.326380,0.249514,0.283225,0.204315,0.252609,0.194761
2489,10.370833,,,,,,,,,,,,,,,,0.220833,0.168932,0.185817,0.207656,0.056797,0.180599,0.271645,0.256679,0.223327,0.326384,0.249510,0.283231,0.204313,0.252605,0.194750
2490,10.375000,,,,,,,,,,,,,,,,0.220831,0.168933,0.185815,0.207656,0.056795,0.180598,0.271648,0.256677,0.223328,0.326388,0.249503,0.283230,0.204310,0.252608,0.194752
2491,10.379167,,,,,,,,,,,,,,,,0.220835,0.168929,0.185815,0.207657,0.056794,0.180599,0.271653,0.256674,0.223331,0.326394,0.249496,0.283231,0.204312,0.252606,0.194757
2492,10.383333,,,,,,,,,,,,,,,,0.220839,0.168929,0.185813,0.207656,0.056797,0.180600,0.271656,0.256670,0.223334,0.326399,0.249491,0.283232,0.204319,0.252609,0.194768
2493,10.387500,,,,,,,,,,,,,,,,0.220837,0.168929,0.185814,0.207657,0.056796,0.180595,0.271663,0.256668,0.223336,0.326405,0.249485,0.283231,0.204354,0.252545,0.194831
2494,10.391667,,,,,,,,,,,,,,,,0.220840,0.168926,0.185818,0.207657,0.056797,0.180598,0.271668,0.256662,0.223341,0.326421,0.249467,0.283224,0.204368,0.252550,0.194860
2495,10.395833,,,,,,,,,,,,,,,,0.220840,0.168928,0.185819,0.207655,0.056798,0.180599,0.271674,0.256660,0.223342,0.326431,0.249458,0.283222,0.204373,0.252542,0.194851
2496,10.400000,,,,,,,,,,,,,,,,0.220843,0.168928,0.185820,0.207654,0.056799,0.180600,0.271678,0.256657,0.223344,0.326441,0.249450,0.283219,0.204350,0.252607,0.194797
2497,10.404167,,,,,,,,,,,,,,,,0.220845,0.168923,0.185823,0.207656,0.056797,0.180600,0.271685,0.256653,0.223346,0.326454,0.249436,0.283213,0.204363,0.252538,0.194841
2498,10.408333,,,,,,,,,,,,,,,,0.220838,0.168915,0.185833,0.207655,0.056795,0.180602,0.271691,0.256650,0.223346,0.326462,0.249424,0.283209,0.204381,0.252540,0.194866
2499,10.412500,,,,,,,,,,,,,,,,0.220846,0.168925,0.185824,0.207655,0.056795,0.180607,0.271706,0.256646,0.223360,0.326472,0.249416,0.283203,0.204385,0.252543,0.194878
2500,10.416667,,,,,,,,,,,,,,,,0.220842,0.168914,0.185835,0.207654,0.056795,0.180608,0.271711,0.256643,0.223360,0.326483,0.249406,0.283199,0.204387,0.252542,0.194881
2501,10.420833,,,,,,,,,,,,,,,,0.220842,0.168911,0.185838,0.207652,0.056798,0.180607,0.271717,0.256639,0.223361,0.326494,0.249396,0.283194,0.204380,0.252533,0.194865
2502,10.425000,,,,,,,,,,,,,,,,0.220843,0.168912,0.185840,0.207651,0.056798,0.180603,0.271723,0.256636,0.223361,0.326505,0.249385,0.283188,0.204384,0.252530,0.194876
2503,10.429167,,,,,,,,,,,,,,,,0.220847,0.168911,0.185840,0.207653,0.056800,0.180604,0.271729,0.256630,0.223362,0.326519,0.249368,0.283176,0.204376,0.252531,0.194874
2504,10.433333,,,,,,,,,,,,,,,,0.220854,0.168917,0.185833,0.207654,0.056797,0.180605,0.271736,0.256626,0.223362,0.326532,0.249355,0.283169,0.204374,0.252527,0.194872
2505,10.437500,,,,,,,,,,,,,,,,0.220848,0.168911,0.185842,0.207651,0.056800,0.180603,0.271740,0.256620,0.223360,0.326545,0.249342,0.283160,0.204395,0.252530,0.194897
2506,10.441667,,,,,,,,,,,,,,,,0.220849,0.168907,0.185849,0.207650,0.056800,0.180602,0.271752,0.256596,0.223369,0.326557,0.249326,0.283154,0.204393,0.252528,0.194894
2507,10.445833,,,,,,,,,,,,,,,,0.220869,0.168910,0.185851,0.207650,0.056799,0.180603,0.271757,0.256590,0.223369,0.326572,0.249311,0.283144,0.204398,0.252527,0.194906
2508,10.450000,,,,,,,,,,,,,,,,0.220854,0.168905,0.185857,0.207651,0.056801,0.180600,0.271764,0.256585,0.223370,0.326585,0.249295,0.283138,0.204393,0.252523,0.194896
2509,10.454167,,,,,,,,,,,,,,,,0.220852,0.168904,0.185854,0.207651,0.056802,0.180599,0.271770,0.256582,0.223368,0.326598,0.249278,0.283126,0.204391,0.252523,0.194903
2510,10.458333,,,,,,,,,,,,,,,,0.220850,0.168902,0.185855,0.207650,0.056801,0.180602,0.271777,0.256575,0.223368,0.326613,0.249247,0.283106,0.204401,0.252498,0.194874
2511,10.462500,,,,,,,,,,,,,,,,0.220853,0.168903,0.185852,0.207648,0.056805,0.180600,0.271781,0.256569,0.223369,0.326637,0.249229,0.283083,0.204411,0.252526,0.194933
2512,10.466667,,,,,,,,,,,,,,,,0.220868,0.168896,0.185866,0.207649,0.056803,0.180602,0.271787,0.256561,0.223371,0.326653,0.249212,0.283073,0.204408,0.252495,0.194879
2513,10.470833,,,,,,,,,,,,,,,,0.220860,0.168896,0.185864,0.207650,0.056803,0.180600,0.271792,0.256556,0.223370,0.326667,0.249194,0.283062,0.204389,0.252491,0.194877
2514,10.475000,,,,,,,,,,,,,,,,0.220871,0.168891,0.185871,0.207653,0.056801,0.180595,0.271803,0.256552,0.223365,0.326683,0.249175,0.283048,0.204388,0.252485,0.194873
2515,10.479167,,,,,,,,,,,,,,,,0.220871,0.168891,0.185874,0.207653,0.056803,0.180594,0.271809,0.256545,0.223363,0.326702,0.249154,0.283035,0.204389,0.252488,0.194888
2516,10.483333,,,,,,,,,,,,,,,,0.220874,0.168889,0.185873,0.207652,0.056805,0.180595,0.271814,0.256539,0.223365,0.326718,0.249134,0.283023,0.204398,0.252490,0.194897
2517,10.487500,,,,,,,,,,,,,,,,0.220873,0.168891,0.185877,0.207652,0.056803,0.180596,0.271819,0.256532,0.223365,0.326732,0.249112,0.283011,0.204401,0.252490,0.194907
2518,10.491667,,,,,,,,,,,,,,,,0.220876,0.168891,0.185879,0.207655,0.056802,0.180593,0.271827,0.256527,0.223363,0.326750,0.249086,0.282994,0.204406,0.252486,0.194914
2519,10.495833,,,,,,,,,,,,,,,,0.220863,0.168896,0.185870,0.207656,0.056802,0.180595,0.271834,0.256521,0.223361,0.326763,0.249063,0.282981,0.204406,0.252484,0.194918
2520,10.500000,,,,,,,,,,,,,,,,0.220873,0.168891,0.185872,0.207653,0.056802,0.180596,0.271838,0.256515,0.223360,0.326776,0.249042,0.282967,0.204404,0.252482,0.194921
2521,10.504167,,,,,,,,,,,,,,,,0.220887,0.168899,0.185872,0.207654,0.056801,0.180596,0.271845,0.256508,0.223361,0.326790,0.249019,0.282957,0.204417,0.252485,0.194935
2522,10.508333,,,,,,,,,,,,,,,,0.220878,0.168888,0.185879,0.207654,0.056800,0.180598,0.271850,0.256503,0.223360,0.326803,0.248993,0.282941,0.204409,0.252485,0.194945
2523,10.512500,,,,,,,,,,,,,,,,0.220879,0.168886,0.185881,0.207656,0.056804,0.180594,0.271857,0.256498,0.223359,0.326818,0.248973,0.282927,0.204407,0.252481,0.194945
2524,10.516667,,,,,,,,,,,,,,,,0.220880,0.168886,0.185884,0.207656,0.056803,0.180594,0.271862,0.256492,0.223357,0.326834,0.248939,0.282906,0.204412,0.252482,0.194954
2525,10.520833,,,,,,,,,,,,,,,,0.220884,0.168885,0.185884,0.207656,0.056798,0.180594,0.271868,0.256487,0.223356,0.326848,0.248918,0.282893,0.204417,0.252481,0.194963
2526,10.525000,,,,,,,,,,,,,,,,0.220885,0.168887,0.185882,0.207657,0.056800,0.180590,0.271871,0.256482,0.223355,0.326860,0.248893,0.282880,0.204417,0.252482,0.194975
2527,10.529167,,,,,,,,,,,,,,,,0.220886,0.168884,0.185883,0.207657,0.056801,0.180593,0.271878,0.256475,0.223357,0.326875,0.248869,0.282865,0.204420,0.252481,0.194983
2528,10.533333,,,,,,,,,,,,,,,,0.220888,0.168886,0.185885,0.207656,0.056801,0.180595,0.271882,0.256470,0.223356,0.326890,0.248847,0.282854,0.204423,0.252481,0.194987
2529,10.537500,,,,,,,,,,,,,,,,0.220890,0.168886,0.185886,0.207657,0.056800,0.180595,0.271889,0.256465,0.223357,0.326903,0.248824,0.282843,0.204422,0.252481,0.194990
2530,10.541667,,,,,,,,,,,,,,,,0.220890,0.168885,0.185890,0.207655,0.056799,0.180593,0.271894,0.256459,0.223357,0.326916,0.248805,0.282833,0.204428,0.252482,0.194998
2531,10.545833,,,,,,,,,,,,,,,,0.220892,0.168881,0.185891,0.207656,0.056796,0.180594,0.271900,0.256455,0.223353,0.326925,0.248766,0.282847,0.204431,0.252479,0.195008
2532,10.550000,,,,,,,,,,,,,,,,0.220895,0.168881,0.185890,0.207656,0.056796,0.180595,0.271905,0.256451,0.223353,0.326936,0.248751,0.282840,0.204438,0.252481,0.195023
2533,10.554167,,,,,,,,,,,,,,,,0.220896,0.168880,0.185889,0.207655,0.056796,0.180597,0.271910,0.256444,0.223354,0.326952,0.248730,0.282829,0.204441,0.252480,0.195024
2534,10.558333,,,,,,,,,,,,,,,,0.220900,0.168878,0.185887,0.207655,0.056797,0.180596,0.271914,0.256439,0.223355,0.326960,0.248714,0.282824,0.204444,0.252479,0.195026
2535,10.562500,,,,,,,,,,,,,,,,0.220900,0.168876,0.185889,0.207656,0.056794,0.180594,0.271919,0.256434,0.223353,0.326973,0.248692,0.282813,0.204447,0.252477,0.195036
2536,10.566667,,,,,,,,,,,,,,,,0.220902,0.168876,0.185889,0.207654,0.056794,0.180594,0.271924,0.256429,0.223354,0.327015,0.248651,0.282812,0.204453,0.252476,0.195040
2537,10.570833,,,,,,,,,,,,,,,,0.220901,0.168875,0.185892,0.207654,0.056792,0.180595,0.271932,0.256413,0.223351,0.327033,0.248634,0.282807,0.204456,0.252476,0.195045
2538,10.575000,,,,,,,,,,,,,,,,0.220903,0.168872,0.185892,0.207655,0.056792,0.180595,0.271938,0.256408,0.223349,0.327040,0.248620,0.282799,0.204460,0.252479,0.195056
2539,10.579167,,,,,,,,,,,,,,,,0.220902,0.168871,0.185895,0.207655,0.056795,0.180594,0.271945,0.256405,0.223350,0.327050,0.248606,0.282792,0.204464,0.252481,0.195061
2540,10.583333,,,,,,,,,,,,,,,,0.220905,0.168871,0.185896,0.207657,0.056796,0.180594,0.271951,0.256402,0.223348,0.327058,0.248593,0.282789,0.204466,0.252477,0.195059
2541,10.587500,,,,,,,,,,,,,,,,0.220907,0.168869,0.185895,0.207656,0.056795,0.180593,0.271956,0.256397,0.223350,0.327067,0.248579,0.282784,0.204472,0.252477,0.195068
2542,10.591667,,,,,,,,,,,,,,,,0.220908,0.168866,0.185895,0.207655,0.056796,0.180593,0.271960,0.256378,0.223357,0.327076,0.248570,0.282779,0.204479,0.252477,0.195070
2543,10.595833,,,,,,,,,,,,,,,,0.220911,0.168866,0.185895,0.207656,0.056794,0.180592,0.271964,0.256374,0.223358,0.327081,0.248559,0.282779,0.204484,0.252477,0.195083
2544,10.600000,,,,,,,,,,,,,,,,0.220911,0.168863,0.185894,0.207656,0.056796,0.180593,0.271968,0.256386,0.223350,0.327090,0.248551,0.282773,0.204487,0.252477,0.195085
2545,10.604167,,,,,,,,,,,,,,,,0.220910,0.168863,0.185895,0.207655,0.056795,0.180591,0.271973,0.256367,0.223358,0.327088,0.248521,0.282780,0.204490,0.252477,0.195092
2546,10.608333,,,,,,,,,,,,,,,,0.220914,0.168859,0.185895,0.207655,0.056797,0.180590,0.271976,0.256378,0.223349,0.327103,0.248529,0.282769,0.204495,0.252473,0.195087
2547,10.612500,,,,,,,,,,,,,,,,0.220913,0.168860,0.185896,0.207656,0.056795,0.180592,0.271982,0.256359,0.223360,0.327099,0.248502,0.282780,0.204497,0.252473,0.195092
2548,10.616667,,,,,,,,,,,,,,,,0.220916,0.168858,0.185896,0.207656,0.056794,0.180592,0.271991,0.256354,0.223365,0.327106,0.248495,0.282777,0.204498,0.252474,0.195097
2549,10.620833,,,,,,,,,,,,,,,,0.220920,0.168857,0.185896,0.207656,0.056796,0.180593,0.271993,0.256365,0.223358,0.327110,0.248488,0.282777,0.204506,0.252472,0.195103
2550,10.625000,,,,,,,,,,,,,,,,0.220923,0.168856,0.185898,0.207655,0.056797,0.180593,0.271996,0.256363,0.223361,0.327114,0.248480,0.282781,0.204514,0.252475,0.195116
2551,10.629167,,,,,,,,,,,,,,,,0.220920,0.168858,0.185899,0.207655,0.056796,0.180595,0.272000,0.256358,0.223363,0.327120,0.248471,0.282780,0.204517,0.252473,0.195110
2552,10.633333,,,,,,,,,,,,,,,,0.220923,0.168855,0.185903,0.207654,0.056796,0.180597,0.272009,0.256340,0.223375,0.327125,0.248460,0.282782,0.204672,0.252446,0.195189
2553,10.637500,,,,,,,,,,,,,,,,0.220926,0.168852,0.185904,0.207656,0.056795,0.180593,0.272013,0.256337,0.223375,0.327128,0.248455,0.282781,0.204587,0.252493,0.195201
2554,10.641667,,,,,,,,,,,,,,,,0.220927,0.168854,0.185902,0.207655,0.056796,0.180596,0.272014,0.256333,0.223378,0.327134,0.248448,0.282784,0.204530,0.252474,0.195126
2555,10.645833,,,,,,,,,,,,,,,,0.220931,0.168851,0.185902,0.207654,0.056795,0.180600,0.272017,0.256329,0.223383,0.327138,0.248439,0.282787,0.204516,0.252472,0.195113
2556,10.650000,,,,,,,,,,,,,,,,0.220928,0.168851,0.185903,0.207653,0.056796,0.180598,0.272017,0.256324,0.223385,0.327140,0.248434,0.282788,0.204677,0.252448,0.195203
2557,10.654167,,,,,,,,,,,,,,,,0.220929,0.168850,0.185902,0.207655,0.056795,0.180598,0.272021,0.256321,0.223388,0.327143,0.248428,0.282791,0.204601,0.252489,0.195213
2558,10.658333,,,,,,,,,,,,,,,,0.220929,0.168851,0.185902,0.207654,0.056796,0.180597,0.272025,0.256319,0.223392,0.327145,0.248421,0.282794,0.204542,0.252470,0.195141
2559,10.662500,,,,,,,,,,,,,,,,0.220928,0.168848,0.185901,0.207651,0.056796,0.180603,0.272025,0.256315,0.223396,0.327146,0.248413,0.282798,0.204683,0.252438,0.195199
2560,10.666667,,,,,,,,,,,,,,,,0.220928,0.168848,0.185901,0.207651,0.056796,0.180602,0.272027,0.256311,0.223401,0.327148,0.248404,0.282801,0.204603,0.252486,0.195215
2561,10.670833,,,,,,,,,,,,,,,,0.220933,0.168847,0.185908,0.207652,0.056794,0.180604,0.272031,0.256309,0.223404,0.327148,0.248393,0.282806,0.204695,0.252441,0.195216
2562,10.675000,,,,,,,,,,,,,,,,0.220936,0.168846,0.185913,0.207654,0.056794,0.180604,0.272031,0.256304,0.223408,0.327149,0.248382,0.282811,0.204591,0.252478,0.195202
2563,10.679167,,,,,,,,,,,,,,,,0.220935,0.168845,0.185915,0.207653,0.056796,0.180606,0.272030,0.256301,0.223412,0.327147,0.248373,0.282815,0.204543,0.252462,0.195145
2564,10.683333,,,,,,,,,,,,,,,,0.220936,0.168844,0.185914,0.207654,0.056795,0.180605,0.272033,0.256298,0.223418,0.327146,0.248362,0.282819,0.204537,0.252460,0.195142
2565,10.687500,,,,,,,,,,,,,,,,0.220934,0.168844,0.185912,0.207653,0.056796,0.180603,0.272036,0.256292,0.223428,0.327145,0.248352,0.282825,0.204690,0.252434,0.195222
2566,10.691667,,,,,,,,,,,,,,,,0.220934,0.168843,0.185914,0.207651,0.056795,0.180606,0.272032,0.256284,0.223430,0.327142,0.248340,0.282830,0.204729,0.252447,0.195269
2567,10.695833,,,,,,,,,,,,,,,,0.220934,0.168844,0.185914,0.207653,0.056795,0.180604,0.272034,0.256284,0.223438,0.327141,0.248326,0.282835,0.204724,0.252443,0.195266
2568,10.700000,,,,,,,,,,,,,,,,0.220934,0.168844,0.185918,0.207654,0.056794,0.180604,0.272033,0.256277,0.223446,0.327138,0.248315,0.282843,0.204582,0.252471,0.195216
2569,10.704167,,,,,,,,,,,,,,,,0.220931,0.168844,0.185924,0.207652,0.056796,0.180606,0.272034,0.256273,0.223452,0.327133,0.248302,0.282845,0.204529,0.252455,0.195151
2570,10.708333,,,,,,,,,,,,,,,,0.220930,0.168842,0.185930,0.207654,0.056797,0.180607,0.272033,0.256270,0.223460,0.327129,0.248288,0.282852,0.204534,0.252457,0.195161
2571,10.712500,,,,,,,,,,,,,,,,0.220932,0.168841,0.185930,0.207655,0.056797,0.180606,0.272030,0.256266,0.223468,0.327125,0.248275,0.282858,0.204695,0.252430,0.195249
2572,10.716667,,,,,,,,,,,,,,,,0.220932,0.168844,0.185932,0.207652,0.056798,0.180609,0.272028,0.256264,0.223473,0.327120,0.248261,0.282867,0.204616,0.252483,0.195280
2573,10.720833,,,,,,,,,,,,,,,,0.220932,0.168841,0.185933,0.207653,0.056796,0.180609,0.272025,0.256260,0.223481,0.327118,0.248245,0.282872,0.204551,0.252459,0.195207
2574,10.725000,,,,,,,,,,,,,,,,0.220930,0.168841,0.185936,0.207654,0.056794,0.180611,0.272023,0.256256,0.223489,0.327114,0.248230,0.282878,0.204529,0.252453,0.195183
2575,10.729167,,,,,,,,,,,,,,,,0.220928,0.168841,0.185939,0.207656,0.056795,0.180613,0.272019,0.256252,0.223497,0.327107,0.248217,0.282887,0.204531,0.252455,0.195196
2576,10.733333,,,,,,,,,,,,,,,,0.220929,0.168837,0.185942,0.207658,0.056793,0.180614,0.272015,0.256248,0.223504,0.327102,0.248204,0.282893,0.204533,0.252454,0.195209
2577,10.737500,,,,,,,,,,,,,,,,0.220926,0.168840,0.185945,0.207657,0.056791,0.180614,0.272013,0.256244,0.223513,0.327095,0.248190,0.282901,0.204530,0.252452,0.195219
2578,10.741667,,,,,,,,,,,,,,,,0.220926,0.168838,0.185949,0.207657,0.056790,0.180614,0.272010,0.256242,0.223522,0.327089,0.248179,0.282912,0.204540,0.252454,0.195229
2579,10.745833,,,,,,,,,,,,,,,,0.220926,0.168838,0.185954,0.207658,0.056790,0.180618,0.272006,0.256238,0.223531,0.327084,0.248164,0.282920,0.204540,0.252453,0.195239
2580,10.750000,,,,,,,,,,,,,,,,0.220924,0.168841,0.185961,0.207658,0.056791,0.180617,0.272001,0.256236,0.223540,0.327075,0.248151,0.282932,0.204526,0.252452,0.195240
2581,10.754167,,,,,,,,,,,,,,,,0.220923,0.168839,0.185964,0.207656,0.056792,0.180619,0.271997,0.256233,0.223551,0.327074,0.248110,0.282955,0.204534,0.252451,0.195256
2582,10.758333,,,,,,,,,,,,,,,,0.220925,0.168842,0.185967,0.207658,0.056790,0.180620,0.271995,0.256230,0.223562,0.327071,0.248100,0.282962,0.204535,0.252454,0.195265
2583,10.762500,,,,,,,,,,,,,,,,0.220921,0.168842,0.185973,0.207658,0.056793,0.180618,0.271989,0.256226,0.223571,0.327052,0.248092,0.282994,0.204687,0.252419,0.195327
2584,10.766667,,,,,,,,,,,,,,,,0.220921,0.168839,0.185977,0.207657,0.056794,0.180614,0.271984,0.256225,0.223580,0.327047,0.248081,0.283002,0.204598,0.252468,0.195352
2585,10.770833,,,,,,,,,,,,,,,,0.220918,0.168841,0.185981,0.207657,0.056792,0.180612,0.271982,0.256222,0.223592,0.327049,0.248065,0.282993,0.204531,0.252453,0.195291
2586,10.775000,,,,,,,,,,,,,,,,0.220919,0.168840,0.185981,0.207658,0.056793,0.180612,0.271985,0.256219,0.223615,0.327027,0.248041,0.283008,0.204667,0.252414,0.195335
2587,10.779167,,,,,,,,,,,,,,,,0.220917,0.168841,0.185984,0.207659,0.056794,0.180612,0.271971,0.256213,0.223614,0.327010,0.248039,0.283036,0.204583,0.252466,0.195364
2588,10.783333,,,,,,,,,,,,,,,,0.220917,0.168838,0.185991,0.207661,0.056793,0.180610,0.271966,0.256210,0.223625,0.327004,0.248026,0.283048,0.204524,0.252448,0.195306
2589,10.787500,,,,,,,,,,,,,,,,0.220918,0.168838,0.185993,0.207659,0.056794,0.180608,0.271961,0.256207,0.223636,0.327000,0.248008,0.283043,0.204513,0.252447,0.195298
2590,10.791667,,,,,,,,,,,,,,,,0.220916,0.168838,0.185997,0.207658,0.056795,0.180610,0.271964,0.256206,0.223658,0.326991,0.247997,0.283055,0.204513,0.252448,0.195311
2591,10.795833,,,,,,,,,,,,,,,,0.220913,0.168837,0.185999,0.207659,0.056794,0.180604,0.271961,0.256203,0.223671,0.326980,0.247991,0.283069,0.204515,0.252443,0.195317
2592,10.800000,,,,,,,,,,,,,,,,0.220914,0.168836,0.186002,0.207659,0.056795,0.180604,0.271957,0.256203,0.223681,0.326966,0.247986,0.283089,0.204509,0.252447,0.195324
2593,10.804167,,,,,,,,,,,,,,,,0.220914,0.168833,0.186007,0.207659,0.056798,0.180599,0.271942,0.256199,0.223700,0.326955,0.247977,0.283106,0.204512,0.252445,0.195328
2594,10.808333,,,,,,,,,,,,,,,,0.220913,0.168832,0.186011,0.207658,0.056797,0.180595,0.271937,0.256197,0.223711,0.326941,0.247972,0.283122,0.204659,0.252413,0.195387
2595,10.812500,,,,,,,,,,,,,,,,0.220916,0.168834,0.186012,0.207658,0.056798,0.180591,0.271933,0.256194,0.223721,0.326924,0.247946,0.283156,0.204573,0.252459,0.195411
2596,10.816667,,,,,,,,,,,,,,,,0.220915,0.168833,0.186012,0.207658,0.056802,0.180588,0.271930,0.256192,0.223731,0.326912,0.247942,0.283173,0.204510,0.252442,0.195343
2597,10.820833,,,,,,,,,,,,,,,,0.220918,0.168832,0.186017,0.207660,0.056805,0.180587,0.271930,0.256187,0.223746,0.326895,0.247942,0.283195,0.204491,0.252436,0.195325
2598,10.825000,,,,,,,,,,,,,,,,0.220917,0.168831,0.186021,0.207663,0.056805,0.180583,0.271927,0.256185,0.223756,0.326881,0.247931,0.283212,0.204494,0.252438,0.195335
2599,10.829167,,,,,,,,,,,,,,,,0.220913,0.168834,0.186026,0.207662,0.056808,0.180581,0.271919,0.256184,0.223762,0.326866,0.247932,0.283234,0.204499,0.252436,0.195341
2600,10.833333,,,,,,,,,,,,,,,,0.220913,0.168832,0.186028,0.207662,0.056807,0.180580,0.271916,0.256180,0.223773,0.326851,0.247929,0.283254,0.204505,0.252437,0.195354
2601,10.837500,,,,,,,,,,,,,,,,0.220913,0.168834,0.186029,0.207661,0.056808,0.180580,0.271911,0.256179,0.223784,0.326836,0.247922,0.283273,0.204500,0.252439,0.195354
2602,10.841667,,,,,,,,,,,,,,,,0.220916,0.168834,0.186027,0.207662,0.056806,0.180580,0.271914,0.256175,0.223798,0.326822,0.247914,0.283287,0.204504,0.252410,0.195385
2603,10.845833,,,,,,,,,,,,,,,,0.220914,0.168833,0.186028,0.207660,0.056805,0.180580,0.271912,0.256170,0.223807,0.326807,0.247916,0.283314,0.204507,0.252407,0.195388
2604,10.850000,,,,,,,,,,,,,,,,0.220920,0.168831,0.186027,0.207661,0.056803,0.180582,0.271899,0.256174,0.223811,0.326786,0.247908,0.283342,0.204506,0.252404,0.195387
2605,10.854167,,,,,,,,,,,,,,,,0.220917,0.168834,0.186027,0.207660,0.056804,0.180581,0.271901,0.256170,0.223824,0.326773,0.247914,0.283365,0.204501,0.252407,0.195387
2606,10.858333,,,,,,,,,,,,,,,,0.220920,0.168834,0.186024,0.207658,0.056803,0.180583,0.271904,0.256167,0.223833,0.326760,0.247909,0.283385,0.204507,0.252403,0.195386
2607,10.862500,,,,,,,,,,,,,,,,0.220920,0.168836,0.186026,0.207657,0.056802,0.180583,0.271902,0.256150,0.223853,0.326749,0.247908,0.283402,0.204509,0.252406,0.195394
2608,10.866667,,,,,,,,,,,,,,,,0.220923,0.168834,0.186027,0.207656,0.056801,0.180583,0.271899,0.256149,0.223861,0.326737,0.247903,0.283423,0.204512,0.252407,0.195398
2609,10.870833,,,,,,,,,,,,,,,,0.220924,0.168834,0.186029,0.207656,0.056803,0.180582,0.271900,0.256143,0.223874,0.326724,0.247899,0.283439,0.204515,0.252403,0.195396
2610,10.875000,,,,,,,,,,,,,,,,0.220927,0.168835,0.186032,0.207657,0.056802,0.180580,0.271897,0.256143,0.223879,0.326712,0.247895,0.283457,0.204509,0.252407,0.195400
2611,10.879167,,,,,,,,,,,,,,,,0.220926,0.168836,0.186033,0.207655,0.056801,0.180581,0.271897,0.256138,0.223893,0.326699,0.247894,0.283475,0.204510,0.252407,0.195397
2612,10.883333,,,,,,,,,,,,,,,,0.220927,0.168838,0.186026,0.207655,0.056803,0.180581,0.271894,0.256136,0.223903,0.326688,0.247889,0.283493,0.204512,0.252407,0.195401
2613,10.887500,,,,,,,,,,,,,,,,0.220928,0.168838,0.186024,0.207653,0.056803,0.180589,0.271892,0.256130,0.223915,0.326669,0.247886,0.283521,0.204513,0.252409,0.195403
2614,10.891667,,,,,,,,,,,,,,,,0.220929,0.168838,0.186025,0.207654,0.056802,0.180587,0.271890,0.256128,0.223923,0.326656,0.247885,0.283538,0.204515,0.252435,0.195371
2615,10.895833,,,,,,,,,,,,,,,,0.220930,0.168836,0.186027,0.207655,0.056799,0.180586,0.271888,0.256126,0.223931,0.326645,0.247881,0.283558,0.204517,0.252408,0.195407
2616,10.900000,,,,,,,,,,,,,,,,0.220931,0.168833,0.186032,0.207654,0.056802,0.180586,0.271887,0.256122,0.223938,0.326626,0.247863,0.283579,0.204525,0.252413,0.195420
2617,10.904167,,,,,,,,,,,,,,,,0.220932,0.168836,0.186031,0.207655,0.056801,0.180586,0.271885,0.256117,0.223947,0.326617,0.247868,0.283607,0.204529,0.252411,0.195421
2618,10.908333,,,,,,,,,,,,,,,,0.220932,0.168833,0.186035,0.207653,0.056802,0.180588,0.271882,0.256113,0.223954,0.326607,0.247863,0.283624,0.204530,0.252413,0.195423
2619,10.912500,,,,,,,,,,,,,,,,0.220931,0.168830,0.186041,0.207653,0.056802,0.180591,0.271882,0.256111,0.223963,0.326595,0.247856,0.283640,0.204530,0.252411,0.195424
2620,10.916667,,,,,,,,,,,,,,,,0.220932,0.168833,0.186040,0.207653,0.056802,0.180586,0.271881,0.256107,0.223972,0.326583,0.247851,0.283659,0.204530,0.252415,0.195426
2621,10.920833,,,,,,,,,,,,,,,,0.220932,0.168830,0.186040,0.207651,0.056806,0.180590,0.271879,0.256104,0.223977,0.326574,0.247846,0.283675,0.204526,0.252440,0.195391
2622,10.925000,,,,,,,,,,,,,,,,0.220930,0.168829,0.186040,0.207653,0.056801,0.180589,0.271879,0.256102,0.223985,0.326564,0.247837,0.283688,0.204525,0.252412,0.195420
2623,10.929167,,,,,,,,,,,,,,,,0.220933,0.168827,0.186041,0.207652,0.056802,0.180591,0.271878,0.256099,0.223993,0.326553,0.247831,0.283703,0.204531,0.252414,0.195430
2624,10.933333,,,,,,,,,,,,,,,,0.220933,0.168827,0.186043,0.207651,0.056804,0.180590,0.271876,0.256094,0.223999,0.326545,0.247821,0.283713,0.204532,0.252411,0.195431
2625,10.937500,,,,,,,,,,,,,,,,0.220930,0.168827,0.186044,0.207650,0.056799,0.180593,0.271875,0.256091,0.224005,0.326536,0.247812,0.283725,0.204534,0.252413,0.195433
2626,10.941667,,,,,,,,,,,,,,,,0.220931,0.168827,0.186044,0.207650,0.056801,0.180592,0.271867,0.256086,0.224010,0.326530,0.247803,0.283735,0.204674,0.252376,0.195471
2627,10.945833,,,,,,,,,,,,,,,,0.220932,0.168827,0.186046,0.207650,0.056798,0.180598,0.271870,0.256087,0.224016,0.326523,0.247792,0.283744,0.204594,0.252428,0.195506
2628,10.950000,,,,,,,,,,,,,,,,0.220932,0.168826,0.186049,0.207651,0.056799,0.180592,0.271875,0.256079,0.224032,0.326517,0.247771,0.283738,0.204535,0.252440,0.195413
2629,10.954167,,,,,,,,,,,,,,,,0.220930,0.168827,0.186052,0.207650,0.056801,0.180599,0.271880,0.256079,0.224039,0.326495,0.247750,0.283750,0.204520,0.252409,0.195428
2630,10.958333,,,,,,,,,,,,,,,,0.220928,0.168827,0.186051,0.207651,0.056803,0.180599,0.271873,0.256073,0.224042,0.326489,0.247739,0.283756,0.204532,0.252409,0.195437
2631,10.962500,,,,,,,,,,,,,,,,0.220929,0.168827,0.186052,0.207651,0.056802,0.180599,0.271871,0.256071,0.224048,0.326489,0.247726,0.283759,0.204673,0.252379,0.195490
2632,10.966667,,,,,,,,,,,,,,,,0.220927,0.168828,0.186052,0.207650,0.056803,0.180598,0.271875,0.256067,0.224056,0.326487,0.247712,0.283762,0.204595,0.252426,0.195514
2633,10.970833,,,,,,,,,,,,,,,,0.220926,0.168826,0.186056,0.207649,0.056802,0.180599,0.271870,0.256064,0.224055,0.326487,0.247692,0.283758,0.204675,0.252380,0.195503
2634,10.975000,,,,,,,,,,,,,,,,0.220926,0.168825,0.186059,0.207649,0.056801,0.180598,0.271872,0.256058,0.224065,0.326487,0.247678,0.283759,0.204694,0.252383,0.195517
2635,10.979167,,,,,,,,,,,,,,,,0.220926,0.168825,0.186059,0.207648,0.056802,0.180599,0.271872,0.256057,0.224067,0.326487,0.247665,0.283760,0.204573,0.252418,0.195503
2636,10.983333,,,,,,,,,,,,,,,,0.220925,0.168826,0.186060,0.207650,0.056802,0.180599,0.271877,0.256045,0.224087,0.326484,0.247651,0.283759,0.204521,0.252403,0.195454
2637,10.987500,,,,,,,,,,,,,,,,0.220928,0.168823,0.186060,0.207650,0.056801,0.180597,0.271870,0.256049,0.224075,0.326485,0.247639,0.283760,0.204660,0.252367,0.195498
2638,10.991667,,,,,,,,,,,,,,,,0.220924,0.168824,0.186059,0.207650,0.056801,0.180598,0.271867,0.256045,0.224077,0.326486,0.247625,0.283759,0.204584,0.252420,0.195529
2639,10.995833,,,,,,,,,,,,,,,,0.220925,0.168822,0.186063,0.207649,0.056800,0.180597,0.271867,0.256042,0.224080,0.326491,0.247612,0.283758,0.204666,0.252371,0.195520
2640,11.000000,,,,,,,,,,,,,,,,0.220925,0.168822,0.186064,0.207651,0.056800,0.180596,0.271868,0.256040,0.224083,0.326494,0.247599,0.283754,0.204565,0.252412,0.195524
2641,11.004167,,,,,,,,,,,,,,,,0.220920,0.168824,0.186066,0.207650,0.056800,0.180597,0.271868,0.256038,0.224084,0.326497,0.247585,0.283751,0.204521,0.252404,0.195485
2642,11.008333,,,,,,,,,,,,,,,,0.220922,0.168824,0.186068,0.207650,0.056800,0.180599,0.271867,0.256034,0.224086,0.326503,0.247575,0.283744,0.204661,0.252371,0.195529
2643,11.012500,,,,,,,,,,,,,,,,0.220923,0.168824,0.186073,0.207651,0.056802,0.180599,0.271869,0.256031,0.224088,0.326507,0.247559,0.283741,0.204580,0.252416,0.195561
2644,11.016667,,,,,,,,,,,,,,,,0.220920,0.168824,0.186073,0.207652,0.056798,0.180597,0.271868,0.256031,0.224089,0.326513,0.247549,0.283735,0.204525,0.252400,0.195501
2645,11.020833,,,,,,,,,,,,,,,,0.220922,0.168825,0.186070,0.207651,0.056803,0.180601,0.271868,0.256026,0.224092,0.326519,0.247537,0.283726,0.204510,0.252395,0.195488
2646,11.025000,,,,,,,,,,,,,,,,0.220918,0.168826,0.186073,0.207652,0.056800,0.180600,0.271868,0.256024,0.224094,0.326529,0.247521,0.283719,0.204512,0.252397,0.195499
2647,11.029167,,,,,,,,,,,,,,,,0.220919,0.168826,0.186070,0.207652,0.056801,0.180603,0.271868,0.256022,0.224094,0.326535,0.247509,0.283713,0.204517,0.252398,0.195511
2648,11.033333,,,,,,,,,,,,,,,,0.220919,0.168825,0.186072,0.207652,0.056800,0.180602,0.271868,0.256019,0.224094,0.326541,0.247498,0.283707,0.204517,0.252399,0.195523
2649,11.037500,,,,,,,,,,,,,,,,0.220920,0.168822,0.186074,0.207654,0.056802,0.180598,0.271869,0.256015,0.224094,0.326564,0.247458,0.283697,0.204515,0.252396,0.195521
2650,11.041667,,,,,,,,,,,,,,,,0.220919,0.168822,0.186076,0.207654,0.056799,0.180600,0.271870,0.256013,0.224095,0.326557,0.247473,0.283691,0.204511,0.252395,0.195523
2651,11.045833,,,,,,,,,,,,,,,,0.220918,0.168822,0.186079,0.207655,0.056799,0.180598,0.271873,0.256011,0.224098,0.326575,0.247439,0.283680,0.204514,0.252394,0.195532
2652,11.050000,,,,,,,,,,,,,,,,0.220917,0.168822,0.186080,0.207656,0.056798,0.180601,0.271873,0.256008,0.224095,0.326574,0.247425,0.283689,0.204515,0.252393,0.195542
2653,11.054167,,,,,,,,,,,,,,,,0.220918,0.168821,0.186081,0.207657,0.056798,0.180601,0.271875,0.256005,0.224093,0.326588,0.247406,0.283676,0.204513,0.252392,0.195541
2654,11.058333,,,,,,,,,,,,,,,,0.220921,0.168820,0.186081,0.207656,0.056799,0.180601,0.271876,0.256004,0.224095,0.326601,0.247401,0.283656,0.204644,0.252361,0.195582
2655,11.062500,,,,,,,,,,,,,,,,0.220917,0.168821,0.186081,0.207656,0.056798,0.180600,0.271878,0.256000,0.224095,0.326606,0.247375,0.283654,0.204680,0.252368,0.195620
2656,11.066667,,,,,,,,,,,,,,,,0.220920,0.168820,0.186083,0.207656,0.056798,0.180600,0.271881,0.256000,0.224093,0.326617,0.247367,0.283643,0.204675,0.252362,0.195614
2657,11.070833,,,,,,,,,,,,,,,,0.220922,0.168818,0.186087,0.207657,0.056800,0.180600,0.271883,0.255997,0.224091,0.326626,0.247362,0.283623,0.204665,0.252362,0.195612
2658,11.075000,,,,,,,,,,,,,,,,0.220921,0.168817,0.186088,0.207659,0.056798,0.180600,0.271886,0.255995,0.224092,0.326633,0.247344,0.283626,0.204540,0.252396,0.195591
2659,11.079167,,,,,,,,,,,,,,,,0.220919,0.168819,0.186089,0.207658,0.056798,0.180599,0.271888,0.255992,0.224089,0.326642,0.247334,0.283617,0.204500,0.252385,0.195551
2660,11.083333,,,,,,,,,,,,,,,,0.220921,0.168819,0.186088,0.207658,0.056798,0.180599,0.271891,0.255991,0.224087,0.326651,0.247323,0.283606,0.204633,0.252359,0.195618
2661,11.087500,,,,,,,,,,,,,,,,0.220924,0.168816,0.186089,0.207660,0.056798,0.180600,0.271895,0.255987,0.224087,0.326661,0.247312,0.283597,0.204558,0.252404,0.195641
2662,11.091667,,,,,,,,,,,,,,,,0.220920,0.168818,0.186085,0.207659,0.056800,0.180599,0.271897,0.255985,0.224088,0.326669,0.247303,0.283589,0.204642,0.252362,0.195634
2663,11.095833,,,,,,,,,,,,,,,,0.220922,0.168819,0.186083,0.207659,0.056800,0.180601,0.271900,0.255981,0.224085,0.326678,0.247294,0.283581,0.204664,0.252369,0.195653
2664,11.100000,,,,,,,,,,,,,,,,0.220924,0.168818,0.186085,0.207658,0.056800,0.180601,0.271905,0.255976,0.224083,0.326687,0.247281,0.283572,0.204666,0.252368,0.195662
2665,11.104167,,,,,,,,,,,,,,,,0.220925,0.168816,0.186084,0.207658,0.056800,0.180596,0.271908,0.255975,0.224081,0.326695,0.247271,0.283562,0.204543,0.252397,0.195625
2666,11.108333,,,,,,,,,,,,,,,,0.220928,0.168816,0.186084,0.207659,0.056800,0.180594,0.271914,0.255971,0.224081,0.326703,0.247263,0.283555,0.204642,0.252358,0.195632
2667,11.112500,,,,,,,,,,,,,,,,0.220929,0.168814,0.186081,0.207657,0.056798,0.180599,0.271917,0.255967,0.224077,0.326713,0.247249,0.283547,0.204672,0.252365,0.195663
2668,11.116667,,,,,,,,,,,,,,,,0.220930,0.168814,0.186081,0.207658,0.056798,0.180595,0.271921,0.255964,0.224075,0.326720,0.247237,0.283542,0.204675,0.252367,0.195668
2669,11.120833,,,,,,,,,,,,,,,,0.220930,0.168814,0.186080,0.207658,0.056800,0.180593,0.271929,0.255949,0.224074,0.326727,0.247227,0.283533,0.204672,0.252362,0.195662
2670,11.125000,,,,,,,,,,,,,,,,0.220931,0.168812,0.186078,0.207659,0.056796,0.180595,0.271933,0.255942,0.224071,0.326733,0.247215,0.283526,0.204676,0.252361,0.195660
2671,11.129167,,,,,,,,,,,,,,,,0.220930,0.168812,0.186078,0.207657,0.056797,0.180598,0.271940,0.255939,0.224069,0.326738,0.247203,0.283523,0.204677,0.252356,0.195652
2672,11.133333,,,,,,,,,,,,,,,,0.220931,0.168815,0.186074,0.207658,0.056796,0.180598,0.271944,0.255936,0.224066,0.326747,0.247193,0.283516,0.204682,0.252361,0.195663
2673,11.137500,,,,,,,,,,,,,,,,0.220934,0.168810,0.186076,0.207658,0.056796,0.180598,0.271949,0.255931,0.224062,0.326753,0.247180,0.283510,0.204684,0.252361,0.195668
2674,11.141667,,,,,,,,,,,,,,,,0.220935,0.168811,0.186073,0.207659,0.056798,0.180594,0.271955,0.255928,0.224058,0.326758,0.247167,0.283503,0.204686,0.252360,0.195661
2675,11.145833,,,,,,,,,,,,,,,,0.220936,0.168810,0.186072,0.207657,0.056798,0.180596,0.271959,0.255924,0.224055,0.326765,0.247155,0.283499,0.204690,0.252361,0.195661
2676,11.150000,,,,,,,,,,,,,,,,0.220935,0.168808,0.186069,0.207659,0.056797,0.180591,0.271965,0.255918,0.224054,0.326777,0.247137,0.283488,0.204693,0.252358,0.195666
2677,11.154167,,,,,,,,,,,,,,,,0.220938,0.168808,0.186066,0.207657,0.056798,0.180593,0.271974,0.255909,0.224051,0.326783,0.247128,0.283480,0.204697,0.252359,0.195664
2678,11.158333,,,,,,,,,,,,,,,,0.220937,0.168810,0.186066,0.207655,0.056800,0.180592,0.271979,0.255905,0.224048,0.326789,0.247115,0.283475,0.204701,0.252362,0.195667
2679,11.162500,,,,,,,,,,,,,,,,0.220938,0.168807,0.186069,0.207655,0.056801,0.180591,0.271983,0.255900,0.224046,0.326794,0.247102,0.283471,0.204702,0.252361,0.195664
2680,11.166667,,,,,,,,,,,,,,,,0.220939,0.168806,0.186069,0.207656,0.056798,0.180590,0.271989,0.255896,0.224042,0.326801,0.247089,0.283464,0.204703,0.252359,0.195664
2681,11.170833,,,,,,,,,,,,,,,,0.220939,0.168806,0.186068,0.207655,0.056799,0.180590,0.271995,0.255891,0.224040,0.326815,0.247064,0.283448,0.204710,0.252362,0.195675
2682,11.175000,,,,,,,,,,,,,,,,0.220941,0.168804,0.186065,0.207653,0.056800,0.180594,0.271998,0.255887,0.224037,0.326823,0.247047,0.283443,0.204715,0.252358,0.195664
2683,11.179167,,,,,,,,,,,,,,,,0.220944,0.168806,0.186062,0.207653,0.056800,0.180593,0.272005,0.255868,0.224032,0.326827,0.247036,0.283438,0.204714,0.252358,0.195663
2684,11.183333,,,,,,,,,,,,,,,,0.220943,0.168806,0.186059,0.207654,0.056796,0.180591,0.272007,0.255875,0.224032,0.326833,0.247025,0.283431,0.204718,0.252359,0.195669
2685,11.187500,,,,,,,,,,,,,,,,0.220945,0.168802,0.186058,0.207653,0.056796,0.180595,0.272012,0.255860,0.224029,0.326838,0.247012,0.283425,0.204720,0.252358,0.195669
2686,11.191667,,,,,,,,,,,,,,,,0.220947,0.168803,0.186057,0.207655,0.056800,0.180591,0.272018,0.255855,0.224026,0.326846,0.246995,0.283420,0.204722,0.252362,0.195674
2687,11.195833,,,,,,,,,,,,,,,,0.220949,0.168803,0.186056,0.207653,0.056802,0.180595,0.272022,0.255850,0.224024,0.326854,0.246984,0.283413,0.204727,0.252361,0.195672
2688,11.200000,,,,,,,,,,,,,,,,0.220950,0.168802,0.186059,0.207653,0.056799,0.180596,0.272026,0.255847,0.224023,0.326859,0.246970,0.283408,0.204728,0.252359,0.195668
2689,11.204167,,,,,,,,,,,,,,,,0.220949,0.168801,0.186059,0.207653,0.056798,0.180598,0.272029,0.255843,0.224020,0.326863,0.246956,0.283402,0.204730,0.252357,0.195664
2690,11.208333,,,,,,,,,,,,,,,,0.220948,0.168803,0.186061,0.207652,0.056800,0.180597,0.272033,0.255840,0.224019,0.326868,0.246942,0.283396,0.204732,0.252357,0.195667
2691,11.212500,,,,,,,,,,,,,,,,0.220950,0.168801,0.186057,0.207650,0.056798,0.180599,0.272038,0.255836,0.224018,0.326874,0.246927,0.283390,0.204732,0.252360,0.195671
2692,11.216667,,,,,,,,,,,,,,,,0.220951,0.168802,0.186055,0.207650,0.056798,0.180600,0.272040,0.255832,0.224016,0.326906,0.246886,0.283396,0.204741,0.252359,0.195670
2693,11.220833,,,,,,,,,,,,,,,,0.220950,0.168801,0.186054,0.207650,0.056797,0.180601,0.272041,0.255828,0.224017,0.326917,0.246872,0.283392,0.204741,0.252359,0.195673
2694,11.225000,,,,,,,,,,,,,,,,0.220952,0.168801,0.186054,0.207651,0.056796,0.180603,0.272044,0.255825,0.224017,0.326921,0.246859,0.283384,0.204740,0.252359,0.195677
2695,11.229167,,,,,,,,,,,,,,,,0.220956,0.168800,0.186052,0.207653,0.056799,0.180599,0.272047,0.255821,0.224016,0.326928,0.246845,0.283377,0.204740,0.252357,0.195678
2696,11.233333,,,,,,,,,,,,,,,,0.220954,0.168800,0.186051,0.207651,0.056797,0.180603,0.272051,0.255817,0.224015,0.326932,0.246833,0.283373,0.204750,0.252357,0.195684
2697,11.237500,,,,,,,,,,,,,,,,0.220956,0.168797,0.186055,0.207650,0.056797,0.180604,0.272054,0.255814,0.224014,0.326940,0.246820,0.283366,0.204751,0.252359,0.195691
2698,11.241667,,,,,,,,,,,,,,,,0.220952,0.168796,0.186057,0.207652,0.056797,0.180602,0.272058,0.255810,0.224016,0.326947,0.246805,0.283359,0.204751,0.252359,0.195695
2699,11.245833,,,,,,,,,,,,,,,,0.220955,0.168799,0.186057,0.207651,0.056798,0.180603,0.272059,0.255806,0.224016,0.326951,0.246791,0.283358,0.204751,0.252360,0.195691
2700,11.250000,,,,,,,,,,,,,,,,0.220959,0.168797,0.186057,0.207651,0.056797,0.180605,0.272061,0.255804,0.224016,0.326956,0.246779,0.283352,0.204751,0.252357,0.195695
2701,11.254167,,,,,,,,,,,,,,,,0.220956,0.168798,0.186056,0.207651,0.056794,0.180605,0.272064,0.255802,0.224018,0.326959,0.246764,0.283348,0.204752,0.252357,0.195696
2702,11.258333,,,,,,,,,,,,,,,,0.220956,0.168799,0.186057,0.207653,0.056798,0.180599,0.272067,0.255795,0.224012,0.326962,0.246754,0.283347,0.204754,0.252356,0.195700
2703,11.262500,,,,,,,,,,,,,,,,0.220958,0.168797,0.186058,0.207652,0.056795,0.180606,0.272070,0.255791,0.224012,0.326965,0.246744,0.283343,0.204753,0.252359,0.195709
2704,11.266667,,,,,,,,,,,,,,,,0.220956,0.168797,0.186057,0.207651,0.056799,0.180602,0.272071,0.255788,0.224013,0.326970,0.246733,0.283340,0.204754,0.252358,0.195712
2705,11.270833,,,,,,,,,,,,,,,,0.220955,0.168798,0.186057,0.207650,0.056798,0.180605,0.272071,0.255786,0.224016,0.326976,0.246722,0.283337,0.204757,0.252356,0.195718
2706,11.275000,,,,,,,,,,,,,,,,0.220957,0.168797,0.186060,0.207651,0.056795,0.180602,0.272072,0.255782,0.224017,0.326980,0.246708,0.283333,0.204754,0.252356,0.195720
2707,11.279167,,,,,,,,,,,,,,,,0.220957,0.168794,0.186061,0.207653,0.056794,0.180601,0.272073,0.255779,0.224019,0.326984,0.246699,0.283332,0.204752,0.252352,0.195716
2708,11.283333,,,,,,,,,,,,,,,,0.220957,0.168796,0.186062,0.207652,0.056795,0.180601,0.272074,0.255776,0.224020,0.326989,0.246691,0.283327,0.204751,0.252355,0.195725
2709,11.287500,,,,,,,,,,,,,,,,0.220956,0.168795,0.186063,0.207652,0.056795,0.180606,0.272075,0.255772,0.224025,0.326992,0.246680,0.283325,0.204751,0.252353,0.195728
2710,11.291667,,,,,,,,,,,,,,,,0.220960,0.168795,0.186065,0.207652,0.056794,0.180602,0.272075,0.255769,0.224027,0.326993,0.246673,0.283325,0.204749,0.252353,0.195728
2711,11.295833,,,,,,,,,,,,,,,,0.220955,0.168797,0.186067,0.207652,0.056793,0.180600,0.272074,0.255766,0.224029,0.327000,0.246650,0.283311,0.204747,0.252351,0.195727
2712,11.300000,,,,,,,,,,,,,,,,0.220958,0.168797,0.186068,0.207650,0.056796,0.180601,0.272074,0.255764,0.224033,0.326999,0.246652,0.283321,0.204750,0.252353,0.195735
2713,11.304167,,,,,,,,,,,,,,,,0.220957,0.168795,0.186069,0.207652,0.056795,0.180601,0.272073,0.255759,0.224033,0.327001,0.246645,0.283320,0.204752,0.252350,0.195736
2714,11.308333,,,,,,,,,,,,,,,,0.220957,0.168794,0.186073,0.207652,0.056793,0.180603,0.272073,0.255757,0.224037,0.327004,0.246624,0.283309,0.204747,0.252350,0.195739
2715,11.312500,,,,,,,,,,,,,,,,0.220955,0.168796,0.186077,0.207651,0.056794,0.180603,0.272072,0.255754,0.224040,0.327005,0.246616,0.283310,0.204744,0.252350,0.195742
2716,11.316667,,,,,,,,,,,,,,,,0.220957,0.168793,0.186077,0.207650,0.056796,0.180604,0.272072,0.255751,0.224047,0.327006,0.246607,0.283311,0.204743,0.252349,0.195736
2717,11.320833,,,,,,,,,,,,,,,,0.220958,0.168793,0.186079,0.207652,0.056796,0.180599,0.272071,0.255749,0.224050,0.327004,0.246602,0.283314,0.204746,0.252351,0.195749
2718,11.325000,,,,,,,,,,,,,,,,0.220959,0.168794,0.186079,0.207651,0.056794,0.180601,0.272071,0.255747,0.224054,0.327002,0.246590,0.283317,0.204747,0.252349,0.195752
2719,11.329167,,,,,,,,,,,,,,,,0.220958,0.168793,0.186079,0.207651,0.056794,0.180601,0.272069,0.255746,0.224059,0.327000,0.246584,0.283319,0.204735,0.252339,0.195753
2720,11.333333,,,,,,,,,,,,,,,,0.220959,0.168794,0.186078,0.207650,0.056798,0.180600,0.272068,0.255744,0.224065,0.326998,0.246575,0.283323,0.204738,0.252337,0.195758
2721,11.337500,,,,,,,,,,,,,,,,0.220960,0.168794,0.186074,0.207650,0.056795,0.180599,0.272065,0.255740,0.224070,0.326984,0.246550,0.283336,0.204735,0.252337,0.195756
2722,11.341667,,,,,,,,,,,,,,,,0.220960,0.168792,0.186078,0.207650,0.056795,0.180598,0.272063,0.255737,0.224077,0.326978,0.246542,0.283342,0.204742,0.252346,0.195755
2723,11.345833,,,,,,,,,,,,,,,,0.220959,0.168792,0.186081,0.207651,0.056795,0.180601,0.272062,0.255735,0.224080,0.326973,0.246534,0.283346,0.204742,0.252338,0.195765
2724,11.350000,,,,,,,,,,,,,,,,0.220960,0.168792,0.186083,0.207652,0.056793,0.180601,0.272059,0.255734,0.224085,0.326967,0.246525,0.283354,0.204742,0.252336,0.195764
2725,11.354167,,,,,,,,,,,,,,,,0.220958,0.168790,0.186085,0.207651,0.056794,0.180600,0.272057,0.255729,0.224091,0.326959,0.246517,0.283360,0.204741,0.252340,0.195765
2726,11.358333,,,,,,,,,,,,,,,,0.220958,0.168791,0.186086,0.207650,0.056795,0.180599,0.272056,0.255727,0.224093,0.326951,0.246508,0.283369,0.204742,0.252337,0.195760
2727,11.362500,,,,,,,,,,,,,,,,0.220959,0.168792,0.186084,0.207651,0.056796,0.180598,0.272054,0.255725,0.224097,0.326940,0.246502,0.283381,0.204740,0.252338,0.195761
2728,11.366667,,,,,,,,,,,,,,,,0.220957,0.168790,0.186084,0.207654,0.056794,0.180597,0.272052,0.255723,0.224103,0.326929,0.246492,0.283394,0.204744,0.252349,0.195760
2729,11.370833,,,,,,,,,,,,,,,,0.220957,0.168792,0.186083,0.207653,0.056794,0.180593,0.272050,0.255721,0.224108,0.326918,0.246486,0.283408,0.204741,0.252337,0.195768
2730,11.375000,,,,,,,,,,,,,,,,0.220958,0.168789,0.186081,0.207651,0.056796,0.180596,0.272046,0.255717,0.224113,0.326906,0.246479,0.283421,0.204738,0.252341,0.195768
2731,11.379167,,,,,,,,,,,,,,,,0.220956,0.168790,0.186080,0.207649,0.056797,0.180597,0.272045,0.255715,0.224120,0.326895,0.246470,0.283434,0.204742,0.252341,0.195771
2732,11.383333,,,,,,,,,,,,,,,,0.220956,0.168791,0.186083,0.207649,0.056796,0.180594,0.272041,0.255712,0.224124,0.326882,0.246465,0.283447,0.204746,0.252337,0.195764
2733,11.387500,,,,,,,,,,,,,,,,0.220957,0.168791,0.186085,0.207650,0.056797,0.180594,0.272040,0.255709,0.224129,0.326870,0.246459,0.283458,0.204742,0.252339,0.195762
2734,11.391667,,,,,,,,,,,,,,,,0.220955,0.168790,0.186086,0.207650,0.056795,0.180594,0.272039,0.255708,0.224134,0.326858,0.246451,0.283474,0.204741,0.252343,0.195769
2735,11.395833,,,,,,,,,,,,,,,,0.220953,0.168792,0.186084,0.207651,0.056795,0.180591,0.272036,0.255705,0.224139,0.326832,0.246434,0.283493,0.204748,0.252351,0.195757
2736,11.400000,,,,,,,,,,,,,,,,0.220953,0.168793,0.186083,0.207652,0.056795,0.180595,0.272033,0.255703,0.224144,0.326816,0.246427,0.283510,0.204746,0.252343,0.195765
2737,11.404167,,,,,,,,,,,,,,,,0.220952,0.168792,0.186081,0.207653,0.056794,0.180592,0.272029,0.255700,0.224147,0.326797,0.246418,0.283531,0.204745,0.252343,0.195763
2738,11.408333,,,,,,,,,,,,,,,,0.220956,0.168779,0.186074,0.207651,0.056795,0.180593,0.272027,0.255698,0.224152,0.326782,0.246413,0.283549,0.204746,0.252342,0.195756
2739,11.412500,,,,,,,,,,,,,,,,0.220951,0.168791,0.186082,0.207650,0.056795,0.180591,0.272023,0.255695,0.224157,0.326769,0.246408,0.283562,0.204747,0.252345,0.195764
2740,11.416667,,,,,,,,,,,,,,,,0.220950,0.168792,0.186081,0.207650,0.056795,0.180595,0.272019,0.255693,0.224160,0.326755,0.246403,0.283579,0.204749,0.252344,0.195755
2741,11.420833,,,,,,,,,,,,,,,,0.220947,0.168794,0.186078,0.207652,0.056794,0.180595,0.272019,0.255691,0.224166,0.326740,0.246399,0.283597,0.204752,0.252352,0.195744
2742,11.425000,,,,,,,,,,,,,,,,0.220949,0.168793,0.186075,0.207652,0.056793,0.180597,0.272014,0.255691,0.224173,0.326725,0.246395,0.283611,0.204753,0.252351,0.195746
2743,11.429167,,,,,,,,,,,,,,,,0.220948,0.168792,0.186074,0.207651,0.056794,0.180601,0.272009,0.255689,0.224180,0.326713,0.246391,0.283624,0.204752,0.252351,0.195742
2744,11.433333,,,,,,,,,,,,,,,,0.220948,0.168793,0.186075,0.207652,0.056791,0.180602,0.272006,0.255686,0.224184,0.326700,0.246388,0.283637,0.204749,0.252355,0.195741
2745,11.437500,,,,,,,,,,,,,,,,0.220946,0.168795,0.186076,0.207653,0.056792,0.180603,0.272004,0.255684,0.224183,0.326685,0.246380,0.283659,0.204749,0.252354,0.195742
2746,11.441667,,,,,,,,,,,,,,,,0.220947,0.168792,0.186077,0.207653,0.056788,0.180607,0.271998,0.255682,0.224190,0.326672,0.246375,0.283671,0.204749,0.252354,0.195741
2747,11.445833,,,,,,,,,,,,,,,,0.220948,0.168792,0.186077,0.207654,0.056790,0.180608,0.271995,0.255684,0.224195,0.326664,0.246346,0.283695,0.204746,0.252355,0.195736
2748,11.450000,,,,,,,,,,,,,,,,0.220945,0.168794,0.186072,0.207656,0.056790,0.180608,0.271991,0.255668,0.224208,0.326652,0.246341,0.283708,0.204748,0.252356,0.195736
2749,11.454167,,,,,,,,,,,,,,,,0.220945,0.168794,0.186073,0.207657,0.056791,0.180609,0.271986,0.255681,0.224205,0.326640,0.246339,0.283717,0.204749,0.252356,0.195738
2750,11.458333,,,,,,,,,,,,,,,,0.220944,0.168794,0.186072,0.207656,0.056792,0.180608,0.271980,0.255668,0.224217,0.326628,0.246335,0.283729,0.204748,0.252357,0.195737
2751,11.462500,,,,,,,,,,,,,,,,0.220942,0.168795,0.186073,0.207658,0.056793,0.180605,0.271977,0.255668,0.224220,0.326609,0.246351,0.283749,0.204743,0.252356,0.195729
2752,11.466667,,,,,,,,,,,,,,,,0.220944,0.168793,0.186072,0.207656,0.056795,0.180604,0.271973,0.255668,0.224225,0.326598,0.246348,0.283757,0.204745,0.252353,0.195730
2753,11.470833,,,,,,,,,,,,,,,,0.220943,0.168795,0.186073,0.207656,0.056798,0.180599,0.271969,0.255668,0.224226,0.326587,0.246347,0.283766,0.204737,0.252354,0.195727
2754,11.475000,,,,,,,,,,,,,,,,0.220943,0.168795,0.186077,0.207654,0.056800,0.180592,0.271965,0.255668,0.224232,0.326578,0.246344,0.283774,0.204736,0.252357,0.195731
2755,11.479167,,,,,,,,,,,,,,,,0.220942,0.168795,0.186080,0.207655,0.056802,0.180588,0.271962,0.255666,0.224237,0.326570,0.246340,0.283779,0.204736,0.252357,0.195732
2756,11.483333,,,,,,,,,,,,,,,,0.220941,0.168795,0.186081,0.207654,0.056806,0.180583,0.271957,0.255667,0.224241,0.326548,0.246343,0.283802,0.204737,0.252357,0.195731
2757,11.487500,,,,,,,,,,,,,,,,0.220940,0.168796,0.186081,0.207653,0.056810,0.180576,0.271953,0.255672,0.224248,0.326539,0.246341,0.283808,0.204732,0.252357,0.195732
2758,11.491667,,,,,,,,,,,,,,,,0.220938,0.168796,0.186085,0.207652,0.056811,0.180570,0.271948,0.255673,0.224253,0.326533,0.246339,0.283813,0.204728,0.252361,0.195736
2759,11.495833,,,,,,,,,,,,,,,,0.220937,0.168797,0.186089,0.207650,0.056814,0.180570,0.271943,0.255671,0.224253,0.326525,0.246338,0.283817,0.204726,0.252356,0.195728
2760,11.500000,,,,,,,,,,,,,,,,0.220936,0.168799,0.186085,0.207649,0.056814,0.180567,0.271938,0.255674,0.224259,0.326519,0.246337,0.283824,0.204722,0.252355,0.195729
2761,11.504167,,,,,,,,,,,,,,,,0.220933,0.168801,0.186079,0.207649,0.056814,0.180571,0.271933,0.255671,0.224260,0.326514,0.246335,0.283826,0.204718,0.252356,0.195734
2762,11.508333,,,,,,,,,,,,,,,,0.220931,0.168803,0.186082,0.207651,0.056813,0.180571,0.271930,0.255674,0.224269,0.326508,0.246337,0.283835,0.204719,0.252356,0.195733
2763,11.512500,,,,,,,,,,,,,,,,0.220930,0.168804,0.186080,0.207651,0.056811,0.180579,0.271924,0.255673,0.224272,0.326502,0.246336,0.283839,0.204714,0.252357,0.195736
2764,11.516667,,,,,,,,,,,,,,,,0.220930,0.168803,0.186082,0.207650,0.056808,0.180586,0.271921,0.255673,0.224275,0.326499,0.246334,0.283842,0.204708,0.252356,0.195740
2765,11.520833,,,,,,,,,,,,,,,,0.220929,0.168805,0.186084,0.207652,0.056806,0.180587,0.271918,0.255676,0.224278,0.326495,0.246331,0.283848,0.204703,0.252356,0.195738
2766,11.525000,,,,,,,,,,,,,,,,0.220925,0.168809,0.186079,0.207650,0.056807,0.180592,0.271912,0.255677,0.224282,0.326490,0.246332,0.283851,0.204721,0.252356,0.195738
2767,11.529167,,,,,,,,,,,,,,,,0.220924,0.168810,0.186081,0.207651,0.056804,0.180595,0.271908,0.255674,0.224287,0.326485,0.246328,0.283854,0.204707,0.252357,0.195748
2768,11.533333,,,,,,,,,,,,,,,,0.220925,0.168807,0.186083,0.207651,0.056804,0.180597,0.271906,0.255675,0.224291,0.326482,0.246328,0.283857,0.204696,0.252357,0.195754
2769,11.537500,,,,,,,,,,,,,,,,0.220924,0.168806,0.186086,0.207651,0.056801,0.180600,0.271903,0.255675,0.224295,0.326479,0.246326,0.283862,0.204691,0.252353,0.195747
2770,11.541667,,,,,,,,,,,,,,,,0.220923,0.168807,0.186082,0.207650,0.056799,0.180596,0.271898,0.255675,0.224299,0.326475,0.246322,0.283862,0.204689,0.252353,0.195750
2771,11.545833,,,,,,,,,,,,,,,,0.220923,0.168808,0.186082,0.207647,0.056801,0.180600,0.271894,0.255674,0.224303,0.326472,0.246321,0.283866,0.204684,0.252351,0.195755
2772,11.550000,,,,,,,,,,,,,,,,0.220923,0.168807,0.186082,0.207649,0.056799,0.180599,0.271890,0.255675,0.224307,0.326469,0.246320,0.283868,0.204682,0.252355,0.195768
2773,11.554167,,,,,,,,,,,,,,,,0.220919,0.168809,0.186086,0.207650,0.056798,0.180599,0.271888,0.255675,0.224313,0.326468,0.246313,0.283871,0.204680,0.252353,0.195772
2774,11.558333,,,,,,,,,,,,,,,,0.220918,0.168810,0.186090,0.207650,0.056797,0.180599,0.271885,0.255674,0.224314,0.326465,0.246311,0.283873,0.204694,0.252350,0.195770
2775,11.562500,,,,,,,,,,,,,,,,0.220915,0.168810,0.186093,0.207648,0.056800,0.180597,0.271881,0.255676,0.224317,0.326461,0.246304,0.283873,0.204696,0.252349,0.195778
2776,11.566667,,,,,,,,,,,,,,,,0.220919,0.168810,0.186096,0.207646,0.056802,0.180597,0.271879,0.255674,0.224324,0.326474,0.246297,0.283885,0.204687,0.252353,0.195789
2777,11.570833,,,,,,,,,,,,,,,,0.220919,0.168813,0.186097,0.207648,0.056800,0.180600,0.271876,0.255673,0.224327,0.326467,0.246289,0.283876,0.204685,0.252351,0.195787
2778,11.575000,,,,,,,,,,,,,,,,0.220915,0.168815,0.186102,0.207649,0.056801,0.180594,0.271871,0.255672,0.224331,0.326471,0.246281,0.283885,0.204575,0.252389,0.195782
2779,11.579167,,,,,,,,,,,,,,,,0.220914,0.168810,0.186106,0.207649,0.056799,0.180597,0.271870,0.255672,0.224336,0.326474,0.246277,0.283886,0.204657,0.252340,0.195776
2780,11.583333,,,,,,,,,,,,,,,,0.220914,0.168812,0.186106,0.207649,0.056799,0.180598,0.271868,0.255670,0.224340,0.326475,0.246269,0.283884,0.204685,0.252349,0.195811
2781,11.587500,,,,,,,,,,,,,,,,0.220912,0.168812,0.186106,0.207647,0.056798,0.180599,0.271864,0.255668,0.224344,0.326465,0.246260,0.283870,0.204678,0.252351,0.195817
2782,11.591667,,,,,,,,,,,,,,,,0.220912,0.168812,0.186107,0.207648,0.056797,0.180600,0.271861,0.255665,0.224351,0.326467,0.246252,0.283866,0.204668,0.252349,0.195815
2783,11.595833,,,,,,,,,,,,,,,,0.220912,0.168810,0.186110,0.207651,0.056797,0.180597,0.271859,0.255663,0.224354,0.326469,0.246243,0.283865,0.204667,0.252348,0.195818
2784,11.600000,,,,,,,,,,,,,,,,0.220914,0.168811,0.186111,0.207650,0.056798,0.180599,0.271857,0.255661,0.224358,0.326482,0.246231,0.283865,0.204667,0.252351,0.195832
2785,11.604167,,,,,,,,,,,,,,,,0.220911,0.168812,0.186113,0.207651,0.056795,0.180598,0.271856,0.255659,0.224365,0.326488,0.246222,0.283868,0.204667,0.252350,0.195830
2786,11.608333,,,,,,,,,,,,,,,,0.220910,0.168811,0.186120,0.207650,0.056797,0.180597,0.271855,0.255655,0.224369,0.326490,0.246210,0.283860,0.204560,0.252384,0.195821
2787,11.612500,,,,,,,,,,,,,,,,0.220912,0.168811,0.186123,0.207651,0.056796,0.180595,0.271854,0.255654,0.224373,0.326491,0.246199,0.283856,0.204514,0.252373,0.195777
2788,11.616667,,,,,,,,,,,,,,,,0.220911,0.168808,0.186126,0.207651,0.056795,0.180595,0.271854,0.255652,0.224377,0.326482,0.246186,0.283846,0.204638,0.252341,0.195817
2789,11.620833,,,,,,,,,,,,,,,,0.220911,0.168808,0.186127,0.207651,0.056797,0.180595,0.271854,0.255650,0.224380,0.326480,0.246174,0.283847,0.204680,0.252353,0.195856
2790,11.625000,,,,,,,,,,,,,,,,0.220902,0.168811,0.186138,0.207651,0.056798,0.180595,0.271852,0.255647,0.224383,0.326483,0.246162,0.283843,0.204575,0.252390,0.195855
2791,11.629167,,,,,,,,,,,,,,,,0.220914,0.168806,0.186126,0.207652,0.056798,0.180593,0.271853,0.255643,0.224387,0.326482,0.246150,0.283846,0.204524,0.252373,0.195795
2792,11.633333,,,,,,,,,,,,,,,,0.220913,0.168805,0.186130,0.207653,0.056798,0.180591,0.271854,0.255641,0.224390,0.326492,0.246141,0.283852,0.204635,0.252337,0.195821
2793,11.637500,,,,,,,,,,,,,,,,0.220910,0.168808,0.186129,0.207652,0.056799,0.180597,0.271854,0.255638,0.224392,0.326482,0.246128,0.283846,0.204574,0.252388,0.195852
2794,11.641667,,,,,,,,,,,,,,,,0.220913,0.168805,0.186128,0.207654,0.056800,0.180593,0.271854,0.255632,0.224396,0.326479,0.246108,0.283842,0.204653,0.252342,0.195839
2795,11.645833,,,,,,,,,,,,,,,,0.220910,0.168805,0.186130,0.207653,0.056800,0.180589,0.271854,0.255629,0.224396,0.326488,0.246100,0.283849,0.204572,0.252385,0.195851
2796,11.650000,,,,,,,,,,,,,,,,0.220911,0.168805,0.186128,0.207653,0.056801,0.180588,0.271855,0.255623,0.224399,0.326486,0.246088,0.283855,0.204650,0.252338,0.195828
2797,11.654167,,,,,,,,,,,,,,,,0.220914,0.168805,0.186128,0.207654,0.056799,0.180590,0.271857,0.255619,0.224401,0.326471,0.246069,0.283853,0.204677,0.252349,0.195853
2798,11.658333,,,,,,,,,,,,,,,,0.220916,0.168805,0.186129,0.207656,0.056799,0.180589,0.271860,0.255618,0.224403,0.326466,0.246057,0.283858,0.204674,0.252349,0.195845
2799,11.662500,,,,,,,,,,,,,,,,0.220913,0.168804,0.186127,0.207656,0.056799,0.180590,0.271862,0.255613,0.224402,0.326476,0.246047,0.283866,0.204675,0.252345,0.195843
2800,11.666667,,,,,,,,,,,,,,,,0.220915,0.168804,0.186126,0.207656,0.056801,0.180588,0.271865,0.255606,0.224399,0.326475,0.246035,0.283870,0.204679,0.252347,0.195847
2801,11.670833,,,,,,,,,,,,,,,,0.220917,0.168803,0.186124,0.207656,0.056799,0.180591,0.271867,0.255601,0.224398,0.326468,0.246023,0.283876,0.204686,0.252346,0.195843
2802,11.675000,,,,,,,,,,,,,,,,0.220916,0.168803,0.186120,0.207655,0.056799,0.180593,0.271870,0.255598,0.224403,0.326463,0.246014,0.283882,0.204688,0.252346,0.195842
2803,11.679167,,,,,,,,,,,,,,,,0.220915,0.168804,0.186120,0.207655,0.056799,0.180593,0.271873,0.255593,0.224399,0.326458,0.246005,0.283888,0.204688,0.252345,0.195837
2804,11.683333,,,,,,,,,,,,,,,,0.220916,0.168803,0.186120,0.207656,0.056797,0.180593,0.271875,0.255587,0.224398,0.326454,0.245993,0.283894,0.204692,0.252345,0.195834
2805,11.687500,,,,,,,,,,,,,,,,0.220918,0.168801,0.186117,0.207656,0.056799,0.180591,0.271878,0.255584,0.224396,0.326451,0.245986,0.283900,0.204696,0.252349,0.195833
2806,11.691667,,,,,,,,,,,,,,,,0.220923,0.168801,0.186116,0.207656,0.056800,0.180593,0.271882,0.255579,0.224396,0.326434,0.245958,0.283914,0.204702,0.252343,0.195828
2807,11.695833,,,,,,,,,,,,,,,,0.220924,0.168800,0.186116,0.207655,0.056797,0.180594,0.271886,0.255575,0.224395,0.326429,0.245949,0.283918,0.204703,0.252345,0.195824
2808,11.700000,,,,,,,,,,,,,,,,0.220923,0.168801,0.186111,0.207654,0.056800,0.180595,0.271889,0.255572,0.224391,0.326427,0.245943,0.283922,0.204707,0.252347,0.195821
2809,11.704167,,,,,,,,,,,,,,,,0.220923,0.168800,0.186109,0.207656,0.056797,0.180594,0.271895,0.255568,0.224390,0.326405,0.245918,0.283936,0.204711,0.252345,0.195819
2810,11.708333,,,,,,,,,,,,,,,,0.220926,0.168798,0.186105,0.207654,0.056799,0.180595,0.271897,0.255563,0.224389,0.326402,0.245910,0.283939,0.204719,0.252342,0.195809
2811,11.712500,,,,,,,,,,,,,,,,0.220928,0.168800,0.186101,0.207655,0.056799,0.180594,0.271901,0.255559,0.224387,0.326401,0.245903,0.283945,0.204718,0.252332,0.195818
2812,11.716667,,,,,,,,,,,,,,,,0.220930,0.168798,0.186102,0.207656,0.056798,0.180598,0.271906,0.255554,0.224388,0.326402,0.245897,0.283946,0.204722,0.252334,0.195819
2813,11.720833,,,,,,,,,,,,,,,,0.220931,0.168798,0.186105,0.207655,0.056798,0.180596,0.271909,0.255552,0.224384,0.326401,0.245889,0.283948,0.204731,0.252341,0.195804
2814,11.725000,,,,,,,,,,,,,,,,0.220933,0.168796,0.186101,0.207654,0.056800,0.180597,0.271913,0.255548,0.224381,0.326402,0.245884,0.283949,0.204734,0.252342,0.195800
2815,11.729167,,,,,,,,,,,,,,,,0.220931,0.168798,0.186104,0.207653,0.056799,0.180600,0.271917,0.255545,0.224381,0.326404,0.245877,0.283951,0.204735,0.252334,0.195804
2816,11.733333,,,,,,,,,,,,,,,,0.220937,0.168795,0.186101,0.207654,0.056799,0.180602,0.271921,0.255540,0.224380,0.326405,0.245867,0.283950,0.204746,0.252336,0.195812
2817,11.737500,,,,,,,,,,,,,,,,0.220936,0.168797,0.186101,0.207654,0.056801,0.180603,0.271924,0.255538,0.224378,0.326407,0.245863,0.283949,0.204727,0.252341,0.195809
2818,11.741667,,,,,,,,,,,,,,,,0.220938,0.168796,0.186099,0.207653,0.056799,0.180600,0.271928,0.255537,0.224377,0.326409,0.245856,0.283948,0.204740,0.252332,0.195798
2819,11.745833,,,,,,,,,,,,,,,,0.220937,0.168795,0.186100,0.207652,0.056800,0.180601,0.271931,0.255534,0.224375,0.326412,0.245847,0.283948,0.204750,0.252333,0.195795
2820,11.750000,,,,,,,,,,,,,,,,0.220940,0.168793,0.186097,0.207651,0.056800,0.180601,0.271935,0.255530,0.224374,0.326416,0.245841,0.283944,0.204734,0.252337,0.195797
2821,11.754167,,,,,,,,,,,,,,,,0.220942,0.168794,0.186097,0.207652,0.056801,0.180601,0.271939,0.255529,0.224371,0.326420,0.245833,0.283940,0.204735,0.252334,0.195797
2822,11.758333,,,,,,,,,,,,,,,,0.220942,0.168791,0.186096,0.207653,0.056800,0.180604,0.271943,0.255527,0.224370,0.326424,0.245828,0.283935,0.204759,0.252333,0.195796
2823,11.762500,,,,,,,,,,,,,,,,0.220943,0.168792,0.186095,0.207652,0.056801,0.180603,0.271946,0.255523,0.224369,0.326438,0.245804,0.283918,0.204751,0.252337,0.195800
2824,11.766667,,,,,,,,,,,,,,,,0.220942,0.168790,0.186097,0.207650,0.056802,0.180603,0.271951,0.255521,0.224368,0.326434,0.245814,0.283922,0.204747,0.252336,0.195798
2825,11.770833,,,,,,,,,,,,,,,,0.220946,0.168793,0.186096,0.207649,0.056801,0.180603,0.271952,0.255520,0.224365,0.326446,0.245789,0.283908,0.204751,0.252332,0.195793
2826,11.775000,,,,,,,,,,,,,,,,0.220946,0.168793,0.186094,0.207649,0.056801,0.180602,0.271955,0.255518,0.224363,0.326453,0.245782,0.283902,0.204772,0.252333,0.195800
2827,11.779167,,,,,,,,,,,,,,,,0.220945,0.168791,0.186092,0.207649,0.056803,0.180602,0.271957,0.255515,0.224360,0.326458,0.245775,0.283895,0.204758,0.252335,0.195801
2828,11.783333,,,,,,,,,,,,,,,,0.220948,0.168790,0.186094,0.207649,0.056800,0.180605,0.271962,0.255513,0.224358,0.326464,0.245766,0.283888,0.204754,0.252333,0.195798
2829,11.787500,,,,,,,,,,,,,,,,0.220948,0.168791,0.186092,0.207649,0.056803,0.180601,0.271964,0.255512,0.224353,0.326471,0.245758,0.283880,0.204752,0.252332,0.195794
2830,11.791667,,,,,,,,,,,,,,,,0.220946,0.168790,0.186093,0.207650,0.056801,0.180600,0.271968,0.255511,0.224350,0.326477,0.245750,0.283871,0.204756,0.252333,0.195799
2831,11.795833,,,,,,,,,,,,,,,,0.220949,0.168789,0.186095,0.207648,0.056800,0.180601,0.271971,0.255508,0.224350,0.326487,0.245740,0.283858,0.204777,0.252330,0.195805
2832,11.800000,,,,,,,,,,,,,,,,0.220947,0.168791,0.186093,0.207646,0.056802,0.180605,0.271974,0.255505,0.224339,0.326494,0.245733,0.283850,0.204778,0.252333,0.195807
2833,11.804167,,,,,,,,,,,,,,,,0.220946,0.168791,0.186091,0.207649,0.056803,0.180601,0.271978,0.255503,0.224335,0.326501,0.245724,0.283837,0.204759,0.252336,0.195811
2834,11.808333,,,,,,,,,,,,,,,,0.220946,0.168789,0.186093,0.207649,0.056800,0.180603,0.271979,0.255502,0.224338,0.326503,0.245710,0.283827,0.204771,0.252329,0.195809
2835,11.812500,,,,,,,,,,,,,,,,0.220947,0.168790,0.186090,0.207649,0.056802,0.180605,0.271981,0.255499,0.224332,0.326508,0.245701,0.283821,0.204759,0.252332,0.195814
2836,11.816667,,,,,,,,,,,,,,,,0.220947,0.168793,0.186091,0.207647,0.056801,0.180600,0.271982,0.255496,0.224329,0.326517,0.245693,0.283810,0.204754,0.252332,0.195812
2837,11.820833,,,,,,,,,,,,,,,,0.220950,0.168789,0.186090,0.207646,0.056803,0.180599,0.271984,0.255494,0.224327,0.326523,0.245681,0.283800,0.204774,0.252331,0.195823
2838,11.825000,,,,,,,,,,,,,,,,0.220944,0.168791,0.186092,0.207647,0.056802,0.180599,0.271985,0.255493,0.224324,0.326530,0.245671,0.283792,0.204776,0.252333,0.195828
2839,11.829167,,,,,,,,,,,,,,,,0.220945,0.168792,0.186092,0.207650,0.056802,0.180598,0.271985,0.255491,0.224321,0.326537,0.245661,0.283780,0.204775,0.252332,0.195832
2840,11.833333,,,,,,,,,,,,,,,,0.220943,0.168789,0.186092,0.207649,0.056801,0.180601,0.271985,0.255488,0.224318,0.326545,0.245651,0.283770,0.204774,0.252331,0.195831
2841,11.837500,,,,,,,,,,,,,,,,0.220942,0.168793,0.186089,0.207645,0.056803,0.180601,0.271986,0.255487,0.224315,0.326552,0.245642,0.283760,0.204774,0.252332,0.195831
2842,11.841667,,,,,,,,,,,,,,,,0.220944,0.168792,0.186089,0.207647,0.056803,0.180598,0.271985,0.255485,0.224314,0.326558,0.245634,0.283749,0.204757,0.252337,0.195839
2843,11.845833,,,,,,,,,,,,,,,,0.220944,0.168791,0.186087,0.207648,0.056801,0.180597,0.271985,0.255483,0.224309,0.326564,0.245622,0.283740,0.204768,0.252328,0.195835
2844,11.850000,,,,,,,,,,,,,,,,0.220940,0.168795,0.186085,0.207647,0.056803,0.180600,0.271984,0.255482,0.224307,0.326572,0.245606,0.283725,0.204772,0.252331,0.195845
2845,11.854167,,,,,,,,,,,,,,,,0.220936,0.168795,0.186083,0.207649,0.056805,0.180596,0.271985,0.255480,0.224306,0.326579,0.245595,0.283710,0.204768,0.252332,0.195840
2846,11.858333,,,,,,,,,,,,,,,,0.220939,0.168794,0.186084,0.207649,0.056798,0.180600,0.271983,0.255480,0.224306,0.326582,0.245585,0.283701,0.204765,0.252328,0.195841
2847,11.862500,,,,,,,,,,,,,,,,0.220938,0.168794,0.186085,0.207647,0.056802,0.180598,0.271983,0.255478,0.224303,0.326586,0.245571,0.283689,0.204764,0.252332,0.195847
2848,11.866667,,,,,,,,,,,,,,,,0.220936,0.168794,0.186086,0.207648,0.056802,0.180596,0.271983,0.255477,0.224299,0.326589,0.245563,0.283677,0.204766,0.252334,0.195853
2849,11.870833,,,,,,,,,,,,,,,,0.220936,0.168794,0.186086,0.207648,0.056801,0.180600,0.271982,0.255475,0.224295,0.326593,0.245550,0.283666,0.204765,0.252331,0.195845
2850,11.875000,,,,,,,,,,,,,,,,0.220932,0.168796,0.186082,0.207647,0.056802,0.180599,0.271982,0.255475,0.224293,0.326594,0.245542,0.283657,0.204763,0.252332,0.195851
2851,11.879167,,,,,,,,,,,,,,,,0.220934,0.168798,0.186083,0.207648,0.056802,0.180597,0.271979,0.255474,0.224289,0.326596,0.245528,0.283645,0.204758,0.252330,0.195850
2852,11.883333,,,,,,,,,,,,,,,,0.220932,0.168795,0.186081,0.207651,0.056800,0.180596,0.271979,0.255472,0.224288,0.326598,0.245519,0.283638,0.204735,0.252335,0.195848
2853,11.887500,,,,,,,,,,,,,,,,0.220929,0.168799,0.186078,0.207649,0.056804,0.180598,0.271976,0.255472,0.224283,0.326599,0.245509,0.283630,0.204748,0.252326,0.195839
2854,11.891667,,,,,,,,,,,,,,,,0.220931,0.168800,0.186078,0.207649,0.056803,0.180595,0.271976,0.255472,0.224281,0.326598,0.245498,0.283621,0.204749,0.252331,0.195854
2855,11.895833,,,,,,,,,,,,,,,,0.220930,0.168799,0.186079,0.207649,0.056802,0.180596,0.271975,0.255471,0.224280,0.326597,0.245489,0.283612,0.204754,0.252330,0.195853
2856,11.900000,,,,,,,,,,,,,,,,0.220929,0.168800,0.186077,0.207652,0.056801,0.180597,0.271973,0.255471,0.224276,0.326596,0.245480,0.283607,0.204752,0.252331,0.195846
2857,11.904167,,,,,,,,,,,,,,,,0.220929,0.168802,0.186077,0.207653,0.056803,0.180598,0.271973,0.255471,0.224273,0.326597,0.245472,0.283600,0.204747,0.252333,0.195848
2858,11.908333,,,,,,,,,,,,,,,,0.220927,0.168802,0.186077,0.207654,0.056798,0.180596,0.271973,0.255471,0.224272,0.326596,0.245466,0.283597,0.204727,0.252334,0.195841
2859,11.912500,,,,,,,,,,,,,,,,0.220926,0.168801,0.186074,0.207653,0.056800,0.180594,0.271971,0.255469,0.224268,0.326590,0.245454,0.283604,0.204740,0.252330,0.195836
2860,11.916667,,,,,,,,,,,,,,,,0.220926,0.168803,0.186070,0.207653,0.056800,0.180595,0.271968,0.255469,0.224266,0.326588,0.245448,0.283598,0.204746,0.252332,0.195846
2861,11.920833,,,,,,,,,,,,,,,,0.220924,0.168803,0.186066,0.207652,0.056800,0.180595,0.271968,0.255469,0.224263,0.326587,0.245444,0.283597,0.204751,0.252332,0.195845
2862,11.925000,,,,,,,,,,,,,,,,0.220923,0.168805,0.186066,0.207651,0.056802,0.180598,0.271967,0.255469,0.224262,0.326584,0.245441,0.283594,0.204745,0.252334,0.195839
2863,11.929167,,,,,,,,,,,,,,,,0.220921,0.168805,0.186066,0.207652,0.056800,0.180595,0.271965,0.255470,0.224261,0.326582,0.245437,0.283592,0.204743,0.252333,0.195834
2864,11.933333,,,,,,,,,,,,,,,,0.220923,0.168806,0.186062,0.207651,0.056796,0.180596,0.271964,0.255468,0.224257,0.326580,0.245436,0.283593,0.204741,0.252330,0.195828
2865,11.937500,,,,,,,,,,,,,,,,0.220921,0.168806,0.186063,0.207652,0.056797,0.180594,0.271964,0.255466,0.224254,0.326577,0.245435,0.283590,0.204743,0.252330,0.195825
2866,11.941667,,,,,,,,,,,,,,,,0.220920,0.168807,0.186060,0.207653,0.056799,0.180598,0.271963,0.255468,0.224251,0.326571,0.245433,0.283592,0.204742,0.252332,0.195827
2867,11.945833,,,,,,,,,,,,,,,,0.220921,0.168805,0.186057,0.207655,0.056796,0.180598,0.271961,0.255466,0.224249,0.326571,0.245432,0.283591,0.204743,0.252330,0.195824
2868,11.950000,,,,,,,,,,,,,,,,0.220920,0.168805,0.186055,0.207654,0.056798,0.180596,0.271959,0.255465,0.224247,0.326567,0.245434,0.283593,0.204742,0.252330,0.195818
2869,11.954167,,,,,,,,,,,,,,,,0.220918,0.168808,0.186051,0.207654,0.056800,0.180596,0.271958,0.255467,0.224247,0.326563,0.245435,0.283594,0.204745,0.252339,0.195801
2870,11.958333,,,,,,,,,,,,,,,,0.220919,0.168807,0.186050,0.207653,0.056799,0.180596,0.271957,0.255469,0.224247,0.326559,0.245434,0.283598,0.204741,0.252331,0.195812
2871,11.962500,,,,,,,,,,,,,,,,0.220919,0.168808,0.186048,0.207654,0.056799,0.180595,0.271956,0.255467,0.224244,0.326553,0.245436,0.283599,0.204739,0.252330,0.195807
2872,11.966667,,,,,,,,,,,,,,,,0.220918,0.168809,0.186048,0.207654,0.056798,0.180597,0.271955,0.255470,0.224244,0.326549,0.245438,0.283603,0.204740,0.252331,0.195803
2873,11.970833,,,,,,,,,,,,,,,,0.220919,0.168807,0.186047,0.207655,0.056796,0.180596,0.271954,0.255469,0.224242,0.326544,0.245437,0.283607,0.204738,0.252330,0.195798
2874,11.975000,,,,,,,,,,,,,,,,0.220916,0.168809,0.186047,0.207654,0.056796,0.180596,0.271952,0.255469,0.224241,0.326537,0.245439,0.283613,0.204736,0.252331,0.195793
2875,11.979167,,,,,,,,,,,,,,,,0.220915,0.168808,0.186042,0.207654,0.056797,0.180596,0.271952,0.255470,0.224240,0.326533,0.245441,0.283614,0.204737,0.252338,0.195778
2876,11.983333,,,,,,,,,,,,,,,,0.220919,0.168809,0.186041,0.207651,0.056797,0.180597,0.271951,0.255469,0.224240,0.326527,0.245443,0.283619,0.204740,0.252338,0.195780
2877,11.987500,,,,,,,,,,,,,,,,0.220916,0.168809,0.186038,0.207652,0.056799,0.180594,0.271946,0.255469,0.224236,0.326517,0.245449,0.283623,0.204738,0.252329,0.195789
2878,11.991667,,,,,,,,,,,,,,,,0.220918,0.168810,0.186038,0.207653,0.056798,0.180593,0.271946,0.255470,0.224237,0.326512,0.245452,0.283628,0.204737,0.252341,0.195779
2879,11.995833,,,,,,,,,,,,,,,,0.220920,0.168810,0.186040,0.207652,0.056797,0.180593,0.271945,0.255470,0.224239,0.326511,0.245443,0.283631,0.204737,0.252338,0.195769
2880,12.000000,,,,,,,,,,,,,,,,0.220919,0.168812,0.186038,0.207651,0.056796,0.180596,0.271943,0.255471,0.224239,0.326502,0.245450,0.283633,0.204740,0.252342,0.195773
2881,12.004167,,,,,,,,,,,,,,,,0.220918,0.168811,0.186040,0.207651,0.056799,0.180595,0.271941,0.255472,0.224239,0.326497,0.245450,0.283638,0.204744,0.252339,0.195764
2882,12.008333,,,,,,,,,,,,,,,,0.220918,0.168811,0.186041,0.207651,0.056797,0.180596,0.271939,0.255472,0.224239,0.326495,0.245443,0.283639,0.204718,0.252344,0.195768
2883,12.012500,,,,,,,,,,,,,,,,0.220918,0.168811,0.186042,0.207651,0.056798,0.180596,0.271930,0.255472,0.224251,0.326487,0.245450,0.283646,0.204734,0.252336,0.195758
2884,12.016667,,,,,,,,,,,,,,,,0.220919,0.168813,0.186039,0.207650,0.056796,0.180598,0.271926,0.255472,0.224254,0.326487,0.245415,0.283662,0.204736,0.252341,0.195764
2885,12.020833,,,,,,,,,,,,,,,,0.220920,0.168810,0.186039,0.207649,0.056797,0.180595,0.271923,0.255472,0.224255,0.326475,0.245448,0.283657,0.204739,0.252343,0.195765
2886,12.025000,,,,,,,,,,,,,,,,0.220919,0.168813,0.186038,0.207651,0.056796,0.180594,0.271922,0.255471,0.224257,0.326473,0.245417,0.283671,0.204738,0.252340,0.195761
2887,12.029167,,,,,,,,,,,,,,,,0.220917,0.168816,0.186036,0.207652,0.056797,0.180596,0.271918,0.255471,0.224257,0.326463,0.245443,0.283666,0.204733,0.252341,0.195757
2888,12.033333,,,,,,,,,,,,,,,,0.220914,0.168812,0.186040,0.207653,0.056795,0.180595,0.271916,0.255471,0.224262,0.326461,0.245416,0.283684,0.204734,0.252343,0.195761
2889,12.037500,,,,,,,,,,,,,,,,0.220915,0.168813,0.186040,0.207650,0.056795,0.180595,0.271919,0.255468,0.224269,0.326457,0.245413,0.283688,0.204734,0.252337,0.195752
2890,12.041667,,,,,,,,,,,,,,,,0.220915,0.168810,0.186038,0.207649,0.056797,0.180598,0.271911,0.255473,0.224268,0.326450,0.245410,0.283693,0.204736,0.252342,0.195760
2891,12.045833,,,,,,,,,,,,,,,,0.220913,0.168813,0.186039,0.207650,0.056797,0.180598,0.271907,0.255471,0.224273,0.326443,0.245404,0.283698,0.204733,0.252338,0.195753
2892,12.050000,,,,,,,,,,,,,,,,0.220913,0.168816,0.186042,0.207651,0.056795,0.180594,0.271904,0.255471,0.224273,0.326438,0.245403,0.283705,0.204712,0.252342,0.195760
2893,12.054167,,,,,,,,,,,,,,,,0.220910,0.168814,0.186039,0.207649,0.056797,0.180594,0.271900,0.255467,0.224276,0.326432,0.245398,0.283708,0.204711,0.252344,0.195759
2894,12.058333,,,,,,,,,,,,,,,,0.220909,0.168814,0.186042,0.207650,0.056796,0.180593,0.271898,0.255468,0.224281,0.326424,0.245393,0.283715,0.204712,0.252341,0.195758
2895,12.062500,,,,,,,,,,,,,,,,0.220906,0.168814,0.186041,0.207649,0.056796,0.180596,0.271895,0.255467,0.224283,0.326417,0.245387,0.283719,0.204726,0.252339,0.195754
2896,12.066667,,,,,,,,,,,,,,,,0.220907,0.168816,0.186043,0.207651,0.056797,0.180594,0.271892,0.255468,0.224286,0.326410,0.245381,0.283727,0.204729,0.252341,0.195760
2897,12.070833,,,,,,,,,,,,,,,,0.220906,0.168816,0.186042,0.207651,0.056796,0.180598,0.271889,0.255466,0.224290,0.326403,0.245375,0.283731,0.204728,0.252342,0.195762
2898,12.075000,,,,,,,,,,,,,,,,0.220905,0.168816,0.186046,0.207651,0.056795,0.180597,0.271886,0.255465,0.224293,0.326396,0.245369,0.283738,0.204702,0.252342,0.195758
2899,12.079167,,,,,,,,,,,,,,,,0.220902,0.168818,0.186045,0.207652,0.056796,0.180594,0.271892,0.255459,0.224303,0.326389,0.245363,0.283745,0.204717,0.252341,0.195755
2900,12.083333,,,,,,,,,,,,,,,,0.220901,0.168818,0.186044,0.207651,0.056798,0.180596,0.271881,0.255463,0.224300,0.326381,0.245356,0.283751,0.204722,0.252345,0.195767
2901,12.087500,,,,,,,,,,,,,,,,0.220901,0.168818,0.186045,0.207651,0.056796,0.180595,0.271875,0.255462,0.224306,0.326374,0.245350,0.283756,0.204718,0.252341,0.195760
2902,12.091667,,,,,,,,,,,,,,,,0.220901,0.168817,0.186045,0.207651,0.056798,0.180596,0.271871,0.255460,0.224312,0.326364,0.245343,0.283762,0.204717,0.252342,0.195762
2903,12.095833,,,,,,,,,,,,,,,,0.220899,0.168818,0.186049,0.207652,0.056795,0.180597,0.271869,0.255458,0.224315,0.326357,0.245326,0.283760,0.204714,0.252343,0.195767
2904,12.100000,,,,,,,,,,,,,,,,0.220896,0.168820,0.186052,0.207652,0.056796,0.180596,0.271866,0.255457,0.224318,0.326353,0.245301,0.283751,0.204712,0.252339,0.195763
2905,12.104167,,,,,,,,,,,,,,,,0.220898,0.168821,0.186051,0.207653,0.056797,0.180597,0.271862,0.255455,0.224320,0.326343,0.245309,0.283768,0.204709,0.252341,0.195761
2906,12.108333,,,,,,,,,,,,,,,,0.220897,0.168821,0.186051,0.207654,0.056795,0.180594,0.271868,0.255448,0.224331,0.326337,0.245287,0.283762,0.204709,0.252344,0.195768
2907,12.112500,,,,,,,,,,,,,,,,0.220896,0.168823,0.186056,0.207653,0.056795,0.180597,0.271857,0.255452,0.224326,0.326318,0.245300,0.283785,0.204708,0.252342,0.195769
2908,12.116667,,,,,,,,,,,,,,,,0.220895,0.168820,0.186057,0.207655,0.056796,0.180594,0.271853,0.255451,0.224329,0.326307,0.245288,0.283795,0.204705,0.252343,0.195773
2909,12.120833,,,,,,,,,,,,,,,,0.220894,0.168823,0.186058,0.207654,0.056797,0.180597,0.271850,0.255449,0.224336,0.326300,0.245283,0.283800,0.204704,0.252342,0.195771
2910,12.125000,,,,,,,,,,,,,,,,0.220894,0.168823,0.186058,0.207655,0.056797,0.180596,0.271845,0.255444,0.224338,0.326292,0.245276,0.283809,0.204702,0.252343,0.195770
2911,12.129167,,,,,,,,,,,,,,,,0.220894,0.168820,0.186062,0.207656,0.056795,0.180595,0.271844,0.255445,0.224344,0.326282,0.245271,0.283816,0.204705,0.252342,0.195774
2912,12.133333,,,,,,,,,,,,,,,,0.220896,0.168822,0.186067,0.207657,0.056793,0.180600,0.271842,0.255444,0.224347,0.326277,0.245264,0.283822,0.204702,0.252344,0.195779
2913,12.137500,,,,,,,,,,,,,,,,0.220895,0.168821,0.186065,0.207656,0.056796,0.180602,0.271840,0.255444,0.224353,0.326269,0.245258,0.283830,0.204700,0.252342,0.195773
2914,12.141667,,,,,,,,,,,,,,,,0.220891,0.168823,0.186064,0.207655,0.056797,0.180602,0.271836,0.255440,0.224359,0.326259,0.245253,0.283837,0.204705,0.252345,0.195775
2915,12.145833,,,,,,,,,,,,,,,,0.220891,0.168823,0.186062,0.207655,0.056794,0.180599,0.271834,0.255440,0.224364,0.326255,0.245250,0.283841,0.204705,0.252348,0.195784
2916,12.150000,,,,,,,,,,,,,,,,0.220893,0.168819,0.186064,0.207656,0.056792,0.180600,0.271832,0.255438,0.224367,0.326247,0.245245,0.283849,0.204705,0.252345,0.195779
2917,12.154167,,,,,,,,,,,,,,,,0.220890,0.168821,0.186062,0.207655,0.056790,0.180601,0.271829,0.255437,0.224371,0.326239,0.245240,0.283856,0.204701,0.252346,0.195781
2918,12.158333,,,,,,,,,,,,,,,,0.220891,0.168821,0.186060,0.207653,0.056792,0.180600,0.271826,0.255434,0.224376,0.326231,0.245238,0.283864,0.204704,0.252348,0.195781
2919,12.162500,,,,,,,,,,,,,,,,0.220890,0.168822,0.186059,0.207653,0.056792,0.180599,0.271823,0.255432,0.224379,0.326223,0.245234,0.283872,0.204701,0.252347,0.195777
2920,12.166667,,,,,,,,,,,,,,,,0.220891,0.168819,0.186061,0.207654,0.056792,0.180598,0.271823,0.255430,0.224387,0.326215,0.245231,0.283880,0.204699,0.252346,0.195776
2921,12.170833,,,,,,,,,,,,,,,,0.220891,0.168822,0.186060,0.207655,0.056794,0.180596,0.271822,0.255428,0.224391,0.326209,0.245229,0.283888,0.204698,0.252345,0.195772
2922,12.175000,,,,,,,,,,,,,,,,0.220890,0.168820,0.186062,0.207655,0.056795,0.180594,0.271820,0.255427,0.224394,0.326200,0.245226,0.283898,0.204700,0.252346,0.195774
2923,12.179167,,,,,,,,,,,,,,,,0.220891,0.168821,0.186063,0.207655,0.056796,0.180590,0.271819,0.255426,0.224396,0.326191,0.245223,0.283908,0.204704,0.252345,0.195773
2924,12.183333,,,,,,,,,,,,,,,,0.220893,0.168819,0.186062,0.207654,0.056799,0.180590,0.271820,0.255426,0.224400,0.326182,0.245220,0.283918,0.204704,0.252347,0.195777
2925,12.187500,,,,,,,,,,,,,,,,0.220891,0.168821,0.186060,0.207654,0.056799,0.180589,0.271817,0.255423,0.224402,0.326174,0.245217,0.283931,0.204704,0.252347,0.195774
2926,12.191667,,,,,,,,,,,,,,,,0.220895,0.168819,0.186058,0.207656,0.056798,0.180588,0.271825,0.255418,0.224413,0.326164,0.245215,0.283943,0.204706,0.252346,0.195771
2927,12.195833,,,,,,,,,,,,,,,,0.220895,0.168819,0.186058,0.207655,0.056797,0.180589,0.271816,0.255421,0.224409,0.326155,0.245211,0.283954,0.204701,0.252345,0.195765
2928,12.200000,,,,,,,,,,,,,,,,0.220896,0.168819,0.186057,0.207655,0.056797,0.180591,0.271825,0.255416,0.224419,0.326146,0.245210,0.283964,0.204701,0.252350,0.195772
2929,12.204167,,,,,,,,,,,,,,,,0.220897,0.168819,0.186056,0.207655,0.056798,0.180595,0.271825,0.255416,0.224420,0.326138,0.245206,0.283974,0.204708,0.252344,0.195768
2930,12.208333,,,,,,,,,,,,,,,,0.220896,0.168820,0.186058,0.207657,0.056797,0.180594,0.271814,0.255418,0.224417,0.326131,0.245203,0.283984,0.204706,0.252347,0.195769
2931,12.212500,,,,,,,,,,,,,,,,0.220898,0.168819,0.186060,0.207659,0.056796,0.180594,0.271813,0.255417,0.224425,0.326125,0.245203,0.283993,0.204710,0.252343,0.195759
2932,12.216667,,,,,,,,,,,,,,,,0.220899,0.168821,0.186060,0.207658,0.056799,0.180596,0.271824,0.255414,0.224431,0.326118,0.245201,0.284002,0.204709,0.252349,0.195766
2933,12.220833,,,,,,,,,,,,,,,,0.220897,0.168820,0.186057,0.207657,0.056798,0.180595,0.271824,0.255412,0.224431,0.326085,0.245175,0.284023,0.204713,0.252346,0.195764
2934,12.225000,,,,,,,,,,,,,,,,0.220898,0.168821,0.186056,0.207656,0.056799,0.180595,0.271823,0.255410,0.224433,0.326077,0.245173,0.284033,0.204713,0.252350,0.195770
2935,12.229167,,,,,,,,,,,,,,,,0.220898,0.168821,0.186055,0.207659,0.056797,0.180594,0.271824,0.255410,0.224437,0.326074,0.245172,0.284041,0.204714,0.252349,0.195762
2936,12.233333,,,,,,,,,,,,,,,,0.220900,0.168819,0.186057,0.207657,0.056800,0.180594,0.271824,0.255407,0.224437,0.326069,0.245169,0.284047,0.204717,0.252352,0.195762
2937,12.237500,,,,,,,,,,,,,,,,0.220899,0.168821,0.186057,0.207658,0.056799,0.180598,0.271822,0.255405,0.224436,0.326063,0.245169,0.284053,0.204719,0.252348,0.195757
2938,12.241667,,,,,,,,,,,,,,,,0.220901,0.168819,0.186054,0.207657,0.056800,0.180596,0.271822,0.255405,0.224440,0.326059,0.245165,0.284059,0.204717,0.252351,0.195762
2939,12.245833,,,,,,,,,,,,,,,,0.220899,0.168821,0.186055,0.207655,0.056800,0.180598,0.271822,0.255405,0.224440,0.326055,0.245162,0.284065,0.204718,0.252352,0.195756
2940,12.250000,,,,,,,,,,,,,,,,0.220901,0.168821,0.186054,0.207655,0.056800,0.180599,0.271822,0.255401,0.224442,0.326042,0.245158,0.284085,0.204723,0.252350,0.195754
2941,12.254167,,,,,,,,,,,,,,,,0.220902,0.168820,0.186053,0.207658,0.056800,0.180595,0.271820,0.255398,0.224440,0.326038,0.245154,0.284088,0.204705,0.252354,0.195756
2942,12.258333,,,,,,,,,,,,,,,,0.220900,0.168818,0.186055,0.207657,0.056800,0.180599,0.271822,0.255398,0.224441,0.326033,0.245151,0.284088,0.204721,0.252350,0.195755
2943,12.262500,,,,,,,,,,,,,,,,0.220899,0.168819,0.186055,0.207656,0.056802,0.180599,0.271823,0.255399,0.224441,0.326032,0.245146,0.284091,0.204723,0.252354,0.195754
2944,12.266667,,,,,,,,,,,,,,,,0.220900,0.168817,0.186053,0.207656,0.056801,0.180598,0.271823,0.255398,0.224442,0.326028,0.245141,0.284092,0.204723,0.252352,0.195750
2945,12.270833,,,,,,,,,,,,,,,,0.220901,0.168819,0.186049,0.207656,0.056801,0.180596,0.271822,0.255397,0.224443,0.326024,0.245135,0.284094,0.204723,0.252355,0.195749
2946,12.275000,,,,,,,,,,,,,,,,0.220900,0.168819,0.186050,0.207655,0.056801,0.180601,0.271821,0.255394,0.224441,0.326024,0.245127,0.284092,0.204726,0.252355,0.195752
2947,12.279167,,,,,,,,,,,,,,,,0.220899,0.168819,0.186047,0.207655,0.056800,0.180599,0.271822,0.255395,0.224438,0.326020,0.245121,0.284094,0.204726,0.252352,0.195749
2948,12.283333,,,,,,,,,,,,,,,,0.220899,0.168821,0.186048,0.207655,0.056802,0.180596,0.271822,0.255394,0.224439,0.326016,0.245115,0.284095,0.204729,0.252354,0.195745
2949,12.287500,,,,,,,,,,,,,,,,0.220899,0.168820,0.186049,0.207654,0.056800,0.180600,0.271820,0.255390,0.224433,0.326015,0.245109,0.284094,0.204727,0.252353,0.195743
2950,12.291667,,,,,,,,,,,,,,,,0.220900,0.168821,0.186046,0.207654,0.056802,0.180602,0.271821,0.255389,0.224435,0.326012,0.245101,0.284092,0.204725,0.252355,0.195748
2951,12.295833,,,,,,,,,,,,,,,,0.220899,0.168823,0.186043,0.207655,0.056801,0.180600,0.271820,0.255389,0.224434,0.326013,0.245094,0.284089,0.204705,0.252354,0.195743
2952,12.300000,,,,,,,,,,,,,,,,0.220897,0.168823,0.186045,0.207653,0.056802,0.180601,0.271819,0.255386,0.224430,0.326010,0.245081,0.284095,0.204721,0.252353,0.195740
2953,12.304167,,,,,,,,,,,,,,,,0.220895,0.168822,0.186044,0.207655,0.056801,0.180597,0.271821,0.255387,0.224430,0.326009,0.245074,0.284091,0.204726,0.252353,0.195741
2954,12.308333,,,,,,,,,,,,,,,,0.220895,0.168823,0.186043,0.207654,0.056802,0.180603,0.271819,0.255386,0.224425,0.326008,0.245067,0.284086,0.204723,0.252356,0.195744
2955,12.312500,,,,,,,,,,,,,,,,0.220895,0.168824,0.186046,0.207654,0.056800,0.180607,0.271818,0.255385,0.224423,0.326010,0.245058,0.284081,0.204724,0.252355,0.195746
2956,12.316667,,,,,,,,,,,,,,,,0.220895,0.168822,0.186045,0.207654,0.056801,0.180605,0.271817,0.255385,0.224421,0.326009,0.245052,0.284076,0.204725,0.252358,0.195749
2957,12.320833,,,,,,,,,,,,,,,,0.220892,0.168824,0.186043,0.207654,0.056802,0.180602,0.271818,0.255385,0.224420,0.326012,0.245045,0.284067,0.204722,0.252358,0.195746
2958,12.325000,,,,,,,,,,,,,,,,0.220892,0.168823,0.186046,0.207654,0.056800,0.180604,0.271817,0.255382,0.224416,0.326012,0.245038,0.284065,0.204721,0.252357,0.195750
2959,12.329167,,,,,,,,,,,,,,,,0.220889,0.168824,0.186047,0.207652,0.056800,0.180601,0.271817,0.255381,0.224415,0.326024,0.245026,0.284037,0.204720,0.252359,0.195748
2960,12.333333,,,,,,,,,,,,,,,,0.220891,0.168825,0.186048,0.207651,0.056802,0.180602,0.271816,0.255382,0.224413,0.326026,0.245019,0.284029,0.204720,0.252356,0.195744
2961,12.337500,,,,,,,,,,,,,,,,0.220887,0.168824,0.186044,0.207651,0.056802,0.180604,0.271816,0.255379,0.224410,0.326029,0.245011,0.284021,0.204719,0.252358,0.195747
2962,12.341667,,,,,,,,,,,,,,,,0.220888,0.168824,0.186044,0.207651,0.056800,0.180603,0.271806,0.255382,0.224402,0.326030,0.245004,0.284016,0.204721,0.252357,0.195751
2963,12.345833,,,,,,,,,,,,,,,,0.220885,0.168825,0.186043,0.207653,0.056800,0.180603,0.271814,0.255378,0.224407,0.326034,0.244998,0.284005,0.204720,0.252356,0.195746
2964,12.350000,,,,,,,,,,,,,,,,0.220883,0.168824,0.186042,0.207650,0.056800,0.180602,0.271806,0.255380,0.224394,0.326039,0.244990,0.283997,0.204720,0.252353,0.195744
2965,12.354167,,,,,,,,,,,,,,,,0.220883,0.168827,0.186041,0.207651,0.056801,0.180600,0.271804,0.255380,0.224391,0.326040,0.244985,0.283987,0.204718,0.252357,0.195751
2966,12.358333,,,,,,,,,,,,,,,,0.220873,0.168834,0.186049,0.207652,0.056800,0.180599,0.271803,0.255379,0.224391,0.326043,0.244980,0.283975,0.204715,0.252357,0.195746
2967,12.362500,,,,,,,,,,,,,,,,0.220882,0.168830,0.186039,0.207651,0.056801,0.180601,0.271803,0.255379,0.224388,0.326050,0.244967,0.283966,0.204712,0.252358,0.195747
2968,12.366667,,,,,,,,,,,,,,,,0.220880,0.168827,0.186037,0.207651,0.056801,0.180600,0.271803,0.255380,0.224385,0.326054,0.244962,0.283954,0.204713,0.252358,0.195747
2969,12.370833,,,,,,,,,,,,,,,,0.220880,0.168828,0.186036,0.207651,0.056802,0.180602,0.271802,0.255379,0.224379,0.326056,0.244959,0.283945,0.204715,0.252355,0.195749
2970,12.375000,,,,,,,,,,,,,,,,0.220880,0.168827,0.186035,0.207650,0.056804,0.180602,0.271803,0.255380,0.224378,0.326060,0.244955,0.283931,0.204713,0.252359,0.195754
2971,12.379167,,,,,,,,,,,,,,,,0.220879,0.168830,0.186034,0.207652,0.056800,0.180601,0.271802,0.255380,0.224372,0.326065,0.244947,0.283923,0.204709,0.252362,0.195757
2972,12.383333,,,,,,,,,,,,,,,,0.220878,0.168830,0.186031,0.207652,0.056804,0.180597,0.271801,0.255381,0.224370,0.326068,0.244944,0.283912,0.204714,0.252354,0.195745
2973,12.387500,,,,,,,,,,,,,,,,0.220879,0.168831,0.186035,0.207653,0.056801,0.180601,0.271802,0.255380,0.224366,0.326075,0.244934,0.283898,0.204711,0.252355,0.195745
2974,12.391667,,,,,,,,,,,,,,,,0.220879,0.168829,0.186035,0.207652,0.056802,0.180601,0.271803,0.255381,0.224362,0.326077,0.244928,0.283890,0.204709,0.252356,0.195747
2975,12.395833,,,,,,,,,,,,,,,,0.220878,0.168829,0.186032,0.207653,0.056803,0.180600,0.271802,0.255382,0.224357,0.326080,0.244923,0.283880,0.204705,0.252356,0.195741
2976,12.400000,,,,,,,,,,,,,,,,0.220876,0.168831,0.186027,0.207654,0.056802,0.180598,0.271802,0.255383,0.224353,0.326084,0.244921,0.283872,0.204704,0.252357,0.195749
2977,12.404167,,,,,,,,,,,,,,,,0.220876,0.168832,0.186024,0.207654,0.056801,0.180597,0.271804,0.255382,0.224349,0.326092,0.244916,0.283855,0.204706,0.252357,0.195744
2978,12.408333,,,,,,,,,,,,,,,,0.220875,0.168832,0.186023,0.207652,0.056802,0.180596,0.271803,0.255382,0.224345,0.326096,0.244912,0.283847,0.204705,0.252358,0.195749
2979,12.412500,,,,,,,,,,,,,,,,0.220876,0.168834,0.186024,0.207653,0.056800,0.180594,0.271800,0.255384,0.224336,0.326099,0.244910,0.283839,0.204701,0.252357,0.195748
2980,12.416667,,,,,,,,,,,,,,,,0.220876,0.168833,0.186023,0.207653,0.056802,0.180598,0.271803,0.255384,0.224338,0.326103,0.244907,0.283829,0.204705,0.252359,0.195749
2981,12.420833,,,,,,,,,,,,,,,,0.220875,0.168833,0.186023,0.207655,0.056802,0.180595,0.271799,0.255387,0.224326,0.326105,0.244904,0.283823,0.204703,0.252358,0.195747
2982,12.425000,,,,,,,,,,,,,,,,0.220876,0.168834,0.186024,0.207657,0.056801,0.180592,0.271802,0.255386,0.224325,0.326111,0.244903,0.283814,0.204701,0.252361,0.195748
2983,12.429167,,,,,,,,,,,,,,,,0.220876,0.168834,0.186020,0.207655,0.056803,0.180596,0.271802,0.255386,0.224320,0.326117,0.244909,0.283795,0.204700,0.252358,0.195744
2984,12.433333,,,,,,,,,,,,,,,,0.220876,0.168835,0.186020,0.207655,0.056802,0.180594,0.271802,0.255387,0.224316,0.326116,0.244900,0.283800,0.204702,0.252360,0.195746
2985,12.437500,,,,,,,,,,,,,,,,0.220874,0.168834,0.186017,0.207655,0.056800,0.180593,0.271803,0.255388,0.224312,0.326124,0.244905,0.283780,0.204681,0.252365,0.195752
2986,12.441667,,,,,,,,,,,,,,,,0.220875,0.168834,0.186012,0.207652,0.056802,0.180594,0.271803,0.255388,0.224309,0.326126,0.244903,0.283771,0.204697,0.252357,0.195738
2987,12.445833,,,,,,,,,,,,,,,,0.220876,0.168836,0.186008,0.207652,0.056800,0.180593,0.271805,0.255387,0.224305,0.326130,0.244903,0.283762,0.204681,0.252361,0.195748
2988,12.450000,,,,,,,,,,,,,,,,0.220874,0.168835,0.186008,0.207653,0.056801,0.180595,0.271807,0.255388,0.224300,0.326129,0.244892,0.283771,0.204698,0.252355,0.195738
2989,12.454167,,,,,,,,,,,,,,,,0.220875,0.168834,0.186008,0.207655,0.056798,0.180594,0.271805,0.255387,0.224295,0.326136,0.244901,0.283752,0.204680,0.252361,0.195748
2990,12.458333,,,,,,,,,,,,,,,,0.220876,0.168836,0.186001,0.207654,0.056802,0.180591,0.271799,0.255384,0.224282,0.326140,0.244898,0.283746,0.204693,0.252360,0.195742
2991,12.462500,,,,,,,,,,,,,,,,0.220877,0.168835,0.185998,0.207654,0.056802,0.180592,0.271806,0.255386,0.224289,0.326145,0.244898,0.283738,0.204697,0.252359,0.195742
2992,12.466667,,,,,,,,,,,,,,,,0.220878,0.168836,0.185999,0.207654,0.056800,0.180592,0.271800,0.255384,0.224275,0.326147,0.244892,0.283734,0.204698,0.252358,0.195741
2993,12.470833,,,,,,,,,,,,,,,,0.220878,0.168835,0.185997,0.207653,0.056799,0.180591,0.271801,0.255383,0.224272,0.326149,0.244891,0.283729,0.204696,0.252359,0.195745
2994,12.475000,,,,,,,,,,,,,,,,0.220877,0.168834,0.186001,0.207651,0.056801,0.180593,0.271803,0.255383,0.224268,0.326150,0.244888,0.283724,0.204693,0.252359,0.195745
2995,12.479167,,,,,,,,,,,,,,,,0.220876,0.168836,0.186002,0.207652,0.056800,0.180596,0.271804,0.255385,0.224266,0.326155,0.244882,0.283719,0.204673,0.252362,0.195750
2996,12.483333,,,,,,,,,,,,,,,,0.220873,0.168838,0.186002,0.207652,0.056802,0.180594,0.271806,0.255383,0.224263,0.326155,0.244878,0.283716,0.204691,0.252359,0.195744
2997,12.487500,,,,,,,,,,,,,,,,0.220873,0.168838,0.186004,0.207650,0.056801,0.180595,0.271806,0.255382,0.224260,0.326158,0.244872,0.283711,0.204699,0.252357,0.195743
2998,12.491667,,,,,,,,,,,,,,,,0.220874,0.168834,0.186004,0.207650,0.056801,0.180594,0.271809,0.255381,0.224259,0.326161,0.244866,0.283708,0.204692,0.252358,0.195750
2999,12.495833,,,,,,,,,,,,,,,,0.220872,0.168838,0.186001,0.207651,0.056801,0.180591,0.271817,0.255383,0.224267,0.326163,0.244864,0.283705,0.204692,0.252359,0.195749
3000,12.500000,,,,,,,,,,,,,,,,0.220875,0.168836,0.185998,0.207651,0.056800,0.180593,0.271809,0.255381,0.224255,0.326169,0.244858,0.283698,0.204692,0.252359,0.195752
3001,12.504167,,,,,,,,,,,,,,,,0.220875,0.168837,0.185998,0.207651,0.056802,0.180589,0.271813,0.255378,0.224256,0.326172,0.244851,0.283694,0.204691,0.252357,0.195751
3002,12.508333,,,,,,,,,,,,,,,,0.220875,0.168836,0.185997,0.207651,0.056800,0.180592,0.271813,0.255378,0.224258,0.326173,0.244836,0.283701,0.204579,0.252393,0.195736
3003,12.512500,,,,,,,,,,,,,,,,0.220873,0.168836,0.186000,0.207650,0.056803,0.180591,0.271814,0.255376,0.224256,0.326193,0.244822,0.283669,0.204537,0.252383,0.195696
3004,12.516667,,,,,,,,,,,,,,,,0.220877,0.168834,0.186004,0.207649,0.056802,0.180592,0.271815,0.255374,0.224258,0.326194,0.244803,0.283678,0.204537,0.252384,0.195696
3005,12.520833,,,,,,,,,,,,,,,,0.220873,0.168834,0.186005,0.207648,0.056802,0.180592,0.271817,0.255374,0.224257,0.326198,0.244797,0.283673,0.204546,0.252383,0.195701
3006,12.525000,,,,,,,,,,,,,,,,0.220877,0.168835,0.186005,0.207651,0.056803,0.180590,0.271818,0.255370,0.224258,0.326203,0.244789,0.283669,0.204674,0.252356,0.195746
3007,12.529167,,,,,,,,,,,,,,,,0.220876,0.168837,0.186006,0.207650,0.056804,0.180596,0.271827,0.255371,0.224268,0.326207,0.244781,0.283667,0.204608,0.252401,0.195775
3008,12.533333,,,,,,,,,,,,,,,,0.220874,0.168836,0.186006,0.207651,0.056802,0.180596,0.271827,0.255367,0.224270,0.326211,0.244772,0.283664,0.204680,0.252355,0.195753
3009,12.537500,,,,,,,,,,,,,,,,0.220876,0.168837,0.186009,0.207652,0.056801,0.180596,0.271820,0.255364,0.224263,0.326214,0.244763,0.283661,0.204699,0.252363,0.195777
3010,12.541667,,,,,,,,,,,,,,,,0.220875,0.168834,0.186013,0.207653,0.056801,0.180596,0.271822,0.255362,0.224262,0.326216,0.244753,0.283658,0.204696,0.252366,0.195777
3011,12.545833,,,,,,,,,,,,,,,,0.220876,0.168832,0.186012,0.207653,0.056800,0.180599,0.271831,0.255362,0.224275,0.326219,0.244742,0.283658,0.204563,0.252392,0.195742
3012,12.550000,,,,,,,,,,,,,,,,0.220878,0.168834,0.186014,0.207653,0.056802,0.180599,0.271831,0.255358,0.224275,0.326222,0.244731,0.283655,0.204662,0.252355,0.195745
3013,12.554167,,,,,,,,,,,,,,,,0.220877,0.168834,0.186015,0.207653,0.056801,0.180600,0.271832,0.255357,0.224278,0.326223,0.244718,0.283654,0.204574,0.252396,0.195758
3014,12.558333,,,,,,,,,,,,,,,,0.220879,0.168833,0.186015,0.207655,0.056799,0.180599,0.271833,0.255355,0.224280,0.326222,0.244708,0.283653,0.204672,0.252357,0.195760
3015,12.562500,,,,,,,,,,,,,,,,0.220877,0.168835,0.186020,0.207656,0.056799,0.180602,0.271844,0.255349,0.224287,0.326221,0.244694,0.283652,0.204707,0.252363,0.195786
3016,12.566667,,,,,,,,,,,,,,,,0.220879,0.168832,0.186018,0.207656,0.056799,0.180603,0.271847,0.255347,0.224289,0.326221,0.244680,0.283654,0.204704,0.252364,0.195791
3017,12.570833,,,,,,,,,,,,,,,,0.220879,0.168834,0.186018,0.207655,0.056799,0.180603,0.271837,0.255346,0.224286,0.326219,0.244672,0.283657,0.204698,0.252366,0.195785
3018,12.575000,,,,,,,,,,,,,,,,0.220880,0.168834,0.186019,0.207653,0.056800,0.180602,0.271836,0.255344,0.224289,0.326216,0.244659,0.283659,0.204701,0.252361,0.195781
3019,12.579167,,,,,,,,,,,,,,,,0.220879,0.168831,0.186024,0.207654,0.056797,0.180601,0.271837,0.255341,0.224290,0.326214,0.244644,0.283662,0.204593,0.252396,0.195772
3020,12.583333,,,,,,,,,,,,,,,,0.220881,0.168831,0.186025,0.207655,0.056801,0.180601,0.271854,0.255322,0.224294,0.326210,0.244634,0.283666,0.204658,0.252361,0.195763
3021,12.587500,,,,,,,,,,,,,,,,0.220882,0.168832,0.186021,0.207656,0.056801,0.180602,0.271856,0.255318,0.224294,0.326208,0.244623,0.283667,0.204700,0.252361,0.195782
3022,12.591667,,,,,,,,,,,,,,,,0.220882,0.168832,0.186025,0.207656,0.056799,0.180602,0.271855,0.255315,0.224297,0.326202,0.244611,0.283673,0.204708,0.252365,0.195792
3023,12.595833,,,,,,,,,,,,,,,,0.220882,0.168832,0.186023,0.207655,0.056798,0.180602,0.271856,0.255311,0.224300,0.326197,0.244600,0.283680,0.204579,0.252398,0.195765
3024,12.600000,,,,,,,,,,,,,,,,0.220882,0.168832,0.186024,0.207656,0.056800,0.180602,0.271856,0.255307,0.224300,0.326191,0.244591,0.283687,0.204680,0.252356,0.195760
3025,12.604167,,,,,,,,,,,,,,,,0.220883,0.168830,0.186028,0.207655,0.056800,0.180603,0.271858,0.255305,0.224304,0.326186,0.244580,0.283695,0.204717,0.252365,0.195789
3026,12.608333,,,,,,,,,,,,,,,,0.220883,0.168832,0.186027,0.207655,0.056800,0.180602,0.271858,0.255299,0.224304,0.326180,0.244573,0.283704,0.204698,0.252368,0.195792
3027,12.612500,,,,,,,,,,,,,,,,0.220885,0.168830,0.186025,0.207655,0.056799,0.180602,0.271858,0.255297,0.224306,0.326179,0.244542,0.283725,0.204692,0.252367,0.195783
3028,12.616667,,,,,,,,,,,,,,,,0.220886,0.168828,0.186026,0.207656,0.056797,0.180602,0.271861,0.255292,0.224314,0.326172,0.244529,0.283732,0.204685,0.252365,0.195777
3029,12.620833,,,,,,,,,,,,,,,,0.220886,0.168831,0.186020,0.207656,0.056797,0.180600,0.271861,0.255288,0.224317,0.326167,0.244522,0.283741,0.204708,0.252364,0.195774
3030,12.625000,,,,,,,,,,,,,,,,0.220885,0.168829,0.186020,0.207656,0.056799,0.180602,0.271859,0.255286,0.224315,0.326161,0.244518,0.283751,0.204703,0.252372,0.195796
3031,12.629167,,,,,,,,,,,,,,,,0.220888,0.168828,0.186023,0.207656,0.056799,0.180602,0.271861,0.255282,0.224323,0.326148,0.244517,0.283779,0.204704,0.252365,0.195781
3032,12.633333,,,,,,,,,,,,,,,,0.220889,0.168828,0.186023,0.207655,0.056799,0.180599,0.271861,0.255279,0.224327,0.326139,0.244512,0.283786,0.204718,0.252364,0.195775
3033,12.637500,,,,,,,,,,,,,,,,0.220885,0.168831,0.186023,0.207655,0.056800,0.180598,0.271858,0.255277,0.224330,0.326134,0.244511,0.283795,0.204723,0.252366,0.195778
3034,12.641667,,,,,,,,,,,,,,,,0.220887,0.168828,0.186022,0.207657,0.056798,0.180600,0.271860,0.255275,0.224335,0.326126,0.244505,0.283805,0.204723,0.252369,0.195780
3035,12.645833,,,,,,,,,,,,,,,,0.220889,0.168825,0.186023,0.207656,0.056799,0.180598,0.271859,0.255272,0.224339,0.326120,0.244500,0.283815,0.204729,0.252367,0.195777
3036,12.650000,,,,,,,,,,,,,,,,0.220889,0.168828,0.186022,0.207654,0.056799,0.180599,0.271859,0.255269,0.224341,0.326103,0.244503,0.283821,0.204710,0.252367,0.195775
3037,12.654167,,,,,,,,,,,,,,,,0.220891,0.168828,0.186025,0.207653,0.056798,0.180601,0.271860,0.255270,0.224348,0.326096,0.244499,0.283832,0.204725,0.252363,0.195760
3038,12.658333,,,,,,,,,,,,,,,,0.220892,0.168826,0.186026,0.207656,0.056797,0.180598,0.271858,0.255268,0.224351,0.326088,0.244496,0.283844,0.204712,0.252365,0.195766
3039,12.662500,,,,,,,,,,,,,,,,0.220891,0.168829,0.186028,0.207656,0.056801,0.180594,0.271857,0.255265,0.224354,0.326080,0.244495,0.283853,0.204730,0.252363,0.195760
3040,12.666667,,,,,,,,,,,,,,,,0.220893,0.168827,0.186029,0.207655,0.056798,0.180596,0.271857,0.255263,0.224357,0.326073,0.244491,0.283863,0.204721,0.252364,0.195765
3041,12.670833,,,,,,,,,,,,,,,,0.220893,0.168827,0.186026,0.207654,0.056798,0.180594,0.271854,0.255264,0.224363,0.326063,0.244487,0.283874,0.204713,0.252366,0.195755
3042,12.675000,,,,,,,,,,,,,,,,0.220891,0.168828,0.186028,0.207653,0.056799,0.180595,0.271853,0.255260,0.224364,0.326053,0.244487,0.283886,0.204714,0.252367,0.195754
3043,12.679167,,,,,,,,,,,,,,,,0.220893,0.168825,0.186028,0.207653,0.056798,0.180596,0.271855,0.255258,0.224367,0.326044,0.244483,0.283899,0.204715,0.252366,0.195753
3044,12.683333,,,,,,,,,,,,,,,,0.220897,0.168826,0.186025,0.207654,0.056798,0.180594,0.271853,0.255258,0.224370,0.326036,0.244482,0.283908,0.204738,0.252363,0.195750
3045,12.687500,,,,,,,,,,,,,,,,0.220897,0.168825,0.186022,0.207653,0.056799,0.180595,0.271850,0.255258,0.224373,0.326028,0.244482,0.283917,0.204722,0.252368,0.195753
3046,12.691667,,,,,,,,,,,,,,,,0.220899,0.168824,0.186022,0.207655,0.056799,0.180594,0.271850,0.255257,0.224375,0.326020,0.244482,0.283928,0.204738,0.252362,0.195743
3047,12.695833,,,,,,,,,,,,,,,,0.220897,0.168826,0.186023,0.207654,0.056800,0.180593,0.271850,0.255242,0.224385,0.326011,0.244481,0.283935,0.204723,0.252369,0.195751
3048,12.700000,,,,,,,,,,,,,,,,0.220899,0.168825,0.186020,0.207654,0.056800,0.180591,0.271847,0.255257,0.224383,0.326003,0.244481,0.283944,0.204723,0.252366,0.195745
3049,12.704167,,,,,,,,,,,,,,,,0.220899,0.168824,0.186022,0.207653,0.056800,0.180594,0.271845,0.255254,0.224383,0.325996,0.244479,0.283954,0.204717,0.252365,0.195738
3050,12.708333,,,,,,,,,,,,,,,,0.220900,0.168823,0.186025,0.207655,0.056799,0.180594,0.271845,0.255240,0.224393,0.325987,0.244480,0.283962,0.204720,0.252365,0.195739
3051,12.712500,,,,,,,,,,,,,,,,0.220898,0.168826,0.186024,0.207656,0.056799,0.180590,0.271841,0.255254,0.224389,0.325977,0.244482,0.283970,0.204719,0.252368,0.195736
3052,12.716667,,,,,,,,,,,,,,,,0.220899,0.168825,0.186023,0.207653,0.056799,0.180591,0.271838,0.255257,0.224396,0.325971,0.244480,0.283979,0.204718,0.252367,0.195734
3053,12.720833,,,,,,,,,,,,,,,,0.220895,0.168827,0.186022,0.207654,0.056800,0.180593,0.271837,0.255241,0.224403,0.325961,0.244486,0.283988,0.204719,0.252367,0.195734
3054,12.725000,,,,,,,,,,,,,,,,0.220898,0.168824,0.186021,0.207654,0.056800,0.180591,0.271834,0.255242,0.224407,0.325951,0.244486,0.283996,0.204718,0.252367,0.195733
3055,12.729167,,,,,,,,,,,,,,,,0.220898,0.168825,0.186020,0.207656,0.056795,0.180592,0.271831,0.255241,0.224411,0.325943,0.244487,0.284005,0.204720,0.252367,0.195727
3056,12.733333,,,,,,,,,,,,,,,,0.220897,0.168826,0.186018,0.207656,0.056796,0.180588,0.271830,0.255241,0.224412,0.325935,0.244487,0.284010,0.204718,0.252366,0.195726
3057,12.737500,,,,,,,,,,,,,,,,0.220897,0.168828,0.186019,0.207654,0.056798,0.180590,0.271827,0.255238,0.224410,0.325927,0.244487,0.284018,0.204718,0.252367,0.195725
3058,12.741667,,,,,,,,,,,,,,,,0.220897,0.168826,0.186019,0.207654,0.056797,0.180590,0.271825,0.255242,0.224412,0.325922,0.244487,0.284021,0.204717,0.252365,0.195722
3059,12.745833,,,,,,,,,,,,,,,,0.220895,0.168828,0.186019,0.207655,0.056799,0.180589,0.271821,0.255243,0.224414,0.325914,0.244487,0.284025,0.204732,0.252364,0.195723
3060,12.750000,,,,,,,,,,,,,,,,0.220894,0.168826,0.186016,0.207656,0.056799,0.180589,0.271819,0.255241,0.224413,0.325905,0.244486,0.284029,0.204719,0.252369,0.195728
3061,12.754167,,,,,,,,,,,,,,,,0.220893,0.168828,0.186016,0.207656,0.056801,0.180588,0.271817,0.255240,0.224413,0.325899,0.244484,0.284033,0.204709,0.252366,0.195721
3062,12.758333,,,,,,,,,,,,,,,,0.220893,0.168828,0.186017,0.207656,0.056797,0.180588,0.271813,0.255243,0.224416,0.325891,0.244482,0.284038,0.204708,0.252368,0.195722
3063,12.762500,,,,,,,,,,,,,,,,0.220891,0.168831,0.186009,0.207656,0.056798,0.180589,0.271809,0.255245,0.224418,0.325884,0.244482,0.284041,0.204708,0.252366,0.195715
3064,12.766667,,,,,,,,,,,,,,,,0.220888,0.168830,0.186011,0.207655,0.056795,0.180589,0.271808,0.255245,0.224418,0.325879,0.244481,0.284042,0.204703,0.252368,0.195716
3065,12.770833,,,,,,,,,,,,,,,,0.220887,0.168832,0.186012,0.207655,0.056799,0.180589,0.271802,0.255245,0.224417,0.325872,0.244483,0.284043,0.204702,0.252366,0.195713
3066,12.775000,,,,,,,,,,,,,,,,0.220888,0.168833,0.186011,0.207655,0.056800,0.180588,0.271799,0.255246,0.224417,0.325866,0.244480,0.284046,0.204722,0.252367,0.195716
3067,12.779167,,,,,,,,,,,,,,,,0.220884,0.168832,0.186011,0.207657,0.056799,0.180590,0.271797,0.255246,0.224418,0.325860,0.244477,0.284042,0.204704,0.252371,0.195722
3068,12.783333,,,,,,,,,,,,,,,,0.220883,0.168835,0.186011,0.207654,0.056797,0.180594,0.271795,0.255249,0.224417,0.325857,0.244475,0.284044,0.204700,0.252369,0.195716
3069,12.787500,,,,,,,,,,,,,,,,0.220879,0.168836,0.186010,0.207653,0.056799,0.180593,0.271788,0.255249,0.224417,0.325851,0.244474,0.284043,0.204693,0.252371,0.195716
3070,12.791667,,,,,,,,,,,,,,,,0.220880,0.168833,0.186010,0.207654,0.056798,0.180591,0.271786,0.255250,0.224417,0.325847,0.244471,0.284041,0.204692,0.252369,0.195714
3071,12.795833,,,,,,,,,,,,,,,,0.220877,0.168836,0.186008,0.207654,0.056797,0.180591,0.271781,0.255250,0.224415,0.325843,0.244470,0.284039,0.204703,0.252367,0.195709
3072,12.800000,,,,,,,,,,,,,,,,0.220875,0.168839,0.186010,0.207654,0.056797,0.180591,0.271779,0.255252,0.224415,0.325841,0.244469,0.284036,0.204687,0.252369,0.195713
3073,12.804167,,,,,,,,,,,,,,,,0.220875,0.168840,0.186009,0.207655,0.056797,0.180592,0.271775,0.255253,0.224414,0.325821,0.244456,0.284040,0.204682,0.252370,0.195712
3074,12.808333,,,,,,,,,,,,,,,,0.220873,0.168840,0.186012,0.207657,0.056798,0.180591,0.271771,0.255255,0.224413,0.325833,0.244464,0.284028,0.204699,0.252371,0.195719
3075,12.812500,,,,,,,,,,,,,,,,0.220872,0.168841,0.186009,0.207656,0.056796,0.180594,0.271768,0.255257,0.224413,0.325833,0.244466,0.284026,0.204678,0.252373,0.195723
3076,12.816667,,,,,,,,,,,,,,,,0.220868,0.168841,0.186011,0.207656,0.056795,0.180594,0.271752,0.255259,0.224406,0.325829,0.244460,0.284023,0.204671,0.252372,0.195719
3077,12.820833,,,,,,,,,,,,,,,,0.220866,0.168843,0.186011,0.207655,0.056795,0.180593,0.271734,0.255262,0.224390,0.325810,0.244450,0.284027,0.204688,0.252372,0.195720
3078,12.825000,,,,,,,,,,,,,,,,0.220864,0.168844,0.186010,0.207655,0.056797,0.180593,0.271730,0.255264,0.224389,0.325821,0.244462,0.284013,0.204692,0.252373,0.195722
3079,12.829167,,,,,,,,,,,,,,,,0.220863,0.168844,0.186010,0.207656,0.056795,0.180596,0.271727,0.255264,0.224388,0.325823,0.244458,0.284009,0.204684,0.252370,0.195723
3080,12.833333,,,,,,,,,,,,,,,,0.220861,0.168846,0.186006,0.207656,0.056794,0.180596,0.271723,0.255265,0.224387,0.325822,0.244458,0.284005,0.204680,0.252373,0.195720
3081,12.837500,,,,,,,,,,,,,,,,0.220858,0.168846,0.186007,0.207658,0.056795,0.180597,0.271719,0.255268,0.224386,0.325821,0.244457,0.284000,0.204547,0.252405,0.195693
3082,12.841667,,,,,,,,,,,,,,,,0.220860,0.168846,0.186009,0.207656,0.056797,0.180599,0.271716,0.255269,0.224386,0.325820,0.244456,0.283992,0.204652,0.252363,0.195697
3083,12.845833,,,,,,,,,,,,,,,,0.220857,0.168848,0.186009,0.207656,0.056796,0.180600,0.271711,0.255281,0.224390,0.325807,0.244436,0.283994,0.204578,0.252413,0.195722
3084,12.850000,,,,,,,,,,,,,,,,0.220854,0.168848,0.186011,0.207657,0.056795,0.180600,0.271706,0.255283,0.224389,0.325820,0.244447,0.283981,0.204655,0.252371,0.195711
3085,12.854167,,,,,,,,,,,,,,,,0.220854,0.168849,0.186012,0.207657,0.056795,0.180600,0.271702,0.255285,0.224388,0.325821,0.244448,0.283977,0.204566,0.252413,0.195721
3086,12.858333,,,,,,,,,,,,,,,,0.220853,0.168848,0.186009,0.207658,0.056793,0.180601,0.271700,0.255287,0.224385,0.325819,0.244447,0.283969,0.204644,0.252370,0.195706
3087,12.862500,,,,,,,,,,,,,,,,0.220849,0.168850,0.186006,0.207657,0.056794,0.180601,0.271696,0.255288,0.224384,0.325818,0.244448,0.283964,0.204559,0.252415,0.195714
3088,12.866667,,,,,,,,,,,,,,,,0.220848,0.168851,0.186005,0.207655,0.056794,0.180600,0.271693,0.255290,0.224382,0.325817,0.244447,0.283961,0.204641,0.252368,0.195706
3089,12.870833,,,,,,,,,,,,,,,,0.220849,0.168851,0.186003,0.207654,0.056796,0.180598,0.271690,0.255291,0.224380,0.325816,0.244448,0.283957,0.204553,0.252414,0.195721
3090,12.875000,,,,,,,,,,,,,,,,0.220847,0.168852,0.186005,0.207656,0.056796,0.180599,0.271688,0.255293,0.224378,0.325814,0.244446,0.283952,0.204509,0.252401,0.195673
3091,12.879167,,,,,,,,,,,,,,,,0.220850,0.168851,0.186004,0.207655,0.056795,0.180601,0.271686,0.255296,0.224376,0.325816,0.244447,0.283945,0.204499,0.252399,0.195662
3092,12.883333,,,,,,,,,,,,,,,,0.220849,0.168852,0.186003,0.207655,0.056794,0.180598,0.271684,0.255295,0.224376,0.325815,0.244446,0.283942,0.204502,0.252400,0.195666
3093,12.887500,,,,,,,,,,,,,,,,0.220844,0.168854,0.186000,0.207654,0.056796,0.180600,0.271681,0.255297,0.224373,0.325814,0.244447,0.283938,0.204501,0.252404,0.195670
3094,12.891667,,,,,,,,,,,,,,,,0.220844,0.168855,0.186000,0.207654,0.056795,0.180595,0.271680,0.255299,0.224372,0.325813,0.244446,0.283934,0.204500,0.252403,0.195670
3095,12.895833,,,,,,,,,,,,,,,,0.220833,0.168860,0.186009,0.207655,0.056795,0.180595,0.271677,0.255299,0.224369,0.325812,0.244445,0.283930,0.204497,0.252403,0.195670
3096,12.900000,,,,,,,,,,,,,,,,0.220840,0.168858,0.185998,0.207655,0.056797,0.180595,0.271676,0.255300,0.224367,0.325811,0.244446,0.283928,0.204494,0.252404,0.195673
3097,12.904167,,,,,,,,,,,,,,,,0.220840,0.168858,0.185997,0.207653,0.056795,0.180594,0.271676,0.255301,0.224365,0.325809,0.244444,0.283926,0.204494,0.252403,0.195667
3098,12.908333,,,,,,,,,,,,,,,,0.220841,0.168856,0.185999,0.207651,0.056794,0.180592,0.271674,0.255302,0.224362,0.325809,0.244444,0.283924,0.204489,0.252406,0.195664
3099,12.912500,,,,,,,,,,,,,,,,0.220840,0.168857,0.185998,0.207650,0.056796,0.180591,0.271672,0.255304,0.224358,0.325808,0.244445,0.283921,0.204487,0.252402,0.195659
3100,12.916667,,,,,,,,,,,,,,,,0.220838,0.168856,0.185995,0.207652,0.056796,0.180591,0.271672,0.255304,0.224357,0.325791,0.244430,0.283924,0.204482,0.252404,0.195658
3101,12.920833,,,,,,,,,,,,,,,,0.220837,0.168859,0.185994,0.207652,0.056797,0.180590,0.271671,0.255302,0.224357,0.325802,0.244444,0.283915,0.204485,0.252406,0.195660
3102,12.925000,,,,,,,,,,,,,,,,0.220838,0.168858,0.185991,0.207652,0.056798,0.180589,0.271671,0.255304,0.224354,0.325804,0.244444,0.283912,0.204487,0.252407,0.195662
3103,12.929167,,,,,,,,,,,,,,,,0.220837,0.168858,0.185990,0.207651,0.056797,0.180589,0.271669,0.255301,0.224353,0.325803,0.244440,0.283911,0.204488,0.252402,0.195656
3104,12.933333,,,,,,,,,,,,,,,,0.220838,0.168860,0.185988,0.207650,0.056798,0.180588,0.271670,0.255303,0.224351,0.325802,0.244439,0.283908,0.204485,0.252403,0.195655
3105,12.937500,,,,,,,,,,,,,,,,0.220837,0.168859,0.185984,0.207648,0.056798,0.180587,0.271669,0.255304,0.224348,0.325799,0.244438,0.283907,0.204481,0.252405,0.195651
3106,12.941667,,,,,,,,,,,,,,,,0.220836,0.168860,0.185985,0.207646,0.056800,0.180586,0.271670,0.255303,0.224346,0.325797,0.244435,0.283905,0.204485,0.252401,0.195648
3107,12.945833,,,,,,,,,,,,,,,,0.220836,0.168862,0.185985,0.207650,0.056798,0.180586,0.271670,0.255302,0.224344,0.325781,0.244420,0.283912,0.204484,0.252407,0.195650
3108,12.950000,,,,,,,,,,,,,,,,0.220839,0.168861,0.185981,0.207650,0.056797,0.180585,0.271670,0.255301,0.224342,0.325774,0.244417,0.283911,0.204484,0.252405,0.195647
3109,12.954167,,,,,,,,,,,,,,,,0.220836,0.168859,0.185982,0.207649,0.056801,0.180583,0.271671,0.255301,0.224340,0.325789,0.244425,0.283902,0.204483,0.252404,0.195644
3110,12.958333,,,,,,,,,,,,,,,,0.220836,0.168861,0.185981,0.207649,0.056799,0.180585,0.271670,0.255315,0.224329,0.325775,0.244411,0.283910,0.204487,0.252406,0.195646
3111,12.962500,,,,,,,,,,,,,,,,0.220837,0.168863,0.185981,0.207648,0.056798,0.180586,0.271669,0.255300,0.224337,0.325771,0.244405,0.283911,0.204485,0.252403,0.195638
3112,12.966667,,,,,,,,,,,,,,,,0.220837,0.168861,0.185980,0.207650,0.056801,0.180585,0.271675,0.255297,0.224330,0.325769,0.244400,0.283907,0.204485,0.252404,0.195637
3113,12.970833,,,,,,,,,,,,,,,,0.220837,0.168862,0.185981,0.207649,0.056800,0.180588,0.271675,0.255296,0.224328,0.325767,0.244398,0.283909,0.204486,0.252404,0.195635
3114,12.975000,,,,,,,,,,,,,,,,0.220838,0.168860,0.185978,0.207651,0.056798,0.180586,0.271673,0.255298,0.224329,0.325766,0.244394,0.283906,0.204490,0.252405,0.195634
3115,12.979167,,,,,,,,,,,,,,,,0.220839,0.168862,0.185977,0.207651,0.056802,0.180586,0.271675,0.255298,0.224328,0.325754,0.244393,0.283925,0.204492,0.252405,0.195636
3116,12.983333,,,,,,,,,,,,,,,,0.220840,0.168861,0.185975,0.207649,0.056799,0.180587,0.271675,0.255295,0.224327,0.325751,0.244390,0.283930,0.204491,0.252401,0.195624
3117,12.987500,,,,,,,,,,,,,,,,0.220839,0.168862,0.185972,0.207650,0.056801,0.180586,0.271678,0.255294,0.224325,0.325762,0.244379,0.283905,0.204486,0.252404,0.195626
3118,12.991667,,,,,,,,,,,,,,,,0.220837,0.168863,0.185973,0.207651,0.056800,0.180585,0.271679,0.255307,0.224315,0.325760,0.244380,0.283902,0.204489,0.252406,0.195628
3119,12.995833,,,,,,,,,,,,,,,,0.220838,0.168863,0.185975,0.207650,0.056801,0.180588,0.271681,0.255290,0.224319,0.325758,0.244373,0.283901,0.204494,0.252406,0.195625
3120,13.000000,,,,,,,,,,,,,,,,0.220842,0.168860,0.185974,0.207651,0.056801,0.180587,0.271682,0.255301,0.224307,0.325757,0.244366,0.283902,0.204496,0.252404,0.195618
3121,13.004167,,,,,,,,,,,,,,,,0.220843,0.168859,0.185971,0.207653,0.056799,0.180588,0.271684,0.255287,0.224314,0.325761,0.244359,0.283898,0.204496,0.252408,0.195625
3122,13.008333,,,,,,,,,,,,,,,,0.220845,0.168860,0.185970,0.207654,0.056802,0.180588,0.271684,0.255300,0.224307,0.325758,0.244355,0.283900,0.204495,0.252406,0.195622
3123,13.012500,,,,,,,,,,,,,,,,0.220842,0.168862,0.185967,0.207653,0.056802,0.180591,0.271686,0.255282,0.224313,0.325757,0.244351,0.283897,0.204499,0.252409,0.195623
3124,13.016667,,,,,,,,,,,,,,,,0.220844,0.168861,0.185966,0.207653,0.056803,0.180588,0.271689,0.255280,0.224312,0.325756,0.244344,0.283899,0.204479,0.252401,0.195603
3125,13.020833,,,,,,,,,,,,,,,,0.220846,0.168861,0.185966,0.207652,0.056806,0.180590,0.271689,0.255279,0.224311,0.325758,0.244339,0.283896,0.204476,0.252401,0.195596
3126,13.025000,,,,,,,,,,,,,,,,0.220846,0.168860,0.185970,0.207653,0.056803,0.180590,0.271691,0.255291,0.224299,0.325759,0.244334,0.283894,0.204473,0.252402,0.195591
3127,13.029167,,,,,,,,,,,,,,,,0.220845,0.168859,0.185969,0.207656,0.056803,0.180588,0.271692,0.255290,0.224299,0.325759,0.244326,0.283891,0.204475,0.252402,0.195590
3128,13.033333,,,,,,,,,,,,,,,,0.220846,0.168860,0.185969,0.207655,0.056805,0.180590,0.271697,0.255276,0.224295,0.325762,0.244320,0.283888,0.204479,0.252403,0.195592
3129,13.037500,,,,,,,,,,,,,,,,0.220846,0.168859,0.185970,0.207655,0.056802,0.180590,0.271701,0.255275,0.224293,0.325762,0.244313,0.283888,0.204480,0.252404,0.195590
3130,13.041667,,,,,,,,,,,,,,,,0.220846,0.168860,0.185969,0.207656,0.056801,0.180586,0.271705,0.255259,0.224299,0.325764,0.244304,0.283883,0.204633,0.252375,0.195648
3131,13.045833,,,,,,,,,,,,,,,,0.220849,0.168860,0.185967,0.207659,0.056804,0.180589,0.271707,0.255272,0.224291,0.325765,0.244298,0.283880,0.204552,0.252426,0.195678
3132,13.050000,,,,,,,,,,,,,,,,0.220849,0.168860,0.185964,0.207659,0.056801,0.180592,0.271708,0.255256,0.224298,0.325765,0.244290,0.283880,0.204500,0.252407,0.195611
3133,13.054167,,,,,,,,,,,,,,,,0.220849,0.168862,0.185964,0.207656,0.056803,0.180594,0.271710,0.255266,0.224288,0.325768,0.244284,0.283877,0.204485,0.252402,0.195585
3134,13.058333,,,,,,,,,,,,,,,,0.220850,0.168859,0.185966,0.207657,0.056801,0.180594,0.271711,0.255266,0.224288,0.325770,0.244277,0.283874,0.204488,0.252403,0.195589
3135,13.062500,,,,,,,,,,,,,,,,0.220850,0.168859,0.185968,0.207657,0.056801,0.180594,0.271713,0.255249,0.224295,0.325763,0.244249,0.283869,0.204496,0.252403,0.195590
3136,13.066667,,,,,,,,,,,,,,,,0.220850,0.168858,0.185969,0.207658,0.056802,0.180592,0.271717,0.255247,0.224292,0.325763,0.244243,0.283865,0.204498,0.252405,0.195595
3137,13.070833,,,,,,,,,,,,,,,,0.220851,0.168859,0.185968,0.207656,0.056802,0.180595,0.271717,0.255258,0.224284,0.325766,0.244234,0.283863,0.204500,0.252403,0.195592
3138,13.075000,,,,,,,,,,,,,,,,0.220850,0.168859,0.185963,0.207654,0.056800,0.180596,0.271719,0.255257,0.224283,0.325769,0.244227,0.283863,0.204502,0.252402,0.195591
3139,13.079167,,,,,,,,,,,,,,,,0.220850,0.168860,0.185966,0.207652,0.056803,0.180595,0.271721,0.255240,0.224290,0.325771,0.244218,0.283860,0.204500,0.252402,0.195590
3140,13.083333,,,,,,,,,,,,,,,,0.220857,0.168855,0.185965,0.207654,0.056799,0.180595,0.271723,0.255252,0.224282,0.325773,0.244212,0.283857,0.204504,0.252401,0.195592
3141,13.087500,,,,,,,,,,,,,,,,0.220853,0.168857,0.185967,0.207654,0.056801,0.180597,0.271727,0.255238,0.224290,0.325776,0.244206,0.283855,0.204638,0.252373,0.195646
3142,13.091667,,,,,,,,,,,,,,,,0.220852,0.168856,0.185964,0.207654,0.056801,0.180595,0.271728,0.255236,0.224289,0.325774,0.244189,0.283868,0.204564,0.252422,0.195666
3143,13.095833,,,,,,,,,,,,,,,,0.220855,0.168857,0.185966,0.207655,0.056800,0.180594,0.271728,0.255247,0.224282,0.325779,0.244192,0.283853,0.204647,0.252376,0.195653
3144,13.100000,,,,,,,,,,,,,,,,0.220855,0.168855,0.185966,0.207654,0.056799,0.180595,0.271732,0.255233,0.224290,0.325776,0.244174,0.283866,0.204554,0.252417,0.195645
3145,13.104167,,,,,,,,,,,,,,,,0.220853,0.168856,0.185967,0.207655,0.056802,0.180594,0.271734,0.255230,0.224287,0.325779,0.244168,0.283861,0.204509,0.252400,0.195587
3146,13.108333,,,,,,,,,,,,,,,,0.220855,0.168856,0.185967,0.207655,0.056802,0.180595,0.271734,0.255229,0.224288,0.325782,0.244153,0.283858,0.204644,0.252371,0.195637
3147,13.112500,,,,,,,,,,,,,,,,0.220856,0.168855,0.185968,0.207654,0.056798,0.180593,0.271735,0.255228,0.224288,0.325785,0.244145,0.283857,0.204568,0.252420,0.195659
3148,13.116667,,,,,,,,,,,,,,,,0.220855,0.168856,0.185969,0.207651,0.056801,0.180594,0.271736,0.255226,0.224289,0.325785,0.244142,0.283854,0.204648,0.252377,0.195648
3149,13.120833,,,,,,,,,,,,,,,,0.220855,0.168857,0.185965,0.207652,0.056800,0.180595,0.271738,0.255224,0.224290,0.325785,0.244137,0.283851,0.204671,0.252381,0.195668
3150,13.125000,,,,,,,,,,,,,,,,0.220855,0.168856,0.185967,0.207653,0.056798,0.180596,0.271739,0.255221,0.224289,0.325788,0.244129,0.283848,0.204559,0.252416,0.195643
3151,13.129167,,,,,,,,,,,,,,,,0.220854,0.168855,0.185967,0.207652,0.056799,0.180599,0.271740,0.255235,0.224280,0.325787,0.244130,0.283851,0.204515,0.252402,0.195589
3152,13.133333,,,,,,,,,,,,,,,,0.220856,0.168854,0.185965,0.207655,0.056797,0.180596,0.271742,0.255219,0.224289,0.325790,0.244114,0.283841,0.204512,0.252398,0.195579
3153,13.137500,,,,,,,,,,,,,,,,0.220856,0.168855,0.185970,0.207655,0.056797,0.180595,0.271744,0.255216,0.224288,0.325791,0.244110,0.283839,0.204518,0.252397,0.195583
3154,13.141667,,,,,,,,,,,,,,,,0.220856,0.168854,0.185967,0.207652,0.056799,0.180595,0.271744,0.255216,0.224287,0.325792,0.244103,0.283838,0.204654,0.252375,0.195646
3155,13.145833,,,,,,,,,,,,,,,,0.220857,0.168854,0.185970,0.207653,0.056798,0.180597,0.271745,0.255215,0.224290,0.325791,0.244099,0.283836,0.204579,0.252421,0.195669
3156,13.150000,,,,,,,,,,,,,,,,0.220857,0.168854,0.185969,0.207654,0.056798,0.180597,0.271745,0.255215,0.224288,0.325790,0.244092,0.283835,0.204661,0.252377,0.195650
3157,13.154167,,,,,,,,,,,,,,,,0.220855,0.168857,0.185967,0.207653,0.056801,0.180600,0.271744,0.255213,0.224288,0.325791,0.244086,0.283834,0.204678,0.252384,0.195670
3158,13.158333,,,,,,,,,,,,,,,,0.220855,0.168856,0.185969,0.207653,0.056799,0.180597,0.271746,0.255211,0.224288,0.325790,0.244082,0.283834,0.204564,0.252417,0.195644
3159,13.162500,,,,,,,,,,,,,,,,0.220856,0.168854,0.185969,0.207652,0.056800,0.180597,0.271745,0.255224,0.224278,0.325789,0.244078,0.283834,0.204520,0.252401,0.195587
3160,13.166667,,,,,,,,,,,,,,,,0.220855,0.168856,0.185967,0.207651,0.056801,0.180597,0.271747,0.255209,0.224288,0.325788,0.244073,0.283831,0.204514,0.252406,0.195586
3161,13.170833,,,,,,,,,,,,,,,,0.220856,0.168854,0.185968,0.207651,0.056799,0.180597,0.271746,0.255207,0.224287,0.325788,0.244067,0.283830,0.204521,0.252403,0.195588
3162,13.175000,,,,,,,,,,,,,,,,0.220855,0.168853,0.185974,0.207652,0.056800,0.180597,0.271745,0.255221,0.224278,0.325786,0.244061,0.283830,0.204528,0.252405,0.195596
3163,13.179167,,,,,,,,,,,,,,,,0.220856,0.168856,0.185969,0.207652,0.056802,0.180595,0.271744,0.255221,0.224277,0.325784,0.244059,0.283830,0.204529,0.252408,0.195601
3164,13.183333,,,,,,,,,,,,,,,,0.220855,0.168857,0.185967,0.207652,0.056799,0.180594,0.271744,0.255206,0.224286,0.325784,0.244054,0.283829,0.204528,0.252409,0.195598
3165,13.187500,,,,,,,,,,,,,,,,0.220854,0.168857,0.185966,0.207650,0.056801,0.180595,0.271744,0.255206,0.224285,0.325780,0.244050,0.283828,0.204528,0.252409,0.195594
3166,13.191667,,,,,,,,,,,,,,,,0.220853,0.168857,0.185968,0.207650,0.056801,0.180592,0.271744,0.255205,0.224287,0.325776,0.244047,0.283827,0.204526,0.252410,0.195600
3167,13.195833,,,,,,,,,,,,,,,,0.220853,0.168858,0.185968,0.207650,0.056802,0.180591,0.271742,0.255218,0.224276,0.325776,0.244045,0.283827,0.204527,0.252409,0.195595
3168,13.200000,,,,,,,,,,,,,,,,0.220853,0.168856,0.185970,0.207651,0.056802,0.180592,0.271741,0.255203,0.224285,0.325772,0.244038,0.283829,0.204526,0.252411,0.195597
3169,13.204167,,,,,,,,,,,,,,,,0.220852,0.168858,0.185967,0.207652,0.056804,0.180587,0.271740,0.255203,0.224283,0.325767,0.244036,0.283828,0.204521,0.252409,0.195587
3170,13.208333,,,,,,,,,,,,,,,,0.220850,0.168859,0.185966,0.207651,0.056803,0.180586,0.271740,0.255202,0.224283,0.325764,0.244031,0.283829,0.204669,0.252377,0.195633
3171,13.212500,,,,,,,,,,,,,,,,0.220853,0.168858,0.185964,0.207651,0.056804,0.180585,0.271738,0.255201,0.224283,0.325761,0.244030,0.283830,0.204583,0.252431,0.195663
3172,13.216667,,,,,,,,,,,,,,,,0.220853,0.168859,0.185963,0.207650,0.056804,0.180585,0.271736,0.255203,0.224282,0.325757,0.244027,0.283829,0.204531,0.252411,0.195591
3173,13.220833,,,,,,,,,,,,,,,,0.220853,0.168857,0.185963,0.207651,0.056802,0.180585,0.271735,0.255203,0.224280,0.325756,0.244024,0.283828,0.204512,0.252407,0.195576
3174,13.225000,,,,,,,,,,,,,,,,0.220853,0.168861,0.185963,0.207651,0.056804,0.180583,0.271735,0.255202,0.224279,0.325751,0.244021,0.283828,0.204516,0.252408,0.195576
3175,13.229167,,,,,,,,,,,,,,,,0.220849,0.168861,0.185960,0.207652,0.056804,0.180584,0.271731,0.255219,0.224268,0.325746,0.244020,0.283830,0.204516,0.252411,0.195578
3176,13.233333,,,,,,,,,,,,,,,,0.220851,0.168859,0.185959,0.207653,0.056804,0.180583,0.271730,0.255205,0.224276,0.325742,0.244019,0.283830,0.204520,0.252412,0.195579
3177,13.237500,,,,,,,,,,,,,,,,0.220851,0.168860,0.185961,0.207654,0.056802,0.180585,0.271729,0.255205,0.224275,0.325740,0.244015,0.283829,0.204529,0.252412,0.195578
3178,13.241667,,,,,,,,,,,,,,,,0.220851,0.168860,0.185956,0.207653,0.056803,0.180585,0.271728,0.255207,0.224274,0.325729,0.244015,0.283831,0.204521,0.252415,0.195582
3179,13.245833,,,,,,,,,,,,,,,,0.220849,0.168860,0.185953,0.207652,0.056803,0.180587,0.271725,0.255206,0.224270,0.325724,0.244013,0.283833,0.204516,0.252414,0.195573
3180,13.250000,,,,,,,,,,,,,,,,0.220850,0.168860,0.185950,0.207653,0.056803,0.180586,0.271723,0.255206,0.224271,0.325720,0.244011,0.283834,0.204660,0.252380,0.195615
3181,13.254167,,,,,,,,,,,,,,,,0.220848,0.168862,0.185948,0.207652,0.056802,0.180585,0.271721,0.255209,0.224270,0.325715,0.244015,0.283835,0.204574,0.252432,0.195641
3182,13.258333,,,,,,,,,,,,,,,,0.220846,0.168864,0.185947,0.207653,0.056801,0.180584,0.271717,0.255204,0.224270,0.325711,0.244012,0.283836,0.204523,0.252415,0.195571
3183,13.262500,,,,,,,,,,,,,,,,0.220846,0.168863,0.185944,0.207653,0.056801,0.180587,0.271717,0.255209,0.224267,0.325705,0.244010,0.283838,0.204501,0.252410,0.195548
3184,13.266667,,,,,,,,,,,,,,,,0.220843,0.168867,0.185946,0.207653,0.056804,0.180588,0.271713,0.255209,0.224266,0.325700,0.244013,0.283837,0.204511,0.252410,0.195549
3185,13.270833,,,,,,,,,,,,,,,,0.220846,0.168864,0.185943,0.207656,0.056800,0.180585,0.271711,0.255211,0.224264,0.325694,0.244013,0.283838,0.204509,0.252413,0.195558
3186,13.275000,,,,,,,,,,,,,,,,0.220845,0.168863,0.185943,0.207655,0.056800,0.180587,0.271708,0.255209,0.224263,0.325690,0.244014,0.283839,0.204517,0.252417,0.195560
3187,13.279167,,,,,,,,,,,,,,,,0.220841,0.168866,0.185941,0.207652,0.056801,0.180588,0.271708,0.255212,0.224262,0.325686,0.244015,0.283838,0.204517,0.252415,0.195557
3188,13.283333,,,,,,,,,,,,,,,,0.220842,0.168866,0.185939,0.207651,0.056800,0.180589,0.271706,0.255214,0.224261,0.325680,0.244014,0.283841,0.204517,0.252415,0.195552
3189,13.287500,,,,,,,,,,,,,,,,0.220839,0.168868,0.185939,0.207653,0.056801,0.180587,0.271701,0.255230,0.224250,0.325676,0.244015,0.283842,0.204512,0.252417,0.195550
3190,13.291667,,,,,,,,,,,,,,,,0.220841,0.168868,0.185937,0.207652,0.056803,0.180588,0.271700,0.255218,0.224258,0.325670,0.244018,0.283845,0.204509,0.252418,0.195547
3191,13.295833,,,,,,,,,,,,,,,,0.220839,0.168868,0.185935,0.207655,0.056801,0.180585,0.271698,0.255218,0.224255,0.325665,0.244016,0.283846,0.204511,0.252414,0.195543
3192,13.300000,,,,,,,,,,,,,,,,0.220840,0.168868,0.185937,0.207655,0.056798,0.180590,0.271694,0.255232,0.224248,0.325661,0.244017,0.283846,0.204506,0.252414,0.195540
3193,13.304167,,,,,,,,,,,,,,,,0.220837,0.168868,0.185934,0.207654,0.056801,0.180588,0.271692,0.255221,0.224254,0.325657,0.244020,0.283847,0.204506,0.252417,0.195542
3194,13.308333,,,,,,,,,,,,,,,,0.220838,0.168868,0.185932,0.207654,0.056800,0.180587,0.271690,0.255222,0.224253,0.325653,0.244022,0.283847,0.204506,0.252415,0.195544
3195,13.312500,,,,,,,,,,,,,,,,0.220839,0.168869,0.185932,0.207655,0.056797,0.180589,0.271685,0.255233,0.224242,0.325648,0.244023,0.283849,0.204503,0.252414,0.195537
3196,13.316667,,,,,,,,,,,,,,,,0.220837,0.168873,0.185931,0.207655,0.056796,0.180590,0.271685,0.255224,0.224252,0.325644,0.244024,0.283847,0.204503,0.252417,0.195535
3197,13.320833,,,,,,,,,,,,,,,,0.220835,0.168874,0.185932,0.207653,0.056797,0.180590,0.271682,0.255225,0.224249,0.325639,0.244025,0.283848,0.204498,0.252418,0.195533
3198,13.325000,,,,,,,,,,,,,,,,0.220834,0.168872,0.185933,0.207652,0.056796,0.180593,0.271681,0.255227,0.224249,0.325637,0.244028,0.283848,0.204495,0.252417,0.195532
3199,13.329167,,,,,,,,,,,,,,,,0.220834,0.168874,0.185931,0.207652,0.056798,0.180591,0.271677,0.255243,0.224239,0.325633,0.244029,0.283848,0.204494,0.252414,0.195528
3200,13.333333,,,,,,,,,,,,,,,,0.220821,0.168880,0.185924,0.207653,0.056799,0.180590,0.271673,0.255246,0.224235,0.325631,0.244030,0.283845,0.204489,0.252415,0.195525
3201,13.337500,,,,,,,,,,,,,,,,0.220820,0.168880,0.185918,0.207653,0.056799,0.180594,0.271673,0.255244,0.224240,0.325629,0.244029,0.283845,0.204489,0.252415,0.195526
3202,13.341667,,,,,,,,,,,,,,,,0.220816,0.168881,0.185919,0.207654,0.056797,0.180593,0.271671,0.255246,0.224237,0.325625,0.244029,0.283846,0.204485,0.252418,0.195528
3203,13.345833,,,,,,,,,,,,,,,,0.220815,0.168883,0.185922,0.207653,0.056795,0.180593,0.271668,0.255247,0.224238,0.325624,0.244029,0.283842,0.204485,0.252418,0.195528
3204,13.350000,,,,,,,,,,,,,,,,0.220829,0.168875,0.185931,0.207652,0.056796,0.180596,0.271666,0.255248,0.224236,0.325622,0.244031,0.283844,0.204482,0.252418,0.195533
3205,13.354167,,,,,,,,,,,,,,,,0.220817,0.168880,0.185924,0.207652,0.056796,0.180591,0.271662,0.255249,0.224236,0.325620,0.244031,0.283844,0.204484,0.252421,0.195531
3206,13.358333,,,,,,,,,,,,,,,,0.220814,0.168884,0.185919,0.207652,0.056796,0.180592,0.271659,0.255250,0.224233,0.325619,0.244030,0.283841,0.204480,0.252420,0.195530
3207,13.362500,,,,,,,,,,,,,,,,0.220815,0.168882,0.185920,0.207651,0.056795,0.180592,0.271647,0.255248,0.224218,0.325618,0.244030,0.283840,0.204476,0.252418,0.195528
3208,13.366667,,,,,,,,,,,,,,,,0.220813,0.168883,0.185920,0.207651,0.056795,0.180592,0.271647,0.255234,0.224229,0.325615,0.244029,0.283839,0.204473,0.252419,0.195526
3209,13.370833,,,,,,,,,,,,,,,,0.220811,0.168885,0.185918,0.207653,0.056796,0.180592,0.271642,0.255249,0.224217,0.325614,0.244028,0.283839,0.204481,0.252422,0.195540
3210,13.375000,,,,,,,,,,,,,,,,0.220810,0.168883,0.185921,0.207652,0.056796,0.180592,0.271643,0.255236,0.224233,0.325613,0.244027,0.283838,0.204477,0.252420,0.195535
3211,13.379167,,,,,,,,,,,,,,,,0.220809,0.168883,0.185919,0.207651,0.056799,0.180595,0.271637,0.255251,0.224219,0.325609,0.244026,0.283837,0.204467,0.252421,0.195528
3212,13.383333,,,,,,,,,,,,,,,,0.220811,0.168885,0.185922,0.207653,0.056796,0.180595,0.271638,0.255237,0.224232,0.325608,0.244025,0.283836,0.204462,0.252417,0.195522
3213,13.387500,,,,,,,,,,,,,,,,0.220800,0.168887,0.185935,0.207653,0.056798,0.180592,0.271633,0.255233,0.224233,0.325606,0.244020,0.283835,0.204474,0.252422,0.195541
3214,13.391667,,,,,,,,,,,,,,,,0.220806,0.168884,0.185925,0.207653,0.056795,0.180593,0.271629,0.255247,0.224224,0.325602,0.244019,0.283835,0.204469,0.252420,0.195534
3215,13.395833,,,,,,,,,,,,,,,,0.220806,0.168885,0.185925,0.207653,0.056797,0.180592,0.271631,0.255236,0.224235,0.325600,0.244016,0.283834,0.204459,0.252421,0.195532
3216,13.400000,,,,,,,,,,,,,,,,0.220805,0.168884,0.185921,0.207652,0.056797,0.180594,0.271630,0.255237,0.224234,0.325596,0.244012,0.283834,0.204465,0.252422,0.195544
3217,13.404167,,,,,,,,,,,,,,,,0.220802,0.168887,0.185921,0.207649,0.056801,0.180594,0.271623,0.255236,0.224235,0.325594,0.244009,0.283833,0.204458,0.252422,0.195542
3218,13.408333,,,,,,,,,,,,,,,,0.220804,0.168887,0.185923,0.207650,0.056801,0.180593,0.271622,0.255238,0.224238,0.325590,0.244004,0.283833,0.204464,0.252423,0.195545
3219,13.412500,,,,,,,,,,,,,,,,0.220801,0.168890,0.185925,0.207651,0.056798,0.180592,0.271617,0.255234,0.224238,0.325588,0.244001,0.283834,0.204462,0.252423,0.195549
3220,13.416667,,,,,,,,,,,,,,,,0.220792,0.168897,0.185939,0.207651,0.056799,0.180593,0.271616,0.255233,0.224240,0.325583,0.243997,0.283834,0.204454,0.252423,0.195545
3221,13.420833,,,,,,,,,,,,,,,,0.220790,0.168894,0.185941,0.207652,0.056799,0.180589,0.271614,0.255248,0.224230,0.325580,0.243993,0.283834,0.204451,0.252418,0.195533
3222,13.425000,,,,,,,,,,,,,,,,0.220800,0.168889,0.185929,0.207652,0.056798,0.180591,0.271612,0.255233,0.224241,0.325578,0.243987,0.283835,0.204456,0.252423,0.195550
3223,13.429167,,,,,,,,,,,,,,,,0.220788,0.168897,0.185938,0.207652,0.056798,0.180591,0.271610,0.255233,0.224244,0.325573,0.243982,0.283835,0.204458,0.252424,0.195547
3224,13.433333,,,,,,,,,,,,,,,,0.220785,0.168899,0.185938,0.207651,0.056799,0.180590,0.271607,0.255233,0.224244,0.325571,0.243976,0.283834,0.204457,0.252424,0.195549
3225,13.437500,,,,,,,,,,,,,,,,0.220785,0.168897,0.185939,0.207651,0.056798,0.180591,0.271606,0.255232,0.224244,0.325565,0.243974,0.283836,0.204453,0.252423,0.195545
3226,13.441667,,,,,,,,,,,,,,,,0.220784,0.168901,0.185939,0.207651,0.056798,0.180592,0.271603,0.255232,0.224244,0.325560,0.243970,0.283837,0.204451,0.252423,0.195549
3227,13.445833,,,,,,,,,,,,,,,,0.220784,0.168899,0.185936,0.207650,0.056799,0.180591,0.271600,0.255231,0.224246,0.325555,0.243965,0.283839,0.204449,0.252425,0.195545
3228,13.450000,,,,,,,,,,,,,,,,0.220783,0.168897,0.185938,0.207649,0.056798,0.180592,0.271599,0.255230,0.224247,0.325551,0.243961,0.283839,0.204446,0.252421,0.195535
3229,13.454167,,,,,,,,,,,,,,,,0.220782,0.168901,0.185939,0.207650,0.056799,0.180587,0.271597,0.255231,0.224247,0.325546,0.243958,0.283842,0.204445,0.252424,0.195539
3230,13.458333,,,,,,,,,,,,,,,,0.220783,0.168899,0.185937,0.207650,0.056799,0.180591,0.271595,0.255228,0.224247,0.325542,0.243954,0.283842,0.204442,0.252424,0.195535
3231,13.462500,,,,,,,,,,,,,,,,0.220783,0.168900,0.185939,0.207652,0.056797,0.180589,0.271594,0.255228,0.224249,0.325538,0.243949,0.283844,0.204442,0.252424,0.195533
3232,13.466667,,,,,,,,,,,,,,,,0.220780,0.168900,0.185937,0.207652,0.056797,0.180588,0.271593,0.255229,0.224249,0.325538,0.243918,0.283861,0.204444,0.252425,0.195533
3233,13.470833,,,,,,,,,,,,,,,,0.220781,0.168900,0.185936,0.207652,0.056797,0.180587,0.271592,0.255228,0.224249,0.325536,0.243914,0.283865,0.204444,0.252423,0.195530
3234,13.475000,,,,,,,,,,,,,,,,0.220783,0.168900,0.185935,0.207652,0.056797,0.180588,0.271590,0.255226,0.224250,0.325529,0.243910,0.283868,0.204445,0.252424,0.195533
3235,13.479167,,,,,,,,,,,,,,,,0.220781,0.168899,0.185936,0.207653,0.056798,0.180587,0.271588,0.255227,0.224251,0.325522,0.243909,0.283872,0.204444,0.252425,0.195527
3236,13.483333,,,,,,,,,,,,,,,,0.220783,0.168899,0.185933,0.207654,0.056797,0.180588,0.271587,0.255227,0.224253,0.325517,0.243904,0.283875,0.204447,0.252426,0.195529
3237,13.487500,,,,,,,,,,,,,,,,0.220780,0.168901,0.185934,0.207655,0.056796,0.180590,0.271588,0.255228,0.224252,0.325512,0.243904,0.283880,0.204445,0.252421,0.195519
3238,13.491667,,,,,,,,,,,,,,,,0.220794,0.168892,0.185924,0.207655,0.056796,0.180596,0.271583,0.255239,0.224259,0.325505,0.243903,0.283883,0.204446,0.252421,0.195521
3239,13.495833,,,,,,,,,,,,,,,,0.220787,0.168900,0.185936,0.207656,0.056797,0.180596,0.271583,0.255226,0.224255,0.325500,0.243903,0.283889,0.204441,0.252425,0.195523
3240,13.500000,,,,,,,,,,,,,,,,0.220782,0.168902,0.185936,0.207657,0.056796,0.180596,0.271586,0.255225,0.224256,0.325495,0.243900,0.283893,0.204439,0.252420,0.195509
3241,13.504167,,,,,,,,,,,,,,,,0.220782,0.168901,0.185933,0.207657,0.056796,0.180599,0.271584,0.255226,0.224255,0.325491,0.243897,0.283900,0.204433,0.252421,0.195503
3242,13.508333,,,,,,,,,,,,,,,,0.220781,0.168903,0.185934,0.207657,0.056795,0.180599,0.271583,0.255225,0.224256,0.325486,0.243898,0.283904,0.204442,0.252423,0.195512
3243,13.512500,,,,,,,,,,,,,,,,0.220794,0.168893,0.185919,0.207656,0.056796,0.180596,0.271583,0.255223,0.224256,0.325482,0.243898,0.283909,0.204448,0.252426,0.195521
3244,13.516667,,,,,,,,,,,,,,,,0.220785,0.168900,0.185929,0.207655,0.056797,0.180598,0.271582,0.255224,0.224258,0.325477,0.243899,0.283914,0.204436,0.252426,0.195502
3245,13.520833,,,,,,,,,,,,,,,,0.220783,0.168900,0.185929,0.207654,0.056796,0.180597,0.271583,0.255221,0.224257,0.325473,0.243899,0.283919,0.204435,0.252423,0.195498
3246,13.525000,,,,,,,,,,,,,,,,0.220785,0.168902,0.185929,0.207655,0.056798,0.180595,0.271585,0.255222,0.224257,0.325471,0.243899,0.283922,0.204446,0.252425,0.195504
3247,13.529167,,,,,,,,,,,,,,,,0.220796,0.168895,0.185915,0.207657,0.056798,0.180590,0.271585,0.255221,0.224257,0.325468,0.243897,0.283924,0.204450,0.252423,0.195504
3248,13.533333,,,,,,,,,,,,,,,,0.220798,0.168899,0.185915,0.207657,0.056799,0.180589,0.271585,0.255220,0.224257,0.325465,0.243899,0.283929,0.204442,0.252424,0.195491
3249,13.537500,,,,,,,,,,,,,,,,0.220788,0.168900,0.185928,0.207658,0.056796,0.180588,0.271586,0.255219,0.224260,0.325462,0.243897,0.283935,0.204446,0.252425,0.195494
3250,13.541667,,,,,,,,,,,,,,,,0.220790,0.168898,0.185925,0.207657,0.056798,0.180588,0.271586,0.255218,0.224262,0.325459,0.243896,0.283939,0.204447,0.252423,0.195489
3251,13.545833,,,,,,,,,,,,,,,,0.220788,0.168899,0.185924,0.207655,0.056800,0.180585,0.271586,0.255218,0.224259,0.325456,0.243897,0.283939,0.204438,0.252424,0.195484
3252,13.550000,,,,,,,,,,,,,,,,0.220788,0.168900,0.185925,0.207657,0.056799,0.180581,0.271587,0.255219,0.224259,0.325454,0.243895,0.283944,0.204443,0.252421,0.195476
3253,13.554167,,,,,,,,,,,,,,,,0.220789,0.168898,0.185925,0.207655,0.056800,0.180582,0.271586,0.255216,0.224261,0.325451,0.243896,0.283948,0.204444,0.252422,0.195476
3254,13.558333,,,,,,,,,,,,,,,,0.220791,0.168898,0.185922,0.207654,0.056802,0.180582,0.271587,0.255214,0.224262,0.325451,0.243896,0.283950,0.204454,0.252425,0.195489
3255,13.562500,,,,,,,,,,,,,,,,0.220800,0.168893,0.185912,0.207655,0.056802,0.180580,0.271590,0.255214,0.224260,0.325442,0.243897,0.283960,0.204457,0.252423,0.195490
3256,13.566667,,,,,,,,,,,,,,,,0.220802,0.168891,0.185911,0.207656,0.056800,0.180582,0.271590,0.255212,0.224261,0.325442,0.243896,0.283960,0.204452,0.252419,0.195474
3257,13.570833,,,,,,,,,,,,,,,,0.220802,0.168891,0.185909,0.207660,0.056799,0.180583,0.271592,0.255211,0.224262,0.325442,0.243894,0.283960,0.204449,0.252420,0.195471
3258,13.575000,,,,,,,,,,,,,,,,0.220806,0.168890,0.185908,0.207660,0.056797,0.180589,0.271594,0.255209,0.224263,0.325442,0.243890,0.283960,0.204453,0.252421,0.195470
3259,13.579167,,,,,,,,,,,,,,,,0.220807,0.168890,0.185908,0.207660,0.056795,0.180590,0.271594,0.255208,0.224262,0.325441,0.243888,0.283962,0.204452,0.252422,0.195476
3260,13.583333,,,,,,,,,,,,,,,,0.220805,0.168892,0.185906,0.207663,0.056795,0.180592,0.271595,0.255208,0.224261,0.325442,0.243886,0.283964,0.204455,0.252420,0.195468
3261,13.587500,,,,,,,,,,,,,,,,0.220808,0.168894,0.185909,0.207663,0.056797,0.180596,0.271595,0.255207,0.224262,0.325441,0.243882,0.283965,0.204456,0.252423,0.195468
3262,13.591667,,,,,,,,,,,,,,,,0.220798,0.168898,0.185924,0.207663,0.056796,0.180599,0.271596,0.255205,0.224263,0.325439,0.243878,0.283969,0.204455,0.252419,0.195466
3263,13.595833,,,,,,,,,,,,,,,,0.220808,0.168892,0.185912,0.207663,0.056796,0.180601,0.271596,0.255206,0.224262,0.325440,0.243874,0.283969,0.204459,0.252423,0.195472
3264,13.600000,,,,,,,,,,,,,,,,0.220798,0.168898,0.185920,0.207663,0.056795,0.180602,0.271598,0.255205,0.224262,0.325441,0.243872,0.283970,0.204460,0.252423,0.195476
3265,13.604167,,,,,,,,,,,,,,,,0.220808,0.168893,0.185907,0.207663,0.056795,0.180603,0.271599,0.255203,0.224262,0.325442,0.243865,0.283970,0.204456,0.252423,0.195466
3266,13.608333,,,,,,,,,,,,,,,,0.220799,0.168902,0.185919,0.207663,0.056796,0.180605,0.271600,0.255202,0.224261,0.325439,0.243861,0.283969,0.204459,0.252425,0.195466
3267,13.612500,,,,,,,,,,,,,,,,0.220807,0.168895,0.185907,0.207663,0.056794,0.180602,0.271600,0.255199,0.224262,0.325441,0.243852,0.283967,0.204459,0.252425,0.195472
3268,13.616667,,,,,,,,,,,,,,,,0.220810,0.168891,0.185909,0.207661,0.056796,0.180604,0.271601,0.255199,0.224261,0.325443,0.243846,0.283963,0.204463,0.252424,0.195475
3269,13.620833,,,,,,,,,,,,,,,,0.220807,0.168893,0.185912,0.207662,0.056795,0.180601,0.271601,0.255199,0.224260,0.325444,0.243842,0.283960,0.204465,0.252429,0.195477
3270,13.625000,,,,,,,,,,,,,,,,0.220799,0.168896,0.185918,0.207661,0.056795,0.180604,0.271600,0.255198,0.224260,0.325442,0.243835,0.283958,0.204462,0.252427,0.195473
3271,13.629167,,,,,,,,,,,,,,,,0.220796,0.168895,0.185920,0.207661,0.056794,0.180602,0.271602,0.255195,0.224256,0.325444,0.243829,0.283955,0.204462,0.252423,0.195465
3272,13.633333,,,,,,,,,,,,,,,,0.220806,0.168891,0.185909,0.207660,0.056796,0.180600,0.271602,0.255194,0.224252,0.325444,0.243822,0.283949,0.204462,0.252425,0.195470
3273,13.637500,,,,,,,,,,,,,,,,0.220794,0.168898,0.185917,0.207660,0.056792,0.180597,0.271603,0.255193,0.224254,0.325443,0.243812,0.283948,0.204463,0.252426,0.195465
3274,13.641667,,,,,,,,,,,,,,,,0.220789,0.168901,0.185918,0.207658,0.056795,0.180601,0.271602,0.255192,0.224252,0.325443,0.243808,0.283946,0.204467,0.252426,0.195466
3275,13.645833,,,,,,,,,,,,,,,,0.220792,0.168902,0.185916,0.207655,0.056797,0.180601,0.271601,0.255191,0.224249,0.325445,0.243799,0.283941,0.204460,0.252426,0.195467
3276,13.650000,,,,,,,,,,,,,,,,0.220791,0.168901,0.185919,0.207653,0.056796,0.180599,0.271602,0.255189,0.224247,0.325444,0.243794,0.283939,0.204463,0.252425,0.195465
3277,13.654167,,,,,,,,,,,,,,,,0.220801,0.168892,0.185908,0.207650,0.056796,0.180599,0.271602,0.255189,0.224245,0.325448,0.243780,0.283927,0.204460,0.252427,0.195462
3278,13.658333,,,,,,,,,,,,,,,,0.220790,0.168904,0.185916,0.207648,0.056797,0.180598,0.271602,0.255187,0.224243,0.325448,0.243774,0.283923,0.204455,0.252430,0.195462
3279,13.662500,,,,,,,,,,,,,,,,0.220787,0.168902,0.185917,0.207648,0.056797,0.180600,0.271601,0.255185,0.224240,0.325447,0.243768,0.283917,0.204457,0.252432,0.195466
3280,13.666667,,,,,,,,,,,,,,,,0.220798,0.168897,0.185905,0.207648,0.056796,0.180595,0.271601,0.255186,0.224237,0.325448,0.243762,0.283913,0.204462,0.252429,0.195465
3281,13.670833,,,,,,,,,,,,,,,,0.220788,0.168904,0.185918,0.207648,0.056797,0.180594,0.271600,0.255185,0.224235,0.325449,0.243756,0.283907,0.204459,0.252429,0.195464
3282,13.675000,,,,,,,,,,,,,,,,0.220787,0.168902,0.185920,0.207647,0.056796,0.180597,0.271600,0.255184,0.224232,0.325449,0.243750,0.283902,0.204459,0.252429,0.195463
3283,13.679167,,,,,,,,,,,,,,,,0.220789,0.168901,0.185917,0.207647,0.056798,0.180600,0.271600,0.255183,0.224229,0.325450,0.243745,0.283897,0.204456,0.252429,0.195462
3284,13.683333,,,,,,,,,,,,,,,,0.220801,0.168896,0.185901,0.207649,0.056796,0.180595,0.271600,0.255186,0.224226,0.325450,0.243738,0.283893,0.204462,0.252424,0.195459
3285,13.687500,,,,,,,,,,,,,,,,0.220801,0.168897,0.185900,0.207648,0.056796,0.180594,0.271600,0.255185,0.224225,0.325449,0.243732,0.283887,0.204459,0.252427,0.195461
3286,13.691667,,,,,,,,,,,,,,,,0.220790,0.168902,0.185910,0.207649,0.056795,0.180592,0.271600,0.255185,0.224221,0.325449,0.243729,0.283882,0.204455,0.252425,0.195455
3287,13.695833,,,,,,,,,,,,,,,,0.220798,0.168897,0.185901,0.207650,0.056795,0.180594,0.271600,0.255185,0.224219,0.325451,0.243725,0.283876,0.204458,0.252424,0.195459
3288,13.700000,,,,,,,,,,,,,,,,0.220790,0.168900,0.185911,0.207650,0.056796,0.180595,0.271600,0.255187,0.224216,0.325453,0.243722,0.283871,0.204452,0.252423,0.195454
3289,13.704167,,,,,,,,,,,,,,,,0.220788,0.168901,0.185909,0.207651,0.056793,0.180593,0.271599,0.255188,0.224214,0.325456,0.243719,0.283864,0.204450,0.252425,0.195452
3290,13.708333,,,,,,,,,,,,,,,,0.220796,0.168899,0.185897,0.207648,0.056794,0.180593,0.271600,0.255188,0.224211,0.325457,0.243718,0.283861,0.204446,0.252424,0.195460
3291,13.712500,,,,,,,,,,,,,,,,0.220787,0.168905,0.185912,0.207647,0.056796,0.180594,0.271599,0.255191,0.224205,0.325460,0.243714,0.283854,0.204449,0.252427,0.195455
3292,13.716667,,,,,,,,,,,,,,,,0.220785,0.168905,0.185912,0.207649,0.056794,0.180593,0.271599,0.255191,0.224203,0.325463,0.243714,0.283849,0.204449,0.252424,0.195462
3293,13.720833,,,,,,,,,,,,,,,,0.220784,0.168904,0.185910,0.207650,0.056796,0.180593,0.271600,0.255191,0.224204,0.325464,0.243712,0.283844,0.204449,0.252429,0.195458
3294,13.725000,,,,,,,,,,,,,,,,0.220785,0.168905,0.185908,0.207651,0.056794,0.180591,0.271596,0.255193,0.224199,0.325468,0.243710,0.283838,0.204447,0.252427,0.195457
3295,13.729167,,,,,,,,,,,,,,,,0.220784,0.168906,0.185910,0.207650,0.056795,0.180594,0.271600,0.255189,0.224196,0.325470,0.243712,0.283831,0.204447,0.252423,0.195450
3296,13.733333,,,,,,,,,,,,,,,,0.220783,0.168906,0.185908,0.207651,0.056795,0.180591,0.271597,0.255191,0.224187,0.325482,0.243704,0.283805,0.204445,0.252426,0.195451
3297,13.737500,,,,,,,,,,,,,,,,0.220778,0.168907,0.185906,0.207651,0.056796,0.180598,0.271595,0.255194,0.224192,0.325487,0.243705,0.283796,0.204439,0.252426,0.195450
3298,13.741667,,,,,,,,,,,,,,,,0.220781,0.168908,0.185906,0.207653,0.056797,0.180593,0.271594,0.255195,0.224190,0.325490,0.243705,0.283792,0.204441,0.252427,0.195455
3299,13.745833,,,,,,,,,,,,,,,,0.220792,0.168904,0.185898,0.207653,0.056797,0.180594,0.271596,0.255195,0.224182,0.325491,0.243706,0.283788,0.204440,0.252427,0.195454
3300,13.750000,,,,,,,,,,,,,,,,0.220781,0.168909,0.185908,0.207652,0.056795,0.180599,0.271597,0.255196,0.224179,0.325492,0.243707,0.283784,0.204440,0.252429,0.195462
3301,13.754167,,,,,,,,,,,,,,,,0.220778,0.168909,0.185908,0.207652,0.056797,0.180600,0.271597,0.255198,0.224177,0.325493,0.243708,0.283781,0.204442,0.252426,0.195467
3302,13.758333,,,,,,,,,,,,,,,,0.220776,0.168909,0.185909,0.207651,0.056799,0.180604,0.271595,0.255200,0.224183,0.325496,0.243709,0.283778,0.204443,0.252430,0.195474
3303,13.762500,,,,,,,,,,,,,,,,0.220788,0.168905,0.185895,0.207652,0.056798,0.180604,0.271593,0.255200,0.224181,0.325498,0.243709,0.283772,0.204441,0.252429,0.195467
3304,13.766667,,,,,,,,,,,,,,,,0.220781,0.168909,0.185908,0.207651,0.056798,0.180602,0.271595,0.255216,0.224165,0.325498,0.243709,0.283768,0.204442,0.252433,0.195468
3305,13.770833,,,,,,,,,,,,,,,,0.220790,0.168904,0.185895,0.207651,0.056794,0.180605,0.271595,0.255217,0.224162,0.325499,0.243713,0.283766,0.204439,0.252433,0.195466
3306,13.775000,,,,,,,,,,,,,,,,0.220791,0.168904,0.185896,0.207653,0.056796,0.180602,0.271596,0.255219,0.224160,0.325500,0.243711,0.283762,0.204440,0.252430,0.195472
3307,13.779167,,,,,,,,,,,,,,,,0.220782,0.168910,0.185909,0.207655,0.056795,0.180602,0.271594,0.255207,0.224175,0.325503,0.243712,0.283756,0.204442,0.252432,0.195464
3308,13.783333,,,,,,,,,,,,,,,,0.220783,0.168906,0.185909,0.207655,0.056797,0.180604,0.271593,0.255208,0.224173,0.325503,0.243711,0.283752,0.204435,0.252424,0.195458
3309,13.787500,,,,,,,,,,,,,,,,0.220784,0.168908,0.185905,0.207653,0.056798,0.180597,0.271594,0.255207,0.224166,0.325505,0.243710,0.283751,0.204438,0.252427,0.195458
3310,13.791667,,,,,,,,,,,,,,,,0.220784,0.168908,0.185904,0.207653,0.056796,0.180597,0.271593,0.255205,0.224166,0.325504,0.243711,0.283750,0.204437,0.252427,0.195452
3311,13.795833,,,,,,,,,,,,,,,,0.220784,0.168903,0.185904,0.207654,0.056795,0.180592,0.271592,0.255221,0.224157,0.325503,0.243710,0.283747,0.204433,0.252420,0.195440
3312,13.800000,,,,,,,,,,,,,,,,0.220793,0.168901,0.185893,0.207652,0.056797,0.180593,0.271591,0.255220,0.224153,0.325503,0.243710,0.283748,0.204431,0.252424,0.195442
3313,13.804167,,,,,,,,,,,,,,,,0.220794,0.168901,0.185891,0.207653,0.056795,0.180593,0.271593,0.255220,0.224152,0.325504,0.243712,0.283745,0.204429,0.252419,0.195439
3314,13.808333,,,,,,,,,,,,,,,,0.220794,0.168901,0.185888,0.207652,0.056795,0.180591,0.271593,0.255218,0.224149,0.325506,0.243710,0.283741,0.204434,0.252424,0.195443
3315,13.812500,,,,,,,,,,,,,,,,0.220783,0.168907,0.185899,0.207651,0.056793,0.180585,0.271592,0.255217,0.224147,0.325506,0.243709,0.283739,0.204434,0.252427,0.195442
3316,13.816667,,,,,,,,,,,,,,,,0.220791,0.168901,0.185887,0.207649,0.056796,0.180589,0.271593,0.255216,0.224145,0.325505,0.243709,0.283738,0.204432,0.252430,0.195446
3317,13.820833,,,,,,,,,,,,,,,,0.220791,0.168901,0.185884,0.207648,0.056797,0.180588,0.271594,0.255201,0.224153,0.325505,0.243708,0.283737,0.204433,0.252428,0.195441
3318,13.825000,,,,,,,,,,,,,,,,0.220779,0.168909,0.185896,0.207649,0.056797,0.180586,0.271592,0.255215,0.224141,0.325503,0.243708,0.283737,0.204434,0.252428,0.195445
3319,13.829167,,,,,,,,,,,,,,,,0.220777,0.168908,0.185892,0.207647,0.056799,0.180586,0.271590,0.255215,0.224140,0.325500,0.243706,0.283737,0.204433,0.252430,0.195441
3320,13.833333,,,,,,,,,,,,,,,,0.220781,0.168910,0.185891,0.207648,0.056798,0.180587,0.271591,0.255214,0.224138,0.325497,0.243703,0.283737,0.204430,0.252427,0.195437
3321,13.837500,,,,,,,,,,,,,,,,0.220778,0.168912,0.185892,0.207649,0.056799,0.180590,0.271592,0.255214,0.224137,0.325493,0.243700,0.283739,0.204431,0.252430,0.195430
3322,13.841667,,,,,,,,,,,,,,,,0.220780,0.168909,0.185890,0.207651,0.056799,0.180592,0.271593,0.255199,0.224145,0.325489,0.243693,0.283738,0.204437,0.252429,0.195428
3323,13.845833,,,,,,,,,,,,,,,,0.220779,0.168909,0.185892,0.207651,0.056797,0.180591,0.271590,0.255213,0.224135,0.325484,0.243689,0.283740,0.204439,0.252426,0.195433
3324,13.850000,,,,,,,,,,,,,,,,0.220778,0.168910,0.185889,0.207650,0.056800,0.180588,0.271591,0.255213,0.224134,0.325478,0.243685,0.283742,0.204436,0.252433,0.195432
3325,13.854167,,,,,,,,,,,,,,,,0.220789,0.168903,0.185874,0.207650,0.056797,0.180586,0.271589,0.255212,0.224133,0.325473,0.243680,0.283741,0.204432,0.252430,0.195427
3326,13.858333,,,,,,,,,,,,,,,,0.220788,0.168903,0.185878,0.207648,0.056801,0.180588,0.271588,0.255212,0.224132,0.325467,0.243675,0.283742,0.204436,0.252431,0.195426
3327,13.862500,,,,,,,,,,,,,,,,0.220774,0.168916,0.185880,0.207649,0.056799,0.180585,0.271587,0.255212,0.224128,0.325461,0.243669,0.283744,0.204436,0.252431,0.195426
3328,13.866667,,,,,,,,,,,,,,,,0.220775,0.168910,0.185881,0.207649,0.056800,0.180587,0.271584,0.255212,0.224126,0.325454,0.243665,0.283746,0.204437,0.252432,0.195422
3329,13.870833,,,,,,,,,,,,,,,,0.220775,0.168911,0.185878,0.207649,0.056800,0.180588,0.271583,0.255210,0.224128,0.325449,0.243658,0.283747,0.204433,0.252434,0.195413
3330,13.875000,,,,,,,,,,,,,,,,0.220777,0.168910,0.185878,0.207648,0.056801,0.180589,0.271583,0.255210,0.224125,0.325441,0.243653,0.283748,0.204431,0.252433,0.195413
3331,13.879167,,,,,,,,,,,,,,,,0.220775,0.168912,0.185878,0.207650,0.056801,0.180590,0.271581,0.255210,0.224124,0.325436,0.243647,0.283749,0.204428,0.252430,0.195403
3332,13.883333,,,,,,,,,,,,,,,,0.220786,0.168906,0.185870,0.207651,0.056798,0.180586,0.271580,0.255210,0.224122,0.325431,0.243643,0.283747,0.204430,0.252427,0.195399
3333,13.887500,,,,,,,,,,,,,,,,0.220776,0.168912,0.185877,0.207649,0.056798,0.180587,0.271579,0.255211,0.224118,0.325428,0.243638,0.283746,0.204429,0.252427,0.195391
3334,13.891667,,,,,,,,,,,,,,,,0.220775,0.168912,0.185876,0.207651,0.056798,0.180585,0.271579,0.255210,0.224118,0.325422,0.243635,0.283748,0.204431,0.252428,0.195387
3335,13.895833,,,,,,,,,,,,,,,,0.220775,0.168913,0.185875,0.207649,0.056797,0.180590,0.271576,0.255209,0.224115,0.325418,0.243630,0.283746,0.204431,0.252431,0.195389
3336,13.900000,,,,,,,,,,,,,,,,0.220774,0.168913,0.185874,0.207649,0.056795,0.180590,0.271574,0.255195,0.224122,0.325392,0.243613,0.283757,0.204432,0.252431,0.195382
3337,13.904167,,,,,,,,,,,,,,,,0.220775,0.168914,0.185872,0.207648,0.056798,0.180594,0.271574,0.255208,0.224112,0.325408,0.243627,0.283747,0.204427,0.252430,0.195381
3338,13.908333,,,,,,,,,,,,,,,,0.220773,0.168911,0.185869,0.207649,0.056797,0.180592,0.271571,0.255208,0.224112,0.325385,0.243608,0.283759,0.204427,0.252436,0.195384
3339,13.912500,,,,,,,,,,,,,,,,0.220771,0.168914,0.185867,0.207649,0.056798,0.180594,0.271569,0.255207,0.224111,0.325399,0.243626,0.283748,0.204427,0.252433,0.195382
3340,13.916667,,,,,,,,,,,,,,,,0.220772,0.168917,0.185869,0.207650,0.056798,0.180596,0.271569,0.255208,0.224110,0.325379,0.243604,0.283760,0.204432,0.252437,0.195389
3341,13.920833,,,,,,,,,,,,,,,,0.220771,0.168915,0.185870,0.207647,0.056795,0.180598,0.271567,0.255208,0.224110,0.325375,0.243604,0.283759,0.204432,0.252434,0.195382
3342,13.925000,,,,,,,,,,,,,,,,0.220767,0.168925,0.185867,0.207648,0.056796,0.180598,0.271567,0.255209,0.224112,0.325371,0.243605,0.283752,0.204430,0.252435,0.195381
3343,13.929167,,,,,,,,,,,,,,,,0.220776,0.168922,0.185854,0.207648,0.056796,0.180604,0.271566,0.255197,0.224119,0.325371,0.243602,0.283760,0.204430,0.252437,0.195380
3344,13.933333,,,,,,,,,,,,,,,,0.220766,0.168927,0.185861,0.207649,0.056798,0.180603,0.271565,0.255212,0.224108,0.325367,0.243603,0.283754,0.204429,0.252437,0.195383
3345,13.937500,,,,,,,,,,,,,,,,0.220763,0.168928,0.185865,0.207647,0.056799,0.180607,0.271563,0.255213,0.224110,0.325368,0.243603,0.283758,0.204431,0.252437,0.195381
3346,13.941667,,,,,,,,,,,,,,,,0.220764,0.168927,0.185864,0.207649,0.056795,0.180608,0.271562,0.255213,0.224110,0.325367,0.243606,0.283761,0.204428,0.252438,0.195381
3347,13.945833,,,,,,,,,,,,,,,,0.220764,0.168926,0.185865,0.207650,0.056795,0.180612,0.271560,0.255216,0.224111,0.325361,0.243606,0.283754,0.204427,0.252435,0.195380
3348,13.950000,,,,,,,,,,,,,,,,0.220763,0.168927,0.185866,0.207650,0.056795,0.180611,0.271557,0.255216,0.224112,0.325365,0.243608,0.283761,0.204425,0.252433,0.195371
3349,13.954167,,,,,,,,,,,,,,,,0.220763,0.168927,0.185870,0.207649,0.056797,0.180611,0.271557,0.255216,0.224114,0.325368,0.243609,0.283761,0.204425,0.252436,0.195379
3350,13.958333,,,,,,,,,,,,,,,,0.220765,0.168919,0.185880,0.207648,0.056795,0.180616,0.271557,0.255217,0.224114,0.325367,0.243613,0.283763,0.204423,0.252432,0.195381
3351,13.962500,,,,,,,,,,,,,,,,0.220766,0.168920,0.185886,0.207649,0.056796,0.180615,0.271556,0.255219,0.224118,0.325364,0.243615,0.283760,0.204422,0.252435,0.195385
3352,13.966667,,,,,,,,,,,,,,,,0.220765,0.168926,0.185883,0.207648,0.056798,0.180618,0.271556,0.255220,0.224120,0.325368,0.243619,0.283764,0.204423,0.252432,0.195386
3353,13.970833,,,,,,,,,,,,,,,,0.220766,0.168921,0.185886,0.207647,0.056798,0.180620,0.271555,0.255221,0.224121,0.325371,0.243620,0.283769,0.204422,0.252433,0.195389
3354,13.975000,,,,,,,,,,,,,,,,0.220765,0.168921,0.185890,0.207647,0.056797,0.180621,0.271553,0.255222,0.224124,0.325372,0.243623,0.283769,0.204418,0.252430,0.195390
3355,13.979167,,,,,,,,,,,,,,,,0.220761,0.168927,0.185885,0.207649,0.056797,0.180616,0.271552,0.255223,0.224128,0.325394,0.243642,0.283758,0.204417,0.252430,0.195397
3356,13.983333,,,,,,,,,,,,,,,,0.220763,0.168923,0.185892,0.207647,0.056795,0.180621,0.271550,0.255208,0.224137,0.325398,0.243642,0.283763,0.204420,0.252435,0.195405
3357,13.987500,,,,,,,,,,,,,,,,0.220762,0.168920,0.185896,0.207648,0.056798,0.180618,0.271551,0.255208,0.224142,0.325399,0.243643,0.283762,0.204418,0.252432,0.195405
3358,13.991667,,,,,,,,,,,,,,,,0.220761,0.168927,0.185893,0.207648,0.056797,0.180617,0.271549,0.255222,0.224137,0.325402,0.243644,0.283762,0.204425,0.252432,0.195415
3359,13.995833,,,,,,,,,,,,,,,,0.220763,0.168920,0.185902,0.207647,0.056800,0.180618,0.271549,0.255208,0.224149,0.325385,0.243628,0.283772,0.204419,0.252434,0.195422
3360,14.000000,,,,,,,,,,,,,,,,0.220761,0.168919,0.185905,0.207648,0.056800,0.180616,0.271548,0.255220,0.224143,0.325401,0.243645,0.283763,0.204416,0.252435,0.195422
3361,14.004167,,,,,,,,,,,,,,,,0.220759,0.168920,0.185906,0.207647,0.056798,0.180613,0.271547,0.255206,0.224155,0.325388,0.243628,0.283772,0.204413,0.252436,0.195423
3362,14.008333,,,,,,,,,,,,,,,,0.220761,0.168918,0.185906,0.207648,0.056799,0.180609,0.271548,0.255205,0.224159,0.325386,0.243624,0.283775,0.204414,0.252436,0.195426
3363,14.012500,,,,,,,,,,,,,,,,0.220761,0.168918,0.185908,0.207648,0.056801,0.180609,0.271545,0.255205,0.224162,0.325387,0.243625,0.283774,0.204422,0.252438,0.195441
3364,14.016667,,,,,,,,,,,,,,,,0.220758,0.168927,0.185899,0.207649,0.056801,0.180602,0.271544,0.255203,0.224167,0.325385,0.243621,0.283777,0.204426,0.252440,0.195448
3365,14.020833,,,,,,,,,,,,,,,,0.220758,0.168928,0.185898,0.207647,0.056805,0.180599,0.271543,0.255203,0.224168,0.325384,0.243615,0.283779,0.204424,0.252443,0.195449
3366,14.025000,,,,,,,,,,,,,,,,0.220759,0.168922,0.185905,0.207644,0.056807,0.180596,0.271541,0.255204,0.224178,0.325381,0.243612,0.283779,0.204423,0.252439,0.195444
3367,14.029167,,,,,,,,,,,,,,,,0.220759,0.168920,0.185907,0.207644,0.056807,0.180594,0.271541,0.255200,0.224173,0.325377,0.243605,0.283781,0.204409,0.252434,0.195425
3368,14.033333,,,,,,,,,,,,,,,,0.220763,0.168919,0.185906,0.207647,0.056806,0.180588,0.271540,0.255200,0.224177,0.325372,0.243597,0.283783,0.204406,0.252432,0.195420
3369,14.037500,,,,,,,,,,,,,,,,0.220764,0.168919,0.185906,0.207646,0.056806,0.180587,0.271538,0.255197,0.224177,0.325365,0.243590,0.283789,0.204410,0.252432,0.195423
3370,14.041667,,,,,,,,,,,,,,,,0.220763,0.168918,0.185906,0.207646,0.056807,0.180584,0.271541,0.255192,0.224184,0.325359,0.243582,0.283792,0.204412,0.252433,0.195424
3371,14.045833,,,,,,,,,,,,,,,,0.220765,0.168917,0.185906,0.207648,0.056805,0.180581,0.271538,0.255191,0.224184,0.325347,0.243574,0.283802,0.204409,0.252430,0.195417
3372,14.050000,,,,,,,,,,,,,,,,0.220766,0.168917,0.185904,0.207649,0.056807,0.180577,0.271534,0.255192,0.224180,0.325336,0.243567,0.283808,0.204408,0.252430,0.195407
3373,14.054167,,,,,,,,,,,,,,,,0.220763,0.168924,0.185894,0.207647,0.056807,0.180577,0.271535,0.255188,0.224186,0.325324,0.243559,0.283813,0.204404,0.252428,0.195402
3374,14.058333,,,,,,,,,,,,,,,,0.220766,0.168921,0.185891,0.207646,0.056805,0.180574,0.271528,0.255191,0.224186,0.325311,0.243549,0.283814,0.204404,0.252432,0.195403
3375,14.062500,,,,,,,,,,,,,,,,0.220762,0.168928,0.185888,0.207647,0.056808,0.180571,0.271529,0.255184,0.224184,0.325295,0.243531,0.283848,0.204407,0.252435,0.195397
3376,14.066667,,,,,,,,,,,,,,,,0.220761,0.168927,0.185882,0.207648,0.056807,0.180576,0.271527,0.255185,0.224180,0.325280,0.243524,0.283850,0.204404,0.252436,0.195392
3377,14.070833,,,,,,,,,,,,,,,,0.220763,0.168926,0.185882,0.207648,0.056808,0.180574,0.271525,0.255182,0.224179,0.325266,0.243515,0.283855,0.204404,0.252434,0.195384
3378,14.075000,,,,,,,,,,,,,,,,0.220766,0.168921,0.185886,0.207646,0.056806,0.180575,0.271523,0.255182,0.224177,0.325254,0.243509,0.283864,0.204406,0.252438,0.195383
3379,14.079167,,,,,,,,,,,,,,,,0.220766,0.168927,0.185879,0.207646,0.056806,0.180575,0.271520,0.255178,0.224177,0.325241,0.243501,0.283868,0.204409,0.252439,0.195381
3380,14.083333,,,,,,,,,,,,,,,,0.220764,0.168921,0.185877,0.207648,0.056805,0.180575,0.271520,0.255173,0.224179,0.325215,0.243478,0.283884,0.204405,0.252439,0.195372
3381,14.087500,,,,,,,,,,,,,,,,0.220760,0.168929,0.185868,0.207649,0.056806,0.180574,0.271515,0.255175,0.224171,0.325199,0.243475,0.283892,0.204409,0.252440,0.195362
3382,14.091667,,,,,,,,,,,,,,,,0.220762,0.168923,0.185868,0.207650,0.056804,0.180580,0.271508,0.255176,0.224175,0.325185,0.243469,0.283899,0.204408,0.252443,0.195360
3383,14.095833,,,,,,,,,,,,,,,,0.220758,0.168931,0.185859,0.207651,0.056802,0.180578,0.271511,0.255174,0.224168,0.325172,0.243466,0.283908,0.204404,0.252446,0.195357
3384,14.100000,,,,,,,,,,,,,,,,0.220755,0.168935,0.185854,0.207653,0.056800,0.180579,0.271507,0.255174,0.224163,0.325156,0.243466,0.283916,0.204406,0.252444,0.195348
3385,14.104167,,,,,,,,,,,,,,,,0.220751,0.168934,0.185848,0.207653,0.056799,0.180579,0.271505,0.255174,0.224163,0.325144,0.243462,0.283923,0.204406,0.252446,0.195346
3386,14.108333,,,,,,,,,,,,,,,,0.220753,0.168934,0.185849,0.207650,0.056801,0.180584,0.271504,0.255174,0.224159,0.325132,0.243457,0.283930,0.204408,0.252447,0.195345
3387,14.112500,,,,,,,,,,,,,,,,0.220764,0.168931,0.185836,0.207651,0.056802,0.180581,0.271502,0.255175,0.224158,0.325122,0.243460,0.283937,0.204410,0.252448,0.195340
3388,14.116667,,,,,,,,,,,,,,,,0.220751,0.168938,0.185846,0.207652,0.056801,0.180587,0.271497,0.255176,0.224161,0.325114,0.243461,0.283944,0.204408,0.252448,0.195335
3389,14.120833,,,,,,,,,,,,,,,,0.220751,0.168936,0.185845,0.207653,0.056800,0.180589,0.271500,0.255177,0.224154,0.325107,0.243460,0.283950,0.204403,0.252475,0.195299
3390,14.125000,,,,,,,,,,,,,,,,0.220753,0.168940,0.185843,0.207654,0.056799,0.180592,0.271501,0.255176,0.224155,0.325100,0.243466,0.283953,0.204396,0.252474,0.195290
3391,14.129167,,,,,,,,,,,,,,,,0.220750,0.168944,0.185846,0.207654,0.056802,0.180591,0.271497,0.255180,0.224150,0.325093,0.243467,0.283957,0.204399,0.252477,0.195294
3392,14.133333,,,,,,,,,,,,,,,,0.220749,0.168941,0.185843,0.207654,0.056801,0.180596,0.271491,0.255184,0.224154,0.325091,0.243474,0.283960,0.204399,0.252474,0.195290
3393,14.137500,,,,,,,,,,,,,,,,0.220748,0.168943,0.185844,0.207654,0.056802,0.180601,0.271493,0.255186,0.224148,0.325089,0.243479,0.283958,0.204397,0.252477,0.195291
3394,14.141667,,,,,,,,,,,,,,,,0.220767,0.168944,0.185828,0.207655,0.056802,0.180600,0.271488,0.255189,0.224150,0.325093,0.243488,0.283958,0.204398,0.252475,0.195293
3395,14.145833,,,,,,,,,,,,,,,,0.220754,0.168941,0.185843,0.207657,0.056799,0.180601,0.271492,0.255190,0.224146,0.325094,0.243492,0.283956,0.204397,0.252476,0.195289
3396,14.150000,,,,,,,,,,,,,,,,0.220753,0.168940,0.185849,0.207654,0.056800,0.180607,0.271493,0.255193,0.224146,0.325098,0.243501,0.283955,0.204401,0.252446,0.195313
3397,14.154167,,,,,,,,,,,,,,,,0.220755,0.168941,0.185851,0.207655,0.056798,0.180609,0.271492,0.255195,0.224146,0.325104,0.243507,0.283950,0.204402,0.252472,0.195288
3398,14.158333,,,,,,,,,,,,,,,,0.220756,0.168937,0.185853,0.207659,0.056795,0.180604,0.271495,0.255195,0.224152,0.325112,0.243515,0.283946,0.204402,0.252444,0.195321
3399,14.162500,,,,,,,,,,,,,,,,0.220758,0.168940,0.185850,0.207659,0.056798,0.180610,0.271489,0.255203,0.224152,0.325120,0.243525,0.283942,0.204404,0.252469,0.195294
3400,14.166667,,,,,,,,,,,,,,,,0.220766,0.168935,0.185840,0.207656,0.056797,0.180610,0.271488,0.255206,0.224156,0.325128,0.243534,0.283936,0.204401,0.252441,0.195317
3401,14.170833,,,,,,,,,,,,,,,,0.220757,0.168939,0.185854,0.207655,0.056797,0.180611,0.271488,0.255207,0.224154,0.325150,0.243555,0.283920,0.204399,0.252467,0.195293
3402,14.175000,,,,,,,,,,,,,,,,0.220758,0.168938,0.185858,0.207653,0.056797,0.180609,0.271492,0.255209,0.224152,0.325161,0.243564,0.283914,0.204396,0.252444,0.195327
3403,14.179167,,,,,,,,,,,,,,,,0.220757,0.168939,0.185864,0.207652,0.056795,0.180607,0.271493,0.255209,0.224151,0.325172,0.243571,0.283905,0.204404,0.252446,0.195342
3404,14.183333,,,,,,,,,,,,,,,,0.220760,0.168938,0.185865,0.207652,0.056794,0.180606,0.271491,0.255211,0.224159,0.325182,0.243576,0.283899,0.204401,0.252441,0.195340
3405,14.187500,,,,,,,,,,,,,,,,0.220757,0.168936,0.185866,0.207649,0.056795,0.180605,0.271487,0.255215,0.224158,0.325194,0.243583,0.283890,0.204399,0.252439,0.195339
3406,14.191667,,,,,,,,,,,,,,,,0.220759,0.168937,0.185870,0.207650,0.056796,0.180606,0.271488,0.255214,0.224161,0.325210,0.243601,0.283861,0.204395,0.252441,0.195347
3407,14.195833,,,,,,,,,,,,,,,,0.220760,0.168933,0.185873,0.207649,0.056795,0.180603,0.271493,0.255215,0.224157,0.325220,0.243604,0.283853,0.204394,0.252437,0.195349
3408,14.200000,,,,,,,,,,,,,,,,0.220757,0.168936,0.185872,0.207648,0.056795,0.180601,0.271490,0.255216,0.224162,0.325229,0.243609,0.283846,0.204393,0.252437,0.195352
3409,14.204167,,,,,,,,,,,,,,,,0.220757,0.168937,0.185875,0.207646,0.056796,0.180602,0.271493,0.255215,0.224160,0.325239,0.243610,0.283841,0.204392,0.252437,0.195359
3410,14.208333,,,,,,,,,,,,,,,,0.220756,0.168937,0.185881,0.207648,0.056792,0.180602,0.271491,0.255218,0.224166,0.325248,0.243607,0.283835,0.204393,0.252438,0.195362
3411,14.212500,,,,,,,,,,,,,,,,0.220760,0.168930,0.185887,0.207647,0.056796,0.180598,0.271488,0.255219,0.224166,0.325253,0.243610,0.283832,0.204397,0.252444,0.195381
3412,14.216667,,,,,,,,,,,,,,,,0.220759,0.168935,0.185888,0.207643,0.056801,0.180601,0.271491,0.255219,0.224169,0.325258,0.243607,0.283826,0.204396,0.252438,0.195375
3413,14.220833,,,,,,,,,,,,,,,,0.220757,0.168936,0.185888,0.207644,0.056799,0.180600,0.271496,0.255217,0.224166,0.325264,0.243601,0.283821,0.204402,0.252444,0.195398
3414,14.225000,,,,,,,,,,,,,,,,0.220753,0.168938,0.185888,0.207642,0.056801,0.180601,0.271492,0.255216,0.224170,0.325264,0.243593,0.283821,0.204395,0.252445,0.195393
3415,14.229167,,,,,,,,,,,,,,,,0.220756,0.168931,0.185893,0.207641,0.056802,0.180597,0.271494,0.255213,0.224165,0.325260,0.243581,0.283816,0.204388,0.252443,0.195387
3416,14.233333,,,,,,,,,,,,,,,,0.220757,0.168928,0.185900,0.207643,0.056802,0.180597,0.271495,0.255213,0.224166,0.325264,0.243576,0.283814,0.204390,0.252440,0.195387
3417,14.237500,,,,,,,,,,,,,,,,0.220754,0.168937,0.185892,0.207641,0.056805,0.180596,0.271491,0.255213,0.224169,0.325254,0.243562,0.283813,0.204389,0.252442,0.195392
3418,14.241667,,,,,,,,,,,,,,,,0.220748,0.168940,0.185888,0.207639,0.056804,0.180599,0.271494,0.255211,0.224165,0.325248,0.243546,0.283820,0.204388,0.252443,0.195393
3419,14.245833,,,,,,,,,,,,,,,,0.220752,0.168932,0.185891,0.207639,0.056801,0.180596,0.271488,0.255210,0.224166,0.325248,0.243528,0.283831,0.204393,0.252445,0.195403
3420,14.250000,,,,,,,,,,,,,,,,0.220752,0.168930,0.185896,0.207637,0.056802,0.180596,0.271487,0.255208,0.224165,0.325240,0.243518,0.283817,0.204389,0.252440,0.195385
3421,14.254167,,,,,,,,,,,,,,,,0.220749,0.168936,0.185893,0.207637,0.056804,0.180596,0.271488,0.255204,0.224164,0.325231,0.243503,0.283817,0.204385,0.252440,0.195384
3422,14.258333,,,,,,,,,,,,,,,,0.220749,0.168936,0.185888,0.207640,0.056800,0.180594,0.271489,0.255200,0.224162,0.325211,0.243474,0.283824,0.204380,0.252440,0.195376
3423,14.262500,,,,,,,,,,,,,,,,0.220746,0.168937,0.185887,0.207639,0.056801,0.180592,0.271492,0.255196,0.224156,0.325202,0.243458,0.283825,0.204381,0.252440,0.195371
3424,14.266667,,,,,,,,,,,,,,,,0.220743,0.168937,0.185883,0.207639,0.056799,0.180588,0.271487,0.255192,0.224158,0.325194,0.243444,0.283824,0.204382,0.252440,0.195371
3425,14.270833,,,,,,,,,,,,,,,,0.220742,0.168938,0.185878,0.207638,0.056801,0.180586,0.271485,0.255190,0.224156,0.325185,0.243424,0.283825,0.204380,0.252440,0.195364
3426,14.275000,,,,,,,,,,,,,,,,0.220741,0.168936,0.185876,0.207640,0.056800,0.180585,0.271482,0.255187,0.224153,0.325174,0.243410,0.283827,0.204379,0.252441,0.195356
3427,14.279167,,,,,,,,,,,,,,,,0.220737,0.168940,0.185871,0.207639,0.056799,0.180589,0.271482,0.255184,0.224152,0.325163,0.243397,0.283825,0.204375,0.252443,0.195353
3428,14.283333,,,,,,,,,,,,,,,,0.220735,0.168937,0.185866,0.207639,0.056798,0.180585,0.271480,0.255181,0.224146,0.325152,0.243383,0.283828,0.204385,0.252443,0.195362
3429,14.287500,,,,,,,,,,,,,,,,0.220733,0.168941,0.185863,0.207636,0.056800,0.180583,0.271479,0.255176,0.224143,0.325141,0.243366,0.283828,0.204379,0.252443,0.195345
3430,14.291667,,,,,,,,,,,,,,,,0.220735,0.168942,0.185860,0.207638,0.056799,0.180577,0.271476,0.255176,0.224141,0.325129,0.243356,0.283830,0.204374,0.252446,0.195342
3431,14.295833,,,,,,,,,,,,,,,,0.220731,0.168943,0.185860,0.207638,0.056800,0.180581,0.271475,0.255171,0.224136,0.325120,0.243343,0.283830,0.204372,0.252450,0.195339
3432,14.300000,,,,,,,,,,,,,,,,0.220730,0.168944,0.185857,0.207636,0.056801,0.180584,0.271475,0.255172,0.224132,0.325116,0.243330,0.283821,0.204344,0.252513,0.195286
3433,14.304167,,,,,,,,,,,,,,,,0.220728,0.168943,0.185851,0.207635,0.056801,0.180583,0.271475,0.255168,0.224125,0.325105,0.243321,0.283822,0.204359,0.252475,0.195284
3434,14.308333,,,,,,,,,,,,,,,,0.220727,0.168945,0.185845,0.207637,0.056799,0.180582,0.271472,0.255169,0.224124,0.325096,0.243314,0.283821,0.204369,0.252449,0.195311
3435,14.312500,,,,,,,,,,,,,,,,0.220727,0.168945,0.185843,0.207637,0.056801,0.180582,0.271470,0.255169,0.224121,0.325092,0.243302,0.283819,0.204372,0.252479,0.195289
3436,14.316667,,,,,,,,,,,,,,,,0.220727,0.168947,0.185840,0.207640,0.056800,0.180581,0.271469,0.255168,0.224117,0.325085,0.243297,0.283818,0.204340,0.252514,0.195262
3437,14.320833,,,,,,,,,,,,,,,,0.220728,0.168947,0.185838,0.207641,0.056798,0.180583,0.271466,0.255169,0.224112,0.325079,0.243294,0.283817,0.204338,0.252554,0.195180
3438,14.325000,,,,,,,,,,,,,,,,0.220729,0.168948,0.185834,0.207641,0.056800,0.180589,0.271465,0.255169,0.224109,0.325074,0.243291,0.283814,0.204353,0.252477,0.195256
3439,14.329167,,,,,,,,,,,,,,,,0.220730,0.168948,0.185833,0.207640,0.056802,0.180587,0.271464,0.255170,0.224106,0.325069,0.243295,0.283814,0.204370,0.252480,0.195278
3440,14.333333,,,,,,,,,,,,,,,,0.220733,0.168951,0.185830,0.207643,0.056798,0.180586,0.271464,0.255171,0.224103,0.325069,0.243294,0.283811,0.204371,0.252484,0.195277
3441,14.337500,,,,,,,,,,,,,,,,0.220732,0.168950,0.185826,0.207643,0.056802,0.180585,0.271468,0.255171,0.224096,0.325059,0.243296,0.283819,0.204367,0.252480,0.195263
3442,14.341667,,,,,,,,,,,,,,,,0.220733,0.168949,0.185825,0.207644,0.056798,0.180584,0.271465,0.255175,0.224096,0.325065,0.243302,0.283805,0.204363,0.252477,0.195252
3443,14.345833,,,,,,,,,,,,,,,,0.220734,0.168948,0.185824,0.207645,0.056799,0.180584,0.271463,0.255179,0.224092,0.325064,0.243312,0.283805,0.204363,0.252476,0.195247
3444,14.350000,,,,,,,,,,,,,,,,0.220735,0.168949,0.185823,0.207646,0.056799,0.180584,0.271467,0.255181,0.224082,0.325067,0.243319,0.283803,0.204371,0.252474,0.195248
3445,14.354167,,,,,,,,,,,,,,,,0.220738,0.168949,0.185823,0.207650,0.056797,0.180584,0.271467,0.255183,0.224086,0.325069,0.243328,0.283798,0.204375,0.252474,0.195250
3446,14.358333,,,,,,,,,,,,,,,,0.220743,0.168945,0.185826,0.207653,0.056797,0.180585,0.271468,0.255185,0.224085,0.325074,0.243340,0.283797,0.204371,0.252470,0.195241
3447,14.362500,,,,,,,,,,,,,,,,0.220757,0.168939,0.185813,0.207654,0.056797,0.180587,0.271472,0.255188,0.224077,0.325079,0.243351,0.283794,0.204364,0.252472,0.195237
3448,14.366667,,,,,,,,,,,,,,,,0.220751,0.168953,0.185815,0.207652,0.056796,0.180586,0.271474,0.255191,0.224075,0.325086,0.243364,0.283789,0.204374,0.252444,0.195266
3449,14.370833,,,,,,,,,,,,,,,,0.220745,0.168945,0.185821,0.207651,0.056796,0.180587,0.271475,0.255195,0.224075,0.325093,0.243377,0.283784,0.204373,0.252470,0.195241
3450,14.375000,,,,,,,,,,,,,,,,0.220756,0.168937,0.185813,0.207651,0.056795,0.180588,0.271476,0.255198,0.224072,0.325103,0.243390,0.283780,0.204371,0.252468,0.195235
3451,14.379167,,,,,,,,,,,,,,,,0.220748,0.168943,0.185821,0.207654,0.056796,0.180583,0.271479,0.255201,0.224070,0.325109,0.243407,0.283785,0.204370,0.252468,0.195235
3452,14.383333,,,,,,,,,,,,,,,,0.220747,0.168942,0.185823,0.207654,0.056795,0.180583,0.271479,0.255215,0.224059,0.325120,0.243421,0.283780,0.204376,0.252468,0.195240
3453,14.387500,,,,,,,,,,,,,,,,0.220766,0.168942,0.185805,0.207653,0.056794,0.180584,0.271483,0.255217,0.224060,0.325132,0.243435,0.283776,0.204378,0.252466,0.195239
3454,14.391667,,,,,,,,,,,,,,,,0.220750,0.168944,0.185823,0.207652,0.056795,0.180583,0.271486,0.255220,0.224059,0.325143,0.243450,0.283772,0.204384,0.252470,0.195250
3455,14.395833,,,,,,,,,,,,,,,,0.220750,0.168941,0.185829,0.207651,0.056796,0.180592,0.271487,0.255223,0.224058,0.325155,0.243462,0.283768,0.204384,0.252471,0.195254
3456,14.400000,,,,,,,,,,,,,,,,0.220759,0.168941,0.185819,0.207652,0.056797,0.180592,0.271492,0.255224,0.224060,0.325164,0.243474,0.283763,0.204391,0.252447,0.195288
3457,14.404167,,,,,,,,,,,,,,,,0.220761,0.168941,0.185817,0.207650,0.056800,0.180595,0.271492,0.255226,0.224057,0.325174,0.243485,0.283760,0.204391,0.252473,0.195264
3458,14.408333,,,,,,,,,,,,,,,,0.220751,0.168946,0.185829,0.207651,0.056799,0.180600,0.271493,0.255230,0.224056,0.325184,0.243497,0.283756,0.204393,0.252473,0.195264
3459,14.412500,,,,,,,,,,,,,,,,0.220749,0.168948,0.185832,0.207652,0.056801,0.180602,0.271495,0.255231,0.224056,0.325205,0.243518,0.283745,0.204394,0.252473,0.195266
3460,14.416667,,,,,,,,,,,,,,,,0.220760,0.168940,0.185823,0.207652,0.056797,0.180597,0.271499,0.255231,0.224058,0.325214,0.243525,0.283742,0.204401,0.252473,0.195273
3461,14.420833,,,,,,,,,,,,,,,,0.220762,0.168941,0.185823,0.207649,0.056801,0.180600,0.271502,0.255233,0.224055,0.325221,0.243525,0.283738,0.204408,0.252450,0.195320
3462,14.425000,,,,,,,,,,,,,,,,0.220762,0.168942,0.185825,0.207649,0.056799,0.180605,0.271503,0.255233,0.224056,0.325230,0.243530,0.283727,0.204405,0.252476,0.195295
3463,14.429167,,,,,,,,,,,,,,,,0.220752,0.168947,0.185837,0.207648,0.056800,0.180605,0.271505,0.255233,0.224056,0.325232,0.243524,0.283732,0.204402,0.252476,0.195289
3464,14.433333,,,,,,,,,,,,,,,,0.220752,0.168945,0.185841,0.207649,0.056800,0.180604,0.271507,0.255232,0.224055,0.325236,0.243519,0.283731,0.204399,0.252472,0.195288
3465,14.437500,,,,,,,,,,,,,,,,0.220752,0.168944,0.185841,0.207648,0.056801,0.180606,0.271510,0.255232,0.224054,0.325238,0.243515,0.283727,0.204398,0.252471,0.195293
3466,14.441667,,,,,,,,,,,,,,,,0.220751,0.168948,0.185842,0.207648,0.056799,0.180606,0.271509,0.255233,0.224053,0.325239,0.243508,0.283725,0.204403,0.252473,0.195297
3467,14.445833,,,,,,,,,,,,,,,,0.220748,0.168949,0.185846,0.207644,0.056800,0.180605,0.271511,0.255229,0.224055,0.325244,0.243497,0.283723,0.204405,0.252472,0.195297
3468,14.450000,,,,,,,,,,,,,,,,0.220748,0.168948,0.185850,0.207643,0.056801,0.180603,0.271511,0.255229,0.224053,0.325248,0.243484,0.283715,0.204407,0.252446,0.195327
3469,14.454167,,,,,,,,,,,,,,,,0.220752,0.168946,0.185852,0.207644,0.056798,0.180605,0.271513,0.255227,0.224052,0.325248,0.243471,0.283712,0.204410,0.252447,0.195336
3470,14.458333,,,,,,,,,,,,,,,,0.220753,0.168945,0.185855,0.207644,0.056800,0.180604,0.271515,0.255223,0.224056,0.325236,0.243443,0.283717,0.204411,0.252448,0.195338
3471,14.462500,,,,,,,,,,,,,,,,0.220751,0.168946,0.185853,0.207644,0.056800,0.180605,0.271514,0.255220,0.224056,0.325235,0.243425,0.283713,0.204403,0.252475,0.195308
3472,14.466667,,,,,,,,,,,,,,,,0.220748,0.168945,0.185855,0.207642,0.056800,0.180604,0.271511,0.255217,0.224055,0.325233,0.243413,0.283710,0.204398,0.252447,0.195330
3473,14.470833,,,,,,,,,,,,,,,,0.220746,0.168947,0.185855,0.207643,0.056799,0.180603,0.271512,0.255214,0.224058,0.325231,0.243394,0.283708,0.204405,0.252448,0.195337
3474,14.475000,,,,,,,,,,,,,,,,0.220745,0.168947,0.185856,0.207643,0.056798,0.180605,0.271510,0.255210,0.224059,0.325229,0.243380,0.283709,0.204405,0.252449,0.195337
3475,14.479167,,,,,,,,,,,,,,,,0.220742,0.168946,0.185855,0.207643,0.056801,0.180605,0.271508,0.255205,0.224061,0.325224,0.243362,0.283705,0.204404,0.252480,0.195315
3476,14.483333,,,,,,,,,,,,,,,,0.220743,0.168944,0.185857,0.207643,0.056798,0.180608,0.271508,0.255201,0.224064,0.325222,0.243340,0.283704,0.204406,0.252456,0.195348
3477,14.487500,,,,,,,,,,,,,,,,0.220741,0.168944,0.185858,0.207644,0.056797,0.180609,0.271508,0.255184,0.224074,0.325218,0.243322,0.283700,0.204405,0.252454,0.195345
3478,14.491667,,,,,,,,,,,,,,,,0.220738,0.168945,0.185858,0.207647,0.056796,0.180607,0.271507,0.255179,0.224074,0.325213,0.243302,0.283700,0.204396,0.252482,0.195316
3479,14.495833,,,,,,,,,,,,,,,,0.220735,0.168945,0.185858,0.207647,0.056800,0.180604,0.271505,0.255174,0.224077,0.325204,0.243279,0.283700,0.204391,0.252475,0.195303
3480,14.500000,,,,,,,,,,,,,,,,0.220736,0.168948,0.185856,0.207646,0.056798,0.180605,0.271503,0.255169,0.224079,0.325197,0.243260,0.283698,0.204392,0.252457,0.195347
3481,14.504167,,,,,,,,,,,,,,,,0.220728,0.168950,0.185856,0.207647,0.056797,0.180604,0.271495,0.255167,0.224084,0.325189,0.243242,0.283699,0.204395,0.252483,0.195322
3482,14.508333,,,,,,,,,,,,,,,,0.220727,0.168949,0.185854,0.207649,0.056798,0.180599,0.271490,0.255165,0.224085,0.325181,0.243225,0.283700,0.204385,0.252482,0.195309
3483,14.512500,,,,,,,,,,,,,,,,0.220725,0.168949,0.185856,0.207648,0.056801,0.180601,0.271488,0.255161,0.224085,0.325172,0.243208,0.283700,0.204381,0.252481,0.195307
3484,14.516667,,,,,,,,,,,,,,,,0.220720,0.168951,0.185854,0.207648,0.056801,0.180596,0.271485,0.255158,0.224087,0.325160,0.243191,0.283702,0.204385,0.252456,0.195334
3485,14.520833,,,,,,,,,,,,,,,,0.220720,0.168952,0.185850,0.207649,0.056801,0.180593,0.271483,0.255152,0.224088,0.325155,0.243163,0.283695,0.204377,0.252486,0.195312
3486,14.525000,,,,,,,,,,,,,,,,0.220719,0.168954,0.185853,0.207649,0.056802,0.180591,0.271478,0.255150,0.224088,0.325145,0.243150,0.283696,0.204369,0.252486,0.195306
3487,14.529167,,,,,,,,,,,,,,,,0.220720,0.168954,0.185850,0.207648,0.056804,0.180588,0.271481,0.255146,0.224083,0.325137,0.243136,0.283698,0.204373,0.252486,0.195302
3488,14.533333,,,,,,,,,,,,,,,,0.220719,0.168955,0.185847,0.207647,0.056803,0.180584,0.271475,0.255146,0.224086,0.325132,0.243098,0.283714,0.204366,0.252490,0.195305
3489,14.537500,,,,,,,,,,,,,,,,0.220719,0.168955,0.185843,0.207649,0.056802,0.180578,0.271469,0.255144,0.224085,0.325123,0.243089,0.283715,0.204347,0.252568,0.195215
3490,14.541667,,,,,,,,,,,,,,,,0.220717,0.168958,0.185840,0.207649,0.056804,0.180578,0.271466,0.255143,0.224083,0.325111,0.243083,0.283716,0.204332,0.252569,0.195197
3491,14.545833,,,,,,,,,,,,,,,,0.220718,0.168956,0.185836,0.207650,0.056806,0.180573,0.271464,0.255143,0.224082,0.325092,0.243080,0.283738,0.204350,0.252488,0.195277
3492,14.550000,,,,,,,,,,,,,,,,0.220720,0.168957,0.185829,0.207655,0.056806,0.180570,0.271462,0.255144,0.224080,0.325083,0.243078,0.283738,0.204370,0.252467,0.195322
3493,14.554167,,,,,,,,,,,,,,,,0.220719,0.168958,0.185829,0.207656,0.056803,0.180571,0.271460,0.255145,0.224078,0.325074,0.243076,0.283738,0.204375,0.252492,0.195289
3494,14.558333,,,,,,,,,,,,,,,,0.220723,0.168953,0.185824,0.207657,0.056802,0.180566,0.271458,0.255147,0.224074,0.325066,0.243076,0.283740,0.204365,0.252492,0.195275
3495,14.562500,,,,,,,,,,,,,,,,0.220726,0.168953,0.185823,0.207657,0.056802,0.180564,0.271445,0.255149,0.224057,0.325060,0.243078,0.283743,0.204358,0.252489,0.195266
3496,14.566667,,,,,,,,,,,,,,,,0.220727,0.168954,0.185819,0.207657,0.056801,0.180561,0.271443,0.255151,0.224056,0.325051,0.243083,0.283743,0.204357,0.252491,0.195256
3497,14.570833,,,,,,,,,,,,,,,,0.220728,0.168953,0.185815,0.207659,0.056801,0.180557,0.271439,0.255155,0.224050,0.325043,0.243091,0.283747,0.204357,0.252489,0.195251
3498,14.575000,,,,,,,,,,,,,,,,0.220730,0.168951,0.185808,0.207660,0.056797,0.180558,0.271437,0.255157,0.224049,0.325036,0.243100,0.283751,0.204359,0.252486,0.195241
3499,14.579167,,,,,,,,,,,,,,,,0.220731,0.168952,0.185807,0.207662,0.056797,0.180557,0.271436,0.255162,0.224045,0.325029,0.243111,0.283757,0.204361,0.252484,0.195233
3500,14.583333,,,,,,,,,,,,,,,,0.220739,0.168958,0.185795,0.207663,0.056795,0.180557,0.271433,0.255164,0.224041,0.325024,0.243125,0.283761,0.204360,0.252487,0.195227
3501,14.587500,,,,,,,,,,,,,,,,0.220736,0.168950,0.185796,0.207664,0.056795,0.180557,0.271433,0.255167,0.224037,0.325019,0.243138,0.283767,0.204361,0.252483,0.195218
3502,14.591667,,,,,,,,,,,,,,,,0.220752,0.168951,0.185781,0.207665,0.056791,0.180558,0.271432,0.255171,0.224035,0.325014,0.243153,0.283771,0.204362,0.252485,0.195214
3503,14.595833,,,,,,,,,,,,,,,,0.220741,0.168949,0.185793,0.207666,0.056791,0.180561,0.271434,0.255174,0.224027,0.325004,0.243212,0.283775,0.204365,0.252485,0.195208
3504,14.600000,,,,,,,,,,,,,,,,0.220750,0.168942,0.185785,0.207668,0.056792,0.180563,0.271433,0.255178,0.224023,0.325001,0.243233,0.283783,0.204362,0.252482,0.195205
3505,14.604167,,,,,,,,,,,,,,,,0.220748,0.168944,0.185785,0.207669,0.056791,0.180569,0.271434,0.255181,0.224025,0.324998,0.243252,0.283789,0.204363,0.252482,0.195197
3506,14.608333,,,,,,,,,,,,,,,,0.220739,0.168952,0.185792,0.207670,0.056790,0.180576,0.271428,0.255190,0.224025,0.324996,0.243272,0.283797,0.204349,0.252556,0.195108
3507,14.612500,,,,,,,,,,,,,,,,0.220738,0.168949,0.185796,0.207669,0.056790,0.180580,0.271427,0.255195,0.224025,0.324995,0.243298,0.283804,0.204356,0.252480,0.195178
3508,14.616667,,,,,,,,,,,,,,,,0.220750,0.168946,0.185789,0.207666,0.056789,0.180587,0.271432,0.255199,0.224021,0.324994,0.243318,0.283814,0.204369,0.252488,0.195200
3509,14.620833,,,,,,,,,,,,,,,,0.220750,0.168948,0.185787,0.207663,0.056793,0.180597,0.271428,0.255217,0.224017,0.324997,0.243340,0.283822,0.204358,0.252567,0.195133
3510,14.625000,,,,,,,,,,,,,,,,0.220744,0.168962,0.185798,0.207664,0.056792,0.180602,0.271430,0.255220,0.224019,0.324999,0.243364,0.283831,0.204360,0.252490,0.195197
3511,14.629167,,,,,,,,,,,,,,,,0.220747,0.168951,0.185796,0.207666,0.056791,0.180607,0.271435,0.255224,0.224016,0.325002,0.243379,0.283838,0.204358,0.252571,0.195142
3512,14.633333,,,,,,,,,,,,,,,,0.220737,0.168957,0.185812,0.207664,0.056793,0.180610,0.271436,0.255227,0.224017,0.325005,0.243399,0.283842,0.204366,0.252493,0.195210
3513,14.637500,,,,,,,,,,,,,,,,0.220736,0.168957,0.185816,0.207659,0.056792,0.180617,0.271435,0.255232,0.224024,0.325011,0.243417,0.283848,0.204380,0.252496,0.195226
3514,14.641667,,,,,,,,,,,,,,,,0.220734,0.168957,0.185817,0.207657,0.056795,0.180623,0.271436,0.255236,0.224028,0.325017,0.243433,0.283852,0.204367,0.252574,0.195159
3515,14.645833,,,,,,,,,,,,,,,,0.220734,0.168960,0.185823,0.207654,0.056795,0.180622,0.271441,0.255239,0.224026,0.325024,0.243445,0.283857,0.204373,0.252494,0.195227
3516,14.650000,,,,,,,,,,,,,,,,0.220738,0.168957,0.185828,0.207653,0.056795,0.180625,0.271451,0.255241,0.224049,0.325030,0.243456,0.283858,0.204386,0.252496,0.195248
3517,14.654167,,,,,,,,,,,,,,,,0.220739,0.168956,0.185832,0.207656,0.056793,0.180623,0.271452,0.255245,0.224052,0.325039,0.243462,0.283858,0.204389,0.252494,0.195249
3518,14.658333,,,,,,,,,,,,,,,,0.220740,0.168955,0.185835,0.207656,0.056794,0.180625,0.271461,0.255242,0.224057,0.325048,0.243470,0.283856,0.204387,0.252491,0.195251
3519,14.662500,,,,,,,,,,,,,,,,0.220745,0.168951,0.185839,0.207657,0.056794,0.180620,0.271462,0.255245,0.224055,0.325058,0.243470,0.283852,0.204387,0.252483,0.195249
3520,14.666667,,,,,,,,,,,,,,,,0.220745,0.168949,0.185844,0.207657,0.056792,0.180614,0.271464,0.255245,0.224060,0.325068,0.243472,0.283848,0.204384,0.252483,0.195246
3521,14.670833,,,,,,,,,,,,,,,,0.220748,0.168947,0.185844,0.207653,0.056793,0.180613,0.271463,0.255243,0.224073,0.325074,0.243469,0.283845,0.204383,0.252482,0.195256
3522,14.675000,,,,,,,,,,,,,,,,0.220746,0.168944,0.185850,0.207650,0.056792,0.180608,0.271467,0.255239,0.224074,0.325083,0.243466,0.283840,0.204383,0.252478,0.195255
3523,14.679167,,,,,,,,,,,,,,,,0.220746,0.168945,0.185850,0.207648,0.056793,0.180600,0.271462,0.255240,0.224075,0.325091,0.243459,0.283832,0.204384,0.252476,0.195260
3524,14.683333,,,,,,,,,,,,,,,,0.220743,0.168946,0.185854,0.207645,0.056792,0.180593,0.271463,0.255224,0.224093,0.325101,0.243450,0.283825,0.204380,0.252478,0.195263
3525,14.687500,,,,,,,,,,,,,,,,0.220742,0.168942,0.185855,0.207641,0.056792,0.180589,0.271464,0.255218,0.224098,0.325107,0.243437,0.283818,0.204376,0.252477,0.195266
3526,14.691667,,,,,,,,,,,,,,,,0.220744,0.168944,0.185858,0.207639,0.056795,0.180584,0.271465,0.255214,0.224103,0.325114,0.243422,0.283813,0.204379,0.252478,0.195275
3527,14.695833,,,,,,,,,,,,,,,,0.220743,0.168942,0.185859,0.207636,0.056798,0.180581,0.271464,0.255208,0.224107,0.325119,0.243407,0.283805,0.204374,0.252480,0.195277
3528,14.700000,,,,,,,,,,,,,,,,0.220743,0.168945,0.185860,0.207636,0.056796,0.180575,0.271464,0.255203,0.224112,0.325125,0.243386,0.283795,0.204374,0.252479,0.195279
3529,14.704167,,,,,,,,,,,,,,,,0.220743,0.168943,0.185865,0.207634,0.056800,0.180568,0.271463,0.255196,0.224116,0.325123,0.243364,0.283790,0.204383,0.252458,0.195322
3530,14.708333,,,,,,,,,,,,,,,,0.220739,0.168943,0.185862,0.207635,0.056799,0.180563,0.271460,0.255190,0.224119,0.325118,0.243341,0.283784,0.204384,0.252461,0.195330
3531,14.712500,,,,,,,,,,,,,,,,0.220737,0.168945,0.185861,0.207632,0.056799,0.180563,0.271459,0.255183,0.224122,0.325115,0.243310,0.283779,0.204379,0.252491,0.195305
3532,14.716667,,,,,,,,,,,,,,,,0.220736,0.168947,0.185857,0.207632,0.056801,0.180557,0.271455,0.255176,0.224123,0.325107,0.243286,0.283777,0.204380,0.252464,0.195327
3533,14.720833,,,,,,,,,,,,,,,,0.220730,0.168948,0.185857,0.207632,0.056802,0.180555,0.271450,0.255171,0.224123,0.325094,0.243257,0.283775,0.204382,0.252468,0.195337
3534,14.725000,,,,,,,,,,,,,,,,0.220726,0.168952,0.185855,0.207630,0.056804,0.180556,0.271446,0.255166,0.224125,0.325073,0.243227,0.283787,0.204379,0.252470,0.195337
3535,14.729167,,,,,,,,,,,,,,,,0.220723,0.168952,0.185851,0.207626,0.056803,0.180557,0.271443,0.255159,0.224125,0.325058,0.243200,0.283788,0.204351,0.252572,0.195219
3536,14.733333,,,,,,,,,,,,,,,,0.220719,0.168951,0.185850,0.207624,0.056804,0.180554,0.271439,0.255153,0.224124,0.325047,0.243142,0.283801,0.204347,0.252497,0.195276
3537,14.737500,,,,,,,,,,,,,,,,0.220717,0.168954,0.185848,0.207625,0.056802,0.180555,0.271434,0.255148,0.224121,0.325036,0.243102,0.283792,0.204363,0.252502,0.195295
3538,14.741667,,,,,,,,,,,,,,,,0.220715,0.168953,0.185843,0.207626,0.056802,0.180555,0.271432,0.255142,0.224118,0.325018,0.243072,0.283795,0.204362,0.252499,0.195289
3539,14.745833,,,,,,,,,,,,,,,,0.220711,0.168959,0.185840,0.207627,0.056805,0.180554,0.271416,0.255139,0.224101,0.324995,0.243044,0.283793,0.204337,0.252578,0.195195
3540,14.750000,,,,,,,,,,,,,,,,0.220708,0.168959,0.185838,0.207627,0.056802,0.180553,0.271421,0.255135,0.224110,0.324975,0.243016,0.283797,0.204312,0.252594,0.195193
3541,14.754167,,,,,,,,,,,,,,,,0.220704,0.168958,0.185834,0.207628,0.056801,0.180557,0.271407,0.255132,0.224092,0.324950,0.242991,0.283805,0.204311,0.252595,0.195186
3542,14.758333,,,,,,,,,,,,,,,,0.220700,0.168962,0.185825,0.207631,0.056802,0.180553,0.271400,0.255132,0.224085,0.324924,0.242971,0.283813,0.204309,0.252593,0.195178
3543,14.762500,,,,,,,,,,,,,,,,0.220697,0.168964,0.185820,0.207633,0.056800,0.180555,0.271395,0.255128,0.224080,0.324887,0.242940,0.283826,0.204309,0.252594,0.195171
3544,14.766667,,,,,,,,,,,,,,,,0.220704,0.168972,0.185808,0.207634,0.056796,0.180557,0.271386,0.255129,0.224067,0.324863,0.242927,0.283833,0.204319,0.252572,0.195130
3545,14.770833,,,,,,,,,,,,,,,,0.220694,0.168968,0.185809,0.207636,0.056797,0.180557,0.271380,0.255127,0.224062,0.324842,0.242915,0.283841,0.204305,0.252595,0.195155
3546,14.775000,,,,,,,,,,,,,,,,0.220693,0.168966,0.185805,0.207637,0.056796,0.180562,0.271377,0.255128,0.224055,0.324825,0.242906,0.283845,0.204309,0.252596,0.195155
3547,14.779167,,,,,,,,,,,,,,,,0.220695,0.168965,0.185805,0.207639,0.056795,0.180567,0.271373,0.255129,0.224049,0.324809,0.242906,0.283852,0.204306,0.252597,0.195150
3548,14.783333,,,,,,,,,,,,,,,,0.220697,0.168979,0.185794,0.207640,0.056798,0.180571,0.271369,0.255128,0.224044,0.324794,0.242908,0.283855,0.204307,0.252598,0.195142
3549,14.787500,,,,,,,,,,,,,,,,0.220691,0.168975,0.185793,0.207643,0.056797,0.180571,0.271365,0.255133,0.224038,0.324780,0.242903,0.283869,0.204304,0.252602,0.195144
3550,14.791667,,,,,,,,,,,,,,,,0.220689,0.168971,0.185791,0.207646,0.056800,0.180570,0.271363,0.255137,0.224034,0.324774,0.242919,0.283860,0.204300,0.252600,0.195131
3551,14.795833,,,,,,,,,,,,,,,,0.220686,0.168974,0.185784,0.207649,0.056798,0.180571,0.271358,0.255139,0.224030,0.324767,0.242932,0.283857,0.204300,0.252605,0.195131
3552,14.800000,,,,,,,,,,,,,,,,0.220687,0.168973,0.185782,0.207650,0.056798,0.180569,0.271357,0.255144,0.224025,0.324765,0.242945,0.283857,0.204300,0.252602,0.195128
3553,14.804167,,,,,,,,,,,,,,,,0.220687,0.168974,0.185781,0.207650,0.056797,0.180571,0.271354,0.255148,0.224020,0.324766,0.242963,0.283852,0.204297,0.252601,0.195123
3554,14.808333,,,,,,,,,,,,,,,,0.220687,0.168975,0.185777,0.207650,0.056796,0.180568,0.271352,0.255155,0.224015,0.324767,0.242982,0.283848,0.204298,0.252603,0.195122
3555,14.812500,,,,,,,,,,,,,,,,0.220686,0.168976,0.185774,0.207651,0.056796,0.180566,0.271351,0.255160,0.224012,0.324774,0.243006,0.283841,0.204294,0.252598,0.195116
3556,14.816667,,,,,,,,,,,,,,,,0.220696,0.168983,0.185768,0.207653,0.056793,0.180568,0.271351,0.255165,0.224010,0.324783,0.243029,0.283834,0.204294,0.252596,0.195112
3557,14.820833,,,,,,,,,,,,,,,,0.220700,0.168985,0.185767,0.207651,0.056796,0.180572,0.271350,0.255173,0.224009,0.324809,0.243068,0.283821,0.204290,0.252598,0.195110
3558,14.825000,,,,,,,,,,,,,,,,0.220699,0.168984,0.185767,0.207652,0.056793,0.180575,0.271348,0.255178,0.224006,0.324821,0.243098,0.283815,0.204290,0.252594,0.195110
3559,14.829167,,,,,,,,,,,,,,,,0.220702,0.168983,0.185767,0.207652,0.056792,0.180575,0.271350,0.255186,0.224005,0.324834,0.243126,0.283808,0.204287,0.252598,0.195120
3560,14.833333,,,,,,,,,,,,,,,,0.220704,0.168986,0.185768,0.207653,0.056794,0.180572,0.271350,0.255196,0.224002,0.324849,0.243170,0.283815,0.204291,0.252595,0.195118
3561,14.837500,,,,,,,,,,,,,,,,0.220709,0.168983,0.185771,0.207654,0.056795,0.180571,0.271354,0.255203,0.224005,0.324869,0.243198,0.283807,0.204286,0.252597,0.195120
3562,14.841667,,,,,,,,,,,,,,,,0.220713,0.168983,0.185776,0.207656,0.056792,0.180570,0.271352,0.255220,0.224006,0.324889,0.243225,0.283801,0.204289,0.252596,0.195124
3563,14.845833,,,,,,,,,,,,,,,,0.220718,0.168982,0.185779,0.207655,0.056793,0.180572,0.271356,0.255242,0.223998,0.324902,0.243290,0.283780,0.204290,0.252593,0.195128
3564,14.850000,,,,,,,,,,,,,,,,0.220725,0.168978,0.185781,0.207656,0.056794,0.180569,0.271359,0.255252,0.223999,0.324920,0.243318,0.283775,0.204291,0.252593,0.195130
3565,14.854167,,,,,,,,,,,,,,,,0.220724,0.168969,0.185790,0.207656,0.056793,0.180563,0.271362,0.255261,0.223998,0.324939,0.243346,0.283768,0.204291,0.252591,0.195134
3566,14.858333,,,,,,,,,,,,,,,,0.220727,0.168967,0.185797,0.207655,0.056795,0.180562,0.271365,0.255268,0.224000,0.324956,0.243376,0.283760,0.204290,0.252585,0.195131
3567,14.862500,,,,,,,,,,,,,,,,0.220730,0.168964,0.185796,0.207656,0.056792,0.180560,0.271370,0.255276,0.224003,0.324981,0.243400,0.283741,0.204291,0.252585,0.195141
3568,14.866667,,,,,,,,,,,,,,,,0.220742,0.168969,0.185792,0.207655,0.056792,0.180560,0.271373,0.255283,0.224004,0.324999,0.243421,0.283733,0.204293,0.252581,0.195143
3569,14.870833,,,,,,,,,,,,,,,,0.220746,0.168969,0.185790,0.207653,0.056797,0.180555,0.271377,0.255288,0.224006,0.325019,0.243443,0.283723,0.204293,0.252579,0.195146
3570,14.875000,,,,,,,,,,,,,,,,0.220749,0.168966,0.185794,0.207654,0.056793,0.180552,0.271383,0.255291,0.224009,0.325036,0.243458,0.283716,0.204296,0.252580,0.195153
3571,14.879167,,,,,,,,,,,,,,,,0.220754,0.168964,0.185799,0.207652,0.056793,0.180550,0.271386,0.255293,0.224010,0.325054,0.243472,0.283708,0.204300,0.252577,0.195150
3572,14.883333,,,,,,,,,,,,,,,,0.220754,0.168960,0.185804,0.207651,0.056792,0.180548,0.271391,0.255296,0.224010,0.325068,0.243483,0.283701,0.204302,0.252572,0.195148
3573,14.887500,,,,,,,,,,,,,,,,0.220755,0.168951,0.185801,0.207646,0.056793,0.180555,0.271396,0.255295,0.224012,0.325079,0.243490,0.283697,0.204288,0.252526,0.195209
3574,14.891667,,,,,,,,,,,,,,,,0.220756,0.168949,0.185801,0.207645,0.056791,0.180552,0.271397,0.255294,0.224014,0.325089,0.243494,0.283694,0.204306,0.252575,0.195159
3575,14.895833,,,,,,,,,,,,,,,,0.220749,0.168961,0.185806,0.207642,0.056797,0.180551,0.271398,0.255290,0.224013,0.325098,0.243494,0.283690,0.204302,0.252574,0.195155
3576,14.900000,,,,,,,,,,,,,,,,0.220737,0.168958,0.185813,0.207640,0.056795,0.180550,0.271401,0.255287,0.224014,0.325103,0.243489,0.283689,0.204307,0.252548,0.195110
3577,14.904167,,,,,,,,,,,,,,,,0.220740,0.168965,0.185807,0.207636,0.056796,0.180559,0.271402,0.255283,0.224015,0.325107,0.243480,0.283688,0.204299,0.252574,0.195153
3578,14.908333,,,,,,,,,,,,,,,,0.220734,0.168961,0.185814,0.207635,0.056799,0.180559,0.271404,0.255277,0.224014,0.325107,0.243468,0.283689,0.204303,0.252578,0.195160
3579,14.912500,,,,,,,,,,,,,,,,0.220737,0.168967,0.185813,0.207632,0.056800,0.180562,0.271406,0.255271,0.224013,0.325103,0.243451,0.283691,0.204307,0.252577,0.195157
3580,14.916667,,,,,,,,,,,,,,,,0.220726,0.168961,0.185820,0.207628,0.056802,0.180567,0.271409,0.255265,0.224013,0.325099,0.243432,0.283693,0.204308,0.252581,0.195161
3581,14.920833,,,,,,,,,,,,,,,,0.220721,0.168964,0.185820,0.207628,0.056806,0.180569,0.271411,0.255259,0.224010,0.325090,0.243407,0.283695,0.204306,0.252586,0.195167
3582,14.925000,,,,,,,,,,,,,,,,0.220719,0.168966,0.185819,0.207628,0.056809,0.180572,0.271410,0.255252,0.224007,0.325081,0.243381,0.283700,0.204313,0.252591,0.195175
3583,14.929167,,,,,,,,,,,,,,,,0.220721,0.168975,0.185811,0.207627,0.056812,0.180577,0.271413,0.255238,0.223998,0.325069,0.243351,0.283703,0.204319,0.252572,0.195141
3584,14.933333,,,,,,,,,,,,,,,,0.220718,0.168979,0.185809,0.207627,0.056812,0.180579,0.271414,0.255229,0.223994,0.325054,0.243320,0.283705,0.204314,0.252595,0.195173
3585,14.937500,,,,,,,,,,,,,,,,0.220710,0.168972,0.185811,0.207629,0.056812,0.180578,0.271416,0.255222,0.223993,0.325042,0.243281,0.283704,0.204314,0.252596,0.195175
3586,14.941667,,,,,,,,,,,,,,,,0.220709,0.168972,0.185811,0.207626,0.056813,0.180580,0.271416,0.255216,0.223987,0.325019,0.243244,0.283718,0.204313,0.252600,0.195174
3587,14.945833,,,,,,,,,,,,,,,,0.220706,0.168971,0.185806,0.207625,0.056814,0.180579,0.271415,0.255208,0.223982,0.325012,0.243167,0.283719,0.204322,0.252577,0.195134
3588,14.950000,,,,,,,,,,,,,,,,0.220702,0.168970,0.185801,0.207625,0.056811,0.180576,0.271414,0.255200,0.223976,0.325000,0.243130,0.283715,0.204312,0.252599,0.195159
3589,14.954167,,,,,,,,,,,,,,,,0.220700,0.168969,0.185799,0.207627,0.056808,0.180574,0.271415,0.255190,0.223966,0.324985,0.243095,0.283713,0.204315,0.252601,0.195159
3590,14.958333,,,,,,,,,,,,,,,,0.220696,0.168969,0.185795,0.207625,0.056810,0.180573,0.271409,0.255172,0.223973,0.324968,0.243060,0.283706,0.204313,0.252599,0.195150
3591,14.962500,,,,,,,,,,,,,,,,0.220691,0.168972,0.185787,0.207625,0.056808,0.180571,0.271405,0.255166,0.223968,0.324955,0.243020,0.283692,0.204308,0.252597,0.195136
3592,14.966667,,,,,,,,,,,,,,,,0.220691,0.168968,0.185781,0.207626,0.056802,0.180573,0.271402,0.255158,0.223964,0.324939,0.242985,0.283689,0.204307,0.252600,0.195129
3593,14.970833,,,,,,,,,,,,,,,,0.220693,0.168979,0.185770,0.207625,0.056802,0.180572,0.271398,0.255151,0.223962,0.324928,0.242955,0.283682,0.204307,0.252600,0.195124
3594,14.975000,,,,,,,,,,,,,,,,0.220686,0.168971,0.185774,0.207628,0.056799,0.180568,0.271395,0.255148,0.223957,0.324919,0.242924,0.283678,0.204303,0.252602,0.195118
3595,14.979167,,,,,,,,,,,,,,,,0.220694,0.168977,0.185767,0.207630,0.056799,0.180570,0.271392,0.255141,0.223955,0.324895,0.242873,0.283664,0.204302,0.252595,0.195100
3596,14.983333,,,,,,,,,,,,,,,,0.220694,0.168980,0.185766,0.207636,0.056797,0.180566,0.271391,0.255136,0.223948,0.324884,0.242845,0.283656,0.204304,0.252595,0.195095
3597,14.987500,,,,,,,,,,,,,,,,0.220686,0.168973,0.185772,0.207639,0.056798,0.180565,0.271387,0.255132,0.223950,0.324878,0.242825,0.283652,0.204297,0.252596,0.195088
3598,14.991667,,,,,,,,,,,,,,,,0.220686,0.168968,0.185775,0.207641,0.056795,0.180569,0.271384,0.255130,0.223945,0.324873,0.242805,0.283647,0.204298,0.252594,0.195084
3599,14.995833,,,,,,,,,,,,,,,,0.220685,0.168970,0.185770,0.207645,0.056794,0.180571,0.271381,0.255125,0.223943,0.324867,0.242793,0.283644,0.204299,0.252597,0.195093
3600,15.000000,,,,,,,,,,,,,,,,0.220681,0.168975,0.185768,0.207645,0.056793,0.180572,0.271375,0.255127,0.223944,0.324865,0.242785,0.283640,0.204297,0.252598,0.195092
3601,15.004167,,,,,,,,,,,,,,,,0.220685,0.168983,0.185760,0.207643,0.056795,0.180576,0.271372,0.255128,0.223943,0.324864,0.242775,0.283639,0.204299,0.252599,0.195099
3602,15.008333,,,,,,,,,,,,,,,,0.220674,0.168979,0.185768,0.207643,0.056796,0.180579,0.271369,0.255129,0.223942,0.324862,0.242778,0.283635,0.204300,0.252602,0.195107
3603,15.012500,,,,,,,,,,,,,,,,0.220673,0.168979,0.185773,0.207644,0.056796,0.180581,0.271367,0.255129,0.223945,0.324864,0.242778,0.283633,0.204294,0.252609,0.195118
3604,15.016667,,,,,,,,,,,,,,,,0.220672,0.168979,0.185775,0.207642,0.056798,0.180588,0.271364,0.255135,0.223950,0.324865,0.242788,0.283631,0.204304,0.252612,0.195130
3605,15.020833,,,,,,,,,,,,,,,,0.220672,0.168981,0.185777,0.207643,0.056795,0.180593,0.271362,0.255135,0.223952,0.324873,0.242793,0.283628,0.204307,0.252611,0.195142
3606,15.025000,,,,,,,,,,,,,,,,0.220673,0.168980,0.185781,0.207644,0.056796,0.180594,0.271365,0.255138,0.223948,0.324879,0.242809,0.283624,0.204306,0.252613,0.195148
3607,15.029167,,,,,,,,,,,,,,,,0.220676,0.168980,0.185787,0.207647,0.056795,0.180599,0.271364,0.255145,0.223958,0.324886,0.242821,0.283619,0.204303,0.252612,0.195151
3608,15.033333,,,,,,,,,,,,,,,,0.220682,0.168991,0.185781,0.207647,0.056795,0.180601,0.271363,0.255150,0.223962,0.324896,0.242835,0.283618,0.204299,0.252612,0.195151
3609,15.037500,,,,,,,,,,,,,,,,0.220685,0.168991,0.185780,0.207648,0.056794,0.180603,0.271363,0.255156,0.223966,0.324907,0.242857,0.283616,0.204297,0.252608,0.195152
3610,15.041667,,,,,,,,,,,,,,,,0.220682,0.168985,0.185793,0.207650,0.056794,0.180604,0.271365,0.255161,0.223970,0.324932,0.242889,0.283608,0.204301,0.252607,0.195163
3611,15.045833,,,,,,,,,,,,,,,,0.220688,0.168991,0.185786,0.207652,0.056792,0.180602,0.271367,0.255169,0.223972,0.324940,0.242925,0.283618,0.204301,0.252606,0.195164
3612,15.050000,,,,,,,,,,,,,,,,0.220689,0.168981,0.185797,0.207651,0.056796,0.180604,0.271367,0.255173,0.223975,0.324951,0.242952,0.283617,0.204303,0.252599,0.195159
3613,15.054167,,,,,,,,,,,,,,,,0.220694,0.168979,0.185808,0.207651,0.056796,0.180598,0.271370,0.255192,0.223971,0.324966,0.242976,0.283628,0.204299,0.252597,0.195163
3614,15.058333,,,,,,,,,,,,,,,,0.220699,0.168976,0.185815,0.207650,0.056795,0.180597,0.271372,0.255185,0.223982,0.324983,0.243006,0.283628,0.204301,0.252595,0.195167
3615,15.062500,,,,,,,,,,,,,,,,0.220705,0.168975,0.185812,0.207649,0.056796,0.180595,0.271376,0.255190,0.223987,0.324998,0.243037,0.283631,0.204301,0.252595,0.195177
3616,15.066667,,,,,,,,,,,,,,,,0.220711,0.168972,0.185816,0.207649,0.056794,0.180586,0.271381,0.255207,0.223981,0.325010,0.243064,0.283639,0.204307,0.252593,0.195181
3617,15.070833,,,,,,,,,,,,,,,,0.220718,0.168968,0.185821,0.207647,0.056796,0.180583,0.271387,0.255212,0.223986,0.325014,0.243100,0.283668,0.204305,0.252592,0.195183
3618,15.075000,,,,,,,,,,,,,,,,0.220725,0.168964,0.185824,0.207647,0.056796,0.180578,0.271393,0.255217,0.223990,0.325026,0.243126,0.283675,0.204301,0.252586,0.195178
3619,15.079167,,,,,,,,,,,,,,,,0.220730,0.168960,0.185827,0.207647,0.056793,0.180575,0.271398,0.255221,0.223996,0.325044,0.243176,0.283648,0.204310,0.252584,0.195184
3620,15.083333,,,,,,,,,,,,,,,,0.220742,0.168966,0.185823,0.207650,0.056790,0.180570,0.271404,0.255223,0.224001,0.325052,0.243200,0.283656,0.204322,0.252563,0.195157
3621,15.087500,,,,,,,,,,,,,,,,0.220747,0.168964,0.185823,0.207649,0.056793,0.180569,0.271406,0.255225,0.224018,0.325063,0.243222,0.283659,0.204318,0.252553,0.195144
3622,15.091667,,,,,,,,,,,,,,,,0.220744,0.168951,0.185833,0.207650,0.056787,0.180568,0.271413,0.255227,0.224011,0.325073,0.243239,0.283667,0.204320,0.252550,0.195133
3623,15.095833,,,,,,,,,,,,,,,,0.220744,0.168950,0.185832,0.207650,0.056786,0.180562,0.271415,0.255237,0.224022,0.325075,0.243270,0.283684,0.204323,0.252549,0.195133
3624,15.100000,,,,,,,,,,,,,,,,0.220746,0.168947,0.185829,0.207646,0.056790,0.180563,0.271419,0.255237,0.224028,0.325080,0.243284,0.283692,0.204330,0.252551,0.195138
3625,15.104167,,,,,,,,,,,,,,,,0.220746,0.168948,0.185828,0.207645,0.056790,0.180561,0.271423,0.255224,0.224029,0.325084,0.243296,0.283701,0.204355,0.252471,0.195217
3626,15.108333,,,,,,,,,,,,,,,,0.220755,0.168955,0.185818,0.207643,0.056789,0.180561,0.271429,0.255206,0.224044,0.325085,0.243304,0.283711,0.204366,0.252480,0.195235
3627,15.112500,,,,,,,,,,,,,,,,0.220755,0.168957,0.185823,0.207640,0.056796,0.180559,0.271433,0.255204,0.224050,0.325083,0.243306,0.283722,0.204371,0.252482,0.195232
3628,15.116667,,,,,,,,,,,,,,,,0.220755,0.168958,0.185826,0.207637,0.056798,0.180561,0.271449,0.255201,0.224068,0.325076,0.243307,0.283735,0.204370,0.252486,0.195233
3629,15.120833,,,,,,,,,,,,,,,,0.220756,0.168959,0.185824,0.207636,0.056799,0.180560,0.271451,0.255195,0.224070,0.325068,0.243303,0.283748,0.204380,0.252491,0.195241
3630,15.125000,,,,,,,,,,,,,,,,0.220755,0.168963,0.185821,0.207634,0.056803,0.180563,0.271454,0.255192,0.224073,0.325058,0.243293,0.283762,0.204387,0.252497,0.195244
3631,15.129167,,,,,,,,,,,,,,,,0.220754,0.168964,0.185821,0.207630,0.056808,0.180563,0.271455,0.255185,0.224073,0.325035,0.243281,0.283786,0.204386,0.252497,0.195235
3632,15.133333,,,,,,,,,,,,,,,,0.220746,0.168956,0.185824,0.207628,0.056806,0.180562,0.271454,0.255179,0.224072,0.325016,0.243265,0.283799,0.204387,0.252500,0.195230
3633,15.137500,,,,,,,,,,,,,,,,0.220750,0.168963,0.185811,0.207625,0.056805,0.180565,0.271452,0.255174,0.224072,0.324999,0.243245,0.283811,0.204393,0.252504,0.195229
3634,15.141667,,,,,,,,,,,,,,,,0.220746,0.168966,0.185806,0.207625,0.056804,0.180564,0.271450,0.255167,0.224070,0.324980,0.243192,0.283835,0.204395,0.252504,0.195218
3635,15.145833,,,,,,,,,,,,,,,,0.220744,0.168966,0.185802,0.207624,0.056801,0.180563,0.271438,0.255161,0.224054,0.324954,0.243162,0.283849,0.204393,0.252499,0.195209
3636,15.150000,,,,,,,,,,,,,,,,0.220743,0.168967,0.185795,0.207621,0.056804,0.180564,0.271435,0.255155,0.224052,0.324930,0.243122,0.283853,0.204396,0.252503,0.195201
3637,15.154167,,,,,,,,,,,,,,,,0.220737,0.168967,0.185789,0.207623,0.056801,0.180562,0.271434,0.255145,0.224049,0.324902,0.243088,0.283866,0.204398,0.252504,0.195188
3638,15.158333,,,,,,,,,,,,,,,,0.220738,0.168966,0.185783,0.207624,0.056800,0.180557,0.271432,0.255142,0.224042,0.324870,0.243057,0.283878,0.204396,0.252505,0.195180
3639,15.162500,,,,,,,,,,,,,,,,0.220735,0.168968,0.185777,0.207624,0.056798,0.180555,0.271428,0.255136,0.224034,0.324826,0.243011,0.283894,0.204395,0.252509,0.195172
3640,15.166667,,,,,,,,,,,,,,,,0.220733,0.168969,0.185769,0.207624,0.056799,0.180556,0.271425,0.255130,0.224030,0.324796,0.242980,0.283901,0.204387,0.252513,0.195162
3641,15.170833,,,,,,,,,,,,,,,,0.220734,0.168967,0.185764,0.207624,0.056800,0.180557,0.271419,0.255123,0.224025,0.324769,0.242943,0.283909,0.204383,0.252509,0.195146
3642,15.175000,,,,,,,,,,,,,,,,0.220729,0.168973,0.185758,0.207622,0.056801,0.180555,0.271416,0.255118,0.224021,0.324742,0.242909,0.283924,0.204378,0.252514,0.195132
3643,15.179167,,,,,,,,,,,,,,,,0.220725,0.168975,0.185753,0.207622,0.056800,0.180555,0.271410,0.255113,0.224015,0.324709,0.242881,0.283940,0.204367,0.252541,0.195161
3644,15.183333,,,,,,,,,,,,,,,,0.220722,0.168973,0.185751,0.207622,0.056800,0.180556,0.271403,0.255108,0.224009,0.324689,0.242853,0.283941,0.204341,0.252619,0.195074
3645,15.187500,,,,,,,,,,,,,,,,0.220719,0.168974,0.185746,0.207625,0.056798,0.180557,0.271398,0.255104,0.224003,0.324668,0.242828,0.283927,0.204344,0.252533,0.195108
3646,15.191667,,,,,,,,,,,,,,,,0.220714,0.168976,0.185739,0.207629,0.056796,0.180557,0.271390,0.255102,0.223998,0.324660,0.242791,0.283912,0.204337,0.252619,0.195054
3647,15.195833,,,,,,,,,,,,,,,,0.220709,0.168978,0.185734,0.207629,0.056795,0.180560,0.271383,0.255098,0.223991,0.324641,0.242747,0.283897,0.204341,0.252536,0.195100
3648,15.200000,,,,,,,,,,,,,,,,0.220706,0.168978,0.185730,0.207631,0.056793,0.180560,0.271376,0.255098,0.223974,0.324627,0.242731,0.283890,0.204328,0.252615,0.195036
3649,15.204167,,,,,,,,,,,,,,,,0.220706,0.168978,0.185726,0.207632,0.056793,0.180558,0.271370,0.255097,0.223970,0.324620,0.242718,0.283882,0.204313,0.252612,0.195013
3650,15.208333,,,,,,,,,,,,,,,,0.220699,0.168981,0.185727,0.207634,0.056792,0.180559,0.271363,0.255098,0.223965,0.324614,0.242705,0.283875,0.204305,0.252610,0.195005
3651,15.212500,,,,,,,,,,,,,,,,0.220696,0.168981,0.185722,0.207636,0.056791,0.180558,0.271358,0.255097,0.223959,0.324610,0.242700,0.283866,0.204304,0.252615,0.195010
3652,15.216667,,,,,,,,,,,,,,,,0.220686,0.168976,0.185729,0.207636,0.056792,0.180563,0.271352,0.255099,0.223956,0.324610,0.242698,0.283856,0.204300,0.252616,0.195015
3653,15.220833,,,,,,,,,,,,,,,,0.220687,0.168987,0.185724,0.207636,0.056792,0.180563,0.271346,0.255104,0.223953,0.324612,0.242698,0.283846,0.204299,0.252615,0.195018
3654,15.225000,,,,,,,,,,,,,,,,0.220687,0.168992,0.185726,0.207636,0.056793,0.180566,0.271341,0.255110,0.223950,0.324614,0.242700,0.283838,0.204295,0.252618,0.195026
3655,15.229167,,,,,,,,,,,,,,,,0.220684,0.168991,0.185733,0.207636,0.056795,0.180572,0.271336,0.255114,0.223949,0.324621,0.242709,0.283825,0.204288,0.252620,0.195036
3656,15.233333,,,,,,,,,,,,,,,,0.220680,0.168993,0.185732,0.207636,0.056796,0.180577,0.271331,0.255120,0.223949,0.324633,0.242719,0.283813,0.204286,0.252621,0.195039
3657,15.237500,,,,,,,,,,,,,,,,0.220676,0.168998,0.185733,0.207638,0.056793,0.180581,0.271327,0.255128,0.223948,0.324643,0.242734,0.283799,0.204279,0.252621,0.195053
3658,15.241667,,,,,,,,,,,,,,,,0.220669,0.168989,0.185746,0.207641,0.056793,0.180584,0.271324,0.255134,0.223947,0.324671,0.242767,0.283776,0.204287,0.252613,0.195057
3659,15.245833,,,,,,,,,,,,,,,,0.220668,0.168990,0.185753,0.207644,0.056789,0.180587,0.271319,0.255142,0.223947,0.324690,0.242785,0.283761,0.204272,0.252618,0.195069
3660,15.250000,,,,,,,,,,,,,,,,0.220673,0.168997,0.185749,0.207647,0.056790,0.180588,0.271316,0.255151,0.223947,0.324708,0.242805,0.283745,0.204279,0.252611,0.195074
3661,15.254167,,,,,,,,,,,,,,,,0.220673,0.169001,0.185752,0.207646,0.056790,0.180590,0.271310,0.255164,0.223951,0.324731,0.242828,0.283728,0.204282,0.252615,0.195100
3662,15.258333,,,,,,,,,,,,,,,,0.220673,0.169002,0.185759,0.207648,0.056791,0.180591,0.271307,0.255174,0.223954,0.324760,0.242866,0.283695,0.204278,0.252609,0.195105
3663,15.262500,,,,,,,,,,,,,,,,0.220677,0.169002,0.185768,0.207648,0.056791,0.180593,0.271306,0.255184,0.223955,0.324778,0.242905,0.283689,0.204277,0.252610,0.195118
3664,15.266667,,,,,,,,,,,,,,,,0.220671,0.168995,0.185783,0.207648,0.056792,0.180598,0.271307,0.255206,0.223948,0.324803,0.242933,0.283674,0.204275,0.252609,0.195129
3665,15.270833,,,,,,,,,,,,,,,,0.220673,0.168990,0.185795,0.207648,0.056791,0.180596,0.271307,0.255202,0.223961,0.324844,0.242976,0.283649,0.204269,0.252605,0.195140
3666,15.275000,,,,,,,,,,,,,,,,0.220674,0.168990,0.185805,0.207645,0.056792,0.180598,0.271303,0.255236,0.223956,0.324871,0.243007,0.283634,0.204266,0.252605,0.195149
3667,15.279167,,,,,,,,,,,,,,,,0.220677,0.168987,0.185808,0.207645,0.056791,0.180597,0.271302,0.255245,0.223961,0.324896,0.243034,0.283619,0.204264,0.252601,0.195158
3668,15.283333,,,,,,,,,,,,,,,,0.220680,0.168986,0.185816,0.207645,0.056788,0.180598,0.271311,0.255254,0.223966,0.324923,0.243063,0.283603,0.204263,0.252599,0.195177
3669,15.287500,,,,,,,,,,,,,,,,0.220683,0.168984,0.185819,0.207643,0.056789,0.180598,0.271306,0.255262,0.223967,0.324945,0.243091,0.283596,0.204261,0.252598,0.195187
3670,15.291667,,,,,,,,,,,,,,,,0.220693,0.168990,0.185821,0.207642,0.056791,0.180597,0.271304,0.255267,0.223977,0.324966,0.243126,0.283596,0.204260,0.252596,0.195198
3671,15.295833,,,,,,,,,,,,,,,,0.220689,0.168980,0.185830,0.207644,0.056788,0.180594,0.271309,0.255275,0.223986,0.324979,0.243150,0.283611,0.204254,0.252547,0.195265
3672,15.300000,,,,,,,,,,,,,,,,0.220691,0.168979,0.185834,0.207644,0.056789,0.180589,0.271307,0.255279,0.223986,0.325006,0.243196,0.283570,0.204254,0.252547,0.195275
3673,15.304167,,,,,,,,,,,,,,,,0.220695,0.168978,0.185839,0.207642,0.056790,0.180592,0.271318,0.255285,0.223997,0.325027,0.243216,0.283561,0.204263,0.252584,0.195211
3674,15.308333,,,,,,,,,,,,,,,,0.220701,0.168975,0.185848,0.207640,0.056790,0.180586,0.271315,0.255288,0.223998,0.325045,0.243235,0.283561,0.204243,0.252536,0.195267
3675,15.312500,,,,,,,,,,,,,,,,0.220703,0.168974,0.185851,0.207639,0.056791,0.180584,0.271317,0.255290,0.224003,0.325062,0.243251,0.283559,0.204249,0.252540,0.195287
3676,15.316667,,,,,,,,,,,,,,,,0.220705,0.168974,0.185855,0.207637,0.056793,0.180582,0.271323,0.255290,0.224011,0.325075,0.243262,0.283559,0.204252,0.252536,0.195286
3677,15.320833,,,,,,,,,,,,,,,,0.220703,0.168974,0.185855,0.207636,0.056794,0.180579,0.271325,0.255288,0.224013,0.325083,0.243270,0.283564,0.204255,0.252536,0.195285
3678,15.325000,,,,,,,,,,,,,,,,0.220704,0.168973,0.185857,0.207634,0.056794,0.180578,0.271330,0.255284,0.224020,0.325090,0.243275,0.283565,0.204258,0.252534,0.195287
3679,15.329167,,,,,,,,,,,,,,,,0.220705,0.168976,0.185857,0.207633,0.056795,0.180573,0.271333,0.255281,0.224023,0.325091,0.243276,0.283569,0.204259,0.252539,0.195297
3680,15.333333,,,,,,,,,,,,,,,,0.220703,0.168973,0.185855,0.207630,0.056796,0.180572,0.271341,0.255279,0.224018,0.325084,0.243286,0.283588,0.204264,0.252540,0.195294
3681,15.337500,,,,,,,,,,,,,,,,0.220700,0.168975,0.185850,0.207627,0.056798,0.180564,0.271343,0.255272,0.224020,0.325079,0.243266,0.283587,0.204265,0.252542,0.195293
3682,15.341667,,,,,,,,,,,,,,,,0.220700,0.168975,0.185847,0.207624,0.056801,0.180564,0.271343,0.255266,0.224021,0.325068,0.243256,0.283598,0.204269,0.252541,0.195287
3683,15.345833,,,,,,,,,,,,,,,,0.220701,0.168973,0.185841,0.207624,0.056803,0.180560,0.271343,0.255245,0.224030,0.325054,0.243239,0.283612,0.204283,0.252588,0.195225
3684,15.350000,,,,,,,,,,,,,,,,0.220701,0.168972,0.185837,0.207625,0.056802,0.180556,0.271348,0.255251,0.224018,0.325035,0.243218,0.283623,0.204281,0.252592,0.195213
3685,15.354167,,,,,,,,,,,,,,,,0.220701,0.168973,0.185833,0.207623,0.056805,0.180555,0.271349,0.255231,0.224028,0.325004,0.243197,0.283655,0.204281,0.252588,0.195199
3686,15.358333,,,,,,,,,,,,,,,,0.220709,0.168980,0.185823,0.207623,0.056802,0.180554,0.271351,0.255211,0.224022,0.324986,0.243143,0.283684,0.204286,0.252593,0.195195
3687,15.362500,,,,,,,,,,,,,,,,0.220703,0.168975,0.185821,0.207621,0.056802,0.180555,0.271354,0.255203,0.224019,0.324965,0.243114,0.283697,0.204289,0.252595,0.195189
3688,15.366667,,,,,,,,,,,,,,,,0.220697,0.168972,0.185817,0.207621,0.056803,0.180555,0.271353,0.255195,0.224017,0.324936,0.243077,0.283705,0.204292,0.252598,0.195178
3689,15.370833,,,,,,,,,,,,,,,,0.220703,0.168982,0.185804,0.207621,0.056804,0.180557,0.271353,0.255187,0.224013,0.324904,0.243043,0.283724,0.204292,0.252599,0.195162
3690,15.375000,,,,,,,,,,,,,,,,0.220695,0.168977,0.185800,0.207622,0.056803,0.180554,0.271352,0.255178,0.224009,0.324872,0.243007,0.283742,0.204295,0.252603,0.195154
3691,15.379167,,,,,,,,,,,,,,,,0.220699,0.168984,0.185788,0.207619,0.056802,0.180554,0.271350,0.255167,0.224004,0.324821,0.242958,0.283770,0.204294,0.252601,0.195136
3692,15.383333,,,,,,,,,,,,,,,,0.220693,0.168976,0.185787,0.207620,0.056798,0.180554,0.271349,0.255158,0.224000,0.324779,0.242920,0.283782,0.204295,0.252605,0.195124
3693,15.387500,,,,,,,,,,,,,,,,0.220696,0.168984,0.185773,0.207620,0.056798,0.180556,0.271347,0.255150,0.223997,0.324739,0.242875,0.283811,0.204299,0.252604,0.195108
3694,15.391667,,,,,,,,,,,,,,,,0.220689,0.168978,0.185774,0.207622,0.056795,0.180555,0.271345,0.255140,0.223994,0.324715,0.242826,0.283817,0.204288,0.252609,0.195092
3695,15.395833,,,,,,,,,,,,,,,,0.220694,0.168987,0.185759,0.207622,0.056796,0.180561,0.271344,0.255133,0.223990,0.324686,0.242791,0.283827,0.204288,0.252610,0.195071
3696,15.400000,,,,,,,,,,,,,,,,0.220695,0.168988,0.185753,0.207625,0.056797,0.180560,0.271340,0.255127,0.223985,0.324657,0.242759,0.283839,0.204301,0.252608,0.195063
3697,15.404167,,,,,,,,,,,,,,,,0.220695,0.168987,0.185749,0.207626,0.056797,0.180563,0.271339,0.255118,0.223976,0.324618,0.242714,0.283856,0.204306,0.252608,0.195054
3698,15.408333,,,,,,,,,,,,,,,,0.220694,0.168992,0.185745,0.207627,0.056800,0.180566,0.271337,0.255114,0.223971,0.324587,0.242688,0.283869,0.204294,0.252615,0.195037
3699,15.412500,,,,,,,,,,,,,,,,0.220691,0.168991,0.185737,0.207631,0.056799,0.180564,0.271334,0.255110,0.223968,0.324567,0.242663,0.283877,0.204288,0.252613,0.195019
3700,15.416667,,,,,,,,,,,,,,,,0.220689,0.168994,0.185732,0.207630,0.056799,0.180569,0.271324,0.255102,0.223972,0.324538,0.242659,0.283896,0.204293,0.252614,0.195013
3701,15.420833,,,,,,,,,,,,,,,,0.220685,0.168997,0.185726,0.207633,0.056797,0.180567,0.271329,0.255101,0.223960,0.324519,0.242645,0.283904,0.204292,0.252617,0.195011
3702,15.425000,,,,,,,,,,,,,,,,0.220683,0.168995,0.185722,0.207632,0.056797,0.180570,0.271328,0.255095,0.223958,0.324506,0.242631,0.283908,0.204293,0.252622,0.195008
3703,15.429167,,,,,,,,,,,,,,,,0.220680,0.168996,0.185719,0.207634,0.056793,0.180569,0.271316,0.255091,0.223964,0.324497,0.242624,0.283912,0.204293,0.252620,0.195005
3704,15.433333,,,,,,,,,,,,,,,,0.220679,0.168997,0.185717,0.207632,0.056793,0.180574,0.271311,0.255090,0.223963,0.324490,0.242619,0.283913,0.204295,0.252626,0.195012
3705,15.437500,,,,,,,,,,,,,,,,0.220669,0.168989,0.185722,0.207633,0.056793,0.180575,0.271309,0.255089,0.223960,0.324487,0.242621,0.283912,0.204294,0.252627,0.195011
3706,15.441667,,,,,,,,,,,,,,,,0.220673,0.168997,0.185713,0.207635,0.056792,0.180576,0.271298,0.255091,0.223948,0.324488,0.242626,0.283909,0.204290,0.252626,0.195009
3707,15.445833,,,,,,,,,,,,,,,,0.220677,0.169000,0.185714,0.207636,0.056792,0.180578,0.271298,0.255092,0.223948,0.324469,0.242652,0.283894,0.204287,0.252626,0.195009
3708,15.450000,,,,,,,,,,,,,,,,0.220677,0.168999,0.185717,0.207638,0.056791,0.180580,0.271304,0.255097,0.223939,0.324496,0.242639,0.283898,0.204290,0.252626,0.195010
3709,15.454167,,,,,,,,,,,,,,,,0.220676,0.169000,0.185721,0.207639,0.056792,0.180581,0.271306,0.255101,0.223936,0.324514,0.242651,0.283888,0.204290,0.252627,0.195019
3710,15.458333,,,,,,,,,,,,,,,,0.220671,0.168992,0.185735,0.207641,0.056791,0.180584,0.271313,0.255111,0.223954,0.324527,0.242667,0.283882,0.204290,0.252626,0.195026
3711,15.462500,,,,,,,,,,,,,,,,0.220683,0.168999,0.185731,0.207644,0.056791,0.180586,0.271314,0.255118,0.223954,0.324553,0.242667,0.283860,0.204289,0.252627,0.195029
3712,15.466667,,,,,,,,,,,,,,,,0.220685,0.169000,0.185735,0.207645,0.056792,0.180586,0.271313,0.255124,0.223963,0.324571,0.242690,0.283848,0.204284,0.252621,0.195029
3713,15.470833,,,,,,,,,,,,,,,,0.220684,0.168998,0.185740,0.207647,0.056790,0.180584,0.271317,0.255131,0.223961,0.324595,0.242717,0.283833,0.204279,0.252620,0.195034
3714,15.475000,,,,,,,,,,,,,,,,0.220689,0.168997,0.185746,0.207647,0.056792,0.180584,0.271315,0.255140,0.223966,0.324615,0.242740,0.283821,0.204282,0.252618,0.195045
3715,15.479167,,,,,,,,,,,,,,,,0.220694,0.168995,0.185752,0.207648,0.056790,0.180582,0.271317,0.255148,0.223969,0.324654,0.242786,0.283801,0.204278,0.252616,0.195054
3716,15.483333,,,,,,,,,,,,,,,,0.220694,0.168983,0.185765,0.207647,0.056788,0.180578,0.271319,0.255157,0.223970,0.324680,0.242813,0.283791,0.204278,0.252613,0.195061
3717,15.487500,,,,,,,,,,,,,,,,0.220701,0.168992,0.185765,0.207647,0.056787,0.180580,0.271323,0.255165,0.223973,0.324706,0.242842,0.283780,0.204286,0.252605,0.195070
3718,15.491667,,,,,,,,,,,,,,,,0.220709,0.168989,0.185771,0.207649,0.056787,0.180578,0.271326,0.255174,0.223975,0.324739,0.242882,0.283752,0.204293,0.252603,0.195083
3719,15.495833,,,,,,,,,,,,,,,,0.220713,0.168983,0.185781,0.207649,0.056784,0.180579,0.271326,0.255183,0.223977,0.324762,0.242923,0.283749,0.204290,0.252600,0.195097
3720,15.500000,,,,,,,,,,,,,,,,0.220713,0.168973,0.185794,0.207648,0.056785,0.180580,0.271334,0.255191,0.223982,0.324790,0.242955,0.283736,0.204288,0.252594,0.195090
3721,15.504167,,,,,,,,,,,,,,,,0.220721,0.168980,0.185792,0.207650,0.056785,0.180576,0.271335,0.255201,0.223984,0.324836,0.242996,0.283710,0.204286,0.252588,0.195096
3722,15.508333,,,,,,,,,,,,,,,,0.220725,0.168980,0.185792,0.207652,0.056783,0.180575,0.271340,0.255204,0.223989,0.324863,0.243021,0.283698,0.204292,0.252588,0.195109
3723,15.512500,,,,,,,,,,,,,,,,0.220727,0.168977,0.185797,0.207653,0.056783,0.180572,0.271342,0.255209,0.223993,0.324892,0.243043,0.283694,0.204292,0.252583,0.195122
3724,15.516667,,,,,,,,,,,,,,,,0.220729,0.168977,0.185804,0.207652,0.056783,0.180575,0.271344,0.255225,0.223999,0.324918,0.243069,0.283684,0.204289,0.252583,0.195121
3725,15.520833,,,,,,,,,,,,,,,,0.220725,0.168968,0.185811,0.207651,0.056784,0.180576,0.271346,0.255238,0.223996,0.324937,0.243092,0.283687,0.204294,0.252583,0.195137
3726,15.525000,,,,,,,,,,,,,,,,0.220727,0.168967,0.185816,0.207649,0.056784,0.180574,0.271349,0.255228,0.224008,0.324956,0.243109,0.283682,0.204291,0.252585,0.195142
3727,15.529167,,,,,,,,,,,,,,,,0.220725,0.168967,0.185822,0.207645,0.056788,0.180578,0.271352,0.255229,0.224011,0.324970,0.243122,0.283679,0.204297,0.252586,0.195156
3728,15.533333,,,,,,,,,,,,,,,,0.220723,0.168968,0.185826,0.207640,0.056790,0.180578,0.271356,0.255229,0.224015,0.324981,0.243129,0.283678,0.204300,0.252592,0.195173
3729,15.537500,,,,,,,,,,,,,,,,0.220722,0.168969,0.185830,0.207638,0.056789,0.180582,0.271359,0.255227,0.224019,0.324990,0.243132,0.283680,0.204295,0.252588,0.195167
3730,15.541667,,,,,,,,,,,,,,,,0.220717,0.168972,0.185833,0.207634,0.056793,0.180584,0.271361,0.255227,0.224020,0.324996,0.243132,0.283680,0.204304,0.252595,0.195186
3731,15.545833,,,,,,,,,,,,,,,,0.220717,0.168973,0.185838,0.207631,0.056793,0.180587,0.271367,0.255215,0.224018,0.325001,0.243129,0.283683,0.204295,0.252598,0.195183
3732,15.550000,,,,,,,,,,,,,,,,0.220715,0.168974,0.185842,0.207627,0.056794,0.180588,0.271367,0.255221,0.224023,0.325001,0.243116,0.283684,0.204305,0.252597,0.195190
3733,15.554167,,,,,,,,,,,,,,,,0.220714,0.168973,0.185843,0.207626,0.056796,0.180589,0.271370,0.255208,0.224020,0.324997,0.243105,0.283687,0.204307,0.252597,0.195191
3734,15.558333,,,,,,,,,,,,,,,,0.220714,0.168972,0.185844,0.207625,0.056798,0.180585,0.271373,0.255203,0.224018,0.324993,0.243087,0.283689,0.204300,0.252593,0.195175
3735,15.562500,,,,,,,,,,,,,,,,0.220711,0.168972,0.185845,0.207624,0.056798,0.180591,0.271374,0.255196,0.224016,0.324983,0.243062,0.283693,0.204298,0.252592,0.195169
3736,15.566667,,,,,,,,,,,,,,,,0.220709,0.168975,0.185840,0.207623,0.056795,0.180589,0.271374,0.255191,0.224013,0.324970,0.243041,0.283698,0.204306,0.252593,0.195171
3737,15.570833,,,,,,,,,,,,,,,,0.220703,0.168978,0.185835,0.207622,0.056798,0.180587,0.271373,0.255185,0.224009,0.324955,0.243009,0.283693,0.204308,0.252595,0.195176
3738,15.575000,,,,,,,,,,,,,,,,0.220701,0.168978,0.185831,0.207620,0.056800,0.180590,0.271372,0.255181,0.224006,0.324936,0.242978,0.283698,0.204310,0.252596,0.195170
3739,15.579167,,,,,,,,,,,,,,,,0.220701,0.168980,0.185830,0.207621,0.056802,0.180587,0.271371,0.255175,0.224000,0.324917,0.242947,0.283704,0.204300,0.252597,0.195155
3740,15.583333,,,,,,,,,,,,,,,,0.220699,0.168977,0.185823,0.207622,0.056803,0.180594,0.271370,0.255169,0.223996,0.324882,0.242907,0.283717,0.204300,0.252600,0.195151
3741,15.587500,,,,,,,,,,,,,,,,0.220705,0.168988,0.185813,0.207623,0.056803,0.180592,0.271371,0.255162,0.223992,0.324856,0.242860,0.283709,0.204300,0.252598,0.195135
3742,15.591667,,,,,,,,,,,,,,,,0.220702,0.168983,0.185813,0.207626,0.056804,0.180589,0.271370,0.255156,0.223988,0.324833,0.242823,0.283712,0.204304,0.252603,0.195131
3743,15.595833,,,,,,,,,,,,,,,,0.220700,0.168979,0.185810,0.207627,0.056801,0.180589,0.271371,0.255149,0.223985,0.324808,0.242779,0.283726,0.204298,0.252602,0.195118
3744,15.600000,,,,,,,,,,,,,,,,0.220700,0.168980,0.185803,0.207627,0.056801,0.180588,0.271368,0.255142,0.223977,0.324787,0.242742,0.283731,0.204298,0.252604,0.195110
3745,15.604167,,,,,,,,,,,,,,,,0.220696,0.168981,0.185796,0.207629,0.056800,0.180588,0.271365,0.255136,0.223974,0.324767,0.242709,0.283729,0.204303,0.252605,0.195100
3746,15.608333,,,,,,,,,,,,,,,,0.220696,0.168981,0.185788,0.207633,0.056794,0.180589,0.271361,0.255127,0.223963,0.324731,0.242666,0.283739,0.204309,0.252611,0.195103
3747,15.612500,,,,,,,,,,,,,,,,0.220694,0.168982,0.185776,0.207634,0.056793,0.180589,0.271356,0.255119,0.223959,0.324709,0.242637,0.283740,0.204312,0.252609,0.195091
3748,15.616667,,,,,,,,,,,,,,,,0.220689,0.168983,0.185769,0.207632,0.056792,0.180586,0.271353,0.255114,0.223954,0.324689,0.242609,0.283736,0.204297,0.252616,0.195075
3749,15.620833,,,,,,,,,,,,,,,,0.220688,0.168982,0.185762,0.207634,0.056791,0.180583,0.271347,0.255106,0.223948,0.324671,0.242585,0.283737,0.204307,0.252607,0.195066
3750,15.625000,,,,,,,,,,,,,,,,0.220686,0.168981,0.185756,0.207637,0.056789,0.180583,0.271345,0.255102,0.223944,0.324656,0.242559,0.283736,0.204296,0.252611,0.195050
3751,15.629167,,,,,,,,,,,,,,,,0.220690,0.168989,0.185745,0.207640,0.056791,0.180576,0.271341,0.255096,0.223941,0.324641,0.242542,0.283737,0.204292,0.252612,0.195040
3752,15.633333,,,,,,,,,,,,,,,,0.220690,0.168991,0.185744,0.207640,0.056792,0.180580,0.271337,0.255094,0.223938,0.324630,0.242523,0.283739,0.204288,0.252613,0.195032
3753,15.637500,,,,,,,,,,,,,,,,0.220685,0.168996,0.185742,0.207642,0.056793,0.180582,0.271334,0.255093,0.223936,0.324613,0.242509,0.283744,0.204284,0.252619,0.195033
3754,15.641667,,,,,,,,,,,,,,,,0.220681,0.168997,0.185741,0.207644,0.056794,0.180588,0.271321,0.255088,0.223919,0.324601,0.242499,0.283746,0.204287,0.252622,0.195036
3755,15.645833,,,,,,,,,,,,,,,,0.220675,0.168999,0.185743,0.207645,0.056794,0.180598,0.271326,0.255090,0.223931,0.324591,0.242494,0.283751,0.204282,0.252621,0.195026
3756,15.650000,,,,,,,,,,,,,,,,0.220671,0.168995,0.185748,0.207648,0.056789,0.180603,0.271313,0.255089,0.223917,0.324585,0.242490,0.283752,0.204277,0.252625,0.195027
3757,15.654167,,,,,,,,,,,,,,,,0.220672,0.169003,0.185747,0.207648,0.056790,0.180613,0.271311,0.255089,0.223917,0.324579,0.242494,0.283754,0.204278,0.252626,0.195031
3758,15.658333,,,,,,,,,,,,,,,,0.220667,0.168997,0.185754,0.207647,0.056788,0.180620,0.271308,0.255094,0.223919,0.324578,0.242497,0.283756,0.204276,0.252628,0.195037
3759,15.662500,,,,,,,,,,,,,,,,0.220673,0.169006,0.185752,0.207649,0.056789,0.180623,0.271305,0.255098,0.223918,0.324577,0.242504,0.283756,0.204272,0.252624,0.195037
3760,15.666667,,,,,,,,,,,,,,,,0.220667,0.169002,0.185760,0.207651,0.056788,0.180628,0.271304,0.255102,0.223919,0.324578,0.242516,0.283756,0.204293,0.252621,0.195054
3761,15.670833,,,,,,,,,,,,,,,,0.220674,0.169007,0.185755,0.207653,0.056786,0.180629,0.271301,0.255109,0.223920,0.324584,0.242529,0.283754,0.204278,0.252623,0.195057
3762,15.675000,,,,,,,,,,,,,,,,0.220670,0.169001,0.185765,0.207654,0.056786,0.180634,0.271299,0.255117,0.223922,0.324590,0.242547,0.283755,0.204287,0.252614,0.195061
3763,15.679167,,,,,,,,,,,,,,,,0.220674,0.169010,0.185759,0.207657,0.056790,0.180632,0.271298,0.255126,0.223925,0.324604,0.242570,0.283746,0.204289,0.252615,0.195074
3764,15.683333,,,,,,,,,,,,,,,,0.220680,0.169008,0.185765,0.207660,0.056789,0.180629,0.271298,0.255133,0.223928,0.324619,0.242592,0.283745,0.204288,0.252612,0.195082
3765,15.687500,,,,,,,,,,,,,,,,0.220679,0.169001,0.185783,0.207663,0.056786,0.180629,0.271300,0.255142,0.223933,0.324634,0.242617,0.283749,0.204292,0.252610,0.195086
3766,15.691667,,,,,,,,,,,,,,,,0.220683,0.168995,0.185788,0.207662,0.056790,0.180633,0.271313,0.255152,0.223957,0.324650,0.242645,0.283742,0.204281,0.252609,0.195084
3767,15.695833,,,,,,,,,,,,,,,,0.220694,0.169003,0.185789,0.207665,0.056789,0.180626,0.271313,0.255161,0.223961,0.324669,0.242672,0.283738,0.204283,0.252607,0.195097
3768,15.700000,,,,,,,,,,,,,,,,0.220694,0.168994,0.185796,0.207666,0.056790,0.180622,0.271314,0.255166,0.223967,0.324690,0.242702,0.283734,0.204285,0.252612,0.195121
3769,15.704167,,,,,,,,,,,,,,,,0.220691,0.168990,0.185800,0.207664,0.056792,0.180616,0.271314,0.255172,0.223972,0.324724,0.242756,0.283720,0.204287,0.252605,0.195123
3770,15.708333,,,,,,,,,,,,,,,,0.220692,0.168989,0.185799,0.207663,0.056790,0.180611,0.271315,0.255177,0.223980,0.324747,0.242792,0.283714,0.204277,0.252604,0.195116
3771,15.712500,,,,,,,,,,,,,,,,0.220695,0.168989,0.185798,0.207663,0.056790,0.180600,0.271319,0.255181,0.223984,0.324769,0.242825,0.283708,0.204273,0.252600,0.195117
3772,15.716667,,,,,,,,,,,,,,,,0.220697,0.168987,0.185799,0.207659,0.056793,0.180595,0.271316,0.255183,0.223986,0.324798,0.242867,0.283684,0.204280,0.252601,0.195131
3773,15.720833,,,,,,,,,,,,,,,,0.220700,0.168986,0.185801,0.207658,0.056793,0.180585,0.271316,0.255186,0.223990,0.324822,0.242898,0.283674,0.204273,0.252601,0.195128
3774,15.725000,,,,,,,,,,,,,,,,0.220714,0.168989,0.185798,0.207657,0.056791,0.180576,0.271319,0.255189,0.223995,0.324839,0.242936,0.283677,0.204282,0.252600,0.195134
3775,15.729167,,,,,,,,,,,,,,,,0.220715,0.168978,0.185808,0.207657,0.056792,0.180565,0.271323,0.255198,0.224002,0.324872,0.242969,0.283667,0.204284,0.252598,0.195136
3776,15.733333,,,,,,,,,,,,,,,,0.220726,0.168985,0.185807,0.207657,0.056793,0.180563,0.271331,0.255191,0.224006,0.324890,0.242989,0.283662,0.204284,0.252597,0.195133
3777,15.737500,,,,,,,,,,,,,,,,0.220727,0.168976,0.185814,0.207656,0.056793,0.180556,0.271333,0.255191,0.224005,0.324900,0.243003,0.283659,0.204279,0.252592,0.195117
3778,15.741667,,,,,,,,,,,,,,,,0.220736,0.168978,0.185804,0.207656,0.056798,0.180549,0.271336,0.255195,0.224006,0.324910,0.243018,0.283666,0.204284,0.252593,0.195125
3779,15.745833,,,,,,,,,,,,,,,,0.220738,0.168981,0.185802,0.207652,0.056800,0.180548,0.271335,0.255207,0.224011,0.324913,0.243027,0.283670,0.204279,0.252589,0.195117
3780,15.750000,,,,,,,,,,,,,,,,0.220749,0.168975,0.185789,0.207652,0.056799,0.180546,0.271335,0.255207,0.224013,0.324909,0.243032,0.283673,0.204281,0.252591,0.195113
3781,15.754167,,,,,,,,,,,,,,,,0.220749,0.168976,0.185783,0.207649,0.056800,0.180545,0.271341,0.255197,0.224010,0.324903,0.243033,0.283680,0.204286,0.252592,0.195113
3782,15.758333,,,,,,,,,,,,,,,,0.220741,0.168980,0.185794,0.207648,0.056802,0.180545,0.271340,0.255208,0.224007,0.324894,0.243032,0.283686,0.204287,0.252591,0.195111
3783,15.762500,,,,,,,,,,,,,,,,0.220745,0.168975,0.185795,0.207649,0.056800,0.180546,0.271343,0.255208,0.224008,0.324883,0.243024,0.283696,0.204288,0.252592,0.195103
3784,15.766667,,,,,,,,,,,,,,,,0.220756,0.168970,0.185780,0.207647,0.056802,0.180546,0.271351,0.255197,0.224003,0.324867,0.243014,0.283707,0.204291,0.252589,0.195093
3785,15.770833,,,,,,,,,,,,,,,,0.220747,0.168977,0.185788,0.207648,0.056802,0.180548,0.271358,0.255194,0.224002,0.324849,0.242998,0.283719,0.204293,0.252588,0.195087
3786,15.775000,,,,,,,,,,,,,,,,0.220748,0.168974,0.185784,0.207648,0.056804,0.180553,0.271355,0.255190,0.223995,0.324808,0.242968,0.283738,0.204284,0.252591,0.195073
3787,15.779167,,,,,,,,,,,,,,,,0.220755,0.168971,0.185770,0.207647,0.056800,0.180551,0.271354,0.255189,0.223992,0.324782,0.242949,0.283753,0.204297,0.252586,0.195065
3788,15.783333,,,,,,,,,,,,,,,,0.220753,0.168974,0.185761,0.207646,0.056801,0.180553,0.271352,0.255183,0.223986,0.324758,0.242927,0.283768,0.204295,0.252598,0.195069
3789,15.787500,,,,,,,,,,,,,,,,0.220734,0.168980,0.185763,0.207644,0.056799,0.180555,0.271352,0.255175,0.223983,0.324734,0.242879,0.283789,0.204294,0.252599,0.195051
3790,15.791667,,,,,,,,,,,,,,,,0.220721,0.168975,0.185765,0.207644,0.056798,0.180562,0.271350,0.255169,0.223979,0.324711,0.242854,0.283803,0.204298,0.252600,0.195041
3791,15.795833,,,,,,,,,,,,,,,,0.220723,0.168984,0.185758,0.207642,0.056801,0.180568,0.271347,0.255160,0.223973,0.324686,0.242828,0.283813,0.204295,0.252602,0.195032
3792,15.800000,,,,,,,,,,,,,,,,0.220718,0.168985,0.185753,0.207641,0.056797,0.180572,0.271346,0.255152,0.223970,0.324664,0.242800,0.283823,0.204295,0.252607,0.195025
3793,15.804167,,,,,,,,,,,,,,,,0.220710,0.168989,0.185749,0.207639,0.056798,0.180578,0.271342,0.255143,0.223965,0.324628,0.242759,0.283843,0.204294,0.252611,0.195022
3794,15.808333,,,,,,,,,,,,,,,,0.220705,0.168993,0.185744,0.207638,0.056797,0.180585,0.271339,0.255134,0.223955,0.324602,0.242733,0.283850,0.204296,0.252617,0.195027
3795,15.812500,,,,,,,,,,,,,,,,0.220697,0.168996,0.185740,0.207636,0.056800,0.180597,0.271337,0.255126,0.223950,0.324577,0.242705,0.283862,0.204296,0.252624,0.195027
3796,15.816667,,,,,,,,,,,,,,,,0.220690,0.169002,0.185734,0.207637,0.056802,0.180601,0.271332,0.255121,0.223948,0.324548,0.242694,0.283882,0.204294,0.252627,0.195026
3797,15.820833,,,,,,,,,,,,,,,,0.220683,0.169009,0.185731,0.207633,0.056805,0.180608,0.271328,0.255117,0.223943,0.324526,0.242668,0.283888,0.204296,0.252632,0.195026
3798,15.825000,,,,,,,,,,,,,,,,0.220676,0.169012,0.185729,0.207632,0.056806,0.180615,0.271316,0.255110,0.223927,0.324487,0.242667,0.283879,0.204296,0.252635,0.195022
3799,15.829167,,,,,,,,,,,,,,,,0.220670,0.169010,0.185732,0.207633,0.056805,0.180617,0.271312,0.255105,0.223919,0.324493,0.242622,0.283886,0.204298,0.252638,0.195023
3800,15.833333,,,,,,,,,,,,,,,,0.220668,0.169015,0.185733,0.207633,0.056806,0.180623,0.271310,0.255106,0.223917,0.324488,0.242595,0.283880,0.204296,0.252642,0.195022
3801,15.837500,,,,,,,,,,,,,,,,0.220667,0.169015,0.185730,0.207635,0.056806,0.180622,0.271308,0.255105,0.223914,0.324478,0.242576,0.283873,0.204291,0.252641,0.195019
3802,15.841667,,,,,,,,,,,,,,,,0.220664,0.169018,0.185730,0.207635,0.056804,0.180626,0.271301,0.255104,0.223910,0.324448,0.242575,0.283853,0.204287,0.252640,0.195013
3803,15.845833,,,,,,,,,,,,,,,,0.220664,0.169016,0.185726,0.207635,0.056803,0.180623,0.271297,0.255100,0.223906,0.324465,0.242539,0.283850,0.204284,0.252635,0.195006
3804,15.850000,,,,,,,,,,,,,,,,0.220664,0.169014,0.185727,0.207637,0.056801,0.180624,0.271293,0.255102,0.223903,0.324472,0.242525,0.283831,0.204279,0.252634,0.195006
3805,15.854167,,,,,,,,,,,,,,,,0.220661,0.169004,0.185733,0.207641,0.056799,0.180620,0.271289,0.255105,0.223901,0.324477,0.242515,0.283813,0.204275,0.252627,0.194998
3806,15.858333,,,,,,,,,,,,,,,,0.220660,0.169003,0.185731,0.207644,0.056798,0.180615,0.271287,0.255108,0.223899,0.324483,0.242508,0.283796,0.204272,0.252627,0.195001
3807,15.862500,,,,,,,,,,,,,,,,0.220669,0.169008,0.185731,0.207646,0.056795,0.180613,0.271286,0.255111,0.223899,0.324496,0.242505,0.283780,0.204270,0.252622,0.194998
3808,15.866667,,,,,,,,,,,,,,,,0.220669,0.169000,0.185743,0.207650,0.056793,0.180608,0.271283,0.255115,0.223898,0.324508,0.242504,0.283758,0.204264,0.252618,0.194998
3809,15.870833,,,,,,,,,,,,,,,,0.220676,0.169006,0.185742,0.207653,0.056790,0.180605,0.271282,0.255119,0.223899,0.324532,0.242496,0.283732,0.204261,0.252615,0.194999
3810,15.875000,,,,,,,,,,,,,,,,0.220678,0.168995,0.185750,0.207656,0.056789,0.180604,0.271279,0.255125,0.223900,0.324543,0.242513,0.283720,0.204259,0.252612,0.195003
3811,15.879167,,,,,,,,,,,,,,,,0.220685,0.169001,0.185749,0.207659,0.056789,0.180598,0.271278,0.255128,0.223900,0.324569,0.242514,0.283694,0.204257,0.252611,0.195010
3812,15.883333,,,,,,,,,,,,,,,,0.220677,0.168997,0.185757,0.207659,0.056789,0.180599,0.271267,0.255131,0.223913,0.324588,0.242526,0.283677,0.204251,0.252607,0.195013
3813,15.887500,,,,,,,,,,,,,,,,0.220682,0.169003,0.185750,0.207661,0.056786,0.180594,0.271264,0.255134,0.223918,0.324612,0.242544,0.283663,0.204263,0.252605,0.195037
3814,15.891667,,,,,,,,,,,,,,,,0.220681,0.169001,0.185754,0.207661,0.056785,0.180593,0.271270,0.255141,0.223912,0.324631,0.242560,0.283650,0.204263,0.252603,0.195049
3815,15.895833,,,,,,,,,,,,,,,,0.220681,0.169001,0.185758,0.207662,0.056784,0.180591,0.271259,0.255140,0.223924,0.324651,0.242582,0.283642,0.204261,0.252606,0.195062
3816,15.900000,,,,,,,,,,,,,,,,0.220679,0.169001,0.185764,0.207661,0.056780,0.180593,0.271258,0.255147,0.223932,0.324672,0.242601,0.283633,0.204259,0.252607,0.195076
3817,15.904167,,,,,,,,,,,,,,,,0.220671,0.168992,0.185780,0.207659,0.056781,0.180592,0.271258,0.255151,0.223936,0.324701,0.242622,0.283614,0.204245,0.252574,0.195140
3818,15.908333,,,,,,,,,,,,,,,,0.220677,0.168999,0.185777,0.207659,0.056779,0.180593,0.271262,0.255158,0.223937,0.324720,0.242645,0.283607,0.204256,0.252610,0.195102
3819,15.912500,,,,,,,,,,,,,,,,0.220669,0.168995,0.185790,0.207658,0.056782,0.180594,0.271262,0.255162,0.223940,0.324753,0.242686,0.283594,0.204237,0.252580,0.195169
3820,15.916667,,,,,,,,,,,,,,,,0.220666,0.168996,0.185797,0.207654,0.056784,0.180600,0.271261,0.255168,0.223949,0.324768,0.242709,0.283592,0.204238,0.252582,0.195188
3821,15.920833,,,,,,,,,,,,,,,,0.220665,0.168998,0.185799,0.207651,0.056789,0.180603,0.271260,0.255175,0.223954,0.324781,0.242732,0.283592,0.204242,0.252584,0.195206
3822,15.925000,,,,,,,,,,,,,,,,0.220663,0.169003,0.185808,0.207652,0.056788,0.180611,0.271258,0.255189,0.223959,0.324794,0.242753,0.283592,0.204239,0.252584,0.195213
3823,15.929167,,,,,,,,,,,,,,,,0.220666,0.169005,0.185816,0.207654,0.056794,0.180614,0.271259,0.255195,0.223963,0.324807,0.242781,0.283579,0.204237,0.252586,0.195222
3824,15.933333,,,,,,,,,,,,,,,,0.220669,0.169007,0.185821,0.207655,0.056797,0.180615,0.271259,0.255203,0.223967,0.324810,0.242804,0.283582,0.204238,0.252582,0.195226
3825,15.937500,,,,,,,,,,,,,,,,0.220679,0.169014,0.185823,0.207655,0.056800,0.180617,0.271261,0.255223,0.223977,0.324815,0.242819,0.283586,0.204239,0.252581,0.195238
3826,15.941667,,,,,,,,,,,,,,,,0.220677,0.169008,0.185835,0.207655,0.056803,0.180620,0.271262,0.255230,0.223982,0.324815,0.242832,0.283595,0.204239,0.252582,0.195245
3827,15.945833,,,,,,,,,,,,,,,,0.220678,0.169008,0.185840,0.207655,0.056804,0.180623,0.271263,0.255233,0.223982,0.324815,0.242844,0.283603,0.204253,0.252613,0.195178
3828,15.950000,,,,,,,,,,,,,,,,0.220683,0.169004,0.185839,0.207656,0.056805,0.180621,0.271266,0.255237,0.223982,0.324811,0.242854,0.283609,0.204237,0.252573,0.195232
3829,15.954167,,,,,,,,,,,,,,,,0.220690,0.169011,0.185826,0.207655,0.056804,0.180616,0.271269,0.255237,0.223984,0.324808,0.242860,0.283620,0.204242,0.252572,0.195238
3830,15.958333,,,,,,,,,,,,,,,,0.220695,0.169011,0.185821,0.207653,0.056803,0.180613,0.271276,0.255238,0.223991,0.324801,0.242866,0.283629,0.204260,0.252604,0.195172
3831,15.962500,,,,,,,,,,,,,,,,0.220694,0.168999,0.185824,0.207655,0.056801,0.180606,0.271273,0.255237,0.223981,0.324796,0.242870,0.283638,0.204255,0.252598,0.195154
3832,15.966667,,,,,,,,,,,,,,,,0.220698,0.168995,0.185819,0.207656,0.056799,0.180599,0.271282,0.255233,0.223988,0.324790,0.242871,0.283649,0.204260,0.252593,0.195142
3833,15.970833,,,,,,,,,,,,,,,,0.220707,0.169000,0.185807,0.207655,0.056798,0.180589,0.271290,0.255222,0.223986,0.324783,0.242870,0.283656,0.204260,0.252591,0.195133
3834,15.975000,,,,,,,,,,,,,,,,0.220713,0.168993,0.185803,0.207656,0.056794,0.180579,0.271292,0.255214,0.223983,0.324775,0.242868,0.283666,0.204262,0.252593,0.195124
3835,15.979167,,,,,,,,,,,,,,,,0.220716,0.168994,0.185797,0.207655,0.056794,0.180571,0.271294,0.255210,0.223982,0.324763,0.242863,0.283678,0.204265,0.252592,0.195109
3836,15.983333,,,,,,,,,,,,,,,,0.220716,0.168991,0.185790,0.207655,0.056794,0.180563,0.271301,0.255195,0.223977,0.324750,0.242855,0.283687,0.204267,0.252594,0.195096
3837,15.987500,,,,,,,,,,,,,,,,0.220718,0.168989,0.185779,0.207656,0.056789,0.180557,0.271299,0.255185,0.223971,0.324730,0.242837,0.283713,0.204265,0.252593,0.195079
3838,15.991667,,,,,,,,,,,,,,,,0.220716,0.168990,0.185767,0.207655,0.056789,0.180554,0.271305,0.255179,0.223972,0.324715,0.242826,0.283725,0.204281,0.252600,0.195089
3839,15.995833,,,,,,,,,,,,,,,,0.220714,0.168990,0.185758,0.207654,0.056790,0.180549,0.271305,0.255173,0.223969,0.324698,0.242811,0.283739,0.204270,0.252607,0.195075
3840,16.000000,,,,,,,,,,,,,,,,0.220713,0.168992,0.185750,0.207651,0.056794,0.180551,0.271296,0.255161,0.223951,0.324681,0.242797,0.283751,0.204265,0.252609,0.195057
3841,16.004167,,,,,,,,,,,,,,,,0.220711,0.168993,0.185745,0.207651,0.056793,0.180551,0.271306,0.255160,0.223963,0.324660,0.242781,0.283763,0.204281,0.252608,0.195047
3842,16.008333,,,,,,,,,,,,,,,,0.220710,0.168992,0.185740,0.207649,0.056794,0.180550,0.271303,0.255148,0.223951,0.324626,0.242745,0.283783,0.204274,0.252620,0.195042
3843,16.012500,,,,,,,,,,,,,,,,0.220709,0.168993,0.185737,0.207648,0.056795,0.180553,0.271296,0.255139,0.223935,0.324604,0.242723,0.283793,0.204275,0.252621,0.195028
3844,16.016667,,,,,,,,,,,,,,,,0.220708,0.168993,0.185733,0.207647,0.056796,0.180557,0.271299,0.255135,0.223931,0.324584,0.242702,0.283805,0.204283,0.252626,0.195022
3845,16.020833,,,,,,,,,,,,,,,,0.220704,0.168997,0.185725,0.207646,0.056795,0.180561,0.271304,0.255129,0.223931,0.324548,0.242692,0.283834,0.204286,0.252625,0.195013
3846,16.025000,,,,,,,,,,,,,,,,0.220701,0.168997,0.185721,0.207645,0.056798,0.180566,0.271304,0.255125,0.223928,0.324522,0.242667,0.283848,0.204284,0.252625,0.195006
3847,16.029167,,,,,,,,,,,,,,,,0.220700,0.168999,0.185720,0.207646,0.056796,0.180574,0.271295,0.255122,0.223922,0.324498,0.242644,0.283858,0.204287,0.252623,0.194991
3848,16.033333,,,,,,,,,,,,,,,,0.220699,0.169001,0.185716,0.207646,0.056797,0.180581,0.271296,0.255119,0.223918,0.324450,0.242646,0.283862,0.204284,0.252621,0.194976
3849,16.037500,,,,,,,,,,,,,,,,0.220697,0.169001,0.185712,0.207648,0.056797,0.180588,0.271295,0.255116,0.223914,0.324423,0.242623,0.283871,0.204289,0.252624,0.194977
3850,16.041667,,,,,,,,,,,,,,,,0.220696,0.169003,0.185714,0.207651,0.056795,0.180593,0.271296,0.255112,0.223913,0.324403,0.242598,0.283881,0.204289,0.252622,0.194968
3851,16.045833,,,,,,,,,,,,,,,,0.220692,0.169005,0.185715,0.207650,0.056797,0.180598,0.271294,0.255113,0.223909,0.324385,0.242579,0.283888,0.204291,0.252623,0.194968
3852,16.050000,,,,,,,,,,,,,,,,0.220692,0.169008,0.185716,0.207651,0.056797,0.180608,0.271292,0.255114,0.223907,0.324369,0.242549,0.283902,0.204289,0.252624,0.194964
3853,16.054167,,,,,,,,,,,,,,,,0.220696,0.169006,0.185705,0.207651,0.056799,0.180614,0.271291,0.255112,0.223906,0.324360,0.242534,0.283907,0.204288,0.252627,0.194968
3854,16.058333,,,,,,,,,,,,,,,,0.220685,0.169013,0.185718,0.207649,0.056799,0.180622,0.271289,0.255112,0.223905,0.324351,0.242524,0.283910,0.204287,0.252630,0.194970
3855,16.062500,,,,,,,,,,,,,,,,0.220681,0.169016,0.185723,0.207648,0.056802,0.180626,0.271289,0.255112,0.223906,0.324350,0.242519,0.283909,0.204287,0.252632,0.194973
3856,16.066667,,,,,,,,,,,,,,,,0.220681,0.169016,0.185722,0.207647,0.056803,0.180628,0.271289,0.255112,0.223908,0.324351,0.242510,0.283906,0.204290,0.252633,0.194978
3857,16.070833,,,,,,,,,,,,,,,,0.220677,0.169018,0.185722,0.207646,0.056802,0.180630,0.271287,0.255110,0.223906,0.324354,0.242507,0.283898,0.204290,0.252636,0.194983
3858,16.075000,,,,,,,,,,,,,,,,0.220673,0.169007,0.185732,0.207648,0.056799,0.180625,0.271285,0.255109,0.223907,0.324365,0.242505,0.283889,0.204291,0.252636,0.194989
3859,16.079167,,,,,,,,,,,,,,,,0.220668,0.169009,0.185735,0.207649,0.056796,0.180625,0.271284,0.255109,0.223908,0.324377,0.242509,0.283877,0.204288,0.252639,0.194991
3860,16.083333,,,,,,,,,,,,,,,,0.220665,0.169005,0.185735,0.207647,0.056795,0.180621,0.271282,0.255109,0.223908,0.324394,0.242511,0.283856,0.204288,0.252638,0.194998
3861,16.087500,,,,,,,,,,,,,,,,0.220669,0.169013,0.185732,0.207647,0.056793,0.180616,0.271279,0.255110,0.223911,0.324412,0.242518,0.283842,0.204286,0.252635,0.195000
3862,16.091667,,,,,,,,,,,,,,,,0.220666,0.169002,0.185742,0.207648,0.056790,0.180610,0.271278,0.255109,0.223911,0.324436,0.242538,0.283817,0.204280,0.252637,0.195009
3863,16.095833,,,,,,,,,,,,,,,,0.220670,0.169006,0.185735,0.207648,0.056789,0.180602,0.271277,0.255110,0.223912,0.324451,0.242551,0.283801,0.204278,0.252634,0.195016
3864,16.100000,,,,,,,,,,,,,,,,0.220670,0.169009,0.185738,0.207648,0.056788,0.180599,0.271274,0.255114,0.223915,0.324499,0.242541,0.283794,0.204273,0.252632,0.195018
3865,16.104167,,,,,,,,,,,,,,,,0.220667,0.168999,0.185751,0.207646,0.056791,0.180599,0.271277,0.255119,0.223918,0.324526,0.242549,0.283778,0.204270,0.252630,0.195026
3866,16.108333,,,,,,,,,,,,,,,,0.220671,0.168999,0.185760,0.207647,0.056790,0.180596,0.271274,0.255123,0.223921,0.324556,0.242550,0.283749,0.204269,0.252630,0.195041
3867,16.112500,,,,,,,,,,,,,,,,0.220673,0.168997,0.185766,0.207647,0.056794,0.180591,0.271270,0.255125,0.223933,0.324577,0.242565,0.283734,0.204262,0.252627,0.195045
3868,16.116667,,,,,,,,,,,,,,,,0.220676,0.168998,0.185775,0.207647,0.056794,0.180590,0.271280,0.255135,0.223930,0.324603,0.242576,0.283715,0.204259,0.252624,0.195054
3869,16.120833,,,,,,,,,,,,,,,,0.220686,0.169006,0.185777,0.207647,0.056796,0.180592,0.271282,0.255141,0.223933,0.324622,0.242591,0.283702,0.204254,0.252620,0.195060
3870,16.125000,,,,,,,,,,,,,,,,0.220689,0.169006,0.185780,0.207648,0.056800,0.180589,0.271276,0.255147,0.223933,0.324640,0.242605,0.283692,0.204267,0.252614,0.195071
3871,16.129167,,,,,,,,,,,,,,,,0.220691,0.169006,0.185784,0.207650,0.056798,0.180589,0.271277,0.255153,0.223944,0.324660,0.242616,0.283681,0.204273,0.252611,0.195085
3872,16.133333,,,,,,,,,,,,,,,,0.220687,0.168998,0.185798,0.207651,0.056796,0.180588,0.271277,0.255158,0.223950,0.324679,0.242627,0.283668,0.204271,0.252609,0.195095
3873,16.137500,,,,,,,,,,,,,,,,0.220688,0.168996,0.185804,0.207653,0.056798,0.180585,0.271278,0.255163,0.223953,0.324704,0.242641,0.283646,0.204267,0.252608,0.195099
3874,16.141667,,,,,,,,,,,,,,,,0.220698,0.169005,0.185805,0.207655,0.056794,0.180585,0.271272,0.255167,0.223950,0.324721,0.242652,0.283639,0.204267,0.252602,0.195104
3875,16.145833,,,,,,,,,,,,,,,,0.220697,0.169004,0.185804,0.207655,0.056796,0.180588,0.271277,0.255169,0.223957,0.324732,0.242662,0.283633,0.204267,0.252602,0.195114
3876,16.150000,,,,,,,,,,,,,,,,0.220691,0.168995,0.185813,0.207652,0.056799,0.180588,0.271278,0.255174,0.223958,0.324758,0.242689,0.283616,0.204267,0.252600,0.195118
3877,16.154167,,,,,,,,,,,,,,,,0.220690,0.168995,0.185819,0.207652,0.056796,0.180586,0.271279,0.255175,0.223961,0.324767,0.242697,0.283615,0.204266,0.252603,0.195131
3878,16.158333,,,,,,,,,,,,,,,,0.220693,0.168994,0.185820,0.207650,0.056797,0.180588,0.271280,0.255177,0.223964,0.324773,0.242704,0.283611,0.204264,0.252606,0.195138
3879,16.162500,,,,,,,,,,,,,,,,0.220698,0.169003,0.185816,0.207649,0.056800,0.180589,0.271289,0.255180,0.223980,0.324777,0.242708,0.283613,0.204265,0.252610,0.195146
3880,16.166667,,,,,,,,,,,,,,,,0.220689,0.168997,0.185822,0.207649,0.056799,0.180588,0.271280,0.255177,0.223968,0.324779,0.242712,0.283616,0.204268,0.252608,0.195149
3881,16.170833,,,,,,,,,,,,,,,,0.220689,0.168997,0.185818,0.207647,0.056801,0.180587,0.271280,0.255176,0.223970,0.324776,0.242711,0.283621,0.204265,0.252613,0.195151
3882,16.175000,,,,,,,,,,,,,,,,0.220693,0.169005,0.185811,0.207646,0.056799,0.180587,0.271291,0.255178,0.223983,0.324773,0.242708,0.283622,0.204266,0.252614,0.195154
3883,16.179167,,,,,,,,,,,,,,,,0.220692,0.169006,0.185809,0.207646,0.056797,0.180590,0.271279,0.255173,0.223967,0.324763,0.242703,0.283630,0.204265,0.252617,0.195153
3884,16.183333,,,,,,,,,,,,,,,,0.220683,0.168997,0.185814,0.207645,0.056796,0.180590,0.271277,0.255169,0.223968,0.324755,0.242696,0.283638,0.204268,0.252614,0.195148
3885,16.187500,,,,,,,,,,,,,,,,0.220689,0.169004,0.185803,0.207646,0.056795,0.180588,0.271277,0.255167,0.223969,0.324729,0.242671,0.283653,0.204263,0.252612,0.195135
3886,16.191667,,,,,,,,,,,,,,,,0.220686,0.169007,0.185799,0.207645,0.056796,0.180587,0.271277,0.255164,0.223964,0.324715,0.242661,0.283661,0.204261,0.252610,0.195129
3887,16.195833,,,,,,,,,,,,,,,,0.220685,0.169005,0.185795,0.207643,0.056793,0.180589,0.271277,0.255161,0.223963,0.324699,0.242652,0.283671,0.204267,0.252613,0.195126
3888,16.200000,,,,,,,,,,,,,,,,0.220679,0.168999,0.185801,0.207642,0.056793,0.180588,0.271278,0.255159,0.223959,0.324672,0.242639,0.283691,0.204271,0.252613,0.195119
3889,16.204167,,,,,,,,,,,,,,,,0.220687,0.169004,0.185792,0.207643,0.056792,0.180591,0.271276,0.255153,0.223958,0.324657,0.242626,0.283702,0.204272,0.252613,0.195108
3890,16.208333,,,,,,,,,,,,,,,,0.220681,0.168999,0.185794,0.207643,0.056795,0.180593,0.271278,0.255152,0.223953,0.324639,0.242615,0.283713,0.204273,0.252616,0.195102
3891,16.212500,,,,,,,,,,,,,,,,0.220685,0.169008,0.185784,0.207644,0.056796,0.180593,0.271280,0.255149,0.223952,0.324621,0.242603,0.283724,0.204273,0.252618,0.195098
3892,16.216667,,,,,,,,,,,,,,,,0.220686,0.169009,0.185780,0.207644,0.056796,0.180595,0.271280,0.255146,0.223950,0.324607,0.242591,0.283734,0.204275,0.252619,0.195089
3893,16.220833,,,,,,,,,,,,,,,,0.220687,0.169008,0.185776,0.207643,0.056799,0.180598,0.271274,0.255138,0.223950,0.324582,0.242579,0.283748,0.204259,0.252625,0.195073
3894,16.225000,,,,,,,,,,,,,,,,0.220680,0.169002,0.185778,0.207643,0.056800,0.180596,0.271278,0.255137,0.223934,0.324564,0.242565,0.283759,0.204275,0.252621,0.195068
3895,16.229167,,,,,,,,,,,,,,,,0.220684,0.169011,0.185764,0.207643,0.056802,0.180594,0.271284,0.255134,0.223932,0.324546,0.242554,0.283768,0.204267,0.252625,0.195057
3896,16.233333,,,,,,,,,,,,,,,,0.220682,0.169004,0.185760,0.207642,0.056802,0.180596,0.271285,0.255130,0.223929,0.324520,0.242554,0.283786,0.204267,0.252627,0.195047
3897,16.237500,,,,,,,,,,,,,,,,0.220687,0.169012,0.185750,0.207643,0.056805,0.180596,0.271284,0.255127,0.223926,0.324502,0.242546,0.283792,0.204269,0.252629,0.195040
3898,16.241667,,,,,,,,,,,,,,,,0.220683,0.169003,0.185749,0.207645,0.056805,0.180592,0.271272,0.255122,0.223928,0.324489,0.242535,0.283800,0.204272,0.252629,0.195029
3899,16.245833,,,,,,,,,,,,,,,,0.220688,0.169012,0.185739,0.207647,0.056807,0.180585,0.271283,0.255122,0.223920,0.324476,0.242524,0.283805,0.204274,0.252629,0.195018
3900,16.250000,,,,,,,,,,,,,,,,0.220688,0.169012,0.185730,0.207649,0.056804,0.180581,0.271271,0.255114,0.223919,0.324464,0.242513,0.283807,0.204275,0.252630,0.195006
3901,16.254167,,,,,,,,,,,,,,,,0.220688,0.169011,0.185721,0.207649,0.056803,0.180575,0.271270,0.255109,0.223918,0.324452,0.242504,0.283811,0.204273,0.252628,0.194992
3902,16.258333,,,,,,,,,,,,,,,,0.220687,0.169010,0.185715,0.207645,0.056801,0.180570,0.271270,0.255106,0.223914,0.324442,0.242496,0.283813,0.204274,0.252632,0.194987
3903,16.262500,,,,,,,,,,,,,,,,0.220686,0.169009,0.185708,0.207644,0.056799,0.180563,0.271269,0.255104,0.223909,0.324439,0.242459,0.283824,0.204279,0.252628,0.194977
3904,16.266667,,,,,,,,,,,,,,,,0.220689,0.169005,0.185704,0.207646,0.056799,0.180557,0.271266,0.255099,0.223904,0.324434,0.242452,0.283825,0.204279,0.252630,0.194973
3905,16.270833,,,,,,,,,,,,,,,,0.220689,0.169006,0.185700,0.207646,0.056793,0.180559,0.271267,0.255097,0.223902,0.324427,0.242448,0.283825,0.204274,0.252628,0.194954
3906,16.275000,,,,,,,,,,,,,,,,0.220695,0.169000,0.185685,0.207645,0.056792,0.180553,0.271263,0.255095,0.223897,0.324423,0.242445,0.283823,0.204270,0.252629,0.194953
3907,16.279167,,,,,,,,,,,,,,,,0.220688,0.169004,0.185695,0.207644,0.056791,0.180556,0.271263,0.255096,0.223895,0.324419,0.242443,0.283823,0.204272,0.252628,0.194952
3908,16.283333,,,,,,,,,,,,,,,,0.220687,0.169004,0.185691,0.207647,0.056789,0.180553,0.271261,0.255097,0.223891,0.324385,0.242478,0.283807,0.204273,0.252628,0.194950
3909,16.287500,,,,,,,,,,,,,,,,0.220685,0.169007,0.185690,0.207648,0.056788,0.180555,0.271259,0.255099,0.223890,0.324380,0.242484,0.283806,0.204267,0.252627,0.194941
3910,16.291667,,,,,,,,,,,,,,,,0.220684,0.169007,0.185691,0.207650,0.056789,0.180558,0.271258,0.255103,0.223888,0.324381,0.242486,0.283804,0.204269,0.252629,0.194949
3911,16.295833,,,,,,,,,,,,,,,,0.220684,0.169009,0.185695,0.207651,0.056790,0.180565,0.271258,0.255108,0.223887,0.324382,0.242493,0.283802,0.204269,0.252628,0.194945
3912,16.300000,,,,,,,,,,,,,,,,0.220685,0.169012,0.185695,0.207650,0.056791,0.180568,0.271263,0.255115,0.223877,0.324385,0.242498,0.283800,0.204268,0.252629,0.194951
3913,16.304167,,,,,,,,,,,,,,,,0.220682,0.169011,0.185700,0.207650,0.056792,0.180577,0.271258,0.255119,0.223885,0.324390,0.242506,0.283797,0.204266,0.252631,0.194961
3914,16.308333,,,,,,,,,,,,,,,,0.220684,0.169012,0.185707,0.207650,0.056795,0.180585,0.271263,0.255126,0.223879,0.324398,0.242515,0.283794,0.204265,0.252634,0.194971
3915,16.312500,,,,,,,,,,,,,,,,0.220682,0.169014,0.185715,0.207650,0.056799,0.180591,0.271264,0.255130,0.223879,0.324407,0.242542,0.283779,0.204267,0.252633,0.194978
3916,16.316667,,,,,,,,,,,,,,,,0.220691,0.169010,0.185710,0.207649,0.056799,0.180602,0.271264,0.255137,0.223882,0.324417,0.242555,0.283772,0.204269,0.252634,0.194984
3917,16.320833,,,,,,,,,,,,,,,,0.220680,0.169019,0.185727,0.207649,0.056798,0.180609,0.271268,0.255143,0.223887,0.324430,0.242566,0.283765,0.204265,0.252633,0.194993
3918,16.325000,,,,,,,,,,,,,,,,0.220668,0.169013,0.185739,0.207649,0.056798,0.180616,0.271266,0.255148,0.223889,0.324444,0.242580,0.283757,0.204262,0.252639,0.195009
3919,16.329167,,,,,,,,,,,,,,,,0.220671,0.169023,0.185737,0.207646,0.056801,0.180621,0.271264,0.255153,0.223890,0.324460,0.242597,0.283747,0.204260,0.252635,0.195011
3920,16.333333,,,,,,,,,,,,,,,,0.220673,0.169023,0.185742,0.207647,0.056797,0.180622,0.271263,0.255159,0.223890,0.324474,0.242609,0.283735,0.204261,0.252634,0.195026
3921,16.337500,,,,,,,,,,,,,,,,0.220671,0.169022,0.185746,0.207646,0.056798,0.180622,0.271262,0.255162,0.223894,0.324492,0.242624,0.283725,0.204249,0.252602,0.195084
3922,16.341667,,,,,,,,,,,,,,,,0.220670,0.169023,0.185751,0.207644,0.056798,0.180622,0.271261,0.255163,0.223895,0.324512,0.242636,0.283715,0.204247,0.252604,0.195095
3923,16.345833,,,,,,,,,,,,,,,,0.220670,0.169021,0.185756,0.207645,0.056797,0.180621,0.271262,0.255167,0.223898,0.324534,0.242651,0.283702,0.204254,0.252633,0.195047
3924,16.350000,,,,,,,,,,,,,,,,0.220670,0.169023,0.185761,0.207646,0.056796,0.180620,0.271259,0.255177,0.223895,0.324559,0.242648,0.283680,0.204247,0.252631,0.195050
3925,16.354167,,,,,,,,,,,,,,,,0.220671,0.169022,0.185765,0.207647,0.056794,0.180615,0.271261,0.255172,0.223898,0.324599,0.242632,0.283682,0.204230,0.252595,0.195106
3926,16.358333,,,,,,,,,,,,,,,,0.220672,0.169021,0.185765,0.207648,0.056794,0.180610,0.271261,0.255172,0.223899,0.324619,0.242639,0.283670,0.204231,0.252595,0.195116
3927,16.362500,,,,,,,,,,,,,,,,0.220675,0.169018,0.185770,0.207646,0.056791,0.180607,0.271261,0.255174,0.223900,0.324630,0.242648,0.283662,0.204240,0.252624,0.195063
3928,16.366667,,,,,,,,,,,,,,,,0.220672,0.169009,0.185779,0.207646,0.056790,0.180598,0.271261,0.255175,0.223901,0.324646,0.242650,0.283650,0.204221,0.252589,0.195121
3929,16.370833,,,,,,,,,,,,,,,,0.220678,0.169011,0.185774,0.207646,0.056789,0.180593,0.271258,0.255177,0.223907,0.324668,0.242655,0.283629,0.204240,0.252586,0.195141
3930,16.375000,,,,,,,,,,,,,,,,0.220681,0.169012,0.185771,0.207647,0.056787,0.180586,0.271261,0.255177,0.223905,0.324678,0.242659,0.283617,0.204242,0.252590,0.195154
3931,16.379167,,,,,,,,,,,,,,,,0.220680,0.169011,0.185770,0.207648,0.056788,0.180580,0.271260,0.255176,0.223904,0.324689,0.242660,0.283608,0.204238,0.252624,0.195093
3932,16.383333,,,,,,,,,,,,,,,,0.220675,0.169002,0.185778,0.207647,0.056787,0.180574,0.271257,0.255185,0.223902,0.324697,0.242656,0.283599,0.204244,0.252613,0.195089
3933,16.387500,,,,,,,,,,,,,,,,0.220680,0.169008,0.185776,0.207647,0.056787,0.180567,0.271258,0.255185,0.223903,0.324701,0.242656,0.283591,0.204238,0.252580,0.195156
3934,16.391667,,,,,,,,,,,,,,,,0.220682,0.169008,0.185775,0.207648,0.056788,0.180564,0.271261,0.255178,0.223906,0.324703,0.242646,0.283586,0.204256,0.252620,0.195111
3935,16.395833,,,,,,,,,,,,,,,,0.220685,0.169007,0.185772,0.207648,0.056791,0.180566,0.271260,0.255179,0.223913,0.324704,0.242639,0.283583,0.204248,0.252610,0.195093
3936,16.400000,,,,,,,,,,,,,,,,0.220685,0.169006,0.185776,0.207648,0.056793,0.180567,0.271259,0.255177,0.223907,0.324700,0.242629,0.283581,0.204247,0.252612,0.195095
3937,16.404167,,,,,,,,,,,,,,,,0.220684,0.169010,0.185774,0.207647,0.056796,0.180568,0.271261,0.255177,0.223909,0.324698,0.242617,0.283578,0.204217,0.252581,0.195145
3938,16.408333,,,,,,,,,,,,,,,,0.220679,0.169003,0.185784,0.207646,0.056797,0.180570,0.271251,0.255170,0.223917,0.324690,0.242606,0.283578,0.204247,0.252616,0.195098
3939,16.412500,,,,,,,,,,,,,,,,0.220684,0.169012,0.185775,0.207646,0.056795,0.180566,0.271258,0.255174,0.223909,0.324672,0.242595,0.283594,0.204238,0.252580,0.195150
3940,16.416667,,,,,,,,,,,,,,,,0.220677,0.169005,0.185780,0.207646,0.056799,0.180572,0.271252,0.255168,0.223917,0.324662,0.242580,0.283597,0.204239,0.252585,0.195151
3941,16.420833,,,,,,,,,,,,,,,,0.220670,0.169006,0.185783,0.207646,0.056798,0.180575,0.271256,0.255167,0.223908,0.324648,0.242566,0.283602,0.204238,0.252585,0.195147
3942,16.425000,,,,,,,,,,,,,,,,0.220670,0.169008,0.185779,0.207645,0.056800,0.180578,0.271248,0.255159,0.223914,0.324635,0.242546,0.283605,0.204242,0.252587,0.195141
3943,16.429167,,,,,,,,,,,,,,,,0.220668,0.169012,0.185777,0.207647,0.056801,0.180579,0.271251,0.255157,0.223905,0.324621,0.242532,0.283616,0.204237,0.252622,0.195070
3944,16.433333,,,,,,,,,,,,,,,,0.220668,0.169009,0.185773,0.207645,0.056801,0.180585,0.271242,0.255150,0.223909,0.324606,0.242514,0.283620,0.204232,0.252585,0.195120
3945,16.437500,,,,,,,,,,,,,,,,0.220671,0.169022,0.185764,0.207643,0.056800,0.180589,0.271239,0.255146,0.223910,0.324588,0.242499,0.283627,0.204237,0.252627,0.195061
3946,16.441667,,,,,,,,,,,,,,,,0.220669,0.169021,0.185759,0.207645,0.056797,0.180589,0.271241,0.255144,0.223913,0.324568,0.242482,0.283640,0.204241,0.252588,0.195110
3947,16.445833,,,,,,,,,,,,,,,,0.220668,0.169021,0.185757,0.207646,0.056796,0.180593,0.271238,0.255137,0.223906,0.324549,0.242463,0.283651,0.204232,0.252597,0.195105
3948,16.450000,,,,,,,,,,,,,,,,0.220662,0.169017,0.185760,0.207644,0.056796,0.180595,0.271237,0.255133,0.223903,0.324521,0.242460,0.283673,0.204239,0.252629,0.195041
3949,16.454167,,,,,,,,,,,,,,,,0.220662,0.169024,0.185748,0.207646,0.056795,0.180595,0.271236,0.255130,0.223902,0.324504,0.242415,0.283701,0.204229,0.252595,0.195077
3950,16.458333,,,,,,,,,,,,,,,,0.220661,0.169023,0.185741,0.207647,0.056793,0.180597,0.271235,0.255125,0.223900,0.324486,0.242404,0.283712,0.204234,0.252605,0.195086
3951,16.462500,,,,,,,,,,,,,,,,0.220657,0.169027,0.185734,0.207646,0.056791,0.180602,0.271234,0.255121,0.223895,0.324468,0.242393,0.283725,0.204246,0.252640,0.195028
3952,16.466667,,,,,,,,,,,,,,,,0.220654,0.169027,0.185732,0.207646,0.056791,0.180603,0.271234,0.255118,0.223895,0.324451,0.242384,0.283736,0.204234,0.252607,0.195066
3953,16.470833,,,,,,,,,,,,,,,,0.220658,0.169024,0.185728,0.207645,0.056791,0.180604,0.271233,0.255116,0.223892,0.324436,0.242377,0.283746,0.204251,0.252642,0.195017
3954,16.475000,,,,,,,,,,,,,,,,0.220656,0.169026,0.185724,0.207645,0.056791,0.180601,0.271233,0.255115,0.223890,0.324389,0.242406,0.283740,0.204246,0.252644,0.195006
3955,16.479167,,,,,,,,,,,,,,,,0.220656,0.169026,0.185722,0.207646,0.056790,0.180604,0.271234,0.255114,0.223887,0.324377,0.242402,0.283748,0.204247,0.252642,0.195000
3956,16.483333,,,,,,,,,,,,,,,,0.220654,0.169028,0.185718,0.207647,0.056789,0.180602,0.271233,0.255114,0.223885,0.324369,0.242397,0.283756,0.204248,0.252640,0.194989
3957,16.487500,,,,,,,,,,,,,,,,0.220658,0.169025,0.185713,0.207649,0.056791,0.180604,0.271233,0.255113,0.223884,0.324360,0.242400,0.283759,0.204253,0.252642,0.194986
3958,16.491667,,,,,,,,,,,,,,,,0.220662,0.169025,0.185712,0.207651,0.056790,0.180599,0.271235,0.255114,0.223880,0.324357,0.242401,0.283765,0.204243,0.252608,0.195030
3959,16.495833,,,,,,,,,,,,,,,,0.220665,0.169022,0.185712,0.207654,0.056790,0.180597,0.271237,0.255113,0.223880,0.324353,0.242403,0.283767,0.204258,0.252638,0.194978
3960,16.500000,,,,,,,,,,,,,,,,0.220667,0.169023,0.185711,0.207655,0.056790,0.180596,0.271237,0.255115,0.223879,0.324350,0.242409,0.283770,0.204256,0.252634,0.194967
3961,16.504167,,,,,,,,,,,,,,,,0.220668,0.169023,0.185710,0.207655,0.056790,0.180596,0.271244,0.255117,0.223869,0.324352,0.242415,0.283771,0.204258,0.252633,0.194963
3962,16.508333,,,,,,,,,,,,,,,,0.220668,0.169024,0.185712,0.207652,0.056793,0.180595,0.271240,0.255118,0.223878,0.324385,0.242391,0.283788,0.204251,0.252635,0.194959
3963,16.512500,,,,,,,,,,,,,,,,0.220667,0.169022,0.185710,0.207652,0.056794,0.180592,0.271237,0.255118,0.223877,0.324362,0.242436,0.283773,0.204253,0.252632,0.194958
3964,16.516667,,,,,,,,,,,,,,,,0.220668,0.169023,0.185709,0.207651,0.056793,0.180588,0.271237,0.255119,0.223878,0.324362,0.242445,0.283769,0.204256,0.252628,0.194953
3965,16.520833,,,,,,,,,,,,,,,,0.220670,0.169020,0.185710,0.207649,0.056793,0.180586,0.271237,0.255121,0.223878,0.324370,0.242460,0.283768,0.204252,0.252629,0.194957
3966,16.525000,,,,,,,,,,,,,,,,0.220670,0.169021,0.185707,0.207650,0.056793,0.180583,0.271236,0.255122,0.223879,0.324378,0.242475,0.283767,0.204252,0.252630,0.194959
3967,16.529167,,,,,,,,,,,,,,,,0.220673,0.169018,0.185710,0.207652,0.056790,0.180578,0.271237,0.255125,0.223880,0.324387,0.242487,0.283766,0.204250,0.252632,0.194960
3968,16.533333,,,,,,,,,,,,,,,,0.220678,0.169017,0.185712,0.207652,0.056793,0.180575,0.271240,0.255128,0.223880,0.324400,0.242500,0.283758,0.204248,0.252630,0.194963
3969,16.537500,,,,,,,,,,,,,,,,0.220681,0.169017,0.185715,0.207650,0.056794,0.180578,0.271239,0.255130,0.223883,0.324410,0.242532,0.283744,0.204250,0.252630,0.194966
3970,16.541667,,,,,,,,,,,,,,,,0.220678,0.169016,0.185718,0.207651,0.056792,0.180575,0.271240,0.255134,0.223884,0.324421,0.242546,0.283739,0.204247,0.252631,0.194967
3971,16.545833,,,,,,,,,,,,,,,,0.220679,0.169016,0.185718,0.207652,0.056791,0.180577,0.271238,0.255136,0.223886,0.324432,0.242558,0.283733,0.204252,0.252628,0.194971
3972,16.550000,,,,,,,,,,,,,,,,0.220680,0.169018,0.185720,0.207653,0.056793,0.180578,0.271245,0.255144,0.223878,0.324444,0.242568,0.283727,0.204250,0.252632,0.194980
3973,16.554167,,,,,,,,,,,,,,,,0.220680,0.169016,0.185719,0.207652,0.056792,0.180577,0.271238,0.255144,0.223888,0.324453,0.242583,0.283722,0.204249,0.252633,0.194983
3974,16.558333,,,,,,,,,,,,,,,,0.220679,0.169017,0.185724,0.207652,0.056787,0.180575,0.271236,0.255149,0.223891,0.324463,0.242592,0.283715,0.204251,0.252629,0.194983
3975,16.562500,,,,,,,,,,,,,,,,0.220680,0.169015,0.185727,0.207650,0.056789,0.180580,0.271239,0.255152,0.223896,0.324471,0.242600,0.283710,0.204247,0.252630,0.194987
3976,16.566667,,,,,,,,,,,,,,,,0.220682,0.169013,0.185730,0.207651,0.056789,0.180582,0.271239,0.255157,0.223896,0.324480,0.242608,0.283704,0.204245,0.252634,0.195000
3977,16.570833,,,,,,,,,,,,,,,,0.220681,0.169016,0.185736,0.207652,0.056786,0.180588,0.271240,0.255160,0.223899,0.324488,0.242614,0.283702,0.204251,0.252630,0.195006
3978,16.575000,,,,,,,,,,,,,,,,0.220681,0.169015,0.185738,0.207652,0.056788,0.180590,0.271240,0.255163,0.223899,0.324493,0.242617,0.283700,0.204246,0.252630,0.195008
3979,16.579167,,,,,,,,,,,,,,,,0.220680,0.169017,0.185741,0.207652,0.056789,0.180591,0.271239,0.255166,0.223900,0.324498,0.242624,0.283697,0.204241,0.252633,0.195016
3980,16.583333,,,,,,,,,,,,,,,,0.220683,0.169016,0.185743,0.207651,0.056788,0.180594,0.271238,0.255169,0.223901,0.324500,0.242627,0.283694,0.204234,0.252598,0.195071
3981,16.587500,,,,,,,,,,,,,,,,0.220681,0.169017,0.185746,0.207652,0.056790,0.180596,0.271237,0.255172,0.223903,0.324503,0.242628,0.283692,0.204242,0.252629,0.195022
3982,16.591667,,,,,,,,,,,,,,,,0.220681,0.169019,0.185750,0.207652,0.056789,0.180601,0.271244,0.255176,0.223893,0.324503,0.242627,0.283691,0.204232,0.252599,0.195079
3983,16.595833,,,,,,,,,,,,,,,,0.220682,0.169017,0.185754,0.207654,0.056790,0.180601,0.271243,0.255184,0.223892,0.324505,0.242626,0.283691,0.204248,0.252628,0.195032
3984,16.600000,,,,,,,,,,,,,,,,0.220674,0.169012,0.185764,0.207654,0.056791,0.180602,0.271242,0.255185,0.223892,0.324507,0.242624,0.283686,0.204231,0.252592,0.195078
3985,16.604167,,,,,,,,,,,,,,,,0.220680,0.169019,0.185757,0.207654,0.056791,0.180605,0.271243,0.255183,0.223893,0.324507,0.242618,0.283684,0.204229,0.252593,0.195081
3986,16.608333,,,,,,,,,,,,,,,,0.220677,0.169022,0.185759,0.207652,0.056790,0.180606,0.271241,0.255182,0.223892,0.324508,0.242611,0.283683,0.204227,0.252594,0.195086
3987,16.612500,,,,,,,,,,,,,,,,0.220677,0.169020,0.185759,0.207651,0.056792,0.180607,0.271243,0.255173,0.223894,0.324506,0.242605,0.283683,0.204227,0.252588,0.195083
3988,16.616667,,,,,,,,,,,,,,,,0.220673,0.169023,0.185757,0.207649,0.056789,0.180604,0.271240,0.255176,0.223891,0.324505,0.242598,0.283683,0.204232,0.252628,0.195031
3989,16.620833,,,,,,,,,,,,,,,,0.220672,0.169021,0.185754,0.207647,0.056790,0.180604,0.271242,0.255166,0.223894,0.324505,0.242591,0.283680,0.204231,0.252625,0.195027
3990,16.625000,,,,,,,,,,,,,,,,0.220670,0.169022,0.185752,0.207647,0.056788,0.180602,0.271234,0.255161,0.223902,0.324501,0.242579,0.283680,0.204227,0.252597,0.195091
3991,16.629167,,,,,,,,,,,,,,,,0.220659,0.169015,0.185759,0.207648,0.056787,0.180601,0.271229,0.255164,0.223904,0.324499,0.242569,0.283680,0.204232,0.252600,0.195098
3992,16.633333,,,,,,,,,,,,,,,,0.220668,0.169021,0.185755,0.207646,0.056789,0.180595,0.271232,0.255154,0.223904,0.324521,0.242535,0.283687,0.204228,0.252600,0.195092
3993,16.637500,,,,,,,,,,,,,,,,0.220660,0.169014,0.185761,0.207646,0.056791,0.180594,0.271230,0.255148,0.223899,0.324522,0.242520,0.283686,0.204226,0.252597,0.195085
3994,16.641667,,,,,,,,,,,,,,,,0.220665,0.169023,0.185753,0.207645,0.056791,0.180594,0.271229,0.255144,0.223900,0.324515,0.242507,0.283682,0.204224,0.252602,0.195091
3995,16.645833,,,,,,,,,,,,,,,,0.220664,0.169021,0.185749,0.207646,0.056790,0.180589,0.271233,0.255143,0.223902,0.324508,0.242490,0.283679,0.204241,0.252633,0.195033
3996,16.650000,,,,,,,,,,,,,,,,0.220658,0.169013,0.185751,0.207648,0.056790,0.180587,0.271227,0.255138,0.223895,0.324501,0.242479,0.283675,0.204220,0.252600,0.195074
3997,16.654167,,,,,,,,,,,,,,,,0.220663,0.169022,0.185745,0.207648,0.056790,0.180585,0.271227,0.255135,0.223894,0.324499,0.242431,0.283689,0.204225,0.252599,0.195073
3998,16.658333,,,,,,,,,,,,,,,,0.220663,0.169023,0.185741,0.207647,0.056790,0.180585,0.271223,0.255131,0.223893,0.324492,0.242416,0.283690,0.204226,0.252602,0.195077
3999,16.662500,,,,,,,,,,,,,,,,0.220662,0.169022,0.185739,0.207647,0.056790,0.180578,0.271222,0.255129,0.223890,0.324481,0.242404,0.283690,0.204233,0.252633,0.195014
4000,16.666667,,,,,,,,,,,,,,,,0.220659,0.169023,0.185733,0.207646,0.056791,0.180578,0.271223,0.255127,0.223890,0.324473,0.242388,0.283688,0.204220,0.252600,0.195062
4001,16.670833,,,,,,,,,,,,,,,,0.220660,0.169024,0.185733,0.207645,0.056792,0.180580,0.271222,0.255126,0.223888,0.324465,0.242377,0.283690,0.204226,0.252603,0.195066
4002,16.675000,,,,,,,,,,,,,,,,0.220662,0.169024,0.185736,0.207646,0.056793,0.180578,0.271221,0.255124,0.223889,0.324455,0.242364,0.283692,0.204241,0.252635,0.195015
4003,16.679167,,,,,,,,,,,,,,,,0.220660,0.169025,0.185731,0.207650,0.056789,0.180577,0.271221,0.255124,0.223888,0.324447,0.242352,0.283694,0.204224,0.252600,0.195052
4004,16.683333,,,,,,,,,,,,,,,,0.220660,0.169024,0.185733,0.207649,0.056791,0.180582,0.271220,0.255123,0.223888,0.324440,0.242342,0.283696,0.204228,0.252602,0.195057
4005,16.687500,,,,,,,,,,,,,,,,0.220661,0.169026,0.185728,0.207651,0.056792,0.180582,0.271218,0.255123,0.223887,0.324432,0.242332,0.283697,0.204230,0.252600,0.195050
4006,16.691667,,,,,,,,,,,,,,,,0.220662,0.169028,0.185725,0.207650,0.056791,0.180584,0.271219,0.255123,0.223887,0.324423,0.242326,0.283702,0.204227,0.252602,0.195039
4007,16.695833,,,,,,,,,,,,,,,,0.220661,0.169028,0.185726,0.207651,0.056792,0.180588,0.271219,0.255120,0.223887,0.324417,0.242320,0.283705,0.204223,0.252600,0.195039
4008,16.700000,,,,,,,,,,,,,,,,0.220659,0.169029,0.185726,0.207650,0.056794,0.180591,0.271217,0.255122,0.223886,0.324413,0.242317,0.283707,0.204227,0.252600,0.195039
4009,16.704167,,,,,,,,,,,,,,,,0.220657,0.169030,0.185725,0.207651,0.056792,0.180594,0.271214,0.255120,0.223887,0.324407,0.242313,0.283709,0.204238,0.252634,0.194987
4010,16.708333,,,,,,,,,,,,,,,,0.220659,0.169032,0.185725,0.207650,0.056793,0.180594,0.271214,0.255119,0.223886,0.324372,0.242346,0.283697,0.204224,0.252604,0.195036
4011,16.712500,,,,,,,,,,,,,,,,0.220654,0.169032,0.185728,0.207648,0.056795,0.180597,0.271212,0.255121,0.223886,0.324364,0.242348,0.283700,0.204241,0.252637,0.194987
4012,16.716667,,,,,,,,,,,,,,,,0.220653,0.169033,0.185724,0.207647,0.056795,0.180600,0.271210,0.255121,0.223886,0.324361,0.242351,0.283704,0.204224,0.252608,0.195036
4013,16.720833,,,,,,,,,,,,,,,,0.220649,0.169035,0.185724,0.207649,0.056794,0.180596,0.271210,0.255121,0.223884,0.324360,0.242356,0.283707,0.204230,0.252611,0.195042
4014,16.725000,,,,,,,,,,,,,,,,0.220651,0.169033,0.185721,0.207647,0.056794,0.180602,0.271208,0.255121,0.223884,0.324356,0.242362,0.283714,0.204231,0.252609,0.195040
4015,16.729167,,,,,,,,,,,,,,,,0.220651,0.169032,0.185723,0.207644,0.056795,0.180602,0.271210,0.255121,0.223886,0.324357,0.242370,0.283715,0.204228,0.252609,0.195034
4016,16.733333,,,,,,,,,,,,,,,,0.220654,0.169033,0.185720,0.207645,0.056795,0.180598,0.271210,0.255124,0.223884,0.324357,0.242376,0.283717,0.204227,0.252610,0.195036
4017,16.737500,,,,,,,,,,,,,,,,0.220654,0.169032,0.185721,0.207647,0.056790,0.180601,0.271211,0.255124,0.223882,0.324358,0.242386,0.283719,0.204228,0.252609,0.195034
4018,16.741667,,,,,,,,,,,,,,,,0.220653,0.169034,0.185722,0.207647,0.056794,0.180599,0.271211,0.255127,0.223882,0.324358,0.242395,0.283720,0.204230,0.252607,0.195029
4019,16.745833,,,,,,,,,,,,,,,,0.220655,0.169032,0.185720,0.207647,0.056791,0.180598,0.271210,0.255128,0.223879,0.324358,0.242406,0.283723,0.204228,0.252608,0.195030
4020,16.750000,,,,,,,,,,,,,,,,0.220658,0.169030,0.185719,0.207648,0.056790,0.180594,0.271209,0.255131,0.223879,0.324358,0.242418,0.283723,0.204228,0.252604,0.195031
4021,16.754167,,,,,,,,,,,,,,,,0.220660,0.169030,0.185714,0.207649,0.056788,0.180589,0.271209,0.255134,0.223876,0.324360,0.242431,0.283724,0.204224,0.252606,0.195034
4022,16.758333,,,,,,,,,,,,,,,,0.220659,0.169030,0.185714,0.207650,0.056787,0.180592,0.271209,0.255136,0.223877,0.324364,0.242443,0.283724,0.204228,0.252603,0.195030
4023,16.762500,,,,,,,,,,,,,,,,0.220661,0.169030,0.185712,0.207652,0.056789,0.180590,0.271208,0.255141,0.223875,0.324368,0.242457,0.283724,0.204226,0.252603,0.195031
4024,16.766667,,,,,,,,,,,,,,,,0.220662,0.169029,0.185715,0.207650,0.056789,0.180589,0.271205,0.255151,0.223871,0.324372,0.242471,0.283722,0.204221,0.252602,0.195026
4025,16.770833,,,,,,,,,,,,,,,,0.220665,0.169028,0.185716,0.207651,0.056790,0.180587,0.271208,0.255148,0.223873,0.324379,0.242483,0.283723,0.204222,0.252602,0.195026
4026,16.775000,,,,,,,,,,,,,,,,0.220667,0.169028,0.185718,0.207654,0.056790,0.180587,0.271209,0.255156,0.223872,0.324385,0.242495,0.283721,0.204224,0.252601,0.195026
4027,16.779167,,,,,,,,,,,,,,,,0.220672,0.169028,0.185715,0.207655,0.056792,0.180587,0.271212,0.255154,0.223874,0.324390,0.242507,0.283717,0.204223,0.252604,0.195033
4028,16.783333,,,,,,,,,,,,,,,,0.220673,0.169029,0.185717,0.207655,0.056791,0.180587,0.271208,0.255163,0.223871,0.324396,0.242519,0.283714,0.204226,0.252603,0.195033
4029,16.787500,,,,,,,,,,,,,,,,0.220672,0.169028,0.185715,0.207654,0.056791,0.180586,0.271208,0.255167,0.223871,0.324402,0.242546,0.283702,0.204223,0.252601,0.195036
4030,16.791667,,,,,,,,,,,,,,,,0.220675,0.169025,0.185715,0.207655,0.056791,0.180580,0.271208,0.255168,0.223870,0.324405,0.242554,0.283699,0.204237,0.252632,0.194977
4031,16.795833,,,,,,,,,,,,,,,,0.220674,0.169026,0.185714,0.207656,0.056792,0.180578,0.271206,0.255168,0.223870,0.324409,0.242562,0.283693,0.204219,0.252598,0.195020
4032,16.800000,,,,,,,,,,,,,,,,0.220672,0.169025,0.185715,0.207658,0.056792,0.180572,0.271204,0.255170,0.223868,0.324415,0.242568,0.283689,0.204221,0.252597,0.195024
4033,16.804167,,,,,,,,,,,,,,,,0.220672,0.169025,0.185716,0.207655,0.056793,0.180577,0.271205,0.255172,0.223867,0.324419,0.242573,0.283684,0.204220,0.252601,0.195030
4034,16.808333,,,,,,,,,,,,,,,,0.220676,0.169023,0.185713,0.207655,0.056792,0.180575,0.271203,0.255173,0.223866,0.324422,0.242574,0.283680,0.204232,0.252629,0.194977
4035,16.812500,,,,,,,,,,,,,,,,0.220673,0.169025,0.185715,0.207656,0.056793,0.180573,0.271203,0.255174,0.223866,0.324424,0.242576,0.283676,0.204214,0.252598,0.195023
4036,16.816667,,,,,,,,,,,,,,,,0.220675,0.169025,0.185716,0.207655,0.056792,0.180573,0.271202,0.255175,0.223864,0.324424,0.242573,0.283674,0.204228,0.252629,0.194971
4037,16.820833,,,,,,,,,,,,,,,,0.220672,0.169027,0.185718,0.207655,0.056795,0.180574,0.271200,0.255175,0.223865,0.324423,0.242572,0.283671,0.204211,0.252599,0.195020
4038,16.825000,,,,,,,,,,,,,,,,0.220673,0.169026,0.185713,0.207653,0.056795,0.180571,0.271199,0.255177,0.223864,0.324421,0.242566,0.283669,0.204217,0.252600,0.195023
4039,16.829167,,,,,,,,,,,,,,,,0.220671,0.169026,0.185712,0.207654,0.056796,0.180571,0.271199,0.255176,0.223862,0.324416,0.242561,0.283668,0.204218,0.252600,0.195023
4040,16.833333,,,,,,,,,,,,,,,,0.220669,0.169026,0.185716,0.207653,0.056795,0.180578,0.271197,0.255175,0.223862,0.324413,0.242557,0.283667,0.204216,0.252600,0.195023
4041,16.837500,,,,,,,,,,,,,,,,0.220669,0.169026,0.185714,0.207654,0.056797,0.180578,0.271197,0.255177,0.223860,0.324408,0.242548,0.283665,0.204214,0.252602,0.195020
4042,16.841667,,,,,,,,,,,,,,,,0.220669,0.169028,0.185714,0.207655,0.056794,0.180579,0.271195,0.255174,0.223859,0.324402,0.242540,0.283663,0.204209,0.252600,0.195010
4043,16.845833,,,,,,,,,,,,,,,,0.220665,0.169030,0.185714,0.207654,0.056794,0.180581,0.271196,0.255174,0.223857,0.324398,0.242513,0.283672,0.204210,0.252597,0.195013
4044,16.850000,,,,,,,,,,,,,,,,0.220667,0.169028,0.185713,0.207652,0.056795,0.180587,0.271194,0.255174,0.223855,0.324393,0.242503,0.283670,0.204211,0.252600,0.195012
4045,16.854167,,,,,,,,,,,,,,,,0.220664,0.169029,0.185714,0.207652,0.056795,0.180586,0.271195,0.255173,0.223855,0.324387,0.242495,0.283671,0.204214,0.252600,0.195021
4046,16.858333,,,,,,,,,,,,,,,,0.220660,0.169031,0.185715,0.207653,0.056796,0.180587,0.271193,0.255172,0.223853,0.324384,0.242484,0.283670,0.204218,0.252600,0.195018
4047,16.862500,,,,,,,,,,,,,,,,0.220660,0.169033,0.185714,0.207653,0.056798,0.180591,0.271193,0.255171,0.223853,0.324379,0.242475,0.283671,0.204215,0.252604,0.195019
4048,16.866667,,,,,,,,,,,,,,,,0.220657,0.169037,0.185712,0.207655,0.056799,0.180592,0.271192,0.255171,0.223850,0.324373,0.242463,0.283672,0.204213,0.252607,0.195022
4049,16.870833,,,,,,,,,,,,,,,,0.220656,0.169034,0.185711,0.207652,0.056802,0.180596,0.271193,0.255168,0.223850,0.324369,0.242453,0.283671,0.204213,0.252604,0.195020
4050,16.875000,,,,,,,,,,,,,,,,0.220655,0.169034,0.185716,0.207650,0.056801,0.180597,0.271193,0.255167,0.223849,0.324365,0.242443,0.283669,0.204212,0.252609,0.195025
4051,16.879167,,,,,,,,,,,,,,,,0.220653,0.169036,0.185713,0.207649,0.056804,0.180598,0.271193,0.255164,0.223846,0.324362,0.242435,0.283667,0.204214,0.252608,0.195021
4052,16.883333,,,,,,,,,,,,,,,,0.220655,0.169038,0.185712,0.207651,0.056801,0.180595,0.271195,0.255163,0.223846,0.324362,0.242424,0.283666,0.204216,0.252607,0.195021
4053,16.887500,,,,,,,,,,,,,,,,0.220650,0.169036,0.185712,0.207650,0.056802,0.180597,0.271195,0.255157,0.223845,0.324360,0.242413,0.283662,0.204212,0.252607,0.195022
4054,16.891667,,,,,,,,,,,,,,,,0.220652,0.169037,0.185711,0.207649,0.056801,0.180597,0.271197,0.255147,0.223844,0.324358,0.242406,0.283658,0.204212,0.252608,0.195020
4055,16.895833,,,,,,,,,,,,,,,,0.220649,0.169039,0.185706,0.207650,0.056798,0.180595,0.271195,0.255144,0.223842,0.324360,0.242400,0.283655,0.204215,0.252606,0.195015
4056,16.900000,,,,,,,,,,,,,,,,0.220646,0.169037,0.185704,0.207648,0.056799,0.180595,0.271194,0.255142,0.223840,0.324359,0.242391,0.283652,0.204212,0.252606,0.195012
4057,16.904167,,,,,,,,,,,,,,,,0.220647,0.169035,0.185703,0.207650,0.056795,0.180590,0.271195,0.255141,0.223838,0.324361,0.242386,0.283647,0.204210,0.252603,0.195007
4058,16.908333,,,,,,,,,,,,,,,,0.220648,0.169036,0.185704,0.207651,0.056795,0.180587,0.271196,0.255139,0.223837,0.324363,0.242379,0.283642,0.204215,0.252602,0.195010
4059,16.912500,,,,,,,,,,,,,,,,0.220649,0.169034,0.185705,0.207650,0.056793,0.180587,0.271195,0.255136,0.223837,0.324365,0.242374,0.283638,0.204213,0.252601,0.195008
4060,16.916667,,,,,,,,,,,,,,,,0.220649,0.169035,0.185708,0.207649,0.056792,0.180589,0.271196,0.255135,0.223837,0.324367,0.242368,0.283636,0.204211,0.252604,0.195004
4061,16.920833,,,,,,,,,,,,,,,,0.220649,0.169031,0.185706,0.207650,0.056791,0.180583,0.271197,0.255135,0.223837,0.324371,0.242362,0.283633,0.204212,0.252600,0.195003
4062,16.925000,,,,,,,,,,,,,,,,0.220648,0.169032,0.185707,0.207650,0.056791,0.180586,0.271197,0.255134,0.223836,0.324374,0.242359,0.283627,0.204211,0.252599,0.195006
4063,16.929167,,,,,,,,,,,,,,,,0.220651,0.169034,0.185705,0.207649,0.056793,0.180588,0.271196,0.255134,0.223836,0.324375,0.242356,0.283624,0.204213,0.252600,0.195004
4064,16.933333,,,,,,,,,,,,,,,,0.220650,0.169033,0.185709,0.207647,0.056795,0.180588,0.271197,0.255135,0.223836,0.324377,0.242355,0.283623,0.204211,0.252604,0.195013
4065,16.937500,,,,,,,,,,,,,,,,0.220647,0.169033,0.185709,0.207646,0.056793,0.180592,0.271197,0.255135,0.223839,0.324377,0.242352,0.283610,0.204212,0.252603,0.195015
4066,16.941667,,,,,,,,,,,,,,,,0.220647,0.169032,0.185710,0.207646,0.056793,0.180595,0.271197,0.255137,0.223840,0.324379,0.242353,0.283605,0.204213,0.252603,0.195016
4067,16.945833,,,,,,,,,,,,,,,,0.220645,0.169036,0.185712,0.207645,0.056795,0.180594,0.271196,0.255136,0.223840,0.324386,0.242354,0.283612,0.204212,0.252606,0.195025
4068,16.950000,,,,,,,,,,,,,,,,0.220647,0.169035,0.185715,0.207645,0.056793,0.180591,0.271197,0.255140,0.223841,0.324391,0.242353,0.283611,0.204214,0.252605,0.195029
4069,16.954167,,,,,,,,,,,,,,,,0.220646,0.169035,0.185718,0.207642,0.056797,0.180597,0.271199,0.255140,0.223842,0.324392,0.242357,0.283610,0.204213,0.252607,0.195030
4070,16.958333,,,,,,,,,,,,,,,,0.220645,0.169036,0.185720,0.207641,0.056799,0.180598,0.271195,0.255149,0.223842,0.324389,0.242358,0.283601,0.204215,0.252609,0.195033
4071,16.962500,,,,,,,,,,,,,,,,0.220645,0.169038,0.185723,0.207642,0.056800,0.180600,0.271194,0.255150,0.223844,0.324426,0.242329,0.283624,0.204210,0.252607,0.195027
4072,16.966667,,,,,,,,,,,,,,,,0.220645,0.169037,0.185724,0.207641,0.056799,0.180597,0.271198,0.255145,0.223846,0.324403,0.242365,0.283611,0.204216,0.252605,0.195031
4073,16.970833,,,,,,,,,,,,,,,,0.220647,0.169036,0.185728,0.207641,0.056799,0.180596,0.271195,0.255154,0.223845,0.324400,0.242367,0.283609,0.204213,0.252607,0.195038
4074,16.975000,,,,,,,,,,,,,,,,0.220644,0.169039,0.185728,0.207641,0.056799,0.180601,0.271197,0.255147,0.223851,0.324402,0.242375,0.283612,0.204217,0.252609,0.195046
4075,16.979167,,,,,,,,,,,,,,,,0.220644,0.169037,0.185732,0.207641,0.056800,0.180600,0.271197,0.255147,0.223851,0.324404,0.242378,0.283614,0.204216,0.252611,0.195049
4076,16.983333,,,,,,,,,,,,,,,,0.220646,0.169040,0.185732,0.207639,0.056801,0.180600,0.271193,0.255155,0.223849,0.324404,0.242382,0.283615,0.204216,0.252607,0.195045
4077,16.987500,,,,,,,,,,,,,,,,0.220647,0.169037,0.185731,0.207639,0.056796,0.180603,0.271196,0.255149,0.223853,0.324405,0.242385,0.283618,0.204215,0.252606,0.195049
4078,16.991667,,,,,,,,,,,,,,,,0.220645,0.169037,0.185734,0.207641,0.056795,0.180600,0.271197,0.255151,0.223854,0.324405,0.242389,0.283619,0.204209,0.252606,0.195044
4079,16.995833,,,,,,,,,,,,,,,,0.220645,0.169038,0.185732,0.207640,0.056797,0.180597,0.271196,0.255149,0.223854,0.324404,0.242396,0.283623,0.204213,0.252605,0.195048
4080,17.000000,,,,,,,,,,,,,,,,0.220647,0.169037,0.185730,0.207642,0.056795,0.180595,0.271201,0.255159,0.223845,0.324405,0.242398,0.283627,0.204212,0.252604,0.195050
4081,17.004167,,,,,,,,,,,,,,,,0.220645,0.169039,0.185730,0.207642,0.056796,0.180596,0.271195,0.255158,0.223853,0.324403,0.242407,0.283631,0.204212,0.252603,0.195052
4082,17.008333,,,,,,,,,,,,,,,,0.220650,0.169037,0.185730,0.207643,0.056798,0.180593,0.271193,0.255160,0.223855,0.324405,0.242411,0.283634,0.204208,0.252605,0.195050
4083,17.012500,,,,,,,,,,,,,,,,0.220651,0.169038,0.185731,0.207644,0.056795,0.180592,0.271194,0.255158,0.223855,0.324406,0.242414,0.283635,0.204207,0.252603,0.195045
4084,17.016667,,,,,,,,,,,,,,,,0.220651,0.169037,0.185729,0.207644,0.056799,0.180588,0.271198,0.255152,0.223858,0.324407,0.242417,0.283636,0.204215,0.252607,0.195048
4085,17.020833,,,,,,,,,,,,,,,,0.220654,0.169035,0.185731,0.207645,0.056798,0.180582,0.271197,0.255158,0.223857,0.324406,0.242421,0.283641,0.204214,0.252604,0.195047
4086,17.025000,,,,,,,,,,,,,,,,0.220656,0.169036,0.185728,0.207645,0.056798,0.180583,0.271199,0.255151,0.223861,0.324407,0.242423,0.283643,0.204214,0.252605,0.195047
4087,17.029167,,,,,,,,,,,,,,,,0.220656,0.169036,0.185730,0.207643,0.056799,0.180584,0.271201,0.255151,0.223860,0.324406,0.242425,0.283643,0.204213,0.252606,0.195041
4088,17.033333,,,,,,,,,,,,,,,,0.220659,0.169035,0.185727,0.207645,0.056796,0.180577,0.271196,0.255156,0.223857,0.324402,0.242425,0.283646,0.204215,0.252604,0.195039
4089,17.037500,,,,,,,,,,,,,,,,0.220660,0.169034,0.185723,0.207644,0.056798,0.180575,0.271196,0.255156,0.223859,0.324396,0.242430,0.283650,0.204217,0.252605,0.195035
4090,17.041667,,,,,,,,,,,,,,,,0.220660,0.169032,0.185716,0.207643,0.056797,0.180575,0.271195,0.255153,0.223857,0.324394,0.242428,0.283652,0.204218,0.252605,0.195038
4091,17.045833,,,,,,,,,,,,,,,,0.220663,0.169033,0.185713,0.207647,0.056794,0.180571,0.271199,0.255147,0.223859,0.324391,0.242426,0.283654,0.204220,0.252604,0.195032
4092,17.050000,,,,,,,,,,,,,,,,0.220665,0.169033,0.185713,0.207648,0.056797,0.180572,0.271197,0.255153,0.223857,0.324385,0.242424,0.283659,0.204221,0.252602,0.195019
4093,17.054167,,,,,,,,,,,,,,,,0.220668,0.169032,0.185711,0.207651,0.056794,0.180570,0.271199,0.255144,0.223859,0.324378,0.242420,0.283664,0.204221,0.252602,0.195019
4094,17.058333,,,,,,,,,,,,,,,,0.220669,0.169030,0.185713,0.207654,0.056793,0.180572,0.271201,0.255144,0.223857,0.324371,0.242415,0.283665,0.204223,0.252603,0.195015
4095,17.062500,,,,,,,,,,,,,,,,0.220672,0.169027,0.185710,0.207655,0.056794,0.180570,0.271201,0.255143,0.223856,0.324364,0.242410,0.283671,0.204231,0.252633,0.194955
4096,17.066667,,,,,,,,,,,,,,,,0.220674,0.169028,0.185707,0.207655,0.056793,0.180571,0.271201,0.255141,0.223855,0.324354,0.242405,0.283677,0.204220,0.252599,0.194995
4097,17.070833,,,,,,,,,,,,,,,,0.220671,0.169032,0.185701,0.207655,0.056793,0.180569,0.271195,0.255145,0.223854,0.324346,0.242401,0.283680,0.204222,0.252603,0.195002
4098,17.075000,,,,,,,,,,,,,,,,0.220668,0.169030,0.185699,0.207655,0.056788,0.180569,0.271197,0.255140,0.223854,0.324335,0.242394,0.283685,0.204225,0.252603,0.194996
4099,17.079167,,,,,,,,,,,,,,,,0.220666,0.169028,0.185699,0.207654,0.056791,0.180568,0.271196,0.255143,0.223850,0.324325,0.242387,0.283690,0.204233,0.252634,0.194942
4100,17.083333,,,,,,,,,,,,,,,,0.220667,0.169029,0.185698,0.207654,0.056791,0.180572,0.271197,0.255136,0.223852,0.324316,0.242378,0.283695,0.204223,0.252604,0.194986
4101,17.087500,,,,,,,,,,,,,,,,0.220665,0.169031,0.185699,0.207654,0.056791,0.180572,0.271195,0.255132,0.223852,0.324307,0.242375,0.283698,0.204227,0.252608,0.194993
4102,17.091667,,,,,,,,,,,,,,,,0.220665,0.169030,0.185694,0.207653,0.056789,0.180573,0.271191,0.255138,0.223848,0.324278,0.242351,0.283714,0.204229,0.252606,0.194984
4103,17.095833,,,,,,,,,,,,,,,,0.220659,0.169034,0.185693,0.207652,0.056793,0.180575,0.271192,0.255130,0.223849,0.324268,0.242346,0.283718,0.204227,0.252605,0.194978
4104,17.100000,,,,,,,,,,,,,,,,0.220665,0.169032,0.185693,0.207650,0.056792,0.180576,0.271190,0.255136,0.223846,0.324247,0.242342,0.283739,0.204225,0.252608,0.194977
4105,17.104167,,,,,,,,,,,,,,,,0.220662,0.169035,0.185694,0.207650,0.056794,0.180578,0.271192,0.255130,0.223847,0.324238,0.242338,0.283743,0.204230,0.252608,0.194981
4106,17.108333,,,,,,,,,,,,,,,,0.220661,0.169035,0.185695,0.207648,0.056798,0.180578,0.271192,0.255130,0.223848,0.324232,0.242335,0.283744,0.204235,0.252615,0.194984
4107,17.112500,,,,,,,,,,,,,,,,0.220659,0.169036,0.185692,0.207648,0.056798,0.180581,0.271193,0.255129,0.223847,0.324227,0.242329,0.283751,0.204234,0.252615,0.194981
4108,17.116667,,,,,,,,,,,,,,,,0.220658,0.169036,0.185693,0.207646,0.056798,0.180581,0.271189,0.255136,0.223843,0.324223,0.242327,0.283751,0.204233,0.252617,0.194975
4109,17.120833,,,,,,,,,,,,,,,,0.220654,0.169042,0.185691,0.207645,0.056801,0.180582,0.271192,0.255131,0.223842,0.324216,0.242324,0.283751,0.204242,0.252648,0.194935
4110,17.125000,,,,,,,,,,,,,,,,0.220655,0.169043,0.185690,0.207645,0.056801,0.180587,0.271192,0.255130,0.223840,0.324215,0.242323,0.283751,0.204227,0.252616,0.194973
4111,17.129167,,,,,,,,,,,,,,,,0.220655,0.169042,0.185690,0.207644,0.056801,0.180587,0.271191,0.255131,0.223841,0.324213,0.242321,0.283751,0.204231,0.252617,0.194977
4112,17.133333,,,,,,,,,,,,,,,,0.220652,0.169042,0.185687,0.207643,0.056801,0.180582,0.271188,0.255138,0.223837,0.324213,0.242323,0.283750,0.204235,0.252618,0.194979
4113,17.137500,,,,,,,,,,,,,,,,0.220652,0.169043,0.185685,0.207642,0.056802,0.180586,0.271189,0.255132,0.223837,0.324215,0.242323,0.283748,0.204233,0.252616,0.194979
4114,17.141667,,,,,,,,,,,,,,,,0.220653,0.169043,0.185684,0.207642,0.056801,0.180584,0.271187,0.255138,0.223834,0.324217,0.242321,0.283743,0.204235,0.252617,0.194981
4115,17.145833,,,,,,,,,,,,,,,,0.220653,0.169042,0.185686,0.207644,0.056801,0.180583,0.271187,0.255139,0.223832,0.324220,0.242323,0.283740,0.204242,0.252647,0.194929
4116,17.150000,,,,,,,,,,,,,,,,0.220655,0.169040,0.185684,0.207645,0.056803,0.180579,0.271190,0.255133,0.223833,0.324225,0.242324,0.283734,0.204225,0.252615,0.194971
4117,17.154167,,,,,,,,,,,,,,,,0.220657,0.169038,0.185686,0.207645,0.056800,0.180578,0.271190,0.255133,0.223831,0.324230,0.242328,0.283727,0.204232,0.252614,0.194973
4118,17.158333,,,,,,,,,,,,,,,,0.220655,0.169043,0.185684,0.207646,0.056798,0.180576,0.271190,0.255133,0.223830,0.324236,0.242330,0.283722,0.204229,0.252612,0.194971
4119,17.162500,,,,,,,,,,,,,,,,0.220655,0.169037,0.185688,0.207644,0.056799,0.180573,0.271192,0.255134,0.223830,0.324257,0.242330,0.283691,0.204229,0.252611,0.194976
4120,17.166667,,,,,,,,,,,,,,,,0.220657,0.169036,0.185689,0.207643,0.056799,0.180569,0.271189,0.255135,0.223829,0.324262,0.242333,0.283686,0.204223,0.252612,0.194977
4121,17.170833,,,,,,,,,,,,,,,,0.220656,0.169036,0.185688,0.207642,0.056798,0.180573,0.271190,0.255136,0.223827,0.324272,0.242340,0.283677,0.204226,0.252609,0.194973
4122,17.175000,,,,,,,,,,,,,,,,0.220655,0.169038,0.185687,0.207645,0.056795,0.180569,0.271190,0.255138,0.223829,0.324281,0.242341,0.283669,0.204218,0.252610,0.194973
4123,17.179167,,,,,,,,,,,,,,,,0.220656,0.169035,0.185691,0.207645,0.056795,0.180570,0.271188,0.255138,0.223827,0.324308,0.242360,0.283652,0.204218,0.252607,0.194975
4124,17.183333,,,,,,,,,,,,,,,,0.220658,0.169037,0.185693,0.207644,0.056794,0.180575,0.271188,0.255140,0.223828,0.324317,0.242366,0.283645,0.204217,0.252609,0.194981
4125,17.187500,,,,,,,,,,,,,,,,0.220655,0.169037,0.185696,0.207646,0.056791,0.180576,0.271188,0.255142,0.223827,0.324325,0.242367,0.283641,0.204215,0.252611,0.194995
4126,17.191667,,,,,,,,,,,,,,,,0.220652,0.169038,0.185697,0.207645,0.056791,0.180580,0.271187,0.255143,0.223828,0.324333,0.242368,0.283632,0.204212,0.252608,0.194991
4127,17.195833,,,,,,,,,,,,,,,,0.220653,0.169037,0.185699,0.207644,0.056793,0.180583,0.271184,0.255153,0.223827,0.324340,0.242372,0.283627,0.204210,0.252608,0.194994
4128,17.200000,,,,,,,,,,,,,,,,0.220648,0.169040,0.185702,0.207644,0.056790,0.180589,0.271181,0.255156,0.223828,0.324346,0.242375,0.283620,0.204210,0.252611,0.195000
4129,17.204167,,,,,,,,,,,,,,,,0.220650,0.169041,0.185703,0.207644,0.056793,0.180593,0.271181,0.255159,0.223830,0.324351,0.242375,0.283614,0.204209,0.252608,0.195001
4130,17.208333,,,,,,,,,,,,,,,,0.220648,0.169045,0.185709,0.207644,0.056793,0.180600,0.271180,0.255162,0.223832,0.324358,0.242378,0.283610,0.204208,0.252607,0.195007
4131,17.212500,,,,,,,,,,,,,,,,0.220646,0.169044,0.185715,0.207644,0.056797,0.180604,0.271179,0.255164,0.223833,0.324363,0.242380,0.283603,0.204207,0.252608,0.195014
4132,17.216667,,,,,,,,,,,,,,,,0.220645,0.169045,0.185719,0.207642,0.056796,0.180610,0.271179,0.255167,0.223834,0.324367,0.242380,0.283599,0.204207,0.252609,0.195022
4133,17.220833,,,,,,,,,,,,,,,,0.220640,0.169047,0.185724,0.207642,0.056797,0.180612,0.271177,0.255167,0.223836,0.324369,0.242382,0.283594,0.204207,0.252613,0.195031
4134,17.225000,,,,,,,,,,,,,,,,0.220643,0.169048,0.185725,0.207641,0.056798,0.180614,0.271175,0.255169,0.223837,0.324373,0.242381,0.283592,0.204201,0.252612,0.195038
4135,17.229167,,,,,,,,,,,,,,,,0.220640,0.169048,0.185731,0.207642,0.056796,0.180618,0.271174,0.255170,0.223838,0.324374,0.242378,0.283593,0.204201,0.252614,0.195043
4136,17.233333,,,,,,,,,,,,,,,,0.220638,0.169049,0.185731,0.207644,0.056798,0.180620,0.271172,0.255171,0.223839,0.324376,0.242377,0.283590,0.204201,0.252612,0.195045
4137,17.237500,,,,,,,,,,,,,,,,0.220639,0.169049,0.185734,0.207644,0.056799,0.180618,0.271170,0.255171,0.223841,0.324377,0.242374,0.283589,0.204201,0.252612,0.195049
4138,17.241667,,,,,,,,,,,,,,,,0.220632,0.169040,0.185741,0.207643,0.056798,0.180619,0.271169,0.255173,0.223841,0.324378,0.242371,0.283584,0.204198,0.252612,0.195052
4139,17.245833,,,,,,,,,,,,,,,,0.220635,0.169049,0.185732,0.207643,0.056797,0.180618,0.271168,0.255172,0.223840,0.324379,0.242368,0.283581,0.204190,0.252615,0.195056
4140,17.250000,,,,,,,,,,,,,,,,0.220636,0.169050,0.185735,0.207642,0.056796,0.180615,0.271167,0.255172,0.223843,0.324380,0.242365,0.283581,0.204189,0.252610,0.195046
4141,17.254167,,,,,,,,,,,,,,,,0.220636,0.169048,0.185736,0.207644,0.056797,0.180613,0.271165,0.255169,0.223842,0.324379,0.242360,0.283578,0.204190,0.252611,0.195047
4142,17.258333,,,,,,,,,,,,,,,,0.220634,0.169050,0.185732,0.207644,0.056797,0.180611,0.271163,0.255169,0.223842,0.324376,0.242356,0.283572,0.204189,0.252609,0.195049
4143,17.262500,,,,,,,,,,,,,,,,0.220635,0.169047,0.185732,0.207646,0.056795,0.180603,0.271164,0.255168,0.223842,0.324377,0.242354,0.283572,0.204190,0.252607,0.195046
4144,17.266667,,,,,,,,,,,,,,,,0.220638,0.169046,0.185733,0.207644,0.056793,0.180604,0.271161,0.255166,0.223842,0.324375,0.242348,0.283571,0.204194,0.252607,0.195046
4145,17.270833,,,,,,,,,,,,,,,,0.220638,0.169045,0.185728,0.207642,0.056794,0.180600,0.271160,0.255164,0.223843,0.324372,0.242344,0.283571,0.204189,0.252607,0.195046
4146,17.275000,,,,,,,,,,,,,,,,0.220640,0.169048,0.185724,0.207644,0.056792,0.180594,0.271161,0.255161,0.223844,0.324365,0.242339,0.283572,0.204187,0.252608,0.195041
4147,17.279167,,,,,,,,,,,,,,,,0.220642,0.169042,0.185724,0.207644,0.056795,0.180592,0.271160,0.255160,0.223843,0.324363,0.242335,0.283574,0.204187,0.252606,0.195037
4148,17.283333,,,,,,,,,,,,,,,,0.220643,0.169041,0.185725,0.207645,0.056794,0.180589,0.271158,0.255157,0.223843,0.324356,0.242331,0.283576,0.204189,0.252611,0.195039
4149,17.287500,,,,,,,,,,,,,,,,0.220642,0.169043,0.185720,0.207647,0.056795,0.180585,0.271158,0.255155,0.223841,0.324350,0.242328,0.283580,0.204184,0.252612,0.195036
4150,17.291667,,,,,,,,,,,,,,,,0.220642,0.169040,0.185718,0.207649,0.056795,0.180582,0.271159,0.255155,0.223842,0.324343,0.242320,0.283584,0.204184,0.252609,0.195027
4151,17.295833,,,,,,,,,,,,,,,,0.220645,0.169040,0.185716,0.207649,0.056794,0.180580,0.271157,0.255153,0.223840,0.324316,0.242300,0.283597,0.204184,0.252607,0.195019
4152,17.300000,,,,,,,,,,,,,,,,0.220644,0.169041,0.185713,0.207649,0.056793,0.180579,0.271157,0.255152,0.223841,0.324305,0.242295,0.283604,0.204186,0.252603,0.195010
4153,17.304167,,,,,,,,,,,,,,,,0.220644,0.169042,0.185711,0.207649,0.056795,0.180579,0.271156,0.255152,0.223840,0.324295,0.242292,0.283612,0.204188,0.252605,0.195008
4154,17.308333,,,,,,,,,,,,,,,,0.220648,0.169038,0.185709,0.207652,0.056796,0.180577,0.271156,0.255151,0.223839,0.324287,0.242282,0.283616,0.204189,0.252607,0.195004
4155,17.312500,,,,,,,,,,,,,,,,0.220648,0.169039,0.185706,0.207654,0.056795,0.180577,0.271156,0.255149,0.223841,0.324275,0.242279,0.283624,0.204189,0.252604,0.194996
4156,17.316667,,,,,,,,,,,,,,,,0.220649,0.169042,0.185707,0.207653,0.056794,0.180574,0.271155,0.255148,0.223839,0.324263,0.242273,0.283633,0.204189,0.252607,0.194992
4157,17.320833,,,,,,,,,,,,,,,,0.220647,0.169040,0.185703,0.207654,0.056796,0.180574,0.271153,0.255146,0.223836,0.324252,0.242273,0.283641,0.204192,0.252608,0.194990
4158,17.325000,,,,,,,,,,,,,,,,0.220645,0.169041,0.185700,0.207654,0.056796,0.180575,0.271153,0.255144,0.223836,0.324241,0.242269,0.283648,0.204193,0.252607,0.194983
4159,17.329167,,,,,,,,,,,,,,,,0.220644,0.169044,0.185695,0.207650,0.056798,0.180578,0.271153,0.255144,0.223836,0.324231,0.242269,0.283656,0.204193,0.252609,0.194980
4160,17.333333,,,,,,,,,,,,,,,,0.220643,0.169043,0.185692,0.207650,0.056797,0.180574,0.271150,0.255144,0.223834,0.324219,0.242267,0.283667,0.204194,0.252612,0.194975
4161,17.337500,,,,,,,,,,,,,,,,0.220643,0.169045,0.185687,0.207648,0.056799,0.180579,0.271150,0.255142,0.223833,0.324209,0.242267,0.283677,0.204196,0.252608,0.194972
4162,17.341667,,,,,,,,,,,,,,,,0.220642,0.169047,0.185682,0.207647,0.056799,0.180581,0.271148,0.255141,0.223832,0.324199,0.242268,0.283686,0.204200,0.252613,0.194969
4163,17.345833,,,,,,,,,,,,,,,,0.220642,0.169049,0.185681,0.207650,0.056800,0.180578,0.271149,0.255142,0.223833,0.324189,0.242269,0.283695,0.204198,0.252616,0.194965
4164,17.350000,,,,,,,,,,,,,,,,0.220644,0.169047,0.185679,0.207650,0.056800,0.180579,0.271149,0.255141,0.223829,0.324182,0.242270,0.283703,0.204201,0.252620,0.194967
4165,17.354167,,,,,,,,,,,,,,,,0.220643,0.169047,0.185678,0.207651,0.056801,0.180581,0.271150,0.255141,0.223830,0.324167,0.242276,0.283726,0.204205,0.252619,0.194961
4166,17.358333,,,,,,,,,,,,,,,,0.220644,0.169049,0.185674,0.207652,0.056799,0.180585,0.271150,0.255143,0.223827,0.324155,0.242268,0.283753,0.204202,0.252619,0.194956
4167,17.362500,,,,,,,,,,,,,,,,0.220642,0.169048,0.185673,0.207649,0.056801,0.180582,0.271151,0.255143,0.223826,0.324156,0.242283,0.283737,0.204207,0.252621,0.194959
4168,17.366667,,,,,,,,,,,,,,,,0.220644,0.169047,0.185671,0.207649,0.056797,0.180585,0.271150,0.255144,0.223823,0.324149,0.242284,0.283742,0.204207,0.252623,0.194958
4169,17.370833,,,,,,,,,,,,,,,,0.220642,0.169048,0.185670,0.207648,0.056797,0.180588,0.271150,0.255146,0.223823,0.324146,0.242291,0.283745,0.204209,0.252620,0.194948
4170,17.375000,,,,,,,,,,,,,,,,0.220646,0.169046,0.185666,0.207649,0.056798,0.180589,0.271150,0.255146,0.223821,0.324138,0.242286,0.283770,0.204207,0.252619,0.194945
4171,17.379167,,,,,,,,,,,,,,,,0.220646,0.169048,0.185668,0.207651,0.056795,0.180589,0.271151,0.255148,0.223822,0.324142,0.242302,0.283751,0.204205,0.252620,0.194943
4172,17.383333,,,,,,,,,,,,,,,,0.220648,0.169044,0.185666,0.207650,0.056794,0.180590,0.271151,0.255151,0.223818,0.324142,0.242306,0.283753,0.204209,0.252617,0.194940
4173,17.387500,,,,,,,,,,,,,,,,0.220651,0.169042,0.185671,0.207648,0.056794,0.180590,0.271154,0.255153,0.223819,0.324145,0.242312,0.283751,0.204210,0.252615,0.194936
4174,17.391667,,,,,,,,,,,,,,,,0.220653,0.169041,0.185670,0.207649,0.056793,0.180588,0.271155,0.255152,0.223818,0.324149,0.242321,0.283751,0.204210,0.252611,0.194933
4175,17.395833,,,,,,,,,,,,,,,,0.220653,0.169041,0.185671,0.207648,0.056793,0.180594,0.271157,0.255156,0.223816,0.324154,0.242326,0.283749,0.204208,0.252608,0.194927
4176,17.400000,,,,,,,,,,,,,,,,0.220655,0.169041,0.185672,0.207649,0.056792,0.180590,0.271158,0.255157,0.223815,0.324158,0.242333,0.283746,0.204207,0.252610,0.194927
4177,17.404167,,,,,,,,,,,,,,,,0.220657,0.169039,0.185674,0.207651,0.056791,0.180590,0.271158,0.255158,0.223816,0.324165,0.242340,0.283741,0.204208,0.252610,0.194932
4178,17.408333,,,,,,,,,,,,,,,,0.220657,0.169039,0.185675,0.207651,0.056794,0.180587,0.271158,0.255158,0.223816,0.324171,0.242345,0.283737,0.204209,0.252607,0.194925
4179,17.412500,,,,,,,,,,,,,,,,0.220656,0.169040,0.185676,0.207651,0.056792,0.180587,0.271158,0.255158,0.223817,0.324180,0.242355,0.283733,0.204206,0.252607,0.194930
4180,17.416667,,,,,,,,,,,,,,,,0.220655,0.169041,0.185677,0.207648,0.056795,0.180589,0.271159,0.255161,0.223816,0.324189,0.242360,0.283728,0.204208,0.252604,0.194928
4181,17.420833,,,,,,,,,,,,,,,,0.220655,0.169041,0.185681,0.207648,0.056796,0.180587,0.271158,0.255163,0.223818,0.324198,0.242367,0.283721,0.204210,0.252605,0.194931
4182,17.425000,,,,,,,,,,,,,,,,0.220652,0.169042,0.185684,0.207647,0.056796,0.180586,0.271159,0.255162,0.223819,0.324208,0.242372,0.283715,0.204205,0.252607,0.194942
4183,17.429167,,,,,,,,,,,,,,,,0.220652,0.169044,0.185686,0.207646,0.056799,0.180589,0.271162,0.255165,0.223820,0.324227,0.242375,0.283693,0.204206,0.252610,0.194949
4184,17.433333,,,,,,,,,,,,,,,,0.220652,0.169043,0.185689,0.207644,0.056800,0.180587,0.271161,0.255164,0.223822,0.324235,0.242375,0.283687,0.204208,0.252613,0.194960
4185,17.437500,,,,,,,,,,,,,,,,0.220650,0.169046,0.185692,0.207644,0.056797,0.180590,0.271161,0.255165,0.223824,0.324265,0.242392,0.283669,0.204204,0.252612,0.194960
4186,17.441667,,,,,,,,,,,,,,,,0.220649,0.169045,0.185693,0.207642,0.056800,0.180594,0.271162,0.255164,0.223826,0.324276,0.242393,0.283664,0.204204,0.252611,0.194966
4187,17.445833,,,,,,,,,,,,,,,,0.220646,0.169045,0.185697,0.207642,0.056801,0.180591,0.271162,0.255163,0.223827,0.324281,0.242391,0.283657,0.204205,0.252615,0.194973
4188,17.450000,,,,,,,,,,,,,,,,0.220646,0.169046,0.185700,0.207641,0.056798,0.180592,0.271161,0.255164,0.223826,0.324288,0.242386,0.283648,0.204201,0.252617,0.194980
4189,17.454167,,,,,,,,,,,,,,,,0.220644,0.169044,0.185702,0.207640,0.056799,0.180594,0.271161,0.255165,0.223829,0.324295,0.242381,0.283641,0.204199,0.252615,0.194980
4190,17.458333,,,,,,,,,,,,,,,,0.220644,0.169046,0.185704,0.207640,0.056797,0.180596,0.271159,0.255165,0.223827,0.324301,0.242375,0.283632,0.204199,0.252612,0.194983
4191,17.462500,,,,,,,,,,,,,,,,0.220643,0.169045,0.185705,0.207641,0.056797,0.180596,0.271157,0.255163,0.223829,0.324305,0.242366,0.283625,0.204201,0.252612,0.194987
4192,17.466667,,,,,,,,,,,,,,,,0.220644,0.169043,0.185708,0.207639,0.056797,0.180597,0.271157,0.255163,0.223830,0.324307,0.242356,0.283616,0.204196,0.252614,0.194993
4193,17.470833,,,,,,,,,,,,,,,,0.220641,0.169045,0.185711,0.207641,0.056795,0.180596,0.271156,0.255163,0.223831,0.324311,0.242347,0.283611,0.204198,0.252609,0.194997
4194,17.475000,,,,,,,,,,,,,,,,0.220641,0.169047,0.185713,0.207639,0.056795,0.180597,0.271155,0.255164,0.223831,0.324312,0.242335,0.283604,0.204195,0.252610,0.195001
4195,17.479167,,,,,,,,,,,,,,,,0.220641,0.169045,0.185716,0.207640,0.056797,0.180598,0.271156,0.255163,0.223833,0.324313,0.242325,0.283597,0.204189,0.252608,0.194995
4196,17.483333,,,,,,,,,,,,,,,,0.220641,0.169046,0.185718,0.207641,0.056795,0.180600,0.271155,0.255164,0.223833,0.324295,0.242294,0.283602,0.204190,0.252609,0.195000
4197,17.487500,,,,,,,,,,,,,,,,0.220640,0.169047,0.185723,0.207642,0.056795,0.180602,0.271154,0.255163,0.223832,0.324296,0.242282,0.283596,0.204186,0.252605,0.195000
4198,17.491667,,,,,,,,,,,,,,,,0.220642,0.169047,0.185724,0.207642,0.056796,0.180602,0.271155,0.255161,0.223834,0.324296,0.242267,0.283592,0.204179,0.252603,0.194994
4199,17.495833,,,,,,,,,,,,,,,,0.220638,0.169048,0.185727,0.207642,0.056797,0.180603,0.271153,0.255162,0.223833,0.324295,0.242257,0.283589,0.204185,0.252603,0.194997
4200,17.500000,,,,,,,,,,,,,,,,0.220639,0.169049,0.185728,0.207644,0.056796,0.180603,0.271152,0.255159,0.223833,0.324294,0.242245,0.283585,0.204187,0.252606,0.195007
4201,17.504167,,,,,,,,,,,,,,,,0.220636,0.169049,0.185727,0.207643,0.056797,0.180609,0.271151,0.255156,0.223835,0.324293,0.242236,0.283581,0.204187,0.252606,0.195010
4202,17.508333,,,,,,,,,,,,,,,,0.220634,0.169049,0.185726,0.207644,0.056796,0.180606,0.271149,0.255155,0.223835,0.324291,0.242225,0.283579,0.204185,0.252605,0.195007
4203,17.512500,,,,,,,,,,,,,,,,0.220633,0.169050,0.185726,0.207643,0.056796,0.180608,0.271148,0.255151,0.223835,0.324290,0.242212,0.283574,0.204183,0.252607,0.195014
4204,17.516667,,,,,,,,,,,,,,,,0.220634,0.169050,0.185724,0.207643,0.056795,0.180606,0.271147,0.255149,0.223835,0.324290,0.242205,0.283572,0.204183,0.252607,0.195011
4205,17.520833,,,,,,,,,,,,,,,,0.220632,0.169050,0.185721,0.207641,0.056798,0.180607,0.271146,0.255147,0.223836,0.324288,0.242191,0.283571,0.204181,0.252607,0.195008
4206,17.525000,,,,,,,,,,,,,,,,0.220626,0.169051,0.185721,0.207644,0.056795,0.180601,0.271144,0.255143,0.223834,0.324284,0.242185,0.283574,0.204182,0.252607,0.195005
4207,17.529167,,,,,,,,,,,,,,,,0.220627,0.169055,0.185722,0.207643,0.056798,0.180604,0.271143,0.255141,0.223833,0.324280,0.242178,0.283576,0.204179,0.252611,0.195010
4208,17.533333,,,,,,,,,,,,,,,,0.220616,0.169044,0.185728,0.207641,0.056797,0.180603,0.271145,0.255139,0.223833,0.324276,0.242170,0.283577,0.204181,0.252610,0.195004
4209,17.537500,,,,,,,,,,,,,,,,0.220624,0.169052,0.185722,0.207641,0.056800,0.180599,0.271144,0.255138,0.223832,0.324271,0.242166,0.283580,0.204181,0.252613,0.195008
4210,17.541667,,,,,,,,,,,,,,,,0.220627,0.169053,0.185718,0.207640,0.056796,0.180597,0.271143,0.255135,0.223834,0.324261,0.242148,0.283604,0.204179,0.252612,0.195003
4211,17.545833,,,,,,,,,,,,,,,,0.220627,0.169052,0.185711,0.207638,0.056796,0.180593,0.271141,0.255132,0.223833,0.324259,0.242155,0.283586,0.204179,0.252610,0.194999
4212,17.550000,,,,,,,,,,,,,,,,0.220623,0.169054,0.185708,0.207640,0.056796,0.180590,0.271141,0.255130,0.223832,0.324247,0.242139,0.283607,0.204179,0.252609,0.194994
4213,17.554167,,,,,,,,,,,,,,,,0.220623,0.169054,0.185711,0.207643,0.056795,0.180587,0.271140,0.255132,0.223830,0.324246,0.242149,0.283590,0.204176,0.252608,0.194990
4214,17.558333,,,,,,,,,,,,,,,,0.220625,0.169053,0.185708,0.207645,0.056796,0.180585,0.271138,0.255130,0.223828,0.324233,0.242136,0.283614,0.204172,0.252611,0.194986
4215,17.562500,,,,,,,,,,,,,,,,0.220626,0.169053,0.185704,0.207646,0.056798,0.180587,0.271138,0.255128,0.223829,0.324222,0.242136,0.283607,0.204175,0.252608,0.194980
4216,17.566667,,,,,,,,,,,,,,,,0.220626,0.169053,0.185703,0.207646,0.056794,0.180585,0.271138,0.255131,0.223827,0.324222,0.242133,0.283621,0.204180,0.252609,0.194982
4217,17.570833,,,,,,,,,,,,,,,,0.220628,0.169051,0.185703,0.207648,0.056792,0.180581,0.271138,0.255131,0.223823,0.324216,0.242134,0.283628,0.204180,0.252610,0.194976
4218,17.575000,,,,,,,,,,,,,,,,0.220631,0.169054,0.185704,0.207648,0.056795,0.180584,0.271138,0.255132,0.223825,0.324210,0.242137,0.283632,0.204180,0.252608,0.194972
4219,17.579167,,,,,,,,,,,,,,,,0.220631,0.169052,0.185698,0.207648,0.056795,0.180583,0.271138,0.255132,0.223823,0.324202,0.242142,0.283637,0.204178,0.252608,0.194963
4220,17.583333,,,,,,,,,,,,,,,,0.220633,0.169051,0.185697,0.207646,0.056796,0.180586,0.271140,0.255135,0.223823,0.324200,0.242147,0.283643,0.204180,0.252608,0.194966
4221,17.587500,,,,,,,,,,,,,,,,0.220637,0.169051,0.185697,0.207649,0.056797,0.180584,0.271139,0.255136,0.223822,0.324195,0.242150,0.283647,0.204182,0.252611,0.194970
4222,17.591667,,,,,,,,,,,,,,,,0.220640,0.169052,0.185696,0.207647,0.056798,0.180590,0.271140,0.255137,0.223821,0.324190,0.242157,0.283651,0.204181,0.252612,0.194967
4223,17.595833,,,,,,,,,,,,,,,,0.220640,0.169049,0.185691,0.207648,0.056797,0.180586,0.271140,0.255139,0.223822,0.324184,0.242169,0.283658,0.204184,0.252611,0.194960
4224,17.600000,,,,,,,,,,,,,,,,0.220638,0.169049,0.185693,0.207649,0.056798,0.180588,0.271140,0.255141,0.223821,0.324181,0.242175,0.283662,0.204187,0.252611,0.194958
4225,17.604167,,,,,,,,,,,,,,,,0.220641,0.169051,0.185693,0.207652,0.056796,0.180587,0.271142,0.255143,0.223821,0.324179,0.242184,0.283667,0.204189,0.252610,0.194948
4226,17.608333,,,,,,,,,,,,,,,,0.220645,0.169048,0.185690,0.207651,0.056797,0.180584,0.271142,0.255146,0.223820,0.324176,0.242192,0.283673,0.204190,0.252607,0.194946
4227,17.612500,,,,,,,,,,,,,,,,0.220643,0.169049,0.185688,0.207650,0.056798,0.180586,0.271142,0.255147,0.223821,0.324174,0.242203,0.283677,0.204194,0.252608,0.194950
4228,17.616667,,,,,,,,,,,,,,,,0.220647,0.169048,0.185686,0.207651,0.056794,0.180585,0.271142,0.255148,0.223821,0.324171,0.242219,0.283688,0.204192,0.252608,0.194942
4229,17.620833,,,,,,,,,,,,,,,,0.220640,0.169039,0.185696,0.207651,0.056796,0.180583,0.271143,0.255150,0.223820,0.324170,0.242229,0.283694,0.204196,0.252608,0.194938
4230,17.625000,,,,,,,,,,,,,,,,0.220646,0.169046,0.185689,0.207651,0.056797,0.180587,0.271143,0.255149,0.223819,0.324175,0.242251,0.283678,0.204196,0.252609,0.194936
4231,17.629167,,,,,,,,,,,,,,,,0.220649,0.169049,0.185683,0.207649,0.056799,0.180586,0.271145,0.255150,0.223820,0.324174,0.242259,0.283681,0.204195,0.252611,0.194935
4232,17.633333,,,,,,,,,,,,,,,,0.220650,0.169047,0.185683,0.207649,0.056795,0.180587,0.271146,0.255151,0.223820,0.324174,0.242269,0.283684,0.204198,0.252613,0.194937
4233,17.637500,,,,,,,,,,,,,,,,0.220648,0.169047,0.185683,0.207648,0.056797,0.180583,0.271147,0.255153,0.223820,0.324167,0.242286,0.283710,0.204195,0.252610,0.194926
4234,17.641667,,,,,,,,,,,,,,,,0.220651,0.169046,0.185683,0.207648,0.056797,0.180584,0.271148,0.255153,0.223818,0.324167,0.242294,0.283710,0.204196,0.252612,0.194935
4235,17.645833,,,,,,,,,,,,,,,,0.220649,0.169047,0.185684,0.207649,0.056796,0.180584,0.271149,0.255155,0.223817,0.324169,0.242300,0.283713,0.204196,0.252611,0.194931
4236,17.650000,,,,,,,,,,,,,,,,0.220652,0.169047,0.185679,0.207647,0.056797,0.180583,0.271149,0.255155,0.223817,0.324169,0.242306,0.283716,0.204199,0.252609,0.194925
4237,17.654167,,,,,,,,,,,,,,,,0.220650,0.169048,0.185677,0.207646,0.056796,0.180588,0.271148,0.255155,0.223816,0.324168,0.242314,0.283719,0.204200,0.252613,0.194932
4238,17.658333,,,,,,,,,,,,,,,,0.220651,0.169047,0.185679,0.207647,0.056794,0.180590,0.271151,0.255158,0.223816,0.324170,0.242319,0.283721,0.204196,0.252613,0.194932
4239,17.662500,,,,,,,,,,,,,,,,0.220651,0.169046,0.185679,0.207648,0.056797,0.180590,0.271151,0.255158,0.223815,0.324171,0.242323,0.283723,0.204196,0.252610,0.194930
4240,17.666667,,,,,,,,,,,,,,,,0.220649,0.169050,0.185679,0.207648,0.056799,0.180591,0.271152,0.255157,0.223814,0.324172,0.242323,0.283723,0.204203,0.252611,0.194933
4241,17.670833,,,,,,,,,,,,,,,,0.220650,0.169047,0.185684,0.207647,0.056799,0.180590,0.271151,0.255160,0.223815,0.324172,0.242325,0.283722,0.204205,0.252614,0.194941
4242,17.675000,,,,,,,,,,,,,,,,0.220651,0.169048,0.185687,0.207646,0.056800,0.180594,0.271153,0.255161,0.223813,0.324174,0.242322,0.283719,0.204204,0.252614,0.194943
4243,17.679167,,,,,,,,,,,,,,,,0.220651,0.169048,0.185685,0.207645,0.056804,0.180593,0.271155,0.255161,0.223815,0.324177,0.242322,0.283717,0.204202,0.252612,0.194939
4244,17.683333,,,,,,,,,,,,,,,,0.220648,0.169052,0.185689,0.207644,0.056802,0.180592,0.271156,0.255163,0.223816,0.324179,0.242315,0.283717,0.204202,0.252619,0.194946
4245,17.687500,,,,,,,,,,,,,,,,0.220651,0.169049,0.185690,0.207642,0.056806,0.180598,0.271154,0.255161,0.223815,0.324178,0.242314,0.283713,0.204204,0.252617,0.194951
4246,17.691667,,,,,,,,,,,,,,,,0.220648,0.169049,0.185690,0.207643,0.056803,0.180596,0.271155,0.255161,0.223816,0.324181,0.242305,0.283708,0.204200,0.252616,0.194949
4247,17.695833,,,,,,,,,,,,,,,,0.220647,0.169050,0.185689,0.207641,0.056806,0.180597,0.271154,0.255160,0.223815,0.324183,0.242299,0.283702,0.204206,0.252616,0.194954
4248,17.700000,,,,,,,,,,,,,,,,0.220649,0.169048,0.185693,0.207641,0.056803,0.180594,0.271152,0.255159,0.223814,0.324194,0.242287,0.283679,0.204203,0.252613,0.194949
4249,17.704167,,,,,,,,,,,,,,,,0.220645,0.169048,0.185692,0.207639,0.056801,0.180595,0.271151,0.255157,0.223816,0.324196,0.242278,0.283671,0.204198,0.252613,0.194946
4250,17.708333,,,,,,,,,,,,,,,,0.220644,0.169050,0.185692,0.207640,0.056802,0.180590,0.271149,0.255155,0.223814,0.324198,0.242270,0.283665,0.204197,0.252611,0.194942
4251,17.712500,,,,,,,,,,,,,,,,0.220642,0.169050,0.185691,0.207641,0.056800,0.180593,0.271148,0.255153,0.223814,0.324200,0.242260,0.283658,0.204194,0.252607,0.194939
4252,17.716667,,,,,,,,,,,,,,,,0.220642,0.169050,0.185695,0.207640,0.056800,0.180590,0.271147,0.255152,0.223813,0.324204,0.242243,0.283644,0.204192,0.252609,0.194944
4253,17.720833,,,,,,,,,,,,,,,,0.220644,0.169048,0.185697,0.207640,0.056801,0.180588,0.271146,0.255151,0.223814,0.324206,0.242230,0.283639,0.204189,0.252611,0.194942
4254,17.725000,,,,,,,,,,,,,,,,0.220642,0.169049,0.185697,0.207640,0.056798,0.180587,0.271145,0.255151,0.223814,0.324202,0.242208,0.283656,0.204189,0.252609,0.194944
4255,17.729167,,,,,,,,,,,,,,,,0.220638,0.169051,0.185699,0.207639,0.056800,0.180586,0.271145,0.255148,0.223814,0.324205,0.242209,0.283631,0.204186,0.252613,0.194949
4256,17.733333,,,,,,,,,,,,,,,,0.220636,0.169050,0.185696,0.207639,0.056799,0.180590,0.271142,0.255146,0.223813,0.324201,0.242184,0.283643,0.204189,0.252612,0.194952
4257,17.737500,,,,,,,,,,,,,,,,0.220632,0.169053,0.185696,0.207640,0.056799,0.180591,0.271141,0.255146,0.223815,0.324200,0.242175,0.283640,0.204188,0.252614,0.194957
4258,17.741667,,,,,,,,,,,,,,,,0.220633,0.169052,0.185697,0.207637,0.056804,0.180592,0.271138,0.255145,0.223814,0.324198,0.242166,0.283619,0.204186,0.252616,0.194968
4259,17.745833,,,,,,,,,,,,,,,,0.220630,0.169053,0.185701,0.207636,0.056799,0.180595,0.271136,0.255144,0.223816,0.324201,0.242153,0.283625,0.204176,0.252618,0.194965
4260,17.750000,,,,,,,,,,,,,,,,0.220629,0.169054,0.185700,0.207635,0.056802,0.180600,0.271134,0.255144,0.223815,0.324196,0.242145,0.283611,0.204177,0.252618,0.194968
4261,17.754167,,,,,,,,,,,,,,,,0.220624,0.169058,0.185700,0.207636,0.056804,0.180601,0.271131,0.255142,0.223815,0.324199,0.242135,0.283617,0.204177,0.252624,0.194978
4262,17.758333,,,,,,,,,,,,,,,,0.220623,0.169059,0.185705,0.207636,0.056802,0.180605,0.271129,0.255142,0.223816,0.324194,0.242125,0.283604,0.204175,0.252623,0.194982
4263,17.762500,,,,,,,,,,,,,,,,0.220621,0.169059,0.185708,0.207637,0.056804,0.180606,0.271127,0.255142,0.223816,0.324190,0.242119,0.283600,0.204177,0.252623,0.194983
4264,17.766667,,,,,,,,,,,,,,,,0.220620,0.169060,0.185710,0.207637,0.056804,0.180608,0.271126,0.255141,0.223816,0.324188,0.242111,0.283597,0.204179,0.252622,0.194984
4265,17.770833,,,,,,,,,,,,,,,,0.220617,0.169060,0.185712,0.207635,0.056804,0.180613,0.271124,0.255141,0.223816,0.324188,0.242105,0.283596,0.204174,0.252623,0.194984
4266,17.775000,,,,,,,,,,,,,,,,0.220617,0.169063,0.185711,0.207637,0.056802,0.180609,0.271124,0.255142,0.223816,0.324185,0.242099,0.283594,0.204171,0.252622,0.194984
4267,17.779167,,,,,,,,,,,,,,,,0.220616,0.169064,0.185708,0.207637,0.056805,0.180611,0.271122,0.255141,0.223816,0.324182,0.242094,0.283591,0.204169,0.252622,0.194988
4268,17.783333,,,,,,,,,,,,,,,,0.220617,0.169063,0.185712,0.207638,0.056805,0.180612,0.271121,0.255141,0.223817,0.324179,0.242090,0.283593,0.204168,0.252622,0.194988
4269,17.787500,,,,,,,,,,,,,,,,0.220615,0.169061,0.185716,0.207639,0.056804,0.180612,0.271119,0.255141,0.223817,0.324178,0.242088,0.283591,0.204166,0.252618,0.194983
4270,17.791667,,,,,,,,,,,,,,,,0.220614,0.169064,0.185717,0.207641,0.056804,0.180609,0.271116,0.255141,0.223816,0.324179,0.242088,0.283587,0.204162,0.252620,0.194985
4271,17.795833,,,,,,,,,,,,,,,,0.220617,0.169063,0.185715,0.207641,0.056802,0.180614,0.271116,0.255142,0.223814,0.324176,0.242088,0.283588,0.204161,0.252619,0.194987
4272,17.800000,,,,,,,,,,,,,,,,0.220617,0.169061,0.185711,0.207641,0.056801,0.180612,0.271115,0.255142,0.223815,0.324175,0.242090,0.283586,0.204161,0.252619,0.194987
4273,17.804167,,,,,,,,,,,,,,,,0.220616,0.169064,0.185712,0.207644,0.056801,0.180607,0.271114,0.255144,0.223814,0.324173,0.242093,0.283590,0.204156,0.252617,0.194982
4274,17.808333,,,,,,,,,,,,,,,,0.220617,0.169062,0.185710,0.207645,0.056799,0.180603,0.271114,0.255145,0.223814,0.324174,0.242093,0.283588,0.204154,0.252614,0.194975
4275,17.812500,,,,,,,,,,,,,,,,0.220619,0.169061,0.185707,0.207645,0.056799,0.180603,0.271113,0.255145,0.223813,0.324174,0.242099,0.283590,0.204152,0.252613,0.194973
4276,17.816667,,,,,,,,,,,,,,,,0.220617,0.169061,0.185706,0.207645,0.056798,0.180596,0.271113,0.255146,0.223813,0.324175,0.242105,0.283590,0.204154,0.252614,0.194974
4277,17.820833,,,,,,,,,,,,,,,,0.220622,0.169060,0.185705,0.207643,0.056799,0.180597,0.271113,0.255147,0.223814,0.324175,0.242112,0.283592,0.204161,0.252615,0.194977
4278,17.825000,,,,,,,,,,,,,,,,0.220622,0.169059,0.185707,0.207647,0.056796,0.180594,0.271111,0.255148,0.223811,0.324177,0.242119,0.283594,0.204157,0.252614,0.194977
4279,17.829167,,,,,,,,,,,,,,,,0.220623,0.169059,0.185703,0.207650,0.056797,0.180592,0.271111,0.255149,0.223813,0.324177,0.242131,0.283596,0.204156,0.252614,0.194969
4280,17.833333,,,,,,,,,,,,,,,,0.220622,0.169061,0.185699,0.207649,0.056796,0.180594,0.271112,0.255149,0.223814,0.324178,0.242138,0.283599,0.204153,0.252616,0.194970
