0,0.000000,0.196321,0.332005,0.178881,0.205027,0.184177,0.177891,0.173980,0.419089,0.183628,0.207499,0.056878,0.180418,0.159196,0.258623,0.175017
1,0.004167,0.196322,0.332005,0.178881,0.205022,0.184179,0.177889,0.174000,0.419085,0.183625,0.207499,0.056880,0.180421,0.159213,0.258614,0.175006
2,0.008333,0.196321,0.332004,0.178880,0.205021,0.184180,0.177889,0.174009,0.419085,0.183623,0.207502,0.056878,0.180421,0.159218,0.258602,0.174999
3,0.012500,0.196322,0.332004,0.178879,0.205019,0.184180,0.177891,0.174020,0.419089,0.183626,0.207502,0.056879,0.180421,0.159220,0.258600,0.174994
4,0.016667,0.196322,0.332002,0.178876,0.205016,0.184182,0.177892,0.174026,0.419091,0.183626,0.207501,0.056880,0.180424,0.159184,0.258626,0.175032
5,0.020833,0.196320,0.332002,0.178876,0.205010,0.184180,0.177892,0.174029,0.419088,0.183624,0.207504,0.056880,0.180424,0.159209,0.258619,0.175007
6,0.025000,0.196320,0.332002,0.178876,0.205016,0.184182,0.177892,0.174032,0.419089,0.183627,0.207503,0.056880,0.180423,0.159219,0.258603,0.175003
7,0.029167,0.196317,0.332001,0.178875,0.205009,0.184183,0.177891,0.174032,0.419090,0.183623,0.207504,0.056882,0.180423,0.159212,0.258608,0.174989
8,0.033333,0.196317,0.332002,0.178876,0.205013,0.184185,0.177893,0.174032,0.419088,0.183623,0.207506,0.056880,0.180421,0.159187,0.258624,0.175034
9,0.037500,0.196316,0.332001,0.178876,0.205014,0.184186,0.177893,0.174031,0.419089,0.183624,0.207504,0.056883,0.180420,0.159207,0.258614,0.175009
10,0.041667,0.196314,0.332001,0.178876,0.205013,0.184189,0.177890,0.174027,0.419088,0.183619,0.207506,0.056883,0.180419,0.159214,0.258609,0.174996
11,0.045833,0.196313,0.332002,0.178877,0.205009,0.184185,0.177892,0.174021,0.419087,0.183619,0.207506,0.056884,0.180418,0.159214,0.258601,0.174999
12,0.050000,0.196310,0.332001,0.178878,0.205016,0.184187,0.177893,0.174016,0.419088,0.183615,0.207506,0.056884,0.180417,0.159183,0.258626,0.175035
13,0.054167,0.196305,0.332002,0.178879,0.205019,0.184189,0.177892,0.174006,0.419087,0.183613,0.207507,0.056884,0.180416,0.159201,0.258618,0.175010
14,0.058333,0.196303,0.332001,0.178881,0.205021,0.184185,0.177894,0.173989,0.419090,0.183616,0.207510,0.056881,0.180414,0.159183,0.258626,0.175038
15,0.062500,0.196302,0.332001,0.178883,0.205022,0.184185,0.177891,0.173979,0.419089,0.183618,0.207512,0.056884,0.180409,0.159205,0.258610,0.174998
16,0.066667,0.196298,0.332002,0.178885,0.205023,0.184186,0.177887,0.173969,0.419087,0.183615,0.207511,0.056884,0.180411,0.159192,0.258618,0.175035
17,0.070833,0.196294,0.332004,0.178886,0.205028,0.184184,0.177891,0.173959,0.419085,0.183613,0.207513,0.056882,0.180406,0.159178,0.258629,0.175038
18,0.075000,0.196292,0.332001,0.178890,0.205029,0.184183,0.177888,0.173947,0.419085,0.183613,0.207513,0.056880,0.180405,0.159179,0.258625,0.175036
19,0.079167,0.196288,0.332003,0.178892,0.205033,0.184183,0.177886,0.173935,0.419082,0.183611,0.207520,0.056878,0.180398,0.159217,0.258602,0.175007
20,0.083333,0.196285,0.332003,0.178896,0.205036,0.184182,0.177887,0.173923,0.419080,0.183613,0.207519,0.056878,0.180396,0.159198,0.258601,0.175021
21,0.087500,0.196282,0.332004,0.178899,0.205041,0.184179,0.177885,0.173909,0.419079,0.183614,0.207519,0.056876,0.180397,0.159220,0.258599,0.175003
22,0.091667,0.196280,0.332004,0.178902,0.205044,0.184178,0.177884,0.173897,0.419078,0.183618,0.207522,0.056876,0.180392,0.159226,0.258586,0.174995
23,0.095833,0.196279,0.332004,0.178906,0.205046,0.184177,0.177885,0.173869,0.419067,0.183609,0.207522,0.056876,0.180391,0.159231,0.258582,0.174992
24,0.100000,0.196276,0.332005,0.178910,0.205051,0.184176,0.177885,0.173841,0.419062,0.183628,0.207521,0.056877,0.180394,0.159202,0.258603,0.175032
25,0.104167,0.196272,0.332007,0.178913,0.205054,0.184177,0.177883,0.173827,0.419063,0.183636,0.207524,0.056876,0.180391,0.159216,0.258593,0.175009
26,0.108333,0.196270,0.332008,0.178915,0.205059,0.184177,0.177882,0.173814,0.419060,0.183641,0.207522,0.056878,0.180394,0.159232,0.258583,0.174997
27,0.112500,0.196266,0.332007,0.178918,0.205060,0.184177,0.177884,0.173802,0.419060,0.183649,0.207524,0.056877,0.180392,0.159212,0.258606,0.175022
28,0.116667,0.196264,0.332010,0.178921,0.205064,0.184177,0.177882,0.173790,0.419058,0.183656,0.207524,0.056879,0.180393,0.159231,0.258590,0.175008
29,0.120833,0.196263,0.332010,0.178924,0.205067,0.184176,0.177881,0.173766,0.419059,0.183676,0.207522,0.056878,0.180393,0.159238,0.258575,0.175002
30,0.125000,0.196260,0.332013,0.178928,0.205069,0.184177,0.177881,0.173755,0.419058,0.183682,0.207524,0.056877,0.180396,0.159242,0.258575,0.174999
31,0.129167,0.196259,0.332014,0.178928,0.205072,0.184174,0.177879,0.173747,0.419058,0.183693,0.207525,0.056879,0.180397,0.159241,0.258578,0.175000
32,0.133333,0.196258,0.332015,0.178931,0.205073,0.184176,0.177880,0.173738,0.419058,0.183702,0.207523,0.056879,0.180394,0.159243,0.258580,0.174999
33,0.137500,0.196257,0.332017,0.178935,0.205073,0.184177,0.177880,0.173732,0.419060,0.183713,0.207522,0.056882,0.180396,0.159242,0.258578,0.174998
34,0.141667,0.196256,0.332018,0.178935,0.205076,0.184177,0.177878,0.173729,0.419059,0.183723,0.207521,0.056882,0.180395,0.159245,0.258581,0.175000
35,0.145833,0.196257,0.332020,0.178937,0.205076,0.184178,0.177875,0.173726,0.419060,0.183733,0.207521,0.056884,0.180396,0.159219,0.258610,0.175019
36,0.150000,0.196257,0.332019,0.178936,0.205078,0.184174,0.177875,0.173726,0.419061,0.183742,0.207519,0.056884,0.180397,0.159237,0.258587,0.175005
37,0.154167,0.196258,0.332020,0.178936,0.205080,0.184177,0.177873,0.173726,0.419057,0.183742,0.207520,0.056888,0.180395,0.159248,0.258577,0.174995
38,0.158333,0.196260,0.332020,0.178937,0.205077,0.184176,0.177871,0.173724,0.419058,0.183754,0.207518,0.056888,0.180395,0.159253,0.258575,0.174989
39,0.162500,0.196261,0.332021,0.178935,0.205076,0.184175,0.177869,0.173729,0.419059,0.183759,0.207516,0.056887,0.180392,0.159248,0.258578,0.174992
40,0.166667,0.196262,0.332021,0.178934,0.205076,0.184176,0.177867,0.173754,0.419069,0.183777,0.207514,0.056889,0.180395,0.159246,0.258585,0.174993
41,0.170833,0.196266,0.332020,0.178935,0.205076,0.184174,0.177863,0.173764,0.419072,0.183780,0.207515,0.056888,0.180390,0.159249,0.258579,0.174984
42,0.175000,0.196269,0.332018,0.178933,0.205072,0.184174,0.177861,0.173752,0.419058,0.183764,0.207513,0.056884,0.180388,0.159249,0.258580,0.174986
43,0.179167,0.196270,0.332018,0.178933,0.205072,0.184174,0.177860,0.173773,0.419069,0.183778,0.207513,0.056885,0.180387,0.159225,0.258609,0.174995
44,0.183333,0.196273,0.332016,0.178932,0.205070,0.184171,0.177858,0.173785,0.419071,0.183780,0.207511,0.056884,0.180390,0.159242,0.258592,0.174985
45,0.187500,0.196277,0.332015,0.178931,0.205069,0.184173,0.177858,0.173809,0.419067,0.183765,0.207511,0.056881,0.180389,0.159248,0.258578,0.174978
46,0.191667,0.196281,0.332013,0.178928,0.205065,0.184173,0.177856,0.173821,0.419070,0.183763,0.207508,0.056882,0.180389,0.159249,0.258581,0.174973
47,0.195833,0.196286,0.332012,0.178927,0.205063,0.184170,0.177857,0.173833,0.419070,0.183760,0.207504,0.056880,0.180389,0.159247,0.258579,0.174971
48,0.200000,0.196290,0.332013,0.178925,0.205059,0.184173,0.177855,0.173843,0.419071,0.183758,0.207506,0.056879,0.180389,0.159246,0.258582,0.174971
49,0.204167,0.196293,0.332013,0.178924,0.205059,0.184172,0.177856,0.173855,0.419071,0.183752,0.207504,0.056881,0.180390,0.159245,0.258589,0.174966
50,0.208333,0.196297,0.332012,0.178921,0.205056,0.184173,0.177857,0.173865,0.419073,0.183746,0.207505,0.056880,0.180391,0.159244,0.258588,0.174972
51,0.212500,0.196299,0.332012,0.178921,0.205051,0.184175,0.177855,0.173877,0.419071,0.183739,0.207504,0.056880,0.180394,0.159237,0.258589,0.174975
52,0.216667,0.196305,0.332009,0.178917,0.205049,0.184175,0.177859,0.173887,0.419074,0.183733,0.207504,0.056879,0.180394,0.159240,0.258590,0.174974
53,0.220833,0.196305,0.332012,0.178916,0.205045,0.184177,0.177860,0.173900,0.419075,0.183728,0.207502,0.056883,0.180403,0.159237,0.258589,0.174967
54,0.225000,0.196308,0.332009,0.178913,0.205043,0.184179,0.177864,0.173910,0.419079,0.183721,0.207502,0.056883,0.180405,0.159241,0.258595,0.174976
55,0.229167,0.196309,0.332009,0.178910,0.205040,0.184180,0.177866,0.173922,0.419079,0.183714,0.207500,0.056885,0.180406,0.159239,0.258587,0.174974
56,0.233333,0.196312,0.332010,0.178906,0.205037,0.184182,0.177868,0.173932,0.419081,0.183706,0.207502,0.056885,0.180409,0.159239,0.258591,0.174969
57,0.237500,0.196314,0.332008,0.178901,0.205032,0.184182,0.177871,0.173951,0.419086,0.183686,0.207502,0.056887,0.180414,0.159238,0.258591,0.174977
58,0.241667,0.196317,0.332010,0.178900,0.205032,0.184182,0.177873,0.173960,0.419090,0.183678,0.207502,0.056886,0.180416,0.159239,0.258594,0.174982
59,0.245833,0.196316,0.332009,0.178896,0.205029,0.184185,0.177876,0.173969,0.419092,0.183670,0.207502,0.056884,0.180419,0.159237,0.258596,0.174970
60,0.250000,0.196318,0.332008,0.178892,0.205027,0.184184,0.177882,0.173976,0.419090,0.183660,0.207502,0.056885,0.180422,0.159203,0.258616,0.175013
61,0.254167,0.196317,0.332007,0.178889,0.205025,0.184187,0.177882,0.173981,0.419090,0.183652,0.207501,0.056887,0.180423,0.159225,0.258611,0.175001
62,0.258333,0.196318,0.332006,0.178885,0.205020,0.184183,0.177885,0.173986,0.419091,0.183642,0.207505,0.056882,0.180422,0.159233,0.258595,0.174983
63,0.262500,0.196317,0.332004,0.178881,0.205023,0.184187,0.177889,0.174002,0.419088,0.183630,0.207505,0.056884,0.180427,0.159232,0.258595,0.174988
64,0.266667,0.196318,0.332005,0.178879,0.205024,0.184186,0.177892,0.173994,0.419093,0.183626,0.207507,0.056884,0.180425,0.159226,0.258602,0.174991
65,0.270833,0.196317,0.332004,0.178876,0.205022,0.184187,0.177892,0.174006,0.419090,0.183612,0.207506,0.056884,0.180426,0.159197,0.258616,0.175026
66,0.275000,0.196316,0.332004,0.178873,0.205022,0.184184,0.177893,0.174000,0.419091,0.183606,0.207505,0.056882,0.180424,0.159218,0.258612,0.175004
67,0.279167,0.196316,0.332002,0.178869,0.205018,0.184182,0.177896,0.174011,0.419089,0.183595,0.207509,0.056882,0.180421,0.159225,0.258594,0.174997
68,0.283333,0.196314,0.332000,0.178867,0.205024,0.184185,0.177899,0.174015,0.419093,0.183591,0.207509,0.056881,0.180424,0.159199,0.258617,0.175029
69,0.287500,0.196313,0.332002,0.178865,0.205027,0.184185,0.177901,0.174009,0.419088,0.183581,0.207508,0.056883,0.180422,0.159181,0.258622,0.175040
70,0.291667,0.196311,0.332002,0.178865,0.205026,0.184183,0.177900,0.173998,0.419096,0.183581,0.207510,0.056881,0.180417,0.159188,0.258630,0.175035
71,0.295833,0.196311,0.332002,0.178863,0.205028,0.184183,0.177902,0.173990,0.419091,0.183570,0.207512,0.056879,0.180416,0.159189,0.258628,0.175038
72,0.300000,0.196310,0.332000,0.178864,0.205031,0.184182,0.177902,0.173981,0.419090,0.183566,0.207511,0.056878,0.180417,0.159215,0.258601,0.175000
73,0.304167,0.196306,0.332002,0.178864,0.205033,0.184181,0.177901,0.173974,0.419087,0.183559,0.207512,0.056879,0.180411,0.159198,0.258606,0.175019
74,0.308333,0.196304,0.332001,0.178866,0.205037,0.184180,0.177902,0.173967,0.419087,0.183556,0.207512,0.056877,0.180411,0.159186,0.258622,0.175040
75,0.312500,0.196303,0.332002,0.178865,0.205038,0.184179,0.177902,0.173956,0.419087,0.183557,0.207512,0.056877,0.180406,0.159216,0.258600,0.175005
76,0.316667,0.196300,0.332003,0.178868,0.205040,0.184178,0.177904,0.173946,0.419085,0.183550,0.207512,0.056878,0.180405,0.159228,0.258584,0.174995
77,0.320833,0.196299,0.332004,0.178867,0.205042,0.184177,0.177903,0.173919,0.419076,0.183541,0.207512,0.056876,0.180406,0.159231,0.258583,0.174990
78,0.325000,0.196297,0.332004,0.178871,0.205045,0.184178,0.177902,0.173921,0.419084,0.183551,0.207514,0.056877,0.180405,0.159204,0.258606,0.175026
79,0.329167,0.196294,0.332005,0.178875,0.205049,0.184178,0.177901,0.173897,0.419076,0.183543,0.207515,0.056878,0.180404,0.159194,0.258619,0.175036
80,0.333333,0.196292,0.332006,0.178877,0.205049,0.184179,0.177900,0.173882,0.419074,0.183545,0.207515,0.056882,0.180407,0.159226,0.258597,0.175003
81,0.337500,0.196290,0.332009,0.178881,0.205052,0.184179,0.177900,0.173871,0.419074,0.183550,0.207517,0.056881,0.180401,0.159239,0.258585,0.174989
82,0.341667,0.196290,0.332009,0.178885,0.205054,0.184179,0.177899,0.173860,0.419074,0.183554,0.207517,0.056885,0.180404,0.159241,0.258585,0.174992
83,0.345833,0.196289,0.332012,0.178888,0.205057,0.184178,0.177897,0.173851,0.419075,0.183562,0.207517,0.056883,0.180401,0.159241,0.258586,0.174996
84,0.350000,0.196287,0.332013,0.178894,0.205058,0.184180,0.177894,0.173842,0.419074,0.183572,0.207517,0.056882,0.180402,0.159242,0.258586,0.174994
85,0.354167,0.196286,0.332012,0.178896,0.205063,0.184177,0.177893,0.173833,0.419070,0.183577,0.207518,0.056883,0.180403,0.159239,0.258584,0.174997
86,0.358333,0.196284,0.332014,0.178900,0.205065,0.184177,0.177892,0.173825,0.419070,0.183588,0.207520,0.056883,0.180401,0.159240,0.258583,0.174997
87,0.362500,0.196283,0.332016,0.178903,0.205068,0.184176,0.177888,0.173805,0.419066,0.183616,0.207519,0.056885,0.180400,0.159240,0.258584,0.175002
88,0.366667,0.196282,0.332013,0.178908,0.205069,0.184174,0.177886,0.173799,0.419065,0.183627,0.207520,0.056880,0.180397,0.159247,0.258584,0.174999
89,0.370833,0.196283,0.332014,0.178911,0.205071,0.184174,0.177886,0.173794,0.419063,0.183638,0.207519,0.056884,0.180399,0.159250,0.258578,0.174989
90,0.375000,0.196282,0.332014,0.178915,0.205072,0.184172,0.177882,0.173779,0.419065,0.183661,0.207518,0.056880,0.180397,0.159246,0.258577,0.174992
91,0.379167,0.196279,0.332015,0.178917,0.205075,0.184172,0.177881,0.173776,0.419064,0.183675,0.207519,0.056882,0.180397,0.159248,0.258576,0.174992
92,0.383333,0.196280,0.332016,0.178921,0.205076,0.184170,0.177880,0.173777,0.419063,0.183688,0.207517,0.056881,0.180394,0.159251,0.258578,0.174992
93,0.387500,0.196279,0.332015,0.178923,0.205075,0.184173,0.177876,0.173791,0.419059,0.183688,0.207516,0.056879,0.180393,0.159248,0.258579,0.174998
94,0.391667,0.196282,0.332014,0.178926,0.205076,0.184170,0.177875,0.173799,0.419073,0.183729,0.207515,0.056879,0.180391,0.159248,0.258576,0.174993
95,0.395833,0.196282,0.332016,0.178928,0.205076,0.184170,0.177874,0.173816,0.419074,0.183732,0.207516,0.056880,0.180391,0.159252,0.258573,0.174989
96,0.400000,0.196282,0.332014,0.178930,0.205077,0.184170,0.177871,0.173820,0.419071,0.183743,0.207516,0.056880,0.180390,0.159254,0.258574,0.174988
97,0.404167,0.196283,0.332014,0.178930,0.205078,0.184169,0.177870,0.173823,0.419072,0.183753,0.207514,0.056880,0.180392,0.159252,0.258577,0.174993
98,0.408333,0.196284,0.332014,0.178931,0.205075,0.184169,0.177868,0.173827,0.419071,0.183760,0.207513,0.056881,0.180390,0.159248,0.258576,0.174985
99,0.412500,0.196287,0.332015,0.178935,0.205074,0.184169,0.177866,0.173831,0.419070,0.183768,0.207512,0.056882,0.180390,0.159250,0.258582,0.174987
100,0.416667,0.196287,0.332015,0.178934,0.205073,0.184171,0.177865,0.173837,0.419070,0.183776,0.207513,0.056881,0.180394,0.159252,0.258580,0.174980
101,0.420833,0.196290,0.332016,0.178934,0.205070,0.184171,0.177864,0.173845,0.419070,0.183781,0.207511,0.056883,0.180393,0.159256,0.258578,0.174985
102,0.425000,0.196293,0.332013,0.178935,0.205072,0.184171,0.177861,0.173849,0.419071,0.183787,0.207508,0.056883,0.180392,0.159250,0.258579,0.174985
103,0.429167,0.196292,0.332013,0.178934,0.205070,0.184173,0.177863,0.173857,0.419071,0.183789,0.207507,0.056885,0.180393,0.159248,0.258584,0.174971
104,0.433333,0.196294,0.332013,0.178934,0.205069,0.184172,0.177861,0.173864,0.419072,0.183792,0.207508,0.056885,0.180393,0.159246,0.258582,0.174983
105,0.437500,0.196297,0.332015,0.178933,0.205066,0.184172,0.177861,0.173870,0.419072,0.183789,0.207506,0.056887,0.180395,0.159248,0.258586,0.174978
106,0.441667,0.196299,0.332012,0.178931,0.205062,0.184173,0.177859,0.173876,0.419072,0.183785,0.207506,0.056886,0.180393,0.159245,0.258581,0.174981
107,0.445833,0.196301,0.332014,0.178930,0.205060,0.184174,0.177860,0.173885,0.419073,0.183784,0.207505,0.056885,0.180394,0.159251,0.258587,0.174978
108,0.450000,0.196304,0.332013,0.178928,0.205058,0.184175,0.177861,0.173893,0.419073,0.183781,0.207505,0.056887,0.180397,0.159246,0.258585,0.174968
109,0.454167,0.196304,0.332012,0.178926,0.205055,0.184176,0.177859,0.173901,0.419072,0.183775,0.207505,0.056889,0.180395,0.159219,0.258623,0.174984
110,0.458333,0.196305,0.332010,0.178923,0.205051,0.184175,0.177860,0.173906,0.419072,0.183768,0.207504,0.056886,0.180396,0.159235,0.258603,0.174986
111,0.462500,0.196308,0.332010,0.178922,0.205050,0.184176,0.177860,0.173914,0.419074,0.183759,0.207504,0.056888,0.180398,0.159245,0.258591,0.174969
112,0.466667,0.196311,0.332009,0.178919,0.205048,0.184176,0.177862,0.173921,0.419075,0.183753,0.207503,0.056885,0.180398,0.159245,0.258589,0.174975
113,0.470833,0.196313,0.332008,0.178917,0.205046,0.184176,0.177863,0.173927,0.419075,0.183743,0.207504,0.056885,0.180395,0.159243,0.258586,0.174972
114,0.475000,0.196314,0.332007,0.178913,0.205046,0.184177,0.177866,0.173935,0.419077,0.183734,0.207505,0.056884,0.180398,0.159245,0.258593,0.174975
115,0.479167,0.196315,0.332009,0.178911,0.205045,0.184175,0.177869,0.173939,0.419077,0.183724,0.207505,0.056885,0.180399,0.159236,0.258592,0.174971
116,0.483333,0.196316,0.332007,0.178908,0.205042,0.184174,0.177869,0.173945,0.419075,0.183712,0.207506,0.056881,0.180399,0.159211,0.258613,0.175015
117,0.487500,0.196316,0.332005,0.178905,0.205043,0.184173,0.177872,0.173960,0.419078,0.183685,0.207506,0.056880,0.180401,0.159231,0.258608,0.174992
118,0.491667,0.196318,0.332003,0.178902,0.205042,0.184172,0.177874,0.173964,0.419080,0.183676,0.207509,0.056876,0.180397,0.159241,0.258587,0.174978
119,0.495833,0.196318,0.332003,0.178900,0.205042,0.184173,0.177878,0.173966,0.419080,0.183666,0.207507,0.056879,0.180404,0.159241,0.258594,0.174981
120,0.500000,0.196319,0.332003,0.178899,0.205041,0.184174,0.177882,0.173969,0.419083,0.183657,0.207509,0.056877,0.180406,0.159232,0.258599,0.174983
121,0.504167,0.196317,0.332004,0.178896,0.205039,0.184175,0.177886,0.173970,0.419083,0.183648,0.207509,0.056876,0.180415,0.159232,0.258595,0.174990
122,0.508333,0.196316,0.332003,0.178893,0.205037,0.184173,0.177890,0.173970,0.419084,0.183639,0.207510,0.056876,0.180416,0.159207,0.258614,0.175027
123,0.512500,0.196312,0.332005,0.178893,0.205035,0.184176,0.177892,0.173967,0.419085,0.183630,0.207509,0.056879,0.180416,0.159227,0.258606,0.175006
124,0.516667,0.196313,0.332005,0.178889,0.205036,0.184178,0.177895,0.173968,0.419087,0.183622,0.207511,0.056879,0.180415,0.159236,0.258594,0.174993
125,0.520833,0.196313,0.332006,0.178888,0.205035,0.184178,0.177901,0.173967,0.419088,0.183615,0.207512,0.056876,0.180417,0.159206,0.258616,0.175030
126,0.525000,0.196312,0.332007,0.178886,0.205037,0.184175,0.177904,0.173965,0.419090,0.183608,0.207511,0.056876,0.180416,0.159219,0.258602,0.175009
127,0.529167,0.196308,0.332007,0.178885,0.205036,0.184177,0.177905,0.173961,0.419089,0.183601,0.207511,0.056873,0.180418,0.159202,0.258611,0.175040
128,0.533333,0.196306,0.332008,0.178884,0.205036,0.184178,0.177906,0.173959,0.419087,0.183594,0.207514,0.056872,0.180418,0.159187,0.258630,0.175050
129,0.537500,0.196305,0.332008,0.178882,0.205039,0.184178,0.177910,0.173953,0.419090,0.183591,0.207515,0.056875,0.180415,0.159223,0.258608,0.175012
130,0.541667,0.196305,0.332008,0.178882,0.205042,0.184175,0.177910,0.173947,0.419089,0.183586,0.207516,0.056874,0.180417,0.159238,0.258592,0.175002
131,0.545833,0.196303,0.332010,0.178882,0.205039,0.184178,0.177910,0.173926,0.419082,0.183569,0.207515,0.056874,0.180418,0.159235,0.258587,0.175002
132,0.550000,0.196300,0.332011,0.178882,0.205040,0.184177,0.177910,0.173917,0.419081,0.183565,0.207516,0.056874,0.180413,0.159197,0.258616,0.175045
133,0.554167,0.196297,0.332013,0.178884,0.205041,0.184179,0.177913,0.173910,0.419079,0.183563,0.207515,0.056874,0.180412,0.159215,0.258611,0.175016
134,0.558333,0.196299,0.332010,0.178883,0.205047,0.184177,0.177911,0.173905,0.419079,0.183560,0.207516,0.056875,0.180410,0.159231,0.258596,0.175011
135,0.562500,0.196299,0.332010,0.178883,0.205050,0.184178,0.177908,0.173899,0.419077,0.183560,0.207522,0.056879,0.180406,0.159202,0.258614,0.175044
136,0.566667,0.196298,0.332010,0.178887,0.205052,0.184176,0.177909,0.173893,0.419077,0.183563,0.207522,0.056877,0.180405,0.159192,0.258622,0.175050
137,0.570833,0.196295,0.332010,0.178890,0.205049,0.184176,0.177909,0.173886,0.419076,0.183565,0.207520,0.056875,0.180408,0.159193,0.258626,0.175054
138,0.575000,0.196294,0.332010,0.178891,0.205051,0.184175,0.177908,0.173879,0.419075,0.183567,0.207519,0.056879,0.180401,0.159191,0.258629,0.175052
139,0.579167,0.196292,0.332010,0.178893,0.205053,0.184176,0.177905,0.173876,0.419074,0.183571,0.207517,0.056882,0.180398,0.159196,0.258624,0.175054
140,0.583333,0.196290,0.332010,0.178894,0.205055,0.184175,0.177902,0.173869,0.419072,0.183572,0.207517,0.056882,0.180396,0.159230,0.258597,0.175013
141,0.587500,0.196289,0.332011,0.178896,0.205059,0.184175,0.177900,0.173865,0.419071,0.183578,0.207520,0.056881,0.180392,0.159244,0.258584,0.175005
142,0.591667,0.196286,0.332013,0.178902,0.205059,0.184172,0.177897,0.173858,0.419070,0.183585,0.207523,0.056877,0.180392,0.159243,0.258587,0.174997
143,0.595833,0.196283,0.332013,0.178906,0.205057,0.184174,0.177895,0.173853,0.419070,0.183592,0.207519,0.056877,0.180392,0.159205,0.258608,0.175031
144,0.600000,0.196285,0.332013,0.178907,0.205058,0.184172,0.177891,0.173853,0.419069,0.183602,0.207516,0.056879,0.180389,0.159225,0.258602,0.175009
145,0.604167,0.196285,0.332014,0.178910,0.205061,0.184174,0.177888,0.173836,0.419067,0.183627,0.207517,0.056878,0.180389,0.159238,0.258591,0.174988
146,0.608333,0.196284,0.332015,0.178914,0.205062,0.184174,0.177884,0.173831,0.419066,0.183637,0.207517,0.056879,0.180385,0.159241,0.258584,0.174985
147,0.612500,0.196282,0.332016,0.178917,0.205060,0.184177,0.177882,0.173825,0.419066,0.183650,0.207512,0.056880,0.180387,0.159241,0.258587,0.174987
148,0.616667,0.196279,0.332016,0.178921,0.205059,0.184176,0.177881,0.173840,0.419079,0.183675,0.207511,0.056883,0.180385,0.159206,0.258611,0.175027
149,0.620833,0.196278,0.332018,0.178924,0.205058,0.184179,0.177879,0.173842,0.419079,0.183687,0.207510,0.056878,0.180388,0.159227,0.258600,0.175005
150,0.625000,0.196279,0.332016,0.178924,0.205060,0.184175,0.177876,0.173821,0.419065,0.183681,0.207514,0.056881,0.180385,0.159244,0.258584,0.174984
151,0.629167,0.196279,0.332015,0.178926,0.205060,0.184175,0.177873,0.173836,0.419076,0.183708,0.207513,0.056881,0.180384,0.159242,0.258578,0.174983
152,0.633333,0.196280,0.332014,0.178931,0.205060,0.184175,0.177868,0.173838,0.419076,0.183721,0.207513,0.056880,0.180384,0.159208,0.258603,0.175016
153,0.637500,0.196278,0.332015,0.178933,0.205057,0.184175,0.177868,0.173838,0.419074,0.183732,0.207513,0.056880,0.180388,0.159222,0.258599,0.175001
154,0.641667,0.196279,0.332014,0.178935,0.205057,0.184176,0.177869,0.173841,0.419075,0.183744,0.207513,0.056882,0.180391,0.159233,0.258586,0.174990
155,0.645833,0.196279,0.332012,0.178933,0.205061,0.184174,0.177866,0.173845,0.419075,0.183754,0.207514,0.056883,0.180390,0.159236,0.258582,0.174986
156,0.650000,0.196280,0.332012,0.178931,0.205060,0.184175,0.177863,0.173848,0.419074,0.183760,0.207516,0.056881,0.180393,0.159239,0.258580,0.174982
157,0.654167,0.196279,0.332012,0.178933,0.205057,0.184174,0.177863,0.173852,0.419073,0.183769,0.207515,0.056880,0.180393,0.159242,0.258580,0.174984
158,0.658333,0.196280,0.332012,0.178934,0.205058,0.184174,0.177864,0.173857,0.419072,0.183776,0.207513,0.056878,0.180395,0.159214,0.258613,0.175004
159,0.662500,0.196279,0.332013,0.178936,0.205058,0.184176,0.177861,0.173861,0.419072,0.183783,0.207517,0.056879,0.180392,0.159230,0.258597,0.174987
160,0.666667,0.196282,0.332010,0.178932,0.205057,0.184176,0.177860,0.173864,0.419070,0.183788,0.207518,0.056879,0.180396,0.159237,0.258585,0.174977
161,0.670833,0.196281,0.332012,0.178929,0.205058,0.184174,0.177859,0.173869,0.419070,0.183789,0.207515,0.056880,0.180396,0.159240,0.258584,0.174978
162,0.675000,0.196282,0.332010,0.178928,0.205056,0.184176,0.177859,0.173872,0.419069,0.183790,0.207514,0.056879,0.180394,0.159237,0.258588,0.174981
163,0.679167,0.196280,0.332011,0.178930,0.205054,0.184175,0.177857,0.173877,0.419070,0.183790,0.207514,0.056879,0.180395,0.159242,0.258589,0.174982
164,0.683333,0.196283,0.332013,0.178927,0.205052,0.184176,0.177859,0.173878,0.419072,0.183786,0.207512,0.056881,0.180398,0.159234,0.258587,0.174978
165,0.687500,0.196283,0.332014,0.178923,0.205053,0.184179,0.177857,0.173881,0.419072,0.183781,0.207512,0.056885,0.180397,0.159241,0.258590,0.174970
166,0.691667,0.196286,0.332012,0.178922,0.205052,0.184180,0.177856,0.173883,0.419071,0.183773,0.207513,0.056881,0.180395,0.159242,0.258589,0.174962
167,0.695833,0.196287,0.332011,0.178917,0.205052,0.184178,0.177857,0.173886,0.419071,0.183764,0.207511,0.056883,0.180393,0.159239,0.258591,0.174974
168,0.700000,0.196291,0.332010,0.178915,0.205051,0.184177,0.177859,0.173888,0.419071,0.183757,0.207512,0.056879,0.180397,0.159235,0.258587,0.174967
169,0.704167,0.196293,0.332007,0.178915,0.205050,0.184179,0.177861,0.173890,0.419070,0.183747,0.207514,0.056880,0.180392,0.159233,0.258593,0.174975
170,0.708333,0.196296,0.332008,0.178911,0.205051,0.184177,0.177861,0.173893,0.419071,0.183735,0.207512,0.056878,0.180392,0.159236,0.258594,0.174973
171,0.712500,0.196299,0.332008,0.178907,0.205051,0.184177,0.177863,0.173897,0.419071,0.183722,0.207514,0.056879,0.180396,0.159237,0.258590,0.174961
172,0.716667,0.196300,0.332008,0.178903,0.205051,0.184175,0.177863,0.173901,0.419071,0.183707,0.207514,0.056881,0.180395,0.159239,0.258589,0.174967
173,0.720833,0.196300,0.332007,0.178900,0.205050,0.184176,0.177866,0.173903,0.419074,0.183694,0.207516,0.056881,0.180396,0.159235,0.258591,0.174974
174,0.725000,0.196302,0.332010,0.178901,0.205050,0.184179,0.177870,0.173904,0.419073,0.183678,0.207516,0.056882,0.180396,0.159208,0.258612,0.175005
175,0.729167,0.196304,0.332008,0.178894,0.205052,0.184178,0.177872,0.173908,0.419074,0.183664,0.207513,0.056884,0.180398,0.159231,0.258600,0.174977
176,0.733333,0.196304,0.332004,0.178889,0.205048,0.184176,0.177873,0.173921,0.419078,0.183635,0.207513,0.056880,0.180399,0.159241,0.258589,0.174961
177,0.737500,0.196307,0.332005,0.178887,0.205050,0.184177,0.177875,0.173923,0.419080,0.183621,0.207512,0.056880,0.180401,0.159247,0.258585,0.174970
178,0.741667,0.196308,0.332004,0.178885,0.205050,0.184176,0.177881,0.173927,0.419078,0.183603,0.207512,0.056883,0.180401,0.159243,0.258590,0.174973
179,0.745833,0.196309,0.332005,0.178883,0.205050,0.184177,0.177882,0.173928,0.419082,0.183589,0.207513,0.056883,0.180404,0.159241,0.258588,0.174977
180,0.750000,0.196310,0.332005,0.178876,0.205050,0.184177,0.177885,0.173933,0.419082,0.183576,0.207514,0.056884,0.180405,0.159243,0.258591,0.174980
181,0.754167,0.196309,0.332004,0.178871,0.205050,0.184174,0.177887,0.173919,0.419072,0.183548,0.207516,0.056880,0.180410,0.159247,0.258592,0.174983
182,0.758333,0.196312,0.332004,0.178867,0.205050,0.184174,0.177889,0.173918,0.419073,0.183531,0.207518,0.056878,0.180410,0.159240,0.258590,0.174984
183,0.762500,0.196313,0.332003,0.178863,0.205052,0.184177,0.177893,0.173923,0.419076,0.183518,0.207517,0.056878,0.180412,0.159244,0.258585,0.174983
184,0.766667,0.196316,0.332003,0.178863,0.205054,0.184176,0.177896,0.173924,0.419067,0.183497,0.207517,0.056876,0.180413,0.159249,0.258586,0.174988
185,0.770833,0.196316,0.332001,0.178859,0.205052,0.184174,0.177901,0.173928,0.419071,0.183490,0.207516,0.056879,0.180416,0.159250,0.258586,0.174984
186,0.775000,0.196320,0.331998,0.178856,0.205052,0.184173,0.177903,0.173927,0.419066,0.183474,0.207514,0.056877,0.180419,0.159247,0.258583,0.174984
187,0.779167,0.196323,0.331998,0.178852,0.205052,0.184174,0.177908,0.173931,0.419065,0.183460,0.207514,0.056879,0.180422,0.159245,0.258584,0.174986
188,0.783333,0.196324,0.331996,0.178850,0.205053,0.184173,0.177909,0.173935,0.419062,0.183447,0.207518,0.056876,0.180421,0.159243,0.258581,0.174999
189,0.787500,0.196326,0.331993,0.178850,0.205053,0.184171,0.177912,0.173939,0.419060,0.183434,0.207519,0.056877,0.180422,0.159251,0.258576,0.174994
190,0.791667,0.196328,0.331992,0.178848,0.205053,0.184170,0.177914,0.173942,0.419060,0.183428,0.207517,0.056877,0.180421,0.159246,0.258570,0.174998
191,0.795833,0.196328,0.331989,0.178846,0.205054,0.184168,0.177916,0.173946,0.419060,0.183422,0.207516,0.056874,0.180420,0.159243,0.258576,0.175001
192,0.800000,0.196331,0.331990,0.178843,0.205057,0.184168,0.177916,0.173956,0.419066,0.183418,0.207517,0.056877,0.180418,0.159244,0.258577,0.175000
193,0.804167,0.196333,0.331989,0.178843,0.205059,0.184167,0.177918,0.173954,0.419061,0.183411,0.207517,0.056878,0.180419,0.159248,0.258574,0.174995
194,0.808333,0.196333,0.331987,0.178840,0.205059,0.184167,0.177921,0.173964,0.419067,0.183396,0.207520,0.056879,0.180416,0.159252,0.258572,0.174997
195,0.812500,0.196335,0.331989,0.178838,0.205056,0.184169,0.177920,0.173984,0.419062,0.183386,0.207518,0.056878,0.180422,0.159255,0.258571,0.174994
196,0.816667,0.196335,0.331987,0.178834,0.205055,0.184167,0.177920,0.173987,0.419062,0.183381,0.207519,0.056876,0.180418,0.159254,0.258571,0.174995
197,0.820833,0.196337,0.331989,0.178833,0.205057,0.184165,0.177916,0.173991,0.419062,0.183375,0.207516,0.056879,0.180417,0.159253,0.258570,0.174995
198,0.825000,0.196337,0.331988,0.178830,0.205056,0.184170,0.177913,0.173994,0.419061,0.183369,0.207516,0.056880,0.180413,0.159253,0.258575,0.174992
199,0.829167,0.196340,0.331989,0.178829,0.205056,0.184170,0.177913,0.173999,0.419062,0.183368,0.207515,0.056882,0.180411,0.159253,0.258574,0.174993
200,0.833333,0.196342,0.331988,0.178828,0.205057,0.184169,0.177911,0.174003,0.419061,0.183363,0.207515,0.056880,0.180412,0.159257,0.258573,0.174983
201,0.837500,0.196343,0.331986,0.178826,0.205057,0.184169,0.177905,0.174006,0.419060,0.183358,0.207517,0.056881,0.180404,0.159258,0.258572,0.174980
202,0.841667,0.196345,0.331985,0.178823,0.205057,0.184170,0.177901,0.174008,0.419060,0.183354,0.207516,0.056882,0.180398,0.159259,0.258577,0.174976
203,0.845833,0.196349,0.331984,0.178823,0.205060,0.184168,0.177898,0.174014,0.419059,0.183352,0.207516,0.056883,0.180396,0.159257,0.258580,0.174978
204,0.850000,0.196353,0.331983,0.178823,0.205061,0.184170,0.177894,0.174016,0.419060,0.183351,0.207516,0.056888,0.180394,0.159262,0.258577,0.174977
205,0.854167,0.196357,0.331980,0.178821,0.205063,0.184168,0.177889,0.174021,0.419058,0.183347,0.207516,0.056886,0.180393,0.159263,0.258574,0.174960
206,0.858333,0.196358,0.331981,0.178818,0.205064,0.184166,0.177884,0.174025,0.419060,0.183344,0.207515,0.056885,0.180391,0.159266,0.258572,0.174963
207,0.862500,0.196360,0.331977,0.178816,0.205064,0.184169,0.177879,0.174027,0.419057,0.183335,0.207514,0.056888,0.180388,0.159266,0.258576,0.174953
208,0.866667,0.196363,0.331975,0.178813,0.205067,0.184167,0.177874,0.174034,0.419054,0.183330,0.207519,0.056885,0.180380,0.159268,0.258574,0.174952
209,0.870833,0.196365,0.331973,0.178811,0.205070,0.184164,0.177870,0.174041,0.419052,0.183325,0.207519,0.056882,0.180379,0.159270,0.258575,0.174941
210,0.875000,0.196369,0.331968,0.178809,0.205069,0.184162,0.177867,0.174064,0.419056,0.183333,0.207519,0.056880,0.180381,0.159275,0.258568,0.174936
211,0.879167,0.196374,0.331967,0.178801,0.205071,0.184157,0.177863,0.174058,0.419047,0.183318,0.207516,0.056880,0.180376,0.159272,0.258570,0.174935
212,0.883333,0.196377,0.331965,0.178803,0.205070,0.184156,0.177858,0.174079,0.419052,0.183323,0.207516,0.056877,0.180373,0.159276,0.258566,0.174934
213,0.887500,0.196380,0.331964,0.178798,0.205075,0.184158,0.177859,0.174091,0.419054,0.183322,0.207517,0.056879,0.180374,0.159275,0.258566,0.174922
214,0.891667,0.196386,0.331961,0.178796,0.205077,0.184157,0.177854,0.174100,0.419053,0.183319,0.207517,0.056877,0.180374,0.159280,0.258563,0.174912
215,0.895833,0.196389,0.331959,0.178793,0.205078,0.184155,0.177852,0.174106,0.419049,0.183314,0.207520,0.056876,0.180373,0.159372,0.258496,0.174792
216,0.900000,0.196390,0.331959,0.178789,0.205079,0.184153,0.177851,0.174112,0.419050,0.183311,0.207520,0.056876,0.180376,0.159410,0.258447,0.174763
217,0.904167,0.196396,0.331957,0.178783,0.205080,0.184153,0.177849,0.174121,0.419049,0.183306,0.207523,0.056878,0.180377,0.159411,0.258447,0.174754
218,0.908333,0.196400,0.331955,0.178778,0.205082,0.184151,0.177850,0.174128,0.419047,0.183300,0.207522,0.056876,0.180382,0.159403,0.258459,0.174766
219,0.912500,0.196403,0.331955,0.178774,0.205082,0.184154,0.177848,0.174135,0.419048,0.183291,0.207524,0.056879,0.180383,0.159404,0.258472,0.174768
220,0.916667,0.196406,0.331954,0.178766,0.205083,0.184154,0.177846,0.174140,0.419049,0.183283,0.207521,0.056883,0.180390,0.159402,0.258470,0.174757
221,0.920833,0.196409,0.331953,0.178760,0.205082,0.184154,0.177848,0.174147,0.419048,0.183272,0.207519,0.056879,0.180387,0.159404,0.258467,0.174759
222,0.925000,0.196416,0.331954,0.178751,0.205082,0.184156,0.177846,0.174153,0.419049,0.183262,0.207517,0.056883,0.180392,0.159410,0.258464,0.174766
223,0.929167,0.196421,0.331951,0.178747,0.205085,0.184156,0.177847,0.174159,0.419049,0.183249,0.207518,0.056885,0.180394,0.159413,0.258475,0.174758
224,0.933333,0.196425,0.331950,0.178741,0.205084,0.184156,0.177846,0.174167,0.419049,0.183235,0.207518,0.056885,0.180399,0.159412,0.258467,0.174750
225,0.937500,0.196431,0.331949,0.178730,0.205084,0.184158,0.177847,0.174175,0.419051,0.183218,0.207518,0.056884,0.180398,0.159412,0.258468,0.174744
226,0.941667,0.196433,0.331948,0.178721,0.205084,0.184157,0.177847,0.174185,0.419051,0.183202,0.207518,0.056883,0.180400,0.159414,0.258468,0.174746
227,0.945833,0.196439,0.331943,0.178713,0.205085,0.184155,0.177847,0.174196,0.419052,0.183186,0.207516,0.056887,0.180405,0.159416,0.258469,0.174746
228,0.950000,0.196444,0.331942,0.178703,0.205088,0.184155,0.177848,0.174207,0.419050,0.183164,0.207517,0.056885,0.180404,0.159423,0.258465,0.174739
229,0.954167,0.196452,0.331937,0.178693,0.205092,0.184153,0.177845,0.174218,0.419048,0.183140,0.207520,0.056886,0.180404,0.159425,0.258461,0.174735
230,0.958333,0.196457,0.331928,0.178683,0.205092,0.184150,0.177846,0.174232,0.419042,0.183116,0.207523,0.056881,0.180401,0.159420,0.258460,0.174729
231,0.962500,0.196462,0.331916,0.178673,0.205094,0.184144,0.177846,0.174244,0.419029,0.183086,0.207522,0.056879,0.180400,0.159430,0.258456,0.174735
232,0.966667,0.196468,0.331895,0.178665,0.205096,0.184139,0.177848,0.174276,0.419004,0.183040,0.207522,0.056875,0.180403,0.159432,0.258436,0.174730
233,0.970833,0.196475,0.331859,0.178660,0.205098,0.184127,0.177848,0.174291,0.418962,0.183006,0.207523,0.056879,0.180402,0.159402,0.258459,0.174746
234,0.975000,0.196479,0.331786,0.178657,0.205100,0.184111,0.177847,0.174295,0.418882,0.182986,0.207522,0.056878,0.180397,0.159398,0.258438,0.174769
235,0.979167,0.196488,0.331683,0.178654,0.205103,0.184082,0.177851,0.174323,0.418779,0.182933,0.207521,0.056880,0.180392,0.159315,0.258449,0.174883
236,0.983333,0.196508,0.331553,0.178655,0.205110,0.184030,0.177857,0.174355,0.418670,0.182861,0.207515,0.056876,0.180390,0.159313,0.258388,0.174915
237,0.987500,0.196530,0.331409,0.178647,0.205114,0.183977,0.177864,0.174424,0.418546,0.182729,0.207512,0.056879,0.180392,0.159319,0.258257,0.174906
238,0.991667,0.196560,0.331254,0.178631,0.205117,0.183922,0.177865,0.174534,0.418403,0.182525,0.207510,0.056877,0.180390,0.159201,0.258043,0.174851
239,0.995833,0.196581,0.331076,0.178614,0.205126,0.183868,0.177867,0.174652,0.418273,0.182282,0.207507,0.056875,0.180389,0.159196,0.257964,0.174876
240,1.000000,0.196611,0.330939,0.178585,0.205137,0.183826,0.177872,0.174809,0.418175,0.182013,0.207508,0.056871,0.180390,0.159199,0.257857,0.174876
241,1.004167,0.196640,0.330853,0.178550,0.205145,0.183798,0.177877,0.175015,0.418116,0.181665,0.207508,0.056869,0.180389,0.159243,0.257769,0.174848
242,1.008333,0.196671,0.330820,0.178512,0.205151,0.183784,0.177881,0.175237,0.418108,0.181289,0.207508,0.056868,0.180386,0.159255,0.257728,0.174852
243,1.012500,0.196699,0.330809,0.178468,0.205156,0.183803,0.177898,0.175524,0.418130,0.180870,0.207505,0.056871,0.180395,0.159250,0.257742,0.174866
244,1.016667,0.196728,0.330810,0.178417,0.205160,0.183837,0.177912,0.175810,0.418160,0.180419,0.207504,0.056870,0.180395,0.159240,0.257782,0.174884
245,1.020833,0.196763,0.330834,0.178354,0.205161,0.183880,0.177928,0.176113,0.418202,0.179965,0.207504,0.056869,0.180400,0.159238,0.257824,0.174891
246,1.025000,0.196799,0.330868,0.178288,0.205159,0.183925,0.177943,0.176458,0.418269,0.179506,0.207502,0.056873,0.180402,0.159001,0.258272,0.175278
247,1.029167,0.196849,0.330905,0.178212,0.205155,0.183960,0.177957,0.176801,0.418308,0.179024,0.207501,0.056877,0.180408,0.158962,0.258372,0.175324
248,1.033333,0.196919,0.330921,0.178147,0.205153,0.183977,0.177976,0.177139,0.418315,0.178553,0.207498,0.056880,0.180410,0.158983,0.258380,0.175334
249,1.037500,0.196979,0.330881,0.178053,0.205147,0.183978,0.177994,0.177498,0.418313,0.178056,0.207497,0.056882,0.180411,0.159206,0.258112,0.175077
250,1.041667,0.197055,0.330840,0.177952,0.205140,0.183958,0.178015,0.177855,0.418307,0.177593,0.207492,0.056883,0.180413,0.159030,0.258346,0.175344
251,1.045833,0.197134,0.330802,0.177840,0.205129,0.183933,0.178030,0.178183,0.418304,0.177129,0.207494,0.056880,0.180413,0.159005,0.258345,0.175359
252,1.050000,0.197224,0.330769,0.177705,0.205121,0.183917,0.178052,0.178504,0.418290,0.176660,0.207495,0.056879,0.180410,0.159027,0.258378,0.175392
253,1.054167,0.197312,0.330739,0.177571,0.205110,0.183904,0.178092,0.178811,0.418311,0.176209,0.207492,0.056880,0.180411,0.159243,0.258085,0.175094
254,1.058333,0.197407,0.330718,0.177433,0.205095,0.183904,0.178119,0.179082,0.418287,0.175753,0.207489,0.056876,0.180407,0.159381,0.257940,0.174947
255,1.062500,0.197507,0.330710,0.177271,0.205080,0.183915,0.178151,0.179303,0.418293,0.175352,0.207488,0.056877,0.180407,0.159382,0.257933,0.174908
256,1.066667,0.197635,0.330710,0.177101,0.205066,0.183928,0.178187,0.179504,0.418319,0.175012,0.207487,0.056875,0.180406,0.159458,0.258117,0.174989
257,1.070833,0.197754,0.330701,0.176933,0.205049,0.183941,0.178222,0.179716,0.418330,0.174685,0.207490,0.056877,0.180408,0.159454,0.258185,0.174991
258,1.075000,0.197867,0.330692,0.176764,0.205026,0.183961,0.178270,0.179907,0.418343,0.174399,0.207491,0.056877,0.180403,0.159483,0.258206,0.174941
259,1.079167,0.197995,0.330680,0.176593,0.205012,0.183961,0.178297,0.180085,0.418369,0.174165,0.207487,0.056876,0.180401,0.159529,0.258202,0.174873
260,1.083333,0.198125,0.330659,0.176421,0.204997,0.183953,0.178323,0.180253,0.418368,0.173912,0.207487,0.056877,0.180401,0.159577,0.258190,0.174795
261,1.087500,0.198286,0.330658,0.176246,0.204988,0.183942,0.178333,0.180411,0.418361,0.173691,0.207484,0.056876,0.180400,0.159619,0.258183,0.174724
262,1.091667,0.198429,0.330615,0.176073,0.204985,0.183936,0.178335,0.180559,0.418354,0.173480,0.207484,0.056877,0.180398,0.159660,0.258179,0.174639
263,1.095833,0.198561,0.330589,0.175913,0.204986,0.183928,0.178332,0.180694,0.418351,0.173276,0.207483,0.056881,0.180397,0.159728,0.258158,0.174528
264,1.100000,0.198697,0.330579,0.175751,0.204988,0.183921,0.178323,0.180811,0.418334,0.173092,0.207482,0.056877,0.180396,0.159752,0.258119,0.174432
265,1.104167,0.198815,0.330544,0.175584,0.204994,0.183893,0.178293,0.180929,0.418321,0.172898,0.207483,0.056876,0.180393,0.159801,0.258122,0.174344
266,1.108333,0.198940,0.330494,0.175427,0.205015,0.183870,0.178281,0.181051,0.418311,0.172722,0.207481,0.056874,0.180391,0.159930,0.258174,0.174268
267,1.112500,0.199073,0.330465,0.175283,0.205038,0.183858,0.178262,0.181150,0.418294,0.172565,0.207483,0.056874,0.180388,0.160066,0.258196,0.174181
268,1.116667,0.199186,0.330424,0.175138,0.205058,0.183842,0.178236,0.181265,0.418272,0.172388,0.207483,0.056877,0.180385,0.160140,0.258159,0.174055
269,1.120833,0.199293,0.330386,0.174993,0.205088,0.183818,0.178207,0.181395,0.418247,0.172189,0.207482,0.056878,0.180383,0.160221,0.258120,0.173920
270,1.125000,0.199391,0.330339,0.174856,0.205132,0.183806,0.178162,0.181557,0.418201,0.171946,0.207480,0.056874,0.180378,0.160327,0.258135,0.173837
271,1.129167,0.199489,0.330287,0.174728,0.205175,0.183784,0.178103,0.181708,0.418138,0.171722,0.207482,0.056874,0.180372,0.160375,0.258116,0.173753
272,1.133333,0.199583,0.330230,0.174607,0.205234,0.183765,0.178018,0.181897,0.418094,0.171484,0.207480,0.056874,0.180373,0.160424,0.258096,0.173666
273,1.137500,0.199679,0.330172,0.174487,0.205283,0.183743,0.177947,0.182112,0.418033,0.171228,0.207477,0.056876,0.180373,0.160477,0.258059,0.173577
274,1.141667,0.199774,0.330108,0.174370,0.205343,0.183715,0.177862,0.182315,0.417963,0.170982,0.207480,0.056875,0.180373,0.160530,0.258025,0.173480
275,1.145833,0.199860,0.330040,0.174263,0.205397,0.183681,0.177773,0.182538,0.417892,0.170712,0.207476,0.056876,0.180375,0.160577,0.257991,0.173400
276,1.150000,0.199942,0.329966,0.174151,0.205461,0.183654,0.177680,0.182758,0.417833,0.170455,0.207474,0.056876,0.180377,0.160646,0.257938,0.173293
277,1.154167,0.200030,0.329905,0.174059,0.205514,0.183635,0.177592,0.182996,0.417766,0.170150,0.207475,0.056875,0.180377,0.160494,0.258419,0.173606
278,1.158333,0.200110,0.329870,0.173958,0.205576,0.183599,0.177497,0.183264,0.417722,0.169806,0.207481,0.056880,0.180380,0.160745,0.258088,0.173188
279,1.162500,0.200201,0.329865,0.173843,0.205644,0.183574,0.177421,0.183549,0.417708,0.169452,0.207478,0.056877,0.180383,0.161021,0.257903,0.172945
280,1.166667,0.200292,0.329859,0.173718,0.205705,0.183567,0.177338,0.183833,0.417696,0.169050,0.207478,0.056877,0.180384,0.161116,0.257845,0.172810
281,1.170833,0.200384,0.329860,0.173575,0.205780,0.183573,0.177235,0.184110,0.417678,0.168655,0.207481,0.056878,0.180380,0.161071,0.257853,0.172705
282,1.175000,0.200495,0.329894,0.173449,0.205847,0.183572,0.177133,0.184383,0.417662,0.168251,0.207479,0.056878,0.180382,0.161030,0.257933,0.172670
283,1.179167,0.200582,0.329877,0.173302,0.205923,0.183594,0.177062,0.184651,0.417649,0.167878,0.207479,0.056878,0.180386,0.161053,0.257997,0.172596
284,1.183333,0.200684,0.329871,0.173163,0.205976,0.183581,0.177012,0.184912,0.417620,0.167517,0.207480,0.056876,0.180387,0.161158,0.257943,0.172417
285,1.187500,0.200782,0.329862,0.173014,0.206014,0.183565,0.176959,0.185114,0.417605,0.167237,0.207477,0.056875,0.180384,0.161261,0.257887,0.172231
286,1.191667,0.200894,0.329858,0.172842,0.206053,0.183541,0.176906,0.185331,0.417594,0.166959,0.207475,0.056872,0.180389,0.161428,0.257907,0.172091
287,1.195833,0.201004,0.329838,0.172671,0.206108,0.183531,0.176863,0.185532,0.417588,0.166706,0.207476,0.056874,0.180388,0.161579,0.257936,0.172001
288,1.200000,0.201130,0.329832,0.172490,0.206146,0.183511,0.176816,0.185692,0.417580,0.166479,0.207478,0.056869,0.180393,0.161714,0.257957,0.171861
289,1.204167,0.201279,0.329819,0.172303,0.206175,0.183498,0.176773,0.185830,0.417586,0.166285,0.207479,0.056870,0.180393,0.161790,0.257941,0.171722
290,1.208333,0.201425,0.329810,0.172113,0.206203,0.183484,0.176733,0.185943,0.417589,0.166130,0.207480,0.056868,0.180395,0.161855,0.257933,0.171590
291,1.212500,0.201552,0.329796,0.171926,0.206226,0.183472,0.176704,0.186052,0.417581,0.165968,0.207481,0.056869,0.180391,0.161887,0.257983,0.171493
292,1.216667,0.201695,0.329799,0.171739,0.206244,0.183458,0.176683,0.186114,0.417594,0.165866,0.207481,0.056869,0.180390,0.161931,0.258016,0.171392
293,1.220833,0.201871,0.329814,0.171535,0.206257,0.183444,0.176673,0.186156,0.417606,0.165792,0.207481,0.056870,0.180389,0.161987,0.258028,0.171274
294,1.225000,0.202022,0.329770,0.171326,0.206272,0.183423,0.176654,0.186183,0.417616,0.165726,0.207483,0.056871,0.180387,0.162210,0.258063,0.171127
295,1.229167,0.202182,0.329748,0.171123,0.206280,0.183412,0.176652,0.186209,0.417633,0.165666,0.207481,0.056871,0.180388,0.162397,0.258106,0.171005
296,1.233333,0.202330,0.329724,0.170909,0.206288,0.183400,0.176646,0.186241,0.417642,0.165601,0.207479,0.056872,0.180387,0.162455,0.258104,0.170889
297,1.237500,0.202468,0.329698,0.170711,0.206294,0.183388,0.176641,0.186285,0.417645,0.165525,0.207479,0.056871,0.180383,0.162505,0.258113,0.170777
298,1.241667,0.202633,0.329695,0.170509,0.206298,0.183374,0.176625,0.186333,0.417644,0.165435,0.207474,0.056873,0.180388,0.162599,0.258090,0.170618
299,1.245833,0.202784,0.329657,0.170285,0.206305,0.183367,0.176613,0.186394,0.417639,0.165332,0.207473,0.056873,0.180386,0.162654,0.258065,0.170512
300,1.250000,0.202908,0.329637,0.170113,0.206318,0.183351,0.176606,0.186478,0.417629,0.165211,0.207474,0.056872,0.180386,0.162668,0.258053,0.170443
301,1.254167,0.203025,0.329618,0.169946,0.206323,0.183345,0.176585,0.186588,0.417619,0.165059,0.207470,0.056872,0.180385,0.162794,0.258163,0.170420
302,1.258333,0.203129,0.329592,0.169795,0.206336,0.183330,0.176577,0.186733,0.417611,0.164885,0.207471,0.056871,0.180387,0.162870,0.258180,0.170327
303,1.262500,0.203240,0.329568,0.169645,0.206350,0.183322,0.176560,0.186865,0.417612,0.164696,0.207469,0.056872,0.180387,0.162913,0.258155,0.170245
304,1.266667,0.203347,0.329537,0.169508,0.206362,0.183315,0.176538,0.187010,0.417601,0.164480,0.207471,0.056874,0.180384,0.162955,0.258142,0.170172
305,1.270833,0.203432,0.329512,0.169395,0.206377,0.183309,0.176517,0.187210,0.417582,0.164235,0.207473,0.056873,0.180384,0.162991,0.258143,0.170105
306,1.275000,0.203506,0.329484,0.169297,0.206396,0.183299,0.176496,0.187426,0.417534,0.163917,0.207470,0.056874,0.180384,0.163082,0.258153,0.170033
307,1.279167,0.203573,0.329467,0.169192,0.206420,0.183294,0.176466,0.187667,0.417501,0.163606,0.207472,0.056874,0.180385,0.163158,0.258168,0.169982
308,1.283333,0.203628,0.329432,0.169108,0.206446,0.183280,0.176420,0.187929,0.417448,0.163239,0.207472,0.056874,0.180388,0.163230,0.258171,0.169931
309,1.287500,0.203681,0.329392,0.169031,0.206465,0.183269,0.176396,0.188177,0.417408,0.162906,0.207467,0.056875,0.180391,0.163194,0.258152,0.169919
310,1.291667,0.203726,0.329343,0.168962,0.206495,0.183255,0.176368,0.188440,0.417341,0.162526,0.207466,0.056872,0.180392,0.163265,0.258153,0.169875
311,1.295833,0.203762,0.329299,0.168910,0.206519,0.183250,0.176347,0.188695,0.417273,0.162181,0.207470,0.056870,0.180392,0.163289,0.258125,0.169842
312,1.300000,0.203800,0.329252,0.168871,0.206539,0.183236,0.176326,0.188953,0.417191,0.161812,0.207472,0.056869,0.180394,0.163306,0.258106,0.169820
313,1.304167,0.203831,0.329200,0.168834,0.206559,0.183230,0.176308,0.189209,0.417126,0.161473,0.207473,0.056869,0.180393,0.163310,0.258067,0.169788
314,1.308333,0.203864,0.329141,0.168800,0.206593,0.183214,0.176274,0.189459,0.417057,0.161134,0.207473,0.056869,0.180394,0.163322,0.258045,0.169776
315,1.312500,0.203907,0.329101,0.168762,0.206610,0.183199,0.176257,0.189715,0.417021,0.160794,0.207473,0.056868,0.180396,0.163313,0.258029,0.169772
316,1.316667,0.203938,0.329067,0.168729,0.206629,0.183205,0.176240,0.189971,0.416933,0.160416,0.207473,0.056870,0.180399,0.163313,0.258026,0.169778
317,1.320833,0.203970,0.328980,0.168716,0.206647,0.183208,0.176229,0.190188,0.416797,0.160097,0.207475,0.056869,0.180395,0.163309,0.258017,0.169790
318,1.325000,0.204005,0.328876,0.168685,0.206660,0.183189,0.176220,0.190380,0.416701,0.159816,0.207471,0.056871,0.180396,0.163276,0.257978,0.169803
319,1.329167,0.204038,0.328796,0.168644,0.206665,0.183172,0.176222,0.190567,0.416631,0.159531,0.207471,0.056872,0.180396,0.163310,0.257962,0.169812
320,1.333333,0.204071,0.328728,0.168591,0.206673,0.183133,0.176199,0.190781,0.416528,0.159212,0.207469,0.056874,0.180399,0.163277,0.257913,0.169842
321,1.337500,0.204120,0.328660,0.168531,0.206672,0.183108,0.176204,0.190973,0.416435,0.158877,0.207469,0.056876,0.180398,0.163280,0.257891,0.169862
322,1.341667,0.204179,0.328596,0.168472,0.206669,0.183101,0.176214,0.191152,0.416364,0.158529,0.207471,0.056873,0.180396,0.163179,0.257870,0.169917
323,1.345833,0.204221,0.328552,0.168393,0.206660,0.183120,0.176248,0.191377,0.416315,0.158172,0.207470,0.056874,0.180396,0.163223,0.257906,0.169961
324,1.350000,0.204256,0.328547,0.168301,0.206650,0.183136,0.176266,0.191569,0.416269,0.157817,0.207471,0.056873,0.180396,0.163228,0.257921,0.169976
325,1.354167,0.204298,0.328547,0.168211,0.206631,0.183163,0.176285,0.191724,0.416230,0.157476,0.207473,0.056875,0.180391,0.163224,0.257948,0.169976
326,1.358333,0.204343,0.328556,0.168130,0.206611,0.183190,0.176316,0.191910,0.416189,0.157142,0.207473,0.056874,0.180390,0.163257,0.257945,0.169922
327,1.362500,0.204387,0.328562,0.168051,0.206582,0.183220,0.176367,0.192052,0.416168,0.156872,0.207476,0.056874,0.180388,0.163180,0.257966,0.169968
328,1.366667,0.204426,0.328553,0.167975,0.206552,0.183228,0.176413,0.192180,0.416141,0.156633,0.207474,0.056876,0.180386,0.163273,0.258006,0.169943
329,1.370833,0.204469,0.328533,0.167896,0.206516,0.183220,0.176467,0.192294,0.416109,0.156427,0.207478,0.056875,0.180383,0.163286,0.257993,0.169922
330,1.375000,0.204510,0.328519,0.167823,0.206476,0.183206,0.176519,0.192382,0.416088,0.156251,0.207478,0.056874,0.180381,0.163295,0.257980,0.169907
331,1.379167,0.204554,0.328508,0.167750,0.206435,0.183199,0.176568,0.192464,0.416062,0.156098,0.207479,0.056875,0.180378,0.163302,0.257982,0.169899
332,1.383333,0.204599,0.328492,0.167684,0.206407,0.183197,0.176618,0.192524,0.416064,0.155974,0.207479,0.056875,0.180377,0.163212,0.257993,0.169935
333,1.387500,0.204641,0.328477,0.167622,0.206380,0.183192,0.176654,0.192544,0.416058,0.155880,0.207475,0.056872,0.180378,0.163292,0.258009,0.169908
334,1.391667,0.204683,0.328470,0.167568,0.206343,0.183183,0.176688,0.192548,0.416054,0.155817,0.207480,0.056870,0.180373,0.163301,0.257999,0.169892
335,1.395833,0.204714,0.328462,0.167526,0.206321,0.183185,0.176726,0.192537,0.416065,0.155784,0.207479,0.056870,0.180371,0.163216,0.258019,0.169922
336,1.400000,0.204746,0.328452,0.167489,0.206303,0.183190,0.176770,0.192515,0.416079,0.155782,0.207479,0.056870,0.180374,0.163291,0.258038,0.169888
337,1.404167,0.204785,0.328439,0.167453,0.206283,0.183191,0.176814,0.192483,0.416089,0.155807,0.207482,0.056871,0.180371,0.163338,0.258033,0.169859
338,1.408333,0.204805,0.328431,0.167429,0.206282,0.183213,0.176880,0.192451,0.416104,0.155844,0.207482,0.056870,0.180374,0.163342,0.258030,0.169845
339,1.412500,0.204820,0.328426,0.167414,0.206268,0.183222,0.176905,0.192407,0.416120,0.155885,0.207484,0.056874,0.180373,0.163294,0.258033,0.169862
340,1.416667,0.204824,0.328419,0.167404,0.206258,0.183221,0.176925,0.192360,0.416128,0.155932,0.207486,0.056871,0.180373,0.163195,0.258061,0.169908
341,1.420833,0.204821,0.328416,0.167400,0.206254,0.183227,0.176936,0.192320,0.416122,0.155970,0.207479,0.056872,0.180376,0.163271,0.258076,0.169891
342,1.425000,0.204813,0.328415,0.167408,0.206256,0.183231,0.176936,0.192283,0.416124,0.156021,0.207484,0.056872,0.180376,0.163266,0.258058,0.169886
343,1.429167,0.204794,0.328412,0.167424,0.206261,0.183229,0.176927,0.192244,0.416117,0.156068,0.207483,0.056872,0.180381,0.163172,0.258060,0.169942
344,1.433333,0.204760,0.328410,0.167448,0.206268,0.183230,0.176909,0.192212,0.416113,0.156123,0.207484,0.056869,0.180380,0.163160,0.258061,0.169959
345,1.437500,0.204718,0.328413,0.167484,0.206288,0.183222,0.176891,0.192179,0.416120,0.156177,0.207481,0.056871,0.180384,0.163155,0.258050,0.169979
346,1.441667,0.204675,0.328416,0.167525,0.206300,0.183219,0.176863,0.192151,0.416119,0.156225,0.207485,0.056870,0.180386,0.163144,0.258032,0.169997
347,1.445833,0.204623,0.328422,0.167574,0.206301,0.183196,0.176800,0.192119,0.416119,0.156273,0.207485,0.056871,0.180383,0.163139,0.258017,0.170007
348,1.450000,0.204564,0.328429,0.167630,0.206316,0.183190,0.176762,0.192091,0.416113,0.156329,0.207482,0.056873,0.180389,0.163136,0.258007,0.170022
349,1.454167,0.204503,0.328443,0.167691,0.206335,0.183190,0.176722,0.192060,0.416112,0.156374,0.207481,0.056874,0.180393,0.163126,0.257996,0.170034
350,1.458333,0.204440,0.328465,0.167748,0.206372,0.183201,0.176687,0.192031,0.416119,0.156418,0.207484,0.056878,0.180393,0.163082,0.258016,0.170101
351,1.462500,0.204379,0.328477,0.167813,0.206393,0.183204,0.176651,0.191993,0.416102,0.156479,0.207485,0.056878,0.180395,0.163074,0.258032,0.170132
352,1.466667,0.204320,0.328480,0.167890,0.206415,0.183202,0.176616,0.191929,0.416083,0.156576,0.207483,0.056879,0.180395,0.163060,0.257987,0.170120
353,1.470833,0.204257,0.328484,0.167963,0.206442,0.183192,0.176568,0.191861,0.416087,0.156681,0.207486,0.056874,0.180394,0.163068,0.257980,0.170134
354,1.475000,0.204195,0.328511,0.168044,0.206461,0.183183,0.176535,0.191771,0.416102,0.156808,0.207483,0.056873,0.180391,0.163054,0.257949,0.170123
355,1.479167,0.204130,0.328530,0.168119,0.206475,0.183175,0.176503,0.191652,0.416127,0.156957,0.207485,0.056874,0.180389,0.163046,0.257924,0.170119
356,1.483333,0.204065,0.328548,0.168212,0.206497,0.183180,0.176470,0.191517,0.416147,0.157133,0.207484,0.056871,0.180387,0.163042,0.257918,0.170123
357,1.487500,0.203998,0.328558,0.168289,0.206513,0.183177,0.176445,0.191385,0.416164,0.157312,0.207480,0.056870,0.180388,0.163031,0.257917,0.170138
358,1.491667,0.203944,0.328572,0.168364,0.206526,0.183177,0.176418,0.191231,0.416194,0.157521,0.207481,0.056872,0.180385,0.163038,0.257854,0.170106
359,1.495833,0.203895,0.328592,0.168442,0.206538,0.183162,0.176388,0.191023,0.416213,0.157750,0.207483,0.056870,0.180384,0.163034,0.257801,0.170075
360,1.500000,0.203848,0.328600,0.168516,0.206547,0.183162,0.176376,0.190844,0.416241,0.157965,0.207480,0.056873,0.180386,0.163027,0.257785,0.170074
361,1.504167,0.203807,0.328612,0.168586,0.206547,0.183162,0.176370,0.190650,0.416275,0.158212,0.207482,0.056875,0.180382,0.162997,0.257870,0.170143
362,1.508333,0.203767,0.328623,0.168647,0.206550,0.183159,0.176367,0.190467,0.416305,0.158432,0.207477,0.056877,0.180381,0.162881,0.257797,0.170113
363,1.512500,0.203730,0.328636,0.168705,0.206544,0.183161,0.176370,0.190256,0.416341,0.158666,0.207481,0.056873,0.180380,0.162885,0.257756,0.170093
364,1.516667,0.203690,0.328649,0.168765,0.206536,0.183162,0.176375,0.190068,0.416369,0.158895,0.207483,0.056873,0.180382,0.162881,0.257742,0.170089
365,1.520833,0.203654,0.328665,0.168810,0.206529,0.183161,0.176380,0.189905,0.416384,0.159091,0.207480,0.056875,0.180383,0.162870,0.257741,0.170108
366,1.525000,0.203615,0.328678,0.168856,0.206513,0.183175,0.176402,0.189718,0.416404,0.159304,0.207481,0.056872,0.180383,0.162866,0.257746,0.170133
367,1.529167,0.203575,0.328687,0.168891,0.206493,0.183171,0.176423,0.189552,0.416422,0.159498,0.207480,0.056873,0.180381,0.162846,0.257742,0.170157
368,1.533333,0.203536,0.328694,0.168920,0.206469,0.183167,0.176437,0.189404,0.416447,0.159682,0.207482,0.056871,0.180382,0.162833,0.257733,0.170180
369,1.537500,0.203500,0.328701,0.168954,0.206449,0.183164,0.176454,0.189282,0.416455,0.159842,0.207480,0.056871,0.180383,0.162829,0.257723,0.170209
370,1.541667,0.203459,0.328709,0.168987,0.206435,0.183163,0.176476,0.189169,0.416476,0.159977,0.207478,0.056869,0.180387,0.162818,0.257712,0.170245
371,1.545833,0.203413,0.328709,0.169024,0.206408,0.183162,0.176508,0.189069,0.416473,0.160102,0.207478,0.056872,0.180390,0.162805,0.257708,0.170275
372,1.550000,0.203367,0.328703,0.169066,0.206389,0.183159,0.176530,0.188961,0.416479,0.160225,0.207481,0.056871,0.180392,0.162789,0.257696,0.170315
373,1.554167,0.203320,0.328703,0.169111,0.206369,0.183159,0.176556,0.188888,0.416480,0.160313,0.207479,0.056871,0.180397,0.162768,0.257683,0.170355
374,1.558333,0.203256,0.328687,0.169163,0.206350,0.183158,0.176584,0.188836,0.416477,0.160368,0.207478,0.056873,0.180397,0.162704,0.257706,0.170456
375,1.562500,0.203202,0.328682,0.169215,0.206317,0.183149,0.176614,0.188796,0.416471,0.160404,0.207483,0.056872,0.180397,0.162666,0.257737,0.170533
376,1.566667,0.203154,0.328677,0.169268,0.206299,0.183152,0.176646,0.188772,0.416458,0.160424,0.207484,0.056871,0.180400,0.162642,0.257739,0.170588
377,1.570833,0.203106,0.328670,0.169324,0.206281,0.183168,0.176688,0.188759,0.416442,0.160424,0.207482,0.056872,0.180404,0.162579,0.257749,0.170685
378,1.575000,0.203058,0.328661,0.169377,0.206262,0.183174,0.176725,0.188757,0.416425,0.160407,0.207482,0.056870,0.180403,0.162535,0.257771,0.170758
379,1.579167,0.203015,0.328652,0.169431,0.206246,0.183179,0.176768,0.188770,0.416408,0.160376,0.207481,0.056871,0.180405,0.162529,0.257720,0.170786
380,1.583333,0.202973,0.328639,0.169487,0.206216,0.183194,0.176804,0.188790,0.416384,0.160327,0.207484,0.056869,0.180406,0.162448,0.257689,0.170848
381,1.587500,0.202943,0.328616,0.169560,0.206194,0.183217,0.176865,0.188823,0.416357,0.160269,0.207484,0.056870,0.180406,0.162226,0.257609,0.170892
382,1.591667,0.202893,0.328595,0.169640,0.206170,0.183227,0.176906,0.188862,0.416325,0.160199,0.207484,0.056870,0.180404,0.162196,0.257597,0.170944
383,1.595833,0.202852,0.328574,0.169707,0.206166,0.183238,0.176953,0.188933,0.416284,0.160096,0.207486,0.056867,0.180404,0.162159,0.257587,0.171009
384,1.600000,0.202809,0.328548,0.169774,0.206148,0.183246,0.176994,0.189001,0.416239,0.159981,0.207486,0.056869,0.180404,0.162084,0.257612,0.171129
385,1.604167,0.202768,0.328515,0.169841,0.206124,0.183250,0.177028,0.189074,0.416166,0.159849,0.207485,0.056868,0.180404,0.162032,0.257636,0.171225
386,1.608333,0.202727,0.328477,0.169901,0.206106,0.183252,0.177065,0.189146,0.416112,0.159714,0.207486,0.056866,0.180401,0.161989,0.257631,0.171310
387,1.612500,0.202686,0.328428,0.169968,0.206089,0.183253,0.177098,0.189221,0.416051,0.159583,0.207484,0.056870,0.180399,0.161991,0.257617,0.171373
388,1.616667,0.202651,0.328400,0.170038,0.206062,0.183247,0.177137,0.189308,0.415972,0.159436,0.207489,0.056865,0.180398,0.161963,0.257585,0.171435
389,1.620833,0.202595,0.328318,0.170075,0.206041,0.183238,0.177180,0.189395,0.415879,0.159276,0.207485,0.056867,0.180396,0.161940,0.257551,0.171503
390,1.625000,0.202556,0.328229,0.170121,0.206021,0.183229,0.177214,0.189490,0.415767,0.159111,0.207488,0.056865,0.180397,0.161946,0.257465,0.171548
391,1.629167,0.202519,0.328123,0.170164,0.205998,0.183206,0.177250,0.189576,0.415617,0.158927,0.207490,0.056866,0.180397,0.161802,0.257338,0.171581
392,1.633333,0.202487,0.327997,0.170204,0.205967,0.183181,0.177277,0.189692,0.415469,0.158728,0.207489,0.056867,0.180395,0.161746,0.257325,0.171694
393,1.637500,0.202473,0.327848,0.170230,0.205950,0.183149,0.177312,0.189814,0.415294,0.158541,0.207489,0.056866,0.180397,0.161706,0.257292,0.171802
394,1.641667,0.202463,0.327683,0.170240,0.205934,0.183114,0.177346,0.189936,0.415113,0.158329,0.207488,0.056868,0.180391,0.161533,0.257174,0.171923
395,1.645833,0.202474,0.327558,0.170244,0.205909,0.183078,0.177383,0.190108,0.414988,0.158053,0.207489,0.056870,0.180392,0.161543,0.257183,0.172103
396,1.650000,0.202480,0.327453,0.170242,0.205894,0.183049,0.177418,0.190302,0.414813,0.157720,0.207493,0.056868,0.180390,0.161493,0.257177,0.172236
397,1.654167,0.202481,0.327305,0.170246,0.205880,0.183039,0.177447,0.190482,0.414609,0.157406,0.207490,0.056868,0.180389,0.161433,0.257147,0.172363
398,1.658333,0.202500,0.327151,0.170234,0.205868,0.183015,0.177481,0.190678,0.414407,0.157021,0.207493,0.056869,0.180392,0.161371,0.257047,0.172433
399,1.662500,0.202532,0.327017,0.170210,0.205851,0.183013,0.177517,0.190907,0.414235,0.156612,0.207495,0.056867,0.180394,0.161365,0.256977,0.172476
400,1.666667,0.202562,0.326888,0.170172,0.205839,0.182992,0.177558,0.191197,0.414038,0.156148,0.207500,0.056865,0.180393,0.161350,0.256913,0.172535
401,1.670833,0.202597,0.326737,0.170123,0.205813,0.182956,0.177610,0.191473,0.413807,0.155657,0.207502,0.056864,0.180395,0.161378,0.256813,0.172552
402,1.675000,0.202650,0.326575,0.170071,0.205801,0.182940,0.177656,0.191774,0.413591,0.155128,0.207504,0.056864,0.180396,0.161357,0.256779,0.172629
403,1.679167,0.202710,0.326425,0.169993,0.205790,0.182909,0.177702,0.192117,0.413357,0.154531,0.207505,0.056862,0.180402,0.161363,0.256686,0.172683
404,1.683333,0.202794,0.326308,0.169895,0.205780,0.182888,0.177750,0.192519,0.413119,0.153877,0.207507,0.056860,0.180402,0.161383,0.256613,0.172704
405,1.687500,0.202883,0.326204,0.169782,0.205766,0.182869,0.177795,0.192947,0.412907,0.153156,0.207510,0.056861,0.180403,0.161375,0.256575,0.172761
406,1.691667,0.202979,0.326106,0.169664,0.205755,0.182882,0.177864,0.193403,0.412712,0.152403,0.207514,0.056859,0.180410,0.161327,0.256635,0.172857
407,1.695833,0.203072,0.326019,0.169529,0.205751,0.182892,0.177914,0.193867,0.412454,0.151595,0.207520,0.056860,0.180415,0.161295,0.256692,0.172940
408,1.700000,0.203181,0.325919,0.169370,0.205740,0.182904,0.177968,0.194347,0.412225,0.150784,0.207520,0.056860,0.180414,0.161327,0.256663,0.172930
409,1.704167,0.203307,0.325802,0.169206,0.205731,0.182906,0.178026,0.194846,0.411955,0.149963,0.207527,0.056862,0.180419,0.161397,0.256672,0.172902
410,1.708333,0.203445,0.325679,0.169039,0.205721,0.182896,0.178086,0.195336,0.411655,0.149144,0.207531,0.056861,0.180425,0.161382,0.256629,0.172890
411,1.712500,0.203599,0.325514,0.168827,0.205722,0.182861,0.178150,0.195859,0.411355,0.148362,0.207533,0.056861,0.180426,0.161421,0.256588,0.172867
412,1.716667,0.203769,0.325315,0.168617,0.205720,0.182819,0.178209,0.196354,0.410993,0.147540,0.207539,0.056858,0.180431,0.161453,0.256528,0.172847
413,1.720833,0.203947,0.325090,0.168371,0.205711,0.182747,0.178263,0.196833,0.410631,0.146736,0.207543,0.056856,0.180431,0.161534,0.256441,0.172770
414,1.725000,0.204143,0.324883,0.168102,0.205711,0.182685,0.178314,0.197344,0.410267,0.145879,0.207547,0.056856,0.180434,0.161587,0.256339,0.172700
415,1.729167,0.204368,0.324676,0.167779,0.205722,0.182637,0.178361,0.197871,0.409970,0.145035,0.207553,0.056856,0.180438,0.161689,0.256319,0.172703
416,1.733333,0.204604,0.324483,0.167462,0.205729,0.182598,0.178413,0.198423,0.409650,0.144141,0.207559,0.056857,0.180441,0.161733,0.256323,0.172696
417,1.737500,0.204844,0.324318,0.167115,0.205740,0.182581,0.178448,0.198951,0.409303,0.143217,0.207564,0.056856,0.180440,0.161789,0.256352,0.172682
418,1.741667,0.205103,0.324138,0.166746,0.205766,0.182574,0.178492,0.199502,0.409010,0.142315,0.207562,0.056856,0.180443,0.161851,0.256358,0.172634
419,1.745833,0.205378,0.323966,0.166366,0.205783,0.182570,0.178524,0.200064,0.408678,0.141398,0.207572,0.056856,0.180443,0.161947,0.256364,0.172547
420,1.750000,0.205663,0.323793,0.165972,0.205802,0.182548,0.178558,0.200669,0.408332,0.140431,0.207575,0.056857,0.180444,0.162023,0.256385,0.172473
421,1.754167,0.205974,0.323638,0.165549,0.205821,0.182515,0.178583,0.201298,0.408010,0.139481,0.207573,0.056858,0.180446,0.162146,0.256376,0.172311
422,1.758333,0.206262,0.323453,0.165119,0.205847,0.182476,0.178602,0.201941,0.407642,0.138471,0.207581,0.056854,0.180446,0.162398,0.256388,0.172158
423,1.762500,0.206590,0.323300,0.164664,0.205877,0.182442,0.178606,0.202598,0.407301,0.137439,0.207576,0.056856,0.180443,0.162527,0.256384,0.172005
424,1.766667,0.206921,0.323147,0.164196,0.205906,0.182421,0.178588,0.203306,0.406957,0.136337,0.207587,0.056855,0.180444,0.162619,0.256402,0.171887
425,1.770833,0.207263,0.323028,0.163733,0.205941,0.182414,0.178559,0.204030,0.406586,0.135191,0.207596,0.056853,0.180444,0.162728,0.256430,0.171711
426,1.775000,0.207602,0.322915,0.163245,0.205994,0.182414,0.178520,0.204762,0.406218,0.134059,0.207600,0.056851,0.180445,0.163010,0.256390,0.171375
427,1.779167,0.207958,0.322805,0.162746,0.206051,0.182409,0.178462,0.205497,0.405839,0.132891,0.207609,0.056850,0.180445,0.163247,0.256516,0.171241
428,1.783333,0.208328,0.322715,0.162261,0.206118,0.182399,0.178406,0.206235,0.405496,0.131755,0.207594,0.056854,0.180444,0.163340,0.256661,0.171097
429,1.787500,0.208684,0.322627,0.161768,0.206181,0.182369,0.178326,0.206970,0.405131,0.130649,0.207588,0.056852,0.180443,0.163545,0.256684,0.170809
430,1.791667,0.209050,0.322519,0.161263,0.206246,0.182345,0.178261,0.207678,0.404778,0.129562,0.207598,0.056853,0.180442,0.163749,0.256707,0.170492
431,1.795833,0.209343,0.322519,0.160766,0.206324,0.182313,0.178174,0.208376,0.404436,0.128494,0.207602,0.056852,0.180445,0.164026,0.256645,0.170080
432,1.800000,0.209714,0.322428,0.160270,0.206425,0.182297,0.178080,0.209050,0.404108,0.127504,0.207612,0.056851,0.180449,0.164158,0.256733,0.169672
433,1.804167,0.210117,0.322311,0.159766,0.206530,0.182254,0.177962,0.209715,0.403760,0.126507,0.207596,0.056851,0.180441,0.164548,0.256740,0.169458
434,1.808333,0.210522,0.322179,0.159292,0.206616,0.182180,0.177827,0.210339,0.403448,0.125611,0.207605,0.056852,0.180449,0.164109,0.257757,0.169977
435,1.812500,0.210953,0.322065,0.158789,0.206734,0.182112,0.177665,0.210968,0.403164,0.124728,0.207449,0.056864,0.180401,0.164185,0.257661,0.169467
436,1.816667,0.211335,0.321924,0.158257,0.206835,0.182057,0.177515,0.211535,0.402916,0.123916,0.207491,0.056862,0.180417,0.165029,0.257184,0.168482
437,1.820833,0.211749,0.321767,0.157738,0.206947,0.181995,0.177353,0.212076,0.402683,0.123158,0.207567,0.056853,0.180445,0.165542,0.256827,0.167871
438,1.825000,0.212238,0.321467,0.157234,0.207085,0.181938,0.177162,0.212595,0.402469,0.122508,0.207628,0.056847,0.180464,0.166005,0.256665,0.167316
439,1.829167,0.212689,0.321293,0.156712,0.207237,0.181873,0.176993,0.213106,0.402265,0.121875,0.207618,0.056847,0.180466,0.166270,0.256691,0.167002
440,1.833333,0.213107,0.321111,0.156153,0.207389,0.181787,0.176776,0.213620,0.402125,0.121315,0.207596,0.056852,0.180460,0.166288,0.256631,0.166521
441,1.837500,0.213522,0.320911,0.155590,0.207521,0.181711,0.176570,0.214131,0.401973,0.120740,0.207611,0.056851,0.180462,0.166728,0.256538,0.166041
442,1.841667,0.213960,0.320730,0.155024,0.207663,0.181625,0.176329,0.214612,0.401808,0.120169,0.207619,0.056852,0.180467,0.166917,0.256570,0.165685
443,1.845833,0.214383,0.320579,0.154428,0.207816,0.181541,0.176094,0.215121,0.401724,0.119630,0.207602,0.056853,0.180468,0.167297,0.256388,0.165079
444,1.850000,0.214818,0.320458,0.153832,0.207988,0.181521,0.175832,0.215647,0.401652,0.119075,0.207641,0.056850,0.180472,0.167682,0.256464,0.164770
445,1.854167,0.215245,0.320358,0.153235,0.208166,0.181496,0.175575,0.216185,0.401548,0.118489,0.207623,0.056849,0.180467,0.168035,0.256480,0.164269
446,1.858333,0.215665,0.320257,0.152647,0.208314,0.181487,0.175334,0.216757,0.401464,0.117907,0.207619,0.056850,0.180463,0.168212,0.256688,0.163991
447,1.862500,0.216088,0.320193,0.152061,0.208462,0.181468,0.175084,0.217330,0.401372,0.117306,0.207587,0.056857,0.180457,0.168263,0.257269,0.164384
448,1.866667,0.216498,0.320124,0.151469,0.208633,0.181416,0.174824,0.217920,0.401264,0.116726,0.207506,0.056861,0.180428,0.168109,0.257534,0.163789
449,1.870833,0.216908,0.320034,0.150901,0.208777,0.181376,0.174578,0.218534,0.401141,0.116139,0.207514,0.056860,0.180426,0.168631,0.257282,0.162870
450,1.875000,0.217306,0.319943,0.150349,0.208931,0.181328,0.174326,0.219140,0.400992,0.115523,0.207531,0.056859,0.180431,0.169345,0.256832,0.162519
451,1.879167,0.217722,0.319840,0.149818,0.209064,0.181277,0.174102,0.219747,0.400856,0.114904,0.207652,0.056847,0.180464,0.169747,0.256786,0.161662
452,1.883333,0.218115,0.319764,0.149288,0.209213,0.181227,0.173905,0.220334,0.400683,0.114275,0.207601,0.056853,0.180447,0.169599,0.257673,0.161989
453,1.887500,0.218495,0.319655,0.148772,0.209398,0.181175,0.173670,0.220918,0.400529,0.113732,0.207478,0.056862,0.180404,0.169677,0.257556,0.161369
454,1.891667,0.218871,0.319526,0.148299,0.209525,0.181086,0.173465,0.221458,0.400358,0.113115,0.207535,0.056860,0.180415,0.170508,0.257001,0.160348
455,1.895833,0.219259,0.319412,0.147838,0.209651,0.181011,0.173249,0.221995,0.400188,0.112494,0.207581,0.056855,0.180426,0.170783,0.256813,0.160142
456,1.900000,0.219632,0.319301,0.147383,0.209748,0.180954,0.173054,0.222552,0.400013,0.111875,0.207629,0.056851,0.180435,0.170621,0.257516,0.160149
457,1.904167,0.219976,0.319181,0.146929,0.209898,0.180914,0.172903,0.223088,0.399819,0.111254,0.207512,0.056859,0.180403,0.170740,0.257409,0.159634
458,1.908333,0.220336,0.319063,0.146507,0.210012,0.180854,0.172697,0.223612,0.399610,0.110646,0.207556,0.056859,0.180410,0.171443,0.256963,0.158698
459,1.912500,0.220693,0.318927,0.146077,0.210151,0.180818,0.172532,0.224146,0.399395,0.110051,0.207569,0.056856,0.180412,0.171425,0.257453,0.158898
460,1.916667,0.221028,0.318806,0.145652,0.210263,0.180767,0.172366,0.224674,0.399164,0.109406,0.207543,0.056859,0.180401,0.171827,0.257134,0.158407
461,1.920833,0.221370,0.318656,0.145231,0.210349,0.180714,0.172211,0.225219,0.398943,0.108802,0.207573,0.056855,0.180409,0.172236,0.256711,0.157473
462,1.925000,0.221701,0.318525,0.144813,0.210347,0.180572,0.172083,0.225747,0.398696,0.108200,0.207609,0.056852,0.180420,0.172704,0.256321,0.156751
463,1.929167,0.222016,0.318383,0.144403,0.210409,0.180525,0.171931,0.226283,0.398460,0.107633,0.207650,0.056850,0.180423,0.172819,0.256347,0.156528
464,1.933333,0.222301,0.318243,0.143990,0.210488,0.180483,0.171811,0.226795,0.398210,0.107022,0.207630,0.056853,0.180418,0.172951,0.256632,0.156507
465,1.937500,0.222586,0.318093,0.143569,0.210572,0.180447,0.171700,0.227323,0.397957,0.106456,0.207565,0.056861,0.180402,0.172897,0.257111,0.156956
466,1.941667,0.222847,0.317937,0.143179,0.210647,0.180399,0.171622,0.227830,0.397681,0.105869,0.207570,0.056863,0.180407,0.172781,0.257287,0.156674
467,1.945833,0.223120,0.317801,0.142812,0.210726,0.180366,0.171516,0.228321,0.397403,0.105310,0.207580,0.056860,0.180407,0.173175,0.256923,0.156032
468,1.950000,0.223378,0.317635,0.142441,0.210762,0.180329,0.171400,0.228806,0.397125,0.104733,0.207588,0.056861,0.180412,0.173460,0.256493,0.155836
469,1.954167,0.223628,0.317480,0.142107,0.210796,0.180286,0.171309,0.229278,0.396856,0.104163,0.207652,0.056852,0.180428,0.173821,0.256488,0.155345
470,1.958333,0.223853,0.317353,0.141792,0.210850,0.180257,0.171256,0.229718,0.396566,0.103616,0.207598,0.056856,0.180413,0.173810,0.256579,0.155232
471,1.962500,0.224078,0.317210,0.141468,0.210882,0.180227,0.171209,0.230155,0.396281,0.103047,0.207594,0.056860,0.180416,0.173807,0.256516,0.154983
472,1.966667,0.224277,0.317062,0.141181,0.210888,0.180179,0.171164,0.230544,0.396002,0.102533,0.207620,0.056854,0.180420,0.173863,0.256876,0.155400
473,1.970833,0.224465,0.316928,0.140910,0.210907,0.180155,0.171144,0.230903,0.395714,0.102019,0.207606,0.056855,0.180418,0.173802,0.257123,0.155300
474,1.975000,0.224670,0.316798,0.140639,0.210930,0.180111,0.171212,0.231256,0.395463,0.101539,0.207593,0.056855,0.180412,0.173771,0.257065,0.155118
475,1.979167,0.224842,0.316649,0.140410,0.210918,0.180099,0.171182,0.231569,0.395201,0.101097,0.207618,0.056854,0.180415,0.173873,0.257046,0.154993
476,1.983333,0.225002,0.316521,0.140175,0.210924,0.180088,0.171203,0.231858,0.394950,0.100655,0.207611,0.056858,0.180417,0.174259,0.256603,0.154410
477,1.987500,0.225162,0.316387,0.139974,0.210944,0.180071,0.171265,0.232116,0.394721,0.100250,0.207614,0.056857,0.180419,0.174121,0.257053,0.154803
478,1.991667,0.225301,0.316286,0.139780,0.210955,0.180065,0.171304,0.232363,0.394479,0.099823,0.207603,0.056859,0.180415,0.174134,0.257025,0.154689
479,1.995833,0.225436,0.316163,0.139593,0.210951,0.180066,0.171338,0.232601,0.394279,0.099413,0.207613,0.056855,0.180419,0.174365,0.256827,0.154738
480,2.000000,0.225557,0.316059,0.139445,0.210946,0.180073,0.171371,0.232777,0.394056,0.099061,0.207634,0.056851,0.180426,0.174399,0.256823,0.154710
481,2.004167,0.225647,0.315974,0.139309,0.210947,0.180107,0.171414,0.232960,0.393849,0.098673,0.207625,0.056853,0.180422,0.174257,0.257036,0.154563
482,2.008333,0.225720,0.315897,0.139184,0.210940,0.180116,0.171453,0.233139,0.393652,0.098328,0.207605,0.056853,0.180415,0.174319,0.257422,0.154265
483,2.012500,0.225783,0.315833,0.139061,0.210930,0.180127,0.171494,0.233294,0.393439,0.097965,0.207558,0.056857,0.180400,0.174392,0.256903,0.154678
484,2.016667,0.225843,0.315759,0.138986,0.210903,0.180134,0.171519,0.233434,0.393239,0.097645,0.207655,0.056848,0.180428,0.174733,0.256331,0.153858
485,2.020833,0.225875,0.315706,0.138921,0.210888,0.180148,0.171563,0.233568,0.393038,0.097363,0.207642,0.056848,0.180424,0.174327,0.257090,0.154664
486,2.025000,0.225869,0.315667,0.138857,0.210868,0.180160,0.171608,0.233676,0.392833,0.097085,0.207607,0.056853,0.180414,0.174411,0.256904,0.154811
487,2.029167,0.225866,0.315623,0.138827,0.210847,0.180167,0.171651,0.233783,0.392660,0.096849,0.207638,0.056851,0.180423,0.174238,0.257104,0.154771
488,2.033333,0.225840,0.315595,0.138814,0.210827,0.180175,0.171701,0.233865,0.392489,0.096635,0.207616,0.056856,0.180421,0.174172,0.257117,0.154861
489,2.037500,0.225804,0.315565,0.138831,0.210784,0.180169,0.171748,0.233911,0.392331,0.096440,0.207625,0.056855,0.180423,0.174151,0.257131,0.154962
490,2.041667,0.225744,0.315544,0.138874,0.210749,0.180173,0.171806,0.233892,0.392186,0.096316,0.207625,0.056853,0.180423,0.174170,0.257156,0.155128
491,2.045833,0.225678,0.315542,0.138944,0.210723,0.180177,0.171853,0.233868,0.392075,0.096236,0.207617,0.056854,0.180425,0.174109,0.257160,0.155255
492,2.050000,0.225587,0.315550,0.139033,0.210695,0.180184,0.171900,0.233796,0.391986,0.096166,0.207618,0.056854,0.180425,0.174162,0.256921,0.155459
493,2.054167,0.225497,0.315568,0.139155,0.210655,0.180188,0.171938,0.233685,0.391909,0.096163,0.207644,0.056851,0.180434,0.174132,0.256898,0.155563
494,2.058333,0.225387,0.315604,0.139299,0.210637,0.180200,0.172005,0.233530,0.391879,0.096194,0.207631,0.056849,0.180432,0.173833,0.257144,0.155650
495,2.062500,0.225252,0.315641,0.139469,0.210611,0.180220,0.172057,0.233345,0.391888,0.096287,0.207614,0.056854,0.180424,0.174033,0.256677,0.155248
496,2.066667,0.225133,0.315690,0.139654,0.210584,0.180236,0.172115,0.233140,0.391919,0.096407,0.207621,0.056852,0.180431,0.173977,0.256553,0.155408
497,2.070833,0.224996,0.315755,0.139847,0.210549,0.180252,0.172174,0.232886,0.392002,0.096597,0.207634,0.056852,0.180440,0.173939,0.256565,0.155556
498,2.075000,0.224844,0.315811,0.140063,0.210507,0.180280,0.172238,0.232608,0.392100,0.096805,0.207625,0.056851,0.180437,0.173852,0.256541,0.155715
499,2.079167,0.224676,0.315884,0.140300,0.210471,0.180298,0.172305,0.232288,0.392251,0.097128,0.207625,0.056853,0.180439,0.173739,0.256451,0.155793
500,2.083333,0.224504,0.315951,0.140529,0.210424,0.180316,0.172370,0.231925,0.392390,0.097446,0.207646,0.056849,0.180448,0.173253,0.257184,0.156656
501,2.087500,0.224306,0.316034,0.140775,0.210395,0.180346,0.172454,0.231560,0.392572,0.097823,0.207594,0.056856,0.180439,0.173315,0.256983,0.156868
502,2.091667,0.224119,0.316107,0.141028,0.210424,0.180440,0.172483,0.231163,0.392796,0.098247,0.207618,0.056854,0.180448,0.173241,0.256918,0.156963
503,2.095833,0.223904,0.316217,0.141312,0.210386,0.180455,0.172556,0.230739,0.393015,0.098686,0.207604,0.056852,0.180446,0.172844,0.257174,0.157152
504,2.100000,0.223686,0.316324,0.141590,0.210334,0.180476,0.172612,0.230315,0.393271,0.099189,0.207591,0.056852,0.180443,0.172690,0.257169,0.157338
505,2.104167,0.223456,0.316420,0.141885,0.210287,0.180490,0.172673,0.229900,0.393546,0.099736,0.207594,0.056851,0.180448,0.172879,0.256610,0.157403
506,2.108333,0.223242,0.316515,0.142205,0.210230,0.180496,0.172746,0.229431,0.393798,0.100300,0.207655,0.056844,0.180463,0.173013,0.256319,0.157036
507,2.112500,0.222970,0.316612,0.142521,0.210190,0.180527,0.172816,0.228956,0.394079,0.100869,0.207652,0.056846,0.180466,0.172913,0.256272,0.157196
508,2.116667,0.222716,0.316748,0.142848,0.210112,0.180537,0.172887,0.228470,0.394393,0.101526,0.207649,0.056846,0.180465,0.172264,0.257195,0.158279
509,2.120833,0.222422,0.316870,0.143180,0.210126,0.180503,0.172990,0.228000,0.394695,0.102168,0.207532,0.056859,0.180434,0.172030,0.257601,0.158038
510,2.125000,0.222150,0.317001,0.143521,0.210010,0.180568,0.173036,0.227516,0.394988,0.102821,0.207530,0.056860,0.180433,0.172671,0.258651,0.156006
511,2.129167,0.221901,0.317129,0.143905,0.209922,0.180595,0.173094,,,,0.207474,0.056865,0.180417,0.173122,0.258590,0.155331
512,2.133333,0.221639,0.317226,0.144314,0.209887,0.180621,0.173185,0.226515,0.395589,0.104192,0.207690,0.056863,0.180452,0.172989,0.258456,0.155374
513,2.137500,0.221180,0.317456,0.144622,0.209840,0.180635,0.173275,0.225993,0.395901,0.104893,0.207557,0.056854,0.180447,0.172834,0.258330,0.155606
514,2.141667,0.220907,0.317621,0.145025,0.209769,0.180654,0.173343,0.225511,0.396212,0.105590,0.207478,0.056864,0.180412,0.172699,0.258325,0.155725
515,2.145833,0.220614,0.317738,0.145438,0.209703,0.180672,0.173420,0.224980,0.396491,0.106323,0.207472,0.056861,0.180414,0.171735,0.258591,0.157128
516,2.150000,0.220297,0.317875,0.145863,0.209625,0.180698,0.173496,0.224484,0.396790,0.107049,0.207495,0.056862,0.180419,0.171575,0.258590,0.157334
517,2.154167,0.219980,0.318001,0.146289,0.209562,0.180736,0.173604,0.223975,0.397061,0.107754,0.207483,0.056863,0.180414,0.172007,0.258493,0.156684
518,2.158333,0.219680,0.318135,0.146727,0.209498,0.180756,0.173697,0.223462,0.397334,0.108447,0.207463,0.056863,0.180402,0.171918,0.258425,0.156977
519,2.162500,0.219349,0.318259,0.147156,0.209417,0.180781,0.173787,0.222947,0.397609,0.109172,0.207463,0.056867,0.180403,0.171796,0.258415,0.157103
520,2.166667,0.219033,0.318369,0.147610,0.209338,0.180803,0.173881,0.222440,0.397851,0.109852,0.207463,0.056865,0.180403,0.171513,0.258321,0.157238
521,2.170833,0.218713,0.318496,0.148060,0.209263,0.180835,0.173978,0.221963,0.398075,0.110527,0.207460,0.056862,0.180398,0.171288,0.258343,0.157650
522,2.175000,0.218411,0.318603,0.148496,0.209181,0.180860,0.174070,0.221458,0.398310,0.111185,0.207463,0.056861,0.180395,0.171096,0.258369,0.157872
523,2.179167,0.218098,0.318722,0.148938,0.209113,0.180910,0.174189,0.220989,0.398522,0.111839,0.207460,0.056864,0.180392,0.170798,0.258338,0.158265
524,2.183333,0.217768,0.318810,0.149372,0.209025,0.180944,0.174269,0.220528,0.398739,0.112486,0.207461,0.056863,0.180391,0.170591,0.258308,0.158403
525,2.187500,0.217446,0.318921,0.149806,0.208930,0.180952,0.174370,0.220077,0.398922,0.113102,0.207458,0.056864,0.180389,0.170312,0.258309,0.158877
526,2.191667,0.217141,0.319009,0.150212,0.208851,0.180980,0.174467,0.219654,0.399085,0.113713,0.207459,0.056865,0.180388,0.170153,0.258334,0.159022
527,2.195833,0.216821,0.319111,0.150650,0.208771,0.181012,0.174567,0.219256,0.399276,0.114333,0.207459,0.056866,0.180389,0.169889,0.258272,0.159432
528,2.200000,0.216515,0.319200,0.151069,0.208685,0.181057,0.174693,0.218858,0.399416,0.114904,0.207456,0.056863,0.180389,0.169653,0.258238,0.159672
529,2.204167,0.216217,0.319301,0.151469,0.208588,0.181083,0.174796,0.218485,0.399574,0.115489,0.207452,0.056866,0.180386,0.169469,0.258283,0.160034
530,2.208333,0.215917,0.319370,0.151884,0.208486,0.181116,0.174908,0.218103,0.399698,0.116037,0.207452,0.056866,0.180388,0.169227,0.258286,0.160376
531,2.212500,0.215622,0.319436,0.152268,0.208395,0.181146,0.175020,0.217756,0.399832,0.116566,0.207450,0.056867,0.180388,0.169038,0.258276,0.160694
532,2.216667,0.215338,0.319526,0.152670,0.208299,0.181175,0.175132,0.217422,0.399932,0.117051,0.207450,0.056868,0.180390,0.168864,0.258304,0.160896
533,2.220833,0.215064,0.319587,0.153047,0.208212,0.181216,0.175264,0.217091,0.400038,0.117526,0.207451,0.056869,0.180390,0.168631,0.258302,0.161293
534,2.225000,0.214798,0.319657,0.153424,0.208112,0.181245,0.175382,0.216782,0.400125,0.118011,0.207450,0.056869,0.180389,0.168393,0.258236,0.161522
535,2.229167,0.214525,0.319702,0.153775,0.208031,0.181287,0.175505,0.216479,0.400217,0.118431,0.207450,0.056869,0.180387,0.168147,0.258252,0.162004
536,2.233333,0.214266,0.319763,0.154129,0.207932,0.181320,0.175639,0.216176,0.400285,0.118845,0.207455,0.056867,0.180390,0.167979,0.258231,0.162093
537,2.237500,0.214035,0.319816,0.154459,0.207824,0.181331,0.175753,0.215889,0.400353,0.119236,0.207451,0.056869,0.180390,0.167774,0.258267,0.162348
538,2.241667,0.213787,0.319865,0.154797,0.207721,0.181378,0.175911,0.215621,0.400411,0.119586,0.207451,0.056868,0.180385,0.167567,0.258262,0.162751
539,2.245833,0.213565,0.319898,0.155111,0.207639,0.181417,0.176021,0.215365,0.400450,0.119931,0.207451,0.056865,0.180387,0.167455,0.258279,0.163022
540,2.250000,0.213353,0.319943,0.155411,0.207560,0.181446,0.176132,0.215143,0.400484,0.120219,0.207448,0.056865,0.180388,0.166731,0.258576,0.163585
541,2.254167,0.213147,0.319986,0.155716,0.207455,0.181475,0.176251,0.214922,0.400497,0.120489,0.207458,0.056868,0.180394,0.166861,0.258467,0.163612
542,2.258333,0.212956,0.320007,0.155981,0.207381,0.181505,0.176394,0.214699,0.400515,0.120776,0.207448,0.056869,0.180392,0.166875,0.258264,0.163703
543,2.262500,0.212765,0.320027,0.156250,0.207313,0.181537,0.176506,0.214517,0.400519,0.120987,0.207441,0.056867,0.180386,0.166743,0.258265,0.163901
544,2.266667,0.212593,0.320047,0.156504,0.207243,0.181563,0.176608,0.214351,0.400513,0.121181,0.207443,0.056869,0.180387,0.165857,0.258302,0.164482
545,2.270833,0.212417,0.320069,0.156727,0.207134,0.181576,0.176723,0.214179,0.400516,0.121408,0.207452,0.056867,0.180384,0.165836,0.258538,0.164659
546,2.275000,0.212261,0.320090,0.156947,0.207057,0.181595,0.176812,0.214042,0.400510,0.121548,0.207453,0.056868,0.180384,0.166201,0.258347,0.164530
547,2.279167,0.212123,0.320098,0.157149,0.206990,0.181646,0.176952,0.213920,0.400491,0.121700,0.207443,0.056869,0.180381,0.165650,0.258553,0.164997
548,2.283333,0.211987,0.320108,0.157337,0.206914,0.181660,0.177026,0.213818,0.400461,0.121829,0.207455,0.056866,0.180382,0.165528,0.258557,0.165169
549,2.287500,0.211858,0.320119,0.157508,0.206864,0.181671,0.177109,0.213721,0.400421,0.121931,0.207452,0.056863,0.180381,0.165449,0.258561,0.165311
550,2.291667,0.211740,0.320124,0.157669,0.206821,0.181683,0.177181,0.213632,0.400384,0.122030,0.207452,0.056863,0.180382,0.165368,0.258558,0.165458
551,2.295833,0.211645,0.320133,0.157811,0.206790,0.181704,0.177251,0.213573,0.400339,0.122109,0.207451,0.056862,0.180381,0.165293,0.258559,0.165597
552,2.300000,0.211554,0.320138,0.157935,0.206756,0.181713,0.177316,0.213511,0.400298,0.122166,0.207451,0.056865,0.180379,0.165229,0.258595,0.165822
553,2.304167,0.211461,0.320137,0.158041,0.206721,0.181722,0.177364,0.213473,0.400252,0.122207,0.207450,0.056866,0.180381,0.165156,0.258599,0.165917
554,2.308333,0.211391,0.320139,0.158135,0.206696,0.181728,0.177417,0.213442,0.400198,0.122213,0.207449,0.056866,0.180381,0.165527,0.258382,0.165810
555,2.312500,0.211331,0.320140,0.158214,0.206687,0.181737,0.177464,0.213412,0.400157,0.122217,0.207442,0.056871,0.180380,0.165117,0.258602,0.166085
556,2.316667,0.211288,0.320144,0.158276,0.206653,0.181759,0.177513,0.213425,0.400097,0.122204,0.207453,0.056868,0.180388,0.165026,0.258604,0.166148
557,2.320833,0.211257,0.320142,0.158325,0.206644,0.181764,0.177540,0.213388,0.400071,0.122179,0.207447,0.056868,0.180390,0.164900,0.258540,0.166310
558,2.325000,0.211237,0.320130,0.158357,0.206635,0.181762,0.177561,0.213384,0.400029,0.122141,0.207448,0.056867,0.180391,0.164976,0.258604,0.166247
559,2.329167,0.211231,0.320125,0.158379,0.206639,0.181767,0.177570,0.213444,0.399962,0.122053,0.207450,0.056867,0.180393,0.164880,0.258535,0.166380
560,2.333333,0.211234,0.320115,0.158380,0.206647,0.181765,0.177575,0.213407,0.399949,0.122005,0.207451,0.056864,0.180399,0.164879,0.258529,0.166380
561,2.337500,0.211252,0.320104,0.158367,0.206658,0.181763,0.177570,,,,0.207450,0.056862,0.180404,0.164992,0.258601,0.166277
562,2.341667,0.211413,0.319960,0.158413,0.206699,0.181769,0.177571,,,,0.207660,0.056862,0.180442,0.165004,0.258598,0.166262
563,2.345833,0.211452,0.319955,0.158369,0.206707,0.181759,0.177548,,,,0.207548,0.056855,0.180437,0.165030,0.258594,0.166247
564,2.350000,0.211503,0.319940,0.158313,0.206729,0.181731,0.177498,,,,0.207476,0.056856,0.180416,0.165068,0.258593,0.166196
565,2.354167,0.211572,0.319928,0.158235,0.206758,0.181720,0.177469,,,,0.207470,0.056860,0.180417,0.165112,0.258589,0.166144
566,2.358333,0.211653,0.319914,0.158138,0.206799,0.181706,0.177440,,,,0.207476,0.056860,0.180420,0.165199,0.258586,0.166104
567,2.362500,0.211744,0.319890,0.158033,0.206836,0.181693,0.177403,,,,0.207479,0.056861,0.180421,0.165269,0.258576,0.166023
568,2.366667,0.211846,0.319866,0.157919,0.206875,0.181680,0.177349,,,,0.207477,0.056864,0.180427,0.165319,0.258565,0.165923
569,2.370833,0.211952,0.319836,0.157780,0.206924,0.181657,0.177301,,,,0.207477,0.056861,0.180427,0.165398,0.258548,0.165824
570,2.375000,0.212088,0.319796,0.157611,0.206976,0.181637,0.177247,,,,0.207476,0.056863,0.180431,0.165797,0.258435,0.165486
571,2.379167,0.212214,0.319759,0.157440,0.207044,0.181612,0.177187,,,,0.207466,0.056865,0.180428,0.166050,0.258289,0.165252
572,2.383333,0.212363,0.319719,0.157255,0.207103,0.181590,0.177123,,,,0.207462,0.056865,0.180425,0.166179,0.258260,0.165100
573,2.387500,0.212523,0.319666,0.157040,0.207174,0.181540,0.177021,,,,0.207462,0.056862,0.180426,0.165802,0.258461,0.165242
574,2.391667,0.212706,0.319606,0.156818,0.207247,0.181501,0.176914,,,,0.207481,0.056862,0.180435,0.165989,0.258462,0.165179
575,2.395833,0.212891,0.319554,0.156582,0.207322,0.181464,0.176834,0.214803,0.399326,0.119617,0.207475,0.056861,0.180429,0.166276,0.258144,0.164708
576,2.400000,0.212861,0.319587,0.156197,0.207413,0.181426,0.176764,0.215021,0.399264,0.119355,0.207470,0.056859,0.180429,0.166617,0.257916,0.164376
577,2.404167,0.213140,0.319525,0.155981,0.207478,0.181398,0.176662,,,,0.207442,0.056862,0.180415,0.166990,0.258113,0.164215
578,2.408333,0.213514,0.319293,0.155790,0.207554,0.181365,0.176570,,,,0.207602,0.056861,0.180445,0.166549,0.258353,0.164375
579,2.412500,0.213749,0.319226,0.155483,0.207620,0.181314,0.176448,,,,0.207524,0.056857,0.180433,0.166783,0.258405,0.164049
580,2.416667,0.213990,0.319148,0.155157,0.207709,0.181266,0.176348,,,,0.207462,0.056859,0.180416,0.167258,0.258282,0.163603
581,2.420833,0.214240,0.319045,0.154849,0.207801,0.181235,0.176249,,,,0.207446,0.056861,0.180407,0.167581,0.258151,0.163353
582,2.425000,0.214498,0.318940,0.154504,0.207872,0.181208,0.176148,,,,0.207445,0.056860,0.180405,0.167827,0.258158,0.163030
583,2.429167,0.214760,0.318829,0.154159,0.207975,0.181178,0.176047,,,,0.207449,0.056858,0.180400,0.168045,0.258155,0.162861
584,2.433333,0.215056,0.318736,0.153797,0.208059,0.181129,0.175927,,,,0.207450,0.056859,0.180399,0.168238,0.258152,0.162550
585,2.437500,0.215341,0.318631,0.153422,0.208139,0.181101,0.175833,,,,0.207450,0.056861,0.180397,0.168425,0.258142,0.162221
586,2.441667,0.215644,0.318512,0.153036,0.208216,0.181076,0.175725,,,,0.207450,0.056865,0.180396,0.168598,0.258112,0.162019
587,2.445833,0.215932,0.318407,0.152649,0.208301,0.181032,0.175612,,,,0.207449,0.056861,0.180393,0.168795,0.258110,0.161630
588,2.450000,0.216262,0.318317,0.152243,0.208373,0.181012,0.175514,,,,0.207448,0.056863,0.180392,0.169065,0.258168,0.161409
589,2.454167,0.216579,0.318220,0.151838,0.208457,0.180978,0.175397,,,,0.207447,0.056868,0.180389,0.169280,0.258198,0.161064
590,2.458333,0.216895,0.318100,0.151421,0.208553,0.180971,0.175301,,,,0.207448,0.056867,0.180391,0.169510,0.258250,0.160858
591,2.462500,0.217221,0.318004,0.150990,0.208641,0.180959,0.175202,,,,0.207448,0.056867,0.180391,0.169708,0.258265,0.160534
592,2.466667,0.217555,0.317887,0.150567,0.208717,0.180939,0.175103,,,,0.207448,0.056869,0.180392,0.169904,0.258268,0.160264
593,2.470833,0.217885,0.317760,0.150136,0.208814,0.180922,0.174990,,,,0.207447,0.056868,0.180391,0.170133,0.258308,0.159920
594,2.475000,0.218217,0.317625,0.149698,0.208891,0.180891,0.174889,,,,0.207448,0.056868,0.180395,0.170394,0.258337,0.159749
595,2.479167,0.218576,0.317496,0.149270,0.208973,0.180840,0.174768,,,,0.207451,0.056866,0.180389,0.170627,0.258360,0.159292
596,2.483333,0.218910,0.317358,0.148821,0.209044,0.180812,0.174669,,,,0.207449,0.056865,0.180390,0.170790,0.258301,0.159044
597,2.487500,0.219236,0.317206,0.148401,0.209117,0.180784,0.174569,,,,0.207449,0.056866,0.180389,0.170989,0.258320,0.158647
598,2.491667,0.219574,0.317056,0.147967,0.209191,0.180755,0.174468,,,,0.207449,0.056867,0.180388,0.171184,0.258272,0.158429
599,2.495833,0.219913,0.316912,0.147538,0.209269,0.180726,0.174359,,,,0.207449,0.056869,0.180387,0.171386,0.258300,0.158053
600,2.500000,0.220266,0.316769,0.147103,0.209341,0.180687,0.174243,,,,0.207449,0.056868,0.180385,0.171636,0.258301,0.157828
601,2.504167,0.220586,0.316629,0.146684,0.209410,0.180662,0.174145,,,,0.207449,0.056870,0.180383,0.171872,0.258353,0.157690
602,2.508333,0.220934,0.316474,0.146262,0.209491,0.180633,0.174038,,,,0.207447,0.056871,0.180385,0.172055,0.258359,0.157247
603,2.512500,0.221270,0.316347,0.145829,0.209579,0.180624,0.173934,,,,0.207447,0.056868,0.180378,0.172228,0.258319,0.157019
604,2.516667,0.221592,0.316201,0.145397,0.209659,0.180611,0.173836,,,,0.207444,0.056867,0.180375,0.172416,0.258318,0.156591
605,2.520833,0.221901,0.316061,0.144983,0.209729,0.180602,0.173736,,,,0.207446,0.056868,0.180374,0.172600,0.258285,0.156357
606,2.525000,0.222224,0.315914,0.144570,0.209792,0.180563,0.173613,,,,0.207441,0.056870,0.180373,0.172782,0.258299,0.156021
607,2.529167,0.222537,0.315754,0.144164,0.209858,0.180537,0.173507,,,,0.207443,0.056865,0.180369,0.173019,0.258316,0.155791
608,2.533333,0.222851,0.315619,0.143770,0.209920,0.180512,0.173409,,,,0.207442,0.056868,0.180367,0.173172,0.258293,0.155620
609,2.537500,0.223168,0.315483,0.143373,0.209977,0.180486,0.173303,,,,0.207443,0.056867,0.180364,0.173410,0.258384,0.155261
610,2.541667,0.223442,0.315345,0.143001,0.210037,0.180462,0.173208,,,,0.207448,0.056867,0.180365,0.173551,0.258315,0.155035
611,2.545833,0.223738,0.315197,0.142625,0.210102,0.180433,0.173092,,,,0.207443,0.056869,0.180365,0.173089,0.258455,0.155641
612,2.550000,0.224013,0.315065,0.142276,0.210165,0.180409,0.172975,,,,0.207454,0.056868,0.180369,0.173233,0.258412,0.155339
613,2.554167,0.224284,0.314941,0.141935,0.210256,0.180372,0.172873,,,,0.207450,0.056871,0.180368,0.173386,0.258405,0.155119
614,2.558333,0.224551,0.314817,0.141592,0.210320,0.180336,0.172786,,,,0.207450,0.056871,0.180369,0.173546,0.258376,0.154863
615,2.562500,0.224795,0.314691,0.141262,0.210375,0.180308,0.172701,,,,0.207449,0.056873,0.180369,0.173734,0.258375,0.154713
616,2.566667,0.225026,0.314573,0.140958,0.210359,0.180182,0.172605,,,,0.207446,0.056874,0.180369,0.173872,0.258354,0.154501
617,2.570833,0.225270,0.314454,0.140642,0.210413,0.180166,0.172506,,,,0.207445,0.056873,0.180367,0.174013,0.258333,0.154278
618,2.575000,0.225477,0.314339,0.140372,0.210469,0.180134,0.172412,,,,0.207444,0.056872,0.180370,0.174145,0.258313,0.154072
619,2.579167,0.225677,0.314225,0.140104,0.210525,0.180088,0.172320,,,,0.207441,0.056873,0.180369,0.174295,0.258243,0.153706
620,2.583333,0.225881,0.314116,0.139846,0.210590,0.180044,0.172242,,,,0.207439,0.056868,0.180372,0.174440,0.258197,0.153489
621,2.587500,0.226075,0.314017,0.139589,0.210642,0.180002,0.172162,,,,0.207442,0.056866,0.180370,0.174595,0.258197,0.153261
622,2.591667,0.226240,0.313916,0.139372,0.210692,0.179960,0.172090,,,,0.207442,0.056868,0.180370,0.174805,0.258141,0.153093
623,2.595833,0.226394,0.313795,0.139161,0.210743,0.179918,0.172018,,,,0.207440,0.056867,0.180371,0.174930,0.258082,0.152896
624,2.600000,0.226547,0.313694,0.138957,0.210792,0.179880,0.171954,,,,0.207439,0.056868,0.180373,0.175070,0.258061,0.152823
625,2.604167,0.226702,0.313592,0.138759,0.210846,0.179817,0.171883,,,,0.207440,0.056868,0.180372,0.175182,0.257992,0.152642
626,2.608333,0.226830,0.313467,0.138566,0.210882,0.179753,0.171815,,,,0.207437,0.056869,0.180378,0.175353,0.257912,0.152523
627,2.612500,0.226954,0.313343,0.138394,0.210960,0.179695,0.171709,,,,0.207437,0.056869,0.180379,0.175344,0.257812,0.152282
628,2.616667,0.227071,0.313200,0.138226,0.211005,0.179631,0.171656,,,,0.207438,0.056869,0.180384,0.175428,0.257723,0.152150
629,2.620833,0.227179,0.313057,0.138055,0.211051,0.179562,0.171602,,,,0.207436,0.056869,0.180386,0.175461,0.257604,0.152069
630,2.625000,0.227294,0.312899,0.137888,0.211093,0.179496,0.171552,,,,0.207436,0.056868,0.180387,0.175541,0.257502,0.151957
631,2.629167,0.227398,0.312725,0.137722,0.211134,0.179431,0.171510,,,,0.207440,0.056865,0.180394,0.175609,0.257412,0.151859
632,2.633333,0.227499,0.312575,0.137557,0.211171,0.179372,0.171469,,,,0.207441,0.056867,0.180395,0.175677,0.257331,0.151763
633,2.637500,0.227593,0.312448,0.137399,0.211208,0.179334,0.171434,,,,0.207443,0.056868,0.180400,0.175700,0.257249,0.151711
634,2.641667,0.227680,0.312310,0.137256,0.211238,0.179304,0.171412,,,,0.207450,0.056863,0.180403,0.175754,0.257206,0.151652
635,2.645833,0.227774,0.312167,0.137097,0.211264,0.179283,0.171392,,,,0.207449,0.056866,0.180402,0.175818,0.257159,0.151594
636,2.650000,0.227849,0.312044,0.136953,0.211289,0.179249,0.171375,,,,0.207452,0.056864,0.180405,0.175910,0.257139,0.151592
637,2.654167,0.227930,0.311930,0.136802,0.211305,0.179239,0.171375,,,,0.207449,0.056867,0.180409,0.175915,0.257113,0.151540
638,2.658333,0.228012,0.311814,0.136661,0.211316,0.179226,0.171379,,,,0.207452,0.056866,0.180406,0.175981,0.257105,0.151584
639,2.662500,0.228078,0.311713,0.136538,0.211324,0.179213,0.171386,,,,0.207450,0.056867,0.180409,0.176100,0.257083,0.151584
640,2.666667,0.228145,0.311617,0.136411,0.211329,0.179206,0.171407,,,,0.207453,0.056865,0.180405,0.176117,0.257066,0.151590
641,2.670833,0.228211,0.311507,0.136300,0.211330,0.179192,0.171431,,,,0.207451,0.056863,0.180402,0.176131,0.257044,0.151619
642,2.675000,0.228260,0.311392,0.136191,0.211331,0.179173,0.171463,,,,0.207453,0.056867,0.180402,0.176159,0.257023,0.151630
643,2.679167,0.228299,0.311291,0.136105,0.211330,0.179158,0.171500,,,,0.207454,0.056866,0.180399,0.176161,0.257008,0.151665
644,2.683333,0.228332,0.311193,0.136032,0.211324,0.179148,0.171548,,,,0.207455,0.056865,0.180395,0.176227,0.256989,0.151731
645,2.687500,0.228362,0.311088,0.135976,0.211311,0.179145,0.171616,,,,0.207457,0.056864,0.180399,0.176229,0.256986,0.151783
646,2.691667,0.228391,0.311009,0.135920,0.211300,0.179148,0.171659,,,,0.207454,0.056863,0.180396,0.176240,0.256984,0.151796
647,2.695833,0.228408,0.310917,0.135878,0.211289,0.179146,0.171707,,,,0.207455,0.056863,0.180394,0.176230,0.256972,0.151869
648,2.700000,,,,0.211278,0.179149,0.171757,,,,0.207460,0.056860,0.180391,0.176233,0.256976,0.151908
649,2.704167,,,,0.211280,0.179172,0.171828,,,,0.207669,0.056863,0.180429,0.176127,0.257015,0.152000
650,2.708333,,,,0.211242,0.179180,0.171868,,,,0.207506,0.056860,0.180402,0.176108,0.257035,0.152079
651,2.712500,,,,0.211216,0.179201,0.171919,,,,0.207448,0.056863,0.180386,0.176076,0.257067,0.152163
652,2.716667,,,,0.211189,0.179238,0.171988,,,,0.207453,0.056861,0.180384,0.176032,0.257103,0.152270
653,2.720833,,,,0.211159,0.179260,0.172046,,,,0.207458,0.056860,0.180387,0.175986,0.257133,0.152380
654,2.725000,,,,0.211134,0.179278,0.172111,,,,0.207460,0.056861,0.180387,0.175939,0.257165,0.152490
655,2.729167,,,,0.211096,0.179278,0.172173,,,,0.207457,0.056865,0.180388,0.175892,0.257193,0.152607
656,2.733333,,,,0.211059,0.179308,0.172253,,,,0.207461,0.056865,0.180390,0.175808,0.257198,0.152646
657,2.737500,,,,0.211025,0.179330,0.172324,,,,0.207464,0.056866,0.180392,0.175755,0.257218,0.152746
658,2.741667,,,,0.210991,0.179350,0.172390,,,,0.207465,0.056868,0.180389,0.175713,0.257237,0.152841
659,2.745833,,,,0.210954,0.179364,0.172457,,,,0.207465,0.056867,0.180393,0.175704,0.257297,0.153108
660,2.750000,,,,0.210919,0.179391,0.172537,,,,0.207462,0.056868,0.180398,0.175658,0.257302,0.153196
661,2.754167,,,,0.210885,0.179401,0.172592,,,,0.207466,0.056866,0.180395,0.175616,0.257310,0.153276
662,2.758333,,,,0.210852,0.179411,0.172653,,,,0.207465,0.056863,0.180397,0.175571,0.257315,0.153346
663,2.762500,,,,0.210815,0.179425,0.172702,,,,0.207466,0.056862,0.180396,0.175477,0.257310,0.153381
664,2.766667,,,,0.210781,0.179434,0.172755,,,,0.207465,0.056859,0.180395,0.175436,0.257312,0.153457
665,2.770833,,,,0.210743,0.179442,0.172816,,,,0.207464,0.056864,0.180395,0.175391,0.257313,0.153514
666,2.775000,,,,0.210715,0.179451,0.172867,,,,0.207465,0.056859,0.180396,0.175343,0.257316,0.153578
667,2.779167,,,,0.210685,0.179462,0.172915,,,,0.207464,0.056862,0.180394,0.175306,0.257314,0.153615
668,2.783333,,,,0.210664,0.179470,0.172956,,,,0.207465,0.056858,0.180393,0.175264,0.257313,0.153658
669,2.787500,,,,0.210636,0.179473,0.172991,,,,0.207464,0.056863,0.180395,0.175216,0.257313,0.153721
670,2.791667,,,,0.210608,0.179475,0.173016,,,,0.207463,0.056861,0.180392,0.175180,0.257301,0.153765
671,2.795833,,,,0.210590,0.179474,0.173033,,,,0.207464,0.056863,0.180389,0.175139,0.257288,0.153792
672,2.800000,,,,0.210575,0.179471,0.173045,,,,0.207465,0.056862,0.180385,0.175091,0.257277,0.153839
673,2.804167,,,,0.210568,0.179463,0.173052,,,,0.207467,0.056860,0.180386,0.175046,0.257254,0.153865
674,2.808333,,,,0.210548,0.179452,0.173041,,,,0.207465,0.056862,0.180382,0.175004,0.257235,0.153889
675,2.812500,,,,0.210541,0.179436,0.173026,,,,0.207466,0.056859,0.180384,0.174882,0.257189,0.153887
676,2.816667,,,,0.210532,0.179419,0.173012,,,,0.207465,0.056855,0.180381,0.174786,0.257135,0.153989
677,2.820833,,,,0.210530,0.179400,0.172989,,,,0.207465,0.056859,0.180381,0.174816,0.257085,0.154015
678,2.825000,,,,0.210531,0.179372,0.172965,,,,0.207463,0.056861,0.180380,0.174736,0.257017,0.154062
679,2.829167,,,,0.210536,0.179333,0.172934,,,,0.207463,0.056861,0.180381,0.174698,0.256965,0.154076
680,2.833333,,,,0.210538,0.179303,0.172907,,,,0.207462,0.056861,0.180382,0.174666,0.256914,0.154104
681,2.837500,,,,0.210540,0.179264,0.172873,,,,0.207461,0.056860,0.180385,0.174552,0.256820,0.153987
682,2.841667,,,,0.210544,0.179230,0.172839,,,,0.207465,0.056863,0.180388,0.174522,0.256757,0.153996
683,2.845833,,,,0.210553,0.179202,0.172804,,,,0.207463,0.056862,0.180387,0.174494,0.256707,0.153994
684,2.850000,,,,0.210547,0.179151,0.172758,,,,0.207464,0.056859,0.180387,0.174468,0.256661,0.153992
685,2.854167,,,,0.210548,0.179139,0.172727,,,,0.207463,0.056859,0.180387,0.174447,0.256637,0.153992
686,2.858333,,,,0.210551,0.179141,0.172701,,,,0.207461,0.056859,0.180391,0.174411,0.256635,0.154009
687,2.862500,,,,0.210553,0.179152,0.172679,,,,0.207460,0.056862,0.180395,0.174387,0.256639,0.154012
688,2.866667,,,,0.210552,0.179170,0.172660,,,,0.207459,0.056860,0.180392,0.174324,0.256633,0.153939
689,2.870833,,,,0.210550,0.179194,0.172648,,,,0.207461,0.056861,0.180397,0.174304,0.256657,0.153949
690,2.875000,,,,0.210541,0.179216,0.172639,,,,0.207457,0.056861,0.180399,0.174280,0.256675,0.153965
691,2.879167,,,,0.210534,0.179234,0.172640,,,,0.207458,0.056862,0.180400,0.174261,0.256697,0.153974
692,2.883333,,,,0.210521,0.179241,0.172643,,,,0.207460,0.056863,0.180401,0.174242,0.256706,0.153977
693,2.887500,,,,0.210509,0.179246,0.172653,,,,0.207462,0.056859,0.180400,0.174217,0.256707,0.153985
694,2.891667,,,,0.210496,0.179249,0.172666,,,,0.207460,0.056859,0.180400,0.174203,0.256707,0.153987
695,2.895833,,,,0.210494,0.179270,0.172697,,,,0.207462,0.056859,0.180403,0.174172,0.256712,0.154013
696,2.900000,,,,0.210476,0.179270,0.172720,,,,0.207458,0.056858,0.180401,0.174154,0.256708,0.154023
697,2.904167,,,,0.210462,0.179271,0.172747,,,,0.207460,0.056858,0.180403,0.174140,0.256702,0.154045
698,2.908333,,,,0.210444,0.179259,0.172782,,,,0.207459,0.056857,0.180403,0.174119,0.256686,0.154076
699,2.912500,,,,0.210423,0.179243,0.172815,,,,0.207459,0.056859,0.180403,0.174104,0.256657,0.154092
700,2.916667,,,,0.210395,0.179231,0.172851,,,,0.207461,0.056861,0.180403,0.174090,0.256644,0.154124
701,2.920833,,,,0.210375,0.179224,0.172892,,,,0.207459,0.056860,0.180407,0.174084,0.256630,0.154147
702,2.925000,,,,0.210356,0.179222,0.172930,,,,0.207457,0.056863,0.180403,0.174036,0.256586,0.154206
703,2.929167,,,,0.210339,0.179215,0.172970,,,,0.207460,0.056863,0.180403,0.174026,0.256585,0.154255
704,2.933333,,,,0.210287,0.179206,0.173022,,,,0.207463,0.056862,0.180402,0.174020,0.256578,0.154273
705,2.937500,,,,0.210270,0.179198,0.173069,,,,0.207462,0.056862,0.180397,0.174025,0.256560,0.154298
706,2.941667,,,,0.210255,0.179198,0.173111,,,,0.207462,0.056861,0.180399,0.174029,0.256550,0.154320
707,2.945833,,,,0.210240,0.179179,0.173153,,,,0.207464,0.056862,0.180396,0.174027,0.256543,0.154341
708,2.950000,,,,0.210229,0.179170,0.173186,,,,0.207464,0.056860,0.180393,0.174052,0.256529,0.154348
709,2.954167,,,,0.210222,0.179164,0.173224,,,,0.207460,0.056859,0.180396,0.174057,0.256522,0.154364
710,2.958333,,,,0.210216,0.179158,0.173253,,,,0.207462,0.056859,0.180394,0.174079,0.256520,0.154376
711,2.962500,,,,0.210211,0.179155,0.173284,,,,0.207464,0.056860,0.180396,0.174093,0.256511,0.154400
712,2.966667,,,,0.210213,0.179147,0.173314,,,,0.207464,0.056860,0.180394,0.174128,0.256509,0.154398
713,2.970833,,,,0.210215,0.179145,0.173340,,,,0.207463,0.056860,0.180397,0.174241,0.256523,0.154387
714,2.975000,,,,0.210220,0.179142,0.173360,,,,0.207459,0.056861,0.180397,0.174272,0.256526,0.154381
715,2.979167,,,,0.210227,0.179143,0.173383,,,,0.207463,0.056859,0.180393,0.174401,0.256571,0.154402
716,2.983333,,,,0.210240,0.179144,0.173397,,,,0.207462,0.056857,0.180393,0.174456,0.256580,0.154357
717,2.987500,,,,0.210262,0.179151,0.173422,,,,0.207462,0.056858,0.180394,0.174523,0.256581,0.154309
718,2.991667,,,,0.210277,0.179150,0.173432,,,,0.207463,0.056855,0.180396,0.174581,0.256587,0.154269
719,2.995833,,,,0.210294,0.179149,0.173438,,,,0.207462,0.056855,0.180396,0.174633,0.256592,0.154214
720,3.000000,,,,0.210317,0.179133,0.173436,,,,0.207466,0.056854,0.180394,0.174709,0.256586,0.154138
721,3.004167,,,,0.210341,0.179125,0.173429,,,,0.207469,0.056855,0.180399,0.174789,0.256585,0.154074
722,3.008333,,,,0.210386,0.179142,0.173420,,,,0.207467,0.056854,0.180401,0.174873,0.256573,0.153986
723,3.012500,,,,0.210404,0.179103,0.173394,,,,0.207467,0.056857,0.180404,0.174958,0.256565,0.153896
724,3.016667,,,,0.210487,0.179125,0.173356,,,,0.207466,0.056855,0.180400,0.175051,0.256560,0.153804
725,3.020833,,,,0.210533,0.179110,0.173317,,,,0.207469,0.056857,0.180401,0.175155,0.256551,0.153684
726,3.025000,,,,0.210588,0.179085,0.173250,,,,0.207469,0.056858,0.180401,0.175259,0.256535,0.153579
727,3.029167,,,,0.210648,0.179052,0.173197,,,,0.207470,0.056858,0.180400,0.175372,0.256528,0.153479
728,3.033333,,,,0.210702,0.179031,0.173133,,,,0.207467,0.056862,0.180399,0.175513,0.256531,0.153400
729,3.037500,,,,0.210747,0.178988,0.173054,,,,0.207464,0.056859,0.180398,0.175669,0.256525,0.153236
730,3.041667,,,,0.210800,0.178962,0.172977,,,,0.207465,0.056859,0.180397,0.175774,0.256514,0.153115
731,3.045833,,,,0.210858,0.178938,0.172899,,,,0.207464,0.056860,0.180394,0.175932,0.256519,0.152924
732,3.050000,,,,0.210918,0.178928,0.172806,,,,0.207464,0.056861,0.180390,0.176063,0.256503,0.152751
733,3.054167,,,,0.210983,0.178901,0.172722,,,,0.207464,0.056861,0.180392,0.176224,0.256489,0.152625
734,3.058333,,,,0.211044,0.178866,0.172639,,,,0.207461,0.056858,0.180391,0.176326,0.256460,0.152498
735,3.062500,,,,0.211113,0.178822,0.172545,,,,0.207464,0.056859,0.180389,0.176453,0.256430,0.152338
736,3.066667,,,,0.211187,0.178783,0.172452,,,,0.207461,0.056856,0.180382,0.176577,0.256396,0.152190
737,3.070833,,,,0.211261,0.178741,0.172353,,,,0.207463,0.056858,0.180386,0.176672,0.256304,0.151847
738,3.075000,,,,0.211351,0.178712,0.172259,,,,0.207461,0.056860,0.180386,0.176911,0.256273,0.151729
739,3.079167,,,,0.211428,0.178668,0.172158,,,,0.207460,0.056861,0.180385,0.177035,0.256224,0.151544
740,3.083333,,,,0.211500,0.178620,0.172053,,,,0.207462,0.056860,0.180385,0.177161,0.256171,0.151348
741,3.087500,,,,0.211564,0.178577,0.171958,,,,0.207460,0.056863,0.180386,0.177274,0.256119,0.151186
742,3.091667,,,,0.211622,0.178514,0.171853,,,,0.207459,0.056862,0.180385,0.177449,0.256065,0.151028
743,3.095833,,,,0.211686,0.178457,0.171755,,,,0.207460,0.056861,0.180387,0.177546,0.256026,0.150886
744,3.100000,,,,0.211744,0.178410,0.171666,,,,0.207459,0.056862,0.180385,0.177663,0.255980,0.150732
745,3.104167,,,,0.211816,0.178356,0.171567,,,,0.207462,0.056859,0.180382,0.177777,0.255864,0.150329
746,3.108333,,,,0.211880,0.178307,0.171482,,,,0.207464,0.056857,0.180385,0.177903,0.255810,0.150143
747,3.112500,,,,0.211944,0.178226,0.171396,,,,0.207463,0.056861,0.180387,0.178060,0.255763,0.149997
748,3.116667,,,,0.211998,0.178184,0.171276,,,,0.207463,0.056859,0.180387,0.178182,0.255714,0.149828
749,3.120833,,,,0.212097,0.178190,0.171227,,,,0.207460,0.056858,0.180388,0.178363,0.255663,0.149651
750,3.125000,,,,0.212157,0.178168,0.171120,,,,0.207462,0.056861,0.180390,0.178496,0.255654,0.149490
751,3.129167,,,,0.212220,0.178133,0.171041,,,,0.207462,0.056859,0.180394,0.178581,0.255642,0.149367
752,3.133333,,,,0.212269,0.178119,0.170965,,,,0.207459,0.056860,0.180392,0.178668,0.255631,0.149226
753,3.137500,,,,0.212309,0.178108,0.170899,,,,0.207458,0.056862,0.180391,0.178794,0.255644,0.149083
754,3.141667,,,,0.212355,0.178099,0.170862,,,,0.207457,0.056859,0.180395,0.178900,0.255627,0.148921
755,3.145833,,,,0.212398,0.178084,0.170808,,,,0.207461,0.056860,0.180395,0.178996,0.255558,0.148564
756,3.150000,,,,0.212421,0.178059,0.170754,,,,0.207462,0.056860,0.180395,0.179080,0.255549,0.148431
757,3.154167,,,,0.212448,0.178049,0.170713,,,,0.207462,0.056861,0.180396,0.179167,0.255530,0.148304
758,3.158333,,,,0.212472,0.178037,0.170677,,,,0.207460,0.056860,0.180397,0.179256,0.255512,0.148175
759,3.162500,,,,0.212492,0.178029,0.170649,,,,0.207462,0.056861,0.180399,0.179356,0.255510,0.148099
760,3.166667,,,,0.212510,0.178018,0.170624,,,,0.207461,0.056860,0.180397,0.179501,0.255479,0.147939
761,3.170833,,,,0.212526,0.178010,0.170607,,,,0.207462,0.056862,0.180399,0.179558,0.255474,0.147866
762,3.175000,,,,0.212535,0.177996,0.170583,,,,0.207463,0.056861,0.180395,0.179617,0.255466,0.147790
763,3.179167,,,,0.212547,0.177985,0.170560,,,,0.207462,0.056863,0.180399,0.179662,0.255462,0.147717
764,3.183333,,,,0.212554,0.177977,0.170546,,,,0.207459,0.056858,0.180393,0.179705,0.255456,0.147661
765,3.187500,,,,0.212560,0.177969,0.170533,,,,0.207460,0.056861,0.180394,0.179752,0.255451,0.147588
766,3.191667,,,,0.212563,0.177959,0.170518,,,,0.207460,0.056856,0.180392,0.179776,0.255447,0.147546
767,3.195833,,,,0.212563,0.177956,0.170517,,,,0.207463,0.056858,0.180390,0.179815,0.255437,0.147488
768,3.200000,,,,0.212564,0.177953,0.170515,,,,0.207461,0.056858,0.180387,0.179852,0.255428,0.147426
769,3.204167,,,,0.212560,0.177951,0.170517,,,,0.207463,0.056860,0.180388,0.179875,0.255426,0.147396
770,3.208333,,,,0.212557,0.177949,0.170525,,,,0.207464,0.056857,0.180385,0.179907,0.255418,0.147341
771,3.212500,,,,0.212551,0.177949,0.170532,,,,0.207463,0.056861,0.180385,0.179933,0.255418,0.147306
772,3.216667,,,,0.212546,0.177950,0.170542,,,,0.207464,0.056862,0.180386,0.179956,0.255418,0.147271
773,3.220833,,,,0.212537,0.177947,0.170555,,,,0.207463,0.056861,0.180385,0.179974,0.255407,0.147247
774,3.225000,,,,0.212530,0.177947,0.170570,,,,0.207463,0.056863,0.180387,0.179983,0.255400,0.147223
775,3.229167,,,,0.212521,0.177943,0.170584,,,,0.207462,0.056859,0.180384,0.180002,0.255390,0.147211
776,3.233333,,,,0.212501,0.177934,0.170588,,,,0.207462,0.056858,0.180382,0.179597,0.255052,0.148537
777,3.237500,,,,0.212495,0.177926,0.170600,,,,0.207470,0.056858,0.180386,0.179536,0.254698,0.149313
778,3.241667,,,,0.212491,0.177901,0.170617,,,,0.207474,0.056860,0.180385,0.179571,0.254520,0.149326
779,3.245833,,,,0.212486,0.177883,0.170630,,,,0.207472,0.056858,0.180388,0.179574,0.254513,0.149284
780,3.250000,,,,0.212480,0.177859,0.170639,,,,0.207469,0.056860,0.180383,0.179565,0.254537,0.149258
781,3.254167,,,,0.212483,0.177842,0.170652,,,,0.207469,0.056860,0.180390,0.179564,0.254534,0.149241
782,3.258333,,,,0.212487,0.177815,0.170654,,,,0.207470,0.056859,0.180389,0.179515,0.254376,0.149130
783,3.262500,,,,,,,,,,,,,,,
784,3.266667,,,,,,,,,,,,,,,
785,3.270833,,,,,,,,,,,,,,,
786,3.275000,,,,,,,,,,,,,,,
787,3.279167,,,,,,,,,,,,,,,
788,3.283333,,,,,,,,,,,,,,,
789,3.287500,,,,,,,,,,,,,,,
790,3.291667,,,,,,,,,,,,,,,
791,3.295833,,,,,,,,,,,,,,,
792,3.300000,,,,,,,,,,,,,,,
793,3.304167,,,,,,,,,,,,,,,
794,3.308333,,,,,,,,,,,,,,,
795,3.312500,,,,,,,,,,,,,,,
796,3.316667,,,,,,,,,,,,,,,
797,3.320833,,,,,,,,,,,,,,,
798,3.325000,,,,,,,,,,,,,,,
799,3.329167,,,,,,,,,,,,,,,
800,3.333333,,,,,,,,,,,,,,,
801,3.337500,,,,,,,,,,,,,,,
802,3.341667,,,,,,,,,,,,,,,
803,3.345833,,,,,,,,,,,,,,,
804,3.350000,,,,,,,,,,,,,,,
805,3.354167,,,,,,,,,,,,,,,
806,3.358333,,,,,,,,,,,,,,,
807,3.362500,,,,,,,,,,,,,,,
808,3.366667,,,,,,,,,,,,,,,
809,3.370833,,,,,,,,,,,,,,,
810,3.375000,,,,,,,,,,,,,,,
811,3.379167,,,,,,,,,,,,,,,
812,3.383333,,,,,,,,,,,,,,,
813,3.387500,,,,,,,,,,,,,,,
814,3.391667,,,,,,,,,,,,,,,
815,3.395833,,,,,,,,,,,,,,,
816,3.400000,,,,,,,,,,,,,,,
817,3.404167,,,,,,,,,,,,,,,
818,3.408333,,,,,,,,,,,,,,,
819,3.412500,,,,,,,,,,,,,,,
820,3.416667,,,,,,,,,,,,,,,
821,3.420833,,,,,,,,,,,,,,,
822,3.425000,,,,,,,,,,,,,,,
823,3.429167,,,,,,,,,,,,,,,
824,3.433333,,,,,,,,,,,,,,,
825,3.437500,,,,,,,,,,,,,,,
826,3.441667,,,,,,,,,,,,,,,
827,3.445833,,,,,,,,,,,,,,,
828,3.450000,,,,,,,,,,,,,,,
829,3.454167,,,,,,,,,,,,,,,
830,3.458333,,,,,,,,,,,,,,,
831,3.462500,,,,,,,,,,,,,,,
832,3.466667,,,,,,,,,,,,,,,
833,3.470833,,,,,,,,,,,,,,,
834,3.475000,,,,,,,,,,,,,,,
835,3.479167,,,,,,,,,,,,,,,
836,3.483333,,,,,,,,,,,,,,,
837,3.487500,,,,,,,,,,,,,,,
838,3.491667,,,,,,,,,,,,,,,
839,3.495833,,,,,,,,,,,,,,,
840,3.500000,,,,,,,,,,,,,,,
841,3.504167,,,,,,,,,,,,,,,
842,3.508333,,,,,,,,,,,,,,,
843,3.512500,,,,,,,,,,,,,,,
844,3.516667,,,,,,,,,,,,,,,
845,3.520833,,,,,,,,,,,,,,,
846,3.525000,,,,,,,,,,,,,,,
847,3.529167,,,,,,,,,,,,,,,
848,3.533333,,,,,,,,,,,,,,,
849,3.537500,,,,,,,,,,,,,,,
850,3.541667,,,,,,,,,,,,,,,
851,3.545833,,,,,,,,,,,,,,,
852,3.550000,,,,,,,,,,,,,,,
853,3.554167,,,,,,,,,,,,,,,
854,3.558333,,,,,,,,,,,,,,,
855,3.562500,,,,,,,,,,,,,,,
856,3.566667,,,,,,,,,,,,,,,
857,3.570833,,,,,,,,,,,,,,,
858,3.575000,,,,,,,,,,,,,,,
859,3.579167,,,,,,,,,,,,,,,
860,3.583333,,,,,,,,,,,,,,,
861,3.587500,,,,,,,,,,,,,,,
862,3.591667,,,,,,,,,,,,,,,
863,3.595833,,,,,,,,,,,,,,,
864,3.600000,,,,,,,,,,,,,,,
865,3.604167,,,,,,,,,,,,,,,
866,3.608333,,,,,,,,,,,,,,,
867,3.612500,,,,,,,,,,,,,,,
868,3.616667,,,,,,,,,,,,,,,
869,3.620833,,,,,,,,,,,,,,,
870,3.625000,,,,,,,,,,,,,,,
871,3.629167,,,,,,,,,,,,,,,
872,3.633333,,,,,,,,,,,,,,,
873,3.637500,,,,,,,,,,,,,,,
874,3.641667,,,,,,,,,,,,,,,
875,3.645833,,,,,,,,,,,,,,,
876,3.650000,,,,,,,,,,,,,,,
877,3.654167,,,,,,,,,,,,,,,
878,3.658333,,,,,,,,,,,,,,,
879,3.662500,,,,,,,,,,,,,,,
880,3.666667,,,,,,,,,,,,,,,
881,3.670833,,,,,,,,,,,,,,,
882,3.675000,,,,,,,,,,,,,,,
883,3.679167,,,,,,,,,,,,,,,
884,3.683333,,,,,,,,,,,,,,,
885,3.687500,,,,,,,,,,,,,,,
886,3.691667,,,,,,,,,,,,,,,
887,3.695833,,,,,,,,,,,,,,,
888,3.700000,,,,,,,,,,,,,,,
889,3.704167,,,,,,,,,,,,,,,
890,3.708333,,,,,,,,,,,,,,,
891,3.712500,,,,,,,,,,,,,,,
892,3.716667,,,,,,,,,,,,,,,
893,3.720833,,,,,,,,,,,,,,,
894,3.725000,,,,,,,,,,,,,,,
895,3.729167,,,,,,,,,,,,,,,
896,3.733333,,,,,,,,,,,,,,,
897,3.737500,,,,,,,,,,,,,,,
898,3.741667,,,,,,,,,,,,,,,
899,3.745833,,,,,,,,,,,,,,,
900,3.750000,,,,,,,,,,,,,,,
901,3.754167,,,,,,,,,,,,,,,
902,3.758333,,,,,,,,,,,,,,,
903,3.762500,,,,,,,,,,,,,,,
904,3.766667,,,,,,,,,,,,,,,
905,3.770833,,,,,,,,,,,,,,,
906,3.775000,,,,,,,,,,,,,,,
907,3.779167,,,,,,,,,,,,,,,
908,3.783333,,,,,,,,,,,,,,,
909,3.787500,,,,,,,,,,,,,,,
910,3.791667,,,,,,,,,,,,,,,
911,3.795833,,,,,,,,,,,,,,,
912,3.800000,,,,,,,,,,,,,,,
913,3.804167,,,,,,,,,,,,,,,
914,3.808333,,,,,,,,,,,,,,,
915,3.812500,,,,,,,,,,,,,,,
916,3.816667,,,,,,,,,,,,,,,
917,3.820833,,,,,,,,,,,,,,,
918,3.825000,,,,,,,,,,,,,,,
919,3.829167,,,,,,,,,,,,,,,
920,3.833333,,,,,,,,,,,,,,,
921,3.837500,,,,,,,,,,,,,,,
922,3.841667,,,,,,,,,,,,,,,
923,3.845833,,,,,,,,,,,,,,,
924,3.850000,,,,,,,,,,,,,,,
925,3.854167,,,,,,,,,,,,,,,
926,3.858333,,,,,,,,,,,,,,,
927,3.862500,,,,,,,,,,,,,,,
928,3.866667,,,,,,,,,,,,,,,
929,3.870833,,,,,,,,,,,,,,,
930,3.875000,,,,,,,,,,,,,,,
931,3.879167,,,,,,,,,,,,,,,
932,3.883333,,,,,,,,,,,,,,,
933,3.887500,,,,,,,,,,,,,,,
934,3.891667,,,,,,,,,,,,,,,
935,3.895833,,,,,,,,,,,,,,,
936,3.900000,,,,,,,,,,,,,,,
937,3.904167,,,,,,,,,,,,,,,
938,3.908333,,,,,,,,,,,,,,,
939,3.912500,,,,,,,,,,,,,,,
940,3.916667,,,,,,,,,,,,,,,
941,3.920833,,,,,,,,,,,,,,,
942,3.925000,,,,,,,,,,,,,,,
943,3.929167,,,,,,,,,,,,,,,
944,3.933333,,,,,,,,,,,,,,,
945,3.937500,,,,,,,,,,,,,,,
946,3.941667,,,,,,,,,,,,,,,
947,3.945833,,,,,,,,,,,,,,,
948,3.950000,,,,,,,,,,,,,,,
949,3.954167,,,,,,,,,,,,,,,
950,3.958333,,,,,,,,,,,,,,,
951,3.962500,,,,,,,,,,,,,,,
952,3.966667,,,,,,,,,,,,,,,
953,3.970833,,,,,,,,,,,,,,,
954,3.975000,,,,,,,,,,,,,,,
955,3.979167,,,,,,,,,,,,,,,
956,3.983333,,,,,,,,,,,,,,,
957,3.987500,,,,,,,,,,,,,,,
958,3.991667,,,,,,,,,,,,,,,
959,3.995833,,,,,,,,,,,,,,,
960,4.000000,,,,,,,,,,,,,,,
961,4.004167,,,,,,,,,,,,,,,
962,4.008333,,,,,,,,,,,,,,,
963,4.012500,,,,,,,,,,,,,,,
964,4.016667,,,,,,,,,,,,,,,
965,4.020833,,,,,,,,,,,,,,,
966,4.025000,,,,,,,,,,,,,,,
967,4.029167,,,,,,,,,,,,,,,
968,4.033333,,,,,,,,,,,,,,,
969,4.037500,,,,,,,,,,,,,,,
970,4.041667,,,,,,,,,,,,,,,
971,4.045833,,,,,,,,,,,,,,,
972,4.050000,,,,,,,,,,,,,,,
973,4.054167,,,,,,,,,,,,,,,
974,4.058333,,,,,,,,,,,,,,,
975,4.062500,,,,,,,,,,,,,,,
976,4.066667,,,,,,,,,,,,,,,
977,4.070833,,,,,,,,,,,,,,,
978,4.075000,,,,,,,,,,,,,,,
979,4.079167,,,,,,,,,,,,,,,
980,4.083333,,,,,,,,,,,,,,,
981,4.087500,,,,,,,,,,,,,,,
982,4.091667,,,,,,,,,,,,,,,
983,4.095833,,,,,,,,,,,,,,,
984,4.100000,,,,,,,,,,,,,,,
985,4.104167,,,,,,,,,,,,,,,
986,4.108333,,,,,,,,,,,,,,,
987,4.112500,,,,,,,,,,,,,,,
988,4.116667,,,,,,,,,,,,,,,
989,4.120833,,,,,,,,,,,,,,,
990,4.125000,,,,,,,,,,,,,,,
991,4.129167,,,,,,,,,,,,,,,
992,4.133333,,,,,,,,,,,,,,,
993,4.137500,,,,,,,,,,,,,,,
994,4.141667,,,,,,,,,,,,,,,
995,4.145833,,,,,,,,,,,,,,,
996,4.150000,,,,,,,,,,,,,,,
997,4.154167,,,,,,,,,,,,,,,
998,4.158333,,,,,,,,,,,,,,,
999,4.162500,,,,,,,,,,,,,,,
1000,4.166667,,,,,,,,,,,,,,,
1001,4.170833,,,,,,,,,,,,,,,
1002,4.175000,,,,,,,,,,,,,,,
1003,4.179167,,,,,,,,,,,,,,,
1004,4.183333,,,,,,,,,,,,,,,
1005,4.187500,,,,,,,,,,,,,,,
1006,4.191667,,,,,,,,,,,,,,,
1007,4.195833,,,,,,,,,,,,,,,
1008,4.200000,,,,,,,,,,,,,,,
1009,4.204167,,,,,,,,,,,,,,,
1010,4.208333,,,,,,,,,,,,,,,
1011,4.212500,,,,,,,,,,,,,,,
1012,4.216667,,,,,,,,,,,,,,,
1013,4.220833,,,,,,,,,,,,,,,
1014,4.225000,,,,,,,,,,,,,,,
1015,4.229167,,,,,,,,,,,,,,,
1016,4.233333,,,,,,,,,,,,,,,
1017,4.237500,,,,,,,,,,,,,,,
1018,4.241667,,,,,,,,,,,,,,,
1019,4.245833,,,,,,,,,,,,,,,
1020,4.250000,,,,,,,,,,,,,,,
1021,4.254167,,,,,,,,,,,,,,,
1022,4.258333,,,,,,,,,,,,,,,
1023,4.262500,,,,,,,,,,,,,,,
1024,4.266667,,,,,,,,,,,,,,,
1025,4.270833,,,,,,,,,,,,,,,
1026,4.275000,,,,,,,,,,,,,,,
1027,4.279167,,,,,,,,,,,,,,,
1028,4.283333,,,,,,,,,,,,,,,
1029,4.287500,,,,,,,,,,,,,,,
1030,4.291667,,,,,,,,,,,,,,,
1031,4.295833,,,,,,,,,,,,,,,
1032,4.300000,,,,,,,,,,,,,,,
1033,4.304167,,,,,,,,,,,,,,,
1034,4.308333,,,,,,,,,,,,,,,
1035,4.312500,,,,,,,,,,,,,,,
1036,4.316667,,,,,,,,,,,,,,,
1037,4.320833,,,,,,,,,,,,,,,
1038,4.325000,,,,,,,,,,,,,,,
1039,4.329167,,,,,,,,,,,,,,,
1040,4.333333,,,,,,,,,,,,,,,
1041,4.337500,,,,,,,,,,,,,,,
1042,4.341667,,,,,,,,,,,,,,,
1043,4.345833,,,,,,,,,,,,,,,
1044,4.350000,,,,,,,,,,,,,,,
1045,4.354167,,,,,,,,,,,,,,,
1046,4.358333,,,,,,,,,,,,,,,
1047,4.362500,,,,,,,,,,,,,,,
1048,4.366667,,,,,,,,,,,,,,,
1049,4.370833,,,,,,,,,,,,,,,
1050,4.375000,,,,,,,,,,,,,,,
1051,4.379167,,,,,,,,,,,,,,,
1052,4.383333,,,,,,,,,,,,,,,
1053,4.387500,,,,,,,,,,,,,,,
1054,4.391667,,,,,,,,,,,,,,,
1055,4.395833,,,,,,,,,,,,,,,
1056,4.400000,,,,,,,,,,,,,,,
1057,4.404167,,,,,,,,,,,,,,,
1058,4.408333,,,,,,,,,,,,,,,
1059,4.412500,,,,,,,,,,,,,,,
1060,4.416667,,,,,,,,,,,,,,,
1061,4.420833,,,,,,,,,,,,,,,
1062,4.425000,,,,,,,,,,,,,,,
1063,4.429167,,,,,,,,,,,,,,,
1064,4.433333,,,,,,,,,,,,,,,
1065,4.437500,,,,,,,,,,,,,,,
1066,4.441667,,,,,,,,,,,,,,,
1067,4.445833,,,,,,,,,,,,,,,
1068,4.450000,,,,,,,,,,,,,,,
1069,4.454167,,,,,,,,,,,,,,,
1070,4.458333,,,,,,,,,,,,,,,
1071,4.462500,,,,,,,,,,,,,,,
1072,4.466667,,,,,,,,,,,,,,,
1073,4.470833,,,,,,,,,,,,,,,
1074,4.475000,,,,,,,,,,,,,,,
1075,4.479167,,,,,,,,,,,,,,,
1076,4.483333,,,,,,,,,,,,,,,
1077,4.487500,,,,,,,,,,,,,,,
1078,4.491667,,,,,,,,,,,,,,,
1079,4.495833,,,,,,,,,,,,,,,
1080,4.500000,,,,,,,,,,,,,,,
1081,4.504167,,,,,,,,,,,,,,,
1082,4.508333,,,,,,,,,,,,,,,
1083,4.512500,,,,,,,,,,,,,,,
1084,4.516667,,,,,,,,,,,,,,,
1085,4.520833,,,,,,,,,,,,,,,
1086,4.525000,,,,,,,,,,,,,,,
1087,4.529167,,,,,,,,,,,,,,,
1088,4.533333,,,,,,,,,,,,,,,
1089,4.537500,,,,,,,,,,,,,,,
1090,4.541667,,,,,,,,,,,,,,,
1091,4.545833,,,,,,,,,,,,,,,
1092,4.550000,,,,,,,,,,,,,,,
1093,4.554167,,,,,,,,,,,,,,,
1094,4.558333,,,,,,,,,,,,,,,
1095,4.562500,,,,,,,,,,,,,,,
1096,4.566667,,,,,,,,,,,,,,,
1097,4.570833,,,,,,,,,,,,,,,
1098,4.575000,,,,,,,,,,,,,,,
1099,4.579167,,,,,,,,,,,,,,,
1100,4.583333,,,,,,,,,,,,,,,
1101,4.587500,,,,,,,,,,,,,,,
1102,4.591667,,,,,,,,,,,,,,,
1103,4.595833,,,,,,,,,,,,,,,
1104,4.600000,,,,,,,,,,,,,,,
1105,4.604167,,,,,,,,,,,,,,,
1106,4.608333,,,,,,,,,,,,,,,
1107,4.612500,,,,,,,,,,,,,,,
1108,4.616667,,,,,,,,,,,,,,,
1109,4.620833,,,,,,,,,,,,,,,
1110,4.625000,,,,,,,,,,,,,,,
1111,4.629167,,,,,,,,,,,,,,,
1112,4.633333,,,,,,,,,,,,,,,
1113,4.637500,,,,,,,,,,,,,,,
1114,4.641667,,,,,,,,,,,,,,,
1115,4.645833,,,,,,,,,,,,,,,
1116,4.650000,,,,,,,,,,,,,,,
1117,4.654167,,,,,,,,,,,,,,,
1118,4.658333,,,,,,,,,,,,,,,
1119,4.662500,,,,,,,,,,,,,,,
1120,4.666667,,,,,,,,,,,,,,,
1121,4.670833,,,,,,,,,,,,,,,
1122,4.675000,,,,,,,,,,,,,,,
1123,4.679167,,,,,,,,,,,,,,,
1124,4.683333,,,,,,,,,,,,,,,
1125,4.687500,,,,,,,,,,,,,,,
1126,4.691667,,,,,,,,,,,,,,,
1127,4.695833,,,,,,,,,,,,,,,
1128,4.700000,,,,,,,,,,,,,,,
1129,4.704167,,,,,,,,,,,,,,,
1130,4.708333,,,,,,,,,,,,,,,
1131,4.712500,,,,,,,,,,,,,,,
1132,4.716667,,,,,,,,,,,,,,,
1133,4.720833,,,,,,,,,,,,,,,
1134,4.725000,,,,,,,,,,,,,,,
1135,4.729167,,,,,,,,,,,,,,,
1136,4.733333,,,,,,,,,,,,,,,
1137,4.737500,,,,,,,,,,,,,,,
1138,4.741667,,,,,,,,,,,,,,,
1139,4.745833,,,,,,,,,,,,,,,
1140,4.750000,,,,,,,,,,,,,,,
1141,4.754167,,,,,,,,,,,,,,,
1142,4.758333,,,,,,,,,,,,,,,
1143,4.762500,,,,,,,,,,,,,,,
1144,4.766667,,,,,,,,,,,,,,,
1145,4.770833,,,,,,,,,,,,,,,
1146,4.775000,,,,,,,,,,,,,,,
1147,4.779167,,,,,,,,,,,,,,,
1148,4.783333,,,,,,,,,,,,,,,
1149,4.787500,,,,,,,,,,,,,,,
1150,4.791667,,,,,,,,,,,,,,,
1151,4.795833,,,,,,,,,,,,,,,
1152,4.800000,,,,,,,,,,,,,,,
1153,4.804167,,,,,,,,,,,,,,,
1154,4.808333,,,,,,,,,,,,,,,
1155,4.812500,,,,,,,,,,,,,,,
1156,4.816667,,,,,,,,,,,,,,,
1157,4.820833,,,,,,,,,,,,,,,
1158,4.825000,,,,,,,,,,,,,,,
1159,4.829167,,,,,,,,,,,,,,,
1160,4.833333,,,,,,,,,,,,,,,
1161,4.837500,,,,,,,,,,,,,,,
1162,4.841667,,,,,,,,,,,,,,,
1163,4.845833,,,,,,,,,,,,,,,
1164,4.850000,,,,,,,,,,,,,,,
1165,4.854167,,,,,,,,,,,,,,,
1166,4.858333,,,,,,,,,,,,,,,
1167,4.862500,,,,,,,,,,,,,,,
1168,4.866667,,,,,,,,,,,,,,,
1169,4.870833,,,,,,,,,,,,,,,
1170,4.875000,,,,,,,,,,,,,,,
1171,4.879167,,,,,,,,,,,,,,,
1172,4.883333,,,,,,,,,,,,,,,
1173,4.887500,,,,,,,,,,,,,,,
1174,4.891667,,,,,,,,,,,,,,,
1175,4.895833,,,,,,,,,,,,,,,
1176,4.900000,,,,,,,,,,,,,,,
1177,4.904167,,,,,,,,,,,,,,,
1178,4.908333,,,,,,,,,,,,,,,
1179,4.912500,,,,,,,,,,,,,,,
1180,4.916667,,,,,,,,,,,,,,,
1181,4.920833,,,,,,,,,,,,,,,
1182,4.925000,,,,,,,,,,,,,,,
1183,4.929167,,,,,,,,,,,,,,,
1184,4.933333,,,,,,,,,,,,,,,
1185,4.937500,,,,,,,,,,,,,,,
1186,4.941667,,,,,,,,,,,,,,,
1187,4.945833,,,,,,,,,,,,,,,
1188,4.950000,,,,,,,,,,,,,,,
1189,4.954167,,,,,,,,,,,,,,,
1190,4.958333,,,,,,,,,,,,,,,
1191,4.962500,,,,,,,,,,,,,,,
1192,4.966667,,,,,,,,,,,,,,,
1193,4.970833,,,,,,,,,,,,,,,
1194,4.975000,,,,,,,,,,,,,,,
1195,4.979167,,,,,,,,,,,,,,,
1196,4.983333,,,,,,,,,,,,,,,
1197,4.987500,,,,,,,,,,,,,,,
1198,4.991667,,,,,,,,,,,,,,,
1199,4.995833,,,,,,,,,,,,,,,
1200,5.000000,,,,,,,,,,,,,,,
1201,5.004167,,,,,,,,,,,,,,,
1202,5.008333,,,,,,,,,,,,,,,
1203,5.012500,,,,,,,,,,,,,,,
1204,5.016667,,,,,,,,,,,,,,,
1205,5.020833,,,,,,,,,,,,,,,
1206,5.025000,,,,,,,,,,,,,,,
1207,5.029167,,,,,,,,,,,,,,,
1208,5.033333,,,,,,,,,,,,,,,
1209,5.037500,,,,,,,,,,,,,,,
1210,5.041667,,,,,,,,,,,,,,,
1211,5.045833,,,,,,,,,,,,,,,
1212,5.050000,,,,,,,,,,,,,,,
1213,5.054167,,,,,,,,,,,,,,,
1214,5.058333,,,,,,,,,,,,,,,
1215,5.062500,,,,,,,,,,,,,,,
1216,5.066667,,,,,,,,,,,,,,,
1217,5.070833,,,,,,,,,,,,,,,
1218,5.075000,,,,,,,,,,,,,,,
1219,5.079167,,,,,,,,,,,,,,,
1220,5.083333,,,,,,,,,,,,,,,
1221,5.087500,,,,,,,,,,,,,,,
1222,5.091667,,,,,,,,,,,,,,,
1223,5.095833,,,,,,,,,,,,,,,
1224,5.100000,,,,,,,,,,,,,,,
1225,5.104167,,,,,,,,,,,,,,,
1226,5.108333,,,,,,,,,,,,,,,
1227,5.112500,,,,,,,,,,,,,,,
1228,5.116667,,,,,,,,,,,,,,,
1229,5.120833,,,,,,,,,,,,,,,
1230,5.125000,,,,,,,,,,,,,,,
1231,5.129167,,,,,,,,,,,,,,,
1232,5.133333,,,,,,,,,,,,,,,
1233,5.137500,,,,,,,,,,,,,,,
1234,5.141667,,,,,,,,,,,,,,,
1235,5.145833,,,,,,,,,,,,,,,
1236,5.150000,,,,,,,,,,,,,,,
1237,5.154167,,,,,,,,,,,,,,,
1238,5.158333,,,,,,,,,,,,,,,
1239,5.162500,,,,,,,,,,,,,,,
1240,5.166667,,,,,,,,,,,,,,,
1241,5.170833,,,,,,,,,,,,,,,
1242,5.175000,,,,,,,,,,,,,,,
1243,5.179167,,,,,,,,,,,,,,,
1244,5.183333,,,,,,,,,,,,,,,
1245,5.187500,,,,,,,,,,,,,,,
1246,5.191667,,,,,,,,,,,,,,,
1247,5.195833,,,,,,,,,,,,,,,
1248,5.200000,,,,,,,,,,,,,,,
1249,5.204167,,,,,,,,,,,,,,,
1250,5.208333,,,,,,,,,,,,,,,
1251,5.212500,,,,,,,,,,,,,,,
1252,5.216667,,,,,,,,,,,,,,,
1253,5.220833,,,,,,,,,,,,,,,
1254,5.225000,,,,,,,,,,,,,,,
1255,5.229167,,,,,,,,,,,,,,,
1256,5.233333,,,,,,,,,,,,,,,
1257,5.237500,,,,,,,,,,,,,,,
1258,5.241667,,,,,,,,,,,,,,,
1259,5.245833,,,,,,,,,,,,,,,
1260,5.250000,,,,,,,,,,,,,,,
1261,5.254167,,,,,,,,,,,,,,,
1262,5.258333,,,,,,,,,,,,,,,
1263,5.262500,,,,,,,,,,,,,,,
1264,5.266667,,,,,,,,,,,,,,,
1265,5.270833,,,,,,,,,,,,,,,
1266,5.275000,,,,,,,,,,,,,,,
1267,5.279167,,,,,,,,,,,,,,,
1268,5.283333,,,,,,,,,,,,,,,
1269,5.287500,,,,,,,,,,,,,,,
1270,5.291667,,,,,,,,,,,,,,,
1271,5.295833,,,,,,,,,,,,,,,
1272,5.300000,,,,,,,,,,,,,,,
1273,5.304167,,,,,,,,,,,,,,,
1274,5.308333,,,,,,,,,,,,,,,
1275,5.312500,,,,,,,,,,,,,,,
1276,5.316667,,,,,,,,,,,,,,,
1277,5.320833,,,,,,,,,,,,,,,
1278,5.325000,,,,,,,,,,,,,,,
1279,5.329167,,,,,,,,,,,,,,,
1280,5.333333,,,,,,,,,,,,,,,
1281,5.337500,,,,,,,,,,,,,,,
1282,5.341667,,,,,,,,,,,,,,,
1283,5.345833,,,,,,,,,,,,,,,
1284,5.350000,,,,,,,,,,,,,,,
1285,5.354167,,,,,,,,,,,,,,,
1286,5.358333,,,,,,,,,,,,,,,
1287,5.362500,,,,,,,,,,,,,,,
1288,5.366667,,,,,,,,,,,,,,,
1289,5.370833,,,,,,,,,,,,,,,
1290,5.375000,,,,,,,,,,,,,,,
1291,5.379167,,,,,,,,,,,,,,,
1292,5.383333,,,,,,,,,,,,,,,
1293,5.387500,,,,,,,,,,,,,,,
1294,5.391667,,,,,,,,,,,,,,,
1295,5.395833,,,,,,,,,,,,,,,
1296,5.400000,,,,,,,,,,,,,,,
1297,5.404167,,,,,,,,,,,,,,,
1298,5.408333,,,,,,,,,,,,,,,
1299,5.412500,,,,,,,,,,,,,,,
1300,5.416667,,,,,,,,,,,,,,,
1301,5.420833,,,,,,,,,,,,,,,
1302,5.425000,,,,,,,,,,,,,,,
1303,5.429167,,,,,,,,,,,,,,,
1304,5.433333,,,,,,,,,,,,,,,
1305,5.437500,,,,,,,,,,,,,,,
1306,5.441667,,,,,,,,,,,,,,,
1307,5.445833,,,,,,,,,,,,,,,
1308,5.450000,,,,,,,,,,,,,,,
1309,5.454167,,,,,,,,,,,,,,,
1310,5.458333,,,,,,,,,,,,,,,
1311,5.462500,,,,,,,,,,,,,,,
1312,5.466667,,,,,,,,,,,,,,,
1313,5.470833,,,,,,,,,,,,,,,
1314,5.475000,,,,,,,,,,,,,,,
1315,5.479167,,,,,,,,,,,,,,,
1316,5.483333,,,,,,,,,,,,,,,
1317,5.487500,,,,,,,,,,,,,,,
1318,5.491667,,,,,,,,,,,,,,,
1319,5.495833,,,,,,,,,,,,,,,
1320,5.500000,,,,,,,,,,,,,,,
1321,5.504167,,,,,,,,,,,,,,,
1322,5.508333,,,,,,,,,,,,,,,
1323,5.512500,,,,,,,,,,,,,,,
1324,5.516667,,,,,,,,,,,,,,,
1325,5.520833,,,,,,,,,,,,,,,
1326,5.525000,,,,,,,,,,,,,,,
1327,5.529167,,,,,,,,,,,,,,,
1328,5.533333,,,,,,,,,,,,,,,
1329,5.537500,,,,,,,,,,,,,,,
1330,5.541667,,,,,,,,,,,,,,,
1331,5.545833,,,,,,,,,,,,,,,
1332,5.550000,,,,,,,,,,,,,,,
1333,5.554167,,,,,,,,,,,,,,,
1334,5.558333,,,,,,,,,,,,,,,
1335,5.562500,,,,,,,,,,,,,,,
1336,5.566667,,,,,,,,,,,,,,,
1337,5.570833,,,,,,,,,,,,,,,
1338,5.575000,,,,,,,,,,,,,,,
1339,5.579167,,,,,,,,,,,,,,,
1340,5.583333,,,,,,,,,,,,,,,
1341,5.587500,,,,,,,,,,,,,,,
1342,5.591667,,,,,,,,,,,,,,,
1343,5.595833,,,,,,,,,,,,,,,
1344,5.600000,,,,,,,,,,,,,,,
1345,5.604167,,,,,,,,,,,,,,,
1346,5.608333,,,,,,,,,,,,,,,
1347,5.612500,,,,,,,,,,,,,,,
1348,5.616667,,,,,,,,,,,,,,,
1349,5.620833,,,,,,,,,,,,,,,
1350,5.625000,,,,,,,,,,,,,,,
1351,5.629167,,,,,,,,,,,,,,,
1352,5.633333,,,,,,,,,,,,,,,
1353,5.637500,,,,,,,,,,,,,,,
1354,5.641667,,,,,,,,,,,,,,,
1355,5.645833,,,,,,,,,,,,,,,
1356,5.650000,,,,,,,,,,,,,,,
1357,5.654167,,,,,,,,,,,,,,,
1358,5.658333,,,,,,,,,,,,,,,
1359,5.662500,,,,,,,,,,,,,,,
1360,5.666667,,,,,,,,,,,,,,,
1361,5.670833,,,,,,,,,,,,,,,
1362,5.675000,,,,,,,,,,,,,,,
1363,5.679167,,,,,,,,,,,,,,,
1364,5.683333,,,,,,,,,,,,,,,
1365,5.687500,,,,,,,,,,,,,,,
1366,5.691667,,,,,,,,,,,,,,,
1367,5.695833,,,,,,,,,,,,,,,
1368,5.700000,,,,,,,,,,,,,,,
1369,5.704167,,,,,,,,,,,,,,,
1370,5.708333,,,,,,,,,,,,,,,
1371,5.712500,,,,,,,,,,,,,,,
1372,5.716667,,,,,,,,,,,,,,,
1373,5.720833,,,,,,,,,,,,,,,
1374,5.725000,,,,,,,,,,,,,,,
1375,5.729167,,,,,,,,,,,,,,,
1376,5.733333,,,,,,,,,,,,,,,
1377,5.737500,,,,,,,,,,,,,,,
1378,5.741667,,,,,,,,,,,,,,,
1379,5.745833,,,,,,,,,,,,,,,
1380,5.750000,,,,,,,,,,,,,,,
1381,5.754167,,,,,,,,,,,,,,,
1382,5.758333,,,,,,,,,,,,,,,
1383,5.762500,,,,,,,,,,,,,,,
1384,5.766667,,,,,,,,,,,,,,,
1385,5.770833,,,,,,,,,,,,,,,
1386,5.775000,,,,,,,,,,,,,,,
1387,5.779167,,,,,,,,,,,,,,,
1388,5.783333,,,,,,,,,,,,,,,
1389,5.787500,,,,,,,,,,,,,,,
1390,5.791667,,,,,,,,,,,,,,,
1391,5.795833,,,,,,,,,,,,,,,
1392,5.800000,,,,,,,,,,,,,,,
1393,5.804167,,,,,,,,,,,,,,,
1394,5.808333,,,,,,,,,,,,,,,
1395,5.812500,,,,,,,,,,,,,,,
1396,5.816667,,,,,,,,,,,,,,,
1397,5.820833,,,,,,,,,,,,,,,
1398,5.825000,,,,,,,,,,,,,,,
1399,5.829167,,,,,,,,,,,,,,,
1400,5.833333,,,,,,,,,,,,,,,
1401,5.837500,,,,,,,,,,,,,,,
1402,5.841667,,,,,,,,,,,,,,,
1403,5.845833,,,,,,,,,,,,,,,
1404,5.850000,,,,,,,,,,,,,,,
1405,5.854167,,,,,,,,,,,,,,,
1406,5.858333,,,,,,,,,,,,,,,
1407,5.862500,,,,,,,,,,,,,,,
1408,5.866667,,,,,,,,,,,,,,,
1409,5.870833,,,,,,,,,,,,,,,
1410,5.875000,,,,,,,,,,,,,,,
1411,5.879167,,,,,,,,,,,,,,,
1412,5.883333,,,,,,,,,,,,,,,
1413,5.887500,,,,,,,,,,,,,,,
1414,5.891667,,,,,,,,,,,,,,,
1415,5.895833,,,,,,,,,,,,,,,
1416,5.900000,,,,,,,,,,,,,,,
1417,5.904167,,,,,,,,,,,,,,,
1418,5.908333,,,,,,,,,,,,,,,
1419,5.912500,,,,,,,,,,,,,,,
1420,5.916667,,,,,,,,,,,,,,,
1421,5.920833,,,,,,,,,,,,,,,
1422,5.925000,,,,,,,,,,,,,,,
1423,5.929167,,,,,,,,,,,,,,,
1424,5.933333,,,,,,,,,,,,,,,
1425,5.937500,,,,,,,,,,,,,,,
1426,5.941667,,,,,,,,,,,,,,,
1427,5.945833,,,,,,,,,,,,,,,
1428,5.950000,,,,,,,,,,,,,,,
1429,5.954167,,,,,,,,,,,,,,,
1430,5.958333,,,,,,,,,,,,,,,
1431,5.962500,,,,,,,,,,,,,,,
1432,5.966667,,,,,,,,,,,,,,,
1433,5.970833,,,,,,,,,,,,,,,
1434,5.975000,,,,,,,,,,,,,,,
1435,5.979167,,,,,,,,,,,,,,,
1436,5.983333,,,,,,,,,,,,,,,
1437,5.987500,,,,,,,,,,,,,,,
1438,5.991667,,,,,,,,,,,,,,,
1439,5.995833,,,,,,,,,,,,,,,
1440,6.000000,,,,,,,,,,,,,,,
1441,6.004167,,,,,,,,,,,,,,,
1442,6.008333,,,,,,,,,,,,,,,
1443,6.012500,,,,,,,,,,,,,,,
1444,6.016667,,,,,,,,,,,,,,,
1445,6.020833,,,,,,,,,,,,,,,
1446,6.025000,,,,,,,,,,,,,,,
1447,6.029167,,,,,,,,,,,,,,,
1448,6.033333,,,,,,,,,,,,,,,
1449,6.037500,,,,,,,,,,,,,,,
1450,6.041667,,,,,,,,,,,,,,,
1451,6.045833,,,,,,,,,,,,,,,
1452,6.050000,,,,,,,,,,,,,,,
1453,6.054167,,,,,,,,,,,,,,,
1454,6.058333,,,,,,,,,,,,,,,
1455,6.062500,,,,,,,,,,,,,,,
1456,6.066667,,,,,,,,,,,,,,,
1457,6.070833,,,,,,,,,,,,,,,
1458,6.075000,,,,,,,,,,,,,,,
1459,6.079167,,,,,,,,,,,,,,,
1460,6.083333,,,,,,,,,,,,,,,
1461,6.087500,,,,,,,,,,,,,,,
1462,6.091667,,,,,,,,,,,,,,,
1463,6.095833,,,,,,,,,,,,,,,
1464,6.100000,,,,,,,,,,,,,,,
1465,6.104167,,,,,,,,,,,,,,,
1466,6.108333,,,,,,,,,,,,,,,
1467,6.112500,,,,,,,,,,,,,,,
1468,6.116667,,,,,,,,,,,,,,,
1469,6.120833,,,,,,,,,,,,,,,
1470,6.125000,,,,,,,,,,,,,,,
1471,6.129167,,,,,,,,,,,,,,,
1472,6.133333,,,,,,,,,,,,,,,
1473,6.137500,,,,,,,,,,,,,,,
1474,6.141667,,,,,,,,,,,,,,,
1475,6.145833,,,,,,,,,,,,,,,
1476,6.150000,,,,,,,,,,,,,,,
1477,6.154167,,,,,,,,,,,,,,,
1478,6.158333,,,,,,,,,,,,,,,
1479,6.162500,,,,,,,,,,,,,,,
1480,6.166667,,,,,,,,,,,,,,,
1481,6.170833,,,,,,,,,,,,,,,
1482,6.175000,,,,,,,,,,,,,,,
1483,6.179167,,,,,,,,,,,,,,,
1484,6.183333,,,,,,,,,,,,,,,
1485,6.187500,,,,,,,,,,,,,,,
1486,6.191667,,,,,,,,,,,,,,,
1487,6.195833,,,,,,,,,,,,,,,
1488,6.200000,,,,,,,,,,,,,,,
1489,6.204167,,,,,,,,,,,,,,,
1490,6.208333,,,,,,,,,,,,,,,
1491,6.212500,,,,,,,,,,,,,,,
1492,6.216667,,,,,,,,,,,,,,,
1493,6.220833,,,,,,,,,,,,,,,
1494,6.225000,,,,,,,,,,,,,,,
1495,6.229167,,,,,,,,,,,,,,,
1496,6.233333,,,,,,,,,,,,,,,
1497,6.237500,,,,,,,,,,,,,,,
1498,6.241667,,,,,,,,,,,,,,,
1499,6.245833,,,,,,,,,,,,,,,
1500,6.250000,,,,,,,,,,,,,,,
1501,6.254167,,,,,,,,,,,,,,,
1502,6.258333,,,,,,,,,,,,,,,
1503,6.262500,,,,,,,,,,,,,,,
1504,6.266667,,,,,,,,,,,,,,,
1505,6.270833,,,,,,,,,,,,,,,
1506,6.275000,,,,,,,,,,,,,,,
1507,6.279167,,,,,,,,,,,,,,,
1508,6.283333,,,,,,,,,,,,,,,
1509,6.287500,,,,,,,,,,,,,,,
1510,6.291667,,,,,,,,,,,,,,,
1511,6.295833,,,,,,,,,,,,,,,
1512,6.300000,,,,,,,,,,,,,,,
1513,6.304167,,,,,,,,,,,,,,,
1514,6.308333,,,,,,,,,,,,,,,
1515,6.312500,,,,,,,,,,,,,,,
1516,6.316667,,,,,,,,,,,,,,,
1517,6.320833,,,,,,,,,,,,,,,
1518,6.325000,,,,,,,,,,,,,,,
1519,6.329167,,,,,,,,,,,,,,,
1520,6.333333,,,,,,,,,,,,,,,
1521,6.337500,,,,,,,,,,,,,,,
1522,6.341667,,,,,,,,,,,,,,,
1523,6.345833,,,,,,,,,,,,,,,
1524,6.350000,,,,,,,,,,,,,,,
1525,6.354167,,,,,,,,,,,,,,,
1526,6.358333,,,,,,,,,,,,,,,
1527,6.362500,,,,,,,,,,,,,,,
1528,6.366667,,,,,,,,,,,,,,,
1529,6.370833,,,,,,,,,,,,,,,
1530,6.375000,,,,,,,,,,,,,,,
1531,6.379167,,,,,,,,,,,,,,,
1532,6.383333,,,,,,,,,,,,,,,
1533,6.387500,,,,,,,,,,,,,,,
1534,6.391667,,,,,,,,,,,,,,,
1535,6.395833,,,,,,,,,,,,,,,
1536,6.400000,,,,,,,,,,,,,,,
1537,6.404167,,,,,,,,,,,,,,,
1538,6.408333,,,,,,,,,,,,,,,
1539,6.412500,,,,,,,,,,,,,,,
1540,6.416667,,,,,,,,,,,,,,,
1541,6.420833,,,,,,,,,,,,,,,
1542,6.425000,,,,,,,,,,,,,,,
1543,6.429167,,,,,,,,,,,,,,,
1544,6.433333,,,,,,,,,,,,,,,
1545,6.437500,,,,,,,,,,,,,,,
1546,6.441667,,,,,,,,,,,,,,,
1547,6.445833,,,,,,,,,,,,,,,
1548,6.450000,,,,,,,,,,,,,,,
1549,6.454167,,,,,,,,,,,,,,,
1550,6.458333,,,,,,,,,,,,,,,
1551,6.462500,,,,,,,,,,,,,,,
1552,6.466667,,,,,,,,,,,,,,,
1553,6.470833,,,,,,,,,,,,,,,
1554,6.475000,,,,,,,,,,,,,,,
1555,6.479167,,,,,,,,,,,,,,,
1556,6.483333,,,,,,,,,,,,,,,
1557,6.487500,,,,,,,,,,,,,,,
1558,6.491667,,,,,,,,,,,,,,,
1559,6.495833,,,,,,,,,,,,,,,
1560,6.500000,,,,,,,,,,,,,,,
1561,6.504167,,,,,,,,,,,,,,,
1562,6.508333,,,,,,,,,,,,,,,
1563,6.512500,,,,,,,,,,,,,,,
1564,6.516667,,,,,,,,,,,,,,,
1565,6.520833,,,,,,,,,,,,,,,
1566,6.525000,,,,,,,,,,,,,,,
1567,6.529167,,,,,,,,,,,,,,,
1568,6.533333,,,,,,,,,,,,,,,
1569,6.537500,,,,,,,,,,,,,,,
1570,6.541667,,,,,,,,,,,,,,,
1571,6.545833,,,,,,,,,,,,,,,
1572,6.550000,,,,,,,,,,,,,,,
1573,6.554167,,,,,,,,,,,,,,,
1574,6.558333,,,,,,,,,,,,,,,
1575,6.562500,,,,,,,,,,,,,,,
1576,6.566667,,,,,,,,,,,,,,,
1577,6.570833,,,,,,,,,,,,,,,
1578,6.575000,,,,,,,,,,,,,,,
1579,6.579167,,,,,,,,,,,,,,,
1580,6.583333,,,,,,,,,,,,,,,
1581,6.587500,,,,,,,,,,,,,,,
1582,6.591667,,,,,,,,,,,,,,,
1583,6.595833,,,,,,,,,,,,,,,
1584,6.600000,,,,,,,,,,,,,,,
1585,6.604167,,,,,,,,,,,,,,,
1586,6.608333,,,,,,,,,,,,,,,
1587,6.612500,,,,,,,,,,,,,,,
1588,6.616667,,,,,,,,,,,,,,,
1589,6.620833,,,,,,,,,,,,,,,
1590,6.625000,,,,,,,,,,,,,,,
1591,6.629167,,,,,,,,,,,,,,,
1592,6.633333,,,,,,,,,,,,,,,
1593,6.637500,,,,,,,,,,,,,,,
1594,6.641667,,,,,,,,,,,,,,,
1595,6.645833,,,,,,,,,,,,,,,
1596,6.650000,,,,,,,,,,,,,,,
1597,6.654167,,,,,,,,,,,,,,,
1598,6.658333,,,,,,,,,,,,,,,
1599,6.662500,,,,,,,,,,,,,,,
1600,6.666667,,,,,,,,,,,,,,,
1601,6.670833,,,,,,,,,,,,,,,
1602,6.675000,,,,,,,,,,,,,,,
1603,6.679167,,,,,,,,,,,,,,,
1604,6.683333,,,,,,,,,,,,,,,
1605,6.687500,,,,,,,,,,,,,,,
1606,6.691667,,,,,,,,,,,,,,,
1607,6.695833,,,,,,,,,,,,,,,
1608,6.700000,,,,,,,,,,,,,,,
1609,6.704167,,,,,,,,,,,,,,,
1610,6.708333,,,,,,,,,,,,,,,
1611,6.712500,,,,,,,,,,,,,,,
1612,6.716667,,,,,,,,,,,,,,,
1613,6.720833,,,,,,,,,,,,,,,
1614,6.725000,,,,,,,,,,,,,,,
1615,6.729167,,,,,,,,,,,,,,,
1616,6.733333,,,,,,,,,,,,,,,
1617,6.737500,,,,,,,,,,,,,,,
1618,6.741667,,,,,,,,,,,,,,,
1619,6.745833,,,,,,,,,,,,,,,
1620,6.750000,,,,,,,,,,,,,,,
1621,6.754167,,,,,,,,,,,,,,,
1622,6.758333,,,,,,,,,,,,,,,
1623,6.762500,,,,,,,,,,,,,,,
1624,6.766667,,,,,,,,,,,,,,,
1625,6.770833,,,,,,,,,,,,,,,
1626,6.775000,,,,,,,,,,,,,,,
1627,6.779167,,,,,,,,,,,,,,,
1628,6.783333,,,,,,,,,,,,,,,
1629,6.787500,,,,,,,,,,,,,,,
1630,6.791667,,,,,,,,,,,,,,,
1631,6.795833,,,,,,,,,,,,,,,
1632,6.800000,,,,,,,,,,,,,,,
1633,6.804167,,,,,,,,,,,,,,,
1634,6.808333,,,,,,,,,,,,,,,
1635,6.812500,,,,,,,,,,,,,,,
1636,6.816667,,,,,,,,,,,,,,,
1637,6.820833,,,,,,,,,,,,,,,
1638,6.825000,,,,,,,,,,,,,,,
1639,6.829167,,,,,,,,,,,,,,,
1640,6.833333,,,,,,,,,,,,,,,
1641,6.837500,,,,,,,,,,,,,,,
1642,6.841667,,,,,,,,,,,,,,,
1643,6.845833,,,,,,,,,,,,,,,
1644,6.850000,,,,,,,,,,,,,,,
1645,6.854167,,,,,,,,,,,,,,,
1646,6.858333,,,,,,,,,,,,,,,
1647,6.862500,,,,,,,,,,,,,,,
1648,6.866667,,,,,,,,,,,,,,,
1649,6.870833,,,,,,,,,,,,,,,
1650,6.875000,,,,,,,,,,,,,,,
1651,6.879167,,,,,,,,,,,,,,,
1652,6.883333,,,,,,,,,,,,,,,
1653,6.887500,,,,,,,,,,,,,,,
1654,6.891667,,,,,,,,,,,,,,,
1655,6.895833,,,,,,,,,,,,,,,
1656,6.900000,,,,,,,,,,,,,,,
1657,6.904167,,,,,,,,,,,,,,,
1658,6.908333,,,,,,,,,,,,,,,
1659,6.912500,,,,,,,,,,,,,,,
1660,6.916667,,,,,,,,,,,,,,,
1661,6.920833,,,,,,,,,,,,,,,
1662,6.925000,,,,,,,,,,,,,,,
1663,6.929167,,,,,,,,,,,,,,,
1664,6.933333,,,,,,,,,,,,,,,
1665,6.937500,,,,,,,,,,,,,,,
1666,6.941667,,,,,,,,,,,,,,,
1667,6.945833,,,,,,,,,,,,,,,
1668,6.950000,,,,,,,,,,,,,,,
1669,6.954167,,,,,,,,,,,,,,,
1670,6.958333,,,,,,,,,,,,,,,
1671,6.962500,,,,,,,,,,,,,,,
1672,6.966667,,,,,,,,,,,,,,,
1673,6.970833,,,,,,,,,,,,,,,
1674,6.975000,,,,,,,,,,,,,,,
1675,6.979167,,,,,,,,,,,,,,,
1676,6.983333,,,,,,,,,,,,,,,
1677,6.987500,,,,,,,,,,,,,,,
1678,6.991667,,,,,,,,,,,,,,,
1679,6.995833,,,,,,,,,,,,,,,
1680,7.000000,,,,,,,,,,,,,,,
1681,7.004167,,,,,,,,,,,,,,,
1682,7.008333,,,,,,,,,,,,,,,
1683,7.012500,,,,,,,,,,,,,,,
1684,7.016667,,,,,,,,,,,,,,,
1685,7.020833,,,,,,,,,,,,,,,
1686,7.025000,,,,,,,,,,,,,,,
1687,7.029167,,,,,,,,,,,,,,,
1688,7.033333,,,,,,,,,,,,,,,
1689,7.037500,,,,,,,,,,,,,,,
1690,7.041667,,,,,,,,,,,,,,,
1691,7.045833,,,,,,,,,,,,,,,
1692,7.050000,,,,,,,,,,,,,,,
1693,7.054167,,,,,,,,,,,,,,,
1694,7.058333,,,,,,,,,,,,,,,
1695,7.062500,,,,,,,,,,,,,,,
1696,7.066667,,,,,,,,,,,,,,,
1697,7.070833,,,,,,,,,,,,,,,
1698,7.075000,,,,,,,,,,,,,,,
1699,7.079167,,,,,,,,,,,,,,,
1700,7.083333,,,,,,,,,,,,,,,
1701,7.087500,,,,,,,,,,,,,,,
1702,7.091667,,,,,,,,,,,,,,,
1703,7.095833,,,,,,,,,,,,,,,
1704,7.100000,,,,,,,,,,,,,,,
1705,7.104167,,,,,,,,,,,,,,,
1706,7.108333,,,,,,,,,,,,,,,
1707,7.112500,,,,,,,,,,,,,,,
1708,7.116667,,,,,,,,,,,,,,,
1709,7.120833,,,,,,,,,,,,,,,
1710,7.125000,,,,,,,,,,,,,,,
1711,7.129167,,,,,,,,,,,,,,,
1712,7.133333,,,,,,,,,,,,,,,
1713,7.137500,,,,,,,,,,,,,,,
1714,7.141667,,,,,,,,,,,,,,,
1715,7.145833,,,,,,,,,,,,,,,
1716,7.150000,,,,,,,,,,,,,,,
1717,7.154167,,,,,,,,,,,,,,,
1718,7.158333,,,,,,,,,,,,,,,
1719,7.162500,,,,,,,,,,,,,,,
1720,7.166667,,,,,,,,,,,,,,,
1721,7.170833,,,,,,,,,,,,,,,
1722,7.175000,,,,,,,,,,,,,,,
1723,7.179167,,,,,,,,,,,,,,,
1724,7.183333,,,,,,,,,,,,,,,
1725,7.187500,,,,,,,,,,,,,,,
1726,7.191667,,,,,,,,,,,,,,,
1727,7.195833,,,,,,,,,,,,,,,
1728,7.200000,,,,,,,,,,,,,,,
1729,7.204167,,,,,,,,,,,,,,,
1730,7.208333,,,,,,,,,,,,,,,
1731,7.212500,,,,,,,,,,,,,,,
1732,7.216667,,,,,,,,,,,,,,,
1733,7.220833,,,,,,,,,,,,,,,
1734,7.225000,,,,,,,,,,,,,,,
1735,7.229167,,,,,,,,,,,,,,,
1736,7.233333,,,,,,,,,,,,,,,
1737,7.237500,,,,,,,,,,,,,,,
1738,7.241667,,,,,,,,,,,,,,,
1739,7.245833,,,,,,,,,,,,,,,
1740,7.250000,,,,,,,,,,,,,,,
1741,7.254167,,,,,,,,,,,,,,,
1742,7.258333,,,,,,,,,,,,,,,
1743,7.262500,,,,,,,,,,,,,,,
1744,7.266667,,,,,,,,,,,,,,,
1745,7.270833,,,,,,,,,,,,,,,
1746,7.275000,,,,,,,,,,,,,,,
1747,7.279167,,,,,,,,,,,,,,,
1748,7.283333,,,,,,,,,,,,,,,
1749,7.287500,,,,,,,,,,,,,,,
1750,7.291667,,,,,,,,,,,,,,,
1751,7.295833,,,,,,,,,,,,,,,
1752,7.300000,,,,,,,,,,,,,,,
1753,7.304167,,,,,,,,,,,,,,,
1754,7.308333,,,,,,,,,,,,,,,
1755,7.312500,,,,,,,,,,,,,,,
1756,7.316667,,,,,,,,,,,,,,,
1757,7.320833,,,,,,,,,,,,,,,
1758,7.325000,,,,,,,,,,,,,,,
1759,7.329167,,,,,,,,,,,,,,,
1760,7.333333,,,,,,,,,,,,,,,
1761,7.337500,,,,,,,,,,,,,,,
1762,7.341667,,,,,,,,,,,,,,,
1763,7.345833,,,,,,,,,,,,,,,
1764,7.350000,,,,,,,,,,,,,,,
1765,7.354167,,,,,,,,,,,,,,,
1766,7.358333,,,,,,,,,,,,,,,
1767,7.362500,,,,,,,,,,,,,,,
1768,7.366667,,,,,,,,,,,,,,,
1769,7.370833,,,,,,,,,,,,,,,
1770,7.375000,,,,,,,,,,,,,,,
1771,7.379167,,,,,,,,,,,,,,,
1772,7.383333,,,,,,,,,,,,,,,
1773,7.387500,,,,,,,,,,,,,,,
1774,7.391667,,,,,,,,,,,,,,,
1775,7.395833,,,,,,,,,,,,,,,
1776,7.400000,,,,,,,,,,,,,,,
1777,7.404167,,,,,,,,,,,,,,,
1778,7.408333,,,,,,,,,,,,,,,
1779,7.412500,,,,,,,,,,,,,,,
1780,7.416667,,,,,,,,,,,,,,,
1781,7.420833,,,,,,,,,,,,,,,
1782,7.425000,,,,,,,,,,,,,,,
1783,7.429167,,,,,,,,,,,,,,,
1784,7.433333,,,,,,,,,,,,,,,
1785,7.437500,,,,,,,,,,,,,,,
1786,7.441667,,,,,,,,,,,,,,,
1787,7.445833,,,,,,,,,,,,,,,
1788,7.450000,,,,,,,,,,,,,,,
1789,7.454167,,,,,,,,,,,,,,,
1790,7.458333,,,,,,,,,,,,,,,
1791,7.462500,,,,,,,,,,,,,,,
1792,7.466667,,,,,,,,,,,,,,,
1793,7.470833,,,,,,,,,,,,,,,
1794,7.475000,,,,,,,,,,,,,,,
1795,7.479167,,,,,,,,,,,,,,,
1796,7.483333,,,,,,,,,,,,,,,
1797,7.487500,,,,,,,,,,,,,,,
1798,7.491667,,,,,,,,,,,,,,,
1799,7.495833,,,,,,,,,,,,,,,
1800,7.500000,,,,,,,,,,,,,,,
1801,7.504167,,,,,,,,,,,,,,,
1802,7.508333,,,,,,,,,,,,,,,
1803,7.512500,,,,,,,,,,,,,,,
1804,7.516667,,,,,,,,,,,,,,,
1805,7.520833,,,,,,,,,,,,,,,
1806,7.525000,,,,,,,,,,,,,,,
1807,7.529167,,,,,,,,,,,,,,,
1808,7.533333,,,,,,,,,,,,,,,
1809,7.537500,,,,,,,,,,,,,,,
1810,7.541667,,,,,,,,,,,,,,,
1811,7.545833,,,,,,,,,,,,,,,
1812,7.550000,,,,,,,,,,,,,,,
1813,7.554167,,,,,,,,,,,,,,,
1814,7.558333,,,,,,,,,,,,,,,
1815,7.562500,,,,,,,,,,,,,,,
1816,7.566667,,,,,,,,,,,,,,,
1817,7.570833,,,,,,,,,,,,,,,
1818,7.575000,,,,,,,,,,,,,,,
1819,7.579167,,,,,,,,,,,,,,,
1820,7.583333,,,,,,,,,,,,,,,
1821,7.587500,,,,,,,,,,,,,,,
1822,7.591667,,,,,,,,,,,,,,,
1823,7.595833,,,,,,,,,,,,,,,
1824,7.600000,,,,,,,,,,,,,,,
1825,7.604167,,,,,,,,,,,,,,,
1826,7.608333,,,,,,,,,,,,,,,
1827,7.612500,,,,,,,,,,,,,,,
1828,7.616667,,,,,,,,,,,,,,,
1829,7.620833,,,,,,,,,,,,,,,
1830,7.625000,,,,,,,,,,,,,,,
1831,7.629167,,,,,,,,,,,,,,,
1832,7.633333,,,,,,,,,,,,,,,
1833,7.637500,,,,,,,,,,,,,,,
1834,7.641667,,,,,,,,,,,,,,,
1835,7.645833,,,,,,,,,,,,,,,
1836,7.650000,,,,,,,,,,,,,,,
1837,7.654167,,,,,,,,,,,,,,,
1838,7.658333,,,,,,,,,,,,,,,
1839,7.662500,,,,,,,,,,,,,,,
1840,7.666667,,,,,,,,,,,,,,,
1841,7.670833,,,,,,,,,,,,,,,
1842,7.675000,,,,,,,,,,,,,,,
1843,7.679167,,,,,,,,,,,,,,,
1844,7.683333,,,,,,,,,,,,,,,
1845,7.687500,,,,,,,,,,,,,,,
1846,7.691667,,,,,,,,,,,,,,,
1847,7.695833,,,,,,,,,,,,,,,
1848,7.700000,,,,,,,,,,,,,,,
1849,7.704167,,,,,,,,,,,,,,,
1850,7.708333,,,,,,,,,,,,,,,
1851,7.712500,,,,,,,,,,,,,,,
1852,7.716667,,,,,,,,,,,,,,,
1853,7.720833,,,,,,,,,,,,,,,
1854,7.725000,,,,,,,,,,,,,,,
1855,7.729167,,,,,,,,,,,,,,,
1856,7.733333,,,,,,,,,,,,,,,
1857,7.737500,,,,,,,,,,,,,,,
1858,7.741667,,,,,,,,,,,,,,,
1859,7.745833,,,,,,,,,,,,,,,
1860,7.750000,,,,,,,,,,,,,,,
1861,7.754167,,,,,,,,,,,,,,,
1862,7.758333,,,,,,,,,,,,,,,
1863,7.762500,,,,,,,,,,,,,,,
1864,7.766667,,,,,,,,,,,,,,,
1865,7.770833,,,,,,,,,,,,,,,
1866,7.775000,,,,,,,,,,,,,,,
1867,7.779167,,,,,,,,,,,,,,,
1868,7.783333,,,,,,,,,,,,,,,
1869,7.787500,,,,,,,,,,,,,,,
1870,7.791667,,,,,,,,,,,,,,,
1871,7.795833,,,,,,,,,,,,,,,
1872,7.800000,,,,,,,,,,,,,,,
1873,7.804167,,,,,,,,,,,,,,,
1874,7.808333,,,,,,,,,,,,,,,
1875,7.812500,,,,,,,,,,,,,,,
1876,7.816667,,,,,,,,,,,,,,,
1877,7.820833,,,,,,,,,,,,,,,
1878,7.825000,,,,,,,,,,,,,,,
1879,7.829167,,,,,,,,,,,,,,,
1880,7.833333,,,,,,,,,,,,,,,
1881,7.837500,,,,,,,,,,,,,,,
1882,7.841667,,,,,,,,,,,,,,,
1883,7.845833,,,,,,,,,,,,,,,
1884,7.850000,,,,,,,,,,,,,,,
1885,7.854167,,,,,,,,,,,,,,,
1886,7.858333,,,,,,,,,,,,,,,
1887,7.862500,,,,,,,,,,,,,,,
1888,7.866667,,,,,,,,,,,,,,,
1889,7.870833,,,,,,,,,,,,,,,
1890,7.875000,,,,,,,,,,,,,,,
1891,7.879167,,,,,,,,,,,,,,,
1892,7.883333,,,,,,,,,,,,,,,
1893,7.887500,,,,,,,,,,,,,,,
1894,7.891667,,,,,,,,,,,,,,,
1895,7.895833,,,,,,,,,,,,,,,
1896,7.900000,,,,,,,,,,,,,,,
1897,7.904167,,,,,,,,,,,,,,,
1898,7.908333,,,,,,,,,,,,,,,
1899,7.912500,,,,,,,,,,,,,,,
1900,7.916667,,,,,,,,,,,,,,,
1901,7.920833,,,,,,,,,,,,,,,
1902,7.925000,,,,,,,,,,,,,,,
1903,7.929167,,,,,,,,,,,,,,,
1904,7.933333,,,,,,,,,,,,,,,
1905,7.937500,,,,,,,,,,,,,,,
1906,7.941667,,,,,,,,,,,,,,,
1907,7.945833,,,,,,,,,,,,,,,
1908,7.950000,,,,,,,,,,,,,,,
1909,7.954167,,,,,,,,,,,,,,,
1910,7.958333,,,,,,,,,,,,,,,
1911,7.962500,,,,,,,,,,,,,,,
1912,7.966667,,,,,,,,,,,,,,,
1913,7.970833,,,,,,,,,,,,,,,
1914,7.975000,,,,,,,,,,,,,,,
1915,7.979167,,,,,,,,,,,,,,,
1916,7.983333,,,,,,,,,,,,,,,
1917,7.987500,,,,,,,,,,,,,,,
1918,7.991667,,,,,,,,,,,,,,,
1919,7.995833,,,,,,,,,,,,,,,
1920,8.000000,,,,,,,,,,,,,,,
1921,8.004167,,,,,,,,,,,,,,,
1922,8.008333,,,,,,,,,,,,,,,
1923,8.012500,,,,,,,,,,,,,,,
1924,8.016667,,,,,,,,,,,,,,,
1925,8.020833,,,,,,,,,,,,,,,
1926,8.025000,,,,,,,,,,,,,,,
1927,8.029167,,,,,,,,,,,,,,,
1928,8.033333,,,,,,,,,,,,,,,
1929,8.037500,,,,,,,,,,,,,,,
1930,8.041667,,,,,,,,,,,,,,,
1931,8.045833,,,,,,,,,,,,,,,
1932,8.050000,,,,,,,,,,,,,,,
1933,8.054167,,,,,,,,,,,,,,,
1934,8.058333,,,,,,,,,,,,,,,
1935,8.062500,,,,,,,,,,,,,,,
1936,8.066667,,,,,,,,,,,,,,,
1937,8.070833,,,,,,,,,,,,,,,
1938,8.075000,,,,,,,,,,,,,,,
1939,8.079167,,,,,,,,,,,,,,,
1940,8.083333,,,,,,,,,,,,,,,
1941,8.087500,,,,,,,,,,,,,,,
1942,8.091667,,,,,,,,,,,,,,,
1943,8.095833,,,,,,,,,,,,,,,
1944,8.100000,,,,,,,,,,,,,,,
1945,8.104167,,,,,,,,,,,,,,,
1946,8.108333,,,,,,,,,,,,,,,
1947,8.112500,,,,,,,,,,,,,,,
1948,8.116667,,,,,,,,,,,,,,,
1949,8.120833,,,,,,,,,,,,,,,
1950,8.125000,,,,,,,,,,,,,,,
1951,8.129167,,,,,,,,,,,,,,,
1952,8.133333,,,,,,,,,,,,,,,
1953,8.137500,,,,,,,,,,,,,,,
1954,8.141667,,,,,,,,,,,,,,,
1955,8.145833,,,,,,,,,,,,,,,
1956,8.150000,,,,,,,,,,,,,,,
1957,8.154167,,,,,,,,,,,,,,,
1958,8.158333,,,,,,,,,,,,,,,
1959,8.162500,,,,,,,,,,,,,,,
1960,8.166667,,,,,,,,,,,,,,,
1961,8.170833,,,,,,,,,,,,,,,
1962,8.175000,,,,,,,,,,,,,,,
1963,8.179167,,,,,,,,,,,,,,,
1964,8.183333,,,,,,,,,,,,,,,
1965,8.187500,,,,,,,,,,,,,,,
1966,8.191667,,,,,,,,,,,,,,,
1967,8.195833,,,,,,,,,,,,,,,
1968,8.200000,,,,,,,,,,,,,,,
1969,8.204167,,,,,,,,,,,,,,,
1970,8.208333,,,,,,,,,,,,,,,
1971,8.212500,,,,,,,,,,,,,,,
1972,8.216667,,,,,,,,,,,,,,,
1973,8.220833,,,,,,,,,,,,,,,
1974,8.225000,,,,,,,,,,,,,,,
1975,8.229167,,,,,,,,,,,,,,,
1976,8.233333,,,,,,,,,,,,,,,
1977,8.237500,,,,,,,,,,,,,,,
1978,8.241667,,,,,,,,,,,,,,,
1979,8.245833,,,,,,,,,,,,,,,
1980,8.250000,,,,,,,,,,,,,,,
1981,8.254167,,,,,,,,,,,,,,,
1982,8.258333,,,,,,,,,,,,,,,
1983,8.262500,,,,,,,,,,,,,,,
1984,8.266667,,,,,,,,,,,,,,,
1985,8.270833,,,,,,,,,,,,,,,
1986,8.275000,,,,,,,,,,,,,,,
1987,8.279167,,,,,,,,,,,,,,,
1988,8.283333,,,,,,,,,,,,,,,
1989,8.287500,,,,,,,,,,,,,,,
1990,8.291667,,,,,,,,,,,,,,,
1991,8.295833,,,,,,,,,,,,,,,
1992,8.300000,,,,,,,,,,,,,,,
1993,8.304167,,,,,,,,,,,,,,,
1994,8.308333,,,,,,,,,,,,,,,
1995,8.312500,,,,,,,,,,,,,,,
1996,8.316667,,,,,,,,,,,,,,,
1997,8.320833,,,,,,,,,,,,,,,
1998,8.325000,,,,,,,,,,,,,,,
1999,8.329167,,,,,,,,,,,,,,,
2000,8.333333,,,,,,,,,,,,,,,
2001,8.337500,,,,,,,,,,,,,,,
2002,8.341667,,,,,,,,,,,,,,,
2003,8.345833,,,,,,,,,,,,,,,
2004,8.350000,,,,,,,,,,,,,,,
2005,8.354167,,,,,,,,,,,,,,,
2006,8.358333,,,,,,,,,,,,,,,
2007,8.362500,,,,,,,,,,,,,,,
2008,8.366667,,,,,,,,,,,,,,,
2009,8.370833,,,,,,,,,,,,,,,
2010,8.375000,,,,,,,,,,,,,,,
2011,8.379167,,,,,,,,,,,,,,,
2012,8.383333,,,,,,,,,,,,,,,
2013,8.387500,,,,,,,,,,,,,,,
2014,8.391667,,,,,,,,,,,,,,,
2015,8.395833,,,,,,,,,,,,,,,
2016,8.400000,,,,,,,,,,,,,,,
2017,8.404167,,,,,,,,,,,,,,,
2018,8.408333,,,,,,,,,,,,,,,
2019,8.412500,,,,,,,,,,,,,,,
2020,8.416667,,,,,,,,,,,,,,,
2021,8.420833,,,,,,,,,,,,,,,
2022,8.425000,,,,,,,,,,,,,,,
2023,8.429167,,,,,,,,,,,,,,,
2024,8.433333,,,,,,,,,,,,,,,
2025,8.437500,,,,,,,,,,,,,,,
2026,8.441667,,,,,,,,,,,,,,,
2027,8.445833,,,,,,,,,,,,,,,
2028,8.450000,,,,,,,,,,,,,,,
2029,8.454167,,,,,,,,,,,,,,,
2030,8.458333,,,,,,,,,,,,,,,
2031,8.462500,,,,,,,,,,,,,,,
2032,8.466667,,,,,,,,,,,,,,,
2033,8.470833,,,,,,,,,,,,,,,
2034,8.475000,,,,,,,,,,,,,,,
2035,8.479167,,,,,,,,,,,,,,,
2036,8.483333,,,,,,,,,,,,,,,
2037,8.487500,,,,,,,,,,,,,,,
2038,8.491667,,,,,,,,,,,,,,,
2039,8.495833,,,,,,,,,,,,,,,
2040,8.500000,,,,,,,,,,,,,,,
2041,8.504167,,,,,,,,,,,,,,,
2042,8.508333,,,,,,,,,,,,,,,
2043,8.512500,,,,,,,,,,,,,,,
2044,8.516667,,,,,,,,,,,,,,,
2045,8.520833,,,,,,,,,,,,,,,
2046,8.525000,,,,,,,,,,,,,,,
2047,8.529167,,,,,,,,,,,,,,,
2048,8.533333,,,,,,,,,,,,,,,
2049,8.537500,,,,,,,,,,,,,,,
2050,8.541667,,,,,,,,,,,,,,,
2051,8.545833,,,,,,,,,,,,,,,
2052,8.550000,,,,,,,,,,,,,,,
2053,8.554167,,,,,,,,,,,,,,,
2054,8.558333,,,,,,,,,,,,,,,
2055,8.562500,,,,,,,,,,,,,,,
2056,8.566667,,,,,,,,,,,,,,,
2057,8.570833,,,,,,,,,,,,,,,
2058,8.575000,,,,,,,,,,,,,,,
2059,8.579167,,,,,,,,,,,,,,,
2060,8.583333,,,,,,,,,,,,,,,
2061,8.587500,,,,,,,,,,,,,,,
2062,8.591667,,,,,,,,,,,,,,,
2063,8.595833,,,,,,,,,,,,,,,
2064,8.600000,,,,,,,,,,,,,,,
2065,8.604167,,,,,,,,,,,,,,,
2066,8.608333,,,,,,,,,,,,,,,
2067,8.612500,,,,,,,,,,,,,,,
2068,8.616667,,,,,,,,,,,,,,,
2069,8.620833,,,,,,,,,,,,,,,
2070,8.625000,,,,,,,,,,,,,,,
2071,8.629167,,,,,,,,,,,,,,,
2072,8.633333,,,,,,,,,,,,,,,
2073,8.637500,,,,,,,,,,,,,,,
2074,8.641667,,,,,,,,,,,,,,,
2075,8.645833,,,,,,,,,,,,,,,
2076,8.650000,,,,,,,,,,,,,,,
2077,8.654167,,,,,,,,,,,,,,,
2078,8.658333,,,,,,,,,,,,,,,
2079,8.662500,,,,,,,,,,,,,,,
2080,8.666667,,,,,,,,,,,,,,,
2081,8.670833,,,,,,,,,,,,,,,
2082,8.675000,,,,,,,,,,,,,,,
2083,8.679167,,,,,,,,,,,,,,,
2084,8.683333,,,,,,,,,,,,,,,
2085,8.687500,,,,,,,,,,,,,,,
2086,8.691667,,,,,,,,,,,,,,,
2087,8.695833,,,,,,,,,,,,,,,
2088,8.700000,,,,,,,,,,,,,,,
2089,8.704167,,,,,,,,,,,,,,,
2090,8.708333,,,,,,,,,,,,,,,
2091,8.712500,,,,,,,,,,,,,,,
2092,8.716667,,,,,,,,,,,,,,,
2093,8.720833,,,,,,,,,,,,,,,
2094,8.725000,,,,,,,,,,,,,,,
2095,8.729167,,,,,,,,,,,,,,,
2096,8.733333,,,,,,,,,,,,,,,
2097,8.737500,,,,,,,,,,,,,,,
2098,8.741667,,,,,,,,,,,,,,,
2099,8.745833,,,,,,,,,,,,,,,
2100,8.750000,,,,,,,,,,,,,,,
2101,8.754167,,,,,,,,,,,,,,,
2102,8.758333,,,,,,,,,,,,,,,
2103,8.762500,,,,,,,,,,,,,,,
2104,8.766667,,,,,,,,,,,,,,,
2105,8.770833,,,,,,,,,,,,,,,
2106,8.775000,,,,,,,,,,,,,,,
2107,8.779167,,,,,,,,,,,,,,,
2108,8.783333,,,,,,,,,,,,,,,
2109,8.787500,,,,,,,,,,,,,,,
2110,8.791667,,,,,,,,,,,,,,,
2111,8.795833,,,,,,,,,,,,,,,
2112,8.800000,,,,,,,,,,,,,,,
2113,8.804167,,,,,,,,,,,,,,,
2114,8.808333,,,,,,,,,,,,,,,
2115,8.812500,,,,,,,,,,,,,,,
2116,8.816667,,,,,,,,,,,,,,,
2117,8.820833,,,,,,,,,,,,,,,
2118,8.825000,,,,,,,,,,,,,,,
2119,8.829167,,,,,,,,,,,,,,,
2120,8.833333,,,,,,,,,,,,,,,
2121,8.837500,,,,,,,,,,,,,,,
2122,8.841667,,,,,,,,,,,,,,,
2123,8.845833,,,,,,,,,,,,,,,
2124,8.850000,,,,,,,,,,,,,,,
2125,8.854167,,,,,,,,,,,,,,,
2126,8.858333,,,,,,,,,,,,,,,
2127,8.862500,,,,,,,,,,,,,,,
2128,8.866667,,,,,,,,,,,,,,,
2129,8.870833,,,,,,,,,,,,,,,
2130,8.875000,,,,,,,,,,,,,,,
2131,8.879167,,,,,,,,,,,,,,,
2132,8.883333,,,,,,,,,,,,,,,
2133,8.887500,,,,,,,,,,,,,,,
2134,8.891667,,,,,,,,,,,,,,,
2135,8.895833,,,,,,,,,,,,,,,
2136,8.900000,,,,,,,,,,,,,,,
2137,8.904167,,,,,,,,,,,,,,,
2138,8.908333,,,,,,,,,,,,,,,
2139,8.912500,,,,,,,,,,,,,,,
2140,8.916667,,,,,,,,,,,,,,,
2141,8.920833,,,,,,,,,,,,,,,
2142,8.925000,,,,,,,,,,,,,,,
2143,8.929167,,,,,,,,,,,,,,,
2144,8.933333,,,,,,,,,,,,,,,
2145,8.937500,,,,,,,,,,,,,,,
2146,8.941667,,,,,,,,,,,,,,,
2147,8.945833,,,,,,,,,,,,,,,
2148,8.950000,,,,,,,,,,,,,,,
2149,8.954167,,,,,,,,,,,,,,,
2150,8.958333,,,,,,,,,,,,,,,
2151,8.962500,,,,,,,,,,,,,,,
2152,8.966667,,,,,,,,,,,,,,,
2153,8.970833,,,,,,,,,,,,,,,
2154,8.975000,,,,,,,,,,,,,,,
2155,8.979167,,,,,,,,,,,,,,,
2156,8.983333,,,,,,,,,,,,,,,
2157,8.987500,,,,,,,,,,,,,,,
2158,8.991667,,,,,,,,,,,,,,,
2159,8.995833,,,,,,,,,,,,,,,
2160,9.000000,,,,,,,,,,,,,,,
2161,9.004167,,,,,,,,,,,,,,,
2162,9.008333,,,,,,,,,,,,,,,
2163,9.012500,,,,,,,,,,,,,,,
2164,9.016667,,,,,,,,,,,,,,,
2165,9.020833,,,,,,,,,,,,,,,
2166,9.025000,,,,,,,,,,,,,,,
2167,9.029167,,,,,,,,,,,,,,,
2168,9.033333,,,,,,,,,,,,,,,
2169,9.037500,,,,,,,,,,,,,,,
2170,9.041667,,,,,,,,,,,,,,,
2171,9.045833,,,,,,,,,,,,,,,
2172,9.050000,,,,,,,,,,,,,,,
2173,9.054167,,,,,,,,,,,,,,,
2174,9.058333,,,,,,,,,,,,,,,
2175,9.062500,,,,,,,,,,,,,,,
2176,9.066667,,,,,,,,,,,,,,,
2177,9.070833,,,,,,,,,,,,,,,
2178,9.075000,,,,,,,,,,,,,,,
2179,9.079167,,,,,,,,,,,,,,,
2180,9.083333,,,,,,,,,,,,,,,
2181,9.087500,,,,,,,,,,,,,,,
2182,9.091667,,,,,,,,,,,,,,,
2183,9.095833,,,,,,,,,,,,,,,
2184,9.100000,,,,,,,,,,,,,,,
2185,9.104167,,,,,,,,,,,,,,,
2186,9.108333,,,,,,,,,,,,,,,
2187,9.112500,,,,,,,,,,,,,,,
2188,9.116667,,,,,,,,,,,,,,,
2189,9.120833,,,,,,,,,,,,,,,
2190,9.125000,,,,,,,,,,,,,,,
2191,9.129167,,,,,,,,,,,,,,,
2192,9.133333,,,,,,,,,,,,,,,
2193,9.137500,,,,,,,,,,,,,,,
2194,9.141667,,,,,,,,,,,,,,,
2195,9.145833,,,,,,,,,,,,,,,
2196,9.150000,,,,,,,,,,,,,,,
2197,9.154167,,,,,,,,,,,,,,,
2198,9.158333,,,,,,,,,,,,,,,
2199,9.162500,,,,,,,,,,,,,,,
2200,9.166667,,,,,,,,,,,,,,,
2201,9.170833,,,,,,,,,,,,,,,
2202,9.175000,,,,,,,,,,,,,,,
2203,9.179167,,,,,,,,,,,,,,,
2204,9.183333,,,,,,,,,,,,,,,
2205,9.187500,,,,,,,,,,,,,,,
2206,9.191667,,,,,,,,,,,,,,,
2207,9.195833,,,,,,,,,,,,,,,
2208,9.200000,,,,,,,,,,,,,,,
2209,9.204167,,,,,,,,,,,,,,,
2210,9.208333,,,,,,,,,,,,,,,
2211,9.212500,,,,,,,,,,,,,,,
2212,9.216667,,,,,,,,,,,,,,,
2213,9.220833,,,,,,,,,,,,,,,
2214,9.225000,,,,,,,,,,,,,,,
2215,9.229167,,,,,,,,,,,,,,,
2216,9.233333,,,,,,,,,,,,,,,
2217,9.237500,,,,,,,,,,,,,,,
2218,9.241667,,,,,,,,,,,,,,,
2219,9.245833,,,,,,,,,,,,,,,
2220,9.250000,,,,,,,,,,,,,,,
2221,9.254167,,,,,,,,,,,,,,,
2222,9.258333,,,,,,,,,,,,,,,
2223,9.262500,,,,,,,,,,,,,,,
2224,9.266667,,,,,,,,,,,,,,,
2225,9.270833,,,,,,,,,,,,,,,
2226,9.275000,,,,,,,,,,,,,,,
2227,9.279167,,,,,,,,,,,,,,,
2228,9.283333,,,,,,,,,,,,,,,
2229,9.287500,,,,,,,,,,,,,,,
2230,9.291667,,,,,,,,,,,,,,,
2231,9.295833,,,,,,,,,,,,,,,
2232,9.300000,,,,,,,,,,,,,,,
2233,9.304167,,,,,,,,,,,,,,,
2234,9.308333,,,,,,,,,,,,,,,
2235,9.312500,,,,,,,,,,,,,,,
2236,9.316667,,,,,,,,,,,,,,,
2237,9.320833,,,,,,,,,,,,,,,
2238,9.325000,,,,,,,,,,,,,,,
2239,9.329167,,,,,,,,,,,,,,,
2240,9.333333,,,,,,,,,,,,,,,
2241,9.337500,,,,,,,,,,,,,,,
2242,9.341667,,,,,,,,,,,,,,,
2243,9.345833,,,,,,,,,,,,,,,
2244,9.350000,,,,,,,,,,,,,,,
2245,9.354167,,,,,,,,,,,,,,,
2246,9.358333,,,,,,,,,,,,,,,
2247,9.362500,,,,,,,,,,,,,,,
2248,9.366667,,,,,,,,,,,,,,,
2249,9.370833,,,,,,,,,,,,,,,
2250,9.375000,,,,,,,,,,,,,,,
2251,9.379167,,,,,,,,,,,,,,,
2252,9.383333,,,,,,,,,,,,,,,
2253,9.387500,,,,,,,,,,,,,,,
2254,9.391667,,,,,,,,,,,,,,,
2255,9.395833,,,,,,,,,,,,,,,
2256,9.400000,,,,,,,,,,,,,,,
2257,9.404167,,,,,,,,,,,,,,,
2258,9.408333,,,,,,,,,,,,,,,
2259,9.412500,,,,,,,,,,,,,,,
2260,9.416667,,,,,,,,,,,,,,,
2261,9.420833,,,,,,,,,,,,,,,
2262,9.425000,,,,,,,,,,,,,,,
2263,9.429167,,,,,,,,,,,,,,,
2264,9.433333,,,,,,,,,,,,,,,
2265,9.437500,,,,,,,,,,,,,,,
2266,9.441667,,,,,,,,,,,,,,,
2267,9.445833,,,,,,,,,,,,,,,
2268,9.450000,,,,,,,,,,,,,,,
2269,9.454167,,,,,,,,,,,,,,,
2270,9.458333,,,,,,,,,,,,,,,
2271,9.462500,,,,,,,,,,,,,,,
2272,9.466667,,,,,,,,,,,,,,,
2273,9.470833,,,,,,,,,,,,,,,
2274,9.475000,,,,,,,,,,,,,,,
2275,9.479167,,,,,,,,,,,,,,,
2276,9.483333,,,,,,,,,,,,,,,
2277,9.487500,,,,,,,,,,,,,,,
2278,9.491667,,,,,,,,,,,,,,,
2279,9.495833,,,,,,,,,,,,,,,
2280,9.500000,,,,,,,,,,,,,,,
2281,9.504167,,,,,,,,,,,,,,,
2282,9.508333,,,,,,,,,,,,,,,
2283,9.512500,,,,,,,,,,,,,,,
2284,9.516667,,,,,,,,,,,,,,,
2285,9.520833,,,,,,,,,,,,,,,
2286,9.525000,,,,,,,,,,,,,,,
2287,9.529167,,,,,,,,,,,,,,,
2288,9.533333,,,,,,,,,,,,,,,
2289,9.537500,,,,,,,,,,,,,,,
2290,9.541667,,,,,,,,,,,,,,,
2291,9.545833,,,,,,,,,,,,,,,
2292,9.550000,,,,,,,,,,,,,,,
2293,9.554167,,,,,,,,,,,,,,,
2294,9.558333,,,,,,,,,,,,,,,
2295,9.562500,,,,,,,,,,,,,,,
2296,9.566667,,,,,,,,,,,,,,,
2297,9.570833,,,,,,,,,,,,,,,
2298,9.575000,,,,,,,,,,,,,,,
2299,9.579167,,,,,,,,,,,,,,,
2300,9.583333,,,,,,,,,,,,,,,
2301,9.587500,,,,,,,,,,,,,,,
2302,9.591667,,,,,,,,,,,,,,,
2303,9.595833,,,,,,,,,,,,,,,
2304,9.600000,,,,,,,,,,,,,,,
2305,9.604167,,,,,,,,,,,,,,,
2306,9.608333,,,,,,,,,,,,,,,
2307,9.612500,,,,,,,,,,,,,,,
2308,9.616667,,,,,,,,,,,,,,,
2309,9.620833,,,,,,,,,,,,,,,
2310,9.625000,,,,,,,,,,,,,,,
2311,9.629167,,,,,,,,,,,,,,,
2312,9.633333,,,,,,,,,,,,,,,
2313,9.637500,,,,,,,,,,,,,,,
2314,9.641667,,,,,,,,,,,,,,,
2315,9.645833,,,,,,,,,,,,,,,
2316,9.650000,,,,,,,,,,,,,,,
2317,9.654167,,,,,,,,,,,,,,,
2318,9.658333,,,,,,,,,,,,,,,
2319,9.662500,,,,,,,,,,,,,,,
2320,9.666667,,,,,,,,,,,,,,,
2321,9.670833,,,,,,,,,,,,,,,
2322,9.675000,,,,,,,,,,,,,,,
2323,9.679167,,,,,,,,,,,,,,,
2324,9.683333,,,,,,,,,,,,,,,
2325,9.687500,,,,,,,,,,,,,,,
2326,9.691667,,,,,,,,,,,,,,,
2327,9.695833,,,,,,,,,,,,,,,
2328,9.700000,,,,,,,,,,,,,,,
2329,9.704167,,,,,,,,,,,,,,,
2330,9.708333,,,,,,,,,,,,,,,
2331,9.712500,,,,,,,,,,,,,,,
2332,9.716667,,,,,,,,,,,,,,,
2333,9.720833,,,,,,,,,,,,,,,
2334,9.725000,,,,,,,,,,,,,,,
2335,9.729167,,,,,,,,,,,,,,,
2336,9.733333,,,,,,,,,,,,,,,
2337,9.737500,,,,,,,,,,,,,,,
2338,9.741667,,,,,,,,,,,,,,,
2339,9.745833,,,,,,,,,,,,,,,
2340,9.750000,,,,,,,,,,,,,,,
2341,9.754167,,,,,,,,,,,,,,,
2342,9.758333,,,,,,,,,,,,,,,
2343,9.762500,,,,,,,,,,,,,,,
2344,9.766667,,,,,,,,,,,,,,,
2345,9.770833,,,,,,,,,,,,,,,
2346,9.775000,,,,,,,,,,,,,,,
2347,9.779167,,,,,,,,,,,,,,,
2348,9.783333,,,,,,,,,,,,,,,
2349,9.787500,,,,,,,,,,,,,,,
2350,9.791667,,,,,,,,,,,,,,,
2351,9.795833,,,,,,,,,,,,,,,
2352,9.800000,,,,,,,,,,,,,,,
2353,9.804167,,,,,,,,,,,,,,,
2354,9.808333,,,,,,,,,,,,,,,
2355,9.812500,,,,,,,,,,,,,,,
2356,9.816667,,,,,,,,,,,,,,,
2357,9.820833,,,,,,,,,,,,,,,
2358,9.825000,,,,,,,,,,,,,,,
2359,9.829167,,,,,,,,,,,,,,,
2360,9.833333,,,,,,,,,,,,,,,
2361,9.837500,,,,,,,,,,,,,,,
2362,9.841667,,,,,,,,,,,,,,,
2363,9.845833,,,,,,,,,,,,,,,
2364,9.850000,,,,,,,,,,,,,,,
2365,9.854167,,,,,,,,,,,,,,,
2366,9.858333,,,,,,,,,,,,,,,
2367,9.862500,,,,,,,,,,,,,,,
2368,9.866667,,,,,,,,,,,,,,,
2369,9.870833,,,,,,,,,,,,,,,
2370,9.875000,,,,,,,,,,,,,,,
2371,9.879167,,,,,,,,,,,,,,,
2372,9.883333,,,,,,,,,,,,,,,
2373,9.887500,,,,,,,,,,,,,,,
2374,9.891667,,,,,,,,,,,,,,,
2375,9.895833,,,,,,,,,,,,,,,
2376,9.900000,,,,,,,,,,,,,,,
2377,9.904167,,,,,,,,,,,,,,,
2378,9.908333,,,,,,,,,,,,,,,
2379,9.912500,,,,,,,,,,,,,,,
2380,9.916667,,,,,,,,,,,,,,,
2381,9.920833,,,,,,,,,,,,,,,
2382,9.925000,,,,,,,,,,,,,,,
2383,9.929167,,,,,,,,,,,,,,,
2384,9.933333,,,,,,,,,,,,,,,
2385,9.937500,,,,,,,,,,,,,,,
2386,9.941667,,,,,,,,,,,,,,,
2387,9.945833,,,,,,,,,,,,,,,
2388,9.950000,,,,,,,,,,,,,,,
2389,9.954167,,,,,,,,,,,,,,,
2390,9.958333,,,,,,,,,,,,,,,
2391,9.962500,,,,,,,,,,,,,,,
2392,9.966667,,,,,,,,,,,,,,,
2393,9.970833,,,,,,,,,,,,,,,
2394,9.975000,,,,,,,,,,,,,,,
2395,9.979167,,,,,,,,,,,,,,,
2396,9.983333,,,,,,,,,,,,,,,
2397,9.987500,,,,,,,,,,,,,,,
2398,9.991667,,,,,,,,,,,,,,,
2399,9.995833,,,,,,,,,,,,,,,
2400,10.000000,,,,,,,,,,,,,,,
2401,10.004167,,,,,,,,,,,,,,,
2402,10.008333,,,,,,,,,,,,,,,
2403,10.012500,,,,,,,,,,,,,,,
2404,10.016667,,,,,,,,,,,,,,,
2405,10.020833,,,,,,,,,,,,,,,
2406,10.025000,,,,,,,,,,,,,,,
2407,10.029167,,,,,,,,,,,,,,,
2408,10.033333,,,,,,,,,,,,,,,
2409,10.037500,,,,,,,,,,,,,,,
2410,10.041667,,,,,,,,,,,,,,,
2411,10.045833,,,,,,,,,,,,,,,
2412,10.050000,,,,,,,,,,,,,,,
2413,10.054167,,,,,,,,,,,,,,,
2414,10.058333,,,,,,,,,,,,,,,
2415,10.062500,,,,,,,,,,,,,,,
2416,10.066667,,,,,,,,,,,,,,,
2417,10.070833,,,,,,,,,,,,,,,
2418,10.075000,,,,,,,,,,,,,,,
2419,10.079167,,,,,,,,,,,,,,,
2420,10.083333,,,,,,,,,,,,,,,
2421,10.087500,,,,,,,,,,,,,,,
2422,10.091667,,,,,,,,,,,,,,,
2423,10.095833,,,,,,,,,,,,,,,
2424,10.100000,,,,,,,,,,,,,,,
2425,10.104167,,,,,,,,,,,,,,,
2426,10.108333,,,,,,,,,,,,,,,
2427,10.112500,,,,,,,,,,,,,,,
2428,10.116667,,,,,,,,,,,,,,,
2429,10.120833,,,,,,,,,,,,,,,
2430,10.125000,,,,,,,,,,,,,,,
2431,10.129167,,,,,,,,,,,,,,,
2432,10.133333,,,,,,,,,,,,,,,
2433,10.137500,,,,,,,,,,,,,,,
2434,10.141667,,,,,,,,,,,,,,,
2435,10.145833,,,,,,,,,,,,,,,
2436,10.150000,,,,,,,,,,,,,,,
2437,10.154167,,,,,,,,,,,,,,,
2438,10.158333,,,,,,,,,,,,,,,
2439,10.162500,,,,,,,,,,,,,,,
2440,10.166667,,,,,,,,,,,,,,,
2441,10.170833,,,,,,,,,,,,,,,
2442,10.175000,,,,,,,,,,,,,,,
2443,10.179167,,,,,,,,,,,,,,,
2444,10.183333,,,,,,,,,,,,,,,
2445,10.187500,,,,,,,,,,,,,,,
2446,10.191667,,,,,,,,,,,,,,,
2447,10.195833,,,,,,,,,,,,,,,
2448,10.200000,,,,,,,,,,,,,,,
2449,10.204167,,,,,,,,,,,,,,,
2450,10.208333,,,,,,,,,,,,,,,
2451,10.212500,,,,,,,,,,,,,,,
2452,10.216667,,,,,,,,,,,,,,,
2453,10.220833,,,,,,,,,,,,,,,
2454,10.225000,,,,,,,,,,,,,,,
2455,10.229167,,,,,,,,,,,,,,,
2456,10.233333,,,,,,,,,,,,,,,
2457,10.237500,,,,,,,,,,,,,,,
2458,10.241667,,,,,,,,,,,,,,,
2459,10.245833,,,,,,,,,,,,,,,
2460,10.250000,,,,,,,,,,,,,,,
2461,10.254167,,,,,,,,,,,,,,,
2462,10.258333,,,,,,,,,,,,,,,
2463,10.262500,,,,,,,,,,,,,,,
2464,10.266667,,,,,,,,,,,,,,,
2465,10.270833,,,,,,,,,,,,,,,
2466,10.275000,,,,,,,,,,,,,,,
2467,10.279167,,,,,,,,,,,,,,,
2468,10.283333,,,,,,,,,,,,,,,
2469,10.287500,,,,,,,,,,,,,,,
2470,10.291667,,,,,,,,,,,,,,,
2471,10.295833,,,,,,,,,,,,,,,
2472,10.300000,,,,,,,,,,,,,,,
2473,10.304167,,,,,,,,,,,,,,,
2474,10.308333,,,,,,,,,,,,,,,
2475,10.312500,,,,,,,,,,,,,,,
2476,10.316667,,,,,,,,,,,,,,,
2477,10.320833,,,,,,,,,,,,,,,
2478,10.325000,,,,,,,,,,,,,,,
2479,10.329167,,,,,,,,,,,,,,,
2480,10.333333,,,,,,,,,,,,,,,
2481,10.337500,,,,,,,,,,,,,,,
2482,10.341667,,,,,,,,,,,,,,,
2483,10.345833,,,,,,,,,,,,,,,
2484,10.350000,,,,,,,,,,,,,,,
2485,10.354167,,,,,,,,,,,,,,,
2486,10.358333,,,,,,,,,,,,,,,
2487,10.362500,,,,,,,,,,,,,,,
2488,10.366667,,,,,,,,,,,,,,,
2489,10.370833,,,,,,,,,,,,,,,
2490,10.375000,,,,,,,,,,,,,,,
2491,10.379167,,,,,,,,,,,,,,,
2492,10.383333,,,,,,,,,,,,,,,
2493,10.387500,,,,,,,,,,,,,,,
2494,10.391667,,,,,,,,,,,,,,,
2495,10.395833,,,,,,,,,,,,,,,
2496,10.400000,,,,,,,,,,,,,,,
2497,10.404167,,,,,,,,,,,,,,,
2498,10.408333,,,,,,,,,,,,,,,
2499,10.412500,,,,,,,,,,,,,,,
2500,10.416667,,,,,,,,,,,,,,,
2501,10.420833,,,,,,,,,,,,,,,
2502,10.425000,,,,,,,,,,,,,,,
2503,10.429167,,,,,,,,,,,,,,,
2504,10.433333,,,,,,,,,,,,,,,
2505,10.437500,,,,,,,,,,,,,,,
2506,10.441667,,,,,,,,,,,,,,,
2507,10.445833,,,,,,,,,,,,,,,
2508,10.450000,,,,,,,,,,,,,,,
2509,10.454167,,,,,,,,,,,,,,,
2510,10.458333,,,,,,,,,,,,,,,
2511,10.462500,,,,,,,,,,,,,,,
2512,10.466667,,,,,,,,,,,,,,,
2513,10.470833,,,,,,,,,,,,,,,
2514,10.475000,,,,,,,,,,,,,,,
2515,10.479167,,,,,,,,,,,,,,,
2516,10.483333,,,,,,,,,,,,,,,
2517,10.487500,,,,,,,,,,,,,,,
2518,10.491667,,,,,,,,,,,,,,,
2519,10.495833,,,,,,,,,,,,,,,
2520,10.500000,,,,,,,,,,,,,,,
2521,10.504167,,,,,,,,,,,,,,,
2522,10.508333,,,,,,,,,,,,,,,
2523,10.512500,,,,,,,,,,,,,,,
2524,10.516667,,,,,,,,,,,,,,,
2525,10.520833,,,,,,,,,,,,,,,
2526,10.525000,,,,,,,,,,,,,,,
2527,10.529167,,,,,,,,,,,,,,,
2528,10.533333,,,,,,,,,,,,,,,
2529,10.537500,,,,,,,,,,,,,,,
2530,10.541667,,,,,,,,,,,,,,,
2531,10.545833,,,,,,,,,,,,,,,
2532,10.550000,,,,,,,,,,,,,,,
2533,10.554167,,,,,,,,,,,,,,,
2534,10.558333,,,,,,,,,,,,,,,
2535,10.562500,,,,,,,,,,,,,,,
2536,10.566667,,,,,,,,,,,,,,,
2537,10.570833,,,,,,,,,,,,,,,
2538,10.575000,,,,,,,,,,,,,,,
2539,10.579167,,,,,,,,,,,,,,,
2540,10.583333,,,,,,,,,,,,,,,
2541,10.587500,,,,,,,,,,,,,,,
2542,10.591667,,,,,,,,,,,,,,,
2543,10.595833,,,,,,,,,,,,,,,
2544,10.600000,,,,,,,,,,,,,,,
2545,10.604167,,,,,,,,,,,,,,,
2546,10.608333,,,,,,,,,,,,,,,
2547,10.612500,,,,,,,,,,,,,,,
2548,10.616667,,,,,,,,,,,,,,,
2549,10.620833,,,,,,,,,,,,,,,
2550,10.625000,,,,,,,,,,,,,,,
2551,10.629167,,,,,,,,,,,,,,,
2552,10.633333,,,,,,,,,,,,,,,
2553,10.637500,,,,,,,,,,,,,,,
2554,10.641667,,,,,,,,,,,,,,,
2555,10.645833,,,,,,,,,,,,,,,
2556,10.650000,,,,,,,,,,,,,,,
2557,10.654167,,,,,,,,,,,,,,,
2558,10.658333,,,,,,,,,,,,,,,
2559,10.662500,,,,,,,,,,,,,,,
2560,10.666667,,,,,,,,,,,,,,,
2561,10.670833,,,,,,,,,,,,,,,
2562,10.675000,,,,,,,,,,,,,,,
2563,10.679167,,,,,,,,,,,,,,,
2564,10.683333,,,,,,,,,,,,,,,
2565,10.687500,,,,,,,,,,,,,,,
2566,10.691667,,,,,,,,,,,,,,,
2567,10.695833,,,,,,,,,,,,,,,
2568,10.700000,,,,,,,,,,,,,,,
2569,10.704167,,,,,,,,,,,,,,,
2570,10.708333,,,,,,,,,,,,,,,
2571,10.712500,,,,,,,,,,,,,,,
2572,10.716667,,,,,,,,,,,,,,,
2573,10.720833,,,,,,,,,,,,,,,
2574,10.725000,,,,,,,,,,,,,,,
2575,10.729167,,,,,,,,,,,,,,,
2576,10.733333,,,,,,,,,,,,,,,
2577,10.737500,,,,,,,,,,,,,,,
2578,10.741667,,,,,,,,,,,,,,,
2579,10.745833,,,,,,,,,,,,,,,
2580,10.750000,,,,,,,,,,,,,,,
2581,10.754167,,,,,,,,,,,,,,,
2582,10.758333,,,,,,,,,,,,,,,
2583,10.762500,,,,,,,,,,,,,,,
2584,10.766667,,,,,,,,,,,,,,,
2585,10.770833,,,,,,,,,,,,,,,
2586,10.775000,,,,,,,,,,,,,,,
2587,10.779167,,,,,,,,,,,,,,,
2588,10.783333,,,,,,,,,,,,,,,
2589,10.787500,,,,,,,,,,,,,,,
2590,10.791667,,,,,,,,,,,,,,,
2591,10.795833,,,,,,,,,,,,,,,
2592,10.800000,,,,,,,,,,,,,,,
2593,10.804167,,,,,,,,,,,,,,,
2594,10.808333,,,,,,,,,,,,,,,
2595,10.812500,,,,,,,,,,,,,,,
2596,10.816667,,,,,,,,,,,,,,,
2597,10.820833,,,,,,,,,,,,,,,
2598,10.825000,,,,,,,,,,,,,,,
2599,10.829167,,,,,,,,,,,,,,,
2600,10.833333,,,,,,,,,,,,,,,
2601,10.837500,,,,,,,,,,,,,,,
2602,10.841667,,,,,,,,,,,,,,,
2603,10.845833,,,,,,,,,,,,,,,
2604,10.850000,,,,,,,,,,,,,,,
2605,10.854167,,,,,,,,,,,,,,,
2606,10.858333,,,,,,,,,,,,,,,
2607,10.862500,,,,,,,,,,,,,,,
2608,10.866667,,,,,,,,,,,,,,,
2609,10.870833,,,,,,,,,,,,,,,
2610,10.875000,,,,,,,,,,,,,,,
2611,10.879167,,,,,,,,,,,,,,,
2612,10.883333,,,,,,,,,,,,,,,
2613,10.887500,,,,,,,,,,,,,,,
2614,10.891667,,,,,,,,,,,,,,,
2615,10.895833,,,,,,,,,,,,,,,
2616,10.900000,,,,,,,,,,,,,,,
2617,10.904167,,,,,,,,,,,,,,,
2618,10.908333,,,,,,,,,,,,,,,
2619,10.912500,,,,,,,,,,,,,,,
2620,10.916667,,,,,,,,,,,,,,,
2621,10.920833,,,,,,,,,,,,,,,
2622,10.925000,,,,,,,,,,,,,,,
2623,10.929167,,,,,,,,,,,,,,,
2624,10.933333,,,,,,,,,,,,,,,
2625,10.937500,,,,,,,,,,,,,,,
2626,10.941667,,,,,,,,,,,,,,,
2627,10.945833,,,,,,,,,,,,,,,
2628,10.950000,,,,,,,,,,,,,,,
2629,10.954167,,,,,,,,,,,,,,,
2630,10.958333,,,,,,,,,,,,,,,
2631,10.962500,,,,,,,,,,,,,,,
2632,10.966667,,,,,,,,,,,,,,,
2633,10.970833,,,,,,,,,,,,,,,
2634,10.975000,,,,,,,,,,,,,,,
2635,10.979167,,,,,,,,,,,,,,,
2636,10.983333,,,,,,,,,,,,,,,
2637,10.987500,,,,,,,,,,,,,,,
2638,10.991667,,,,,,,,,,,,,,,
2639,10.995833,,,,,,,,,,,,,,,
2640,11.000000,,,,,,,,,,,,,,,
2641,11.004167,,,,,,,,,,,,,,,
2642,11.008333,,,,,,,,,,,,,,,
2643,11.012500,,,,,,,,,,,,,,,
2644,11.016667,,,,,,,,,,,,,,,
2645,11.020833,,,,,,,,,,,,,,,
2646,11.025000,,,,,,,,,,,,,,,
2647,11.029167,,,,,,,,,,,,,,,
2648,11.033333,,,,,,,,,,,,,,,
2649,11.037500,,,,,,,,,,,,,,,
2650,11.041667,,,,,,,,,,,,,,,
2651,11.045833,,,,,,,,,,,,,,,
2652,11.050000,,,,,,,,,,,,,,,
2653,11.054167,,,,,,,,,,,,,,,
2654,11.058333,,,,,,,,,,,,,,,
2655,11.062500,,,,,,,,,,,,,,,
2656,11.066667,,,,,,,,,,,,,,,
2657,11.070833,,,,,,,,,,,,,,,
2658,11.075000,,,,,,,,,,,,,,,
2659,11.079167,,,,,,,,,,,,,,,
2660,11.083333,,,,,,,,,,,,,,,
2661,11.087500,,,,,,,,,,,,,,,
2662,11.091667,,,,,,,,,,,,,,,
2663,11.095833,,,,,,,,,,,,,,,
2664,11.100000,,,,,,,,,,,,,,,
2665,11.104167,,,,,,,,,,,,,,,
2666,11.108333,,,,,,,,,,,,,,,
2667,11.112500,,,,,,,,,,,,,,,
2668,11.116667,,,,,,,,,,,,,,,
2669,11.120833,,,,,,,,,,,,,,,
2670,11.125000,,,,,,,,,,,,,,,
2671,11.129167,,,,,,,,,,,,,,,
2672,11.133333,,,,,,,,,,,,,,,
2673,11.137500,,,,,,,,,,,,,,,
2674,11.141667,,,,,,,,,,,,,,,
2675,11.145833,,,,,,,,,,,,,,,
2676,11.150000,,,,,,,,,,,,,,,
2677,11.154167,,,,,,,,,,,,,,,
2678,11.158333,,,,,,,,,,,,,,,
2679,11.162500,,,,,,,,,,,,,,,
2680,11.166667,,,,,,,,,,,,,,,
2681,11.170833,,,,,,,,,,,,,,,
2682,11.175000,,,,,,,,,,,,,,,
2683,11.179167,,,,,,,,,,,,,,,
2684,11.183333,,,,,,,,,,,,,,,
2685,11.187500,,,,,,,,,,,,,,,
2686,11.191667,,,,,,,,,,,,,,,
2687,11.195833,,,,,,,,,,,,,,,
2688,11.200000,,,,,,,,,,,,,,,
2689,11.204167,,,,,,,,,,,,,,,
2690,11.208333,,,,,,,,,,,,,,,
2691,11.212500,,,,,,,,,,,,,,,
2692,11.216667,,,,,,,,,,,,,,,
2693,11.220833,,,,,,,,,,,,,,,
2694,11.225000,,,,,,,,,,,,,,,
2695,11.229167,,,,,,,,,,,,,,,
2696,11.233333,,,,,,,,,,,,,,,
2697,11.237500,,,,,,,,,,,,,,,
2698,11.241667,,,,,,,,,,,,,,,
2699,11.245833,,,,,,,,,,,,,,,
2700,11.250000,,,,,,,,,,,,,,,
2701,11.254167,,,,,,,,,,,,,,,
2702,11.258333,,,,,,,,,,,,,,,
2703,11.262500,,,,,,,,,,,,,,,
2704,11.266667,,,,,,,,,,,,,,,
2705,11.270833,,,,,,,,,,,,,,,
2706,11.275000,,,,,,,,,,,,,,,
2707,11.279167,,,,,,,,,,,,,,,
2708,11.283333,,,,,,,,,,,,,,,
2709,11.287500,,,,,,,,,,,,,,,
2710,11.291667,,,,,,,,,,,,,,,
2711,11.295833,,,,,,,,,,,,,,,
2712,11.300000,,,,,,,,,,,,,,,
2713,11.304167,,,,,,,,,,,,,,,
2714,11.308333,,,,,,,,,,,,,,,
2715,11.312500,,,,,,,,,,,,,,,
2716,11.316667,,,,,,,,,,,,,,,
2717,11.320833,,,,,,,,,,,,,,,
2718,11.325000,,,,,,,,,,,,,,,
2719,11.329167,,,,,,,,,,,,,,,
2720,11.333333,,,,,,,,,,,,,,,
2721,11.337500,,,,,,,,,,,,,,,
2722,11.341667,,,,,,,,,,,,,,,
2723,11.345833,,,,,,,,,,,,,,,
2724,11.350000,,,,,,,,,,,,,,,
2725,11.354167,,,,,,,,,,,,,,,
2726,11.358333,,,,,,,,,,,,,,,
2727,11.362500,,,,,,,,,,,,,,,
2728,11.366667,,,,,,,,,,,,,,,
2729,11.370833,,,,,,,,,,,,,,,
2730,11.375000,,,,,,,,,,,,,,,
2731,11.379167,,,,,,,,,,,,,,,
2732,11.383333,,,,,,,,,,,,,,,
2733,11.387500,,,,,,,,,,,,,,,
2734,11.391667,,,,,,,,,,,,,,,
2735,11.395833,,,,,,,,,,,,,,,
2736,11.400000,,,,,,,,,,,,,,,
2737,11.404167,,,,,,,,,,,,,,,
2738,11.408333,,,,,,,,,,,,,,,
2739,11.412500,,,,,,,,,,,,,,,
2740,11.416667,,,,,,,,,,,,,,,
2741,11.420833,,,,,,,,,,,,,,,
2742,11.425000,,,,,,,,,,,,,,,
2743,11.429167,,,,,,,,,,,,,,,
2744,11.433333,,,,,,,,,,,,,,,
2745,11.437500,,,,,,,,,,,,,,,
2746,11.441667,,,,,,,,,,,,,,,
2747,11.445833,,,,,,,,,,,,,,,
2748,11.450000,,,,,,,,,,,,,,,
2749,11.454167,,,,,,,,,,,,,,,
2750,11.458333,,,,,,,,,,,,,,,
2751,11.462500,,,,,,,,,,,,,,,
2752,11.466667,,,,,,,,,,,,,,,
2753,11.470833,,,,,,,,,,,,,,,
2754,11.475000,,,,,,,,,,,,,,,
2755,11.479167,,,,,,,,,,,,,,,
2756,11.483333,,,,,,,,,,,,,,,
2757,11.487500,,,,,,,,,,,,,,,
2758,11.491667,,,,,,,,,,,,,,,
2759,11.495833,,,,,,,,,,,,,,,
2760,11.500000,,,,,,,,,,,,,,,
2761,11.504167,,,,,,,,,,,,,,,
2762,11.508333,,,,,,,,,,,,,,,
2763,11.512500,,,,,,,,,,,,,,,
2764,11.516667,,,,,,,,,,,,,,,
2765,11.520833,,,,,,,,,,,,,,,
2766,11.525000,,,,,,,,,,,,,,,
2767,11.529167,,,,,,,,,,,,,,,
2768,11.533333,,,,,,,,,,,,,,,
2769,11.537500,,,,,,,,,,,,,,,
2770,11.541667,,,,,,,,,,,,,,,
2771,11.545833,,,,,,,,,,,,,,,
2772,11.550000,,,,,,,,,,,,,,,
2773,11.554167,,,,,,,,,,,,,,,
2774,11.558333,,,,,,,,,,,,,,,
2775,11.562500,,,,,,,,,,,,,,,
2776,11.566667,,,,,,,,,,,,,,,
2777,11.570833,,,,,,,,,,,,,,,
2778,11.575000,,,,,,,,,,,,,,,
2779,11.579167,,,,,,,,,,,,,,,
2780,11.583333,,,,,,,,,,,,,,,
2781,11.587500,,,,,,,,,,,,,,,
2782,11.591667,,,,,,,,,,,,,,,
2783,11.595833,,,,,,,,,,,,,,,
2784,11.600000,,,,,,,,,,,,,,,
2785,11.604167,,,,,,,,,,,,,,,
2786,11.608333,,,,,,,,,,,,,,,
2787,11.612500,,,,,,,,,,,,,,,
2788,11.616667,,,,,,,,,,,,,,,
2789,11.620833,,,,,,,,,,,,,,,
2790,11.625000,,,,,,,,,,,,,,,
2791,11.629167,,,,,,,,,,,,,,,
2792,11.633333,,,,,,,,,,,,,,,
2793,11.637500,,,,,,,,,,,,,,,
2794,11.641667,,,,,,,,,,,,,,,
2795,11.645833,,,,,,,,,,,,,,,
2796,11.650000,,,,,,,,,,,,,,,
2797,11.654167,,,,,,,,,,,,,,,
2798,11.658333,,,,,,,,,,,,,,,
2799,11.662500,,,,,,,,,,,,,,,
2800,11.666667,,,,,,,,,,,,,,,
2801,11.670833,,,,,,,,,,,,,,,
2802,11.675000,,,,,,,,,,,,,,,
2803,11.679167,,,,,,,,,,,,,,,
2804,11.683333,,,,,,,,,,,,,,,
2805,11.687500,,,,,,,,,,,,,,,
2806,11.691667,,,,,,,,,,,,,,,
2807,11.695833,,,,,,,,,,,,,,,
2808,11.700000,,,,,,,,,,,,,,,
2809,11.704167,,,,,,,,,,,,,,,
2810,11.708333,,,,,,,,,,,,,,,
2811,11.712500,,,,,,,,,,,,,,,
2812,11.716667,,,,,,,,,,,,,,,
2813,11.720833,,,,,,,,,,,,,,,
2814,11.725000,,,,,,,,,,,,,,,
2815,11.729167,,,,,,,,,,,,,,,
2816,11.733333,,,,,,,,,,,,,,,
2817,11.737500,,,,,,,,,,,,,,,
2818,11.741667,,,,,,,,,,,,,,,
2819,11.745833,,,,,,,,,,,,,,,
2820,11.750000,,,,,,,,,,,,,,,
2821,11.754167,,,,,,,,,,,,,,,
2822,11.758333,,,,,,,,,,,,,,,
2823,11.762500,,,,,,,,,,,,,,,
2824,11.766667,,,,,,,,,,,,,,,
2825,11.770833,,,,,,,,,,,,,,,
2826,11.775000,,,,,,,,,,,,,,,
2827,11.779167,,,,,,,,,,,,,,,
2828,11.783333,,,,,,,,,,,,,,,
2829,11.787500,,,,,,,,,,,,,,,
2830,11.791667,,,,,,,,,,,,,,,
2831,11.795833,,,,,,,,,,,,,,,
2832,11.800000,,,,,,,,,,,,,,,
2833,11.804167,,,,,,,,,,,,,,,
2834,11.808333,,,,,,,,,,,,,,,
2835,11.812500,,,,,,,,,,,,,,,
2836,11.816667,,,,,,,,,,,,,,,
2837,11.820833,,,,,,,,,,,,,,,
2838,11.825000,,,,,,,,,,,,,,,
2839,11.829167,,,,,,,,,,,,,,,
2840,11.833333,,,,,,,,,,,,,,,
2841,11.837500,,,,,,,,,,,,,,,
2842,11.841667,,,,,,,,,,,,,,,
2843,11.845833,,,,,,,,,,,,,,,
2844,11.850000,,,,,,,,,,,,,,,
2845,11.854167,,,,,,,,,,,,,,,
2846,11.858333,,,,,,,,,,,,,,,
2847,11.862500,,,,,,,,,,,,,,,
2848,11.866667,,,,,,,,,,,,,,,
2849,11.870833,,,,,,,,,,,,,,,
2850,11.875000,,,,,,,,,,,,,,,
2851,11.879167,,,,,,,,,,,,,,,
2852,11.883333,,,,,,,,,,,,,,,
2853,11.887500,,,,,,,,,,,,,,,
2854,11.891667,,,,,,,,,,,,,,,
2855,11.895833,,,,,,,,,,,,,,,
2856,11.900000,,,,,,,,,,,,,,,
2857,11.904167,,,,,,,,,,,,,,,
2858,11.908333,,,,,,,,,,,,,,,
2859,11.912500,,,,,,,,,,,,,,,
2860,11.916667,,,,,,,,,,,,,,,
2861,11.920833,,,,,,,,,,,,,,,
2862,11.925000,,,,,,,,,,,,,,,
2863,11.929167,,,,,,,,,,,,,,,
2864,11.933333,,,,,,,,,,,,,,,
2865,11.937500,,,,,,,,,,,,,,,
2866,11.941667,,,,,,,,,,,,,,,
2867,11.945833,,,,,,,,,,,,,,,
2868,11.950000,,,,,,,,,,,,,,,
2869,11.954167,,,,,,,,,,,,,,,
2870,11.958333,,,,,,,,,,,,,,,
2871,11.962500,,,,,,,,,,,,,,,
2872,11.966667,,,,,,,,,,,,,,,
2873,11.970833,,,,,,,,,,,,,,,
2874,11.975000,,,,,,,,,,,,,,,
2875,11.979167,,,,,,,,,,,,,,,
2876,11.983333,,,,,,,,,,,,,,,
2877,11.987500,,,,,,,,,,,,,,,
2878,11.991667,,,,,,,,,,,,,,,
2879,11.995833,,,,,,,,,,,,,,,
2880,12.000000,,,,,,,,,,,,,,,
2881,12.004167,,,,,,,,,,,,,,,
2882,12.008333,,,,,,,,,,,,,,,
2883,12.012500,,,,,,,,,,,,,,,
2884,12.016667,,,,,,,,,,,,,,,
2885,12.020833,,,,,,,,,,,,,,,
2886,12.025000,,,,,,,,,,,,,,,
2887,12.029167,,,,,,,,,,,,,,,
2888,12.033333,,,,,,,,,,,,,,,
2889,12.037500,,,,,,,,,,,,,,,
2890,12.041667,,,,,,,,,,,,,,,
2891,12.045833,,,,,,,,,,,,,,,
2892,12.050000,,,,,,,,,,,,,,,
2893,12.054167,,,,,,,,,,,,,,,
2894,12.058333,,,,,,,,,,,,,,,
2895,12.062500,,,,,,,,,,,,,,,
2896,12.066667,,,,,,,,,,,,,,,
2897,12.070833,,,,,,,,,,,,,,,
2898,12.075000,,,,,,,,,,,,,,,
2899,12.079167,,,,,,,,,,,,,,,
2900,12.083333,,,,,,,,,,,,,,,
2901,12.087500,,,,,,,,,,,,,,,
2902,12.091667,,,,,,,,,,,,,,,
2903,12.095833,,,,,,,,,,,,,,,
2904,12.100000,,,,,,,,,,,,,,,
2905,12.104167,,,,,,,,,,,,,,,
2906,12.108333,,,,,,,,,,,,,,,
2907,12.112500,,,,,,,,,,,,,,,
2908,12.116667,,,,,,,,,,,,,,,
2909,12.120833,,,,,,,,,,,,,,,
2910,12.125000,,,,,,,,,,,,,,,
2911,12.129167,,,,,,,,,,,,,,,
2912,12.133333,,,,,,,,,,,,,,,
2913,12.137500,,,,,,,,,,,,,,,
2914,12.141667,,,,,,,,,,,,,,,
2915,12.145833,,,,,,,,,,,,,,,
2916,12.150000,,,,,,,,,,,,,,,
2917,12.154167,,,,,,,,,,,,,,,
2918,12.158333,,,,,,,,,,,,,,,
2919,12.162500,,,,,,,,,,,,,,,
2920,12.166667,,,,,,,,,,,,,,,
2921,12.170833,,,,,,,,,,,,,,,
2922,12.175000,,,,,,,,,,,,,,,
2923,12.179167,,,,,,,,,,,,,,,
2924,12.183333,,,,,,,,,,,,,,,
2925,12.187500,,,,,,,,,,,,,,,
2926,12.191667,,,,,,,,,,,,,,,
2927,12.195833,,,,,,,,,,,,,,,
2928,12.200000,,,,,,,,,,,,,,,
2929,12.204167,,,,,,,,,,,,,,,
2930,12.208333,,,,,,,,,,,,,,,
2931,12.212500,,,,,,,,,,,,,,,
2932,12.216667,,,,,,,,,,,,,,,
2933,12.220833,,,,,,,,,,,,,,,
2934,12.225000,,,,,,,,,,,,,,,
2935,12.229167,,,,,,,,,,,,,,,
2936,12.233333,,,,,,,,,,,,,,,
2937,12.237500,,,,,,,,,,,,,,,
2938,12.241667,,,,,,,,,,,,,,,
2939,12.245833,,,,,,,,,,,,,,,
2940,12.250000,,,,,,,,,,,,,,,
2941,12.254167,,,,,,,,,,,,,,,
2942,12.258333,,,,,,,,,,,,,,,
2943,12.262500,,,,,,,,,,,,,,,
2944,12.266667,,,,,,,,,,,,,,,
2945,12.270833,,,,,,,,,,,,,,,
2946,12.275000,,,,,,,,,,,,,,,
2947,12.279167,,,,,,,,,,,,,,,
2948,12.283333,,,,,,,,,,,,,,,
2949,12.287500,,,,,,,,,,,,,,,
2950,12.291667,,,,,,,,,,,,,,,
2951,12.295833,,,,,,,,,,,,,,,
2952,12.300000,,,,,,,,,,,,,,,
2953,12.304167,,,,,,,,,,,,,,,
2954,12.308333,,,,,,,,,,,,,,,
2955,12.312500,,,,,,,,,,,,,,,
2956,12.316667,,,,,,,,,,,,,,,
2957,12.320833,,,,,,,,,,,,,,,
2958,12.325000,,,,,,,,,,,,,,,
2959,12.329167,,,,,,,,,,,,,,,
2960,12.333333,,,,,,,,,,,,,,,
2961,12.337500,,,,,,,,,,,,,,,
2962,12.341667,,,,,,,,,,,,,,,
2963,12.345833,,,,,,,,,,,,,,,
2964,12.350000,,,,,,,,,,,,,,,
2965,12.354167,,,,,,,,,,,,,,,
2966,12.358333,,,,,,,,,,,,,,,
2967,12.362500,,,,,,,,,,,,,,,
2968,12.366667,,,,,,,,,,,,,,,
2969,12.370833,,,,,,,,,,,,,,,
2970,12.375000,,,,,,,,,,,,,,,
2971,12.379167,,,,,,,,,,,,,,,
2972,12.383333,,,,,,,,,,,,,,,
2973,12.387500,,,,,,,,,,,,,,,
2974,12.391667,,,,,,,,,,,,,,,
2975,12.395833,,,,,,,,,,,,,,,
2976,12.400000,,,,,,,,,,,,,,,
2977,12.404167,,,,,,,,,,,,,,,
2978,12.408333,,,,,,,,,,,,,,,
2979,12.412500,,,,,,,,,,,,,,,
2980,12.416667,,,,,,,,,,,,,,,
2981,12.420833,,,,,,,,,,,,,,,
2982,12.425000,,,,,,,,,,,,,,,
2983,12.429167,,,,,,,,,,,,,,,
2984,12.433333,,,,,,,,,,,,,,,
2985,12.437500,,,,,,,,,,,,,,,
2986,12.441667,,,,,,,,,,,,,,,
2987,12.445833,,,,,,,,,,,,,,,
2988,12.450000,,,,,,,,,,,,,,,
2989,12.454167,,,,,,,,,,,,,,,
2990,12.458333,,,,,,,,,,,,,,,
2991,12.462500,,,,,,,,,,,,,,,
2992,12.466667,,,,,,,,,,,,,,,
2993,12.470833,,,,,,,,,,,,,,,
2994,12.475000,,,,,,,,,,,,,,,
2995,12.479167,,,,,,,,,,,,,,,
2996,12.483333,,,,,,,,,,,,,,,
2997,12.487500,,,,,,,,,,,,,,,
2998,12.491667,,,,,,,,,,,,,,,
2999,12.495833,,,,,,,,,,,,,,,
3000,12.500000,,,,,,,,,,,,,,,
3001,12.504167,,,,,,,,,,,,,,,
3002,12.508333,,,,,,,,,,,,,,,
3003,12.512500,,,,,,,,,,,,,,,
3004,12.516667,,,,,,,,,,,,,,,
3005,12.520833,,,,,,,,,,,,,,,
3006,12.525000,,,,,,,,,,,,,,,
3007,12.529167,,,,,,,,,,,,,,,
3008,12.533333,,,,,,,,,,,,,,,
3009,12.537500,,,,,,,,,,,,,,,
3010,12.541667,,,,,,,,,,,,,,,
3011,12.545833,,,,,,,,,,,,,,,
3012,12.550000,,,,,,,,,,,,,,,
3013,12.554167,,,,,,,,,,,,,,,
3014,12.558333,,,,,,,,,,,,,,,
3015,12.562500,,,,,,,,,,,,,,,
3016,12.566667,,,,,,,,,,,,,,,
3017,12.570833,,,,,,,,,,,,,,,
3018,12.575000,,,,,,,,,,,,,,,
3019,12.579167,,,,,,,,,,,,,,,
3020,12.583333,,,,,,,,,,,,,,,
3021,12.587500,,,,,,,,,,,,,,,
3022,12.591667,,,,,,,,,,,,,,,
3023,12.595833,,,,,,,,,,,,,,,
3024,12.600000,,,,,,,,,,,,,,,
3025,12.604167,,,,,,,,,,,,,,,
3026,12.608333,,,,,,,,,,,,,,,
3027,12.612500,,,,,,,,,,,,,,,
3028,12.616667,,,,,,,,,,,,,,,
3029,12.620833,,,,,,,,,,,,,,,
3030,12.625000,,,,,,,,,,,,,,,
3031,12.629167,,,,,,,,,,,,,,,
3032,12.633333,,,,,,,,,,,,,,,
3033,12.637500,,,,,,,,,,,,,,,
3034,12.641667,,,,,,,,,,,,,,,
3035,12.645833,,,,,,,,,,,,,,,
3036,12.650000,,,,,,,,,,,,,,,
3037,12.654167,,,,,,,,,,,,,,,
3038,12.658333,,,,,,,,,,,,,,,
3039,12.662500,,,,,,,,,,,,,,,
3040,12.666667,,,,,,,,,,,,,,,
3041,12.670833,,,,,,,,,,,,,,,
3042,12.675000,,,,,,,,,,,,,,,
3043,12.679167,,,,,,,,,,,,,,,
3044,12.683333,,,,,,,,,,,,,,,
3045,12.687500,,,,,,,,,,,,,,,
3046,12.691667,,,,,,,,,,,,,,,
3047,12.695833,,,,,,,,,,,,,,,
3048,12.700000,,,,,,,,,,,,,,,
3049,12.704167,,,,,,,,,,,,,,,
3050,12.708333,,,,,,,,,,,,,,,
3051,12.712500,,,,,,,,,,,,,,,
3052,12.716667,,,,,,,,,,,,,,,
3053,12.720833,,,,,,,,,,,,,,,
3054,12.725000,,,,,,,,,,,,,,,
3055,12.729167,,,,,,,,,,,,,,,
3056,12.733333,,,,,,,,,,,,,,,
3057,12.737500,,,,,,,,,,,,,,,
3058,12.741667,,,,,,,,,,,,,,,
3059,12.745833,,,,,,,,,,,,,,,
3060,12.750000,,,,,,,,,,,,,,,
3061,12.754167,,,,,,,,,,,,,,,
3062,12.758333,,,,,,,,,,,,,,,
3063,12.762500,,,,,,,,,,,,,,,
3064,12.766667,,,,,,,,,,,,,,,
3065,12.770833,,,,,,,,,,,,,,,
3066,12.775000,,,,,,,,,,,,,,,
3067,12.779167,,,,,,,,,,,,,,,
3068,12.783333,,,,,,,,,,,,,,,
3069,12.787500,,,,,,,,,,,,,,,
3070,12.791667,,,,,,,,,,,,,,,
3071,12.795833,,,,,,,,,,,,,,,
3072,12.800000,,,,,,,,,,,,,,,
3073,12.804167,,,,,,,,,,,,,,,
3074,12.808333,,,,,,,,,,,,,,,
3075,12.812500,,,,,,,,,,,,,,,
3076,12.816667,,,,,,,,,,,,,,,
3077,12.820833,,,,,,,,,,,,,,,
3078,12.825000,,,,,,,,,,,,,,,
3079,12.829167,,,,,,,,,,,,,,,
3080,12.833333,,,,,,,,,,,,,,,
3081,12.837500,,,,,,,,,,,,,,,
3082,12.841667,,,,,,,,,,,,,,,
3083,12.845833,,,,,,,,,,,,,,,
3084,12.850000,,,,,,,,,,,,,,,
3085,12.854167,,,,,,,,,,,,,,,
3086,12.858333,,,,,,,,,,,,,,,
3087,12.862500,,,,,,,,,,,,,,,
3088,12.866667,,,,,,,,,,,,,,,
3089,12.870833,,,,,,,,,,,,,,,
3090,12.875000,,,,,,,,,,,,,,,
3091,12.879167,,,,,,,,,,,,,,,
3092,12.883333,,,,,,,,,,,,,,,
3093,12.887500,,,,,,,,,,,,,,,
3094,12.891667,,,,,,,,,,,,,,,
3095,12.895833,,,,,,,,,,,,,,,
3096,12.900000,,,,,,,,,,,,,,,
3097,12.904167,,,,,,,,,,,,,,,
3098,12.908333,,,,,,,,,,,,,,,
3099,12.912500,,,,,,,,,,,,,,,
3100,12.916667,,,,,,,,,,,,,,,
3101,12.920833,,,,,,,,,,,,,,,
3102,12.925000,,,,,,,,,,,,,,,
3103,12.929167,,,,,,,,,,,,,,,
3104,12.933333,,,,,,,,,,,,,,,
3105,12.937500,,,,,,,,,,,,,,,
3106,12.941667,,,,,,,,,,,,,,,
3107,12.945833,,,,,,,,,,,,,,,
3108,12.950000,,,,,,,,,,,,,,,
3109,12.954167,,,,,,,,,,,,,,,
3110,12.958333,,,,,,,,,,,,,,,
3111,12.962500,,,,,,,,,,,,,,,
3112,12.966667,,,,,,,,,,,,,,,
3113,12.970833,,,,,,,,,,,,,,,
3114,12.975000,,,,,,,,,,,,,,,
3115,12.979167,,,,,,,,,,,,,,,
3116,12.983333,,,,,,,,,,,,,,,
3117,12.987500,,,,,,,,,,,,,,,
3118,12.991667,,,,,,,,,,,,,,,
3119,12.995833,,,,,,,,,,,,,,,
3120,13.000000,,,,,,,,,,,,,,,
3121,13.004167,,,,,,,,,,,,,,,
3122,13.008333,,,,,,,,,,,,,,,
3123,13.012500,,,,,,,,,,,,,,,
3124,13.016667,,,,,,,,,,,,,,,
3125,13.020833,,,,,,,,,,,,,,,
3126,13.025000,,,,,,,,,,,,,,,
3127,13.029167,,,,,,,,,,,,,,,
3128,13.033333,,,,,,,,,,,,,,,
3129,13.037500,,,,,,,,,,,,,,,
3130,13.041667,,,,,,,,,,,,,,,
3131,13.045833,,,,,,,,,,,,,,,
3132,13.050000,,,,,,,,,,,,,,,
3133,13.054167,,,,,,,,,,,,,,,
3134,13.058333,,,,,,,,,,,,,,,
3135,13.062500,,,,,,,,,,,,,,,
3136,13.066667,,,,,,,,,,,,,,,
3137,13.070833,,,,,,,,,,,,,,,
3138,13.075000,,,,,,,,,,,,,,,
3139,13.079167,,,,,,,,,,,,,,,
3140,13.083333,,,,,,,,,,,,,,,
3141,13.087500,,,,,,,,,,,,,,,
3142,13.091667,,,,,,,,,,,,,,,
3143,13.095833,,,,,,,,,,,,,,,
3144,13.100000,,,,,,,,,,,,,,,
3145,13.104167,,,,,,,,,,,,,,,
3146,13.108333,,,,,,,,,,,,,,,
3147,13.112500,,,,,,,,,,,,,,,
3148,13.116667,,,,,,,,,,,,,,,
3149,13.120833,,,,,,,,,,,,,,,
3150,13.125000,,,,,,,,,,,,,,,
3151,13.129167,,,,,,,,,,,,,,,
3152,13.133333,,,,,,,,,,,,,,,
3153,13.137500,,,,,,,,,,,,,,,
3154,13.141667,,,,,,,,,,,,,,,
3155,13.145833,,,,,,,,,,,,,,,
3156,13.150000,,,,,,,,,,,,,,,
3157,13.154167,,,,,,,,,,,,,,,
3158,13.158333,,,,,,,,,,,,,,,
3159,13.162500,,,,,,,,,,,,,,,
3160,13.166667,,,,,,,,,,,,,,,
3161,13.170833,,,,,,,,,,,,,,,
3162,13.175000,,,,,,,,,,,,,,,
3163,13.179167,,,,,,,,,,,,,,,
3164,13.183333,,,,,,,,,,,,,,,
3165,13.187500,,,,,,,,,,,,,,,
3166,13.191667,,,,,,,,,,,,,,,
3167,13.195833,,,,,,,,,,,,,,,
3168,13.200000,,,,,,,,,,,,,,,
3169,13.204167,,,,,,,,,,,,,,,
3170,13.208333,,,,,,,,,,,,,,,
3171,13.212500,,,,,,,,,,,,,,,
3172,13.216667,,,,,,,,,,,,,,,
3173,13.220833,,,,,,,,,,,,,,,
3174,13.225000,,,,,,,,,,,,,,,
3175,13.229167,,,,,,,,,,,,,,,
3176,13.233333,,,,,,,,,,,,,,,
3177,13.237500,,,,,,,,,,,,,,,
3178,13.241667,,,,,,,,,,,,,,,
3179,13.245833,,,,,,,,,,,,,,,
3180,13.250000,,,,,,,,,,,,,,,
3181,13.254167,,,,,,,,,,,,,,,
3182,13.258333,,,,,,,,,,,,,,,
3183,13.262500,,,,,,,,,,,,,,,
3184,13.266667,,,,,,,,,,,,,,,
3185,13.270833,,,,,,,,,,,,,,,
3186,13.275000,,,,,,,,,,,,,,,
3187,13.279167,,,,,,,,,,,,,,,
3188,13.283333,,,,,,,,,,,,,,,
3189,13.287500,,,,,,,,,,,,,,,
3190,13.291667,,,,,,,,,,,,,,,
3191,13.295833,,,,,,,,,,,,,,,
3192,13.300000,,,,,,,,,,,,,,,
3193,13.304167,,,,,,,,,,,,,,,
3194,13.308333,,,,,,,,,,,,,,,
3195,13.312500,,,,,,,,,,,,,,,
3196,13.316667,,,,,,,,,,,,,,,
3197,13.320833,,,,,,,,,,,,,,,
3198,13.325000,,,,,,,,,,,,,,,
3199,13.329167,,,,,,,,,,,,,,,
3200,13.333333,,,,,,,,,,,,,,,
3201,13.337500,,,,,,,,,,,,,,,
3202,13.341667,,,,,,,,,,,,,,,
3203,13.345833,,,,,,,,,,,,,,,
3204,13.350000,,,,,,,,,,,,,,,
3205,13.354167,,,,,,,,,,,,,,,
3206,13.358333,,,,,,,,,,,,,,,
3207,13.362500,,,,,,,,,,,,,,,
3208,13.366667,,,,,,,,,,,,,,,
3209,13.370833,,,,,,,,,,,,,,,
3210,13.375000,,,,,,,,,,,,,,,
3211,13.379167,,,,,,,,,,,,,,,
3212,13.383333,,,,,,,,,,,,,,,
3213,13.387500,,,,,,,,,,,,,,,
3214,13.391667,,,,,,,,,,,,,,,
3215,13.395833,,,,,,,,,,,,,,,
3216,13.400000,,,,,,,,,,,,,,,
3217,13.404167,,,,,,,,,,,,,,,
3218,13.408333,,,,,,,,,,,,,,,
3219,13.412500,,,,,,,,,,,,,,,
3220,13.416667,,,,,,,,,,,,,,,
3221,13.420833,,,,,,,,,,,,,,,
3222,13.425000,,,,,,,,,,,,,,,
3223,13.429167,,,,,,,,,,,,,,,
3224,13.433333,,,,,,,,,,,,,,,
3225,13.437500,,,,,,,,,,,,,,,
3226,13.441667,,,,,,,,,,,,,,,
3227,13.445833,,,,,,,,,,,,,,,
3228,13.450000,,,,,,,,,,,,,,,
3229,13.454167,,,,,,,,,,,,,,,
3230,13.458333,,,,,,,,,,,,,,,
3231,13.462500,,,,,,,,,,,,,,,
3232,13.466667,,,,,,,,,,,,,,,
3233,13.470833,,,,,,,,,,,,,,,
3234,13.475000,,,,,,,,,,,,,,,
3235,13.479167,,,,,,,,,,,,,,,
3236,13.483333,,,,,,,,,,,,,,,
3237,13.487500,,,,,,,,,,,,,,,
3238,13.491667,,,,,,,,,,,,,,,
3239,13.495833,,,,,,,,,,,,,,,
3240,13.500000,,,,,,,,,,,,,,,
3241,13.504167,,,,,,,,,,,,,,,
3242,13.508333,,,,,,,,,,,,,,,
3243,13.512500,,,,,,,,,,,,,,,
3244,13.516667,,,,,,,,,,,,,,,
3245,13.520833,,,,,,,,,,,,,,,
3246,13.525000,,,,,,,,,,,,,,,
3247,13.529167,,,,,,,,,,,,,,,
3248,13.533333,,,,,,,,,,,,,,,
3249,13.537500,,,,,,,,,,,,,,,
3250,13.541667,,,,,,,,,,,,,,,
3251,13.545833,,,,,,,,,,,,,,,
3252,13.550000,,,,,,,,,,,,,,,
3253,13.554167,,,,,,,,,,,,,,,
3254,13.558333,,,,,,,,,,,,,,,
3255,13.562500,,,,,,,,,,,,,,,
3256,13.566667,,,,,,,,,,,,,,,
3257,13.570833,,,,,,,,,,,,,,,
3258,13.575000,,,,,,,,,,,,,,,
3259,13.579167,,,,,,,,,,,,,,,
3260,13.583333,,,,,,,,,,,,,,,
3261,13.587500,,,,,,,,,,,,,,,
3262,13.591667,,,,,,,,,,,,,,,
3263,13.595833,,,,,,,,,,,,,,,
3264,13.600000,,,,,,,,,,,,,,,
3265,13.604167,,,,,,,,,,,,,,,
3266,13.608333,,,,,,,,,,,,,,,
3267,13.612500,,,,,,,,,,,,,,,
3268,13.616667,,,,,,,,,,,,,,,
3269,13.620833,,,,,,,,,,,,,,,
3270,13.625000,,,,,,,,,,,,,,,
3271,13.629167,,,,,,,,,,,,,,,
3272,13.633333,,,,,,,,,,,,,,,
3273,13.637500,,,,,,,,,,,,,,,
3274,13.641667,,,,,,,,,,,,,,,
3275,13.645833,,,,,,,,,,,,,,,
3276,13.650000,,,,,,,,,,,,,,,
3277,13.654167,,,,,,,,,,,,,,,
3278,13.658333,,,,,,,,,,,,,,,
3279,13.662500,,,,,,,,,,,,,,,
3280,13.666667,,,,,,,,,,,,,,,
3281,13.670833,,,,,,,,,,,,,,,
3282,13.675000,,,,,,,,,,,,,,,
3283,13.679167,,,,,,,,,,,,,,,
3284,13.683333,,,,,,,,,,,,,,,
3285,13.687500,,,,,,,,,,,,,,,
3286,13.691667,,,,,,,,,,,,,,,
3287,13.695833,,,,,,,,,,,,,,,
3288,13.700000,,,,,,,,,,,,,,,
3289,13.704167,,,,,,,,,,,,,,,
3290,13.708333,,,,,,,,,,,,,,,
3291,13.712500,,,,,,,,,,,,,,,
3292,13.716667,,,,,,,,,,,,,,,
3293,13.720833,,,,,,,,,,,,,,,
3294,13.725000,,,,,,,,,,,,,,,
3295,13.729167,,,,,,,,,,,,,,,
3296,13.733333,,,,,,,,,,,,,,,
3297,13.737500,,,,,,,,,,,,,,,
3298,13.741667,,,,,,,,,,,,,,,
3299,13.745833,,,,,,,,,,,,,,,
3300,13.750000,,,,,,,,,,,,,,,
3301,13.754167,,,,,,,,,,,,,,,
3302,13.758333,,,,,,,,,,,,,,,
3303,13.762500,,,,,,,,,,,,,,,
3304,13.766667,,,,,,,,,,,,,,,
3305,13.770833,,,,,,,,,,,,,,,
3306,13.775000,,,,,,,,,,,,,,,
3307,13.779167,,,,,,,,,,,,,,,
3308,13.783333,,,,,,,,,,,,,,,
3309,13.787500,,,,,,,,,,,,,,,
3310,13.791667,,,,,,,,,,,,,,,
3311,13.795833,,,,,,,,,,,,,,,
3312,13.800000,,,,,,,,,,,,,,,
3313,13.804167,,,,,,,,,,,,,,,
3314,13.808333,,,,,,,,,,,,,,,
3315,13.812500,,,,,,,,,,,,,,,
3316,13.816667,,,,,,,,,,,,,,,
3317,13.820833,,,,,,,,,,,,,,,
3318,13.825000,,,,,,,,,,,,,,,
3319,13.829167,,,,,,,,,,,,,,,
3320,13.833333,,,,,,,,,,,,,,,
3321,13.837500,,,,,,,,,,,,,,,
3322,13.841667,,,,,,,,,,,,,,,
3323,13.845833,,,,,,,,,,,,,,,
3324,13.850000,,,,,,,,,,,,,,,
3325,13.854167,,,,,,,,,,,,,,,
3326,13.858333,,,,,,,,,,,,,,,
3327,13.862500,,,,,,,,,,,,,,,
3328,13.866667,,,,,,,,,,,,,,,
3329,13.870833,,,,,,,,,,,,,,,
3330,13.875000,,,,,,,,,,,,,,,
3331,13.879167,,,,,,,,,,,,,,,
3332,13.883333,,,,,,,,,,,,,,,
3333,13.887500,,,,,,,,,,,,,,,
3334,13.891667,,,,,,,,,,,,,,,
3335,13.895833,,,,,,,,,,,,,,,
3336,13.900000,,,,,,,,,,,,,,,
3337,13.904167,,,,,,,,,,,,,,,
3338,13.908333,,,,,,,,,,,,,,,
3339,13.912500,,,,,,,,,,,,,,,
3340,13.916667,,,,,,,,,,,,,,,
3341,13.920833,,,,,,,,,,,,,,,
3342,13.925000,,,,,,,,,,,,,,,
3343,13.929167,,,,,,,,,,,,,,,
3344,13.933333,,,,,,,,,,,,,,,
3345,13.937500,,,,,,,,,,,,,,,
3346,13.941667,,,,,,,,,,,,,,,
3347,13.945833,,,,,,,,,,,,,,,
3348,13.950000,,,,,,,,,,,,,,,
3349,13.954167,,,,,,,,,,,,,,,
3350,13.958333,,,,,,,,,,,,,,,
3351,13.962500,,,,,,,,,,,,,,,
3352,13.966667,,,,,,,,,,,,,,,
3353,13.970833,,,,,,,,,,,,,,,
3354,13.975000,,,,,,,,,,,,,,,
3355,13.979167,,,,,,,,,,,,,,,
3356,13.983333,,,,,,,,,,,,,,,
3357,13.987500,,,,,,,,,,,,,,,
3358,13.991667,,,,,,,,,,,,,,,
3359,13.995833,,,,,,,,,,,,,,,
3360,14.000000,,,,,,,,,,,,,,,
3361,14.004167,,,,,,,,,,,,,,,
3362,14.008333,,,,,,,,,,,,,,,
3363,14.012500,,,,,,,,,,,,,,,
3364,14.016667,,,,,,,,,,,,,,,
3365,14.020833,,,,,,,,,,,,,,,
3366,14.025000,,,,,,,,,,,,,,,
3367,14.029167,,,,,,,,,,,,,,,
3368,14.033333,,,,,,,,,,,,,,,
3369,14.037500,,,,,,,,,,,,,,,
3370,14.041667,,,,,,,,,,,,,,,
3371,14.045833,,,,,,,,,,,,,,,
3372,14.050000,,,,,,,,,,,,,,,
3373,14.054167,,,,,,,,,,,,,,,
3374,14.058333,,,,,,,,,,,,,,,
3375,14.062500,,,,,,,,,,,,,,,
3376,14.066667,,,,,,,,,,,,,,,
3377,14.070833,,,,,,,,,,,,,,,
3378,14.075000,,,,,,,,,,,,,,,
3379,14.079167,,,,,,,,,,,,,,,
3380,14.083333,,,,,,,,,,,,,,,
3381,14.087500,,,,,,,,,,,,,,,
3382,14.091667,,,,,,,,,,,,,,,
3383,14.095833,,,,,,,,,,,,,,,
3384,14.100000,,,,,,,,,,,,,,,
3385,14.104167,,,,,,,,,,,,,,,
3386,14.108333,,,,,,,,,,,,,,,
3387,14.112500,,,,,,,,,,,,,,,
3388,14.116667,,,,,,,,,,,,,,,
3389,14.120833,,,,,,,,,,,,,,,
3390,14.125000,,,,,,,,,,,,,,,
3391,14.129167,,,,,,,,,,,,,,,
3392,14.133333,,,,,,,,,,,,,,,
3393,14.137500,,,,,,,,,,,,,,,
3394,14.141667,,,,,,,,,,,,,,,
3395,14.145833,,,,,,,,,,,,,,,
3396,14.150000,,,,,,,,,,,,,,,
3397,14.154167,,,,,,,,,,,,,,,
3398,14.158333,,,,,,,,,,,,,,,
3399,14.162500,,,,,,,,,,,,,,,
3400,14.166667,,,,,,,,,,,,,,,
3401,14.170833,,,,,,,,,,,,,,,
3402,14.175000,,,,,,,,,,,,,,,
3403,14.179167,,,,,,,,,,,,,,,
3404,14.183333,,,,,,,,,,,,,,,
3405,14.187500,,,,,,,,,,,,,,,
3406,14.191667,,,,,,,,,,,,,,,
3407,14.195833,,,,,,,,,,,,,,,
3408,14.200000,,,,,,,,,,,,,,,
3409,14.204167,,,,,,,,,,,,,,,
3410,14.208333,,,,,,,,,,,,,,,
3411,14.212500,,,,,,,,,,,,,,,
3412,14.216667,,,,,,,,,,,,,,,
3413,14.220833,,,,,,,,,,,,,,,
3414,14.225000,,,,,,,,,,,,,,,
3415,14.229167,,,,,,,,,,,,,,,
3416,14.233333,,,,,,,,,,,,,,,
3417,14.237500,,,,,,,,,,,,,,,
3418,14.241667,,,,,,,,,,,,,,,
3419,14.245833,,,,,,,,,,,,,,,
3420,14.250000,,,,,,,,,,,,,,,
3421,14.254167,,,,,,,,,,,,,,,
3422,14.258333,,,,,,,,,,,,,,,
3423,14.262500,,,,,,,,,,,,,,,
3424,14.266667,,,,,,,,,,,,,,,
3425,14.270833,,,,,,,,,,,,,,,
3426,14.275000,,,,,,,,,,,,,,,
3427,14.279167,,,,,,,,,,,,,,,
3428,14.283333,,,,,,,,,,,,,,,
3429,14.287500,,,,,,,,,,,,,,,
3430,14.291667,,,,,,,,,,,,,,,
3431,14.295833,,,,,,,,,,,,,,,
3432,14.300000,,,,,,,,,,,,,,,
3433,14.304167,,,,,,,,,,,,,,,
3434,14.308333,,,,,,,,,,,,,,,
3435,14.312500,,,,,,,,,,,,,,,
3436,14.316667,,,,,,,,,,,,,,,
3437,14.320833,,,,,,,,,,,,,,,
3438,14.325000,,,,,,,,,,,,,,,
3439,14.329167,,,,,,,,,,,,,,,
3440,14.333333,,,,,,,,,,,,,,,
3441,14.337500,,,,,,,,,,,,,,,
3442,14.341667,,,,,,,,,,,,,,,
3443,14.345833,,,,,,,,,,,,,,,
3444,14.350000,,,,,,,,,,,,,,,
3445,14.354167,,,,,,,,,,,,,,,
3446,14.358333,,,,,,,,,,,,,,,
3447,14.362500,,,,,,,,,,,,,,,
3448,14.366667,,,,,,,,,,,,,,,
3449,14.370833,,,,,,,,,,,,,,,
3450,14.375000,,,,,,,,,,,,,,,
3451,14.379167,,,,,,,,,,,,,,,
3452,14.383333,,,,,,,,,,,,,,,
3453,14.387500,,,,,,,,,,,,,,,
3454,14.391667,,,,,,,,,,,,,,,
3455,14.395833,,,,,,,,,,,,,,,
3456,14.400000,,,,,,,,,,,,,,,
3457,14.404167,,,,,,,,,,,,,,,
3458,14.408333,,,,,,,,,,,,,,,
3459,14.412500,,,,,,,,,,,,,,,
3460,14.416667,,,,,,,,,,,,,,,
3461,14.420833,,,,,,,,,,,,,,,
3462,14.425000,,,,,,,,,,,,,,,
3463,14.429167,,,,,,,,,,,,,,,
3464,14.433333,,,,,,,,,,,,,,,
3465,14.437500,,,,,,,,,,,,,,,
3466,14.441667,,,,,,,,,,,,,,,
3467,14.445833,,,,,,,,,,,,,,,
3468,14.450000,,,,,,,,,,,,,,,
3469,14.454167,,,,,,,,,,,,,,,
3470,14.458333,,,,,,,,,,,,,,,
3471,14.462500,,,,,,,,,,,,,,,
3472,14.466667,,,,,,,,,,,,,,,
3473,14.470833,,,,,,,,,,,,,,,
3474,14.475000,,,,,,,,,,,,,,,
3475,14.479167,,,,,,,,,,,,,,,
3476,14.483333,,,,,,,,,,,,,,,
3477,14.487500,,,,,,,,,,,,,,,
3478,14.491667,,,,,,,,,,,,,,,
3479,14.495833,,,,,,,,,,,,,,,
3480,14.500000,,,,,,,,,,,,,,,
3481,14.504167,,,,,,,,,,,,,,,
3482,14.508333,,,,,,,,,,,,,,,
3483,14.512500,,,,,,,,,,,,,,,
3484,14.516667,,,,,,,,,,,,,,,
3485,14.520833,,,,,,,,,,,,,,,
3486,14.525000,,,,,,,,,,,,,,,
3487,14.529167,,,,,,,,,,,,,,,
3488,14.533333,,,,,,,,,,,,,,,
3489,14.537500,,,,,,,,,,,,,,,
3490,14.541667,,,,,,,,,,,,,,,
3491,14.545833,,,,,,,,,,,,,,,
3492,14.550000,,,,,,,,,,,,,,,
3493,14.554167,,,,,,,,,,,,,,,
3494,14.558333,,,,,,,,,,,,,,,
3495,14.562500,,,,,,,,,,,,,,,
3496,14.566667,,,,,,,,,,,,,,,
3497,14.570833,,,,,,,,,,,,,,,
3498,14.575000,,,,,,,,,,,,,,,
3499,14.579167,,,,,,,,,,,,,,,
3500,14.583333,,,,,,,,,,,,,,,
3501,14.587500,,,,,,,,,,,,,,,
3502,14.591667,,,,,,,,,,,,,,,
3503,14.595833,,,,,,,,,,,,,,,
3504,14.600000,,,,,,,,,,,,,,,
3505,14.604167,,,,,,,,,,,,,,,
3506,14.608333,,,,,,,,,,,,,,,
3507,14.612500,,,,,,,,,,,,,,,
3508,14.616667,,,,,,,,,,,,,,,
3509,14.620833,,,,,,,,,,,,,,,
3510,14.625000,,,,,,,,,,,,,,,
3511,14.629167,,,,,,,,,,,,,,,
3512,14.633333,,,,,,,,,,,,,,,
3513,14.637500,,,,,,,,,,,,,,,
3514,14.641667,,,,,,,,,,,,,,,
3515,14.645833,,,,,,,,,,,,,,,
3516,14.650000,,,,,,,,,,,,,,,
3517,14.654167,,,,,,,,,,,,,,,
3518,14.658333,,,,,,,,,,,,,,,
3519,14.662500,,,,,,,,,,,,,,,
3520,14.666667,,,,,,,,,,,,,,,
3521,14.670833,,,,,,,,,,,,,,,
3522,14.675000,,,,,,,,,,,,,,,
3523,14.679167,,,,,,,,,,,,,,,
3524,14.683333,,,,,,,,,,,,,,,
3525,14.687500,,,,,,,,,,,,,,,
3526,14.691667,,,,,,,,,,,,,,,
3527,14.695833,,,,,,,,,,,,,,,
3528,14.700000,,,,,,,,,,,,,,,
3529,14.704167,,,,,,,,,,,,,,,
3530,14.708333,,,,,,,,,,,,,,,
3531,14.712500,,,,,,,,,,,,,,,
3532,14.716667,,,,,,,,,,,,,,,
3533,14.720833,,,,,,,,,,,,,,,
3534,14.725000,,,,,,,,,,,,,,,
3535,14.729167,,,,,,,,,,,,,,,
3536,14.733333,,,,,,,,,,,,,,,
3537,14.737500,,,,,,,,,,,,,,,
3538,14.741667,,,,,,,,,,,,,,,
3539,14.745833,,,,,,,,,,,,,,,
3540,14.750000,,,,,,,,,,,,,,,
3541,14.754167,,,,,,,,,,,,,,,
3542,14.758333,,,,,,,,,,,,,,,
3543,14.762500,,,,,,,,,,,,,,,
3544,14.766667,,,,,,,,,,,,,,,
3545,14.770833,,,,,,,,,,,,,,,
3546,14.775000,,,,,,,,,,,,,,,
3547,14.779167,,,,,,,,,,,,,,,
3548,14.783333,,,,,,,,,,,,,,,
3549,14.787500,,,,,,,,,,,,,,,
3550,14.791667,,,,,,,,,,,,,,,
3551,14.795833,,,,,,,,,,,,,,,
3552,14.800000,,,,,,,,,,,,,,,
3553,14.804167,,,,,,,,,,,,,,,
3554,14.808333,,,,,,,,,,,,,,,
3555,14.812500,,,,,,,,,,,,,,,
3556,14.816667,,,,,,,,,,,,,,,
3557,14.820833,,,,,,,,,,,,,,,
3558,14.825000,,,,,,,,,,,,,,,
3559,14.829167,,,,,,,,,,,,,,,
3560,14.833333,,,,,,,,,,,,,,,
3561,14.837500,,,,,,,,,,,,,,,
3562,14.841667,,,,,,,,,,,,,,,
3563,14.845833,,,,,,,,,,,,,,,
3564,14.850000,,,,,,,,,,,,,,,
3565,14.854167,,,,,,,,,,,,,,,
3566,14.858333,,,,,,,,,,,,,,,
3567,14.862500,,,,,,,,,,,,,,,
3568,14.866667,,,,,,,,,,,,,,,
3569,14.870833,,,,,,,,,,,,,,,
3570,14.875000,,,,,,,,,,,,,,,
3571,14.879167,,,,,,,,,,,,,,,
3572,14.883333,,,,,,,,,,,,,,,
3573,14.887500,,,,,,,,,,,,,,,
3574,14.891667,,,,,,,,,,,,,,,
3575,14.895833,,,,,,,,,,,,,,,
3576,14.900000,,,,,,,,,,,,,,,
3577,14.904167,,,,,,,,,,,,,,,
3578,14.908333,,,,,,,,,,,,,,,
3579,14.912500,,,,,,,,,,,,,,,
3580,14.916667,,,,,,,,,,,,,,,
3581,14.920833,,,,,,,,,,,,,,,
3582,14.925000,,,,,,,,,,,,,,,
3583,14.929167,,,,,,,,,,,,,,,
3584,14.933333,,,,,,,,,,,,,,,
3585,14.937500,,,,,,,,,,,,,,,
3586,14.941667,,,,,,,,,,,,,,,
3587,14.945833,,,,,,,,,,,,,,,
3588,14.950000,,,,,,,,,,,,,,,
3589,14.954167,,,,,,,,,,,,,,,
3590,14.958333,,,,,,,,,,,,,,,
3591,14.962500,,,,,,,,,,,,,,,
3592,14.966667,,,,,,,,,,,,,,,
3593,14.970833,,,,,,,,,,,,,,,
3594,14.975000,,,,,,,,,,,,,,,
3595,14.979167,,,,,,,,,,,,,,,
3596,14.983333,,,,,,,,,,,,,,,
3597,14.987500,,,,,,,,,,,,,,,
3598,14.991667,,,,,,,,,,,,,,,
3599,14.995833,,,,,,,,,,,,,,,
3600,15.000000,,,,,,,,,,,,,,,
3601,15.004167,,,,,,,,,,,,,,,
3602,15.008333,,,,,,,,,,,,,,,
3603,15.012500,,,,,,,,,,,,,,,
3604,15.016667,,,,,,,,,,,,,,,
3605,15.020833,,,,,,,,,,,,,,,
3606,15.025000,,,,,,,,,,,,,,,
3607,15.029167,,,,,,,,,,,,,,,
3608,15.033333,,,,,,,,,,,,,,,
3609,15.037500,,,,,,,,,,,,,,,
3610,15.041667,,,,,,,,,,,,,,,
3611,15.045833,,,,,,,,,,,,,,,
3612,15.050000,,,,,,,,,,,,,,,
3613,15.054167,,,,,,,,,,,,,,,
3614,15.058333,,,,,,,,,,,,,,,
3615,15.062500,,,,,,,,,,,,,,,
3616,15.066667,,,,,,,,,,,,,,,
3617,15.070833,,,,,,,,,,,,,,,
3618,15.075000,,,,,,,,,,,,,,,
3619,15.079167,,,,,,,,,,,,,,,
3620,15.083333,,,,,,,,,,,,,,,
3621,15.087500,,,,,,,,,,,,,,,
3622,15.091667,,,,,,,,,,,,,,,
3623,15.095833,,,,,,,,,,,,,,,
3624,15.100000,,,,,,,,,,,,,,,
3625,15.104167,,,,,,,,,,,,,,,
3626,15.108333,,,,,,,,,,,,,,,
3627,15.112500,,,,,,,,,,,,,,,
3628,15.116667,,,,,,,,,,,,,,,
3629,15.120833,,,,,,,,,,,,,,,
3630,15.125000,,,,,,,,,,,,,,,
3631,15.129167,,,,,,,,,,,,,,,
3632,15.133333,,,,,,,,,,,,,,,
3633,15.137500,,,,,,,,,,,,,,,
3634,15.141667,,,,,,,,,,,,,,,
3635,15.145833,,,,,,,,,,,,,,,
3636,15.150000,,,,,,,,,,,,,,,
3637,15.154167,,,,,,,,,,,,,,,
3638,15.158333,,,,,,,,,,,,,,,
3639,15.162500,,,,,,,,,,,,,,,
3640,15.166667,,,,,,,,,,,,,,,
3641,15.170833,,,,,,,,,,,,,,,
3642,15.175000,,,,,,,,,,,,,,,
3643,15.179167,,,,,,,,,,,,,,,
3644,15.183333,,,,,,,,,,,,,,,
3645,15.187500,,,,,,,,,,,,,,,
3646,15.191667,,,,,,,,,,,,,,,
3647,15.195833,,,,,,,,,,,,,,,
3648,15.200000,,,,,,,,,,,,,,,
3649,15.204167,,,,,,,,,,,,,,,
3650,15.208333,,,,,,,,,,,,,,,
3651,15.212500,,,,,,,,,,,,,,,
3652,15.216667,,,,,,,,,,,,,,,
3653,15.220833,,,,,,,,,,,,,,,
3654,15.225000,,,,,,,,,,,,,,,
3655,15.229167,,,,,,,,,,,,,,,
3656,15.233333,,,,,,,,,,,,,,,
3657,15.237500,,,,,,,,,,,,,,,
3658,15.241667,,,,,,,,,,,,,,,
3659,15.245833,,,,,,,,,,,,,,,
3660,15.250000,,,,,,,,,,,,,,,
3661,15.254167,,,,,,,,,,,,,,,
3662,15.258333,,,,,,,,,,,,,,,
3663,15.262500,,,,,,,,,,,,,,,
3664,15.266667,,,,,,,,,,,,,,,
3665,15.270833,,,,,,,,,,,,,,,
3666,15.275000,,,,,,,,,,,,,,,
3667,15.279167,,,,,,,,,,,,,,,
3668,15.283333,,,,,,,,,,,,,,,
3669,15.287500,,,,,,,,,,,,,,,
3670,15.291667,,,,,,,,,,,,,,,
3671,15.295833,,,,,,,,,,,,,,,
3672,15.300000,,,,,,,,,,,,,,,
3673,15.304167,,,,,,,,,,,,,,,
3674,15.308333,,,,,,,,,,,,,,,
3675,15.312500,,,,,,,,,,,,,,,
3676,15.316667,,,,,,,,,,,,,,,
3677,15.320833,,,,,,,,,,,,,,,
3678,15.325000,,,,,,,,,,,,,,,
3679,15.329167,,,,,,,,,,,,,,,
3680,15.333333,,,,,,,,,,,,,,,
3681,15.337500,,,,,,,,,,,,,,,
3682,15.341667,,,,,,,,,,,,,,,
3683,15.345833,,,,,,,,,,,,,,,
3684,15.350000,,,,,,,,,,,,,,,
3685,15.354167,,,,,,,,,,,,,,,
3686,15.358333,,,,,,,,,,,,,,,
3687,15.362500,,,,,,,,,,,,,,,
3688,15.366667,,,,,,,,,,,,,,,
3689,15.370833,,,,,,,,,,,,,,,
3690,15.375000,,,,,,,,,,,,,,,
3691,15.379167,,,,,,,,,,,,,,,
3692,15.383333,,,,,,,,,,,,,,,
3693,15.387500,,,,,,,,,,,,,,,
3694,15.391667,,,,,,,,,,,,,,,
3695,15.395833,,,,,,,,,,,,,,,
3696,15.400000,,,,,,,,,,,,,,,
3697,15.404167,,,,,,,,,,,,,,,
3698,15.408333,,,,,,,,,,,,,,,
3699,15.412500,,,,,,,,,,,,,,,
3700,15.416667,,,,,,,,,,,,,,,
3701,15.420833,,,,,,,,,,,,,,,
3702,15.425000,,,,,,,,,,,,,,,
3703,15.429167,,,,,,,,,,,,,,,
3704,15.433333,,,,,,,,,,,,,,,
3705,15.437500,,,,,,,,,,,,,,,
3706,15.441667,,,,,,,,,,,,,,,
3707,15.445833,,,,,,,,,,,,,,,
3708,15.450000,,,,,,,,,,,,,,,
3709,15.454167,,,,,,,,,,,,,,,
3710,15.458333,,,,,,,,,,,,,,,
3711,15.462500,,,,,,,,,,,,,,,
3712,15.466667,,,,,,,,,,,,,,,
3713,15.470833,,,,,,,,,,,,,,,
3714,15.475000,,,,,,,,,,,,,,,
3715,15.479167,,,,,,,,,,,,,,,
3716,15.483333,,,,,,,,,,,,,,,
3717,15.487500,,,,,,,,,,,,,,,
3718,15.491667,,,,,,,,,,,,,,,
3719,15.495833,,,,,,,,,,,,,,,
3720,15.500000,,,,,,,,,,,,,,,
3721,15.504167,,,,,,,,,,,,,,,
3722,15.508333,,,,,,,,,,,,,,,
3723,15.512500,,,,,,,,,,,,,,,
3724,15.516667,,,,,,,,,,,,,,,
3725,15.520833,,,,,,,,,,,,,,,
3726,15.525000,,,,,,,,,,,,,,,
3727,15.529167,,,,,,,,,,,,,,,
3728,15.533333,,,,,,,,,,,,,,,
3729,15.537500,,,,,,,,,,,,,,,
3730,15.541667,,,,,,,,,,,,,,,
3731,15.545833,,,,,,,,,,,,,,,
3732,15.550000,,,,,,,,,,,,,,,
3733,15.554167,,,,,,,,,,,,,,,
3734,15.558333,,,,,,,,,,,,,,,
3735,15.562500,,,,,,,,,,,,,,,
3736,15.566667,,,,,,,,,,,,,,,
3737,15.570833,,,,,,,,,,,,,,,
3738,15.575000,,,,,,,,,,,,,,,
3739,15.579167,,,,,,,,,,,,,,,
3740,15.583333,,,,,,,,,,,,,,,
3741,15.587500,,,,,,,,,,,,,,,
3742,15.591667,,,,,,,,,,,,,,,
3743,15.595833,,,,,,,,,,,,,,,
3744,15.600000,,,,,,,,,,,,,,,
3745,15.604167,,,,,,,,,,,,,,,
3746,15.608333,,,,,,,,,,,,,,,
3747,15.612500,,,,,,,,,,,,,,,
3748,15.616667,,,,,,,,,,,,,,,
3749,15.620833,,,,,,,,,,,,,,,
3750,15.625000,,,,,,,,,,,,,,,
3751,15.629167,,,,,,,,,,,,,,,
3752,15.633333,,,,,,,,,,,,,,,
3753,15.637500,,,,,,,,,,,,,,,
3754,15.641667,,,,,,,,,,,,,,,
3755,15.645833,,,,,,,,,,,,,,,
3756,15.650000,,,,,,,,,,,,,,,
3757,15.654167,,,,,,,,,,,,,,,
3758,15.658333,,,,,,,,,,,,,,,
3759,15.662500,,,,,,,,,,,,,,,
3760,15.666667,,,,,,,,,,,,,,,
3761,15.670833,,,,,,,,,,,,,,,
3762,15.675000,,,,,,,,,,,,,,,
3763,15.679167,,,,,,,,,,,,,,,
3764,15.683333,,,,,,,,,,,,,,,
3765,15.687500,,,,,,,,,,,,,,,
3766,15.691667,,,,,,,,,,,,,,,
3767,15.695833,,,,,,,,,,,,,,,
3768,15.700000,,,,,,,,,,,,,,,
3769,15.704167,,,,,,,,,,,,,,,
3770,15.708333,,,,,,,,,,,,,,,
3771,15.712500,,,,,,,,,,,,,,,
3772,15.716667,,,,,,,,,,,,,,,
3773,15.720833,,,,,,,,,,,,,,,
3774,15.725000,,,,,,,,,,,,,,,
3775,15.729167,,,,,,,,,,,,,,,
3776,15.733333,,,,,,,,,,,,,,,
3777,15.737500,,,,,,,,,,,,,,,
3778,15.741667,,,,,,,,,,,,,,,
3779,15.745833,,,,,,,,,,,,,,,
3780,15.750000,,,,,,,,,,,,,,,
3781,15.754167,,,,,,,,,,,,,,,
3782,15.758333,,,,,,,,,,,,,,,
3783,15.762500,,,,,,,,,,,,,,,
3784,15.766667,,,,,,,,,,,,,,,
3785,15.770833,,,,,,,,,,,,,,,
3786,15.775000,,,,,,,,,,,,,,,
3787,15.779167,,,,,,,,,,,,,,,
3788,15.783333,,,,,,,,,,,,,,,
3789,15.787500,,,,,,,,,,,,,,,
3790,15.791667,,,,,,,,,,,,,,,
3791,15.795833,,,,,,,,,,,,,,,
3792,15.800000,,,,,,,,,,,,,,,
3793,15.804167,,,,,,,,,,,,,,,
3794,15.808333,,,,,,,,,,,,,,,
3795,15.812500,,,,,,,,,,,,,,,
3796,15.816667,,,,,,,,,,,,,,,
3797,15.820833,,,,,,,,,,,,,,,
3798,15.825000,,,,,,,,,,,,,,,
3799,15.829167,,,,,,,,,,,,,,,
3800,15.833333,,,,,,,,,,,,,,,
3801,15.837500,,,,,,,,,,,,,,,
3802,15.841667,,,,,,,,,,,,,,,
3803,15.845833,,,,,,,,,,,,,,,
3804,15.850000,,,,,,,,,,,,,,,
3805,15.854167,,,,,,,,,,,,,,,
3806,15.858333,,,,,,,,,,,,,,,
3807,15.862500,,,,,,,,,,,,,,,
3808,15.866667,,,,,,,,,,,,,,,
3809,15.870833,,,,,,,,,,,,,,,
3810,15.875000,,,,,,,,,,,,,,,
3811,15.879167,,,,,,,,,,,,,,,
3812,15.883333,,,,,,,,,,,,,,,
3813,15.887500,,,,,,,,,,,,,,,
3814,15.891667,,,,,,,,,,,,,,,
3815,15.895833,,,,,,,,,,,,,,,
3816,15.900000,,,,,,,,,,,,,,,
3817,15.904167,,,,,,,,,,,,,,,
3818,15.908333,,,,,,,,,,,,,,,
3819,15.912500,,,,,,,,,,,,,,,
3820,15.916667,,,,,,,,,,,,,,,
3821,15.920833,,,,,,,,,,,,,,,
3822,15.925000,,,,,,,,,,,,,,,
3823,15.929167,,,,,,,,,,,,,,,
3824,15.933333,,,,,,,,,,,,,,,
3825,15.937500,,,,,,,,,,,,,,,
3826,15.941667,,,,,,,,,,,,,,,
3827,15.945833,,,,,,,,,,,,,,,
3828,15.950000,,,,,,,,,,,,,,,
3829,15.954167,,,,,,,,,,,,,,,
3830,15.958333,,,,,,,,,,,,,,,
3831,15.962500,,,,,,,,,,,,,,,
3832,15.966667,,,,,,,,,,,,,,,
3833,15.970833,,,,,,,,,,,,,,,
3834,15.975000,,,,,,,,,,,,,,,
3835,15.979167,,,,,,,,,,,,,,,
3836,15.983333,,,,,,,,,,,,,,,
3837,15.987500,,,,,,,,,,,,,,,
3838,15.991667,,,,,,,,,,,,,,,
3839,15.995833,,,,,,,,,,,,,,,
3840,16.000000,,,,,,,,,,,,,,,
3841,16.004167,,,,,,,,,,,,,,,
3842,16.008333,,,,,,,,,,,,,,,
3843,16.012500,,,,,,,,,,,,,,,
3844,16.016667,,,,,,,,,,,,,,,
3845,16.020833,,,,,,,,,,,,,,,
3846,16.025000,,,,,,,,,,,,,,,
3847,16.029167,,,,,,,,,,,,,,,
3848,16.033333,,,,,,,,,,,,,,,
3849,16.037500,,,,,,,,,,,,,,,
3850,16.041667,,,,,,,,,,,,,,,
3851,16.045833,,,,,,,,,,,,,,,
3852,16.050000,,,,,,,,,,,,,,,
3853,16.054167,,,,,,,,,,,,,,,
3854,16.058333,,,,,,,,,,,,,,,
3855,16.062500,,,,,,,,,,,,,,,
3856,16.066667,,,,,,,,,,,,,,,
3857,16.070833,,,,,,,,,,,,,,,
3858,16.075000,,,,,,,,,,,,,,,
3859,16.079167,,,,,,,,,,,,,,,
3860,16.083333,,,,,,,,,,,,,,,
3861,16.087500,,,,,,,,,,,,,,,
3862,16.091667,,,,,,,,,,,,,,,
3863,16.095833,,,,,,,,,,,,,,,
3864,16.100000,,,,,,,,,,,,,,,
3865,16.104167,,,,,,,,,,,,,,,
3866,16.108333,,,,,,,,,,,,,,,
3867,16.112500,,,,,,,,,,,,,,,
3868,16.116667,,,,,,,,,,,,,,,
3869,16.120833,,,,,,,,,,,,,,,
3870,16.125000,,,,,,,,,,,,,,,
3871,16.129167,,,,,,,,,,,,,,,
3872,16.133333,,,,,,,,,,,,,,,
3873,16.137500,,,,,,,,,,,,,,,
3874,16.141667,,,,,,,,,,,,,,,
3875,16.145833,,,,,,,,,,,,,,,
3876,16.150000,,,,,,,,,,,,,,,
3877,16.154167,,,,,,,,,,,,,,,
3878,16.158333,,,,,,,,,,,,,,,
3879,16.162500,,,,,,,,,,,,,,,
3880,16.166667,,,,,,,,,,,,,,,
3881,16.170833,,,,,,,,,,,,,,,
3882,16.175000,,,,,,,,,,,,,,,
3883,16.179167,,,,,,,,,,,,,,,
3884,16.183333,,,,,,,,,,,,,,,
3885,16.187500,,,,,,,,,,,,,,,
3886,16.191667,,,,,,,,,,,,,,,
3887,16.195833,,,,,,,,,,,,,,,
3888,16.200000,,,,,,,,,,,,,,,
3889,16.204167,,,,,,,,,,,,,,,
3890,16.208333,,,,,,,,,,,,,,,
3891,16.212500,,,,,,,,,,,,,,,
3892,16.216667,,,,,,,,,,,,,,,
3893,16.220833,,,,,,,,,,,,,,,
3894,16.225000,,,,,,,,,,,,,,,
