0,0.000000,0.198922,0.330812,0.176480,0.205429,0.183820,0.177609,0.180233,0.418526,0.177631,0.207497,0.056883,0.180427,0.160361,0.258245,0.173789
1,0.004167,0.198921,0.330812,0.176485,0.205430,0.183820,0.177611,0.180234,0.418525,0.177636,0.207500,0.056882,0.180424,0.160364,0.258248,0.173792
2,0.008333,0.198918,0.330810,0.176487,0.205430,0.183820,0.177607,0.180233,0.418524,0.177638,0.207503,0.056882,0.180421,0.160364,0.258247,0.173796
3,0.012500,0.198916,0.330810,0.176490,0.205431,0.183821,0.177608,0.180233,0.418524,0.177638,0.207503,0.056881,0.180420,0.160363,0.258242,0.173788
4,0.016667,0.198914,0.330809,0.176493,0.205431,0.183820,0.177607,0.180226,0.418522,0.177639,0.207506,0.056881,0.180419,0.160368,0.258241,0.173794
5,0.020833,0.198909,0.330809,0.176496,0.205435,0.183821,0.177607,0.180217,0.418524,0.177647,0.207506,0.056882,0.180416,0.160362,0.258245,0.173799
6,0.025000,0.198905,0.330812,0.176499,0.205437,0.183820,0.177606,0.180206,0.418524,0.177646,0.207506,0.056883,0.180416,0.160364,0.258240,0.173801
7,0.029167,0.198900,0.330813,0.176501,0.205437,0.183819,0.177605,0.180191,0.418522,0.177643,0.207507,0.056884,0.180415,0.160364,0.258244,0.173803
8,0.033333,0.198898,0.330814,0.176504,0.205439,0.183819,0.177606,0.180176,0.418521,0.177644,0.207510,0.056884,0.180411,0.160364,0.258243,0.173802
9,0.037500,0.198896,0.330814,0.176507,0.205443,0.183820,0.177605,0.180155,0.418518,0.177641,0.207511,0.056885,0.180415,0.160368,0.258237,0.173808
10,0.041667,0.198891,0.330814,0.176510,0.205447,0.183822,0.177606,0.180136,0.418519,0.177641,0.207515,0.056884,0.180412,0.160366,0.258239,0.173803
11,0.045833,0.198887,0.330816,0.176511,0.205451,0.183820,0.177605,0.180119,0.418518,0.177642,0.207515,0.056884,0.180412,0.160367,0.258235,0.173808
12,0.050000,0.198884,0.330819,0.176514,0.205455,0.183818,0.177609,0.180099,0.418515,0.177649,0.207513,0.056886,0.180409,0.160370,0.258235,0.173806
13,0.054167,0.198881,0.330820,0.176516,0.205459,0.183818,0.177609,0.180077,0.418519,0.177656,0.207514,0.056887,0.180410,0.160372,0.258235,0.173812
14,0.058333,0.198877,0.330820,0.176517,0.205464,0.183816,0.177611,0.180058,0.418516,0.177655,0.207516,0.056885,0.180412,0.160377,0.258233,0.173808
15,0.062500,0.198874,0.330822,0.176519,0.205469,0.183815,0.177609,0.180035,0.418515,0.177655,0.207515,0.056884,0.180409,0.160375,0.258227,0.173809
16,0.066667,0.198870,0.330825,0.176520,0.205473,0.183815,0.177610,0.180015,0.418514,0.177654,0.207519,0.056883,0.180408,0.160377,0.258224,0.173808
17,0.070833,0.198865,0.330826,0.176520,0.205477,0.183811,0.177612,0.180000,0.418515,0.177655,0.207518,0.056886,0.180409,0.160384,0.258221,0.173811
18,0.075000,0.198864,0.330826,0.176520,0.205482,0.183812,0.177612,0.179975,0.418508,0.177650,0.207515,0.056884,0.180410,0.160386,0.258219,0.173812
19,0.079167,0.198864,0.330828,0.176521,0.205486,0.183811,0.177613,0.179960,0.418510,0.177653,0.207518,0.056883,0.180407,0.160386,0.258220,0.173820
20,0.083333,0.198863,0.330830,0.176521,0.205499,0.183810,0.177619,0.179945,0.418510,0.177656,0.207520,0.056884,0.180408,0.160386,0.258221,0.173817
21,0.087500,0.198863,0.330830,0.176521,0.205504,0.183810,0.177621,0.179932,0.418509,0.177654,0.207522,0.056882,0.180406,0.160391,0.258218,0.173817
22,0.091667,0.198862,0.330833,0.176520,0.205508,0.183807,0.177622,0.179922,0.418507,0.177653,0.207522,0.056881,0.180406,0.160394,0.258215,0.173817
23,0.095833,0.198862,0.330834,0.176519,0.205512,0.183806,0.177623,0.179911,0.418506,0.177650,0.207519,0.056884,0.180408,0.160397,0.258214,0.173816
24,0.100000,0.198863,0.330836,0.176518,0.205513,0.183805,0.177619,0.179903,0.418507,0.177649,0.207520,0.056882,0.180405,0.160402,0.258213,0.173814
25,0.104167,0.198865,0.330838,0.176516,0.205507,0.183804,0.177609,0.179898,0.418509,0.177649,0.207519,0.056884,0.180405,0.160403,0.258207,0.173814
26,0.108333,0.198864,0.330838,0.176517,0.205515,0.183804,0.177619,0.179893,0.418508,0.177648,0.207517,0.056885,0.180409,0.160405,0.258210,0.173810
27,0.112500,0.198865,0.330843,0.176517,0.205517,0.183805,0.177619,0.179887,0.418508,0.177642,0.207515,0.056887,0.180406,0.160411,0.258208,0.173810
28,0.116667,0.198868,0.330841,0.176513,0.205520,0.183806,0.177616,0.179886,0.418510,0.177642,0.207514,0.056889,0.180405,0.160407,0.258213,0.173810
29,0.120833,0.198870,0.330843,0.176512,0.205520,0.183804,0.177618,0.179886,0.418509,0.177638,0.207512,0.056883,0.180407,0.160409,0.258215,0.173808
30,0.125000,0.198872,0.330844,0.176509,0.205518,0.183806,0.177618,0.179888,0.418511,0.177633,0.207509,0.056887,0.180406,0.160414,0.258217,0.173807
31,0.129167,0.198877,0.330846,0.176504,0.205507,0.183805,0.177607,0.179892,0.418511,0.177628,0.207507,0.056889,0.180407,0.160413,0.258217,0.173808
32,0.133333,0.198879,0.330846,0.176504,0.205515,0.183806,0.177614,0.179899,0.418512,0.177625,0.207505,0.056890,0.180404,0.160412,0.258219,0.173807
33,0.137500,0.198885,0.330845,0.176500,0.205512,0.183807,0.177612,0.179905,0.418515,0.177622,0.207503,0.056892,0.180407,0.160409,0.258218,0.173799
34,0.141667,0.198888,0.330847,0.176496,0.205501,0.183808,0.177604,0.179916,0.418517,0.177617,0.207500,0.056895,0.180406,0.160408,0.258218,0.173795
35,0.145833,0.198891,0.330848,0.176495,0.205496,0.183807,0.177603,0.179926,0.418517,0.177614,0.207501,0.056889,0.180406,0.160411,0.258225,0.173793
36,0.150000,0.198895,0.330848,0.176491,0.205494,0.183809,0.177601,0.179940,0.418520,0.177603,0.207499,0.056892,0.180406,0.160408,0.258224,0.173789
37,0.154167,0.198900,0.330845,0.176488,0.205491,0.183809,0.177604,0.179956,0.418521,0.177601,0.207496,0.056894,0.180410,0.160405,0.258228,0.173785
38,0.158333,0.198904,0.330844,0.176484,0.205487,0.183810,0.177602,0.179972,0.418520,0.177598,0.207494,0.056892,0.180412,0.160405,0.258230,0.173784
39,0.162500,0.198909,0.330844,0.176481,0.205481,0.183811,0.177602,0.179992,0.418527,0.177596,0.207494,0.056891,0.180411,0.160405,0.258232,0.173786
40,0.166667,0.198913,0.330842,0.176479,0.205479,0.183810,0.177601,0.180013,0.418529,0.177595,0.207490,0.056893,0.180414,0.160399,0.258230,0.173780
41,0.170833,0.198916,0.330840,0.176476,0.205475,0.183814,0.177600,0.180033,0.418528,0.177590,0.207492,0.056893,0.180418,0.160399,0.258234,0.173778
42,0.175000,0.198922,0.330838,0.176471,0.205471,0.183813,0.177600,0.180054,0.418526,0.177581,0.207493,0.056890,0.180419,0.160397,0.258235,0.173772
43,0.179167,0.198924,0.330837,0.176467,0.205467,0.183814,0.177599,0.180075,0.418527,0.177579,0.207492,0.056892,0.180422,0.160396,0.258239,0.173776
44,0.183333,0.198927,0.330835,0.176465,0.205465,0.183813,0.177601,0.180098,0.418528,0.177579,0.207491,0.056889,0.180425,0.160394,0.258241,0.173773
45,0.187500,0.198931,0.330831,0.176462,0.205460,0.183813,0.177601,0.180117,0.418526,0.177577,0.207492,0.056890,0.180426,0.160388,0.258240,0.173780
46,0.191667,0.198932,0.330829,0.176458,0.205455,0.183817,0.177601,0.180139,0.418526,0.177575,0.207494,0.056889,0.180426,0.160394,0.258241,0.173770
47,0.195833,0.198935,0.330827,0.176456,0.205453,0.183816,0.177599,0.180161,0.418530,0.177578,0.207493,0.056889,0.180432,0.160393,0.258236,0.173762
48,0.200000,0.198939,0.330824,0.176451,0.205449,0.183816,0.177602,0.180181,0.418530,0.177577,0.207494,0.056886,0.180433,0.160392,0.258239,0.173764
49,0.204167,0.198941,0.330823,0.176450,0.205446,0.183818,0.177602,0.180199,0.418530,0.177572,0.207496,0.056887,0.180435,0.160383,0.258245,0.173768
50,0.208333,0.198941,0.330821,0.176447,0.205444,0.183818,0.177602,0.180213,0.418529,0.177571,0.207495,0.056886,0.180437,0.160377,0.258251,0.173770
51,0.212500,0.198941,0.330820,0.176443,0.205441,0.183819,0.177603,0.180225,0.418529,0.177571,0.207496,0.056888,0.180434,0.160378,0.258249,0.173763
52,0.216667,0.198942,0.330818,0.176441,0.205439,0.183819,0.177602,0.180237,0.418530,0.177574,0.207495,0.056886,0.180433,0.160378,0.258248,0.173765
53,0.220833,0.198941,0.330817,0.176438,0.205436,0.183818,0.177603,0.180247,0.418530,0.177576,0.207497,0.056884,0.180435,0.160376,0.258253,0.173763
54,0.225000,0.198941,0.330817,0.176436,0.205432,0.183827,0.177603,0.180251,0.418531,0.177576,0.207497,0.056883,0.180437,0.160372,0.258249,0.173765
55,0.229167,0.198939,0.330814,0.176434,0.205432,0.183819,0.177603,0.180253,0.418529,0.177581,0.207498,0.056885,0.180439,0.160374,0.258249,0.173758
56,0.233333,0.198938,0.330812,0.176432,0.205432,0.183819,0.177607,0.180254,0.418529,0.177583,0.207500,0.056886,0.180439,0.160368,0.258250,0.173767
57,0.237500,0.198937,0.330812,0.176430,0.205430,0.183826,0.177602,0.180257,0.418530,0.177582,0.207500,0.056882,0.180441,0.160371,0.258249,0.173771
58,0.241667,0.198936,0.330813,0.176433,0.205430,0.183822,0.177606,0.180257,0.418530,0.177578,0.207500,0.056883,0.180439,0.160369,0.258252,0.173767
59,0.245833,0.198934,0.330811,0.176431,0.205432,0.183828,0.177604,0.180275,0.418542,0.177593,0.207502,0.056880,0.180441,0.160366,0.258251,0.173772
60,0.250000,0.198932,0.330813,0.176432,0.205434,0.183827,0.177604,0.180251,0.418528,0.177583,0.207503,0.056882,0.180443,0.160364,0.258254,0.173774
61,0.254167,0.198929,0.330812,0.176433,0.205437,0.183820,0.177608,0.180239,0.418528,0.177580,0.207507,0.056881,0.180444,0.160367,0.258248,0.173772
62,0.258333,0.198928,0.330812,0.176437,0.205439,0.183820,0.177611,0.180232,0.418526,0.177583,0.207511,0.056880,0.180443,0.160365,0.258242,0.173774
63,0.262500,0.198925,0.330812,0.176440,0.205441,0.183819,0.177609,0.180221,0.418524,0.177581,0.207509,0.056883,0.180442,0.160369,0.258245,0.173774
64,0.266667,0.198922,0.330812,0.176439,0.205443,0.183819,0.177610,0.180210,0.418524,0.177583,0.207511,0.056882,0.180438,0.160370,0.258243,0.173778
65,0.270833,0.198919,0.330813,0.176443,0.205449,0.183819,0.177612,0.180196,0.418525,0.177587,0.207512,0.056879,0.180441,0.160365,0.258241,0.173776
66,0.275000,0.198914,0.330818,0.176448,0.205452,0.183818,0.177613,0.180180,0.418524,0.177586,0.207511,0.056882,0.180438,0.160372,0.258238,0.173779
67,0.279167,0.198910,0.330818,0.176450,0.205455,0.183815,0.177612,0.180161,0.418524,0.177585,0.207509,0.056884,0.180435,0.160376,0.258235,0.173781
68,0.283333,0.198908,0.330818,0.176454,0.205457,0.183815,0.177612,0.180146,0.418523,0.177588,0.207511,0.056882,0.180431,0.160377,0.258235,0.173784
69,0.287500,0.198907,0.330818,0.176460,0.205462,0.183814,0.177613,0.180124,0.418519,0.177586,0.207512,0.056880,0.180426,0.160381,0.258233,0.173785
70,0.291667,0.198903,0.330820,0.176464,0.205467,0.183814,0.177613,0.180104,0.418520,0.177590,0.207514,0.056880,0.180424,0.160380,0.258229,0.173785
71,0.295833,0.198900,0.330822,0.176469,0.205470,0.183810,0.177613,0.180084,0.418518,0.177593,0.207515,0.056881,0.180423,0.160382,0.258228,0.173785
72,0.300000,0.198898,0.330823,0.176472,0.205472,0.183811,0.177613,0.180063,0.418517,0.177595,0.207517,0.056878,0.180415,0.160385,0.258226,0.173791
73,0.304167,0.198893,0.330825,0.176476,0.205484,0.183811,0.177621,0.180041,0.418516,0.177595,0.207514,0.056877,0.180418,0.160386,0.258223,0.173798
74,0.308333,0.198891,0.330829,0.176478,0.205480,0.183809,0.177614,0.180025,0.418519,0.177600,0.207515,0.056877,0.180412,0.160388,0.258224,0.173798
75,0.312500,0.198890,0.330831,0.176485,0.205484,0.183810,0.177611,0.180006,0.418519,0.177602,0.207516,0.056881,0.180412,0.160392,0.258224,0.173799
76,0.316667,0.198888,0.330833,0.176489,0.205489,0.183811,0.177614,0.179988,0.418518,0.177606,0.207517,0.056883,0.180409,0.160398,0.258220,0.173801
77,0.320833,0.198887,0.330834,0.176497,0.205490,0.183810,0.177614,0.179964,0.418511,0.177617,0.207517,0.056881,0.180408,0.160398,0.258215,0.173800
78,0.325000,0.198884,0.330834,0.176504,0.205491,0.183808,0.177614,0.179950,0.418510,0.177624,0.207515,0.056878,0.180407,0.160401,0.258219,0.173804
79,0.329167,0.198882,0.330837,0.176508,0.205505,0.183810,0.177618,0.179941,0.418511,0.177630,0.207517,0.056882,0.180409,0.160401,0.258223,0.173809
80,0.333333,0.198884,0.330837,0.176512,0.205500,0.183809,0.177613,0.179930,0.418511,0.177636,0.207516,0.056883,0.180406,0.160402,0.258220,0.173811
81,0.337500,0.198885,0.330839,0.176516,0.205509,0.183809,0.177618,0.179921,0.418513,0.177643,0.207515,0.056886,0.180405,0.160402,0.258219,0.173812
82,0.341667,0.198881,0.330842,0.176521,0.205502,0.183809,0.177611,0.179914,0.418512,0.177646,0.207515,0.056884,0.180405,0.160407,0.258221,0.173813
83,0.345833,0.198881,0.330844,0.176525,0.205509,0.183808,0.177618,0.179909,0.418513,0.177650,0.207513,0.056886,0.180405,0.160408,0.258218,0.173812
84,0.350000,0.198880,0.330843,0.176528,0.205502,0.183808,0.177610,0.179908,0.418511,0.177652,0.207511,0.056885,0.180401,0.160412,0.258218,0.173813
85,0.354167,0.198882,0.330844,0.176529,0.205502,0.183808,0.177606,0.179909,0.418513,0.177662,0.207511,0.056887,0.180401,0.160415,0.258214,0.173806
86,0.358333,0.198883,0.330843,0.176533,0.205511,0.183810,0.177614,0.179914,0.418512,0.177665,0.207513,0.056887,0.180401,0.160412,0.258209,0.173804
87,0.362500,0.198886,0.330842,0.176533,0.205522,0.183824,0.177612,0.179918,0.418513,0.177669,0.207514,0.056883,0.180397,0.160414,0.258204,0.173803
88,0.366667,0.198888,0.330843,0.176537,0.205510,0.183808,0.177614,0.179924,0.418512,0.177671,0.207511,0.056887,0.180397,0.160415,0.258209,0.173799
89,0.370833,0.198888,0.330843,0.176539,0.205498,0.183808,0.177601,0.179934,0.418514,0.177678,0.207505,0.056890,0.180395,0.160412,0.258215,0.173799
90,0.375000,0.198891,0.330842,0.176538,0.205497,0.183808,0.177600,0.179945,0.418512,0.177678,0.207503,0.056888,0.180397,0.160409,0.258218,0.173801
91,0.379167,0.198895,0.330840,0.176534,0.205497,0.183808,0.177599,0.179956,0.418515,0.177680,0.207506,0.056886,0.180390,0.160414,0.258214,0.173795
92,0.383333,0.198896,0.330840,0.176533,0.205494,0.183806,0.177596,0.179967,0.418512,0.177679,0.207506,0.056886,0.180391,0.160416,0.258208,0.173788
93,0.387500,0.198896,0.330839,0.176534,0.205489,0.183808,0.177594,0.179980,0.418513,0.177682,0.207505,0.056888,0.180388,0.160409,0.258218,0.173789
94,0.391667,0.198900,0.330837,0.176533,0.205488,0.183810,0.177592,0.179994,0.418512,0.177680,0.207504,0.056886,0.180385,0.160407,0.258224,0.173790
95,0.395833,0.198903,0.330835,0.176529,0.205485,0.183808,0.177590,0.180008,0.418513,0.177681,0.207504,0.056886,0.180385,0.160403,0.258220,0.173790
96,0.400000,0.198906,0.330834,0.176526,0.205481,0.183809,0.177589,0.180029,0.418518,0.177682,0.207503,0.056886,0.180388,0.160409,0.258219,0.173785
97,0.404167,0.198907,0.330831,0.176521,0.205476,0.183811,0.177585,0.180045,0.418518,0.177679,0.207502,0.056887,0.180391,0.160400,0.258221,0.173784
98,0.408333,0.198910,0.330830,0.176518,0.205470,0.183813,0.177587,0.180062,0.418519,0.177675,0.207499,0.056886,0.180394,0.160399,0.258227,0.173785
99,0.412500,0.198910,0.330829,0.176513,0.205467,0.183815,0.177585,0.180074,0.418519,0.177668,0.207499,0.056885,0.180396,0.160394,0.258227,0.173781
100,0.416667,0.198912,0.330828,0.176507,0.205462,0.183816,0.177586,0.180090,0.418521,0.177654,0.207499,0.056886,0.180400,0.160393,0.258235,0.173778
101,0.420833,0.198914,0.330827,0.176501,0.205459,0.183816,0.177586,0.180107,0.418522,0.177658,0.207501,0.056889,0.180405,0.160386,0.258234,0.173778
102,0.425000,0.198916,0.330827,0.176497,0.205454,0.183818,0.177586,0.180121,0.418525,0.177646,0.207500,0.056887,0.180410,0.160389,0.258241,0.173778
103,0.429167,0.198915,0.330826,0.176491,0.205449,0.183818,0.177587,0.180130,0.418525,0.177642,0.207499,0.056885,0.180409,0.160384,0.258240,0.173776
104,0.433333,0.198916,0.330826,0.176487,0.205446,0.183821,0.177589,0.180144,0.418527,0.177637,0.207497,0.056888,0.180418,0.160380,0.258244,0.173776
105,0.437500,0.198917,0.330824,0.176480,0.205445,0.183821,0.177592,0.180158,0.418526,0.177631,0.207500,0.056886,0.180422,0.160378,0.258250,0.173772
106,0.441667,0.198919,0.330824,0.176473,0.205441,0.183821,0.177593,0.180169,0.418529,0.177623,0.207499,0.056885,0.180425,0.160375,0.258250,0.173776
107,0.445833,0.198920,0.330824,0.176468,0.205440,0.183823,0.177593,0.180176,0.418530,0.177614,0.207498,0.056888,0.180432,0.160370,0.258250,0.173771
108,0.450000,0.198919,0.330822,0.176463,0.205436,0.183823,0.177598,0.180186,0.418531,0.177607,0.207499,0.056885,0.180434,0.160364,0.258253,0.173776
109,0.454167,0.198919,0.330820,0.176458,0.205435,0.183824,0.177598,0.180191,0.418525,0.177597,0.207497,0.056885,0.180437,0.160370,0.258251,0.173771
110,0.458333,0.198920,0.330816,0.176449,0.205436,0.183820,0.177604,0.180196,0.418524,0.177588,0.207498,0.056885,0.180439,0.160370,0.258246,0.173762
111,0.462500,0.198923,0.330813,0.176442,0.205439,0.183819,0.177602,0.180201,0.418521,0.177580,0.207504,0.056881,0.180441,0.160371,0.258240,0.173763
112,0.466667,0.198923,0.330809,0.176436,0.205438,0.183816,0.177604,0.180204,0.418519,0.177571,0.207507,0.056880,0.180441,0.160366,0.258238,0.173758
113,0.470833,0.198922,0.330809,0.176432,0.205437,0.183816,0.177608,0.180205,0.418516,0.177569,0.207503,0.056879,0.180445,0.160363,0.258238,0.173761
114,0.475000,0.198920,0.330807,0.176431,0.205437,0.183816,0.177612,0.180204,0.418515,0.177574,0.207502,0.056878,0.180450,0.160363,0.258240,0.173761
115,0.479167,0.198918,0.330805,0.176424,0.205439,0.183816,0.177611,0.180200,0.418514,0.177576,0.207506,0.056879,0.180444,0.160366,0.258241,0.173764
116,0.483333,0.198918,0.330802,0.176416,0.205443,0.183815,0.177613,0.180197,0.418512,0.177577,0.207507,0.056877,0.180448,0.160369,0.258234,0.173752
117,0.487500,0.198916,0.330803,0.176415,0.205444,0.183812,0.177615,0.180192,0.418508,0.177578,0.207509,0.056877,0.180455,0.160370,0.258230,0.173757
118,0.491667,0.198913,0.330799,0.176413,0.205443,0.183811,0.177616,0.180186,0.418504,0.177588,0.207506,0.056875,0.180452,0.160366,0.258233,0.173762
119,0.495833,0.198914,0.330796,0.176418,0.205445,0.183811,0.177618,0.180177,0.418499,0.177608,0.207504,0.056873,0.180454,0.160369,0.258232,0.173762
120,0.500000,0.198914,0.330794,0.176419,0.205449,0.183809,0.177620,0.180173,0.418498,0.177630,0.207504,0.056877,0.180450,0.160372,0.258235,0.173762
121,0.504167,0.198914,0.330793,0.176420,0.205453,0.183808,0.177620,0.180171,0.418494,0.177667,0.207508,0.056876,0.180454,0.160373,0.258227,0.173756
122,0.508333,0.198912,0.330794,0.176427,0.205457,0.183808,0.177620,0.180169,0.418491,0.177700,0.207506,0.056876,0.180453,0.160372,0.258224,0.173756
123,0.512500,0.198910,0.330792,0.176431,0.205460,0.183807,0.177621,0.180165,0.418489,0.177741,0.207506,0.056876,0.180448,0.160371,0.258232,0.173761
124,0.516667,0.198910,0.330791,0.176441,0.205461,0.183806,0.177619,0.180162,0.418490,0.177790,0.207503,0.056878,0.180445,0.160374,0.258232,0.173761
125,0.520833,0.198913,0.330788,0.176450,0.205473,0.183806,0.177628,0.180162,0.418484,0.177836,0.207503,0.056878,0.180447,0.160373,0.258226,0.173764
126,0.525000,0.198913,0.330782,0.176458,0.205472,0.183803,0.177618,0.180162,0.418482,0.177895,0.207504,0.056879,0.180443,0.160381,0.258218,0.173759
127,0.529167,0.198914,0.330777,0.176472,0.205473,0.183798,0.177616,0.180149,0.418475,0.177967,0.207504,0.056878,0.180440,0.160383,0.258213,0.173752
128,0.533333,0.198914,0.330770,0.176485,0.205476,0.183798,0.177617,0.180152,0.418473,0.178038,0.207503,0.056879,0.180438,0.160386,0.258208,0.173759
129,0.537500,0.198917,0.330761,0.176501,0.205488,0.183793,0.177625,0.180160,0.418459,0.178109,0.207503,0.056878,0.180435,0.160384,0.258209,0.173758
130,0.541667,0.198919,0.330749,0.176516,0.205486,0.183787,0.177617,0.180162,0.418436,0.178177,0.207502,0.056882,0.180436,0.160390,0.258199,0.173759
131,0.545833,0.198924,0.330732,0.176528,0.205492,0.183780,0.177613,0.180171,0.418420,0.178261,0.207504,0.056879,0.180432,0.160389,0.258189,0.173759
132,0.550000,0.198925,0.330717,0.176542,0.205494,0.183775,0.177613,0.180206,0.418401,0.178334,0.207505,0.056881,0.180432,0.160396,0.258178,0.173757
133,0.554167,0.198918,0.330684,0.176564,0.205503,0.183770,0.177619,0.180231,0.418372,0.178452,0.207502,0.056883,0.180429,0.160395,0.258162,0.173752
134,0.558333,0.198921,0.330659,0.176582,0.205507,0.183764,0.177618,0.180248,0.418349,0.178623,0.207501,0.056884,0.180424,0.160403,0.258154,0.173742
135,0.562500,0.198925,0.330634,0.176607,0.205514,0.183756,0.177614,0.180304,0.418325,0.178793,0.207500,0.056885,0.180422,0.160407,0.258140,0.173734
136,0.566667,0.198932,0.330611,0.176635,0.205518,0.183746,0.177613,0.180341,0.418298,0.178982,0.207501,0.056884,0.180420,0.160411,0.258121,0.173718
137,0.570833,0.198937,0.330586,0.176673,0.205522,0.183738,0.177610,0.180397,0.418260,0.179220,0.207498,0.056883,0.180420,0.160415,0.258108,0.173698
138,0.575000,0.198948,0.330559,0.176723,0.205515,0.183733,0.177599,0.180437,0.418223,0.179526,0.207497,0.056880,0.180418,0.160416,0.258102,0.173684
139,0.579167,0.198971,0.330542,0.176791,0.205516,0.183732,0.177589,0.180505,0.418192,0.179876,0.207497,0.056885,0.180414,0.160414,0.258099,0.173664
140,0.583333,0.198985,0.330516,0.176872,0.205527,0.183729,0.177588,0.180590,0.418188,0.180302,0.207494,0.056885,0.180410,0.160419,0.258088,0.173636
141,0.587500,0.198998,0.330505,0.176950,0.205524,0.183728,0.177570,0.180673,0.418170,0.180749,0.207493,0.056886,0.180412,0.160418,0.258091,0.173608
142,0.591667,0.199009,0.330498,0.177038,0.205524,0.183730,0.177552,0.180781,0.418183,0.181288,0.207491,0.056885,0.180407,0.160388,0.258142,0.173605
143,0.595833,0.199029,0.330492,0.177153,0.205524,0.183736,0.177531,0.180875,0.418163,0.181859,0.207484,0.056883,0.180404,0.160405,0.258134,0.173574
144,0.600000,0.199036,0.330484,0.177274,0.205523,0.183745,0.177508,0.180948,0.418131,0.182457,0.207484,0.056885,0.180394,0.160412,0.258133,0.173541
145,0.604167,0.199053,0.330473,0.177404,0.205521,0.183750,0.177482,0.181046,0.418113,0.183060,0.207482,0.056884,0.180400,0.160298,0.258055,0.173458
146,0.608333,0.199074,0.330463,0.177523,0.205519,0.183749,0.177450,0.181139,0.418076,0.183586,0.207482,0.056883,0.180395,0.160298,0.258062,0.173461
147,0.612500,0.199110,0.330446,0.177660,0.205516,0.183745,0.177420,0.181235,0.418066,0.184148,0.207476,0.056885,0.180391,0.160403,0.258149,0.173557
148,0.616667,0.199141,0.330416,0.177790,0.205513,0.183730,0.177385,0.181320,0.418019,0.184626,0.207473,0.056884,0.180388,0.160402,0.258156,0.173590
149,0.620833,0.199173,0.330388,0.177914,0.205507,0.183722,0.177358,0.181398,0.417973,0.185009,0.207471,0.056888,0.180387,0.160406,0.258149,0.173604
150,0.625000,0.199199,0.330360,0.178039,0.205503,0.183713,0.177340,0.181491,0.417939,0.185374,0.207471,0.056889,0.180383,0.160413,0.258134,0.173634
151,0.629167,0.199215,0.330352,0.178182,0.205498,0.183712,0.177319,0.181574,0.417918,0.185678,0.207469,0.056889,0.180386,0.160398,0.258162,0.173687
152,0.633333,0.199247,0.330332,0.178311,0.205491,0.183709,0.177306,0.181653,0.417887,0.185936,0.207467,0.056888,0.180379,0.160407,0.258137,0.173705
153,0.637500,0.199296,0.330305,0.178469,0.205488,0.183705,0.177298,0.181731,0.417868,0.186164,0.207463,0.056887,0.180385,0.160422,0.258124,0.173724
154,0.641667,0.199336,0.330275,0.178633,0.205482,0.183703,0.177287,0.181802,0.417856,0.186372,0.207463,0.056889,0.180381,0.160432,0.258111,0.173769
155,0.645833,0.199368,0.330263,0.178784,0.205477,0.183701,0.177270,0.181876,0.417846,0.186530,0.207464,0.056890,0.180384,0.160440,0.258101,0.173811
156,0.650000,0.199403,0.330244,0.178946,0.205476,0.183696,0.177250,0.181954,0.417826,0.186671,0.207464,0.056887,0.180380,0.160487,0.258060,0.173812
157,0.654167,0.199441,0.330221,0.179113,0.205473,0.183694,0.177224,0.182046,0.417820,0.186786,0.207463,0.056888,0.180386,0.160511,0.258024,0.173846
158,0.658333,0.199502,0.330222,0.179311,0.205469,0.183691,0.177214,0.182123,0.417808,0.186901,0.207464,0.056892,0.180385,0.160465,0.258051,0.173968
159,0.662500,0.199544,0.330201,0.179464,0.205470,0.183686,0.177212,0.182203,0.417795,0.187012,0.207462,0.056893,0.180386,0.160505,0.258153,0.174102
160,0.666667,0.199571,0.330158,0.179611,0.205471,0.183685,0.177220,0.182305,0.417782,0.187130,0.207467,0.056890,0.180386,0.160543,0.258201,0.174197
161,0.670833,0.199603,0.330135,0.179752,0.205473,0.183678,0.177244,0.182404,0.417766,0.187245,0.207467,0.056894,0.180389,0.160514,0.258108,0.174226
162,0.675000,0.199644,0.330112,0.179888,0.205475,0.183672,0.177277,0.182487,0.417742,0.187369,0.207466,0.056890,0.180383,0.160541,0.258111,0.174301
163,0.679167,0.199699,0.330082,0.180030,0.205482,0.183658,0.177326,0.182572,0.417719,0.187508,0.207466,0.056890,0.180384,0.160546,0.258100,0.174372
164,0.683333,0.199745,0.330057,0.180146,0.205486,0.183649,0.177382,0.182664,0.417698,0.187670,0.207466,0.056890,0.180380,0.160663,0.258158,0.174527
165,0.687500,0.199787,0.330036,0.180255,0.205493,0.183643,0.177445,0.182768,0.417677,0.187857,0.207467,0.056890,0.180378,0.160593,0.258061,0.174563
166,0.691667,0.199819,0.330014,0.180354,0.205500,0.183635,0.177512,0.182890,0.417647,0.188070,0.207467,0.056886,0.180378,0.160633,0.258024,0.174602
167,0.695833,0.199849,0.329988,0.180445,0.205509,0.183630,0.177582,0.182997,0.417609,0.188312,0.207460,0.056889,0.180380,0.160657,0.257991,0.174657
168,0.700000,0.199885,0.329956,0.180540,0.205532,0.183631,0.177675,0.183101,0.417564,0.188582,0.207458,0.056887,0.180380,0.160674,0.257975,0.174726
169,0.704167,0.199925,0.329916,0.180646,0.205546,0.183621,0.177756,0.183213,0.417511,0.188901,0.207458,0.056889,0.180381,0.160658,0.257975,0.174855
170,0.708333,0.199979,0.329877,0.180760,0.205568,0.183609,0.177836,0.183338,0.417462,0.189279,0.207457,0.056889,0.180384,0.160633,0.257975,0.174971
171,0.712500,0.200020,0.329846,0.180862,0.205584,0.183610,0.177934,0.183472,0.417402,0.189662,0.207454,0.056887,0.180390,0.160641,0.257959,0.175057
172,0.716667,0.200053,0.329812,0.180962,0.205596,0.183588,0.178012,0.183606,0.417344,0.190108,0.207456,0.056885,0.180391,0.160663,0.257929,0.175134
173,0.720833,0.200096,0.329776,0.181074,0.205612,0.183576,0.178104,0.183740,0.417284,0.190565,0.207458,0.056883,0.180396,0.160835,0.257954,0.175254
174,0.725000,0.200145,0.329745,0.181200,0.205631,0.183564,0.178185,0.183865,0.417217,0.191048,0.207461,0.056887,0.180402,0.160868,0.257910,0.175311
175,0.729167,0.200206,0.329720,0.181362,0.205658,0.183550,0.178265,0.184033,0.417163,0.191549,0.207461,0.056885,0.180405,0.160860,0.257916,0.175386
176,0.733333,0.200254,0.329707,0.181499,0.205681,0.183548,0.178334,0.184147,0.417105,0.192089,0.207461,0.056883,0.180408,0.160939,0.257864,0.175383
177,0.737500,0.200307,0.329694,0.181658,0.205683,0.183538,0.178398,0.184274,0.417064,0.192648,0.207462,0.056880,0.180415,0.160979,0.257821,0.175425
178,0.741667,0.200365,0.329693,0.181855,0.205696,0.183541,0.178453,0.184448,0.417019,0.193202,0.207461,0.056882,0.180421,0.160934,0.257859,0.175586
179,0.745833,0.200435,0.329686,0.182079,0.205736,0.183556,0.178512,0.184578,0.416987,0.193805,0.207460,0.056882,0.180427,0.160927,0.257894,0.175715
180,0.750000,0.200493,0.329675,0.182293,0.205757,0.183556,0.178562,0.184693,0.416941,0.194364,0.207462,0.056878,0.180429,0.160942,0.257886,0.175812
181,0.754167,0.200561,0.329658,0.182516,0.205774,0.183544,0.178596,0.184874,0.416876,0.194841,0.207459,0.056879,0.180439,0.161144,0.258090,0.176073
182,0.758333,0.200633,0.329627,0.182768,0.205787,0.183532,0.178631,0.184971,0.416836,0.195333,0.207457,0.056876,0.180440,0.161199,0.258165,0.176213
183,0.762500,0.200702,0.329600,0.183009,0.205802,0.183514,0.178660,0.185087,0.416769,0.195769,0.207456,0.056874,0.180444,0.161215,0.258148,0.176332
184,0.766667,0.200771,0.329558,0.183262,0.205814,0.183500,0.178684,0.185197,0.416737,0.196157,0.207457,0.056873,0.180449,0.161229,0.258007,0.176344
185,0.770833,0.200859,0.329529,0.183518,0.205818,0.183481,0.178702,0.185350,0.416708,0.196444,0.207455,0.056869,0.180454,0.161281,0.257958,0.176437
186,0.775000,0.200940,0.329497,0.183782,0.205828,0.183469,0.178725,0.185456,0.416681,0.196702,0.207453,0.056866,0.180452,0.161251,0.257977,0.176619
187,0.779167,0.201013,0.329464,0.184023,0.205839,0.183454,0.178747,0.185537,0.416664,0.196978,0.207453,0.056867,0.180454,0.161224,0.258023,0.176784
188,0.783333,0.201108,0.329429,0.184302,0.205859,0.183442,0.178756,0.185639,0.416651,0.197190,0.207451,0.056865,0.180458,0.161347,0.258095,0.176996
189,0.787500,0.201193,0.329410,0.184563,0.205868,0.183431,0.178771,0.185739,0.416636,0.197376,0.207450,0.056873,0.180458,0.161422,0.258049,0.177072
190,0.791667,0.201278,0.329377,0.184830,0.205877,0.183421,0.178773,0.185833,0.416618,0.197538,0.207450,0.056872,0.180461,0.161471,0.257998,0.177166
191,0.795833,0.201364,0.329337,0.185100,0.205887,0.183409,0.178776,0.185950,0.416593,0.197670,0.207445,0.056873,0.180461,0.161566,0.258054,0.177314
192,0.800000,0.201452,0.329294,0.185366,0.205898,0.183395,0.178776,0.186032,0.416552,0.197866,0.207443,0.056876,0.180462,0.161630,0.258014,0.177415
193,0.804167,0.201540,0.329247,0.185633,0.205911,0.183380,0.178775,0.186110,0.416518,0.198103,0.207444,0.056876,0.180464,0.161609,0.258055,0.177628
194,0.808333,0.201615,0.329179,0.185874,0.205925,0.183364,0.178775,0.186211,0.416474,0.198322,0.207443,0.056879,0.180461,0.161746,0.258083,0.177777
195,0.812500,0.201705,0.329119,0.186119,0.205941,0.183349,0.178783,0.186320,0.416418,0.198575,0.207445,0.056882,0.180456,0.161804,0.258035,0.177876
196,0.816667,0.201814,0.329042,0.186368,0.205962,0.183329,0.178797,0.186452,0.416317,0.198892,0.207442,0.056881,0.180453,0.161836,0.257994,0.177960
197,0.820833,0.201891,0.328967,0.186577,0.205978,0.183300,0.178833,0.186590,0.416220,0.199235,0.207441,0.056883,0.180447,0.162124,0.257862,0.178060
198,0.825000,0.201972,0.328881,0.186772,0.205998,0.183269,0.178875,0.186715,0.416106,0.199660,0.207441,0.056883,0.180441,0.162102,0.257727,0.178062
199,0.829167,0.202059,0.328773,0.186975,0.206021,0.183233,0.178924,0.186992,0.415978,0.200204,0.207441,0.056881,0.180439,0.161955,0.257872,0.178216
200,0.833333,0.202132,0.328655,0.187153,0.206046,0.183195,0.178984,0.187175,0.415822,0.200743,0.207438,0.056883,0.180423,0.161861,0.257888,0.178387
201,0.837500,0.202231,0.328525,0.187369,0.206073,0.183152,0.179049,0.187369,0.415640,0.201340,0.207439,0.056883,0.180417,0.162020,0.257883,0.178522
202,0.841667,0.202322,0.328388,0.187607,0.206101,0.183131,0.179139,0.187581,0.415461,0.202030,0.207440,0.056884,0.180410,0.162089,0.257789,0.178544
203,0.845833,0.202400,0.328280,0.187828,0.206140,0.183102,0.179217,0.187859,0.415271,0.202815,0.207440,0.056886,0.180403,0.162107,0.257736,0.178594
204,0.850000,0.202496,0.328153,0.188097,0.206180,0.183070,0.179293,0.188142,0.415078,0.203644,0.207441,0.056885,0.180389,0.162116,0.257704,0.178654
205,0.854167,0.202582,0.328028,0.188328,0.206218,0.183048,0.179365,0.188467,0.414849,0.204471,0.207441,0.056884,0.180386,0.162135,0.257675,0.178714
206,0.858333,0.202671,0.327890,0.188542,0.206244,0.183022,0.179430,0.188736,0.414637,0.205246,0.207441,0.056884,0.180377,0.162146,0.257631,0.178797
207,0.862500,0.202757,0.327774,0.188758,0.206267,0.182994,0.179496,0.189120,0.414439,0.205857,0.207441,0.056881,0.180377,0.161812,0.257896,0.179207
208,0.866667,0.202868,0.327674,0.188955,0.206291,0.182962,0.179577,0.189465,0.414284,0.206372,0.207438,0.056884,0.180368,0.161770,0.257907,0.179261
209,0.870833,0.202966,0.327595,0.189085,0.206317,0.182943,0.179630,0.189855,0.414149,0.206777,0.207441,0.056882,0.180366,0.161858,0.257833,0.179318
210,0.875000,0.203067,0.327516,0.189195,0.206340,0.182925,0.179699,0.190310,0.414019,0.207111,0.207443,0.056881,0.180365,0.161950,0.257748,0.179351
211,0.879167,0.203194,0.327429,0.189339,0.206354,0.182907,0.179776,0.190760,0.413911,0.207402,0.207447,0.056880,0.180367,0.162087,0.257847,0.179552
212,0.883333,0.203309,0.327369,0.189450,0.206374,0.182903,0.179845,0.191238,0.413812,0.207705,0.207442,0.056881,0.180364,0.162116,0.257821,0.179579
213,0.887500,0.203430,0.327327,0.189585,0.206393,0.182902,0.179903,0.191713,0.413741,0.207992,0.207443,0.056880,0.180366,0.162136,0.257814,0.179609
214,0.891667,0.203560,0.327281,0.189744,0.206413,0.182906,0.179936,0.192174,0.413646,0.208347,0.207444,0.056881,0.180365,0.162183,0.257820,0.179659
215,0.895833,0.203707,0.327226,0.189937,0.206436,0.182903,0.179935,0.192601,0.413561,0.208732,0.207444,0.056882,0.180367,0.162492,0.257542,0.179419
216,0.900000,0.203869,0.327189,0.190138,0.206445,0.182920,0.179895,0.193057,0.413493,0.209159,0.207450,0.056879,0.180372,0.162777,0.257342,0.179384
217,0.904167,0.204015,0.327149,0.190319,0.206447,0.182933,0.179839,0.193521,0.413433,0.209567,0.207458,0.056880,0.180383,0.162851,0.257337,0.179461
218,0.908333,0.204177,0.327084,0.190511,0.206448,0.182945,0.179779,0.193977,0.413337,0.209946,0.207461,0.056880,0.180385,0.162965,0.257415,0.179700
219,0.912500,0.204346,0.327007,0.190689,0.206452,0.182946,0.179723,0.194376,0.413242,0.210308,0.207459,0.056881,0.180394,0.163007,0.257373,0.179784
220,0.916667,0.204521,0.326934,0.190856,0.206451,0.182936,0.179685,0.194721,0.413200,0.210600,0.207459,0.056881,0.180399,0.162502,0.258025,0.180397
221,0.920833,0.204710,0.326882,0.191016,0.206458,0.182925,0.179684,0.195212,0.413093,0.210965,0.207446,0.056881,0.180394,0.162443,0.258107,0.180536
222,0.925000,0.204898,0.326823,0.191149,0.206454,0.182910,0.179703,0.195539,0.413025,0.211176,0.207451,0.056879,0.180397,0.162568,0.258025,0.180568
223,0.929167,0.205100,0.326749,0.191278,0.206453,0.182895,0.179743,0.196008,0.412953,0.211445,0.207454,0.056880,0.180399,0.162610,0.258023,0.180646
224,0.933333,0.205298,0.326683,0.191393,0.206453,0.182878,0.179788,0.196366,0.412898,0.211634,0.207453,0.056881,0.180398,0.162660,0.258022,0.180693
225,0.937500,0.205503,0.326623,0.191517,0.206453,0.182855,0.179824,0.196658,0.412840,0.211746,0.207457,0.056883,0.180396,0.162858,0.258095,0.180832
226,0.941667,0.205722,0.326552,0.191667,0.206450,0.182822,0.179850,0.197037,0.412775,0.211946,0.207458,0.056878,0.180400,0.162983,0.258034,0.180820
227,0.945833,0.205918,0.326458,0.191802,0.206448,0.182799,0.179860,0.197400,0.412732,0.212071,0.207461,0.056879,0.180401,0.163033,0.258023,0.180864
228,0.950000,0.206124,0.326378,0.191965,0.206456,0.182778,0.179860,0.197705,0.412669,0.212188,0.207460,0.056879,0.180398,0.163486,0.257603,0.180612
229,0.954167,0.206325,0.326284,0.192115,0.206464,0.182750,0.179846,0.198044,0.412581,0.212330,0.207474,0.056874,0.180405,0.163589,0.257577,0.180651
230,0.958333,0.206524,0.326183,0.192257,0.206484,0.182724,0.179841,0.198362,0.412494,0.212444,0.207467,0.056876,0.180406,0.163629,0.257578,0.180717
231,0.962500,0.206712,0.326086,0.192393,0.206512,0.182689,0.179842,0.198661,0.412429,0.212538,0.207464,0.056872,0.180406,0.163775,0.257503,0.180689
232,0.966667,0.206917,0.325991,0.192498,0.206539,0.182654,0.179853,0.198988,0.412330,0.212675,0.207463,0.056871,0.180410,0.164055,0.257608,0.180814
233,0.970833,0.207124,0.325896,0.192592,0.206575,0.182615,0.179879,0.199281,0.412210,0.212780,0.207460,0.056871,0.180411,0.164122,0.257571,0.180832
234,0.975000,0.207302,0.325753,0.192631,0.206614,0.182568,0.179915,0.199572,0.412083,0.212873,0.207464,0.056868,0.180415,0.164195,0.257523,0.180846
235,0.979167,0.207476,0.325600,0.192639,0.206656,0.182504,0.179967,0.199915,0.411905,0.212995,0.207467,0.056867,0.180418,0.164293,0.257453,0.180831
236,0.983333,0.207663,0.325435,0.192649,0.206710,0.182436,0.180018,0.200186,0.411739,0.213113,0.207464,0.056866,0.180425,0.164365,0.257377,0.180841
237,0.987500,0.207840,0.325243,0.192684,0.206762,0.182371,0.180073,0.200512,0.411532,0.213272,0.207467,0.056863,0.180424,0.164445,0.257302,0.180865
238,0.991667,0.208028,0.325080,0.192713,0.206840,0.182298,0.180124,0.200870,0.411303,0.213513,0.207470,0.056861,0.180431,0.164525,0.257229,0.180880
239,0.995833,0.208205,0.324922,0.192773,0.206905,0.182241,0.180186,0.201209,0.411089,0.213875,0.207470,0.056861,0.180433,0.164125,0.257507,0.181143
240,1.000000,0.208384,0.324778,0.192857,0.206984,0.182191,0.180236,0.201603,0.410860,0.214315,0.207462,0.056858,0.180437,0.164189,0.257471,0.181106
241,1.004167,0.208587,0.324656,0.192970,0.207065,0.182148,0.180268,0.202002,0.410627,0.214815,0.207465,0.056856,0.180444,0.164476,0.257508,0.181202
242,1.008333,0.208765,0.324553,0.193049,0.207175,0.182139,0.180323,0.202476,0.410403,0.215365,0.207463,0.056855,0.180451,0.164981,0.257072,0.180883
243,1.012500,0.208952,0.324480,0.193120,0.207260,0.182126,0.180351,0.202934,0.410201,0.215880,0.207478,0.056855,0.180458,0.165102,0.257042,0.180850
244,1.016667,0.209139,0.324416,0.193170,0.207343,0.182111,0.180394,0.203448,0.409999,0.216347,0.207475,0.056859,0.180463,0.164803,0.257559,0.181288
245,1.020833,0.209324,0.324368,0.193211,0.207416,0.182109,0.180427,0.203869,0.409818,0.216789,0.207461,0.056859,0.180467,0.164878,0.257557,0.181292
246,1.025000,0.209512,0.324329,0.193250,0.207482,0.182101,0.180448,0.204393,0.409618,0.217271,0.207466,0.056860,0.180477,0.165002,0.257538,0.181273
247,1.029167,0.209705,0.324288,0.193308,0.207543,0.182099,0.180470,0.204956,0.409430,0.217803,0.207465,0.056864,0.180483,0.165151,0.257510,0.181188
248,1.033333,0.209914,0.324265,0.193418,0.207608,0.182082,0.180489,0.205496,0.409203,0.218366,0.207464,0.056865,0.180486,0.165252,0.257522,0.181179
249,1.037500,0.210230,0.324192,0.193588,0.207670,0.182065,0.180484,0.206047,0.408976,0.218942,0.207459,0.056868,0.180493,0.165591,0.257375,0.180968
250,1.041667,0.210322,0.324012,0.193557,0.207729,0.182042,0.180463,0.206481,0.408829,0.219184,0.207464,0.056865,0.180496,0.166034,0.257215,0.180926
251,1.045833,0.210528,0.323932,0.193696,0.207794,0.182032,0.180418,0.207017,0.408625,0.219679,0.207469,0.056867,0.180504,0.166123,0.257199,0.180913
252,1.050000,0.210852,0.323835,0.193918,0.207850,0.182011,0.180352,0.207492,0.408451,0.220155,0.207465,0.056867,0.180504,0.166378,0.257322,0.180982
253,1.054167,0.211099,0.323728,0.194096,0.207897,0.181983,0.180277,0.207941,0.408258,0.220593,0.207466,0.056869,0.180508,0.166480,0.257318,0.181019
254,1.058333,0.211263,0.323639,0.194225,0.207932,0.181960,0.180211,0.208420,0.408075,0.220986,0.207464,0.056868,0.180506,0.166626,0.257239,0.180964
255,1.062500,0.211505,0.323548,0.194374,0.207977,0.181935,0.180148,0.208847,0.407930,0.221319,0.207464,0.056865,0.180504,0.166738,0.257223,0.180970
256,1.066667,0.211861,0.323436,0.194583,0.208010,0.181899,0.180099,0.209266,0.407764,0.221661,0.207462,0.056865,0.180501,0.166921,0.257279,0.181075
257,1.070833,0.212134,0.323320,0.194731,0.208039,0.181866,0.180073,0.209631,0.407625,0.221936,0.207461,0.056863,0.180497,0.167006,0.257276,0.181095
258,1.075000,0.212395,0.323201,0.194868,0.208076,0.181828,0.180049,0.209984,0.407478,0.222208,0.207459,0.056863,0.180490,0.167096,0.257273,0.181107
259,1.079167,0.212672,0.323070,0.195024,0.208100,0.181785,0.180026,0.210445,0.407268,0.222737,0.207460,0.056863,0.180485,0.167201,0.257251,0.181111
260,1.083333,0.212943,0.322919,0.195174,0.208126,0.181727,0.179979,0.210825,0.407101,0.223024,0.207462,0.056862,0.180476,0.167287,0.257233,0.181135
261,1.087500,0.213222,0.322772,0.195354,0.208154,0.181673,0.179937,0.211145,0.406927,0.223298,0.207458,0.056863,0.180471,0.166945,0.257667,0.181540
262,1.091667,0.213469,0.322591,0.195542,0.208200,0.181604,0.179866,0.211507,0.406711,0.223659,0.207452,0.056860,0.180461,0.167343,0.257392,0.181300
263,1.095833,0.213752,0.322407,0.195767,0.208232,0.181522,0.179814,0.211878,0.406486,0.224002,0.207466,0.056863,0.180457,0.167843,0.257142,0.181305
264,1.100000,0.214002,0.322204,0.195976,0.208262,0.181466,0.179770,0.212250,0.406235,0.224422,0.207472,0.056860,0.180450,0.167961,0.257093,0.181343
265,1.104167,0.214267,0.322008,0.196224,0.208301,0.181404,0.179737,0.212650,0.405960,0.224956,0.207474,0.056862,0.180440,0.168109,0.257092,0.181401
266,1.108333,0.214520,0.321834,0.196501,0.208338,0.181366,0.179717,0.213091,0.405657,0.225574,0.207474,0.056860,0.180434,0.168190,0.257068,0.181448
267,1.112500,0.214842,0.321774,0.196896,0.208374,0.181339,0.179723,0.213438,0.405455,0.225972,0.207479,0.056863,0.180431,0.168284,0.257080,0.181530
268,1.116667,0.215005,0.321476,0.197052,0.208422,0.181301,0.179764,0.213764,0.405273,0.226016,0.207478,0.056864,0.180425,0.168360,0.257071,0.181550
269,1.120833,0.215255,0.321258,0.197375,0.208471,0.181252,0.179837,0.214198,0.404897,0.226717,0.207486,0.056863,0.180424,0.168526,0.257092,0.181623
270,1.125000,0.215478,0.321048,0.197673,0.208506,0.181190,0.179937,0.214683,0.404567,0.227415,0.207486,0.056870,0.180420,0.168793,0.257059,0.181521
271,1.129167,0.215724,0.320870,0.197972,0.208560,0.181134,0.180079,0.215168,0.404236,0.227990,0.207491,0.056871,0.180418,0.168910,0.257016,0.181481
272,1.133333,0.215959,0.320684,0.198188,0.208604,0.181073,0.180223,0.215725,0.403924,0.228397,0.207496,0.056869,0.180415,0.168983,0.256997,0.181519
273,1.137500,0.216197,0.320532,0.198386,0.208658,0.181027,0.180353,0.216273,0.403695,0.228657,0.207497,0.056872,0.180411,0.169063,0.256977,0.181551
274,1.141667,0.216424,0.320378,0.198553,0.208718,0.180991,0.180476,0.216853,0.403509,0.228816,0.207496,0.056873,0.180408,0.169168,0.256973,0.181628
275,1.145833,0.216653,0.320257,0.198704,0.208781,0.180969,0.180591,0.217425,0.403347,0.228937,0.207497,0.056871,0.180406,0.169251,0.256943,0.181672
276,1.150000,0.216884,0.320125,0.198850,0.208859,0.180954,0.180685,0.217971,0.403192,0.229022,0.207499,0.056870,0.180401,0.169607,0.256919,0.181328
277,1.154167,0.217104,0.320016,0.198977,0.208934,0.180928,0.180772,0.218556,0.403050,0.229149,0.207503,0.056871,0.180396,0.169764,0.256903,0.181505
278,1.158333,0.217342,0.319930,0.199094,0.209011,0.180898,0.180841,0.219105,0.402945,0.229243,0.207508,0.056870,0.180393,0.169630,0.256945,0.181926
279,1.162500,0.217560,0.319843,0.199184,0.209080,0.180890,0.180874,0.219632,0.402823,0.229323,0.207509,0.056871,0.180393,0.169771,0.256974,0.182163
280,1.166667,0.217790,0.319744,0.199266,0.209150,0.180862,0.180889,0.220175,0.402742,0.229339,0.207512,0.056869,0.180391,0.169978,0.256877,0.181887
281,1.170833,0.218029,0.319674,0.199337,0.209220,0.180850,0.180889,0.220739,0.402650,0.229307,0.207513,0.056864,0.180396,0.169778,0.257259,0.182667
282,1.175000,0.218266,0.319603,0.199375,0.209294,0.180829,0.180904,0.221299,0.402584,0.229301,0.207509,0.056862,0.180398,0.169912,0.257187,0.182848
283,1.179167,0.218507,0.319520,0.199389,0.209360,0.180798,0.180932,0.221867,0.402508,0.229178,0.207520,0.056861,0.180406,0.170276,0.257020,0.183049
284,1.183333,0.218756,0.319438,0.199380,0.209428,0.180759,0.180986,0.222395,0.402459,0.229007,0.207518,0.056856,0.180409,0.170602,0.256952,0.183088
285,1.187500,0.219007,0.319368,0.199362,0.209489,0.180717,0.181061,0.222920,0.402423,0.228834,0.207520,0.056856,0.180413,0.170678,0.256902,0.183257
286,1.191667,0.219246,0.319263,0.199378,0.209559,0.180689,0.181162,0.223466,0.402357,0.228609,0.207522,0.056854,0.180418,0.170852,0.256897,0.183483
287,1.195833,0.219483,0.319143,0.199385,0.209619,0.180640,0.181268,0.223963,0.402335,0.228308,0.207523,0.056852,0.180422,0.170944,0.256842,0.183606
288,1.200000,0.219742,0.319009,0.199404,0.209683,0.180565,0.181378,0.224491,0.402314,0.227947,0.207525,0.056856,0.180423,0.171064,0.256782,0.183697
289,1.204167,0.219991,0.318885,0.199433,0.209733,0.180508,0.181475,0.225026,0.402295,0.227582,0.207523,0.056853,0.180426,0.171172,0.256725,0.183837
290,1.208333,0.220244,0.318763,0.199437,0.209779,0.180443,0.181567,0.225491,0.402283,0.227198,0.207519,0.056853,0.180434,0.171363,0.256717,0.184023
291,1.212500,0.220494,0.318625,0.199425,0.209833,0.180383,0.181641,0.226045,0.402241,0.226780,0.207519,0.056851,0.180436,0.171451,0.256661,0.184145
292,1.216667,0.220750,0.318504,0.199375,0.209889,0.180333,0.181700,0.226553,0.402214,0.226315,0.207405,0.056860,0.180392,0.171550,0.256602,0.184254
293,1.220833,0.221011,0.318396,0.199333,0.209936,0.180288,0.181742,0.227086,0.402151,0.225966,0.207405,0.056861,0.180394,0.171673,0.256563,0.184363
294,1.225000,0.221262,0.318290,0.199280,0.209988,0.180241,0.181777,0.227619,0.402090,0.225651,0.207404,0.056860,0.180402,0.171863,0.256549,0.184537
295,1.229167,0.221522,0.318181,0.199252,0.210044,0.180197,0.181800,0.228118,0.402034,0.225364,0.207403,0.056858,0.180399,0.171626,0.256936,0.184886
296,1.233333,0.221747,0.318066,0.199192,0.210088,0.180162,0.181825,0.228784,0.401867,0.226065,0.207404,0.056853,0.180406,0.172095,0.256656,0.184791
297,1.237500,0.222040,0.317913,0.199248,0.210147,0.180133,0.181861,0.229527,0.401440,0.226712,0.207305,0.056853,0.180371,0.172194,0.256645,0.184853
298,1.241667,0.222286,0.317755,0.199309,0.210198,0.180092,0.181908,0.230019,0.401299,0.226646,0.207300,0.056853,0.180373,0.172241,0.256418,0.184740
299,1.245833,0.222530,0.317562,0.199390,0.210240,0.180041,0.181955,0.230485,0.401096,0.226595,0.207300,0.056847,0.180381,0.172637,0.256478,0.184745
300,1.250000,0.222793,0.317361,0.199468,0.210294,0.179991,0.182040,0.231052,0.400926,0.226520,0.207301,0.056846,0.180390,0.172775,0.256496,0.184757
301,1.254167,0.223063,0.317163,0.199534,0.210323,0.179927,0.182135,0.231617,0.400731,0.226432,0.207296,0.056847,0.180393,0.172850,0.256480,0.184734
302,1.258333,0.223323,0.316995,0.199557,0.210369,0.179884,0.182263,0.232204,0.400577,0.226243,0.207297,0.056850,0.180401,0.172933,0.256461,0.184687
303,1.262500,0.223595,0.316840,0.199545,0.210407,0.179842,0.182366,0.232831,0.400418,0.225969,0.207296,0.056844,0.180407,0.172952,0.256550,0.184726
304,1.266667,0.223863,0.316706,0.199493,0.210450,0.179821,0.182485,0.233471,0.400322,0.225582,0.207294,0.056846,0.180416,0.173074,0.256518,0.184605
305,1.270833,0.224126,0.316571,0.199396,0.210492,0.179783,0.182567,0.234094,0.400191,0.225195,0.207291,0.056846,0.180425,0.173379,0.256465,0.184407
306,1.275000,0.224396,0.316452,0.199270,0.210538,0.179753,0.182621,0.234747,0.400075,0.224783,0.207293,0.056846,0.180429,0.173508,0.256455,0.184281
307,1.279167,0.224637,0.316317,0.199107,0.210576,0.179720,0.182636,0.235352,0.399945,0.224383,0.207295,0.056847,0.180439,0.173599,0.256451,0.184224
308,1.283333,0.224894,0.316190,0.198924,0.210615,0.179665,0.182585,0.235950,0.399800,0.224014,0.207299,0.056846,0.180445,0.173678,0.256427,0.184168
309,1.287500,0.225155,0.316054,0.198721,0.210659,0.179631,0.182528,0.236548,0.399667,0.223621,0.207297,0.056848,0.180453,0.173762,0.256402,0.184168
310,1.291667,0.225401,0.315901,0.198494,0.210707,0.179580,0.182425,0.237149,0.399464,0.223262,0.207297,0.056842,0.180459,0.173942,0.256387,0.184166
311,1.295833,0.225661,0.315707,0.198249,0.210761,0.179515,0.182290,0.237747,0.399266,0.222898,0.207299,0.056842,0.180466,0.174025,0.256333,0.184183
312,1.300000,0.225920,0.315533,0.197988,0.210810,0.179455,0.182146,0.238351,0.399043,0.222586,0.207302,0.056839,0.180475,0.174296,0.256367,0.184277
313,1.304167,0.226170,0.315382,0.197673,0.210871,0.179395,0.181985,0.238972,0.398837,0.222255,0.207296,0.056839,0.180473,0.174358,0.256336,0.184301
314,1.308333,0.226434,0.315230,0.197356,0.210912,0.179344,0.181853,0.239578,0.398621,0.221957,0.207299,0.056836,0.180473,0.174391,0.256215,0.184227
315,1.312500,0.226687,0.315101,0.197026,0.210946,0.179316,0.181739,0.240229,0.398438,0.221651,0.207297,0.056835,0.180476,0.174585,0.256213,0.184142
316,1.316667,0.226946,0.314995,0.196718,0.210991,0.179312,0.181636,0.240872,0.398235,0.221393,0.207295,0.056839,0.180475,0.174550,0.256283,0.184169
317,1.320833,0.227190,0.314877,0.196430,0.211027,0.179306,0.181555,0.241530,0.398032,0.221146,0.207293,0.056838,0.180469,0.174752,0.256232,0.183970
318,1.325000,0.227447,0.314755,0.196176,0.211064,0.179288,0.181470,0.242239,0.397767,0.220923,0.207290,0.056842,0.180468,0.174827,0.256254,0.183862
319,1.329167,0.227713,0.314622,0.195972,0.211094,0.179275,0.181410,0.242942,0.397511,0.220703,0.207286,0.056844,0.180467,0.174907,0.256287,0.183720
320,1.333333,0.227977,0.314464,0.195767,0.211120,0.179248,0.181344,0.243693,0.397251,0.220466,0.207288,0.056842,0.180464,0.174808,0.256472,0.183607
321,1.337500,0.228255,0.314310,0.195603,0.211142,0.179222,0.181284,0.244456,0.396925,0.220296,0.207285,0.056843,0.180458,0.174971,0.256634,0.183548
322,1.341667,0.228521,0.314134,0.195441,0.211177,0.179207,0.181218,0.245193,0.396586,0.220121,0.207285,0.056843,0.180453,0.175107,0.256620,0.183311
323,1.345833,0.228797,0.313929,0.195310,0.211209,0.179170,0.181153,0.245924,0.396262,0.219973,0.207286,0.056844,0.180448,0.175093,0.256536,0.183000
324,1.350000,0.229068,0.313727,0.195166,0.211250,0.179119,0.181082,0.246661,0.395910,0.219868,0.207289,0.056847,0.180443,0.175466,0.256075,0.182511
325,1.354167,0.229359,0.313525,0.195033,0.211295,0.179047,0.180987,0.247356,0.395531,0.219788,0.207290,0.056846,0.180435,0.175624,0.256225,0.182422
326,1.358333,0.229600,0.313331,0.194809,0.211331,0.178988,0.180918,0.248013,0.395152,0.219733,0.207293,0.056849,0.180425,0.175800,0.256170,0.182141
327,1.362500,0.229859,0.313127,0.194591,0.211366,0.178943,0.180839,0.248682,0.394799,0.219676,0.207295,0.056848,0.180422,0.175904,0.256159,0.181924
328,1.366667,0.230123,0.312956,0.194363,0.211390,0.178903,0.180737,0.249345,0.394460,0.219651,0.207296,0.056853,0.180411,0.176072,0.256218,0.181706
329,1.370833,0.230373,0.312836,0.194115,0.211427,0.178890,0.180628,0.250003,0.394138,0.219628,0.207292,0.056855,0.180412,0.176173,0.256251,0.181517
330,1.375000,0.230657,0.312693,0.193855,0.211459,0.178891,0.180505,0.250650,0.393827,0.219620,0.207296,0.056854,0.180403,0.176229,0.256301,0.181365
331,1.379167,0.230934,0.312591,0.193635,0.211494,0.178897,0.180354,0.251307,0.393534,0.219629,0.207298,0.056857,0.180399,0.176367,0.256212,0.181117
332,1.383333,0.231217,0.312503,0.193379,0.211525,0.178919,0.180214,0.251981,0.393226,0.219652,0.207297,0.056856,0.180390,0.176641,0.256334,0.180929
333,1.387500,0.231593,0.312473,0.193314,0.211561,0.178942,0.180073,0.252638,0.392893,0.219686,0.207298,0.056856,0.180385,0.176732,0.256405,0.180780
334,1.391667,0.231857,0.312387,0.193092,0.211586,0.178948,0.179942,0.253281,0.392581,0.219710,0.207301,0.056853,0.180379,0.176841,0.256456,0.180647
335,1.395833,0.232141,0.312294,0.192921,0.211611,0.178954,0.179816,0.253892,0.392278,0.219750,0.207301,0.056851,0.180374,0.176986,0.256488,0.180462
336,1.400000,0.232417,0.312159,0.192725,0.211634,0.178927,0.179685,0.254501,0.391983,0.219762,0.207301,0.056851,0.180368,0.176753,0.256820,0.180351
337,1.404167,0.232595,0.312008,0.192361,0.211652,0.178919,0.179566,0.255062,0.391690,0.219765,0.207159,0.056945,0.180213,0.176576,0.257159,0.180251
338,1.408333,0.232852,0.311874,0.192167,0.211667,0.178894,0.179440,0.255604,0.391444,0.219723,0.206967,0.057017,0.180006,0.177301,0.256408,0.179864
339,1.412500,0.233227,0.311804,0.192170,0.211747,0.178873,0.179366,0.256116,0.391182,0.219692,0.206967,0.057022,0.179995,0.177277,0.256974,0.180128
340,1.416667,0.233430,0.311714,0.191909,0.211776,0.178843,0.179258,0.256599,0.390973,0.219608,0.207305,0.056853,0.180347,0.176274,0.257946,0.180813
341,1.420833,0.233550,0.311512,0.191593,0.211795,0.178779,0.179130,0.257078,0.390719,0.219569,0.207163,0.056949,0.180193,0.176565,0.257950,0.180739
342,1.425000,0.233809,0.311366,0.191510,0.211840,0.178735,0.179036,0.257526,0.390518,0.219502,0.206966,0.057026,0.179967,0.176334,0.257835,0.180453
343,1.429167,0.234025,0.311249,0.191388,,,,0.257975,0.390280,0.219435,,,,0.177622,0.256974,0.179555
344,1.433333,0.233968,0.311205,0.190901,,,,0.258436,0.390071,0.219348,,,,0.177827,0.256813,0.179368
345,1.437500,0.234153,0.311075,0.190760,,,,0.258890,0.389837,0.219231,,,,0.176967,0.257868,0.180270
346,1.441667,0.234369,0.310973,0.190659,,,,0.259317,0.389624,0.219107,,,,0.177466,0.257391,0.179518
347,1.445833,0.234583,0.310863,0.190585,,,,0.259712,0.389442,0.218984,,,,0.178050,0.256940,0.179029
348,1.450000,0.234768,0.310742,0.190473,,,,0.260099,0.389196,0.218897,,,,0.178490,0.256566,0.179064
349,1.454167,0.234943,0.310609,0.190368,,,,0.260436,0.388989,0.218819,,,,0.178544,0.256549,0.179043
350,1.458333,0.235098,0.310472,0.190262,,,,0.260733,0.388766,0.218774,,,,0.178423,0.256805,0.178982
351,1.462500,0.235254,0.310315,0.190149,,,,0.260985,0.388562,0.218755,,,,0.178295,0.256775,0.178969
352,1.466667,0.235407,0.310160,0.190076,,,,0.261226,0.388361,0.218750,,,,0.177539,0.257407,0.179798
353,1.470833,0.235565,0.309980,0.190040,,,,0.261439,0.388148,0.218835,,,,0.177825,0.257309,0.179801
354,1.475000,0.235727,0.309818,0.190043,,,,0.261660,0.387921,0.218996,,,,0.177850,0.257230,0.179740
355,1.479167,0.235884,0.309677,0.190048,,,,0.261874,0.387717,0.219190,,,,0.178389,0.256815,0.179029
356,1.483333,0.236047,0.309549,0.190069,,,,0.262107,0.387471,0.219438,,,,0.178094,0.257172,0.179734
357,1.487500,0.236220,0.309429,0.190072,,,,0.262347,0.387245,0.219709,,,,0.178586,0.256813,0.179115
358,1.491667,0.236388,0.309346,0.190101,,,,0.262584,0.387014,0.220011,,,,0.179169,0.256383,0.178826
359,1.495833,0.236539,0.309285,0.190134,,,,0.262839,0.386777,0.220370,,,,0.180049,0.255824,0.178766
360,1.500000,0.236724,0.309197,0.190227,,,,0.263117,0.386503,0.220796,,,,0.180131,0.255796,0.178773
361,1.504167,0.236893,0.309131,0.190359,,,,0.263397,0.386255,0.221276,,,,0.180043,0.255835,0.178921
362,1.508333,0.237064,0.309051,0.190518,,,,0.263702,0.385938,0.221831,,,,0.179986,0.256202,0.179053
363,1.512500,0.237227,0.308959,0.190706,,,,0.263993,0.385628,0.222403,,,,0.178837,0.257155,0.179938
364,1.516667,0.237401,0.308844,0.190931,,,,0.264293,0.385314,0.222994,,,,0.178907,0.257188,0.179974
365,1.520833,0.237560,0.308740,0.191173,,,,0.264587,0.384991,0.223592,,,,0.178845,0.257161,0.179981
366,1.525000,0.237721,0.308628,0.191447,,,,0.264889,0.384649,0.224222,,,,0.178830,0.257144,0.179994
367,1.529167,0.237865,0.308514,0.191719,,,,0.265161,0.384310,0.224870,,,,0.178884,0.257138,0.180084
368,1.533333,0.238026,0.308386,0.192023,,,,0.265445,0.383977,0.225532,,,,0.178969,0.257143,0.180150
369,1.537500,0.238170,0.308267,0.192331,,,,0.265729,0.383627,0.226215,,,,0.179540,0.257089,0.179801
370,1.541667,0.238293,0.308142,0.192681,,,,0.265995,0.383288,0.226870,,,,0.179996,0.256820,0.179688
371,1.545833,0.238437,0.308010,0.193026,,,,0.266249,0.382952,0.227518,,,,0.179670,0.257339,0.180574
372,1.550000,0.238564,0.307849,0.193403,,,,0.266514,0.382612,0.228171,,,,0.179602,0.257275,0.180720
373,1.554167,0.238696,0.307715,0.193792,,,,0.266778,0.382257,0.228826,,,,0.179503,0.257214,0.180843
374,1.558333,0.238818,0.307565,0.194161,,,,0.267033,0.381914,0.229488,,,,0.179490,0.257205,0.180991
375,1.562500,0.238906,0.307416,0.194530,,,,0.267268,0.381583,0.230119,,,,0.179508,0.257183,0.181189
376,1.566667,0.239017,0.307261,0.194929,,,,0.267478,0.381252,0.230782,,,,0.179549,0.257186,0.181390
377,1.570833,0.239110,0.307106,0.195304,,,,0.267663,0.380937,0.231418,,,,0.179561,0.257154,0.181619
378,1.575000,0.239184,0.306962,0.195645,,,,0.267839,0.380602,0.232080,,,,0.179535,0.257097,0.181916
379,1.579167,0.239244,0.306798,0.196031,,,,0.268015,0.380271,0.232753,,,,0.179529,0.257050,0.182164
380,1.583333,0.239293,0.306659,0.196404,,,,0.268180,0.379942,0.233402,,,,0.179554,0.257030,0.182579
381,1.587500,0.239357,0.306504,0.196784,,,,0.268351,0.379607,0.234085,,,,0.179553,0.256987,0.182853
382,1.591667,0.239401,0.306355,0.197230,,,,0.268549,0.379252,0.234778,,,,0.179535,0.256940,0.183143
383,1.595833,0.239445,0.306198,0.197703,,,,0.268744,0.378906,0.235496,,,,0.179550,0.256911,0.183419
384,1.600000,0.239482,0.306055,0.198213,,,,0.268959,0.378538,0.236245,,,,0.179519,0.256892,0.183663
385,1.604167,0.239530,0.305909,0.198721,,,,0.269187,0.378156,0.236989,,,,0.179650,0.256875,0.183992
386,1.608333,0.239577,0.305773,0.199270,,,,0.269410,0.377795,0.237717,,,,0.179750,0.256922,0.184255
387,1.612500,0.239621,0.305634,0.199808,,,,0.269651,0.377409,0.238480,,,,0.179810,0.256970,0.184535
388,1.616667,0.239647,0.305506,0.200345,,,,0.269865,0.377006,0.239247,,,,0.179790,0.256905,0.184820
389,1.620833,0.239700,0.305376,0.200878,,,,0.270048,0.376636,0.240008,,,,0.179760,0.256870,0.185074
390,1.625000,0.239730,0.305251,0.201397,,,,0.270208,0.376265,0.240772,,,,0.179762,0.256863,0.185335
391,1.629167,0.239756,0.305141,0.201927,,,,0.270328,0.375905,0.241569,,,,0.179786,0.256839,0.185622
392,1.633333,0.239786,0.304992,0.202400,,,,0.270416,0.375553,0.242376,,,,0.179780,0.256804,0.185943
393,1.637500,0.239787,0.304857,0.202899,,,,0.270467,0.375224,0.243193,,,,0.179780,0.256772,0.186266
394,1.641667,0.239838,0.304666,0.203470,,,,0.270479,0.374900,0.244035,,,,0.179762,0.256766,0.186709
395,1.645833,0.239862,0.304562,0.203873,,,,0.270497,0.374585,0.244869,,,,0.179744,0.256698,0.187064
396,1.650000,0.239855,0.304409,0.204456,,,,0.270504,0.374257,0.245735,,,,0.179738,0.256659,0.187396
397,1.654167,0.239902,0.304278,0.204965,,,,0.270449,0.373992,0.246579,,,,0.179726,0.256628,0.187695
398,1.658333,0.239935,0.304164,0.205465,,,,0.270429,0.373698,0.247441,,,,0.179881,0.256602,0.188049
399,1.662500,0.239997,0.304066,0.205875,,,,0.270410,0.373438,0.248286,,,,0.179928,0.256623,0.188376
400,1.666667,0.240029,0.303945,0.206440,,,,0.270431,0.373134,0.249144,,,,0.179952,0.256627,0.188734
401,1.670833,0.240055,0.303828,0.207015,,,,0.270402,0.372890,0.249939,,,,0.179977,0.256621,0.188940
402,1.675000,0.240085,0.303719,0.207569,,,,0.270391,0.372613,0.250735,,,,0.180019,0.256620,0.189221
403,1.679167,0.240115,0.303586,0.208153,,,,0.270380,0.372377,0.251479,,,,0.180005,0.256610,0.189425
404,1.683333,0.240143,0.303462,0.208702,,,,0.270354,0.372138,0.252222,,,,0.180031,0.256629,0.189647
405,1.687500,0.240170,0.303324,0.209271,,,,0.270317,0.371910,0.252936,,,,0.180016,0.256608,0.189860
406,1.691667,0.240180,0.303208,0.209806,,,,0.270279,0.371701,0.253643,,,,0.180026,0.256607,0.190063
407,1.695833,0.240184,0.303101,0.210334,,,,0.270234,0.371466,0.254367,,,,0.180118,0.256670,0.190356
408,1.700000,0.240201,0.302997,0.210810,,,,0.270134,0.371295,0.255055,,,,0.180147,0.256652,0.190577
409,1.704167,0.240201,0.302891,0.211248,,,,0.270024,0.371124,0.255702,,,,0.180344,0.256604,0.190779
410,1.708333,0.240195,0.302795,0.211688,,,,0.269912,0.370935,0.256371,,,,0.180360,0.256552,0.191092
411,1.712500,0.240186,0.302711,0.212078,,,,0.269791,0.370760,0.257021,,,,0.180335,0.256510,0.191319
412,1.716667,0.240199,0.302634,0.212444,,,,0.269667,0.370591,0.257612,,,,0.180309,0.256482,0.191527
413,1.720833,0.240187,0.302568,0.212795,,,,0.269566,0.370408,0.258227,,,,0.180290,0.256456,0.191735
414,1.725000,0.240175,0.302498,0.213114,,,,0.269457,0.370227,0.258795,,,,0.180292,0.256412,0.192002
415,1.729167,0.240179,0.302438,0.213441,,,,0.269354,0.370075,0.259318,,,,0.180300,0.256380,0.192201
416,1.733333,0.240150,0.302373,0.213742,,,,0.269252,0.369913,0.259814,,,,0.180360,0.256419,0.192501
417,1.737500,0.240124,0.302298,0.214020,,,,0.269148,0.369792,0.260282,,,,0.180363,0.256371,0.192689
418,1.741667,0.240106,0.302222,0.214323,,,,0.269056,0.369628,0.260664,,,,0.180274,0.256287,0.192876
419,1.745833,0.240076,0.302155,0.214591,,,,0.268994,0.369498,0.261073,,,,0.180276,0.256224,0.193111
420,1.750000,0.240031,0.302078,0.214831,,,,0.268932,0.369348,0.261406,,,,0.180265,0.256168,0.193276
421,1.754167,0.239994,0.302012,0.215030,,,,0.268857,0.369216,0.261740,,,,0.180229,0.256101,0.193432
422,1.758333,0.239967,0.301951,0.215254,,,,0.268807,0.369097,0.262055,,,,0.180206,0.256035,0.193571
423,1.762500,0.239923,0.301884,0.215459,,,,0.268781,0.368949,0.262323,,,,0.180175,0.255973,0.193713
424,1.766667,0.239870,0.301819,0.215659,,,,0.268761,0.368782,0.262628,,,,0.180120,0.255887,0.193910
425,1.770833,0.239819,0.301762,0.215863,,,,0.268773,0.368627,0.262934,,,,0.180103,0.255874,0.193988
426,1.775000,0.239777,0.301706,0.216058,,,,0.268799,0.368440,0.263238,,,,0.180098,0.255856,0.194064
427,1.779167,0.239738,0.301655,0.216258,,,,0.268835,0.368247,0.263542,,,,0.180114,0.255853,0.194141
428,1.783333,0.239725,0.301597,0.216477,,,,0.268884,0.368047,0.263836,,,,0.180123,0.255874,0.194181
429,1.787500,0.239699,0.301538,0.216675,,,,0.268938,0.367825,0.264146,,,,0.180126,0.255874,0.194201
430,1.791667,0.239684,0.301472,0.216842,,,,0.268990,0.367591,0.264457,,,,0.180135,0.255885,0.194213
431,1.795833,0.239676,0.301410,0.216985,,,,0.269026,0.367359,0.264762,,,,0.180142,0.255888,0.194210
432,1.800000,0.239665,0.301349,0.217128,,,,0.269053,0.367116,0.265072,,,,0.180144,0.255881,0.194208
433,1.804167,0.239657,0.301287,0.217231,,,,0.269069,0.366888,0.265388,,,,0.180152,0.255878,0.194202
434,1.808333,0.239669,0.301215,0.217330,,,,0.269062,0.366648,0.265709,,,,0.180156,0.255889,0.194195
435,1.812500,0.239675,0.301145,0.217400,,,,0.269034,0.366425,0.266015,,,,0.180152,0.255880,0.194187
436,1.816667,0.239688,0.301081,0.217445,,,,0.268999,0.366191,0.266328,,,,0.180133,0.255880,0.194191
437,1.820833,0.239695,0.301008,0.217467,,,,0.268933,0.365980,0.266632,,,,0.180111,0.255878,0.194194
438,1.825000,0.239713,0.300947,0.217464,,,,0.268903,0.365761,0.266917,,,,0.180071,0.255866,0.194169
439,1.829167,0.239735,0.300896,0.217454,,,,0.268857,0.365556,0.267170,,,,0.180055,0.255866,0.194156
440,1.833333,0.239753,0.300834,0.217420,,,,0.268837,0.365348,0.267382,,,,0.180047,0.255862,0.194137
441,1.837500,0.239776,0.300763,0.217382,,,,0.268835,0.365155,0.267553,,,,0.180029,0.255857,0.194133
442,1.841667,0.239792,0.300706,0.217331,,,,0.268851,0.364975,0.267692,,,,0.180009,0.255847,0.194117
443,1.845833,0.239806,0.300653,0.217282,,,,0.268890,0.364804,0.267791,,,,0.179998,0.255835,0.194088
444,1.850000,0.239812,0.300576,0.217208,,,,0.268949,0.364625,0.267851,,,,0.179986,0.255819,0.194055
445,1.854167,0.239818,0.300511,0.217146,,,,0.269040,0.364455,0.267868,,,,0.179963,0.255801,0.194035
446,1.858333,0.239822,0.300450,0.217079,,,,0.269173,0.364290,0.267837,,,,0.179946,0.255780,0.194022
447,1.862500,0.239831,0.300384,0.217000,,,,0.269309,0.364124,0.267779,,,,0.179939,0.255754,0.194008
448,1.866667,0.239828,0.300337,0.216923,,,,0.269479,0.363942,0.267701,,,,0.179901,0.255735,0.193946
449,1.870833,0.239815,0.300301,0.216834,,,,0.269670,0.363756,0.267634,,,,0.179884,0.255712,0.193923
450,1.875000,0.239809,0.300269,0.216747,,,,0.269882,0.363565,0.267570,,,,0.179866,0.255692,0.193916
451,1.879167,0.239803,0.300238,0.216665,,,,0.270118,0.363358,0.267488,,,,0.179850,0.255666,0.193904
452,1.883333,0.239783,0.300200,0.216577,,,,0.270387,0.363126,0.267406,,,,0.179750,0.255594,0.193777
453,1.887500,0.239784,0.300157,0.216513,,,,0.270665,0.362871,0.267370,,,,0.179708,0.255580,0.193709
454,1.891667,0.239797,0.300121,0.216454,,,,0.270929,0.362618,0.267327,,,,0.179717,0.255583,0.193656
455,1.895833,0.239811,0.300089,0.216386,,,,0.271223,0.362345,0.267287,,,,0.179708,0.255594,0.193584
456,1.900000,0.239834,0.300050,0.216328,,,,0.271540,0.362052,0.267250,,,,0.179710,0.255600,0.193522
457,1.904167,0.239873,0.299993,0.216271,,,,0.271825,0.361782,0.267234,,,,0.179713,0.255621,0.193473
458,1.908333,0.239907,0.299940,0.216211,,,,0.272103,0.361473,0.267255,,,,0.179732,0.255626,0.193413
459,1.912500,0.239948,0.299882,0.216146,,,,0.272344,0.361168,0.267308,,,,0.179748,0.255633,0.193349
460,1.916667,0.239997,0.299821,0.216070,,,,0.272573,0.360858,0.267356,,,,0.179763,0.255630,0.193292
461,1.920833,0.240054,0.299741,0.215999,,,,0.272788,0.360556,0.267428,,,,0.179779,0.255630,0.193235
462,1.925000,0.240130,0.299668,0.215918,,,,0.272968,0.360276,0.267512,,,,0.179798,0.255637,0.193180
463,1.929167,0.240199,0.299600,0.215843,,,,0.273118,0.360001,0.267612,,,,0.179828,0.255630,0.193122
464,1.933333,0.240283,0.299529,0.215751,,,,0.273276,0.359705,0.267750,,,,0.179842,0.255654,0.193017
465,1.937500,0.240378,0.299453,0.215653,,,,0.273409,0.359451,0.267851,,,,0.179862,0.255656,0.192971
466,1.941667,0.240482,0.299385,0.215562,,,,0.273530,0.359209,0.267965,,,,0.179922,0.255697,0.192884
467,1.945833,0.240582,0.299315,0.215486,,,,0.273660,0.358973,0.268075,,,,0.179960,0.255711,0.192815
468,1.950000,0.240692,0.299218,0.215407,,,,0.273783,0.358762,0.268167,,,,0.180005,0.255722,0.192736
469,1.954167,0.240796,0.299130,0.215335,,,,0.273909,0.358567,0.268238,,,,0.180056,0.255720,0.192649
470,1.958333,0.240914,0.299029,0.215273,,,,0.274042,0.358385,0.268281,,,,0.180111,0.255723,0.192564
471,1.962500,0.241039,0.298935,0.215231,,,,0.274172,0.358189,0.268318,,,,0.180168,0.255727,0.192487
472,1.966667,0.241163,0.298816,0.215191,,,,0.274345,0.358002,0.268317,,,,0.180224,0.255712,0.192408
473,1.970833,0.241282,0.298702,0.215157,,,,0.274490,0.357845,0.268310,,,,0.180292,0.255699,0.192311
474,1.975000,0.241396,0.298581,0.215124,,,,0.274634,0.357680,0.268288,,,,0.180367,0.255670,0.192219
475,1.979167,0.241510,0.298463,0.215091,,,,0.274780,0.357512,0.268260,,,,0.180444,0.255633,0.192125
476,1.983333,0.241624,0.298311,0.215045,,,,0.274926,0.357337,0.268234,,,,0.180523,0.255547,0.191968
477,1.987500,0.241737,0.298165,0.215013,,,,0.275070,0.357177,0.268202,,,,0.180612,0.255485,0.191843
478,1.991667,0.241868,0.298001,0.214972,,,,0.275230,0.357000,0.268155,,,,0.180891,0.255419,0.191681
479,1.995833,0.242000,0.297848,0.214979,,,,0.275360,0.356843,0.268110,,,,0.181035,0.255366,0.191576
480,2.000000,0.242129,0.297683,0.214973,,,,0.275521,0.356664,0.268064,,,,0.181157,0.255317,0.191408
481,2.004167,0.242270,0.297524,0.214950,,,,0.275671,0.356498,0.268052,,,,0.181286,0.255282,0.191234
482,2.008333,0.242423,0.297370,0.214946,,,,0.275828,0.356338,0.268042,,,,0.181427,0.255261,0.191075
483,2.012500,0.242585,0.297247,0.214924,,,,0.275998,0.356185,0.268013,,,,0.181582,0.255235,0.190940
484,2.016667,0.242779,0.297130,0.214866,,,,0.276134,0.356074,0.267986,,,,0.181709,0.255184,0.190807
485,2.020833,0.242964,0.297039,0.214786,,,,0.276281,0.355960,0.267947,,,,0.182106,0.255181,0.190718
486,2.025000,0.243170,0.296945,0.214683,,,,0.276410,0.355888,0.267897,,,,0.182257,0.255140,0.190643
487,2.029167,0.243373,0.296856,0.214566,,,,0.276522,0.355801,0.267850,,,,0.182397,0.255097,0.190543
488,2.033333,0.243592,0.296752,0.214432,,,,0.276619,0.355732,0.267794,,,,0.182540,0.255037,0.190468
489,2.037500,0.243837,0.296653,0.214314,,,,0.276729,0.355682,0.267714,,,,0.182710,0.254939,0.190492
490,2.041667,0.244067,0.296516,0.214151,,,,0.276841,0.355657,0.267618,,,,0.183081,0.254838,0.190472
491,2.045833,0.244316,0.296399,0.213998,,,,0.276972,0.355666,0.267488,,,,0.183225,0.254760,0.190475
492,2.050000,0.244562,0.296256,0.213872,,,,0.277144,0.355666,0.267328,,,,0.183361,0.254690,0.190444
493,2.054167,0.244841,0.296121,0.213786,,,,0.277348,0.355649,0.267192,,,,0.183444,0.254571,0.190287
494,2.058333,0.245109,0.296011,0.213703,,,,0.277596,0.355651,0.267055,,,,0.183678,0.254623,0.190302
495,2.062500,0.245400,0.295887,0.213626,,,,0.277924,0.355618,0.266908,,,,0.184182,0.254629,0.190274
496,2.066667,0.245714,0.295770,0.213582,,,,0.278305,0.355545,0.266786,,,,0.184428,0.254975,0.190391
497,2.070833,0.246022,0.295655,0.213551,,,,0.278740,0.355424,0.266659,,,,0.184625,0.254698,0.190135
498,2.075000,0.246352,0.295523,0.213550,,,,0.279233,0.355252,0.266533,,,,0.184733,0.254691,0.190010
499,2.079167,0.246677,0.295388,0.213526,,,,0.279758,0.355038,0.266427,,,,0.185210,0.254709,0.189909
500,2.083333,0.247019,0.295241,0.213526,,,,0.280319,0.354746,0.266355,,,,0.185425,0.255060,0.190062
501,2.087500,0.247348,0.295079,0.213508,,,,0.280895,0.354428,0.266304,,,,0.185700,0.254735,0.189922
502,2.091667,0.247702,0.294872,0.213506,,,,0.281481,0.354026,0.266304,,,,0.185793,0.254683,0.189827
503,2.095833,0.248014,0.294674,0.213464,,,,0.282057,0.353608,0.266323,,,,0.185946,0.254647,0.189796
504,2.100000,0.248360,0.294437,0.213438,,,,0.282621,0.353148,0.266383,,,,0.186311,0.254954,0.190086
505,2.104167,0.248670,0.294179,0.213412,,,,0.283233,0.352638,0.266478,,,,0.186626,0.254611,0.189771
506,2.108333,0.249010,0.293888,0.213387,,,,0.283807,0.352069,0.266603,,,,0.186737,0.254527,0.189774
507,2.112500,0.249345,0.293609,0.213361,,,,0.284433,0.351403,0.266768,,,,0.186892,0.254486,0.189709
508,2.116667,0.249691,0.293296,0.213344,,,,0.285094,0.350726,0.266936,,,,0.187111,0.254824,0.189877
509,2.120833,0.250027,0.292987,0.213337,,,,0.285769,0.350021,0.267103,,,,0.187526,0.254412,0.189631
510,2.125000,0.250395,0.292656,0.213365,,,,0.286524,0.349258,0.267258,,,,0.187649,0.254390,0.189523
511,2.129167,0.250772,0.292356,0.213405,,,,0.287277,0.348501,0.267408,,,,0.187826,0.254398,0.189429
512,2.133333,0.251138,0.292048,0.213403,,,,0.288088,0.347717,0.267507,,,,0.188074,0.254759,0.189607
513,2.137500,0.251526,0.291761,0.213409,,,,0.288899,0.346939,0.267593,,,,0.188550,0.254432,0.189413
514,2.141667,0.251902,0.291494,0.213395,,,,0.289737,0.346192,0.267682,,,,0.188666,0.254428,0.189356
515,2.145833,0.252303,0.291236,0.213400,,,,0.290583,0.345458,0.267746,,,,0.188812,0.254453,0.189342
516,2.150000,0.252695,0.290944,0.213368,,,,0.291382,0.344747,0.267817,,,,0.189017,0.254824,0.189611
517,2.154167,0.253086,0.290653,0.213328,,,,0.292199,0.344003,0.267854,,,,0.189364,0.254511,0.189444
518,2.158333,0.253496,0.290385,0.213268,,,,0.292988,0.343303,0.267881,,,,0.189603,0.254428,0.189449
519,2.162500,0.253898,0.290096,0.213181,,,,0.293767,0.342629,0.267886,,,,0.189747,0.254397,0.189522
520,2.166667,0.254306,0.289792,0.213071,,,,0.294562,0.341987,0.267861,,,,0.189887,0.254317,0.189655
521,2.170833,0.254713,0.289501,0.212984,,,,0.295334,0.341379,0.267804,,,,0.190037,0.254251,0.189728
522,2.175000,0.255105,0.289178,0.212885,,,,0.296135,0.340783,0.267715,,,,0.190417,0.254584,0.190157
523,2.179167,0.255490,0.288846,0.212822,,,,0.296944,0.340189,0.267610,,,,0.190650,0.254693,0.190499
524,2.183333,0.255891,0.288508,0.212808,,,,0.297773,0.339608,0.267501,,,,0.190907,0.254132,0.190157
525,2.187500,0.256275,0.288172,0.212813,,,,0.298656,0.339001,0.267381,,,,0.190890,0.254045,0.190106
526,2.191667,0.256684,0.287821,0.212841,,,,0.299560,0.338396,0.267262,,,,0.191049,0.254051,0.190134
527,2.195833,0.257097,0.287497,0.212888,,,,0.300543,0.337746,0.267076,,,,0.191519,0.254116,0.190370
528,2.200000,0.257510,0.287212,0.212924,,,,0.301491,0.337121,0.266929,,,,0.191766,0.254145,0.190475
529,2.204167,0.257937,0.286950,0.212926,,,,0.302387,0.336479,0.266774,,,,0.191945,0.254199,0.190480
530,2.208333,0.258368,0.286702,0.212933,,,,0.303302,0.335797,0.266628,,,,0.192095,0.254187,0.190617
531,2.212500,0.258761,0.286478,0.212909,,,,0.304208,0.335130,0.266509,,,,0.192604,0.254570,0.191008
532,2.216667,0.259162,0.286228,0.212905,,,,0.305081,0.334465,0.266413,,,,0.192898,0.254741,0.191400
533,2.220833,0.259549,0.285996,0.212848,,,,0.305916,0.333788,0.266333,,,,0.193053,0.254162,0.191155
534,2.225000,0.259929,0.285737,0.212829,,,,0.306709,0.333128,0.266261,,,,0.193001,0.254078,0.191206
535,2.229167,0.260280,0.285496,0.212784,,,,0.307485,0.332474,0.266204,,,,0.193355,0.254006,0.191471
536,2.233333,0.260664,0.285248,0.212734,,,,0.308254,0.331831,0.266144,,,,0.193531,0.253969,0.191674
537,2.237500,0.261010,0.284994,0.212674,,,,0.308985,0.331207,0.266092,,,,0.193726,0.253978,0.191930
538,2.241667,0.261372,0.284735,0.212642,,,,0.309706,0.330573,0.266044,,,,0.193839,0.253910,0.192177
539,2.245833,0.261708,0.284499,0.212592,,,,0.310415,0.329948,0.266017,,,,0.193964,0.253830,0.192306
540,2.250000,0.262056,0.284249,0.212566,,,,0.311127,0.329329,0.265954,,,,0.194334,0.253768,0.192560
541,2.254167,0.262373,0.284006,0.212561,,,,0.311839,0.328713,0.265905,,,,0.194501,0.253738,0.192713
542,2.258333,0.262696,0.283763,0.212612,,,,0.312627,0.328044,0.265870,,,,0.194594,0.253706,0.192841
543,2.262500,0.263028,0.283500,0.212663,,,,0.313356,0.327420,0.265784,,,,0.194705,0.253656,0.193012
544,2.266667,0.263333,0.283230,0.212743,,,,0.314052,0.326801,0.265723,,,,0.195121,0.253639,0.193164
545,2.270833,0.263638,0.282972,0.212862,,,,0.314773,0.326142,0.265662,,,,0.195299,0.253648,0.193280
546,2.275000,0.263921,0.282717,0.212958,,,,0.315461,0.325503,0.265630,,,,0.195420,0.253607,0.193416
547,2.279167,0.264219,0.282465,0.213071,,,,0.316120,0.324849,0.265576,,,,0.195555,0.253576,0.193518
548,2.283333,0.264490,0.282222,0.213170,,,,0.316737,0.324227,0.265574,,,,0.195748,0.253573,0.193629
549,2.287500,0.264765,0.281994,0.213291,,,,0.317322,0.323584,0.265603,,,,0.196217,0.253612,0.193817
550,2.291667,0.265034,0.281761,0.213394,,,,0.317850,0.322956,0.265688,,,,0.196395,0.253597,0.193958
551,2.295833,0.265280,0.281532,0.213482,,,,0.318343,0.322338,0.265794,,,,0.196455,0.253496,0.194107
552,2.300000,0.265520,0.281295,0.213568,,,,0.318769,0.321734,0.265924,,,,0.196523,0.253413,0.194165
553,2.304167,0.265743,0.281077,0.213680,,,,0.319171,0.321148,0.266099,,,,0.196662,0.253312,0.194369
554,2.308333,0.265974,0.280812,0.213773,,,,0.319526,0.320594,0.266311,,,,0.197034,0.253221,0.194558
555,2.312500,0.266193,0.280552,0.213872,,,,0.319827,0.320082,0.266511,,,,0.197138,0.253123,0.194745
556,2.316667,0.266399,0.280309,0.213961,,,,0.320117,0.319568,0.266756,,,,0.197188,0.253029,0.194895
557,2.320833,0.266605,0.280067,0.214067,,,,0.320377,0.319120,0.267010,,,,0.197459,0.253411,0.195131
558,2.325000,0.266795,0.279825,0.214195,,,,0.320608,0.318674,0.267289,,,,0.197666,0.252995,0.195249
559,2.329167,0.266996,0.279576,0.214373,,,,0.320859,0.318250,0.267584,,,,0.197742,0.252847,0.195255
560,2.333333,0.267184,0.279350,0.214562,,,,0.321111,0.317818,0.267912,,,,0.197824,0.252846,0.195316
561,2.337500,0.267387,0.279154,0.214769,,,,0.321354,0.317397,0.268212,,,,0.197967,0.252867,0.195381
562,2.341667,0.267567,0.278955,0.214974,,,,0.321565,0.316986,0.268516,,,,0.198096,0.252899,0.195439
563,2.345833,0.267763,0.278762,0.215194,,,,0.321795,0.316549,0.268836,,,,0.198259,0.252984,0.195416
564,2.350000,0.267937,0.278566,0.215433,,,,0.322013,0.316103,0.269146,,,,0.198411,0.252967,0.195543
565,2.354167,0.268121,0.278371,0.215675,,,,0.322173,0.315677,0.269488,,,,0.198551,0.252992,0.195623
566,2.358333,0.268253,0.278188,0.215907,,,,0.322313,0.315232,0.269838,,,,0.198916,0.253010,0.195750
567,2.362500,0.268396,0.277978,0.216149,,,,0.322440,0.314817,0.270227,,,,0.199045,0.252998,0.195811
568,2.366667,0.268497,0.277789,0.216369,,,,0.322479,0.314433,0.270598,,,,0.199106,0.252978,0.195854
569,2.370833,0.268599,0.277602,0.216596,,,,0.322523,0.314048,0.271044,,,,0.199150,0.252904,0.195968
570,2.375000,0.268687,0.277412,0.216799,,,,0.322498,0.313677,0.271484,,,,0.199199,0.252865,0.196033
571,2.379167,0.268756,0.277250,0.216987,,,,0.322440,0.313320,0.271986,,,,0.199243,0.252795,0.196073
572,2.383333,0.268825,0.277105,0.217173,,,,0.322359,0.312961,0.272468,,,,0.199282,0.252766,0.196136
573,2.387500,0.268880,0.276949,0.217359,,,,0.322286,0.312601,0.272988,,,,0.199624,0.252733,0.196261
574,2.391667,0.268911,0.276806,0.217537,,,,0.322172,0.312236,0.273474,,,,0.199669,0.252711,0.196332
575,2.395833,0.268933,0.276681,0.217729,,,,0.322079,0.311882,0.273968,,,,0.199670,0.252679,0.196414
576,2.400000,0.268954,0.276549,0.217942,,,,0.321967,0.311530,0.274417,,,,0.199666,0.252662,0.196492
577,2.404167,0.268958,0.276386,0.218168,,,,0.321889,0.311136,0.274856,,,,0.199668,0.252567,0.196633
578,2.408333,0.268930,0.276223,0.218420,,,,0.321767,0.310818,0.275276,,,,0.199656,0.252519,0.196705
579,2.412500,0.268883,0.276068,0.218673,,,,0.321683,0.310457,0.275677,,,,0.199607,0.252422,0.196828
580,2.416667,0.268832,0.275929,0.218938,,,,0.321577,0.310099,0.276051,,,,0.199582,0.252363,0.196918
581,2.420833,0.268773,0.275785,0.219206,,,,0.321477,0.309765,0.276421,,,,0.199584,0.252315,0.196976
582,2.425000,0.268697,0.275661,0.219458,,,,0.321339,0.309430,0.276781,,,,0.199577,0.252275,0.197005
583,2.429167,0.268610,0.275554,0.219722,,,,0.321218,0.309099,0.277181,,,,0.199573,0.252231,0.197051
584,2.433333,0.268506,0.275454,0.219984,,,,0.321110,0.308763,0.277561,,,,0.199582,0.252202,0.197104
585,2.437500,0.268413,0.275382,0.220235,,,,0.320926,0.308433,0.277953,,,,0.199577,0.252153,0.197158
586,2.441667,0.268323,0.275300,0.220514,,,,0.320800,0.308074,0.278388,,,,0.199571,0.252118,0.197201
587,2.445833,0.268237,0.275222,0.220794,,,,0.320655,0.307759,0.278766,,,,0.199550,0.252066,0.197269
588,2.450000,0.268143,0.275119,0.221074,,,,0.320448,0.307449,0.279192,,,,0.199534,0.252032,0.197330
589,2.454167,0.268040,0.275024,0.221359,,,,0.320266,0.307126,0.279659,,,,0.199462,0.251960,0.197475
590,2.458333,0.267938,0.274923,0.221630,,,,0.320067,0.306842,0.280095,,,,0.199426,0.251926,0.197555
591,2.462500,0.267837,0.274823,0.221920,,,,0.319800,0.306573,0.280569,,,,0.199397,0.251913,0.197630
592,2.466667,0.267756,0.274718,0.222212,,,,0.319552,0.306319,0.281087,,,,0.199358,0.251889,0.197718
593,2.470833,0.267669,0.274616,0.222495,,,,0.319306,0.306074,0.281615,,,,0.199328,0.251878,0.197781
594,2.475000,0.267577,0.274519,0.222767,,,,0.319002,0.305852,0.282140,,,,0.199298,0.251885,0.197850
595,2.479167,,,,,,,,,,,,,,,
596,2.483333,,,,,,,,,,,,,,,
597,2.487500,,,,,,,,,,,,,,,
598,2.491667,,,,,,,,,,,,,,,
599,2.495833,,,,,,,,,,,,,,,
600,2.500000,,,,,,,,,,,,,,,
601,2.504167,,,,,,,,,,,,,,,
602,2.508333,,,,,,,,,,,,,,,
603,2.512500,,,,,,,,,,,,,,,
604,2.516667,,,,,,,,,,,,,,,
605,2.520833,,,,,,,,,,,,,,,
606,2.525000,,,,,,,,,,,,,,,
607,2.529167,,,,,,,,,,,,,,,
608,2.533333,,,,,,,,,,,,,,,
609,2.537500,,,,,,,,,,,,,,,
610,2.541667,,,,,,,,,,,,,,,
611,2.545833,,,,,,,,,,,,,,,
612,2.550000,,,,,,,,,,,,,,,
613,2.554167,,,,,,,,,,,,,,,
614,2.558333,,,,,,,,,,,,,,,
615,2.562500,,,,,,,,,,,,,,,
616,2.566667,,,,,,,,,,,,,,,
617,2.570833,,,,,,,,,,,,,,,
618,2.575000,,,,,,,,,,,,,,,
619,2.579167,,,,,,,,,,,,,,,
620,2.583333,,,,,,,,,,,,,,,
621,2.587500,,,,,,,,,,,,,,,
622,2.591667,,,,,,,,,,,,,,,
623,2.595833,,,,,,,,,,,,,,,
624,2.600000,,,,,,,,,,,,,,,
625,2.604167,,,,,,,,,,,,,,,
626,2.608333,,,,,,,,,,,,,,,
627,2.612500,,,,,,,,,,,,,,,
628,2.616667,,,,,,,,,,,,,,,
629,2.620833,,,,,,,,,,,,,,,
630,2.625000,,,,,,,,,,,,,,,
631,2.629167,,,,,,,,,,,,,,,
632,2.633333,,,,,,,,,,,,,,,
633,2.637500,,,,,,,,,,,,,,,
634,2.641667,,,,,,,,,,,,,,,
635,2.645833,,,,,,,,,,,,,,,
636,2.650000,,,,,,,,,,,,,,,
637,2.654167,,,,,,,,,,,,,,,
638,2.658333,,,,,,,,,,,,,,,
639,2.662500,,,,,,,,,,,,,,,
640,2.666667,,,,,,,,,,,,,,,
641,2.670833,,,,,,,,,,,,,,,
642,2.675000,,,,,,,,,,,,,,,
643,2.679167,,,,,,,,,,,,,,,
644,2.683333,,,,,,,,,,,,,,,
645,2.687500,,,,,,,,,,,,,,,
646,2.691667,,,,,,,,,,,,,,,
647,2.695833,,,,,,,,,,,,,,,
648,2.700000,,,,,,,,,,,,,,,
649,2.704167,,,,,,,,,,,,,,,
650,2.708333,,,,,,,,,,,,,,,
651,2.712500,,,,,,,,,,,,,,,
652,2.716667,,,,,,,,,,,,,,,
653,2.720833,,,,,,,,,,,,,,,
654,2.725000,,,,,,,,,,,,,,,
655,2.729167,,,,,,,,,,,,,,,
656,2.733333,,,,,,,,,,,,,,,
657,2.737500,,,,,,,,,,,,,,,
658,2.741667,,,,,,,,,,,,,,,
659,2.745833,,,,,,,,,,,,,,,
660,2.750000,,,,,,,,,,,,,,,
661,2.754167,,,,,,,,,,,,,,,
662,2.758333,,,,,,,,,,,,,,,
663,2.762500,,,,,,,,,,,,,,,
664,2.766667,,,,,,,,,,,,,,,
665,2.770833,,,,,,,,,,,,,,,
666,2.775000,,,,,,,,,,,,,,,
667,2.779167,,,,,,,,,,,,,,,
668,2.783333,,,,,,,,,,,,,,,
669,2.787500,,,,,,,,,,,,,,,
670,2.791667,,,,,,,,,,,,,,,
671,2.795833,,,,,,,,,,,,,,,
672,2.800000,,,,,,,,,,,,,,,
673,2.804167,,,,,,,,,,,,,,,
674,2.808333,,,,,,,,,,,,,,,
675,2.812500,,,,,,,,,,,,,,,
676,2.816667,,,,,,,,,,,,,,,
677,2.820833,,,,,,,,,,,,,,,
678,2.825000,,,,,,,,,,,,,,,
679,2.829167,,,,,,,,,,,,,,,
680,2.833333,,,,,,,,,,,,,,,
681,2.837500,,,,,,,,,,,,,,,
682,2.841667,,,,,,,,,,,,,,,
683,2.845833,,,,,,,,,,,,,,,
684,2.850000,,,,,,,,,,,,,,,
685,2.854167,,,,,,,,,,,,,,,
686,2.858333,,,,,,,,,,,,,,,
687,2.862500,,,,,,,,,,,,,,,
688,2.866667,,,,,,,,,,,,,,,
689,2.870833,,,,,,,,,,,,,,,
690,2.875000,,,,,,,,,,,,,,,
691,2.879167,,,,,,,,,,,,,,,
692,2.883333,,,,,,,,,,,,,,,
693,2.887500,,,,,,,,,,,,,,,
694,2.891667,,,,,,,,,,,,,,,
695,2.895833,,,,,,,,,,,,,,,
696,2.900000,,,,,,,,,,,,,,,
697,2.904167,,,,,,,,,,,,,,,
698,2.908333,,,,,,,,,,,,,,,
699,2.912500,,,,,,,,,,,,,,,
700,2.916667,,,,,,,,,,,,,,,
701,2.920833,,,,,,,,,,,,,,,
702,2.925000,,,,,,,,,,,,,,,
703,2.929167,,,,,,,,,,,,,,,
704,2.933333,,,,,,,,,,,,,,,
705,2.937500,,,,,,,,,,,,,,,
706,2.941667,,,,,,,,,,,,,,,
707,2.945833,,,,,,,,,,,,,,,
708,2.950000,,,,,,,,,,,,,,,
709,2.954167,,,,,,,,,,,,,,,
710,2.958333,,,,,,,,,,,,,,,
711,2.962500,,,,,,,,,,,,,,,
712,2.966667,,,,,,,,,,,,,,,
713,2.970833,,,,,,,,,,,,,,,
714,2.975000,,,,,,,,,,,,,,,
715,2.979167,,,,,,,,,,,,,,,
716,2.983333,,,,,,,,,,,,,,,
717,2.987500,,,,,,,,,,,,,,,
718,2.991667,,,,,,,,,,,,,,,
719,2.995833,,,,,,,,,,,,,,,
720,3.000000,,,,,,,,,,,,,,,
721,3.004167,,,,,,,,,,,,,,,
722,3.008333,,,,,,,,,,,,,,,
723,3.012500,,,,,,,,,,,,,,,
724,3.016667,,,,,,,,,,,,,,,
725,3.020833,,,,,,,,,,,,,,,
726,3.025000,,,,,,,,,,,,,,,
727,3.029167,,,,,,,,,,,,,,,
728,3.033333,,,,,,,,,,,,,,,
729,3.037500,,,,,,,,,,,,,,,
730,3.041667,,,,,,,,,,,,,,,
731,3.045833,,,,,,,,,,,,,,,
732,3.050000,,,,,,,,,,,,,,,
733,3.054167,,,,,,,,,,,,,,,
734,3.058333,,,,,,,,,,,,,,,
735,3.062500,,,,,,,,,,,,,,,
736,3.066667,,,,,,,,,,,,,,,
737,3.070833,,,,,,,,,,,,,,,
738,3.075000,,,,,,,,,,,,,,,
739,3.079167,,,,,,,,,,,,,,,
740,3.083333,,,,,,,,,,,,,,,
741,3.087500,,,,,,,,,,,,,,,
742,3.091667,,,,,,,,,,,,,,,
743,3.095833,,,,,,,,,,,,,,,
744,3.100000,,,,,,,,,,,,,,,
745,3.104167,,,,,,,,,,,,,,,
746,3.108333,,,,,,,,,,,,,,,
747,3.112500,,,,,,,,,,,,,,,
748,3.116667,,,,,,,,,,,,,,,
749,3.120833,,,,,,,,,,,,,,,
750,3.125000,,,,,,,,,,,,,,,
751,3.129167,,,,,,,,,,,,,,,
752,3.133333,,,,,,,,,,,,,,,
753,3.137500,,,,,,,,,,,,,,,
754,3.141667,,,,,,,,,,,,,,,
755,3.145833,,,,,,,,,,,,,,,
756,3.150000,,,,,,,,,,,,,,,
757,3.154167,,,,,,,,,,,,,,,
758,3.158333,,,,,,,,,,,,,,,
759,3.162500,,,,,,,,,,,,,,,
760,3.166667,,,,,,,,,,,,,,,
761,3.170833,,,,,,,,,,,,,,,
762,3.175000,,,,,,,,,,,,,,,
763,3.179167,,,,,,,,,,,,,,,
764,3.183333,,,,,,,,,,,,,,,
765,3.187500,,,,,,,,,,,,,,,
766,3.191667,,,,,,,,,,,,,,,
767,3.195833,,,,,,,,,,,,,,,
768,3.200000,,,,,,,,,,,,,,,
769,3.204167,,,,,,,,,,,,,,,
770,3.208333,,,,,,,,,,,,,,,
771,3.212500,,,,,,,,,,,,,,,
772,3.216667,,,,,,,,,,,,,,,
773,3.220833,,,,,,,,,,,,,,,
774,3.225000,,,,,,,,,,,,,,,
775,3.229167,,,,,,,,,,,,,,,
776,3.233333,,,,,,,,,,,,,,,
777,3.237500,,,,,,,,,,,,,,,
778,3.241667,,,,,,,,,,,,,,,
779,3.245833,,,,,,,,,,,,,,,
780,3.250000,,,,,,,,,,,,,,,
781,3.254167,,,,,,,,,,,,,,,
782,3.258333,,,,,,,,,,,,,,,
783,3.262500,,,,,,,,,,,,,,,
784,3.266667,,,,,,,,,,,,,,,
785,3.270833,,,,,,,,,,,,,,,
786,3.275000,,,,,,,,,,,,,,,
787,3.279167,,,,,,,,,,,,,,,
788,3.283333,,,,,,,,,,,,,,,
789,3.287500,,,,,,,,,,,,,,,
790,3.291667,,,,,,,,,,,,,,,
791,3.295833,,,,,,,,,,,,,,,
792,3.300000,,,,,,,,,,,,,,,
793,3.304167,,,,,,,,,,,,,,,
794,3.308333,,,,,,,,,,,,,,,
795,3.312500,,,,,,,,,,,,,,,
796,3.316667,,,,,,,,,,,,,,,
797,3.320833,,,,,,,,,,,,,,,
798,3.325000,,,,,,,,,,,,,,,
799,3.329167,,,,,,,,,,,,,,,
800,3.333333,,,,,,,,,,,,,,,
801,3.337500,,,,,,,,,,,,,,,
802,3.341667,,,,,,,,,,,,,,,
803,3.345833,,,,,,,,,,,,,,,
804,3.350000,,,,,,,,,,,,,,,
805,3.354167,,,,,,,,,,,,,,,
806,3.358333,,,,,,,,,,,,,,,
807,3.362500,,,,,,,,,,,,,,,
808,3.366667,,,,,,,,,,,,,,,
809,3.370833,,,,,,,,,,,,,,,
810,3.375000,,,,,,,,,,,,,,,
811,3.379167,,,,,,,,,,,,,,,
812,3.383333,,,,,,,,,,,,,,,
813,3.387500,,,,,,,,,,,,,,,
814,3.391667,,,,,,,,,,,,,,,
815,3.395833,,,,,,,,,,,,,,,
816,3.400000,,,,,,,,,,,,,,,
817,3.404167,,,,,,,,,,,,,,,
818,3.408333,,,,,,,,,,,,,,,
819,3.412500,,,,,,,,,,,,,,,
820,3.416667,,,,,,,,,,,,,,,
821,3.420833,,,,,,,,,,,,,,,
822,3.425000,,,,,,,,,,,,,,,
823,3.429167,,,,,,,,,,,,,,,
824,3.433333,,,,,,,,,,,,,,,
825,3.437500,,,,,,,,,,,,,,,
826,3.441667,,,,,,,,,,,,,,,
827,3.445833,,,,,,,,,,,,,,,
828,3.450000,,,,,,,,,,,,,,,
829,3.454167,,,,,,,,,,,,,,,
830,3.458333,,,,,,,,,,,,,,,
831,3.462500,,,,,,,,,,,,,,,
832,3.466667,,,,,,,,,,,,,,,
833,3.470833,,,,,,,,,,,,,,,
834,3.475000,,,,,,,,,,,,,,,
835,3.479167,,,,,,,,,,,,,,,
836,3.483333,,,,,,,,,,,,,,,
837,3.487500,,,,,,,,,,,,,,,
838,3.491667,,,,,,,,,,,,,,,
839,3.495833,,,,,,,,,,,,,,,
840,3.500000,,,,,,,,,,,,,,,
841,3.504167,,,,,,,,,,,,,,,
842,3.508333,,,,,,,,,,,,,,,
843,3.512500,,,,,,,,,,,,,,,
844,3.516667,,,,,,,,,,,,,,,
845,3.520833,,,,,,,,,,,,,,,
846,3.525000,,,,,,,,,,,,,,,
847,3.529167,,,,,,,,,,,,,,,
848,3.533333,,,,,,,,,,,,,,,
849,3.537500,,,,,,,,,,,,,,,
850,3.541667,,,,,,,,,,,,,,,
851,3.545833,,,,,,,,,,,,,,,
852,3.550000,,,,,,,,,,,,,,,
853,3.554167,,,,,,,,,,,,,,,
854,3.558333,,,,,,,,,,,,,,,
855,3.562500,,,,,,,,,,,,,,,
856,3.566667,,,,,,,,,,,,,,,
857,3.570833,,,,,,,,,,,,,,,
858,3.575000,,,,,,,,,,,,,,,
859,3.579167,,,,,,,,,,,,,,,
860,3.583333,,,,,,,,,,,,,,,
861,3.587500,,,,,,,,,,,,,,,
862,3.591667,,,,,,,,,,,,,,,
863,3.595833,,,,,,,,,,,,,,,
864,3.600000,,,,,,,,,,,,,,,
865,3.604167,,,,,,,,,,,,,,,
866,3.608333,,,,,,,,,,,,,,,
867,3.612500,,,,,,,,,,,,,,,
868,3.616667,,,,,,,,,,,,,,,
869,3.620833,,,,,,,,,,,,,,,
870,3.625000,,,,,,,,,,,,,,,
871,3.629167,,,,,,,,,,,,,,,
872,3.633333,,,,,,,,,,,,,,,
873,3.637500,,,,,,,,,,,,,,,
874,3.641667,,,,,,,,,,,,,,,
875,3.645833,,,,,,,,,,,,,,,
876,3.650000,,,,,,,,,,,,,,,
877,3.654167,,,,,,,,,,,,,,,
878,3.658333,,,,,,,,,,,,,,,
879,3.662500,,,,,,,,,,,,,,,
880,3.666667,,,,,,,,,,,,,,,
881,3.670833,,,,,,,,,,,,,,,
882,3.675000,,,,,,,,,,,,,,,
883,3.679167,,,,,,,,,,,,,,,
884,3.683333,,,,,,,,,,,,,,,
885,3.687500,,,,,,,,,,,,,,,
886,3.691667,,,,,,,,,,,,,,,
887,3.695833,,,,,,,,,,,,,,,
888,3.700000,,,,,,,,,,,,,,,
889,3.704167,,,,,,,,,,,,,,,
890,3.708333,,,,,,,,,,,,,,,
891,3.712500,,,,,,,,,,,,,,,
892,3.716667,,,,,,,,,,,,,,,
893,3.720833,,,,,,,,,,,,,,,
894,3.725000,,,,,,,,,,,,,,,
895,3.729167,,,,,,,,,,,,,,,
896,3.733333,,,,,,,,,,,,,,,
897,3.737500,,,,,,,,,,,,,,,
898,3.741667,,,,,,,,,,,,,,,
899,3.745833,,,,,,,,,,,,,,,
900,3.750000,,,,,,,,,,,,,,,
901,3.754167,,,,,,,,,,,,,,,
902,3.758333,,,,,,,,,,,,,,,
903,3.762500,,,,,,,,,,,,,,,
904,3.766667,,,,,,,,,,,,,,,
905,3.770833,,,,,,,,,,,,,,,
906,3.775000,,,,,,,,,,,,,,,
907,3.779167,,,,,,,,,,,,,,,
908,3.783333,,,,,,,,,,,,,,,
909,3.787500,,,,,,,,,,,,,,,
910,3.791667,,,,,,,,,,,,,,,
911,3.795833,,,,,,,,,,,,,,,
912,3.800000,,,,,,,,,,,,,,,
913,3.804167,,,,,,,,,,,,,,,
914,3.808333,,,,,,,,,,,,,,,
915,3.812500,,,,,,,,,,,,,,,
916,3.816667,,,,,,,,,,,,,,,
917,3.820833,,,,,,,,,,,,,,,
918,3.825000,,,,,,,,,,,,,,,
919,3.829167,,,,,,,,,,,,,,,
920,3.833333,,,,,,,,,,,,,,,
921,3.837500,,,,,,,,,,,,,,,
922,3.841667,,,,,,,,,,,,,,,
923,3.845833,,,,,,,,,,,,,,,
924,3.850000,,,,,,,,,,,,,,,
925,3.854167,,,,,,,,,,,,,,,
926,3.858333,,,,,,,,,,,,,,,
927,3.862500,,,,,,,,,,,,,,,
928,3.866667,,,,,,,,,,,,,,,
929,3.870833,,,,,,,,,,,,,,,
930,3.875000,,,,,,,,,,,,,,,
931,3.879167,,,,,,,,,,,,,,,
932,3.883333,,,,,,,,,,,,,,,
933,3.887500,,,,,,,,,,,,,,,
934,3.891667,,,,,,,,,,,,,,,
935,3.895833,,,,,,,,,,,,,,,
936,3.900000,,,,,,,,,,,,,,,
937,3.904167,,,,,,,,,,,,,,,
938,3.908333,,,,,,,,,,,,,,,
939,3.912500,,,,,,,,,,,,,,,
940,3.916667,,,,,,,,,,,,,,,
941,3.920833,,,,,,,,,,,,,,,
942,3.925000,,,,,,,,,,,,,,,
943,3.929167,,,,,,,,,,,,,,,
944,3.933333,,,,,,,,,,,,,,,
945,3.937500,,,,,,,,,,,,,,,
946,3.941667,,,,,,,,,,,,,,,
947,3.945833,,,,,,,,,,,,,,,
948,3.950000,,,,,,,,,,,,,,,
949,3.954167,,,,,,,,,,,,,,,
950,3.958333,,,,,,,,,,,,,,,
951,3.962500,,,,,,,,,,,,,,,
952,3.966667,,,,,,,,,,,,,,,
953,3.970833,,,,,,,,,,,,,,,
954,3.975000,,,,,,,,,,,,,,,
955,3.979167,,,,,,,,,,,,,,,
956,3.983333,,,,,,,,,,,,,,,
957,3.987500,,,,,,,,,,,,,,,
958,3.991667,,,,,,,,,,,,,,,
959,3.995833,,,,,,,,,,,,,,,
960,4.000000,,,,,,,,,,,,,,,
961,4.004167,,,,,,,,,,,,,,,
962,4.008333,,,,,,,,,,,,,,,
963,4.012500,,,,,,,,,,,,,,,
964,4.016667,,,,,,,,,,,,,,,
965,4.020833,,,,,,,,,,,,,,,
966,4.025000,,,,,,,,,,,,,,,
967,4.029167,,,,,,,,,,,,,,,
968,4.033333,,,,,,,,,,,,,,,
969,4.037500,,,,,,,,,,,,,,,
970,4.041667,,,,,,,,,,,,,,,
971,4.045833,,,,,,,,,,,,,,,
972,4.050000,,,,,,,,,,,,,,,
973,4.054167,,,,,,,,,,,,,,,
974,4.058333,,,,,,,,,,,,,,,
975,4.062500,,,,,,,,,,,,,,,
976,4.066667,,,,,,,,,,,,,,,
977,4.070833,,,,,,,,,,,,,,,
978,4.075000,,,,,,,,,,,,,,,
979,4.079167,,,,,,,,,,,,,,,
980,4.083333,,,,,,,,,,,,,,,
981,4.087500,,,,,,,,,,,,,,,
982,4.091667,,,,,,,,,,,,,,,
983,4.095833,,,,,,,,,,,,,,,
984,4.100000,,,,,,,,,,,,,,,
985,4.104167,,,,,,,,,,,,,,,
986,4.108333,,,,,,,,,,,,,,,
987,4.112500,,,,,,,,,,,,,,,
988,4.116667,,,,,,,,,,,,,,,
989,4.120833,,,,,,,,,,,,,,,
990,4.125000,,,,,,,,,,,,,,,
991,4.129167,,,,,,,,,,,,,,,
992,4.133333,,,,,,,,,,,,,,,
993,4.137500,,,,,,,,,,,,,,,
994,4.141667,,,,,,,,,,,,,,,
995,4.145833,,,,,,,,,,,,,,,
996,4.150000,,,,,,,,,,,,,,,
997,4.154167,,,,,,,,,,,,,,,
998,4.158333,,,,,,,,,,,,,,,
999,4.162500,,,,,,,,,,,,,,,
1000,4.166667,,,,,,,,,,,,,,,
1001,4.170833,,,,,,,,,,,,,,,
1002,4.175000,,,,,,,,,,,,,,,
1003,4.179167,,,,,,,,,,,,,,,
1004,4.183333,,,,,,,,,,,,,,,
1005,4.187500,,,,,,,,,,,,,,,
1006,4.191667,,,,,,,,,,,,,,,
1007,4.195833,,,,,,,,,,,,,,,
1008,4.200000,,,,,,,,,,,,,,,
1009,4.204167,,,,,,,,,,,,,,,
1010,4.208333,,,,,,,,,,,,,,,
1011,4.212500,,,,,,,,,,,,,,,
1012,4.216667,,,,,,,,,,,,,,,
1013,4.220833,,,,,,,,,,,,,,,
1014,4.225000,,,,,,,,,,,,,,,
1015,4.229167,,,,,,,,,,,,,,,
1016,4.233333,,,,,,,,,,,,,,,
1017,4.237500,,,,,,,,,,,,,,,
1018,4.241667,,,,,,,,,,,,,,,
1019,4.245833,,,,,,,,,,,,,,,
1020,4.250000,,,,,,,,,,,,,,,
1021,4.254167,,,,,,,,,,,,,,,
1022,4.258333,,,,,,,,,,,,,,,
1023,4.262500,,,,,,,,,,,,,,,
1024,4.266667,,,,,,,,,,,,,,,
1025,4.270833,,,,,,,,,,,,,,,
1026,4.275000,,,,,,,,,,,,,,,
1027,4.279167,,,,,,,,,,,,,,,
1028,4.283333,,,,,,,,,,,,,,,
1029,4.287500,,,,,,,,,,,,,,,
1030,4.291667,,,,,,,,,,,,,,,
1031,4.295833,,,,,,,,,,,,,,,
1032,4.300000,,,,,,,,,,,,,,,
1033,4.304167,,,,,,,,,,,,,,,
1034,4.308333,,,,,,,,,,,,,,,
1035,4.312500,,,,,,,,,,,,,,,
1036,4.316667,,,,,,,,,,,,,,,
1037,4.320833,,,,,,,,,,,,,,,
1038,4.325000,,,,,,,,,,,,,,,
1039,4.329167,,,,,,,,,,,,,,,
1040,4.333333,,,,,,,,,,,,,,,
1041,4.337500,,,,,,,,,,,,,,,
1042,4.341667,,,,,,,,,,,,,,,
1043,4.345833,,,,,,,,,,,,,,,
1044,4.350000,,,,,,,,,,,,,,,
1045,4.354167,,,,,,,,,,,,,,,
1046,4.358333,,,,,,,,,,,,,,,
1047,4.362500,,,,,,,,,,,,,,,
1048,4.366667,,,,,,,,,,,,,,,
1049,4.370833,,,,,,,,,,,,,,,
1050,4.375000,,,,,,,,,,,,,,,
1051,4.379167,,,,,,,,,,,,,,,
1052,4.383333,,,,,,,,,,,,,,,
1053,4.387500,,,,,,,,,,,,,,,
1054,4.391667,,,,,,,,,,,,,,,
1055,4.395833,,,,,,,,,,,,,,,
1056,4.400000,,,,,,,,,,,,,,,
1057,4.404167,,,,,,,,,,,,,,,
1058,4.408333,,,,,,,,,,,,,,,
1059,4.412500,,,,,,,,,,,,,,,
1060,4.416667,,,,,,,,,,,,,,,
1061,4.420833,,,,,,,,,,,,,,,
1062,4.425000,,,,,,,,,,,,,,,
1063,4.429167,,,,,,,,,,,,,,,
1064,4.433333,,,,,,,,,,,,,,,
1065,4.437500,,,,,,,,,,,,,,,
1066,4.441667,,,,,,,,,,,,,,,
1067,4.445833,,,,,,,,,,,,,,,
1068,4.450000,,,,,,,,,,,,,,,
1069,4.454167,,,,,,,,,,,,,,,
1070,4.458333,,,,,,,,,,,,,,,
1071,4.462500,,,,,,,,,,,,,,,
1072,4.466667,,,,,,,,,,,,,,,
1073,4.470833,,,,,,,,,,,,,,,
1074,4.475000,,,,,,,,,,,,,,,
1075,4.479167,,,,,,,,,,,,,,,
1076,4.483333,,,,,,,,,,,,,,,
1077,4.487500,,,,,,,,,,,,,,,
1078,4.491667,,,,,,,,,,,,,,,
1079,4.495833,,,,,,,,,,,,,,,
1080,4.500000,,,,,,,,,,,,,,,
1081,4.504167,,,,,,,,,,,,,,,
1082,4.508333,,,,,,,,,,,,,,,
1083,4.512500,,,,,,,,,,,,,,,
1084,4.516667,,,,,,,,,,,,,,,
1085,4.520833,,,,,,,,,,,,,,,
1086,4.525000,,,,,,,,,,,,,,,
1087,4.529167,,,,,,,,,,,,,,,
1088,4.533333,,,,,,,,,,,,,,,
1089,4.537500,,,,,,,,,,,,,,,
1090,4.541667,,,,,,,,,,,,,,,
1091,4.545833,,,,,,,,,,,,,,,
1092,4.550000,,,,,,,,,,,,,,,
1093,4.554167,,,,,,,,,,,,,,,
1094,4.558333,,,,,,,,,,,,,,,
1095,4.562500,,,,,,,,,,,,,,,
1096,4.566667,,,,,,,,,,,,,,,
1097,4.570833,,,,,,,,,,,,,,,
1098,4.575000,,,,,,,,,,,,,,,
1099,4.579167,,,,,,,,,,,,,,,
1100,4.583333,,,,,,,,,,,,,,,
1101,4.587500,,,,,,,,,,,,,,,
1102,4.591667,,,,,,,,,,,,,,,
1103,4.595833,,,,,,,,,,,,,,,
1104,4.600000,,,,,,,,,,,,,,,
1105,4.604167,,,,,,,,,,,,,,,
1106,4.608333,,,,,,,,,,,,,,,
1107,4.612500,,,,,,,,,,,,,,,
1108,4.616667,,,,,,,,,,,,,,,
1109,4.620833,,,,,,,,,,,,,,,
1110,4.625000,,,,,,,,,,,,,,,
1111,4.629167,,,,,,,,,,,,,,,
1112,4.633333,,,,,,,,,,,,,,,
1113,4.637500,,,,,,,,,,,,,,,
1114,4.641667,,,,,,,,,,,,,,,
1115,4.645833,,,,,,,,,,,,,,,
1116,4.650000,,,,,,,,,,,,,,,
1117,4.654167,,,,,,,,,,,,,,,
1118,4.658333,,,,,,,,,,,,,,,
1119,4.662500,,,,,,,,,,,,,,,
1120,4.666667,,,,,,,,,,,,,,,
1121,4.670833,,,,,,,,,,,,,,,
1122,4.675000,,,,,,,,,,,,,,,
1123,4.679167,,,,,,,,,,,,,,,
1124,4.683333,,,,,,,,,,,,,,,
1125,4.687500,,,,,,,,,,,,,,,
1126,4.691667,,,,,,,,,,,,,,,
1127,4.695833,,,,,,,,,,,,,,,
1128,4.700000,,,,,,,,,,,,,,,
1129,4.704167,,,,,,,,,,,,,,,
1130,4.708333,,,,,,,,,,,,,,,
1131,4.712500,,,,,,,,,,,,,,,
1132,4.716667,,,,,,,,,,,,,,,
1133,4.720833,,,,,,,,,,,,,,,
1134,4.725000,,,,,,,,,,,,,,,
1135,4.729167,,,,,,,,,,,,,,,
1136,4.733333,,,,,,,,,,,,,,,
1137,4.737500,,,,,,,,,,,,,,,
1138,4.741667,,,,,,,,,,,,,,,
1139,4.745833,,,,,,,,,,,,,,,
1140,4.750000,,,,,,,,,,,,,,,
1141,4.754167,,,,,,,,,,,,,,,
1142,4.758333,,,,,,,,,,,,,,,
1143,4.762500,,,,,,,,,,,,,,,
1144,4.766667,,,,,,,,,,,,,,,
1145,4.770833,,,,,,,,,,,,,,,
1146,4.775000,,,,,,,,,,,,,,,
1147,4.779167,,,,,,,,,,,,,,,
1148,4.783333,,,,,,,,,,,,,,,
1149,4.787500,,,,,,,,,,,,,,,
1150,4.791667,,,,,,,,,,,,,,,
1151,4.795833,,,,,,,,,,,,,,,
1152,4.800000,,,,,,,,,,,,,,,
1153,4.804167,,,,,,,,,,,,,,,
1154,4.808333,,,,,,,,,,,,,,,
1155,4.812500,,,,,,,,,,,,,,,
1156,4.816667,,,,,,,,,,,,,,,
1157,4.820833,,,,,,,,,,,,,,,
1158,4.825000,,,,,,,,,,,,,,,
1159,4.829167,,,,,,,,,,,,,,,
1160,4.833333,,,,,,,,,,,,,,,
1161,4.837500,,,,,,,,,,,,,,,
1162,4.841667,,,,,,,,,,,,,,,
1163,4.845833,,,,,,,,,,,,,,,
1164,4.850000,,,,,,,,,,,,,,,
1165,4.854167,,,,,,,,,,,,,,,
1166,4.858333,,,,,,,,,,,,,,,
1167,4.862500,,,,,,,,,,,,,,,
1168,4.866667,,,,,,,,,,,,,,,
1169,4.870833,,,,,,,,,,,,,,,
1170,4.875000,,,,,,,,,,,,,,,
1171,4.879167,,,,,,,,,,,,,,,
1172,4.883333,,,,,,,,,,,,,,,
1173,4.887500,,,,,,,,,,,,,,,
1174,4.891667,,,,,,,,,,,,,,,
1175,4.895833,,,,,,,,,,,,,,,
1176,4.900000,,,,,,,,,,,,,,,
1177,4.904167,,,,,,,,,,,,,,,
1178,4.908333,,,,,,,,,,,,,,,
1179,4.912500,,,,,,,,,,,,,,,
1180,4.916667,,,,,,,,,,,,,,,
1181,4.920833,,,,,,,,,,,,,,,
1182,4.925000,,,,,,,,,,,,,,,
1183,4.929167,,,,,,,,,,,,,,,
1184,4.933333,,,,,,,,,,,,,,,
1185,4.937500,,,,,,,,,,,,,,,
1186,4.941667,,,,,,,,,,,,,,,
1187,4.945833,,,,,,,,,,,,,,,
1188,4.950000,,,,,,,,,,,,,,,
1189,4.954167,,,,,,,,,,,,,,,
1190,4.958333,,,,,,,,,,,,,,,
1191,4.962500,,,,,,,,,,,,,,,
1192,4.966667,,,,,,,,,,,,,,,
1193,4.970833,,,,,,,,,,,,,,,
1194,4.975000,,,,,,,,,,,,,,,
1195,4.979167,,,,,,,,,,,,,,,
1196,4.983333,,,,,,,,,,,,,,,
1197,4.987500,,,,,,,,,,,,,,,
1198,4.991667,,,,,,,,,,,,,,,
1199,4.995833,,,,,,,,,,,,,,,
1200,5.000000,,,,,,,,,,,,,,,
1201,5.004167,,,,,,,,,,,,,,,
1202,5.008333,,,,,,,,,,,,,,,
1203,5.012500,,,,,,,,,,,,,,,
1204,5.016667,,,,,,,,,,,,,,,
1205,5.020833,,,,,,,,,,,,,,,
1206,5.025000,,,,,,,,,,,,,,,
1207,5.029167,,,,,,,,,,,,,,,
1208,5.033333,,,,,,,,,,,,,,,
1209,5.037500,,,,,,,,,,,,,,,
1210,5.041667,,,,,,,,,,,,,,,
1211,5.045833,,,,,,,,,,,,,,,
1212,5.050000,,,,,,,,,,,,,,,
1213,5.054167,,,,,,,,,,,,,,,
1214,5.058333,,,,,,,,,,,,,,,
1215,5.062500,,,,,,,,,,,,,,,
1216,5.066667,,,,,,,,,,,,,,,
1217,5.070833,,,,,,,,,,,,,,,
1218,5.075000,,,,,,,,,,,,,,,
1219,5.079167,,,,,,,,,,,,,,,
1220,5.083333,,,,,,,,,,,,,,,
1221,5.087500,,,,,,,,,,,,,,,
1222,5.091667,,,,,,,,,,,,,,,
1223,5.095833,,,,,,,,,,,,,,,
1224,5.100000,,,,,,,,,,,,,,,
1225,5.104167,,,,,,,,,,,,,,,
1226,5.108333,,,,,,,,,,,,,,,
1227,5.112500,,,,,,,,,,,,,,,
1228,5.116667,,,,,,,,,,,,,,,
1229,5.120833,,,,,,,,,,,,,,,
1230,5.125000,,,,,,,,,,,,,,,
1231,5.129167,,,,,,,,,,,,,,,
1232,5.133333,,,,,,,,,,,,,,,
1233,5.137500,,,,,,,,,,,,,,,
1234,5.141667,,,,,,,,,,,,,,,
1235,5.145833,,,,,,,,,,,,,,,
1236,5.150000,,,,,,,,,,,,,,,
1237,5.154167,,,,,,,,,,,,,,,
1238,5.158333,,,,,,,,,,,,,,,
1239,5.162500,,,,,,,,,,,,,,,
1240,5.166667,,,,,,,,,,,,,,,
1241,5.170833,,,,,,,,,,,,,,,
1242,5.175000,,,,,,,,,,,,,,,
1243,5.179167,,,,,,,,,,,,,,,
1244,5.183333,,,,,,,,,,,,,,,
1245,5.187500,,,,,,,,,,,,,,,
1246,5.191667,,,,,,,,,,,,,,,
1247,5.195833,,,,,,,,,,,,,,,
1248,5.200000,,,,,,,,,,,,,,,
1249,5.204167,,,,,,,,,,,,,,,
1250,5.208333,,,,,,,,,,,,,,,
1251,5.212500,,,,,,,,,,,,,,,
1252,5.216667,,,,,,,,,,,,,,,
1253,5.220833,,,,,,,,,,,,,,,
1254,5.225000,,,,,,,,,,,,,,,
1255,5.229167,,,,,,,,,,,,,,,
1256,5.233333,,,,,,,,,,,,,,,
1257,5.237500,,,,,,,,,,,,,,,
1258,5.241667,,,,,,,,,,,,,,,
1259,5.245833,,,,,,,,,,,,,,,
1260,5.250000,,,,,,,,,,,,,,,
1261,5.254167,,,,,,,,,,,,,,,
1262,5.258333,,,,,,,,,,,,,,,
1263,5.262500,,,,,,,,,,,,,,,
1264,5.266667,,,,,,,,,,,,,,,
1265,5.270833,,,,,,,,,,,,,,,
1266,5.275000,,,,,,,,,,,,,,,
1267,5.279167,,,,,,,,,,,,,,,
1268,5.283333,,,,,,,,,,,,,,,
1269,5.287500,,,,,,,,,,,,,,,
1270,5.291667,,,,,,,,,,,,,,,
1271,5.295833,,,,,,,,,,,,,,,
1272,5.300000,,,,,,,,,,,,,,,
1273,5.304167,,,,,,,,,,,,,,,
1274,5.308333,,,,,,,,,,,,,,,
1275,5.312500,,,,,,,,,,,,,,,
1276,5.316667,,,,,,,,,,,,,,,
1277,5.320833,,,,,,,,,,,,,,,
1278,5.325000,,,,,,,,,,,,,,,
1279,5.329167,,,,,,,,,,,,,,,
1280,5.333333,,,,,,,,,,,,,,,
1281,5.337500,,,,,,,,,,,,,,,
1282,5.341667,,,,,,,,,,,,,,,
1283,5.345833,,,,,,,,,,,,,,,
1284,5.350000,,,,,,,,,,,,,,,
1285,5.354167,,,,,,,,,,,,,,,
1286,5.358333,,,,,,,,,,,,,,,
1287,5.362500,,,,,,,,,,,,,,,
1288,5.366667,,,,,,,,,,,,,,,
1289,5.370833,,,,,,,,,,,,,,,
1290,5.375000,,,,,,,,,,,,,,,
1291,5.379167,,,,,,,,,,,,,,,
1292,5.383333,,,,,,,,,,,,,,,
1293,5.387500,,,,,,,,,,,,,,,
1294,5.391667,,,,,,,,,,,,,,,
1295,5.395833,,,,,,,,,,,,,,,
1296,5.400000,,,,,,,,,,,,,,,
1297,5.404167,,,,,,,,,,,,,,,
1298,5.408333,,,,,,,,,,,,,,,
1299,5.412500,,,,,,,,,,,,,,,
1300,5.416667,,,,,,,,,,,,,,,
1301,5.420833,,,,,,,,,,,,,,,
1302,5.425000,,,,,,,,,,,,,,,
1303,5.429167,,,,,,,,,,,,,,,
1304,5.433333,,,,,,,,,,,,,,,
1305,5.437500,,,,,,,,,,,,,,,
1306,5.441667,,,,,,,,,,,,,,,
1307,5.445833,,,,,,,,,,,,,,,
1308,5.450000,,,,,,,,,,,,,,,
1309,5.454167,,,,,,,,,,,,,,,
1310,5.458333,,,,,,,,,,,,,,,
1311,5.462500,,,,,,,,,,,,,,,
1312,5.466667,,,,,,,,,,,,,,,
1313,5.470833,,,,,,,,,,,,,,,
1314,5.475000,,,,,,,,,,,,,,,
1315,5.479167,,,,,,,,,,,,,,,
1316,5.483333,,,,,,,,,,,,,,,
1317,5.487500,,,,,,,,,,,,,,,
1318,5.491667,,,,,,,,,,,,,,,
1319,5.495833,,,,,,,,,,,,,,,
1320,5.500000,,,,,,,,,,,,,,,
1321,5.504167,,,,,,,,,,,,,,,
1322,5.508333,,,,,,,,,,,,,,,
1323,5.512500,,,,,,,,,,,,,,,
1324,5.516667,,,,,,,,,,,,,,,
1325,5.520833,,,,,,,,,,,,,,,
1326,5.525000,,,,,,,,,,,,,,,
1327,5.529167,,,,,,,,,,,,,,,
1328,5.533333,,,,,,,,,,,,,,,
1329,5.537500,,,,,,,,,,,,,,,
1330,5.541667,,,,,,,,,,,,,,,
1331,5.545833,,,,,,,,,,,,,,,
1332,5.550000,,,,,,,,,,,,,,,
1333,5.554167,,,,,,,,,,,,,,,
1334,5.558333,,,,,,,,,,,,,,,
1335,5.562500,,,,,,,,,,,,,,,
1336,5.566667,,,,,,,,,,,,,,,
1337,5.570833,,,,,,,,,,,,,,,
1338,5.575000,,,,,,,,,,,,,,,
1339,5.579167,,,,,,,,,,,,,,,
1340,5.583333,,,,,,,,,,,,,,,
1341,5.587500,,,,,,,,,,,,,,,
1342,5.591667,,,,,,,,,,,,,,,
1343,5.595833,,,,,,,,,,,,,,,
1344,5.600000,,,,,,,,,,,,,,,
1345,5.604167,,,,,,,,,,,,,,,
1346,5.608333,,,,,,,,,,,,,,,
1347,5.612500,,,,,,,,,,,,,,,
1348,5.616667,,,,,,,,,,,,,,,
1349,5.620833,,,,,,,,,,,,,,,
1350,5.625000,,,,,,,,,,,,,,,
1351,5.629167,,,,,,,,,,,,,,,
1352,5.633333,,,,,,,,,,,,,,,
1353,5.637500,,,,,,,,,,,,,,,
1354,5.641667,,,,,,,,,,,,,,,
1355,5.645833,,,,,,,,,,,,,,,
1356,5.650000,,,,,,,,,,,,,,,
1357,5.654167,,,,,,,,,,,,,,,
1358,5.658333,,,,,,,,,,,,,,,
1359,5.662500,,,,,,,,,,,,,,,
1360,5.666667,,,,,,,,,,,,,,,
1361,5.670833,,,,,,,,,,,,,,,
1362,5.675000,,,,,,,,,,,,,,,
1363,5.679167,,,,,,,,,,,,,,,
1364,5.683333,,,,,,,,,,,,,,,
1365,5.687500,,,,,,,,,,,,,,,
1366,5.691667,,,,,,,,,,,,,,,
1367,5.695833,,,,,,,,,,,,,,,
1368,5.700000,,,,,,,,,,,,,,,
1369,5.704167,,,,,,,,,,,,,,,
1370,5.708333,,,,,,,,,,,,,,,
1371,5.712500,,,,,,,,,,,,,,,
1372,5.716667,,,,,,,,,,,,,,,
1373,5.720833,,,,,,,,,,,,,,,
1374,5.725000,,,,,,,,,,,,,,,
1375,5.729167,,,,,,,,,,,,,,,
1376,5.733333,,,,,,,,,,,,,,,
1377,5.737500,,,,,,,,,,,,,,,
1378,5.741667,,,,,,,,,,,,,,,
1379,5.745833,,,,,,,,,,,,,,,
1380,5.750000,,,,,,,,,,,,,,,
1381,5.754167,,,,,,,,,,,,,,,
1382,5.758333,,,,,,,,,,,,,,,
1383,5.762500,,,,,,,,,,,,,,,
1384,5.766667,,,,,,,,,,,,,,,
1385,5.770833,,,,,,,,,,,,,,,
1386,5.775000,,,,,,,,,,,,,,,
1387,5.779167,,,,,,,,,,,,,,,
1388,5.783333,,,,,,,,,,,,,,,
1389,5.787500,,,,,,,,,,,,,,,
1390,5.791667,,,,,,,,,,,,,,,
1391,5.795833,,,,,,,,,,,,,,,
1392,5.800000,,,,,,,,,,,,,,,
1393,5.804167,,,,,,,,,,,,,,,
1394,5.808333,,,,,,,,,,,,,,,
1395,5.812500,,,,,,,,,,,,,,,
1396,5.816667,,,,,,,,,,,,,,,
1397,5.820833,,,,,,,,,,,,,,,
1398,5.825000,,,,,,,,,,,,,,,
1399,5.829167,,,,,,,,,,,,,,,
1400,5.833333,,,,,,,,,,,,,,,
1401,5.837500,,,,,,,,,,,,,,,
1402,5.841667,,,,,,,,,,,,,,,
1403,5.845833,,,,,,,,,,,,,,,
1404,5.850000,,,,,,,,,,,,,,,
1405,5.854167,,,,,,,,,,,,,,,
1406,5.858333,,,,,,,,,,,,,,,
1407,5.862500,,,,,,,,,,,,,,,
1408,5.866667,,,,,,,,,,,,,,,
1409,5.870833,,,,,,,,,,,,,,,
1410,5.875000,,,,,,,,,,,,,,,
1411,5.879167,,,,,,,,,,,,,,,
1412,5.883333,,,,,,,,,,,,,,,
1413,5.887500,,,,,,,,,,,,,,,
1414,5.891667,,,,,,,,,,,,,,,
1415,5.895833,,,,,,,,,,,,,,,
1416,5.900000,,,,,,,,,,,,,,,
1417,5.904167,,,,,,,,,,,,,,,
1418,5.908333,,,,,,,,,,,,,,,
1419,5.912500,,,,,,,,,,,,,,,
1420,5.916667,,,,,,,,,,,,,,,
1421,5.920833,,,,,,,,,,,,,,,
1422,5.925000,,,,,,,,,,,,,,,
1423,5.929167,,,,,,,,,,,,,,,
1424,5.933333,,,,,,,,,,,,,,,
1425,5.937500,,,,,,,,,,,,,,,
1426,5.941667,,,,,,,,,,,,,,,
1427,5.945833,,,,,,,,,,,,,,,
1428,5.950000,,,,,,,,,,,,,,,
1429,5.954167,,,,,,,,,,,,,,,
1430,5.958333,,,,,,,,,,,,,,,
1431,5.962500,,,,,,,,,,,,,,,
1432,5.966667,,,,,,,,,,,,,,,
1433,5.970833,,,,,,,,,,,,,,,
1434,5.975000,,,,,,,,,,,,,,,
1435,5.979167,,,,,,,,,,,,,,,
1436,5.983333,,,,,,,,,,,,,,,
1437,5.987500,,,,,,,,,,,,,,,
1438,5.991667,,,,,,,,,,,,,,,
1439,5.995833,,,,,,,,,,,,,,,
1440,6.000000,,,,,,,,,,,,,,,
1441,6.004167,,,,,,,,,,,,,,,
1442,6.008333,,,,,,,,,,,,,,,
1443,6.012500,,,,,,,,,,,,,,,
1444,6.016667,,,,,,,,,,,,,,,
1445,6.020833,,,,,,,,,,,,,,,
1446,6.025000,,,,,,,,,,,,,,,
1447,6.029167,,,,,,,,,,,,,,,
1448,6.033333,,,,,,,,,,,,,,,
1449,6.037500,,,,,,,,,,,,,,,
1450,6.041667,,,,,,,,,,,,,,,
1451,6.045833,,,,,,,,,,,,,,,
1452,6.050000,,,,,,,,,,,,,,,
1453,6.054167,,,,,,,,,,,,,,,
1454,6.058333,,,,,,,,,,,,,,,
1455,6.062500,,,,,,,,,,,,,,,
1456,6.066667,,,,,,,,,,,,,,,
1457,6.070833,,,,,,,,,,,,,,,
1458,6.075000,,,,,,,,,,,,,,,
1459,6.079167,,,,,,,,,,,,,,,
1460,6.083333,,,,,,,,,,,,,,,
1461,6.087500,,,,,,,,,,,,,,,
1462,6.091667,,,,,,,,,,,,,,,
1463,6.095833,,,,,,,,,,,,,,,
1464,6.100000,,,,,,,,,,,,,,,
1465,6.104167,,,,,,,,,,,,,,,
1466,6.108333,,,,,,,,,,,,,,,
1467,6.112500,,,,,,,,,,,,,,,
1468,6.116667,,,,,,,,,,,,,,,
1469,6.120833,,,,,,,,,,,,,,,
1470,6.125000,,,,,,,,,,,,,,,
1471,6.129167,,,,,,,,,,,,,,,
1472,6.133333,,,,,,,,,,,,,,,
1473,6.137500,,,,,,,,,,,,,,,
1474,6.141667,,,,,,,,,,,,,,,
1475,6.145833,,,,,,,,,,,,,,,
1476,6.150000,,,,,,,,,,,,,,,
1477,6.154167,,,,,,,,,,,,,,,
1478,6.158333,,,,,,,,,,,,,,,
1479,6.162500,,,,,,,,,,,,,,,
1480,6.166667,,,,,,,,,,,,,,,
1481,6.170833,,,,,,,,,,,,,,,
1482,6.175000,,,,,,,,,,,,,,,
1483,6.179167,,,,,,,,,,,,,,,
1484,6.183333,,,,,,,,,,,,,,,
1485,6.187500,,,,,,,,,,,,,,,
1486,6.191667,,,,,,,,,,,,,,,
1487,6.195833,,,,,,,,,,,,,,,
1488,6.200000,,,,,,,,,,,,,,,
1489,6.204167,,,,,,,,,,,,,,,
1490,6.208333,,,,,,,,,,,,,,,
1491,6.212500,,,,,,,,,,,,,,,
1492,6.216667,,,,,,,,,,,,,,,
1493,6.220833,,,,,,,,,,,,,,,
1494,6.225000,,,,,,,,,,,,,,,
1495,6.229167,,,,,,,,,,,,,,,
1496,6.233333,,,,,,,,,,,,,,,
1497,6.237500,,,,,,,,,,,,,,,
1498,6.241667,,,,,,,,,,,,,,,
1499,6.245833,,,,,,,,,,,,,,,
1500,6.250000,,,,,,,,,,,,,,,
1501,6.254167,,,,,,,,,,,,,,,
1502,6.258333,,,,,,,,,,,,,,,
1503,6.262500,,,,,,,,,,,,,,,
1504,6.266667,,,,,,,,,,,,,,,
1505,6.270833,,,,,,,,,,,,,,,
1506,6.275000,,,,,,,,,,,,,,,
1507,6.279167,,,,,,,,,,,,,,,
1508,6.283333,,,,,,,,,,,,,,,
1509,6.287500,,,,,,,,,,,,,,,
1510,6.291667,,,,,,,,,,,,,,,
1511,6.295833,,,,,,,,,,,,,,,
1512,6.300000,,,,,,,,,,,,,,,
1513,6.304167,,,,,,,,,,,,,,,
1514,6.308333,,,,,,,,,,,,,,,
1515,6.312500,,,,,,,,,,,,,,,
1516,6.316667,,,,,,,,,,,,,,,
1517,6.320833,,,,,,,,,,,,,,,
1518,6.325000,,,,,,,,,,,,,,,
1519,6.329167,,,,,,,,,,,,,,,
1520,6.333333,,,,,,,,,,,,,,,
1521,6.337500,,,,,,,,,,,,,,,
1522,6.341667,,,,,,,,,,,,,,,
1523,6.345833,,,,,,,,,,,,,,,
1524,6.350000,,,,,,,,,,,,,,,
1525,6.354167,,,,,,,,,,,,,,,
1526,6.358333,,,,,,,,,,,,,,,
1527,6.362500,,,,,,,,,,,,,,,
1528,6.366667,,,,,,,,,,,,,,,
1529,6.370833,,,,,,,,,,,,,,,
1530,6.375000,,,,,,,,,,,,,,,
1531,6.379167,,,,,,,,,,,,,,,
1532,6.383333,,,,,,,,,,,,,,,
1533,6.387500,,,,,,,,,,,,,,,
1534,6.391667,,,,,,,,,,,,,,,
1535,6.395833,,,,,,,,,,,,,,,
1536,6.400000,,,,,,,,,,,,,,,
1537,6.404167,,,,,,,,,,,,,,,
1538,6.408333,,,,,,,,,,,,,,,
1539,6.412500,,,,,,,,,,,,,,,
1540,6.416667,,,,,,,,,,,,,,,
1541,6.420833,,,,,,,,,,,,,,,
1542,6.425000,,,,,,,,,,,,,,,
1543,6.429167,,,,,,,,,,,,,,,
1544,6.433333,,,,,,,,,,,,,,,
1545,6.437500,,,,,,,,,,,,,,,
1546,6.441667,,,,,,,,,,,,,,,
1547,6.445833,,,,,,,,,,,,,,,
1548,6.450000,,,,,,,,,,,,,,,
1549,6.454167,,,,,,,,,,,,,,,
1550,6.458333,,,,,,,,,,,,,,,
1551,6.462500,,,,,,,,,,,,,,,
1552,6.466667,,,,,,,,,,,,,,,
1553,6.470833,,,,,,,,,,,,,,,
1554,6.475000,,,,,,,,,,,,,,,
1555,6.479167,,,,,,,,,,,,,,,
1556,6.483333,,,,,,,,,,,,,,,
1557,6.487500,,,,,,,,,,,,,,,
1558,6.491667,,,,,,,,,,,,,,,
1559,6.495833,,,,,,,,,,,,,,,
1560,6.500000,,,,,,,,,,,,,,,
1561,6.504167,,,,,,,,,,,,,,,
1562,6.508333,,,,,,,,,,,,,,,
1563,6.512500,,,,,,,,,,,,,,,
1564,6.516667,,,,,,,,,,,,,,,
1565,6.520833,,,,,,,,,,,,,,,
1566,6.525000,,,,,,,,,,,,,,,
1567,6.529167,,,,,,,,,,,,,,,
1568,6.533333,,,,,,,,,,,,,,,
1569,6.537500,,,,,,,,,,,,,,,
1570,6.541667,,,,,,,,,,,,,,,
1571,6.545833,,,,,,,,,,,,,,,
1572,6.550000,,,,,,,,,,,,,,,
1573,6.554167,,,,,,,,,,,,,,,
1574,6.558333,,,,,,,,,,,,,,,
1575,6.562500,,,,,,,,,,,,,,,
1576,6.566667,,,,,,,,,,,,,,,
1577,6.570833,,,,,,,,,,,,,,,
1578,6.575000,,,,,,,,,,,,,,,
1579,6.579167,,,,,,,,,,,,,,,
1580,6.583333,,,,,,,,,,,,,,,
1581,6.587500,,,,,,,,,,,,,,,
1582,6.591667,,,,,,,,,,,,,,,
1583,6.595833,,,,,,,,,,,,,,,
1584,6.600000,,,,,,,,,,,,,,,
1585,6.604167,,,,,,,,,,,,,,,
1586,6.608333,,,,,,,,,,,,,,,
1587,6.612500,,,,,,,,,,,,,,,
1588,6.616667,,,,,,,,,,,,,,,
1589,6.620833,,,,,,,,,,,,,,,
1590,6.625000,,,,,,,,,,,,,,,
1591,6.629167,,,,,,,,,,,,,,,
1592,6.633333,,,,,,,,,,,,,,,
1593,6.637500,,,,,,,,,,,,,,,
1594,6.641667,,,,,,,,,,,,,,,
1595,6.645833,,,,,,,,,,,,,,,
1596,6.650000,,,,,,,,,,,,,,,
1597,6.654167,,,,,,,,,,,,,,,
1598,6.658333,,,,,,,,,,,,,,,
1599,6.662500,,,,,,,,,,,,,,,
1600,6.666667,,,,,,,,,,,,,,,
1601,6.670833,,,,,,,,,,,,,,,
1602,6.675000,,,,,,,,,,,,,,,
1603,6.679167,,,,,,,,,,,,,,,
1604,6.683333,,,,,,,,,,,,,,,
1605,6.687500,,,,,,,,,,,,,,,
1606,6.691667,,,,,,,,,,,,,,,
1607,6.695833,,,,,,,,,,,,,,,
1608,6.700000,,,,,,,,,,,,,,,
1609,6.704167,,,,,,,,,,,,,,,
1610,6.708333,,,,,,,,,,,,,,,
1611,6.712500,,,,,,,,,,,,,,,
1612,6.716667,,,,,,,,,,,,,,,
1613,6.720833,,,,,,,,,,,,,,,
1614,6.725000,,,,,,,,,,,,,,,
1615,6.729167,,,,,,,,,,,,,,,
1616,6.733333,,,,,,,,,,,,,,,
1617,6.737500,,,,,,,,,,,,,,,
1618,6.741667,,,,,,,,,,,,,,,
1619,6.745833,,,,,,,,,,,,,,,
1620,6.750000,,,,,,,,,,,,,,,
1621,6.754167,,,,,,,,,,,,,,,
1622,6.758333,,,,,,,,,,,,,,,
1623,6.762500,,,,,,,,,,,,,,,
1624,6.766667,,,,,,,,,,,,,,,
1625,6.770833,,,,,,,,,,,,,,,
1626,6.775000,,,,,,,,,,,,,,,
1627,6.779167,,,,,,,,,,,,,,,
1628,6.783333,,,,,,,,,,,,,,,
1629,6.787500,,,,,,,,,,,,,,,
1630,6.791667,,,,,,,,,,,,,,,
1631,6.795833,,,,,,,,,,,,,,,
1632,6.800000,,,,,,,,,,,,,,,
1633,6.804167,,,,,,,,,,,,,,,
1634,6.808333,,,,,,,,,,,,,,,
1635,6.812500,,,,,,,,,,,,,,,
1636,6.816667,,,,,,,,,,,,,,,
1637,6.820833,,,,,,,,,,,,,,,
1638,6.825000,,,,,,,,,,,,,,,
1639,6.829167,,,,,,,,,,,,,,,
1640,6.833333,,,,,,,,,,,,,,,
1641,6.837500,,,,,,,,,,,,,,,
1642,6.841667,,,,,,,,,,,,,,,
1643,6.845833,,,,,,,,,,,,,,,
1644,6.850000,,,,,,,,,,,,,,,
1645,6.854167,,,,,,,,,,,,,,,
1646,6.858333,,,,,,,,,,,,,,,
1647,6.862500,,,,,,,,,,,,,,,
1648,6.866667,,,,,,,,,,,,,,,
1649,6.870833,,,,,,,,,,,,,,,
1650,6.875000,,,,,,,,,,,,,,,
1651,6.879167,,,,,,,,,,,,,,,
1652,6.883333,,,,,,,,,,,,,,,
1653,6.887500,,,,,,,,,,,,,,,
1654,6.891667,,,,,,,,,,,,,,,
1655,6.895833,,,,,,,,,,,,,,,
1656,6.900000,,,,,,,,,,,,,,,
1657,6.904167,,,,,,,,,,,,,,,
1658,6.908333,,,,,,,,,,,,,,,
1659,6.912500,,,,,,,,,,,,,,,
1660,6.916667,,,,,,,,,,,,,,,
1661,6.920833,,,,,,,,,,,,,,,
1662,6.925000,,,,,,,,,,,,,,,
1663,6.929167,,,,,,,,,,,,,,,
1664,6.933333,,,,,,,,,,,,,,,
1665,6.937500,,,,,,,,,,,,,,,
1666,6.941667,,,,,,,,,,,,,,,
1667,6.945833,,,,,,,,,,,,,,,
1668,6.950000,,,,,,,,,,,,,,,
1669,6.954167,,,,,,,,,,,,,,,
1670,6.958333,,,,,,,,,,,,,,,
1671,6.962500,,,,,,,,,,,,,,,
1672,6.966667,,,,,,,,,,,,,,,
1673,6.970833,,,,,,,,,,,,,,,
1674,6.975000,,,,,,,,,,,,,,,
1675,6.979167,,,,,,,,,,,,,,,
1676,6.983333,,,,,,,,,,,,,,,
1677,6.987500,,,,,,,,,,,,,,,
1678,6.991667,,,,,,,,,,,,,,,
1679,6.995833,,,,,,,,,,,,,,,
1680,7.000000,,,,,,,,,,,,,,,
1681,7.004167,,,,,,,,,,,,,,,
1682,7.008333,,,,,,,,,,,,,,,
1683,7.012500,,,,,,,,,,,,,,,
1684,7.016667,,,,,,,,,,,,,,,
1685,7.020833,,,,,,,,,,,,,,,
1686,7.025000,,,,,,,,,,,,,,,
1687,7.029167,,,,,,,,,,,,,,,
1688,7.033333,,,,,,,,,,,,,,,
1689,7.037500,,,,,,,,,,,,,,,
1690,7.041667,,,,,,,,,,,,,,,
1691,7.045833,,,,,,,,,,,,,,,
1692,7.050000,,,,,,,,,,,,,,,
1693,7.054167,,,,,,,,,,,,,,,
1694,7.058333,,,,,,,,,,,,,,,
1695,7.062500,,,,,,,,,,,,,,,
1696,7.066667,,,,,,,,,,,,,,,
1697,7.070833,,,,,,,,,,,,,,,
1698,7.075000,,,,,,,,,,,,,,,
1699,7.079167,,,,,,,,,,,,,,,
1700,7.083333,,,,,,,,,,,,,,,
1701,7.087500,,,,,,,,,,,,,,,
1702,7.091667,,,,,,,,,,,,,,,
1703,7.095833,,,,,,,,,,,,,,,
1704,7.100000,,,,,,,,,,,,,,,
1705,7.104167,,,,,,,,,,,,,,,
1706,7.108333,,,,,,,,,,,,,,,
1707,7.112500,,,,,,,,,,,,,,,
1708,7.116667,,,,,,,,,,,,,,,
1709,7.120833,,,,,,,,,,,,,,,
1710,7.125000,,,,,,,,,,,,,,,
1711,7.129167,,,,,,,,,,,,,,,
1712,7.133333,,,,,,,,,,,,,,,
1713,7.137500,,,,,,,,,,,,,,,
1714,7.141667,,,,,,,,,,,,,,,
1715,7.145833,,,,,,,,,,,,,,,
1716,7.150000,,,,,,,,,,,,,,,
1717,7.154167,,,,,,,,,,,,,,,
1718,7.158333,,,,,,,,,,,,,,,
1719,7.162500,,,,,,,,,,,,,,,
1720,7.166667,,,,,,,,,,,,,,,
1721,7.170833,,,,,,,,,,,,,,,
1722,7.175000,,,,,,,,,,,,,,,
1723,7.179167,,,,,,,,,,,,,,,
1724,7.183333,,,,,,,,,,,,,,,
1725,7.187500,,,,,,,,,,,,,,,
1726,7.191667,,,,,,,,,,,,,,,
1727,7.195833,,,,,,,,,,,,,,,
1728,7.200000,,,,,,,,,,,,,,,
1729,7.204167,,,,,,,,,,,,,,,
1730,7.208333,,,,,,,,,,,,,,,
1731,7.212500,,,,,,,,,,,,,,,
1732,7.216667,,,,,,,,,,,,,,,
1733,7.220833,,,,,,,,,,,,,,,
1734,7.225000,,,,,,,,,,,,,,,
1735,7.229167,,,,,,,,,,,,,,,
1736,7.233333,,,,,,,,,,,,,,,
1737,7.237500,,,,,,,,,,,,,,,
1738,7.241667,,,,,,,,,,,,,,,
1739,7.245833,,,,,,,,,,,,,,,
1740,7.250000,,,,,,,,,,,,,,,
1741,7.254167,,,,,,,,,,,,,,,
1742,7.258333,,,,,,,,,,,,,,,
1743,7.262500,,,,,,,,,,,,,,,
1744,7.266667,,,,,,,,,,,,,,,
1745,7.270833,,,,,,,,,,,,,,,
1746,7.275000,,,,,,,,,,,,,,,
1747,7.279167,,,,,,,,,,,,,,,
1748,7.283333,,,,,,,,,,,,,,,
1749,7.287500,,,,,,,,,,,,,,,
1750,7.291667,,,,,,,,,,,,,,,
1751,7.295833,,,,,,,,,,,,,,,
1752,7.300000,,,,,,,,,,,,,,,
1753,7.304167,,,,,,,,,,,,,,,
1754,7.308333,,,,,,,,,,,,,,,
1755,7.312500,,,,,,,,,,,,,,,
1756,7.316667,,,,,,,,,,,,,,,
1757,7.320833,,,,,,,,,,,,,,,
1758,7.325000,,,,,,,,,,,,,,,
1759,7.329167,,,,,,,,,,,,,,,
1760,7.333333,,,,,,,,,,,,,,,
1761,7.337500,,,,,,,,,,,,,,,
1762,7.341667,,,,,,,,,,,,,,,
1763,7.345833,,,,,,,,,,,,,,,
1764,7.350000,,,,,,,,,,,,,,,
1765,7.354167,,,,,,,,,,,,,,,
1766,7.358333,,,,,,,,,,,,,,,
1767,7.362500,,,,,,,,,,,,,,,
1768,7.366667,,,,,,,,,,,,,,,
1769,7.370833,,,,,,,,,,,,,,,
1770,7.375000,,,,,,,,,,,,,,,
1771,7.379167,,,,,,,,,,,,,,,
1772,7.383333,,,,,,,,,,,,,,,
1773,7.387500,,,,,,,,,,,,,,,
1774,7.391667,,,,,,,,,,,,,,,
1775,7.395833,,,,,,,,,,,,,,,
1776,7.400000,,,,,,,,,,,,,,,
1777,7.404167,,,,,,,,,,,,,,,
1778,7.408333,,,,,,,,,,,,,,,
1779,7.412500,,,,,,,,,,,,,,,
1780,7.416667,,,,,,,,,,,,,,,
1781,7.420833,,,,,,,,,,,,,,,
1782,7.425000,,,,,,,,,,,,,,,
1783,7.429167,,,,,,,,,,,,,,,
1784,7.433333,,,,,,,,,,,,,,,
1785,7.437500,,,,,,,,,,,,,,,
1786,7.441667,,,,,,,,,,,,,,,
1787,7.445833,,,,,,,,,,,,,,,
1788,7.450000,,,,,,,,,,,,,,,
1789,7.454167,,,,,,,,,,,,,,,
1790,7.458333,,,,,,,,,,,,,,,
1791,7.462500,,,,,,,,,,,,,,,
1792,7.466667,,,,,,,,,,,,,,,
1793,7.470833,,,,,,,,,,,,,,,
1794,7.475000,,,,,,,,,,,,,,,
1795,7.479167,,,,,,,,,,,,,,,
1796,7.483333,,,,,,,,,,,,,,,
1797,7.487500,,,,,,,,,,,,,,,
1798,7.491667,,,,,,,,,,,,,,,
1799,7.495833,,,,,,,,,,,,,,,
1800,7.500000,,,,,,,,,,,,,,,
1801,7.504167,,,,,,,,,,,,,,,
1802,7.508333,,,,,,,,,,,,,,,
1803,7.512500,,,,,,,,,,,,,,,
1804,7.516667,,,,,,,,,,,,,,,
1805,7.520833,,,,,,,,,,,,,,,
1806,7.525000,,,,,,,,,,,,,,,
1807,7.529167,,,,,,,,,,,,,,,
1808,7.533333,,,,,,,,,,,,,,,
1809,7.537500,,,,,,,,,,,,,,,
1810,7.541667,,,,,,,,,,,,,,,
1811,7.545833,,,,,,,,,,,,,,,
1812,7.550000,,,,,,,,,,,,,,,
1813,7.554167,,,,,,,,,,,,,,,
1814,7.558333,,,,,,,,,,,,,,,
1815,7.562500,,,,,,,,,,,,,,,
1816,7.566667,,,,,,,,,,,,,,,
1817,7.570833,,,,,,,,,,,,,,,
1818,7.575000,,,,,,,,,,,,,,,
1819,7.579167,,,,,,,,,,,,,,,
1820,7.583333,,,,,,,,,,,,,,,
1821,7.587500,,,,,,,,,,,,,,,
1822,7.591667,,,,,,,,,,,,,,,
1823,7.595833,,,,,,,,,,,,,,,
1824,7.600000,,,,,,,,,,,,,,,
1825,7.604167,,,,,,,,,,,,,,,
1826,7.608333,,,,,,,,,,,,,,,
1827,7.612500,,,,,,,,,,,,,,,
1828,7.616667,,,,,,,,,,,,,,,
1829,7.620833,,,,,,,,,,,,,,,
1830,7.625000,,,,,,,,,,,,,,,
1831,7.629167,,,,,,,,,,,,,,,
1832,7.633333,,,,,,,,,,,,,,,
1833,7.637500,,,,,,,,,,,,,,,
1834,7.641667,,,,,,,,,,,,,,,
1835,7.645833,,,,,,,,,,,,,,,
1836,7.650000,,,,,,,,,,,,,,,
1837,7.654167,,,,,,,,,,,,,,,
1838,7.658333,,,,,,,,,,,,,,,
1839,7.662500,,,,,,,,,,,,,,,
1840,7.666667,,,,,,,,,,,,,,,
1841,7.670833,,,,,,,,,,,,,,,
1842,7.675000,,,,,,,,,,,,,,,
1843,7.679167,,,,,,,,,,,,,,,
1844,7.683333,,,,,,,,,,,,,,,
1845,7.687500,,,,,,,,,,,,,,,
1846,7.691667,,,,,,,,,,,,,,,
1847,7.695833,,,,,,,,,,,,,,,
1848,7.700000,,,,,,,,,,,,,,,
1849,7.704167,,,,,,,,,,,,,,,
1850,7.708333,,,,,,,,,,,,,,,
1851,7.712500,,,,,,,,,,,,,,,
1852,7.716667,,,,,,,,,,,,,,,
1853,7.720833,,,,,,,,,,,,,,,
1854,7.725000,,,,,,,,,,,,,,,
1855,7.729167,,,,,,,,,,,,,,,
1856,7.733333,,,,,,,,,,,,,,,
1857,7.737500,,,,,,,,,,,,,,,
1858,7.741667,,,,,,,,,,,,,,,
1859,7.745833,,,,,,,,,,,,,,,
1860,7.750000,,,,,,,,,,,,,,,
1861,7.754167,,,,,,,,,,,,,,,
1862,7.758333,,,,,,,,,,,,,,,
1863,7.762500,,,,,,,,,,,,,,,
1864,7.766667,,,,,,,,,,,,,,,
1865,7.770833,,,,,,,,,,,,,,,
1866,7.775000,,,,,,,,,,,,,,,
1867,7.779167,,,,,,,,,,,,,,,
1868,7.783333,,,,,,,,,,,,,,,
1869,7.787500,,,,,,,,,,,,,,,
1870,7.791667,,,,,,,,,,,,,,,
1871,7.795833,,,,,,,,,,,,,,,
1872,7.800000,,,,,,,,,,,,,,,
1873,7.804167,,,,,,,,,,,,,,,
1874,7.808333,,,,,,,,,,,,,,,
1875,7.812500,,,,,,,,,,,,,,,
1876,7.816667,,,,,,,,,,,,,,,
1877,7.820833,,,,,,,,,,,,,,,
1878,7.825000,,,,,,,,,,,,,,,
1879,7.829167,,,,,,,,,,,,,,,
1880,7.833333,,,,,,,,,,,,,,,
1881,7.837500,,,,,,,,,,,,,,,
1882,7.841667,,,,,,,,,,,,,,,
1883,7.845833,,,,,,,,,,,,,,,
1884,7.850000,,,,,,,,,,,,,,,
1885,7.854167,,,,,,,,,,,,,,,
1886,7.858333,,,,,,,,,,,,,,,
1887,7.862500,,,,,,,,,,,,,,,
1888,7.866667,,,,,,,,,,,,,,,
1889,7.870833,,,,,,,,,,,,,,,
1890,7.875000,,,,,,,,,,,,,,,
1891,7.879167,,,,,,,,,,,,,,,
1892,7.883333,,,,,,,,,,,,,,,
1893,7.887500,,,,,,,,,,,,,,,
1894,7.891667,,,,,,,,,,,,,,,
1895,7.895833,,,,,,,,,,,,,,,
1896,7.900000,,,,,,,,,,,,,,,
1897,7.904167,,,,,,,,,,,,,,,
1898,7.908333,,,,,,,,,,,,,,,
1899,7.912500,,,,,,,,,,,,,,,
1900,7.916667,,,,,,,,,,,,,,,
1901,7.920833,,,,,,,,,,,,,,,
1902,7.925000,,,,,,,,,,,,,,,
1903,7.929167,,,,,,,,,,,,,,,
1904,7.933333,,,,,,,,,,,,,,,
1905,7.937500,,,,,,,,,,,,,,,
1906,7.941667,,,,,,,,,,,,,,,
1907,7.945833,,,,,,,,,,,,,,,
1908,7.950000,,,,,,,,,,,,,,,
1909,7.954167,,,,,,,,,,,,,,,
1910,7.958333,,,,,,,,,,,,,,,
1911,7.962500,,,,,,,,,,,,,,,
1912,7.966667,,,,,,,,,,,,,,,
1913,7.970833,,,,,,,,,,,,,,,
1914,7.975000,,,,,,,,,,,,,,,
1915,7.979167,,,,,,,,,,,,,,,
1916,7.983333,,,,,,,,,,,,,,,
1917,7.987500,,,,,,,,,,,,,,,
1918,7.991667,,,,,,,,,,,,,,,
1919,7.995833,,,,,,,,,,,,,,,
1920,8.000000,,,,,,,,,,,,,,,
1921,8.004167,,,,,,,,,,,,,,,
1922,8.008333,,,,,,,,,,,,,,,
1923,8.012500,,,,,,,,,,,,,,,
1924,8.016667,,,,,,,,,,,,,,,
1925,8.020833,,,,,,,,,,,,,,,
1926,8.025000,,,,,,,,,,,,,,,
1927,8.029167,,,,,,,,,,,,,,,
1928,8.033333,,,,,,,,,,,,,,,
1929,8.037500,,,,,,,,,,,,,,,
1930,8.041667,,,,,,,,,,,,,,,
1931,8.045833,,,,,,,,,,,,,,,
1932,8.050000,,,,,,,,,,,,,,,
1933,8.054167,,,,,,,,,,,,,,,
1934,8.058333,,,,,,,,,,,,,,,
1935,8.062500,,,,,,,,,,,,,,,
1936,8.066667,,,,,,,,,,,,,,,
1937,8.070833,,,,,,,,,,,,,,,
1938,8.075000,,,,,,,,,,,,,,,
1939,8.079167,,,,,,,,,,,,,,,
1940,8.083333,,,,,,,,,,,,,,,
1941,8.087500,,,,,,,,,,,,,,,
1942,8.091667,,,,,,,,,,,,,,,
1943,8.095833,,,,,,,,,,,,,,,
1944,8.100000,,,,,,,,,,,,,,,
1945,8.104167,,,,,,,,,,,,,,,
1946,8.108333,,,,,,,,,,,,,,,
1947,8.112500,,,,,,,,,,,,,,,
1948,8.116667,,,,,,,,,,,,,,,
1949,8.120833,,,,,,,,,,,,,,,
1950,8.125000,,,,,,,,,,,,,,,
1951,8.129167,,,,,,,,,,,,,,,
1952,8.133333,,,,,,,,,,,,,,,
1953,8.137500,,,,,,,,,,,,,,,
1954,8.141667,,,,,,,,,,,,,,,
1955,8.145833,,,,,,,,,,,,,,,
1956,8.150000,,,,,,,,,,,,,,,
1957,8.154167,,,,,,,,,,,,,,,
1958,8.158333,,,,,,,,,,,,,,,
1959,8.162500,,,,,,,,,,,,,,,
1960,8.166667,,,,,,,,,,,,,,,
1961,8.170833,,,,,,,,,,,,,,,
1962,8.175000,,,,,,,,,,,,,,,
1963,8.179167,,,,,,,,,,,,,,,
1964,8.183333,,,,,,,,,,,,,,,
1965,8.187500,,,,,,,,,,,,,,,
1966,8.191667,,,,,,,,,,,,,,,
1967,8.195833,,,,,,,,,,,,,,,
1968,8.200000,,,,,,,,,,,,,,,
1969,8.204167,,,,,,,,,,,,,,,
1970,8.208333,,,,,,,,,,,,,,,
1971,8.212500,,,,,,,,,,,,,,,
1972,8.216667,,,,,,,,,,,,,,,
1973,8.220833,,,,,,,,,,,,,,,
1974,8.225000,,,,,,,,,,,,,,,
1975,8.229167,,,,,,,,,,,,,,,
1976,8.233333,,,,,,,,,,,,,,,
1977,8.237500,,,,,,,,,,,,,,,
1978,8.241667,,,,,,,,,,,,,,,
1979,8.245833,,,,,,,,,,,,,,,
1980,8.250000,,,,,,,,,,,,,,,
1981,8.254167,,,,,,,,,,,,,,,
1982,8.258333,,,,,,,,,,,,,,,
1983,8.262500,,,,,,,,,,,,,,,
1984,8.266667,,,,,,,,,,,,,,,
1985,8.270833,,,,,,,,,,,,,,,
1986,8.275000,,,,,,,,,,,,,,,
1987,8.279167,,,,,,,,,,,,,,,
1988,8.283333,,,,,,,,,,,,,,,
1989,8.287500,,,,,,,,,,,,,,,
1990,8.291667,,,,,,,,,,,,,,,
1991,8.295833,,,,,,,,,,,,,,,
1992,8.300000,,,,,,,,,,,,,,,
1993,8.304167,,,,,,,,,,,,,,,
1994,8.308333,,,,,,,,,,,,,,,
1995,8.312500,,,,,,,,,,,,,,,
1996,8.316667,,,,,,,,,,,,,,,
1997,8.320833,,,,,,,,,,,,,,,
1998,8.325000,,,,,,,,,,,,,,,
1999,8.329167,,,,,,,,,,,,,,,
2000,8.333333,,,,,,,,,,,,,,,
2001,8.337500,,,,,,,,,,,,,,,
2002,8.341667,,,,,,,,,,,,,,,
2003,8.345833,,,,,,,,,,,,,,,
2004,8.350000,,,,,,,,,,,,,,,
2005,8.354167,,,,,,,,,,,,,,,
2006,8.358333,,,,,,,,,,,,,,,
2007,8.362500,,,,,,,,,,,,,,,
2008,8.366667,,,,,,,,,,,,,,,
2009,8.370833,,,,,,,,,,,,,,,
2010,8.375000,,,,,,,,,,,,,,,
2011,8.379167,,,,,,,,,,,,,,,
2012,8.383333,,,,,,,,,,,,,,,
2013,8.387500,,,,,,,,,,,,,,,
2014,8.391667,,,,,,,,,,,,,,,
2015,8.395833,,,,,,,,,,,,,,,
2016,8.400000,,,,,,,,,,,,,,,
2017,8.404167,,,,,,,,,,,,,,,
2018,8.408333,,,,,,,,,,,,,,,
2019,8.412500,,,,,,,,,,,,,,,
2020,8.416667,,,,,,,,,,,,,,,
2021,8.420833,,,,,,,,,,,,,,,
2022,8.425000,,,,,,,,,,,,,,,
2023,8.429167,,,,,,,,,,,,,,,
2024,8.433333,,,,,,,,,,,,,,,
2025,8.437500,,,,,,,,,,,,,,,
2026,8.441667,,,,,,,,,,,,,,,
2027,8.445833,,,,,,,,,,,,,,,
2028,8.450000,,,,,,,,,,,,,,,
2029,8.454167,,,,,,,,,,,,,,,
2030,8.458333,,,,,,,,,,,,,,,
2031,8.462500,,,,,,,,,,,,,,,
2032,8.466667,,,,,,,,,,,,,,,
2033,8.470833,,,,,,,,,,,,,,,
2034,8.475000,,,,,,,,,,,,,,,
2035,8.479167,,,,,,,,,,,,,,,
2036,8.483333,,,,,,,,,,,,,,,
2037,8.487500,,,,,,,,,,,,,,,
2038,8.491667,,,,,,,,,,,,,,,
2039,8.495833,,,,,,,,,,,,,,,
2040,8.500000,,,,,,,,,,,,,,,
2041,8.504167,,,,,,,,,,,,,,,
2042,8.508333,,,,,,,,,,,,,,,
2043,8.512500,,,,,,,,,,,,,,,
2044,8.516667,,,,,,,,,,,,,,,
2045,8.520833,,,,,,,,,,,,,,,
2046,8.525000,,,,,,,,,,,,,,,
2047,8.529167,,,,,,,,,,,,,,,
2048,8.533333,,,,,,,,,,,,,,,
2049,8.537500,,,,,,,,,,,,,,,
2050,8.541667,,,,,,,,,,,,,,,
2051,8.545833,,,,,,,,,,,,,,,
2052,8.550000,,,,,,,,,,,,,,,
2053,8.554167,,,,,,,,,,,,,,,
2054,8.558333,,,,,,,,,,,,,,,
2055,8.562500,,,,,,,,,,,,,,,
2056,8.566667,,,,,,,,,,,,,,,
2057,8.570833,,,,,,,,,,,,,,,
2058,8.575000,,,,,,,,,,,,,,,
2059,8.579167,,,,,,,,,,,,,,,
2060,8.583333,,,,,,,,,,,,,,,
2061,8.587500,,,,,,,,,,,,,,,
2062,8.591667,,,,,,,,,,,,,,,
2063,8.595833,,,,,,,,,,,,,,,
2064,8.600000,,,,,,,,,,,,,,,
2065,8.604167,,,,,,,,,,,,,,,
2066,8.608333,,,,,,,,,,,,,,,
2067,8.612500,,,,,,,,,,,,,,,
2068,8.616667,,,,,,,,,,,,,,,
2069,8.620833,,,,,,,,,,,,,,,
2070,8.625000,,,,,,,,,,,,,,,
2071,8.629167,,,,,,,,,,,,,,,
2072,8.633333,,,,,,,,,,,,,,,
2073,8.637500,,,,,,,,,,,,,,,
2074,8.641667,,,,,,,,,,,,,,,
2075,8.645833,,,,,,,,,,,,,,,
2076,8.650000,,,,,,,,,,,,,,,
2077,8.654167,,,,,,,,,,,,,,,
2078,8.658333,,,,,,,,,,,,,,,
2079,8.662500,,,,,,,,,,,,,,,
2080,8.666667,,,,,,,,,,,,,,,
2081,8.670833,,,,,,,,,,,,,,,
2082,8.675000,,,,,,,,,,,,,,,
2083,8.679167,,,,,,,,,,,,,,,
2084,8.683333,,,,,,,,,,,,,,,
2085,8.687500,,,,,,,,,,,,,,,
2086,8.691667,,,,,,,,,,,,,,,
2087,8.695833,,,,,,,,,,,,,,,
2088,8.700000,,,,,,,,,,,,,,,
2089,8.704167,,,,,,,,,,,,,,,
2090,8.708333,,,,,,,,,,,,,,,
2091,8.712500,,,,,,,,,,,,,,,
2092,8.716667,,,,,,,,,,,,,,,
2093,8.720833,,,,,,,,,,,,,,,
2094,8.725000,,,,,,,,,,,,,,,
2095,8.729167,,,,,,,,,,,,,,,
2096,8.733333,,,,,,,,,,,,,,,
2097,8.737500,,,,,,,,,,,,,,,
2098,8.741667,,,,,,,,,,,,,,,
2099,8.745833,,,,,,,,,,,,,,,
2100,8.750000,,,,,,,,,,,,,,,
2101,8.754167,,,,,,,,,,,,,,,
2102,8.758333,,,,,,,,,,,,,,,
2103,8.762500,,,,,,,,,,,,,,,
2104,8.766667,,,,,,,,,,,,,,,
2105,8.770833,,,,,,,,,,,,,,,
2106,8.775000,,,,,,,,,,,,,,,
2107,8.779167,,,,,,,,,,,,,,,
2108,8.783333,,,,,,,,,,,,,,,
2109,8.787500,,,,,,,,,,,,,,,
2110,8.791667,,,,,,,,,,,,,,,
2111,8.795833,,,,,,,,,,,,,,,
2112,8.800000,,,,,,,,,,,,,,,
2113,8.804167,,,,,,,,,,,,,,,
2114,8.808333,,,,,,,,,,,,,,,
2115,8.812500,,,,,,,,,,,,,,,
2116,8.816667,,,,,,,,,,,,,,,
2117,8.820833,,,,,,,,,,,,,,,
2118,8.825000,,,,,,,,,,,,,,,
2119,8.829167,,,,,,,,,,,,,,,
2120,8.833333,,,,,,,,,,,,,,,
2121,8.837500,,,,,,,,,,,,,,,
2122,8.841667,,,,,,,,,,,,,,,
2123,8.845833,,,,,,,,,,,,,,,
2124,8.850000,,,,,,,,,,,,,,,
2125,8.854167,,,,,,,,,,,,,,,
2126,8.858333,,,,,,,,,,,,,,,
2127,8.862500,,,,,,,,,,,,,,,
2128,8.866667,,,,,,,,,,,,,,,
2129,8.870833,,,,,,,,,,,,,,,
2130,8.875000,,,,,,,,,,,,,,,
2131,8.879167,,,,,,,,,,,,,,,
2132,8.883333,,,,,,,,,,,,,,,
2133,8.887500,,,,,,,,,,,,,,,
2134,8.891667,,,,,,,,,,,,,,,
2135,8.895833,,,,,,,,,,,,,,,
2136,8.900000,,,,,,,,,,,,,,,
2137,8.904167,,,,,,,,,,,,,,,
2138,8.908333,,,,,,,,,,,,,,,
2139,8.912500,,,,,,,,,,,,,,,
2140,8.916667,,,,,,,,,,,,,,,
2141,8.920833,,,,,,,,,,,,,,,
2142,8.925000,,,,,,,,,,,,,,,
2143,8.929167,,,,,,,,,,,,,,,
2144,8.933333,,,,,,,,,,,,,,,
2145,8.937500,,,,,,,,,,,,,,,
2146,8.941667,,,,,,,,,,,,,,,
2147,8.945833,,,,,,,,,,,,,,,
2148,8.950000,,,,,,,,,,,,,,,
2149,8.954167,,,,,,,,,,,,,,,
2150,8.958333,,,,,,,,,,,,,,,
2151,8.962500,,,,,,,,,,,,,,,
2152,8.966667,,,,,,,,,,,,,,,
2153,8.970833,,,,,,,,,,,,,,,
2154,8.975000,,,,,,,,,,,,,,,
2155,8.979167,,,,,,,,,,,,,,,
2156,8.983333,,,,,,,,,,,,,,,
2157,8.987500,,,,,,,,,,,,,,,
2158,8.991667,,,,,,,,,,,,,,,
2159,8.995833,,,,,,,,,,,,,,,
2160,9.000000,,,,,,,,,,,,,,,
2161,9.004167,,,,,,,,,,,,,,,
2162,9.008333,,,,,,,,,,,,,,,
2163,9.012500,,,,,,,,,,,,,,,
2164,9.016667,,,,,,,,,,,,,,,
2165,9.020833,,,,,,,,,,,,,,,
2166,9.025000,,,,,,,,,,,,,,,
2167,9.029167,,,,,,,,,,,,,,,
2168,9.033333,,,,,,,,,,,,,,,
2169,9.037500,,,,,,,,,,,,,,,
2170,9.041667,,,,,,,,,,,,,,,
2171,9.045833,,,,,,,,,,,,,,,
2172,9.050000,,,,,,,,,,,,,,,
2173,9.054167,,,,,,,,,,,,,,,
2174,9.058333,,,,,,,,,,,,,,,
2175,9.062500,,,,,,,,,,,,,,,
2176,9.066667,,,,,,,,,,,,,,,
2177,9.070833,,,,,,,,,,,,,,,
2178,9.075000,,,,,,,,,,,,,,,
2179,9.079167,,,,,,,,,,,,,,,
2180,9.083333,,,,,,,,,,,,,,,
2181,9.087500,,,,,,,,,,,,,,,
2182,9.091667,,,,,,,,,,,,,,,
2183,9.095833,,,,,,,,,,,,,,,
2184,9.100000,,,,,,,,,,,,,,,
2185,9.104167,,,,,,,,,,,,,,,
2186,9.108333,,,,,,,,,,,,,,,
2187,9.112500,,,,,,,,,,,,,,,
2188,9.116667,,,,,,,,,,,,,,,
2189,9.120833,,,,,,,,,,,,,,,
2190,9.125000,,,,,,,,,,,,,,,
2191,9.129167,,,,,,,,,,,,,,,
2192,9.133333,,,,,,,,,,,,,,,
2193,9.137500,,,,,,,,,,,,,,,
2194,9.141667,,,,,,,,,,,,,,,
2195,9.145833,,,,,,,,,,,,,,,
2196,9.150000,,,,,,,,,,,,,,,
2197,9.154167,,,,,,,,,,,,,,,
2198,9.158333,,,,,,,,,,,,,,,
2199,9.162500,,,,,,,,,,,,,,,
2200,9.166667,,,,,,,,,,,,,,,
2201,9.170833,,,,,,,,,,,,,,,
2202,9.175000,,,,,,,,,,,,,,,
2203,9.179167,,,,,,,,,,,,,,,
2204,9.183333,,,,,,,,,,,,,,,
2205,9.187500,,,,,,,,,,,,,,,
2206,9.191667,,,,,,,,,,,,,,,
2207,9.195833,,,,,,,,,,,,,,,
2208,9.200000,,,,,,,,,,,,,,,
2209,9.204167,,,,,,,,,,,,,,,
2210,9.208333,,,,,,,,,,,,,,,
2211,9.212500,,,,,,,,,,,,,,,
2212,9.216667,,,,,,,,,,,,,,,
2213,9.220833,,,,,,,,,,,,,,,
2214,9.225000,,,,,,,,,,,,,,,
2215,9.229167,,,,,,,,,,,,,,,
2216,9.233333,,,,,,,,,,,,,,,
2217,9.237500,,,,,,,,,,,,,,,
2218,9.241667,,,,,,,,,,,,,,,
2219,9.245833,,,,,,,,,,,,,,,
2220,9.250000,,,,,,,,,,,,,,,
2221,9.254167,,,,,,,,,,,,,,,
2222,9.258333,,,,,,,,,,,,,,,
2223,9.262500,,,,,,,,,,,,,,,
2224,9.266667,,,,,,,,,,,,,,,
2225,9.270833,,,,,,,,,,,,,,,
2226,9.275000,,,,,,,,,,,,,,,
2227,9.279167,,,,,,,,,,,,,,,
2228,9.283333,,,,,,,,,,,,,,,
2229,9.287500,,,,,,,,,,,,,,,
2230,9.291667,,,,,,,,,,,,,,,
2231,9.295833,,,,,,,,,,,,,,,
2232,9.300000,,,,,,,,,,,,,,,
2233,9.304167,,,,,,,,,,,,,,,
2234,9.308333,,,,,,,,,,,,,,,
2235,9.312500,,,,,,,,,,,,,,,
2236,9.316667,,,,,,,,,,,,,,,
2237,9.320833,,,,,,,,,,,,,,,
2238,9.325000,,,,,,,,,,,,,,,
2239,9.329167,,,,,,,,,,,,,,,
2240,9.333333,,,,,,,,,,,,,,,
2241,9.337500,,,,,,,,,,,,,,,
2242,9.341667,,,,,,,,,,,,,,,
2243,9.345833,,,,,,,,,,,,,,,
2244,9.350000,,,,,,,,,,,,,,,
2245,9.354167,,,,,,,,,,,,,,,
2246,9.358333,,,,,,,,,,,,,,,
2247,9.362500,,,,,,,,,,,,,,,
2248,9.366667,,,,,,,,,,,,,,,
2249,9.370833,,,,,,,,,,,,,,,
2250,9.375000,,,,,,,,,,,,,,,
2251,9.379167,,,,,,,,,,,,,,,
2252,9.383333,,,,,,,,,,,,,,,
2253,9.387500,,,,,,,,,,,,,,,
2254,9.391667,,,,,,,,,,,,,,,
2255,9.395833,,,,,,,,,,,,,,,
2256,9.400000,,,,,,,,,,,,,,,
2257,9.404167,,,,,,,,,,,,,,,
2258,9.408333,,,,,,,,,,,,,,,
2259,9.412500,,,,,,,,,,,,,,,
2260,9.416667,,,,,,,,,,,,,,,
2261,9.420833,,,,,,,,,,,,,,,
2262,9.425000,,,,,,,,,,,,,,,
2263,9.429167,,,,,,,,,,,,,,,
2264,9.433333,,,,,,,,,,,,,,,
2265,9.437500,,,,,,,,,,,,,,,
2266,9.441667,,,,,,,,,,,,,,,
2267,9.445833,,,,,,,,,,,,,,,
2268,9.450000,,,,,,,,,,,,,,,
2269,9.454167,,,,,,,,,,,,,,,
2270,9.458333,,,,,,,,,,,,,,,
2271,9.462500,,,,,,,,,,,,,,,
2272,9.466667,,,,,,,,,,,,,,,
2273,9.470833,,,,,,,,,,,,,,,
2274,9.475000,,,,,,,,,,,,,,,
2275,9.479167,,,,,,,,,,,,,,,
2276,9.483333,,,,,,,,,,,,,,,
2277,9.487500,,,,,,,,,,,,,,,
2278,9.491667,,,,,,,,,,,,,,,
2279,9.495833,,,,,,,,,,,,,,,
2280,9.500000,,,,,,,,,,,,,,,
2281,9.504167,,,,,,,,,,,,,,,
2282,9.508333,,,,,,,,,,,,,,,
2283,9.512500,,,,,,,,,,,,,,,
2284,9.516667,,,,,,,,,,,,,,,
2285,9.520833,,,,,,,,,,,,,,,
2286,9.525000,,,,,,,,,,,,,,,
2287,9.529167,,,,,,,,,,,,,,,
2288,9.533333,,,,,,,,,,,,,,,
2289,9.537500,,,,,,,,,,,,,,,
2290,9.541667,,,,,,,,,,,,,,,
2291,9.545833,,,,,,,,,,,,,,,
2292,9.550000,,,,,,,,,,,,,,,
2293,9.554167,,,,,,,,,,,,,,,
2294,9.558333,,,,,,,,,,,,,,,
2295,9.562500,,,,,,,,,,,,,,,
2296,9.566667,,,,,,,,,,,,,,,
2297,9.570833,,,,,,,,,,,,,,,
2298,9.575000,,,,,,,,,,,,,,,
2299,9.579167,,,,,,,,,,,,,,,
2300,9.583333,,,,,,,,,,,,,,,
2301,9.587500,,,,,,,,,,,,,,,
2302,9.591667,,,,,,,,,,,,,,,
2303,9.595833,,,,,,,,,,,,,,,
2304,9.600000,,,,,,,,,,,,,,,
2305,9.604167,,,,,,,,,,,,,,,
2306,9.608333,,,,,,,,,,,,,,,
2307,9.612500,,,,,,,,,,,,,,,
2308,9.616667,,,,,,,,,,,,,,,
2309,9.620833,,,,,,,,,,,,,,,
2310,9.625000,,,,,,,,,,,,,,,
2311,9.629167,,,,,,,,,,,,,,,
2312,9.633333,,,,,,,,,,,,,,,
2313,9.637500,,,,,,,,,,,,,,,
2314,9.641667,,,,,,,,,,,,,,,
2315,9.645833,,,,,,,,,,,,,,,
2316,9.650000,,,,,,,,,,,,,,,
2317,9.654167,,,,,,,,,,,,,,,
2318,9.658333,,,,,,,,,,,,,,,
2319,9.662500,,,,,,,,,,,,,,,
2320,9.666667,,,,,,,,,,,,,,,
2321,9.670833,,,,,,,,,,,,,,,
2322,9.675000,,,,,,,,,,,,,,,
2323,9.679167,,,,,,,,,,,,,,,
2324,9.683333,,,,,,,,,,,,,,,
2325,9.687500,,,,,,,,,,,,,,,
2326,9.691667,,,,,,,,,,,,,,,
2327,9.695833,,,,,,,,,,,,,,,
2328,9.700000,,,,,,,,,,,,,,,
2329,9.704167,,,,,,,,,,,,,,,
2330,9.708333,,,,,,,,,,,,,,,
2331,9.712500,,,,,,,,,,,,,,,
2332,9.716667,,,,,,,,,,,,,,,
2333,9.720833,,,,,,,,,,,,,,,
2334,9.725000,,,,,,,,,,,,,,,
2335,9.729167,,,,,,,,,,,,,,,
2336,9.733333,,,,,,,,,,,,,,,
2337,9.737500,,,,,,,,,,,,,,,
2338,9.741667,,,,,,,,,,,,,,,
2339,9.745833,,,,,,,,,,,,,,,
2340,9.750000,,,,,,,,,,,,,,,
2341,9.754167,,,,,,,,,,,,,,,
2342,9.758333,,,,,,,,,,,,,,,
2343,9.762500,,,,,,,,,,,,,,,
2344,9.766667,,,,,,,,,,,,,,,
2345,9.770833,,,,,,,,,,,,,,,
2346,9.775000,,,,,,,,,,,,,,,
2347,9.779167,,,,,,,,,,,,,,,
2348,9.783333,,,,,,,,,,,,,,,
2349,9.787500,,,,,,,,,,,,,,,
2350,9.791667,,,,,,,,,,,,,,,
2351,9.795833,,,,,,,,,,,,,,,
2352,9.800000,,,,,,,,,,,,,,,
2353,9.804167,,,,,,,,,,,,,,,
2354,9.808333,,,,,,,,,,,,,,,
2355,9.812500,,,,,,,,,,,,,,,
2356,9.816667,,,,,,,,,,,,,,,
2357,9.820833,,,,,,,,,,,,,,,
2358,9.825000,,,,,,,,,,,,,,,
2359,9.829167,,,,,,,,,,,,,,,
2360,9.833333,,,,,,,,,,,,,,,
2361,9.837500,,,,,,,,,,,,,,,
2362,9.841667,,,,,,,,,,,,,,,
2363,9.845833,,,,,,,,,,,,,,,
2364,9.850000,,,,,,,,,,,,,,,
2365,9.854167,,,,,,,,,,,,,,,
2366,9.858333,,,,,,,,,,,,,,,
2367,9.862500,,,,,,,,,,,,,,,
2368,9.866667,,,,,,,,,,,,,,,
2369,9.870833,,,,,,,,,,,,,,,
2370,9.875000,,,,,,,,,,,,,,,
2371,9.879167,,,,,,,,,,,,,,,
2372,9.883333,,,,,,,,,,,,,,,
2373,9.887500,,,,,,,,,,,,,,,
2374,9.891667,,,,,,,,,,,,,,,
2375,9.895833,,,,,,,,,,,,,,,
2376,9.900000,,,,,,,,,,,,,,,
2377,9.904167,,,,,,,,,,,,,,,
2378,9.908333,,,,,,,,,,,,,,,
2379,9.912500,,,,,,,,,,,,,,,
2380,9.916667,,,,,,,,,,,,,,,
2381,9.920833,,,,,,,,,,,,,,,
2382,9.925000,,,,,,,,,,,,,,,
2383,9.929167,,,,,,,,,,,,,,,
2384,9.933333,,,,,,,,,,,,,,,
2385,9.937500,,,,,,,,,,,,,,,
2386,9.941667,,,,,,,,,,,,,,,
2387,9.945833,,,,,,,,,,,,,,,
2388,9.950000,,,,,,,,,,,,,,,
2389,9.954167,,,,,,,,,,,,,,,
2390,9.958333,,,,,,,,,,,,,,,
2391,9.962500,,,,,,,,,,,,,,,
2392,9.966667,,,,,,,,,,,,,,,
2393,9.970833,,,,,,,,,,,,,,,
2394,9.975000,,,,,,,,,,,,,,,
2395,9.979167,,,,,,,,,,,,,,,
2396,9.983333,,,,,,,,,,,,,,,
2397,9.987500,,,,,,,,,,,,,,,
2398,9.991667,,,,,,,,,,,,,,,
2399,9.995833,,,,,,,,,,,,,,,
2400,10.000000,,,,,,,,,,,,,,,
2401,10.004167,,,,,,,,,,,,,,,
2402,10.008333,,,,,,,,,,,,,,,
2403,10.012500,,,,,,,,,,,,,,,
2404,10.016667,,,,,,,,,,,,,,,
2405,10.020833,,,,,,,,,,,,,,,
2406,10.025000,,,,,,,,,,,,,,,
2407,10.029167,,,,,,,,,,,,,,,
2408,10.033333,,,,,,,,,,,,,,,
2409,10.037500,,,,,,,,,,,,,,,
2410,10.041667,,,,,,,,,,,,,,,
2411,10.045833,,,,,,,,,,,,,,,
2412,10.050000,,,,,,,,,,,,,,,
2413,10.054167,,,,,,,,,,,,,,,
2414,10.058333,,,,,,,,,,,,,,,
2415,10.062500,,,,,,,,,,,,,,,
2416,10.066667,,,,,,,,,,,,,,,
2417,10.070833,,,,,,,,,,,,,,,
2418,10.075000,,,,,,,,,,,,,,,
2419,10.079167,,,,,,,,,,,,,,,
2420,10.083333,,,,,,,,,,,,,,,
2421,10.087500,,,,,,,,,,,,,,,
2422,10.091667,,,,,,,,,,,,,,,
2423,10.095833,,,,,,,,,,,,,,,
2424,10.100000,,,,,,,,,,,,,,,
2425,10.104167,,,,,,,,,,,,,,,
2426,10.108333,,,,,,,,,,,,,,,
2427,10.112500,,,,,,,,,,,,,,,
2428,10.116667,,,,,,,,,,,,,,,
2429,10.120833,,,,,,,,,,,,,,,
2430,10.125000,,,,,,,,,,,,,,,
2431,10.129167,,,,,,,,,,,,,,,
2432,10.133333,,,,,,,,,,,,,,,
2433,10.137500,,,,,,,,,,,,,,,
2434,10.141667,,,,,,,,,,,,,,,
2435,10.145833,,,,,,,,,,,,,,,
2436,10.150000,,,,,,,,,,,,,,,
2437,10.154167,,,,,,,,,,,,,,,
2438,10.158333,,,,,,,,,,,,,,,
2439,10.162500,,,,,,,,,,,,,,,
2440,10.166667,,,,,,,,,,,,,,,
2441,10.170833,,,,,,,,,,,,,,,
2442,10.175000,,,,,,,,,,,,,,,
2443,10.179167,,,,,,,,,,,,,,,
2444,10.183333,,,,,,,,,,,,,,,
2445,10.187500,,,,,,,,,,,,,,,
2446,10.191667,,,,,,,,,,,,,,,
2447,10.195833,,,,,,,,,,,,,,,
2448,10.200000,,,,,,,,,,,,,,,
2449,10.204167,,,,,,,,,,,,,,,
2450,10.208333,,,,,,,,,,,,,,,
2451,10.212500,,,,,,,,,,,,,,,
2452,10.216667,,,,,,,,,,,,,,,
2453,10.220833,,,,,,,,,,,,,,,
2454,10.225000,,,,,,,,,,,,,,,
2455,10.229167,,,,,,,,,,,,,,,
2456,10.233333,,,,,,,,,,,,,,,
2457,10.237500,,,,,,,,,,,,,,,
2458,10.241667,,,,,,,,,,,,,,,
2459,10.245833,,,,,,,,,,,,,,,
2460,10.250000,,,,,,,,,,,,,,,
2461,10.254167,,,,,,,,,,,,,,,
2462,10.258333,,,,,,,,,,,,,,,
2463,10.262500,,,,,,,,,,,,,,,
2464,10.266667,,,,,,,,,,,,,,,
2465,10.270833,,,,,,,,,,,,,,,
2466,10.275000,,,,,,,,,,,,,,,
2467,10.279167,,,,,,,,,,,,,,,
2468,10.283333,,,,,,,,,,,,,,,
2469,10.287500,,,,,,,,,,,,,,,
2470,10.291667,,,,,,,,,,,,,,,
2471,10.295833,,,,,,,,,,,,,,,
2472,10.300000,,,,,,,,,,,,,,,
2473,10.304167,,,,,,,,,,,,,,,
2474,10.308333,,,,,,,,,,,,,,,
2475,10.312500,,,,,,,,,,,,,,,
2476,10.316667,,,,,,,,,,,,,,,
2477,10.320833,,,,,,,,,,,,,,,
2478,10.325000,,,,,,,,,,,,,,,
2479,10.329167,,,,,,,,,,,,,,,
2480,10.333333,,,,,,,,,,,,,,,
2481,10.337500,,,,,,,,,,,,,,,
2482,10.341667,,,,,,,,,,,,,,,
2483,10.345833,,,,,,,,,,,,,,,
2484,10.350000,,,,,,,,,,,,,,,
2485,10.354167,,,,,,,,,,,,,,,
2486,10.358333,,,,,,,,,,,,,,,
2487,10.362500,,,,,,,,,,,,,,,
2488,10.366667,,,,,,,,,,,,,,,
2489,10.370833,,,,,,,,,,,,,,,
2490,10.375000,,,,,,,,,,,,,,,
2491,10.379167,,,,,,,,,,,,,,,
2492,10.383333,,,,,,,,,,,,,,,
2493,10.387500,,,,,,,,,,,,,,,
2494,10.391667,,,,,,,,,,,,,,,
2495,10.395833,,,,,,,,,,,,,,,
2496,10.400000,,,,,,,,,,,,,,,
2497,10.404167,,,,,,,,,,,,,,,
2498,10.408333,,,,,,,,,,,,,,,
2499,10.412500,,,,,,,,,,,,,,,
2500,10.416667,,,,,,,,,,,,,,,
2501,10.420833,,,,,,,,,,,,,,,
2502,10.425000,,,,,,,,,,,,,,,
2503,10.429167,,,,,,,,,,,,,,,
2504,10.433333,,,,,,,,,,,,,,,
2505,10.437500,,,,,,,,,,,,,,,
2506,10.441667,,,,,,,,,,,,,,,
2507,10.445833,,,,,,,,,,,,,,,
2508,10.450000,,,,,,,,,,,,,,,
2509,10.454167,,,,,,,,,,,,,,,
2510,10.458333,,,,,,,,,,,,,,,
2511,10.462500,,,,,,,,,,,,,,,
2512,10.466667,,,,,,,,,,,,,,,
2513,10.470833,,,,,,,,,,,,,,,
2514,10.475000,,,,,,,,,,,,,,,
2515,10.479167,,,,,,,,,,,,,,,
2516,10.483333,,,,,,,,,,,,,,,
2517,10.487500,,,,,,,,,,,,,,,
2518,10.491667,,,,,,,,,,,,,,,
2519,10.495833,,,,,,,,,,,,,,,
2520,10.500000,,,,,,,,,,,,,,,
2521,10.504167,,,,,,,,,,,,,,,
2522,10.508333,,,,,,,,,,,,,,,
2523,10.512500,,,,,,,,,,,,,,,
2524,10.516667,,,,,,,,,,,,,,,
2525,10.520833,,,,,,,,,,,,,,,
2526,10.525000,,,,,,,,,,,,,,,
2527,10.529167,,,,,,,,,,,,,,,
2528,10.533333,,,,,,,,,,,,,,,
2529,10.537500,,,,,,,,,,,,,,,
2530,10.541667,,,,,,,,,,,,,,,
2531,10.545833,,,,,,,,,,,,,,,
2532,10.550000,,,,,,,,,,,,,,,
2533,10.554167,,,,,,,,,,,,,,,
2534,10.558333,,,,,,,,,,,,,,,
2535,10.562500,,,,,,,,,,,,,,,
2536,10.566667,,,,,,,,,,,,,,,
2537,10.570833,,,,,,,,,,,,,,,
2538,10.575000,,,,,,,,,,,,,,,
2539,10.579167,,,,,,,,,,,,,,,
2540,10.583333,,,,,,,,,,,,,,,
2541,10.587500,,,,,,,,,,,,,,,
2542,10.591667,,,,,,,,,,,,,,,
2543,10.595833,,,,,,,,,,,,,,,
2544,10.600000,,,,,,,,,,,,,,,
2545,10.604167,,,,,,,,,,,,,,,
2546,10.608333,,,,,,,,,,,,,,,
2547,10.612500,,,,,,,,,,,,,,,
2548,10.616667,,,,,,,,,,,,,,,
2549,10.620833,,,,,,,,,,,,,,,
2550,10.625000,,,,,,,,,,,,,,,
2551,10.629167,,,,,,,,,,,,,,,
2552,10.633333,,,,,,,,,,,,,,,
2553,10.637500,,,,,,,,,,,,,,,
2554,10.641667,,,,,,,,,,,,,,,
2555,10.645833,,,,,,,,,,,,,,,
2556,10.650000,,,,,,,,,,,,,,,
2557,10.654167,,,,,,,,,,,,,,,
2558,10.658333,,,,,,,,,,,,,,,
2559,10.662500,,,,,,,,,,,,,,,
2560,10.666667,,,,,,,,,,,,,,,
2561,10.670833,,,,,,,,,,,,,,,
2562,10.675000,,,,,,,,,,,,,,,
2563,10.679167,,,,,,,,,,,,,,,
2564,10.683333,,,,,,,,,,,,,,,
2565,10.687500,,,,,,,,,,,,,,,
2566,10.691667,,,,,,,,,,,,,,,
2567,10.695833,,,,,,,,,,,,,,,
2568,10.700000,,,,,,,,,,,,,,,
2569,10.704167,,,,,,,,,,,,,,,
2570,10.708333,,,,,,,,,,,,,,,
2571,10.712500,,,,,,,,,,,,,,,
2572,10.716667,,,,,,,,,,,,,,,
2573,10.720833,,,,,,,,,,,,,,,
2574,10.725000,,,,,,,,,,,,,,,
2575,10.729167,,,,,,,,,,,,,,,
2576,10.733333,,,,,,,,,,,,,,,
2577,10.737500,,,,,,,,,,,,,,,
2578,10.741667,,,,,,,,,,,,,,,
2579,10.745833,,,,,,,,,,,,,,,
2580,10.750000,,,,,,,,,,,,,,,
2581,10.754167,,,,,,,,,,,,,,,
2582,10.758333,,,,,,,,,,,,,,,
2583,10.762500,,,,,,,,,,,,,,,
2584,10.766667,,,,,,,,,,,,,,,
2585,10.770833,,,,,,,,,,,,,,,
2586,10.775000,,,,,,,,,,,,,,,
2587,10.779167,,,,,,,,,,,,,,,
2588,10.783333,,,,,,,,,,,,,,,
2589,10.787500,,,,,,,,,,,,,,,
2590,10.791667,,,,,,,,,,,,,,,
2591,10.795833,,,,,,,,,,,,,,,
2592,10.800000,,,,,,,,,,,,,,,
2593,10.804167,,,,,,,,,,,,,,,
2594,10.808333,,,,,,,,,,,,,,,
2595,10.812500,,,,,,,,,,,,,,,
2596,10.816667,,,,,,,,,,,,,,,
2597,10.820833,,,,,,,,,,,,,,,
2598,10.825000,,,,,,,,,,,,,,,
2599,10.829167,,,,,,,,,,,,,,,
2600,10.833333,,,,,,,,,,,,,,,
2601,10.837500,,,,,,,,,,,,,,,
2602,10.841667,,,,,,,,,,,,,,,
2603,10.845833,,,,,,,,,,,,,,,
2604,10.850000,,,,,,,,,,,,,,,
2605,10.854167,,,,,,,,,,,,,,,
2606,10.858333,,,,,,,,,,,,,,,
2607,10.862500,,,,,,,,,,,,,,,
2608,10.866667,,,,,,,,,,,,,,,
2609,10.870833,,,,,,,,,,,,,,,
2610,10.875000,,,,,,,,,,,,,,,
2611,10.879167,,,,,,,,,,,,,,,
2612,10.883333,,,,,,,,,,,,,,,
2613,10.887500,,,,,,,,,,,,,,,
2614,10.891667,,,,,,,,,,,,,,,
2615,10.895833,,,,,,,,,,,,,,,
2616,10.900000,,,,,,,,,,,,,,,
2617,10.904167,,,,,,,,,,,,,,,
2618,10.908333,,,,,,,,,,,,,,,
2619,10.912500,,,,,,,,,,,,,,,
2620,10.916667,,,,,,,,,,,,,,,
2621,10.920833,,,,,,,,,,,,,,,
2622,10.925000,,,,,,,,,,,,,,,
2623,10.929167,,,,,,,,,,,,,,,
2624,10.933333,,,,,,,,,,,,,,,
2625,10.937500,,,,,,,,,,,,,,,
2626,10.941667,,,,,,,,,,,,,,,
2627,10.945833,,,,,,,,,,,,,,,
2628,10.950000,,,,,,,,,,,,,,,
2629,10.954167,,,,,,,,,,,,,,,
2630,10.958333,,,,,,,,,,,,,,,
2631,10.962500,,,,,,,,,,,,,,,
2632,10.966667,,,,,,,,,,,,,,,
2633,10.970833,,,,,,,,,,,,,,,
2634,10.975000,,,,,,,,,,,,,,,
2635,10.979167,,,,,,,,,,,,,,,
2636,10.983333,,,,,,,,,,,,,,,
2637,10.987500,,,,,,,,,,,,,,,
2638,10.991667,,,,,,,,,,,,,,,
2639,10.995833,,,,,,,,,,,,,,,
2640,11.000000,,,,,,,,,,,,,,,
2641,11.004167,,,,,,,,,,,,,,,
2642,11.008333,,,,,,,,,,,,,,,
2643,11.012500,,,,,,,,,,,,,,,
2644,11.016667,,,,,,,,,,,,,,,
2645,11.020833,,,,,,,,,,,,,,,
2646,11.025000,,,,,,,,,,,,,,,
2647,11.029167,,,,,,,,,,,,,,,
2648,11.033333,,,,,,,,,,,,,,,
2649,11.037500,,,,,,,,,,,,,,,
2650,11.041667,,,,,,,,,,,,,,,
2651,11.045833,,,,,,,,,,,,,,,
2652,11.050000,,,,,,,,,,,,,,,
2653,11.054167,,,,,,,,,,,,,,,
2654,11.058333,,,,,,,,,,,,,,,
2655,11.062500,,,,,,,,,,,,,,,
2656,11.066667,,,,,,,,,,,,,,,
2657,11.070833,,,,,,,,,,,,,,,
2658,11.075000,,,,,,,,,,,,,,,
2659,11.079167,,,,,,,,,,,,,,,
2660,11.083333,,,,,,,,,,,,,,,
2661,11.087500,,,,,,,,,,,,,,,
2662,11.091667,,,,,,,,,,,,,,,
2663,11.095833,,,,,,,,,,,,,,,
2664,11.100000,,,,,,,,,,,,,,,
2665,11.104167,,,,,,,,,,,,,,,
2666,11.108333,,,,,,,,,,,,,,,
2667,11.112500,,,,,,,,,,,,,,,
2668,11.116667,,,,,,,,,,,,,,,
2669,11.120833,,,,,,,,,,,,,,,
2670,11.125000,,,,,,,,,,,,,,,
2671,11.129167,,,,,,,,,,,,,,,
2672,11.133333,,,,,,,,,,,,,,,
2673,11.137500,,,,,,,,,,,,,,,
2674,11.141667,,,,,,,,,,,,,,,
2675,11.145833,,,,,,,,,,,,,,,
2676,11.150000,,,,,,,,,,,,,,,
2677,11.154167,,,,,,,,,,,,,,,
2678,11.158333,,,,,,,,,,,,,,,
2679,11.162500,,,,,,,,,,,,,,,
2680,11.166667,,,,,,,,,,,,,,,
2681,11.170833,,,,,,,,,,,,,,,
2682,11.175000,,,,,,,,,,,,,,,
2683,11.179167,,,,,,,,,,,,,,,
2684,11.183333,,,,,,,,,,,,,,,
2685,11.187500,,,,,,,,,,,,,,,
2686,11.191667,,,,,,,,,,,,,,,
2687,11.195833,,,,,,,,,,,,,,,
2688,11.200000,,,,,,,,,,,,,,,
2689,11.204167,,,,,,,,,,,,,,,
2690,11.208333,,,,,,,,,,,,,,,
2691,11.212500,,,,,,,,,,,,,,,
2692,11.216667,,,,,,,,,,,,,,,
2693,11.220833,,,,,,,,,,,,,,,
2694,11.225000,,,,,,,,,,,,,,,
2695,11.229167,,,,,,,,,,,,,,,
2696,11.233333,,,,,,,,,,,,,,,
2697,11.237500,,,,,,,,,,,,,,,
2698,11.241667,,,,,,,,,,,,,,,
2699,11.245833,,,,,,,,,,,,,,,
2700,11.250000,,,,,,,,,,,,,,,
2701,11.254167,,,,,,,,,,,,,,,
2702,11.258333,,,,,,,,,,,,,,,
2703,11.262500,,,,,,,,,,,,,,,
2704,11.266667,,,,,,,,,,,,,,,
2705,11.270833,,,,,,,,,,,,,,,
2706,11.275000,,,,,,,,,,,,,,,
2707,11.279167,,,,,,,,,,,,,,,
2708,11.283333,,,,,,,,,,,,,,,
2709,11.287500,,,,,,,,,,,,,,,
2710,11.291667,,,,,,,,,,,,,,,
2711,11.295833,,,,,,,,,,,,,,,
2712,11.300000,,,,,,,,,,,,,,,
2713,11.304167,,,,,,,,,,,,,,,
2714,11.308333,,,,,,,,,,,,,,,
2715,11.312500,,,,,,,,,,,,,,,
2716,11.316667,,,,,,,,,,,,,,,
2717,11.320833,,,,,,,,,,,,,,,
2718,11.325000,,,,,,,,,,,,,,,
2719,11.329167,,,,,,,,,,,,,,,
2720,11.333333,,,,,,,,,,,,,,,
2721,11.337500,,,,,,,,,,,,,,,
2722,11.341667,,,,,,,,,,,,,,,
2723,11.345833,,,,,,,,,,,,,,,
2724,11.350000,,,,,,,,,,,,,,,
2725,11.354167,,,,,,,,,,,,,,,
2726,11.358333,,,,,,,,,,,,,,,
2727,11.362500,,,,,,,,,,,,,,,
2728,11.366667,,,,,,,,,,,,,,,
2729,11.370833,,,,,,,,,,,,,,,
2730,11.375000,,,,,,,,,,,,,,,
2731,11.379167,,,,,,,,,,,,,,,
2732,11.383333,,,,,,,,,,,,,,,
2733,11.387500,,,,,,,,,,,,,,,
2734,11.391667,,,,,,,,,,,,,,,
2735,11.395833,,,,,,,,,,,,,,,
2736,11.400000,,,,,,,,,,,,,,,
2737,11.404167,,,,,,,,,,,,,,,
2738,11.408333,,,,,,,,,,,,,,,
2739,11.412500,,,,,,,,,,,,,,,
2740,11.416667,,,,,,,,,,,,,,,
2741,11.420833,,,,,,,,,,,,,,,
2742,11.425000,,,,,,,,,,,,,,,
2743,11.429167,,,,,,,,,,,,,,,
2744,11.433333,,,,,,,,,,,,,,,
2745,11.437500,,,,,,,,,,,,,,,
2746,11.441667,,,,,,,,,,,,,,,
2747,11.445833,,,,,,,,,,,,,,,
2748,11.450000,,,,,,,,,,,,,,,
2749,11.454167,,,,,,,,,,,,,,,
2750,11.458333,,,,,,,,,,,,,,,
2751,11.462500,,,,,,,,,,,,,,,
2752,11.466667,,,,,,,,,,,,,,,
2753,11.470833,,,,,,,,,,,,,,,
2754,11.475000,,,,,,,,,,,,,,,
2755,11.479167,,,,,,,,,,,,,,,
2756,11.483333,,,,,,,,,,,,,,,
2757,11.487500,,,,,,,,,,,,,,,
2758,11.491667,,,,,,,,,,,,,,,
2759,11.495833,,,,,,,,,,,,,,,
2760,11.500000,,,,,,,,,,,,,,,
2761,11.504167,,,,,,,,,,,,,,,
2762,11.508333,,,,,,,,,,,,,,,
2763,11.512500,,,,,,,,,,,,,,,
2764,11.516667,,,,,,,,,,,,,,,
2765,11.520833,,,,,,,,,,,,,,,
2766,11.525000,,,,,,,,,,,,,,,
2767,11.529167,,,,,,,,,,,,,,,
2768,11.533333,,,,,,,,,,,,,,,
2769,11.537500,,,,,,,,,,,,,,,
2770,11.541667,,,,,,,,,,,,,,,
2771,11.545833,,,,,,,,,,,,,,,
2772,11.550000,,,,,,,,,,,,,,,
2773,11.554167,,,,,,,,,,,,,,,
2774,11.558333,,,,,,,,,,,,,,,
2775,11.562500,,,,,,,,,,,,,,,
2776,11.566667,,,,,,,,,,,,,,,
2777,11.570833,,,,,,,,,,,,,,,
2778,11.575000,,,,,,,,,,,,,,,
2779,11.579167,,,,,,,,,,,,,,,
2780,11.583333,,,,,,,,,,,,,,,
2781,11.587500,,,,,,,,,,,,,,,
2782,11.591667,,,,,,,,,,,,,,,
2783,11.595833,,,,,,,,,,,,,,,
2784,11.600000,,,,,,,,,,,,,,,
2785,11.604167,,,,,,,,,,,,,,,
2786,11.608333,,,,,,,,,,,,,,,
2787,11.612500,,,,,,,,,,,,,,,
2788,11.616667,,,,,,,,,,,,,,,
2789,11.620833,,,,,,,,,,,,,,,
2790,11.625000,,,,,,,,,,,,,,,
2791,11.629167,,,,,,,,,,,,,,,
2792,11.633333,,,,,,,,,,,,,,,
2793,11.637500,,,,,,,,,,,,,,,
2794,11.641667,,,,,,,,,,,,,,,
2795,11.645833,,,,,,,,,,,,,,,
2796,11.650000,,,,,,,,,,,,,,,
2797,11.654167,,,,,,,,,,,,,,,
2798,11.658333,,,,,,,,,,,,,,,
2799,11.662500,,,,,,,,,,,,,,,
2800,11.666667,,,,,,,,,,,,,,,
2801,11.670833,,,,,,,,,,,,,,,
2802,11.675000,,,,,,,,,,,,,,,
2803,11.679167,,,,,,,,,,,,,,,
2804,11.683333,,,,,,,,,,,,,,,
2805,11.687500,,,,,,,,,,,,,,,
2806,11.691667,,,,,,,,,,,,,,,
2807,11.695833,,,,,,,,,,,,,,,
2808,11.700000,,,,,,,,,,,,,,,
2809,11.704167,,,,,,,,,,,,,,,
2810,11.708333,,,,,,,,,,,,,,,
2811,11.712500,,,,,,,,,,,,,,,
2812,11.716667,,,,,,,,,,,,,,,
2813,11.720833,,,,,,,,,,,,,,,
2814,11.725000,,,,,,,,,,,,,,,
2815,11.729167,,,,,,,,,,,,,,,
2816,11.733333,,,,,,,,,,,,,,,
2817,11.737500,,,,,,,,,,,,,,,
2818,11.741667,,,,,,,,,,,,,,,
2819,11.745833,,,,,,,,,,,,,,,
2820,11.750000,,,,,,,,,,,,,,,
2821,11.754167,,,,,,,,,,,,,,,
2822,11.758333,,,,,,,,,,,,,,,
2823,11.762500,,,,,,,,,,,,,,,
2824,11.766667,,,,,,,,,,,,,,,
2825,11.770833,,,,,,,,,,,,,,,
2826,11.775000,,,,,,,,,,,,,,,
2827,11.779167,,,,,,,,,,,,,,,
2828,11.783333,,,,,,,,,,,,,,,
2829,11.787500,,,,,,,,,,,,,,,
2830,11.791667,,,,,,,,,,,,,,,
2831,11.795833,,,,,,,,,,,,,,,
2832,11.800000,,,,,,,,,,,,,,,
2833,11.804167,,,,,,,,,,,,,,,
2834,11.808333,,,,,,,,,,,,,,,
2835,11.812500,,,,,,,,,,,,,,,
2836,11.816667,,,,,,,,,,,,,,,
2837,11.820833,,,,,,,,,,,,,,,
2838,11.825000,,,,,,,,,,,,,,,
2839,11.829167,,,,,,,,,,,,,,,
2840,11.833333,,,,,,,,,,,,,,,
2841,11.837500,,,,,,,,,,,,,,,
2842,11.841667,,,,,,,,,,,,,,,
2843,11.845833,,,,,,,,,,,,,,,
2844,11.850000,,,,,,,,,,,,,,,
2845,11.854167,,,,,,,,,,,,,,,
2846,11.858333,,,,,,,,,,,,,,,
2847,11.862500,,,,,,,,,,,,,,,
2848,11.866667,,,,,,,,,,,,,,,
2849,11.870833,,,,,,,,,,,,,,,
2850,11.875000,,,,,,,,,,,,,,,
2851,11.879167,,,,,,,,,,,,,,,
2852,11.883333,,,,,,,,,,,,,,,
2853,11.887500,,,,,,,,,,,,,,,
2854,11.891667,,,,,,,,,,,,,,,
2855,11.895833,,,,,,,,,,,,,,,
2856,11.900000,,,,,,,,,,,,,,,
2857,11.904167,,,,,,,,,,,,,,,
2858,11.908333,,,,,,,,,,,,,,,
2859,11.912500,,,,,,,,,,,,,,,
2860,11.916667,,,,,,,,,,,,,,,
2861,11.920833,,,,,,,,,,,,,,,
2862,11.925000,,,,,,,,,,,,,,,
2863,11.929167,,,,,,,,,,,,,,,
2864,11.933333,,,,,,,,,,,,,,,
2865,11.937500,,,,,,,,,,,,,,,
2866,11.941667,,,,,,,,,,,,,,,
2867,11.945833,,,,,,,,,,,,,,,
2868,11.950000,,,,,,,,,,,,,,,
2869,11.954167,,,,,,,,,,,,,,,
2870,11.958333,,,,,,,,,,,,,,,
2871,11.962500,,,,,,,,,,,,,,,
2872,11.966667,,,,,,,,,,,,,,,
2873,11.970833,,,,,,,,,,,,,,,
2874,11.975000,,,,,,,,,,,,,,,
2875,11.979167,,,,,,,,,,,,,,,
2876,11.983333,,,,,,,,,,,,,,,
2877,11.987500,,,,,,,,,,,,,,,
2878,11.991667,,,,,,,,,,,,,,,
2879,11.995833,,,,,,,,,,,,,,,
2880,12.000000,,,,,,,,,,,,,,,
2881,12.004167,,,,,,,,,,,,,,,
2882,12.008333,,,,,,,,,,,,,,,
2883,12.012500,,,,,,,,,,,,,,,
2884,12.016667,,,,,,,,,,,,,,,
2885,12.020833,,,,,,,,,,,,,,,
2886,12.025000,,,,,,,,,,,,,,,
2887,12.029167,,,,,,,,,,,,,,,
2888,12.033333,,,,,,,,,,,,,,,
2889,12.037500,,,,,,,,,,,,,,,
2890,12.041667,,,,,,,,,,,,,,,
2891,12.045833,,,,,,,,,,,,,,,
2892,12.050000,,,,,,,,,,,,,,,
2893,12.054167,,,,,,,,,,,,,,,
2894,12.058333,,,,,,,,,,,,,,,
2895,12.062500,,,,,,,,,,,,,,,
2896,12.066667,,,,,,,,,,,,,,,
2897,12.070833,,,,,,,,,,,,,,,
2898,12.075000,,,,,,,,,,,,,,,
2899,12.079167,,,,,,,,,,,,,,,
2900,12.083333,,,,,,,,,,,,,,,
2901,12.087500,,,,,,,,,,,,,,,
2902,12.091667,,,,,,,,,,,,,,,
2903,12.095833,,,,,,,,,,,,,,,
2904,12.100000,,,,,,,,,,,,,,,
2905,12.104167,,,,,,,,,,,,,,,
2906,12.108333,,,,,,,,,,,,,,,
2907,12.112500,,,,,,,,,,,,,,,
2908,12.116667,,,,,,,,,,,,,,,
2909,12.120833,,,,,,,,,,,,,,,
2910,12.125000,,,,,,,,,,,,,,,
2911,12.129167,,,,,,,,,,,,,,,
2912,12.133333,,,,,,,,,,,,,,,
2913,12.137500,,,,,,,,,,,,,,,
2914,12.141667,,,,,,,,,,,,,,,
2915,12.145833,,,,,,,,,,,,,,,
2916,12.150000,,,,,,,,,,,,,,,
2917,12.154167,,,,,,,,,,,,,,,
2918,12.158333,,,,,,,,,,,,,,,
2919,12.162500,,,,,,,,,,,,,,,
2920,12.166667,,,,,,,,,,,,,,,
2921,12.170833,,,,,,,,,,,,,,,
2922,12.175000,,,,,,,,,,,,,,,
2923,12.179167,,,,,,,,,,,,,,,
2924,12.183333,,,,,,,,,,,,,,,
2925,12.187500,,,,,,,,,,,,,,,
2926,12.191667,,,,,,,,,,,,,,,
2927,12.195833,,,,,,,,,,,,,,,
2928,12.200000,,,,,,,,,,,,,,,
2929,12.204167,,,,,,,,,,,,,,,
2930,12.208333,,,,,,,,,,,,,,,
2931,12.212500,,,,,,,,,,,,,,,
2932,12.216667,,,,,,,,,,,,,,,
2933,12.220833,,,,,,,,,,,,,,,
2934,12.225000,,,,,,,,,,,,,,,
2935,12.229167,,,,,,,,,,,,,,,
2936,12.233333,,,,,,,,,,,,,,,
2937,12.237500,,,,,,,,,,,,,,,
2938,12.241667,,,,,,,,,,,,,,,
2939,12.245833,,,,,,,,,,,,,,,
2940,12.250000,,,,,,,,,,,,,,,
2941,12.254167,,,,,,,,,,,,,,,
2942,12.258333,,,,,,,,,,,,,,,
2943,12.262500,,,,,,,,,,,,,,,
2944,12.266667,,,,,,,,,,,,,,,
2945,12.270833,,,,,,,,,,,,,,,
2946,12.275000,,,,,,,,,,,,,,,
2947,12.279167,,,,,,,,,,,,,,,
2948,12.283333,,,,,,,,,,,,,,,
2949,12.287500,,,,,,,,,,,,,,,
2950,12.291667,,,,,,,,,,,,,,,
2951,12.295833,,,,,,,,,,,,,,,
2952,12.300000,,,,,,,,,,,,,,,
2953,12.304167,,,,,,,,,,,,,,,
2954,12.308333,,,,,,,,,,,,,,,
2955,12.312500,,,,,,,,,,,,,,,
2956,12.316667,,,,,,,,,,,,,,,
2957,12.320833,,,,,,,,,,,,,,,
2958,12.325000,,,,,,,,,,,,,,,
2959,12.329167,,,,,,,,,,,,,,,
2960,12.333333,,,,,,,,,,,,,,,
2961,12.337500,,,,,,,,,,,,,,,
2962,12.341667,,,,,,,,,,,,,,,
2963,12.345833,,,,,,,,,,,,,,,
2964,12.350000,,,,,,,,,,,,,,,
2965,12.354167,,,,,,,,,,,,,,,
2966,12.358333,,,,,,,,,,,,,,,
2967,12.362500,,,,,,,,,,,,,,,
2968,12.366667,,,,,,,,,,,,,,,
2969,12.370833,,,,,,,,,,,,,,,
2970,12.375000,,,,,,,,,,,,,,,
2971,12.379167,,,,,,,,,,,,,,,
2972,12.383333,,,,,,,,,,,,,,,
2973,12.387500,,,,,,,,,,,,,,,
2974,12.391667,,,,,,,,,,,,,,,
2975,12.395833,,,,,,,,,,,,,,,
2976,12.400000,,,,,,,,,,,,,,,
2977,12.404167,,,,,,,,,,,,,,,
2978,12.408333,,,,,,,,,,,,,,,
2979,12.412500,,,,,,,,,,,,,,,
2980,12.416667,,,,,,,,,,,,,,,
2981,12.420833,,,,,,,,,,,,,,,
2982,12.425000,,,,,,,,,,,,,,,
2983,12.429167,,,,,,,,,,,,,,,
2984,12.433333,,,,,,,,,,,,,,,
2985,12.437500,,,,,,,,,,,,,,,
2986,12.441667,,,,,,,,,,,,,,,
2987,12.445833,,,,,,,,,,,,,,,
2988,12.450000,,,,,,,,,,,,,,,
2989,12.454167,,,,,,,,,,,,,,,
2990,12.458333,,,,,,,,,,,,,,,
2991,12.462500,,,,,,,,,,,,,,,
2992,12.466667,,,,,,,,,,,,,,,
2993,12.470833,,,,,,,,,,,,,,,
2994,12.475000,,,,,,,,,,,,,,,
2995,12.479167,,,,,,,,,,,,,,,
2996,12.483333,,,,,,,,,,,,,,,
2997,12.487500,,,,,,,,,,,,,,,
2998,12.491667,,,,,,,,,,,,,,,
2999,12.495833,,,,,,,,,,,,,,,
3000,12.500000,,,,,,,,,,,,,,,
3001,12.504167,,,,,,,,,,,,,,,
3002,12.508333,,,,,,,,,,,,,,,
3003,12.512500,,,,,,,,,,,,,,,
3004,12.516667,,,,,,,,,,,,,,,
3005,12.520833,,,,,,,,,,,,,,,
3006,12.525000,,,,,,,,,,,,,,,
3007,12.529167,,,,,,,,,,,,,,,
3008,12.533333,,,,,,,,,,,,,,,
3009,12.537500,,,,,,,,,,,,,,,
3010,12.541667,,,,,,,,,,,,,,,
3011,12.545833,,,,,,,,,,,,,,,
3012,12.550000,,,,,,,,,,,,,,,
3013,12.554167,,,,,,,,,,,,,,,
3014,12.558333,,,,,,,,,,,,,,,
3015,12.562500,,,,,,,,,,,,,,,
3016,12.566667,,,,,,,,,,,,,,,
3017,12.570833,,,,,,,,,,,,,,,
3018,12.575000,,,,,,,,,,,,,,,
3019,12.579167,,,,,,,,,,,,,,,
3020,12.583333,,,,,,,,,,,,,,,
3021,12.587500,,,,,,,,,,,,,,,
3022,12.591667,,,,,,,,,,,,,,,
3023,12.595833,,,,,,,,,,,,,,,
3024,12.600000,,,,,,,,,,,,,,,
3025,12.604167,,,,,,,,,,,,,,,
3026,12.608333,,,,,,,,,,,,,,,
3027,12.612500,,,,,,,,,,,,,,,
3028,12.616667,,,,,,,,,,,,,,,
3029,12.620833,,,,,,,,,,,,,,,
3030,12.625000,,,,,,,,,,,,,,,
3031,12.629167,,,,,,,,,,,,,,,
3032,12.633333,,,,,,,,,,,,,,,
3033,12.637500,,,,,,,,,,,,,,,
3034,12.641667,,,,,,,,,,,,,,,
3035,12.645833,,,,,,,,,,,,,,,
3036,12.650000,,,,,,,,,,,,,,,
3037,12.654167,,,,,,,,,,,,,,,
3038,12.658333,,,,,,,,,,,,,,,
3039,12.662500,,,,,,,,,,,,,,,
3040,12.666667,,,,,,,,,,,,,,,
3041,12.670833,,,,,,,,,,,,,,,
3042,12.675000,,,,,,,,,,,,,,,
3043,12.679167,,,,,,,,,,,,,,,
3044,12.683333,,,,,,,,,,,,,,,
3045,12.687500,,,,,,,,,,,,,,,
3046,12.691667,,,,,,,,,,,,,,,
3047,12.695833,,,,,,,,,,,,,,,
3048,12.700000,,,,,,,,,,,,,,,
3049,12.704167,,,,,,,,,,,,,,,
3050,12.708333,,,,,,,,,,,,,,,
3051,12.712500,,,,,,,,,,,,,,,
3052,12.716667,,,,,,,,,,,,,,,
3053,12.720833,,,,,,,,,,,,,,,
3054,12.725000,,,,,,,,,,,,,,,
3055,12.729167,,,,,,,,,,,,,,,
3056,12.733333,,,,,,,,,,,,,,,
3057,12.737500,,,,,,,,,,,,,,,
3058,12.741667,,,,,,,,,,,,,,,
3059,12.745833,,,,,,,,,,,,,,,
3060,12.750000,,,,,,,,,,,,,,,
3061,12.754167,,,,,,,,,,,,,,,
3062,12.758333,,,,,,,,,,,,,,,
3063,12.762500,,,,,,,,,,,,,,,
3064,12.766667,,,,,,,,,,,,,,,
3065,12.770833,,,,,,,,,,,,,,,
3066,12.775000,,,,,,,,,,,,,,,
3067,12.779167,,,,,,,,,,,,,,,
3068,12.783333,,,,,,,,,,,,,,,
3069,12.787500,,,,,,,,,,,,,,,
3070,12.791667,,,,,,,,,,,,,,,
3071,12.795833,,,,,,,,,,,,,,,
3072,12.800000,,,,,,,,,,,,,,,
3073,12.804167,,,,,,,,,,,,,,,
3074,12.808333,,,,,,,,,,,,,,,
3075,12.812500,,,,,,,,,,,,,,,
3076,12.816667,,,,,,,,,,,,,,,
3077,12.820833,,,,,,,,,,,,,,,
3078,12.825000,,,,,,,,,,,,,,,
3079,12.829167,,,,,,,,,,,,,,,
3080,12.833333,,,,,,,,,,,,,,,
3081,12.837500,,,,,,,,,,,,,,,
3082,12.841667,,,,,,,,,,,,,,,
3083,12.845833,,,,,,,,,,,,,,,
3084,12.850000,,,,,,,,,,,,,,,
3085,12.854167,,,,,,,,,,,,,,,
3086,12.858333,,,,,,,,,,,,,,,
3087,12.862500,,,,,,,,,,,,,,,
3088,12.866667,,,,,,,,,,,,,,,
3089,12.870833,,,,,,,,,,,,,,,
3090,12.875000,,,,,,,,,,,,,,,
3091,12.879167,,,,,,,,,,,,,,,
3092,12.883333,,,,,,,,,,,,,,,
3093,12.887500,,,,,,,,,,,,,,,
3094,12.891667,,,,,,,,,,,,,,,
3095,12.895833,,,,,,,,,,,,,,,
3096,12.900000,,,,,,,,,,,,,,,
3097,12.904167,,,,,,,,,,,,,,,
3098,12.908333,,,,,,,,,,,,,,,
3099,12.912500,,,,,,,,,,,,,,,
3100,12.916667,,,,,,,,,,,,,,,
3101,12.920833,,,,,,,,,,,,,,,
3102,12.925000,,,,,,,,,,,,,,,
3103,12.929167,,,,,,,,,,,,,,,
3104,12.933333,,,,,,,,,,,,,,,
3105,12.937500,,,,,,,,,,,,,,,
3106,12.941667,,,,,,,,,,,,,,,
3107,12.945833,,,,,,,,,,,,,,,
3108,12.950000,,,,,,,,,,,,,,,
3109,12.954167,,,,,,,,,,,,,,,
3110,12.958333,,,,,,,,,,,,,,,
3111,12.962500,,,,,,,,,,,,,,,
3112,12.966667,,,,,,,,,,,,,,,
3113,12.970833,,,,,,,,,,,,,,,
3114,12.975000,,,,,,,,,,,,,,,
3115,12.979167,,,,,,,,,,,,,,,
3116,12.983333,,,,,,,,,,,,,,,
3117,12.987500,,,,,,,,,,,,,,,
3118,12.991667,,,,,,,,,,,,,,,
3119,12.995833,,,,,,,,,,,,,,,
3120,13.000000,,,,,,,,,,,,,,,
3121,13.004167,,,,,,,,,,,,,,,
3122,13.008333,,,,,,,,,,,,,,,
3123,13.012500,,,,,,,,,,,,,,,
3124,13.016667,,,,,,,,,,,,,,,
3125,13.020833,,,,,,,,,,,,,,,
3126,13.025000,,,,,,,,,,,,,,,
3127,13.029167,,,,,,,,,,,,,,,
3128,13.033333,,,,,,,,,,,,,,,
3129,13.037500,,,,,,,,,,,,,,,
3130,13.041667,,,,,,,,,,,,,,,
3131,13.045833,,,,,,,,,,,,,,,
3132,13.050000,,,,,,,,,,,,,,,
3133,13.054167,,,,,,,,,,,,,,,
3134,13.058333,,,,,,,,,,,,,,,
3135,13.062500,,,,,,,,,,,,,,,
3136,13.066667,,,,,,,,,,,,,,,
3137,13.070833,,,,,,,,,,,,,,,
3138,13.075000,,,,,,,,,,,,,,,
3139,13.079167,,,,,,,,,,,,,,,
3140,13.083333,,,,,,,,,,,,,,,
3141,13.087500,,,,,,,,,,,,,,,
3142,13.091667,,,,,,,,,,,,,,,
3143,13.095833,,,,,,,,,,,,,,,
3144,13.100000,,,,,,,,,,,,,,,
3145,13.104167,,,,,,,,,,,,,,,
3146,13.108333,,,,,,,,,,,,,,,
3147,13.112500,,,,,,,,,,,,,,,
3148,13.116667,,,,,,,,,,,,,,,
3149,13.120833,,,,,,,,,,,,,,,
3150,13.125000,,,,,,,,,,,,,,,
3151,13.129167,,,,,,,,,,,,,,,
3152,13.133333,,,,,,,,,,,,,,,
3153,13.137500,,,,,,,,,,,,,,,
3154,13.141667,,,,,,,,,,,,,,,
3155,13.145833,,,,,,,,,,,,,,,
3156,13.150000,,,,,,,,,,,,,,,
3157,13.154167,,,,,,,,,,,,,,,
3158,13.158333,,,,,,,,,,,,,,,
3159,13.162500,,,,,,,,,,,,,,,
3160,13.166667,,,,,,,,,,,,,,,
3161,13.170833,,,,,,,,,,,,,,,
3162,13.175000,,,,,,,,,,,,,,,
3163,13.179167,,,,,,,,,,,,,,,
3164,13.183333,,,,,,,,,,,,,,,
3165,13.187500,,,,,,,,,,,,,,,
3166,13.191667,,,,,,,,,,,,,,,
3167,13.195833,,,,,,,,,,,,,,,
3168,13.200000,,,,,,,,,,,,,,,
3169,13.204167,,,,,,,,,,,,,,,
3170,13.208333,,,,,,,,,,,,,,,
3171,13.212500,,,,,,,,,,,,,,,
3172,13.216667,,,,,,,,,,,,,,,
3173,13.220833,,,,,,,,,,,,,,,
3174,13.225000,,,,,,,,,,,,,,,
3175,13.229167,,,,,,,,,,,,,,,
3176,13.233333,,,,,,,,,,,,,,,
3177,13.237500,,,,,,,,,,,,,,,
3178,13.241667,,,,,,,,,,,,,,,
3179,13.245833,,,,,,,,,,,,,,,
3180,13.250000,,,,,,,,,,,,,,,
3181,13.254167,,,,,,,,,,,,,,,
3182,13.258333,,,,,,,,,,,,,,,
3183,13.262500,,,,,,,,,,,,,,,
3184,13.266667,,,,,,,,,,,,,,,
3185,13.270833,,,,,,,,,,,,,,,
3186,13.275000,,,,,,,,,,,,,,,
3187,13.279167,,,,,,,,,,,,,,,
3188,13.283333,,,,,,,,,,,,,,,
3189,13.287500,,,,,,,,,,,,,,,
3190,13.291667,,,,,,,,,,,,,,,
3191,13.295833,,,,,,,,,,,,,,,
3192,13.300000,,,,,,,,,,,,,,,
3193,13.304167,,,,,,,,,,,,,,,
3194,13.308333,,,,,,,,,,,,,,,
3195,13.312500,,,,,,,,,,,,,,,
3196,13.316667,,,,,,,,,,,,,,,
3197,13.320833,,,,,,,,,,,,,,,
3198,13.325000,,,,,,,,,,,,,,,
3199,13.329167,,,,,,,,,,,,,,,
3200,13.333333,,,,,,,,,,,,,,,
3201,13.337500,,,,,,,,,,,,,,,
3202,13.341667,,,,,,,,,,,,,,,
3203,13.345833,,,,,,,,,,,,,,,
3204,13.350000,,,,,,,,,,,,,,,
3205,13.354167,,,,,,,,,,,,,,,
3206,13.358333,,,,,,,,,,,,,,,
3207,13.362500,,,,,,,,,,,,,,,
3208,13.366667,,,,,,,,,,,,,,,
3209,13.370833,,,,,,,,,,,,,,,
3210,13.375000,,,,,,,,,,,,,,,
3211,13.379167,,,,,,,,,,,,,,,
3212,13.383333,,,,,,,,,,,,,,,
3213,13.387500,,,,,,,,,,,,,,,
3214,13.391667,,,,,,,,,,,,,,,
3215,13.395833,,,,,,,,,,,,,,,
3216,13.400000,,,,,,,,,,,,,,,
3217,13.404167,,,,,,,,,,,,,,,
3218,13.408333,,,,,,,,,,,,,,,
3219,13.412500,,,,,,,,,,,,,,,
3220,13.416667,,,,,,,,,,,,,,,
3221,13.420833,,,,,,,,,,,,,,,
3222,13.425000,,,,,,,,,,,,,,,
3223,13.429167,,,,,,,,,,,,,,,
3224,13.433333,,,,,,,,,,,,,,,
3225,13.437500,,,,,,,,,,,,,,,
3226,13.441667,,,,,,,,,,,,,,,
3227,13.445833,,,,,,,,,,,,,,,
3228,13.450000,,,,,,,,,,,,,,,
3229,13.454167,,,,,,,,,,,,,,,
3230,13.458333,,,,,,,,,,,,,,,
3231,13.462500,,,,,,,,,,,,,,,
3232,13.466667,,,,,,,,,,,,,,,
3233,13.470833,,,,,,,,,,,,,,,
3234,13.475000,,,,,,,,,,,,,,,
3235,13.479167,,,,,,,,,,,,,,,
3236,13.483333,,,,,,,,,,,,,,,
3237,13.487500,,,,,,,,,,,,,,,
3238,13.491667,,,,,,,,,,,,,,,
3239,13.495833,,,,,,,,,,,,,,,
3240,13.500000,,,,,,,,,,,,,,,
3241,13.504167,,,,,,,,,,,,,,,
3242,13.508333,,,,,,,,,,,,,,,
3243,13.512500,,,,,,,,,,,,,,,
3244,13.516667,,,,,,,,,,,,,,,
3245,13.520833,,,,,,,,,,,,,,,
3246,13.525000,,,,,,,,,,,,,,,
3247,13.529167,,,,,,,,,,,,,,,
3248,13.533333,,,,,,,,,,,,,,,
3249,13.537500,,,,,,,,,,,,,,,
3250,13.541667,,,,,,,,,,,,,,,
3251,13.545833,,,,,,,,,,,,,,,
3252,13.550000,,,,,,,,,,,,,,,
3253,13.554167,,,,,,,,,,,,,,,
3254,13.558333,,,,,,,,,,,,,,,
3255,13.562500,,,,,,,,,,,,,,,
3256,13.566667,,,,,,,,,,,,,,,
3257,13.570833,,,,,,,,,,,,,,,
3258,13.575000,,,,,,,,,,,,,,,
3259,13.579167,,,,,,,,,,,,,,,
3260,13.583333,,,,,,,,,,,,,,,
3261,13.587500,,,,,,,,,,,,,,,
3262,13.591667,,,,,,,,,,,,,,,
3263,13.595833,,,,,,,,,,,,,,,
3264,13.600000,,,,,,,,,,,,,,,
3265,13.604167,,,,,,,,,,,,,,,
3266,13.608333,,,,,,,,,,,,,,,
3267,13.612500,,,,,,,,,,,,,,,
3268,13.616667,,,,,,,,,,,,,,,
3269,13.620833,,,,,,,,,,,,,,,
3270,13.625000,,,,,,,,,,,,,,,
3271,13.629167,,,,,,,,,,,,,,,
3272,13.633333,,,,,,,,,,,,,,,
3273,13.637500,,,,,,,,,,,,,,,
3274,13.641667,,,,,,,,,,,,,,,
3275,13.645833,,,,,,,,,,,,,,,
3276,13.650000,,,,,,,,,,,,,,,
3277,13.654167,,,,,,,,,,,,,,,
3278,13.658333,,,,,,,,,,,,,,,
3279,13.662500,,,,,,,,,,,,,,,
3280,13.666667,,,,,,,,,,,,,,,
3281,13.670833,,,,,,,,,,,,,,,
3282,13.675000,,,,,,,,,,,,,,,
3283,13.679167,,,,,,,,,,,,,,,
3284,13.683333,,,,,,,,,,,,,,,
3285,13.687500,,,,,,,,,,,,,,,
3286,13.691667,,,,,,,,,,,,,,,
3287,13.695833,,,,,,,,,,,,,,,
3288,13.700000,,,,,,,,,,,,,,,
3289,13.704167,,,,,,,,,,,,,,,
3290,13.708333,,,,,,,,,,,,,,,
3291,13.712500,,,,,,,,,,,,,,,
3292,13.716667,,,,,,,,,,,,,,,
3293,13.720833,,,,,,,,,,,,,,,
3294,13.725000,,,,,,,,,,,,,,,
3295,13.729167,,,,,,,,,,,,,,,
3296,13.733333,,,,,,,,,,,,,,,
3297,13.737500,,,,,,,,,,,,,,,
3298,13.741667,,,,,,,,,,,,,,,
3299,13.745833,,,,,,,,,,,,,,,
3300,13.750000,,,,,,,,,,,,,,,
3301,13.754167,,,,,,,,,,,,,,,
3302,13.758333,,,,,,,,,,,,,,,
3303,13.762500,,,,,,,,,,,,,,,
3304,13.766667,,,,,,,,,,,,,,,
3305,13.770833,,,,,,,,,,,,,,,
3306,13.775000,,,,,,,,,,,,,,,
3307,13.779167,,,,,,,,,,,,,,,
3308,13.783333,,,,,,,,,,,,,,,
3309,13.787500,,,,,,,,,,,,,,,
3310,13.791667,,,,,,,,,,,,,,,
3311,13.795833,,,,,,,,,,,,,,,
3312,13.800000,,,,,,,,,,,,,,,
3313,13.804167,,,,,,,,,,,,,,,
3314,13.808333,,,,,,,,,,,,,,,
3315,13.812500,,,,,,,,,,,,,,,
3316,13.816667,,,,,,,,,,,,,,,
3317,13.820833,,,,,,,,,,,,,,,
3318,13.825000,,,,,,,,,,,,,,,
3319,13.829167,,,,,,,,,,,,,,,
3320,13.833333,,,,,,,,,,,,,,,
3321,13.837500,,,,,,,,,,,,,,,
3322,13.841667,,,,,,,,,,,,,,,
3323,13.845833,,,,,,,,,,,,,,,
3324,13.850000,,,,,,,,,,,,,,,
3325,13.854167,,,,,,,,,,,,,,,
3326,13.858333,,,,,,,,,,,,,,,
3327,13.862500,,,,,,,,,,,,,,,
3328,13.866667,,,,,,,,,,,,,,,
3329,13.870833,,,,,,,,,,,,,,,
3330,13.875000,,,,,,,,,,,,,,,
3331,13.879167,,,,,,,,,,,,,,,
3332,13.883333,,,,,,,,,,,,,,,
3333,13.887500,,,,,,,,,,,,,,,
3334,13.891667,,,,,,,,,,,,,,,
3335,13.895833,,,,,,,,,,,,,,,
3336,13.900000,,,,,,,,,,,,,,,
3337,13.904167,,,,,,,,,,,,,,,
3338,13.908333,,,,,,,,,,,,,,,
3339,13.912500,,,,,,,,,,,,,,,
3340,13.916667,,,,,,,,,,,,,,,
3341,13.920833,,,,,,,,,,,,,,,
3342,13.925000,,,,,,,,,,,,,,,
3343,13.929167,,,,,,,,,,,,,,,
3344,13.933333,,,,,,,,,,,,,,,
3345,13.937500,,,,,,,,,,,,,,,
3346,13.941667,,,,,,,,,,,,,,,
3347,13.945833,,,,,,,,,,,,,,,
3348,13.950000,,,,,,,,,,,,,,,
3349,13.954167,,,,,,,,,,,,,,,
3350,13.958333,,,,,,,,,,,,,,,
3351,13.962500,,,,,,,,,,,,,,,
3352,13.966667,,,,,,,,,,,,,,,
3353,13.970833,,,,,,,,,,,,,,,
3354,13.975000,,,,,,,,,,,,,,,
3355,13.979167,,,,,,,,,,,,,,,
3356,13.983333,,,,,,,,,,,,,,,
3357,13.987500,,,,,,,,,,,,,,,
3358,13.991667,,,,,,,,,,,,,,,
3359,13.995833,,,,,,,,,,,,,,,
3360,14.000000,,,,,,,,,,,,,,,
3361,14.004167,,,,,,,,,,,,,,,
3362,14.008333,,,,,,,,,,,,,,,
3363,14.012500,,,,,,,,,,,,,,,
3364,14.016667,,,,,,,,,,,,,,,
3365,14.020833,,,,,,,,,,,,,,,
3366,14.025000,,,,,,,,,,,,,,,
3367,14.029167,,,,,,,,,,,,,,,
3368,14.033333,,,,,,,,,,,,,,,
3369,14.037500,,,,,,,,,,,,,,,
3370,14.041667,,,,,,,,,,,,,,,
3371,14.045833,,,,,,,,,,,,,,,
3372,14.050000,,,,,,,,,,,,,,,
3373,14.054167,,,,,,,,,,,,,,,
3374,14.058333,,,,,,,,,,,,,,,
3375,14.062500,,,,,,,,,,,,,,,
3376,14.066667,,,,,,,,,,,,,,,
3377,14.070833,,,,,,,,,,,,,,,
3378,14.075000,,,,,,,,,,,,,,,
3379,14.079167,,,,,,,,,,,,,,,
3380,14.083333,,,,,,,,,,,,,,,
3381,14.087500,,,,,,,,,,,,,,,
3382,14.091667,,,,,,,,,,,,,,,
3383,14.095833,,,,,,,,,,,,,,,
3384,14.100000,,,,,,,,,,,,,,,
3385,14.104167,,,,,,,,,,,,,,,
3386,14.108333,,,,,,,,,,,,,,,
3387,14.112500,,,,,,,,,,,,,,,
3388,14.116667,,,,,,,,,,,,,,,
3389,14.120833,,,,,,,,,,,,,,,
3390,14.125000,,,,,,,,,,,,,,,
3391,14.129167,,,,,,,,,,,,,,,
3392,14.133333,,,,,,,,,,,,,,,
3393,14.137500,,,,,,,,,,,,,,,
3394,14.141667,,,,,,,,,,,,,,,
3395,14.145833,,,,,,,,,,,,,,,
3396,14.150000,,,,,,,,,,,,,,,
3397,14.154167,,,,,,,,,,,,,,,
3398,14.158333,,,,,,,,,,,,,,,
3399,14.162500,,,,,,,,,,,,,,,
3400,14.166667,,,,,,,,,,,,,,,
3401,14.170833,,,,,,,,,,,,,,,
3402,14.175000,,,,,,,,,,,,,,,
3403,14.179167,,,,,,,,,,,,,,,
3404,14.183333,,,,,,,,,,,,,,,
3405,14.187500,,,,,,,,,,,,,,,
3406,14.191667,,,,,,,,,,,,,,,
3407,14.195833,,,,,,,,,,,,,,,
3408,14.200000,,,,,,,,,,,,,,,
3409,14.204167,,,,,,,,,,,,,,,
3410,14.208333,,,,,,,,,,,,,,,
3411,14.212500,,,,,,,,,,,,,,,
3412,14.216667,,,,,,,,,,,,,,,
3413,14.220833,,,,,,,,,,,,,,,
3414,14.225000,,,,,,,,,,,,,,,
3415,14.229167,,,,,,,,,,,,,,,
3416,14.233333,,,,,,,,,,,,,,,
3417,14.237500,,,,,,,,,,,,,,,
3418,14.241667,,,,,,,,,,,,,,,
3419,14.245833,,,,,,,,,,,,,,,
3420,14.250000,,,,,,,,,,,,,,,
3421,14.254167,,,,,,,,,,,,,,,
3422,14.258333,,,,,,,,,,,,,,,
3423,14.262500,,,,,,,,,,,,,,,
3424,14.266667,,,,,,,,,,,,,,,
3425,14.270833,,,,,,,,,,,,,,,
3426,14.275000,,,,,,,,,,,,,,,
3427,14.279167,,,,,,,,,,,,,,,
3428,14.283333,,,,,,,,,,,,,,,
3429,14.287500,,,,,,,,,,,,,,,
3430,14.291667,,,,,,,,,,,,,,,
3431,14.295833,,,,,,,,,,,,,,,
3432,14.300000,,,,,,,,,,,,,,,
3433,14.304167,,,,,,,,,,,,,,,
3434,14.308333,,,,,,,,,,,,,,,
3435,14.312500,,,,,,,,,,,,,,,
3436,14.316667,,,,,,,,,,,,,,,
3437,14.320833,,,,,,,,,,,,,,,
3438,14.325000,,,,,,,,,,,,,,,
3439,14.329167,,,,,,,,,,,,,,,
3440,14.333333,,,,,,,,,,,,,,,
3441,14.337500,,,,,,,,,,,,,,,
3442,14.341667,,,,,,,,,,,,,,,
3443,14.345833,,,,,,,,,,,,,,,
3444,14.350000,,,,,,,,,,,,,,,
3445,14.354167,,,,,,,,,,,,,,,
3446,14.358333,,,,,,,,,,,,,,,
3447,14.362500,,,,,,,,,,,,,,,
3448,14.366667,,,,,,,,,,,,,,,
3449,14.370833,,,,,,,,,,,,,,,
3450,14.375000,,,,,,,,,,,,,,,
3451,14.379167,,,,,,,,,,,,,,,
3452,14.383333,,,,,,,,,,,,,,,
3453,14.387500,,,,,,,,,,,,,,,
3454,14.391667,,,,,,,,,,,,,,,
3455,14.395833,,,,,,,,,,,,,,,
3456,14.400000,,,,,,,,,,,,,,,
3457,14.404167,,,,,,,,,,,,,,,
3458,14.408333,,,,,,,,,,,,,,,
3459,14.412500,,,,,,,,,,,,,,,
3460,14.416667,,,,,,,,,,,,,,,
3461,14.420833,,,,,,,,,,,,,,,
3462,14.425000,,,,,,,,,,,,,,,
3463,14.429167,,,,,,,,,,,,,,,
3464,14.433333,,,,,,,,,,,,,,,
3465,14.437500,,,,,,,,,,,,,,,
3466,14.441667,,,,,,,,,,,,,,,
3467,14.445833,,,,,,,,,,,,,,,
3468,14.450000,,,,,,,,,,,,,,,
3469,14.454167,,,,,,,,,,,,,,,
3470,14.458333,,,,,,,,,,,,,,,
3471,14.462500,,,,,,,,,,,,,,,
3472,14.466667,,,,,,,,,,,,,,,
3473,14.470833,,,,,,,,,,,,,,,
3474,14.475000,,,,,,,,,,,,,,,
3475,14.479167,,,,,,,,,,,,,,,
3476,14.483333,,,,,,,,,,,,,,,
3477,14.487500,,,,,,,,,,,,,,,
3478,14.491667,,,,,,,,,,,,,,,
3479,14.495833,,,,,,,,,,,,,,,
3480,14.500000,,,,,,,,,,,,,,,
3481,14.504167,,,,,,,,,,,,,,,
3482,14.508333,,,,,,,,,,,,,,,
3483,14.512500,,,,,,,,,,,,,,,
3484,14.516667,,,,,,,,,,,,,,,
3485,14.520833,,,,,,,,,,,,,,,
3486,14.525000,,,,,,,,,,,,,,,
3487,14.529167,,,,,,,,,,,,,,,
3488,14.533333,,,,,,,,,,,,,,,
3489,14.537500,,,,,,,,,,,,,,,
3490,14.541667,,,,,,,,,,,,,,,
3491,14.545833,,,,,,,,,,,,,,,
3492,14.550000,,,,,,,,,,,,,,,
3493,14.554167,,,,,,,,,,,,,,,
3494,14.558333,,,,,,,,,,,,,,,
3495,14.562500,,,,,,,,,,,,,,,
3496,14.566667,,,,,,,,,,,,,,,
3497,14.570833,,,,,,,,,,,,,,,
3498,14.575000,,,,,,,,,,,,,,,
3499,14.579167,,,,,,,,,,,,,,,
3500,14.583333,,,,,,,,,,,,,,,
3501,14.587500,,,,,,,,,,,,,,,
3502,14.591667,,,,,,,,,,,,,,,
3503,14.595833,,,,,,,,,,,,,,,
3504,14.600000,,,,,,,,,,,,,,,
3505,14.604167,,,,,,,,,,,,,,,
3506,14.608333,,,,,,,,,,,,,,,
3507,14.612500,,,,,,,,,,,,,,,
3508,14.616667,,,,,,,,,,,,,,,
3509,14.620833,,,,,,,,,,,,,,,
3510,14.625000,,,,,,,,,,,,,,,
3511,14.629167,,,,,,,,,,,,,,,
3512,14.633333,,,,,,,,,,,,,,,
3513,14.637500,,,,,,,,,,,,,,,
3514,14.641667,,,,,,,,,,,,,,,
3515,14.645833,,,,,,,,,,,,,,,
3516,14.650000,,,,,,,,,,,,,,,
3517,14.654167,,,,,,,,,,,,,,,
3518,14.658333,,,,,,,,,,,,,,,
3519,14.662500,,,,,,,,,,,,,,,
3520,14.666667,,,,,,,,,,,,,,,
3521,14.670833,,,,,,,,,,,,,,,
3522,14.675000,,,,,,,,,,,,,,,
3523,14.679167,,,,,,,,,,,,,,,
3524,14.683333,,,,,,,,,,,,,,,
3525,14.687500,,,,,,,,,,,,,,,
3526,14.691667,,,,,,,,,,,,,,,
3527,14.695833,,,,,,,,,,,,,,,
3528,14.700000,,,,,,,,,,,,,,,
3529,14.704167,,,,,,,,,,,,,,,
3530,14.708333,,,,,,,,,,,,,,,
3531,14.712500,,,,,,,,,,,,,,,
3532,14.716667,,,,,,,,,,,,,,,
3533,14.720833,,,,,,,,,,,,,,,
3534,14.725000,,,,,,,,,,,,,,,
3535,14.729167,,,,,,,,,,,,,,,
3536,14.733333,,,,,,,,,,,,,,,
3537,14.737500,,,,,,,,,,,,,,,
3538,14.741667,,,,,,,,,,,,,,,
3539,14.745833,,,,,,,,,,,,,,,
3540,14.750000,,,,,,,,,,,,,,,
3541,14.754167,,,,,,,,,,,,,,,
3542,14.758333,,,,,,,,,,,,,,,
3543,14.762500,,,,,,,,,,,,,,,
3544,14.766667,,,,,,,,,,,,,,,
3545,14.770833,,,,,,,,,,,,,,,
3546,14.775000,,,,,,,,,,,,,,,
3547,14.779167,,,,,,,,,,,,,,,
3548,14.783333,,,,,,,,,,,,,,,
3549,14.787500,,,,,,,,,,,,,,,
3550,14.791667,,,,,,,,,,,,,,,
3551,14.795833,,,,,,,,,,,,,,,
3552,14.800000,,,,,,,,,,,,,,,
3553,14.804167,,,,,,,,,,,,,,,
3554,14.808333,,,,,,,,,,,,,,,
3555,14.812500,,,,,,,,,,,,,,,
3556,14.816667,,,,,,,,,,,,,,,
3557,14.820833,,,,,,,,,,,,,,,
3558,14.825000,,,,,,,,,,,,,,,
3559,14.829167,,,,,,,,,,,,,,,
3560,14.833333,,,,,,,,,,,,,,,
3561,14.837500,,,,,,,,,,,,,,,
3562,14.841667,,,,,,,,,,,,,,,
3563,14.845833,,,,,,,,,,,,,,,
3564,14.850000,,,,,,,,,,,,,,,
3565,14.854167,,,,,,,,,,,,,,,
3566,14.858333,,,,,,,,,,,,,,,
3567,14.862500,,,,,,,,,,,,,,,
3568,14.866667,,,,,,,,,,,,,,,
3569,14.870833,,,,,,,,,,,,,,,
3570,14.875000,,,,,,,,,,,,,,,
3571,14.879167,,,,,,,,,,,,,,,
3572,14.883333,,,,,,,,,,,,,,,
3573,14.887500,,,,,,,,,,,,,,,
3574,14.891667,,,,,,,,,,,,,,,
3575,14.895833,,,,,,,,,,,,,,,
3576,14.900000,,,,,,,,,,,,,,,
3577,14.904167,,,,,,,,,,,,,,,
3578,14.908333,,,,,,,,,,,,,,,
3579,14.912500,,,,,,,,,,,,,,,
3580,14.916667,,,,,,,,,,,,,,,
3581,14.920833,,,,,,,,,,,,,,,
3582,14.925000,,,,,,,,,,,,,,,
3583,14.929167,,,,,,,,,,,,,,,
3584,14.933333,,,,,,,,,,,,,,,
3585,14.937500,,,,,,,,,,,,,,,
3586,14.941667,,,,,,,,,,,,,,,
3587,14.945833,,,,,,,,,,,,,,,
3588,14.950000,,,,,,,,,,,,,,,
3589,14.954167,,,,,,,,,,,,,,,
3590,14.958333,,,,,,,,,,,,,,,
3591,14.962500,,,,,,,,,,,,,,,
3592,14.966667,,,,,,,,,,,,,,,
3593,14.970833,,,,,,,,,,,,,,,
3594,14.975000,,,,,,,,,,,,,,,
3595,14.979167,,,,,,,,,,,,,,,
3596,14.983333,,,,,,,,,,,,,,,
3597,14.987500,,,,,,,,,,,,,,,
3598,14.991667,,,,,,,,,,,,,,,
3599,14.995833,,,,,,,,,,,,,,,
3600,15.000000,,,,,,,,,,,,,,,
3601,15.004167,,,,,,,,,,,,,,,
3602,15.008333,,,,,,,,,,,,,,,
3603,15.012500,,,,,,,,,,,,,,,
3604,15.016667,,,,,,,,,,,,,,,
3605,15.020833,,,,,,,,,,,,,,,
3606,15.025000,,,,,,,,,,,,,,,
3607,15.029167,,,,,,,,,,,,,,,
3608,15.033333,,,,,,,,,,,,,,,
3609,15.037500,,,,,,,,,,,,,,,
3610,15.041667,,,,,,,,,,,,,,,
3611,15.045833,,,,,,,,,,,,,,,
3612,15.050000,,,,,,,,,,,,,,,
3613,15.054167,,,,,,,,,,,,,,,
3614,15.058333,,,,,,,,,,,,,,,
3615,15.062500,,,,,,,,,,,,,,,
3616,15.066667,,,,,,,,,,,,,,,
3617,15.070833,,,,,,,,,,,,,,,
3618,15.075000,,,,,,,,,,,,,,,
3619,15.079167,,,,,,,,,,,,,,,
3620,15.083333,,,,,,,,,,,,,,,
3621,15.087500,,,,,,,,,,,,,,,
3622,15.091667,,,,,,,,,,,,,,,
3623,15.095833,,,,,,,,,,,,,,,
3624,15.100000,,,,,,,,,,,,,,,
3625,15.104167,,,,,,,,,,,,,,,
3626,15.108333,,,,,,,,,,,,,,,
3627,15.112500,,,,,,,,,,,,,,,
3628,15.116667,,,,,,,,,,,,,,,
3629,15.120833,,,,,,,,,,,,,,,
3630,15.125000,,,,,,,,,,,,,,,
3631,15.129167,,,,,,,,,,,,,,,
3632,15.133333,,,,,,,,,,,,,,,
3633,15.137500,,,,,,,,,,,,,,,
3634,15.141667,,,,,,,,,,,,,,,
3635,15.145833,,,,,,,,,,,,,,,
3636,15.150000,,,,,,,,,,,,,,,
3637,15.154167,,,,,,,,,,,,,,,
3638,15.158333,,,,,,,,,,,,,,,
3639,15.162500,,,,,,,,,,,,,,,
3640,15.166667,,,,,,,,,,,,,,,
3641,15.170833,,,,,,,,,,,,,,,
3642,15.175000,,,,,,,,,,,,,,,
3643,15.179167,,,,,,,,,,,,,,,
3644,15.183333,,,,,,,,,,,,,,,
3645,15.187500,,,,,,,,,,,,,,,
3646,15.191667,,,,,,,,,,,,,,,
3647,15.195833,,,,,,,,,,,,,,,
3648,15.200000,,,,,,,,,,,,,,,
3649,15.204167,,,,,,,,,,,,,,,
3650,15.208333,,,,,,,,,,,,,,,
3651,15.212500,,,,,,,,,,,,,,,
3652,15.216667,,,,,,,,,,,,,,,
3653,15.220833,,,,,,,,,,,,,,,
3654,15.225000,,,,,,,,,,,,,,,
3655,15.229167,,,,,,,,,,,,,,,
3656,15.233333,,,,,,,,,,,,,,,
3657,15.237500,,,,,,,,,,,,,,,
3658,15.241667,,,,,,,,,,,,,,,
3659,15.245833,,,,,,,,,,,,,,,
3660,15.250000,,,,,,,,,,,,,,,
3661,15.254167,,,,,,,,,,,,,,,
3662,15.258333,,,,,,,,,,,,,,,
3663,15.262500,,,,,,,,,,,,,,,
3664,15.266667,,,,,,,,,,,,,,,
3665,15.270833,,,,,,,,,,,,,,,
3666,15.275000,,,,,,,,,,,,,,,
3667,15.279167,,,,,,,,,,,,,,,
3668,15.283333,,,,,,,,,,,,,,,
3669,15.287500,,,,,,,,,,,,,,,
3670,15.291667,,,,,,,,,,,,,,,
3671,15.295833,,,,,,,,,,,,,,,
3672,15.300000,,,,,,,,,,,,,,,
3673,15.304167,,,,,,,,,,,,,,,
3674,15.308333,,,,,,,,,,,,,,,
3675,15.312500,,,,,,,,,,,,,,,
3676,15.316667,,,,,,,,,,,,,,,
3677,15.320833,,,,,,,,,,,,,,,
3678,15.325000,,,,,,,,,,,,,,,
3679,15.329167,,,,,,,,,,,,,,,
3680,15.333333,,,,,,,,,,,,,,,
3681,15.337500,,,,,,,,,,,,,,,
3682,15.341667,,,,,,,,,,,,,,,
3683,15.345833,,,,,,,,,,,,,,,
3684,15.350000,,,,,,,,,,,,,,,
3685,15.354167,,,,,,,,,,,,,,,
3686,15.358333,,,,,,,,,,,,,,,
3687,15.362500,,,,,,,,,,,,,,,
3688,15.366667,,,,,,,,,,,,,,,
3689,15.370833,,,,,,,,,,,,,,,
3690,15.375000,,,,,,,,,,,,,,,
3691,15.379167,,,,,,,,,,,,,,,
3692,15.383333,,,,,,,,,,,,,,,
3693,15.387500,,,,,,,,,,,,,,,
3694,15.391667,,,,,,,,,,,,,,,
3695,15.395833,,,,,,,,,,,,,,,
3696,15.400000,,,,,,,,,,,,,,,
3697,15.404167,,,,,,,,,,,,,,,
3698,15.408333,,,,,,,,,,,,,,,
3699,15.412500,,,,,,,,,,,,,,,
3700,15.416667,,,,,,,,,,,,,,,
3701,15.420833,,,,,,,,,,,,,,,
3702,15.425000,,,,,,,,,,,,,,,
3703,15.429167,,,,,,,,,,,,,,,
3704,15.433333,,,,,,,,,,,,,,,
3705,15.437500,,,,,,,,,,,,,,,
3706,15.441667,,,,,,,,,,,,,,,
3707,15.445833,,,,,,,,,,,,,,,
3708,15.450000,,,,,,,,,,,,,,,
3709,15.454167,,,,,,,,,,,,,,,
3710,15.458333,,,,,,,,,,,,,,,
3711,15.462500,,,,,,,,,,,,,,,
3712,15.466667,,,,,,,,,,,,,,,
3713,15.470833,,,,,,,,,,,,,,,
3714,15.475000,,,,,,,,,,,,,,,
3715,15.479167,,,,,,,,,,,,,,,
3716,15.483333,,,,,,,,,,,,,,,
3717,15.487500,,,,,,,,,,,,,,,
3718,15.491667,,,,,,,,,,,,,,,
3719,15.495833,,,,,,,,,,,,,,,
3720,15.500000,,,,,,,,,,,,,,,
3721,15.504167,,,,,,,,,,,,,,,
3722,15.508333,,,,,,,,,,,,,,,
3723,15.512500,,,,,,,,,,,,,,,
3724,15.516667,,,,,,,,,,,,,,,
3725,15.520833,,,,,,,,,,,,,,,
3726,15.525000,,,,,,,,,,,,,,,
3727,15.529167,,,,,,,,,,,,,,,
3728,15.533333,,,,,,,,,,,,,,,
3729,15.537500,,,,,,,,,,,,,,,
3730,15.541667,,,,,,,,,,,,,,,
3731,15.545833,,,,,,,,,,,,,,,
3732,15.550000,,,,,,,,,,,,,,,
3733,15.554167,,,,,,,,,,,,,,,
3734,15.558333,,,,,,,,,,,,,,,
3735,15.562500,,,,,,,,,,,,,,,
3736,15.566667,,,,,,,,,,,,,,,
3737,15.570833,,,,,,,,,,,,,,,
3738,15.575000,,,,,,,,,,,,,,,
3739,15.579167,,,,,,,,,,,,,,,
3740,15.583333,,,,,,,,,,,,,,,
3741,15.587500,,,,,,,,,,,,,,,
3742,15.591667,,,,,,,,,,,,,,,
3743,15.595833,,,,,,,,,,,,,,,
3744,15.600000,,,,,,,,,,,,,,,
3745,15.604167,,,,,,,,,,,,,,,
3746,15.608333,,,,,,,,,,,,,,,
3747,15.612500,,,,,,,,,,,,,,,
3748,15.616667,,,,,,,,,,,,,,,
3749,15.620833,,,,,,,,,,,,,,,
3750,15.625000,,,,,,,,,,,,,,,
3751,15.629167,,,,,,,,,,,,,,,
3752,15.633333,,,,,,,,,,,,,,,
3753,15.637500,,,,,,,,,,,,,,,
3754,15.641667,,,,,,,,,,,,,,,
3755,15.645833,,,,,,,,,,,,,,,
3756,15.650000,,,,,,,,,,,,,,,
3757,15.654167,,,,,,,,,,,,,,,
3758,15.658333,,,,,,,,,,,,,,,
3759,15.662500,,,,,,,,,,,,,,,
3760,15.666667,,,,,,,,,,,,,,,
3761,15.670833,,,,,,,,,,,,,,,
3762,15.675000,,,,,,,,,,,,,,,
3763,15.679167,,,,,,,,,,,,,,,
3764,15.683333,,,,,,,,,,,,,,,
3765,15.687500,,,,,,,,,,,,,,,
3766,15.691667,,,,,,,,,,,,,,,
3767,15.695833,,,,,,,,,,,,,,,
3768,15.700000,,,,,,,,,,,,,,,
3769,15.704167,,,,,,,,,,,,,,,
3770,15.708333,,,,,,,,,,,,,,,
3771,15.712500,,,,,,,,,,,,,,,
3772,15.716667,,,,,,,,,,,,,,,
3773,15.720833,,,,,,,,,,,,,,,
3774,15.725000,,,,,,,,,,,,,,,
3775,15.729167,,,,,,,,,,,,,,,
3776,15.733333,,,,,,,,,,,,,,,
3777,15.737500,,,,,,,,,,,,,,,
3778,15.741667,,,,,,,,,,,,,,,
3779,15.745833,,,,,,,,,,,,,,,
3780,15.750000,,,,,,,,,,,,,,,
3781,15.754167,,,,,,,,,,,,,,,
3782,15.758333,,,,,,,,,,,,,,,
3783,15.762500,,,,,,,,,,,,,,,
3784,15.766667,,,,,,,,,,,,,,,
3785,15.770833,,,,,,,,,,,,,,,
3786,15.775000,,,,,,,,,,,,,,,
3787,15.779167,,,,,,,,,,,,,,,
3788,15.783333,,,,,,,,,,,,,,,
3789,15.787500,,,,,,,,,,,,,,,
3790,15.791667,,,,,,,,,,,,,,,
3791,15.795833,,,,,,,,,,,,,,,
3792,15.800000,,,,,,,,,,,,,,,
3793,15.804167,,,,,,,,,,,,,,,
3794,15.808333,,,,,,,,,,,,,,,
3795,15.812500,,,,,,,,,,,,,,,
3796,15.816667,,,,,,,,,,,,,,,
3797,15.820833,,,,,,,,,,,,,,,
3798,15.825000,,,,,,,,,,,,,,,
3799,15.829167,,,,,,,,,,,,,,,
3800,15.833333,,,,,,,,,,,,,,,
3801,15.837500,,,,,,,,,,,,,,,
3802,15.841667,,,,,,,,,,,,,,,
3803,15.845833,,,,,,,,,,,,,,,
3804,15.850000,,,,,,,,,,,,,,,
3805,15.854167,,,,,,,,,,,,,,,
3806,15.858333,,,,,,,,,,,,,,,
3807,15.862500,,,,,,,,,,,,,,,
3808,15.866667,,,,,,,,,,,,,,,
3809,15.870833,,,,,,,,,,,,,,,
3810,15.875000,,,,,,,,,,,,,,,
3811,15.879167,,,,,,,,,,,,,,,
3812,15.883333,,,,,,,,,,,,,,,
3813,15.887500,,,,,,,,,,,,,,,
3814,15.891667,,,,,,,,,,,,,,,
3815,15.895833,,,,,,,,,,,,,,,
3816,15.900000,,,,,,,,,,,,,,,
3817,15.904167,,,,,,,,,,,,,,,
3818,15.908333,,,,,,,,,,,,,,,
3819,15.912500,,,,,,,,,,,,,,,
3820,15.916667,,,,,,,,,,,,,,,
3821,15.920833,,,,,,,,,,,,,,,
3822,15.925000,,,,,,,,,,,,,,,
3823,15.929167,,,,,,,,,,,,,,,
3824,15.933333,,,,,,,,,,,,,,,
3825,15.937500,,,,,,,,,,,,,,,
3826,15.941667,,,,,,,,,,,,,,,
3827,15.945833,,,,,,,,,,,,,,,
3828,15.950000,,,,,,,,,,,,,,,
3829,15.954167,,,,,,,,,,,,,,,
3830,15.958333,,,,,,,,,,,,,,,
3831,15.962500,,,,,,,,,,,,,,,
3832,15.966667,,,,,,,,,,,,,,,
3833,15.970833,,,,,,,,,,,,,,,
3834,15.975000,,,,,,,,,,,,,,,
3835,15.979167,,,,,,,,,,,,,,,
3836,15.983333,,,,,,,,,,,,,,,
3837,15.987500,,,,,,,,,,,,,,,
3838,15.991667,,,,,,,,,,,,,,,
3839,15.995833,,,,,,,,,,,,,,,
3840,16.000000,,,,,,,,,,,,,,,
3841,16.004167,,,,,,,,,,,,,,,
3842,16.008333,,,,,,,,,,,,,,,
3843,16.012500,,,,,,,,,,,,,,,
3844,16.016667,,,,,,,,,,,,,,,
3845,16.020833,,,,,,,,,,,,,,,
3846,16.025000,,,,,,,,,,,,,,,
3847,16.029167,,,,,,,,,,,,,,,
3848,16.033333,,,,,,,,,,,,,,,
3849,16.037500,,,,,,,,,,,,,,,
3850,16.041667,,,,,,,,,,,,,,,
3851,16.045833,,,,,,,,,,,,,,,
3852,16.050000,,,,,,,,,,,,,,,
3853,16.054167,,,,,,,,,,,,,,,
3854,16.058333,,,,,,,,,,,,,,,
3855,16.062500,,,,,,,,,,,,,,,
3856,16.066667,,,,,,,,,,,,,,,
3857,16.070833,,,,,,,,,,,,,,,
3858,16.075000,,,,,,,,,,,,,,,
3859,16.079167,,,,,,,,,,,,,,,
3860,16.083333,,,,,,,,,,,,,,,
3861,16.087500,,,,,,,,,,,,,,,
3862,16.091667,,,,,,,,,,,,,,,
3863,16.095833,,,,,,,,,,,,,,,
3864,16.100000,,,,,,,,,,,,,,,
3865,16.104167,,,,,,,,,,,,,,,
3866,16.108333,,,,,,,,,,,,,,,
3867,16.112500,,,,,,,,,,,,,,,
3868,16.116667,,,,,,,,,,,,,,,
3869,16.120833,,,,,,,,,,,,,,,
3870,16.125000,,,,,,,,,,,,,,,
3871,16.129167,,,,,,,,,,,,,,,
3872,16.133333,,,,,,,,,,,,,,,
3873,16.137500,,,,,,,,,,,,,,,
3874,16.141667,,,,,,,,,,,,,,,
3875,16.145833,,,,,,,,,,,,,,,
3876,16.150000,,,,,,,,,,,,,,,
3877,16.154167,,,,,,,,,,,,,,,
3878,16.158333,,,,,,,,,,,,,,,
3879,16.162500,,,,,,,,,,,,,,,
3880,16.166667,,,,,,,,,,,,,,,
3881,16.170833,,,,,,,,,,,,,,,
3882,16.175000,,,,,,,,,,,,,,,
3883,16.179167,,,,,,,,,,,,,,,
3884,16.183333,,,,,,,,,,,,,,,
3885,16.187500,,,,,,,,,,,,,,,
3886,16.191667,,,,,,,,,,,,,,,
3887,16.195833,,,,,,,,,,,,,,,
3888,16.200000,,,,,,,,,,,,,,,
3889,16.204167,,,,,,,,,,,,,,,
3890,16.208333,,,,,,,,,,,,,,,
3891,16.212500,,,,,,,,,,,,,,,
3892,16.216667,,,,,,,,,,,,,,,
3893,16.220833,,,,,,,,,,,,,,,
3894,16.225000,,,,,,,,,,,,,,,
3895,16.229167,,,,,,,,,,,,,,,
3896,16.233333,,,,,,,,,,,,,,,
3897,16.237500,,,,,,,,,,,,,,,
3898,16.241667,,,,,,,,,,,,,,,
3899,16.245833,,,,,,,,,,,,,,,
3900,16.250000,,,,,,,,,,,,,,,
3901,16.254167,,,,,,,,,,,,,,,
3902,16.258333,,,,,,,,,,,,,,,
3903,16.262500,,,,,,,,,,,,,,,
3904,16.266667,,,,,,,,,,,,,,,
3905,16.270833,,,,,,,,,,,,,,,
3906,16.275000,,,,,,,,,,,,,,,
3907,16.279167,,,,,,,,,,,,,,,
3908,16.283333,,,,,,,,,,,,,,,
3909,16.287500,,,,,,,,,,,,,,,
3910,16.291667,,,,,,,,,,,,,,,
3911,16.295833,,,,,,,,,,,,,,,
3912,16.300000,,,,,,,,,,,,,,,
3913,16.304167,,,,,,,,,,,,,,,
3914,16.308333,,,,,,,,,,,,,,,
3915,16.312500,,,,,,,,,,,,,,,
3916,16.316667,,,,,,,,,,,,,,,
3917,16.320833,,,,,,,,,,,,,,,
3918,16.325000,,,,,,,,,,,,,,,
3919,16.329167,,,,,,,,,,,,,,,
3920,16.333333,,,,,,,,,,,,,,,
3921,16.337500,,,,,,,,,,,,,,,
3922,16.341667,,,,,,,,,,,,,,,
3923,16.345833,,,,,,,,,,,,,,,
3924,16.350000,,,,,,,,,,,,,,,
3925,16.354167,,,,,,,,,,,,,,,
3926,16.358333,,,,,,,,,,,,,,,
3927,16.362500,,,,,,,,,,,,,,,
3928,16.366667,,,,,,,,,,,,,,,
3929,16.370833,,,,,,,,,,,,,,,
3930,16.375000,,,,,,,,,,,,,,,
3931,16.379167,,,,,,,,,,,,,,,
3932,16.383333,,,,,,,,,,,,,,,
3933,16.387500,,,,,,,,,,,,,,,
3934,16.391667,,,,,,,,,,,,,,,
3935,16.395833,,,,,,,,,,,,,,,
3936,16.400000,,,,,,,,,,,,,,,
3937,16.404167,,,,,,,,,,,,,,,
3938,16.408333,,,,,,,,,,,,,,,
3939,16.412500,,,,,,,,,,,,,,,
3940,16.416667,,,,,,,,,,,,,,,
3941,16.420833,,,,,,,,,,,,,,,
3942,16.425000,,,,,,,,,,,,,,,
3943,16.429167,,,,,,,,,,,,,,,
3944,16.433333,,,,,,,,,,,,,,,
3945,16.437500,,,,,,,,,,,,,,,
3946,16.441667,,,,,,,,,,,,,,,
3947,16.445833,,,,,,,,,,,,,,,
3948,16.450000,,,,,,,,,,,,,,,
3949,16.454167,,,,,,,,,,,,,,,
3950,16.458333,,,,,,,,,,,,,,,
3951,16.462500,,,,,,,,,,,,,,,
3952,16.466667,,,,,,,,,,,,,,,
3953,16.470833,,,,,,,,,,,,,,,
3954,16.475000,,,,,,,,,,,,,,,
3955,16.479167,,,,,,,,,,,,,,,
3956,16.483333,,,,,,,,,,,,,,,
3957,16.487500,,,,,,,,,,,,,,,
3958,16.491667,,,,,,,,,,,,,,,
3959,16.495833,,,,,,,,,,,,,,,
3960,16.500000,,,,,,,,,,,,,,,
3961,16.504167,,,,,,,,,,,,,,,
3962,16.508333,,,,,,,,,,,,,,,
3963,16.512500,,,,,,,,,,,,,,,
3964,16.516667,,,,,,,,,,,,,,,
3965,16.520833,,,,,,,,,,,,,,,
3966,16.525000,,,,,,,,,,,,,,,
3967,16.529167,,,,,,,,,,,,,,,
3968,16.533333,,,,,,,,,,,,,,,
3969,16.537500,,,,,,,,,,,,,,,
3970,16.541667,,,,,,,,,,,,,,,
3971,16.545833,,,,,,,,,,,,,,,
3972,16.550000,,,,,,,,,,,,,,,
3973,16.554167,,,,,,,,,,,,,,,
3974,16.558333,,,,,,,,,,,,,,,
3975,16.562500,,,,,,,,,,,,,,,
3976,16.566667,,,,,,,,,,,,,,,
3977,16.570833,,,,,,,,,,,,,,,
3978,16.575000,,,,,,,,,,,,,,,
3979,16.579167,,,,,,,,,,,,,,,
3980,16.583333,,,,,,,,,,,,,,,
3981,16.587500,,,,,,,,,,,,,,,
3982,16.591667,,,,,,,,,,,,,,,
3983,16.595833,,,,,,,,,,,,,,,
3984,16.600000,,,,,,,,,,,,,,,
3985,16.604167,,,,,,,,,,,,,,,
3986,16.608333,,,,,,,,,,,,,,,
3987,16.612500,,,,,,,,,,,,,,,
3988,16.616667,,,,,,,,,,,,,,,
3989,16.620833,,,,,,,,,,,,,,,
3990,16.625000,,,,,,,,,,,,,,,
3991,16.629167,,,,,,,,,,,,,,,
3992,16.633333,,,,,,,,,,,,,,,
3993,16.637500,,,,,,,,,,,,,,,
3994,16.641667,,,,,,,,,,,,,,,
3995,16.645833,,,,,,,,,,,,,,,
3996,16.650000,,,,,,,,,,,,,,,
3997,16.654167,,,,,,,,,,,,,,,
3998,16.658333,,,,,,,,,,,,,,,
3999,16.662500,,,,,,,,,,,,,,,
4000,16.666667,,,,,,,,,,,,,,,
4001,16.670833,,,,,,,,,,,,,,,
4002,16.675000,,,,,,,,,,,,,,,
4003,16.679167,,,,,,,,,,,,,,,
4004,16.683333,,,,,,,,,,,,,,,
4005,16.687500,,,,,,,,,,,,,,,
4006,16.691667,,,,,,,,,,,,,,,
4007,16.695833,,,,,,,,,,,,,,,
4008,16.700000,,,,,,,,,,,,,,,
4009,16.704167,,,,,,,,,,,,,,,
4010,16.708333,,,,,,,,,,,,,,,
4011,16.712500,,,,,,,,,,,,,,,
4012,16.716667,,,,,,,,,,,,,,,
4013,16.720833,,,,,,,,,,,,,,,
4014,16.725000,,,,,,,,,,,,,,,
4015,16.729167,,,,,,,,,,,,,,,
4016,16.733333,,,,,,,,,,,,,,,
4017,16.737500,,,,,,,,,,,,,,,
4018,16.741667,,,,,,,,,,,,,,,
4019,16.745833,,,,,,,,,,,,,,,
4020,16.750000,,,,,,,,,,,,,,,
4021,16.754167,,,,,,,,,,,,,,,
4022,16.758333,,,,,,,,,,,,,,,
4023,16.762500,,,,,,,,,,,,,,,
4024,16.766667,,,,,,,,,,,,,,,
4025,16.770833,,,,,,,,,,,,,,,
4026,16.775000,,,,,,,,,,,,,,,
4027,16.779167,,,,,,,,,,,,,,,
4028,16.783333,,,,,,,,,,,,,,,
4029,16.787500,,,,,,,,,,,,,,,
4030,16.791667,,,,,,,,,,,,,,,
4031,16.795833,,,,,,,,,,,,,,,
4032,16.800000,,,,,,,,,,,,,,,
4033,16.804167,,,,,,,,,,,,,,,
4034,16.808333,,,,,,,,,,,,,,,
4035,16.812500,,,,,,,,,,,,,,,
4036,16.816667,,,,,,,,,,,,,,,
4037,16.820833,,,,,,,,,,,,,,,
4038,16.825000,,,,,,,,,,,,,,,
4039,16.829167,,,,,,,,,,,,,,,
4040,16.833333,,,,,,,,,,,,,,,
4041,16.837500,,,,,,,,,,,,,,,
4042,16.841667,,,,,,,,,,,,,,,
4043,16.845833,,,,,,,,,,,,,,,
4044,16.850000,,,,,,,,,,,,,,,
4045,16.854167,,,,,,,,,,,,,,,
4046,16.858333,,,,,,,,,,,,,,,
4047,16.862500,,,,,,,,,,,,,,,
4048,16.866667,,,,,,,,,,,,,,,
4049,16.870833,,,,,,,,,,,,,,,
4050,16.875000,,,,,,,,,,,,,,,
4051,16.879167,,,,,,,,,,,,,,,
4052,16.883333,,,,,,,,,,,,,,,
4053,16.887500,,,,,,,,,,,,,,,
4054,16.891667,,,,,,,,,,,,,,,
4055,16.895833,,,,,,,,,,,,,,,
4056,16.900000,,,,,,,,,,,,,,,
4057,16.904167,,,,,,,,,,,,,,,
4058,16.908333,,,,,,,,,,,,,,,
4059,16.912500,,,,,,,,,,,,,,,
4060,16.916667,,,,,,,,,,,,,,,
4061,16.920833,,,,,,,,,,,,,,,
4062,16.925000,,,,,,,,,,,,,,,
4063,16.929167,,,,,,,,,,,,,,,
4064,16.933333,,,,,,,,,,,,,,,
4065,16.937500,,,,,,,,,,,,,,,
4066,16.941667,,,,,,,,,,,,,,,
4067,16.945833,,,,,,,,,,,,,,,
4068,16.950000,,,,,,,,,,,,,,,
4069,16.954167,,,,,,,,,,,,,,,
4070,16.958333,,,,,,,,,,,,,,,
4071,16.962500,,,,,,,,,,,,,,,
4072,16.966667,,,,,,,,,,,,,,,
4073,16.970833,,,,,,,,,,,,,,,
4074,16.975000,,,,,,,,,,,,,,,
4075,16.979167,,,,,,,,,,,,,,,
4076,16.983333,,,,,,,,,,,,,,,
4077,16.987500,,,,,,,,,,,,,,,
4078,16.991667,,,,,,,,,,,,,,,
4079,16.995833,,,,,,,,,,,,,,,
4080,17.000000,,,,,,,,,,,,,,,
4081,17.004167,,,,,,,,,,,,,,,
4082,17.008333,,,,,,,,,,,,,,,
4083,17.012500,,,,,,,,,,,,,,,
4084,17.016667,,,,,,,,,,,,,,,
4085,17.020833,,,,,,,,,,,,,,,
4086,17.025000,,,,,,,,,,,,,,,
4087,17.029167,,,,,,,,,,,,,,,
4088,17.033333,,,,,,,,,,,,,,,
4089,17.037500,,,,,,,,,,,,,,,
4090,17.041667,,,,,,,,,,,,,,,
4091,17.045833,,,,,,,,,,,,,,,
4092,17.050000,,,,,,,,,,,,,,,
4093,17.054167,,,,,,,,,,,,,,,
4094,17.058333,,,,,,,,,,,,,,,
4095,17.062500,,,,,,,,,,,,,,,
4096,17.066667,,,,,,,,,,,,,,,
4097,17.070833,,,,,,,,,,,,,,,
4098,17.075000,,,,,,,,,,,,,,,
4099,17.079167,,,,,,,,,,,,,,,
4100,17.083333,,,,,,,,,,,,,,,
4101,17.087500,,,,,,,,,,,,,,,
4102,17.091667,,,,,,,,,,,,,,,
4103,17.095833,,,,,,,,,,,,,,,
4104,17.100000,,,,,,,,,,,,,,,
4105,17.104167,,,,,,,,,,,,,,,
4106,17.108333,,,,,,,,,,,,,,,
4107,17.112500,,,,,,,,,,,,,,,
4108,17.116667,,,,,,,,,,,,,,,
4109,17.120833,,,,,,,,,,,,,,,
4110,17.125000,,,,,,,,,,,,,,,
4111,17.129167,,,,,,,,,,,,,,,
4112,17.133333,,,,,,,,,,,,,,,
4113,17.137500,,,,,,,,,,,,,,,
4114,17.141667,,,,,,,,,,,,,,,
4115,17.145833,,,,,,,,,,,,,,,
4116,17.150000,,,,,,,,,,,,,,,
4117,17.154167,,,,,,,,,,,,,,,
4118,17.158333,,,,,,,,,,,,,,,
4119,17.162500,,,,,,,,,,,,,,,
4120,17.166667,,,,,,,,,,,,,,,
4121,17.170833,,,,,,,,,,,,,,,
4122,17.175000,,,,,,,,,,,,,,,
4123,17.179167,,,,,,,,,,,,,,,
4124,17.183333,,,,,,,,,,,,,,,
4125,17.187500,,,,,,,,,,,,,,,
4126,17.191667,,,,,,,,,,,,,,,
4127,17.195833,,,,,,,,,,,,,,,
4128,17.200000,,,,,,,,,,,,,,,
4129,17.204167,,,,,,,,,,,,,,,
4130,17.208333,,,,,,,,,,,,,,,
4131,17.212500,,,,,,,,,,,,,,,
4132,17.216667,,,,,,,,,,,,,,,
4133,17.220833,,,,,,,,,,,,,,,
4134,17.225000,,,,,,,,,,,,,,,
4135,17.229167,,,,,,,,,,,,,,,
4136,17.233333,,,,,,,,,,,,,,,
4137,17.237500,,,,,,,,,,,,,,,
4138,17.241667,,,,,,,,,,,,,,,
4139,17.245833,,,,,,,,,,,,,,,
4140,17.250000,,,,,,,,,,,,,,,
4141,17.254167,,,,,,,,,,,,,,,
4142,17.258333,,,,,,,,,,,,,,,
4143,17.262500,,,,,,,,,,,,,,,
4144,17.266667,,,,,,,,,,,,,,,
4145,17.270833,,,,,,,,,,,,,,,
4146,17.275000,,,,,,,,,,,,,,,
4147,17.279167,,,,,,,,,,,,,,,
4148,17.283333,,,,,,,,,,,,,,,
4149,17.287500,,,,,,,,,,,,,,,
4150,17.291667,,,,,,,,,,,,,,,
4151,17.295833,,,,,,,,,,,,,,,
4152,17.300000,,,,,,,,,,,,,,,
4153,17.304167,,,,,,,,,,,,,,,
4154,17.308333,,,,,,,,,,,,,,,
4155,17.312500,,,,,,,,,,,,,,,
4156,17.316667,,,,,,,,,,,,,,,
4157,17.320833,,,,,,,,,,,,,,,
4158,17.325000,,,,,,,,,,,,,,,
4159,17.329167,,,,,,,,,,,,,,,
4160,17.333333,,,,,,,,,,,,,,,
4161,17.337500,,,,,,,,,,,,,,,
4162,17.341667,,,,,,,,,,,,,,,
4163,17.345833,,,,,,,,,,,,,,,
4164,17.350000,,,,,,,,,,,,,,,
4165,17.354167,,,,,,,,,,,,,,,
4166,17.358333,,,,,,,,,,,,,,,
4167,17.362500,,,,,,,,,,,,,,,
4168,17.366667,,,,,,,,,,,,,,,
4169,17.370833,,,,,,,,,,,,,,,
4170,17.375000,,,,,,,,,,,,,,,
4171,17.379167,,,,,,,,,,,,,,,
4172,17.383333,,,,,,,,,,,,,,,
4173,17.387500,,,,,,,,,,,,,,,
4174,17.391667,,,,,,,,,,,,,,,
4175,17.395833,,,,,,,,,,,,,,,
4176,17.400000,,,,,,,,,,,,,,,
4177,17.404167,,,,,,,,,,,,,,,
4178,17.408333,,,,,,,,,,,,,,,
4179,17.412500,,,,,,,,,,,,,,,
4180,17.416667,,,,,,,,,,,,,,,
4181,17.420833,,,,,,,,,,,,,,,
4182,17.425000,,,,,,,,,,,,,,,
4183,17.429167,,,,,,,,,,,,,,,
4184,17.433333,,,,,,,,,,,,,,,
4185,17.437500,,,,,,,,,,,,,,,
4186,17.441667,,,,,,,,,,,,,,,
4187,17.445833,,,,,,,,,,,,,,,
4188,17.450000,,,,,,,,,,,,,,,
4189,17.454167,,,,,,,,,,,,,,,
4190,17.458333,,,,,,,,,,,,,,,
4191,17.462500,,,,,,,,,,,,,,,
4192,17.466667,,,,,,,,,,,,,,,
4193,17.470833,,,,,,,,,,,,,,,
4194,17.475000,,,,,,,,,,,,,,,
4195,17.479167,,,,,,,,,,,,,,,
4196,17.483333,,,,,,,,,,,,,,,
4197,17.487500,,,,,,,,,,,,,,,
4198,17.491667,,,,,,,,,,,,,,,
4199,17.495833,,,,,,,,,,,,,,,
4200,17.500000,,,,,,,,,,,,,,,
4201,17.504167,,,,,,,,,,,,,,,
4202,17.508333,,,,,,,,,,,,,,,
4203,17.512500,,,,,,,,,,,,,,,
4204,17.516667,,,,,,,,,,,,,,,
4205,17.520833,,,,,,,,,,,,,,,
4206,17.525000,,,,,,,,,,,,,,,
4207,17.529167,,,,,,,,,,,,,,,
4208,17.533333,,,,,,,,,,,,,,,
4209,17.537500,,,,,,,,,,,,,,,
4210,17.541667,,,,,,,,,,,,,,,
4211,17.545833,,,,,,,,,,,,,,,
4212,17.550000,,,,,,,,,,,,,,,
4213,17.554167,,,,,,,,,,,,,,,
4214,17.558333,,,,,,,,,,,,,,,
4215,17.562500,,,,,,,,,,,,,,,
4216,17.566667,,,,,,,,,,,,,,,
4217,17.570833,,,,,,,,,,,,,,,
4218,17.575000,,,,,,,,,,,,,,,
4219,17.579167,,,,,,,,,,,,,,,
4220,17.583333,,,,,,,,,,,,,,,
4221,17.587500,,,,,,,,,,,,,,,
4222,17.591667,,,,,,,,,,,,,,,
4223,17.595833,,,,,,,,,,,,,,,
4224,17.600000,,,,,,,,,,,,,,,
4225,17.604167,,,,,,,,,,,,,,,
4226,17.608333,,,,,,,,,,,,,,,
4227,17.612500,,,,,,,,,,,,,,,
4228,17.616667,,,,,,,,,,,,,,,
4229,17.620833,,,,,,,,,,,,,,,
4230,17.625000,,,,,,,,,,,,,,,
4231,17.629167,,,,,,,,,,,,,,,
4232,17.633333,,,,,,,,,,,,,,,
4233,17.637500,,,,,,,,,,,,,,,
4234,17.641667,,,,,,,,,,,,,,,
4235,17.645833,,,,,,,,,,,,,,,
4236,17.650000,,,,,,,,,,,,,,,
4237,17.654167,,,,,,,,,,,,,,,
4238,17.658333,,,,,,,,,,,,,,,
4239,17.662500,,,,,,,,,,,,,,,
4240,17.666667,,,,,,,,,,,,,,,
4241,17.670833,,,,,,,,,,,,,,,
4242,17.675000,,,,,,,,,,,,,,,
4243,17.679167,,,,,,,,,,,,,,,
4244,17.683333,,,,,,,,,,,,,,,
4245,17.687500,,,,,,,,,,,,,,,
4246,17.691667,,,,,,,,,,,,,,,
4247,17.695833,,,,,,,,,,,,,,,
4248,17.700000,,,,,,,,,,,,,,,
4249,17.704167,,,,,,,,,,,,,,,
4250,17.708333,,,,,,,,,,,,,,,
4251,17.712500,,,,,,,,,,,,,,,
4252,17.716667,,,,,,,,,,,,,,,
4253,17.720833,,,,,,,,,,,,,,,
4254,17.725000,,,,,,,,,,,,,,,
4255,17.729167,,,,,,,,,,,,,,,
4256,17.733333,,,,,,,,,,,,,,,
4257,17.737500,,,,,,,,,,,,,,,
4258,17.741667,,,,,,,,,,,,,,,
4259,17.745833,,,,,,,,,,,,,,,
4260,17.750000,,,,,,,,,,,,,,,
4261,17.754167,,,,,,,,,,,,,,,
4262,17.758333,,,,,,,,,,,,,,,
4263,17.762500,,,,,,,,,,,,,,,
4264,17.766667,,,,,,,,,,,,,,,
4265,17.770833,,,,,,,,,,,,,,,
4266,17.775000,,,,,,,,,,,,,,,
4267,17.779167,,,,,,,,,,,,,,,
4268,17.783333,,,,,,,,,,,,,,,
4269,17.787500,,,,,,,,,,,,,,,
4270,17.791667,,,,,,,,,,,,,,,
4271,17.795833,,,,,,,,,,,,,,,
4272,17.800000,,,,,,,,,,,,,,,
4273,17.804167,,,,,,,,,,,,,,,
4274,17.808333,,,,,,,,,,,,,,,
4275,17.812500,,,,,,,,,,,,,,,
4276,17.816667,,,,,,,,,,,,,,,
4277,17.820833,,,,,,,,,,,,,,,
4278,17.825000,,,,,,,,,,,,,,,
4279,17.829167,,,,,,,,,,,,,,,
4280,17.833333,,,,,,,,,,,,,,,
