0,0.000000,0.173451,0.419110,0.183766,0.196173,0.332093,0.179120,0.205032,0.184195,0.177903,0.207490,0.056895,0.180404,0.159161,0.258651,0.175146
1,0.004167,0.173476,0.419112,0.183777,0.196176,0.332093,0.179118,0.205022,0.184195,0.177901,0.207489,0.056895,0.180407,0.159150,0.258655,0.175148
2,0.008333,0.173496,0.419109,0.183782,0.196179,0.332089,0.179115,0.205023,0.184197,0.177900,0.207492,0.056896,0.180405,0.159153,0.258649,0.175139
3,0.012500,0.173521,0.419109,0.183792,0.196182,0.332086,0.179111,0.205010,0.184202,0.177902,0.207491,0.056898,0.180409,0.158961,0.258976,0.175436
4,0.016667,0.173550,0.419112,0.183800,0.196181,0.332085,0.179106,0.205001,0.184198,0.177895,0.207489,0.056895,0.180408,0.158928,0.258978,0.175428
5,0.020833,0.173577,0.419112,0.183805,0.196183,0.332082,0.179102,0.204998,0.184204,0.177899,0.207488,0.056896,0.180410,0.159097,0.258698,0.175166
6,0.025000,0.173601,0.419110,0.183805,0.196184,0.332079,0.179099,0.204992,0.184205,0.177897,0.207491,0.056892,0.180410,0.159166,0.258614,0.175096
7,0.029167,0.173628,0.419108,0.183813,0.196185,0.332076,0.179093,0.204986,0.184205,0.177894,0.207493,0.056892,0.180411,0.158954,0.258972,0.175429
8,0.033333,0.173652,0.419110,0.183814,0.196185,0.332074,0.179088,0.204977,0.184205,0.177890,0.207493,0.056889,0.180409,0.158912,0.258987,0.175422
9,0.037500,0.173672,0.419110,0.183810,0.196182,0.332072,0.179081,0.204975,0.184206,0.177891,0.207491,0.056889,0.180409,0.158921,0.258975,0.175414
10,0.041667,0.173690,0.419112,0.183806,0.196184,0.332068,0.179078,0.204974,0.184205,0.177889,0.207495,0.056888,0.180408,0.158924,0.258980,0.175415
11,0.045833,0.173704,0.419111,0.183799,0.196183,0.332066,0.179073,0.204967,0.184206,0.177889,0.207497,0.056884,0.180411,0.158917,0.258982,0.175415
12,0.050000,0.173718,0.419109,0.183784,0.196183,0.332063,0.179068,0.204967,0.184208,0.177891,0.207500,0.056881,0.180408,0.158911,0.258984,0.175414
13,0.054167,0.173727,0.419110,0.183781,0.196182,0.332060,0.179063,0.204967,0.184208,0.177892,0.207502,0.056881,0.180410,0.158912,0.258984,0.175407
14,0.058333,0.173737,0.419109,0.183767,0.196181,0.332058,0.179058,0.204964,0.184209,0.177892,0.207503,0.056880,0.180410,0.158906,0.258991,0.175412
15,0.062500,0.173740,0.419111,0.183753,0.196180,0.332055,0.179054,0.204963,0.184208,0.177893,0.207506,0.056882,0.180413,0.158901,0.258985,0.175407
16,0.066667,0.173741,0.419109,0.183740,0.196178,0.332054,0.179050,0.204962,0.184208,0.177892,0.207509,0.056881,0.180415,0.158905,0.258988,0.175416
17,0.070833,0.173738,0.419110,0.183727,0.196177,0.332054,0.179045,0.204960,0.184209,0.177893,0.207514,0.056879,0.180416,0.158902,0.258979,0.175411
18,0.075000,0.173733,0.419110,0.183712,0.196174,0.332053,0.179044,0.204958,0.184209,0.177896,0.207514,0.056879,0.180419,0.158900,0.258976,0.175415
19,0.079167,0.173727,0.419110,0.183696,0.196172,0.332054,0.179040,0.204959,0.184210,0.177899,0.207514,0.056882,0.180419,0.158899,0.258982,0.175415
20,0.083333,0.173715,0.419111,0.183682,0.196168,0.332055,0.179036,0.204962,0.184207,0.177900,0.207516,0.056877,0.180424,0.158900,0.258979,0.175418
21,0.087500,0.173701,0.419109,0.183664,0.196164,0.332057,0.179033,0.204962,0.184209,0.177906,0.207518,0.056876,0.180425,0.158898,0.258974,0.175413
22,0.091667,0.173687,0.419112,0.183650,0.196161,0.332058,0.179030,0.204966,0.184207,0.177911,0.207516,0.056880,0.180422,0.158895,0.258972,0.175418
23,0.095833,0.173668,0.419111,0.183636,0.196157,0.332063,0.179031,0.204970,0.184210,0.177914,0.207518,0.056880,0.180426,0.158905,0.258970,0.175422
24,0.100000,0.173649,0.419113,0.183620,0.196151,0.332064,0.179027,0.204975,0.184208,0.177918,0.207519,0.056875,0.180432,0.158898,0.258971,0.175429
25,0.104167,0.173628,0.419111,0.183605,0.196148,0.332065,0.179025,0.204980,0.184207,0.177920,0.207523,0.056875,0.180432,0.158907,0.258960,0.175423
26,0.108333,0.173607,0.419120,0.183595,0.196145,0.332066,0.179022,0.204985,0.184206,0.177924,0.207521,0.056875,0.180433,0.158907,0.258962,0.175430
27,0.112500,0.173584,0.419120,0.183587,0.196140,0.332069,0.179021,0.204991,0.184200,0.177923,0.207521,0.056880,0.180428,0.159071,0.258644,0.175135
28,0.116667,0.173561,0.419117,0.183571,0.196137,0.332073,0.179021,0.204997,0.184201,0.177931,0.207522,0.056880,0.180427,0.158923,0.258966,0.175439
29,0.120833,0.173538,0.419116,0.183563,0.196133,0.332076,0.179020,0.205002,0.184199,0.177931,0.207522,0.056881,0.180431,0.158907,0.258961,0.175430
30,0.125000,0.173512,0.419116,0.183556,0.196130,0.332078,0.179021,0.205014,0.184200,0.177937,0.207518,0.056880,0.180428,0.158915,0.258951,0.175439
31,0.129167,0.173486,0.419115,0.183547,0.196127,0.332081,0.179022,0.205013,0.184197,0.177937,0.207516,0.056883,0.180433,0.158925,0.258955,0.175432
32,0.133333,0.173465,0.419116,0.183542,0.196126,0.332082,0.179023,0.205024,0.184201,0.177940,0.207516,0.056882,0.180430,0.158928,0.258957,0.175441
33,0.137500,0.173443,0.419115,0.183537,0.196125,0.332084,0.179024,0.205031,0.184200,0.177940,0.207519,0.056883,0.180426,0.159089,0.258685,0.175169
34,0.141667,0.173421,0.419113,0.183532,0.196126,0.332084,0.179026,0.205035,0.184196,0.177942,0.207518,0.056884,0.180425,0.158963,0.258947,0.175437
35,0.145833,0.173404,0.419112,0.183530,0.196125,0.332086,0.179028,0.205039,0.184194,0.177941,0.207515,0.056881,0.180423,0.158929,0.258952,0.175439
36,0.150000,0.173388,0.419110,0.183529,0.196124,0.332089,0.179030,0.205045,0.184191,0.177940,0.207516,0.056879,0.180414,0.158973,0.258939,0.175431
37,0.154167,0.173373,0.419107,0.183525,0.196124,0.332088,0.179032,0.205050,0.184193,0.177942,0.207513,0.056883,0.180416,0.159115,0.258670,0.175173
38,0.158333,0.173360,0.419106,0.183525,0.196127,0.332089,0.179034,0.205056,0.184191,0.177942,0.207513,0.056881,0.180409,0.158974,0.258940,0.175440
39,0.162500,0.173353,0.419105,0.183531,0.196124,0.332094,0.179035,0.205060,0.184188,0.177938,0.207512,0.056882,0.180405,0.158965,0.258939,0.175426
40,0.166667,0.173347,0.419108,0.183535,0.196125,0.332096,0.179036,0.205062,0.184189,0.177936,0.207508,0.056882,0.180406,0.158981,0.258935,0.175425
41,0.170833,0.173339,0.419107,0.183542,0.196127,0.332096,0.179040,0.205060,0.184188,0.177935,0.207506,0.056885,0.180403,0.159127,0.258665,0.175157
42,0.175000,0.173336,0.419104,0.183546,0.196129,0.332096,0.179043,0.205063,0.184187,0.177932,0.207505,0.056887,0.180398,0.159195,0.258583,0.175093
43,0.179167,0.173335,0.419103,0.183553,0.196131,0.332097,0.179045,0.205066,0.184185,0.177927,0.207507,0.056886,0.180395,0.159190,0.258606,0.175108
44,0.183333,0.173338,0.419104,0.183565,0.196137,0.332098,0.179048,0.205067,0.184186,0.177925,0.207509,0.056887,0.180393,0.159174,0.258626,0.175117
45,0.187500,0.173341,0.419104,0.183573,0.196139,0.332099,0.179053,0.205068,0.184186,0.177921,0.207504,0.056887,0.180393,0.159141,0.258661,0.175140
46,0.191667,0.173348,0.419105,0.183584,0.196142,0.332099,0.179053,0.205062,0.184190,0.177920,0.207501,0.056889,0.180388,0.159158,0.258646,0.175128
47,0.195833,0.173355,0.419106,0.183592,0.196143,0.332100,0.179057,0.205059,0.184191,0.177915,0.207499,0.056891,0.180386,0.159170,0.258643,0.175119
48,0.200000,0.173365,0.419104,0.183604,0.196147,0.332099,0.179056,0.205058,0.184191,0.177908,0.207497,0.056894,0.180388,0.159171,0.258645,0.175110
49,0.204167,0.173377,0.419103,0.183615,0.196151,0.332097,0.179059,0.205055,0.184192,0.177904,0.207494,0.056894,0.180388,0.159168,0.258641,0.175107
50,0.208333,0.173393,0.419107,0.183630,0.196153,0.332095,0.179061,0.205053,0.184194,0.177898,0.207495,0.056892,0.180382,0.158989,0.258961,0.175406
51,0.212500,0.173411,0.419111,0.183646,0.196156,0.332095,0.179061,0.205047,0.184194,0.177894,0.207491,0.056895,0.180385,0.158993,0.258957,0.175396
52,0.216667,0.173430,0.419109,0.183655,0.196160,0.332093,0.179063,0.205042,0.184196,0.177890,0.207491,0.056895,0.180384,0.159123,0.258692,0.175136
53,0.220833,0.173449,0.419109,0.183666,0.196166,0.332090,0.179062,0.205039,0.184195,0.177885,0.207492,0.056894,0.180385,0.159191,0.258611,0.175066
54,0.225000,0.173469,0.419108,0.183677,0.196171,0.332088,0.179061,0.205035,0.184198,0.177882,0.207493,0.056895,0.180385,0.159178,0.258626,0.175076
55,0.229167,0.173491,0.419112,0.183690,0.196171,0.332087,0.179063,0.205026,0.184206,0.177882,0.207494,0.056895,0.180388,0.159159,0.258647,0.175087
56,0.233333,0.173514,0.419113,0.183703,0.196173,0.332086,0.179061,0.205021,0.184202,0.177875,0.207492,0.056896,0.180387,0.159151,0.258660,0.175091
57,0.237500,0.173534,0.419114,0.183711,0.196173,0.332084,0.179061,0.205012,0.184210,0.177875,0.207492,0.056893,0.180391,0.158963,0.258972,0.175389
58,0.241667,0.173552,0.419113,0.183720,0.196175,0.332082,0.179059,0.205009,0.184211,0.177872,0.207490,0.056897,0.180397,0.158964,0.258969,0.175381
59,0.245833,0.173577,0.419112,0.183728,0.196179,0.332078,0.179056,0.204998,0.184209,0.177869,0.207493,0.056896,0.180393,0.158948,0.258980,0.175381
60,0.250000,0.173597,0.419112,0.183736,0.196179,0.332073,0.179053,0.205000,0.184209,0.177868,0.207494,0.056892,0.180397,0.159096,0.258707,0.175112
61,0.254167,0.173617,0.419112,0.183737,0.196183,0.332070,0.179051,0.204997,0.184211,0.177865,0.207495,0.056889,0.180399,0.158956,0.258984,0.175377
62,0.258333,0.173642,0.419107,0.183745,0.196181,0.332068,0.179047,0.204991,0.184212,0.177865,0.207498,0.056885,0.180401,0.158959,0.258975,0.175376
63,0.262500,0.173660,0.419107,0.183745,0.196182,0.332065,0.179041,0.204990,0.184208,0.177862,0.207499,0.056888,0.180405,0.159089,0.258701,0.175113
64,0.266667,0.173672,0.419106,0.183742,0.196183,0.332061,0.179037,0.204987,0.184208,0.177862,0.207503,0.056886,0.180404,0.158949,0.258976,0.175385
65,0.270833,0.173688,0.419107,0.183744,0.196182,0.332061,0.179033,0.204976,0.184206,0.177862,0.207504,0.056886,0.180406,0.158920,0.258985,0.175377
66,0.275000,0.173697,0.419108,0.183742,0.196184,0.332058,0.179028,0.204975,0.184207,0.177863,0.207504,0.056885,0.180410,0.158916,0.258979,0.175376
67,0.279167,0.173705,0.419110,0.183736,0.196182,0.332056,0.179023,0.204974,0.184208,0.177863,0.207507,0.056885,0.180411,0.158919,0.258973,0.175370
68,0.283333,0.173712,0.419107,0.183729,0.196181,0.332053,0.179018,0.204972,0.184208,0.177866,0.207509,0.056884,0.180416,0.158918,0.258979,0.175377
69,0.287500,0.173712,0.419108,0.183721,0.196181,0.332052,0.179013,0.204973,0.184207,0.177865,0.207511,0.056884,0.180412,0.158916,0.258979,0.175367
70,0.291667,0.173711,0.419109,0.183711,0.196179,0.332052,0.179006,0.204973,0.184209,0.177870,0.207508,0.056883,0.180416,0.158914,0.258989,0.175367
71,0.295833,0.173708,0.419108,0.183698,0.196177,0.332053,0.179002,0.204973,0.184206,0.177872,0.207506,0.056884,0.180418,0.158916,0.258983,0.175369
72,0.300000,0.173703,0.419111,0.183684,0.196173,0.332056,0.178998,0.204971,0.184212,0.177873,0.207505,0.056887,0.180420,0.158912,0.258989,0.175368
73,0.304167,0.173696,0.419112,0.183668,0.196168,0.332058,0.178993,0.204973,0.184212,0.177876,0.207506,0.056887,0.180421,0.158912,0.258990,0.175371
74,0.308333,0.173684,0.419111,0.183652,0.196167,0.332059,0.178989,0.204976,0.184213,0.177877,0.207506,0.056887,0.180421,0.158913,0.258983,0.175372
75,0.312500,0.173672,0.419112,0.183635,0.196164,0.332059,0.178986,0.204977,0.184210,0.177884,0.207507,0.056888,0.180420,0.158912,0.258979,0.175369
76,0.316667,0.173660,0.419112,0.183619,0.196163,0.332061,0.178982,0.204981,0.184209,0.177885,0.207511,0.056885,0.180420,0.159072,0.258708,0.175108
77,0.320833,0.173646,0.419112,0.183603,0.196160,0.332064,0.178980,0.204985,0.184209,0.177889,0.207513,0.056884,0.180419,0.158941,0.258981,0.175368
78,0.325000,0.173634,0.419109,0.183584,0.196158,0.332064,0.178976,0.204990,0.184209,0.177893,0.207516,0.056883,0.180418,0.158910,0.258982,0.175372
79,0.329167,0.173615,0.419110,0.183567,0.196158,0.332065,0.178976,0.204996,0.184204,0.177893,0.207515,0.056883,0.180418,0.158949,0.258967,0.175368
80,0.333333,0.173598,0.419116,0.183556,0.196158,0.332066,0.178972,0.205005,0.184205,0.177899,0.207516,0.056881,0.180419,0.159079,0.258702,0.175106
81,0.337500,0.173579,0.419114,0.183539,0.196155,0.332068,0.178973,0.205003,0.184201,0.177902,0.207516,0.056883,0.180417,0.159146,0.258626,0.175052
82,0.341667,0.173560,0.419114,0.183524,0.196152,0.332071,0.178974,0.205015,0.184203,0.177906,0.207515,0.056883,0.180418,0.159133,0.258641,0.175078
83,0.345833,0.173543,0.419112,0.183510,0.196150,0.332072,0.178973,0.205018,0.184199,0.177909,0.207515,0.056882,0.180419,0.159127,0.258651,0.175091
84,0.350000,0.173521,0.419112,0.183500,0.196150,0.332073,0.178975,0.205023,0.184197,0.177913,0.207512,0.056882,0.180422,0.158956,0.258958,0.175385
85,0.354167,0.173503,0.419111,0.183489,0.196150,0.332075,0.178976,0.205025,0.184193,0.177914,0.207510,0.056883,0.180420,0.158967,0.258946,0.175378
86,0.358333,0.173483,0.419111,0.183480,0.196151,0.332075,0.178977,0.205032,0.184193,0.177917,0.207513,0.056880,0.180415,0.159102,0.258686,0.175127
87,0.362500,0.173465,0.419108,0.183470,0.196154,0.332078,0.178982,0.205040,0.184192,0.177923,0.207513,0.056881,0.180421,0.159145,0.258637,0.175096
88,0.366667,0.173450,0.419108,0.183465,0.196152,0.332079,0.178985,0.205045,0.184191,0.177924,0.207516,0.056881,0.180422,0.159159,0.258629,0.175095
89,0.370833,0.173435,0.419110,0.183463,0.196153,0.332084,0.178986,0.205045,0.184190,0.177931,0.207515,0.056883,0.180420,0.159154,0.258634,0.175106
90,0.375000,0.173422,0.419111,0.183461,0.196151,0.332087,0.178990,0.205050,0.184188,0.177931,0.207512,0.056882,0.180420,0.159153,0.258633,0.175106
91,0.379167,0.173410,0.419113,0.183461,0.196152,0.332090,0.178991,0.205051,0.184191,0.177933,0.207513,0.056882,0.180420,0.159162,0.258638,0.175112
92,0.383333,0.173401,0.419113,0.183464,0.196151,0.332092,0.178994,0.205056,0.184189,0.177932,0.207511,0.056885,0.180420,0.159166,0.258631,0.175109
93,0.387500,0.173393,0.419112,0.183469,0.196153,0.332093,0.178999,0.205056,0.184188,0.177934,0.207508,0.056885,0.180420,0.159164,0.258633,0.175121
94,0.391667,0.173386,0.419111,0.183472,0.196155,0.332094,0.179004,0.205054,0.184191,0.177936,0.207505,0.056884,0.180419,0.159165,0.258634,0.175120
95,0.395833,0.173383,0.419111,0.183481,0.196156,0.332095,0.179009,0.205054,0.184191,0.177935,0.207503,0.056886,0.180417,0.159167,0.258635,0.175120
96,0.400000,0.173383,0.419114,0.183493,0.196157,0.332097,0.179014,0.205057,0.184190,0.177936,0.207500,0.056889,0.180416,0.159164,0.258640,0.175126
97,0.404167,0.173387,0.419115,0.183503,0.196161,0.332098,0.179019,0.205055,0.184192,0.177934,0.207498,0.056892,0.180418,0.159173,0.258643,0.175124
98,0.408333,0.173390,0.419113,0.183512,0.196165,0.332098,0.179025,0.205054,0.184192,0.177935,0.207497,0.056891,0.180417,0.159176,0.258639,0.175126
99,0.412500,0.173395,0.419114,0.183529,0.196167,0.332098,0.179031,0.205052,0.184193,0.177931,0.207494,0.056895,0.180418,0.159176,0.258637,0.175119
100,0.416667,0.173403,0.419113,0.183542,0.196169,0.332095,0.179035,0.205049,0.184194,0.177930,0.207493,0.056891,0.180413,0.159169,0.258639,0.175123
101,0.420833,0.173414,0.419115,0.183559,0.196174,0.332095,0.179040,0.205048,0.184195,0.177925,0.207491,0.056895,0.180413,0.159148,0.258668,0.175137
102,0.425000,0.173429,0.419114,0.183575,0.196177,0.332095,0.179045,0.205047,0.184194,0.177923,0.207492,0.056891,0.180405,0.159164,0.258650,0.175120
103,0.429167,0.173445,0.419113,0.183592,0.196180,0.332092,0.179047,0.205046,0.184191,0.177920,0.207492,0.056891,0.180404,0.159170,0.258641,0.175121
104,0.433333,0.173463,0.419113,0.183610,0.196183,0.332090,0.179050,0.205042,0.184191,0.177915,0.207491,0.056889,0.180400,0.159174,0.258643,0.175119
105,0.437500,0.173481,0.419115,0.183630,0.196183,0.332088,0.179053,0.205038,0.184191,0.177911,0.207491,0.056890,0.180400,0.159170,0.258642,0.175114
106,0.441667,0.173502,0.419110,0.183643,0.196186,0.332088,0.179057,0.205036,0.184194,0.177906,0.207491,0.056889,0.180393,0.159172,0.258641,0.175107
107,0.445833,0.173521,0.419114,0.183663,0.196188,0.332085,0.179060,0.205030,0.184194,0.177902,0.207490,0.056894,0.180390,0.159167,0.258639,0.175110
108,0.450000,0.173536,0.419108,0.183677,0.196190,0.332081,0.179062,0.205028,0.184193,0.177897,0.207489,0.056893,0.180391,0.159161,0.258643,0.175106
109,0.454167,0.173557,0.419108,0.183690,0.196190,0.332079,0.179065,0.205017,0.184191,0.177892,0.207488,0.056891,0.180388,0.158983,0.258959,0.175402
110,0.458333,0.173578,0.419107,0.183707,0.196192,0.332078,0.179066,0.205016,0.184196,0.177886,0.207487,0.056893,0.180386,0.158946,0.258972,0.175399
111,0.462500,0.173598,0.419110,0.183722,0.196194,0.332076,0.179068,0.205007,0.184198,0.177887,0.207488,0.056893,0.180383,0.158951,0.258973,0.175400
112,0.466667,0.173623,0.419104,0.183731,0.196195,0.332072,0.179069,0.205009,0.184203,0.177881,0.207492,0.056890,0.180381,0.158956,0.258971,0.175392
113,0.470833,0.173641,0.419104,0.183741,0.196195,0.332071,0.179069,0.205004,0.184204,0.177878,0.207492,0.056893,0.180382,0.159114,0.258685,0.175126
114,0.475000,0.173652,0.419105,0.183755,0.196198,0.332067,0.179071,0.205000,0.184205,0.177873,0.207493,0.056892,0.180380,0.159178,0.258609,0.175059
115,0.479167,0.173668,0.419105,0.183761,0.196196,0.332063,0.179070,0.204997,0.184205,0.177870,0.207494,0.056891,0.180382,0.159158,0.258632,0.175076
116,0.483333,0.173677,0.419105,0.183769,0.196196,0.332062,0.179071,0.204989,0.184202,0.177868,0.207496,0.056889,0.180381,0.158955,0.258974,0.175393
117,0.487500,0.173689,0.419105,0.183772,0.196195,0.332060,0.179069,0.204988,0.184207,0.177864,0.207496,0.056887,0.180384,0.158955,0.258970,0.175375
118,0.491667,0.173694,0.419101,0.183771,0.196194,0.332059,0.179069,0.204983,0.184205,0.177865,0.207499,0.056887,0.180387,0.158933,0.258982,0.175387
119,0.495833,0.173698,0.419104,0.183780,0.196192,0.332057,0.179066,0.204978,0.184203,0.177861,0.207500,0.056886,0.180387,0.158926,0.258984,0.175386
120,0.500000,0.173703,0.419103,0.183782,0.196190,0.332055,0.179066,0.204979,0.184203,0.177860,0.207498,0.056887,0.180391,0.158925,0.258977,0.175382
121,0.504167,0.173703,0.419103,0.183782,0.196188,0.332055,0.179065,0.204977,0.184205,0.177862,0.207503,0.056884,0.180392,0.158925,0.258984,0.175388
122,0.508333,0.173706,0.419103,0.183778,0.196189,0.332053,0.179063,0.204975,0.184206,0.177862,0.207503,0.056886,0.180394,0.158919,0.258981,0.175384
123,0.512500,0.173701,0.419103,0.183781,0.196184,0.332055,0.179060,0.204976,0.184208,0.177863,0.207504,0.056885,0.180401,0.158921,0.258982,0.175373
124,0.516667,0.173699,0.419102,0.183781,0.196182,0.332053,0.179059,0.204976,0.184207,0.177867,0.207505,0.056885,0.180400,0.158920,0.258978,0.175384
125,0.520833,0.173692,0.419102,0.183775,0.196178,0.332052,0.179055,0.204978,0.184204,0.177868,0.207506,0.056884,0.180403,0.158918,0.258977,0.175390
126,0.525000,0.173684,0.419105,0.183771,0.196175,0.332054,0.179049,0.204981,0.184206,0.177869,0.207511,0.056885,0.180405,0.158925,0.258975,0.175383
127,0.529167,0.173677,0.419101,0.183757,0.196171,0.332053,0.179048,0.204985,0.184205,0.177873,0.207515,0.056882,0.180408,0.159079,0.258696,0.175117
128,0.533333,0.173665,0.419099,0.183747,0.196171,0.332053,0.179042,0.204990,0.184204,0.177876,0.207516,0.056880,0.180413,0.158938,0.258970,0.175384
129,0.537500,0.173654,0.419101,0.183739,0.196165,0.332056,0.179039,0.204992,0.184202,0.177879,0.207515,0.056882,0.180414,0.158913,0.258966,0.175383
130,0.541667,0.173639,0.419098,0.183727,0.196163,0.332056,0.179034,0.204996,0.184201,0.177885,0.207513,0.056881,0.180414,0.158924,0.258967,0.175386
131,0.545833,0.173624,0.419098,0.183713,0.196159,0.332057,0.179032,0.205004,0.184204,0.177888,0.207516,0.056881,0.180418,0.159087,0.258691,0.175121
132,0.550000,0.173601,0.419104,0.183700,0.196157,0.332059,0.179030,0.205009,0.184203,0.177892,0.207520,0.056881,0.180419,0.158950,0.258957,0.175395
133,0.554167,0.173581,0.419105,0.183688,0.196154,0.332061,0.179025,0.205013,0.184202,0.177891,0.207519,0.056879,0.180418,0.158927,0.258965,0.175386
134,0.558333,0.173568,0.419107,0.183675,0.196148,0.332063,0.179022,0.205017,0.184197,0.177896,0.207518,0.056877,0.180422,0.158931,0.258962,0.175392
135,0.562500,0.173550,0.419106,0.183656,0.196145,0.332066,0.179019,0.205022,0.184195,0.177895,0.207517,0.056882,0.180428,0.158943,0.258959,0.175392
136,0.566667,0.173528,0.419106,0.183640,0.196145,0.332070,0.179016,0.205027,0.184195,0.177903,0.207517,0.056880,0.180421,0.159099,0.258680,0.175128
137,0.570833,0.173507,0.419108,0.183623,0.196144,0.332072,0.179015,0.205030,0.184195,0.177907,0.207519,0.056880,0.180420,0.159174,0.258599,0.175061
138,0.575000,0.173487,0.419104,0.183603,0.196142,0.332075,0.179014,0.205036,0.184193,0.177910,0.207521,0.056879,0.180421,0.159158,0.258611,0.175082
139,0.579167,0.173467,0.419105,0.183588,0.196140,0.332076,0.179012,0.205039,0.184194,0.177915,0.207519,0.056881,0.180419,0.159142,0.258641,0.175100
140,0.583333,0.173449,0.419106,0.183576,0.196139,0.332080,0.179013,0.205044,0.184191,0.177918,0.207517,0.056880,0.180421,0.159146,0.258637,0.175109
141,0.587500,0.173432,0.419107,0.183558,0.196139,0.332082,0.179012,0.205049,0.184193,0.177922,0.207517,0.056879,0.180422,0.159154,0.258634,0.175110
142,0.591667,0.173416,0.419106,0.183547,0.196139,0.332084,0.179011,0.205051,0.184193,0.177927,0.207518,0.056880,0.180421,0.159156,0.258630,0.175107
143,0.595833,0.173401,0.419104,0.183536,0.196138,0.332086,0.179012,0.205054,0.184191,0.177933,0.207518,0.056879,0.180420,0.159156,0.258632,0.175108
144,0.600000,0.173392,0.419106,0.183528,0.196142,0.332088,0.179016,0.205056,0.184191,0.177935,0.207515,0.056882,0.180425,0.159156,0.258634,0.175111
145,0.604167,0.173383,0.419110,0.183526,0.196143,0.332091,0.179018,0.205056,0.184191,0.177937,0.207512,0.056885,0.180425,0.159163,0.258633,0.175114
146,0.608333,0.173377,0.419108,0.183517,0.196143,0.332092,0.179021,0.205061,0.184189,0.177942,0.207511,0.056884,0.180423,0.159163,0.258633,0.175121
147,0.612500,0.173371,0.419111,0.183516,0.196147,0.332096,0.179025,0.205063,0.184190,0.177944,0.207511,0.056886,0.180425,0.159170,0.258630,0.175125
148,0.616667,0.173372,0.419109,0.183515,0.196150,0.332093,0.179026,0.205063,0.184190,0.177948,0.207511,0.056885,0.180425,0.159172,0.258628,0.175121
149,0.620833,0.173371,0.419111,0.183517,0.196152,0.332094,0.179032,0.205063,0.184188,0.177945,0.207510,0.056887,0.180427,0.159146,0.258656,0.175143
150,0.625000,0.173376,0.419110,0.183516,0.196156,0.332095,0.179035,0.205062,0.184190,0.177946,0.207512,0.056882,0.180425,0.159171,0.258633,0.175129
151,0.629167,0.173381,0.419114,0.183523,0.196158,0.332097,0.179038,0.205062,0.184187,0.177949,0.207510,0.056890,0.180425,0.159180,0.258622,0.175126
152,0.633333,0.173386,0.419113,0.183528,0.196159,0.332098,0.179042,0.205060,0.184188,0.177948,0.207508,0.056888,0.180420,0.159180,0.258622,0.175135
153,0.637500,0.173395,0.419113,0.183532,0.196162,0.332098,0.179046,0.205057,0.184189,0.177946,0.207503,0.056889,0.180420,0.159156,0.258658,0.175155
154,0.641667,0.173403,0.419115,0.183542,0.196163,0.332097,0.179050,0.205052,0.184189,0.177947,0.207500,0.056891,0.180420,0.159170,0.258641,0.175142
155,0.645833,0.173415,0.419115,0.183550,0.196163,0.332097,0.179054,0.205046,0.184192,0.177946,0.207494,0.056893,0.180424,0.159176,0.258636,0.175140
156,0.650000,0.173428,0.419116,0.183562,0.196167,0.332097,0.179056,0.205045,0.184193,0.177940,0.207496,0.056893,0.180417,0.159175,0.258636,0.175143
157,0.654167,0.173446,0.419118,0.183579,0.196170,0.332096,0.179063,0.205041,0.184193,0.177940,0.207496,0.056895,0.180418,0.159173,0.258638,0.175141
158,0.658333,0.173462,0.419120,0.183594,0.196173,0.332092,0.179065,0.205036,0.184195,0.177935,0.207493,0.056896,0.180417,0.158988,0.258960,0.175443
159,0.662500,0.173480,0.419119,0.183610,0.196173,0.332092,0.179069,0.205027,0.184191,0.177933,0.207491,0.056895,0.180412,0.158957,0.258966,0.175438
160,0.666667,0.173498,0.419118,0.183625,0.196180,0.332087,0.179074,0.205023,0.184192,0.177930,0.207491,0.056894,0.180415,0.158972,0.258956,0.175431
161,0.670833,0.173521,0.419113,0.183641,0.196180,0.332082,0.179076,0.205020,0.184190,0.177924,0.207497,0.056890,0.180405,0.158965,0.258965,0.175436
162,0.675000,0.173539,0.419096,0.183657,0.196179,0.332065,0.179076,0.205015,0.184189,0.177922,0.207497,0.056890,0.180404,0.159116,0.258681,0.175166
163,0.679167,0.173555,0.419013,0.183660,0.196167,0.332012,0.179070,0.205012,0.184172,0.177928,0.207498,0.056891,0.180400,0.158968,0.258940,0.175437
164,0.683333,0.173549,0.418818,0.183627,0.196150,0.331868,0.179044,0.205007,0.184147,0.177932,0.207497,0.056892,0.180396,0.158960,0.258874,0.175419
165,0.687500,0.173534,0.418543,0.183562,0.196124,0.331630,0.179038,0.204996,0.184079,0.177949,0.207498,0.056889,0.180396,0.159205,0.258450,0.175055
166,0.691667,0.173578,0.418209,0.183543,0.196097,0.331293,0.179019,0.204995,0.183996,0.177973,0.207500,0.056889,0.180393,0.158947,0.258387,0.175191
167,0.695833,0.173677,0.417847,0.183609,0.196106,0.330941,0.179022,0.204994,0.183877,0.178012,0.207496,0.056889,0.180392,0.159067,0.257902,0.174866
168,0.700000,0.173855,0.417540,0.183796,0.196138,0.330620,0.179056,0.205018,0.183712,0.178088,0.207497,0.056887,0.180392,0.158907,0.258030,0.175131
169,0.704167,0.174141,0.417306,0.184135,0.196171,0.330357,0.179104,0.205044,0.183576,0.178130,0.207493,0.056886,0.180390,0.158707,0.257765,0.174990
170,0.708333,0.174441,0.417122,0.184616,0.196204,0.330144,0.179164,0.205081,0.183488,0.178165,0.207486,0.056886,0.180387,0.158837,0.257286,0.174581
171,0.712500,0.174794,0.417003,0.185229,0.196240,0.330013,0.179263,0.205112,0.183465,0.178190,0.207479,0.056886,0.180389,0.158920,0.257137,0.174389
172,0.716667,0.175202,0.416945,0.185971,0.196263,0.329948,0.179378,0.205138,0.183505,0.178192,0.207478,0.056881,0.180383,0.158861,0.257203,0.174346
173,0.720833,0.175671,0.416952,0.186806,0.196281,0.329942,0.179485,0.205144,0.183584,0.178175,0.207474,0.056880,0.180388,0.158812,0.257309,0.174317
174,0.725000,0.176152,0.416985,0.187684,0.196297,0.329991,0.179582,0.205154,0.183679,0.178136,0.207473,0.056882,0.180387,0.158814,0.257405,0.174205
175,0.729167,0.176674,0.417028,0.188630,0.196323,0.330073,0.179672,0.205146,0.183761,0.178087,0.207475,0.056880,0.180387,0.158804,0.257488,0.174146
176,0.733333,0.177224,0.417041,0.189609,0.196360,0.330145,0.179749,0.205137,0.183838,0.178003,0.207475,0.056882,0.180390,0.158602,0.257922,0.174443
177,0.737500,0.177850,0.417012,0.190603,0.196414,0.330192,0.179827,0.205126,0.183888,0.177940,0.207478,0.056879,0.180392,0.158419,0.257851,0.174275
178,0.741667,0.178461,0.416940,0.191665,0.196487,0.330202,0.179912,0.205119,0.183913,0.177879,0.207474,0.056880,0.180395,0.158432,0.257974,0.174237
179,0.745833,0.179003,0.416806,0.192743,0.196590,0.330176,0.180032,0.205115,0.183915,0.177816,0.207467,0.056880,0.180396,0.158452,0.257984,0.174198
180,0.750000,0.179570,0.416645,0.193830,0.196699,0.330118,0.180156,0.205106,0.183893,0.177750,0.207463,0.056887,0.180389,0.158471,0.257965,0.174188
181,0.754167,0.180092,0.416483,0.194899,0.196826,0.330050,0.180293,0.205097,0.183837,0.177658,0.207458,0.056885,0.180390,0.158491,0.257945,0.174189
182,0.758333,0.180557,0.416327,0.195923,0.196970,0.329983,0.180480,0.205075,0.183804,0.177556,0.207451,0.056883,0.180389,0.158672,0.258027,0.174294
183,0.762500,0.180973,0.416168,0.196902,0.197108,0.329920,0.180666,0.205049,0.183785,0.177431,0.207451,0.056884,0.180386,0.158716,0.258014,0.174332
184,0.766667,0.181350,0.416058,0.197835,0.197260,0.329856,0.180899,0.205008,0.183774,0.177284,0.207446,0.056881,0.180385,0.158737,0.258022,0.174357
185,0.770833,0.181683,0.415969,0.198719,0.197433,0.329821,0.181154,0.204966,0.183807,0.177116,0.207448,0.056880,0.180385,0.158759,0.258065,0.174400
186,0.775000,0.181938,0.415887,0.199547,0.197631,0.329812,0.181439,0.204931,0.183826,0.176984,0.207448,0.056877,0.180388,0.159030,0.257785,0.174139
187,0.779167,0.182269,0.415808,0.200271,0.197832,0.329819,0.181740,0.204905,0.183828,0.176861,0.207445,0.056878,0.180385,0.159159,0.257678,0.174060
188,0.783333,0.182412,0.415769,0.200701,0.198059,0.329809,0.182097,0.204882,0.183839,0.176780,0.207447,0.056876,0.180386,0.159203,0.257722,0.174114
189,0.787500,0.182777,0.415703,0.201548,0.198299,0.329768,0.182457,0.204856,0.183849,0.176718,0.207449,0.056877,0.180383,0.158995,0.258144,0.174538
190,0.791667,0.183023,0.415666,0.202046,0.198540,0.329726,0.182838,0.204834,0.183847,0.176678,0.207444,0.056878,0.180387,0.159155,0.258288,0.174667
191,0.795833,0.183160,0.415682,0.202219,0.198795,0.329661,0.183245,0.204813,0.183843,0.176656,0.207445,0.056879,0.180387,0.159617,0.258150,0.174541
192,0.800000,0.183408,0.415624,0.202837,0.199045,0.329597,0.183650,0.204797,0.183834,0.176648,0.207444,0.056877,0.180396,0.159941,0.257938,0.174493
193,0.804167,0.183561,0.415606,0.203207,0.199259,0.329548,0.184027,0.204787,0.183829,0.176655,0.207448,0.056879,0.180398,0.159953,0.257791,0.174464
194,0.808333,0.183649,0.415589,0.203553,0.199492,0.329503,0.184439,0.204789,0.183822,0.176677,0.207448,0.056884,0.180400,0.159997,0.257814,0.174558
195,0.812500,0.183855,0.415563,0.203925,0.199701,0.329459,0.184834,0.204804,0.183811,0.176712,0.207445,0.056886,0.180401,0.160103,0.257981,0.174783
196,0.816667,0.184129,0.415545,0.204385,0.199911,0.329409,0.185228,0.204828,0.183798,0.176765,0.207441,0.056887,0.180397,0.160177,0.257978,0.174900
197,0.820833,0.184269,0.415511,0.204795,0.200109,0.329366,0.185615,0.204867,0.183780,0.176828,0.207439,0.056886,0.180401,0.160378,0.258048,0.175114
198,0.825000,0.184504,0.415481,0.205171,0.200292,0.329335,0.185928,0.204908,0.183763,0.176904,0.207438,0.056886,0.180398,0.159968,0.258585,0.175696
199,0.829167,0.184709,0.415456,0.205574,0.200478,0.329302,0.186257,0.204963,0.183741,0.176998,0.207431,0.056889,0.180396,0.159941,0.258735,0.175965
200,0.833333,0.184934,0.415409,0.205955,0.200616,0.329295,0.186522,0.205035,0.183730,0.177146,0.207427,0.056888,0.180392,0.160219,0.258788,0.176255
201,0.837500,0.185086,0.415395,0.206278,0.200754,0.329292,0.186760,0.205103,0.183707,0.177287,0.207429,0.056886,0.180388,0.160343,0.258707,0.176467
202,0.841667,0.185316,0.415365,0.206595,0.200892,0.329300,0.186993,0.205166,0.183682,0.177430,0.207425,0.056885,0.180390,0.160695,0.258337,0.176333
203,0.845833,0.185560,0.415345,0.206875,0.201015,0.329310,0.187181,0.205257,0.183667,0.177585,0.207427,0.056883,0.180383,0.161161,0.258095,0.176490
204,0.850000,0.185946,0.415308,0.207171,0.201128,0.329331,0.187355,0.205352,0.183643,0.177753,0.207423,0.056882,0.180385,0.160742,0.258655,0.177190
205,0.854167,0.186178,0.415319,0.207382,0.201260,0.329339,0.187531,0.205454,0.183634,0.177938,0.207410,0.056885,0.180380,0.160927,0.258733,0.177540
206,0.858333,0.186438,0.415328,0.207589,0.201371,0.329357,0.187690,0.205559,0.183617,0.178139,0.207410,0.056882,0.180378,0.161107,0.258697,0.177801
207,0.862500,0.186618,0.415340,0.207743,0.201478,0.329370,0.187842,0.205672,0.183588,0.178325,0.207409,0.056882,0.180377,0.161137,0.258694,0.178100
208,0.866667,0.186792,0.415360,0.207848,0.201583,0.329379,0.188003,0.205782,0.183568,0.178519,0.207410,0.056883,0.180378,0.161568,0.258365,0.178091
209,0.870833,0.186939,0.415394,0.207955,0.201697,0.329377,0.188184,0.205905,0.183542,0.178719,0.207414,0.056883,0.180383,0.161929,0.258031,0.178198
210,0.875000,0.187068,0.415426,0.207980,0.201795,0.329384,0.188355,0.206003,0.183515,0.178925,0.207417,0.056892,0.180389,0.162081,0.257959,0.178461
211,0.879167,0.187180,0.415484,0.208008,0.201927,0.329385,0.188552,0.206104,0.183490,0.179126,0.207417,0.056890,0.180387,0.162226,0.257983,0.178765
212,0.883333,0.187266,0.415529,0.208007,0.202056,0.329368,0.188770,0.206230,0.183475,0.179345,0.207420,0.056892,0.180394,0.161814,0.258485,0.179417
213,0.887500,0.187350,0.415583,0.207983,0.202168,0.329353,0.188976,0.206336,0.183482,0.179578,0.207413,0.056889,0.180394,0.162193,0.258413,0.179522
214,0.891667,0.187427,0.415644,0.207921,0.202281,0.329371,0.189222,0.206416,0.183469,0.179809,0.207418,0.056890,0.180397,0.162553,0.258086,0.179652
215,0.895833,0.187513,0.415710,0.207773,0.202419,0.329385,0.189493,0.206514,0.183441,0.180008,0.207420,0.056890,0.180400,0.162692,0.258029,0.179829
216,0.900000,0.187561,0.415780,0.207651,0.202538,0.329387,0.189730,0.206609,0.183405,0.180188,0.207422,0.056887,0.180401,0.162793,0.257930,0.180054
217,0.904167,0.187596,0.415844,0.207516,0.202668,0.329389,0.189992,0.206679,0.183392,0.180392,0.207423,0.056884,0.180404,0.162945,0.258025,0.180330
218,0.908333,0.187642,0.415909,0.207398,0.202808,0.329382,0.190267,0.206738,0.183362,0.180552,0.207424,0.056879,0.180401,0.163032,0.257962,0.180501
219,0.912500,0.187699,0.415964,0.207243,0.202936,0.329373,0.190502,0.206790,0.183335,0.180715,0.207425,0.056876,0.180403,0.163242,0.258030,0.180800
220,0.916667,0.187724,0.416012,0.207140,0.203070,0.329341,0.190782,0.206842,0.183308,0.180865,0.207425,0.056873,0.180406,0.162855,0.258541,0.181422
221,0.920833,0.187741,0.416070,0.207043,0.203206,0.329330,0.191039,0.206890,0.183274,0.180993,0.207421,0.056868,0.180405,0.162809,0.258610,0.181687
222,0.925000,0.187741,0.416114,0.206960,0.203325,0.329314,0.191254,0.206921,0.183236,0.181096,0.207428,0.056869,0.180405,0.163058,0.258632,0.181955
223,0.929167,0.187747,0.416147,0.206920,0.203480,0.329290,0.191539,0.206941,0.183205,0.181199,0.207427,0.056867,0.180407,0.163111,0.258647,0.182164
224,0.933333,0.187742,0.416176,0.206882,0.203618,0.329282,0.191753,0.206956,0.183186,0.181264,0.207432,0.056870,0.180405,0.163439,0.258337,0.182040
225,0.937500,0.187756,0.416202,0.206891,0.203744,0.329269,0.191947,0.206970,0.183176,0.181319,0.207435,0.056869,0.180405,0.163771,0.258273,0.182165
226,0.941667,0.187794,0.416215,0.206928,0.203886,0.329235,0.192160,0.206982,0.183148,0.181365,0.207440,0.056870,0.180407,0.163958,0.258076,0.182278
227,0.945833,0.187815,0.416218,0.206985,0.204008,0.329221,0.192329,0.206987,0.183135,0.181385,0.207443,0.056867,0.180410,0.164029,0.258030,0.182377
228,0.950000,0.187850,0.416223,0.207055,0.204125,0.329208,0.192492,0.206992,0.183127,0.181395,0.207444,0.056866,0.180410,0.164069,0.258023,0.182524
229,0.954167,0.187902,0.416222,0.207152,0.204255,0.329173,0.192675,0.206992,0.183119,0.181391,0.207445,0.056862,0.180414,0.163559,0.258641,0.183137
230,0.958333,0.187994,0.416210,0.207288,0.204363,0.329149,0.192807,0.206997,0.183118,0.181384,0.207444,0.056857,0.180415,0.163587,0.258837,0.183360
231,0.962500,0.188133,0.416197,0.207447,0.204475,0.329137,0.192926,0.207000,0.183105,0.181379,0.207447,0.056854,0.180415,0.163735,0.258729,0.183366
232,0.966667,0.188280,0.416161,0.207676,0.204568,0.329105,0.193040,0.206989,0.183103,0.181338,0.207451,0.056853,0.180419,0.163789,0.258688,0.183392
233,0.970833,0.188402,0.416114,0.207991,0.204659,0.329061,0.193183,0.206986,0.183110,0.181303,0.207454,0.056849,0.180416,0.163785,0.258681,0.183424
234,0.975000,0.188617,0.416071,0.208297,0.204729,0.329032,0.193286,0.206982,0.183110,0.181284,0.207459,0.056848,0.180421,0.163784,0.258692,0.183444
235,0.979167,0.188830,0.416016,0.208697,0.204782,0.329001,0.193379,0.206980,0.183111,0.181258,0.207457,0.056850,0.180426,0.163770,0.258712,0.183457
236,0.983333,0.189075,0.415936,0.209151,0.204825,0.328966,0.193469,0.206978,0.183112,0.181231,0.207458,0.056848,0.180426,0.163760,0.258711,0.183443
237,0.987500,0.189339,0.415852,0.209605,0.204857,0.328936,0.193550,0.206969,0.183115,0.181197,0.207460,0.056850,0.180430,0.163756,0.258731,0.183428
238,0.991667,0.189600,0.415751,0.210096,0.204880,0.328904,0.193620,0.206963,0.183116,0.181162,0.207461,0.056846,0.180432,0.163748,0.258742,0.183397
239,0.995833,0.189877,0.415656,0.210579,0.204893,0.328874,0.193679,0.206962,0.183124,0.181116,0.207463,0.056849,0.180434,0.163722,0.258761,0.183352
240,1.000000,0.190191,0.415536,0.211081,0.204897,0.328848,0.193732,0.206951,0.183131,0.181075,0.207461,0.056851,0.180432,0.163702,0.258782,0.183303
241,1.004167,0.190457,0.415416,0.211601,0.204906,0.328809,0.193793,0.206930,0.183131,0.181036,0.207460,0.056848,0.180433,0.163685,0.258811,0.183246
242,1.008333,0.190774,0.415285,0.212079,0.204903,0.328776,0.193820,0.206922,0.183141,0.180981,0.207461,0.056849,0.180436,0.163523,0.258737,0.183056
243,1.012500,0.191004,0.415166,0.212558,0.204891,0.328751,0.193838,0.206908,0.183150,0.180925,0.207459,0.056848,0.180436,0.163754,0.258442,0.182652
244,1.016667,0.191268,0.415035,0.213000,0.204876,0.328725,0.193839,0.206883,0.183152,0.180860,0.207464,0.056848,0.180436,0.163994,0.258175,0.182390
245,1.020833,0.191432,0.414916,0.213410,0.204842,0.328682,0.193820,0.206863,0.183161,0.180792,0.207462,0.056847,0.180431,0.164038,0.258144,0.182214
246,1.025000,0.191613,0.414773,0.213787,0.204816,0.328644,0.193784,0.206839,0.183172,0.180718,0.207463,0.056852,0.180433,0.163992,0.258168,0.182142
247,1.029167,0.191745,0.414651,0.214153,0.204798,0.328601,0.193739,0.206815,0.183177,0.180633,0.207461,0.056851,0.180430,0.163949,0.258187,0.182073
248,1.033333,0.191860,0.414523,0.214467,0.204767,0.328540,0.193686,0.206795,0.183163,0.180531,0.207459,0.056854,0.180426,0.163605,0.258356,0.181998
249,1.037500,0.191900,0.414398,0.214782,0.204750,0.328478,0.193631,0.206774,0.183166,0.180445,0.207454,0.056850,0.180424,0.163470,0.258417,0.181975
250,1.041667,0.191950,0.414263,0.215023,0.204731,0.328408,0.193565,0.206750,0.183171,0.180360,0.207450,0.056852,0.180421,0.163641,0.258184,0.181769
251,1.045833,0.191984,0.414129,0.215214,0.204706,0.328339,0.193488,0.206720,0.183167,0.180271,0.207453,0.056854,0.180418,0.163630,0.258169,0.181636
252,1.050000,0.191864,0.414022,0.215377,0.204684,0.328256,0.193407,0.206698,0.183145,0.180169,0.207447,0.056855,0.180418,0.163548,0.258202,0.181609
253,1.054167,0.191930,0.413857,0.215594,0.204662,0.328172,0.193330,0.206668,0.183127,0.180073,0.207450,0.056858,0.180419,0.163089,0.258589,0.181784
254,1.058333,0.191869,0.413714,0.215748,0.204636,0.328082,0.193249,0.206641,0.183106,0.179988,0.207437,0.056859,0.180415,0.162709,0.258169,0.181523
255,1.062500,0.191841,0.413574,0.215861,0.204609,0.327989,0.193172,0.206602,0.183083,0.179899,0.207446,0.056861,0.180417,0.162603,0.258144,0.181428
256,1.066667,0.191725,0.413469,0.215907,0.204588,0.327896,0.193103,0.206576,0.183039,0.179797,0.207444,0.056865,0.180417,0.162892,0.257976,0.181143
257,1.070833,0.191647,0.413351,0.216032,0.204559,0.327819,0.193044,0.206537,0.183020,0.179719,0.207447,0.056865,0.180414,0.163334,0.257852,0.180780
258,1.075000,0.191629,0.413257,0.216164,0.204532,0.327768,0.192991,0.206502,0.183024,0.179661,0.207450,0.056868,0.180412,0.163397,0.257796,0.180564
259,1.079167,0.191698,0.413153,0.216327,0.204491,0.327748,0.192939,0.206473,0.183031,0.179597,0.207445,0.056874,0.180409,0.163289,0.257864,0.180521
260,1.083333,0.191615,0.413126,0.216434,0.204449,0.327741,0.192892,0.206451,0.183050,0.179530,0.207443,0.056875,0.180409,0.163172,0.257816,0.180265
261,1.087500,0.191556,0.413072,0.216577,0.204395,0.327754,0.192833,0.206414,0.183078,0.179464,0.207441,0.056876,0.180403,0.163232,0.257932,0.180183
262,1.091667,0.191563,0.413034,0.216720,0.204340,0.327777,0.192769,0.206374,0.183110,0.179406,0.207439,0.056874,0.180402,0.163187,0.257980,0.180044
263,1.095833,0.191565,0.413001,0.216815,0.204278,0.327809,0.192696,0.206346,0.183136,0.179346,0.207435,0.056874,0.180397,0.163108,0.258065,0.180002
264,1.100000,0.191546,0.412953,0.216891,0.204212,0.327832,0.192611,0.206315,0.183154,0.179287,0.207432,0.056876,0.180395,0.162608,0.258566,0.180290
265,1.104167,0.191528,0.412903,0.216922,0.204143,0.327838,0.192505,0.206289,0.183165,0.179229,0.207420,0.056879,0.180389,0.162418,0.258548,0.180112
266,1.108333,0.191455,0.412864,0.216938,0.204084,0.327834,0.192403,0.206258,0.183164,0.179173,0.207421,0.056882,0.180388,0.162470,0.258476,0.179945
267,1.112500,0.191428,0.412835,0.216914,0.204029,0.327830,0.192294,0.206230,0.183143,0.179099,0.207423,0.056883,0.180385,0.162467,0.258467,0.179863
268,1.116667,0.191375,0.412806,0.216837,0.203968,0.327833,0.192175,0.206198,0.183139,0.179047,0.207420,0.056886,0.180383,0.162433,0.258474,0.179797
269,1.120833,0.191358,0.412796,0.216722,0.203899,0.327835,0.192038,0.206178,0.183147,0.179000,0.207419,0.056888,0.180383,0.162391,0.258473,0.179729
270,1.125000,0.191268,0.412802,0.216577,0.203832,0.327845,0.191891,0.206167,0.183154,0.178958,0.207418,0.056887,0.180381,0.162324,0.258517,0.179680
271,1.129167,0.191123,0.412819,0.216426,0.203763,0.327854,0.191744,0.206155,0.183162,0.178919,0.207421,0.056887,0.180379,0.162550,0.258168,0.179298
272,1.133333,0.191019,0.412858,0.216213,0.203695,0.327859,0.191593,0.206140,0.183171,0.178879,0.207427,0.056883,0.180382,0.162808,0.257859,0.179083
273,1.137500,0.190902,0.412904,0.215982,0.203614,0.327868,0.191440,0.206127,0.183178,0.178846,0.207433,0.056879,0.180383,0.162833,0.257808,0.178986
274,1.141667,0.190808,0.412952,0.215693,0.203539,0.327881,0.191293,0.206120,0.183184,0.178819,0.207433,0.056879,0.180382,0.162552,0.257713,0.178859
275,1.145833,0.190683,0.413000,0.215385,0.203469,0.327901,0.191145,0.206112,0.183191,0.178803,0.207431,0.056876,0.180381,0.162461,0.257736,0.178882
276,1.150000,0.190518,0.413054,0.215123,0.203402,0.327918,0.191005,0.206106,0.183193,0.178792,0.207436,0.056872,0.180382,0.162435,0.257731,0.178846
277,1.154167,0.190451,0.413116,0.214781,0.203322,0.327934,0.190866,0.206101,0.183195,0.178790,0.207440,0.056871,0.180388,0.162422,0.257718,0.178810
278,1.158333,0.190336,0.413174,0.214453,0.203251,0.327947,0.190740,0.206098,0.183197,0.178803,0.207442,0.056872,0.180390,0.162401,0.257708,0.178772
279,1.162500,0.190222,0.413236,0.214117,0.203173,0.327953,0.190629,0.206095,0.183196,0.178819,0.207448,0.056869,0.180397,0.162378,0.257704,0.178739
280,1.166667,0.190219,0.413262,0.213803,0.203104,0.327960,0.190530,0.206091,0.183196,0.178840,0.207450,0.056875,0.180398,0.162354,0.257738,0.178743
281,1.170833,0.190086,0.413333,0.213468,0.203035,0.327963,0.190434,0.206087,0.183191,0.178869,0.207451,0.056877,0.180404,0.162330,0.257738,0.178723
282,1.175000,0.190021,0.413391,0.213100,0.202960,0.327975,0.190326,0.206085,0.183187,0.178899,0.207455,0.056876,0.180404,0.161736,0.258239,0.179119
283,1.179167,0.189888,0.413455,0.212705,0.202874,0.327991,0.190220,0.206089,0.183184,0.178937,0.207447,0.056879,0.180401,0.161920,0.258044,0.178834
284,1.183333,0.189800,0.413520,0.212349,0.202806,0.327990,0.190122,0.206081,0.183178,0.178972,0.207452,0.056877,0.180408,0.162056,0.257909,0.178716
285,1.187500,0.189692,0.413567,0.211992,0.202735,0.327997,0.190022,0.206075,0.183171,0.179009,0.207457,0.056876,0.180406,0.162060,0.257888,0.178686
286,1.191667,0.189531,0.413633,0.211660,0.202662,0.328006,0.189919,0.206073,0.183164,0.179047,0.207458,0.056878,0.180400,0.162025,0.257894,0.178698
287,1.195833,0.189474,0.413678,0.211296,0.202593,0.328023,0.189794,0.206070,0.183170,0.179104,0.207454,0.056876,0.180398,0.161998,0.257892,0.178700
288,1.200000,0.189350,0.413724,0.210977,0.202536,0.328028,0.189691,0.206069,0.183164,0.179136,0.207455,0.056871,0.180396,0.161982,0.257877,0.178696
289,1.204167,0.189240,0.413772,0.210649,0.202479,0.328022,0.189581,0.206066,0.183160,0.179163,0.207457,0.056869,0.180400,0.161963,0.257864,0.178691
290,1.208333,0.189163,0.413813,0.210330,0.202432,0.328023,0.189477,0.206075,0.183156,0.179195,0.207455,0.056867,0.180401,0.161955,0.257844,0.178688
291,1.212500,0.189023,0.413862,0.210044,0.202389,0.328021,0.189371,0.206078,0.183149,0.179217,0.207459,0.056865,0.180399,0.161946,0.257823,0.178690
292,1.216667,0.188925,0.413899,0.209780,0.202347,0.328022,0.189265,0.206073,0.183145,0.179230,0.207460,0.056861,0.180396,0.161936,0.257810,0.178697
293,1.220833,0.188841,0.413936,0.209501,0.202305,0.328029,0.189151,0.206076,0.183141,0.179241,0.207462,0.056860,0.180396,0.161630,0.258056,0.179015
294,1.225000,0.188746,0.413958,0.209254,0.202272,0.328026,0.189056,0.206079,0.183135,0.179251,0.207456,0.056862,0.180395,0.161598,0.258067,0.179028
295,1.229167,0.188672,0.413971,0.209055,0.202245,0.328015,0.188974,0.206079,0.183126,0.179261,0.207458,0.056861,0.180392,0.161619,0.258023,0.179020
296,1.233333,0.188609,0.413978,0.208889,0.202224,0.328002,0.188897,0.206081,0.183118,0.179270,0.207458,0.056860,0.180390,0.161616,0.257997,0.179018
297,1.237500,0.188558,0.413983,0.208745,0.202204,0.327983,0.188829,0.206082,0.183113,0.179278,0.207458,0.056862,0.180396,0.161607,0.257986,0.179023
298,1.241667,0.188518,0.413977,0.208619,0.202188,0.327962,0.188770,0.206084,0.183107,0.179286,0.207458,0.056861,0.180395,0.161603,0.257964,0.179013
299,1.245833,0.188497,0.413958,0.208547,0.202175,0.327938,0.188726,0.206086,0.183099,0.179298,0.207460,0.056865,0.180393,0.161598,0.257946,0.179004
300,1.250000,0.188499,0.413925,0.208502,0.202165,0.327912,0.188695,0.206088,0.183093,0.179309,0.207458,0.056864,0.180402,0.161590,0.257938,0.179000
301,1.254167,0.188507,0.413900,0.208491,0.202161,0.327886,0.188682,0.206088,0.183085,0.179315,0.207456,0.056865,0.180401,0.161586,0.257922,0.178989
302,1.258333,0.188548,0.413844,0.208534,0.202163,0.327857,0.188682,0.206088,0.183079,0.179318,0.207454,0.056869,0.180398,0.161585,0.257915,0.178970
303,1.262500,0.188621,0.413783,0.208620,0.202167,0.327825,0.188697,0.206085,0.183072,0.179320,0.207452,0.056868,0.180405,0.161582,0.257909,0.178959
304,1.266667,0.188725,0.413732,0.208715,0.202178,0.327794,0.188725,0.206086,0.183066,0.179319,0.207450,0.056871,0.180402,0.161681,0.257429,0.178483
305,1.270833,0.188840,0.413670,0.208874,0.202197,0.327761,0.188767,0.206077,0.183057,0.179308,0.207459,0.056870,0.180410,0.161939,0.257124,0.178273
306,1.275000,0.188996,0.413616,0.209051,0.202223,0.327729,0.188818,0.206070,0.183053,0.179297,0.207457,0.056870,0.180411,0.161993,0.257082,0.178186
307,1.279167,0.189139,0.413550,0.209294,0.202250,0.327706,0.188877,0.206070,0.183053,0.179284,0.207452,0.056869,0.180411,0.161965,0.257117,0.178199
308,1.283333,0.189251,0.413490,0.209572,0.202277,0.327682,0.188950,0.206068,0.183053,0.179270,0.207448,0.056870,0.180413,0.161939,0.257149,0.178203
309,1.287500,0.189474,0.413419,0.209865,0.202314,0.327660,0.189020,0.206063,0.183060,0.179243,0.207447,0.056873,0.180415,0.161933,0.257168,0.178187
310,1.291667,0.189638,0.413334,0.210198,0.202361,0.327640,0.189097,0.206050,0.183066,0.179201,0.207444,0.056874,0.180417,0.161941,0.257180,0.178161
311,1.295833,0.189821,0.413250,0.210548,0.202429,0.327632,0.189192,0.206044,0.183055,0.179144,0.207439,0.056874,0.180417,0.161944,0.257189,0.178136
312,1.300000,0.190000,0.413156,0.210942,0.202488,0.327607,0.189275,0.206038,0.183061,0.179106,0.207441,0.056876,0.180416,0.162016,0.257290,0.178161
313,1.304167,0.190190,0.413055,0.211349,0.202550,0.327577,0.189363,0.206033,0.183065,0.179059,0.207439,0.056877,0.180415,0.162016,0.257300,0.178155
314,1.308333,0.190264,0.412989,0.211740,0.202620,0.327544,0.189451,0.206030,0.183068,0.179015,0.207433,0.056880,0.180410,0.161474,0.257874,0.178631
315,1.312500,0.190469,0.412875,0.212174,0.202689,0.327515,0.189541,0.206033,0.183068,0.178968,0.207420,0.056883,0.180404,0.161402,0.258002,0.178702
316,1.316667,0.190732,0.412737,0.212672,0.202771,0.327468,0.189644,0.206027,0.183069,0.178916,0.207420,0.056881,0.180402,0.161777,0.257735,0.178419
317,1.320833,0.190792,0.412663,0.213113,0.202870,0.327423,0.189760,0.206016,0.183072,0.178861,0.207424,0.056879,0.180404,0.162126,0.257471,0.178257
318,1.325000,0.191114,0.412505,0.213623,0.202959,0.327387,0.189885,0.206007,0.183072,0.178810,0.207427,0.056874,0.180404,0.162210,0.257465,0.178223
319,1.329167,0.191267,0.412393,0.214059,0.203057,0.327351,0.190019,0.206003,0.183074,0.178765,0.207424,0.056874,0.180398,0.162017,0.257662,0.178307
320,1.333333,0.191422,0.412302,0.214478,0.203151,0.327312,0.190156,0.206003,0.183076,0.178728,0.207420,0.056872,0.180400,0.161943,0.257708,0.178391
321,1.337500,0.191588,0.412190,0.214964,0.203251,0.327268,0.190297,0.205997,0.183077,0.178688,0.207423,0.056875,0.180399,0.161927,0.257735,0.178454
322,1.341667,0.191794,0.412079,0.215410,0.203358,0.327221,0.190459,0.205996,0.183068,0.178657,0.207423,0.056873,0.180399,0.162052,0.257791,0.178554
323,1.345833,0.192007,0.411968,0.215873,0.203471,0.327169,0.190637,0.205999,0.183067,0.178641,0.207421,0.056876,0.180401,0.162092,0.257792,0.178564
324,1.350000,0.192191,0.411872,0.216313,0.203569,0.327128,0.190815,0.206000,0.183066,0.178633,0.207424,0.056876,0.180402,0.162124,0.257799,0.178586
325,1.354167,0.192501,0.411717,0.216789,0.203671,0.327098,0.190993,0.206003,0.183066,0.178628,0.207430,0.056880,0.180408,0.162154,0.257801,0.178604
326,1.358333,0.192610,0.411673,0.217147,0.203783,0.327057,0.191191,0.206009,0.183063,0.178630,0.207430,0.056881,0.180407,0.161866,0.258072,0.178958
327,1.362500,0.192761,0.411578,0.217557,0.203891,0.327019,0.191370,0.206022,0.183059,0.178642,0.207429,0.056884,0.180406,0.161840,0.258141,0.178999
328,1.366667,0.192996,0.411483,0.217905,0.203992,0.326976,0.191563,0.206030,0.183062,0.178660,0.207430,0.056886,0.180409,0.162218,0.257855,0.178743
329,1.370833,0.193164,0.411397,0.218313,0.204105,0.326942,0.191770,0.206036,0.183054,0.178675,0.207439,0.056884,0.180416,0.162558,0.257558,0.178619
330,1.375000,0.193396,0.411326,0.218631,0.204204,0.326911,0.191956,0.206049,0.183041,0.178707,0.207445,0.056880,0.180418,0.162675,0.257512,0.178613
331,1.379167,0.193562,0.411255,0.218954,0.204313,0.326885,0.192130,0.206071,0.183031,0.178740,0.207444,0.056881,0.180413,0.162667,0.257522,0.178718
332,1.383333,0.193720,0.411175,0.219303,0.204424,0.326843,0.192323,0.206096,0.183020,0.178777,0.207445,0.056878,0.180409,0.162791,0.257607,0.178924
333,1.387500,0.193922,0.411111,0.219548,0.204527,0.326797,0.192500,0.206127,0.183000,0.178829,0.207446,0.056874,0.180409,0.162821,0.257600,0.179003
334,1.391667,0.193965,0.411093,0.219510,0.204629,0.326766,0.192666,0.206156,0.182985,0.178873,0.207449,0.056873,0.180406,0.162940,0.257643,0.179121
335,1.395833,0.194112,0.411034,0.219775,0.204734,0.326736,0.192835,0.206187,0.182970,0.178924,0.207452,0.056866,0.180406,0.163002,0.257625,0.179246
336,1.400000,0.194205,0.410978,0.220011,0.204845,0.326699,0.193000,0.206224,0.182954,0.178976,0.207454,0.056863,0.180404,0.162959,0.257536,0.179316
337,1.404167,0.194394,0.410939,0.220219,0.204947,0.326663,0.193160,0.206281,0.182938,0.179048,0.207459,0.056862,0.180402,0.162983,0.257525,0.179454
338,1.408333,0.194528,0.410880,0.220444,0.205050,0.326621,0.193325,0.206334,0.182919,0.179116,0.207464,0.056861,0.180401,0.163134,0.257572,0.179684
339,1.412500,0.194665,0.410844,0.220647,0.205253,0.326582,0.193563,0.206381,0.182900,0.179188,0.207466,0.056861,0.180402,0.162618,0.258197,0.180336
340,1.416667,0.194809,0.410829,0.220712,0.205360,0.326546,0.193724,0.206441,0.182879,0.179272,0.207454,0.056862,0.180398,0.162551,0.258244,0.180500
341,1.420833,0.194857,0.410794,0.220912,0.205466,0.326517,0.193903,0.206488,0.182850,0.179350,0.207463,0.056858,0.180405,0.162759,0.258078,0.180543
342,1.425000,0.195055,0.410724,0.221204,0.205567,0.326457,0.194085,0.206538,0.182814,0.179432,0.207474,0.056856,0.180409,0.162966,0.258089,0.180799
343,1.429167,0.195161,0.410682,0.221336,0.205672,0.326392,0.194276,0.206589,0.182799,0.179556,0.207477,0.056857,0.180414,0.163471,0.257593,0.180605
344,1.433333,0.195290,0.410643,0.221484,0.205772,0.326333,0.194458,0.206630,0.182762,0.179648,0.207488,0.056856,0.180424,0.163557,0.257525,0.180687
345,1.437500,0.195455,0.410576,0.221613,0.205868,0.326252,0.194647,0.206694,0.182716,0.179770,0.207486,0.056857,0.180428,0.163670,0.257435,0.180795
346,1.441667,0.195570,0.410499,0.221717,0.205981,0.326158,0.194845,0.206761,0.182666,0.179889,0.207487,0.056859,0.180423,0.163845,0.257423,0.181008
347,1.445833,0.195693,0.410405,0.221838,0.206095,0.326050,0.195049,0.206816,0.182613,0.180007,0.207494,0.056858,0.180426,0.163982,0.257426,0.181173
348,1.450000,0.195872,0.410293,0.221945,0.206194,0.325915,0.195255,0.206869,0.182557,0.180125,0.207495,0.056856,0.180428,0.163968,0.257263,0.181307
349,1.454167,0.195987,0.410153,0.222104,0.206315,0.325784,0.195471,0.206922,0.182476,0.180234,0.207497,0.056858,0.180434,0.164110,0.257273,0.181471
350,1.458333,0.196296,0.409967,0.222555,0.206430,0.325626,0.195709,0.206965,0.182411,0.180378,0.207496,0.056854,0.180433,0.164282,0.257245,0.181672
351,1.462500,0.196609,0.409823,0.222875,0.206556,0.325501,0.195947,0.207039,0.182362,0.180501,0.207494,0.056855,0.180434,0.164348,0.257165,0.181772
352,1.466667,0.196795,0.409742,0.223117,0.206685,0.325412,0.196196,0.207093,0.182328,0.180613,0.207496,0.056854,0.180437,0.164939,0.256798,0.181323
353,1.470833,0.196955,0.409645,0.223427,0.206810,0.325346,0.196437,0.207138,0.182317,0.180713,0.207505,0.056852,0.180437,0.164568,0.257050,0.181922
354,1.475000,0.197210,0.409541,0.223843,0.206949,0.325275,0.196692,0.207202,0.182320,0.180810,0.207493,0.056850,0.180434,0.164239,0.257357,0.182332
355,1.479167,0.197588,0.409378,0.224358,0.207089,0.325233,0.196949,0.207259,0.182322,0.180886,0.207486,0.056851,0.180431,0.164306,0.257458,0.182597
356,1.483333,0.197791,0.409299,0.224784,0.207226,0.325191,0.197189,0.207301,0.182329,0.180953,0.207488,0.056852,0.180430,0.164072,0.257783,0.183019
357,1.487500,0.198101,0.409157,0.225301,0.207372,0.325159,0.197428,0.207340,0.182323,0.181023,0.207481,0.056851,0.180431,0.163395,0.258381,0.183473
358,1.491667,0.198505,0.409007,0.225923,0.207508,0.325110,0.197668,0.207391,0.182310,0.181090,0.207474,0.056852,0.180426,0.163993,0.257976,0.183325
359,1.495833,0.198753,0.408906,0.226216,0.207621,0.324958,0.197800,0.207420,0.182312,0.181138,0.207483,0.056856,0.180432,0.165502,0.257013,0.182515
360,1.500000,0.199113,0.408676,0.226834,0.207797,0.324905,0.198054,0.207436,0.182299,0.181164,0.207502,0.056853,0.180439,0.165194,0.257214,0.183021
361,1.504167,0.199506,0.408447,0.227588,0.207959,0.324823,0.198310,0.207470,0.182285,0.181192,0.207484,0.056855,0.180433,0.165085,0.257300,0.183304
362,1.508333,0.199893,0.408216,0.228305,0.208130,0.324743,0.198582,0.207500,0.182271,0.181204,0.207480,0.056855,0.180431,0.165146,0.257273,0.183408
363,1.512500,0.200255,0.407982,0.229012,0.208306,0.324646,0.198856,0.207520,0.182241,0.181215,0.207479,0.056856,0.180428,0.165274,0.257219,0.183513
364,1.516667,0.200620,0.407731,0.229741,0.208489,0.324551,0.199135,0.207534,0.182221,0.181218,0.207479,0.056854,0.180431,0.165870,0.257014,0.183237
365,1.520833,0.201050,0.407448,0.230476,0.208673,0.324435,0.199410,0.207546,0.182197,0.181219,0.207481,0.056858,0.180433,0.165907,0.257017,0.183338
366,1.525000,0.201362,0.407171,0.231232,0.208863,0.324316,0.199717,0.207558,0.182173,0.181221,0.207476,0.056855,0.180431,0.165942,0.257018,0.183450
367,1.529167,0.201750,0.406900,0.231968,0.209056,0.324186,0.200023,0.207566,0.182152,0.181222,0.207475,0.056855,0.180430,0.165987,0.257009,0.183550
368,1.533333,0.202125,0.406628,0.232700,0.209245,0.324067,0.200325,0.207572,0.182135,0.181225,0.207477,0.056857,0.180435,0.166012,0.257031,0.183637
369,1.537500,0.202376,0.406532,0.232816,0.209506,0.324025,0.200800,0.207576,0.182121,0.181229,0.207472,0.056859,0.180436,0.164457,0.258560,0.185282
370,1.541667,0.203049,0.405939,0.234634,0.209570,0.323834,0.200878,0.207607,0.182115,0.181246,0.207445,0.056863,0.180423,0.164467,0.258569,0.185355
371,1.545833,0.203501,0.405925,0.235370,0.209796,0.323711,0.201267,0.207599,0.182112,0.181243,0.207458,0.056868,0.180435,0.165155,0.258117,0.184549
372,1.550000,0.203909,0.405683,0.236136,0.210111,0.323646,0.201836,0.207577,0.182112,0.181231,0.207467,0.056864,0.180439,0.166237,0.257252,0.184156
373,1.554167,0.204246,0.405407,0.236690,0.210295,0.323539,0.202166,0.207572,0.182119,0.181224,0.207478,0.056864,0.180442,0.164489,0.258707,0.185581
374,1.558333,0.204434,0.405227,0.236406,0.210380,0.323358,0.202312,0.207600,0.182128,0.181226,0.207450,0.056870,0.180429,0.164600,0.258755,0.185696
375,1.562500,0.204767,0.404936,0.237032,0.210423,0.323289,0.202505,0.207595,0.182129,0.181215,0.207451,0.056870,0.180433,0.164627,0.258780,0.185753
376,1.566667,0.205187,0.404670,0.237766,0.210585,0.323167,0.202808,0.207592,0.182126,0.181203,0.207452,0.056867,0.180437,0.165555,0.258251,0.184993
377,1.570833,0.205645,0.404400,0.238438,0.210923,0.322988,0.203299,0.207588,0.182111,0.181191,0.207462,0.056865,0.180440,0.164699,0.258797,0.185942
378,1.575000,0.205963,0.404125,0.239121,0.211068,0.322888,0.203553,0.207600,0.182097,0.181187,0.207456,0.056865,0.180436,0.164781,0.258809,0.186039
379,1.579167,0.206330,0.403837,0.239783,0.211227,0.322774,0.203801,0.207605,0.182077,0.181184,0.207458,0.056864,0.180436,0.164671,0.258765,0.186053
380,1.583333,0.206451,0.403585,0.240015,0.211395,0.322636,0.204074,0.207616,0.182049,0.181187,0.207463,0.056865,0.180437,0.164888,0.258789,0.186252
381,1.587500,0.206791,0.403289,0.240621,0.211412,0.322587,0.204029,0.207637,0.182021,0.181196,0.207461,0.056864,0.180434,0.165551,0.258379,0.185646
382,1.591667,0.207475,0.402939,0.241606,0.211576,0.322461,0.204267,0.207655,0.181986,0.181208,0.207469,0.056863,0.180441,0.166807,0.257557,0.185328
383,1.595833,0.207457,0.402707,0.241829,0.211979,0.322335,0.205003,0.207669,0.181946,0.181220,0.207476,0.056861,0.180443,0.166761,0.257475,0.185418
384,1.600000,0.208328,0.402139,0.243964,0.212187,0.322080,0.205404,0.207693,0.181907,0.181244,0.207476,0.056860,0.180443,0.166930,0.257459,0.185612
385,1.604167,0.208616,0.401905,0.244559,0.212384,0.321893,0.205754,0.207720,0.181836,0.181286,0.207358,0.056871,0.180399,0.165116,0.258676,0.186956
386,1.608333,0.208598,0.401888,0.244217,0.212487,0.321755,0.205889,0.207764,0.181787,0.181334,0.207472,0.056859,0.180444,0.165310,0.258659,0.187168
387,1.612500,0.209314,0.400974,0.245770,0.212300,0.321816,0.205469,0.207805,0.181728,0.181389,0.207484,0.056857,0.180453,0.165135,0.258505,0.187268
388,1.616667,0.209474,0.401255,0.245596,0.212290,0.321617,0.205493,0.207848,0.181668,0.181454,0.207487,0.056856,0.180453,0.165196,0.258463,0.187368
389,1.620833,0.209704,0.401026,0.245889,0.212532,0.321452,0.205843,0.207894,0.181632,0.181519,0.207488,0.056853,0.180456,0.165260,0.258417,0.187484
390,1.625000,0.209936,0.400805,0.246212,0.212668,0.321349,0.206093,0.207963,0.181607,0.181590,0.207494,0.056850,0.180462,0.165316,0.258354,0.187550
391,1.629167,0.209845,0.400641,0.245465,0.212801,0.321291,0.206316,0.208015,0.181608,0.181669,0.207498,0.056849,0.180462,0.165442,0.258369,0.187664
392,1.633333,0.210175,0.400481,0.245789,0.212794,0.321274,0.206438,0.208070,0.181626,0.181769,0.207502,0.056854,0.180460,0.165498,0.258377,0.187802
393,1.637500,0.210616,0.399945,0.247841,0.212929,0.321217,0.206707,0.208122,0.181642,0.181853,0.207503,0.056852,0.180465,0.165519,0.258398,0.187879
394,1.641667,0.211324,0.399437,0.249087,0.213177,0.321165,0.207058,0.208165,0.181672,0.181941,0.207510,0.056850,0.180468,0.166601,0.258045,0.187230
395,1.645833,0.211138,0.400086,0.248255,0.213400,0.321129,0.207502,0.208200,0.181693,0.182047,0.207310,0.056859,0.180386,0.165780,0.258687,0.188255
396,1.650000,0.211826,0.399084,0.249785,0.213427,0.321089,0.207482,0.208269,0.181687,0.182144,0.207504,0.056851,0.180466,0.166030,0.258567,0.188373
397,1.654167,0.211934,0.399708,0.249249,0.213531,0.321062,0.207679,0.208314,0.181674,0.182218,0.207518,0.056851,0.180467,0.166066,0.258579,0.188569
398,1.658333,0.212153,0.399575,0.249469,0.213664,0.320998,0.207914,0.208348,0.181653,0.182287,0.207515,0.056849,0.180468,0.166020,0.258610,0.188588
399,1.662500,0.212329,0.399431,0.249696,0.213780,0.320936,0.208094,0.208395,0.181624,0.182362,0.207515,0.056846,0.180467,0.166109,0.258568,0.188791
400,1.666667,0.212437,0.399301,0.249994,0.213893,0.320871,0.208262,0.208449,0.181583,0.182437,0.207516,0.056846,0.180468,0.166235,0.258517,0.188914
401,1.670833,0.212648,0.399165,0.250324,0.214014,0.320813,0.208446,0.208493,0.181548,0.182502,0.207516,0.056849,0.180466,0.166489,0.258519,0.189188
402,1.675000,0.212710,0.399077,0.250576,0.214128,0.320760,0.208618,0.208555,0.181501,0.182596,0.207517,0.056846,0.180463,0.166531,0.258487,0.189289
403,1.679167,0.212840,0.398972,0.250878,0.214247,0.320698,0.208801,0.208587,0.181478,0.182668,0.207521,0.056843,0.180458,0.166494,0.258441,0.189372
404,1.683333,0.212935,0.398889,0.251119,0.214365,0.320634,0.208953,0.208629,0.181448,0.182716,0.207518,0.056846,0.180460,0.166546,0.258421,0.189506
405,1.687500,0.212758,0.398873,0.250965,0.214481,0.320581,0.209102,0.208680,0.181420,0.182788,0.207518,0.056845,0.180456,0.166587,0.258398,0.189640
406,1.691667,0.212707,0.398779,0.250304,0.214501,0.320550,0.209179,0.208723,0.181401,0.182854,0.207521,0.056843,0.180457,0.166652,0.258373,0.189788
407,1.695833,0.212790,0.398727,0.250467,0.214575,0.320528,0.209302,0.208768,0.181372,0.182915,0.207515,0.056848,0.180452,0.166840,0.258397,0.189976
408,1.700000,0.212865,0.398686,0.250630,0.214706,0.320474,0.209479,0.208802,0.181358,0.182971,0.207520,0.056848,0.180446,0.167109,0.258459,0.190216
409,1.704167,0.212967,0.398685,0.250784,0.214819,0.320433,0.209652,0.208834,0.181344,0.183031,0.207516,0.056849,0.180451,0.167165,0.258622,0.190331
410,1.708333,0.213095,0.398647,0.250887,0.214936,0.320374,0.209835,0.208862,0.181330,0.183082,0.207510,0.056849,0.180449,0.167275,0.258616,0.190491
411,1.712500,0.213130,0.398572,0.251095,0.215038,0.320316,0.210010,0.208890,0.181334,0.183157,0.207512,0.056850,0.180453,0.167306,0.258460,0.190530
412,1.716667,0.213827,0.397931,0.253345,0.215133,0.320257,0.210187,0.208920,0.181297,0.183180,0.207513,0.056849,0.180453,0.167145,0.258411,0.190496
413,1.720833,0.214206,0.397884,0.253882,0.215362,0.320166,0.210479,0.208934,0.181299,0.183242,0.207389,0.056864,0.180403,0.167170,0.258397,0.190541
414,1.725000,0.213662,0.398563,0.252842,0.215562,0.320129,0.210898,0.208951,0.181285,0.183276,0.207300,0.056863,0.180371,0.167328,0.258423,0.190662
415,1.729167,0.214150,0.397658,0.254024,0.215603,0.319986,0.210918,0.208982,0.181273,0.183317,0.207504,0.056854,0.180456,0.167583,0.258475,0.190821
416,1.733333,0.213839,0.398392,0.252862,0.215614,0.320008,0.210920,0.209016,0.181256,0.183361,0.207513,0.056860,0.180456,0.167583,0.258642,0.190917
417,1.737500,0.214298,0.397557,0.254251,0.215581,0.319988,0.210959,0.209037,0.181243,0.183399,0.207504,0.056858,0.180457,0.167649,0.258477,0.190920
418,1.741667,0.214500,0.397813,0.254191,0.215799,0.319858,0.211238,0.209053,0.181234,0.183421,0.207505,0.056857,0.180454,0.167670,0.258469,0.190948
419,1.745833,0.214119,0.398235,0.253271,0.215937,0.319906,0.211485,0.209059,0.181225,0.183433,0.207502,0.056860,0.180456,0.167751,0.258464,0.191047
420,1.750000,0.214719,0.397229,0.254820,0.215933,0.319806,0.211405,0.209078,0.181219,0.183447,0.207498,0.056858,0.180455,0.167717,0.258634,0.191130
421,1.754167,0.214450,0.397950,0.253795,0.215971,0.319781,0.211457,0.209087,0.181207,0.183453,0.207498,0.056859,0.180456,0.167766,0.258458,0.191113
422,1.758333,0.215079,0.397108,0.255195,0.216020,0.319765,0.211529,0.209091,0.181212,0.183443,0.207495,0.056859,0.180456,0.167522,0.258394,0.191016
423,1.762500,0.215058,0.397653,0.254668,0.216109,0.319809,0.211702,0.209093,0.181210,0.183431,0.207368,0.056864,0.180405,0.167540,0.258395,0.191057
424,1.766667,0.215125,0.397546,0.254663,0.216147,0.319783,0.211756,0.209089,0.181198,0.183408,0.207283,0.056863,0.180370,0.167555,0.258394,0.191083
425,1.770833,0.215230,0.397417,0.254722,0.216124,0.319692,0.211643,0.209101,0.181200,0.183398,0.207365,0.056861,0.180407,0.167543,0.258384,0.191105
426,1.775000,0.215022,0.397379,0.254653,0.216156,0.319662,0.211663,0.209106,0.181206,0.183383,0.207489,0.056850,0.180454,0.167536,0.258377,0.191110
427,1.779167,0.215166,0.397246,0.254715,0.216180,0.319634,0.211664,0.209108,0.181212,0.183357,0.207492,0.056850,0.180459,0.167538,0.258380,0.191119
428,1.783333,0.215518,0.397058,0.255203,0.216210,0.319602,0.211673,0.209107,0.181214,0.183340,0.207490,0.056852,0.180458,0.167531,0.258380,0.191109
429,1.787500,0.215356,0.397048,0.254988,0.216220,0.319586,0.211678,0.209095,0.181218,0.183322,0.207365,0.056864,0.180409,0.167524,0.258378,0.191090
430,1.791667,0.216036,0.396133,0.256624,0.216236,0.319555,0.211661,0.209089,0.181218,0.183308,0.207486,0.056854,0.180461,0.167530,0.258387,0.191082
431,1.795833,0.215846,0.396797,0.256044,0.216299,0.319601,0.211820,0.209075,0.181207,0.183263,0.207493,0.056854,0.180464,0.167501,0.258391,0.191044
432,1.800000,0.215601,0.396768,0.255663,0.216291,0.319589,0.211827,0.209041,0.181208,0.183232,0.207277,0.056861,0.180377,0.167528,0.258401,0.191023
433,1.804167,0.216185,0.395751,0.256947,0.216245,0.319473,0.211622,0.209043,0.181207,0.183225,0.207363,0.056864,0.180411,0.167503,0.258407,0.190982
434,1.808333,0.215786,0.396573,0.255737,0.216235,0.319457,0.211603,0.209020,0.181215,0.183190,0.207487,0.056856,0.180468,0.167490,0.258411,0.190935
435,1.812500,0.216310,0.395616,0.257036,0.216229,0.319441,0.211588,0.208994,0.181224,0.183161,0.207491,0.056851,0.180470,0.167492,0.258428,0.190897
436,1.816667,0.215891,0.396462,0.255822,0.216212,0.319424,0.211552,0.208975,0.181232,0.183128,0.207492,0.056853,0.180475,0.167559,0.258667,0.190865
437,1.820833,0.216402,0.395506,0.257056,0.216198,0.319405,0.211513,0.208952,0.181238,0.183097,0.207490,0.056857,0.180475,0.167617,0.258686,0.190922
438,1.825000,0.215949,0.396404,0.255737,0.216174,0.319391,0.211461,0.208927,0.181242,0.183060,0.207494,0.056859,0.180483,0.167593,0.258681,0.190863
439,1.829167,0.216567,0.395529,0.257019,0.216155,0.319397,0.211398,0.208891,0.181246,0.183017,0.207496,0.056856,0.180485,0.167571,0.258685,0.190800
440,1.833333,0.216279,0.396258,0.256094,0.216127,0.319384,0.211330,0.208862,0.181254,0.182982,0.207499,0.056859,0.180485,0.167454,0.258692,0.190650
441,1.837500,0.216230,0.396228,0.255966,0.216037,0.319455,0.211154,0.208832,0.181252,0.182929,0.207378,0.056868,0.180437,0.167441,0.258692,0.190608
442,1.841667,0.215928,0.396318,0.255533,0.216036,0.319386,0.211133,0.208807,0.181256,0.182894,0.207496,0.056857,0.180487,0.167409,0.258689,0.190554
443,1.845833,0.216491,0.395472,0.256732,0.215990,0.319393,0.211033,0.208784,0.181261,0.182857,0.207504,0.056859,0.180490,0.167387,0.258676,0.190514
444,1.850000,0.216119,0.396251,0.255743,0.215946,0.319400,0.210934,0.208757,0.181263,0.182818,0.207502,0.056855,0.180487,0.167362,0.258498,0.190429
445,1.854167,0.216049,0.396232,0.255612,0.215943,0.319485,0.210961,0.208724,0.181277,0.182769,0.207299,0.056865,0.180405,0.167160,0.258448,0.190273
446,1.858333,0.215945,0.396283,0.255361,0.215848,0.319427,0.210725,0.208695,0.181285,0.182731,0.207295,0.056861,0.180403,0.167010,0.258430,0.190107
447,1.862500,0.215873,0.396311,0.255198,0.215729,0.319504,0.210495,0.208672,0.181299,0.182693,0.207297,0.056861,0.180395,0.166987,0.258426,0.190037
448,1.866667,0.215854,0.396331,0.255019,0.215671,0.319520,0.210368,0.208654,0.181306,0.182655,0.207298,0.056857,0.180395,0.167098,0.258663,0.190034
449,1.870833,0.215474,0.396463,0.254373,0.215593,0.319528,0.210215,0.208629,0.181314,0.182610,0.207503,0.056849,0.180478,0.167147,0.258668,0.190077
450,1.875000,0.215856,0.395629,0.255654,0.215408,0.319585,0.209993,0.208611,0.181324,0.182574,0.207512,0.056849,0.180474,0.167018,0.258658,0.189917
451,1.879167,0.215289,0.396616,0.254282,0.215343,0.319597,0.209868,0.208588,0.181328,0.182541,0.207510,0.056848,0.180469,0.166975,0.258419,0.189804
452,1.883333,0.215714,0.395754,0.255259,0.215368,0.319593,0.209815,0.208564,0.181332,0.182505,0.207390,0.056854,0.180416,0.166680,0.258350,0.189601
453,1.887500,0.215450,0.396619,0.254116,0.215280,0.319629,0.209670,0.208541,0.181342,0.182469,0.207392,0.056856,0.180413,0.166643,0.258352,0.189486
454,1.891667,0.215036,0.396792,0.253396,0.215204,0.319656,0.209558,0.208521,0.181343,0.182439,0.207306,0.056854,0.180374,0.166850,0.258406,0.189536
455,1.895833,0.215414,0.395971,0.254515,0.215000,0.319695,0.209292,0.208519,0.181352,0.182421,0.207515,0.056845,0.180461,0.166828,0.258410,0.189462
456,1.900000,0.214846,0.396946,0.253068,0.214986,0.319710,0.209187,0.208502,0.181357,0.182397,0.207525,0.056848,0.180464,0.166792,0.258408,0.189378
457,1.904167,0.215317,0.396221,0.254043,0.214900,0.319740,0.209048,0.208487,0.181343,0.182344,0.207521,0.056847,0.180461,0.166618,0.258352,0.189207
458,1.908333,0.214923,0.397040,0.252955,0.214802,0.319783,0.208904,0.208470,0.181344,0.182319,0.207520,0.056846,0.180466,0.166402,0.258296,0.189020
459,1.912500,0.214830,0.397075,0.252636,0.214706,0.319829,0.208769,0.208442,0.181350,0.182288,0.207311,0.056860,0.180380,0.166416,0.258296,0.188956
460,1.916667,0.214681,0.397157,0.252262,0.214604,0.319859,0.208599,0.208426,0.181363,0.182258,0.207311,0.056862,0.180379,0.166352,0.258290,0.188829
461,1.920833,0.214477,0.397249,0.251957,0.214497,0.319886,0.208424,0.208414,0.181371,0.182230,0.207397,0.056868,0.180411,0.166422,0.258486,0.188722
462,1.925000,0.214352,0.397316,0.251733,0.214392,0.319921,0.208242,0.208407,0.181367,0.182198,0.207517,0.056860,0.180464,0.166490,0.258469,0.188745
463,1.929167,0.214253,0.397389,0.251474,0.214301,0.319956,0.208092,0.208384,0.181371,0.182164,0.207519,0.056863,0.180463,0.166373,0.258247,0.188538
464,1.933333,0.214118,0.397481,0.251207,0.214206,0.320002,0.207955,0.208361,0.181371,0.182129,0.207516,0.056857,0.180460,0.167151,0.257730,0.187403
465,1.937500,0.213895,0.397574,0.250919,0.214110,0.320050,0.207796,0.208317,0.181373,0.182078,0.207295,0.056872,0.180367,0.166116,0.258198,0.188282
466,1.941667,0.213775,0.397629,0.250778,0.214011,0.320061,0.207590,0.208334,0.181386,0.182060,0.207504,0.056858,0.180448,0.166206,0.258224,0.188272
467,1.945833,0.213635,0.397680,0.250528,0.213922,0.320089,0.207430,0.208322,0.181391,0.182028,0.207511,0.056858,0.180446,0.166193,0.258232,0.188157
468,1.950000,0.213377,0.397799,0.250215,0.213835,0.320114,0.207273,0.208307,0.181392,0.181994,0.207504,0.056856,0.180446,0.166167,0.258228,0.188075
469,1.954167,0.213245,0.397833,0.250083,0.213748,0.320134,0.207120,0.208290,0.181396,0.181960,0.207505,0.056855,0.180443,0.166132,0.258226,0.187997
470,1.958333,0.213093,0.397898,0.249879,0.213664,0.320168,0.206984,0.208272,0.181401,0.181922,0.207502,0.056854,0.180438,0.166099,0.258224,0.187911
471,1.962500,0.212910,0.397968,0.249615,0.213578,0.320195,0.206843,0.208256,0.181404,0.181884,0.207502,0.056853,0.180433,0.165914,0.258173,0.187743
472,1.966667,0.212714,0.398046,0.249375,0.213492,0.320222,0.206668,0.208240,0.181405,0.181845,0.207500,0.056854,0.180435,0.165700,0.258105,0.187543
473,1.970833,0.212577,0.398072,0.249211,0.213411,0.320234,0.206529,0.208219,0.181408,0.181803,0.207501,0.056855,0.180432,0.165686,0.258116,0.187420
474,1.975000,0.212441,0.398113,0.249029,0.213345,0.320246,0.206413,0.208204,0.181406,0.181770,0.207500,0.056854,0.180434,0.165633,0.258275,0.187391
475,1.979167,0.212233,0.398167,0.248802,0.213266,0.320260,0.206282,0.208187,0.181405,0.181738,0.207500,0.056860,0.180431,0.165717,0.258269,0.187435
476,1.983333,0.212101,0.398186,0.248666,0.213196,0.320271,0.206168,0.208166,0.181401,0.181704,0.207499,0.056861,0.180432,0.165749,0.258048,0.187145
477,1.987500,0.211974,0.398227,0.248514,0.213140,0.320272,0.206080,0.208139,0.181398,0.181664,0.207500,0.056865,0.180438,0.165737,0.258037,0.187054
478,1.991667,0.211854,0.398240,0.248371,0.213067,0.320268,0.205958,0.208123,0.181394,0.181634,0.207497,0.056867,0.180439,0.165724,0.258019,0.186947
479,1.995833,0.211744,0.398239,0.248237,0.212991,0.320275,0.205846,0.208104,0.181390,0.181602,0.207497,0.056865,0.180438,0.165553,0.257961,0.186796
480,2.000000,0.211641,0.398237,0.248114,0.212926,0.320278,0.205747,0.208088,0.181385,0.181561,0.207497,0.056866,0.180435,0.165650,0.257981,0.186787
481,2.004167,0.211478,0.398251,0.248064,0.212866,0.320272,0.205648,0.208075,0.181361,0.181506,0.207493,0.056866,0.180433,0.165634,0.257984,0.186662
482,2.008333,0.211430,0.398210,0.248010,0.212800,0.320236,0.205554,0.208056,0.181353,0.181474,0.207495,0.056865,0.180431,0.165611,0.257968,0.186587
483,2.012500,0.211330,0.398163,0.247895,0.212745,0.320216,0.205479,0.208043,0.181345,0.181443,0.207491,0.056865,0.180432,0.165551,0.257972,0.186519
484,2.016667,0.211255,0.398120,0.247816,0.212699,0.320194,0.205402,0.208031,0.181335,0.181416,0.207490,0.056869,0.180432,0.165541,0.257958,0.186438
485,2.020833,0.211193,0.398063,0.247787,0.212663,0.320162,0.205347,0.208017,0.181328,0.181388,0.207488,0.056865,0.180430,0.165543,0.257942,0.186378
486,2.025000,0.210866,0.398076,0.247349,0.212622,0.320118,0.205273,0.208009,0.181321,0.181360,0.207489,0.056867,0.180431,0.165523,0.257923,0.186313
487,2.029167,0.211259,0.397174,0.248778,0.212489,0.320098,0.205142,0.208004,0.181311,0.181334,0.207489,0.056866,0.180431,0.165509,0.257905,0.186254
488,2.033333,0.210847,0.397928,0.247580,0.212451,0.320062,0.205114,0.207998,0.181305,0.181308,0.207488,0.056863,0.180428,0.165349,0.257783,0.186079
489,2.037500,0.211243,0.396998,0.248882,0.212528,0.320005,0.205148,0.207990,0.181299,0.181282,0.207490,0.056859,0.180433,0.165246,0.257707,0.185942
490,2.041667,0.211088,0.397677,0.248036,0.212505,0.319967,0.205117,0.207984,0.181295,0.181256,0.207493,0.056859,0.180431,0.165252,0.257701,0.185919
491,2.045833,0.211385,0.396879,0.249068,0.212502,0.319929,0.205127,0.207979,0.181293,0.181232,0.207494,0.056859,0.180432,0.165213,0.257698,0.185827
492,2.050000,0.211177,0.397460,0.248102,0.212484,0.319897,0.205104,0.207980,0.181295,0.181211,0.207496,0.056859,0.180434,0.165208,0.257696,0.185798
493,2.054167,0.211464,0.396642,0.249339,0.212484,0.319871,0.205119,0.207977,0.181302,0.181188,0.207496,0.056860,0.180435,0.165212,0.257699,0.185778
494,2.058333,0.211259,0.397232,0.248502,0.212395,0.319864,0.205082,0.207976,0.181310,0.181166,0.207500,0.056859,0.180437,0.165198,0.257704,0.185744
495,2.062500,0.211529,0.396275,0.249760,0.212487,0.319822,0.205166,0.207974,0.181321,0.181145,0.207503,0.056859,0.180443,0.165205,0.257716,0.185746
496,2.066667,0.211452,0.396949,0.248852,0.212414,0.319818,0.205148,0.207975,0.181335,0.181128,0.207505,0.056858,0.180442,0.165197,0.257733,0.185723
497,2.070833,0.211782,0.395971,0.250234,0.212532,0.319767,0.205269,0.207977,0.181346,0.181109,0.207510,0.056856,0.180447,0.165213,0.257746,0.185714
498,2.075000,0.211468,0.396698,0.249013,0.212466,0.319762,0.205271,0.207978,0.181352,0.181096,0.207509,0.056860,0.180448,0.165183,0.257977,0.185904
499,2.079167,0.211423,0.396483,0.248456,0.212478,0.319740,0.205319,0.207975,0.181357,0.181083,0.207511,0.056858,0.180447,0.165249,0.258009,0.185941
500,2.083333,0.211659,0.396302,0.248662,0.212495,0.319722,0.205382,0.207974,0.181359,0.181076,0.207506,0.056859,0.180454,0.165207,0.257999,0.185936
501,2.087500,0.211841,0.396136,0.248938,0.212551,0.319668,0.205473,0.207972,0.181355,0.181066,0.207508,0.056859,0.180454,0.165459,0.257849,0.185826
502,2.091667,0.211928,0.395935,0.249348,0.212623,0.319607,0.205585,0.207969,0.181351,0.181061,0.207515,0.056853,0.180456,0.165485,0.257854,0.185869
503,2.095833,0.212166,0.395768,0.249544,0.212691,0.319569,0.205710,0.207970,0.181347,0.181060,0.207516,0.056856,0.180459,0.165586,0.257875,0.185963
504,2.100000,0.212270,0.395557,0.249979,0.212749,0.319521,0.205819,0.207973,0.181342,0.181065,0.207514,0.056855,0.180462,0.165395,0.257791,0.185981
505,2.104167,0.212534,0.395415,0.250173,0.212815,0.319461,0.205930,0.207976,0.181337,0.181068,0.207514,0.056856,0.180461,0.165359,0.257813,0.186028
506,2.108333,0.212635,0.395204,0.250638,0.212893,0.319405,0.206059,0.207980,0.181335,0.181078,0.207514,0.056855,0.180461,0.165334,0.257871,0.186127
507,2.112500,0.212871,0.395066,0.250829,0.212975,0.319355,0.206196,0.207985,0.181335,0.181090,0.207515,0.056857,0.180462,0.165338,0.257881,0.186183
508,2.116667,0.212992,0.394865,0.251316,0.213072,0.319301,0.206341,0.207991,0.181336,0.181107,0.207516,0.056858,0.180458,0.165638,0.257987,0.186332
509,2.120833,0.213183,0.394684,0.251671,0.213171,0.319249,0.206498,0.207995,0.181333,0.181132,0.207516,0.056857,0.180455,0.165577,0.257954,0.186416
510,2.125000,0.213442,0.394575,0.251931,0.213269,0.319198,0.206656,0.208004,0.181334,0.181151,0.207516,0.056860,0.180452,0.165604,0.257925,0.186466
511,2.129167,0.213543,0.394375,0.252344,0.213374,0.319143,0.206839,0.208014,0.181333,0.181177,0.207513,0.056860,0.180455,0.165665,0.257940,0.186561
512,2.133333,0.213860,0.394239,0.252678,0.213476,0.319079,0.207015,0.208021,0.181327,0.181213,0.207515,0.056860,0.180454,0.165679,0.257937,0.186643
513,2.137500,0.213949,0.394082,0.253065,0.213587,0.319009,0.207202,0.208034,0.181321,0.181248,0.207515,0.056859,0.180450,0.165718,0.257926,0.186771
514,2.141667,0.214188,0.393933,0.253239,0.213694,0.318942,0.207386,0.208050,0.181310,0.181289,0.207515,0.056854,0.180445,0.165711,0.257921,0.186854
515,2.145833,0.214398,0.393785,0.253581,0.213812,0.318883,0.207591,0.208069,0.181298,0.181332,0.207514,0.056853,0.180442,0.165802,0.257946,0.186999
516,2.150000,0.214633,0.393664,0.253881,0.213925,0.318827,0.207794,0.208090,0.181286,0.181379,0.207517,0.056854,0.180443,0.165773,0.258155,0.187329
517,2.154167,0.214811,0.393524,0.254173,0.214044,0.318763,0.208005,0.208115,0.181272,0.181434,0.207514,0.056855,0.180441,0.165819,0.258169,0.187436
518,2.158333,0.215021,0.393378,0.254475,0.214168,0.318687,0.208219,0.208139,0.181258,0.181495,0.207512,0.056852,0.180442,0.165992,0.258001,0.187501
519,2.162500,0.215326,0.393254,0.254738,0.214292,0.318621,0.208434,0.208164,0.181230,0.181569,0.207513,0.056855,0.180441,0.165787,0.257974,0.187542
520,2.166667,0.215439,0.393121,0.255089,0.214418,0.318552,0.208643,0.208193,0.181210,0.181635,0.207513,0.056857,0.180441,0.165941,0.257997,0.187743
521,2.170833,0.215703,0.393009,0.255282,0.214540,0.318493,0.208870,0.208231,0.181185,0.181711,0.207508,0.056857,0.180438,0.166211,0.258033,0.187989
522,2.175000,0.215934,0.392888,0.255611,0.214658,0.318426,0.209088,0.208262,0.181181,0.181810,0.207510,0.056857,0.180436,0.166348,0.258003,0.188178
523,2.179167,0.216139,0.392776,0.255910,0.214780,0.318356,0.209312,0.208297,0.181160,0.181884,0.207509,0.056858,0.180434,0.166389,0.257969,0.188310
524,2.183333,0.216324,0.392647,0.256194,0.214899,0.318292,0.209523,0.208343,0.181125,0.181969,0.207509,0.056855,0.180434,0.166319,0.257908,0.188397
525,2.187500,0.216544,0.392522,0.256518,0.215038,0.318207,0.209787,0.208379,0.181095,0.182045,0.207511,0.056855,0.180434,0.166574,0.257943,0.188671
526,2.191667,0.216827,0.392399,0.256756,0.215225,0.318044,0.210134,0.208441,0.181065,0.182130,0.207507,0.056857,0.180432,0.166686,0.257935,0.188906
527,2.195833,0.217041,0.392281,0.256971,0.215360,0.317954,0.210365,0.208490,0.181038,0.182220,0.207509,0.056856,0.180433,0.166728,0.258093,0.189077
528,2.200000,0.217258,0.392141,0.257269,0.215483,0.317870,0.210595,0.208535,0.181002,0.182307,0.207508,0.056854,0.180436,0.166761,0.258088,0.189208
529,2.204167,0.217484,0.392007,0.257579,0.215623,0.317773,0.210874,0.208580,0.180961,0.182415,0.207507,0.056855,0.180436,0.166921,0.258055,0.189487
530,2.208333,0.217772,0.391898,0.257841,0.215750,0.317663,0.211103,0.208635,0.180915,0.182512,0.207505,0.056856,0.180439,0.167029,0.258007,0.189713
531,2.212500,0.217880,0.391762,0.258171,0.215897,0.317556,0.211336,0.208681,0.180859,0.182619,0.207506,0.056855,0.180438,0.167066,0.257791,0.189834
532,2.216667,0.218158,0.391595,0.258381,0.216045,0.317434,0.211606,0.208732,0.180816,0.182722,0.207504,0.056854,0.180442,0.167247,0.257761,0.190083
533,2.220833,0.218405,0.391477,0.258762,0.216184,0.317324,0.211865,0.208789,0.180771,0.182829,0.207504,0.056854,0.180447,0.167246,0.257665,0.190310
534,2.225000,0.218580,0.391328,0.259049,0.216336,0.317205,0.212132,0.208843,0.180728,0.182931,0.207507,0.056854,0.180442,0.167266,0.257618,0.190442
535,2.229167,0.218784,0.391150,0.259355,0.216482,0.317079,0.212409,0.208909,0.180680,0.183076,0.207504,0.056852,0.180448,0.167397,0.257787,0.190563
536,2.233333,0.219102,0.390996,0.259733,0.216640,0.316964,0.212704,0.208962,0.180656,0.183179,0.207508,0.056854,0.180452,0.167529,0.257809,0.190920
537,2.237500,0.219244,0.390832,0.260130,0.216784,0.316877,0.212968,0.209027,0.180636,0.183259,0.207508,0.056854,0.180452,0.167647,0.257561,0.191036
538,2.241667,0.219544,0.390655,0.260460,0.216957,0.316777,0.213294,0.209079,0.180625,0.183345,0.207508,0.056847,0.180456,0.167654,0.257573,0.191195
539,2.245833,0.219761,0.390466,0.261007,0.217126,0.316692,0.213598,0.209134,0.180617,0.183430,0.207512,0.056849,0.180457,0.167894,0.257643,0.191466
540,2.250000,0.220081,0.390265,0.261272,0.217295,0.316631,0.213888,0.209187,0.180613,0.183509,0.207513,0.056850,0.180459,0.168000,0.257811,0.191715
541,2.254167,0.220306,0.390044,0.261832,0.217470,0.316539,0.214209,0.209237,0.180612,0.183580,0.207512,0.056850,0.180457,0.168059,0.257836,0.191847
542,2.258333,0.220647,0.389827,0.262260,0.217585,0.316540,0.214384,0.209281,0.180606,0.183648,0.207517,0.056850,0.180458,0.168305,0.257848,0.192018
543,2.262500,0.220858,0.389571,0.262820,0.217748,0.316461,0.214673,0.209331,0.180589,0.183717,0.207518,0.056850,0.180458,0.168412,0.257876,0.192188
544,2.266667,0.221152,0.389300,0.263360,0.217930,0.316364,0.214983,0.209372,0.180570,0.183780,0.207516,0.056849,0.180462,0.168410,0.257687,0.192405
545,2.270833,0.221393,0.389040,0.263827,0.218110,0.316245,0.215286,0.209414,0.180538,0.183833,0.207518,0.056846,0.180468,0.168436,0.257676,0.192540
546,2.275000,0.221720,0.388723,0.264434,0.218295,0.316138,0.215577,0.209455,0.180514,0.183885,0.207517,0.056845,0.180464,0.168630,0.257711,0.192796
547,2.279167,0.221965,0.388439,0.264948,0.218473,0.316029,0.215868,0.209493,0.180491,0.183938,0.207518,0.056847,0.180464,0.168770,0.257726,0.193003
548,2.283333,0.222254,0.388093,0.265537,0.218630,0.315904,0.216141,0.209540,0.180466,0.184017,0.207519,0.056844,0.180467,0.168932,0.257893,0.193075
549,2.287500,0.222458,0.387742,0.266193,0.218814,0.315775,0.216426,0.209583,0.180417,0.184091,0.207519,0.056845,0.180467,0.169006,0.257881,0.193191
550,2.291667,0.222800,0.387394,0.266679,0.218988,0.315633,0.216704,0.209625,0.180383,0.184129,0.207523,0.056842,0.180470,0.169153,0.257860,0.193410
551,2.295833,0.223075,0.387026,0.267269,0.219159,0.315504,0.216990,0.209666,0.180349,0.184192,0.207523,0.056842,0.180473,0.169170,0.257672,0.193642
552,2.300000,0.223286,0.386650,0.267906,0.219340,0.315367,0.217264,0.209699,0.180318,0.184239,0.207521,0.056842,0.180472,0.169183,0.257632,0.193744
553,2.304167,0.223580,0.386269,0.268489,0.219502,0.315227,0.217539,0.209734,0.180290,0.184286,0.207524,0.056843,0.180476,0.169227,0.257597,0.193845
554,2.308333,0.223863,0.385899,0.269021,0.219677,0.315084,0.217812,0.209775,0.180250,0.184346,0.207523,0.056841,0.180476,0.169324,0.257567,0.193944
555,2.312500,0.224229,0.385515,0.269512,0.219854,0.314933,0.218101,0.209815,0.180205,0.184398,0.207528,0.056840,0.180480,0.169586,0.257573,0.194203
556,2.316667,0.224427,0.385133,0.270096,0.219997,0.314759,0.218359,0.209856,0.180155,0.184443,0.207528,0.056837,0.180482,0.169628,0.257530,0.194305
557,2.320833,0.224803,0.384424,0.271299,0.220169,0.314583,0.218645,0.209894,0.180112,0.184493,0.207533,0.056837,0.180487,0.169668,0.257496,0.194393
558,2.325000,0.225577,0.383211,0.273987,0.220336,0.314409,0.218928,0.209935,0.180066,0.184540,0.207534,0.056836,0.180487,0.169694,0.257468,0.194516
559,2.329167,0.226108,0.382845,0.274635,0.220513,0.314224,0.219214,0.209974,0.180033,0.184579,0.207300,0.056848,0.180397,0.169962,0.257467,0.194744
560,2.333333,0.225744,0.383012,0.274291,0.220687,0.314062,0.219508,0.210017,0.180005,0.184621,0.207302,0.056844,0.180395,0.169818,0.258179,0.195603
561,2.337500,,,,0.220806,0.313956,0.219777,0.210064,0.179979,0.184681,0.207529,0.056837,0.180492,0.167753,0.261613,0.198772
562,2.341667,,,,0.220584,0.314227,0.219864,0.210167,0.179983,0.184751,0.207722,0.056836,0.180535,0.167429,0.261382,0.198734
563,2.345833,,,,0.220814,0.314053,0.220195,0.210207,0.179979,0.184790,0.207596,0.056844,0.180511,0.167882,0.260864,0.198339
564,2.350000,0.227560,0.380967,0.277172,0.220986,0.313959,0.220497,0.210261,0.179979,0.184812,0.207537,0.056839,0.180498,0.171382,0.259454,0.191627
565,2.354167,0.227842,0.380697,0.277697,0.221431,0.313542,0.220905,0.210263,0.179984,0.184813,0.207595,0.056842,0.180507,0.171574,0.259530,0.191695
566,2.358333,0.227713,0.380545,0.278114,0.221635,0.313399,0.221155,0.210273,0.179986,0.184824,0.207302,0.056846,0.180400,0.171002,0.259456,0.192868
567,2.362500,0.228007,0.380209,0.278645,0.221775,0.313314,0.221414,0.210305,0.179977,0.184858,0.207304,0.056847,0.180402,0.170678,0.259236,0.193459
568,2.366667,0.228236,0.379903,0.279085,0.221931,0.313195,0.221670,0.210338,0.179968,0.184880,0.207299,0.056847,0.180404,0.170873,0.257819,0.195638
569,2.370833,0.228479,0.379604,0.279560,0.222076,0.313073,0.221898,0.210383,0.179951,0.184909,0.207299,0.056844,0.180405,0.170832,0.257588,0.196025
570,2.375000,0.228536,0.379458,0.279896,0.222219,0.312959,0.222134,0.210412,0.179933,0.184924,0.207297,0.056844,0.180400,0.170888,0.257572,0.196126
571,2.379167,0.228952,0.378926,0.280413,0.222349,0.312837,0.222360,0.210448,0.179909,0.184945,0.207297,0.056842,0.180399,0.170921,0.257568,0.196235
572,2.383333,0.229144,0.378660,0.280835,0.222481,0.312725,0.222559,0.210478,0.179888,0.184969,0.207297,0.056841,0.180404,0.170945,0.257560,0.196328
573,2.387500,0.229353,0.378356,0.281226,0.222622,0.312620,0.222775,0.210508,0.179868,0.184994,0.207297,0.056840,0.180405,0.171024,0.257530,0.196422
574,2.391667,0.229564,0.378074,0.281618,0.222736,0.312520,0.222962,0.210535,0.179855,0.185025,0.207298,0.056844,0.180402,0.171241,0.257565,0.196646
575,2.395833,0.229735,0.377810,0.281990,0.222847,0.312438,0.223136,0.210566,0.179844,0.185065,0.207295,0.056848,0.180406,0.171254,0.257554,0.196722
576,2.400000,0.229911,0.377549,0.282382,0.222951,0.312368,0.223283,0.210588,0.179834,0.185099,0.207295,0.056852,0.180403,0.171280,0.257540,0.196798
577,2.404167,0.230087,0.377298,0.282715,0.223066,0.312290,0.223448,0.210616,0.179831,0.185144,0.207292,0.056852,0.180397,0.171307,0.257531,0.196874
578,2.408333,0.230268,0.377073,0.283015,0.223180,0.312216,0.223597,0.210628,0.179810,0.185176,0.207292,0.056852,0.180401,0.171361,0.257523,0.196954
579,2.412500,0.230289,0.377002,0.283263,0.223266,0.312138,0.223744,0.210651,0.179807,0.185217,0.207292,0.056855,0.180397,0.171390,0.257524,0.197024
580,2.416667,0.230443,0.376807,0.283514,0.223362,0.312074,0.223890,0.210667,0.179793,0.185253,0.207288,0.056854,0.180395,0.171634,0.257561,0.197233
581,2.420833,0.230611,0.376626,0.283731,0.223439,0.312001,0.224011,0.210684,0.179772,0.185285,0.207287,0.056855,0.180396,0.171648,0.257549,0.197287
582,2.425000,0.230961,0.376253,0.283985,0.223513,0.311921,0.224128,0.210701,0.179753,0.185315,0.207144,0.056947,0.180246,0.171649,0.257528,0.197326
583,2.429167,0.230913,0.376263,0.284047,0.223606,0.311825,0.224246,0.210714,0.179729,0.185350,0.207287,0.056852,0.180391,0.171665,0.257495,0.197381
584,2.433333,0.231202,0.375978,0.284290,0.223689,0.311751,0.224354,0.210733,0.179705,0.185384,0.207287,0.056854,0.180393,0.171704,0.257472,0.197433
585,2.437500,0.231157,0.376006,0.284315,0.223748,0.311668,0.224442,0.210754,0.179675,0.185428,0.207285,0.056850,0.180390,0.171890,0.257681,0.197432
586,2.441667,0.231430,0.375737,0.284499,0.223800,0.311596,0.224509,0.210794,0.179628,0.185489,0.207290,0.056851,0.180390,0.171531,0.258146,0.198289
587,2.445833,0.231509,0.375666,0.284564,0.223825,0.311545,0.224558,0.210802,0.179599,0.185530,0.207290,0.056850,0.180393,0.171602,0.257302,0.197555
588,2.450000,0.231582,0.375566,0.284642,0.223898,0.311449,0.224620,0.210799,0.179554,0.185552,0.207290,0.056848,0.180386,0.171693,0.257247,0.197591
589,2.454167,0.231654,0.375502,0.284684,0.223948,0.311370,0.224663,0.210823,0.179522,0.185617,0.207288,0.056849,0.180385,0.171707,0.257210,0.197642
590,2.458333,0.231714,0.375445,0.284711,0.223984,0.311296,0.224709,0.210840,0.179465,0.185658,0.207148,0.056941,0.180239,0.171717,0.257169,0.197675
591,2.462500,0.231783,0.375409,0.284724,0.224015,0.311222,0.224739,0.210848,0.179429,0.185690,0.207142,0.056942,0.180235,0.171732,0.257115,0.197714
592,2.466667,0.231833,0.375363,0.284705,0.224055,0.311139,0.224780,0.210853,0.179379,0.185741,0.207143,0.056942,0.180235,0.172168,0.257329,0.197696
593,2.470833,0.231740,0.375478,0.284614,0.224083,0.311049,0.224821,0.210874,0.179339,0.185781,0.207143,0.056946,0.180236,0.172229,0.257262,0.197796
594,2.475000,0.231950,0.375301,0.284671,0.224106,0.310976,0.224856,0.210889,0.179300,0.185820,0.207143,0.056947,0.180239,0.172226,0.257218,0.197813
595,2.479167,0.231841,0.375443,0.284562,0.224130,0.310904,0.224898,0.210902,0.179287,0.185834,0.207140,0.056947,0.180241,0.171954,0.256966,0.198001
596,2.483333,0.231925,0.375402,0.284576,0.224147,0.310848,0.224937,0.210912,0.179269,0.185860,0.207145,0.056945,0.180238,0.171940,0.256937,0.198021
597,2.487500,0.231982,0.375383,0.284559,0.224165,0.310808,0.224972,0.210927,0.179256,0.185874,0.207147,0.056945,0.180239,0.171955,0.256924,0.198048
598,2.491667,0.232237,0.375177,0.284641,0.224180,0.310777,0.225000,0.210942,0.179260,0.185893,0.207142,0.056942,0.180239,0.172248,0.257158,0.197911
599,2.495833,0.232159,0.375284,0.284587,0.224196,0.310747,0.225026,0.210960,0.179261,0.185920,0.207147,0.056942,0.180236,0.172266,0.257156,0.197944
600,2.500000,0.232455,0.375011,0.284688,0.224209,0.310724,0.225047,0.210966,0.179270,0.185949,0.207289,0.056848,0.180388,0.171972,0.256911,0.198103
601,2.504167,0.232527,0.374940,0.284704,0.224215,0.310693,0.225063,0.210967,0.179263,0.185952,0.207291,0.056848,0.180392,0.172145,0.257157,0.198056
602,2.508333,0.232645,0.374846,0.284769,0.224224,0.310650,0.225077,0.210983,0.179252,0.185967,0.207289,0.056847,0.180391,0.172287,0.257131,0.197971
603,2.512500,0.232760,0.374698,0.284814,0.224238,0.310600,0.225097,0.210987,0.179229,0.185951,0.207295,0.056847,0.180394,0.171989,0.256857,0.198118
604,2.516667,0.232864,0.374555,0.284884,0.224239,0.310544,0.225118,0.210982,0.179218,0.185937,0.207294,0.056848,0.180388,0.171953,0.256827,0.198113
605,2.520833,0.232965,0.374394,0.284962,0.224257,0.310479,0.225139,0.210990,0.179201,0.185934,0.207292,0.056846,0.180395,0.172281,0.257064,0.197963
606,2.525000,,,,0.224279,0.310397,0.225154,0.211004,0.179182,0.185926,0.207298,0.056846,0.180389,0.169802,0.260964,0.201900
607,2.529167,,,,,,,0.211061,0.179166,0.185953,0.207727,0.056838,0.180534,0.169331,0.260667,0.201753
608,2.533333,,,,,,,0.210965,0.179162,0.185843,0.207763,0.056843,0.180525,0.169380,0.260580,0.201681
609,2.537500,,,,,,,0.211003,0.179149,0.185863,0.207641,0.056840,0.180512,0.169495,0.260408,0.201520
610,2.541667,,,,,,,0.211010,0.179143,0.185856,0.207575,0.056840,0.180495,0.169665,0.260191,0.201316
611,2.545833,,,,,,,0.211004,0.179141,0.185835,0.207571,0.056839,0.180495,0.169839,0.259959,0.201072
612,2.550000,,,,,,,0.210993,0.179144,0.185811,0.207583,0.056836,0.180497,0.170023,0.259722,0.200838
613,2.554167,,,,,,,0.210986,0.179150,0.185783,0.207588,0.056837,0.180498,0.170201,0.259509,0.200598
614,2.558333,,,,,,,0.210973,0.179161,0.185755,0.207582,0.056835,0.180499,0.173024,0.258721,0.194097
615,2.562500,,,,,,,0.210995,0.179169,0.185749,0.207479,0.056832,0.180473,0.173403,0.258849,0.193704
616,2.566667,,,,,,,0.210984,0.179185,0.185694,0.207467,0.056832,0.180465,0.173051,0.258772,0.193979
617,2.570833,,,,,,,0.210962,0.179197,0.185651,0.207493,0.056832,0.180476,0.173011,0.258773,0.193910
618,2.575000,,,,,,,0.210936,0.179213,0.185611,0.207497,0.056833,0.180478,0.173011,0.258793,0.193879
619,2.579167,,,,,,,0.210927,0.179231,0.185563,0.207491,0.056832,0.180481,0.173015,0.258814,0.193846
620,2.583333,,,,,,,0.210911,0.179238,0.185521,0.207492,0.056833,0.180480,0.173024,0.258837,0.193781
621,2.587500,,,,,,,0.210893,0.179244,0.185480,0.207490,0.056835,0.180478,0.173028,0.258853,0.193736
622,2.591667,,,,,,,0.210874,0.179253,0.185438,0.207489,0.056836,0.180480,0.173035,0.258871,0.193702
623,2.595833,,,,,,,0.210848,0.179259,0.185394,0.207490,0.056839,0.180482,0.173045,0.258890,0.193664
624,2.600000,,,,,,,0.210829,0.179264,0.185352,0.207490,0.056839,0.180482,0.173046,0.258903,0.193627
625,2.604167,,,,,,,0.210817,0.179274,0.185298,0.207490,0.056840,0.180483,0.173048,0.258919,0.193590
626,2.608333,,,,,,,0.210800,0.179282,0.185257,0.207488,0.056841,0.180482,0.173052,0.258934,0.193552
627,2.612500,,,,,,,0.210785,0.179291,0.185217,0.207487,0.056841,0.180485,0.173055,0.258951,0.193525
628,2.616667,,,,,,,0.210769,0.179277,0.185143,0.207483,0.056839,0.180482,0.173058,0.258967,0.193498
629,2.620833,,,,,,,0.210755,0.179284,0.185104,0.207481,0.056840,0.180479,0.173063,0.258971,0.193470
630,2.625000,,,,,,,0.210751,0.179289,0.185071,0.207482,0.056840,0.180480,0.172868,0.258981,0.193715
631,2.629167,,,,,,,0.210741,0.179292,0.185039,0.207491,0.056842,0.180483,0.172823,0.258985,0.193744
632,2.633333,,,,,,,0.210735,0.179295,0.185016,0.207489,0.056842,0.180482,0.172841,0.258991,0.193703
633,2.637500,,,,,,,0.210730,0.179298,0.184997,0.207484,0.056841,0.180477,0.172856,0.258998,0.193677
634,2.641667,,,,,,,0.210727,0.179303,0.184979,0.207481,0.056843,0.180477,0.172854,0.259002,0.193659
635,2.645833,,,,,,,0.210728,0.179306,0.184968,0.207481,0.056843,0.180476,0.172859,0.259007,0.193654
636,2.650000,,,,,,,0.210730,0.179305,0.184960,0.207481,0.056842,0.180477,0.172863,0.259009,0.193647
637,2.654167,,,,,,,0.210732,0.179306,0.184956,0.207476,0.056844,0.180474,0.172861,0.259007,0.193638
638,2.658333,,,,,,,0.210735,0.179301,0.184952,0.207474,0.056846,0.180472,0.172866,0.259001,0.193635
639,2.662500,,,,,,,0.210741,0.179297,0.184954,0.207473,0.056842,0.180470,0.172869,0.258992,0.193633
640,2.666667,,,,,,,0.210750,0.179289,0.184956,0.207472,0.056842,0.180470,0.172874,0.258979,0.193629
641,2.670833,,,,,,,0.210759,0.179280,0.184966,0.207470,0.056843,0.180470,0.172876,0.258968,0.193635
642,2.675000,,,,,,,0.210769,0.179271,0.184978,0.207472,0.056841,0.180468,0.172879,0.258955,0.193641
643,2.679167,,,,,,,0.210780,0.179262,0.184993,0.207470,0.056845,0.180471,0.172886,0.258940,0.193651
644,2.683333,,,,,,,0.210790,0.179244,0.185015,0.207470,0.056847,0.180473,0.172891,0.258921,0.193660
645,2.687500,,,,,,,0.210804,0.179227,0.185040,0.207471,0.056848,0.180471,0.172898,0.258896,0.193676
646,2.691667,,,,,,,0.210813,0.179206,0.185071,0.207472,0.056847,0.180473,0.172894,0.258863,0.193712
647,2.695833,,,,,,,0.210826,0.179187,0.185104,0.207472,0.056850,0.180472,0.172894,0.258836,0.193737
648,2.700000,,,,,,,0.210841,0.179165,0.185140,0.207472,0.056847,0.180473,0.172902,0.258807,0.193766
649,2.704167,,,,,,,0.210858,0.179143,0.185176,0.207475,0.056848,0.180475,0.172910,0.258773,0.193778
650,2.708333,,,,,,,0.210874,0.179121,0.185209,0.207478,0.056845,0.180470,0.172917,0.258746,0.193810
651,2.712500,,,,,,,0.210896,0.179096,0.185260,0.207480,0.056843,0.180474,0.172921,0.258713,0.193834
652,2.716667,,,,,,,0.210914,0.179075,0.185301,0.207478,0.056844,0.180473,0.172953,0.258681,0.193847
653,2.720833,,,,,,,0.210930,0.179040,0.185342,0.207479,0.056841,0.180474,0.172971,0.258652,0.193874
654,2.725000,,,,,,,0.210946,0.179021,0.185377,0.207477,0.056839,0.180474,0.172978,0.258622,0.193903
655,2.729167,,,,,,,0.210950,0.179003,0.185429,0.207479,0.056838,0.180471,0.172985,0.258598,0.193940
656,2.733333,,,,,,,0.210965,0.178986,0.185466,0.207481,0.056838,0.180471,0.173001,0.258565,0.194018
657,2.737500,,,,,,,0.210981,0.178975,0.185503,0.207481,0.056839,0.180471,0.173010,0.258547,0.194054
658,2.741667,,,,,,,0.210996,0.178978,0.185553,0.207481,0.056834,0.180472,0.173025,0.258532,0.194088
659,2.745833,,,,,,,0.211011,0.178966,0.185582,0.207486,0.056834,0.180470,0.173035,0.258518,0.194124
660,2.750000,,,,,,,0.211021,0.178961,0.185613,0.207485,0.056834,0.180470,0.173050,0.258513,0.194167
661,2.754167,,,,,,,0.211029,0.178956,0.185637,0.207486,0.056834,0.180469,0.173062,0.258508,0.194204
662,2.758333,,,,,,,0.211039,0.178955,0.185661,0.207488,0.056835,0.180469,0.173072,0.258506,0.194240
663,2.762500,,,,,,,0.211046,0.178952,0.185680,0.207490,0.056830,0.180473,0.173089,0.258507,0.194282
664,2.766667,,,,,,,0.211052,0.178952,0.185699,0.207490,0.056831,0.180472,0.173091,0.258495,0.194285
665,2.770833,,,,,,,0.211060,0.178947,0.185713,0.207491,0.056831,0.180471,0.173105,0.258495,0.194320
666,2.775000,,,,,,,0.211064,0.178946,0.185723,0.207494,0.056831,0.180475,0.173123,0.258500,0.194366
667,2.779167,,,,,,,0.211070,0.178942,0.185735,0.207493,0.056835,0.180477,0.173135,0.258489,0.194421
668,2.783333,,,,,,,0.211074,0.178937,0.185741,0.207490,0.056836,0.180476,0.173154,0.258487,0.194465
669,2.787500,,,,,,,0.211076,0.178932,0.185746,0.207494,0.056836,0.180475,0.173170,0.258488,0.194505
670,2.791667,,,,,,,0.211081,0.178928,0.185750,0.207494,0.056836,0.180475,0.173190,0.258488,0.194546
671,2.795833,,,,,,,0.211084,0.178928,0.185750,0.207497,0.056836,0.180478,0.173207,0.258490,0.194586
672,2.800000,,,,,,,0.211087,0.178924,0.185750,0.207497,0.056835,0.180483,0.173555,0.258508,0.194442
673,2.804167,,,,,,,0.211091,0.178921,0.185746,0.207482,0.056836,0.180478,0.173503,0.258499,0.194385
674,2.808333,,,,,,,0.211089,0.178919,0.185744,0.207490,0.056836,0.180473,0.173586,0.258517,0.194510
675,2.812500,,,,,,,0.211091,0.178918,0.185741,0.207489,0.056836,0.180477,0.173614,0.258525,0.194555
676,2.816667,,,,,,,0.211091,0.178916,0.185739,0.207488,0.056836,0.180476,0.173629,0.258522,0.194579
677,2.820833,,,,,,,0.211092,0.178912,0.185736,0.207486,0.056838,0.180473,0.173642,0.258519,0.194603
678,2.825000,,,,,,,0.211093,0.178909,0.185732,0.207485,0.056838,0.180475,0.173681,0.258514,0.194615
679,2.829167,,,,,,,0.211093,0.178903,0.185730,0.207484,0.056838,0.180473,0.173698,0.258517,0.194640
680,2.833333,,,,,,,0.211095,0.178898,0.185728,0.207483,0.056837,0.180471,0.173709,0.258513,0.194662
681,2.837500,,,,,,,0.211098,0.178895,0.185724,0.207482,0.056836,0.180472,0.173730,0.258509,0.194692
682,2.841667,,,,,,,0.211103,0.178889,0.185723,0.207477,0.056834,0.180470,0.173757,0.258510,0.194737
683,2.845833,,,,,,,0.211105,0.178879,0.185724,0.207474,0.056836,0.180467,0.173733,0.258506,0.194741
684,2.850000,,,,,,,0.211110,0.178866,0.185726,0.207475,0.056834,0.180469,0.173747,0.258495,0.194765
685,2.854167,,,,,,,0.211115,0.178856,0.185730,0.207473,0.056834,0.180471,0.173779,0.258490,0.194816
686,2.858333,,,,,,,0.211122,0.178842,0.185738,0.207470,0.056832,0.180469,0.173807,0.258479,0.194863
687,2.862500,,,,,,,0.211127,0.178827,0.185749,0.207469,0.056834,0.180471,0.173841,0.258466,0.194915
688,2.866667,,,,,,,0.211145,0.178804,0.185769,0.207464,0.056835,0.180476,0.173869,0.258450,0.194961
689,2.870833,,,,,,,0.211170,0.178785,0.185779,0.207466,0.056837,0.180475,0.173901,0.258441,0.195017
690,2.875000,,,,,,,0.211184,0.178776,0.185799,0.207463,0.056836,0.180477,0.173933,0.258429,0.195083
691,2.879167,,,,,,,0.211199,0.178757,0.185822,0.207462,0.056838,0.180477,0.173956,0.258399,0.195181
692,2.883333,,,,,,,0.211217,0.178744,0.185846,0.207463,0.056841,0.180477,0.173989,0.258389,0.195242
693,2.887500,,,,,,,0.211235,0.178729,0.185872,0.207461,0.056842,0.180484,0.174088,0.258425,0.195439
694,2.891667,,,,,,,0.211252,0.178717,0.185901,0.207461,0.056841,0.180482,0.174145,0.258397,0.195422
695,2.895833,,,,,,,0.211270,0.178704,0.185931,0.207457,0.056844,0.180486,0.174179,0.258385,0.195488
696,2.900000,,,,,,,0.211288,0.178695,0.185961,0.207460,0.056842,0.180483,0.174229,0.258383,0.195578
697,2.904167,,,,,,,0.211303,0.178680,0.186007,0.207460,0.056843,0.180482,0.174280,0.258375,0.195648
698,2.908333,,,,,,,0.211328,0.178665,0.186047,0.207458,0.056840,0.180480,0.174438,0.258403,0.195864
699,2.912500,,,,,,,0.211350,0.178654,0.186088,0.207457,0.056840,0.180485,0.174489,0.258402,0.195933
700,2.916667,,,,,,,0.211371,0.178644,0.186127,0.207453,0.056839,0.180484,0.174518,0.258388,0.195987
701,2.920833,,,,,,,0.211391,0.178634,0.186162,0.207452,0.056839,0.180482,0.174554,0.258374,0.196046
702,2.925000,,,,,,,0.211414,0.178623,0.186200,0.207453,0.056838,0.180479,0.174593,0.258364,0.196116
703,2.929167,,,,,,,0.211438,0.178611,0.186239,0.207453,0.056840,0.180479,0.174636,0.258349,0.196198
704,2.933333,,,,,,,0.211457,0.178605,0.186277,0.207452,0.056841,0.180480,0.174667,0.258341,0.196271
705,2.937500,,,,,,,0.211484,0.178592,0.186318,0.207454,0.056840,0.180478,0.174709,0.258332,0.196353
706,2.941667,,,,,,,0.211506,0.178580,0.186356,0.207455,0.056838,0.180477,0.174776,0.258315,0.196435
707,2.945833,,,,,,,0.211528,0.178569,0.186394,0.207454,0.056838,0.180477,0.174807,0.258304,0.196496
708,2.950000,,,,,,,0.211552,0.178560,0.186436,0.207455,0.056838,0.180477,0.174839,0.258299,0.196568
709,2.954167,,,,,,,0.211573,0.178552,0.186476,0.207458,0.056836,0.180476,0.174914,0.258327,0.196729
710,2.958333,,,,,,,0.211597,0.178548,0.186516,0.207460,0.056836,0.180475,0.174762,0.258343,0.197107
711,2.962500,,,,,,,0.211622,0.178530,0.186550,0.207474,0.056835,0.180481,0.174737,0.258335,0.197243
712,2.966667,,,,,,,0.211643,0.178525,0.186590,0.207477,0.056835,0.180482,0.174793,0.258326,0.197317
713,2.970833,,,,,,,0.211661,0.178517,0.186627,0.207475,0.056831,0.180481,0.174849,0.258325,0.197378
714,2.975000,,,,,,,0.211680,0.178507,0.186662,0.207476,0.056833,0.180481,0.174885,0.258325,0.197453
715,2.979167,,,,,,,0.211697,0.178504,0.186693,0.207474,0.056833,0.180484,0.175045,0.258341,0.197660
716,2.983333,,,,,,,0.211710,0.178498,0.186723,0.207475,0.056833,0.180481,0.175087,0.258337,0.197728
717,2.987500,,,,,,,0.211735,0.178501,0.186782,0.207475,0.056831,0.180481,0.175099,0.258328,0.197780
718,2.991667,,,,,,,0.211752,0.178489,0.186820,0.207478,0.056832,0.180487,0.175354,0.258320,0.197557
719,2.995833,,,,,,,0.211772,0.178480,0.186847,0.207465,0.056831,0.180478,0.175382,0.258320,0.197615
720,3.000000,,,,,,,0.211782,0.178471,0.186868,0.207474,0.056831,0.180484,0.175388,0.258306,0.197652
721,3.004167,,,,,,,0.211793,0.178464,0.186885,0.207478,0.056832,0.180484,0.175397,0.258297,0.197691
722,3.008333,,,,,,,0.211801,0.178463,0.186903,0.207475,0.056831,0.180486,0.175218,0.258310,0.198020
723,3.012500,,,,,,,0.211809,0.178455,0.186911,0.207489,0.056832,0.180487,0.175179,0.258305,0.198124
724,3.016667,,,,,,,0.211819,0.178456,0.186929,0.207488,0.056829,0.180491,0.175221,0.258297,0.198123
725,3.020833,,,,,,,0.211825,0.178454,0.186940,0.207486,0.056826,0.180489,0.175251,0.258299,0.198142
726,3.025000,,,,,,,0.211829,0.178451,0.186946,0.207484,0.056829,0.180485,0.175259,0.258301,0.198171
727,3.029167,,,,,,,0.211834,0.178449,0.186953,0.207485,0.056827,0.180484,0.175270,0.258300,0.198210
728,3.033333,,,,,,,0.211831,0.178447,0.186957,0.207485,0.056828,0.180483,0.175277,0.258299,0.198240
729,3.037500,,,,,,,0.211835,0.178444,0.186956,0.207484,0.056825,0.180487,0.175282,0.258296,0.198260
730,3.041667,,,,,,,0.211834,0.178443,0.186961,0.207484,0.056825,0.180485,0.175288,0.258294,0.198290
731,3.045833,,,,,,,0.211833,0.178434,0.186958,0.207482,0.056825,0.180489,0.175290,0.258289,0.198304
732,3.050000,,,,,,,0.211833,0.178434,0.186957,0.207480,0.056825,0.180489,0.175292,0.258287,0.198312
733,3.054167,,,,,,,0.211829,0.178435,0.186955,0.207481,0.056827,0.180484,0.175295,0.258283,0.198324
734,3.058333,,,,,,,0.211826,0.178436,0.186951,0.207477,0.056826,0.180487,0.175298,0.258283,0.198331
735,3.062500,,,,,,,0.211826,0.178436,0.186946,0.207476,0.056828,0.180483,0.175530,0.258266,0.198012
736,3.066667,,,,,,,0.211823,0.178434,0.186943,0.207462,0.056828,0.180476,0.175536,0.258273,0.198031
737,3.070833,,,,,,,0.211819,0.178436,0.186937,0.207466,0.056830,0.180478,0.175528,0.258269,0.198027
738,3.075000,,,,,,,0.211813,0.178437,0.186929,0.207465,0.056830,0.180478,0.175523,0.258272,0.198022
739,3.079167,,,,,,,0.211804,0.178439,0.186918,0.207468,0.056829,0.180477,0.175519,0.258271,0.198020
740,3.083333,,,,,,,0.211801,0.178433,0.186907,0.207465,0.056833,0.180480,0.175512,0.258267,0.198008
741,3.087500,,,,,,,0.211788,0.178438,0.186894,0.207461,0.056833,0.180479,0.175506,0.258269,0.198003
742,3.091667,,,,,,,0.211776,0.178439,0.186883,0.207459,0.056834,0.180481,0.175496,0.258268,0.197991
743,3.095833,,,,,,,0.211769,0.178440,0.186871,0.207457,0.056830,0.180476,0.175487,0.258271,0.197976
744,3.100000,,,,,,,0.211760,0.178442,0.186860,0.207457,0.056834,0.180475,0.175474,0.258271,0.197957
745,3.104167,,,,,,,0.211744,0.178444,0.186848,0.207457,0.056834,0.180477,0.175463,0.258269,0.197933
746,3.108333,,,,,,,0.211728,0.178448,0.186835,0.207455,0.056834,0.180477,0.175449,0.258268,0.197900
747,3.112500,,,,,,,0.211718,0.178451,0.186825,0.207452,0.056834,0.180479,0.175419,0.258276,0.197890
748,3.116667,,,,,,,0.211711,0.178450,0.186811,0.207450,0.056835,0.180479,0.175402,0.258272,0.197861
749,3.120833,,,,,,,0.211697,0.178430,0.186761,0.207450,0.056835,0.180477,0.175386,0.258272,0.197824
750,3.125000,,,,,,,0.211684,0.178430,0.186745,0.207448,0.056835,0.180477,0.175372,0.258268,0.197793
751,3.129167,,,,,,,0.211677,0.178429,0.186733,0.207447,0.056835,0.180480,0.175359,0.258267,0.197759
752,3.133333,,,,,,,0.211667,0.178430,0.186717,0.207449,0.056834,0.180480,0.175343,0.258267,0.197737
753,3.137500,,,,,,,0.211654,0.178439,0.186687,0.207450,0.056837,0.180482,0.175333,0.258265,0.197703
754,3.141667,,,,,,,0.211645,0.178436,0.186668,0.207446,0.056835,0.180478,0.175319,0.258259,0.197670
755,3.145833,,,,,,,0.211638,0.178434,0.186653,0.207447,0.056836,0.180481,0.175303,0.258251,0.197623
756,3.150000,,,,,,,0.211628,0.178431,0.186639,0.207448,0.056831,0.180482,0.175272,0.258245,0.197572
757,3.154167,,,,,,,0.211618,0.178435,0.186619,0.207448,0.056834,0.180484,0.175252,0.258242,0.197520
758,3.158333,,,,,,,0.211608,0.178433,0.186603,0.207450,0.056835,0.180486,0.175237,0.258238,0.197485
759,3.162500,,,,,,,0.211601,0.178432,0.186591,0.207450,0.056837,0.180487,0.175222,0.258233,0.197445
760,3.166667,,,,,,,0.211596,0.178427,0.186575,0.207450,0.056835,0.180489,0.175206,0.258226,0.197405
761,3.170833,,,,,,,0.211587,0.178433,0.186566,0.207453,0.056841,0.180486,0.175064,0.258185,0.197178
762,3.175000,,,,,,,0.211581,0.178425,0.186546,0.207454,0.056841,0.180488,0.175012,0.258165,0.197093
763,3.179167,,,,,,,0.211574,0.178427,0.186533,0.207453,0.056837,0.180490,0.174998,0.258157,0.197045
764,3.183333,,,,,,,0.211567,0.178422,0.186515,0.207452,0.056835,0.180490,0.174980,0.258149,0.196994
765,3.187500,,,,,,,0.211559,0.178422,0.186501,0.207454,0.056838,0.180488,0.174925,0.258118,0.196871
766,3.191667,,,,,,,0.211549,0.178413,0.186484,0.207451,0.056834,0.180492,0.174895,0.258112,0.196811
767,3.195833,,,,,,,0.211542,0.178411,0.186466,0.207457,0.056833,0.180488,0.174877,0.258101,0.196756
768,3.200000,,,,,,,0.211540,0.178407,0.186449,0.207456,0.056833,0.180484,0.174860,0.258089,0.196701
769,3.204167,,,,,,,0.211537,0.178401,0.186432,0.207454,0.056833,0.180485,0.174844,0.258082,0.196651
770,3.208333,,,,,,,0.211535,0.178400,0.186416,0.207458,0.056831,0.180482,0.174832,0.258074,0.196602
771,3.212500,,,,,,,0.211532,0.178396,0.186402,0.207460,0.056832,0.180482,0.174817,0.258063,0.196547
772,3.216667,,,,,,,0.211531,0.178391,0.186385,0.207462,0.056830,0.180481,0.174810,0.258057,0.196517
773,3.220833,,,,,,,0.211528,0.178386,0.186368,0.207461,0.056833,0.180482,0.174799,0.258050,0.196475
774,3.225000,,,,,,,0.211528,0.178380,0.186353,0.207462,0.056833,0.180477,0.174792,0.258041,0.196437
775,3.229167,,,,,,,0.211529,0.178375,0.186337,0.207464,0.056833,0.180479,0.174783,0.258035,0.196397
776,3.233333,,,,,,,0.211529,0.178369,0.186321,0.207464,0.056831,0.180479,0.174779,0.258029,0.196362
777,3.237500,,,,,,,0.211527,0.178365,0.186308,0.207465,0.056835,0.180478,0.174774,0.258013,0.196323
778,3.241667,,,,,,,0.211528,0.178359,0.186292,0.207463,0.056830,0.180474,0.174773,0.258004,0.196282
779,3.245833,,,,,,,0.211538,0.178354,0.186273,0.207464,0.056833,0.180477,0.174774,0.257996,0.196250
780,3.250000,,,,,,,0.211533,0.178351,0.186268,0.207463,0.056831,0.180476,0.174776,0.257998,0.196219
781,3.254167,,,,,,,0.211535,0.178331,0.186258,0.207468,0.056830,0.180476,0.174790,0.257984,0.196176
782,3.258333,,,,,,,0.211545,0.178312,0.186246,0.207467,0.056829,0.180472,0.174795,0.257948,0.196158
783,3.262500,,,,,,,0.211549,0.178284,0.186245,0.207465,0.056833,0.180477,0.174813,0.257931,0.196119
784,3.266667,,,,,,,0.211550,0.178243,0.186205,0.207462,0.056830,0.180478,0.174825,0.257917,0.196107
785,3.270833,,,,,,,0.211559,0.178236,0.186199,0.207466,0.056832,0.180476,0.174837,0.257907,0.196088
786,3.275000,,,,,,,0.211566,0.178238,0.186193,0.207464,0.056829,0.180470,0.174646,0.257917,0.196339
787,3.279167,,,,,,,0.211575,0.178246,0.186198,0.207477,0.056827,0.180476,0.174607,0.257918,0.196390
788,3.283333,,,,,,,0.211584,0.178252,0.186196,0.207472,0.056831,0.180478,0.174638,0.257927,0.196362
789,3.287500,,,,,,,0.211589,0.178260,0.186189,0.207470,0.056831,0.180471,0.174674,0.257954,0.196347
790,3.291667,,,,,,,0.211594,0.178263,0.186184,0.207468,0.056832,0.180475,0.174905,0.257941,0.195997
791,3.295833,,,,,,,0.211602,0.178266,0.186180,0.207457,0.056833,0.180467,0.174949,0.257940,0.195990
792,3.300000,,,,,,,0.211607,0.178266,0.186177,0.207456,0.056836,0.180464,0.174776,0.257966,0.196280
793,3.304167,,,,,,,0.211610,0.178258,0.186169,0.207468,0.056834,0.180471,0.174739,0.257968,0.196367
794,3.308333,,,,,,,0.211633,0.178245,0.186170,0.207467,0.056838,0.180468,0.175029,0.257955,0.196031
795,3.312500,,,,,,,0.211646,0.178239,0.186169,0.207452,0.056837,0.180466,0.175071,0.257958,0.196059
796,3.316667,,,,,,,0.211654,0.178234,0.186166,0.207454,0.056838,0.180462,0.175098,0.257958,0.196079
797,3.320833,,,,,,,0.211664,0.178224,0.186169,0.207453,0.056837,0.180466,0.175130,0.257952,0.196095
798,3.325000,,,,,,,0.211674,0.178219,0.186171,0.207451,0.056838,0.180463,0.175161,0.257953,0.196115
799,3.329167,,,,,,,0.211685,0.178214,0.186180,0.207448,0.056841,0.180463,0.175302,0.257981,0.196278
800,3.333333,,,,,,,0.211694,0.178209,0.186190,0.207445,0.056836,0.180463,0.175345,0.257989,0.196325
801,3.337500,,,,,,,0.211704,0.178206,0.186200,0.207448,0.056838,0.180462,0.175372,0.257990,0.196349
802,3.341667,,,,,,,0.211725,0.178194,0.186220,0.207444,0.056837,0.180465,0.175407,0.257988,0.196389
803,3.345833,,,,,,,0.211739,0.178185,0.186237,0.207445,0.056839,0.180465,0.175443,0.257974,0.196429
804,3.350000,,,,,,,0.211749,0.178181,0.186254,0.207443,0.056841,0.180462,0.175472,0.257977,0.196483
805,3.354167,,,,,,,0.211763,0.178172,0.186269,0.207444,0.056841,0.180464,0.175503,0.257973,0.196528
806,3.358333,,,,,,,0.211776,0.178164,0.186286,0.207443,0.056841,0.180464,0.175536,0.257968,0.196585
807,3.362500,,,,,,,0.211801,0.178156,0.186306,0.207446,0.056842,0.180467,0.175581,0.257962,0.196656
808,3.366667,,,,,,,0.211815,0.178146,0.186330,0.207444,0.056840,0.180465,0.175634,0.257952,0.196705
809,3.370833,,,,,,,0.211832,0.178132,0.186358,0.207443,0.056842,0.180466,0.175664,0.257938,0.196757
810,3.375000,,,,,,,0.211854,0.178133,0.186406,0.207444,0.056838,0.180468,0.175694,0.257926,0.196819
811,3.379167,,,,,,,0.211879,0.178109,0.186446,0.207442,0.056837,0.180471,0.175731,0.257911,0.196884
812,3.383333,,,,,,,0.211897,0.178087,0.186484,0.207444,0.056834,0.180472,0.175775,0.257905,0.196987
813,3.387500,,,,,,,0.211905,0.178058,0.186523,0.207441,0.056834,0.180474,0.175846,0.257913,0.197141
814,3.391667,,,,,,,0.211918,0.178033,0.186568,0.207441,0.056833,0.180480,0.175897,0.257891,0.197238
815,3.395833,,,,,,,0.211941,0.178005,0.186624,0.207441,0.056834,0.180479,0.175936,0.257858,0.197348
816,3.400000,,,,,,,0.211966,0.177981,0.186670,0.207441,0.056831,0.180480,0.176114,0.257866,0.197647
817,3.404167,,,,,,,,,,,,,,,
818,3.408333,,,,,,,,,,,,,,,
819,3.412500,,,,,,,,,,,,,,,
820,3.416667,,,,,,,,,,,,,,,
821,3.420833,,,,,,,,,,,,,,,
822,3.425000,,,,,,,,,,,,,,,
823,3.429167,,,,,,,,,,,,,,,
824,3.433333,,,,,,,,,,,,,,,
825,3.437500,,,,,,,,,,,,,,,
826,3.441667,,,,,,,,,,,,,,,
827,3.445833,,,,,,,,,,,,,,,
828,3.450000,,,,,,,,,,,,,,,
829,3.454167,,,,,,,,,,,,,,,
830,3.458333,,,,,,,,,,,,,,,
831,3.462500,,,,,,,,,,,,,,,
832,3.466667,,,,,,,,,,,,,,,
833,3.470833,,,,,,,,,,,,,,,
834,3.475000,,,,,,,,,,,,,,,
835,3.479167,,,,,,,,,,,,,,,
836,3.483333,,,,,,,,,,,,,,,
837,3.487500,,,,,,,,,,,,,,,
838,3.491667,,,,,,,,,,,,,,,
839,3.495833,,,,,,,,,,,,,,,
840,3.500000,,,,,,,,,,,,,,,
841,3.504167,,,,,,,,,,,,,,,
842,3.508333,,,,,,,,,,,,,,,
843,3.512500,,,,,,,,,,,,,,,
844,3.516667,,,,,,,,,,,,,,,
845,3.520833,,,,,,,,,,,,,,,
846,3.525000,,,,,,,,,,,,,,,
847,3.529167,,,,,,,,,,,,,,,
848,3.533333,,,,,,,,,,,,,,,
849,3.537500,,,,,,,,,,,,,,,
850,3.541667,,,,,,,,,,,,,,,
851,3.545833,,,,,,,,,,,,,,,
852,3.550000,,,,,,,,,,,,,,,
853,3.554167,,,,,,,,,,,,,,,
854,3.558333,,,,,,,,,,,,,,,
855,3.562500,,,,,,,,,,,,,,,
856,3.566667,,,,,,,,,,,,,,,
857,3.570833,,,,,,,,,,,,,,,
858,3.575000,,,,,,,,,,,,,,,
859,3.579167,,,,,,,,,,,,,,,
860,3.583333,,,,,,,,,,,,,,,
861,3.587500,,,,,,,,,,,,,,,
862,3.591667,,,,,,,,,,,,,,,
863,3.595833,,,,,,,,,,,,,,,
864,3.600000,,,,,,,,,,,,,,,
865,3.604167,,,,,,,,,,,,,,,
866,3.608333,,,,,,,,,,,,,,,
867,3.612500,,,,,,,,,,,,,,,
868,3.616667,,,,,,,,,,,,,,,
869,3.620833,,,,,,,,,,,,,,,
870,3.625000,,,,,,,,,,,,,,,
871,3.629167,,,,,,,,,,,,,,,
872,3.633333,,,,,,,,,,,,,,,
873,3.637500,,,,,,,,,,,,,,,
874,3.641667,,,,,,,,,,,,,,,
875,3.645833,,,,,,,,,,,,,,,
876,3.650000,,,,,,,,,,,,,,,
877,3.654167,,,,,,,,,,,,,,,
878,3.658333,,,,,,,,,,,,,,,
879,3.662500,,,,,,,,,,,,,,,
880,3.666667,,,,,,,,,,,,,,,
881,3.670833,,,,,,,,,,,,,,,
882,3.675000,,,,,,,,,,,,,,,
883,3.679167,,,,,,,,,,,,,,,
884,3.683333,,,,,,,,,,,,,,,
885,3.687500,,,,,,,,,,,,,,,
886,3.691667,,,,,,,,,,,,,,,
887,3.695833,,,,,,,,,,,,,,,
888,3.700000,,,,,,,,,,,,,,,
889,3.704167,,,,,,,,,,,,,,,
890,3.708333,,,,,,,,,,,,,,,
891,3.712500,,,,,,,,,,,,,,,
892,3.716667,,,,,,,,,,,,,,,
893,3.720833,,,,,,,,,,,,,,,
894,3.725000,,,,,,,,,,,,,,,
895,3.729167,,,,,,,,,,,,,,,
896,3.733333,,,,,,,,,,,,,,,
897,3.737500,,,,,,,,,,,,,,,
898,3.741667,,,,,,,,,,,,,,,
899,3.745833,,,,,,,,,,,,,,,
900,3.750000,,,,,,,,,,,,,,,
901,3.754167,,,,,,,,,,,,,,,
902,3.758333,,,,,,,,,,,,,,,
903,3.762500,,,,,,,,,,,,,,,
904,3.766667,,,,,,,,,,,,,,,
905,3.770833,,,,,,,,,,,,,,,
906,3.775000,,,,,,,,,,,,,,,
907,3.779167,,,,,,,,,,,,,,,
908,3.783333,,,,,,,,,,,,,,,
909,3.787500,,,,,,,,,,,,,,,
910,3.791667,,,,,,,,,,,,,,,
911,3.795833,,,,,,,,,,,,,,,
912,3.800000,,,,,,,,,,,,,,,
913,3.804167,,,,,,,,,,,,,,,
914,3.808333,,,,,,,,,,,,,,,
915,3.812500,,,,,,,,,,,,,,,
916,3.816667,,,,,,,,,,,,,,,
917,3.820833,,,,,,,,,,,,,,,
918,3.825000,,,,,,,,,,,,,,,
919,3.829167,,,,,,,,,,,,,,,
920,3.833333,,,,,,,,,,,,,,,
921,3.837500,,,,,,,,,,,,,,,
922,3.841667,,,,,,,,,,,,,,,
923,3.845833,,,,,,,,,,,,,,,
924,3.850000,,,,,,,,,,,,,,,
925,3.854167,,,,,,,,,,,,,,,
926,3.858333,,,,,,,,,,,,,,,
927,3.862500,,,,,,,,,,,,,,,
928,3.866667,,,,,,,,,,,,,,,
929,3.870833,,,,,,,,,,,,,,,
930,3.875000,,,,,,,,,,,,,,,
931,3.879167,,,,,,,,,,,,,,,
932,3.883333,,,,,,,,,,,,,,,
933,3.887500,,,,,,,,,,,,,,,
934,3.891667,,,,,,,,,,,,,,,
935,3.895833,,,,,,,,,,,,,,,
936,3.900000,,,,,,,,,,,,,,,
937,3.904167,,,,,,,,,,,,,,,
938,3.908333,,,,,,,,,,,,,,,
939,3.912500,,,,,,,,,,,,,,,
940,3.916667,,,,,,,,,,,,,,,
941,3.920833,,,,,,,,,,,,,,,
942,3.925000,,,,,,,,,,,,,,,
943,3.929167,,,,,,,,,,,,,,,
944,3.933333,,,,,,,,,,,,,,,
945,3.937500,,,,,,,,,,,,,,,
946,3.941667,,,,,,,,,,,,,,,
947,3.945833,,,,,,,,,,,,,,,
948,3.950000,,,,,,,,,,,,,,,
949,3.954167,,,,,,,,,,,,,,,
950,3.958333,,,,,,,,,,,,,,,
951,3.962500,,,,,,,,,,,,,,,
952,3.966667,,,,,,,,,,,,,,,
953,3.970833,,,,,,,,,,,,,,,
954,3.975000,,,,,,,,,,,,,,,
955,3.979167,,,,,,,,,,,,,,,
956,3.983333,,,,,,,,,,,,,,,
957,3.987500,,,,,,,,,,,,,,,
958,3.991667,,,,,,,,,,,,,,,
959,3.995833,,,,,,,,,,,,,,,
960,4.000000,,,,,,,,,,,,,,,
961,4.004167,,,,,,,,,,,,,,,
962,4.008333,,,,,,,,,,,,,,,
963,4.012500,,,,,,,,,,,,,,,
964,4.016667,,,,,,,,,,,,,,,
965,4.020833,,,,,,,,,,,,,,,
966,4.025000,,,,,,,,,,,,,,,
967,4.029167,,,,,,,,,,,,,,,
968,4.033333,,,,,,,,,,,,,,,
969,4.037500,,,,,,,,,,,,,,,
970,4.041667,,,,,,,,,,,,,,,
971,4.045833,,,,,,,,,,,,,,,
972,4.050000,,,,,,,,,,,,,,,
973,4.054167,,,,,,,,,,,,,,,
974,4.058333,,,,,,,,,,,,,,,
975,4.062500,,,,,,,,,,,,,,,
976,4.066667,,,,,,,,,,,,,,,
977,4.070833,,,,,,,,,,,,,,,
978,4.075000,,,,,,,,,,,,,,,
979,4.079167,,,,,,,,,,,,,,,
980,4.083333,,,,,,,,,,,,,,,
981,4.087500,,,,,,,,,,,,,,,
982,4.091667,,,,,,,,,,,,,,,
983,4.095833,,,,,,,,,,,,,,,
984,4.100000,,,,,,,,,,,,,,,
985,4.104167,,,,,,,,,,,,,,,
986,4.108333,,,,,,,,,,,,,,,
987,4.112500,,,,,,,,,,,,,,,
988,4.116667,,,,,,,,,,,,,,,
989,4.120833,,,,,,,,,,,,,,,
990,4.125000,,,,,,,,,,,,,,,
991,4.129167,,,,,,,,,,,,,,,
992,4.133333,,,,,,,,,,,,,,,
993,4.137500,,,,,,,,,,,,,,,
994,4.141667,,,,,,,,,,,,,,,
995,4.145833,,,,,,,,,,,,,,,
996,4.150000,,,,,,,,,,,,,,,
997,4.154167,,,,,,,,,,,,,,,
998,4.158333,,,,,,,,,,,,,,,
999,4.162500,,,,,,,,,,,,,,,
1000,4.166667,,,,,,,,,,,,,,,
1001,4.170833,,,,,,,,,,,,,,,
1002,4.175000,,,,,,,,,,,,,,,
1003,4.179167,,,,,,,,,,,,,,,
1004,4.183333,,,,,,,,,,,,,,,
1005,4.187500,,,,,,,,,,,,,,,
1006,4.191667,,,,,,,,,,,,,,,
1007,4.195833,,,,,,,,,,,,,,,
1008,4.200000,,,,,,,,,,,,,,,
1009,4.204167,,,,,,,,,,,,,,,
1010,4.208333,,,,,,,,,,,,,,,
1011,4.212500,,,,,,,,,,,,,,,
1012,4.216667,,,,,,,,,,,,,,,
1013,4.220833,,,,,,,,,,,,,,,
1014,4.225000,,,,,,,,,,,,,,,
1015,4.229167,,,,,,,,,,,,,,,
1016,4.233333,,,,,,,,,,,,,,,
1017,4.237500,,,,,,,,,,,,,,,
1018,4.241667,,,,,,,,,,,,,,,
1019,4.245833,,,,,,,,,,,,,,,
1020,4.250000,,,,,,,,,,,,,,,
1021,4.254167,,,,,,,,,,,,,,,
1022,4.258333,,,,,,,,,,,,,,,
1023,4.262500,,,,,,,,,,,,,,,
1024,4.266667,,,,,,,,,,,,,,,
1025,4.270833,,,,,,,,,,,,,,,
1026,4.275000,,,,,,,,,,,,,,,
1027,4.279167,,,,,,,,,,,,,,,
1028,4.283333,,,,,,,,,,,,,,,
1029,4.287500,,,,,,,,,,,,,,,
1030,4.291667,,,,,,,,,,,,,,,
1031,4.295833,,,,,,,,,,,,,,,
1032,4.300000,,,,,,,,,,,,,,,
1033,4.304167,,,,,,,,,,,,,,,
1034,4.308333,,,,,,,,,,,,,,,
1035,4.312500,,,,,,,,,,,,,,,
1036,4.316667,,,,,,,,,,,,,,,
1037,4.320833,,,,,,,,,,,,,,,
1038,4.325000,,,,,,,,,,,,,,,
1039,4.329167,,,,,,,,,,,,,,,
1040,4.333333,,,,,,,,,,,,,,,
1041,4.337500,,,,,,,,,,,,,,,
1042,4.341667,,,,,,,,,,,,,,,
1043,4.345833,,,,,,,,,,,,,,,
1044,4.350000,,,,,,,,,,,,,,,
1045,4.354167,,,,,,,,,,,,,,,
1046,4.358333,,,,,,,,,,,,,,,
1047,4.362500,,,,,,,,,,,,,,,
1048,4.366667,,,,,,,,,,,,,,,
1049,4.370833,,,,,,,,,,,,,,,
1050,4.375000,,,,,,,,,,,,,,,
1051,4.379167,,,,,,,,,,,,,,,
1052,4.383333,,,,,,,,,,,,,,,
1053,4.387500,,,,,,,,,,,,,,,
1054,4.391667,,,,,,,,,,,,,,,
1055,4.395833,,,,,,,,,,,,,,,
1056,4.400000,,,,,,,,,,,,,,,
1057,4.404167,,,,,,,,,,,,,,,
1058,4.408333,,,,,,,,,,,,,,,
1059,4.412500,,,,,,,,,,,,,,,
1060,4.416667,,,,,,,,,,,,,,,
1061,4.420833,,,,,,,,,,,,,,,
1062,4.425000,,,,,,,,,,,,,,,
1063,4.429167,,,,,,,,,,,,,,,
1064,4.433333,,,,,,,,,,,,,,,
1065,4.437500,,,,,,,,,,,,,,,
1066,4.441667,,,,,,,,,,,,,,,
1067,4.445833,,,,,,,,,,,,,,,
1068,4.450000,,,,,,,,,,,,,,,
1069,4.454167,,,,,,,,,,,,,,,
1070,4.458333,,,,,,,,,,,,,,,
1071,4.462500,,,,,,,,,,,,,,,
1072,4.466667,,,,,,,,,,,,,,,
1073,4.470833,,,,,,,,,,,,,,,
1074,4.475000,,,,,,,,,,,,,,,
1075,4.479167,,,,,,,,,,,,,,,
1076,4.483333,,,,,,,,,,,,,,,
1077,4.487500,,,,,,,,,,,,,,,
1078,4.491667,,,,,,,,,,,,,,,
1079,4.495833,,,,,,,,,,,,,,,
1080,4.500000,,,,,,,,,,,,,,,
1081,4.504167,,,,,,,,,,,,,,,
1082,4.508333,,,,,,,,,,,,,,,
1083,4.512500,,,,,,,,,,,,,,,
1084,4.516667,,,,,,,,,,,,,,,
1085,4.520833,,,,,,,,,,,,,,,
1086,4.525000,,,,,,,,,,,,,,,
1087,4.529167,,,,,,,,,,,,,,,
1088,4.533333,,,,,,,,,,,,,,,
1089,4.537500,,,,,,,,,,,,,,,
1090,4.541667,,,,,,,,,,,,,,,
1091,4.545833,,,,,,,,,,,,,,,
1092,4.550000,,,,,,,,,,,,,,,
1093,4.554167,,,,,,,,,,,,,,,
1094,4.558333,,,,,,,,,,,,,,,
1095,4.562500,,,,,,,,,,,,,,,
1096,4.566667,,,,,,,,,,,,,,,
1097,4.570833,,,,,,,,,,,,,,,
1098,4.575000,,,,,,,,,,,,,,,
1099,4.579167,,,,,,,,,,,,,,,
1100,4.583333,,,,,,,,,,,,,,,
1101,4.587500,,,,,,,,,,,,,,,
1102,4.591667,,,,,,,,,,,,,,,
1103,4.595833,,,,,,,,,,,,,,,
1104,4.600000,,,,,,,,,,,,,,,
1105,4.604167,,,,,,,,,,,,,,,
1106,4.608333,,,,,,,,,,,,,,,
1107,4.612500,,,,,,,,,,,,,,,
1108,4.616667,,,,,,,,,,,,,,,
1109,4.620833,,,,,,,,,,,,,,,
1110,4.625000,,,,,,,,,,,,,,,
1111,4.629167,,,,,,,,,,,,,,,
1112,4.633333,,,,,,,,,,,,,,,
1113,4.637500,,,,,,,,,,,,,,,
1114,4.641667,,,,,,,,,,,,,,,
1115,4.645833,,,,,,,,,,,,,,,
1116,4.650000,,,,,,,,,,,,,,,
1117,4.654167,,,,,,,,,,,,,,,
1118,4.658333,,,,,,,,,,,,,,,
1119,4.662500,,,,,,,,,,,,,,,
1120,4.666667,,,,,,,,,,,,,,,
1121,4.670833,,,,,,,,,,,,,,,
1122,4.675000,,,,,,,,,,,,,,,
1123,4.679167,,,,,,,,,,,,,,,
1124,4.683333,,,,,,,,,,,,,,,
1125,4.687500,,,,,,,,,,,,,,,
1126,4.691667,,,,,,,,,,,,,,,
1127,4.695833,,,,,,,,,,,,,,,
1128,4.700000,,,,,,,,,,,,,,,
1129,4.704167,,,,,,,,,,,,,,,
1130,4.708333,,,,,,,,,,,,,,,
1131,4.712500,,,,,,,,,,,,,,,
1132,4.716667,,,,,,,,,,,,,,,
1133,4.720833,,,,,,,,,,,,,,,
1134,4.725000,,,,,,,,,,,,,,,
1135,4.729167,,,,,,,,,,,,,,,
1136,4.733333,,,,,,,,,,,,,,,
1137,4.737500,,,,,,,,,,,,,,,
1138,4.741667,,,,,,,,,,,,,,,
1139,4.745833,,,,,,,,,,,,,,,
1140,4.750000,,,,,,,,,,,,,,,
1141,4.754167,,,,,,,,,,,,,,,
1142,4.758333,,,,,,,,,,,,,,,
1143,4.762500,,,,,,,,,,,,,,,
1144,4.766667,,,,,,,,,,,,,,,
1145,4.770833,,,,,,,,,,,,,,,
1146,4.775000,,,,,,,,,,,,,,,
1147,4.779167,,,,,,,,,,,,,,,
1148,4.783333,,,,,,,,,,,,,,,
1149,4.787500,,,,,,,,,,,,,,,
1150,4.791667,,,,,,,,,,,,,,,
1151,4.795833,,,,,,,,,,,,,,,
1152,4.800000,,,,,,,,,,,,,,,
1153,4.804167,,,,,,,,,,,,,,,
1154,4.808333,,,,,,,,,,,,,,,
1155,4.812500,,,,,,,,,,,,,,,
1156,4.816667,,,,,,,,,,,,,,,
1157,4.820833,,,,,,,,,,,,,,,
1158,4.825000,,,,,,,,,,,,,,,
1159,4.829167,,,,,,,,,,,,,,,
1160,4.833333,,,,,,,,,,,,,,,
1161,4.837500,,,,,,,,,,,,,,,
1162,4.841667,,,,,,,,,,,,,,,
1163,4.845833,,,,,,,,,,,,,,,
1164,4.850000,,,,,,,,,,,,,,,
1165,4.854167,,,,,,,,,,,,,,,
1166,4.858333,,,,,,,,,,,,,,,
1167,4.862500,,,,,,,,,,,,,,,
1168,4.866667,,,,,,,,,,,,,,,
1169,4.870833,,,,,,,,,,,,,,,
1170,4.875000,,,,,,,,,,,,,,,
1171,4.879167,,,,,,,,,,,,,,,
1172,4.883333,,,,,,,,,,,,,,,
1173,4.887500,,,,,,,,,,,,,,,
1174,4.891667,,,,,,,,,,,,,,,
1175,4.895833,,,,,,,,,,,,,,,
1176,4.900000,,,,,,,,,,,,,,,
1177,4.904167,,,,,,,,,,,,,,,
1178,4.908333,,,,,,,,,,,,,,,
1179,4.912500,,,,,,,,,,,,,,,
1180,4.916667,,,,,,,,,,,,,,,
1181,4.920833,,,,,,,,,,,,,,,
1182,4.925000,,,,,,,,,,,,,,,
1183,4.929167,,,,,,,,,,,,,,,
1184,4.933333,,,,,,,,,,,,,,,
1185,4.937500,,,,,,,,,,,,,,,
1186,4.941667,,,,,,,,,,,,,,,
1187,4.945833,,,,,,,,,,,,,,,
1188,4.950000,,,,,,,,,,,,,,,
1189,4.954167,,,,,,,,,,,,,,,
1190,4.958333,,,,,,,,,,,,,,,
1191,4.962500,,,,,,,,,,,,,,,
1192,4.966667,,,,,,,,,,,,,,,
1193,4.970833,,,,,,,,,,,,,,,
1194,4.975000,,,,,,,,,,,,,,,
1195,4.979167,,,,,,,,,,,,,,,
1196,4.983333,,,,,,,,,,,,,,,
1197,4.987500,,,,,,,,,,,,,,,
1198,4.991667,,,,,,,,,,,,,,,
1199,4.995833,,,,,,,,,,,,,,,
1200,5.000000,,,,,,,,,,,,,,,
1201,5.004167,,,,,,,,,,,,,,,
1202,5.008333,,,,,,,,,,,,,,,
1203,5.012500,,,,,,,,,,,,,,,
1204,5.016667,,,,,,,,,,,,,,,
1205,5.020833,,,,,,,,,,,,,,,
1206,5.025000,,,,,,,,,,,,,,,
1207,5.029167,,,,,,,,,,,,,,,
1208,5.033333,,,,,,,,,,,,,,,
1209,5.037500,,,,,,,,,,,,,,,
1210,5.041667,,,,,,,,,,,,,,,
1211,5.045833,,,,,,,,,,,,,,,
1212,5.050000,,,,,,,,,,,,,,,
1213,5.054167,,,,,,,,,,,,,,,
1214,5.058333,,,,,,,,,,,,,,,
1215,5.062500,,,,,,,,,,,,,,,
1216,5.066667,,,,,,,,,,,,,,,
1217,5.070833,,,,,,,,,,,,,,,
1218,5.075000,,,,,,,,,,,,,,,
1219,5.079167,,,,,,,,,,,,,,,
1220,5.083333,,,,,,,,,,,,,,,
1221,5.087500,,,,,,,,,,,,,,,
1222,5.091667,,,,,,,,,,,,,,,
1223,5.095833,,,,,,,,,,,,,,,
1224,5.100000,,,,,,,,,,,,,,,
1225,5.104167,,,,,,,,,,,,,,,
1226,5.108333,,,,,,,,,,,,,,,
1227,5.112500,,,,,,,,,,,,,,,
1228,5.116667,,,,,,,,,,,,,,,
1229,5.120833,,,,,,,,,,,,,,,
1230,5.125000,,,,,,,,,,,,,,,
1231,5.129167,,,,,,,,,,,,,,,
1232,5.133333,,,,,,,,,,,,,,,
1233,5.137500,,,,,,,,,,,,,,,
1234,5.141667,,,,,,,,,,,,,,,
1235,5.145833,,,,,,,,,,,,,,,
1236,5.150000,,,,,,,,,,,,,,,
1237,5.154167,,,,,,,,,,,,,,,
1238,5.158333,,,,,,,,,,,,,,,
1239,5.162500,,,,,,,,,,,,,,,
1240,5.166667,,,,,,,,,,,,,,,
1241,5.170833,,,,,,,,,,,,,,,
1242,5.175000,,,,,,,,,,,,,,,
1243,5.179167,,,,,,,,,,,,,,,
1244,5.183333,,,,,,,,,,,,,,,
1245,5.187500,,,,,,,,,,,,,,,
1246,5.191667,,,,,,,,,,,,,,,
1247,5.195833,,,,,,,,,,,,,,,
1248,5.200000,,,,,,,,,,,,,,,
1249,5.204167,,,,,,,,,,,,,,,
1250,5.208333,,,,,,,,,,,,,,,
1251,5.212500,,,,,,,,,,,,,,,
1252,5.216667,,,,,,,,,,,,,,,
1253,5.220833,,,,,,,,,,,,,,,
1254,5.225000,,,,,,,,,,,,,,,
1255,5.229167,,,,,,,,,,,,,,,
1256,5.233333,,,,,,,,,,,,,,,
1257,5.237500,,,,,,,,,,,,,,,
1258,5.241667,,,,,,,,,,,,,,,
1259,5.245833,,,,,,,,,,,,,,,
1260,5.250000,,,,,,,,,,,,,,,
1261,5.254167,,,,,,,,,,,,,,,
1262,5.258333,,,,,,,,,,,,,,,
1263,5.262500,,,,,,,,,,,,,,,
1264,5.266667,,,,,,,,,,,,,,,
1265,5.270833,,,,,,,,,,,,,,,
1266,5.275000,,,,,,,,,,,,,,,
1267,5.279167,,,,,,,,,,,,,,,
1268,5.283333,,,,,,,,,,,,,,,
1269,5.287500,,,,,,,,,,,,,,,
1270,5.291667,,,,,,,,,,,,,,,
1271,5.295833,,,,,,,,,,,,,,,
1272,5.300000,,,,,,,,,,,,,,,
1273,5.304167,,,,,,,,,,,,,,,
1274,5.308333,,,,,,,,,,,,,,,
1275,5.312500,,,,,,,,,,,,,,,
1276,5.316667,,,,,,,,,,,,,,,
1277,5.320833,,,,,,,,,,,,,,,
1278,5.325000,,,,,,,,,,,,,,,
1279,5.329167,,,,,,,,,,,,,,,
1280,5.333333,,,,,,,,,,,,,,,
1281,5.337500,,,,,,,,,,,,,,,
1282,5.341667,,,,,,,,,,,,,,,
1283,5.345833,,,,,,,,,,,,,,,
1284,5.350000,,,,,,,,,,,,,,,
1285,5.354167,,,,,,,,,,,,,,,
1286,5.358333,,,,,,,,,,,,,,,
1287,5.362500,,,,,,,,,,,,,,,
1288,5.366667,,,,,,,,,,,,,,,
1289,5.370833,,,,,,,,,,,,,,,
1290,5.375000,,,,,,,,,,,,,,,
1291,5.379167,,,,,,,,,,,,,,,
1292,5.383333,,,,,,,,,,,,,,,
1293,5.387500,,,,,,,,,,,,,,,
1294,5.391667,,,,,,,,,,,,,,,
1295,5.395833,,,,,,,,,,,,,,,
1296,5.400000,,,,,,,,,,,,,,,
1297,5.404167,,,,,,,,,,,,,,,
1298,5.408333,,,,,,,,,,,,,,,
1299,5.412500,,,,,,,,,,,,,,,
1300,5.416667,,,,,,,,,,,,,,,
1301,5.420833,,,,,,,,,,,,,,,
1302,5.425000,,,,,,,,,,,,,,,
1303,5.429167,,,,,,,,,,,,,,,
1304,5.433333,,,,,,,,,,,,,,,
1305,5.437500,,,,,,,,,,,,,,,
1306,5.441667,,,,,,,,,,,,,,,
1307,5.445833,,,,,,,,,,,,,,,
1308,5.450000,,,,,,,,,,,,,,,
1309,5.454167,,,,,,,,,,,,,,,
1310,5.458333,,,,,,,,,,,,,,,
1311,5.462500,,,,,,,,,,,,,,,
1312,5.466667,,,,,,,,,,,,,,,
1313,5.470833,,,,,,,,,,,,,,,
1314,5.475000,,,,,,,,,,,,,,,
1315,5.479167,,,,,,,,,,,,,,,
1316,5.483333,,,,,,,,,,,,,,,
1317,5.487500,,,,,,,,,,,,,,,
1318,5.491667,,,,,,,,,,,,,,,
1319,5.495833,,,,,,,,,,,,,,,
1320,5.500000,,,,,,,,,,,,,,,
1321,5.504167,,,,,,,,,,,,,,,
1322,5.508333,,,,,,,,,,,,,,,
1323,5.512500,,,,,,,,,,,,,,,
1324,5.516667,,,,,,,,,,,,,,,
1325,5.520833,,,,,,,,,,,,,,,
1326,5.525000,,,,,,,,,,,,,,,
1327,5.529167,,,,,,,,,,,,,,,
1328,5.533333,,,,,,,,,,,,,,,
1329,5.537500,,,,,,,,,,,,,,,
1330,5.541667,,,,,,,,,,,,,,,
1331,5.545833,,,,,,,,,,,,,,,
1332,5.550000,,,,,,,,,,,,,,,
1333,5.554167,,,,,,,,,,,,,,,
1334,5.558333,,,,,,,,,,,,,,,
1335,5.562500,,,,,,,,,,,,,,,
1336,5.566667,,,,,,,,,,,,,,,
1337,5.570833,,,,,,,,,,,,,,,
1338,5.575000,,,,,,,,,,,,,,,
1339,5.579167,,,,,,,,,,,,,,,
1340,5.583333,,,,,,,,,,,,,,,
1341,5.587500,,,,,,,,,,,,,,,
1342,5.591667,,,,,,,,,,,,,,,
1343,5.595833,,,,,,,,,,,,,,,
1344,5.600000,,,,,,,,,,,,,,,
1345,5.604167,,,,,,,,,,,,,,,
1346,5.608333,,,,,,,,,,,,,,,
1347,5.612500,,,,,,,,,,,,,,,
1348,5.616667,,,,,,,,,,,,,,,
1349,5.620833,,,,,,,,,,,,,,,
1350,5.625000,,,,,,,,,,,,,,,
1351,5.629167,,,,,,,,,,,,,,,
1352,5.633333,,,,,,,,,,,,,,,
1353,5.637500,,,,,,,,,,,,,,,
1354,5.641667,,,,,,,,,,,,,,,
1355,5.645833,,,,,,,,,,,,,,,
1356,5.650000,,,,,,,,,,,,,,,
1357,5.654167,,,,,,,,,,,,,,,
1358,5.658333,,,,,,,,,,,,,,,
1359,5.662500,,,,,,,,,,,,,,,
1360,5.666667,,,,,,,,,,,,,,,
1361,5.670833,,,,,,,,,,,,,,,
1362,5.675000,,,,,,,,,,,,,,,
1363,5.679167,,,,,,,,,,,,,,,
1364,5.683333,,,,,,,,,,,,,,,
1365,5.687500,,,,,,,,,,,,,,,
1366,5.691667,,,,,,,,,,,,,,,
1367,5.695833,,,,,,,,,,,,,,,
1368,5.700000,,,,,,,,,,,,,,,
1369,5.704167,,,,,,,,,,,,,,,
1370,5.708333,,,,,,,,,,,,,,,
1371,5.712500,,,,,,,,,,,,,,,
1372,5.716667,,,,,,,,,,,,,,,
1373,5.720833,,,,,,,,,,,,,,,
1374,5.725000,,,,,,,,,,,,,,,
1375,5.729167,,,,,,,,,,,,,,,
1376,5.733333,,,,,,,,,,,,,,,
1377,5.737500,,,,,,,,,,,,,,,
1378,5.741667,,,,,,,,,,,,,,,
1379,5.745833,,,,,,,,,,,,,,,
1380,5.750000,,,,,,,,,,,,,,,
1381,5.754167,,,,,,,,,,,,,,,
1382,5.758333,,,,,,,,,,,,,,,
1383,5.762500,,,,,,,,,,,,,,,
1384,5.766667,,,,,,,,,,,,,,,
1385,5.770833,,,,,,,,,,,,,,,
1386,5.775000,,,,,,,,,,,,,,,
1387,5.779167,,,,,,,,,,,,,,,
1388,5.783333,,,,,,,,,,,,,,,
1389,5.787500,,,,,,,,,,,,,,,
1390,5.791667,,,,,,,,,,,,,,,
1391,5.795833,,,,,,,,,,,,,,,
1392,5.800000,,,,,,,,,,,,,,,
1393,5.804167,,,,,,,,,,,,,,,
1394,5.808333,,,,,,,,,,,,,,,
1395,5.812500,,,,,,,,,,,,,,,
1396,5.816667,,,,,,,,,,,,,,,
1397,5.820833,,,,,,,,,,,,,,,
1398,5.825000,,,,,,,,,,,,,,,
1399,5.829167,,,,,,,,,,,,,,,
1400,5.833333,,,,,,,,,,,,,,,
1401,5.837500,,,,,,,,,,,,,,,
1402,5.841667,,,,,,,,,,,,,,,
1403,5.845833,,,,,,,,,,,,,,,
1404,5.850000,,,,,,,,,,,,,,,
1405,5.854167,,,,,,,,,,,,,,,
1406,5.858333,,,,,,,,,,,,,,,
1407,5.862500,,,,,,,,,,,,,,,
1408,5.866667,,,,,,,,,,,,,,,
1409,5.870833,,,,,,,,,,,,,,,
1410,5.875000,,,,,,,,,,,,,,,
1411,5.879167,,,,,,,,,,,,,,,
1412,5.883333,,,,,,,,,,,,,,,
1413,5.887500,,,,,,,,,,,,,,,
1414,5.891667,,,,,,,,,,,,,,,
1415,5.895833,,,,,,,,,,,,,,,
1416,5.900000,,,,,,,,,,,,,,,
1417,5.904167,,,,,,,,,,,,,,,
1418,5.908333,,,,,,,,,,,,,,,
1419,5.912500,,,,,,,,,,,,,,,
1420,5.916667,,,,,,,,,,,,,,,
1421,5.920833,,,,,,,,,,,,,,,
1422,5.925000,,,,,,,,,,,,,,,
1423,5.929167,,,,,,,,,,,,,,,
1424,5.933333,,,,,,,,,,,,,,,
1425,5.937500,,,,,,,,,,,,,,,
1426,5.941667,,,,,,,,,,,,,,,
1427,5.945833,,,,,,,,,,,,,,,
1428,5.950000,,,,,,,,,,,,,,,
1429,5.954167,,,,,,,,,,,,,,,
1430,5.958333,,,,,,,,,,,,,,,
1431,5.962500,,,,,,,,,,,,,,,
1432,5.966667,,,,,,,,,,,,,,,
1433,5.970833,,,,,,,,,,,,,,,
1434,5.975000,,,,,,,,,,,,,,,
1435,5.979167,,,,,,,,,,,,,,,
1436,5.983333,,,,,,,,,,,,,,,
1437,5.987500,,,,,,,,,,,,,,,
1438,5.991667,,,,,,,,,,,,,,,
1439,5.995833,,,,,,,,,,,,,,,
1440,6.000000,,,,,,,,,,,,,,,
1441,6.004167,,,,,,,,,,,,,,,
1442,6.008333,,,,,,,,,,,,,,,
1443,6.012500,,,,,,,,,,,,,,,
1444,6.016667,,,,,,,,,,,,,,,
1445,6.020833,,,,,,,,,,,,,,,
1446,6.025000,,,,,,,,,,,,,,,
1447,6.029167,,,,,,,,,,,,,,,
1448,6.033333,,,,,,,,,,,,,,,
1449,6.037500,,,,,,,,,,,,,,,
1450,6.041667,,,,,,,,,,,,,,,
1451,6.045833,,,,,,,,,,,,,,,
1452,6.050000,,,,,,,,,,,,,,,
1453,6.054167,,,,,,,,,,,,,,,
1454,6.058333,,,,,,,,,,,,,,,
1455,6.062500,,,,,,,,,,,,,,,
1456,6.066667,,,,,,,,,,,,,,,
1457,6.070833,,,,,,,,,,,,,,,
1458,6.075000,,,,,,,,,,,,,,,
1459,6.079167,,,,,,,,,,,,,,,
1460,6.083333,,,,,,,,,,,,,,,
1461,6.087500,,,,,,,,,,,,,,,
1462,6.091667,,,,,,,,,,,,,,,
1463,6.095833,,,,,,,,,,,,,,,
1464,6.100000,,,,,,,,,,,,,,,
1465,6.104167,,,,,,,,,,,,,,,
1466,6.108333,,,,,,,,,,,,,,,
1467,6.112500,,,,,,,,,,,,,,,
1468,6.116667,,,,,,,,,,,,,,,
1469,6.120833,,,,,,,,,,,,,,,
1470,6.125000,,,,,,,,,,,,,,,
1471,6.129167,,,,,,,,,,,,,,,
1472,6.133333,,,,,,,,,,,,,,,
1473,6.137500,,,,,,,,,,,,,,,
1474,6.141667,,,,,,,,,,,,,,,
1475,6.145833,,,,,,,,,,,,,,,
1476,6.150000,,,,,,,,,,,,,,,
1477,6.154167,,,,,,,,,,,,,,,
1478,6.158333,,,,,,,,,,,,,,,
1479,6.162500,,,,,,,,,,,,,,,
1480,6.166667,,,,,,,,,,,,,,,
1481,6.170833,,,,,,,,,,,,,,,
1482,6.175000,,,,,,,,,,,,,,,
1483,6.179167,,,,,,,,,,,,,,,
1484,6.183333,,,,,,,,,,,,,,,
1485,6.187500,,,,,,,,,,,,,,,
1486,6.191667,,,,,,,,,,,,,,,
1487,6.195833,,,,,,,,,,,,,,,
1488,6.200000,,,,,,,,,,,,,,,
1489,6.204167,,,,,,,,,,,,,,,
1490,6.208333,,,,,,,,,,,,,,,
1491,6.212500,,,,,,,,,,,,,,,
1492,6.216667,,,,,,,,,,,,,,,
1493,6.220833,,,,,,,,,,,,,,,
1494,6.225000,,,,,,,,,,,,,,,
1495,6.229167,,,,,,,,,,,,,,,
1496,6.233333,,,,,,,,,,,,,,,
1497,6.237500,,,,,,,,,,,,,,,
1498,6.241667,,,,,,,,,,,,,,,
1499,6.245833,,,,,,,,,,,,,,,
1500,6.250000,,,,,,,,,,,,,,,
1501,6.254167,,,,,,,,,,,,,,,
1502,6.258333,,,,,,,,,,,,,,,
1503,6.262500,,,,,,,,,,,,,,,
1504,6.266667,,,,,,,,,,,,,,,
1505,6.270833,,,,,,,,,,,,,,,
1506,6.275000,,,,,,,,,,,,,,,
1507,6.279167,,,,,,,,,,,,,,,
1508,6.283333,,,,,,,,,,,,,,,
1509,6.287500,,,,,,,,,,,,,,,
1510,6.291667,,,,,,,,,,,,,,,
1511,6.295833,,,,,,,,,,,,,,,
1512,6.300000,,,,,,,,,,,,,,,
1513,6.304167,,,,,,,,,,,,,,,
1514,6.308333,,,,,,,,,,,,,,,
1515,6.312500,,,,,,,,,,,,,,,
1516,6.316667,,,,,,,,,,,,,,,
1517,6.320833,,,,,,,,,,,,,,,
1518,6.325000,,,,,,,,,,,,,,,
1519,6.329167,,,,,,,,,,,,,,,
1520,6.333333,,,,,,,,,,,,,,,
1521,6.337500,,,,,,,,,,,,,,,
1522,6.341667,,,,,,,,,,,,,,,
1523,6.345833,,,,,,,,,,,,,,,
1524,6.350000,,,,,,,,,,,,,,,
1525,6.354167,,,,,,,,,,,,,,,
1526,6.358333,,,,,,,,,,,,,,,
1527,6.362500,,,,,,,,,,,,,,,
1528,6.366667,,,,,,,,,,,,,,,
1529,6.370833,,,,,,,,,,,,,,,
1530,6.375000,,,,,,,,,,,,,,,
1531,6.379167,,,,,,,,,,,,,,,
1532,6.383333,,,,,,,,,,,,,,,
1533,6.387500,,,,,,,,,,,,,,,
1534,6.391667,,,,,,,,,,,,,,,
1535,6.395833,,,,,,,,,,,,,,,
1536,6.400000,,,,,,,,,,,,,,,
1537,6.404167,,,,,,,,,,,,,,,
1538,6.408333,,,,,,,,,,,,,,,
1539,6.412500,,,,,,,,,,,,,,,
1540,6.416667,,,,,,,,,,,,,,,
1541,6.420833,,,,,,,,,,,,,,,
1542,6.425000,,,,,,,,,,,,,,,
1543,6.429167,,,,,,,,,,,,,,,
1544,6.433333,,,,,,,,,,,,,,,
1545,6.437500,,,,,,,,,,,,,,,
1546,6.441667,,,,,,,,,,,,,,,
1547,6.445833,,,,,,,,,,,,,,,
1548,6.450000,,,,,,,,,,,,,,,
1549,6.454167,,,,,,,,,,,,,,,
1550,6.458333,,,,,,,,,,,,,,,
1551,6.462500,,,,,,,,,,,,,,,
1552,6.466667,,,,,,,,,,,,,,,
1553,6.470833,,,,,,,,,,,,,,,
1554,6.475000,,,,,,,,,,,,,,,
1555,6.479167,,,,,,,,,,,,,,,
1556,6.483333,,,,,,,,,,,,,,,
1557,6.487500,,,,,,,,,,,,,,,
1558,6.491667,,,,,,,,,,,,,,,
1559,6.495833,,,,,,,,,,,,,,,
1560,6.500000,,,,,,,,,,,,,,,
1561,6.504167,,,,,,,,,,,,,,,
1562,6.508333,,,,,,,,,,,,,,,
1563,6.512500,,,,,,,,,,,,,,,
1564,6.516667,,,,,,,,,,,,,,,
1565,6.520833,,,,,,,,,,,,,,,
1566,6.525000,,,,,,,,,,,,,,,
1567,6.529167,,,,,,,,,,,,,,,
1568,6.533333,,,,,,,,,,,,,,,
1569,6.537500,,,,,,,,,,,,,,,
1570,6.541667,,,,,,,,,,,,,,,
1571,6.545833,,,,,,,,,,,,,,,
1572,6.550000,,,,,,,,,,,,,,,
1573,6.554167,,,,,,,,,,,,,,,
1574,6.558333,,,,,,,,,,,,,,,
1575,6.562500,,,,,,,,,,,,,,,
1576,6.566667,,,,,,,,,,,,,,,
1577,6.570833,,,,,,,,,,,,,,,
1578,6.575000,,,,,,,,,,,,,,,
1579,6.579167,,,,,,,,,,,,,,,
1580,6.583333,,,,,,,,,,,,,,,
1581,6.587500,,,,,,,,,,,,,,,
1582,6.591667,,,,,,,,,,,,,,,
1583,6.595833,,,,,,,,,,,,,,,
1584,6.600000,,,,,,,,,,,,,,,
1585,6.604167,,,,,,,,,,,,,,,
1586,6.608333,,,,,,,,,,,,,,,
1587,6.612500,,,,,,,,,,,,,,,
1588,6.616667,,,,,,,,,,,,,,,
1589,6.620833,,,,,,,,,,,,,,,
1590,6.625000,,,,,,,,,,,,,,,
1591,6.629167,,,,,,,,,,,,,,,
1592,6.633333,,,,,,,,,,,,,,,
1593,6.637500,,,,,,,,,,,,,,,
1594,6.641667,,,,,,,,,,,,,,,
1595,6.645833,,,,,,,,,,,,,,,
1596,6.650000,,,,,,,,,,,,,,,
1597,6.654167,,,,,,,,,,,,,,,
1598,6.658333,,,,,,,,,,,,,,,
1599,6.662500,,,,,,,,,,,,,,,
1600,6.666667,,,,,,,,,,,,,,,
1601,6.670833,,,,,,,,,,,,,,,
1602,6.675000,,,,,,,,,,,,,,,
1603,6.679167,,,,,,,,,,,,,,,
1604,6.683333,,,,,,,,,,,,,,,
1605,6.687500,,,,,,,,,,,,,,,
1606,6.691667,,,,,,,,,,,,,,,
1607,6.695833,,,,,,,,,,,,,,,
1608,6.700000,,,,,,,,,,,,,,,
1609,6.704167,,,,,,,,,,,,,,,
1610,6.708333,,,,,,,,,,,,,,,
1611,6.712500,,,,,,,,,,,,,,,
1612,6.716667,,,,,,,,,,,,,,,
1613,6.720833,,,,,,,,,,,,,,,
1614,6.725000,,,,,,,,,,,,,,,
1615,6.729167,,,,,,,,,,,,,,,
1616,6.733333,,,,,,,,,,,,,,,
1617,6.737500,,,,,,,,,,,,,,,
1618,6.741667,,,,,,,,,,,,,,,
1619,6.745833,,,,,,,,,,,,,,,
1620,6.750000,,,,,,,,,,,,,,,
1621,6.754167,,,,,,,,,,,,,,,
1622,6.758333,,,,,,,,,,,,,,,
1623,6.762500,,,,,,,,,,,,,,,
1624,6.766667,,,,,,,,,,,,,,,
1625,6.770833,,,,,,,,,,,,,,,
1626,6.775000,,,,,,,,,,,,,,,
1627,6.779167,,,,,,,,,,,,,,,
1628,6.783333,,,,,,,,,,,,,,,
1629,6.787500,,,,,,,,,,,,,,,
1630,6.791667,,,,,,,,,,,,,,,
1631,6.795833,,,,,,,,,,,,,,,
1632,6.800000,,,,,,,,,,,,,,,
1633,6.804167,,,,,,,,,,,,,,,
1634,6.808333,,,,,,,,,,,,,,,
1635,6.812500,,,,,,,,,,,,,,,
1636,6.816667,,,,,,,,,,,,,,,
1637,6.820833,,,,,,,,,,,,,,,
1638,6.825000,,,,,,,,,,,,,,,
1639,6.829167,,,,,,,,,,,,,,,
1640,6.833333,,,,,,,,,,,,,,,
1641,6.837500,,,,,,,,,,,,,,,
1642,6.841667,,,,,,,,,,,,,,,
1643,6.845833,,,,,,,,,,,,,,,
1644,6.850000,,,,,,,,,,,,,,,
1645,6.854167,,,,,,,,,,,,,,,
1646,6.858333,,,,,,,,,,,,,,,
1647,6.862500,,,,,,,,,,,,,,,
1648,6.866667,,,,,,,,,,,,,,,
1649,6.870833,,,,,,,,,,,,,,,
1650,6.875000,,,,,,,,,,,,,,,
1651,6.879167,,,,,,,,,,,,,,,
1652,6.883333,,,,,,,,,,,,,,,
1653,6.887500,,,,,,,,,,,,,,,
1654,6.891667,,,,,,,,,,,,,,,
1655,6.895833,,,,,,,,,,,,,,,
1656,6.900000,,,,,,,,,,,,,,,
1657,6.904167,,,,,,,,,,,,,,,
1658,6.908333,,,,,,,,,,,,,,,
1659,6.912500,,,,,,,,,,,,,,,
1660,6.916667,,,,,,,,,,,,,,,
1661,6.920833,,,,,,,,,,,,,,,
1662,6.925000,,,,,,,,,,,,,,,
1663,6.929167,,,,,,,,,,,,,,,
1664,6.933333,,,,,,,,,,,,,,,
1665,6.937500,,,,,,,,,,,,,,,
1666,6.941667,,,,,,,,,,,,,,,
1667,6.945833,,,,,,,,,,,,,,,
1668,6.950000,,,,,,,,,,,,,,,
1669,6.954167,,,,,,,,,,,,,,,
1670,6.958333,,,,,,,,,,,,,,,
1671,6.962500,,,,,,,,,,,,,,,
1672,6.966667,,,,,,,,,,,,,,,
1673,6.970833,,,,,,,,,,,,,,,
1674,6.975000,,,,,,,,,,,,,,,
1675,6.979167,,,,,,,,,,,,,,,
1676,6.983333,,,,,,,,,,,,,,,
1677,6.987500,,,,,,,,,,,,,,,
1678,6.991667,,,,,,,,,,,,,,,
1679,6.995833,,,,,,,,,,,,,,,
1680,7.000000,,,,,,,,,,,,,,,
1681,7.004167,,,,,,,,,,,,,,,
1682,7.008333,,,,,,,,,,,,,,,
1683,7.012500,,,,,,,,,,,,,,,
1684,7.016667,,,,,,,,,,,,,,,
1685,7.020833,,,,,,,,,,,,,,,
1686,7.025000,,,,,,,,,,,,,,,
1687,7.029167,,,,,,,,,,,,,,,
1688,7.033333,,,,,,,,,,,,,,,
1689,7.037500,,,,,,,,,,,,,,,
1690,7.041667,,,,,,,,,,,,,,,
1691,7.045833,,,,,,,,,,,,,,,
1692,7.050000,,,,,,,,,,,,,,,
1693,7.054167,,,,,,,,,,,,,,,
1694,7.058333,,,,,,,,,,,,,,,
1695,7.062500,,,,,,,,,,,,,,,
1696,7.066667,,,,,,,,,,,,,,,
1697,7.070833,,,,,,,,,,,,,,,
1698,7.075000,,,,,,,,,,,,,,,
1699,7.079167,,,,,,,,,,,,,,,
1700,7.083333,,,,,,,,,,,,,,,
1701,7.087500,,,,,,,,,,,,,,,
1702,7.091667,,,,,,,,,,,,,,,
1703,7.095833,,,,,,,,,,,,,,,
1704,7.100000,,,,,,,,,,,,,,,
1705,7.104167,,,,,,,,,,,,,,,
1706,7.108333,,,,,,,,,,,,,,,
1707,7.112500,,,,,,,,,,,,,,,
1708,7.116667,,,,,,,,,,,,,,,
1709,7.120833,,,,,,,,,,,,,,,
1710,7.125000,,,,,,,,,,,,,,,
1711,7.129167,,,,,,,,,,,,,,,
1712,7.133333,,,,,,,,,,,,,,,
1713,7.137500,,,,,,,,,,,,,,,
1714,7.141667,,,,,,,,,,,,,,,
1715,7.145833,,,,,,,,,,,,,,,
1716,7.150000,,,,,,,,,,,,,,,
1717,7.154167,,,,,,,,,,,,,,,
1718,7.158333,,,,,,,,,,,,,,,
1719,7.162500,,,,,,,,,,,,,,,
1720,7.166667,,,,,,,,,,,,,,,
1721,7.170833,,,,,,,,,,,,,,,
1722,7.175000,,,,,,,,,,,,,,,
1723,7.179167,,,,,,,,,,,,,,,
1724,7.183333,,,,,,,,,,,,,,,
1725,7.187500,,,,,,,,,,,,,,,
1726,7.191667,,,,,,,,,,,,,,,
1727,7.195833,,,,,,,,,,,,,,,
1728,7.200000,,,,,,,,,,,,,,,
1729,7.204167,,,,,,,,,,,,,,,
1730,7.208333,,,,,,,,,,,,,,,
1731,7.212500,,,,,,,,,,,,,,,
1732,7.216667,,,,,,,,,,,,,,,
1733,7.220833,,,,,,,,,,,,,,,
1734,7.225000,,,,,,,,,,,,,,,
1735,7.229167,,,,,,,,,,,,,,,
1736,7.233333,,,,,,,,,,,,,,,
1737,7.237500,,,,,,,,,,,,,,,
1738,7.241667,,,,,,,,,,,,,,,
1739,7.245833,,,,,,,,,,,,,,,
1740,7.250000,,,,,,,,,,,,,,,
1741,7.254167,,,,,,,,,,,,,,,
1742,7.258333,,,,,,,,,,,,,,,
1743,7.262500,,,,,,,,,,,,,,,
1744,7.266667,,,,,,,,,,,,,,,
1745,7.270833,,,,,,,,,,,,,,,
1746,7.275000,,,,,,,,,,,,,,,
1747,7.279167,,,,,,,,,,,,,,,
1748,7.283333,,,,,,,,,,,,,,,
1749,7.287500,,,,,,,,,,,,,,,
1750,7.291667,,,,,,,,,,,,,,,
1751,7.295833,,,,,,,,,,,,,,,
1752,7.300000,,,,,,,,,,,,,,,
1753,7.304167,,,,,,,,,,,,,,,
1754,7.308333,,,,,,,,,,,,,,,
1755,7.312500,,,,,,,,,,,,,,,
1756,7.316667,,,,,,,,,,,,,,,
1757,7.320833,,,,,,,,,,,,,,,
1758,7.325000,,,,,,,,,,,,,,,
1759,7.329167,,,,,,,,,,,,,,,
1760,7.333333,,,,,,,,,,,,,,,
1761,7.337500,,,,,,,,,,,,,,,
1762,7.341667,,,,,,,,,,,,,,,
1763,7.345833,,,,,,,,,,,,,,,
1764,7.350000,,,,,,,,,,,,,,,
1765,7.354167,,,,,,,,,,,,,,,
1766,7.358333,,,,,,,,,,,,,,,
1767,7.362500,,,,,,,,,,,,,,,
1768,7.366667,,,,,,,,,,,,,,,
1769,7.370833,,,,,,,,,,,,,,,
1770,7.375000,,,,,,,,,,,,,,,
1771,7.379167,,,,,,,,,,,,,,,
1772,7.383333,,,,,,,,,,,,,,,
1773,7.387500,,,,,,,,,,,,,,,
1774,7.391667,,,,,,,,,,,,,,,
1775,7.395833,,,,,,,,,,,,,,,
1776,7.400000,,,,,,,,,,,,,,,
1777,7.404167,,,,,,,,,,,,,,,
1778,7.408333,,,,,,,,,,,,,,,
1779,7.412500,,,,,,,,,,,,,,,
1780,7.416667,,,,,,,,,,,,,,,
1781,7.420833,,,,,,,,,,,,,,,
1782,7.425000,,,,,,,,,,,,,,,
1783,7.429167,,,,,,,,,,,,,,,
1784,7.433333,,,,,,,,,,,,,,,
1785,7.437500,,,,,,,,,,,,,,,
1786,7.441667,,,,,,,,,,,,,,,
1787,7.445833,,,,,,,,,,,,,,,
1788,7.450000,,,,,,,,,,,,,,,
1789,7.454167,,,,,,,,,,,,,,,
1790,7.458333,,,,,,,,,,,,,,,
1791,7.462500,,,,,,,,,,,,,,,
1792,7.466667,,,,,,,,,,,,,,,
1793,7.470833,,,,,,,,,,,,,,,
1794,7.475000,,,,,,,,,,,,,,,
1795,7.479167,,,,,,,,,,,,,,,
1796,7.483333,,,,,,,,,,,,,,,
1797,7.487500,,,,,,,,,,,,,,,
1798,7.491667,,,,,,,,,,,,,,,
1799,7.495833,,,,,,,,,,,,,,,
1800,7.500000,,,,,,,,,,,,,,,
1801,7.504167,,,,,,,,,,,,,,,
1802,7.508333,,,,,,,,,,,,,,,
1803,7.512500,,,,,,,,,,,,,,,
1804,7.516667,,,,,,,,,,,,,,,
1805,7.520833,,,,,,,,,,,,,,,
1806,7.525000,,,,,,,,,,,,,,,
1807,7.529167,,,,,,,,,,,,,,,
1808,7.533333,,,,,,,,,,,,,,,
1809,7.537500,,,,,,,,,,,,,,,
1810,7.541667,,,,,,,,,,,,,,,
1811,7.545833,,,,,,,,,,,,,,,
1812,7.550000,,,,,,,,,,,,,,,
1813,7.554167,,,,,,,,,,,,,,,
1814,7.558333,,,,,,,,,,,,,,,
1815,7.562500,,,,,,,,,,,,,,,
1816,7.566667,,,,,,,,,,,,,,,
1817,7.570833,,,,,,,,,,,,,,,
1818,7.575000,,,,,,,,,,,,,,,
1819,7.579167,,,,,,,,,,,,,,,
1820,7.583333,,,,,,,,,,,,,,,
1821,7.587500,,,,,,,,,,,,,,,
1822,7.591667,,,,,,,,,,,,,,,
1823,7.595833,,,,,,,,,,,,,,,
1824,7.600000,,,,,,,,,,,,,,,
1825,7.604167,,,,,,,,,,,,,,,
1826,7.608333,,,,,,,,,,,,,,,
1827,7.612500,,,,,,,,,,,,,,,
1828,7.616667,,,,,,,,,,,,,,,
1829,7.620833,,,,,,,,,,,,,,,
1830,7.625000,,,,,,,,,,,,,,,
1831,7.629167,,,,,,,,,,,,,,,
1832,7.633333,,,,,,,,,,,,,,,
1833,7.637500,,,,,,,,,,,,,,,
1834,7.641667,,,,,,,,,,,,,,,
1835,7.645833,,,,,,,,,,,,,,,
1836,7.650000,,,,,,,,,,,,,,,
1837,7.654167,,,,,,,,,,,,,,,
1838,7.658333,,,,,,,,,,,,,,,
1839,7.662500,,,,,,,,,,,,,,,
1840,7.666667,,,,,,,,,,,,,,,
1841,7.670833,,,,,,,,,,,,,,,
1842,7.675000,,,,,,,,,,,,,,,
1843,7.679167,,,,,,,,,,,,,,,
1844,7.683333,,,,,,,,,,,,,,,
1845,7.687500,,,,,,,,,,,,,,,
1846,7.691667,,,,,,,,,,,,,,,
1847,7.695833,,,,,,,,,,,,,,,
1848,7.700000,,,,,,,,,,,,,,,
1849,7.704167,,,,,,,,,,,,,,,
1850,7.708333,,,,,,,,,,,,,,,
1851,7.712500,,,,,,,,,,,,,,,
1852,7.716667,,,,,,,,,,,,,,,
1853,7.720833,,,,,,,,,,,,,,,
1854,7.725000,,,,,,,,,,,,,,,
1855,7.729167,,,,,,,,,,,,,,,
1856,7.733333,,,,,,,,,,,,,,,
1857,7.737500,,,,,,,,,,,,,,,
1858,7.741667,,,,,,,,,,,,,,,
1859,7.745833,,,,,,,,,,,,,,,
1860,7.750000,,,,,,,,,,,,,,,
1861,7.754167,,,,,,,,,,,,,,,
1862,7.758333,,,,,,,,,,,,,,,
1863,7.762500,,,,,,,,,,,,,,,
1864,7.766667,,,,,,,,,,,,,,,
1865,7.770833,,,,,,,,,,,,,,,
1866,7.775000,,,,,,,,,,,,,,,
1867,7.779167,,,,,,,,,,,,,,,
1868,7.783333,,,,,,,,,,,,,,,
1869,7.787500,,,,,,,,,,,,,,,
1870,7.791667,,,,,,,,,,,,,,,
1871,7.795833,,,,,,,,,,,,,,,
1872,7.800000,,,,,,,,,,,,,,,
1873,7.804167,,,,,,,,,,,,,,,
1874,7.808333,,,,,,,,,,,,,,,
1875,7.812500,,,,,,,,,,,,,,,
1876,7.816667,,,,,,,,,,,,,,,
1877,7.820833,,,,,,,,,,,,,,,
1878,7.825000,,,,,,,,,,,,,,,
1879,7.829167,,,,,,,,,,,,,,,
1880,7.833333,,,,,,,,,,,,,,,
1881,7.837500,,,,,,,,,,,,,,,
1882,7.841667,,,,,,,,,,,,,,,
1883,7.845833,,,,,,,,,,,,,,,
1884,7.850000,,,,,,,,,,,,,,,
1885,7.854167,,,,,,,,,,,,,,,
1886,7.858333,,,,,,,,,,,,,,,
1887,7.862500,,,,,,,,,,,,,,,
1888,7.866667,,,,,,,,,,,,,,,
1889,7.870833,,,,,,,,,,,,,,,
1890,7.875000,,,,,,,,,,,,,,,
1891,7.879167,,,,,,,,,,,,,,,
1892,7.883333,,,,,,,,,,,,,,,
1893,7.887500,,,,,,,,,,,,,,,
1894,7.891667,,,,,,,,,,,,,,,
1895,7.895833,,,,,,,,,,,,,,,
1896,7.900000,,,,,,,,,,,,,,,
1897,7.904167,,,,,,,,,,,,,,,
1898,7.908333,,,,,,,,,,,,,,,
1899,7.912500,,,,,,,,,,,,,,,
1900,7.916667,,,,,,,,,,,,,,,
1901,7.920833,,,,,,,,,,,,,,,
1902,7.925000,,,,,,,,,,,,,,,
1903,7.929167,,,,,,,,,,,,,,,
1904,7.933333,,,,,,,,,,,,,,,
1905,7.937500,,,,,,,,,,,,,,,
1906,7.941667,,,,,,,,,,,,,,,
1907,7.945833,,,,,,,,,,,,,,,
1908,7.950000,,,,,,,,,,,,,,,
1909,7.954167,,,,,,,,,,,,,,,
1910,7.958333,,,,,,,,,,,,,,,
1911,7.962500,,,,,,,,,,,,,,,
1912,7.966667,,,,,,,,,,,,,,,
1913,7.970833,,,,,,,,,,,,,,,
1914,7.975000,,,,,,,,,,,,,,,
1915,7.979167,,,,,,,,,,,,,,,
1916,7.983333,,,,,,,,,,,,,,,
1917,7.987500,,,,,,,,,,,,,,,
1918,7.991667,,,,,,,,,,,,,,,
1919,7.995833,,,,,,,,,,,,,,,
1920,8.000000,,,,,,,,,,,,,,,
1921,8.004167,,,,,,,,,,,,,,,
1922,8.008333,,,,,,,,,,,,,,,
1923,8.012500,,,,,,,,,,,,,,,
1924,8.016667,,,,,,,,,,,,,,,
1925,8.020833,,,,,,,,,,,,,,,
1926,8.025000,,,,,,,,,,,,,,,
1927,8.029167,,,,,,,,,,,,,,,
1928,8.033333,,,,,,,,,,,,,,,
1929,8.037500,,,,,,,,,,,,,,,
1930,8.041667,,,,,,,,,,,,,,,
1931,8.045833,,,,,,,,,,,,,,,
1932,8.050000,,,,,,,,,,,,,,,
1933,8.054167,,,,,,,,,,,,,,,
1934,8.058333,,,,,,,,,,,,,,,
1935,8.062500,,,,,,,,,,,,,,,
1936,8.066667,,,,,,,,,,,,,,,
1937,8.070833,,,,,,,,,,,,,,,
1938,8.075000,,,,,,,,,,,,,,,
1939,8.079167,,,,,,,,,,,,,,,
1940,8.083333,,,,,,,,,,,,,,,
1941,8.087500,,,,,,,,,,,,,,,
1942,8.091667,,,,,,,,,,,,,,,
1943,8.095833,,,,,,,,,,,,,,,
1944,8.100000,,,,,,,,,,,,,,,
1945,8.104167,,,,,,,,,,,,,,,
1946,8.108333,,,,,,,,,,,,,,,
1947,8.112500,,,,,,,,,,,,,,,
1948,8.116667,,,,,,,,,,,,,,,
1949,8.120833,,,,,,,,,,,,,,,
1950,8.125000,,,,,,,,,,,,,,,
1951,8.129167,,,,,,,,,,,,,,,
1952,8.133333,,,,,,,,,,,,,,,
1953,8.137500,,,,,,,,,,,,,,,
1954,8.141667,,,,,,,,,,,,,,,
1955,8.145833,,,,,,,,,,,,,,,
1956,8.150000,,,,,,,,,,,,,,,
1957,8.154167,,,,,,,,,,,,,,,
1958,8.158333,,,,,,,,,,,,,,,
1959,8.162500,,,,,,,,,,,,,,,
1960,8.166667,,,,,,,,,,,,,,,
1961,8.170833,,,,,,,,,,,,,,,
1962,8.175000,,,,,,,,,,,,,,,
1963,8.179167,,,,,,,,,,,,,,,
1964,8.183333,,,,,,,,,,,,,,,
1965,8.187500,,,,,,,,,,,,,,,
1966,8.191667,,,,,,,,,,,,,,,
1967,8.195833,,,,,,,,,,,,,,,
1968,8.200000,,,,,,,,,,,,,,,
1969,8.204167,,,,,,,,,,,,,,,
1970,8.208333,,,,,,,,,,,,,,,
1971,8.212500,,,,,,,,,,,,,,,
1972,8.216667,,,,,,,,,,,,,,,
1973,8.220833,,,,,,,,,,,,,,,
1974,8.225000,,,,,,,,,,,,,,,
1975,8.229167,,,,,,,,,,,,,,,
1976,8.233333,,,,,,,,,,,,,,,
1977,8.237500,,,,,,,,,,,,,,,
1978,8.241667,,,,,,,,,,,,,,,
1979,8.245833,,,,,,,,,,,,,,,
1980,8.250000,,,,,,,,,,,,,,,
1981,8.254167,,,,,,,,,,,,,,,
1982,8.258333,,,,,,,,,,,,,,,
1983,8.262500,,,,,,,,,,,,,,,
1984,8.266667,,,,,,,,,,,,,,,
1985,8.270833,,,,,,,,,,,,,,,
1986,8.275000,,,,,,,,,,,,,,,
1987,8.279167,,,,,,,,,,,,,,,
1988,8.283333,,,,,,,,,,,,,,,
1989,8.287500,,,,,,,,,,,,,,,
1990,8.291667,,,,,,,,,,,,,,,
1991,8.295833,,,,,,,,,,,,,,,
1992,8.300000,,,,,,,,,,,,,,,
1993,8.304167,,,,,,,,,,,,,,,
1994,8.308333,,,,,,,,,,,,,,,
1995,8.312500,,,,,,,,,,,,,,,
1996,8.316667,,,,,,,,,,,,,,,
1997,8.320833,,,,,,,,,,,,,,,
1998,8.325000,,,,,,,,,,,,,,,
1999,8.329167,,,,,,,,,,,,,,,
2000,8.333333,,,,,,,,,,,,,,,
2001,8.337500,,,,,,,,,,,,,,,
2002,8.341667,,,,,,,,,,,,,,,
2003,8.345833,,,,,,,,,,,,,,,
2004,8.350000,,,,,,,,,,,,,,,
2005,8.354167,,,,,,,,,,,,,,,
2006,8.358333,,,,,,,,,,,,,,,
2007,8.362500,,,,,,,,,,,,,,,
2008,8.366667,,,,,,,,,,,,,,,
2009,8.370833,,,,,,,,,,,,,,,
2010,8.375000,,,,,,,,,,,,,,,
2011,8.379167,,,,,,,,,,,,,,,
2012,8.383333,,,,,,,,,,,,,,,
2013,8.387500,,,,,,,,,,,,,,,
2014,8.391667,,,,,,,,,,,,,,,
2015,8.395833,,,,,,,,,,,,,,,
2016,8.400000,,,,,,,,,,,,,,,
2017,8.404167,,,,,,,,,,,,,,,
2018,8.408333,,,,,,,,,,,,,,,
2019,8.412500,,,,,,,,,,,,,,,
2020,8.416667,,,,,,,,,,,,,,,
2021,8.420833,,,,,,,,,,,,,,,
2022,8.425000,,,,,,,,,,,,,,,
2023,8.429167,,,,,,,,,,,,,,,
2024,8.433333,,,,,,,,,,,,,,,
2025,8.437500,,,,,,,,,,,,,,,
2026,8.441667,,,,,,,,,,,,,,,
2027,8.445833,,,,,,,,,,,,,,,
2028,8.450000,,,,,,,,,,,,,,,
2029,8.454167,,,,,,,,,,,,,,,
2030,8.458333,,,,,,,,,,,,,,,
2031,8.462500,,,,,,,,,,,,,,,
2032,8.466667,,,,,,,,,,,,,,,
2033,8.470833,,,,,,,,,,,,,,,
2034,8.475000,,,,,,,,,,,,,,,
2035,8.479167,,,,,,,,,,,,,,,
2036,8.483333,,,,,,,,,,,,,,,
2037,8.487500,,,,,,,,,,,,,,,
2038,8.491667,,,,,,,,,,,,,,,
2039,8.495833,,,,,,,,,,,,,,,
2040,8.500000,,,,,,,,,,,,,,,
2041,8.504167,,,,,,,,,,,,,,,
2042,8.508333,,,,,,,,,,,,,,,
2043,8.512500,,,,,,,,,,,,,,,
2044,8.516667,,,,,,,,,,,,,,,
2045,8.520833,,,,,,,,,,,,,,,
2046,8.525000,,,,,,,,,,,,,,,
2047,8.529167,,,,,,,,,,,,,,,
2048,8.533333,,,,,,,,,,,,,,,
2049,8.537500,,,,,,,,,,,,,,,
2050,8.541667,,,,,,,,,,,,,,,
2051,8.545833,,,,,,,,,,,,,,,
2052,8.550000,,,,,,,,,,,,,,,
2053,8.554167,,,,,,,,,,,,,,,
2054,8.558333,,,,,,,,,,,,,,,
2055,8.562500,,,,,,,,,,,,,,,
2056,8.566667,,,,,,,,,,,,,,,
2057,8.570833,,,,,,,,,,,,,,,
2058,8.575000,,,,,,,,,,,,,,,
2059,8.579167,,,,,,,,,,,,,,,
2060,8.583333,,,,,,,,,,,,,,,
2061,8.587500,,,,,,,,,,,,,,,
2062,8.591667,,,,,,,,,,,,,,,
2063,8.595833,,,,,,,,,,,,,,,
2064,8.600000,,,,,,,,,,,,,,,
2065,8.604167,,,,,,,,,,,,,,,
2066,8.608333,,,,,,,,,,,,,,,
2067,8.612500,,,,,,,,,,,,,,,
2068,8.616667,,,,,,,,,,,,,,,
2069,8.620833,,,,,,,,,,,,,,,
2070,8.625000,,,,,,,,,,,,,,,
2071,8.629167,,,,,,,,,,,,,,,
2072,8.633333,,,,,,,,,,,,,,,
2073,8.637500,,,,,,,,,,,,,,,
2074,8.641667,,,,,,,,,,,,,,,
2075,8.645833,,,,,,,,,,,,,,,
2076,8.650000,,,,,,,,,,,,,,,
2077,8.654167,,,,,,,,,,,,,,,
2078,8.658333,,,,,,,,,,,,,,,
2079,8.662500,,,,,,,,,,,,,,,
2080,8.666667,,,,,,,,,,,,,,,
2081,8.670833,,,,,,,,,,,,,,,
2082,8.675000,,,,,,,,,,,,,,,
2083,8.679167,,,,,,,,,,,,,,,
2084,8.683333,,,,,,,,,,,,,,,
2085,8.687500,,,,,,,,,,,,,,,
2086,8.691667,,,,,,,,,,,,,,,
2087,8.695833,,,,,,,,,,,,,,,
2088,8.700000,,,,,,,,,,,,,,,
2089,8.704167,,,,,,,,,,,,,,,
2090,8.708333,,,,,,,,,,,,,,,
2091,8.712500,,,,,,,,,,,,,,,
2092,8.716667,,,,,,,,,,,,,,,
2093,8.720833,,,,,,,,,,,,,,,
2094,8.725000,,,,,,,,,,,,,,,
2095,8.729167,,,,,,,,,,,,,,,
2096,8.733333,,,,,,,,,,,,,,,
2097,8.737500,,,,,,,,,,,,,,,
2098,8.741667,,,,,,,,,,,,,,,
2099,8.745833,,,,,,,,,,,,,,,
2100,8.750000,,,,,,,,,,,,,,,
2101,8.754167,,,,,,,,,,,,,,,
2102,8.758333,,,,,,,,,,,,,,,
2103,8.762500,,,,,,,,,,,,,,,
2104,8.766667,,,,,,,,,,,,,,,
2105,8.770833,,,,,,,,,,,,,,,
2106,8.775000,,,,,,,,,,,,,,,
2107,8.779167,,,,,,,,,,,,,,,
2108,8.783333,,,,,,,,,,,,,,,
2109,8.787500,,,,,,,,,,,,,,,
2110,8.791667,,,,,,,,,,,,,,,
2111,8.795833,,,,,,,,,,,,,,,
2112,8.800000,,,,,,,,,,,,,,,
2113,8.804167,,,,,,,,,,,,,,,
2114,8.808333,,,,,,,,,,,,,,,
2115,8.812500,,,,,,,,,,,,,,,
2116,8.816667,,,,,,,,,,,,,,,
2117,8.820833,,,,,,,,,,,,,,,
2118,8.825000,,,,,,,,,,,,,,,
2119,8.829167,,,,,,,,,,,,,,,
2120,8.833333,,,,,,,,,,,,,,,
2121,8.837500,,,,,,,,,,,,,,,
2122,8.841667,,,,,,,,,,,,,,,
2123,8.845833,,,,,,,,,,,,,,,
2124,8.850000,,,,,,,,,,,,,,,
2125,8.854167,,,,,,,,,,,,,,,
2126,8.858333,,,,,,,,,,,,,,,
2127,8.862500,,,,,,,,,,,,,,,
2128,8.866667,,,,,,,,,,,,,,,
2129,8.870833,,,,,,,,,,,,,,,
2130,8.875000,,,,,,,,,,,,,,,
2131,8.879167,,,,,,,,,,,,,,,
2132,8.883333,,,,,,,,,,,,,,,
2133,8.887500,,,,,,,,,,,,,,,
2134,8.891667,,,,,,,,,,,,,,,
2135,8.895833,,,,,,,,,,,,,,,
2136,8.900000,,,,,,,,,,,,,,,
2137,8.904167,,,,,,,,,,,,,,,
2138,8.908333,,,,,,,,,,,,,,,
2139,8.912500,,,,,,,,,,,,,,,
2140,8.916667,,,,,,,,,,,,,,,
2141,8.920833,,,,,,,,,,,,,,,
2142,8.925000,,,,,,,,,,,,,,,
2143,8.929167,,,,,,,,,,,,,,,
2144,8.933333,,,,,,,,,,,,,,,
2145,8.937500,,,,,,,,,,,,,,,
2146,8.941667,,,,,,,,,,,,,,,
2147,8.945833,,,,,,,,,,,,,,,
2148,8.950000,,,,,,,,,,,,,,,
2149,8.954167,,,,,,,,,,,,,,,
2150,8.958333,,,,,,,,,,,,,,,
2151,8.962500,,,,,,,,,,,,,,,
2152,8.966667,,,,,,,,,,,,,,,
2153,8.970833,,,,,,,,,,,,,,,
2154,8.975000,,,,,,,,,,,,,,,
2155,8.979167,,,,,,,,,,,,,,,
2156,8.983333,,,,,,,,,,,,,,,
2157,8.987500,,,,,,,,,,,,,,,
2158,8.991667,,,,,,,,,,,,,,,
2159,8.995833,,,,,,,,,,,,,,,
2160,9.000000,,,,,,,,,,,,,,,
2161,9.004167,,,,,,,,,,,,,,,
2162,9.008333,,,,,,,,,,,,,,,
2163,9.012500,,,,,,,,,,,,,,,
2164,9.016667,,,,,,,,,,,,,,,
2165,9.020833,,,,,,,,,,,,,,,
2166,9.025000,,,,,,,,,,,,,,,
2167,9.029167,,,,,,,,,,,,,,,
2168,9.033333,,,,,,,,,,,,,,,
2169,9.037500,,,,,,,,,,,,,,,
2170,9.041667,,,,,,,,,,,,,,,
2171,9.045833,,,,,,,,,,,,,,,
2172,9.050000,,,,,,,,,,,,,,,
2173,9.054167,,,,,,,,,,,,,,,
2174,9.058333,,,,,,,,,,,,,,,
2175,9.062500,,,,,,,,,,,,,,,
2176,9.066667,,,,,,,,,,,,,,,
2177,9.070833,,,,,,,,,,,,,,,
2178,9.075000,,,,,,,,,,,,,,,
2179,9.079167,,,,,,,,,,,,,,,
2180,9.083333,,,,,,,,,,,,,,,
2181,9.087500,,,,,,,,,,,,,,,
2182,9.091667,,,,,,,,,,,,,,,
2183,9.095833,,,,,,,,,,,,,,,
2184,9.100000,,,,,,,,,,,,,,,
2185,9.104167,,,,,,,,,,,,,,,
2186,9.108333,,,,,,,,,,,,,,,
2187,9.112500,,,,,,,,,,,,,,,
2188,9.116667,,,,,,,,,,,,,,,
2189,9.120833,,,,,,,,,,,,,,,
2190,9.125000,,,,,,,,,,,,,,,
2191,9.129167,,,,,,,,,,,,,,,
2192,9.133333,,,,,,,,,,,,,,,
2193,9.137500,,,,,,,,,,,,,,,
2194,9.141667,,,,,,,,,,,,,,,
2195,9.145833,,,,,,,,,,,,,,,
2196,9.150000,,,,,,,,,,,,,,,
2197,9.154167,,,,,,,,,,,,,,,
2198,9.158333,,,,,,,,,,,,,,,
2199,9.162500,,,,,,,,,,,,,,,
2200,9.166667,,,,,,,,,,,,,,,
2201,9.170833,,,,,,,,,,,,,,,
2202,9.175000,,,,,,,,,,,,,,,
2203,9.179167,,,,,,,,,,,,,,,
2204,9.183333,,,,,,,,,,,,,,,
2205,9.187500,,,,,,,,,,,,,,,
2206,9.191667,,,,,,,,,,,,,,,
2207,9.195833,,,,,,,,,,,,,,,
2208,9.200000,,,,,,,,,,,,,,,
2209,9.204167,,,,,,,,,,,,,,,
2210,9.208333,,,,,,,,,,,,,,,
2211,9.212500,,,,,,,,,,,,,,,
2212,9.216667,,,,,,,,,,,,,,,
2213,9.220833,,,,,,,,,,,,,,,
2214,9.225000,,,,,,,,,,,,,,,
2215,9.229167,,,,,,,,,,,,,,,
2216,9.233333,,,,,,,,,,,,,,,
2217,9.237500,,,,,,,,,,,,,,,
2218,9.241667,,,,,,,,,,,,,,,
2219,9.245833,,,,,,,,,,,,,,,
2220,9.250000,,,,,,,,,,,,,,,
2221,9.254167,,,,,,,,,,,,,,,
2222,9.258333,,,,,,,,,,,,,,,
2223,9.262500,,,,,,,,,,,,,,,
2224,9.266667,,,,,,,,,,,,,,,
2225,9.270833,,,,,,,,,,,,,,,
2226,9.275000,,,,,,,,,,,,,,,
2227,9.279167,,,,,,,,,,,,,,,
2228,9.283333,,,,,,,,,,,,,,,
2229,9.287500,,,,,,,,,,,,,,,
2230,9.291667,,,,,,,,,,,,,,,
2231,9.295833,,,,,,,,,,,,,,,
2232,9.300000,,,,,,,,,,,,,,,
2233,9.304167,,,,,,,,,,,,,,,
2234,9.308333,,,,,,,,,,,,,,,
2235,9.312500,,,,,,,,,,,,,,,
2236,9.316667,,,,,,,,,,,,,,,
2237,9.320833,,,,,,,,,,,,,,,
2238,9.325000,,,,,,,,,,,,,,,
2239,9.329167,,,,,,,,,,,,,,,
2240,9.333333,,,,,,,,,,,,,,,
2241,9.337500,,,,,,,,,,,,,,,
2242,9.341667,,,,,,,,,,,,,,,
2243,9.345833,,,,,,,,,,,,,,,
2244,9.350000,,,,,,,,,,,,,,,
2245,9.354167,,,,,,,,,,,,,,,
2246,9.358333,,,,,,,,,,,,,,,
2247,9.362500,,,,,,,,,,,,,,,
2248,9.366667,,,,,,,,,,,,,,,
2249,9.370833,,,,,,,,,,,,,,,
2250,9.375000,,,,,,,,,,,,,,,
2251,9.379167,,,,,,,,,,,,,,,
2252,9.383333,,,,,,,,,,,,,,,
2253,9.387500,,,,,,,,,,,,,,,
2254,9.391667,,,,,,,,,,,,,,,
2255,9.395833,,,,,,,,,,,,,,,
2256,9.400000,,,,,,,,,,,,,,,
2257,9.404167,,,,,,,,,,,,,,,
2258,9.408333,,,,,,,,,,,,,,,
2259,9.412500,,,,,,,,,,,,,,,
2260,9.416667,,,,,,,,,,,,,,,
2261,9.420833,,,,,,,,,,,,,,,
2262,9.425000,,,,,,,,,,,,,,,
2263,9.429167,,,,,,,,,,,,,,,
2264,9.433333,,,,,,,,,,,,,,,
2265,9.437500,,,,,,,,,,,,,,,
2266,9.441667,,,,,,,,,,,,,,,
2267,9.445833,,,,,,,,,,,,,,,
2268,9.450000,,,,,,,,,,,,,,,
2269,9.454167,,,,,,,,,,,,,,,
2270,9.458333,,,,,,,,,,,,,,,
2271,9.462500,,,,,,,,,,,,,,,
2272,9.466667,,,,,,,,,,,,,,,
2273,9.470833,,,,,,,,,,,,,,,
2274,9.475000,,,,,,,,,,,,,,,
2275,9.479167,,,,,,,,,,,,,,,
2276,9.483333,,,,,,,,,,,,,,,
2277,9.487500,,,,,,,,,,,,,,,
2278,9.491667,,,,,,,,,,,,,,,
2279,9.495833,,,,,,,,,,,,,,,
2280,9.500000,,,,,,,,,,,,,,,
2281,9.504167,,,,,,,,,,,,,,,
2282,9.508333,,,,,,,,,,,,,,,
2283,9.512500,,,,,,,,,,,,,,,
2284,9.516667,,,,,,,,,,,,,,,
2285,9.520833,,,,,,,,,,,,,,,
2286,9.525000,,,,,,,,,,,,,,,
2287,9.529167,,,,,,,,,,,,,,,
2288,9.533333,,,,,,,,,,,,,,,
2289,9.537500,,,,,,,,,,,,,,,
2290,9.541667,,,,,,,,,,,,,,,
2291,9.545833,,,,,,,,,,,,,,,
2292,9.550000,,,,,,,,,,,,,,,
2293,9.554167,,,,,,,,,,,,,,,
2294,9.558333,,,,,,,,,,,,,,,
2295,9.562500,,,,,,,,,,,,,,,
2296,9.566667,,,,,,,,,,,,,,,
2297,9.570833,,,,,,,,,,,,,,,
2298,9.575000,,,,,,,,,,,,,,,
2299,9.579167,,,,,,,,,,,,,,,
2300,9.583333,,,,,,,,,,,,,,,
2301,9.587500,,,,,,,,,,,,,,,
2302,9.591667,,,,,,,,,,,,,,,
2303,9.595833,,,,,,,,,,,,,,,
2304,9.600000,,,,,,,,,,,,,,,
2305,9.604167,,,,,,,,,,,,,,,
2306,9.608333,,,,,,,,,,,,,,,
2307,9.612500,,,,,,,,,,,,,,,
2308,9.616667,,,,,,,,,,,,,,,
2309,9.620833,,,,,,,,,,,,,,,
2310,9.625000,,,,,,,,,,,,,,,
2311,9.629167,,,,,,,,,,,,,,,
2312,9.633333,,,,,,,,,,,,,,,
2313,9.637500,,,,,,,,,,,,,,,
2314,9.641667,,,,,,,,,,,,,,,
2315,9.645833,,,,,,,,,,,,,,,
2316,9.650000,,,,,,,,,,,,,,,
2317,9.654167,,,,,,,,,,,,,,,
2318,9.658333,,,,,,,,,,,,,,,
2319,9.662500,,,,,,,,,,,,,,,
2320,9.666667,,,,,,,,,,,,,,,
2321,9.670833,,,,,,,,,,,,,,,
2322,9.675000,,,,,,,,,,,,,,,
2323,9.679167,,,,,,,,,,,,,,,
2324,9.683333,,,,,,,,,,,,,,,
2325,9.687500,,,,,,,,,,,,,,,
2326,9.691667,,,,,,,,,,,,,,,
2327,9.695833,,,,,,,,,,,,,,,
2328,9.700000,,,,,,,,,,,,,,,
2329,9.704167,,,,,,,,,,,,,,,
2330,9.708333,,,,,,,,,,,,,,,
2331,9.712500,,,,,,,,,,,,,,,
2332,9.716667,,,,,,,,,,,,,,,
2333,9.720833,,,,,,,,,,,,,,,
2334,9.725000,,,,,,,,,,,,,,,
2335,9.729167,,,,,,,,,,,,,,,
2336,9.733333,,,,,,,,,,,,,,,
2337,9.737500,,,,,,,,,,,,,,,
2338,9.741667,,,,,,,,,,,,,,,
2339,9.745833,,,,,,,,,,,,,,,
2340,9.750000,,,,,,,,,,,,,,,
2341,9.754167,,,,,,,,,,,,,,,
2342,9.758333,,,,,,,,,,,,,,,
2343,9.762500,,,,,,,,,,,,,,,
2344,9.766667,,,,,,,,,,,,,,,
2345,9.770833,,,,,,,,,,,,,,,
2346,9.775000,,,,,,,,,,,,,,,
2347,9.779167,,,,,,,,,,,,,,,
2348,9.783333,,,,,,,,,,,,,,,
2349,9.787500,,,,,,,,,,,,,,,
2350,9.791667,,,,,,,,,,,,,,,
2351,9.795833,,,,,,,,,,,,,,,
2352,9.800000,,,,,,,,,,,,,,,
2353,9.804167,,,,,,,,,,,,,,,
2354,9.808333,,,,,,,,,,,,,,,
2355,9.812500,,,,,,,,,,,,,,,
2356,9.816667,,,,,,,,,,,,,,,
2357,9.820833,,,,,,,,,,,,,,,
2358,9.825000,,,,,,,,,,,,,,,
2359,9.829167,,,,,,,,,,,,,,,
2360,9.833333,,,,,,,,,,,,,,,
2361,9.837500,,,,,,,,,,,,,,,
2362,9.841667,,,,,,,,,,,,,,,
2363,9.845833,,,,,,,,,,,,,,,
2364,9.850000,,,,,,,,,,,,,,,
2365,9.854167,,,,,,,,,,,,,,,
2366,9.858333,,,,,,,,,,,,,,,
2367,9.862500,,,,,,,,,,,,,,,
2368,9.866667,,,,,,,,,,,,,,,
2369,9.870833,,,,,,,,,,,,,,,
2370,9.875000,,,,,,,,,,,,,,,
2371,9.879167,,,,,,,,,,,,,,,
2372,9.883333,,,,,,,,,,,,,,,
2373,9.887500,,,,,,,,,,,,,,,
2374,9.891667,,,,,,,,,,,,,,,
2375,9.895833,,,,,,,,,,,,,,,
2376,9.900000,,,,,,,,,,,,,,,
2377,9.904167,,,,,,,,,,,,,,,
2378,9.908333,,,,,,,,,,,,,,,
2379,9.912500,,,,,,,,,,,,,,,
2380,9.916667,,,,,,,,,,,,,,,
2381,9.920833,,,,,,,,,,,,,,,
2382,9.925000,,,,,,,,,,,,,,,
2383,9.929167,,,,,,,,,,,,,,,
2384,9.933333,,,,,,,,,,,,,,,
2385,9.937500,,,,,,,,,,,,,,,
2386,9.941667,,,,,,,,,,,,,,,
2387,9.945833,,,,,,,,,,,,,,,
2388,9.950000,,,,,,,,,,,,,,,
2389,9.954167,,,,,,,,,,,,,,,
2390,9.958333,,,,,,,,,,,,,,,
2391,9.962500,,,,,,,,,,,,,,,
2392,9.966667,,,,,,,,,,,,,,,
2393,9.970833,,,,,,,,,,,,,,,
2394,9.975000,,,,,,,,,,,,,,,
2395,9.979167,,,,,,,,,,,,,,,
2396,9.983333,,,,,,,,,,,,,,,
2397,9.987500,,,,,,,,,,,,,,,
2398,9.991667,,,,,,,,,,,,,,,
2399,9.995833,,,,,,,,,,,,,,,
2400,10.000000,,,,,,,,,,,,,,,
2401,10.004167,,,,,,,,,,,,,,,
2402,10.008333,,,,,,,,,,,,,,,
2403,10.012500,,,,,,,,,,,,,,,
2404,10.016667,,,,,,,,,,,,,,,
2405,10.020833,,,,,,,,,,,,,,,
2406,10.025000,,,,,,,,,,,,,,,
2407,10.029167,,,,,,,,,,,,,,,
2408,10.033333,,,,,,,,,,,,,,,
2409,10.037500,,,,,,,,,,,,,,,
2410,10.041667,,,,,,,,,,,,,,,
2411,10.045833,,,,,,,,,,,,,,,
2412,10.050000,,,,,,,,,,,,,,,
2413,10.054167,,,,,,,,,,,,,,,
2414,10.058333,,,,,,,,,,,,,,,
2415,10.062500,,,,,,,,,,,,,,,
2416,10.066667,,,,,,,,,,,,,,,
2417,10.070833,,,,,,,,,,,,,,,
2418,10.075000,,,,,,,,,,,,,,,
2419,10.079167,,,,,,,,,,,,,,,
2420,10.083333,,,,,,,,,,,,,,,
2421,10.087500,,,,,,,,,,,,,,,
2422,10.091667,,,,,,,,,,,,,,,
2423,10.095833,,,,,,,,,,,,,,,
2424,10.100000,,,,,,,,,,,,,,,
2425,10.104167,,,,,,,,,,,,,,,
2426,10.108333,,,,,,,,,,,,,,,
2427,10.112500,,,,,,,,,,,,,,,
2428,10.116667,,,,,,,,,,,,,,,
2429,10.120833,,,,,,,,,,,,,,,
2430,10.125000,,,,,,,,,,,,,,,
2431,10.129167,,,,,,,,,,,,,,,
2432,10.133333,,,,,,,,,,,,,,,
2433,10.137500,,,,,,,,,,,,,,,
2434,10.141667,,,,,,,,,,,,,,,
2435,10.145833,,,,,,,,,,,,,,,
2436,10.150000,,,,,,,,,,,,,,,
2437,10.154167,,,,,,,,,,,,,,,
2438,10.158333,,,,,,,,,,,,,,,
2439,10.162500,,,,,,,,,,,,,,,
2440,10.166667,,,,,,,,,,,,,,,
2441,10.170833,,,,,,,,,,,,,,,
2442,10.175000,,,,,,,,,,,,,,,
2443,10.179167,,,,,,,,,,,,,,,
2444,10.183333,,,,,,,,,,,,,,,
2445,10.187500,,,,,,,,,,,,,,,
2446,10.191667,,,,,,,,,,,,,,,
2447,10.195833,,,,,,,,,,,,,,,
2448,10.200000,,,,,,,,,,,,,,,
2449,10.204167,,,,,,,,,,,,,,,
2450,10.208333,,,,,,,,,,,,,,,
2451,10.212500,,,,,,,,,,,,,,,
2452,10.216667,,,,,,,,,,,,,,,
2453,10.220833,,,,,,,,,,,,,,,
2454,10.225000,,,,,,,,,,,,,,,
2455,10.229167,,,,,,,,,,,,,,,
2456,10.233333,,,,,,,,,,,,,,,
2457,10.237500,,,,,,,,,,,,,,,
2458,10.241667,,,,,,,,,,,,,,,
2459,10.245833,,,,,,,,,,,,,,,
2460,10.250000,,,,,,,,,,,,,,,
2461,10.254167,,,,,,,,,,,,,,,
2462,10.258333,,,,,,,,,,,,,,,
2463,10.262500,,,,,,,,,,,,,,,
2464,10.266667,,,,,,,,,,,,,,,
2465,10.270833,,,,,,,,,,,,,,,
2466,10.275000,,,,,,,,,,,,,,,
2467,10.279167,,,,,,,,,,,,,,,
2468,10.283333,,,,,,,,,,,,,,,
2469,10.287500,,,,,,,,,,,,,,,
2470,10.291667,,,,,,,,,,,,,,,
2471,10.295833,,,,,,,,,,,,,,,
2472,10.300000,,,,,,,,,,,,,,,
2473,10.304167,,,,,,,,,,,,,,,
2474,10.308333,,,,,,,,,,,,,,,
2475,10.312500,,,,,,,,,,,,,,,
2476,10.316667,,,,,,,,,,,,,,,
2477,10.320833,,,,,,,,,,,,,,,
2478,10.325000,,,,,,,,,,,,,,,
2479,10.329167,,,,,,,,,,,,,,,
2480,10.333333,,,,,,,,,,,,,,,
2481,10.337500,,,,,,,,,,,,,,,
2482,10.341667,,,,,,,,,,,,,,,
2483,10.345833,,,,,,,,,,,,,,,
2484,10.350000,,,,,,,,,,,,,,,
2485,10.354167,,,,,,,,,,,,,,,
2486,10.358333,,,,,,,,,,,,,,,
2487,10.362500,,,,,,,,,,,,,,,
2488,10.366667,,,,,,,,,,,,,,,
2489,10.370833,,,,,,,,,,,,,,,
2490,10.375000,,,,,,,,,,,,,,,
2491,10.379167,,,,,,,,,,,,,,,
2492,10.383333,,,,,,,,,,,,,,,
2493,10.387500,,,,,,,,,,,,,,,
2494,10.391667,,,,,,,,,,,,,,,
2495,10.395833,,,,,,,,,,,,,,,
2496,10.400000,,,,,,,,,,,,,,,
2497,10.404167,,,,,,,,,,,,,,,
2498,10.408333,,,,,,,,,,,,,,,
2499,10.412500,,,,,,,,,,,,,,,
2500,10.416667,,,,,,,,,,,,,,,
2501,10.420833,,,,,,,,,,,,,,,
2502,10.425000,,,,,,,,,,,,,,,
2503,10.429167,,,,,,,,,,,,,,,
2504,10.433333,,,,,,,,,,,,,,,
2505,10.437500,,,,,,,,,,,,,,,
2506,10.441667,,,,,,,,,,,,,,,
2507,10.445833,,,,,,,,,,,,,,,
2508,10.450000,,,,,,,,,,,,,,,
2509,10.454167,,,,,,,,,,,,,,,
2510,10.458333,,,,,,,,,,,,,,,
2511,10.462500,,,,,,,,,,,,,,,
2512,10.466667,,,,,,,,,,,,,,,
2513,10.470833,,,,,,,,,,,,,,,
2514,10.475000,,,,,,,,,,,,,,,
2515,10.479167,,,,,,,,,,,,,,,
2516,10.483333,,,,,,,,,,,,,,,
2517,10.487500,,,,,,,,,,,,,,,
2518,10.491667,,,,,,,,,,,,,,,
2519,10.495833,,,,,,,,,,,,,,,
2520,10.500000,,,,,,,,,,,,,,,
2521,10.504167,,,,,,,,,,,,,,,
2522,10.508333,,,,,,,,,,,,,,,
2523,10.512500,,,,,,,,,,,,,,,
2524,10.516667,,,,,,,,,,,,,,,
2525,10.520833,,,,,,,,,,,,,,,
2526,10.525000,,,,,,,,,,,,,,,
2527,10.529167,,,,,,,,,,,,,,,
2528,10.533333,,,,,,,,,,,,,,,
2529,10.537500,,,,,,,,,,,,,,,
2530,10.541667,,,,,,,,,,,,,,,
2531,10.545833,,,,,,,,,,,,,,,
2532,10.550000,,,,,,,,,,,,,,,
2533,10.554167,,,,,,,,,,,,,,,
2534,10.558333,,,,,,,,,,,,,,,
2535,10.562500,,,,,,,,,,,,,,,
2536,10.566667,,,,,,,,,,,,,,,
2537,10.570833,,,,,,,,,,,,,,,
2538,10.575000,,,,,,,,,,,,,,,
2539,10.579167,,,,,,,,,,,,,,,
2540,10.583333,,,,,,,,,,,,,,,
2541,10.587500,,,,,,,,,,,,,,,
2542,10.591667,,,,,,,,,,,,,,,
2543,10.595833,,,,,,,,,,,,,,,
2544,10.600000,,,,,,,,,,,,,,,
2545,10.604167,,,,,,,,,,,,,,,
2546,10.608333,,,,,,,,,,,,,,,
2547,10.612500,,,,,,,,,,,,,,,
2548,10.616667,,,,,,,,,,,,,,,
2549,10.620833,,,,,,,,,,,,,,,
2550,10.625000,,,,,,,,,,,,,,,
2551,10.629167,,,,,,,,,,,,,,,
2552,10.633333,,,,,,,,,,,,,,,
2553,10.637500,,,,,,,,,,,,,,,
2554,10.641667,,,,,,,,,,,,,,,
2555,10.645833,,,,,,,,,,,,,,,
2556,10.650000,,,,,,,,,,,,,,,
2557,10.654167,,,,,,,,,,,,,,,
2558,10.658333,,,,,,,,,,,,,,,
2559,10.662500,,,,,,,,,,,,,,,
2560,10.666667,,,,,,,,,,,,,,,
2561,10.670833,,,,,,,,,,,,,,,
2562,10.675000,,,,,,,,,,,,,,,
2563,10.679167,,,,,,,,,,,,,,,
2564,10.683333,,,,,,,,,,,,,,,
2565,10.687500,,,,,,,,,,,,,,,
2566,10.691667,,,,,,,,,,,,,,,
2567,10.695833,,,,,,,,,,,,,,,
2568,10.700000,,,,,,,,,,,,,,,
2569,10.704167,,,,,,,,,,,,,,,
2570,10.708333,,,,,,,,,,,,,,,
2571,10.712500,,,,,,,,,,,,,,,
2572,10.716667,,,,,,,,,,,,,,,
2573,10.720833,,,,,,,,,,,,,,,
2574,10.725000,,,,,,,,,,,,,,,
2575,10.729167,,,,,,,,,,,,,,,
2576,10.733333,,,,,,,,,,,,,,,
2577,10.737500,,,,,,,,,,,,,,,
2578,10.741667,,,,,,,,,,,,,,,
2579,10.745833,,,,,,,,,,,,,,,
2580,10.750000,,,,,,,,,,,,,,,
2581,10.754167,,,,,,,,,,,,,,,
2582,10.758333,,,,,,,,,,,,,,,
2583,10.762500,,,,,,,,,,,,,,,
2584,10.766667,,,,,,,,,,,,,,,
2585,10.770833,,,,,,,,,,,,,,,
2586,10.775000,,,,,,,,,,,,,,,
2587,10.779167,,,,,,,,,,,,,,,
2588,10.783333,,,,,,,,,,,,,,,
2589,10.787500,,,,,,,,,,,,,,,
2590,10.791667,,,,,,,,,,,,,,,
2591,10.795833,,,,,,,,,,,,,,,
2592,10.800000,,,,,,,,,,,,,,,
2593,10.804167,,,,,,,,,,,,,,,
2594,10.808333,,,,,,,,,,,,,,,
2595,10.812500,,,,,,,,,,,,,,,
2596,10.816667,,,,,,,,,,,,,,,
2597,10.820833,,,,,,,,,,,,,,,
2598,10.825000,,,,,,,,,,,,,,,
2599,10.829167,,,,,,,,,,,,,,,
2600,10.833333,,,,,,,,,,,,,,,
2601,10.837500,,,,,,,,,,,,,,,
2602,10.841667,,,,,,,,,,,,,,,
2603,10.845833,,,,,,,,,,,,,,,
2604,10.850000,,,,,,,,,,,,,,,
2605,10.854167,,,,,,,,,,,,,,,
2606,10.858333,,,,,,,,,,,,,,,
2607,10.862500,,,,,,,,,,,,,,,
2608,10.866667,,,,,,,,,,,,,,,
2609,10.870833,,,,,,,,,,,,,,,
2610,10.875000,,,,,,,,,,,,,,,
2611,10.879167,,,,,,,,,,,,,,,
2612,10.883333,,,,,,,,,,,,,,,
2613,10.887500,,,,,,,,,,,,,,,
2614,10.891667,,,,,,,,,,,,,,,
2615,10.895833,,,,,,,,,,,,,,,
2616,10.900000,,,,,,,,,,,,,,,
2617,10.904167,,,,,,,,,,,,,,,
2618,10.908333,,,,,,,,,,,,,,,
2619,10.912500,,,,,,,,,,,,,,,
2620,10.916667,,,,,,,,,,,,,,,
2621,10.920833,,,,,,,,,,,,,,,
2622,10.925000,,,,,,,,,,,,,,,
2623,10.929167,,,,,,,,,,,,,,,
2624,10.933333,,,,,,,,,,,,,,,
2625,10.937500,,,,,,,,,,,,,,,
2626,10.941667,,,,,,,,,,,,,,,
2627,10.945833,,,,,,,,,,,,,,,
2628,10.950000,,,,,,,,,,,,,,,
2629,10.954167,,,,,,,,,,,,,,,
2630,10.958333,,,,,,,,,,,,,,,
2631,10.962500,,,,,,,,,,,,,,,
2632,10.966667,,,,,,,,,,,,,,,
2633,10.970833,,,,,,,,,,,,,,,
2634,10.975000,,,,,,,,,,,,,,,
2635,10.979167,,,,,,,,,,,,,,,
2636,10.983333,,,,,,,,,,,,,,,
2637,10.987500,,,,,,,,,,,,,,,
2638,10.991667,,,,,,,,,,,,,,,
2639,10.995833,,,,,,,,,,,,,,,
2640,11.000000,,,,,,,,,,,,,,,
2641,11.004167,,,,,,,,,,,,,,,
2642,11.008333,,,,,,,,,,,,,,,
2643,11.012500,,,,,,,,,,,,,,,
2644,11.016667,,,,,,,,,,,,,,,
2645,11.020833,,,,,,,,,,,,,,,
2646,11.025000,,,,,,,,,,,,,,,
2647,11.029167,,,,,,,,,,,,,,,
2648,11.033333,,,,,,,,,,,,,,,
2649,11.037500,,,,,,,,,,,,,,,
2650,11.041667,,,,,,,,,,,,,,,
2651,11.045833,,,,,,,,,,,,,,,
2652,11.050000,,,,,,,,,,,,,,,
2653,11.054167,,,,,,,,,,,,,,,
2654,11.058333,,,,,,,,,,,,,,,
2655,11.062500,,,,,,,,,,,,,,,
2656,11.066667,,,,,,,,,,,,,,,
2657,11.070833,,,,,,,,,,,,,,,
2658,11.075000,,,,,,,,,,,,,,,
2659,11.079167,,,,,,,,,,,,,,,
2660,11.083333,,,,,,,,,,,,,,,
2661,11.087500,,,,,,,,,,,,,,,
2662,11.091667,,,,,,,,,,,,,,,
2663,11.095833,,,,,,,,,,,,,,,
2664,11.100000,,,,,,,,,,,,,,,
2665,11.104167,,,,,,,,,,,,,,,
2666,11.108333,,,,,,,,,,,,,,,
2667,11.112500,,,,,,,,,,,,,,,
2668,11.116667,,,,,,,,,,,,,,,
2669,11.120833,,,,,,,,,,,,,,,
2670,11.125000,,,,,,,,,,,,,,,
2671,11.129167,,,,,,,,,,,,,,,
2672,11.133333,,,,,,,,,,,,,,,
2673,11.137500,,,,,,,,,,,,,,,
2674,11.141667,,,,,,,,,,,,,,,
2675,11.145833,,,,,,,,,,,,,,,
2676,11.150000,,,,,,,,,,,,,,,
2677,11.154167,,,,,,,,,,,,,,,
2678,11.158333,,,,,,,,,,,,,,,
2679,11.162500,,,,,,,,,,,,,,,
2680,11.166667,,,,,,,,,,,,,,,
2681,11.170833,,,,,,,,,,,,,,,
2682,11.175000,,,,,,,,,,,,,,,
2683,11.179167,,,,,,,,,,,,,,,
2684,11.183333,,,,,,,,,,,,,,,
2685,11.187500,,,,,,,,,,,,,,,
2686,11.191667,,,,,,,,,,,,,,,
2687,11.195833,,,,,,,,,,,,,,,
2688,11.200000,,,,,,,,,,,,,,,
2689,11.204167,,,,,,,,,,,,,,,
2690,11.208333,,,,,,,,,,,,,,,
2691,11.212500,,,,,,,,,,,,,,,
2692,11.216667,,,,,,,,,,,,,,,
2693,11.220833,,,,,,,,,,,,,,,
2694,11.225000,,,,,,,,,,,,,,,
2695,11.229167,,,,,,,,,,,,,,,
2696,11.233333,,,,,,,,,,,,,,,
2697,11.237500,,,,,,,,,,,,,,,
2698,11.241667,,,,,,,,,,,,,,,
2699,11.245833,,,,,,,,,,,,,,,
2700,11.250000,,,,,,,,,,,,,,,
2701,11.254167,,,,,,,,,,,,,,,
2702,11.258333,,,,,,,,,,,,,,,
2703,11.262500,,,,,,,,,,,,,,,
2704,11.266667,,,,,,,,,,,,,,,
2705,11.270833,,,,,,,,,,,,,,,
2706,11.275000,,,,,,,,,,,,,,,
2707,11.279167,,,,,,,,,,,,,,,
2708,11.283333,,,,,,,,,,,,,,,
2709,11.287500,,,,,,,,,,,,,,,
2710,11.291667,,,,,,,,,,,,,,,
2711,11.295833,,,,,,,,,,,,,,,
2712,11.300000,,,,,,,,,,,,,,,
2713,11.304167,,,,,,,,,,,,,,,
2714,11.308333,,,,,,,,,,,,,,,
2715,11.312500,,,,,,,,,,,,,,,
2716,11.316667,,,,,,,,,,,,,,,
2717,11.320833,,,,,,,,,,,,,,,
2718,11.325000,,,,,,,,,,,,,,,
2719,11.329167,,,,,,,,,,,,,,,
2720,11.333333,,,,,,,,,,,,,,,
2721,11.337500,,,,,,,,,,,,,,,
2722,11.341667,,,,,,,,,,,,,,,
2723,11.345833,,,,,,,,,,,,,,,
2724,11.350000,,,,,,,,,,,,,,,
2725,11.354167,,,,,,,,,,,,,,,
2726,11.358333,,,,,,,,,,,,,,,
2727,11.362500,,,,,,,,,,,,,,,
2728,11.366667,,,,,,,,,,,,,,,
2729,11.370833,,,,,,,,,,,,,,,
2730,11.375000,,,,,,,,,,,,,,,
2731,11.379167,,,,,,,,,,,,,,,
2732,11.383333,,,,,,,,,,,,,,,
2733,11.387500,,,,,,,,,,,,,,,
2734,11.391667,,,,,,,,,,,,,,,
2735,11.395833,,,,,,,,,,,,,,,
2736,11.400000,,,,,,,,,,,,,,,
2737,11.404167,,,,,,,,,,,,,,,
2738,11.408333,,,,,,,,,,,,,,,
2739,11.412500,,,,,,,,,,,,,,,
2740,11.416667,,,,,,,,,,,,,,,
2741,11.420833,,,,,,,,,,,,,,,
2742,11.425000,,,,,,,,,,,,,,,
2743,11.429167,,,,,,,,,,,,,,,
2744,11.433333,,,,,,,,,,,,,,,
2745,11.437500,,,,,,,,,,,,,,,
2746,11.441667,,,,,,,,,,,,,,,
2747,11.445833,,,,,,,,,,,,,,,
2748,11.450000,,,,,,,,,,,,,,,
2749,11.454167,,,,,,,,,,,,,,,
2750,11.458333,,,,,,,,,,,,,,,
2751,11.462500,,,,,,,,,,,,,,,
2752,11.466667,,,,,,,,,,,,,,,
2753,11.470833,,,,,,,,,,,,,,,
2754,11.475000,,,,,,,,,,,,,,,
2755,11.479167,,,,,,,,,,,,,,,
2756,11.483333,,,,,,,,,,,,,,,
2757,11.487500,,,,,,,,,,,,,,,
2758,11.491667,,,,,,,,,,,,,,,
2759,11.495833,,,,,,,,,,,,,,,
2760,11.500000,,,,,,,,,,,,,,,
2761,11.504167,,,,,,,,,,,,,,,
2762,11.508333,,,,,,,,,,,,,,,
2763,11.512500,,,,,,,,,,,,,,,
2764,11.516667,,,,,,,,,,,,,,,
2765,11.520833,,,,,,,,,,,,,,,
2766,11.525000,,,,,,,,,,,,,,,
2767,11.529167,,,,,,,,,,,,,,,
2768,11.533333,,,,,,,,,,,,,,,
2769,11.537500,,,,,,,,,,,,,,,
2770,11.541667,,,,,,,,,,,,,,,
2771,11.545833,,,,,,,,,,,,,,,
2772,11.550000,,,,,,,,,,,,,,,
2773,11.554167,,,,,,,,,,,,,,,
2774,11.558333,,,,,,,,,,,,,,,
2775,11.562500,,,,,,,,,,,,,,,
2776,11.566667,,,,,,,,,,,,,,,
2777,11.570833,,,,,,,,,,,,,,,
2778,11.575000,,,,,,,,,,,,,,,
2779,11.579167,,,,,,,,,,,,,,,
2780,11.583333,,,,,,,,,,,,,,,
2781,11.587500,,,,,,,,,,,,,,,
2782,11.591667,,,,,,,,,,,,,,,
2783,11.595833,,,,,,,,,,,,,,,
2784,11.600000,,,,,,,,,,,,,,,
2785,11.604167,,,,,,,,,,,,,,,
2786,11.608333,,,,,,,,,,,,,,,
2787,11.612500,,,,,,,,,,,,,,,
2788,11.616667,,,,,,,,,,,,,,,
2789,11.620833,,,,,,,,,,,,,,,
2790,11.625000,,,,,,,,,,,,,,,
2791,11.629167,,,,,,,,,,,,,,,
2792,11.633333,,,,,,,,,,,,,,,
2793,11.637500,,,,,,,,,,,,,,,
2794,11.641667,,,,,,,,,,,,,,,
2795,11.645833,,,,,,,,,,,,,,,
2796,11.650000,,,,,,,,,,,,,,,
2797,11.654167,,,,,,,,,,,,,,,
2798,11.658333,,,,,,,,,,,,,,,
2799,11.662500,,,,,,,,,,,,,,,
2800,11.666667,,,,,,,,,,,,,,,
2801,11.670833,,,,,,,,,,,,,,,
2802,11.675000,,,,,,,,,,,,,,,
2803,11.679167,,,,,,,,,,,,,,,
2804,11.683333,,,,,,,,,,,,,,,
2805,11.687500,,,,,,,,,,,,,,,
2806,11.691667,,,,,,,,,,,,,,,
2807,11.695833,,,,,,,,,,,,,,,
2808,11.700000,,,,,,,,,,,,,,,
2809,11.704167,,,,,,,,,,,,,,,
2810,11.708333,,,,,,,,,,,,,,,
2811,11.712500,,,,,,,,,,,,,,,
2812,11.716667,,,,,,,,,,,,,,,
2813,11.720833,,,,,,,,,,,,,,,
2814,11.725000,,,,,,,,,,,,,,,
2815,11.729167,,,,,,,,,,,,,,,
2816,11.733333,,,,,,,,,,,,,,,
2817,11.737500,,,,,,,,,,,,,,,
2818,11.741667,,,,,,,,,,,,,,,
2819,11.745833,,,,,,,,,,,,,,,
2820,11.750000,,,,,,,,,,,,,,,
2821,11.754167,,,,,,,,,,,,,,,
2822,11.758333,,,,,,,,,,,,,,,
2823,11.762500,,,,,,,,,,,,,,,
2824,11.766667,,,,,,,,,,,,,,,
2825,11.770833,,,,,,,,,,,,,,,
2826,11.775000,,,,,,,,,,,,,,,
2827,11.779167,,,,,,,,,,,,,,,
2828,11.783333,,,,,,,,,,,,,,,
2829,11.787500,,,,,,,,,,,,,,,
2830,11.791667,,,,,,,,,,,,,,,
2831,11.795833,,,,,,,,,,,,,,,
2832,11.800000,,,,,,,,,,,,,,,
2833,11.804167,,,,,,,,,,,,,,,
2834,11.808333,,,,,,,,,,,,,,,
2835,11.812500,,,,,,,,,,,,,,,
2836,11.816667,,,,,,,,,,,,,,,
2837,11.820833,,,,,,,,,,,,,,,
2838,11.825000,,,,,,,,,,,,,,,
2839,11.829167,,,,,,,,,,,,,,,
2840,11.833333,,,,,,,,,,,,,,,
2841,11.837500,,,,,,,,,,,,,,,
2842,11.841667,,,,,,,,,,,,,,,
2843,11.845833,,,,,,,,,,,,,,,
2844,11.850000,,,,,,,,,,,,,,,
2845,11.854167,,,,,,,,,,,,,,,
2846,11.858333,,,,,,,,,,,,,,,
2847,11.862500,,,,,,,,,,,,,,,
2848,11.866667,,,,,,,,,,,,,,,
2849,11.870833,,,,,,,,,,,,,,,
2850,11.875000,,,,,,,,,,,,,,,
2851,11.879167,,,,,,,,,,,,,,,
2852,11.883333,,,,,,,,,,,,,,,
2853,11.887500,,,,,,,,,,,,,,,
2854,11.891667,,,,,,,,,,,,,,,
2855,11.895833,,,,,,,,,,,,,,,
2856,11.900000,,,,,,,,,,,,,,,
2857,11.904167,,,,,,,,,,,,,,,
2858,11.908333,,,,,,,,,,,,,,,
2859,11.912500,,,,,,,,,,,,,,,
2860,11.916667,,,,,,,,,,,,,,,
2861,11.920833,,,,,,,,,,,,,,,
2862,11.925000,,,,,,,,,,,,,,,
2863,11.929167,,,,,,,,,,,,,,,
2864,11.933333,,,,,,,,,,,,,,,
2865,11.937500,,,,,,,,,,,,,,,
2866,11.941667,,,,,,,,,,,,,,,
2867,11.945833,,,,,,,,,,,,,,,
2868,11.950000,,,,,,,,,,,,,,,
2869,11.954167,,,,,,,,,,,,,,,
2870,11.958333,,,,,,,,,,,,,,,
2871,11.962500,,,,,,,,,,,,,,,
2872,11.966667,,,,,,,,,,,,,,,
2873,11.970833,,,,,,,,,,,,,,,
2874,11.975000,,,,,,,,,,,,,,,
2875,11.979167,,,,,,,,,,,,,,,
2876,11.983333,,,,,,,,,,,,,,,
2877,11.987500,,,,,,,,,,,,,,,
2878,11.991667,,,,,,,,,,,,,,,
2879,11.995833,,,,,,,,,,,,,,,
2880,12.000000,,,,,,,,,,,,,,,
2881,12.004167,,,,,,,,,,,,,,,
2882,12.008333,,,,,,,,,,,,,,,
2883,12.012500,,,,,,,,,,,,,,,
2884,12.016667,,,,,,,,,,,,,,,
2885,12.020833,,,,,,,,,,,,,,,
2886,12.025000,,,,,,,,,,,,,,,
2887,12.029167,,,,,,,,,,,,,,,
2888,12.033333,,,,,,,,,,,,,,,
2889,12.037500,,,,,,,,,,,,,,,
2890,12.041667,,,,,,,,,,,,,,,
2891,12.045833,,,,,,,,,,,,,,,
2892,12.050000,,,,,,,,,,,,,,,
2893,12.054167,,,,,,,,,,,,,,,
2894,12.058333,,,,,,,,,,,,,,,
2895,12.062500,,,,,,,,,,,,,,,
2896,12.066667,,,,,,,,,,,,,,,
2897,12.070833,,,,,,,,,,,,,,,
2898,12.075000,,,,,,,,,,,,,,,
2899,12.079167,,,,,,,,,,,,,,,
2900,12.083333,,,,,,,,,,,,,,,
2901,12.087500,,,,,,,,,,,,,,,
2902,12.091667,,,,,,,,,,,,,,,
2903,12.095833,,,,,,,,,,,,,,,
2904,12.100000,,,,,,,,,,,,,,,
2905,12.104167,,,,,,,,,,,,,,,
2906,12.108333,,,,,,,,,,,,,,,
2907,12.112500,,,,,,,,,,,,,,,
2908,12.116667,,,,,,,,,,,,,,,
2909,12.120833,,,,,,,,,,,,,,,
2910,12.125000,,,,,,,,,,,,,,,
2911,12.129167,,,,,,,,,,,,,,,
2912,12.133333,,,,,,,,,,,,,,,
2913,12.137500,,,,,,,,,,,,,,,
2914,12.141667,,,,,,,,,,,,,,,
2915,12.145833,,,,,,,,,,,,,,,
2916,12.150000,,,,,,,,,,,,,,,
2917,12.154167,,,,,,,,,,,,,,,
2918,12.158333,,,,,,,,,,,,,,,
2919,12.162500,,,,,,,,,,,,,,,
2920,12.166667,,,,,,,,,,,,,,,
2921,12.170833,,,,,,,,,,,,,,,
2922,12.175000,,,,,,,,,,,,,,,
2923,12.179167,,,,,,,,,,,,,,,
2924,12.183333,,,,,,,,,,,,,,,
2925,12.187500,,,,,,,,,,,,,,,
2926,12.191667,,,,,,,,,,,,,,,
2927,12.195833,,,,,,,,,,,,,,,
2928,12.200000,,,,,,,,,,,,,,,
2929,12.204167,,,,,,,,,,,,,,,
2930,12.208333,,,,,,,,,,,,,,,
2931,12.212500,,,,,,,,,,,,,,,
2932,12.216667,,,,,,,,,,,,,,,
2933,12.220833,,,,,,,,,,,,,,,
2934,12.225000,,,,,,,,,,,,,,,
2935,12.229167,,,,,,,,,,,,,,,
2936,12.233333,,,,,,,,,,,,,,,
2937,12.237500,,,,,,,,,,,,,,,
2938,12.241667,,,,,,,,,,,,,,,
2939,12.245833,,,,,,,,,,,,,,,
2940,12.250000,,,,,,,,,,,,,,,
2941,12.254167,,,,,,,,,,,,,,,
2942,12.258333,,,,,,,,,,,,,,,
2943,12.262500,,,,,,,,,,,,,,,
2944,12.266667,,,,,,,,,,,,,,,
2945,12.270833,,,,,,,,,,,,,,,
2946,12.275000,,,,,,,,,,,,,,,
2947,12.279167,,,,,,,,,,,,,,,
2948,12.283333,,,,,,,,,,,,,,,
2949,12.287500,,,,,,,,,,,,,,,
2950,12.291667,,,,,,,,,,,,,,,
2951,12.295833,,,,,,,,,,,,,,,
2952,12.300000,,,,,,,,,,,,,,,
2953,12.304167,,,,,,,,,,,,,,,
2954,12.308333,,,,,,,,,,,,,,,
2955,12.312500,,,,,,,,,,,,,,,
2956,12.316667,,,,,,,,,,,,,,,
2957,12.320833,,,,,,,,,,,,,,,
2958,12.325000,,,,,,,,,,,,,,,
2959,12.329167,,,,,,,,,,,,,,,
2960,12.333333,,,,,,,,,,,,,,,
2961,12.337500,,,,,,,,,,,,,,,
2962,12.341667,,,,,,,,,,,,,,,
2963,12.345833,,,,,,,,,,,,,,,
2964,12.350000,,,,,,,,,,,,,,,
2965,12.354167,,,,,,,,,,,,,,,
2966,12.358333,,,,,,,,,,,,,,,
2967,12.362500,,,,,,,,,,,,,,,
2968,12.366667,,,,,,,,,,,,,,,
2969,12.370833,,,,,,,,,,,,,,,
2970,12.375000,,,,,,,,,,,,,,,
2971,12.379167,,,,,,,,,,,,,,,
2972,12.383333,,,,,,,,,,,,,,,
2973,12.387500,,,,,,,,,,,,,,,
2974,12.391667,,,,,,,,,,,,,,,
2975,12.395833,,,,,,,,,,,,,,,
2976,12.400000,,,,,,,,,,,,,,,
2977,12.404167,,,,,,,,,,,,,,,
2978,12.408333,,,,,,,,,,,,,,,
2979,12.412500,,,,,,,,,,,,,,,
2980,12.416667,,,,,,,,,,,,,,,
2981,12.420833,,,,,,,,,,,,,,,
2982,12.425000,,,,,,,,,,,,,,,
2983,12.429167,,,,,,,,,,,,,,,
2984,12.433333,,,,,,,,,,,,,,,
2985,12.437500,,,,,,,,,,,,,,,
2986,12.441667,,,,,,,,,,,,,,,
2987,12.445833,,,,,,,,,,,,,,,
2988,12.450000,,,,,,,,,,,,,,,
2989,12.454167,,,,,,,,,,,,,,,
2990,12.458333,,,,,,,,,,,,,,,
2991,12.462500,,,,,,,,,,,,,,,
2992,12.466667,,,,,,,,,,,,,,,
2993,12.470833,,,,,,,,,,,,,,,
2994,12.475000,,,,,,,,,,,,,,,
2995,12.479167,,,,,,,,,,,,,,,
2996,12.483333,,,,,,,,,,,,,,,
2997,12.487500,,,,,,,,,,,,,,,
2998,12.491667,,,,,,,,,,,,,,,
2999,12.495833,,,,,,,,,,,,,,,
3000,12.500000,,,,,,,,,,,,,,,
3001,12.504167,,,,,,,,,,,,,,,
3002,12.508333,,,,,,,,,,,,,,,
3003,12.512500,,,,,,,,,,,,,,,
3004,12.516667,,,,,,,,,,,,,,,
3005,12.520833,,,,,,,,,,,,,,,
3006,12.525000,,,,,,,,,,,,,,,
3007,12.529167,,,,,,,,,,,,,,,
3008,12.533333,,,,,,,,,,,,,,,
3009,12.537500,,,,,,,,,,,,,,,
3010,12.541667,,,,,,,,,,,,,,,
3011,12.545833,,,,,,,,,,,,,,,
3012,12.550000,,,,,,,,,,,,,,,
3013,12.554167,,,,,,,,,,,,,,,
3014,12.558333,,,,,,,,,,,,,,,
3015,12.562500,,,,,,,,,,,,,,,
3016,12.566667,,,,,,,,,,,,,,,
3017,12.570833,,,,,,,,,,,,,,,
3018,12.575000,,,,,,,,,,,,,,,
3019,12.579167,,,,,,,,,,,,,,,
3020,12.583333,,,,,,,,,,,,,,,
3021,12.587500,,,,,,,,,,,,,,,
3022,12.591667,,,,,,,,,,,,,,,
3023,12.595833,,,,,,,,,,,,,,,
3024,12.600000,,,,,,,,,,,,,,,
3025,12.604167,,,,,,,,,,,,,,,
3026,12.608333,,,,,,,,,,,,,,,
3027,12.612500,,,,,,,,,,,,,,,
3028,12.616667,,,,,,,,,,,,,,,
3029,12.620833,,,,,,,,,,,,,,,
3030,12.625000,,,,,,,,,,,,,,,
3031,12.629167,,,,,,,,,,,,,,,
3032,12.633333,,,,,,,,,,,,,,,
3033,12.637500,,,,,,,,,,,,,,,
3034,12.641667,,,,,,,,,,,,,,,
3035,12.645833,,,,,,,,,,,,,,,
3036,12.650000,,,,,,,,,,,,,,,
3037,12.654167,,,,,,,,,,,,,,,
3038,12.658333,,,,,,,,,,,,,,,
3039,12.662500,,,,,,,,,,,,,,,
3040,12.666667,,,,,,,,,,,,,,,
3041,12.670833,,,,,,,,,,,,,,,
3042,12.675000,,,,,,,,,,,,,,,
3043,12.679167,,,,,,,,,,,,,,,
3044,12.683333,,,,,,,,,,,,,,,
3045,12.687500,,,,,,,,,,,,,,,
3046,12.691667,,,,,,,,,,,,,,,
3047,12.695833,,,,,,,,,,,,,,,
3048,12.700000,,,,,,,,,,,,,,,
3049,12.704167,,,,,,,,,,,,,,,
3050,12.708333,,,,,,,,,,,,,,,
3051,12.712500,,,,,,,,,,,,,,,
3052,12.716667,,,,,,,,,,,,,,,
3053,12.720833,,,,,,,,,,,,,,,
3054,12.725000,,,,,,,,,,,,,,,
3055,12.729167,,,,,,,,,,,,,,,
3056,12.733333,,,,,,,,,,,,,,,
3057,12.737500,,,,,,,,,,,,,,,
3058,12.741667,,,,,,,,,,,,,,,
3059,12.745833,,,,,,,,,,,,,,,
3060,12.750000,,,,,,,,,,,,,,,
3061,12.754167,,,,,,,,,,,,,,,
3062,12.758333,,,,,,,,,,,,,,,
3063,12.762500,,,,,,,,,,,,,,,
3064,12.766667,,,,,,,,,,,,,,,
3065,12.770833,,,,,,,,,,,,,,,
3066,12.775000,,,,,,,,,,,,,,,
3067,12.779167,,,,,,,,,,,,,,,
3068,12.783333,,,,,,,,,,,,,,,
3069,12.787500,,,,,,,,,,,,,,,
3070,12.791667,,,,,,,,,,,,,,,
3071,12.795833,,,,,,,,,,,,,,,
3072,12.800000,,,,,,,,,,,,,,,
3073,12.804167,,,,,,,,,,,,,,,
3074,12.808333,,,,,,,,,,,,,,,
3075,12.812500,,,,,,,,,,,,,,,
3076,12.816667,,,,,,,,,,,,,,,
3077,12.820833,,,,,,,,,,,,,,,
3078,12.825000,,,,,,,,,,,,,,,
3079,12.829167,,,,,,,,,,,,,,,
3080,12.833333,,,,,,,,,,,,,,,
3081,12.837500,,,,,,,,,,,,,,,
3082,12.841667,,,,,,,,,,,,,,,
3083,12.845833,,,,,,,,,,,,,,,
3084,12.850000,,,,,,,,,,,,,,,
3085,12.854167,,,,,,,,,,,,,,,
3086,12.858333,,,,,,,,,,,,,,,
3087,12.862500,,,,,,,,,,,,,,,
3088,12.866667,,,,,,,,,,,,,,,
3089,12.870833,,,,,,,,,,,,,,,
3090,12.875000,,,,,,,,,,,,,,,
3091,12.879167,,,,,,,,,,,,,,,
3092,12.883333,,,,,,,,,,,,,,,
3093,12.887500,,,,,,,,,,,,,,,
3094,12.891667,,,,,,,,,,,,,,,
3095,12.895833,,,,,,,,,,,,,,,
3096,12.900000,,,,,,,,,,,,,,,
3097,12.904167,,,,,,,,,,,,,,,
3098,12.908333,,,,,,,,,,,,,,,
3099,12.912500,,,,,,,,,,,,,,,
3100,12.916667,,,,,,,,,,,,,,,
3101,12.920833,,,,,,,,,,,,,,,
3102,12.925000,,,,,,,,,,,,,,,
3103,12.929167,,,,,,,,,,,,,,,
3104,12.933333,,,,,,,,,,,,,,,
3105,12.937500,,,,,,,,,,,,,,,
3106,12.941667,,,,,,,,,,,,,,,
3107,12.945833,,,,,,,,,,,,,,,
3108,12.950000,,,,,,,,,,,,,,,
3109,12.954167,,,,,,,,,,,,,,,
3110,12.958333,,,,,,,,,,,,,,,
3111,12.962500,,,,,,,,,,,,,,,
3112,12.966667,,,,,,,,,,,,,,,
3113,12.970833,,,,,,,,,,,,,,,
3114,12.975000,,,,,,,,,,,,,,,
3115,12.979167,,,,,,,,,,,,,,,
3116,12.983333,,,,,,,,,,,,,,,
3117,12.987500,,,,,,,,,,,,,,,
3118,12.991667,,,,,,,,,,,,,,,
3119,12.995833,,,,,,,,,,,,,,,
3120,13.000000,,,,,,,,,,,,,,,
3121,13.004167,,,,,,,,,,,,,,,
3122,13.008333,,,,,,,,,,,,,,,
3123,13.012500,,,,,,,,,,,,,,,
3124,13.016667,,,,,,,,,,,,,,,
3125,13.020833,,,,,,,,,,,,,,,
3126,13.025000,,,,,,,,,,,,,,,
3127,13.029167,,,,,,,,,,,,,,,
3128,13.033333,,,,,,,,,,,,,,,
3129,13.037500,,,,,,,,,,,,,,,
3130,13.041667,,,,,,,,,,,,,,,
3131,13.045833,,,,,,,,,,,,,,,
3132,13.050000,,,,,,,,,,,,,,,
3133,13.054167,,,,,,,,,,,,,,,
3134,13.058333,,,,,,,,,,,,,,,
3135,13.062500,,,,,,,,,,,,,,,
3136,13.066667,,,,,,,,,,,,,,,
3137,13.070833,,,,,,,,,,,,,,,
3138,13.075000,,,,,,,,,,,,,,,
3139,13.079167,,,,,,,,,,,,,,,
3140,13.083333,,,,,,,,,,,,,,,
3141,13.087500,,,,,,,,,,,,,,,
3142,13.091667,,,,,,,,,,,,,,,
3143,13.095833,,,,,,,,,,,,,,,
3144,13.100000,,,,,,,,,,,,,,,
3145,13.104167,,,,,,,,,,,,,,,
3146,13.108333,,,,,,,,,,,,,,,
3147,13.112500,,,,,,,,,,,,,,,
3148,13.116667,,,,,,,,,,,,,,,
3149,13.120833,,,,,,,,,,,,,,,
3150,13.125000,,,,,,,,,,,,,,,
3151,13.129167,,,,,,,,,,,,,,,
3152,13.133333,,,,,,,,,,,,,,,
3153,13.137500,,,,,,,,,,,,,,,
3154,13.141667,,,,,,,,,,,,,,,
3155,13.145833,,,,,,,,,,,,,,,
3156,13.150000,,,,,,,,,,,,,,,
3157,13.154167,,,,,,,,,,,,,,,
3158,13.158333,,,,,,,,,,,,,,,
3159,13.162500,,,,,,,,,,,,,,,
3160,13.166667,,,,,,,,,,,,,,,
3161,13.170833,,,,,,,,,,,,,,,
3162,13.175000,,,,,,,,,,,,,,,
3163,13.179167,,,,,,,,,,,,,,,
3164,13.183333,,,,,,,,,,,,,,,
3165,13.187500,,,,,,,,,,,,,,,
3166,13.191667,,,,,,,,,,,,,,,
3167,13.195833,,,,,,,,,,,,,,,
3168,13.200000,,,,,,,,,,,,,,,
3169,13.204167,,,,,,,,,,,,,,,
3170,13.208333,,,,,,,,,,,,,,,
3171,13.212500,,,,,,,,,,,,,,,
3172,13.216667,,,,,,,,,,,,,,,
3173,13.220833,,,,,,,,,,,,,,,
3174,13.225000,,,,,,,,,,,,,,,
3175,13.229167,,,,,,,,,,,,,,,
3176,13.233333,,,,,,,,,,,,,,,
3177,13.237500,,,,,,,,,,,,,,,
3178,13.241667,,,,,,,,,,,,,,,
3179,13.245833,,,,,,,,,,,,,,,
3180,13.250000,,,,,,,,,,,,,,,
3181,13.254167,,,,,,,,,,,,,,,
3182,13.258333,,,,,,,,,,,,,,,
3183,13.262500,,,,,,,,,,,,,,,
3184,13.266667,,,,,,,,,,,,,,,
3185,13.270833,,,,,,,,,,,,,,,
3186,13.275000,,,,,,,,,,,,,,,
3187,13.279167,,,,,,,,,,,,,,,
3188,13.283333,,,,,,,,,,,,,,,
3189,13.287500,,,,,,,,,,,,,,,
3190,13.291667,,,,,,,,,,,,,,,
3191,13.295833,,,,,,,,,,,,,,,
3192,13.300000,,,,,,,,,,,,,,,
3193,13.304167,,,,,,,,,,,,,,,
3194,13.308333,,,,,,,,,,,,,,,
3195,13.312500,,,,,,,,,,,,,,,
3196,13.316667,,,,,,,,,,,,,,,
3197,13.320833,,,,,,,,,,,,,,,
3198,13.325000,,,,,,,,,,,,,,,
3199,13.329167,,,,,,,,,,,,,,,
3200,13.333333,,,,,,,,,,,,,,,
3201,13.337500,,,,,,,,,,,,,,,
3202,13.341667,,,,,,,,,,,,,,,
3203,13.345833,,,,,,,,,,,,,,,
3204,13.350000,,,,,,,,,,,,,,,
3205,13.354167,,,,,,,,,,,,,,,
3206,13.358333,,,,,,,,,,,,,,,
3207,13.362500,,,,,,,,,,,,,,,
3208,13.366667,,,,,,,,,,,,,,,
3209,13.370833,,,,,,,,,,,,,,,
3210,13.375000,,,,,,,,,,,,,,,
3211,13.379167,,,,,,,,,,,,,,,
3212,13.383333,,,,,,,,,,,,,,,
3213,13.387500,,,,,,,,,,,,,,,
3214,13.391667,,,,,,,,,,,,,,,
3215,13.395833,,,,,,,,,,,,,,,
3216,13.400000,,,,,,,,,,,,,,,
3217,13.404167,,,,,,,,,,,,,,,
3218,13.408333,,,,,,,,,,,,,,,
3219,13.412500,,,,,,,,,,,,,,,
3220,13.416667,,,,,,,,,,,,,,,
3221,13.420833,,,,,,,,,,,,,,,
3222,13.425000,,,,,,,,,,,,,,,
3223,13.429167,,,,,,,,,,,,,,,
3224,13.433333,,,,,,,,,,,,,,,
3225,13.437500,,,,,,,,,,,,,,,
3226,13.441667,,,,,,,,,,,,,,,
3227,13.445833,,,,,,,,,,,,,,,
3228,13.450000,,,,,,,,,,,,,,,
3229,13.454167,,,,,,,,,,,,,,,
3230,13.458333,,,,,,,,,,,,,,,
3231,13.462500,,,,,,,,,,,,,,,
3232,13.466667,,,,,,,,,,,,,,,
3233,13.470833,,,,,,,,,,,,,,,
3234,13.475000,,,,,,,,,,,,,,,
3235,13.479167,,,,,,,,,,,,,,,
3236,13.483333,,,,,,,,,,,,,,,
3237,13.487500,,,,,,,,,,,,,,,
3238,13.491667,,,,,,,,,,,,,,,
3239,13.495833,,,,,,,,,,,,,,,
3240,13.500000,,,,,,,,,,,,,,,
3241,13.504167,,,,,,,,,,,,,,,
3242,13.508333,,,,,,,,,,,,,,,
3243,13.512500,,,,,,,,,,,,,,,
3244,13.516667,,,,,,,,,,,,,,,
3245,13.520833,,,,,,,,,,,,,,,
3246,13.525000,,,,,,,,,,,,,,,
3247,13.529167,,,,,,,,,,,,,,,
3248,13.533333,,,,,,,,,,,,,,,
3249,13.537500,,,,,,,,,,,,,,,
3250,13.541667,,,,,,,,,,,,,,,
3251,13.545833,,,,,,,,,,,,,,,
3252,13.550000,,,,,,,,,,,,,,,
3253,13.554167,,,,,,,,,,,,,,,
3254,13.558333,,,,,,,,,,,,,,,
3255,13.562500,,,,,,,,,,,,,,,
3256,13.566667,,,,,,,,,,,,,,,
3257,13.570833,,,,,,,,,,,,,,,
3258,13.575000,,,,,,,,,,,,,,,
3259,13.579167,,,,,,,,,,,,,,,
3260,13.583333,,,,,,,,,,,,,,,
3261,13.587500,,,,,,,,,,,,,,,
3262,13.591667,,,,,,,,,,,,,,,
3263,13.595833,,,,,,,,,,,,,,,
3264,13.600000,,,,,,,,,,,,,,,
3265,13.604167,,,,,,,,,,,,,,,
3266,13.608333,,,,,,,,,,,,,,,
3267,13.612500,,,,,,,,,,,,,,,
3268,13.616667,,,,,,,,,,,,,,,
3269,13.620833,,,,,,,,,,,,,,,
3270,13.625000,,,,,,,,,,,,,,,
3271,13.629167,,,,,,,,,,,,,,,
3272,13.633333,,,,,,,,,,,,,,,
3273,13.637500,,,,,,,,,,,,,,,
3274,13.641667,,,,,,,,,,,,,,,
3275,13.645833,,,,,,,,,,,,,,,
3276,13.650000,,,,,,,,,,,,,,,
3277,13.654167,,,,,,,,,,,,,,,
3278,13.658333,,,,,,,,,,,,,,,
3279,13.662500,,,,,,,,,,,,,,,
3280,13.666667,,,,,,,,,,,,,,,
3281,13.670833,,,,,,,,,,,,,,,
3282,13.675000,,,,,,,,,,,,,,,
3283,13.679167,,,,,,,,,,,,,,,
3284,13.683333,,,,,,,,,,,,,,,
3285,13.687500,,,,,,,,,,,,,,,
3286,13.691667,,,,,,,,,,,,,,,
3287,13.695833,,,,,,,,,,,,,,,
3288,13.700000,,,,,,,,,,,,,,,
3289,13.704167,,,,,,,,,,,,,,,
3290,13.708333,,,,,,,,,,,,,,,
3291,13.712500,,,,,,,,,,,,,,,
3292,13.716667,,,,,,,,,,,,,,,
3293,13.720833,,,,,,,,,,,,,,,
3294,13.725000,,,,,,,,,,,,,,,
3295,13.729167,,,,,,,,,,,,,,,
3296,13.733333,,,,,,,,,,,,,,,
3297,13.737500,,,,,,,,,,,,,,,
3298,13.741667,,,,,,,,,,,,,,,
3299,13.745833,,,,,,,,,,,,,,,
3300,13.750000,,,,,,,,,,,,,,,
3301,13.754167,,,,,,,,,,,,,,,
3302,13.758333,,,,,,,,,,,,,,,
3303,13.762500,,,,,,,,,,,,,,,
3304,13.766667,,,,,,,,,,,,,,,
3305,13.770833,,,,,,,,,,,,,,,
3306,13.775000,,,,,,,,,,,,,,,
3307,13.779167,,,,,,,,,,,,,,,
3308,13.783333,,,,,,,,,,,,,,,
3309,13.787500,,,,,,,,,,,,,,,
3310,13.791667,,,,,,,,,,,,,,,
3311,13.795833,,,,,,,,,,,,,,,
3312,13.800000,,,,,,,,,,,,,,,
3313,13.804167,,,,,,,,,,,,,,,
3314,13.808333,,,,,,,,,,,,,,,
3315,13.812500,,,,,,,,,,,,,,,
3316,13.816667,,,,,,,,,,,,,,,
3317,13.820833,,,,,,,,,,,,,,,
3318,13.825000,,,,,,,,,,,,,,,
3319,13.829167,,,,,,,,,,,,,,,
3320,13.833333,,,,,,,,,,,,,,,
3321,13.837500,,,,,,,,,,,,,,,
3322,13.841667,,,,,,,,,,,,,,,
3323,13.845833,,,,,,,,,,,,,,,
3324,13.850000,,,,,,,,,,,,,,,
3325,13.854167,,,,,,,,,,,,,,,
3326,13.858333,,,,,,,,,,,,,,,
3327,13.862500,,,,,,,,,,,,,,,
3328,13.866667,,,,,,,,,,,,,,,
3329,13.870833,,,,,,,,,,,,,,,
3330,13.875000,,,,,,,,,,,,,,,
3331,13.879167,,,,,,,,,,,,,,,
3332,13.883333,,,,,,,,,,,,,,,
3333,13.887500,,,,,,,,,,,,,,,
3334,13.891667,,,,,,,,,,,,,,,
3335,13.895833,,,,,,,,,,,,,,,
3336,13.900000,,,,,,,,,,,,,,,
3337,13.904167,,,,,,,,,,,,,,,
3338,13.908333,,,,,,,,,,,,,,,
3339,13.912500,,,,,,,,,,,,,,,
3340,13.916667,,,,,,,,,,,,,,,
3341,13.920833,,,,,,,,,,,,,,,
3342,13.925000,,,,,,,,,,,,,,,
3343,13.929167,,,,,,,,,,,,,,,
3344,13.933333,,,,,,,,,,,,,,,
3345,13.937500,,,,,,,,,,,,,,,
3346,13.941667,,,,,,,,,,,,,,,
3347,13.945833,,,,,,,,,,,,,,,
3348,13.950000,,,,,,,,,,,,,,,
3349,13.954167,,,,,,,,,,,,,,,
3350,13.958333,,,,,,,,,,,,,,,
3351,13.962500,,,,,,,,,,,,,,,
3352,13.966667,,,,,,,,,,,,,,,
3353,13.970833,,,,,,,,,,,,,,,
3354,13.975000,,,,,,,,,,,,,,,
3355,13.979167,,,,,,,,,,,,,,,
3356,13.983333,,,,,,,,,,,,,,,
3357,13.987500,,,,,,,,,,,,,,,
3358,13.991667,,,,,,,,,,,,,,,
3359,13.995833,,,,,,,,,,,,,,,
3360,14.000000,,,,,,,,,,,,,,,
3361,14.004167,,,,,,,,,,,,,,,
3362,14.008333,,,,,,,,,,,,,,,
3363,14.012500,,,,,,,,,,,,,,,
3364,14.016667,,,,,,,,,,,,,,,
3365,14.020833,,,,,,,,,,,,,,,
3366,14.025000,,,,,,,,,,,,,,,
3367,14.029167,,,,,,,,,,,,,,,
3368,14.033333,,,,,,,,,,,,,,,
3369,14.037500,,,,,,,,,,,,,,,
3370,14.041667,,,,,,,,,,,,,,,
3371,14.045833,,,,,,,,,,,,,,,
3372,14.050000,,,,,,,,,,,,,,,
3373,14.054167,,,,,,,,,,,,,,,
3374,14.058333,,,,,,,,,,,,,,,
3375,14.062500,,,,,,,,,,,,,,,
3376,14.066667,,,,,,,,,,,,,,,
3377,14.070833,,,,,,,,,,,,,,,
3378,14.075000,,,,,,,,,,,,,,,
3379,14.079167,,,,,,,,,,,,,,,
3380,14.083333,,,,,,,,,,,,,,,
3381,14.087500,,,,,,,,,,,,,,,
3382,14.091667,,,,,,,,,,,,,,,
3383,14.095833,,,,,,,,,,,,,,,
3384,14.100000,,,,,,,,,,,,,,,
3385,14.104167,,,,,,,,,,,,,,,
3386,14.108333,,,,,,,,,,,,,,,
3387,14.112500,,,,,,,,,,,,,,,
3388,14.116667,,,,,,,,,,,,,,,
3389,14.120833,,,,,,,,,,,,,,,
3390,14.125000,,,,,,,,,,,,,,,
3391,14.129167,,,,,,,,,,,,,,,
3392,14.133333,,,,,,,,,,,,,,,
3393,14.137500,,,,,,,,,,,,,,,
3394,14.141667,,,,,,,,,,,,,,,
3395,14.145833,,,,,,,,,,,,,,,
3396,14.150000,,,,,,,,,,,,,,,
3397,14.154167,,,,,,,,,,,,,,,
3398,14.158333,,,,,,,,,,,,,,,
3399,14.162500,,,,,,,,,,,,,,,
3400,14.166667,,,,,,,,,,,,,,,
3401,14.170833,,,,,,,,,,,,,,,
3402,14.175000,,,,,,,,,,,,,,,
3403,14.179167,,,,,,,,,,,,,,,
3404,14.183333,,,,,,,,,,,,,,,
3405,14.187500,,,,,,,,,,,,,,,
3406,14.191667,,,,,,,,,,,,,,,
3407,14.195833,,,,,,,,,,,,,,,
3408,14.200000,,,,,,,,,,,,,,,
3409,14.204167,,,,,,,,,,,,,,,
3410,14.208333,,,,,,,,,,,,,,,
3411,14.212500,,,,,,,,,,,,,,,
3412,14.216667,,,,,,,,,,,,,,,
3413,14.220833,,,,,,,,,,,,,,,
3414,14.225000,,,,,,,,,,,,,,,
3415,14.229167,,,,,,,,,,,,,,,
3416,14.233333,,,,,,,,,,,,,,,
3417,14.237500,,,,,,,,,,,,,,,
3418,14.241667,,,,,,,,,,,,,,,
3419,14.245833,,,,,,,,,,,,,,,
3420,14.250000,,,,,,,,,,,,,,,
3421,14.254167,,,,,,,,,,,,,,,
3422,14.258333,,,,,,,,,,,,,,,
3423,14.262500,,,,,,,,,,,,,,,
3424,14.266667,,,,,,,,,,,,,,,
3425,14.270833,,,,,,,,,,,,,,,
3426,14.275000,,,,,,,,,,,,,,,
3427,14.279167,,,,,,,,,,,,,,,
3428,14.283333,,,,,,,,,,,,,,,
3429,14.287500,,,,,,,,,,,,,,,
3430,14.291667,,,,,,,,,,,,,,,
3431,14.295833,,,,,,,,,,,,,,,
3432,14.300000,,,,,,,,,,,,,,,
3433,14.304167,,,,,,,,,,,,,,,
3434,14.308333,,,,,,,,,,,,,,,
3435,14.312500,,,,,,,,,,,,,,,
3436,14.316667,,,,,,,,,,,,,,,
3437,14.320833,,,,,,,,,,,,,,,
3438,14.325000,,,,,,,,,,,,,,,
3439,14.329167,,,,,,,,,,,,,,,
3440,14.333333,,,,,,,,,,,,,,,
3441,14.337500,,,,,,,,,,,,,,,
3442,14.341667,,,,,,,,,,,,,,,
3443,14.345833,,,,,,,,,,,,,,,
3444,14.350000,,,,,,,,,,,,,,,
3445,14.354167,,,,,,,,,,,,,,,
3446,14.358333,,,,,,,,,,,,,,,
3447,14.362500,,,,,,,,,,,,,,,
3448,14.366667,,,,,,,,,,,,,,,
3449,14.370833,,,,,,,,,,,,,,,
3450,14.375000,,,,,,,,,,,,,,,
3451,14.379167,,,,,,,,,,,,,,,
3452,14.383333,,,,,,,,,,,,,,,
3453,14.387500,,,,,,,,,,,,,,,
3454,14.391667,,,,,,,,,,,,,,,
3455,14.395833,,,,,,,,,,,,,,,
3456,14.400000,,,,,,,,,,,,,,,
3457,14.404167,,,,,,,,,,,,,,,
3458,14.408333,,,,,,,,,,,,,,,
3459,14.412500,,,,,,,,,,,,,,,
3460,14.416667,,,,,,,,,,,,,,,
3461,14.420833,,,,,,,,,,,,,,,
3462,14.425000,,,,,,,,,,,,,,,
3463,14.429167,,,,,,,,,,,,,,,
3464,14.433333,,,,,,,,,,,,,,,
3465,14.437500,,,,,,,,,,,,,,,
3466,14.441667,,,,,,,,,,,,,,,
3467,14.445833,,,,,,,,,,,,,,,
3468,14.450000,,,,,,,,,,,,,,,
3469,14.454167,,,,,,,,,,,,,,,
3470,14.458333,,,,,,,,,,,,,,,
3471,14.462500,,,,,,,,,,,,,,,
3472,14.466667,,,,,,,,,,,,,,,
3473,14.470833,,,,,,,,,,,,,,,
3474,14.475000,,,,,,,,,,,,,,,
3475,14.479167,,,,,,,,,,,,,,,
3476,14.483333,,,,,,,,,,,,,,,
3477,14.487500,,,,,,,,,,,,,,,
3478,14.491667,,,,,,,,,,,,,,,
3479,14.495833,,,,,,,,,,,,,,,
3480,14.500000,,,,,,,,,,,,,,,
3481,14.504167,,,,,,,,,,,,,,,
3482,14.508333,,,,,,,,,,,,,,,
3483,14.512500,,,,,,,,,,,,,,,
3484,14.516667,,,,,,,,,,,,,,,
3485,14.520833,,,,,,,,,,,,,,,
3486,14.525000,,,,,,,,,,,,,,,
3487,14.529167,,,,,,,,,,,,,,,
3488,14.533333,,,,,,,,,,,,,,,
3489,14.537500,,,,,,,,,,,,,,,
3490,14.541667,,,,,,,,,,,,,,,
3491,14.545833,,,,,,,,,,,,,,,
3492,14.550000,,,,,,,,,,,,,,,
3493,14.554167,,,,,,,,,,,,,,,
3494,14.558333,,,,,,,,,,,,,,,
3495,14.562500,,,,,,,,,,,,,,,
3496,14.566667,,,,,,,,,,,,,,,
3497,14.570833,,,,,,,,,,,,,,,
3498,14.575000,,,,,,,,,,,,,,,
3499,14.579167,,,,,,,,,,,,,,,
3500,14.583333,,,,,,,,,,,,,,,
3501,14.587500,,,,,,,,,,,,,,,
3502,14.591667,,,,,,,,,,,,,,,
3503,14.595833,,,,,,,,,,,,,,,
3504,14.600000,,,,,,,,,,,,,,,
3505,14.604167,,,,,,,,,,,,,,,
3506,14.608333,,,,,,,,,,,,,,,
3507,14.612500,,,,,,,,,,,,,,,
3508,14.616667,,,,,,,,,,,,,,,
3509,14.620833,,,,,,,,,,,,,,,
3510,14.625000,,,,,,,,,,,,,,,
3511,14.629167,,,,,,,,,,,,,,,
3512,14.633333,,,,,,,,,,,,,,,
3513,14.637500,,,,,,,,,,,,,,,
3514,14.641667,,,,,,,,,,,,,,,
3515,14.645833,,,,,,,,,,,,,,,
3516,14.650000,,,,,,,,,,,,,,,
3517,14.654167,,,,,,,,,,,,,,,
3518,14.658333,,,,,,,,,,,,,,,
3519,14.662500,,,,,,,,,,,,,,,
3520,14.666667,,,,,,,,,,,,,,,
3521,14.670833,,,,,,,,,,,,,,,
3522,14.675000,,,,,,,,,,,,,,,
3523,14.679167,,,,,,,,,,,,,,,
3524,14.683333,,,,,,,,,,,,,,,
3525,14.687500,,,,,,,,,,,,,,,
3526,14.691667,,,,,,,,,,,,,,,
3527,14.695833,,,,,,,,,,,,,,,
3528,14.700000,,,,,,,,,,,,,,,
3529,14.704167,,,,,,,,,,,,,,,
3530,14.708333,,,,,,,,,,,,,,,
3531,14.712500,,,,,,,,,,,,,,,
3532,14.716667,,,,,,,,,,,,,,,
3533,14.720833,,,,,,,,,,,,,,,
3534,14.725000,,,,,,,,,,,,,,,
3535,14.729167,,,,,,,,,,,,,,,
3536,14.733333,,,,,,,,,,,,,,,
3537,14.737500,,,,,,,,,,,,,,,
3538,14.741667,,,,,,,,,,,,,,,
3539,14.745833,,,,,,,,,,,,,,,
3540,14.750000,,,,,,,,,,,,,,,
3541,14.754167,,,,,,,,,,,,,,,
3542,14.758333,,,,,,,,,,,,,,,
3543,14.762500,,,,,,,,,,,,,,,
3544,14.766667,,,,,,,,,,,,,,,
3545,14.770833,,,,,,,,,,,,,,,
3546,14.775000,,,,,,,,,,,,,,,
3547,14.779167,,,,,,,,,,,,,,,
3548,14.783333,,,,,,,,,,,,,,,
3549,14.787500,,,,,,,,,,,,,,,
3550,14.791667,,,,,,,,,,,,,,,
3551,14.795833,,,,,,,,,,,,,,,
3552,14.800000,,,,,,,,,,,,,,,
3553,14.804167,,,,,,,,,,,,,,,
3554,14.808333,,,,,,,,,,,,,,,
3555,14.812500,,,,,,,,,,,,,,,
3556,14.816667,,,,,,,,,,,,,,,
3557,14.820833,,,,,,,,,,,,,,,
3558,14.825000,,,,,,,,,,,,,,,
3559,14.829167,,,,,,,,,,,,,,,
3560,14.833333,,,,,,,,,,,,,,,
3561,14.837500,,,,,,,,,,,,,,,
3562,14.841667,,,,,,,,,,,,,,,
3563,14.845833,,,,,,,,,,,,,,,
3564,14.850000,,,,,,,,,,,,,,,
3565,14.854167,,,,,,,,,,,,,,,
3566,14.858333,,,,,,,,,,,,,,,
3567,14.862500,,,,,,,,,,,,,,,
3568,14.866667,,,,,,,,,,,,,,,
3569,14.870833,,,,,,,,,,,,,,,
3570,14.875000,,,,,,,,,,,,,,,
3571,14.879167,,,,,,,,,,,,,,,
3572,14.883333,,,,,,,,,,,,,,,
3573,14.887500,,,,,,,,,,,,,,,
3574,14.891667,,,,,,,,,,,,,,,
3575,14.895833,,,,,,,,,,,,,,,
3576,14.900000,,,,,,,,,,,,,,,
3577,14.904167,,,,,,,,,,,,,,,
3578,14.908333,,,,,,,,,,,,,,,
3579,14.912500,,,,,,,,,,,,,,,
3580,14.916667,,,,,,,,,,,,,,,
3581,14.920833,,,,,,,,,,,,,,,
3582,14.925000,,,,,,,,,,,,,,,
3583,14.929167,,,,,,,,,,,,,,,
3584,14.933333,,,,,,,,,,,,,,,
3585,14.937500,,,,,,,,,,,,,,,
3586,14.941667,,,,,,,,,,,,,,,
3587,14.945833,,,,,,,,,,,,,,,
3588,14.950000,,,,,,,,,,,,,,,
3589,14.954167,,,,,,,,,,,,,,,
3590,14.958333,,,,,,,,,,,,,,,
3591,14.962500,,,,,,,,,,,,,,,
3592,14.966667,,,,,,,,,,,,,,,
3593,14.970833,,,,,,,,,,,,,,,
3594,14.975000,,,,,,,,,,,,,,,
3595,14.979167,,,,,,,,,,,,,,,
3596,14.983333,,,,,,,,,,,,,,,
3597,14.987500,,,,,,,,,,,,,,,
3598,14.991667,,,,,,,,,,,,,,,
3599,14.995833,,,,,,,,,,,,,,,
3600,15.000000,,,,,,,,,,,,,,,
3601,15.004167,,,,,,,,,,,,,,,
3602,15.008333,,,,,,,,,,,,,,,
3603,15.012500,,,,,,,,,,,,,,,
3604,15.016667,,,,,,,,,,,,,,,
3605,15.020833,,,,,,,,,,,,,,,
3606,15.025000,,,,,,,,,,,,,,,
3607,15.029167,,,,,,,,,,,,,,,
3608,15.033333,,,,,,,,,,,,,,,
3609,15.037500,,,,,,,,,,,,,,,
3610,15.041667,,,,,,,,,,,,,,,
3611,15.045833,,,,,,,,,,,,,,,
3612,15.050000,,,,,,,,,,,,,,,
3613,15.054167,,,,,,,,,,,,,,,
3614,15.058333,,,,,,,,,,,,,,,
3615,15.062500,,,,,,,,,,,,,,,
3616,15.066667,,,,,,,,,,,,,,,
3617,15.070833,,,,,,,,,,,,,,,
3618,15.075000,,,,,,,,,,,,,,,
3619,15.079167,,,,,,,,,,,,,,,
3620,15.083333,,,,,,,,,,,,,,,
3621,15.087500,,,,,,,,,,,,,,,
3622,15.091667,,,,,,,,,,,,,,,
3623,15.095833,,,,,,,,,,,,,,,
3624,15.100000,,,,,,,,,,,,,,,
3625,15.104167,,,,,,,,,,,,,,,
3626,15.108333,,,,,,,,,,,,,,,
3627,15.112500,,,,,,,,,,,,,,,
3628,15.116667,,,,,,,,,,,,,,,
3629,15.120833,,,,,,,,,,,,,,,
3630,15.125000,,,,,,,,,,,,,,,
3631,15.129167,,,,,,,,,,,,,,,
3632,15.133333,,,,,,,,,,,,,,,
3633,15.137500,,,,,,,,,,,,,,,
3634,15.141667,,,,,,,,,,,,,,,
3635,15.145833,,,,,,,,,,,,,,,
3636,15.150000,,,,,,,,,,,,,,,
3637,15.154167,,,,,,,,,,,,,,,
3638,15.158333,,,,,,,,,,,,,,,
3639,15.162500,,,,,,,,,,,,,,,
3640,15.166667,,,,,,,,,,,,,,,
3641,15.170833,,,,,,,,,,,,,,,
3642,15.175000,,,,,,,,,,,,,,,
3643,15.179167,,,,,,,,,,,,,,,
3644,15.183333,,,,,,,,,,,,,,,
3645,15.187500,,,,,,,,,,,,,,,
3646,15.191667,,,,,,,,,,,,,,,
3647,15.195833,,,,,,,,,,,,,,,
3648,15.200000,,,,,,,,,,,,,,,
3649,15.204167,,,,,,,,,,,,,,,
3650,15.208333,,,,,,,,,,,,,,,
3651,15.212500,,,,,,,,,,,,,,,
3652,15.216667,,,,,,,,,,,,,,,
3653,15.220833,,,,,,,,,,,,,,,
3654,15.225000,,,,,,,,,,,,,,,
3655,15.229167,,,,,,,,,,,,,,,
3656,15.233333,,,,,,,,,,,,,,,
3657,15.237500,,,,,,,,,,,,,,,
3658,15.241667,,,,,,,,,,,,,,,
3659,15.245833,,,,,,,,,,,,,,,
3660,15.250000,,,,,,,,,,,,,,,
3661,15.254167,,,,,,,,,,,,,,,
3662,15.258333,,,,,,,,,,,,,,,
3663,15.262500,,,,,,,,,,,,,,,
3664,15.266667,,,,,,,,,,,,,,,
3665,15.270833,,,,,,,,,,,,,,,
3666,15.275000,,,,,,,,,,,,,,,
3667,15.279167,,,,,,,,,,,,,,,
3668,15.283333,,,,,,,,,,,,,,,
3669,15.287500,,,,,,,,,,,,,,,
3670,15.291667,,,,,,,,,,,,,,,
3671,15.295833,,,,,,,,,,,,,,,
3672,15.300000,,,,,,,,,,,,,,,
3673,15.304167,,,,,,,,,,,,,,,
3674,15.308333,,,,,,,,,,,,,,,
3675,15.312500,,,,,,,,,,,,,,,
3676,15.316667,,,,,,,,,,,,,,,
3677,15.320833,,,,,,,,,,,,,,,
3678,15.325000,,,,,,,,,,,,,,,
3679,15.329167,,,,,,,,,,,,,,,
3680,15.333333,,,,,,,,,,,,,,,
3681,15.337500,,,,,,,,,,,,,,,
3682,15.341667,,,,,,,,,,,,,,,
3683,15.345833,,,,,,,,,,,,,,,
3684,15.350000,,,,,,,,,,,,,,,
3685,15.354167,,,,,,,,,,,,,,,
3686,15.358333,,,,,,,,,,,,,,,
3687,15.362500,,,,,,,,,,,,,,,
3688,15.366667,,,,,,,,,,,,,,,
3689,15.370833,,,,,,,,,,,,,,,
3690,15.375000,,,,,,,,,,,,,,,
3691,15.379167,,,,,,,,,,,,,,,
3692,15.383333,,,,,,,,,,,,,,,
3693,15.387500,,,,,,,,,,,,,,,
3694,15.391667,,,,,,,,,,,,,,,
3695,15.395833,,,,,,,,,,,,,,,
3696,15.400000,,,,,,,,,,,,,,,
3697,15.404167,,,,,,,,,,,,,,,
3698,15.408333,,,,,,,,,,,,,,,
3699,15.412500,,,,,,,,,,,,,,,
3700,15.416667,,,,,,,,,,,,,,,
3701,15.420833,,,,,,,,,,,,,,,
3702,15.425000,,,,,,,,,,,,,,,
3703,15.429167,,,,,,,,,,,,,,,
3704,15.433333,,,,,,,,,,,,,,,
3705,15.437500,,,,,,,,,,,,,,,
3706,15.441667,,,,,,,,,,,,,,,
3707,15.445833,,,,,,,,,,,,,,,
3708,15.450000,,,,,,,,,,,,,,,
3709,15.454167,,,,,,,,,,,,,,,
3710,15.458333,,,,,,,,,,,,,,,
3711,15.462500,,,,,,,,,,,,,,,
3712,15.466667,,,,,,,,,,,,,,,
3713,15.470833,,,,,,,,,,,,,,,
3714,15.475000,,,,,,,,,,,,,,,
3715,15.479167,,,,,,,,,,,,,,,
3716,15.483333,,,,,,,,,,,,,,,
3717,15.487500,,,,,,,,,,,,,,,
3718,15.491667,,,,,,,,,,,,,,,
3719,15.495833,,,,,,,,,,,,,,,
3720,15.500000,,,,,,,,,,,,,,,
3721,15.504167,,,,,,,,,,,,,,,
3722,15.508333,,,,,,,,,,,,,,,
3723,15.512500,,,,,,,,,,,,,,,
3724,15.516667,,,,,,,,,,,,,,,
3725,15.520833,,,,,,,,,,,,,,,
3726,15.525000,,,,,,,,,,,,,,,
3727,15.529167,,,,,,,,,,,,,,,
3728,15.533333,,,,,,,,,,,,,,,
3729,15.537500,,,,,,,,,,,,,,,
3730,15.541667,,,,,,,,,,,,,,,
3731,15.545833,,,,,,,,,,,,,,,
3732,15.550000,,,,,,,,,,,,,,,
3733,15.554167,,,,,,,,,,,,,,,
3734,15.558333,,,,,,,,,,,,,,,
3735,15.562500,,,,,,,,,,,,,,,
3736,15.566667,,,,,,,,,,,,,,,
3737,15.570833,,,,,,,,,,,,,,,
3738,15.575000,,,,,,,,,,,,,,,
3739,15.579167,,,,,,,,,,,,,,,
3740,15.583333,,,,,,,,,,,,,,,
3741,15.587500,,,,,,,,,,,,,,,
3742,15.591667,,,,,,,,,,,,,,,
3743,15.595833,,,,,,,,,,,,,,,
3744,15.600000,,,,,,,,,,,,,,,
3745,15.604167,,,,,,,,,,,,,,,
3746,15.608333,,,,,,,,,,,,,,,
3747,15.612500,,,,,,,,,,,,,,,
3748,15.616667,,,,,,,,,,,,,,,
3749,15.620833,,,,,,,,,,,,,,,
3750,15.625000,,,,,,,,,,,,,,,
3751,15.629167,,,,,,,,,,,,,,,
3752,15.633333,,,,,,,,,,,,,,,
3753,15.637500,,,,,,,,,,,,,,,
3754,15.641667,,,,,,,,,,,,,,,
3755,15.645833,,,,,,,,,,,,,,,
3756,15.650000,,,,,,,,,,,,,,,
3757,15.654167,,,,,,,,,,,,,,,
3758,15.658333,,,,,,,,,,,,,,,
3759,15.662500,,,,,,,,,,,,,,,
3760,15.666667,,,,,,,,,,,,,,,
3761,15.670833,,,,,,,,,,,,,,,
3762,15.675000,,,,,,,,,,,,,,,
3763,15.679167,,,,,,,,,,,,,,,
3764,15.683333,,,,,,,,,,,,,,,
3765,15.687500,,,,,,,,,,,,,,,
3766,15.691667,,,,,,,,,,,,,,,
3767,15.695833,,,,,,,,,,,,,,,
3768,15.700000,,,,,,,,,,,,,,,
3769,15.704167,,,,,,,,,,,,,,,
3770,15.708333,,,,,,,,,,,,,,,
3771,15.712500,,,,,,,,,,,,,,,
3772,15.716667,,,,,,,,,,,,,,,
3773,15.720833,,,,,,,,,,,,,,,
3774,15.725000,,,,,,,,,,,,,,,
3775,15.729167,,,,,,,,,,,,,,,
3776,15.733333,,,,,,,,,,,,,,,
3777,15.737500,,,,,,,,,,,,,,,
3778,15.741667,,,,,,,,,,,,,,,
3779,15.745833,,,,,,,,,,,,,,,
3780,15.750000,,,,,,,,,,,,,,,
3781,15.754167,,,,,,,,,,,,,,,
3782,15.758333,,,,,,,,,,,,,,,
3783,15.762500,,,,,,,,,,,,,,,
3784,15.766667,,,,,,,,,,,,,,,
3785,15.770833,,,,,,,,,,,,,,,
3786,15.775000,,,,,,,,,,,,,,,
3787,15.779167,,,,,,,,,,,,,,,
3788,15.783333,,,,,,,,,,,,,,,
3789,15.787500,,,,,,,,,,,,,,,
3790,15.791667,,,,,,,,,,,,,,,
3791,15.795833,,,,,,,,,,,,,,,
3792,15.800000,,,,,,,,,,,,,,,
3793,15.804167,,,,,,,,,,,,,,,
3794,15.808333,,,,,,,,,,,,,,,
3795,15.812500,,,,,,,,,,,,,,,
3796,15.816667,,,,,,,,,,,,,,,
3797,15.820833,,,,,,,,,,,,,,,
3798,15.825000,,,,,,,,,,,,,,,
3799,15.829167,,,,,,,,,,,,,,,
3800,15.833333,,,,,,,,,,,,,,,
3801,15.837500,,,,,,,,,,,,,,,
3802,15.841667,,,,,,,,,,,,,,,
3803,15.845833,,,,,,,,,,,,,,,
3804,15.850000,,,,,,,,,,,,,,,
3805,15.854167,,,,,,,,,,,,,,,
3806,15.858333,,,,,,,,,,,,,,,
3807,15.862500,,,,,,,,,,,,,,,
3808,15.866667,,,,,,,,,,,,,,,
3809,15.870833,,,,,,,,,,,,,,,
3810,15.875000,,,,,,,,,,,,,,,
3811,15.879167,,,,,,,,,,,,,,,
3812,15.883333,,,,,,,,,,,,,,,
3813,15.887500,,,,,,,,,,,,,,,
3814,15.891667,,,,,,,,,,,,,,,
3815,15.895833,,,,,,,,,,,,,,,
3816,15.900000,,,,,,,,,,,,,,,
3817,15.904167,,,,,,,,,,,,,,,
3818,15.908333,,,,,,,,,,,,,,,
3819,15.912500,,,,,,,,,,,,,,,
3820,15.916667,,,,,,,,,,,,,,,
3821,15.920833,,,,,,,,,,,,,,,
3822,15.925000,,,,,,,,,,,,,,,
3823,15.929167,,,,,,,,,,,,,,,
3824,15.933333,,,,,,,,,,,,,,,
3825,15.937500,,,,,,,,,,,,,,,
3826,15.941667,,,,,,,,,,,,,,,
3827,15.945833,,,,,,,,,,,,,,,
3828,15.950000,,,,,,,,,,,,,,,
3829,15.954167,,,,,,,,,,,,,,,
3830,15.958333,,,,,,,,,,,,,,,
3831,15.962500,,,,,,,,,,,,,,,
3832,15.966667,,,,,,,,,,,,,,,
3833,15.970833,,,,,,,,,,,,,,,
3834,15.975000,,,,,,,,,,,,,,,
3835,15.979167,,,,,,,,,,,,,,,
3836,15.983333,,,,,,,,,,,,,,,
3837,15.987500,,,,,,,,,,,,,,,
3838,15.991667,,,,,,,,,,,,,,,
3839,15.995833,,,,,,,,,,,,,,,
3840,16.000000,,,,,,,,,,,,,,,
3841,16.004167,,,,,,,,,,,,,,,
3842,16.008333,,,,,,,,,,,,,,,
3843,16.012500,,,,,,,,,,,,,,,
3844,16.016667,,,,,,,,,,,,,,,
3845,16.020833,,,,,,,,,,,,,,,
3846,16.025000,,,,,,,,,,,,,,,
3847,16.029167,,,,,,,,,,,,,,,
3848,16.033333,,,,,,,,,,,,,,,
3849,16.037500,,,,,,,,,,,,,,,
3850,16.041667,,,,,,,,,,,,,,,
3851,16.045833,,,,,,,,,,,,,,,
3852,16.050000,,,,,,,,,,,,,,,
3853,16.054167,,,,,,,,,,,,,,,
3854,16.058333,,,,,,,,,,,,,,,
3855,16.062500,,,,,,,,,,,,,,,
3856,16.066667,,,,,,,,,,,,,,,
3857,16.070833,,,,,,,,,,,,,,,
3858,16.075000,,,,,,,,,,,,,,,
3859,16.079167,,,,,,,,,,,,,,,
3860,16.083333,,,,,,,,,,,,,,,
3861,16.087500,,,,,,,,,,,,,,,
3862,16.091667,,,,,,,,,,,,,,,
3863,16.095833,,,,,,,,,,,,,,,
3864,16.100000,,,,,,,,,,,,,,,
3865,16.104167,,,,,,,,,,,,,,,
3866,16.108333,,,,,,,,,,,,,,,
3867,16.112500,,,,,,,,,,,,,,,
3868,16.116667,,,,,,,,,,,,,,,
3869,16.120833,,,,,,,,,,,,,,,
3870,16.125000,,,,,,,,,,,,,,,
3871,16.129167,,,,,,,,,,,,,,,
3872,16.133333,,,,,,,,,,,,,,,
3873,16.137500,,,,,,,,,,,,,,,
3874,16.141667,,,,,,,,,,,,,,,
3875,16.145833,,,,,,,,,,,,,,,
3876,16.150000,,,,,,,,,,,,,,,
3877,16.154167,,,,,,,,,,,,,,,
3878,16.158333,,,,,,,,,,,,,,,
3879,16.162500,,,,,,,,,,,,,,,
3880,16.166667,,,,,,,,,,,,,,,
3881,16.170833,,,,,,,,,,,,,,,
3882,16.175000,,,,,,,,,,,,,,,
3883,16.179167,,,,,,,,,,,,,,,
3884,16.183333,,,,,,,,,,,,,,,
3885,16.187500,,,,,,,,,,,,,,,
3886,16.191667,,,,,,,,,,,,,,,
3887,16.195833,,,,,,,,,,,,,,,
3888,16.200000,,,,,,,,,,,,,,,
3889,16.204167,,,,,,,,,,,,,,,
3890,16.208333,,,,,,,,,,,,,,,
3891,16.212500,,,,,,,,,,,,,,,
3892,16.216667,,,,,,,,,,,,,,,
3893,16.220833,,,,,,,,,,,,,,,
3894,16.225000,,,,,,,,,,,,,,,
3895,16.229167,,,,,,,,,,,,,,,
3896,16.233333,,,,,,,,,,,,,,,
3897,16.237500,,,,,,,,,,,,,,,
3898,16.241667,,,,,,,,,,,,,,,
3899,16.245833,,,,,,,,,,,,,,,
3900,16.250000,,,,,,,,,,,,,,,
3901,16.254167,,,,,,,,,,,,,,,
3902,16.258333,,,,,,,,,,,,,,,
3903,16.262500,,,,,,,,,,,,,,,
3904,16.266667,,,,,,,,,,,,,,,
3905,16.270833,,,,,,,,,,,,,,,
3906,16.275000,,,,,,,,,,,,,,,
3907,16.279167,,,,,,,,,,,,,,,
3908,16.283333,,,,,,,,,,,,,,,
3909,16.287500,,,,,,,,,,,,,,,
3910,16.291667,,,,,,,,,,,,,,,
3911,16.295833,,,,,,,,,,,,,,,
3912,16.300000,,,,,,,,,,,,,,,
3913,16.304167,,,,,,,,,,,,,,,
3914,16.308333,,,,,,,,,,,,,,,
3915,16.312500,,,,,,,,,,,,,,,
3916,16.316667,,,,,,,,,,,,,,,
3917,16.320833,,,,,,,,,,,,,,,
3918,16.325000,,,,,,,,,,,,,,,
3919,16.329167,,,,,,,,,,,,,,,
3920,16.333333,,,,,,,,,,,,,,,
3921,16.337500,,,,,,,,,,,,,,,
3922,16.341667,,,,,,,,,,,,,,,
3923,16.345833,,,,,,,,,,,,,,,
3924,16.350000,,,,,,,,,,,,,,,
3925,16.354167,,,,,,,,,,,,,,,
3926,16.358333,,,,,,,,,,,,,,,
3927,16.362500,,,,,,,,,,,,,,,
3928,16.366667,,,,,,,,,,,,,,,
3929,16.370833,,,,,,,,,,,,,,,
3930,16.375000,,,,,,,,,,,,,,,
3931,16.379167,,,,,,,,,,,,,,,
3932,16.383333,,,,,,,,,,,,,,,
3933,16.387500,,,,,,,,,,,,,,,
3934,16.391667,,,,,,,,,,,,,,,
3935,16.395833,,,,,,,,,,,,,,,
3936,16.400000,,,,,,,,,,,,,,,
3937,16.404167,,,,,,,,,,,,,,,
3938,16.408333,,,,,,,,,,,,,,,
3939,16.412500,,,,,,,,,,,,,,,
3940,16.416667,,,,,,,,,,,,,,,
3941,16.420833,,,,,,,,,,,,,,,
3942,16.425000,,,,,,,,,,,,,,,
3943,16.429167,,,,,,,,,,,,,,,
3944,16.433333,,,,,,,,,,,,,,,
3945,16.437500,,,,,,,,,,,,,,,
3946,16.441667,,,,,,,,,,,,,,,
3947,16.445833,,,,,,,,,,,,,,,
3948,16.450000,,,,,,,,,,,,,,,
3949,16.454167,,,,,,,,,,,,,,,
3950,16.458333,,,,,,,,,,,,,,,
3951,16.462500,,,,,,,,,,,,,,,
3952,16.466667,,,,,,,,,,,,,,,
3953,16.470833,,,,,,,,,,,,,,,
3954,16.475000,,,,,,,,,,,,,,,
3955,16.479167,,,,,,,,,,,,,,,
3956,16.483333,,,,,,,,,,,,,,,
3957,16.487500,,,,,,,,,,,,,,,
3958,16.491667,,,,,,,,,,,,,,,
3959,16.495833,,,,,,,,,,,,,,,
3960,16.500000,,,,,,,,,,,,,,,
3961,16.504167,,,,,,,,,,,,,,,
3962,16.508333,,,,,,,,,,,,,,,
3963,16.512500,,,,,,,,,,,,,,,
3964,16.516667,,,,,,,,,,,,,,,
3965,16.520833,,,,,,,,,,,,,,,
3966,16.525000,,,,,,,,,,,,,,,
3967,16.529167,,,,,,,,,,,,,,,
3968,16.533333,,,,,,,,,,,,,,,
3969,16.537500,,,,,,,,,,,,,,,
3970,16.541667,,,,,,,,,,,,,,,
3971,16.545833,,,,,,,,,,,,,,,
3972,16.550000,,,,,,,,,,,,,,,
3973,16.554167,,,,,,,,,,,,,,,
3974,16.558333,,,,,,,,,,,,,,,
3975,16.562500,,,,,,,,,,,,,,,
3976,16.566667,,,,,,,,,,,,,,,
3977,16.570833,,,,,,,,,,,,,,,
3978,16.575000,,,,,,,,,,,,,,,
3979,16.579167,,,,,,,,,,,,,,,
3980,16.583333,,,,,,,,,,,,,,,
3981,16.587500,,,,,,,,,,,,,,,
3982,16.591667,,,,,,,,,,,,,,,
3983,16.595833,,,,,,,,,,,,,,,
3984,16.600000,,,,,,,,,,,,,,,
3985,16.604167,,,,,,,,,,,,,,,
3986,16.608333,,,,,,,,,,,,,,,
3987,16.612500,,,,,,,,,,,,,,,
3988,16.616667,,,,,,,,,,,,,,,
3989,16.620833,,,,,,,,,,,,,,,
3990,16.625000,,,,,,,,,,,,,,,
3991,16.629167,,,,,,,,,,,,,,,
3992,16.633333,,,,,,,,,,,,,,,
3993,16.637500,,,,,,,,,,,,,,,
3994,16.641667,,,,,,,,,,,,,,,
3995,16.645833,,,,,,,,,,,,,,,
3996,16.650000,,,,,,,,,,,,,,,
3997,16.654167,,,,,,,,,,,,,,,
3998,16.658333,,,,,,,,,,,,,,,
3999,16.662500,,,,,,,,,,,,,,,
4000,16.666667,,,,,,,,,,,,,,,
4001,16.670833,,,,,,,,,,,,,,,
4002,16.675000,,,,,,,,,,,,,,,
4003,16.679167,,,,,,,,,,,,,,,
4004,16.683333,,,,,,,,,,,,,,,
4005,16.687500,,,,,,,,,,,,,,,
4006,16.691667,,,,,,,,,,,,,,,
4007,16.695833,,,,,,,,,,,,,,,
4008,16.700000,,,,,,,,,,,,,,,
4009,16.704167,,,,,,,,,,,,,,,
4010,16.708333,,,,,,,,,,,,,,,
4011,16.712500,,,,,,,,,,,,,,,
4012,16.716667,,,,,,,,,,,,,,,
4013,16.720833,,,,,,,,,,,,,,,
4014,16.725000,,,,,,,,,,,,,,,
4015,16.729167,,,,,,,,,,,,,,,
4016,16.733333,,,,,,,,,,,,,,,
4017,16.737500,,,,,,,,,,,,,,,
4018,16.741667,,,,,,,,,,,,,,,
4019,16.745833,,,,,,,,,,,,,,,
4020,16.750000,,,,,,,,,,,,,,,
4021,16.754167,,,,,,,,,,,,,,,
4022,16.758333,,,,,,,,,,,,,,,
4023,16.762500,,,,,,,,,,,,,,,
4024,16.766667,,,,,,,,,,,,,,,
4025,16.770833,,,,,,,,,,,,,,,
4026,16.775000,,,,,,,,,,,,,,,
4027,16.779167,,,,,,,,,,,,,,,
4028,16.783333,,,,,,,,,,,,,,,
4029,16.787500,,,,,,,,,,,,,,,
4030,16.791667,,,,,,,,,,,,,,,
4031,16.795833,,,,,,,,,,,,,,,
4032,16.800000,,,,,,,,,,,,,,,
4033,16.804167,,,,,,,,,,,,,,,
4034,16.808333,,,,,,,,,,,,,,,
4035,16.812500,,,,,,,,,,,,,,,
4036,16.816667,,,,,,,,,,,,,,,
4037,16.820833,,,,,,,,,,,,,,,
4038,16.825000,,,,,,,,,,,,,,,
4039,16.829167,,,,,,,,,,,,,,,
4040,16.833333,,,,,,,,,,,,,,,
4041,16.837500,,,,,,,,,,,,,,,
4042,16.841667,,,,,,,,,,,,,,,
4043,16.845833,,,,,,,,,,,,,,,
4044,16.850000,,,,,,,,,,,,,,,
4045,16.854167,,,,,,,,,,,,,,,
4046,16.858333,,,,,,,,,,,,,,,
4047,16.862500,,,,,,,,,,,,,,,
4048,16.866667,,,,,,,,,,,,,,,
4049,16.870833,,,,,,,,,,,,,,,
4050,16.875000,,,,,,,,,,,,,,,
4051,16.879167,,,,,,,,,,,,,,,
4052,16.883333,,,,,,,,,,,,,,,
4053,16.887500,,,,,,,,,,,,,,,
4054,16.891667,,,,,,,,,,,,,,,
4055,16.895833,,,,,,,,,,,,,,,
4056,16.900000,,,,,,,,,,,,,,,
4057,16.904167,,,,,,,,,,,,,,,
4058,16.908333,,,,,,,,,,,,,,,
4059,16.912500,,,,,,,,,,,,,,,
4060,16.916667,,,,,,,,,,,,,,,
4061,16.920833,,,,,,,,,,,,,,,
4062,16.925000,,,,,,,,,,,,,,,
4063,16.929167,,,,,,,,,,,,,,,
4064,16.933333,,,,,,,,,,,,,,,
4065,16.937500,,,,,,,,,,,,,,,
4066,16.941667,,,,,,,,,,,,,,,
4067,16.945833,,,,,,,,,,,,,,,
4068,16.950000,,,,,,,,,,,,,,,
4069,16.954167,,,,,,,,,,,,,,,
4070,16.958333,,,,,,,,,,,,,,,
4071,16.962500,,,,,,,,,,,,,,,
4072,16.966667,,,,,,,,,,,,,,,
4073,16.970833,,,,,,,,,,,,,,,
4074,16.975000,,,,,,,,,,,,,,,
4075,16.979167,,,,,,,,,,,,,,,
4076,16.983333,,,,,,,,,,,,,,,
4077,16.987500,,,,,,,,,,,,,,,
4078,16.991667,,,,,,,,,,,,,,,
4079,16.995833,,,,,,,,,,,,,,,
4080,17.000000,,,,,,,,,,,,,,,
4081,17.004167,,,,,,,,,,,,,,,
4082,17.008333,,,,,,,,,,,,,,,
4083,17.012500,,,,,,,,,,,,,,,
4084,17.016667,,,,,,,,,,,,,,,
4085,17.020833,,,,,,,,,,,,,,,
4086,17.025000,,,,,,,,,,,,,,,
4087,17.029167,,,,,,,,,,,,,,,
4088,17.033333,,,,,,,,,,,,,,,
4089,17.037500,,,,,,,,,,,,,,,
4090,17.041667,,,,,,,,,,,,,,,
4091,17.045833,,,,,,,,,,,,,,,
4092,17.050000,,,,,,,,,,,,,,,
4093,17.054167,,,,,,,,,,,,,,,
4094,17.058333,,,,,,,,,,,,,,,
4095,17.062500,,,,,,,,,,,,,,,
4096,17.066667,,,,,,,,,,,,,,,
4097,17.070833,,,,,,,,,,,,,,,
4098,17.075000,,,,,,,,,,,,,,,
4099,17.079167,,,,,,,,,,,,,,,
4100,17.083333,,,,,,,,,,,,,,,
4101,17.087500,,,,,,,,,,,,,,,
4102,17.091667,,,,,,,,,,,,,,,
4103,17.095833,,,,,,,,,,,,,,,
4104,17.100000,,,,,,,,,,,,,,,
4105,17.104167,,,,,,,,,,,,,,,
4106,17.108333,,,,,,,,,,,,,,,
4107,17.112500,,,,,,,,,,,,,,,
4108,17.116667,,,,,,,,,,,,,,,
4109,17.120833,,,,,,,,,,,,,,,
4110,17.125000,,,,,,,,,,,,,,,
4111,17.129167,,,,,,,,,,,,,,,
4112,17.133333,,,,,,,,,,,,,,,
4113,17.137500,,,,,,,,,,,,,,,
4114,17.141667,,,,,,,,,,,,,,,
4115,17.145833,,,,,,,,,,,,,,,
4116,17.150000,,,,,,,,,,,,,,,
4117,17.154167,,,,,,,,,,,,,,,
4118,17.158333,,,,,,,,,,,,,,,
4119,17.162500,,,,,,,,,,,,,,,
4120,17.166667,,,,,,,,,,,,,,,
4121,17.170833,,,,,,,,,,,,,,,
4122,17.175000,,,,,,,,,,,,,,,
4123,17.179167,,,,,,,,,,,,,,,
4124,17.183333,,,,,,,,,,,,,,,
4125,17.187500,,,,,,,,,,,,,,,
4126,17.191667,,,,,,,,,,,,,,,
4127,17.195833,,,,,,,,,,,,,,,
4128,17.200000,,,,,,,,,,,,,,,
4129,17.204167,,,,,,,,,,,,,,,
4130,17.208333,,,,,,,,,,,,,,,
4131,17.212500,,,,,,,,,,,,,,,
4132,17.216667,,,,,,,,,,,,,,,
4133,17.220833,,,,,,,,,,,,,,,
4134,17.225000,,,,,,,,,,,,,,,
4135,17.229167,,,,,,,,,,,,,,,
4136,17.233333,,,,,,,,,,,,,,,
4137,17.237500,,,,,,,,,,,,,,,
4138,17.241667,,,,,,,,,,,,,,,
4139,17.245833,,,,,,,,,,,,,,,
4140,17.250000,,,,,,,,,,,,,,,
4141,17.254167,,,,,,,,,,,,,,,
4142,17.258333,,,,,,,,,,,,,,,
4143,17.262500,,,,,,,,,,,,,,,
4144,17.266667,,,,,,,,,,,,,,,
4145,17.270833,,,,,,,,,,,,,,,
4146,17.275000,,,,,,,,,,,,,,,
4147,17.279167,,,,,,,,,,,,,,,
4148,17.283333,,,,,,,,,,,,,,,
4149,17.287500,,,,,,,,,,,,,,,
4150,17.291667,,,,,,,,,,,,,,,
4151,17.295833,,,,,,,,,,,,,,,
4152,17.300000,,,,,,,,,,,,,,,
4153,17.304167,,,,,,,,,,,,,,,
4154,17.308333,,,,,,,,,,,,,,,
4155,17.312500,,,,,,,,,,,,,,,
4156,17.316667,,,,,,,,,,,,,,,
4157,17.320833,,,,,,,,,,,,,,,
4158,17.325000,,,,,,,,,,,,,,,
4159,17.329167,,,,,,,,,,,,,,,
4160,17.333333,,,,,,,,,,,,,,,
4161,17.337500,,,,,,,,,,,,,,,
4162,17.341667,,,,,,,,,,,,,,,
4163,17.345833,,,,,,,,,,,,,,,
4164,17.350000,,,,,,,,,,,,,,,
4165,17.354167,,,,,,,,,,,,,,,
4166,17.358333,,,,,,,,,,,,,,,
4167,17.362500,,,,,,,,,,,,,,,
4168,17.366667,,,,,,,,,,,,,,,
4169,17.370833,,,,,,,,,,,,,,,
4170,17.375000,,,,,,,,,,,,,,,
4171,17.379167,,,,,,,,,,,,,,,
4172,17.383333,,,,,,,,,,,,,,,
4173,17.387500,,,,,,,,,,,,,,,
4174,17.391667,,,,,,,,,,,,,,,
4175,17.395833,,,,,,,,,,,,,,,
4176,17.400000,,,,,,,,,,,,,,,
4177,17.404167,,,,,,,,,,,,,,,
4178,17.408333,,,,,,,,,,,,,,,
4179,17.412500,,,,,,,,,,,,,,,
4180,17.416667,,,,,,,,,,,,,,,
4181,17.420833,,,,,,,,,,,,,,,
4182,17.425000,,,,,,,,,,,,,,,
4183,17.429167,,,,,,,,,,,,,,,
4184,17.433333,,,,,,,,,,,,,,,
4185,17.437500,,,,,,,,,,,,,,,
4186,17.441667,,,,,,,,,,,,,,,
4187,17.445833,,,,,,,,,,,,,,,
4188,17.450000,,,,,,,,,,,,,,,
4189,17.454167,,,,,,,,,,,,,,,
4190,17.458333,,,,,,,,,,,,,,,
4191,17.462500,,,,,,,,,,,,,,,
4192,17.466667,,,,,,,,,,,,,,,
4193,17.470833,,,,,,,,,,,,,,,
4194,17.475000,,,,,,,,,,,,,,,
4195,17.479167,,,,,,,,,,,,,,,
4196,17.483333,,,,,,,,,,,,,,,
4197,17.487500,,,,,,,,,,,,,,,
4198,17.491667,,,,,,,,,,,,,,,
4199,17.495833,,,,,,,,,,,,,,,
4200,17.500000,,,,,,,,,,,,,,,
4201,17.504167,,,,,,,,,,,,,,,
4202,17.508333,,,,,,,,,,,,,,,
4203,17.512500,,,,,,,,,,,,,,,
4204,17.516667,,,,,,,,,,,,,,,
4205,17.520833,,,,,,,,,,,,,,,
4206,17.525000,,,,,,,,,,,,,,,
4207,17.529167,,,,,,,,,,,,,,,
4208,17.533333,,,,,,,,,,,,,,,
4209,17.537500,,,,,,,,,,,,,,,
4210,17.541667,,,,,,,,,,,,,,,
4211,17.545833,,,,,,,,,,,,,,,
4212,17.550000,,,,,,,,,,,,,,,
4213,17.554167,,,,,,,,,,,,,,,
4214,17.558333,,,,,,,,,,,,,,,
4215,17.562500,,,,,,,,,,,,,,,
4216,17.566667,,,,,,,,,,,,,,,
4217,17.570833,,,,,,,,,,,,,,,
4218,17.575000,,,,,,,,,,,,,,,
4219,17.579167,,,,,,,,,,,,,,,
4220,17.583333,,,,,,,,,,,,,,,
4221,17.587500,,,,,,,,,,,,,,,
4222,17.591667,,,,,,,,,,,,,,,
4223,17.595833,,,,,,,,,,,,,,,
4224,17.600000,,,,,,,,,,,,,,,
4225,17.604167,,,,,,,,,,,,,,,
4226,17.608333,,,,,,,,,,,,,,,
4227,17.612500,,,,,,,,,,,,,,,
4228,17.616667,,,,,,,,,,,,,,,
4229,17.620833,,,,,,,,,,,,,,,
4230,17.625000,,,,,,,,,,,,,,,
4231,17.629167,,,,,,,,,,,,,,,
4232,17.633333,,,,,,,,,,,,,,,
4233,17.637500,,,,,,,,,,,,,,,
4234,17.641667,,,,,,,,,,,,,,,
4235,17.645833,,,,,,,,,,,,,,,
4236,17.650000,,,,,,,,,,,,,,,
4237,17.654167,,,,,,,,,,,,,,,
4238,17.658333,,,,,,,,,,,,,,,
4239,17.662500,,,,,,,,,,,,,,,
4240,17.666667,,,,,,,,,,,,,,,
4241,17.670833,,,,,,,,,,,,,,,
4242,17.675000,,,,,,,,,,,,,,,
4243,17.679167,,,,,,,,,,,,,,,
4244,17.683333,,,,,,,,,,,,,,,
4245,17.687500,,,,,,,,,,,,,,,
4246,17.691667,,,,,,,,,,,,,,,
4247,17.695833,,,,,,,,,,,,,,,
4248,17.700000,,,,,,,,,,,,,,,
4249,17.704167,,,,,,,,,,,,,,,
4250,17.708333,,,,,,,,,,,,,,,
4251,17.712500,,,,,,,,,,,,,,,
4252,17.716667,,,,,,,,,,,,,,,
4253,17.720833,,,,,,,,,,,,,,,
4254,17.725000,,,,,,,,,,,,,,,
4255,17.729167,,,,,,,,,,,,,,,
4256,17.733333,,,,,,,,,,,,,,,
4257,17.737500,,,,,,,,,,,,,,,
4258,17.741667,,,,,,,,,,,,,,,
4259,17.745833,,,,,,,,,,,,,,,
4260,17.750000,,,,,,,,,,,,,,,
4261,17.754167,,,,,,,,,,,,,,,
4262,17.758333,,,,,,,,,,,,,,,
4263,17.762500,,,,,,,,,,,,,,,
4264,17.766667,,,,,,,,,,,,,,,
4265,17.770833,,,,,,,,,,,,,,,
4266,17.775000,,,,,,,,,,,,,,,
4267,17.779167,,,,,,,,,,,,,,,
4268,17.783333,,,,,,,,,,,,,,,
4269,17.787500,,,,,,,,,,,,,,,
4270,17.791667,,,,,,,,,,,,,,,
4271,17.795833,,,,,,,,,,,,,,,
4272,17.800000,,,,,,,,,,,,,,,
4273,17.804167,,,,,,,,,,,,,,,
4274,17.808333,,,,,,,,,,,,,,,
4275,17.812500,,,,,,,,,,,,,,,
4276,17.816667,,,,,,,,,,,,,,,
4277,17.820833,,,,,,,,,,,,,,,
4278,17.825000,,,,,,,,,,,,,,,
4279,17.829167,,,,,,,,,,,,,,,
4280,17.833333,,,,,,,,,,,,,,,
4281,17.837500,,,,,,,,,,,,,,,
4282,17.841667,,,,,,,,,,,,,,,
4283,17.845833,,,,,,,,,,,,,,,
4284,17.850000,,,,,,,,,,,,,,,
4285,17.854167,,,,,,,,,,,,,,,
4286,17.858333,,,,,,,,,,,,,,,
4287,17.862500,,,,,,,,,,,,,,,
4288,17.866667,,,,,,,,,,,,,,,
4289,17.870833,,,,,,,,,,,,,,,
4290,17.875000,,,,,,,,,,,,,,,
4291,17.879167,,,,,,,,,,,,,,,
4292,17.883333,,,,,,,,,,,,,,,
4293,17.887500,,,,,,,,,,,,,,,
4294,17.891667,,,,,,,,,,,,,,,
4295,17.895833,,,,,,,,,,,,,,,
4296,17.900000,,,,,,,,,,,,,,,
4297,17.904167,,,,,,,,,,,,,,,
4298,17.908333,,,,,,,,,,,,,,,
4299,17.912500,,,,,,,,,,,,,,,
4300,17.916667,,,,,,,,,,,,,,,
4301,17.920833,,,,,,,,,,,,,,,
4302,17.925000,,,,,,,,,,,,,,,
4303,17.929167,,,,,,,,,,,,,,,
4304,17.933333,,,,,,,,,,,,,,,
4305,17.937500,,,,,,,,,,,,,,,
4306,17.941667,,,,,,,,,,,,,,,
4307,17.945833,,,,,,,,,,,,,,,
4308,17.950000,,,,,,,,,,,,,,,
4309,17.954167,,,,,,,,,,,,,,,
4310,17.958333,,,,,,,,,,,,,,,
4311,17.962500,,,,,,,,,,,,,,,
4312,17.966667,,,,,,,,,,,,,,,
4313,17.970833,,,,,,,,,,,,,,,
4314,17.975000,,,,,,,,,,,,,,,
4315,17.979167,,,,,,,,,,,,,,,
4316,17.983333,,,,,,,,,,,,,,,
4317,17.987500,,,,,,,,,,,,,,,
4318,17.991667,,,,,,,,,,,,,,,
4319,17.995833,,,,,,,,,,,,,,,
4320,18.000000,,,,,,,,,,,,,,,
4321,18.004167,,,,,,,,,,,,,,,
4322,18.008333,,,,,,,,,,,,,,,
4323,18.012500,,,,,,,,,,,,,,,
4324,18.016667,,,,,,,,,,,,,,,
4325,18.020833,,,,,,,,,,,,,,,
4326,18.025000,,,,,,,,,,,,,,,
4327,18.029167,,,,,,,,,,,,,,,
4328,18.033333,,,,,,,,,,,,,,,
4329,18.037500,,,,,,,,,,,,,,,
4330,18.041667,,,,,,,,,,,,,,,
4331,18.045833,,,,,,,,,,,,,,,
4332,18.050000,,,,,,,,,,,,,,,
4333,18.054167,,,,,,,,,,,,,,,
4334,18.058333,,,,,,,,,,,,,,,
4335,18.062500,,,,,,,,,,,,,,,
4336,18.066667,,,,,,,,,,,,,,,
4337,18.070833,,,,,,,,,,,,,,,
4338,18.075000,,,,,,,,,,,,,,,
4339,18.079167,,,,,,,,,,,,,,,
4340,18.083333,,,,,,,,,,,,,,,
4341,18.087500,,,,,,,,,,,,,,,
4342,18.091667,,,,,,,,,,,,,,,
4343,18.095833,,,,,,,,,,,,,,,
4344,18.100000,,,,,,,,,,,,,,,
4345,18.104167,,,,,,,,,,,,,,,
4346,18.108333,,,,,,,,,,,,,,,
4347,18.112500,,,,,,,,,,,,,,,
4348,18.116667,,,,,,,,,,,,,,,
4349,18.120833,,,,,,,,,,,,,,,
4350,18.125000,,,,,,,,,,,,,,,
4351,18.129167,,,,,,,,,,,,,,,
4352,18.133333,,,,,,,,,,,,,,,
4353,18.137500,,,,,,,,,,,,,,,
4354,18.141667,,,,,,,,,,,,,,,
4355,18.145833,,,,,,,,,,,,,,,
4356,18.150000,,,,,,,,,,,,,,,
4357,18.154167,,,,,,,,,,,,,,,
4358,18.158333,,,,,,,,,,,,,,,
4359,18.162500,,,,,,,,,,,,,,,
4360,18.166667,,,,,,,,,,,,,,,
4361,18.170833,,,,,,,,,,,,,,,
4362,18.175000,,,,,,,,,,,,,,,
4363,18.179167,,,,,,,,,,,,,,,
4364,18.183333,,,,,,,,,,,,,,,
4365,18.187500,,,,,,,,,,,,,,,
4366,18.191667,,,,,,,,,,,,,,,
4367,18.195833,,,,,,,,,,,,,,,
4368,18.200000,,,,,,,,,,,,,,,
4369,18.204167,,,,,,,,,,,,,,,
4370,18.208333,,,,,,,,,,,,,,,
4371,18.212500,,,,,,,,,,,,,,,
4372,18.216667,,,,,,,,,,,,,,,
4373,18.220833,,,,,,,,,,,,,,,
4374,18.225000,,,,,,,,,,,,,,,
4375,18.229167,,,,,,,,,,,,,,,
4376,18.233333,,,,,,,,,,,,,,,
4377,18.237500,,,,,,,,,,,,,,,
4378,18.241667,,,,,,,,,,,,,,,
4379,18.245833,,,,,,,,,,,,,,,
4380,18.250000,,,,,,,,,,,,,,,
4381,18.254167,,,,,,,,,,,,,,,
4382,18.258333,,,,,,,,,,,,,,,
4383,18.262500,,,,,,,,,,,,,,,
4384,18.266667,,,,,,,,,,,,,,,
4385,18.270833,,,,,,,,,,,,,,,
4386,18.275000,,,,,,,,,,,,,,,
4387,18.279167,,,,,,,,,,,,,,,
4388,18.283333,,,,,,,,,,,,,,,
4389,18.287500,,,,,,,,,,,,,,,
4390,18.291667,,,,,,,,,,,,,,,
4391,18.295833,,,,,,,,,,,,,,,
4392,18.300000,,,,,,,,,,,,,,,
4393,18.304167,,,,,,,,,,,,,,,
4394,18.308333,,,,,,,,,,,,,,,
4395,18.312500,,,,,,,,,,,,,,,
4396,18.316667,,,,,,,,,,,,,,,
4397,18.320833,,,,,,,,,,,,,,,
4398,18.325000,,,,,,,,,,,,,,,
4399,18.329167,,,,,,,,,,,,,,,
4400,18.333333,,,,,,,,,,,,,,,
4401,18.337500,,,,,,,,,,,,,,,
4402,18.341667,,,,,,,,,,,,,,,
4403,18.345833,,,,,,,,,,,,,,,
4404,18.350000,,,,,,,,,,,,,,,
4405,18.354167,,,,,,,,,,,,,,,
4406,18.358333,,,,,,,,,,,,,,,
4407,18.362500,,,,,,,,,,,,,,,
4408,18.366667,,,,,,,,,,,,,,,
4409,18.370833,,,,,,,,,,,,,,,
4410,18.375000,,,,,,,,,,,,,,,
4411,18.379167,,,,,,,,,,,,,,,
4412,18.383333,,,,,,,,,,,,,,,
4413,18.387500,,,,,,,,,,,,,,,
4414,18.391667,,,,,,,,,,,,,,,
4415,18.395833,,,,,,,,,,,,,,,
4416,18.400000,,,,,,,,,,,,,,,
4417,18.404167,,,,,,,,,,,,,,,
4418,18.408333,,,,,,,,,,,,,,,
4419,18.412500,,,,,,,,,,,,,,,
4420,18.416667,,,,,,,,,,,,,,,
4421,18.420833,,,,,,,,,,,,,,,
4422,18.425000,,,,,,,,,,,,,,,
4423,18.429167,,,,,,,,,,,,,,,
4424,18.433333,,,,,,,,,,,,,,,
4425,18.437500,,,,,,,,,,,,,,,
4426,18.441667,,,,,,,,,,,,,,,
4427,18.445833,,,,,,,,,,,,,,,
4428,18.450000,,,,,,,,,,,,,,,
4429,18.454167,,,,,,,,,,,,,,,
4430,18.458333,,,,,,,,,,,,,,,
4431,18.462500,,,,,,,,,,,,,,,
4432,18.466667,,,,,,,,,,,,,,,
4433,18.470833,,,,,,,,,,,,,,,
4434,18.475000,,,,,,,,,,,,,,,
4435,18.479167,,,,,,,,,,,,,,,
4436,18.483333,,,,,,,,,,,,,,,
4437,18.487500,,,,,,,,,,,,,,,
4438,18.491667,,,,,,,,,,,,,,,
4439,18.495833,,,,,,,,,,,,,,,
4440,18.500000,,,,,,,,,,,,,,,
4441,18.504167,,,,,,,,,,,,,,,
4442,18.508333,,,,,,,,,,,,,,,
4443,18.512500,,,,,,,,,,,,,,,
4444,18.516667,,,,,,,,,,,,,,,
4445,18.520833,,,,,,,,,,,,,,,
4446,18.525000,,,,,,,,,,,,,,,
4447,18.529167,,,,,,,,,,,,,,,
4448,18.533333,,,,,,,,,,,,,,,
4449,18.537500,,,,,,,,,,,,,,,
4450,18.541667,,,,,,,,,,,,,,,
4451,18.545833,,,,,,,,,,,,,,,
4452,18.550000,,,,,,,,,,,,,,,
4453,18.554167,,,,,,,,,,,,,,,
4454,18.558333,,,,,,,,,,,,,,,
4455,18.562500,,,,,,,,,,,,,,,
4456,18.566667,,,,,,,,,,,,,,,
4457,18.570833,,,,,,,,,,,,,,,
4458,18.575000,,,,,,,,,,,,,,,
4459,18.579167,,,,,,,,,,,,,,,
4460,18.583333,,,,,,,,,,,,,,,
4461,18.587500,,,,,,,,,,,,,,,
4462,18.591667,,,,,,,,,,,,,,,
4463,18.595833,,,,,,,,,,,,,,,
4464,18.600000,,,,,,,,,,,,,,,
4465,18.604167,,,,,,,,,,,,,,,
4466,18.608333,,,,,,,,,,,,,,,
4467,18.612500,,,,,,,,,,,,,,,
4468,18.616667,,,,,,,,,,,,,,,
4469,18.620833,,,,,,,,,,,,,,,
4470,18.625000,,,,,,,,,,,,,,,
4471,18.629167,,,,,,,,,,,,,,,
4472,18.633333,,,,,,,,,,,,,,,
4473,18.637500,,,,,,,,,,,,,,,
4474,18.641667,,,,,,,,,,,,,,,
4475,18.645833,,,,,,,,,,,,,,,
4476,18.650000,,,,,,,,,,,,,,,
4477,18.654167,,,,,,,,,,,,,,,
4478,18.658333,,,,,,,,,,,,,,,
4479,18.662500,,,,,,,,,,,,,,,
4480,18.666667,,,,,,,,,,,,,,,
4481,18.670833,,,,,,,,,,,,,,,
4482,18.675000,,,,,,,,,,,,,,,
4483,18.679167,,,,,,,,,,,,,,,
4484,18.683333,,,,,,,,,,,,,,,
4485,18.687500,,,,,,,,,,,,,,,
4486,18.691667,,,,,,,,,,,,,,,
4487,18.695833,,,,,,,,,,,,,,,
4488,18.700000,,,,,,,,,,,,,,,
4489,18.704167,,,,,,,,,,,,,,,
4490,18.708333,,,,,,,,,,,,,,,
4491,18.712500,,,,,,,,,,,,,,,
4492,18.716667,,,,,,,,,,,,,,,
4493,18.720833,,,,,,,,,,,,,,,
4494,18.725000,,,,,,,,,,,,,,,
4495,18.729167,,,,,,,,,,,,,,,
4496,18.733333,,,,,,,,,,,,,,,
4497,18.737500,,,,,,,,,,,,,,,
4498,18.741667,,,,,,,,,,,,,,,
4499,18.745833,,,,,,,,,,,,,,,
4500,18.750000,,,,,,,,,,,,,,,
4501,18.754167,,,,,,,,,,,,,,,
4502,18.758333,,,,,,,,,,,,,,,
4503,18.762500,,,,,,,,,,,,,,,
4504,18.766667,,,,,,,,,,,,,,,
4505,18.770833,,,,,,,,,,,,,,,
4506,18.775000,,,,,,,,,,,,,,,
4507,18.779167,,,,,,,,,,,,,,,
4508,18.783333,,,,,,,,,,,,,,,
4509,18.787500,,,,,,,,,,,,,,,
4510,18.791667,,,,,,,,,,,,,,,
4511,18.795833,,,,,,,,,,,,,,,
4512,18.800000,,,,,,,,,,,,,,,
4513,18.804167,,,,,,,,,,,,,,,
4514,18.808333,,,,,,,,,,,,,,,
4515,18.812500,,,,,,,,,,,,,,,
4516,18.816667,,,,,,,,,,,,,,,
4517,18.820833,,,,,,,,,,,,,,,
4518,18.825000,,,,,,,,,,,,,,,
4519,18.829167,,,,,,,,,,,,,,,
4520,18.833333,,,,,,,,,,,,,,,
4521,18.837500,,,,,,,,,,,,,,,
4522,18.841667,,,,,,,,,,,,,,,
4523,18.845833,,,,,,,,,,,,,,,
4524,18.850000,,,,,,,,,,,,,,,
4525,18.854167,,,,,,,,,,,,,,,
4526,18.858333,,,,,,,,,,,,,,,
4527,18.862500,,,,,,,,,,,,,,,
4528,18.866667,,,,,,,,,,,,,,,
4529,18.870833,,,,,,,,,,,,,,,
4530,18.875000,,,,,,,,,,,,,,,
4531,18.879167,,,,,,,,,,,,,,,
4532,18.883333,,,,,,,,,,,,,,,
4533,18.887500,,,,,,,,,,,,,,,
4534,18.891667,,,,,,,,,,,,,,,
4535,18.895833,,,,,,,,,,,,,,,
4536,18.900000,,,,,,,,,,,,,,,
4537,18.904167,,,,,,,,,,,,,,,
4538,18.908333,,,,,,,,,,,,,,,
4539,18.912500,,,,,,,,,,,,,,,
4540,18.916667,,,,,,,,,,,,,,,
4541,18.920833,,,,,,,,,,,,,,,
4542,18.925000,,,,,,,,,,,,,,,
4543,18.929167,,,,,,,,,,,,,,,
4544,18.933333,,,,,,,,,,,,,,,
4545,18.937500,,,,,,,,,,,,,,,
4546,18.941667,,,,,,,,,,,,,,,
4547,18.945833,,,,,,,,,,,,,,,
4548,18.950000,,,,,,,,,,,,,,,
4549,18.954167,,,,,,,,,,,,,,,
4550,18.958333,,,,,,,,,,,,,,,
4551,18.962500,,,,,,,,,,,,,,,
4552,18.966667,,,,,,,,,,,,,,,
4553,18.970833,,,,,,,,,,,,,,,
4554,18.975000,,,,,,,,,,,,,,,
4555,18.979167,,,,,,,,,,,,,,,
4556,18.983333,,,,,,,,,,,,,,,
4557,18.987500,,,,,,,,,,,,,,,
4558,18.991667,,,,,,,,,,,,,,,
4559,18.995833,,,,,,,,,,,,,,,
4560,19.000000,,,,,,,,,,,,,,,
4561,19.004167,,,,,,,,,,,,,,,
4562,19.008333,,,,,,,,,,,,,,,
4563,19.012500,,,,,,,,,,,,,,,
4564,19.016667,,,,,,,,,,,,,,,
4565,19.020833,,,,,,,,,,,,,,,
4566,19.025000,,,,,,,,,,,,,,,
4567,19.029167,,,,,,,,,,,,,,,
4568,19.033333,,,,,,,,,,,,,,,
4569,19.037500,,,,,,,,,,,,,,,
4570,19.041667,,,,,,,,,,,,,,,
4571,19.045833,,,,,,,,,,,,,,,
4572,19.050000,,,,,,,,,,,,,,,
4573,19.054167,,,,,,,,,,,,,,,
4574,19.058333,,,,,,,,,,,,,,,
4575,19.062500,,,,,,,,,,,,,,,
4576,19.066667,,,,,,,,,,,,,,,
4577,19.070833,,,,,,,,,,,,,,,
4578,19.075000,,,,,,,,,,,,,,,
4579,19.079167,,,,,,,,,,,,,,,
4580,19.083333,,,,,,,,,,,,,,,
4581,19.087500,,,,,,,,,,,,,,,
4582,19.091667,,,,,,,,,,,,,,,
4583,19.095833,,,,,,,,,,,,,,,
4584,19.100000,,,,,,,,,,,,,,,
4585,19.104167,,,,,,,,,,,,,,,
4586,19.108333,,,,,,,,,,,,,,,
4587,19.112500,,,,,,,,,,,,,,,
4588,19.116667,,,,,,,,,,,,,,,
4589,19.120833,,,,,,,,,,,,,,,
4590,19.125000,,,,,,,,,,,,,,,
4591,19.129167,,,,,,,,,,,,,,,
4592,19.133333,,,,,,,,,,,,,,,
4593,19.137500,,,,,,,,,,,,,,,
4594,19.141667,,,,,,,,,,,,,,,
4595,19.145833,,,,,,,,,,,,,,,
4596,19.150000,,,,,,,,,,,,,,,
4597,19.154167,,,,,,,,,,,,,,,
4598,19.158333,,,,,,,,,,,,,,,
4599,19.162500,,,,,,,,,,,,,,,
4600,19.166667,,,,,,,,,,,,,,,
4601,19.170833,,,,,,,,,,,,,,,
4602,19.175000,,,,,,,,,,,,,,,
4603,19.179167,,,,,,,,,,,,,,,
4604,19.183333,,,,,,,,,,,,,,,
4605,19.187500,,,,,,,,,,,,,,,
4606,19.191667,,,,,,,,,,,,,,,
4607,19.195833,,,,,,,,,,,,,,,
4608,19.200000,,,,,,,,,,,,,,,
4609,19.204167,,,,,,,,,,,,,,,
4610,19.208333,,,,,,,,,,,,,,,
4611,19.212500,,,,,,,,,,,,,,,
4612,19.216667,,,,,,,,,,,,,,,
4613,19.220833,,,,,,,,,,,,,,,
4614,19.225000,,,,,,,,,,,,,,,
4615,19.229167,,,,,,,,,,,,,,,
4616,19.233333,,,,,,,,,,,,,,,
4617,19.237500,,,,,,,,,,,,,,,
4618,19.241667,,,,,,,,,,,,,,,
4619,19.245833,,,,,,,,,,,,,,,
4620,19.250000,,,,,,,,,,,,,,,
4621,19.254167,,,,,,,,,,,,,,,
4622,19.258333,,,,,,,,,,,,,,,
4623,19.262500,,,,,,,,,,,,,,,
4624,19.266667,,,,,,,,,,,,,,,
4625,19.270833,,,,,,,,,,,,,,,
4626,19.275000,,,,,,,,,,,,,,,
4627,19.279167,,,,,,,,,,,,,,,
4628,19.283333,,,,,,,,,,,,,,,
4629,19.287500,,,,,,,,,,,,,,,
4630,19.291667,,,,,,,,,,,,,,,
4631,19.295833,,,,,,,,,,,,,,,
4632,19.300000,,,,,,,,,,,,,,,
4633,19.304167,,,,,,,,,,,,,,,
4634,19.308333,,,,,,,,,,,,,,,
4635,19.312500,,,,,,,,,,,,,,,
4636,19.316667,,,,,,,,,,,,,,,
4637,19.320833,,,,,,,,,,,,,,,
4638,19.325000,,,,,,,,,,,,,,,
4639,19.329167,,,,,,,,,,,,,,,
4640,19.333333,,,,,,,,,,,,,,,
4641,19.337500,,,,,,,,,,,,,,,
4642,19.341667,,,,,,,,,,,,,,,
4643,19.345833,,,,,,,,,,,,,,,
4644,19.350000,,,,,,,,,,,,,,,
4645,19.354167,,,,,,,,,,,,,,,
4646,19.358333,,,,,,,,,,,,,,,
4647,19.362500,,,,,,,,,,,,,,,
4648,19.366667,,,,,,,,,,,,,,,
4649,19.370833,,,,,,,,,,,,,,,
4650,19.375000,,,,,,,,,,,,,,,
4651,19.379167,,,,,,,,,,,,,,,
4652,19.383333,,,,,,,,,,,,,,,
4653,19.387500,,,,,,,,,,,,,,,
4654,19.391667,,,,,,,,,,,,,,,
4655,19.395833,,,,,,,,,,,,,,,
4656,19.400000,,,,,,,,,,,,,,,
4657,19.404167,,,,,,,,,,,,,,,
4658,19.408333,,,,,,,,,,,,,,,
4659,19.412500,,,,,,,,,,,,,,,
4660,19.416667,,,,,,,,,,,,,,,
4661,19.420833,,,,,,,,,,,,,,,
4662,19.425000,,,,,,,,,,,,,,,
4663,19.429167,,,,,,,,,,,,,,,
4664,19.433333,,,,,,,,,,,,,,,
4665,19.437500,,,,,,,,,,,,,,,
4666,19.441667,,,,,,,,,,,,,,,
4667,19.445833,,,,,,,,,,,,,,,
4668,19.450000,,,,,,,,,,,,,,,
4669,19.454167,,,,,,,,,,,,,,,
4670,19.458333,,,,,,,,,,,,,,,
4671,19.462500,,,,,,,,,,,,,,,
4672,19.466667,,,,,,,,,,,,,,,
4673,19.470833,,,,,,,,,,,,,,,
4674,19.475000,,,,,,,,,,,,,,,
4675,19.479167,,,,,,,,,,,,,,,
4676,19.483333,,,,,,,,,,,,,,,
4677,19.487500,,,,,,,,,,,,,,,
4678,19.491667,,,,,,,,,,,,,,,
4679,19.495833,,,,,,,,,,,,,,,
4680,19.500000,,,,,,,,,,,,,,,
4681,19.504167,,,,,,,,,,,,,,,
4682,19.508333,,,,,,,,,,,,,,,
4683,19.512500,,,,,,,,,,,,,,,
4684,19.516667,,,,,,,,,,,,,,,
4685,19.520833,,,,,,,,,,,,,,,
4686,19.525000,,,,,,,,,,,,,,,
4687,19.529167,,,,,,,,,,,,,,,
4688,19.533333,,,,,,,,,,,,,,,
4689,19.537500,,,,,,,,,,,,,,,
4690,19.541667,,,,,,,,,,,,,,,
4691,19.545833,,,,,,,,,,,,,,,
4692,19.550000,,,,,,,,,,,,,,,
4693,19.554167,,,,,,,,,,,,,,,
4694,19.558333,,,,,,,,,,,,,,,
4695,19.562500,,,,,,,,,,,,,,,
4696,19.566667,,,,,,,,,,,,,,,
4697,19.570833,,,,,,,,,,,,,,,
4698,19.575000,,,,,,,,,,,,,,,
4699,19.579167,,,,,,,,,,,,,,,
4700,19.583333,,,,,,,,,,,,,,,
4701,19.587500,,,,,,,,,,,,,,,
4702,19.591667,,,,,,,,,,,,,,,
4703,19.595833,,,,,,,,,,,,,,,
4704,19.600000,,,,,,,,,,,,,,,
4705,19.604167,,,,,,,,,,,,,,,
4706,19.608333,,,,,,,,,,,,,,,
4707,19.612500,,,,,,,,,,,,,,,
4708,19.616667,,,,,,,,,,,,,,,
4709,19.620833,,,,,,,,,,,,,,,
4710,19.625000,,,,,,,,,,,,,,,
4711,19.629167,,,,,,,,,,,,,,,
4712,19.633333,,,,,,,,,,,,,,,
4713,19.637500,,,,,,,,,,,,,,,
4714,19.641667,,,,,,,,,,,,,,,
4715,19.645833,,,,,,,,,,,,,,,
4716,19.650000,,,,,,,,,,,,,,,
4717,19.654167,,,,,,,,,,,,,,,
4718,19.658333,,,,,,,,,,,,,,,
4719,19.662500,,,,,,,,,,,,,,,
4720,19.666667,,,,,,,,,,,,,,,
4721,19.670833,,,,,,,,,,,,,,,
4722,19.675000,,,,,,,,,,,,,,,
4723,19.679167,,,,,,,,,,,,,,,
4724,19.683333,,,,,,,,,,,,,,,
4725,19.687500,,,,,,,,,,,,,,,
4726,19.691667,,,,,,,,,,,,,,,
4727,19.695833,,,,,,,,,,,,,,,
4728,19.700000,,,,,,,,,,,,,,,
4729,19.704167,,,,,,,,,,,,,,,
4730,19.708333,,,,,,,,,,,,,,,
4731,19.712500,,,,,,,,,,,,,,,
4732,19.716667,,,,,,,,,,,,,,,
4733,19.720833,,,,,,,,,,,,,,,
4734,19.725000,,,,,,,,,,,,,,,
4735,19.729167,,,,,,,,,,,,,,,
4736,19.733333,,,,,,,,,,,,,,,
4737,19.737500,,,,,,,,,,,,,,,
4738,19.741667,,,,,,,,,,,,,,,
4739,19.745833,,,,,,,,,,,,,,,
4740,19.750000,,,,,,,,,,,,,,,
4741,19.754167,,,,,,,,,,,,,,,
4742,19.758333,,,,,,,,,,,,,,,
4743,19.762500,,,,,,,,,,,,,,,
4744,19.766667,,,,,,,,,,,,,,,
4745,19.770833,,,,,,,,,,,,,,,
4746,19.775000,,,,,,,,,,,,,,,
4747,19.779167,,,,,,,,,,,,,,,
4748,19.783333,,,,,,,,,,,,,,,
4749,19.787500,,,,,,,,,,,,,,,
4750,19.791667,,,,,,,,,,,,,,,
4751,19.795833,,,,,,,,,,,,,,,
4752,19.800000,,,,,,,,,,,,,,,
4753,19.804167,,,,,,,,,,,,,,,
4754,19.808333,,,,,,,,,,,,,,,
4755,19.812500,,,,,,,,,,,,,,,
4756,19.816667,,,,,,,,,,,,,,,
4757,19.820833,,,,,,,,,,,,,,,
4758,19.825000,,,,,,,,,,,,,,,
4759,19.829167,,,,,,,,,,,,,,,
4760,19.833333,,,,,,,,,,,,,,,
4761,19.837500,,,,,,,,,,,,,,,
4762,19.841667,,,,,,,,,,,,,,,
4763,19.845833,,,,,,,,,,,,,,,
4764,19.850000,,,,,,,,,,,,,,,
4765,19.854167,,,,,,,,,,,,,,,
4766,19.858333,,,,,,,,,,,,,,,
4767,19.862500,,,,,,,,,,,,,,,
4768,19.866667,,,,,,,,,,,,,,,
4769,19.870833,,,,,,,,,,,,,,,
4770,19.875000,,,,,,,,,,,,,,,
4771,19.879167,,,,,,,,,,,,,,,
4772,19.883333,,,,,,,,,,,,,,,
4773,19.887500,,,,,,,,,,,,,,,
4774,19.891667,,,,,,,,,,,,,,,
4775,19.895833,,,,,,,,,,,,,,,
4776,19.900000,,,,,,,,,,,,,,,
4777,19.904167,,,,,,,,,,,,,,,
4778,19.908333,,,,,,,,,,,,,,,
4779,19.912500,,,,,,,,,,,,,,,
4780,19.916667,,,,,,,,,,,,,,,
4781,19.920833,,,,,,,,,,,,,,,
4782,19.925000,,,,,,,,,,,,,,,
4783,19.929167,,,,,,,,,,,,,,,
4784,19.933333,,,,,,,,,,,,,,,
4785,19.937500,,,,,,,,,,,,,,,
4786,19.941667,,,,,,,,,,,,,,,
4787,19.945833,,,,,,,,,,,,,,,
4788,19.950000,,,,,,,,,,,,,,,
4789,19.954167,,,,,,,,,,,,,,,
4790,19.958333,,,,,,,,,,,,,,,
4791,19.962500,,,,,,,,,,,,,,,
4792,19.966667,,,,,,,,,,,,,,,
4793,19.970833,,,,,,,,,,,,,,,
4794,19.975000,,,,,,,,,,,,,,,
4795,19.979167,,,,,,,,,,,,,,,
4796,19.983333,,,,,,,,,,,,,,,
4797,19.987500,,,,,,,,,,,,,,,
4798,19.991667,,,,,,,,,,,,,,,
4799,19.995833,,,,,,,,,,,,,,,
4800,20.000000,,,,,,,,,,,,,,,
4801,20.004167,,,,,,,,,,,,,,,
4802,20.008333,,,,,,,,,,,,,,,
4803,20.012500,,,,,,,,,,,,,,,
4804,20.016667,,,,,,,,,,,,,,,
4805,20.020833,,,,,,,,,,,,,,,
4806,20.025000,,,,,,,,,,,,,,,
4807,20.029167,,,,,,,,,,,,,,,
4808,20.033333,,,,,,,,,,,,,,,
4809,20.037500,,,,,,,,,,,,,,,
4810,20.041667,,,,,,,,,,,,,,,
4811,20.045833,,,,,,,,,,,,,,,
4812,20.050000,,,,,,,,,,,,,,,
4813,20.054167,,,,,,,,,,,,,,,
4814,20.058333,,,,,,,,,,,,,,,
4815,20.062500,,,,,,,,,,,,,,,
4816,20.066667,,,,,,,,,,,,,,,
4817,20.070833,,,,,,,,,,,,,,,
4818,20.075000,,,,,,,,,,,,,,,
4819,20.079167,,,,,,,,,,,,,,,
4820,20.083333,,,,,,,,,,,,,,,
4821,20.087500,,,,,,,,,,,,,,,
4822,20.091667,,,,,,,,,,,,,,,
4823,20.095833,,,,,,,,,,,,,,,
4824,20.100000,,,,,,,,,,,,,,,
4825,20.104167,,,,,,,,,,,,,,,
4826,20.108333,,,,,,,,,,,,,,,
4827,20.112500,,,,,,,,,,,,,,,
4828,20.116667,,,,,,,,,,,,,,,
4829,20.120833,,,,,,,,,,,,,,,
4830,20.125000,,,,,,,,,,,,,,,
4831,20.129167,,,,,,,,,,,,,,,
4832,20.133333,,,,,,,,,,,,,,,
4833,20.137500,,,,,,,,,,,,,,,
4834,20.141667,,,,,,,,,,,,,,,
4835,20.145833,,,,,,,,,,,,,,,
4836,20.150000,,,,,,,,,,,,,,,
4837,20.154167,,,,,,,,,,,,,,,
4838,20.158333,,,,,,,,,,,,,,,
4839,20.162500,,,,,,,,,,,,,,,
4840,20.166667,,,,,,,,,,,,,,,
4841,20.170833,,,,,,,,,,,,,,,
4842,20.175000,,,,,,,,,,,,,,,
4843,20.179167,,,,,,,,,,,,,,,
4844,20.183333,,,,,,,,,,,,,,,
4845,20.187500,,,,,,,,,,,,,,,
4846,20.191667,,,,,,,,,,,,,,,
4847,20.195833,,,,,,,,,,,,,,,
4848,20.200000,,,,,,,,,,,,,,,
4849,20.204167,,,,,,,,,,,,,,,
4850,20.208333,,,,,,,,,,,,,,,
4851,20.212500,,,,,,,,,,,,,,,
4852,20.216667,,,,,,,,,,,,,,,
4853,20.220833,,,,,,,,,,,,,,,
4854,20.225000,,,,,,,,,,,,,,,
4855,20.229167,,,,,,,,,,,,,,,
4856,20.233333,,,,,,,,,,,,,,,
4857,20.237500,,,,,,,,,,,,,,,
4858,20.241667,,,,,,,,,,,,,,,
4859,20.245833,,,,,,,,,,,,,,,
4860,20.250000,,,,,,,,,,,,,,,
4861,20.254167,,,,,,,,,,,,,,,
4862,20.258333,,,,,,,,,,,,,,,
4863,20.262500,,,,,,,,,,,,,,,
4864,20.266667,,,,,,,,,,,,,,,
4865,20.270833,,,,,,,,,,,,,,,
4866,20.275000,,,,,,,,,,,,,,,
4867,20.279167,,,,,,,,,,,,,,,
4868,20.283333,,,,,,,,,,,,,,,
4869,20.287500,,,,,,,,,,,,,,,
4870,20.291667,,,,,,,,,,,,,,,
4871,20.295833,,,,,,,,,,,,,,,
4872,20.300000,,,,,,,,,,,,,,,
4873,20.304167,,,,,,,,,,,,,,,
4874,20.308333,,,,,,,,,,,,,,,
4875,20.312500,,,,,,,,,,,,,,,
4876,20.316667,,,,,,,,,,,,,,,
4877,20.320833,,,,,,,,,,,,,,,
4878,20.325000,,,,,,,,,,,,,,,
4879,20.329167,,,,,,,,,,,,,,,
4880,20.333333,,,,,,,,,,,,,,,
4881,20.337500,,,,,,,,,,,,,,,
4882,20.341667,,,,,,,,,,,,,,,
4883,20.345833,,,,,,,,,,,,,,,
4884,20.350000,,,,,,,,,,,,,,,
4885,20.354167,,,,,,,,,,,,,,,
4886,20.358333,,,,,,,,,,,,,,,
4887,20.362500,,,,,,,,,,,,,,,
4888,20.366667,,,,,,,,,,,,,,,
4889,20.370833,,,,,,,,,,,,,,,
4890,20.375000,,,,,,,,,,,,,,,
4891,20.379167,,,,,,,,,,,,,,,
4892,20.383333,,,,,,,,,,,,,,,
4893,20.387500,,,,,,,,,,,,,,,
4894,20.391667,,,,,,,,,,,,,,,
4895,20.395833,,,,,,,,,,,,,,,
4896,20.400000,,,,,,,,,,,,,,,
4897,20.404167,,,,,,,,,,,,,,,
4898,20.408333,,,,,,,,,,,,,,,
4899,20.412500,,,,,,,,,,,,,,,
4900,20.416667,,,,,,,,,,,,,,,
4901,20.420833,,,,,,,,,,,,,,,
4902,20.425000,,,,,,,,,,,,,,,
4903,20.429167,,,,,,,,,,,,,,,
4904,20.433333,,,,,,,,,,,,,,,
4905,20.437500,,,,,,,,,,,,,,,
4906,20.441667,,,,,,,,,,,,,,,
4907,20.445833,,,,,,,,,,,,,,,
4908,20.450000,,,,,,,,,,,,,,,
4909,20.454167,,,,,,,,,,,,,,,
4910,20.458333,,,,,,,,,,,,,,,
4911,20.462500,,,,,,,,,,,,,,,
4912,20.466667,,,,,,,,,,,,,,,
4913,20.470833,,,,,,,,,,,,,,,
4914,20.475000,,,,,,,,,,,,,,,
4915,20.479167,,,,,,,,,,,,,,,
4916,20.483333,,,,,,,,,,,,,,,
4917,20.487500,,,,,,,,,,,,,,,
4918,20.491667,,,,,,,,,,,,,,,
4919,20.495833,,,,,,,,,,,,,,,
4920,20.500000,,,,,,,,,,,,,,,
4921,20.504167,,,,,,,,,,,,,,,
4922,20.508333,,,,,,,,,,,,,,,
4923,20.512500,,,,,,,,,,,,,,,
4924,20.516667,,,,,,,,,,,,,,,
4925,20.520833,,,,,,,,,,,,,,,
4926,20.525000,,,,,,,,,,,,,,,
4927,20.529167,,,,,,,,,,,,,,,
4928,20.533333,,,,,,,,,,,,,,,
4929,20.537500,,,,,,,,,,,,,,,
4930,20.541667,,,,,,,,,,,,,,,
4931,20.545833,,,,,,,,,,,,,,,
4932,20.550000,,,,,,,,,,,,,,,
4933,20.554167,,,,,,,,,,,,,,,
4934,20.558333,,,,,,,,,,,,,,,
4935,20.562500,,,,,,,,,,,,,,,
4936,20.566667,,,,,,,,,,,,,,,
4937,20.570833,,,,,,,,,,,,,,,
4938,20.575000,,,,,,,,,,,,,,,
4939,20.579167,,,,,,,,,,,,,,,
4940,20.583333,,,,,,,,,,,,,,,
4941,20.587500,,,,,,,,,,,,,,,
4942,20.591667,,,,,,,,,,,,,,,
4943,20.595833,,,,,,,,,,,,,,,
4944,20.600000,,,,,,,,,,,,,,,
4945,20.604167,,,,,,,,,,,,,,,
4946,20.608333,,,,,,,,,,,,,,,
4947,20.612500,,,,,,,,,,,,,,,
4948,20.616667,,,,,,,,,,,,,,,
4949,20.620833,,,,,,,,,,,,,,,
4950,20.625000,,,,,,,,,,,,,,,
4951,20.629167,,,,,,,,,,,,,,,
4952,20.633333,,,,,,,,,,,,,,,
4953,20.637500,,,,,,,,,,,,,,,
4954,20.641667,,,,,,,,,,,,,,,
4955,20.645833,,,,,,,,,,,,,,,
4956,20.650000,,,,,,,,,,,,,,,
4957,20.654167,,,,,,,,,,,,,,,
4958,20.658333,,,,,,,,,,,,,,,
4959,20.662500,,,,,,,,,,,,,,,
4960,20.666667,,,,,,,,,,,,,,,
4961,20.670833,,,,,,,,,,,,,,,
4962,20.675000,,,,,,,,,,,,,,,
4963,20.679167,,,,,,,,,,,,,,,
4964,20.683333,,,,,,,,,,,,,,,
4965,20.687500,,,,,,,,,,,,,,,
4966,20.691667,,,,,,,,,,,,,,,
4967,20.695833,,,,,,,,,,,,,,,
4968,20.700000,,,,,,,,,,,,,,,
4969,20.704167,,,,,,,,,,,,,,,
4970,20.708333,,,,,,,,,,,,,,,
4971,20.712500,,,,,,,,,,,,,,,
4972,20.716667,,,,,,,,,,,,,,,
4973,20.720833,,,,,,,,,,,,,,,
4974,20.725000,,,,,,,,,,,,,,,
4975,20.729167,,,,,,,,,,,,,,,
4976,20.733333,,,,,,,,,,,,,,,
4977,20.737500,,,,,,,,,,,,,,,
4978,20.741667,,,,,,,,,,,,,,,
4979,20.745833,,,,,,,,,,,,,,,
4980,20.750000,,,,,,,,,,,,,,,
4981,20.754167,,,,,,,,,,,,,,,
4982,20.758333,,,,,,,,,,,,,,,
4983,20.762500,,,,,,,,,,,,,,,
4984,20.766667,,,,,,,,,,,,,,,
4985,20.770833,,,,,,,,,,,,,,,
4986,20.775000,,,,,,,,,,,,,,,
4987,20.779167,,,,,,,,,,,,,,,
4988,20.783333,,,,,,,,,,,,,,,
4989,20.787500,,,,,,,,,,,,,,,
4990,20.791667,,,,,,,,,,,,,,,
4991,20.795833,,,,,,,,,,,,,,,
4992,20.800000,,,,,,,,,,,,,,,
4993,20.804167,,,,,,,,,,,,,,,
4994,20.808333,,,,,,,,,,,,,,,
4995,20.812500,,,,,,,,,,,,,,,
4996,20.816667,,,,,,,,,,,,,,,
4997,20.820833,,,,,,,,,,,,,,,
4998,20.825000,,,,,,,,,,,,,,,
4999,20.829167,,,,,,,,,,,,,,,
5000,20.833333,,,,,,,,,,,,,,,
5001,20.837500,,,,,,,,,,,,,,,
5002,20.841667,,,,,,,,,,,,,,,
5003,20.845833,,,,,,,,,,,,,,,
5004,20.850000,,,,,,,,,,,,,,,
5005,20.854167,,,,,,,,,,,,,,,
5006,20.858333,,,,,,,,,,,,,,,
5007,20.862500,,,,,,,,,,,,,,,
5008,20.866667,,,,,,,,,,,,,,,
5009,20.870833,,,,,,,,,,,,,,,
5010,20.875000,,,,,,,,,,,,,,,
5011,20.879167,,,,,,,,,,,,,,,
5012,20.883333,,,,,,,,,,,,,,,
5013,20.887500,,,,,,,,,,,,,,,
5014,20.891667,,,,,,,,,,,,,,,
5015,20.895833,,,,,,,,,,,,,,,
5016,20.900000,,,,,,,,,,,,,,,
5017,20.904167,,,,,,,,,,,,,,,
5018,20.908333,,,,,,,,,,,,,,,
5019,20.912500,,,,,,,,,,,,,,,
5020,20.916667,,,,,,,,,,,,,,,
5021,20.920833,,,,,,,,,,,,,,,
5022,20.925000,,,,,,,,,,,,,,,
5023,20.929167,,,,,,,,,,,,,,,
5024,20.933333,,,,,,,,,,,,,,,
5025,20.937500,,,,,,,,,,,,,,,
5026,20.941667,,,,,,,,,,,,,,,
5027,20.945833,,,,,,,,,,,,,,,
5028,20.950000,,,,,,,,,,,,,,,
5029,20.954167,,,,,,,,,,,,,,,
5030,20.958333,,,,,,,,,,,,,,,
5031,20.962500,,,,,,,,,,,,,,,
5032,20.966667,,,,,,,,,,,,,,,
5033,20.970833,,,,,,,,,,,,,,,
5034,20.975000,,,,,,,,,,,,,,,
5035,20.979167,,,,,,,,,,,,,,,
5036,20.983333,,,,,,,,,,,,,,,
5037,20.987500,,,,,,,,,,,,,,,
5038,20.991667,,,,,,,,,,,,,,,
5039,20.995833,,,,,,,,,,,,,,,
5040,21.000000,,,,,,,,,,,,,,,
5041,21.004167,,,,,,,,,,,,,,,
5042,21.008333,,,,,,,,,,,,,,,
5043,21.012500,,,,,,,,,,,,,,,
5044,21.016667,,,,,,,,,,,,,,,
5045,21.020833,,,,,,,,,,,,,,,
5046,21.025000,,,,,,,,,,,,,,,
5047,21.029167,,,,,,,,,,,,,,,
5048,21.033333,,,,,,,,,,,,,,,
5049,21.037500,,,,,,,,,,,,,,,
5050,21.041667,,,,,,,,,,,,,,,
5051,21.045833,,,,,,,,,,,,,,,
5052,21.050000,,,,,,,,,,,,,,,
5053,21.054167,,,,,,,,,,,,,,,
5054,21.058333,,,,,,,,,,,,,,,
5055,21.062500,,,,,,,,,,,,,,,
5056,21.066667,,,,,,,,,,,,,,,
5057,21.070833,,,,,,,,,,,,,,,
5058,21.075000,,,,,,,,,,,,,,,
5059,21.079167,,,,,,,,,,,,,,,
5060,21.083333,,,,,,,,,,,,,,,
5061,21.087500,,,,,,,,,,,,,,,
5062,21.091667,,,,,,,,,,,,,,,
5063,21.095833,,,,,,,,,,,,,,,
5064,21.100000,,,,,,,,,,,,,,,
5065,21.104167,,,,,,,,,,,,,,,
5066,21.108333,,,,,,,,,,,,,,,
5067,21.112500,,,,,,,,,,,,,,,
5068,21.116667,,,,,,,,,,,,,,,
5069,21.120833,,,,,,,,,,,,,,,
5070,21.125000,,,,,,,,,,,,,,,
5071,21.129167,,,,,,,,,,,,,,,
5072,21.133333,,,,,,,,,,,,,,,
5073,21.137500,,,,,,,,,,,,,,,
5074,21.141667,,,,,,,,,,,,,,,
5075,21.145833,,,,,,,,,,,,,,,
5076,21.150000,,,,,,,,,,,,,,,
5077,21.154167,,,,,,,,,,,,,,,
5078,21.158333,,,,,,,,,,,,,,,
5079,21.162500,,,,,,,,,,,,,,,
5080,21.166667,,,,,,,,,,,,,,,
5081,21.170833,,,,,,,,,,,,,,,
5082,21.175000,,,,,,,,,,,,,,,
5083,21.179167,,,,,,,,,,,,,,,
5084,21.183333,,,,,,,,,,,,,,,
5085,21.187500,,,,,,,,,,,,,,,
5086,21.191667,,,,,,,,,,,,,,,
5087,21.195833,,,,,,,,,,,,,,,
5088,21.200000,,,,,,,,,,,,,,,
5089,21.204167,,,,,,,,,,,,,,,
5090,21.208333,,,,,,,,,,,,,,,
5091,21.212500,,,,,,,,,,,,,,,
5092,21.216667,,,,,,,,,,,,,,,
5093,21.220833,,,,,,,,,,,,,,,
5094,21.225000,,,,,,,,,,,,,,,
5095,21.229167,,,,,,,,,,,,,,,
5096,21.233333,,,,,,,,,,,,,,,
5097,21.237500,,,,,,,,,,,,,,,
5098,21.241667,,,,,,,,,,,,,,,
5099,21.245833,,,,,,,,,,,,,,,
5100,21.250000,,,,,,,,,,,,,,,
5101,21.254167,,,,,,,,,,,,,,,
5102,21.258333,,,,,,,,,,,,,,,
5103,21.262500,,,,,,,,,,,,,,,
5104,21.266667,,,,,,,,,,,,,,,
5105,21.270833,,,,,,,,,,,,,,,
5106,21.275000,,,,,,,,,,,,,,,
5107,21.279167,,,,,,,,,,,,,,,
5108,21.283333,,,,,,,,,,,,,,,
5109,21.287500,,,,,,,,,,,,,,,
5110,21.291667,,,,,,,,,,,,,,,
5111,21.295833,,,,,,,,,,,,,,,
5112,21.300000,,,,,,,,,,,,,,,
5113,21.304167,,,,,,,,,,,,,,,
5114,21.308333,,,,,,,,,,,,,,,
5115,21.312500,,,,,,,,,,,,,,,
5116,21.316667,,,,,,,,,,,,,,,
5117,21.320833,,,,,,,,,,,,,,,
5118,21.325000,,,,,,,,,,,,,,,
5119,21.329167,,,,,,,,,,,,,,,
5120,21.333333,,,,,,,,,,,,,,,
5121,21.337500,,,,,,,,,,,,,,,
5122,21.341667,,,,,,,,,,,,,,,
5123,21.345833,,,,,,,,,,,,,,,
5124,21.350000,,,,,,,,,,,,,,,
5125,21.354167,,,,,,,,,,,,,,,
5126,21.358333,,,,,,,,,,,,,,,
5127,21.362500,,,,,,,,,,,,,,,
5128,21.366667,,,,,,,,,,,,,,,
5129,21.370833,,,,,,,,,,,,,,,
5130,21.375000,,,,,,,,,,,,,,,
5131,21.379167,,,,,,,,,,,,,,,
5132,21.383333,,,,,,,,,,,,,,,
5133,21.387500,,,,,,,,,,,,,,,
5134,21.391667,,,,,,,,,,,,,,,
5135,21.395833,,,,,,,,,,,,,,,
5136,21.400000,,,,,,,,,,,,,,,
5137,21.404167,,,,,,,,,,,,,,,
5138,21.408333,,,,,,,,,,,,,,,
5139,21.412500,,,,,,,,,,,,,,,
5140,21.416667,,,,,,,,,,,,,,,
5141,21.420833,,,,,,,,,,,,,,,
5142,21.425000,,,,,,,,,,,,,,,
5143,21.429167,,,,,,,,,,,,,,,
5144,21.433333,,,,,,,,,,,,,,,
5145,21.437500,,,,,,,,,,,,,,,
5146,21.441667,,,,,,,,,,,,,,,
5147,21.445833,,,,,,,,,,,,,,,
5148,21.450000,,,,,,,,,,,,,,,
5149,21.454167,,,,,,,,,,,,,,,
5150,21.458333,,,,,,,,,,,,,,,
5151,21.462500,,,,,,,,,,,,,,,
5152,21.466667,,,,,,,,,,,,,,,
5153,21.470833,,,,,,,,,,,,,,,
5154,21.475000,,,,,,,,,,,,,,,
5155,21.479167,,,,,,,,,,,,,,,
5156,21.483333,,,,,,,,,,,,,,,
5157,21.487500,,,,,,,,,,,,,,,
5158,21.491667,,,,,,,,,,,,,,,
5159,21.495833,,,,,,,,,,,,,,,
5160,21.500000,,,,,,,,,,,,,,,
5161,21.504167,,,,,,,,,,,,,,,
5162,21.508333,,,,,,,,,,,,,,,
5163,21.512500,,,,,,,,,,,,,,,
5164,21.516667,,,,,,,,,,,,,,,
5165,21.520833,,,,,,,,,,,,,,,
5166,21.525000,,,,,,,,,,,,,,,
5167,21.529167,,,,,,,,,,,,,,,
5168,21.533333,,,,,,,,,,,,,,,
5169,21.537500,,,,,,,,,,,,,,,
5170,21.541667,,,,,,,,,,,,,,,
5171,21.545833,,,,,,,,,,,,,,,
5172,21.550000,,,,,,,,,,,,,,,
5173,21.554167,,,,,,,,,,,,,,,
5174,21.558333,,,,,,,,,,,,,,,
5175,21.562500,,,,,,,,,,,,,,,
5176,21.566667,,,,,,,,,,,,,,,
5177,21.570833,,,,,,,,,,,,,,,
5178,21.575000,,,,,,,,,,,,,,,
5179,21.579167,,,,,,,,,,,,,,,
5180,21.583333,,,,,,,,,,,,,,,
5181,21.587500,,,,,,,,,,,,,,,
5182,21.591667,,,,,,,,,,,,,,,
5183,21.595833,,,,,,,,,,,,,,,
5184,21.600000,,,,,,,,,,,,,,,
5185,21.604167,,,,,,,,,,,,,,,
5186,21.608333,,,,,,,,,,,,,,,
5187,21.612500,,,,,,,,,,,,,,,
5188,21.616667,,,,,,,,,,,,,,,
5189,21.620833,,,,,,,,,,,,,,,
5190,21.625000,,,,,,,,,,,,,,,
5191,21.629167,,,,,,,,,,,,,,,
5192,21.633333,,,,,,,,,,,,,,,
5193,21.637500,,,,,,,,,,,,,,,
5194,21.641667,,,,,,,,,,,,,,,
5195,21.645833,,,,,,,,,,,,,,,
5196,21.650000,,,,,,,,,,,,,,,
5197,21.654167,,,,,,,,,,,,,,,
5198,21.658333,,,,,,,,,,,,,,,
5199,21.662500,,,,,,,,,,,,,,,
5200,21.666667,,,,,,,,,,,,,,,
5201,21.670833,,,,,,,,,,,,,,,
5202,21.675000,,,,,,,,,,,,,,,
5203,21.679167,,,,,,,,,,,,,,,
5204,21.683333,,,,,,,,,,,,,,,
5205,21.687500,,,,,,,,,,,,,,,
5206,21.691667,,,,,,,,,,,,,,,
5207,21.695833,,,,,,,,,,,,,,,
5208,21.700000,,,,,,,,,,,,,,,
5209,21.704167,,,,,,,,,,,,,,,
5210,21.708333,,,,,,,,,,,,,,,
5211,21.712500,,,,,,,,,,,,,,,
5212,21.716667,,,,,,,,,,,,,,,
5213,21.720833,,,,,,,,,,,,,,,
5214,21.725000,,,,,,,,,,,,,,,
5215,21.729167,,,,,,,,,,,,,,,
5216,21.733333,,,,,,,,,,,,,,,
5217,21.737500,,,,,,,,,,,,,,,
5218,21.741667,,,,,,,,,,,,,,,
5219,21.745833,,,,,,,,,,,,,,,
5220,21.750000,,,,,,,,,,,,,,,
5221,21.754167,,,,,,,,,,,,,,,
5222,21.758333,,,,,,,,,,,,,,,
5223,21.762500,,,,,,,,,,,,,,,
5224,21.766667,,,,,,,,,,,,,,,
5225,21.770833,,,,,,,,,,,,,,,
5226,21.775000,,,,,,,,,,,,,,,
5227,21.779167,,,,,,,,,,,,,,,
5228,21.783333,,,,,,,,,,,,,,,
5229,21.787500,,,,,,,,,,,,,,,
5230,21.791667,,,,,,,,,,,,,,,
5231,21.795833,,,,,,,,,,,,,,,
5232,21.800000,,,,,,,,,,,,,,,
5233,21.804167,,,,,,,,,,,,,,,
5234,21.808333,,,,,,,,,,,,,,,
5235,21.812500,,,,,,,,,,,,,,,
5236,21.816667,,,,,,,,,,,,,,,
5237,21.820833,,,,,,,,,,,,,,,
5238,21.825000,,,,,,,,,,,,,,,
5239,21.829167,,,,,,,,,,,,,,,
5240,21.833333,,,,,,,,,,,,,,,
5241,21.837500,,,,,,,,,,,,,,,
5242,21.841667,,,,,,,,,,,,,,,
5243,21.845833,,,,,,,,,,,,,,,
5244,21.850000,,,,,,,,,,,,,,,
5245,21.854167,,,,,,,,,,,,,,,
5246,21.858333,,,,,,,,,,,,,,,
5247,21.862500,,,,,,,,,,,,,,,
5248,21.866667,,,,,,,,,,,,,,,
5249,21.870833,,,,,,,,,,,,,,,
5250,21.875000,,,,,,,,,,,,,,,
5251,21.879167,,,,,,,,,,,,,,,
5252,21.883333,,,,,,,,,,,,,,,
5253,21.887500,,,,,,,,,,,,,,,
5254,21.891667,,,,,,,,,,,,,,,
5255,21.895833,,,,,,,,,,,,,,,
5256,21.900000,,,,,,,,,,,,,,,
5257,21.904167,,,,,,,,,,,,,,,
5258,21.908333,,,,,,,,,,,,,,,
5259,21.912500,,,,,,,,,,,,,,,
5260,21.916667,,,,,,,,,,,,,,,
5261,21.920833,,,,,,,,,,,,,,,
5262,21.925000,,,,,,,,,,,,,,,
5263,21.929167,,,,,,,,,,,,,,,
5264,21.933333,,,,,,,,,,,,,,,
5265,21.937500,,,,,,,,,,,,,,,
5266,21.941667,,,,,,,,,,,,,,,
5267,21.945833,,,,,,,,,,,,,,,
5268,21.950000,,,,,,,,,,,,,,,
5269,21.954167,,,,,,,,,,,,,,,
5270,21.958333,,,,,,,,,,,,,,,
5271,21.962500,,,,,,,,,,,,,,,
5272,21.966667,,,,,,,,,,,,,,,
5273,21.970833,,,,,,,,,,,,,,,
5274,21.975000,,,,,,,,,,,,,,,
5275,21.979167,,,,,,,,,,,,,,,
5276,21.983333,,,,,,,,,,,,,,,
5277,21.987500,,,,,,,,,,,,,,,
5278,21.991667,,,,,,,,,,,,,,,
5279,21.995833,,,,,,,,,,,,,,,
5280,22.000000,,,,,,,,,,,,,,,
5281,22.004167,,,,,,,,,,,,,,,
5282,22.008333,,,,,,,,,,,,,,,
5283,22.012500,,,,,,,,,,,,,,,
5284,22.016667,,,,,,,,,,,,,,,
5285,22.020833,,,,,,,,,,,,,,,
5286,22.025000,,,,,,,,,,,,,,,
5287,22.029167,,,,,,,,,,,,,,,
5288,22.033333,,,,,,,,,,,,,,,
5289,22.037500,,,,,,,,,,,,,,,
5290,22.041667,,,,,,,,,,,,,,,
5291,22.045833,,,,,,,,,,,,,,,
5292,22.050000,,,,,,,,,,,,,,,
5293,22.054167,,,,,,,,,,,,,,,
5294,22.058333,,,,,,,,,,,,,,,
5295,22.062500,,,,,,,,,,,,,,,
5296,22.066667,,,,,,,,,,,,,,,
5297,22.070833,,,,,,,,,,,,,,,
5298,22.075000,,,,,,,,,,,,,,,
5299,22.079167,,,,,,,,,,,,,,,
5300,22.083333,,,,,,,,,,,,,,,
5301,22.087500,,,,,,,,,,,,,,,
5302,22.091667,,,,,,,,,,,,,,,
5303,22.095833,,,,,,,,,,,,,,,
5304,22.100000,,,,,,,,,,,,,,,
5305,22.104167,,,,,,,,,,,,,,,
5306,22.108333,,,,,,,,,,,,,,,
5307,22.112500,,,,,,,,,,,,,,,
5308,22.116667,,,,,,,,,,,,,,,
5309,22.120833,,,,,,,,,,,,,,,
5310,22.125000,,,,,,,,,,,,,,,
5311,22.129167,,,,,,,,,,,,,,,
5312,22.133333,,,,,,,,,,,,,,,
5313,22.137500,,,,,,,,,,,,,,,
5314,22.141667,,,,,,,,,,,,,,,
5315,22.145833,,,,,,,,,,,,,,,
5316,22.150000,,,,,,,,,,,,,,,
5317,22.154167,,,,,,,,,,,,,,,
5318,22.158333,,,,,,,,,,,,,,,
5319,22.162500,,,,,,,,,,,,,,,
5320,22.166667,,,,,,,,,,,,,,,
5321,22.170833,,,,,,,,,,,,,,,
5322,22.175000,,,,,,,,,,,,,,,
5323,22.179167,,,,,,,,,,,,,,,
5324,22.183333,,,,,,,,,,,,,,,
5325,22.187500,,,,,,,,,,,,,,,
5326,22.191667,,,,,,,,,,,,,,,
5327,22.195833,,,,,,,,,,,,,,,
5328,22.200000,,,,,,,,,,,,,,,
5329,22.204167,,,,,,,,,,,,,,,
5330,22.208333,,,,,,,,,,,,,,,
5331,22.212500,,,,,,,,,,,,,,,
5332,22.216667,,,,,,,,,,,,,,,
5333,22.220833,,,,,,,,,,,,,,,
5334,22.225000,,,,,,,,,,,,,,,
5335,22.229167,,,,,,,,,,,,,,,
5336,22.233333,,,,,,,,,,,,,,,
5337,22.237500,,,,,,,,,,,,,,,
5338,22.241667,,,,,,,,,,,,,,,
5339,22.245833,,,,,,,,,,,,,,,
5340,22.250000,,,,,,,,,,,,,,,
5341,22.254167,,,,,,,,,,,,,,,
5342,22.258333,,,,,,,,,,,,,,,
5343,22.262500,,,,,,,,,,,,,,,
5344,22.266667,,,,,,,,,,,,,,,
5345,22.270833,,,,,,,,,,,,,,,
5346,22.275000,,,,,,,,,,,,,,,
5347,22.279167,,,,,,,,,,,,,,,
5348,22.283333,,,,,,,,,,,,,,,
5349,22.287500,,,,,,,,,,,,,,,
5350,22.291667,,,,,,,,,,,,,,,
5351,22.295833,,,,,,,,,,,,,,,
5352,22.300000,,,,,,,,,,,,,,,
5353,22.304167,,,,,,,,,,,,,,,
5354,22.308333,,,,,,,,,,,,,,,
5355,22.312500,,,,,,,,,,,,,,,
5356,22.316667,,,,,,,,,,,,,,,
5357,22.320833,,,,,,,,,,,,,,,
5358,22.325000,,,,,,,,,,,,,,,
5359,22.329167,,,,,,,,,,,,,,,
5360,22.333333,,,,,,,,,,,,,,,
5361,22.337500,,,,,,,,,,,,,,,
5362,22.341667,,,,,,,,,,,,,,,
5363,22.345833,,,,,,,,,,,,,,,
5364,22.350000,,,,,,,,,,,,,,,
5365,22.354167,,,,,,,,,,,,,,,
5366,22.358333,,,,,,,,,,,,,,,
5367,22.362500,,,,,,,,,,,,,,,
5368,22.366667,,,,,,,,,,,,,,,
5369,22.370833,,,,,,,,,,,,,,,
5370,22.375000,,,,,,,,,,,,,,,
5371,22.379167,,,,,,,,,,,,,,,
5372,22.383333,,,,,,,,,,,,,,,
5373,22.387500,,,,,,,,,,,,,,,
5374,22.391667,,,,,,,,,,,,,,,
5375,22.395833,,,,,,,,,,,,,,,
5376,22.400000,,,,,,,,,,,,,,,
5377,22.404167,,,,,,,,,,,,,,,
5378,22.408333,,,,,,,,,,,,,,,
5379,22.412500,,,,,,,,,,,,,,,
5380,22.416667,,,,,,,,,,,,,,,
5381,22.420833,,,,,,,,,,,,,,,
5382,22.425000,,,,,,,,,,,,,,,
5383,22.429167,,,,,,,,,,,,,,,
5384,22.433333,,,,,,,,,,,,,,,
5385,22.437500,,,,,,,,,,,,,,,
5386,22.441667,,,,,,,,,,,,,,,
5387,22.445833,,,,,,,,,,,,,,,
5388,22.450000,,,,,,,,,,,,,,,
5389,22.454167,,,,,,,,,,,,,,,
5390,22.458333,,,,,,,,,,,,,,,
5391,22.462500,,,,,,,,,,,,,,,
5392,22.466667,,,,,,,,,,,,,,,
5393,22.470833,,,,,,,,,,,,,,,
5394,22.475000,,,,,,,,,,,,,,,
5395,22.479167,,,,,,,,,,,,,,,
5396,22.483333,,,,,,,,,,,,,,,
5397,22.487500,,,,,,,,,,,,,,,
5398,22.491667,,,,,,,,,,,,,,,
5399,22.495833,,,,,,,,,,,,,,,
5400,22.500000,,,,,,,,,,,,,,,
5401,22.504167,,,,,,,,,,,,,,,
5402,22.508333,,,,,,,,,,,,,,,
5403,22.512500,,,,,,,,,,,,,,,
5404,22.516667,,,,,,,,,,,,,,,
5405,22.520833,,,,,,,,,,,,,,,
5406,22.525000,,,,,,,,,,,,,,,
5407,22.529167,,,,,,,,,,,,,,,
5408,22.533333,,,,,,,,,,,,,,,
5409,22.537500,,,,,,,,,,,,,,,
5410,22.541667,,,,,,,,,,,,,,,
5411,22.545833,,,,,,,,,,,,,,,
5412,22.550000,,,,,,,,,,,,,,,
5413,22.554167,,,,,,,,,,,,,,,
5414,22.558333,,,,,,,,,,,,,,,
5415,22.562500,,,,,,,,,,,,,,,
5416,22.566667,,,,,,,,,,,,,,,
5417,22.570833,,,,,,,,,,,,,,,
5418,22.575000,,,,,,,,,,,,,,,
5419,22.579167,,,,,,,,,,,,,,,
5420,22.583333,,,,,,,,,,,,,,,
5421,22.587500,,,,,,,,,,,,,,,
5422,22.591667,,,,,,,,,,,,,,,
5423,22.595833,,,,,,,,,,,,,,,
5424,22.600000,,,,,,,,,,,,,,,
5425,22.604167,,,,,,,,,,,,,,,
5426,22.608333,,,,,,,,,,,,,,,
5427,22.612500,,,,,,,,,,,,,,,
5428,22.616667,,,,,,,,,,,,,,,
5429,22.620833,,,,,,,,,,,,,,,
5430,22.625000,,,,,,,,,,,,,,,
5431,22.629167,,,,,,,,,,,,,,,
5432,22.633333,,,,,,,,,,,,,,,
5433,22.637500,,,,,,,,,,,,,,,
5434,22.641667,,,,,,,,,,,,,,,
5435,22.645833,,,,,,,,,,,,,,,
5436,22.650000,,,,,,,,,,,,,,,
5437,22.654167,,,,,,,,,,,,,,,
5438,22.658333,,,,,,,,,,,,,,,
5439,22.662500,,,,,,,,,,,,,,,
5440,22.666667,,,,,,,,,,,,,,,
5441,22.670833,,,,,,,,,,,,,,,
5442,22.675000,,,,,,,,,,,,,,,
5443,22.679167,,,,,,,,,,,,,,,
5444,22.683333,,,,,,,,,,,,,,,
5445,22.687500,,,,,,,,,,,,,,,
5446,22.691667,,,,,,,,,,,,,,,
5447,22.695833,,,,,,,,,,,,,,,
5448,22.700000,,,,,,,,,,,,,,,
5449,22.704167,,,,,,,,,,,,,,,
5450,22.708333,,,,,,,,,,,,,,,
5451,22.712500,,,,,,,,,,,,,,,
5452,22.716667,,,,,,,,,,,,,,,
5453,22.720833,,,,,,,,,,,,,,,
5454,22.725000,,,,,,,,,,,,,,,
5455,22.729167,,,,,,,,,,,,,,,
5456,22.733333,,,,,,,,,,,,,,,
5457,22.737500,,,,,,,,,,,,,,,
5458,22.741667,,,,,,,,,,,,,,,
5459,22.745833,,,,,,,,,,,,,,,
5460,22.750000,,,,,,,,,,,,,,,
5461,22.754167,,,,,,,,,,,,,,,
5462,22.758333,,,,,,,,,,,,,,,
5463,22.762500,,,,,,,,,,,,,,,
5464,22.766667,,,,,,,,,,,,,,,
5465,22.770833,,,,,,,,,,,,,,,
5466,22.775000,,,,,,,,,,,,,,,
5467,22.779167,,,,,,,,,,,,,,,
5468,22.783333,,,,,,,,,,,,,,,
5469,22.787500,,,,,,,,,,,,,,,
5470,22.791667,,,,,,,,,,,,,,,
5471,22.795833,,,,,,,,,,,,,,,
5472,22.800000,,,,,,,,,,,,,,,
5473,22.804167,,,,,,,,,,,,,,,
5474,22.808333,,,,,,,,,,,,,,,
5475,22.812500,,,,,,,,,,,,,,,
5476,22.816667,,,,,,,,,,,,,,,
5477,22.820833,,,,,,,,,,,,,,,
5478,22.825000,,,,,,,,,,,,,,,
5479,22.829167,,,,,,,,,,,,,,,
5480,22.833333,,,,,,,,,,,,,,,
5481,22.837500,,,,,,,,,,,,,,,
5482,22.841667,,,,,,,,,,,,,,,
5483,22.845833,,,,,,,,,,,,,,,
5484,22.850000,,,,,,,,,,,,,,,
5485,22.854167,,,,,,,,,,,,,,,
5486,22.858333,,,,,,,,,,,,,,,
5487,22.862500,,,,,,,,,,,,,,,
5488,22.866667,,,,,,,,,,,,,,,
5489,22.870833,,,,,,,,,,,,,,,
5490,22.875000,,,,,,,,,,,,,,,
5491,22.879167,,,,,,,,,,,,,,,
5492,22.883333,,,,,,,,,,,,,,,
5493,22.887500,,,,,,,,,,,,,,,
5494,22.891667,,,,,,,,,,,,,,,
5495,22.895833,,,,,,,,,,,,,,,
5496,22.900000,,,,,,,,,,,,,,,
5497,22.904167,,,,,,,,,,,,,,,
5498,22.908333,,,,,,,,,,,,,,,
5499,22.912500,,,,,,,,,,,,,,,
5500,22.916667,,,,,,,,,,,,,,,
5501,22.920833,,,,,,,,,,,,,,,
5502,22.925000,,,,,,,,,,,,,,,
5503,22.929167,,,,,,,,,,,,,,,
5504,22.933333,,,,,,,,,,,,,,,
5505,22.937500,,,,,,,,,,,,,,,
5506,22.941667,,,,,,,,,,,,,,,
5507,22.945833,,,,,,,,,,,,,,,
5508,22.950000,,,,,,,,,,,,,,,
5509,22.954167,,,,,,,,,,,,,,,
5510,22.958333,,,,,,,,,,,,,,,
5511,22.962500,,,,,,,,,,,,,,,
5512,22.966667,,,,,,,,,,,,,,,
5513,22.970833,,,,,,,,,,,,,,,
5514,22.975000,,,,,,,,,,,,,,,
5515,22.979167,,,,,,,,,,,,,,,
5516,22.983333,,,,,,,,,,,,,,,
5517,22.987500,,,,,,,,,,,,,,,
5518,22.991667,,,,,,,,,,,,,,,
5519,22.995833,,,,,,,,,,,,,,,
5520,23.000000,,,,,,,,,,,,,,,
5521,23.004167,,,,,,,,,,,,,,,
5522,23.008333,,,,,,,,,,,,,,,
5523,23.012500,,,,,,,,,,,,,,,
5524,23.016667,,,,,,,,,,,,,,,
5525,23.020833,,,,,,,,,,,,,,,
5526,23.025000,,,,,,,,,,,,,,,
5527,23.029167,,,,,,,,,,,,,,,
5528,23.033333,,,,,,,,,,,,,,,
5529,23.037500,,,,,,,,,,,,,,,
5530,23.041667,,,,,,,,,,,,,,,
5531,23.045833,,,,,,,,,,,,,,,
5532,23.050000,,,,,,,,,,,,,,,
5533,23.054167,,,,,,,,,,,,,,,
5534,23.058333,,,,,,,,,,,,,,,
5535,23.062500,,,,,,,,,,,,,,,
5536,23.066667,,,,,,,,,,,,,,,
5537,23.070833,,,,,,,,,,,,,,,
5538,23.075000,,,,,,,,,,,,,,,
5539,23.079167,,,,,,,,,,,,,,,
5540,23.083333,,,,,,,,,,,,,,,
5541,23.087500,,,,,,,,,,,,,,,
5542,23.091667,,,,,,,,,,,,,,,
5543,23.095833,,,,,,,,,,,,,,,
5544,23.100000,,,,,,,,,,,,,,,
5545,23.104167,,,,,,,,,,,,,,,
5546,23.108333,,,,,,,,,,,,,,,
5547,23.112500,,,,,,,,,,,,,,,
5548,23.116667,,,,,,,,,,,,,,,
5549,23.120833,,,,,,,,,,,,,,,
5550,23.125000,,,,,,,,,,,,,,,
5551,23.129167,,,,,,,,,,,,,,,
5552,23.133333,,,,,,,,,,,,,,,
5553,23.137500,,,,,,,,,,,,,,,
5554,23.141667,,,,,,,,,,,,,,,
5555,23.145833,,,,,,,,,,,,,,,
5556,23.150000,,,,,,,,,,,,,,,
5557,23.154167,,,,,,,,,,,,,,,
5558,23.158333,,,,,,,,,,,,,,,
5559,23.162500,,,,,,,,,,,,,,,
5560,23.166667,,,,,,,,,,,,,,,
5561,23.170833,,,,,,,,,,,,,,,
5562,23.175000,,,,,,,,,,,,,,,
5563,23.179167,,,,,,,,,,,,,,,
5564,23.183333,,,,,,,,,,,,,,,
5565,23.187500,,,,,,,,,,,,,,,
5566,23.191667,,,,,,,,,,,,,,,
5567,23.195833,,,,,,,,,,,,,,,
5568,23.200000,,,,,,,,,,,,,,,
5569,23.204167,,,,,,,,,,,,,,,
5570,23.208333,,,,,,,,,,,,,,,
5571,23.212500,,,,,,,,,,,,,,,
5572,23.216667,,,,,,,,,,,,,,,
5573,23.220833,,,,,,,,,,,,,,,
5574,23.225000,,,,,,,,,,,,,,,
5575,23.229167,,,,,,,,,,,,,,,
5576,23.233333,,,,,,,,,,,,,,,
5577,23.237500,,,,,,,,,,,,,,,
5578,23.241667,,,,,,,,,,,,,,,
5579,23.245833,,,,,,,,,,,,,,,
5580,23.250000,,,,,,,,,,,,,,,
5581,23.254167,,,,,,,,,,,,,,,
5582,23.258333,,,,,,,,,,,,,,,
5583,23.262500,,,,,,,,,,,,,,,
5584,23.266667,,,,,,,,,,,,,,,
5585,23.270833,,,,,,,,,,,,,,,
5586,23.275000,,,,,,,,,,,,,,,
5587,23.279167,,,,,,,,,,,,,,,
5588,23.283333,,,,,,,,,,,,,,,
5589,23.287500,,,,,,,,,,,,,,,
5590,23.291667,,,,,,,,,,,,,,,
5591,23.295833,,,,,,,,,,,,,,,
5592,23.300000,,,,,,,,,,,,,,,
5593,23.304167,,,,,,,,,,,,,,,
5594,23.308333,,,,,,,,,,,,,,,
5595,23.312500,,,,,,,,,,,,,,,
5596,23.316667,,,,,,,,,,,,,,,
5597,23.320833,,,,,,,,,,,,,,,
5598,23.325000,,,,,,,,,,,,,,,
5599,23.329167,,,,,,,,,,,,,,,
5600,23.333333,,,,,,,,,,,,,,,
5601,23.337500,,,,,,,,,,,,,,,
5602,23.341667,,,,,,,,,,,,,,,
5603,23.345833,,,,,,,,,,,,,,,
5604,23.350000,,,,,,,,,,,,,,,
5605,23.354167,,,,,,,,,,,,,,,
5606,23.358333,,,,,,,,,,,,,,,
5607,23.362500,,,,,,,,,,,,,,,
5608,23.366667,,,,,,,,,,,,,,,
5609,23.370833,,,,,,,,,,,,,,,
5610,23.375000,,,,,,,,,,,,,,,
5611,23.379167,,,,,,,,,,,,,,,
5612,23.383333,,,,,,,,,,,,,,,
5613,23.387500,,,,,,,,,,,,,,,
5614,23.391667,,,,,,,,,,,,,,,
5615,23.395833,,,,,,,,,,,,,,,
5616,23.400000,,,,,,,,,,,,,,,
5617,23.404167,,,,,,,,,,,,,,,
5618,23.408333,,,,,,,,,,,,,,,
5619,23.412500,,,,,,,,,,,,,,,
5620,23.416667,,,,,,,,,,,,,,,
5621,23.420833,,,,,,,,,,,,,,,
5622,23.425000,,,,,,,,,,,,,,,
5623,23.429167,,,,,,,,,,,,,,,
5624,23.433333,,,,,,,,,,,,,,,
5625,23.437500,,,,,,,,,,,,,,,
5626,23.441667,,,,,,,,,,,,,,,
5627,23.445833,,,,,,,,,,,,,,,
5628,23.450000,,,,,,,,,,,,,,,
5629,23.454167,,,,,,,,,,,,,,,
5630,23.458333,,,,,,,,,,,,,,,
5631,23.462500,,,,,,,,,,,,,,,
5632,23.466667,,,,,,,,,,,,,,,
5633,23.470833,,,,,,,,,,,,,,,
5634,23.475000,,,,,,,,,,,,,,,
5635,23.479167,,,,,,,,,,,,,,,
5636,23.483333,,,,,,,,,,,,,,,
5637,23.487500,,,,,,,,,,,,,,,
5638,23.491667,,,,,,,,,,,,,,,
5639,23.495833,,,,,,,,,,,,,,,
5640,23.500000,,,,,,,,,,,,,,,
5641,23.504167,,,,,,,,,,,,,,,
5642,23.508333,,,,,,,,,,,,,,,
5643,23.512500,,,,,,,,,,,,,,,
5644,23.516667,,,,,,,,,,,,,,,
5645,23.520833,,,,,,,,,,,,,,,
5646,23.525000,,,,,,,,,,,,,,,
5647,23.529167,,,,,,,,,,,,,,,
5648,23.533333,,,,,,,,,,,,,,,
5649,23.537500,,,,,,,,,,,,,,,
5650,23.541667,,,,,,,,,,,,,,,
5651,23.545833,,,,,,,,,,,,,,,
5652,23.550000,,,,,,,,,,,,,,,
5653,23.554167,,,,,,,,,,,,,,,
5654,23.558333,,,,,,,,,,,,,,,
5655,23.562500,,,,,,,,,,,,,,,
5656,23.566667,,,,,,,,,,,,,,,
5657,23.570833,,,,,,,,,,,,,,,
5658,23.575000,,,,,,,,,,,,,,,
5659,23.579167,,,,,,,,,,,,,,,
5660,23.583333,,,,,,,,,,,,,,,
5661,23.587500,,,,,,,,,,,,,,,
5662,23.591667,,,,,,,,,,,,,,,
5663,23.595833,,,,,,,,,,,,,,,
5664,23.600000,,,,,,,,,,,,,,,
5665,23.604167,,,,,,,,,,,,,,,
5666,23.608333,,,,,,,,,,,,,,,
5667,23.612500,,,,,,,,,,,,,,,
5668,23.616667,,,,,,,,,,,,,,,
5669,23.620833,,,,,,,,,,,,,,,
5670,23.625000,,,,,,,,,,,,,,,
5671,23.629167,,,,,,,,,,,,,,,
5672,23.633333,,,,,,,,,,,,,,,
5673,23.637500,,,,,,,,,,,,,,,
5674,23.641667,,,,,,,,,,,,,,,
5675,23.645833,,,,,,,,,,,,,,,
5676,23.650000,,,,,,,,,,,,,,,
5677,23.654167,,,,,,,,,,,,,,,
5678,23.658333,,,,,,,,,,,,,,,
5679,23.662500,,,,,,,,,,,,,,,
5680,23.666667,,,,,,,,,,,,,,,
5681,23.670833,,,,,,,,,,,,,,,
5682,23.675000,,,,,,,,,,,,,,,
5683,23.679167,,,,,,,,,,,,,,,
5684,23.683333,,,,,,,,,,,,,,,
5685,23.687500,,,,,,,,,,,,,,,
5686,23.691667,,,,,,,,,,,,,,,
5687,23.695833,,,,,,,,,,,,,,,
5688,23.700000,,,,,,,,,,,,,,,
5689,23.704167,,,,,,,,,,,,,,,
5690,23.708333,,,,,,,,,,,,,,,
5691,23.712500,,,,,,,,,,,,,,,
5692,23.716667,,,,,,,,,,,,,,,
5693,23.720833,,,,,,,,,,,,,,,
5694,23.725000,,,,,,,,,,,,,,,
5695,23.729167,,,,,,,,,,,,,,,
5696,23.733333,,,,,,,,,,,,,,,
5697,23.737500,,,,,,,,,,,,,,,
5698,23.741667,,,,,,,,,,,,,,,
5699,23.745833,,,,,,,,,,,,,,,
5700,23.750000,,,,,,,,,,,,,,,
5701,23.754167,,,,,,,,,,,,,,,
5702,23.758333,,,,,,,,,,,,,,,
5703,23.762500,,,,,,,,,,,,,,,
5704,23.766667,,,,,,,,,,,,,,,
5705,23.770833,,,,,,,,,,,,,,,
5706,23.775000,,,,,,,,,,,,,,,
5707,23.779167,,,,,,,,,,,,,,,
5708,23.783333,,,,,,,,,,,,,,,
5709,23.787500,,,,,,,,,,,,,,,
5710,23.791667,,,,,,,,,,,,,,,
5711,23.795833,,,,,,,,,,,,,,,
5712,23.800000,,,,,,,,,,,,,,,
5713,23.804167,,,,,,,,,,,,,,,
5714,23.808333,,,,,,,,,,,,,,,
5715,23.812500,,,,,,,,,,,,,,,
5716,23.816667,,,,,,,,,,,,,,,
5717,23.820833,,,,,,,,,,,,,,,
5718,23.825000,,,,,,,,,,,,,,,
5719,23.829167,,,,,,,,,,,,,,,
5720,23.833333,,,,,,,,,,,,,,,
5721,23.837500,,,,,,,,,,,,,,,
5722,23.841667,,,,,,,,,,,,,,,
5723,23.845833,,,,,,,,,,,,,,,
5724,23.850000,,,,,,,,,,,,,,,
5725,23.854167,,,,,,,,,,,,,,,
5726,23.858333,,,,,,,,,,,,,,,
5727,23.862500,,,,,,,,,,,,,,,
5728,23.866667,,,,,,,,,,,,,,,
5729,23.870833,,,,,,,,,,,,,,,
5730,23.875000,,,,,,,,,,,,,,,
5731,23.879167,,,,,,,,,,,,,,,
5732,23.883333,,,,,,,,,,,,,,,
5733,23.887500,,,,,,,,,,,,,,,
5734,23.891667,,,,,,,,,,,,,,,
5735,23.895833,,,,,,,,,,,,,,,
5736,23.900000,,,,,,,,,,,,,,,
5737,23.904167,,,,,,,,,,,,,,,
5738,23.908333,,,,,,,,,,,,,,,
5739,23.912500,,,,,,,,,,,,,,,
5740,23.916667,,,,,,,,,,,,,,,
5741,23.920833,,,,,,,,,,,,,,,
5742,23.925000,,,,,,,,,,,,,,,
5743,23.929167,,,,,,,,,,,,,,,
5744,23.933333,,,,,,,,,,,,,,,
5745,23.937500,,,,,,,,,,,,,,,
5746,23.941667,,,,,,,,,,,,,,,
5747,23.945833,,,,,,,,,,,,,,,
5748,23.950000,,,,,,,,,,,,,,,
5749,23.954167,,,,,,,,,,,,,,,
5750,23.958333,,,,,,,,,,,,,,,
5751,23.962500,,,,,,,,,,,,,,,
5752,23.966667,,,,,,,,,,,,,,,
