0,0.000000,0.240913,0.407572,0.228350,0.247328,0.182291,0.179528,0.202833,0.261132,0.180075,0.248224,0.056807,0.179859,0.247431,0.325081,0.195699
1,0.004167,0.240909,0.407570,0.228357,0.247329,0.182293,0.179528,0.202839,0.261139,0.180063,0.248223,0.056810,0.179856,0.247435,0.325080,0.195685
2,0.008333,0.240907,0.407570,0.228360,0.247330,0.182292,0.179525,0.202842,0.261142,0.180058,0.248224,0.056808,0.179856,0.247435,0.325081,0.195686
3,0.012500,0.240903,0.407567,0.228367,0.247330,0.182291,0.179528,0.202849,0.261140,0.180052,0.248223,0.056808,0.179860,0.247436,0.325080,0.195689
4,0.016667,0.240900,0.407566,0.228375,0.247330,0.182293,0.179527,0.202850,0.261140,0.180051,0.248221,0.056809,0.179857,0.247438,0.325080,0.195692
5,0.020833,0.240897,0.407564,0.228382,0.247333,0.182293,0.179526,0.202852,0.261141,0.180047,0.248222,0.056808,0.179857,0.247438,0.325082,0.195693
6,0.025000,0.240895,0.407564,0.228389,0.247333,0.182292,0.179523,0.202854,0.261144,0.180050,0.248221,0.056807,0.179859,0.247440,0.325083,0.195695
7,0.029167,0.240890,0.407563,0.228397,0.247330,0.182294,0.179524,0.202851,0.261147,0.180049,0.248218,0.056808,0.179857,0.247442,0.325084,0.195697
8,0.033333,0.240891,0.407561,0.228403,0.247331,0.182294,0.179524,0.202854,0.261146,0.180047,0.248219,0.056810,0.179855,0.247442,0.325082,0.195699
9,0.037500,0.240886,0.407560,0.228411,0.247331,0.182293,0.179524,0.202857,0.261144,0.180046,0.248219,0.056810,0.179856,0.247443,0.325082,0.195704
10,0.041667,0.240885,0.407556,0.228418,0.247330,0.182293,0.179525,0.202856,0.261143,0.180047,0.248217,0.056809,0.179857,0.247445,0.325081,0.195705
11,0.045833,0.240885,0.407555,0.228425,0.247332,0.182292,0.179521,0.202857,0.261144,0.180043,0.248218,0.056809,0.179857,0.247446,0.325081,0.195709
12,0.050000,0.240884,0.407555,0.228432,0.247331,0.182293,0.179521,0.202860,0.261146,0.180042,0.248214,0.056810,0.179856,0.247447,0.325084,0.195724
13,0.054167,0.240883,0.407553,0.228440,0.247334,0.182293,0.179520,0.202859,0.261146,0.180043,0.248216,0.056809,0.179856,0.247451,0.325080,0.195712
14,0.058333,0.240886,0.407550,0.228443,0.247332,0.182291,0.179519,0.202860,0.261148,0.180047,0.248216,0.056809,0.179857,0.247452,0.325081,0.195715
15,0.062500,0.240889,0.407548,0.228448,0.247331,0.182294,0.179520,0.202860,0.261148,0.180043,0.248213,0.056810,0.179859,0.247453,0.325082,0.195714
16,0.066667,0.240890,0.407547,0.228454,0.247332,0.182291,0.179521,0.202861,0.261147,0.180044,0.248212,0.056810,0.179857,0.247453,0.325080,0.195716
17,0.070833,0.240893,0.407542,0.228460,0.247331,0.182291,0.179519,0.202861,0.261146,0.180046,0.248213,0.056809,0.179856,0.247454,0.325080,0.195716
18,0.075000,0.240898,0.407545,0.228460,0.247331,0.182291,0.179517,0.202861,0.261145,0.180045,0.248212,0.056807,0.179855,0.247455,0.325079,0.195717
19,0.079167,0.240898,0.407538,0.228471,0.247330,0.182291,0.179516,0.202860,0.261146,0.180044,0.248211,0.056807,0.179855,0.247457,0.325080,0.195718
20,0.083333,0.240903,0.407535,0.228472,0.247330,0.182292,0.179516,0.202861,0.261148,0.180045,0.248210,0.056810,0.179857,0.247458,0.325075,0.195717
21,0.087500,0.240909,0.407537,0.228467,0.247329,0.182289,0.179516,0.202859,0.261146,0.180046,0.248211,0.056807,0.179852,0.247454,0.325075,0.195719
22,0.091667,0.240910,0.407536,0.228471,0.247328,0.182290,0.179514,0.202860,0.261147,0.180046,0.248211,0.056809,0.179852,0.247455,0.325078,0.195717
23,0.095833,0.240914,0.407537,0.228469,0.247326,0.182290,0.179517,0.202857,0.261146,0.180042,0.248212,0.056808,0.179854,0.247454,0.325067,0.195714
24,0.100000,0.240918,0.407539,0.228467,0.247326,0.182293,0.179515,0.202851,0.261151,0.180049,0.248211,0.056807,0.179851,0.247454,0.325075,0.195718
25,0.104167,0.240922,0.407542,0.228457,0.247323,0.182292,0.179515,0.202848,0.261150,0.180052,0.248210,0.056809,0.179850,0.247455,0.325074,0.195715
26,0.108333,0.240925,0.407542,0.228450,0.247322,0.182291,0.179516,0.202849,0.261149,0.180051,0.248210,0.056808,0.179853,0.247451,0.325078,0.195712
27,0.112500,0.240927,0.407543,0.228448,0.247322,0.182292,0.179514,0.202845,0.261151,0.180053,0.248211,0.056811,0.179851,0.247451,0.325077,0.195710
28,0.116667,0.240931,0.407546,0.228443,0.247321,0.182292,0.179514,0.202846,0.261148,0.180050,0.248210,0.056808,0.179855,0.247450,0.325077,0.195710
29,0.120833,0.240934,0.407546,0.228436,0.247319,0.182294,0.179517,0.202843,0.261149,0.180052,0.248213,0.056808,0.179853,0.247451,0.325075,0.195707
30,0.125000,0.240938,0.407549,0.228433,0.247319,0.182294,0.179517,0.202840,0.261148,0.180059,0.248214,0.056811,0.179853,0.247447,0.325078,0.195704
31,0.129167,0.240940,0.407549,0.228427,0.247318,0.182294,0.179518,0.202837,0.261150,0.180060,0.248212,0.056811,0.179852,0.247447,0.325073,0.195703
32,0.133333,0.240943,0.407552,0.228421,0.247316,0.182294,0.179518,0.202835,0.261147,0.180059,0.248215,0.056810,0.179855,0.247442,0.325077,0.195699
33,0.137500,0.240944,0.407553,0.228412,0.247316,0.182294,0.179519,0.202833,0.261146,0.180062,0.248215,0.056811,0.179855,0.247440,0.325080,0.195713
34,0.141667,0.240948,0.407553,0.228409,0.247314,0.182294,0.179521,0.202831,0.261146,0.180065,0.248213,0.056807,0.179857,0.247440,0.325076,0.195693
35,0.145833,0.240949,0.407556,0.228403,0.247314,0.182296,0.179521,0.202829,0.261146,0.180066,0.248216,0.056813,0.179855,0.247438,0.325079,0.195693
36,0.150000,0.240952,0.407556,0.228396,0.247315,0.182297,0.179520,0.202829,0.261145,0.180065,0.248219,0.056807,0.179858,0.247435,0.325078,0.195689
37,0.154167,0.240953,0.407558,0.228392,0.247313,0.182296,0.179524,0.202827,0.261143,0.180066,0.248217,0.056811,0.179855,0.247433,0.325078,0.195688
38,0.158333,0.240953,0.407558,0.228385,0.247315,0.182294,0.179522,0.202821,0.261134,0.180078,0.248219,0.056807,0.179856,0.247427,0.325081,0.195699
39,0.162500,0.240953,0.407559,0.228377,0.247313,0.182295,0.179524,0.202822,0.261139,0.180073,0.248221,0.056811,0.179855,0.247427,0.325077,0.195681
40,0.166667,0.240952,0.407560,0.228372,0.247316,0.182296,0.179525,0.202816,0.261133,0.180083,0.248221,0.056806,0.179856,0.247423,0.325082,0.195694
41,0.170833,0.240951,0.407563,0.228366,0.247314,0.182296,0.179525,0.202821,0.261140,0.180074,0.248220,0.056809,0.179855,0.247423,0.325078,0.195679
42,0.175000,0.240949,0.407566,0.228361,0.247315,0.182297,0.179526,0.202815,0.261133,0.180082,0.248223,0.056808,0.179860,0.247411,0.325087,0.195685
43,0.179167,0.240947,0.407566,0.228359,0.247315,0.182296,0.179529,0.202819,0.261139,0.180075,0.248221,0.056805,0.179860,0.247409,0.325087,0.195684
44,0.183333,0.240943,0.407568,0.228354,0.247314,0.182295,0.179531,0.202815,0.261132,0.180084,0.248224,0.056807,0.179860,0.247407,0.325086,0.195684
45,0.187500,0.240940,0.407569,0.228350,0.247314,0.182295,0.179529,0.202815,0.261129,0.180086,0.248225,0.056808,0.179859,0.247407,0.325077,0.195676
46,0.191667,0.240936,0.407570,0.228349,0.247315,0.182295,0.179532,0.202818,0.261138,0.180075,0.248223,0.056806,0.179863,0.247418,0.325081,0.195676
47,0.195833,0.240932,0.407570,0.228347,0.247316,0.182294,0.179533,0.202814,0.261131,0.180083,0.248224,0.056806,0.179857,0.247405,0.325088,0.195685
48,0.200000,0.240929,0.407572,0.228349,0.247318,0.182294,0.179532,0.202815,0.261130,0.180086,0.248223,0.056807,0.179862,0.247405,0.325080,0.195678
49,0.204167,0.240923,0.407570,0.228347,0.247317,0.182294,0.179533,0.202820,0.261137,0.180073,0.248223,0.056805,0.179862,0.247405,0.325088,0.195687
50,0.208333,0.240917,0.407572,0.228347,0.247318,0.182294,0.179534,0.202823,0.261138,0.180069,0.248222,0.056809,0.179864,0.247404,0.325087,0.195688
51,0.212500,0.240912,0.407574,0.228349,0.247320,0.182296,0.179531,0.202818,0.261132,0.180085,0.248223,0.056808,0.179862,0.247404,0.325087,0.195689
52,0.216667,0.240907,0.407573,0.228352,0.247319,0.182295,0.179533,0.202823,0.261138,0.180076,0.248223,0.056806,0.179858,0.247403,0.325090,0.195690
53,0.220833,0.240902,0.407572,0.228356,0.247319,0.182295,0.179532,0.202824,0.261141,0.180068,0.248218,0.056808,0.179864,0.247405,0.325087,0.195678
54,0.225000,0.240896,0.407573,0.228359,0.247320,0.182295,0.179533,0.202828,0.261140,0.180067,0.248222,0.056807,0.179858,0.247404,0.325092,0.195695
55,0.229167,0.240892,0.407573,0.228364,0.247321,0.182295,0.179531,0.202829,0.261140,0.180069,0.248220,0.056808,0.179859,0.247414,0.325086,0.195706
56,0.233333,0.240886,0.407572,0.228369,0.247321,0.182295,0.179528,0.202831,0.261141,0.180068,0.248220,0.056809,0.179859,0.247415,0.325087,0.195708
57,0.237500,0.240882,0.407572,0.228374,0.247322,0.182294,0.179530,0.202832,0.261143,0.180066,0.248220,0.056810,0.179859,0.247417,0.325084,0.195710
58,0.241667,0.240877,0.407570,0.228381,0.247322,0.182295,0.179531,0.202836,0.261143,0.180063,0.248219,0.056807,0.179858,0.247419,0.325086,0.195713
59,0.245833,0.240872,0.407568,0.228388,0.247323,0.182294,0.179530,0.202836,0.261143,0.180062,0.248220,0.056809,0.179858,0.247420,0.325088,0.195716
60,0.250000,0.240869,0.407567,0.228394,0.247326,0.182293,0.179528,0.202838,0.261142,0.180059,0.248219,0.056807,0.179856,0.247422,0.325087,0.195718
61,0.254167,0.240866,0.407562,0.228401,0.247327,0.182293,0.179529,0.202842,0.261142,0.180056,0.248221,0.056808,0.179856,0.247424,0.325086,0.195722
62,0.258333,0.240863,0.407560,0.228409,0.247329,0.182291,0.179527,0.202847,0.261139,0.180053,0.248219,0.056808,0.179858,0.247427,0.325084,0.195726
63,0.262500,0.240861,0.407558,0.228417,0.247328,0.182290,0.179530,0.202849,0.261141,0.180050,0.248219,0.056808,0.179853,0.247430,0.325082,0.195714
64,0.266667,0.240860,0.407555,0.228427,0.247329,0.182290,0.179527,0.202850,0.261140,0.180049,0.248220,0.056806,0.179854,0.247428,0.325085,0.195732
65,0.270833,0.240859,0.407554,0.228435,0.247328,0.182292,0.179526,0.202852,0.261141,0.180048,0.248216,0.056809,0.179857,0.247430,0.325084,0.195733
66,0.275000,0.240857,0.407551,0.228443,0.247330,0.182291,0.179524,0.202854,0.261141,0.180051,0.248214,0.056807,0.179856,0.247432,0.325083,0.195736
67,0.279167,0.240858,0.407548,0.228455,0.247330,0.182290,0.179525,0.202853,0.261141,0.180048,0.248217,0.056808,0.179855,0.247435,0.325081,0.195724
68,0.283333,0.240859,0.407544,0.228466,0.247328,0.182291,0.179525,0.202857,0.261143,0.180046,0.248212,0.056808,0.179857,0.247433,0.325085,0.195740
69,0.287500,0.240860,0.407543,0.228475,0.247327,0.182292,0.179525,0.202855,0.261144,0.180047,0.248212,0.056810,0.179855,0.247438,0.325082,0.195727
70,0.291667,0.240863,0.407541,0.228480,0.247326,0.182292,0.179524,0.202854,0.261145,0.180049,0.248211,0.056808,0.179860,0.247436,0.325086,0.195741
71,0.295833,0.240863,0.407539,0.228485,0.247326,0.182292,0.179523,0.202857,0.261149,0.180047,0.248210,0.056809,0.179860,0.247435,0.325086,0.195742
72,0.300000,0.240866,0.407537,0.228490,0.247325,0.182293,0.179521,0.202854,0.261147,0.180048,0.248211,0.056809,0.179855,0.247436,0.325087,0.195743
73,0.304167,0.240870,0.407539,0.228491,0.247324,0.182294,0.179522,0.202853,0.261147,0.180048,0.248210,0.056811,0.179857,0.247435,0.325086,0.195744
74,0.308333,0.240871,0.407538,0.228494,0.247324,0.182291,0.179522,0.202847,0.261152,0.180054,0.248208,0.056811,0.179858,0.247439,0.325083,0.195731
75,0.312500,0.240876,0.407539,0.228495,0.247323,0.182293,0.179522,0.202851,0.261147,0.180050,0.248211,0.056811,0.179857,0.247435,0.325085,0.195743
76,0.316667,0.240878,0.407539,0.228495,0.247323,0.182295,0.179521,0.202852,0.261148,0.180051,0.248208,0.056811,0.179859,0.247437,0.325085,0.195742
77,0.320833,0.240882,0.407537,0.228494,0.247321,0.182294,0.179521,0.202848,0.261149,0.180053,0.248211,0.056809,0.179858,0.247440,0.325083,0.195729
78,0.325000,0.240887,0.407537,0.228494,0.247321,0.182295,0.179518,0.202844,0.261150,0.180057,0.248211,0.056809,0.179857,0.247437,0.325083,0.195741
79,0.329167,0.240891,0.407537,0.228490,0.247322,0.182292,0.179520,0.202841,0.261149,0.180057,0.248210,0.056812,0.179859,0.247437,0.325082,0.195740
80,0.333333,0.240897,0.407535,0.228486,0.247321,0.182293,0.179521,0.202842,0.261148,0.180060,0.248212,0.056809,0.179859,0.247438,0.325081,0.195738
81,0.337500,0.240902,0.407533,0.228481,0.247319,0.182292,0.179522,0.202840,0.261147,0.180059,0.248211,0.056810,0.179858,0.247436,0.325081,0.195735
82,0.341667,0.240907,0.407535,0.228478,0.247318,0.182292,0.179522,0.202837,0.261147,0.180063,0.248211,0.056810,0.179860,0.247435,0.325080,0.195733
83,0.345833,0.240914,0.407541,0.228467,0.247318,0.182293,0.179522,0.202837,0.261147,0.180064,0.248214,0.056808,0.179859,0.247433,0.325081,0.195731
84,0.350000,0.240919,0.407543,0.228454,0.247316,0.182296,0.179520,0.202833,0.261149,0.180063,0.248212,0.056808,0.179857,0.247433,0.325073,0.195722
85,0.354167,0.240923,0.407546,0.228448,0.247316,0.182293,0.179521,0.202832,0.261147,0.180066,0.248216,0.056810,0.179852,0.247430,0.325082,0.195726
86,0.358333,0.240926,0.407545,0.228439,0.247317,0.182293,0.179521,0.202831,0.261145,0.180067,0.248217,0.056809,0.179855,0.247431,0.325078,0.195710
87,0.362500,0.240930,0.407548,0.228432,0.247315,0.182293,0.179520,0.202828,0.261145,0.180067,0.248216,0.056809,0.179856,0.247426,0.325081,0.195721
88,0.366667,0.240932,0.407551,0.228425,0.247315,0.182294,0.179521,0.202826,0.261144,0.180067,0.248217,0.056809,0.179854,0.247424,0.325082,0.195716
89,0.370833,0.240933,0.407552,0.228415,0.247313,0.182295,0.179523,0.202826,0.261145,0.180069,0.248218,0.056807,0.179854,0.247425,0.325080,0.195699
90,0.375000,0.240936,0.407556,0.228407,0.247313,0.182294,0.179523,0.202822,0.261143,0.180070,0.248219,0.056807,0.179855,0.247421,0.325083,0.195711
91,0.379167,0.240936,0.407557,0.228398,0.247310,0.182297,0.179525,0.202815,0.261136,0.180085,0.248218,0.056809,0.179857,0.247423,0.325080,0.195696
92,0.383333,0.240938,0.407561,0.228388,0.247313,0.182295,0.179525,0.202812,0.261134,0.180090,0.248218,0.056809,0.179861,0.247416,0.325082,0.195707
93,0.387500,0.240936,0.407562,0.228381,0.247313,0.182296,0.179528,0.202812,0.261133,0.180088,0.248219,0.056807,0.179855,0.247405,0.325085,0.195696
94,0.391667,0.240936,0.407567,0.228376,0.247313,0.182296,0.179526,0.202811,0.261133,0.180088,0.248220,0.056809,0.179856,0.247415,0.325082,0.195703
95,0.395833,0.240934,0.407569,0.228371,0.247312,0.182298,0.179528,0.202809,0.261132,0.180089,0.248223,0.056808,0.179857,0.247404,0.325087,0.195693
96,0.400000,0.240934,0.407570,0.228364,0.247311,0.182297,0.179529,0.202809,0.261132,0.180089,0.248221,0.056809,0.179855,0.247412,0.325083,0.195698
97,0.404167,0.240932,0.407570,0.228359,0.247312,0.182297,0.179529,0.202807,0.261132,0.180092,0.248223,0.056809,0.179857,0.247411,0.325083,0.195697
98,0.408333,0.240928,0.407571,0.228355,0.247313,0.182298,0.179527,0.202805,0.261133,0.180095,0.248224,0.056808,0.179858,0.247400,0.325089,0.195690
99,0.412500,0.240926,0.407571,0.228351,0.247311,0.182296,0.179530,0.202808,0.261132,0.180091,0.248223,0.056810,0.179856,0.247399,0.325089,0.195688
100,0.416667,0.240923,0.407571,0.228350,0.247314,0.182296,0.179530,0.202810,0.261131,0.180092,0.248221,0.056808,0.179861,0.247399,0.325088,0.195688
101,0.420833,0.240924,0.407574,0.228346,0.247313,0.182297,0.179530,0.202809,0.261131,0.180092,0.248224,0.056808,0.179858,0.247400,0.325089,0.195687
102,0.425000,0.240917,0.407574,0.228348,0.247316,0.182296,0.179531,0.202814,0.261140,0.180080,0.248222,0.056809,0.179860,0.247398,0.325090,0.195688
103,0.429167,0.240915,0.407575,0.228347,0.247315,0.182298,0.179536,0.202813,0.261131,0.180087,0.248225,0.056808,0.179858,0.247399,0.325091,0.195688
104,0.433333,0.240912,0.407575,0.228347,0.247317,0.182297,0.179534,0.202811,0.261130,0.180090,0.248222,0.056810,0.179856,0.247399,0.325090,0.195691
105,0.437500,0.240907,0.407575,0.228347,0.247316,0.182297,0.179531,0.202819,0.261139,0.180078,0.248224,0.056805,0.179859,0.247399,0.325088,0.195690
106,0.441667,0.240902,0.407575,0.228351,0.247317,0.182296,0.179532,0.202817,0.261131,0.180083,0.248225,0.056807,0.179859,0.247400,0.325090,0.195691
107,0.445833,0.240900,0.407576,0.228351,0.247320,0.182296,0.179531,0.202822,0.261139,0.180073,0.248225,0.056807,0.179860,0.247408,0.325086,0.195701
108,0.450000,0.240894,0.407574,0.228356,0.247321,0.182297,0.179531,0.202820,0.261131,0.180082,0.248223,0.056806,0.179858,0.247413,0.325085,0.195702
109,0.454167,0.240891,0.407573,0.228363,0.247321,0.182296,0.179530,0.202825,0.261137,0.180070,0.248222,0.056808,0.179858,0.247413,0.325085,0.195704
110,0.458333,0.240887,0.407573,0.228366,0.247321,0.182297,0.179531,0.202829,0.261141,0.180064,0.248221,0.056808,0.179856,0.247415,0.325087,0.195708
111,0.462500,0.240882,0.407569,0.228373,0.247323,0.182293,0.179531,0.202829,0.261142,0.180065,0.248223,0.056807,0.179857,0.247415,0.325085,0.195711
112,0.466667,0.240878,0.407569,0.228380,0.247323,0.182296,0.179530,0.202836,0.261138,0.180061,0.248222,0.056809,0.179856,0.247408,0.325089,0.195704
113,0.470833,0.240877,0.407567,0.228387,0.247325,0.182294,0.179528,0.202836,0.261141,0.180061,0.248222,0.056808,0.179855,0.247419,0.325085,0.195714
114,0.475000,0.240874,0.407567,0.228394,0.247325,0.182295,0.179529,0.202839,0.261140,0.180060,0.248219,0.056809,0.179858,0.247420,0.325085,0.195717
115,0.479167,0.240870,0.407565,0.228401,0.247327,0.182295,0.179527,0.202839,0.261144,0.180058,0.248218,0.056809,0.179859,0.247422,0.325087,0.195720
116,0.483333,0.240868,0.407562,0.228410,0.247326,0.182295,0.179526,0.202840,0.261144,0.180057,0.248219,0.056808,0.179859,0.247424,0.325086,0.195722
117,0.487500,0.240866,0.407559,0.228419,0.247329,0.182293,0.179525,0.202843,0.261143,0.180055,0.248219,0.056808,0.179854,0.247427,0.325085,0.195724
118,0.491667,0.240864,0.407557,0.228424,0.247328,0.182294,0.179522,0.202848,0.261142,0.180047,0.248216,0.056808,0.179860,0.247430,0.325084,0.195713
119,0.495833,0.240864,0.407557,0.228433,0.247329,0.182295,0.179525,0.202848,0.261147,0.180047,0.248216,0.056809,0.179859,0.247429,0.325087,0.195726
120,0.500000,0.240863,0.407554,0.228440,0.247327,0.182293,0.179524,0.202846,0.261147,0.180051,0.248214,0.056808,0.179855,0.247430,0.325087,0.195729
121,0.504167,0.240863,0.407551,0.228449,0.247327,0.182294,0.179521,0.202851,0.261143,0.180047,0.248214,0.056809,0.179854,0.247433,0.325087,0.195729
122,0.508333,0.240863,0.407550,0.228449,0.247327,0.182294,0.179521,0.202853,0.261145,0.180044,0.248213,0.056808,0.179853,0.247433,0.325086,0.195732
123,0.512500,0.240860,0.407547,0.228465,0.247328,0.182294,0.179520,0.202854,0.261147,0.180044,0.248212,0.056811,0.179855,0.247436,0.325086,0.195734
124,0.516667,0.240864,0.407547,0.228463,0.247329,0.182292,0.179517,0.202856,0.261146,0.180042,0.248212,0.056810,0.179855,0.247440,0.325084,0.195720
125,0.520833,0.240864,0.407544,0.228471,0.247328,0.182294,0.179515,0.202857,0.261145,0.180040,0.248216,0.056810,0.179855,0.247441,0.325083,0.195722
126,0.525000,0.240866,0.407541,0.228473,0.247328,0.182293,0.179518,0.202851,0.261149,0.180045,0.248210,0.056809,0.179855,0.247440,0.325086,0.195734
127,0.529167,0.240869,0.407542,0.228477,0.247327,0.182294,0.179518,0.202853,0.261146,0.180043,0.248211,0.056810,0.179856,0.247442,0.325083,0.195719
128,0.533333,0.240873,0.407542,0.228476,0.247327,0.182290,0.179515,0.202855,0.261146,0.180041,0.248212,0.056809,0.179857,0.247443,0.325082,0.195722
129,0.537500,0.240875,0.407540,0.228474,0.247327,0.182290,0.179518,0.202858,0.261148,0.180036,0.248213,0.056808,0.179852,0.247444,0.325081,0.195719
130,0.541667,0.240880,0.407538,0.228474,0.247327,0.182295,0.179516,0.202853,0.261147,0.180040,0.248210,0.056809,0.179857,0.247444,0.325082,0.195718
131,0.545833,0.240884,0.407539,0.228474,0.247327,0.182293,0.179517,0.202853,0.261148,0.180041,0.248211,0.056810,0.179857,0.247441,0.325085,0.195730
132,0.550000,0.240888,0.407539,0.228470,0.247326,0.182293,0.179515,0.202853,0.261146,0.180044,0.248215,0.056807,0.179854,0.247444,0.325082,0.195714
133,0.554167,0.240892,0.407541,0.228468,0.247325,0.182292,0.179516,0.202851,0.261147,0.180045,0.248213,0.056811,0.179856,0.247444,0.325081,0.195714
134,0.558333,0.240901,0.407544,0.228452,0.247324,0.182293,0.179515,0.202846,0.261147,0.180047,0.248213,0.056811,0.179857,0.247443,0.325082,0.195710
135,0.562500,0.240904,0.407546,0.228448,0.247323,0.182294,0.179514,0.202845,0.261149,0.180049,0.248214,0.056809,0.179857,0.247442,0.325080,0.195708
136,0.566667,0.240908,0.407546,0.228441,0.247322,0.182292,0.179517,0.202845,0.261145,0.180049,0.248215,0.056811,0.179858,0.247442,0.325081,0.195707
137,0.570833,0.240912,0.407546,0.228436,0.247322,0.182295,0.179517,0.202841,0.261148,0.180050,0.248215,0.056811,0.179859,0.247440,0.325080,0.195703
138,0.575000,0.240917,0.407550,0.228429,0.247319,0.182294,0.179518,0.202840,0.261147,0.180047,0.248217,0.056810,0.179855,0.247439,0.325080,0.195700
139,0.579167,0.240920,0.407551,0.228419,0.247319,0.182294,0.179517,0.202837,0.261149,0.180053,0.248217,0.056808,0.179854,0.247434,0.325083,0.195710
140,0.583333,0.240921,0.407553,0.228413,0.247317,0.182297,0.179518,0.202836,0.261148,0.180054,0.248217,0.056807,0.179858,0.247434,0.325080,0.195707
141,0.587500,0.240926,0.407555,0.228405,0.247320,0.182294,0.179520,0.202833,0.261143,0.180053,0.248220,0.056811,0.179860,0.247436,0.325081,0.195690
142,0.591667,0.240930,0.407557,0.228398,0.247317,0.182294,0.179520,0.202831,0.261144,0.180057,0.248219,0.056807,0.179859,0.247431,0.325083,0.195703
143,0.595833,0.240931,0.407558,0.228389,0.247317,0.182294,0.179521,0.202831,0.261143,0.180059,0.248219,0.056808,0.179859,0.247432,0.325081,0.195684
144,0.600000,0.240936,0.407560,0.228379,0.247317,0.182294,0.179521,0.202827,0.261143,0.180059,0.248218,0.056808,0.179855,0.247428,0.325084,0.195697
145,0.604167,0.240936,0.407563,0.228374,0.247316,0.182296,0.179522,0.202825,0.261142,0.180062,0.248221,0.056808,0.179859,0.247429,0.325083,0.195678
146,0.608333,0.240938,0.407565,0.228366,0.247314,0.182295,0.179524,0.202824,0.261140,0.180064,0.248221,0.056808,0.179858,0.247418,0.325087,0.195669
147,0.612500,0.240938,0.407567,0.228359,0.247316,0.182296,0.179524,0.202824,0.261141,0.180065,0.248221,0.056807,0.179858,0.247426,0.325081,0.195673
148,0.616667,0.240939,0.407569,0.228351,0.247315,0.182297,0.179524,0.202824,0.261141,0.180067,0.248220,0.056808,0.179863,0.247411,0.325088,0.195679
149,0.620833,0.240940,0.407570,0.228346,0.247315,0.182297,0.179524,0.202822,0.261142,0.180066,0.248219,0.056809,0.179857,0.247414,0.325086,0.195661
150,0.625000,0.240940,0.407574,0.228340,0.247314,0.182296,0.179528,0.202816,0.261133,0.180081,0.248223,0.056809,0.179863,0.247412,0.325087,0.195660
151,0.629167,0.240939,0.407574,0.228335,0.247315,0.182295,0.179528,0.202819,0.261141,0.180072,0.248223,0.056810,0.179860,0.247420,0.325083,0.195668
152,0.633333,0.240937,0.407577,0.228330,0.247314,0.182296,0.179530,0.202814,0.261133,0.180081,0.248220,0.056807,0.179861,0.247410,0.325089,0.195657
153,0.637500,0.240936,0.407579,0.228326,0.247316,0.182298,0.179528,0.202817,0.261142,0.180072,0.248223,0.056809,0.179858,0.247407,0.325090,0.195675
154,0.641667,0.240934,0.407580,0.228323,0.247316,0.182296,0.179530,0.202819,0.261139,0.180068,0.248223,0.056809,0.179859,0.247407,0.325090,0.195675
155,0.645833,0.240930,0.407581,0.228322,0.247316,0.182295,0.179528,0.202819,0.261139,0.180066,0.248224,0.056810,0.179862,0.247406,0.325091,0.195674
156,0.650000,0.240928,0.407580,0.228320,0.247315,0.182295,0.179529,0.202814,0.261130,0.180080,0.248223,0.056808,0.179861,0.247406,0.325092,0.195675
157,0.654167,0.240925,0.407582,0.228323,0.247316,0.182296,0.179529,0.202819,0.261138,0.180073,0.248222,0.056807,0.179859,0.247419,0.325084,0.195670
158,0.658333,0.240922,0.407580,0.228322,0.247318,0.182295,0.179528,0.202817,0.261131,0.180081,0.248223,0.056805,0.179857,0.247409,0.325088,0.195660
159,0.662500,0.240917,0.407581,0.228324,0.247318,0.182295,0.179529,0.202818,0.261130,0.180082,0.248223,0.056806,0.179856,0.247407,0.325090,0.195678
160,0.666667,0.240915,0.407580,0.228328,0.247320,0.182294,0.179528,0.202818,0.261130,0.180081,0.248221,0.056808,0.179859,0.247409,0.325091,0.195680
161,0.670833,0.240911,0.407578,0.228331,0.247320,0.182293,0.179530,0.202825,0.261139,0.180067,0.248221,0.056808,0.179856,0.247410,0.325086,0.195667
162,0.675000,0.240909,0.407579,0.228337,0.247321,0.182294,0.179526,0.202830,0.261138,0.180060,0.248220,0.056807,0.179855,0.247411,0.325088,0.195667
163,0.679167,0.240905,0.407578,0.228343,0.247319,0.182295,0.179526,0.202831,0.261140,0.180062,0.248221,0.056806,0.179853,0.247419,0.325087,0.195694
164,0.683333,0.240902,0.407576,0.228349,0.247323,0.182291,0.179526,0.202826,0.261131,0.180074,0.248218,0.056808,0.179857,0.247420,0.325086,0.195696
165,0.687500,0.240898,0.407573,0.228355,0.247322,0.182294,0.179523,0.202831,0.261141,0.180063,0.248219,0.056806,0.179855,0.247423,0.325086,0.195698
166,0.691667,0.240895,0.407569,0.228364,0.247323,0.182293,0.179524,0.202835,0.261139,0.180056,0.248220,0.056807,0.179854,0.247423,0.325087,0.195703
167,0.695833,0.240892,0.407569,0.228372,0.247322,0.182294,0.179523,0.202838,0.261142,0.180055,0.248218,0.056806,0.179856,0.247426,0.325084,0.195691
168,0.700000,0.240888,0.407568,0.228383,0.247322,0.182295,0.179523,0.202844,0.261140,0.180051,0.248218,0.056809,0.179855,0.247429,0.325084,0.195693
169,0.704167,0.240885,0.407567,0.228389,0.247325,0.182294,0.179524,0.202842,0.261141,0.180049,0.248216,0.056808,0.179854,0.247430,0.325084,0.195696
170,0.708333,0.240883,0.407563,0.228399,0.247324,0.182294,0.179526,0.202842,0.261146,0.180054,0.248213,0.056809,0.179857,0.247429,0.325086,0.195714
171,0.712500,0.240881,0.407561,0.228408,0.247327,0.182295,0.179521,0.202846,0.261144,0.180050,0.248216,0.056808,0.179856,0.247433,0.325085,0.195702
172,0.716667,0.240879,0.407558,0.228416,0.247326,0.182294,0.179522,0.202845,0.261144,0.180050,0.248213,0.056809,0.179858,0.247433,0.325087,0.195720
173,0.720833,0.240878,0.407557,0.228424,0.247326,0.182294,0.179524,0.202848,0.261143,0.180048,0.248215,0.056807,0.179856,0.247433,0.325087,0.195721
174,0.725000,0.240876,0.407555,0.228432,0.247326,0.182294,0.179524,0.202850,0.261146,0.180046,0.248213,0.056811,0.179856,0.247438,0.325084,0.195710
175,0.729167,0.240875,0.407554,0.228439,0.247326,0.182294,0.179521,0.202847,0.261148,0.180047,0.248213,0.056810,0.179855,0.247438,0.325084,0.195710
176,0.733333,0.240875,0.407552,0.228446,0.247327,0.182293,0.179519,0.202850,0.261144,0.180043,0.248212,0.056808,0.179860,0.247438,0.325083,0.195713
177,0.737500,0.240875,0.407547,0.228452,0.247329,0.182292,0.179518,0.202856,0.261146,0.180040,0.248212,0.056809,0.179854,0.247438,0.325085,0.195729
178,0.741667,0.240875,0.407545,0.228460,0.247327,0.182292,0.179518,0.202853,0.261146,0.180042,0.248209,0.056810,0.179860,0.247440,0.325084,0.195715
179,0.745833,0.240874,0.407542,0.228469,0.247329,0.182291,0.179519,0.202852,0.261146,0.180043,0.248212,0.056808,0.179856,0.247437,0.325087,0.195731
180,0.750000,0.240875,0.407539,0.228472,0.247327,0.182292,0.179515,0.202852,0.261146,0.180044,0.248211,0.056809,0.179859,0.247437,0.325087,0.195728
181,0.754167,0.240877,0.407540,0.228473,0.247325,0.182293,0.179514,0.202853,0.261145,0.180042,0.248210,0.056807,0.179854,0.247437,0.325086,0.195729
182,0.758333,0.240878,0.407541,0.228475,0.247324,0.182290,0.179515,0.202852,0.261146,0.180041,0.248208,0.056809,0.179860,0.247440,0.325083,0.195714
183,0.762500,0.240880,0.407539,0.228475,0.247326,0.182291,0.179515,0.202850,0.261145,0.180045,0.248211,0.056808,0.179858,0.247438,0.325086,0.195729
184,0.766667,0.240883,0.407540,0.228472,0.247327,0.182293,0.179514,0.202850,0.261145,0.180040,0.248211,0.056809,0.179855,0.247439,0.325084,0.195715
185,0.770833,0.240882,0.407542,0.228472,0.247324,0.182292,0.179516,0.202846,0.261149,0.180045,0.248211,0.056808,0.179856,0.247440,0.325085,0.195714
186,0.775000,0.240884,0.407541,0.228467,0.247325,0.182292,0.179515,0.202846,0.261150,0.180047,0.248211,0.056808,0.179858,0.247440,0.325085,0.195713
187,0.779167,0.240885,0.407540,0.228463,0.247325,0.182293,0.179514,0.202844,0.261149,0.180049,0.248211,0.056810,0.179860,0.247439,0.325085,0.195712
188,0.783333,0.240887,0.407542,0.228459,0.247323,0.182292,0.179516,0.202845,0.261146,0.180047,0.248209,0.056809,0.179859,0.247437,0.325082,0.195709
189,0.787500,0.240891,0.407547,0.228445,0.247322,0.182293,0.179518,0.202845,0.261143,0.180046,0.248211,0.056808,0.179856,0.247436,0.325082,0.195708
190,0.791667,0.240896,0.407547,0.228437,0.247321,0.182293,0.179517,0.202841,0.261144,0.180045,0.248213,0.056808,0.179858,0.247433,0.325085,0.195720
191,0.795833,0.240896,0.407550,0.228431,0.247321,0.182293,0.179517,0.202837,0.261146,0.180051,0.248212,0.056806,0.179857,0.247432,0.325085,0.195718
192,0.800000,0.240899,0.407552,0.228425,0.247319,0.182292,0.179518,0.202839,0.261143,0.180051,0.248213,0.056807,0.179861,0.247432,0.325083,0.195701
193,0.804167,0.240901,0.407554,0.228415,0.247319,0.182292,0.179517,0.202834,0.261143,0.180051,0.248215,0.056807,0.179858,0.247431,0.325083,0.195698
194,0.808333,0.240904,0.407556,0.228411,0.247319,0.182293,0.179518,0.202834,0.261143,0.180054,0.248214,0.056807,0.179862,0.247426,0.325085,0.195709
195,0.812500,0.240906,0.407557,0.228401,0.247317,0.182293,0.179521,0.202831,0.261143,0.180057,0.248215,0.056807,0.179859,0.247428,0.325084,0.195692
196,0.816667,0.240909,0.407558,0.228393,0.247317,0.182295,0.179521,0.202830,0.261143,0.180056,0.248219,0.056806,0.179857,0.247413,0.325091,0.195693
197,0.820833,0.240911,0.407562,0.228387,0.247317,0.182292,0.179522,0.202827,0.261141,0.180059,0.248217,0.056806,0.179857,0.247422,0.325086,0.195702
198,0.825000,0.240913,0.407564,0.228379,0.247317,0.182296,0.179522,0.202826,0.261141,0.180062,0.248218,0.056807,0.179857,0.247423,0.325084,0.195685
199,0.829167,0.240914,0.407565,0.228371,0.247316,0.182295,0.179526,0.202824,0.261143,0.180065,0.248218,0.056807,0.179858,0.247408,0.325092,0.195688
200,0.833333,0.240914,0.407567,0.228365,0.247314,0.182295,0.179526,0.202821,0.261142,0.180065,0.248218,0.056805,0.179858,0.247416,0.325088,0.195695
201,0.837500,0.240913,0.407568,0.228359,0.247313,0.182296,0.179525,0.202821,0.261143,0.180064,0.248219,0.056808,0.179864,0.247408,0.325088,0.195669
202,0.841667,0.240914,0.407572,0.228353,0.247314,0.182295,0.179527,0.202817,0.261131,0.180077,0.248219,0.056808,0.179863,0.247407,0.325089,0.195667
203,0.845833,0.240915,0.407571,0.228347,0.247314,0.182294,0.179528,0.202813,0.261131,0.180084,0.248221,0.056807,0.179864,0.247401,0.325090,0.195681
204,0.850000,0.240914,0.407574,0.228342,0.247313,0.182295,0.179530,0.202811,0.261132,0.180085,0.248221,0.056805,0.179862,0.247401,0.325092,0.195681
205,0.854167,0.240915,0.407578,0.228338,0.247314,0.182296,0.179529,0.202815,0.261138,0.180073,0.248221,0.056806,0.179861,0.247400,0.325091,0.195680
206,0.858333,0.240912,0.407578,0.228336,0.247314,0.182297,0.179531,0.202816,0.261138,0.180069,0.248221,0.056805,0.179863,0.247399,0.325092,0.195680
207,0.862500,0.240912,0.407578,0.228333,0.247315,0.182295,0.179530,0.202811,0.261129,0.180082,0.248222,0.056806,0.179862,0.247400,0.325093,0.195680
208,0.866667,0.240910,0.407580,0.228331,0.247314,0.182297,0.179531,0.202810,0.261129,0.180086,0.248221,0.056808,0.179862,0.247397,0.325094,0.195679
209,0.870833,0.240909,0.407578,0.228330,0.247312,0.182311,0.179548,0.202808,0.261129,0.180090,0.248223,0.056806,0.179860,0.247398,0.325092,0.195680
210,0.875000,0.240907,0.407580,0.228332,0.247315,0.182295,0.179534,0.202808,0.261130,0.180087,0.248220,0.056807,0.179868,0.247397,0.325092,0.195682
211,0.879167,0.240905,0.407578,0.228334,0.247314,0.182296,0.179532,0.202810,0.261131,0.180086,0.248221,0.056806,0.179862,0.247398,0.325094,0.195683
212,0.883333,0.240905,0.407578,0.228336,0.247312,0.182297,0.179533,0.202816,0.261139,0.180075,0.248220,0.056808,0.179862,0.247397,0.325093,0.195684
213,0.887500,0.240902,0.407579,0.228337,0.247313,0.182295,0.179532,0.202818,0.261139,0.180068,0.248222,0.056806,0.179858,0.247397,0.325093,0.195685
214,0.891667,0.240902,0.407581,0.228341,0.247317,0.182298,0.179535,0.202815,0.261131,0.180081,0.248221,0.056806,0.179860,0.247397,0.325093,0.195686
215,0.895833,0.240898,0.407578,0.228345,0.247316,0.182296,0.179532,0.202815,0.261130,0.180087,0.248221,0.056806,0.179858,0.247400,0.325090,0.195673
216,0.900000,0.240885,0.407582,0.228343,0.247317,0.182296,0.179532,0.202816,0.261132,0.180086,0.248222,0.056808,0.179862,0.247400,0.325092,0.195690
217,0.904167,0.240894,0.407576,0.228356,0.247318,0.182297,0.179529,0.202823,0.261140,0.180069,0.248221,0.056807,0.179855,0.247401,0.325092,0.195690
218,0.908333,0.240892,0.407573,0.228363,0.247320,0.182295,0.179529,0.202821,0.261130,0.180075,0.248222,0.056807,0.179858,0.247411,0.325089,0.195700
219,0.912500,0.240889,0.407570,0.228371,0.247319,0.182292,0.179531,0.202824,0.261139,0.180069,0.248221,0.056807,0.179855,0.247402,0.325082,0.195689
220,0.916667,0.240886,0.407569,0.228377,0.247321,0.182294,0.179529,0.202826,0.261132,0.180077,0.248219,0.056807,0.179859,0.247403,0.325091,0.195698
221,0.920833,0.240884,0.407568,0.228384,0.247319,0.182296,0.179529,0.202830,0.261141,0.180066,0.248220,0.056807,0.179857,0.247416,0.325078,0.195704
222,0.925000,0.240879,0.407564,0.228393,0.247319,0.182296,0.179529,0.202832,0.261142,0.180063,0.248216,0.056806,0.179856,0.247416,0.325087,0.195713
223,0.929167,0.240877,0.407564,0.228402,0.247323,0.182295,0.179528,0.202834,0.261143,0.180060,0.248217,0.056805,0.179854,0.247420,0.325084,0.195701
224,0.933333,0.240875,0.407561,0.228409,0.247321,0.182295,0.179525,0.202834,0.261144,0.180059,0.248216,0.056809,0.179855,0.247419,0.325087,0.195717
225,0.937500,0.240873,0.407559,0.228418,0.247322,0.182295,0.179524,0.202836,0.261144,0.180058,0.248214,0.056808,0.179856,0.247421,0.325086,0.195721
226,0.941667,0.240871,0.407557,0.228425,0.247322,0.182294,0.179524,0.202838,0.261144,0.180055,0.248214,0.056810,0.179857,0.247422,0.325087,0.195723
227,0.945833,0.240869,0.407555,0.228432,0.247321,0.182295,0.179523,0.202838,0.261149,0.180055,0.248215,0.056810,0.179853,0.247422,0.325087,0.195725
228,0.950000,0.240867,0.407553,0.228440,0.247319,0.182295,0.179524,0.202843,0.261144,0.180053,0.248212,0.056810,0.179855,0.247424,0.325087,0.195727
229,0.954167,0.240865,0.407548,0.228454,0.247321,0.182294,0.179522,0.202842,0.261147,0.180053,0.248215,0.056809,0.179851,0.247428,0.325084,0.195714
230,0.958333,0.240865,0.407545,0.228459,0.247322,0.182294,0.179519,0.202843,0.261145,0.180050,0.248215,0.056811,0.179850,0.247427,0.325086,0.195729
231,0.962500,0.240865,0.407545,0.228463,0.247323,0.182293,0.179520,0.202844,0.261148,0.180049,0.248213,0.056810,0.179851,0.247428,0.325089,0.195733
232,0.966667,0.240865,0.407544,0.228468,0.247323,0.182293,0.179518,0.202846,0.261148,0.180049,0.248210,0.056809,0.179858,0.247431,0.325085,0.195719
233,0.970833,0.240867,0.407544,0.228470,0.247323,0.182294,0.179519,0.202844,0.261148,0.180049,0.248213,0.056809,0.179855,0.247430,0.325087,0.195732
234,0.975000,0.240866,0.407542,0.228473,0.247324,0.182294,0.179518,0.202847,0.261145,0.180048,0.248211,0.056810,0.179854,0.247430,0.325087,0.195731
235,0.979167,0.240869,0.407541,0.228473,0.247323,0.182293,0.179517,0.202848,0.261145,0.180044,0.248211,0.056807,0.179853,0.247430,0.325086,0.195732
236,0.983333,0.240870,0.407541,0.228476,0.247323,0.182293,0.179516,0.202849,0.261145,0.180044,0.248212,0.056807,0.179852,0.247431,0.325085,0.195731
237,0.987500,0.240872,0.407539,0.228475,0.247324,0.182293,0.179515,0.202845,0.261147,0.180045,0.248211,0.056809,0.179854,0.247430,0.325086,0.195731
238,0.991667,0.240873,0.407541,0.228473,0.247322,0.182293,0.179514,0.202844,0.261146,0.180049,0.248212,0.056807,0.179851,0.247431,0.325086,0.195730
239,0.995833,0.240876,0.407539,0.228472,0.247323,0.182293,0.179516,0.202844,0.261147,0.180048,0.248214,0.056806,0.179853,0.247434,0.325082,0.195714
240,1.000000,0.240878,0.407538,0.228469,0.247321,0.182292,0.179515,0.202845,0.261143,0.180043,0.248212,0.056806,0.179855,0.247431,0.325083,0.195713
241,1.004167,0.240879,0.407539,0.228466,0.247323,0.182290,0.179516,0.202840,0.261145,0.180046,0.248213,0.056806,0.179853,0.247428,0.325085,0.195724
242,1.008333,0.240884,0.407544,0.228454,0.247321,0.182292,0.179515,0.202845,0.261141,0.180043,0.248212,0.056809,0.179855,0.247429,0.325085,0.195724
243,1.012500,0.240886,0.407546,0.228449,0.247323,0.182292,0.179514,0.202839,0.261145,0.180047,0.248214,0.056803,0.179857,0.247432,0.325084,0.195707
244,1.016667,0.240885,0.407546,0.228444,0.247322,0.182291,0.179515,0.202842,0.261141,0.180046,0.248214,0.056805,0.179857,0.247426,0.325087,0.195717
245,1.020833,0.240888,0.407550,0.228435,0.247322,0.182294,0.179515,0.202837,0.261143,0.180047,0.248216,0.056807,0.179855,0.247426,0.325086,0.195716
246,1.025000,0.240891,0.407551,0.228429,0.247321,0.182294,0.179517,0.202838,0.261142,0.180049,0.248214,0.056807,0.179860,0.247429,0.325085,0.195701
247,1.029167,0.240891,0.407552,0.228420,0.247318,0.182293,0.179519,0.202835,0.261144,0.180051,0.248212,0.056808,0.179861,0.247423,0.325088,0.195711
248,1.033333,0.240892,0.407557,0.228415,0.247318,0.182293,0.179519,0.202832,0.261144,0.180053,0.248215,0.056810,0.179855,0.247425,0.325085,0.195694
249,1.037500,0.240892,0.407558,0.228405,0.247317,0.182294,0.179521,0.202830,0.261144,0.180057,0.248214,0.056809,0.179861,0.247424,0.325085,0.195690
250,1.041667,0.240896,0.407560,0.228396,0.247318,0.182294,0.179519,0.202827,0.261143,0.180054,0.248216,0.056808,0.179859,0.247419,0.325088,0.195704
251,1.045833,0.240896,0.407563,0.228388,0.247317,0.182295,0.179522,0.202826,0.261143,0.180057,0.248218,0.056808,0.179860,0.247421,0.325086,0.195685
252,1.050000,0.240897,0.407565,0.228379,0.247317,0.182295,0.179521,0.202826,0.261142,0.180058,0.248218,0.056808,0.179860,0.247417,0.325090,0.195697
253,1.054167,0.240899,0.407567,0.228371,0.247317,0.182293,0.179524,0.202824,0.261141,0.180058,0.248216,0.056808,0.179860,0.247417,0.325089,0.195696
254,1.058333,0.240899,0.407569,0.228363,0.247316,0.182293,0.179525,0.202824,0.261142,0.180060,0.248217,0.056809,0.179863,0.247410,0.325091,0.195667
255,1.062500,0.240902,0.407571,0.228355,0.247317,0.182295,0.179525,0.202823,0.261140,0.180059,0.248218,0.056805,0.179864,0.247405,0.325090,0.195680
256,1.066667,0.240902,0.407574,0.228348,0.247315,0.182295,0.179527,0.202823,0.261140,0.180061,0.248220,0.056805,0.179863,0.247405,0.325093,0.195679
257,1.070833,0.240904,0.407576,0.228342,0.247316,0.182294,0.179528,0.202823,0.261139,0.180062,0.248223,0.056806,0.179859,0.247404,0.325095,0.195678
258,1.075000,0.240892,0.407583,0.228327,0.247318,0.182293,0.179526,0.202818,0.261131,0.180076,0.248220,0.056806,0.179863,0.247405,0.325090,0.195661
259,1.079167,0.240904,0.407578,0.228331,0.247318,0.182294,0.179529,0.202820,0.261137,0.180065,0.248219,0.056803,0.179862,0.247406,0.325091,0.195661
260,1.083333,0.240906,0.407578,0.228327,0.247316,0.182294,0.179529,0.202822,0.261138,0.180062,0.248222,0.056802,0.179861,0.247407,0.325091,0.195657
261,1.087500,0.240903,0.407578,0.228324,0.247315,0.182293,0.179530,0.202819,0.261130,0.180075,0.248221,0.056803,0.179857,0.247405,0.325090,0.195657
262,1.091667,0.240904,0.407579,0.228322,0.247316,0.182292,0.179529,0.202821,0.261136,0.180065,0.248221,0.056804,0.179856,0.247403,0.325093,0.195673
263,1.095833,0.240893,0.407585,0.228313,0.247318,0.182291,0.179529,0.202821,0.261137,0.180060,0.248221,0.056804,0.179860,0.247403,0.325093,0.195673
264,1.100000,0.240903,0.407581,0.228320,0.247319,0.182293,0.179530,0.202823,0.261138,0.180061,0.248221,0.056805,0.179861,0.247407,0.325091,0.195658
265,1.104167,0.240892,0.407586,0.228313,0.247318,0.182295,0.179528,0.202824,0.261137,0.180061,0.248220,0.056805,0.179863,0.247408,0.325090,0.195658
266,1.108333,0.240900,0.407580,0.228321,0.247317,0.182293,0.179528,0.202821,0.261129,0.180075,0.248222,0.056806,0.179859,0.247404,0.325093,0.195675
267,1.112500,0.240900,0.407581,0.228326,0.247318,0.182294,0.179528,0.202824,0.261137,0.180065,0.248221,0.056804,0.179859,0.247408,0.325091,0.195661
268,1.116667,0.240897,0.407582,0.228329,0.247319,0.182293,0.179528,0.202820,0.261130,0.180075,0.248220,0.056805,0.179864,0.247418,0.325086,0.195670
269,1.120833,0.240900,0.407579,0.228331,0.247317,0.182293,0.179530,0.202825,0.261138,0.180064,0.248219,0.056806,0.179861,0.247411,0.325090,0.195663
270,1.125000,0.240899,0.407579,0.228337,0.247318,0.182295,0.179527,0.202831,0.261138,0.180060,0.248221,0.056806,0.179858,0.247421,0.325086,0.195674
271,1.129167,0.240897,0.407579,0.228342,0.247319,0.182294,0.179529,0.202825,0.261133,0.180074,0.248218,0.056803,0.179862,0.247413,0.325091,0.195669
272,1.133333,0.240897,0.407577,0.228348,0.247319,0.182297,0.179528,0.202829,0.261141,0.180065,0.248218,0.056806,0.179859,0.247424,0.325080,0.195672
273,1.137500,0.240898,0.407575,0.228355,0.247322,0.182294,0.179528,0.202830,0.261143,0.180061,0.248216,0.056809,0.179862,0.247425,0.325086,0.195681
274,1.141667,0.240896,0.407574,0.228362,0.247319,0.182295,0.179527,0.202832,0.261144,0.180060,0.248212,0.056809,0.179863,0.247423,0.325088,0.195697
275,1.145833,0.240894,0.407569,0.228369,0.247321,0.182295,0.179527,0.202835,0.261144,0.180058,0.248218,0.056809,0.179858,0.247427,0.325087,0.195685
276,1.150000,0.240896,0.407569,0.228376,0.247321,0.182294,0.179526,0.202835,0.261143,0.180063,0.248215,0.056809,0.179860,0.247428,0.325086,0.195689
277,1.154167,0.240894,0.407567,0.228386,0.247323,0.182294,0.179525,0.202835,0.261145,0.180062,0.248214,0.056808,0.179860,0.247428,0.325088,0.195705
278,1.158333,0.240895,0.407564,0.228393,0.247321,0.182295,0.179523,0.202838,0.261145,0.180057,0.248216,0.056809,0.179857,0.247429,0.325088,0.195707
279,1.162500,0.240895,0.407561,0.228402,0.247323,0.182293,0.179524,0.202838,0.261147,0.180056,0.248214,0.056808,0.179854,0.247434,0.325086,0.195696
280,1.166667,0.240895,0.407561,0.228409,0.247323,0.182295,0.179522,0.202841,0.261146,0.180054,0.248214,0.056808,0.179858,0.247434,0.325085,0.195698
281,1.170833,0.240894,0.407558,0.228416,0.247322,0.182293,0.179521,0.202844,0.261143,0.180051,0.248213,0.056809,0.179853,0.247435,0.325082,0.195700
282,1.175000,0.240895,0.407555,0.228421,0.247324,0.182292,0.179521,0.202845,0.261143,0.180051,0.248215,0.056808,0.179857,0.247439,0.325083,0.195702
283,1.179167,0.240896,0.407554,0.228425,0.247324,0.182291,0.179520,0.202847,0.261144,0.180050,0.248215,0.056806,0.179854,0.247438,0.325083,0.195704
284,1.183333,0.240894,0.407553,0.228431,0.247324,0.182292,0.179520,0.202843,0.261147,0.180052,0.248213,0.056805,0.179853,0.247440,0.325084,0.195706
285,1.187500,0.240897,0.407553,0.228436,0.247324,0.182295,0.179519,0.202846,0.261147,0.180052,0.248212,0.056807,0.179855,0.247438,0.325085,0.195722
286,1.191667,0.240898,0.407552,0.228439,0.247324,0.182294,0.179517,0.202848,0.261148,0.180051,0.248211,0.056808,0.179855,0.247442,0.325084,0.195709
287,1.195833,0.240897,0.407548,0.228443,0.247322,0.182293,0.179517,0.202845,0.261149,0.180050,0.248211,0.056808,0.179854,0.247441,0.325083,0.195709
288,1.200000,0.240899,0.407549,0.228444,0.247324,0.182292,0.179518,0.202845,0.261147,0.180048,0.248213,0.056806,0.179851,0.247441,0.325083,0.195710
289,1.204167,0.240900,0.407548,0.228447,0.247324,0.182293,0.179516,0.202847,0.261149,0.180051,0.248214,0.056807,0.179852,0.247442,0.325084,0.195712
290,1.208333,0.240900,0.407548,0.228449,0.247323,0.182293,0.179516,0.202849,0.261147,0.180050,0.248212,0.056807,0.179853,0.247440,0.325084,0.195724
291,1.212500,0.240900,0.407548,0.228449,0.247323,0.182293,0.179516,0.202847,0.261147,0.180050,0.248213,0.056808,0.179852,0.247441,0.325086,0.195726
292,1.216667,0.240901,0.407548,0.228449,0.247322,0.182293,0.179515,0.202847,0.261146,0.180049,0.248213,0.056808,0.179854,0.247442,0.325083,0.195709
293,1.220833,0.240900,0.407548,0.228448,0.247322,0.182292,0.179514,0.202844,0.261148,0.180052,0.248213,0.056809,0.179853,0.247441,0.325082,0.195710
294,1.225000,0.240902,0.407546,0.228448,0.247320,0.182294,0.179515,0.202847,0.261146,0.180049,0.248214,0.056809,0.179854,0.247440,0.325083,0.195708
295,1.229167,0.240901,0.407546,0.228446,0.247321,0.182293,0.179514,0.202842,0.261147,0.180050,0.248214,0.056809,0.179855,0.247440,0.325082,0.195708
296,1.233333,0.240904,0.407548,0.228441,0.247321,0.182294,0.179516,0.202840,0.261148,0.180051,0.248213,0.056808,0.179854,0.247440,0.325082,0.195705
297,1.237500,0.240903,0.407551,0.228437,0.247318,0.182295,0.179517,0.202839,0.261149,0.180055,0.248213,0.056809,0.179857,0.247439,0.325084,0.195704
298,1.241667,0.240903,0.407553,0.228431,0.247321,0.182294,0.179516,0.202842,0.261144,0.180050,0.248213,0.056808,0.179855,0.247434,0.325085,0.195716
299,1.245833,0.240905,0.407553,0.228427,0.247319,0.182293,0.179518,0.202837,0.261151,0.180055,0.248214,0.056809,0.179854,0.247432,0.325087,0.195714
300,1.250000,0.240902,0.407556,0.228421,0.247319,0.182293,0.179518,0.202836,0.261149,0.180058,0.248216,0.056809,0.179854,0.247433,0.325085,0.195699
301,1.254167,0.240904,0.407555,0.228414,0.247319,0.182293,0.179520,0.202836,0.261146,0.180057,0.248216,0.056808,0.179854,0.247432,0.325085,0.195696
302,1.258333,0.240906,0.407560,0.228409,0.247320,0.182295,0.179521,0.202833,0.261146,0.180057,0.248216,0.056811,0.179858,0.247431,0.325084,0.195695
303,1.262500,0.240906,0.407559,0.228402,0.247319,0.182297,0.179519,0.202833,0.261145,0.180055,0.248217,0.056809,0.179857,0.247427,0.325086,0.195708
304,1.266667,0.240905,0.407561,0.228395,0.247321,0.182294,0.179522,0.202833,0.261144,0.180056,0.248218,0.056809,0.179858,0.247426,0.325088,0.195704
305,1.270833,0.240905,0.407564,0.228390,0.247321,0.182295,0.179523,0.202832,0.261143,0.180058,0.248216,0.056807,0.179860,0.247417,0.325090,0.195680
306,1.275000,0.240903,0.407564,0.228383,0.247318,0.182294,0.179523,0.202832,0.261144,0.180060,0.248220,0.056808,0.179859,0.247425,0.325084,0.195685
307,1.279167,0.240905,0.407564,0.228374,0.247318,0.182294,0.179524,0.202831,0.261141,0.180059,0.248220,0.056807,0.179860,0.247415,0.325088,0.195675
308,1.283333,0.240904,0.407565,0.228370,0.247320,0.182293,0.179525,0.202830,0.261141,0.180060,0.248221,0.056808,0.179857,0.247420,0.325087,0.195697
309,1.287500,0.240904,0.407567,0.228364,0.247320,0.182293,0.179525,0.202824,0.261132,0.180074,0.248222,0.056807,0.179859,0.247422,0.325077,0.195673
310,1.291667,0.240903,0.407573,0.228358,0.247319,0.182292,0.179528,0.202827,0.261139,0.180067,0.248220,0.056806,0.179862,0.247412,0.325090,0.195670
311,1.295833,0.240901,0.407573,0.228353,0.247320,0.182294,0.179529,0.202829,0.261141,0.180060,0.248222,0.056807,0.179863,0.247407,0.325093,0.195683
312,1.300000,0.240900,0.407573,0.228348,0.247319,0.182295,0.179531,0.202828,0.261140,0.180062,0.248221,0.056808,0.179859,0.247404,0.325094,0.195683
313,1.304167,0.240898,0.407576,0.228343,0.247320,0.182294,0.179529,0.202821,0.261132,0.180077,0.248220,0.056806,0.179860,0.247408,0.325091,0.195666
314,1.308333,0.240897,0.407577,0.228340,0.247317,0.182295,0.179531,0.202826,0.261135,0.180068,0.248220,0.056806,0.179862,0.247406,0.325091,0.195666
315,1.312500,0.240896,0.407578,0.228339,0.247318,0.182296,0.179530,0.202820,0.261132,0.180075,0.248222,0.056807,0.179862,0.247403,0.325095,0.195683
316,1.316667,0.240884,0.407586,0.228328,0.247319,0.182295,0.179528,0.202824,0.261140,0.180066,0.248222,0.056806,0.179863,0.247403,0.325096,0.195681
317,1.320833,0.240881,0.407588,0.228325,0.247320,0.182295,0.179529,0.202826,0.261143,0.180063,0.248223,0.056807,0.179859,0.247407,0.325093,0.195666
318,1.325000,0.240880,0.407589,0.228326,0.247319,0.182296,0.179529,0.202824,0.261140,0.180065,0.248221,0.056807,0.179863,0.247404,0.325095,0.195682
319,1.329167,0.240878,0.407585,0.228326,0.247321,0.182297,0.179529,0.202822,0.261132,0.180076,0.248222,0.056806,0.179861,0.247407,0.325093,0.195666
320,1.333333,0.240876,0.407586,0.228328,0.247321,0.182294,0.179531,0.202826,0.261139,0.180065,0.248222,0.056808,0.179861,0.247403,0.325094,0.195684
321,1.337500,0.240875,0.407585,0.228329,0.247321,0.182294,0.179528,0.202830,0.261139,0.180061,0.248219,0.056805,0.179863,0.247408,0.325093,0.195669
322,1.341667,0.240886,0.407581,0.228342,0.247320,0.182293,0.179529,0.202828,0.261140,0.180059,0.248219,0.056804,0.179861,0.247415,0.325091,0.195692
323,1.345833,0.240884,0.407579,0.228345,0.247321,0.182293,0.179529,0.202830,0.261140,0.180061,0.248222,0.056803,0.179859,0.247409,0.325092,0.195671
324,1.350000,0.240872,0.407584,0.228341,0.247322,0.182295,0.179531,0.202830,0.261140,0.180060,0.248219,0.056803,0.179861,0.247408,0.325087,0.195682
325,1.354167,0.240882,0.407577,0.228355,0.247320,0.182295,0.179530,0.202833,0.261142,0.180061,0.248220,0.056807,0.179858,0.247416,0.325090,0.195699
326,1.358333,0.240869,0.407578,0.228352,0.247323,0.182294,0.179527,0.202833,0.261142,0.180059,0.248218,0.056806,0.179859,0.247409,0.325095,0.195690
327,1.362500,0.240881,0.407574,0.228366,0.247321,0.182293,0.179529,0.202832,0.261142,0.180059,0.248217,0.056806,0.179862,0.247419,0.325089,0.195702
328,1.366667,0.240881,0.407571,0.228371,0.247320,0.182293,0.179528,0.202834,0.261143,0.180059,0.248216,0.056808,0.179857,0.247424,0.325088,0.195691
329,1.370833,0.240881,0.407572,0.228379,0.247319,0.182295,0.179527,0.202835,0.261143,0.180057,0.248216,0.056807,0.179857,0.247417,0.325093,0.195682
330,1.375000,0.240880,0.407570,0.228386,0.247320,0.182295,0.179526,0.202836,0.261142,0.180054,0.248214,0.056809,0.179860,0.247422,0.325091,0.195707
331,1.379167,0.240881,0.407568,0.228390,0.247320,0.182294,0.179526,0.202837,0.261143,0.180060,0.248213,0.056808,0.179859,0.247426,0.325088,0.195694
332,1.383333,0.240882,0.407566,0.228395,0.247321,0.182293,0.179526,0.202835,0.261143,0.180057,0.248212,0.056807,0.179856,0.247423,0.325089,0.195712
333,1.387500,0.240881,0.407565,0.228405,0.247321,0.182292,0.179525,0.202837,0.261142,0.180055,0.248214,0.056807,0.179859,0.247428,0.325086,0.195699
334,1.391667,0.240883,0.407562,0.228409,0.247320,0.182293,0.179522,0.202837,0.261144,0.180055,0.248213,0.056809,0.179857,0.247429,0.325085,0.195702
335,1.395833,0.240882,0.407560,0.228414,0.247319,0.182293,0.179523,0.202836,0.261145,0.180054,0.248214,0.056808,0.179854,0.247430,0.325086,0.195703
336,1.400000,0.240885,0.407560,0.228421,0.247318,0.182291,0.179521,0.202838,0.261145,0.180052,0.248210,0.056806,0.179859,0.247428,0.325087,0.195718
337,1.404167,0.240884,0.407557,0.228426,0.247322,0.182295,0.179519,0.202843,0.261144,0.180052,0.248211,0.056807,0.179855,0.247427,0.325088,0.195719
338,1.408333,0.240883,0.407555,0.228431,0.247321,0.182293,0.179521,0.202840,0.261146,0.180052,0.248211,0.056807,0.179856,0.247430,0.325085,0.195705
339,1.412500,0.240887,0.407553,0.228435,0.247320,0.182292,0.179521,0.202837,0.261144,0.180053,0.248212,0.056808,0.179857,0.247427,0.325088,0.195719
340,1.416667,0.240889,0.407551,0.228438,0.247318,0.182294,0.179522,0.202839,0.261147,0.180053,0.248212,0.056807,0.179858,0.247431,0.325086,0.195707
341,1.420833,0.240890,0.407552,0.228442,0.247319,0.182295,0.179520,0.202837,0.261147,0.180051,0.248212,0.056808,0.179856,0.247430,0.325087,0.195721
342,1.425000,0.240890,0.407548,0.228452,0.247319,0.182293,0.179523,0.202836,0.261146,0.180053,0.248211,0.056809,0.179857,0.247428,0.325087,0.195721
343,1.429167,0.240892,0.407550,0.228443,0.247320,0.182293,0.179521,0.202836,0.261147,0.180055,0.248211,0.056808,0.179854,0.247431,0.325086,0.195706
344,1.433333,0.240895,0.407548,0.228442,0.247318,0.182294,0.179519,0.202838,0.261147,0.180055,0.248210,0.056810,0.179859,0.247430,0.325084,0.195706
345,1.437500,0.240896,0.407550,0.228442,0.247317,0.182294,0.179520,0.202836,0.261145,0.180056,0.248211,0.056806,0.179855,0.247427,0.325088,0.195720
346,1.441667,0.240898,0.407551,0.228440,0.247317,0.182294,0.179518,0.202835,0.261145,0.180054,0.248211,0.056811,0.179857,0.247430,0.325085,0.195704
347,1.445833,0.240898,0.407551,0.228439,0.247317,0.182296,0.179518,0.202831,0.261147,0.180056,0.248213,0.056808,0.179858,0.247427,0.325088,0.195719
348,1.450000,0.240899,0.407553,0.228434,0.247316,0.182293,0.179518,0.202832,0.261146,0.180058,0.248212,0.056808,0.179858,0.247426,0.325085,0.195703
349,1.454167,0.240898,0.407553,0.228430,0.247317,0.182292,0.179518,0.202831,0.261146,0.180055,0.248213,0.056809,0.179857,0.247426,0.325085,0.195701
350,1.458333,0.240898,0.407556,0.228427,0.247318,0.182296,0.179520,0.202832,0.261144,0.180058,0.248212,0.056806,0.179855,0.247425,0.325085,0.195701
351,1.462500,0.240898,0.407556,0.228422,0.247316,0.182294,0.179521,0.202830,0.261145,0.180058,0.248215,0.056807,0.179853,0.247420,0.325087,0.195714
352,1.466667,0.240897,0.407555,0.228417,0.247316,0.182294,0.179519,0.202828,0.261144,0.180059,0.248215,0.056806,0.179858,0.247420,0.325088,0.195712
353,1.470833,0.240895,0.407557,0.228411,0.247315,0.182296,0.179520,0.202822,0.261135,0.180070,0.248214,0.056808,0.179855,0.247422,0.325086,0.195699
354,1.475000,0.240896,0.407562,0.228405,0.247316,0.182295,0.179519,0.202823,0.261143,0.180063,0.248215,0.056807,0.179855,0.247416,0.325090,0.195709
355,1.479167,0.240894,0.407563,0.228400,0.247314,0.182296,0.179522,0.202825,0.261145,0.180060,0.248215,0.056807,0.179855,0.247419,0.325086,0.195693
356,1.483333,0.240895,0.407566,0.228392,0.247313,0.182296,0.179522,0.202824,0.261145,0.180061,0.248217,0.056810,0.179857,0.247414,0.325090,0.195706
357,1.487500,0.240892,0.407566,0.228386,0.247314,0.182295,0.179522,0.202824,0.261141,0.180060,0.248219,0.056809,0.179856,0.247413,0.325090,0.195704
358,1.491667,0.240891,0.407568,0.228381,0.247312,0.182296,0.179522,0.202823,0.261142,0.180062,0.248219,0.056808,0.179856,0.247411,0.325090,0.195702
359,1.495833,0.240892,0.407572,0.228376,0.247313,0.182297,0.179523,0.202821,0.261144,0.180059,0.248219,0.056809,0.179857,0.247399,0.325095,0.195693
360,1.500000,0.240887,0.407571,0.228370,0.247316,0.182296,0.179524,0.202822,0.261142,0.180060,0.248219,0.056807,0.179855,0.247397,0.325094,0.195692
361,1.504167,0.240885,0.407572,0.228368,0.247314,0.182297,0.179526,0.202820,0.261142,0.180064,0.248219,0.056809,0.179859,0.247398,0.325095,0.195691
362,1.508333,0.240883,0.407574,0.228362,0.247316,0.182296,0.179524,0.202819,0.261142,0.180063,0.248219,0.056808,0.179859,0.247398,0.325096,0.195688
363,1.512500,0.240881,0.407575,0.228360,0.247315,0.182296,0.179526,0.202820,0.261139,0.180059,0.248220,0.056806,0.179861,0.247396,0.325094,0.195688
364,1.516667,0.240870,0.407580,0.228345,0.247315,0.182296,0.179525,0.202819,0.261140,0.180063,0.248221,0.056805,0.179859,0.247396,0.325095,0.195686
365,1.520833,0.240876,0.407577,0.228351,0.247316,0.182297,0.179526,0.202821,0.261138,0.180061,0.248222,0.056806,0.179858,0.247394,0.325095,0.195686
366,1.525000,0.240865,0.407583,0.228341,0.247316,0.182297,0.179526,0.202814,0.261131,0.180073,0.248221,0.056806,0.179857,0.247395,0.325096,0.195685
367,1.529167,0.240863,0.407583,0.228336,0.247318,0.182295,0.179528,0.202819,0.261137,0.180064,0.248223,0.056806,0.179859,0.247394,0.325096,0.195685
368,1.533333,0.240863,0.407585,0.228336,0.247317,0.182295,0.179528,0.202821,0.261138,0.180059,0.248222,0.056808,0.179859,0.247401,0.325092,0.195691
369,1.537500,0.240860,0.407583,0.228338,0.247317,0.182297,0.179531,0.202822,0.261136,0.180057,0.248222,0.056806,0.179860,0.247393,0.325097,0.195684
370,1.541667,0.240866,0.407577,0.228346,0.247316,0.182295,0.179530,0.202817,0.261130,0.180071,0.248221,0.056807,0.179860,0.247392,0.325097,0.195683
371,1.545833,0.240856,0.407584,0.228338,0.247319,0.182296,0.179530,0.202816,0.261129,0.180075,0.248222,0.056807,0.179861,0.247393,0.325098,0.195684
372,1.550000,0.240856,0.407584,0.228339,0.247319,0.182296,0.179529,0.202817,0.261129,0.180073,0.248222,0.056808,0.179862,0.247394,0.325098,0.195686
373,1.554167,0.240852,0.407583,0.228343,0.247318,0.182295,0.179530,0.202823,0.261138,0.180062,0.248221,0.056806,0.179862,0.247394,0.325097,0.195684
374,1.558333,0.240851,0.407581,0.228344,0.247319,0.182294,0.179528,0.202820,0.261131,0.180070,0.248223,0.056806,0.179861,0.247396,0.325098,0.195685
375,1.562500,0.240850,0.407582,0.228348,0.247319,0.182296,0.179530,0.202821,0.261130,0.180072,0.248222,0.056806,0.179859,0.247394,0.325097,0.195687
376,1.566667,0.240847,0.407579,0.228350,0.247319,0.182295,0.179528,0.202818,0.261132,0.180073,0.248221,0.056806,0.179862,0.247395,0.325098,0.195687
377,1.570833,0.240845,0.407579,0.228353,0.247321,0.182295,0.179528,0.202826,0.261141,0.180059,0.248219,0.056807,0.179860,0.247397,0.325097,0.195689
378,1.575000,0.240844,0.407579,0.228357,0.247320,0.182294,0.179529,0.202830,0.261141,0.180052,0.248218,0.056805,0.179861,0.247398,0.325098,0.195690
379,1.579167,0.240842,0.407577,0.228360,0.247319,0.182294,0.179527,0.202829,0.261139,0.180053,0.248217,0.056806,0.179860,0.247407,0.325093,0.195700
380,1.583333,0.240842,0.407576,0.228364,0.247322,0.182294,0.179524,0.202830,0.261140,0.180051,0.248219,0.056809,0.179858,0.247408,0.325094,0.195701
381,1.587500,0.240841,0.407576,0.228368,0.247321,0.182296,0.179525,0.202831,0.261142,0.180050,0.248215,0.056808,0.179859,0.247404,0.325095,0.195679
382,1.591667,0.240840,0.407575,0.228374,0.247322,0.182296,0.179524,0.202831,0.261144,0.180050,0.248214,0.056807,0.179859,0.247403,0.325097,0.195696
383,1.595833,0.240841,0.407575,0.228378,0.247323,0.182295,0.179526,0.202834,0.261142,0.180050,0.248218,0.056808,0.179858,0.247414,0.325094,0.195706
384,1.600000,0.240854,0.407568,0.228390,0.247323,0.182295,0.179522,0.202835,0.261144,0.180049,0.248214,0.056807,0.179861,0.247408,0.325097,0.195697
385,1.604167,0.240855,0.407567,0.228395,0.247322,0.182294,0.179523,0.202839,0.261141,0.180046,0.248215,0.056807,0.179858,0.247420,0.325091,0.195694
386,1.608333,0.240857,0.407566,0.228400,0.247321,0.182295,0.179523,0.202836,0.261145,0.180049,0.248215,0.056807,0.179859,0.247418,0.325094,0.195710
387,1.612500,0.240858,0.407566,0.228403,0.247323,0.182294,0.179521,0.202842,0.261143,0.180044,0.248212,0.056810,0.179860,0.247420,0.325093,0.195709
388,1.616667,0.240860,0.407564,0.228407,0.247323,0.182294,0.179521,0.202839,0.261141,0.180044,0.248211,0.056806,0.179859,0.247423,0.325092,0.195712
389,1.620833,0.240863,0.407563,0.228410,0.247323,0.182294,0.179521,0.202840,0.261145,0.180047,0.248214,0.056809,0.179858,0.247425,0.325090,0.195696
390,1.625000,0.240866,0.407560,0.228413,0.247322,0.182293,0.179518,0.202844,0.261142,0.180043,0.248212,0.056806,0.179856,0.247425,0.325091,0.195712
391,1.629167,0.240866,0.407558,0.228416,0.247322,0.182294,0.179519,0.202844,0.261142,0.180045,0.248212,0.056807,0.179859,0.247428,0.325089,0.195698
392,1.633333,0.240871,0.407558,0.228417,0.247320,0.182294,0.179520,0.202843,0.261142,0.180044,0.248210,0.056806,0.179858,0.247430,0.325088,0.195698
393,1.637500,0.240874,0.407557,0.228418,0.247323,0.182292,0.179516,0.202844,0.261142,0.180043,0.248212,0.056807,0.179856,0.247428,0.325089,0.195712
394,1.641667,0.240878,0.407557,0.228418,0.247322,0.182291,0.179518,0.202842,0.261142,0.180042,0.248210,0.056808,0.179859,0.247429,0.325088,0.195713
395,1.645833,0.240881,0.407557,0.228419,0.247320,0.182294,0.179516,0.202839,0.261147,0.180047,0.248213,0.056808,0.179856,0.247432,0.325088,0.195697
396,1.650000,0.240883,0.407558,0.228417,0.247320,0.182295,0.179517,0.202841,0.261147,0.180049,0.248212,0.056805,0.179855,0.247428,0.325091,0.195711
397,1.654167,0.240888,0.407557,0.228419,0.247319,0.182296,0.179518,0.202839,0.261147,0.180048,0.248212,0.056807,0.179855,0.247428,0.325091,0.195710
398,1.658333,0.240890,0.407557,0.228416,0.247317,0.182296,0.179517,0.202835,0.261148,0.180049,0.248210,0.056810,0.179856,0.247432,0.325090,0.195694
399,1.662500,0.240894,0.407559,0.228413,0.247316,0.182297,0.179517,0.202838,0.261147,0.180049,0.248212,0.056810,0.179857,0.247432,0.325087,0.195693
400,1.666667,0.240898,0.407560,0.228412,0.247315,0.182296,0.179517,0.202833,0.261148,0.180052,0.248209,0.056811,0.179856,0.247428,0.325090,0.195706
401,1.670833,0.240900,0.407559,0.228408,0.247315,0.182295,0.179518,0.202833,0.261148,0.180051,0.248213,0.056808,0.179857,0.247431,0.325089,0.195690
402,1.675000,0.240902,0.407561,0.228404,0.247317,0.182295,0.179518,0.202831,0.261148,0.180052,0.248212,0.056811,0.179856,0.247430,0.325086,0.195689
403,1.679167,0.240905,0.407562,0.228399,0.247315,0.182296,0.179517,0.202829,0.261146,0.180055,0.248212,0.056809,0.179860,0.247430,0.325087,0.195689
404,1.683333,0.240908,0.407562,0.228396,0.247315,0.182296,0.179518,0.202829,0.261148,0.180054,0.248211,0.056808,0.179859,0.247429,0.325086,0.195684
405,1.687500,0.240910,0.407563,0.228392,0.247315,0.182295,0.179518,0.202828,0.261145,0.180052,0.248214,0.056808,0.179856,0.247429,0.325087,0.195683
406,1.691667,0.240912,0.407565,0.228386,0.247314,0.182296,0.179517,0.202828,0.261145,0.180055,0.248214,0.056808,0.179860,0.247428,0.325086,0.195682
407,1.695833,0.240914,0.407565,0.228381,0.247315,0.182296,0.179520,0.202827,0.261145,0.180056,0.248216,0.056806,0.179859,0.247423,0.325090,0.195694
408,1.700000,0.240917,0.407567,0.228376,0.247316,0.182295,0.179520,0.202826,0.261145,0.180057,0.248215,0.056809,0.179859,0.247415,0.325091,0.195666
409,1.704167,0.240918,0.407568,0.228369,0.247315,0.182294,0.179521,0.202825,0.261145,0.180059,0.248216,0.056807,0.179859,0.247425,0.325087,0.195673
410,1.708333,0.240920,0.407568,0.228365,0.247315,0.182295,0.179519,0.202824,0.261144,0.180060,0.248217,0.056806,0.179857,0.247412,0.325092,0.195663
411,1.712500,0.240921,0.407570,0.228357,0.247312,0.182297,0.179521,0.202825,0.261142,0.180057,0.248216,0.056809,0.179862,0.247412,0.325093,0.195662
412,1.716667,0.240919,0.407572,0.228354,0.247314,0.182296,0.179520,0.202824,0.261142,0.180059,0.248217,0.056809,0.179859,0.247412,0.325093,0.195661
413,1.720833,0.240922,0.407574,0.228347,0.247315,0.182297,0.179521,0.202822,0.261142,0.180056,0.248219,0.056807,0.179854,0.247410,0.325094,0.195658
414,1.725000,0.240920,0.407575,0.228342,0.247316,0.182295,0.179521,0.202825,0.261143,0.180058,0.248219,0.056806,0.179859,0.247406,0.325094,0.195674
415,1.729167,0.240918,0.407573,0.228338,0.247316,0.182296,0.179522,0.202821,0.261142,0.180059,0.248218,0.056806,0.179859,0.247408,0.325093,0.195656
416,1.733333,0.240917,0.407576,0.228334,0.247315,0.182296,0.179524,0.202816,0.261132,0.180073,0.248221,0.056807,0.179858,0.247408,0.325092,0.195657
417,1.737500,0.240913,0.407576,0.228331,0.247316,0.182297,0.179523,0.202820,0.261140,0.180061,0.248222,0.056804,0.179854,0.247407,0.325092,0.195654
418,1.741667,0.240911,0.407578,0.228329,0.247317,0.182295,0.179524,0.202818,0.261132,0.180070,0.248220,0.056804,0.179858,0.247404,0.325095,0.195670
419,1.745833,0.240909,0.407580,0.228328,0.247316,0.182295,0.179525,0.202823,0.261138,0.180061,0.248218,0.056807,0.179860,0.247405,0.325092,0.195654
420,1.750000,0.240907,0.407580,0.228326,0.247318,0.182296,0.179523,0.202824,0.261141,0.180057,0.248222,0.056809,0.179858,0.247406,0.325093,0.195654
421,1.754167,0.240903,0.407579,0.228324,0.247319,0.182294,0.179526,0.202822,0.261139,0.180062,0.248223,0.056804,0.179855,0.247415,0.325089,0.195663
422,1.758333,0.240890,0.407585,0.228316,0.247318,0.182294,0.179525,0.202820,0.261130,0.180073,0.248220,0.056806,0.179860,0.247407,0.325092,0.195656
423,1.762500,0.240895,0.407582,0.228327,0.247320,0.182296,0.179524,0.202824,0.261138,0.180060,0.248225,0.056809,0.179857,0.247408,0.325085,0.195648
424,1.766667,0.240892,0.407583,0.228328,0.247319,0.182298,0.179526,0.202827,0.261140,0.180054,0.248223,0.056806,0.179859,0.247407,0.325095,0.195657
425,1.770833,0.240879,0.407588,0.228321,0.247319,0.182297,0.179524,0.202829,0.261141,0.180057,0.248222,0.056808,0.179861,0.247403,0.325099,0.195673
426,1.775000,0.240875,0.407590,0.228324,0.247320,0.182295,0.179528,0.202828,0.261142,0.180056,0.248223,0.056809,0.179857,0.247409,0.325097,0.195660
427,1.779167,0.240873,0.407588,0.228325,0.247322,0.182297,0.179525,0.202828,0.261142,0.180054,0.248221,0.056809,0.179861,0.247417,0.325094,0.195668
428,1.783333,0.240869,0.407585,0.228330,0.247322,0.182294,0.179526,0.202834,0.261143,0.180054,0.248220,0.056809,0.179863,0.247409,0.325097,0.195663
429,1.787500,0.240866,0.407583,0.228334,0.247320,0.182296,0.179528,0.202833,0.261142,0.180052,0.248220,0.056810,0.179857,0.247408,0.325099,0.195679
430,1.791667,0.240863,0.407587,0.228337,0.247323,0.182294,0.179523,0.202838,0.261140,0.180051,0.248217,0.056807,0.179858,0.247409,0.325097,0.195680
431,1.795833,0.240871,0.407579,0.228352,0.247324,0.182294,0.179523,0.202836,0.261142,0.180054,0.248217,0.056808,0.179858,0.247421,0.325093,0.195676
432,1.800000,0.240867,0.407579,0.228359,0.247326,0.182294,0.179524,0.202836,0.261144,0.180051,0.248219,0.056809,0.179858,0.247424,0.325092,0.195677
433,1.804167,0.240855,0.407580,0.228354,0.247326,0.182293,0.179523,0.202844,0.261142,0.180045,0.248220,0.056807,0.179855,0.247424,0.325091,0.195679
434,1.808333,0.240862,0.407574,0.228368,0.247327,0.182292,0.179521,0.202840,0.261142,0.180045,0.248217,0.056806,0.179859,0.247426,0.325091,0.195681
435,1.812500,0.240850,0.407574,0.228363,0.247327,0.182291,0.179521,0.202841,0.261142,0.180046,0.248218,0.056805,0.179858,0.247427,0.325090,0.195684
436,1.816667,0.240852,0.407574,0.228369,0.247329,0.182291,0.179520,0.202848,0.261140,0.180042,0.248217,0.056806,0.179858,0.247429,0.325091,0.195686
437,1.820833,0.240862,0.407569,0.228382,0.247329,0.182292,0.179522,0.202848,0.261142,0.180040,0.248218,0.056807,0.179858,0.247431,0.325090,0.195687
438,1.825000,0.240862,0.407569,0.228390,0.247326,0.182292,0.179519,0.202849,0.261143,0.180041,0.248214,0.056809,0.179859,0.247432,0.325091,0.195689
439,1.829167,0.240861,0.407566,0.228395,0.247329,0.182292,0.179516,0.202854,0.261144,0.180037,0.248216,0.056806,0.179857,0.247434,0.325090,0.195689
440,1.833333,0.240864,0.407566,0.228399,0.247329,0.182290,0.179520,0.202850,0.261143,0.180035,0.248215,0.056808,0.179856,0.247434,0.325091,0.195692
441,1.837500,0.240863,0.407565,0.228404,0.247326,0.182294,0.179518,0.202851,0.261145,0.180040,0.248215,0.056810,0.179857,0.247434,0.325089,0.195692
442,1.841667,0.240865,0.407562,0.228407,0.247327,0.182290,0.179517,0.202856,0.261145,0.180033,0.248212,0.056811,0.179862,0.247436,0.325091,0.195693
443,1.845833,0.240867,0.407562,0.228411,0.247325,0.182291,0.179516,0.202853,0.261145,0.180033,0.248213,0.056808,0.179859,0.247436,0.325090,0.195694
444,1.850000,0.240869,0.407561,0.228414,0.247325,0.182292,0.179514,0.202851,0.261147,0.180039,0.248210,0.056807,0.179857,0.247437,0.325090,0.195694
445,1.854167,0.240871,0.407560,0.228416,0.247327,0.182291,0.179515,0.202851,0.261145,0.180039,0.248211,0.056806,0.179856,0.247438,0.325089,0.195694
446,1.858333,0.240873,0.407559,0.228418,0.247325,0.182294,0.179518,0.202851,0.261144,0.180037,0.248214,0.056807,0.179858,0.247437,0.325090,0.195692
447,1.862500,0.240875,0.407558,0.228419,0.247324,0.182291,0.179514,0.202847,0.261147,0.180037,0.248210,0.056806,0.179857,0.247438,0.325089,0.195693
448,1.866667,0.240880,0.407559,0.228418,0.247324,0.182294,0.179513,0.202852,0.261147,0.180035,0.248211,0.056810,0.179856,0.247440,0.325089,0.195693
449,1.870833,0.240882,0.407558,0.228417,0.247324,0.182292,0.179514,0.202848,0.261145,0.180038,0.248211,0.056809,0.179858,0.247438,0.325090,0.195691
450,1.875000,0.240885,0.407560,0.228416,0.247324,0.182294,0.179512,0.202848,0.261147,0.180040,0.248210,0.056810,0.179857,0.247438,0.325090,0.195693
451,1.879167,0.240890,0.407560,0.228415,0.247323,0.182293,0.179515,0.202848,0.261145,0.180040,0.248212,0.056808,0.179853,0.247438,0.325090,0.195689
452,1.883333,0.240892,0.407560,0.228411,0.247321,0.182293,0.179515,0.202847,0.261145,0.180041,0.248212,0.056809,0.179859,0.247436,0.325091,0.195702
453,1.887500,0.240896,0.407558,0.228409,0.247320,0.182294,0.179514,0.202839,0.261148,0.180046,0.248213,0.056809,0.179859,0.247438,0.325089,0.195685
454,1.891667,0.240899,0.407561,0.228405,0.247321,0.182294,0.179513,0.202840,0.261146,0.180047,0.248213,0.056809,0.179855,0.247426,0.325093,0.195675
455,1.895833,0.240903,0.407562,0.228401,0.247321,0.182295,0.179513,0.202838,0.261148,0.180047,0.248212,0.056809,0.179860,0.247435,0.325090,0.195681
456,1.900000,0.240903,0.407560,0.228394,0.247317,0.182294,0.179516,0.202842,0.261146,0.180041,0.248211,0.056805,0.179855,0.247435,0.325090,0.195681
457,1.904167,0.240908,0.407562,0.228388,0.247319,0.182293,0.179515,0.202838,0.261146,0.180043,0.248214,0.056807,0.179856,0.247434,0.325090,0.195677
458,1.908333,0.240910,0.407565,0.228383,0.247319,0.182292,0.179517,0.202836,0.261144,0.180045,0.248212,0.056809,0.179857,0.247433,0.325087,0.195674
459,1.912500,0.240913,0.407566,0.228377,0.247317,0.182293,0.179516,0.202832,0.261145,0.180051,0.248215,0.056805,0.179852,0.247432,0.325088,0.195674
460,1.916667,0.240916,0.407565,0.228372,0.247316,0.182294,0.179515,0.202833,0.261141,0.180049,0.248216,0.056807,0.179858,0.247421,0.325092,0.195660
461,1.920833,0.240915,0.407569,0.228368,0.247317,0.182294,0.179517,0.202830,0.261144,0.180051,0.248215,0.056807,0.179858,0.247429,0.325088,0.195668
462,1.925000,0.240916,0.407570,0.228358,0.247315,0.182295,0.179517,0.202827,0.261145,0.180053,0.248218,0.056808,0.179859,0.247420,0.325095,0.195659
463,1.929167,0.240918,0.407573,0.228351,0.247315,0.182293,0.179519,0.202826,0.261143,0.180055,0.248219,0.056811,0.179859,0.247417,0.325094,0.195656
464,1.933333,0.240921,0.407574,0.228344,0.247316,0.182295,0.179517,0.202827,0.261142,0.180055,0.248218,0.056807,0.179858,0.247415,0.325094,0.195654
465,1.937500,0.240920,0.407576,0.228340,0.247316,0.182295,0.179520,0.202823,0.261144,0.180055,0.248217,0.056807,0.179857,0.247422,0.325090,0.195660
466,1.941667,0.240919,0.407578,0.228335,0.247313,0.182295,0.179520,0.202822,0.261140,0.180054,0.248217,0.056809,0.179860,0.247412,0.325095,0.195653
467,1.945833,0.240917,0.407578,0.228330,0.247313,0.182297,0.179522,0.202820,0.261142,0.180055,0.248219,0.056808,0.179862,0.247409,0.325094,0.195651
468,1.950000,0.240916,0.407580,0.228325,0.247315,0.182297,0.179522,0.202819,0.261141,0.180059,0.248217,0.056807,0.179862,0.247408,0.325096,0.195648
469,1.954167,0.240915,0.407581,0.228323,0.247313,0.182296,0.179523,0.202817,0.261140,0.180061,0.248219,0.056806,0.179862,0.247408,0.325094,0.195647
470,1.958333,0.240914,0.407581,0.228319,0.247313,0.182294,0.179524,0.202817,0.261139,0.180062,0.248221,0.056806,0.179859,0.247407,0.325095,0.195646
471,1.962500,0.240901,0.407588,0.228308,0.247312,0.182295,0.179524,0.202817,0.261139,0.180060,0.248220,0.056808,0.179861,0.247405,0.325096,0.195646
472,1.966667,0.240908,0.407584,0.228315,0.247313,0.182295,0.179521,0.202820,0.261138,0.180058,0.248222,0.056807,0.179861,0.247404,0.325087,0.195641
473,1.970833,0.240909,0.407584,0.228313,0.247314,0.182296,0.179527,0.202818,0.261142,0.180062,0.248223,0.056808,0.179860,0.247401,0.325098,0.195663
474,1.975000,0.240895,0.407589,0.228303,0.247314,0.182295,0.179527,0.202814,0.261131,0.180074,0.248221,0.056808,0.179860,0.247404,0.325096,0.195646
475,1.979167,0.240892,0.407592,0.228304,0.247314,0.182297,0.179527,0.202812,0.261129,0.180077,0.248223,0.056809,0.179861,0.247402,0.325096,0.195645
476,1.983333,0.240889,0.407591,0.228304,0.247315,0.182296,0.179525,0.202813,0.261128,0.180073,0.248223,0.056807,0.179861,0.247403,0.325095,0.195648
477,1.987500,0.240886,0.407591,0.228306,0.247317,0.182295,0.179524,0.202819,0.261140,0.180062,0.248223,0.056804,0.179861,0.247402,0.325097,0.195648
478,1.991667,0.240882,0.407590,0.228309,0.247316,0.182295,0.179525,0.202823,0.261137,0.180057,0.248221,0.056809,0.179860,0.247403,0.325097,0.195651
479,1.995833,0.240878,0.407589,0.228311,0.247319,0.182296,0.179527,0.202823,0.261137,0.180057,0.248222,0.056805,0.179862,0.247400,0.325100,0.195666
480,2.000000,0.240874,0.407587,0.228313,0.247319,0.182295,0.179526,0.202823,0.261139,0.180056,0.248220,0.056809,0.179858,0.247400,0.325099,0.195669
481,2.004167,0.240871,0.407589,0.228316,0.247317,0.182295,0.179526,0.202824,0.261137,0.180055,0.248219,0.056807,0.179863,0.247403,0.325098,0.195658
482,2.008333,0.240868,0.407588,0.228319,0.247320,0.182294,0.179528,0.202826,0.261137,0.180056,0.248218,0.056807,0.179861,0.247401,0.325091,0.195668
483,2.012500,0.240864,0.407587,0.228326,0.247320,0.182294,0.179524,0.202827,0.261141,0.180055,0.248219,0.056808,0.179861,0.247406,0.325098,0.195661
484,2.016667,0.240859,0.407586,0.228331,0.247317,0.182295,0.179527,0.202828,0.261141,0.180054,0.248219,0.056808,0.179857,0.247403,0.325100,0.195678
485,2.020833,0.240857,0.407585,0.228336,0.247322,0.182295,0.179524,0.202830,0.261140,0.180049,0.248218,0.056808,0.179856,0.247407,0.325096,0.195666
486,2.025000,0.240853,0.407584,0.228343,0.247323,0.182294,0.179523,0.202836,0.261137,0.180048,0.248218,0.056806,0.179861,0.247414,0.325095,0.195693
487,2.029167,0.240849,0.407582,0.228349,0.247322,0.182294,0.179523,0.202831,0.261143,0.180049,0.248218,0.056807,0.179857,0.247415,0.325096,0.195695
488,2.033333,0.240846,0.407580,0.228358,0.247323,0.182293,0.179522,0.202835,0.261141,0.180049,0.248217,0.056808,0.179858,0.247409,0.325098,0.195675
489,2.037500,0.240843,0.407579,0.228364,0.247322,0.182295,0.179524,0.202838,0.261141,0.180044,0.248215,0.056807,0.179857,0.247418,0.325092,0.195684
490,2.041667,0.240840,0.407577,0.228370,0.247322,0.182293,0.179522,0.202837,0.261142,0.180043,0.248214,0.056807,0.179858,0.247419,0.325085,0.195680
491,2.045833,0.240851,0.407571,0.228385,0.247322,0.182293,0.179522,0.202837,0.261142,0.180043,0.248214,0.056807,0.179860,0.247409,0.325099,0.195696
492,2.050000,0.240838,0.407573,0.228384,0.247322,0.182295,0.179522,0.202837,0.261145,0.180046,0.248214,0.056807,0.179858,0.247422,0.325094,0.195692
493,2.054167,0.240837,0.407571,0.228388,0.247322,0.182294,0.179521,0.202843,0.261143,0.180042,0.248213,0.056808,0.179858,0.247423,0.325093,0.195694
494,2.058333,0.240846,0.407567,0.228404,0.247323,0.182294,0.179519,0.202843,0.261144,0.180040,0.248212,0.056810,0.179859,0.247421,0.325098,0.195710
495,2.062500,0.240845,0.407565,0.228411,0.247324,0.182294,0.179518,0.202847,0.261142,0.180037,0.248212,0.056809,0.179858,0.247422,0.325095,0.195710
496,2.066667,0.240847,0.407564,0.228416,0.247325,0.182293,0.179518,0.202845,0.261144,0.180039,0.248212,0.056805,0.179855,0.247426,0.325094,0.195698
497,2.070833,0.240848,0.407562,0.228420,0.247325,0.182294,0.179516,0.202844,0.261146,0.180039,0.248212,0.056808,0.179856,0.247427,0.325093,0.195699
498,2.075000,0.240850,0.407559,0.228425,0.247324,0.182293,0.179517,0.202846,0.261142,0.180034,0.248209,0.056808,0.179855,0.247428,0.325095,0.195699
499,2.079167,0.240852,0.407559,0.228426,0.247322,0.182294,0.179516,0.202849,0.261146,0.180035,0.248209,0.056808,0.179858,0.247426,0.325092,0.195698
500,2.083333,0.240854,0.407558,0.228430,0.247324,0.182292,0.179516,0.202846,0.261144,0.180037,0.248209,0.056805,0.179859,0.247430,0.325092,0.195698
501,2.087500,0.240856,0.407557,0.228430,0.247322,0.182293,0.179517,0.202847,0.261143,0.180039,0.248212,0.056807,0.179857,0.247429,0.325091,0.195699
502,2.091667,0.240858,0.407555,0.228431,0.247325,0.182292,0.179513,0.202847,0.261145,0.180039,0.248212,0.056804,0.179855,0.247428,0.325093,0.195698
503,2.095833,0.240860,0.407556,0.228430,0.247323,0.182291,0.179517,0.202849,0.261145,0.180035,0.248213,0.056808,0.179857,0.247429,0.325093,0.195697
504,2.100000,0.240863,0.407557,0.228430,0.247322,0.182293,0.179515,0.202846,0.261144,0.180036,0.248210,0.056808,0.179857,0.247425,0.325096,0.195709
505,2.104167,0.240867,0.407557,0.228426,0.247323,0.182292,0.179515,0.202846,0.261143,0.180033,0.248214,0.056809,0.179856,0.247427,0.325092,0.195695
506,2.108333,0.240868,0.407557,0.228423,0.247322,0.182293,0.179515,0.202837,0.261146,0.180039,0.248213,0.056808,0.179854,0.247427,0.325092,0.195692
507,2.112500,0.240873,0.407560,0.228420,0.247322,0.182295,0.179515,0.202838,0.261146,0.180043,0.248212,0.056809,0.179857,0.247426,0.325091,0.195691
508,2.116667,0.240873,0.407560,0.228413,0.247321,0.182293,0.179514,0.202837,0.261147,0.180044,0.248212,0.056811,0.179858,0.247426,0.325092,0.195691
509,2.120833,0.240877,0.407561,0.228410,0.247318,0.182295,0.179516,0.202836,0.261145,0.180044,0.248212,0.056807,0.179857,0.247423,0.325092,0.195688
510,2.125000,0.240877,0.407562,0.228403,0.247319,0.182295,0.179515,0.202833,0.261147,0.180049,0.248214,0.056809,0.179856,0.247425,0.325092,0.195685
511,2.129167,0.240882,0.407563,0.228397,0.247317,0.182295,0.179516,0.202830,0.261146,0.180046,0.248215,0.056809,0.179859,0.247410,0.325099,0.195690
512,2.133333,0.240884,0.407566,0.228391,0.247317,0.182296,0.179517,0.202833,0.261143,0.180043,0.248212,0.056810,0.179861,0.247422,0.325093,0.195683
513,2.137500,0.240885,0.407567,0.228383,0.247319,0.182294,0.179517,0.202828,0.261143,0.180046,0.248214,0.056809,0.179856,0.247411,0.325096,0.195669
514,2.141667,0.240889,0.407568,0.228378,0.247317,0.182294,0.179519,0.202827,0.261145,0.180054,0.248217,0.056810,0.179857,0.247410,0.325095,0.195668
515,2.145833,0.240888,0.407570,0.228370,0.247317,0.182293,0.179518,0.202826,0.261142,0.180050,0.248213,0.056807,0.179859,0.247418,0.325091,0.195675
516,2.150000,0.240894,0.407572,0.228362,0.247317,0.182294,0.179520,0.202825,0.261143,0.180050,0.248215,0.056809,0.179861,0.247409,0.325096,0.195663
517,2.154167,0.240896,0.407575,0.228356,0.247315,0.182296,0.179523,0.202825,0.261143,0.180053,0.248216,0.056807,0.179860,0.247413,0.325095,0.195684
518,2.158333,0.240896,0.407576,0.228349,0.247315,0.182297,0.179520,0.202821,0.261142,0.180055,0.248218,0.056807,0.179857,0.247407,0.325097,0.195659
519,2.162500,0.240899,0.407576,0.228342,0.247318,0.182295,0.179520,0.202823,0.261141,0.180054,0.248220,0.056807,0.179859,0.247404,0.325097,0.195656
520,2.166667,0.240888,0.407584,0.228328,0.247316,0.182295,0.179520,0.202821,0.261140,0.180057,0.248219,0.056808,0.179856,0.247404,0.325097,0.195654
521,2.170833,0.240889,0.407586,0.228321,0.247315,0.182295,0.179524,0.202822,0.261140,0.180056,0.248220,0.056807,0.179859,0.247400,0.325099,0.195669
522,2.175000,0.240900,0.407582,0.228325,0.247314,0.182296,0.179524,0.202815,0.261130,0.180069,0.248219,0.056806,0.179861,0.247399,0.325099,0.195666
523,2.179167,0.240890,0.407587,0.228313,0.247313,0.182296,0.179525,0.202812,0.261133,0.180077,0.248220,0.056805,0.179861,0.247400,0.325097,0.195648
524,2.183333,0.240898,0.407586,0.228318,0.247313,0.182297,0.179524,0.202816,0.261139,0.180064,0.248220,0.056808,0.179864,0.247397,0.325099,0.195665
525,2.187500,0.240887,0.407590,0.228306,0.247315,0.182298,0.179523,0.202818,0.261140,0.180056,0.248222,0.056805,0.179861,0.247397,0.325101,0.195664
526,2.191667,0.240886,0.407592,0.228301,0.247315,0.182296,0.179526,0.202817,0.261139,0.180057,0.248222,0.056806,0.179861,0.247397,0.325099,0.195649
527,2.195833,0.240884,0.407592,0.228298,0.247315,0.182297,0.179529,0.202816,0.261138,0.180059,0.248221,0.056806,0.179860,0.247399,0.325098,0.195648
528,2.200000,0.240882,0.407592,0.228299,0.247314,0.182297,0.179526,0.202810,0.261129,0.180070,0.248221,0.056805,0.179860,0.247395,0.325099,0.195665
529,2.204167,0.240881,0.407594,0.228297,0.247313,0.182299,0.179526,0.202815,0.261138,0.180064,0.248222,0.056806,0.179861,0.247398,0.325098,0.195648
530,2.208333,0.240879,0.407595,0.228300,0.247315,0.182297,0.179526,0.202818,0.261140,0.180059,0.248220,0.056808,0.179864,0.247398,0.325098,0.195650
531,2.212500,0.240877,0.407596,0.228301,0.247313,0.182299,0.179526,0.202817,0.261141,0.180059,0.248222,0.056807,0.179863,0.247398,0.325099,0.195649
532,2.216667,0.240875,0.407595,0.228302,0.247317,0.182297,0.179527,0.202819,0.261141,0.180060,0.248221,0.056807,0.179861,0.247395,0.325103,0.195669
533,2.220833,0.240874,0.407595,0.228306,0.247316,0.182296,0.179527,0.202815,0.261133,0.180069,0.248219,0.056807,0.179863,0.247398,0.325098,0.195654
534,2.225000,0.240872,0.407593,0.228309,0.247316,0.182297,0.179527,0.202820,0.261140,0.180059,0.248219,0.056808,0.179861,0.247399,0.325097,0.195656
535,2.229167,0.240869,0.407593,0.228313,0.247317,0.182296,0.179527,0.202820,0.261138,0.180055,0.248219,0.056807,0.179863,0.247400,0.325096,0.195656
536,2.233333,0.240870,0.407591,0.228318,0.247315,0.182296,0.179525,0.202823,0.261140,0.180056,0.248219,0.056807,0.179861,0.247397,0.325102,0.195673
537,2.237500,0.240866,0.407589,0.228321,0.247319,0.182296,0.179528,0.202823,0.261141,0.180053,0.248220,0.056808,0.179858,0.247402,0.325099,0.195658
538,2.241667,0.240863,0.407589,0.228327,0.247317,0.182296,0.179525,0.202826,0.261141,0.180054,0.248219,0.056806,0.179859,0.247402,0.325099,0.195661
539,2.245833,0.240859,0.407584,0.228335,0.247319,0.182294,0.179525,0.202829,0.261142,0.180052,0.248219,0.056808,0.179858,0.247401,0.325100,0.195677
540,2.250000,0.240858,0.407582,0.228338,0.247320,0.182294,0.179524,0.202829,0.261139,0.180049,0.248217,0.056808,0.179858,0.247404,0.325097,0.195665
541,2.254167,0.240859,0.407582,0.228347,0.247322,0.182295,0.179523,0.202831,0.261140,0.180047,0.248219,0.056806,0.179854,0.247414,0.325093,0.195675
542,2.258333,0.240856,0.407579,0.228352,0.247321,0.182293,0.179522,0.202832,0.261140,0.180046,0.248217,0.056806,0.179857,0.247406,0.325096,0.195670
543,2.262500,0.240853,0.407579,0.228358,0.247322,0.182296,0.179521,0.202834,0.261140,0.180044,0.248217,0.056806,0.179855,0.247416,0.325095,0.195680
544,2.266667,0.240862,0.407574,0.228373,0.247322,0.182295,0.179521,0.202835,0.261143,0.180046,0.248218,0.056807,0.179858,0.247418,0.325094,0.195682
545,2.270833,0.240860,0.407572,0.228379,0.247322,0.182294,0.179518,0.202836,0.261144,0.180044,0.248216,0.056807,0.179854,0.247420,0.325094,0.195683
546,2.275000,0.240857,0.407570,0.228385,0.247321,0.182295,0.179520,0.202836,0.261143,0.180046,0.248214,0.056808,0.179853,0.247417,0.325097,0.195701
547,2.279167,0.240858,0.407569,0.228391,0.247323,0.182295,0.179518,0.202836,0.261147,0.180044,0.248215,0.056810,0.179855,0.247419,0.325096,0.195703
548,2.283333,0.240857,0.407567,0.228395,0.247322,0.182293,0.179517,0.202841,0.261143,0.180042,0.248215,0.056808,0.179858,0.247422,0.325095,0.195689
549,2.287500,0.240855,0.407567,0.228402,0.247323,0.182294,0.179518,0.202840,0.261146,0.180042,0.248213,0.056809,0.179856,0.247421,0.325096,0.195707
550,2.291667,0.240855,0.407565,0.228404,0.247323,0.182297,0.179517,0.202838,0.261147,0.180042,0.248213,0.056809,0.179855,0.247420,0.325095,0.195707
551,2.295833,0.240855,0.407564,0.228408,0.247322,0.182293,0.179516,0.202838,0.261145,0.180043,0.248213,0.056810,0.179855,0.247425,0.325094,0.195693
552,2.300000,0.240855,0.407564,0.228411,0.247322,0.182296,0.179515,0.202839,0.261147,0.180043,0.248212,0.056811,0.179857,0.247426,0.325094,0.195694
553,2.304167,0.240855,0.407563,0.228416,0.247322,0.182296,0.179514,0.202848,0.261145,0.180036,0.248212,0.056811,0.179857,0.247424,0.325095,0.195695
554,2.308333,0.240855,0.407562,0.228419,0.247323,0.182295,0.179515,0.202841,0.261146,0.180038,0.248212,0.056810,0.179854,0.247426,0.325094,0.195696
555,2.312500,0.240857,0.407563,0.228419,0.247322,0.182295,0.179514,0.202845,0.261146,0.180040,0.248211,0.056809,0.179852,0.247425,0.325094,0.195692
556,2.316667,0.240859,0.407561,0.228419,0.247321,0.182296,0.179513,0.202844,0.261145,0.180039,0.248214,0.056811,0.179856,0.247425,0.325093,0.195693
557,2.320833,0.240863,0.407561,0.228418,0.247322,0.182297,0.179512,0.202842,0.261146,0.180039,0.248214,0.056810,0.179852,0.247426,0.325093,0.195693
558,2.325000,0.240861,0.407561,0.228417,0.247322,0.182294,0.179510,0.202840,0.261146,0.180039,0.248212,0.056811,0.179855,0.247425,0.325094,0.195693
559,2.329167,0.240864,0.407563,0.228414,0.247323,0.182294,0.179513,0.202842,0.261144,0.180035,0.248213,0.056810,0.179857,0.247424,0.325092,0.195690
560,2.333333,0.240865,0.407561,0.228413,0.247321,0.182294,0.179512,0.202841,0.261144,0.180035,0.248210,0.056810,0.179856,0.247415,0.325096,0.195680
561,2.337500,0.240867,0.407562,0.228409,0.247322,0.182295,0.179512,0.202836,0.261147,0.180039,0.248212,0.056809,0.179858,0.247425,0.325093,0.195688
562,2.341667,0.240868,0.407562,0.228406,0.247322,0.182296,0.179510,0.202833,0.261145,0.180040,0.248212,0.056810,0.179858,0.247415,0.325098,0.195677
563,2.345833,0.240870,0.407562,0.228400,0.247320,0.182293,0.179516,0.202836,0.261144,0.180042,0.248215,0.056807,0.179855,0.247423,0.325093,0.195684
564,2.350000,0.240871,0.407564,0.228397,0.247318,0.182294,0.179517,0.202835,0.261146,0.180043,0.248212,0.056809,0.179853,0.247419,0.325094,0.195697
565,2.354167,0.240874,0.407565,0.228390,0.247320,0.182294,0.179515,0.202835,0.261142,0.180043,0.248216,0.056806,0.179857,0.247420,0.325093,0.195679
566,2.358333,0.240875,0.407568,0.228384,0.247320,0.182294,0.179517,0.202833,0.261143,0.180046,0.248214,0.056808,0.179855,0.247411,0.325096,0.195668
567,2.362500,0.240877,0.407566,0.228378,0.247320,0.182295,0.179519,0.202830,0.261142,0.180046,0.248217,0.056810,0.179856,0.247418,0.325092,0.195675
568,2.366667,0.240881,0.407570,0.228372,0.247318,0.182295,0.179514,0.202828,0.261142,0.180046,0.248216,0.056807,0.179858,0.247411,0.325097,0.195666
569,2.370833,0.240881,0.407571,0.228364,0.247318,0.182296,0.179521,0.202830,0.261142,0.180045,0.248218,0.056809,0.179858,0.247417,0.325094,0.195670
570,2.375000,0.240871,0.407579,0.228350,0.247317,0.182296,0.179520,0.202828,0.261142,0.180047,0.248217,0.056808,0.179859,0.247407,0.325098,0.195661
571,2.379167,0.240886,0.407577,0.228352,0.247317,0.182298,0.179520,0.202827,0.261145,0.180047,0.248217,0.056809,0.179857,0.247406,0.325099,0.195657
572,2.383333,0.240886,0.407578,0.228346,0.247317,0.182298,0.179521,0.202826,0.261142,0.180050,0.248220,0.056808,0.179859,0.247406,0.325099,0.195654
573,2.387500,0.240875,0.407583,0.228329,0.247318,0.182296,0.179522,0.202824,0.261142,0.180050,0.248218,0.056806,0.179860,0.247404,0.325099,0.195655
574,2.391667,0.240878,0.407587,0.228321,0.247316,0.182295,0.179521,0.202822,0.261142,0.180051,0.248215,0.056808,0.179861,0.247404,0.325099,0.195651
575,2.395833,0.240878,0.407587,0.228316,0.247316,0.182297,0.179524,0.202822,0.261140,0.180050,0.248220,0.056809,0.179862,0.247403,0.325098,0.195650
576,2.400000,0.240875,0.407589,0.228312,0.247314,0.182296,0.179524,0.202821,0.261142,0.180054,0.248218,0.056808,0.179861,0.247402,0.325098,0.195649
577,2.404167,0.240876,0.407591,0.228309,0.247317,0.182297,0.179522,0.202818,0.261142,0.180054,0.248220,0.056810,0.179859,0.247402,0.325092,0.195643
578,2.408333,0.240876,0.407593,0.228304,0.247316,0.182298,0.179522,0.202820,0.261141,0.180054,0.248219,0.056809,0.179862,0.247400,0.325099,0.195646
579,2.412500,0.240876,0.407593,0.228299,0.247316,0.182296,0.179524,0.202821,0.261140,0.180055,0.248221,0.056806,0.179860,0.247402,0.325100,0.195645
580,2.416667,0.240877,0.407594,0.228298,0.247315,0.182299,0.179521,0.202821,0.261141,0.180054,0.248220,0.056807,0.179860,0.247401,0.325098,0.195644
581,2.420833,0.240876,0.407596,0.228294,0.247316,0.182297,0.179523,0.202821,0.261140,0.180053,0.248221,0.056806,0.179862,0.247401,0.325098,0.195643
582,2.425000,0.240875,0.407595,0.228294,0.247316,0.182298,0.179526,0.202821,0.261141,0.180054,0.248223,0.056805,0.179861,0.247401,0.325098,0.195644
583,2.429167,0.240878,0.407596,0.228292,0.247317,0.182296,0.179525,0.202822,0.261140,0.180054,0.248221,0.056806,0.179859,0.247402,0.325098,0.195642
584,2.433333,0.240878,0.407596,0.228291,0.247318,0.182296,0.179524,0.202818,0.261130,0.180064,0.248221,0.056806,0.179858,0.247401,0.325101,0.195659
585,2.437500,0.240876,0.407595,0.228293,0.247316,0.182297,0.179524,0.202822,0.261138,0.180056,0.248221,0.056807,0.179858,0.247402,0.325099,0.195645
586,2.441667,0.240874,0.407596,0.228297,0.247317,0.182295,0.179524,0.202825,0.261139,0.180052,0.248217,0.056809,0.179863,0.247404,0.325097,0.195644
587,2.445833,0.240876,0.407595,0.228298,0.247319,0.182297,0.179523,0.202826,0.261139,0.180054,0.248219,0.056808,0.179859,0.247404,0.325098,0.195645
588,2.450000,0.240875,0.407592,0.228301,0.247318,0.182296,0.179526,0.202825,0.261139,0.180052,0.248218,0.056808,0.179858,0.247405,0.325098,0.195647
589,2.454167,0.240874,0.407592,0.228305,0.247318,0.182296,0.179524,0.202827,0.261142,0.180056,0.248219,0.056807,0.179858,0.247406,0.325098,0.195649
590,2.458333,0.240874,0.407592,0.228310,0.247319,0.182297,0.179520,0.202827,0.261140,0.180050,0.248219,0.056807,0.179859,0.247409,0.325098,0.195649
591,2.462500,0.240873,0.407590,0.228314,0.247321,0.182295,0.179524,0.202829,0.261140,0.180048,0.248217,0.056808,0.179859,0.247408,0.325100,0.195649
592,2.466667,0.240872,0.407590,0.228320,0.247320,0.182294,0.179523,0.202831,0.261141,0.180045,0.248219,0.056807,0.179857,0.247409,0.325100,0.195652
593,2.470833,0.240873,0.407588,0.228323,0.247320,0.182296,0.179522,0.202830,0.261144,0.180048,0.248218,0.056810,0.179859,0.247412,0.325098,0.195652
594,2.475000,0.240871,0.407586,0.228331,0.247322,0.182295,0.179520,0.202832,0.261142,0.180048,0.248218,0.056807,0.179857,0.247412,0.325090,0.195650
595,2.479167,0.240870,0.407583,0.228335,0.247320,0.182293,0.179521,0.202833,0.261142,0.180046,0.248217,0.056807,0.179857,0.247413,0.325098,0.195657
596,2.483333,0.240880,0.407578,0.228349,0.247322,0.182294,0.179519,0.202835,0.261142,0.180045,0.248218,0.056808,0.179861,0.247414,0.325098,0.195659
597,2.487500,0.240878,0.407577,0.228358,0.247320,0.182294,0.179517,0.202837,0.261143,0.180044,0.248214,0.056806,0.179856,0.247415,0.325098,0.195660
598,2.491667,0.240877,0.407574,0.228363,0.247322,0.182295,0.179520,0.202837,0.261143,0.180042,0.248214,0.056809,0.179860,0.247427,0.325094,0.195672
599,2.495833,0.240877,0.407572,0.228368,0.247323,0.182295,0.179518,0.202840,0.261149,0.180041,0.248216,0.056808,0.179856,0.247418,0.325098,0.195665
600,2.500000,0.240878,0.407571,0.228373,0.247322,0.182295,0.179517,0.202837,0.261145,0.180045,0.248213,0.056809,0.179860,0.247428,0.325093,0.195676
601,2.504167,0.240877,0.407571,0.228379,0.247319,0.182295,0.179518,0.202837,0.261144,0.180044,0.248214,0.056809,0.179859,0.247430,0.325084,0.195670
602,2.508333,0.240875,0.407568,0.228381,0.247322,0.182294,0.179515,0.202844,0.261143,0.180038,0.248212,0.056808,0.179860,0.247431,0.325093,0.195677
603,2.512500,0.240878,0.407567,0.228385,0.247322,0.182293,0.179518,0.202839,0.261146,0.180040,0.248213,0.056807,0.179855,0.247430,0.325092,0.195678
604,2.516667,0.240877,0.407567,0.228388,0.247322,0.182295,0.179515,0.202840,0.261144,0.180039,0.248211,0.056809,0.179857,0.247431,0.325092,0.195678
605,2.520833,0.240880,0.407565,0.228389,0.247321,0.182296,0.179515,0.202844,0.261143,0.180035,0.248215,0.056811,0.179854,0.247431,0.325092,0.195677
606,2.525000,0.240878,0.407566,0.228394,0.247321,0.182295,0.179514,0.202838,0.261148,0.180042,0.248215,0.056808,0.179857,0.247422,0.325097,0.195670
607,2.529167,0.240882,0.407566,0.228394,0.247320,0.182294,0.179513,0.202843,0.261146,0.180039,0.248212,0.056809,0.179854,0.247432,0.325092,0.195680
608,2.533333,0.240882,0.407565,0.228394,0.247324,0.182295,0.179514,0.202840,0.261148,0.180039,0.248212,0.056811,0.179858,0.247422,0.325097,0.195671
609,2.537500,0.240881,0.407563,0.228396,0.247320,0.182292,0.179516,0.202845,0.261144,0.180037,0.248212,0.056808,0.179860,0.247433,0.325091,0.195679
610,2.541667,0.240883,0.407564,0.228393,0.247320,0.182294,0.179515,0.202842,0.261143,0.180035,0.248212,0.056808,0.179855,0.247434,0.325092,0.195678
611,2.545833,0.240885,0.407563,0.228394,0.247321,0.182294,0.179513,0.202839,0.261146,0.180040,0.248214,0.056808,0.179857,0.247433,0.325092,0.195679
612,2.550000,0.240885,0.407565,0.228393,0.247320,0.182294,0.179514,0.202841,0.261144,0.180042,0.248213,0.056807,0.179858,0.247433,0.325090,0.195677
613,2.554167,0.240886,0.407567,0.228391,0.247317,0.182294,0.179514,0.202841,0.261143,0.180039,0.248212,0.056810,0.179855,0.247432,0.325092,0.195676
614,2.558333,0.240886,0.407566,0.228384,0.247320,0.182293,0.179515,0.202838,0.261145,0.180040,0.248213,0.056808,0.179857,0.247421,0.325095,0.195667
615,2.562500,0.240888,0.407568,0.228383,0.247321,0.182291,0.179516,0.202837,0.261145,0.180043,0.248212,0.056808,0.179857,0.247431,0.325091,0.195674
616,2.566667,0.240886,0.407568,0.228378,0.247320,0.182293,0.179516,0.202838,0.261143,0.180041,0.248216,0.056807,0.179858,0.247429,0.325084,0.195664
617,2.570833,0.240888,0.407570,0.228373,0.247322,0.182292,0.179516,0.202836,0.261144,0.180039,0.248216,0.056806,0.179851,0.247418,0.325095,0.195662
618,2.575000,0.240891,0.407570,0.228370,0.247319,0.182294,0.179515,0.202834,0.261143,0.180042,0.248215,0.056810,0.179856,0.247426,0.325092,0.195669
619,2.579167,0.240889,0.407571,0.228365,0.247319,0.182295,0.179516,0.202833,0.261143,0.180044,0.248215,0.056809,0.179859,0.247417,0.325095,0.195658
620,2.583333,0.240892,0.407573,0.228359,0.247319,0.182293,0.179518,0.202837,0.261140,0.180040,0.248215,0.056807,0.179856,0.247426,0.325092,0.195665
621,2.587500,0.240890,0.407574,0.228354,0.247317,0.182295,0.179517,0.202832,0.261142,0.180041,0.248217,0.056807,0.179858,0.247416,0.325096,0.195655
622,2.591667,0.240892,0.407577,0.228349,0.247319,0.182295,0.179520,0.202828,0.261145,0.180048,0.248216,0.056807,0.179856,0.247414,0.325098,0.195653
623,2.595833,0.240879,0.407584,0.228335,0.247319,0.182296,0.179517,0.202829,0.261142,0.180048,0.248216,0.056811,0.179857,0.247413,0.325098,0.195651
624,2.600000,0.240881,0.407585,0.228330,0.247317,0.182295,0.179519,0.202828,0.261141,0.180048,0.248219,0.056809,0.179855,0.247412,0.325098,0.195651
625,2.604167,0.240880,0.407586,0.228324,0.247316,0.182295,0.179519,0.202827,0.261144,0.180049,0.248218,0.056806,0.179856,0.247411,0.325097,0.195648
626,2.608333,0.240881,0.407588,0.228320,0.247319,0.182295,0.179519,0.202826,0.261140,0.180048,0.248217,0.056807,0.179859,0.247411,0.325090,0.195640
627,2.612500,0.240881,0.407589,0.228316,0.247317,0.182295,0.179521,0.202826,0.261142,0.180049,0.248219,0.056809,0.179860,0.247409,0.325100,0.195647
628,2.616667,0.240878,0.407591,0.228312,0.247317,0.182296,0.179521,0.202826,0.261143,0.180049,0.248215,0.056808,0.179860,0.247407,0.325100,0.195645
629,2.620833,0.240879,0.407590,0.228308,0.247318,0.182296,0.179523,0.202825,0.261142,0.180050,0.248220,0.056809,0.179855,0.247407,0.325099,0.195645
630,2.625000,0.240879,0.407593,0.228306,0.247316,0.182296,0.179523,0.202825,0.261141,0.180048,0.248221,0.056809,0.179861,0.247406,0.325100,0.195644
631,2.629167,0.240879,0.407592,0.228304,0.247318,0.182296,0.179524,0.202825,0.261142,0.180050,0.248219,0.056810,0.179861,0.247407,0.325099,0.195643
632,2.633333,0.240879,0.407594,0.228301,0.247318,0.182297,0.179524,0.202826,0.261140,0.180049,0.248220,0.056809,0.179860,0.247406,0.325101,0.195643
633,2.637500,0.240880,0.407594,0.228298,0.247318,0.182296,0.179524,0.202825,0.261139,0.180049,0.248223,0.056806,0.179860,0.247405,0.325091,0.195636
634,2.641667,0.240877,0.407594,0.228298,0.247320,0.182294,0.179521,0.202824,0.261141,0.180051,0.248219,0.056806,0.179863,0.247406,0.325100,0.195642
635,2.645833,0.240876,0.407594,0.228296,0.247318,0.182295,0.179525,0.202823,0.261140,0.180052,0.248219,0.056807,0.179860,0.247405,0.325100,0.195643
636,2.650000,0.240876,0.407596,0.228297,0.247320,0.182293,0.179524,0.202825,0.261139,0.180050,0.248221,0.056807,0.179862,0.247405,0.325099,0.195643
637,2.654167,0.240874,0.407595,0.228298,0.247319,0.182294,0.179525,0.202825,0.261140,0.180049,0.248219,0.056808,0.179860,0.247403,0.325098,0.195642
638,2.658333,0.240873,0.407593,0.228300,0.247319,0.182296,0.179524,0.202824,0.261139,0.180048,0.248219,0.056807,0.179858,0.247403,0.325099,0.195645
639,2.662500,0.240874,0.407594,0.228300,0.247318,0.182296,0.179523,0.202828,0.261140,0.180049,0.248220,0.056806,0.179857,0.247404,0.325100,0.195645
640,2.666667,0.240869,0.407593,0.228303,0.247317,0.182294,0.179523,0.202828,0.261140,0.180048,0.248218,0.056808,0.179864,0.247404,0.325098,0.195647
641,2.670833,0.240868,0.407592,0.228306,0.247318,0.182295,0.179522,0.202827,0.261139,0.180048,0.248220,0.056809,0.179855,0.247401,0.325101,0.195663
642,2.675000,0.240867,0.407593,0.228310,0.247319,0.182294,0.179523,0.202826,0.261141,0.180049,0.248219,0.056807,0.179859,0.247405,0.325100,0.195646
643,2.679167,0.240866,0.407590,0.228314,0.247320,0.182296,0.179521,0.202829,0.261142,0.180046,0.248218,0.056808,0.179859,0.247405,0.325098,0.195649
644,2.683333,0.240864,0.407590,0.228321,0.247318,0.182297,0.179524,0.202828,0.261142,0.180049,0.248218,0.056806,0.179861,0.247406,0.325099,0.195651
645,2.687500,0.240866,0.407589,0.228321,0.247319,0.182297,0.179521,0.202829,0.261143,0.180047,0.248219,0.056811,0.179855,0.247406,0.325100,0.195651
646,2.691667,0.240862,0.407586,0.228326,0.247318,0.182295,0.179522,0.202830,0.261143,0.180043,0.248216,0.056809,0.179860,0.247408,0.325099,0.195653
647,2.695833,0.240860,0.407586,0.228331,0.247319,0.182295,0.179521,0.202831,0.261143,0.180046,0.248217,0.056809,0.179858,0.247405,0.325101,0.195671
648,2.700000,0.240861,0.407587,0.228335,0.247320,0.182296,0.179521,0.202830,0.261143,0.180045,0.248214,0.056811,0.179857,0.247410,0.325099,0.195657
649,2.704167,0.240859,0.407584,0.228340,0.247322,0.182293,0.179520,0.202833,0.261143,0.180046,0.248217,0.056809,0.179860,0.247409,0.325099,0.195659
650,2.708333,0.240860,0.407584,0.228343,0.247319,0.182294,0.179521,0.202832,0.261143,0.180045,0.248214,0.056810,0.179859,0.247411,0.325099,0.195661
651,2.712500,0.240857,0.407583,0.228347,0.247321,0.182294,0.179521,0.202833,0.261144,0.180042,0.248214,0.056809,0.179858,0.247409,0.325101,0.195677
652,2.716667,0.240866,0.407578,0.228362,0.247323,0.182294,0.179519,0.202832,0.261145,0.180045,0.248214,0.056811,0.179859,0.247413,0.325098,0.195664
653,2.720833,0.240858,0.407579,0.228358,0.247321,0.182295,0.179517,0.202835,0.261143,0.180044,0.248213,0.056811,0.179861,0.247412,0.325099,0.195666
654,2.725000,0.240867,0.407574,0.228370,0.247319,0.182294,0.179518,0.202836,0.261144,0.180042,0.248213,0.056812,0.179854,0.247413,0.325098,0.195667
655,2.729167,0.240867,0.407572,0.228374,0.247320,0.182294,0.179519,0.202840,0.261143,0.180040,0.248214,0.056808,0.179857,0.247424,0.325093,0.195678
656,2.733333,0.240866,0.407573,0.228377,0.247319,0.182293,0.179517,0.202837,0.261145,0.180042,0.248214,0.056811,0.179859,0.247415,0.325097,0.195669
657,2.737500,0.240868,0.407570,0.228380,0.247322,0.182294,0.179516,0.202836,0.261145,0.180038,0.248214,0.056812,0.179857,0.247423,0.325095,0.195677
658,2.741667,0.240869,0.407571,0.228382,0.247320,0.182294,0.179515,0.202839,0.261143,0.180039,0.248213,0.056808,0.179857,0.247421,0.325096,0.195693
659,2.745833,0.240868,0.407571,0.228384,0.247318,0.182293,0.179517,0.202835,0.261147,0.180041,0.248212,0.056808,0.179858,0.247425,0.325094,0.195680
660,2.750000,0.240868,0.407570,0.228385,0.247318,0.182295,0.179514,0.202837,0.261146,0.180042,0.248212,0.056808,0.179854,0.247424,0.325094,0.195680
661,2.754167,0.240869,0.407567,0.228387,0.247320,0.182293,0.179514,0.202839,0.261142,0.180036,0.248212,0.056808,0.179854,0.247423,0.325093,0.195679
662,2.758333,0.240869,0.407569,0.228387,0.247317,0.182294,0.179516,0.202835,0.261146,0.180038,0.248211,0.056809,0.179859,0.247424,0.325092,0.195680
663,2.762500,0.240871,0.407568,0.228387,0.247315,0.182295,0.179517,0.202837,0.261141,0.180037,0.248212,0.056809,0.179856,0.247414,0.325098,0.195671
664,2.766667,0.240871,0.407568,0.228386,0.247318,0.182295,0.179516,0.202834,0.261146,0.180043,0.248212,0.056807,0.179856,0.247422,0.325093,0.195680
665,2.770833,0.240869,0.407568,0.228385,0.247318,0.182295,0.179516,0.202832,0.261147,0.180042,0.248212,0.056809,0.179857,0.247418,0.325096,0.195694
666,2.775000,0.240871,0.407569,0.228382,0.247318,0.182294,0.179516,0.202833,0.261144,0.180042,0.248211,0.056809,0.179860,0.247422,0.325092,0.195679
667,2.779167,0.240873,0.407570,0.228382,0.247319,0.182295,0.179514,0.202831,0.261146,0.180047,0.248212,0.056809,0.179859,0.247410,0.325096,0.195670
668,2.783333,0.240872,0.407571,0.228379,0.247317,0.182295,0.179517,0.202829,0.261144,0.180048,0.248212,0.056809,0.179858,0.247408,0.325100,0.195685
669,2.787500,0.240873,0.407572,0.228377,0.247315,0.182298,0.179519,0.202829,0.261145,0.180048,0.248212,0.056810,0.179859,0.247419,0.325095,0.195677
670,2.791667,0.240875,0.407573,0.228372,0.247316,0.182297,0.179517,0.202830,0.261145,0.180046,0.248212,0.056808,0.179858,0.247415,0.325096,0.195690
671,2.795833,0.240875,0.407572,0.228369,0.247315,0.182296,0.179517,0.202827,0.261145,0.180047,0.248213,0.056807,0.179857,0.247406,0.325100,0.195679
672,2.800000,0.240877,0.407575,0.228365,0.247315,0.182297,0.179517,0.202827,0.261144,0.180048,0.248215,0.056810,0.179860,0.247406,0.325097,0.195664
673,2.804167,0.240868,0.407580,0.228352,0.247316,0.182296,0.179516,0.202826,0.261145,0.180047,0.248214,0.056808,0.179855,0.247404,0.325096,0.195662
674,2.808333,0.240868,0.407582,0.228349,0.247314,0.182296,0.179517,0.202826,0.261141,0.180047,0.248217,0.056810,0.179857,0.247403,0.325097,0.195660
675,2.812500,0.240868,0.407580,0.228345,0.247316,0.182296,0.179518,0.202825,0.261142,0.180049,0.248218,0.056808,0.179856,0.247404,0.325097,0.195661
676,2.816667,0.240868,0.407582,0.228341,0.247315,0.182295,0.179520,0.202823,0.261141,0.180050,0.248218,0.056809,0.179861,0.247402,0.325099,0.195658
677,2.820833,0.240869,0.407583,0.228337,0.247313,0.182295,0.179522,0.202822,0.261139,0.180050,0.248217,0.056807,0.179859,0.247402,0.325098,0.195656
678,2.825000,0.240867,0.407583,0.228332,0.247315,0.182296,0.179519,0.202821,0.261141,0.180051,0.248219,0.056803,0.179857,0.247398,0.325101,0.195671
679,2.829167,0.240868,0.407585,0.228328,0.247314,0.182297,0.179522,0.202821,0.261141,0.180051,0.248217,0.056808,0.179861,0.247398,0.325097,0.195653
680,2.833333,0.240868,0.407587,0.228324,0.247314,0.182296,0.179521,0.202819,0.261141,0.180050,0.248218,0.056806,0.179853,0.247398,0.325099,0.195652
681,2.837500,0.240865,0.407586,0.228321,0.247314,0.182296,0.179520,0.202819,0.261139,0.180049,0.248221,0.056807,0.179857,0.247394,0.325102,0.195667
682,2.841667,0.240864,0.407588,0.228319,0.247313,0.182296,0.179521,0.202819,0.261138,0.180049,0.248219,0.056808,0.179860,0.247396,0.325091,0.195645
683,2.845833,0.240865,0.407589,0.228315,0.247314,0.182296,0.179522,0.202818,0.261139,0.180050,0.248218,0.056808,0.179856,0.247394,0.325094,0.195660
684,2.850000,0.240862,0.407590,0.228313,0.247314,0.182297,0.179521,0.202819,0.261137,0.180049,0.248221,0.056805,0.179858,0.247392,0.325103,0.195666
685,2.854167,0.240861,0.407591,0.228313,0.247313,0.182298,0.179522,0.202818,0.261139,0.180049,0.248220,0.056803,0.179859,0.247392,0.325101,0.195665
686,2.858333,0.240859,0.407593,0.228310,0.247313,0.182297,0.179520,0.202813,0.261131,0.180064,0.248220,0.056809,0.179859,0.247392,0.325103,0.195665
687,2.862500,0.240857,0.407592,0.228311,0.247315,0.182297,0.179523,0.202817,0.261139,0.180054,0.248219,0.056808,0.179858,0.247393,0.325101,0.195650
688,2.866667,0.240855,0.407594,0.228309,0.247316,0.182298,0.179522,0.202819,0.261140,0.180050,0.248221,0.056810,0.179858,0.247391,0.325103,0.195666
689,2.870833,0.240855,0.407593,0.228310,0.247314,0.182296,0.179523,0.202821,0.261139,0.180049,0.248218,0.056808,0.179860,0.247391,0.325101,0.195666
690,2.875000,0.240854,0.407594,0.228311,0.247315,0.182296,0.179524,0.202819,0.261140,0.180050,0.248220,0.056810,0.179859,0.247395,0.325091,0.195645
691,2.879167,0.240852,0.407595,0.228310,0.247315,0.182297,0.179522,0.202821,0.261139,0.180048,0.248220,0.056810,0.179860,0.247392,0.325103,0.195666
692,2.883333,0.240850,0.407594,0.228313,0.247317,0.182298,0.179521,0.202821,0.261141,0.180050,0.248220,0.056810,0.179862,0.247395,0.325101,0.195651
693,2.887500,0.240847,0.407593,0.228313,0.247317,0.182295,0.179524,0.202825,0.261139,0.180046,0.248217,0.056806,0.179860,0.247391,0.325103,0.195667
694,2.891667,0.240847,0.407592,0.228316,0.247318,0.182295,0.179522,0.202824,0.261140,0.180048,0.248220,0.056807,0.179858,0.247394,0.325094,0.195661
695,2.895833,0.240846,0.407590,0.228318,0.247318,0.182295,0.179522,0.202824,0.261139,0.180048,0.248220,0.056808,0.179858,0.247395,0.325105,0.195668
696,2.900000,0.240846,0.407589,0.228320,0.247319,0.182293,0.179522,0.202827,0.261140,0.180046,0.248218,0.056806,0.179860,0.247398,0.325100,0.195655
697,2.904167,0.240845,0.407588,0.228322,0.247320,0.182293,0.179521,0.202827,0.261139,0.180044,0.248218,0.056807,0.179856,0.247400,0.325100,0.195655
698,2.908333,0.240842,0.407589,0.228326,0.247320,0.182294,0.179520,0.202828,0.261141,0.180044,0.248219,0.056808,0.179856,0.247400,0.325100,0.195654
699,2.912500,0.240841,0.407587,0.228330,0.247320,0.182296,0.179519,0.202830,0.261140,0.180042,0.248218,0.056807,0.179857,0.247401,0.325100,0.195657
700,2.916667,0.240841,0.407588,0.228331,0.247321,0.182296,0.179520,0.202829,0.261141,0.180042,0.248217,0.056807,0.179856,0.247399,0.325103,0.195674
701,2.920833,0.240841,0.407585,0.228334,0.247321,0.182294,0.179521,0.202831,0.261142,0.180043,0.248215,0.056809,0.179857,0.247399,0.325102,0.195675
702,2.925000,0.240840,0.407584,0.228339,0.247319,0.182295,0.179521,0.202834,0.261140,0.180039,0.248216,0.056806,0.179858,0.247400,0.325103,0.195675
703,2.929167,0.240839,0.407584,0.228343,0.247321,0.182295,0.179520,0.202833,0.261143,0.180043,0.248215,0.056808,0.179857,0.247415,0.325097,0.195671
704,2.933333,0.240839,0.407585,0.228345,0.247320,0.182294,0.179519,0.202832,0.261143,0.180040,0.248212,0.056808,0.179858,0.247407,0.325101,0.195664
705,2.937500,0.240840,0.407585,0.228348,0.247319,0.182296,0.179519,0.202832,0.261143,0.180041,0.248214,0.056808,0.179859,0.247408,0.325101,0.195663
706,2.941667,0.240840,0.407586,0.228351,0.247321,0.182294,0.179517,0.202833,0.261144,0.180040,0.248212,0.056808,0.179858,0.247410,0.325102,0.195665
707,2.945833,0.240842,0.407583,0.228352,0.247319,0.182295,0.179518,0.202834,0.261146,0.180040,0.248213,0.056810,0.179857,0.247410,0.325100,0.195665
708,2.950000,0.240841,0.407582,0.228355,0.247321,0.182295,0.179516,0.202836,0.261144,0.180039,0.248213,0.056809,0.179859,0.247411,0.325101,0.195665
709,2.954167,0.240842,0.407582,0.228357,0.247320,0.182294,0.179516,0.202834,0.261146,0.180039,0.248212,0.056807,0.179860,0.247412,0.325102,0.195665
710,2.958333,0.240846,0.407581,0.228357,0.247320,0.182294,0.179513,0.202837,0.261144,0.180038,0.248210,0.056809,0.179858,0.247422,0.325098,0.195675
711,2.962500,0.240848,0.407581,0.228359,0.247321,0.182295,0.179514,0.202839,0.261142,0.180036,0.248214,0.056808,0.179858,0.247422,0.325096,0.195672
712,2.966667,0.240849,0.407580,0.228360,0.247318,0.182294,0.179517,0.202837,0.261146,0.180038,0.248211,0.056810,0.179859,0.247413,0.325099,0.195664
713,2.970833,0.240864,0.407574,0.228368,0.247320,0.182293,0.179514,0.202835,0.261146,0.180037,0.248211,0.056807,0.179857,0.247414,0.325100,0.195664
714,2.975000,0.240865,0.407572,0.228369,0.247319,0.182294,0.179516,0.202832,0.261145,0.180040,0.248212,0.056805,0.179858,0.247412,0.325102,0.195679
715,2.979167,0.240856,0.407578,0.228360,0.247317,0.182293,0.179514,0.202835,0.261144,0.180041,0.248210,0.056807,0.179859,0.247424,0.325095,0.195671
716,2.983333,0.240870,0.407576,0.228367,0.247318,0.182293,0.179514,0.202835,0.261145,0.180041,0.248213,0.056808,0.179855,0.247411,0.325101,0.195677
717,2.987500,0.240875,0.407575,0.228366,0.247319,0.182294,0.179513,0.202833,0.261146,0.180038,0.248213,0.056808,0.179856,0.247414,0.325099,0.195660
718,2.991667,0.240876,0.407574,0.228365,0.247318,0.182293,0.179515,0.202833,0.261142,0.180038,0.248212,0.056809,0.179857,0.247410,0.325102,0.195676
719,2.995833,0.240877,0.407575,0.228363,0.247316,0.182294,0.179513,0.202832,0.261145,0.180037,0.248213,0.056808,0.179857,0.247420,0.325098,0.195682
720,3.000000,0.240881,0.407575,0.228359,0.247314,0.182296,0.179514,0.202831,0.261145,0.180042,0.248215,0.056808,0.179857,0.247416,0.325099,0.195657
721,3.004167,0.240884,0.407575,0.228357,0.247319,0.182294,0.179514,0.202831,0.261142,0.180041,0.248215,0.056808,0.179860,0.247413,0.325098,0.195655
722,3.008333,0.240887,0.407575,0.228352,0.247317,0.182295,0.179513,0.202834,0.261142,0.180038,0.248213,0.056809,0.179856,0.247413,0.325100,0.195653
723,3.012500,0.240888,0.407577,0.228350,0.247316,0.182297,0.179516,0.202828,0.261146,0.180040,0.248213,0.056810,0.179860,0.247412,0.325100,0.195653
724,3.016667,0.240889,0.407579,0.228346,0.247314,0.182296,0.179513,0.202827,0.261144,0.180043,0.248214,0.056808,0.179856,0.247413,0.325099,0.195650
725,3.020833,0.240881,0.407583,0.228333,0.247313,0.182297,0.179516,0.202828,0.261144,0.180043,0.248212,0.056810,0.179858,0.247411,0.325091,0.195642
726,3.025000,0.240893,0.407580,0.228337,0.247315,0.182296,0.179515,0.202825,0.261143,0.180043,0.248212,0.056809,0.179860,0.247410,0.325091,0.195641
727,3.029167,0.240892,0.407579,0.228335,0.247313,0.182297,0.179518,0.202825,0.261143,0.180045,0.248216,0.056812,0.179861,0.247408,0.325099,0.195647
728,3.033333,0.240884,0.407588,0.228320,0.247313,0.182299,0.179517,0.202823,0.261143,0.180045,0.248214,0.056809,0.179857,0.247408,0.325091,0.195638
729,3.037500,0.240895,0.407585,0.228325,0.247313,0.182297,0.179518,0.202823,0.261143,0.180045,0.248217,0.056808,0.179861,0.247406,0.325100,0.195642
730,3.041667,0.240897,0.407584,0.228320,0.247314,0.182296,0.179517,0.202821,0.261142,0.180044,0.248218,0.056807,0.179857,0.247402,0.325103,0.195657
731,3.045833,0.240886,0.407591,0.228307,0.247313,0.182298,0.179516,0.202822,0.261142,0.180047,0.248218,0.056811,0.179861,0.247406,0.325099,0.195641
732,3.050000,0.240887,0.407595,0.228304,0.247315,0.182298,0.179516,0.202822,0.261142,0.180050,0.248218,0.056809,0.179859,0.247403,0.325101,0.195638
733,3.054167,0.240886,0.407593,0.228301,0.247314,0.182297,0.179520,0.202820,0.261141,0.180049,0.248218,0.056808,0.179861,0.247404,0.325101,0.195637
734,3.058333,0.240886,0.407592,0.228295,0.247315,0.182299,0.179519,0.202821,0.261142,0.180048,0.248221,0.056806,0.179856,0.247404,0.325101,0.195637
735,3.062500,0.240884,0.407593,0.228292,0.247314,0.182298,0.179518,0.202822,0.261142,0.180047,0.248219,0.056808,0.179856,0.247402,0.325101,0.195636
736,3.066667,0.240885,0.407596,0.228292,0.247315,0.182296,0.179516,0.202820,0.261141,0.180047,0.248221,0.056808,0.179858,0.247400,0.325101,0.195635
737,3.070833,0.240883,0.407594,0.228288,0.247315,0.182297,0.179518,0.202822,0.261140,0.180048,0.248223,0.056806,0.179854,0.247400,0.325101,0.195635
738,3.075000,0.240878,0.407595,0.228288,0.247314,0.182295,0.179516,0.202820,0.261138,0.180045,0.248220,0.056805,0.179855,0.247401,0.325100,0.195634
739,3.079167,0.240879,0.407595,0.228285,0.247316,0.182296,0.179522,0.202820,0.261140,0.180047,0.248222,0.056804,0.179857,0.247398,0.325102,0.195652
740,3.083333,0.240876,0.407597,0.228286,0.247317,0.182294,0.179521,0.202823,0.261140,0.180047,0.248221,0.056806,0.179859,0.247401,0.325092,0.195629
741,3.087500,0.240873,0.407598,0.228285,0.247318,0.182295,0.179519,0.202824,0.261141,0.180048,0.248221,0.056808,0.179856,0.247399,0.325100,0.195635
742,3.091667,0.240872,0.407597,0.228287,0.247318,0.182296,0.179520,0.202823,0.261139,0.180047,0.248221,0.056805,0.179857,0.247400,0.325102,0.195637
743,3.095833,0.240868,0.407598,0.228289,0.247318,0.182297,0.179521,0.202826,0.261141,0.180047,0.248222,0.056807,0.179859,0.247402,0.325101,0.195640
744,3.100000,0.240866,0.407599,0.228293,0.247319,0.182296,0.179523,0.202823,0.261140,0.180046,0.248220,0.056808,0.179858,0.247401,0.325093,0.195633
745,3.104167,0.240864,0.407598,0.228293,0.247319,0.182298,0.179521,0.202826,0.261141,0.180046,0.248219,0.056806,0.179860,0.247401,0.325103,0.195640
746,3.108333,0.240861,0.407599,0.228295,0.247320,0.182296,0.179521,0.202826,0.261141,0.180045,0.248219,0.056808,0.179858,0.247401,0.325102,0.195640
747,3.112500,0.240859,0.407599,0.228300,0.247321,0.182299,0.179520,0.202826,0.261142,0.180043,0.248221,0.056808,0.179858,0.247401,0.325103,0.195644
748,3.116667,0.240856,0.407596,0.228302,0.247321,0.182296,0.179521,0.202826,0.261141,0.180046,0.248219,0.056809,0.179860,0.247404,0.325103,0.195644
749,3.120833,0.240852,0.407596,0.228307,0.247319,0.182295,0.179521,0.202829,0.261144,0.180046,0.248218,0.056808,0.179861,0.247404,0.325103,0.195646
750,3.125000,0.240851,0.407594,0.228310,0.247320,0.182297,0.179520,0.202833,0.261141,0.180042,0.248218,0.056810,0.179857,0.247404,0.325102,0.195647
751,3.129167,0.240849,0.407595,0.228314,0.247322,0.182296,0.179517,0.202831,0.261144,0.180043,0.248218,0.056810,0.179859,0.247402,0.325105,0.195667
752,3.133333,0.240847,0.407593,0.228318,0.247322,0.182295,0.179519,0.202833,0.261142,0.180040,0.248218,0.056810,0.179858,0.247407,0.325103,0.195652
753,3.137500,0.240845,0.407591,0.228324,0.247322,0.182296,0.179518,0.202832,0.261145,0.180043,0.248216,0.056810,0.179854,0.247407,0.325104,0.195653
754,3.141667,0.240846,0.407591,0.228328,0.247322,0.182295,0.179520,0.202834,0.261144,0.180040,0.248217,0.056810,0.179860,0.247409,0.325103,0.195654
755,3.145833,0.240843,0.407590,0.228333,0.247323,0.182296,0.179517,0.202834,0.261144,0.180041,0.248216,0.056807,0.179860,0.247409,0.325102,0.195655
756,3.150000,0.240842,0.407587,0.228336,0.247324,0.182295,0.179517,0.202839,0.261144,0.180038,0.248217,0.056808,0.179858,0.247411,0.325102,0.195658
757,3.154167,0.240841,0.407584,0.228341,0.247323,0.182295,0.179517,0.202837,0.261143,0.180036,0.248217,0.056808,0.179856,0.247413,0.325101,0.195661
758,3.158333,0.240841,0.407585,0.228344,0.247325,0.182295,0.179516,0.202838,0.261145,0.180036,0.248215,0.056808,0.179856,0.247421,0.325096,0.195670
759,3.162500,0.240841,0.407583,0.228349,0.247324,0.182293,0.179515,0.202839,0.261146,0.180036,0.248216,0.056808,0.179854,0.247423,0.325097,0.195671
760,3.166667,0.240842,0.407582,0.228353,0.247325,0.182293,0.179515,0.202839,0.261143,0.180038,0.248214,0.056808,0.179854,0.247414,0.325102,0.195663
761,3.170833,0.240843,0.407580,0.228356,0.247323,0.182294,0.179513,0.202843,0.261143,0.180033,0.248215,0.056809,0.179854,0.247425,0.325097,0.195674
762,3.175000,0.240845,0.407582,0.228357,0.247325,0.182293,0.179516,0.202846,0.261145,0.180030,0.248214,0.056809,0.179857,0.247416,0.325101,0.195664
763,3.179167,0.240856,0.407575,0.228371,0.247324,0.182294,0.179513,0.202845,0.261145,0.180031,0.248215,0.056805,0.179855,0.247414,0.325100,0.195665
764,3.183333,0.240847,0.407577,0.228364,0.247324,0.182293,0.179515,0.202841,0.261146,0.180035,0.248213,0.056808,0.179857,0.247424,0.325096,0.195674
765,3.187500,0.240848,0.407579,0.228364,0.247324,0.182294,0.179511,0.202842,0.261147,0.180037,0.248215,0.056809,0.179858,0.247426,0.325097,0.195675
766,3.191667,0.240849,0.407578,0.228366,0.247324,0.182295,0.179514,0.202838,0.261145,0.180034,0.248215,0.056810,0.179853,0.247417,0.325102,0.195664
767,3.195833,0.240852,0.407579,0.228364,0.247323,0.182296,0.179513,0.202838,0.261148,0.180038,0.248211,0.056810,0.179855,0.247425,0.325096,0.195673
768,3.200000,0.240854,0.407577,0.228364,0.247324,0.182295,0.179510,0.202843,0.261143,0.180033,0.248212,0.056809,0.179859,0.247417,0.325101,0.195663
769,3.204167,0.240866,0.407575,0.228375,0.247322,0.182297,0.179513,0.202837,0.261148,0.180036,0.248214,0.056809,0.179858,0.247423,0.325100,0.195688
770,3.208333,0.240868,0.407574,0.228374,0.247320,0.182294,0.179512,0.202835,0.261148,0.180036,0.248212,0.056809,0.179857,0.247416,0.325100,0.195663
771,3.212500,0.240870,0.407575,0.228371,0.247320,0.182296,0.179512,0.202840,0.261144,0.180034,0.248215,0.056810,0.179856,0.247421,0.325098,0.195685
772,3.216667,0.240873,0.407575,0.228369,0.247319,0.182297,0.179514,0.202839,0.261145,0.180035,0.248213,0.056810,0.179856,0.247423,0.325097,0.195668
773,3.220833,0.240873,0.407574,0.228367,0.247318,0.182296,0.179513,0.202833,0.261148,0.180039,0.248212,0.056810,0.179856,0.247415,0.325100,0.195658
774,3.225000,0.240876,0.407575,0.228362,0.247317,0.182296,0.179514,0.202834,0.261146,0.180040,0.248214,0.056811,0.179856,0.247414,0.325101,0.195656
775,3.229167,0.240868,0.407581,0.228349,0.247319,0.182294,0.179513,0.202832,0.261146,0.180039,0.248214,0.056809,0.179857,0.247413,0.325100,0.195655
776,3.233333,0.240881,0.407575,0.228354,0.247316,0.182296,0.179514,0.202829,0.261147,0.180041,0.248213,0.056810,0.179857,0.247409,0.325101,0.195668
777,3.237500,0.240874,0.407582,0.228340,0.247316,0.182296,0.179514,0.202830,0.261144,0.180041,0.248215,0.056809,0.179858,0.247412,0.325091,0.195644
778,3.241667,0.240887,0.407580,0.228343,0.247317,0.182296,0.179513,0.202828,0.261144,0.180045,0.248215,0.056808,0.179856,0.247411,0.325100,0.195649
779,3.245833,0.240878,0.407584,0.228331,0.247316,0.182295,0.179517,0.202827,0.261144,0.180046,0.248215,0.056810,0.179857,0.247411,0.325100,0.195648
780,3.250000,0.240879,0.407586,0.228325,0.247315,0.182295,0.179516,0.202826,0.261144,0.180042,0.248216,0.056809,0.179855,0.247409,0.325101,0.195645
781,3.254167,0.240890,0.407583,0.228328,0.247315,0.182297,0.179517,0.202825,0.261143,0.180044,0.248218,0.056809,0.179854,0.247407,0.325101,0.195643
782,3.258333,0.240883,0.407587,0.228312,0.247316,0.182296,0.179517,0.202823,0.261142,0.180042,0.248218,0.056807,0.179859,0.247407,0.325101,0.195640
783,3.262500,0.240883,0.407590,0.228307,0.247315,0.182295,0.179519,0.202823,0.261141,0.180042,0.248218,0.056807,0.179859,0.247406,0.325101,0.195637
784,3.266667,0.240884,0.407592,0.228302,0.247315,0.182297,0.179517,0.202823,0.261142,0.180046,0.248219,0.056808,0.179860,0.247404,0.325101,0.195636
785,3.270833,0.240884,0.407592,0.228298,0.247313,0.182296,0.179519,0.202822,0.261140,0.180044,0.248219,0.056808,0.179859,0.247404,0.325101,0.195635
786,3.275000,0.240886,0.407595,0.228293,0.247314,0.182299,0.179518,0.202821,0.261141,0.180046,0.248218,0.056808,0.179858,0.247402,0.325101,0.195633
787,3.279167,0.240885,0.407595,0.228290,0.247314,0.182296,0.179516,0.202822,0.261141,0.180048,0.248220,0.056807,0.179859,0.247399,0.325096,0.195642
788,3.283333,0.240883,0.407596,0.228288,0.247313,0.182297,0.179518,0.202819,0.261140,0.180046,0.248219,0.056809,0.179861,0.247401,0.325102,0.195633
789,3.287500,0.240881,0.407598,0.228285,0.247314,0.182297,0.179518,0.202818,0.261143,0.180049,0.248219,0.056807,0.179858,0.247396,0.325106,0.195647
790,3.291667,0.240882,0.407599,0.228281,0.247312,0.182298,0.179520,0.202817,0.261140,0.180047,0.248223,0.056808,0.179859,0.247399,0.325104,0.195632
791,3.295833,0.240877,0.407599,0.228281,0.247313,0.182298,0.179522,0.202817,0.261140,0.180048,0.248219,0.056807,0.179859,0.247399,0.325103,0.195632
792,3.300000,0.240875,0.407599,0.228278,0.247314,0.182296,0.179523,0.202817,0.261140,0.180050,0.248220,0.056807,0.179861,0.247398,0.325104,0.195630
793,3.304167,0.240874,0.407603,0.228279,0.247315,0.182298,0.179521,0.202817,0.261141,0.180047,0.248220,0.056807,0.179862,0.247397,0.325103,0.195630
794,3.308333,0.240871,0.407602,0.228278,0.247315,0.182297,0.179522,0.202819,0.261140,0.180045,0.248221,0.056809,0.179863,0.247399,0.325104,0.195632
795,3.312500,0.240868,0.407601,0.228280,0.247316,0.182297,0.179523,0.202818,0.261140,0.180048,0.248219,0.056807,0.179860,0.247397,0.325103,0.195633
796,3.316667,0.240866,0.407600,0.228280,0.247314,0.182299,0.179522,0.202818,0.261140,0.180045,0.248220,0.056809,0.179863,0.247398,0.325103,0.195632
797,3.320833,0.240862,0.407600,0.228281,0.247316,0.182298,0.179523,0.202820,0.261140,0.180049,0.248219,0.056810,0.179860,0.247398,0.325103,0.195635
798,3.325000,0.240861,0.407600,0.228283,0.247316,0.182297,0.179522,0.202820,0.261140,0.180048,0.248217,0.056810,0.179861,0.247395,0.325107,0.195651
799,3.329167,0.240858,0.407600,0.228285,0.247317,0.182298,0.179522,0.202821,0.261141,0.180047,0.248220,0.056808,0.179856,0.247399,0.325095,0.195630
800,3.333333,0.240854,0.407601,0.228289,0.247318,0.182296,0.179522,0.202823,0.261140,0.180043,0.248220,0.056807,0.179858,0.247399,0.325102,0.195637
801,3.337500,0.240854,0.407599,0.228292,0.247315,0.182297,0.179522,0.202825,0.261141,0.180045,0.248219,0.056810,0.179857,0.247400,0.325103,0.195640
802,3.341667,0.240852,0.407598,0.228294,0.247321,0.182298,0.179518,0.202826,0.261145,0.180044,0.248219,0.056808,0.179860,0.247402,0.325102,0.195640
803,3.345833,0.240849,0.407597,0.228298,0.247320,0.182297,0.179519,0.202827,0.261141,0.180043,0.248220,0.056807,0.179858,0.247400,0.325103,0.195642
804,3.350000,0.240847,0.407597,0.228302,0.247320,0.182297,0.179520,0.202828,0.261140,0.180041,0.248219,0.056809,0.179862,0.247401,0.325104,0.195645
805,3.354167,0.240845,0.407595,0.228308,0.247320,0.182298,0.179519,0.202831,0.261141,0.180041,0.248219,0.056808,0.179854,0.247404,0.325103,0.195646
806,3.358333,0.240844,0.407592,0.228313,0.247323,0.182295,0.179520,0.202832,0.261142,0.180042,0.248217,0.056808,0.179861,0.247401,0.325105,0.195665
807,3.362500,0.240844,0.407590,0.228318,0.247322,0.182295,0.179518,0.202831,0.261143,0.180041,0.248219,0.056808,0.179855,0.247404,0.325103,0.195651
808,3.366667,0.240841,0.407589,0.228323,0.247321,0.182295,0.179519,0.202832,0.261143,0.180039,0.248217,0.056807,0.179856,0.247405,0.325101,0.195652
809,3.370833,0.240838,0.407588,0.228328,0.247322,0.182296,0.179518,0.202833,0.261142,0.180039,0.248215,0.056807,0.179856,0.247403,0.325104,0.195670
810,3.375000,0.240836,0.407586,0.228335,0.247322,0.182295,0.179519,0.202836,0.261142,0.180034,0.248218,0.056804,0.179856,0.247405,0.325104,0.195673
811,3.379167,0.240837,0.407585,0.228341,0.247325,0.182294,0.179516,0.202834,0.261145,0.180036,0.248215,0.056808,0.179856,0.247408,0.325101,0.195657
812,3.383333,0.240836,0.407583,0.228345,0.247322,0.182294,0.179516,0.202836,0.261143,0.180032,0.248216,0.056807,0.179854,0.247417,0.325098,0.195667
813,3.387500,0.240835,0.407584,0.228350,0.247321,0.182296,0.179515,0.202838,0.261143,0.180032,0.248216,0.056808,0.179854,0.247409,0.325101,0.195661
814,3.391667,0.240837,0.407582,0.228352,0.247322,0.182295,0.179515,0.202837,0.261146,0.180032,0.248216,0.056809,0.179855,0.247417,0.325101,0.195686
815,3.395833,0.240835,0.407581,0.228356,0.247323,0.182295,0.179515,0.202840,0.261143,0.180030,0.248215,0.056808,0.179855,0.247412,0.325101,0.195664
816,3.400000,0.240835,0.407579,0.228360,0.247324,0.182294,0.179512,0.202842,0.261142,0.180031,0.248214,0.056809,0.179858,0.247412,0.325101,0.195666
817,3.404167,0.240839,0.407579,0.228362,0.247323,0.182295,0.179513,0.202839,0.261147,0.180034,0.248213,0.056812,0.179855,0.247422,0.325097,0.195674
818,3.408333,0.240849,0.407576,0.228375,0.247324,0.182295,0.179513,0.202835,0.261150,0.180029,0.248212,0.056810,0.179856,0.247414,0.325102,0.195665
819,3.412500,0.240839,0.407576,0.228369,0.247321,0.182295,0.179515,0.202839,0.261147,0.180032,0.248211,0.056810,0.179855,0.247420,0.325102,0.195688
820,3.416667,0.240852,0.407574,0.228377,0.247322,0.182296,0.179511,0.202839,0.261149,0.180034,0.248212,0.056810,0.179856,0.247424,0.325098,0.195674
821,3.420833,0.240844,0.407577,0.228369,0.247321,0.182296,0.179512,0.202838,0.261146,0.180031,0.248210,0.056811,0.179858,0.247425,0.325098,0.195675
822,3.425000,0.240845,0.407577,0.228370,0.247321,0.182294,0.179513,0.202842,0.261145,0.180032,0.248212,0.056809,0.179859,0.247424,0.325097,0.195673
823,3.429167,0.240847,0.407574,0.228369,0.247321,0.182296,0.179513,0.202840,0.261145,0.180031,0.248212,0.056807,0.179856,0.247425,0.325097,0.195671
824,3.433333,0.240850,0.407578,0.228365,0.247320,0.182296,0.179513,0.202837,0.261145,0.180037,0.248212,0.056810,0.179856,0.247423,0.325096,0.195671
825,3.437500,0.240851,0.407578,0.228363,0.247321,0.182295,0.179514,0.202830,0.261151,0.180038,0.248210,0.056808,0.179859,0.247423,0.325096,0.195671
826,3.441667,0.240853,0.407578,0.228359,0.247318,0.182293,0.179512,0.202829,0.261151,0.180032,0.248213,0.056807,0.179856,0.247413,0.325099,0.195659
827,3.445833,0.240868,0.407573,0.228366,0.247321,0.182294,0.179515,0.202828,0.261151,0.180033,0.248217,0.056804,0.179856,0.247414,0.325099,0.195658
828,3.450000,0.240870,0.407572,0.228361,0.247318,0.182294,0.179514,0.202833,0.261143,0.180036,0.248214,0.056809,0.179858,0.247412,0.325099,0.195656
829,3.454167,0.240863,0.407579,0.228348,0.247318,0.182296,0.179514,0.202837,0.261141,0.180035,0.248214,0.056808,0.179856,0.247422,0.325098,0.195663
830,3.458333,0.240867,0.407582,0.228344,0.247318,0.182295,0.179513,0.202832,0.261145,0.180038,0.248214,0.056804,0.179857,0.247412,0.325101,0.195654
831,3.462500,0.240867,0.407581,0.228338,0.247317,0.182296,0.179516,0.202828,0.261145,0.180040,0.248214,0.056807,0.179859,0.247411,0.325100,0.195650
832,3.466667,0.240880,0.407579,0.228341,0.247315,0.182295,0.179514,0.202826,0.261145,0.180043,0.248215,0.056806,0.179857,0.247409,0.325099,0.195648
833,3.470833,0.240874,0.407584,0.228327,0.247316,0.182296,0.179516,0.202829,0.261144,0.180042,0.248217,0.056807,0.179859,0.247410,0.325101,0.195646
834,3.475000,0.240876,0.407588,0.228323,0.247316,0.182293,0.179518,0.202825,0.261143,0.180045,0.248215,0.056807,0.179858,0.247410,0.325099,0.195646
835,3.479167,0.240876,0.407587,0.228314,0.247316,0.182294,0.179516,0.202825,0.261141,0.180042,0.248217,0.056806,0.179860,0.247407,0.325090,0.195634
836,3.483333,0.240875,0.407589,0.228309,0.247314,0.182294,0.179519,0.202824,0.261143,0.180043,0.248217,0.056803,0.179858,0.247407,0.325091,0.195633
837,3.487500,0.240878,0.407592,0.228306,0.247315,0.182295,0.179519,0.202822,0.261143,0.180046,0.248216,0.056806,0.179856,0.247407,0.325101,0.195637
838,3.491667,0.240877,0.407594,0.228301,0.247315,0.182296,0.179518,0.202821,0.261142,0.180046,0.248216,0.056809,0.179863,0.247405,0.325101,0.195637
839,3.495833,0.240877,0.407596,0.228294,0.247316,0.182296,0.179521,0.202820,0.261141,0.180044,0.248218,0.056805,0.179859,0.247404,0.325099,0.195634
840,3.500000,0.240877,0.407594,0.228290,0.247315,0.182295,0.179516,0.202821,0.261139,0.180046,0.248216,0.056808,0.179863,0.247405,0.325100,0.195633
841,3.504167,0.240880,0.407597,0.228285,0.247314,0.182294,0.179521,0.202820,0.261140,0.180047,0.248217,0.056806,0.179861,0.247402,0.325101,0.195633
842,3.508333,0.240880,0.407599,0.228282,0.247315,0.182295,0.179520,0.202821,0.261140,0.180047,0.248220,0.056807,0.179859,0.247404,0.325102,0.195630
843,3.512500,0.240879,0.407600,0.228279,0.247314,0.182295,0.179521,0.202820,0.261141,0.180047,0.248217,0.056807,0.179863,0.247403,0.325102,0.195628
844,3.516667,0.240880,0.407599,0.228274,0.247314,0.182296,0.179518,0.202819,0.261139,0.180046,0.248221,0.056806,0.179861,0.247402,0.325102,0.195629
845,3.520833,0.240879,0.407602,0.228273,0.247315,0.182296,0.179521,0.202820,0.261141,0.180049,0.248220,0.056808,0.179859,0.247401,0.325102,0.195627
846,3.525000,0.240876,0.407602,0.228271,0.247316,0.182296,0.179520,0.202819,0.261140,0.180046,0.248220,0.056808,0.179861,0.247401,0.325094,0.195622
847,3.529167,0.240879,0.407602,0.228270,0.247315,0.182296,0.179521,0.202819,0.261140,0.180048,0.248220,0.056806,0.179861,0.247402,0.325092,0.195619
848,3.533333,0.240876,0.407602,0.228270,0.247314,0.182297,0.179520,0.202819,0.261141,0.180047,0.248221,0.056805,0.179860,0.247403,0.325102,0.195629
849,3.537500,0.240876,0.407603,0.228271,0.247316,0.182295,0.179519,0.202822,0.261139,0.180045,0.248220,0.056805,0.179856,0.247403,0.325093,0.195621
850,3.541667,0.240874,0.407603,0.228268,0.247315,0.182297,0.179521,0.202822,0.261140,0.180045,0.248219,0.056805,0.179861,0.247402,0.325102,0.195628
851,3.545833,0.240870,0.407604,0.228270,0.247317,0.182295,0.179519,0.202822,0.261140,0.180045,0.248221,0.056808,0.179858,0.247402,0.325101,0.195628
852,3.550000,0.240871,0.407602,0.228272,0.247315,0.182297,0.179521,0.202821,0.261140,0.180046,0.248220,0.056807,0.179862,0.247402,0.325102,0.195632
853,3.554167,0.240868,0.407601,0.228274,0.247317,0.182295,0.179522,0.202822,0.261140,0.180046,0.248220,0.056805,0.179859,0.247404,0.325102,0.195631
854,3.558333,0.240869,0.407602,0.228276,0.247319,0.182294,0.179519,0.202824,0.261140,0.180044,0.248222,0.056805,0.179860,0.247403,0.325101,0.195633
855,3.562500,0.240866,0.407600,0.228281,0.247319,0.182296,0.179519,0.202826,0.261139,0.180045,0.248219,0.056808,0.179860,0.247403,0.325100,0.195634
856,3.566667,0.240863,0.407600,0.228283,0.247318,0.182296,0.179519,0.202826,0.261142,0.180043,0.248218,0.056808,0.179858,0.247406,0.325094,0.195630
857,3.570833,0.240860,0.407597,0.228289,0.247319,0.182296,0.179522,0.202826,0.261141,0.180040,0.248217,0.056808,0.179857,0.247405,0.325101,0.195639
