0,0.000000,0.266838,0.209654,0.325293,0.249846,0.259031,0.257827,0.222291,0.172677,0.183526,0.217269,0.055234,0.174845,0.193277,0.254807,0.219121
1,0.005000,0.266841,0.209654,0.325294,0.249836,0.259038,0.257826,0.222290,0.172678,0.183525,0.217271,0.055233,0.174845,0.193272,0.254807,0.219126
2,0.010000,0.266842,0.209656,0.325296,0.249834,0.259039,0.257828,0.222290,0.172676,0.183526,0.217272,0.055234,0.174846,0.193274,0.254803,0.219122
3,0.015000,0.266841,0.209658,0.325296,0.249840,0.259032,0.257827,0.222292,0.172673,0.183526,0.217271,0.055233,0.174845,0.193271,0.254806,0.219125
4,0.020000,0.266845,0.209657,0.325297,0.249841,0.259032,0.257829,0.222291,0.172674,0.183529,0.217272,0.055232,0.174841,0.193273,0.254803,0.219122
5,0.025000,0.266843,0.209659,0.325298,0.249840,0.259034,0.257832,0.222294,0.172672,0.183528,0.217271,0.055235,0.174843,0.193271,0.254804,0.219124
6,0.030000,0.266844,0.209659,0.325300,0.249834,0.259039,0.257834,0.222294,0.172672,0.183528,0.217272,0.055232,0.174841,0.193271,0.254803,0.219124
7,0.035000,0.266847,0.209657,0.325301,0.249839,0.259032,0.257835,0.222294,0.172672,0.183529,0.217272,0.055232,0.174840,0.193271,0.254803,0.219123
8,0.040000,0.266848,0.209658,0.325301,0.249833,0.259038,0.257836,0.222291,0.172675,0.183530,0.217271,0.055234,0.174840,0.193271,0.254802,0.219123
9,0.045000,0.266849,0.209657,0.325303,0.249837,0.259032,0.257838,0.222290,0.172673,0.183529,0.217270,0.055232,0.174840,0.193271,0.254801,0.219123
10,0.050000,0.266849,0.209658,0.325303,0.249832,0.259037,0.257837,0.222291,0.172673,0.183530,0.217270,0.055234,0.174839,0.193270,0.254802,0.219124
11,0.055000,0.266846,0.209656,0.325306,0.249831,0.259035,0.257837,0.222291,0.172677,0.183528,0.217271,0.055235,0.174837,0.193269,0.254802,0.219127
12,0.060000,0.266848,0.209653,0.325308,0.249831,0.259035,0.257838,0.222290,0.172674,0.183528,0.217269,0.055234,0.174838,0.193270,0.254800,0.219126
13,0.065000,0.266845,0.209652,0.325304,0.249831,0.259034,0.257838,0.222290,0.172674,0.183526,0.217270,0.055233,0.174836,0.193267,0.254799,0.219124
14,0.070000,0.266845,0.209651,0.325305,0.249830,0.259032,0.257839,0.222290,0.172673,0.183527,0.217268,0.055232,0.174838,0.193269,0.254800,0.219126
15,0.075000,0.266842,0.209650,0.325307,0.249831,0.259031,0.257839,0.222291,0.172673,0.183526,0.217270,0.055232,0.174833,0.193268,0.254801,0.219121
16,0.080000,0.266844,0.209644,0.325306,0.249831,0.259030,0.257837,0.222290,0.172676,0.183526,0.217270,0.055233,0.174837,0.193268,0.254801,0.219124
17,0.085000,0.266837,0.209643,0.325304,0.249830,0.259030,0.257838,0.222289,0.172677,0.183525,0.217267,0.055235,0.174841,0.193268,0.254802,0.219125
18,0.090000,0.266833,0.209638,0.325302,0.249828,0.259030,0.257837,0.222289,0.172675,0.183526,0.217267,0.055234,0.174838,0.193266,0.254802,0.219123
19,0.095000,0.266831,0.209636,0.325301,0.249830,0.259031,0.257837,0.222286,0.172675,0.183525,0.217268,0.055233,0.174838,0.193266,0.254803,0.219123
20,0.100000,0.266828,0.209635,0.325298,0.249836,0.259025,0.257836,0.222291,0.172676,0.183525,0.217266,0.055235,0.174840,0.193266,0.254805,0.219124
21,0.105000,0.266826,0.209627,0.325295,0.249835,0.259025,0.257833,0.222287,0.172678,0.183525,0.217266,0.055234,0.174837,0.193268,0.254804,0.219118
22,0.110000,0.266820,0.209627,0.325291,0.249829,0.259030,0.257833,0.222289,0.172676,0.183526,0.217267,0.055233,0.174843,0.193267,0.254807,0.219118
23,0.115000,0.266814,0.209625,0.325288,0.249831,0.259034,0.257833,0.222288,0.172677,0.183524,0.217267,0.055233,0.174839,0.193268,0.254806,0.219115
24,0.120000,0.266813,0.209620,0.325283,0.249830,0.259034,0.257832,0.222288,0.172677,0.183522,0.217268,0.055230,0.174844,0.193266,0.254803,0.219113
25,0.125000,0.266809,0.209619,0.325278,0.249834,0.259025,0.257830,0.222289,0.172673,0.183523,0.217265,0.055230,0.174844,0.193266,0.254805,0.219110
26,0.130000,0.266803,0.209618,0.325275,0.249828,0.259031,0.257828,0.222288,0.172673,0.183521,0.217267,0.055231,0.174840,0.193265,0.254808,0.219107
27,0.135000,0.266802,0.209612,0.325275,0.249828,0.259035,0.257826,0.222288,0.172677,0.183521,0.217267,0.055228,0.174845,0.193265,0.254807,0.219106
28,0.140000,0.266801,0.209614,0.325269,0.249832,0.259026,0.257823,0.222287,0.172672,0.183519,0.217265,0.055229,0.174844,0.193265,0.254808,0.219101
29,0.145000,0.266799,0.209615,0.325273,0.249826,0.259036,0.257823,0.222286,0.172675,0.183522,0.217265,0.055230,0.174845,0.193264,0.254811,0.219101
30,0.150000,0.266797,0.209616,0.325272,0.249825,0.259036,0.257822,0.222286,0.172678,0.183520,0.217266,0.055228,0.174845,0.193266,0.254809,0.219101
31,0.155000,0.266794,0.209620,0.325272,0.249825,0.259039,0.257821,0.222286,0.172673,0.183518,0.217265,0.055230,0.174846,0.193267,0.254810,0.219096
32,0.160000,0.266778,0.209610,0.325271,0.249826,0.259038,0.257820,0.222288,0.172677,0.183521,0.217267,0.055231,0.174846,0.193269,0.254814,0.219098
33,0.165000,0.266794,0.209627,0.325275,0.249826,0.259039,0.257817,0.222290,0.172677,0.183521,0.217269,0.055229,0.174848,0.193267,0.254813,0.219096
34,0.170000,0.266791,0.209629,0.325277,0.249826,0.259040,0.257817,0.222289,0.172676,0.183519,0.217268,0.055231,0.174851,0.193267,0.254814,0.219095
35,0.175000,0.266789,0.209634,0.325280,0.249825,0.259041,0.257813,0.222288,0.172676,0.183516,0.217267,0.055231,0.174849,0.193266,0.254813,0.219094
36,0.180000,0.266785,0.209647,0.325281,0.249824,0.259042,0.257811,0.222288,0.172676,0.183516,0.217267,0.055230,0.174851,0.193267,0.254812,0.219095
37,0.185000,0.266784,0.209650,0.325286,0.249827,0.259045,0.257812,0.222288,0.172676,0.183520,0.217265,0.055229,0.174849,0.193264,0.254812,0.219094
38,0.190000,0.266787,0.209654,0.325289,0.249826,0.259045,0.257811,0.222289,0.172675,0.183516,0.217265,0.055230,0.174853,0.193264,0.254814,0.219092
39,0.195000,0.266788,0.209660,0.325291,0.249827,0.259047,0.257812,0.222288,0.172678,0.183518,0.217268,0.055228,0.174848,0.193267,0.254815,0.219092
40,0.200000,0.266786,0.209664,0.325294,0.249827,0.259048,0.257811,0.222290,0.172676,0.183519,0.217268,0.055234,0.174852,0.193267,0.254815,0.219088
41,0.205000,0.266787,0.209669,0.325298,0.249827,0.259051,0.257809,0.222288,0.172674,0.183516,0.217269,0.055233,0.174847,0.193268,0.254818,0.219092
42,0.210000,0.266786,0.209676,0.325300,0.249825,0.259051,0.257810,0.222290,0.172676,0.183517,0.217267,0.055233,0.174847,0.193271,0.254818,0.219091
43,0.215000,0.266791,0.209682,0.325301,0.249826,0.259051,0.257811,0.222290,0.172674,0.183519,0.217269,0.055232,0.174847,0.193271,0.254815,0.219091
44,0.220000,0.266789,0.209684,0.325306,0.249825,0.259052,0.257809,0.222291,0.172675,0.183516,0.217268,0.055233,0.174846,0.193269,0.254815,0.219089
45,0.225000,0.266789,0.209689,0.325307,0.249825,0.259051,0.257811,0.222292,0.172674,0.183520,0.217268,0.055232,0.174844,0.193271,0.254817,0.219092
46,0.230000,0.266786,0.209695,0.325309,0.249824,0.259054,0.257810,0.222288,0.172674,0.183520,0.217266,0.055235,0.174848,0.193270,0.254815,0.219091
47,0.235000,0.266784,0.209700,0.325311,0.249824,0.259051,0.257814,0.222288,0.172674,0.183520,0.217264,0.055233,0.174846,0.193270,0.254816,0.219092
48,0.240000,0.266793,0.209699,0.325311,0.249823,0.259055,0.257809,0.222291,0.172676,0.183522,0.217267,0.055234,0.174848,0.193270,0.254817,0.219092
49,0.245000,0.266788,0.209701,0.325314,0.249825,0.259057,0.257813,0.222291,0.172674,0.183522,0.217266,0.055235,0.174847,0.193269,0.254817,0.219091
50,0.250000,0.266789,0.209700,0.325316,0.249827,0.259057,0.257813,0.222289,0.172674,0.183524,0.217266,0.055235,0.174849,0.193273,0.254817,0.219094
51,0.255000,0.266788,0.209702,0.325315,0.249827,0.259058,0.257815,0.222290,0.172676,0.183525,0.217267,0.055234,0.174850,0.193273,0.254819,0.219095
52,0.260000,0.266791,0.209700,0.325318,0.249827,0.259058,0.257818,0.222292,0.172677,0.183526,0.217268,0.055234,0.174853,0.193272,0.254817,0.219093
53,0.265000,0.266789,0.209697,0.325318,0.249828,0.259057,0.257818,0.222293,0.172673,0.183524,0.217269,0.055233,0.174850,0.193274,0.254816,0.219095
54,0.270000,0.266791,0.209696,0.325320,0.249827,0.259054,0.257818,0.222292,0.172675,0.183528,0.217270,0.055231,0.174851,0.193273,0.254817,0.219097
55,0.275000,0.266791,0.209698,0.325321,0.249830,0.259055,0.257822,0.222293,0.172676,0.183527,0.217271,0.055231,0.174850,0.193274,0.254815,0.219098
56,0.280000,0.266789,0.209695,0.325322,0.249829,0.259052,0.257822,0.222292,0.172676,0.183526,0.217268,0.055234,0.174854,0.193272,0.254815,0.219097
57,0.285000,0.266790,0.209694,0.325321,0.249827,0.259054,0.257824,0.222292,0.172676,0.183529,0.217269,0.055231,0.174848,0.193274,0.254818,0.219098
58,0.290000,0.266790,0.209691,0.325323,0.249827,0.259049,0.257825,0.222292,0.172677,0.183528,0.217266,0.055234,0.174852,0.193273,0.254815,0.219101
59,0.295000,0.266793,0.209686,0.325323,0.249833,0.259041,0.257827,0.222290,0.172675,0.183526,0.217267,0.055233,0.174851,0.193272,0.254817,0.219103
60,0.300000,0.266794,0.209678,0.325320,0.249828,0.259044,0.257830,0.222290,0.172676,0.183528,0.217267,0.055234,0.174848,0.193273,0.254813,0.219105
61,0.305000,0.266797,0.209673,0.325320,0.249829,0.259043,0.257829,0.222291,0.172677,0.183531,0.217269,0.055234,0.174847,0.193273,0.254813,0.219108
62,0.310000,0.266797,0.209666,0.325320,0.249829,0.259041,0.257831,0.222290,0.172673,0.183526,0.217268,0.055232,0.174845,0.193274,0.254813,0.219108
63,0.315000,0.266798,0.209661,0.325317,0.249829,0.259038,0.257830,0.222288,0.172673,0.183525,0.217269,0.055230,0.174845,0.193274,0.254811,0.219109
64,0.320000,0.266797,0.209657,0.325315,0.249827,0.259036,0.257831,0.222289,0.172673,0.183526,0.217271,0.055230,0.174842,0.193271,0.254810,0.219109
65,0.325000,0.266796,0.209649,0.325312,0.249829,0.259036,0.257834,0.222290,0.172673,0.183527,0.217269,0.055232,0.174843,0.193271,0.254807,0.219109
66,0.330000,0.266797,0.209641,0.325308,0.249827,0.259034,0.257833,0.222290,0.172674,0.183527,0.217268,0.055231,0.174844,0.193270,0.254808,0.219110
67,0.335000,0.266793,0.209638,0.325305,0.249832,0.259024,0.257834,0.222286,0.172674,0.183525,0.217268,0.055232,0.174843,0.193268,0.254809,0.219114
68,0.340000,0.266782,0.209620,0.325303,0.249824,0.259031,0.257835,0.222290,0.172678,0.183528,0.217266,0.055234,0.174843,0.193270,0.254809,0.219117
69,0.345000,0.266792,0.209622,0.325295,0.249824,0.259031,0.257837,0.222287,0.172678,0.183528,0.217268,0.055231,0.174844,0.193266,0.254807,0.219116
70,0.350000,0.266795,0.209613,0.325291,0.249823,0.259031,0.257836,0.222284,0.172678,0.183527,0.217269,0.055233,0.174842,0.193268,0.254808,0.219118
71,0.355000,0.266779,0.209596,0.325284,0.249829,0.259021,0.257835,0.222286,0.172678,0.183527,0.217269,0.055233,0.174839,0.193266,0.254808,0.219117
72,0.360000,0.266778,0.209589,0.325281,0.249824,0.259030,0.257837,0.222285,0.172680,0.183528,0.217268,0.055237,0.174840,0.193266,0.254806,0.219119
73,0.365000,0.266778,0.209587,0.325275,0.249824,0.259030,0.257839,0.222287,0.172678,0.183528,0.217269,0.055234,0.174841,0.193266,0.254807,0.219119
74,0.370000,0.266779,0.209581,0.325272,0.249823,0.259028,0.257837,0.222288,0.172678,0.183530,0.217270,0.055233,0.174839,0.193265,0.254807,0.219118
75,0.375000,0.266781,0.209577,0.325268,0.249828,0.259020,0.257837,0.222286,0.172677,0.183527,0.217271,0.055233,0.174840,0.193265,0.254804,0.219118
76,0.380000,0.266780,0.209575,0.325264,0.249820,0.259030,0.257839,0.222285,0.172677,0.183531,0.217270,0.055234,0.174838,0.193263,0.254806,0.219117
77,0.385000,0.266779,0.209575,0.325260,0.249819,0.259029,0.257835,0.222286,0.172675,0.183528,0.217270,0.055232,0.174840,0.193258,0.254804,0.219118
78,0.390000,0.266798,0.209589,0.325262,0.249824,0.259023,0.257833,0.222286,0.172675,0.183530,0.217270,0.055233,0.174838,0.193258,0.254804,0.219117
79,0.395000,0.266780,0.209577,0.325258,0.249818,0.259030,0.257836,0.222285,0.172676,0.183527,0.217271,0.055233,0.174838,0.193260,0.254807,0.219117
80,0.400000,0.266805,0.209589,0.325261,0.249817,0.259029,0.257833,0.222286,0.172676,0.183529,0.217270,0.055235,0.174837,0.193257,0.254805,0.219116
81,0.405000,0.266806,0.209596,0.325260,0.249819,0.259035,0.257832,0.222284,0.172676,0.183526,0.217272,0.055231,0.174837,0.193259,0.254806,0.219114
82,0.410000,0.266810,0.209594,0.325260,0.249817,0.259035,0.257831,0.222285,0.172675,0.183525,0.217271,0.055235,0.174839,0.193258,0.254808,0.219114
83,0.415000,0.266807,0.209605,0.325261,0.249817,0.259036,0.257830,0.222287,0.172678,0.183525,0.217275,0.055232,0.174838,0.193258,0.254808,0.219114
84,0.420000,0.266811,0.209608,0.325262,0.249817,0.259037,0.257832,0.222286,0.172677,0.183526,0.217275,0.055232,0.174838,0.193256,0.254807,0.219113
85,0.425000,0.266813,0.209616,0.325262,0.249818,0.259038,0.257830,0.222285,0.172677,0.183524,0.217273,0.055232,0.174838,0.193257,0.254807,0.219110
86,0.430000,0.266814,0.209621,0.325264,0.249814,0.259041,0.257824,0.222282,0.172679,0.183522,0.217273,0.055233,0.174841,0.193255,0.254807,0.219110
87,0.435000,0.266815,0.209627,0.325265,0.249813,0.259043,0.257824,0.222284,0.172676,0.183521,0.217270,0.055233,0.174842,0.193254,0.254809,0.219110
88,0.440000,0.266813,0.209637,0.325267,0.249813,0.259042,0.257822,0.222282,0.172676,0.183522,0.217272,0.055232,0.174842,0.193251,0.254807,0.219107
89,0.445000,0.266818,0.209646,0.325270,0.249815,0.259045,0.257822,0.222286,0.172678,0.183521,0.217273,0.055230,0.174840,0.193255,0.254809,0.219107
90,0.450000,0.266818,0.209651,0.325270,0.249814,0.259047,0.257818,0.222284,0.172679,0.183524,0.217270,0.055232,0.174842,0.193254,0.254808,0.219102
91,0.455000,0.266820,0.209660,0.325272,0.249814,0.259050,0.257818,0.222285,0.172677,0.183519,0.217274,0.055233,0.174840,0.193255,0.254809,0.219101
92,0.460000,0.266823,0.209664,0.325275,0.249815,0.259054,0.257815,0.222285,0.172677,0.183522,0.217273,0.055233,0.174845,0.193256,0.254810,0.219101
93,0.465000,0.266824,0.209669,0.325277,0.249815,0.259055,0.257815,0.222287,0.172679,0.183521,0.217275,0.055233,0.174843,0.193260,0.254813,0.219100
94,0.470000,0.266825,0.209676,0.325277,0.249817,0.259059,0.257814,0.222288,0.172676,0.183522,0.217273,0.055233,0.174848,0.193256,0.254812,0.219097
95,0.475000,0.266823,0.209686,0.325278,0.249818,0.259061,0.257811,0.222286,0.172679,0.183521,0.217273,0.055233,0.174846,0.193258,0.254813,0.219098
96,0.480000,0.266823,0.209690,0.325278,0.249818,0.259062,0.257810,0.222287,0.172679,0.183523,0.217272,0.055232,0.174846,0.193257,0.254814,0.219096
97,0.485000,0.266819,0.209695,0.325280,0.249816,0.259065,0.257807,0.222286,0.172676,0.183520,0.217274,0.055232,0.174847,0.193257,0.254816,0.219092
98,0.490000,0.266821,0.209697,0.325279,0.249816,0.259066,0.257805,0.222285,0.172676,0.183521,0.217270,0.055232,0.174852,0.193257,0.254813,0.219092
99,0.495000,0.266819,0.209705,0.325281,0.249818,0.259065,0.257803,0.222285,0.172676,0.183522,0.217270,0.055231,0.174850,0.193258,0.254815,0.219091
100,0.500000,0.266822,0.209706,0.325281,0.249819,0.259067,0.257801,0.222287,0.172675,0.183520,0.217271,0.055230,0.174853,0.193259,0.254816,0.219088
101,0.505000,0.266821,0.209710,0.325282,0.249823,0.259069,0.257801,0.222287,0.172677,0.183519,0.217272,0.055230,0.174850,0.193262,0.254818,0.219091
102,0.510000,0.266823,0.209711,0.325280,0.249822,0.259068,0.257798,0.222290,0.172674,0.183521,0.217272,0.055232,0.174850,0.193264,0.254816,0.219088
103,0.515000,0.266825,0.209709,0.325281,0.249823,0.259071,0.257797,0.222288,0.172677,0.183520,0.217272,0.055234,0.174849,0.193263,0.254820,0.219090
104,0.520000,0.266823,0.209710,0.325281,0.249824,0.259071,0.257797,0.222288,0.172678,0.183520,0.217273,0.055233,0.174851,0.193266,0.254820,0.219089
105,0.525000,0.266842,0.209706,0.325280,0.249825,0.259071,0.257798,0.222288,0.172679,0.183518,0.217269,0.055235,0.174853,0.193265,0.254819,0.219088
106,0.530000,0.266820,0.209713,0.325279,0.249827,0.259070,0.257794,0.222285,0.172678,0.183518,0.217269,0.055232,0.174854,0.193264,0.254821,0.219086
107,0.535000,0.266817,0.209712,0.325278,0.249826,0.259068,0.257794,0.222283,0.172677,0.183517,0.217267,0.055233,0.174852,0.193267,0.254820,0.219086
108,0.540000,0.266819,0.209707,0.325276,0.249826,0.259067,0.257793,0.222285,0.172678,0.183518,0.217269,0.055235,0.174854,0.193264,0.254820,0.219087
109,0.545000,0.266817,0.209708,0.325276,0.249828,0.259067,0.257793,0.222286,0.172678,0.183517,0.217269,0.055232,0.174855,0.193266,0.254819,0.219087
110,0.550000,0.266816,0.209704,0.325276,0.249827,0.259068,0.257792,0.222285,0.172678,0.183516,0.217270,0.055235,0.174849,0.193269,0.254820,0.219089
111,0.555000,0.266814,0.209702,0.325275,0.249829,0.259066,0.257793,0.222287,0.172679,0.183518,0.217268,0.055235,0.174850,0.193268,0.254822,0.219089
112,0.560000,0.266817,0.209691,0.325272,0.249833,0.259062,0.257794,0.222286,0.172676,0.183517,0.217270,0.055236,0.174849,0.193270,0.254819,0.219089
113,0.565000,0.266814,0.209690,0.325271,0.249833,0.259062,0.257793,0.222287,0.172680,0.183516,0.217272,0.055235,0.174847,0.193270,0.254823,0.219092
114,0.570000,0.266814,0.209683,0.325269,0.249833,0.259061,0.257793,0.222286,0.172680,0.183517,0.217270,0.055236,0.174850,0.193270,0.254822,0.219091
115,0.575000,0.266816,0.209677,0.325266,0.249830,0.259063,0.257795,0.222288,0.172679,0.183515,0.217269,0.055237,0.174848,0.193270,0.254820,0.219090
116,0.580000,0.266811,0.209674,0.325266,0.249833,0.259060,0.257794,0.222285,0.172680,0.183517,0.217270,0.055237,0.174845,0.193270,0.254824,0.219093
117,0.585000,0.266814,0.209670,0.325264,0.249832,0.259057,0.257792,0.222284,0.172681,0.183515,0.217267,0.055236,0.174848,0.193270,0.254824,0.219094
118,0.590000,0.266809,0.209666,0.325260,0.249832,0.259056,0.257791,0.222285,0.172678,0.183515,0.217268,0.055236,0.174847,0.193269,0.254821,0.219092
119,0.595000,0.266813,0.209660,0.325258,0.249837,0.259048,0.257792,0.222285,0.172678,0.183514,0.217269,0.055236,0.174846,0.193269,0.254818,0.219091
120,0.600000,0.266815,0.209654,0.325256,0.249833,0.259055,0.257795,0.222285,0.172678,0.183518,0.217273,0.055235,0.174843,0.193271,0.254819,0.219093
121,0.605000,0.266815,0.209650,0.325253,0.249832,0.259055,0.257796,0.222289,0.172680,0.183514,0.217273,0.055234,0.174845,0.193269,0.254818,0.219092
122,0.610000,0.266818,0.209642,0.325249,0.249834,0.259053,0.257796,0.222288,0.172678,0.183516,0.217272,0.055235,0.174844,0.193272,0.254821,0.219093
123,0.615000,0.266820,0.209640,0.325247,0.249834,0.259052,0.257797,0.222285,0.172678,0.183516,0.217273,0.055236,0.174845,0.193272,0.254820,0.219094
124,0.620000,0.266823,0.209634,0.325243,0.249832,0.259050,0.257798,0.222285,0.172678,0.183516,0.217271,0.055234,0.174843,0.193272,0.254821,0.219094
125,0.625000,0.266823,0.209633,0.325243,0.249832,0.259049,0.257801,0.222286,0.172677,0.183516,0.217272,0.055234,0.174845,0.193269,0.254820,0.219097
126,0.630000,0.266824,0.209632,0.325242,0.249831,0.259050,0.257800,0.222285,0.172678,0.183515,0.217271,0.055236,0.174844,0.193269,0.254819,0.219095
127,0.635000,0.266827,0.209633,0.325241,0.249832,0.259051,0.257798,0.222285,0.172678,0.183518,0.217272,0.055236,0.174842,0.193267,0.254817,0.219098
128,0.640000,0.266830,0.209630,0.325238,0.249829,0.259049,0.257800,0.222285,0.172678,0.183516,0.217272,0.055234,0.174841,0.193268,0.254816,0.219100
129,0.645000,0.266830,0.209629,0.325240,0.249832,0.259049,0.257801,0.222288,0.172676,0.183519,0.217273,0.055235,0.174843,0.193266,0.254816,0.219102
130,0.650000,0.266837,0.209628,0.325240,0.249829,0.259050,0.257803,0.222287,0.172678,0.183519,0.217272,0.055235,0.174841,0.193266,0.254815,0.219101
131,0.655000,0.266839,0.209629,0.325241,0.249830,0.259048,0.257804,0.222288,0.172679,0.183519,0.217271,0.055237,0.174844,0.193265,0.254817,0.219102
132,0.660000,0.266844,0.209630,0.325241,0.249831,0.259049,0.257805,0.222288,0.172678,0.183518,0.217274,0.055235,0.174842,0.193265,0.254813,0.219103
133,0.665000,0.266845,0.209634,0.325243,0.249832,0.259051,0.257806,0.222288,0.172679,0.183518,0.217272,0.055235,0.174844,0.193266,0.254815,0.219105
134,0.670000,0.266850,0.209635,0.325243,0.249830,0.259052,0.257806,0.222290,0.172679,0.183520,0.217274,0.055235,0.174842,0.193265,0.254817,0.219107
135,0.675000,0.266855,0.209638,0.325245,0.249830,0.259053,0.257809,0.222291,0.172678,0.183518,0.217275,0.055235,0.174842,0.193265,0.254815,0.219105
136,0.680000,0.266855,0.209642,0.325245,0.249831,0.259054,0.257807,0.222289,0.172675,0.183520,0.217275,0.055234,0.174839,0.193264,0.254813,0.219105
137,0.685000,0.266857,0.209644,0.325242,0.249831,0.259051,0.257808,0.222287,0.172678,0.183522,0.217272,0.055234,0.174841,0.193265,0.254812,0.219107
138,0.690000,0.266862,0.209643,0.325243,0.249829,0.259053,0.257806,0.222290,0.172677,0.183521,0.217274,0.055233,0.174836,0.193264,0.254811,0.219104
139,0.695000,0.266865,0.209647,0.325245,0.249828,0.259054,0.257808,0.222289,0.172676,0.183520,0.217271,0.055232,0.174842,0.193263,0.254811,0.219106
140,0.700000,0.266864,0.209651,0.325246,0.249831,0.259054,0.257807,0.222288,0.172675,0.183519,0.217273,0.055233,0.174836,0.193265,0.254810,0.219103
141,0.705000,0.266868,0.209653,0.325245,0.249830,0.259056,0.257806,0.222290,0.172677,0.183521,0.217272,0.055233,0.174836,0.193265,0.254811,0.219103
142,0.710000,0.266870,0.209654,0.325246,0.249836,0.259048,0.257807,0.222290,0.172677,0.183518,0.217274,0.055232,0.174833,0.193266,0.254811,0.219103
143,0.715000,0.266873,0.209655,0.325247,0.249830,0.259055,0.257806,0.222291,0.172676,0.183518,0.217273,0.055233,0.174837,0.193266,0.254811,0.219102
144,0.720000,0.266874,0.209658,0.325249,0.249831,0.259055,0.257806,0.222290,0.172676,0.183518,0.217271,0.055232,0.174838,0.193267,0.254813,0.219103
145,0.725000,0.266874,0.209658,0.325248,0.249839,0.259048,0.257806,0.222291,0.172677,0.183518,0.217273,0.055234,0.174837,0.193266,0.254813,0.219103
146,0.730000,0.266873,0.209661,0.325249,0.249834,0.259057,0.257805,0.222289,0.172678,0.183518,0.217271,0.055235,0.174834,0.193268,0.254813,0.219101
147,0.735000,0.266872,0.209664,0.325248,0.249833,0.259059,0.257803,0.222292,0.172678,0.183519,0.217271,0.055235,0.174836,0.193269,0.254813,0.219102
148,0.740000,0.266873,0.209664,0.325246,0.249834,0.259062,0.257800,0.222291,0.172676,0.183520,0.217270,0.055233,0.174838,0.193268,0.254811,0.219101
149,0.745000,0.266870,0.209662,0.325246,0.249836,0.259059,0.257802,0.222289,0.172674,0.183518,0.217272,0.055233,0.174838,0.193269,0.254813,0.219102
150,0.750000,0.266871,0.209664,0.325247,0.249838,0.259061,0.257800,0.222291,0.172676,0.183519,0.217273,0.055231,0.174840,0.193271,0.254815,0.219100
151,0.755000,0.266867,0.209666,0.325244,0.249838,0.259063,0.257797,0.222291,0.172679,0.183515,0.217271,0.055233,0.174841,0.193271,0.254817,0.219100
152,0.760000,0.266865,0.209665,0.325245,0.249838,0.259060,0.257796,0.222291,0.172678,0.183517,0.217267,0.055234,0.174841,0.193271,0.254815,0.219097
153,0.765000,0.266864,0.209664,0.325243,0.249841,0.259061,0.257795,0.222291,0.172678,0.183518,0.217269,0.055236,0.174842,0.193274,0.254817,0.219097
154,0.770000,0.266863,0.209664,0.325241,0.249840,0.259062,0.257792,0.222290,0.172676,0.183516,0.217270,0.055234,0.174841,0.193274,0.254817,0.219098
155,0.775000,0.266861,0.209665,0.325241,0.249849,0.259053,0.257790,0.222289,0.172679,0.183514,0.217269,0.055235,0.174842,0.193274,0.254819,0.219093
156,0.780000,0.266860,0.209663,0.325238,0.249841,0.259062,0.257785,0.222287,0.172679,0.183511,0.217271,0.055235,0.174842,0.193274,0.254821,0.219091
157,0.785000,0.266859,0.209664,0.325236,0.249844,0.259059,0.257784,0.222286,0.172676,0.183511,0.217269,0.055229,0.174842,0.193273,0.254820,0.219092
158,0.790000,0.266853,0.209665,0.325235,0.249841,0.259059,0.257782,0.222286,0.172677,0.183510,0.217268,0.055233,0.174841,0.193275,0.254821,0.219087
159,0.795000,0.266852,0.209662,0.325231,0.249848,0.259053,0.257779,0.222286,0.172678,0.183509,0.217268,0.055233,0.174843,0.193274,0.254823,0.219084
160,0.800000,0.266851,0.209661,0.325230,0.249842,0.259061,0.257779,0.222283,0.172677,0.183506,0.217269,0.055230,0.174844,0.193273,0.254821,0.219083
161,0.805000,0.266845,0.209662,0.325225,0.249842,0.259058,0.257775,0.222285,0.172678,0.183505,0.217267,0.055232,0.174846,0.193273,0.254825,0.219084
162,0.810000,0.266842,0.209660,0.325224,0.249843,0.259062,0.257772,0.222285,0.172678,0.183506,0.217267,0.055233,0.174848,0.193271,0.254826,0.219084
163,0.815000,0.266843,0.209661,0.325221,0.249842,0.259065,0.257773,0.222284,0.172677,0.183505,0.217268,0.055233,0.174849,0.193271,0.254824,0.219078
164,0.820000,0.266839,0.209658,0.325217,0.249841,0.259064,0.257768,0.222283,0.172681,0.183506,0.217268,0.055234,0.174845,0.193273,0.254827,0.219079
165,0.825000,0.266840,0.209659,0.325214,0.249844,0.259068,0.257768,0.222282,0.172682,0.183503,0.217267,0.055233,0.174847,0.193273,0.254827,0.219079
166,0.830000,0.266837,0.209658,0.325212,0.249842,0.259069,0.257764,0.222283,0.172678,0.183506,0.217265,0.055235,0.174852,0.193270,0.254826,0.219074
167,0.835000,0.266838,0.209659,0.325211,0.249843,0.259069,0.257765,0.222282,0.172678,0.183507,0.217266,0.055233,0.174852,0.193270,0.254829,0.219076
168,0.840000,0.266835,0.209657,0.325206,0.249845,0.259077,0.257743,0.222284,0.172682,0.183506,0.217269,0.055233,0.174850,0.193270,0.254829,0.219073
169,0.845000,0.266833,0.209662,0.325205,0.249846,0.259080,0.257746,0.222284,0.172678,0.183504,0.217269,0.055232,0.174852,0.193269,0.254828,0.219071
170,0.850000,0.266835,0.209664,0.325203,0.249846,0.259076,0.257745,0.222283,0.172678,0.183503,0.217270,0.055235,0.174852,0.193267,0.254828,0.219070
171,0.855000,0.266836,0.209668,0.325204,0.249841,0.259079,0.257745,0.222282,0.172679,0.183503,0.217269,0.055232,0.174854,0.193265,0.254828,0.219070
172,0.860000,0.266840,0.209669,0.325206,0.249843,0.259084,0.257744,0.222281,0.172682,0.183502,0.217269,0.055233,0.174851,0.193264,0.254830,0.219068
173,0.865000,0.266839,0.209675,0.325204,0.249840,0.259083,0.257743,0.222282,0.172678,0.183502,0.217270,0.055230,0.174851,0.193264,0.254827,0.219068
174,0.870000,0.266842,0.209678,0.325207,0.249840,0.259085,0.257742,0.222283,0.172680,0.183502,0.217270,0.055233,0.174850,0.193264,0.254829,0.219064
175,0.875000,0.266843,0.209682,0.325209,0.249833,0.259080,0.257755,0.222282,0.172679,0.183501,0.217269,0.055232,0.174849,0.193263,0.254829,0.219065
176,0.880000,0.266846,0.209685,0.325209,0.249840,0.259083,0.257743,0.222282,0.172677,0.183503,0.217270,0.055233,0.174850,0.193261,0.254827,0.219063
177,0.885000,0.266848,0.209688,0.325212,0.249830,0.259083,0.257757,0.222283,0.172678,0.183504,0.217270,0.055233,0.174847,0.193259,0.254827,0.219065
178,0.890000,0.266848,0.209694,0.325214,0.249830,0.259081,0.257758,0.222283,0.172681,0.183505,0.217271,0.055232,0.174848,0.193259,0.254826,0.219068
179,0.895000,0.266852,0.209695,0.325215,0.249835,0.259087,0.257745,0.222283,0.172678,0.183505,0.217271,0.055231,0.174848,0.193260,0.254828,0.219067
180,0.900000,0.266851,0.209701,0.325220,0.249827,0.259084,0.257761,0.222282,0.172676,0.183505,0.217272,0.055232,0.174846,0.193257,0.254825,0.219066
181,0.905000,0.266854,0.209705,0.325220,0.249825,0.259084,0.257760,0.222284,0.172676,0.183507,0.217268,0.055232,0.174850,0.193257,0.254825,0.219068
182,0.910000,0.266870,0.209705,0.325226,0.249826,0.259085,0.257765,0.222283,0.172681,0.183509,0.217270,0.055233,0.174849,0.193255,0.254825,0.219071
183,0.915000,0.266876,0.209707,0.325228,0.249828,0.259086,0.257764,0.222285,0.172679,0.183504,0.217272,0.055231,0.174849,0.193257,0.254826,0.219072
184,0.920000,0.266881,0.209706,0.325231,0.249825,0.259085,0.257769,0.222285,0.172678,0.183509,0.217272,0.055230,0.174847,0.193256,0.254824,0.219070
185,0.925000,0.266882,0.209708,0.325234,0.249824,0.259087,0.257770,0.222286,0.172677,0.183510,0.217273,0.055231,0.174846,0.193256,0.254823,0.219071
186,0.930000,0.266883,0.209705,0.325235,0.249825,0.259086,0.257773,0.222285,0.172680,0.183513,0.217270,0.055229,0.174848,0.193256,0.254822,0.219075
187,0.935000,0.266883,0.209708,0.325235,0.249823,0.259085,0.257776,0.222286,0.172677,0.183511,0.217269,0.055232,0.174847,0.193256,0.254822,0.219074
188,0.940000,0.266882,0.209708,0.325237,0.249822,0.259084,0.257778,0.222283,0.172679,0.183513,0.217269,0.055232,0.174846,0.193256,0.254821,0.219075
189,0.945000,0.266866,0.209709,0.325236,0.249823,0.259084,0.257779,0.222286,0.172681,0.183512,0.217268,0.055231,0.174845,0.193255,0.254820,0.219078
190,0.950000,0.266862,0.209707,0.325237,0.249823,0.259083,0.257782,0.222286,0.172678,0.183515,0.217271,0.055233,0.174844,0.193253,0.254820,0.219082
191,0.955000,0.266879,0.209698,0.325240,0.249821,0.259081,0.257784,0.222287,0.172676,0.183515,0.217268,0.055234,0.174846,0.193253,0.254818,0.219084
192,0.960000,0.266876,0.209693,0.325240,0.249823,0.259079,0.257786,0.222286,0.172680,0.183516,0.217269,0.055234,0.174840,0.193253,0.254819,0.219086
193,0.965000,0.266877,0.209691,0.325240,0.249822,0.259079,0.257789,0.222286,0.172679,0.183519,0.217270,0.055231,0.174842,0.193256,0.254818,0.219087
194,0.970000,0.266875,0.209685,0.325240,0.249823,0.259075,0.257790,0.222288,0.172677,0.183517,0.217269,0.055236,0.174840,0.193256,0.254816,0.219088
195,0.975000,0.266854,0.209684,0.325240,0.249826,0.259072,0.257793,0.222288,0.172680,0.183518,0.217269,0.055235,0.174839,0.193255,0.254816,0.219091
196,0.980000,0.266853,0.209676,0.325241,0.249825,0.259073,0.257796,0.222288,0.172680,0.183521,0.217270,0.055236,0.174842,0.193256,0.254816,0.219092
197,0.985000,0.266850,0.209673,0.325241,0.249824,0.259072,0.257796,0.222287,0.172678,0.183519,0.217270,0.055235,0.174839,0.193257,0.254816,0.219095
198,0.990000,0.266848,0.209667,0.325241,0.249824,0.259068,0.257797,0.222285,0.172679,0.183519,0.217266,0.055236,0.174844,0.193258,0.254815,0.219096
199,0.995000,0.266842,0.209662,0.325239,0.249823,0.259067,0.257802,0.222284,0.172681,0.183522,0.217269,0.055237,0.174838,0.193259,0.254817,0.219098
200,1.000000,0.266837,0.209656,0.325240,0.249823,0.259065,0.257802,0.222285,0.172681,0.183519,0.217267,0.055237,0.174836,0.193258,0.254813,0.219097
201,1.005000,0.266832,0.209651,0.325239,0.249822,0.259061,0.257799,0.222286,0.172679,0.183517,0.217269,0.055234,0.174835,0.193255,0.254814,0.219096
202,1.010000,0.266831,0.209642,0.325238,0.249822,0.259058,0.257799,0.222283,0.172678,0.183517,0.217269,0.055235,0.174838,0.193255,0.254812,0.219096
203,1.015000,0.266828,0.209637,0.325238,0.249825,0.259057,0.257804,0.222283,0.172677,0.183519,0.217270,0.055234,0.174838,0.193259,0.254813,0.219099
204,1.020000,0.266823,0.209633,0.325235,0.249824,0.259053,0.257802,0.222284,0.172677,0.183519,0.217267,0.055235,0.174839,0.193258,0.254814,0.219101
205,1.025000,0.266821,0.209623,0.325237,0.249823,0.259054,0.257802,0.222283,0.172679,0.183518,0.217269,0.055236,0.174837,0.193259,0.254815,0.219101
206,1.030000,0.266819,0.209618,0.325234,0.249823,0.259053,0.257804,0.222282,0.172679,0.183520,0.217268,0.055234,0.174838,0.193257,0.254817,0.219100
207,1.035000,0.266811,0.209617,0.325233,0.249824,0.259051,0.257804,0.222282,0.172682,0.183518,0.217268,0.055237,0.174840,0.193257,0.254815,0.219100
208,1.040000,0.266807,0.209613,0.325230,0.249821,0.259051,0.257805,0.222279,0.172683,0.183517,0.217267,0.055236,0.174842,0.193255,0.254815,0.219100
209,1.045000,0.266803,0.209611,0.325230,0.249821,0.259051,0.257802,0.222278,0.172681,0.183516,0.217265,0.055239,0.174839,0.193257,0.254814,0.219097
210,1.050000,0.266799,0.209606,0.325228,0.249821,0.259048,0.257803,0.222278,0.172682,0.183516,0.217270,0.055237,0.174838,0.193254,0.254815,0.219097
211,1.055000,0.266797,0.209605,0.325224,0.249817,0.259050,0.257802,0.222282,0.172681,0.183517,0.217270,0.055234,0.174839,0.193253,0.254816,0.219096
212,1.060000,0.266794,0.209604,0.325221,0.249818,0.259048,0.257801,0.222280,0.172681,0.183514,0.217271,0.055235,0.174838,0.193253,0.254817,0.219093
213,1.065000,0.266791,0.209603,0.325220,0.249818,0.259051,0.257803,0.222279,0.172683,0.183517,0.217269,0.055234,0.174840,0.193253,0.254818,0.219093
214,1.070000,0.266787,0.209602,0.325219,0.249816,0.259053,0.257799,0.222280,0.172680,0.183513,0.217271,0.055235,0.174841,0.193253,0.254816,0.219089
215,1.075000,0.266784,0.209606,0.325217,0.249812,0.259054,0.257798,0.222278,0.172681,0.183513,0.217271,0.055236,0.174839,0.193251,0.254818,0.219090
216,1.080000,0.266785,0.209604,0.325218,0.249813,0.259055,0.257798,0.222279,0.172684,0.183511,0.217269,0.055236,0.174841,0.193248,0.254820,0.219090
217,1.085000,0.266780,0.209611,0.325217,0.249812,0.259060,0.257796,0.222279,0.172683,0.183513,0.217268,0.055234,0.174839,0.193249,0.254823,0.219085
218,1.090000,0.266780,0.209619,0.325216,0.249810,0.259060,0.257795,0.222278,0.172682,0.183512,0.217268,0.055236,0.174844,0.193248,0.254821,0.219085
219,1.095000,0.266780,0.209619,0.325215,0.249808,0.259062,0.257794,0.222279,0.172682,0.183515,0.217272,0.055233,0.174842,0.193247,0.254820,0.219081
220,1.100000,0.266778,0.209627,0.325216,0.249805,0.259066,0.257790,0.222279,0.172682,0.183513,0.217269,0.055234,0.174843,0.193248,0.254824,0.219081
221,1.105000,0.266777,0.209634,0.325217,0.249805,0.259068,0.257792,0.222281,0.172685,0.183514,0.217269,0.055235,0.174846,0.193244,0.254827,0.219078
222,1.110000,0.266779,0.209643,0.325216,0.249805,0.259071,0.257789,0.222278,0.172680,0.183514,0.217272,0.055236,0.174847,0.193245,0.254824,0.219072
223,1.115000,0.266775,0.209648,0.325220,0.249802,0.259072,0.257788,0.222280,0.172681,0.183514,0.217269,0.055233,0.174847,0.193245,0.254823,0.219072
224,1.120000,0.266777,0.209656,0.325224,0.249802,0.259075,0.257788,0.222283,0.172682,0.183514,0.217271,0.055234,0.174849,0.193246,0.254824,0.219074
225,1.125000,0.266780,0.209666,0.325226,0.249802,0.259079,0.257787,0.222281,0.172683,0.183515,0.217272,0.055234,0.174847,0.193243,0.254824,0.219071
226,1.130000,0.266784,0.209674,0.325230,0.249803,0.259080,0.257787,0.222283,0.172681,0.183514,0.217271,0.055233,0.174850,0.193245,0.254826,0.219070
227,1.135000,0.266784,0.209682,0.325234,0.249800,0.259081,0.257786,0.222281,0.172681,0.183514,0.217274,0.055235,0.174845,0.193244,0.254825,0.219070
228,1.140000,0.266785,0.209691,0.325241,0.249800,0.259084,0.257784,0.222283,0.172681,0.183511,0.217272,0.055235,0.174848,0.193245,0.254826,0.219067
229,1.145000,0.266785,0.209700,0.325246,0.249799,0.259086,0.257786,0.222284,0.172681,0.183514,0.217271,0.055234,0.174848,0.193244,0.254827,0.219066
230,1.150000,0.266787,0.209711,0.325249,0.249800,0.259088,0.257784,0.222285,0.172683,0.183514,0.217272,0.055235,0.174844,0.193246,0.254828,0.219064
231,1.155000,0.266787,0.209714,0.325254,0.249801,0.259087,0.257784,0.222285,0.172680,0.183515,0.217275,0.055235,0.174845,0.193245,0.254827,0.219064
232,1.160000,0.266788,0.209722,0.325258,0.249800,0.259088,0.257786,0.222286,0.172680,0.183515,0.217273,0.055236,0.174845,0.193245,0.254827,0.219064
233,1.165000,0.266786,0.209728,0.325262,0.249799,0.259090,0.257783,0.222286,0.172680,0.183515,0.217271,0.055236,0.174845,0.193244,0.254827,0.219063
234,1.170000,0.266786,0.209731,0.325263,0.249801,0.259091,0.257785,0.222285,0.172680,0.183514,0.217273,0.055233,0.174844,0.193246,0.254828,0.219063
235,1.175000,0.266785,0.209735,0.325267,0.249800,0.259089,0.257783,0.222285,0.172680,0.183513,0.217271,0.055234,0.174842,0.193246,0.254827,0.219062
236,1.180000,0.266787,0.209736,0.325267,0.249801,0.259090,0.257784,0.222287,0.172679,0.183514,0.217270,0.055234,0.174846,0.193248,0.254826,0.219062
237,1.185000,0.266807,0.209733,0.325273,0.249800,0.259088,0.257783,0.222285,0.172680,0.183515,0.217271,0.055233,0.174844,0.193249,0.254829,0.219062
238,1.190000,0.266786,0.209737,0.325273,0.249802,0.259089,0.257787,0.222285,0.172681,0.183517,0.217269,0.055236,0.174845,0.193250,0.254831,0.219064
239,1.195000,0.266785,0.209735,0.325271,0.249804,0.259089,0.257787,0.222285,0.172680,0.183514,0.217269,0.055235,0.174852,0.193253,0.254828,0.219061
240,1.200000,0.266781,0.209733,0.325272,0.249805,0.259088,0.257786,0.222284,0.172680,0.183516,0.217272,0.055233,0.174850,0.193252,0.254830,0.219063
241,1.205000,0.266777,0.209728,0.325271,0.249806,0.259086,0.257788,0.222286,0.172685,0.183519,0.217270,0.055235,0.174848,0.193253,0.254831,0.219064
242,1.210000,0.266778,0.209722,0.325269,0.249805,0.259087,0.257787,0.222284,0.172681,0.183515,0.217269,0.055235,0.174849,0.193255,0.254833,0.219064
243,1.215000,0.266775,0.209718,0.325269,0.249807,0.259084,0.257790,0.222286,0.172680,0.183517,0.217271,0.055235,0.174849,0.193255,0.254831,0.219065
244,1.220000,0.266770,0.209712,0.325267,0.249808,0.259081,0.257788,0.222284,0.172681,0.183517,0.217269,0.055234,0.174848,0.193254,0.254832,0.219069
245,1.225000,0.266766,0.209707,0.325264,0.249808,0.259085,0.257791,0.222285,0.172683,0.183517,0.217267,0.055235,0.174851,0.193256,0.254833,0.219071
246,1.230000,0.266767,0.209696,0.325261,0.249809,0.259080,0.257790,0.222286,0.172683,0.183516,0.217266,0.055235,0.174850,0.193258,0.254833,0.219069
247,1.235000,0.266763,0.209688,0.325261,0.249810,0.259075,0.257790,0.222282,0.172682,0.183515,0.217267,0.055234,0.174853,0.193258,0.254832,0.219072
248,1.240000,0.266761,0.209678,0.325258,0.249811,0.259075,0.257790,0.222283,0.172681,0.183516,0.217267,0.055236,0.174850,0.193259,0.254831,0.219072
249,1.245000,0.266759,0.209672,0.325253,0.249813,0.259072,0.257793,0.222282,0.172685,0.183518,0.217265,0.055232,0.174849,0.193256,0.254830,0.219075
250,1.250000,0.266759,0.209662,0.325251,0.249813,0.259070,0.257792,0.222280,0.172683,0.183515,0.217265,0.055234,0.174848,0.193257,0.254831,0.219073
251,1.255000,0.266757,0.209656,0.325249,0.249813,0.259068,0.257792,0.222281,0.172679,0.183514,0.217264,0.055236,0.174849,0.193256,0.254830,0.219074
252,1.260000,0.266754,0.209648,0.325243,0.249814,0.259068,0.257792,0.222280,0.172683,0.183512,0.217268,0.055236,0.174847,0.193256,0.254826,0.219074
253,1.265000,0.266750,0.209643,0.325240,0.249812,0.259064,0.257792,0.222279,0.172685,0.183513,0.217267,0.055232,0.174843,0.193256,0.254829,0.219074
254,1.270000,0.266751,0.209634,0.325238,0.249812,0.259065,0.257790,0.222280,0.172681,0.183512,0.217266,0.055234,0.174845,0.193257,0.254827,0.219075
255,1.275000,0.266755,0.209626,0.325237,0.249812,0.259060,0.257789,0.222280,0.172682,0.183510,0.217268,0.055234,0.174840,0.193255,0.254828,0.219076
256,1.280000,0.266753,0.209624,0.325230,0.249812,0.259059,0.257789,0.222278,0.172682,0.183511,0.217266,0.055235,0.174841,0.193255,0.254828,0.219075
257,1.285000,0.266758,0.209616,0.325228,0.249812,0.259058,0.257789,0.222277,0.172682,0.183510,0.217267,0.055235,0.174841,0.193253,0.254828,0.219075
258,1.290000,0.266756,0.209613,0.325225,0.249811,0.259056,0.257791,0.222276,0.172682,0.183508,0.217269,0.055237,0.174836,0.193252,0.254829,0.219076
259,1.295000,0.266760,0.209608,0.325225,0.249808,0.259058,0.257789,0.222278,0.172684,0.183507,0.217269,0.055235,0.174837,0.193252,0.254829,0.219074
260,1.300000,0.266760,0.209606,0.325218,0.249809,0.259060,0.257790,0.222276,0.172680,0.183509,0.217270,0.055234,0.174838,0.193249,0.254826,0.219074
261,1.305000,0.266760,0.209608,0.325214,0.249809,0.259058,0.257790,0.222277,0.172683,0.183509,0.217269,0.055236,0.174838,0.193248,0.254827,0.219074
262,1.310000,0.266759,0.209610,0.325213,0.249807,0.259062,0.257790,0.222276,0.172683,0.183508,0.217268,0.055236,0.174840,0.193246,0.254827,0.219073
263,1.315000,0.266764,0.209609,0.325209,0.249804,0.259061,0.257789,0.222276,0.172682,0.183509,0.217268,0.055235,0.174840,0.193244,0.254826,0.219074
264,1.320000,0.266765,0.209610,0.325207,0.249802,0.259062,0.257786,0.222277,0.172681,0.183508,0.217268,0.055235,0.174839,0.193243,0.254828,0.219074
265,1.325000,0.266772,0.209611,0.325207,0.249804,0.259066,0.257784,0.222280,0.172683,0.183508,0.217272,0.055233,0.174839,0.193244,0.254824,0.219073
266,1.330000,0.266770,0.209619,0.325205,0.249801,0.259068,0.257786,0.222279,0.172682,0.183508,0.217272,0.055235,0.174841,0.193243,0.254825,0.219069
267,1.335000,0.266779,0.209621,0.325204,0.249800,0.259068,0.257782,0.222280,0.172682,0.183510,0.217272,0.055234,0.174839,0.193241,0.254825,0.219070
268,1.340000,0.266782,0.209623,0.325202,0.249800,0.259071,0.257786,0.222278,0.172680,0.183510,0.217271,0.055235,0.174841,0.193241,0.254827,0.219068
269,1.345000,0.266785,0.209629,0.325202,0.249800,0.259076,0.257784,0.222280,0.172685,0.183511,0.217272,0.055234,0.174842,0.193239,0.254825,0.219067
270,1.350000,0.266789,0.209637,0.325203,0.249798,0.259078,0.257785,0.222278,0.172682,0.183509,0.217271,0.055235,0.174840,0.193239,0.254826,0.219067
271,1.355000,0.266794,0.209644,0.325202,0.249797,0.259078,0.257783,0.222279,0.172684,0.183509,0.217275,0.055233,0.174839,0.193236,0.254825,0.219064
272,1.360000,0.266799,0.209651,0.325202,0.249797,0.259080,0.257781,0.222279,0.172683,0.183510,0.217273,0.055235,0.174841,0.193238,0.254825,0.219063
273,1.365000,0.266803,0.209656,0.325206,0.249797,0.259081,0.257780,0.222283,0.172682,0.183509,0.217272,0.055234,0.174843,0.193236,0.254825,0.219065
274,1.370000,0.266807,0.209669,0.325210,0.249796,0.259086,0.257778,0.222279,0.172681,0.183510,0.217273,0.055232,0.174840,0.193237,0.254825,0.219063
275,1.375000,0.266810,0.209677,0.325211,0.249796,0.259084,0.257777,0.222283,0.172682,0.183510,0.217274,0.055231,0.174842,0.193237,0.254823,0.219063
276,1.380000,0.266817,0.209683,0.325213,0.249797,0.259087,0.257778,0.222283,0.172682,0.183510,0.217271,0.055235,0.174841,0.193236,0.254825,0.219061
277,1.385000,0.266817,0.209690,0.325217,0.249798,0.259092,0.257776,0.222284,0.172679,0.183512,0.217274,0.055235,0.174841,0.193237,0.254824,0.219063
278,1.390000,0.266823,0.209698,0.325219,0.249800,0.259092,0.257775,0.222284,0.172678,0.183511,0.217274,0.055235,0.174844,0.193239,0.254826,0.219061
279,1.395000,0.266824,0.209707,0.325221,0.249802,0.259093,0.257776,0.222283,0.172682,0.183511,0.217273,0.055232,0.174844,0.193239,0.254829,0.219063
280,1.400000,0.266847,0.209704,0.325226,0.249802,0.259097,0.257774,0.222284,0.172680,0.183509,0.217275,0.055235,0.174843,0.193238,0.254827,0.219061
281,1.405000,0.266848,0.209708,0.325226,0.249803,0.259097,0.257771,0.222285,0.172681,0.183510,0.217273,0.055235,0.174845,0.193242,0.254827,0.219061
282,1.410000,0.266853,0.209713,0.325229,0.249805,0.259097,0.257769,0.222284,0.172681,0.183507,0.217269,0.055234,0.174848,0.193244,0.254826,0.219061
283,1.415000,0.266833,0.209722,0.325229,0.249807,0.259096,0.257770,0.222286,0.172682,0.183509,0.217273,0.055236,0.174843,0.193243,0.254829,0.219063
284,1.420000,0.266851,0.209720,0.325230,0.249808,0.259096,0.257769,0.222285,0.172680,0.183510,0.217273,0.055236,0.174848,0.193245,0.254829,0.219060
285,1.425000,0.266851,0.209720,0.325233,0.249810,0.259099,0.257768,0.222285,0.172680,0.183510,0.217270,0.055235,0.174846,0.193247,0.254828,0.219057
286,1.430000,0.266849,0.209724,0.325232,0.249811,0.259096,0.257766,0.222285,0.172684,0.183507,0.217272,0.055236,0.174846,0.193250,0.254831,0.219057
287,1.435000,0.266851,0.209721,0.325232,0.249815,0.259095,0.257765,0.222286,0.172682,0.183508,0.217272,0.055234,0.174846,0.193248,0.254833,0.219060
288,1.440000,0.266850,0.209717,0.325231,0.249817,0.259096,0.257762,0.222284,0.172682,0.183509,0.217272,0.055235,0.174843,0.193253,0.254833,0.219058
289,1.445000,0.266849,0.209714,0.325228,0.249821,0.259097,0.257762,0.222287,0.172684,0.183507,0.217269,0.055234,0.174845,0.193253,0.254832,0.219057
290,1.450000,0.266848,0.209710,0.325226,0.249820,0.259095,0.257762,0.222284,0.172681,0.183506,0.217270,0.055233,0.174843,0.193256,0.254830,0.219057
291,1.455000,0.266848,0.209707,0.325223,0.249823,0.259093,0.257758,0.222283,0.172681,0.183504,0.217271,0.055235,0.174842,0.193256,0.254833,0.219058
292,1.460000,0.266827,0.209708,0.325218,0.249830,0.259097,0.257743,0.222281,0.172681,0.183505,0.217270,0.055236,0.174841,0.193258,0.254833,0.219057
293,1.465000,0.266825,0.209702,0.325217,0.249825,0.259089,0.257754,0.222284,0.172682,0.183506,0.217270,0.055234,0.174843,0.193258,0.254832,0.219057
294,1.470000,0.266822,0.209697,0.325212,0.249835,0.259096,0.257740,0.222283,0.172684,0.183505,0.217267,0.055234,0.174846,0.193259,0.254833,0.219056
295,1.475000,0.266820,0.209687,0.325209,0.249836,0.259092,0.257741,0.222281,0.172680,0.183501,0.217266,0.055235,0.174846,0.193261,0.254834,0.219060
296,1.480000,0.266822,0.209679,0.325205,0.249838,0.259090,0.257738,0.222281,0.172684,0.183506,0.217267,0.055234,0.174847,0.193261,0.254833,0.219059
297,1.485000,0.266818,0.209676,0.325200,0.249839,0.259089,0.257737,0.222280,0.172686,0.183504,0.217268,0.055235,0.174847,0.193259,0.254836,0.219058
298,1.490000,0.266819,0.209667,0.325197,0.249840,0.259090,0.257736,0.222280,0.172684,0.183500,0.217266,0.055237,0.174846,0.193259,0.254836,0.219060
299,1.495000,0.266818,0.209664,0.325191,0.249840,0.259087,0.257735,0.222279,0.172683,0.183503,0.217268,0.055234,0.174845,0.193259,0.254835,0.219061
300,1.500000,0.266818,0.209656,0.325190,0.249840,0.259085,0.257734,0.222278,0.172682,0.183498,0.217266,0.055236,0.174849,0.193259,0.254835,0.219061
301,1.505000,0.266819,0.209650,0.325186,0.249841,0.259088,0.257734,0.222279,0.172684,0.183500,0.217267,0.055235,0.174846,0.193260,0.254835,0.219062
302,1.510000,0.266817,0.209649,0.325183,0.249842,0.259085,0.257732,0.222276,0.172684,0.183501,0.217268,0.055239,0.174847,0.193257,0.254835,0.219061
303,1.515000,0.266821,0.209639,0.325178,0.249841,0.259084,0.257731,0.222279,0.172681,0.183502,0.217269,0.055235,0.174847,0.193258,0.254835,0.219064
304,1.520000,0.266822,0.209636,0.325176,0.249838,0.259085,0.257733,0.222278,0.172687,0.183500,0.217267,0.055237,0.174846,0.193257,0.254835,0.219060
305,1.525000,0.266822,0.209638,0.325172,0.249840,0.259085,0.257735,0.222279,0.172688,0.183501,0.217269,0.055238,0.174850,0.193257,0.254835,0.219063
306,1.530000,0.266828,0.209634,0.325167,0.249840,0.259086,0.257734,0.222277,0.172682,0.183502,0.217270,0.055237,0.174848,0.193256,0.254832,0.219061
307,1.535000,0.266831,0.209627,0.325155,0.249832,0.259079,0.257748,0.222276,0.172681,0.183499,0.217267,0.055236,0.174847,0.193254,0.254831,0.219063
308,1.540000,0.266834,0.209630,0.325162,0.249831,0.259079,0.257746,0.222276,0.172684,0.183503,0.217269,0.055237,0.174848,0.193252,0.254829,0.219064
309,1.545000,0.266841,0.209626,0.325150,0.249837,0.259087,0.257734,0.222279,0.172687,0.183501,0.217270,0.055234,0.174842,0.193250,0.254831,0.219065
310,1.550000,0.266845,0.209629,0.325151,0.249837,0.259085,0.257733,0.222277,0.172681,0.183500,0.217270,0.055235,0.174844,0.193249,0.254830,0.219061
311,1.555000,0.266851,0.209628,0.325151,0.249828,0.259081,0.257747,0.222277,0.172683,0.183501,0.217272,0.055234,0.174844,0.193248,0.254828,0.219066
312,1.560000,0.266848,0.209642,0.325161,0.249826,0.259084,0.257748,0.222278,0.172687,0.183505,0.217272,0.055233,0.174844,0.193248,0.254828,0.219066
313,1.565000,0.266854,0.209644,0.325158,0.249827,0.259086,0.257750,0.222278,0.172685,0.183504,0.217271,0.055234,0.174843,0.193246,0.254829,0.219065
314,1.570000,0.266861,0.209646,0.325158,0.249830,0.259092,0.257735,0.222278,0.172686,0.183505,0.217273,0.055235,0.174845,0.193248,0.254829,0.219065
315,1.575000,0.266866,0.209648,0.325156,0.249823,0.259087,0.257751,0.222281,0.172681,0.183506,0.217275,0.055234,0.174842,0.193245,0.254827,0.219066
316,1.580000,0.266866,0.209652,0.325156,0.249832,0.259091,0.257741,0.222281,0.172684,0.183506,0.217274,0.055235,0.174839,0.193243,0.254825,0.219067
317,1.585000,0.266873,0.209662,0.325159,0.249822,0.259091,0.257756,0.222283,0.172684,0.183508,0.217275,0.055239,0.174839,0.193244,0.254827,0.219070
318,1.590000,0.266880,0.209665,0.325161,0.249821,0.259095,0.257757,0.222282,0.172684,0.183509,0.217277,0.055235,0.174839,0.193241,0.254822,0.219070
319,1.595000,0.266884,0.209672,0.325162,0.249821,0.259093,0.257757,0.222281,0.172681,0.183509,0.217277,0.055235,0.174839,0.193243,0.254822,0.219071
320,1.600000,0.266892,0.209676,0.325163,0.249820,0.259095,0.257758,0.222285,0.172683,0.183510,0.217276,0.055236,0.174840,0.193241,0.254823,0.219075
321,1.605000,0.266911,0.209672,0.325168,0.249824,0.259096,0.257762,0.222286,0.172682,0.183512,0.217279,0.055238,0.174836,0.193243,0.254821,0.219076
322,1.610000,0.266917,0.209680,0.325172,0.249821,0.259097,0.257761,0.222286,0.172680,0.183513,0.217277,0.055238,0.174838,0.193243,0.254821,0.219075
323,1.615000,0.266919,0.209687,0.325176,0.249820,0.259097,0.257764,0.222286,0.172682,0.183515,0.217278,0.055237,0.174838,0.193243,0.254820,0.219077
324,1.620000,0.266921,0.209693,0.325179,0.249821,0.259097,0.257764,0.222284,0.172680,0.183516,0.217279,0.055236,0.174838,0.193243,0.254819,0.219077
325,1.625000,0.266926,0.209691,0.325186,0.249820,0.259097,0.257767,0.222288,0.172680,0.183514,0.217280,0.055236,0.174839,0.193243,0.254820,0.219081
326,1.630000,0.266925,0.209698,0.325188,0.249822,0.259095,0.257769,0.222286,0.172679,0.183512,0.217278,0.055235,0.174840,0.193243,0.254819,0.219078
327,1.635000,0.266930,0.209698,0.325191,0.249820,0.259093,0.257770,0.222288,0.172681,0.183516,0.217276,0.055235,0.174838,0.193244,0.254820,0.219082
328,1.640000,0.266931,0.209700,0.325193,0.249820,0.259092,0.257770,0.222287,0.172683,0.183516,0.217277,0.055235,0.174838,0.193242,0.254817,0.219082
329,1.645000,0.266929,0.209699,0.325196,0.249823,0.259091,0.257772,0.222284,0.172682,0.183512,0.217274,0.055233,0.174837,0.193244,0.254818,0.219082
330,1.650000,0.266931,0.209696,0.325198,0.249825,0.259093,0.257773,0.222284,0.172684,0.183513,0.217273,0.055237,0.174839,0.193247,0.254819,0.219084
331,1.655000,0.266926,0.209694,0.325199,0.249826,0.259090,0.257772,0.222287,0.172684,0.183514,0.217272,0.055234,0.174841,0.193249,0.254820,0.219084
332,1.660000,0.266927,0.209688,0.325200,0.249826,0.259089,0.257773,0.222285,0.172679,0.183515,0.217275,0.055236,0.174840,0.193248,0.254820,0.219085
333,1.665000,0.266925,0.209681,0.325199,0.249826,0.259089,0.257776,0.222284,0.172681,0.183514,0.217273,0.055236,0.174841,0.193250,0.254818,0.219086
334,1.670000,0.266919,0.209678,0.325198,0.249826,0.259088,0.257774,0.222286,0.172685,0.183517,0.217271,0.055237,0.174840,0.193251,0.254822,0.219088
335,1.675000,0.266915,0.209673,0.325197,0.249829,0.259087,0.257774,0.222286,0.172682,0.183513,0.217270,0.055236,0.174841,0.193251,0.254822,0.219086
336,1.680000,0.266911,0.209668,0.325195,0.249829,0.259084,0.257771,0.222285,0.172680,0.183513,0.217268,0.055235,0.174839,0.193252,0.254820,0.219083
337,1.685000,0.266887,0.209668,0.325191,0.249829,0.259083,0.257770,0.222284,0.172682,0.183515,0.217269,0.055234,0.174843,0.193252,0.254821,0.219083
338,1.690000,0.266881,0.209666,0.325189,0.249829,0.259084,0.257771,0.222284,0.172683,0.183515,0.217269,0.055235,0.174842,0.193253,0.254824,0.219086
339,1.695000,0.266876,0.209658,0.325187,0.249832,0.259081,0.257772,0.222284,0.172683,0.183512,0.217270,0.055234,0.174838,0.193254,0.254825,0.219082
340,1.700000,0.266872,0.209648,0.325183,0.249832,0.259078,0.257770,0.222283,0.172682,0.183511,0.217268,0.055234,0.174840,0.193254,0.254825,0.219083
341,1.705000,0.266867,0.209640,0.325179,0.249832,0.259078,0.257768,0.222282,0.172683,0.183512,0.217268,0.055235,0.174842,0.193255,0.254825,0.219080
342,1.710000,0.266859,0.209638,0.325176,0.249833,0.259080,0.257766,0.222283,0.172682,0.183510,0.217268,0.055237,0.174842,0.193254,0.254826,0.219079
343,1.715000,0.266853,0.209631,0.325173,0.249834,0.259078,0.257766,0.222280,0.172685,0.183511,0.217269,0.055236,0.174840,0.193256,0.254829,0.219080
344,1.720000,0.266848,0.209626,0.325168,0.249832,0.259080,0.257763,0.222281,0.172685,0.183508,0.217268,0.055235,0.174841,0.193254,0.254830,0.219076
345,1.725000,0.266840,0.209624,0.325165,0.249838,0.259081,0.257747,0.222279,0.172683,0.183507,0.217267,0.055236,0.174838,0.193254,0.254828,0.219075
346,1.730000,0.266839,0.209616,0.325163,0.249832,0.259076,0.257760,0.222280,0.172683,0.183507,0.217267,0.055235,0.174842,0.193255,0.254829,0.219074
347,1.735000,0.266837,0.209609,0.325153,0.249832,0.259078,0.257758,0.222280,0.172683,0.183505,0.217267,0.055232,0.174841,0.193253,0.254829,0.219070
348,1.740000,0.266831,0.209609,0.325150,0.249830,0.259077,0.257755,0.222278,0.172684,0.183505,0.217267,0.055236,0.174842,0.193255,0.254829,0.219066
349,1.745000,0.266833,0.209608,0.325149,0.249832,0.259075,0.257756,0.222277,0.172682,0.183503,0.217267,0.055233,0.174842,0.193252,0.254831,0.219066
350,1.750000,0.266829,0.209609,0.325148,0.249830,0.259076,0.257755,0.222279,0.172683,0.183504,0.217268,0.055234,0.174842,0.193254,0.254830,0.219064
351,1.755000,0.266825,0.209610,0.325148,0.249829,0.259077,0.257754,0.222276,0.172683,0.183500,0.217265,0.055234,0.174846,0.193251,0.254831,0.219064
352,1.760000,0.266826,0.209613,0.325149,0.249833,0.259080,0.257737,0.222276,0.172683,0.183501,0.217271,0.055231,0.174845,0.193250,0.254832,0.219064
353,1.765000,0.266822,0.209619,0.325149,0.249825,0.259079,0.257749,0.222274,0.172686,0.183499,0.217267,0.055234,0.174847,0.193249,0.254834,0.219060
354,1.770000,0.266821,0.209622,0.325151,0.249824,0.259079,0.257750,0.222276,0.172683,0.183499,0.217266,0.055234,0.174849,0.193250,0.254832,0.219058
355,1.775000,0.266825,0.209626,0.325151,0.249823,0.259082,0.257748,0.222278,0.172686,0.183500,0.217269,0.055234,0.174846,0.193248,0.254833,0.219057
356,1.780000,0.266819,0.209638,0.325163,0.249821,0.259085,0.257748,0.222276,0.172684,0.183500,0.217268,0.055233,0.174846,0.193245,0.254832,0.219056
357,1.785000,0.266820,0.209643,0.325164,0.249820,0.259086,0.257747,0.222276,0.172684,0.183498,0.217269,0.055231,0.174846,0.193246,0.254833,0.219055
358,1.790000,0.266818,0.209649,0.325165,0.249819,0.259090,0.257747,0.222277,0.172684,0.183500,0.217266,0.055237,0.174847,0.193242,0.254833,0.219054
359,1.795000,0.266819,0.209660,0.325166,0.249815,0.259094,0.257747,0.222277,0.172684,0.183500,0.217270,0.055233,0.174846,0.193243,0.254831,0.219051
360,1.800000,0.266820,0.209665,0.325169,0.249816,0.259095,0.257749,0.222276,0.172687,0.183504,0.217269,0.055236,0.174848,0.193242,0.254835,0.219054
361,1.805000,0.266820,0.209672,0.325170,0.249813,0.259099,0.257748,0.222278,0.172686,0.183500,0.217268,0.055234,0.174848,0.193220,0.254836,0.219041
362,1.810000,0.266823,0.209679,0.325174,0.249810,0.259102,0.257746,0.222280,0.172684,0.183504,0.217270,0.055236,0.174847,0.193239,0.254833,0.219049
363,1.815000,0.266822,0.209689,0.325176,0.249809,0.259105,0.257747,0.222280,0.172681,0.183506,0.217268,0.055234,0.174848,0.193217,0.254836,0.219040
364,1.820000,0.266820,0.209699,0.325178,0.249813,0.259110,0.257733,0.222281,0.172683,0.183505,0.217268,0.055235,0.174849,0.193238,0.254837,0.219050
365,1.825000,0.266842,0.209703,0.325184,0.249814,0.259112,0.257735,0.222282,0.172684,0.183506,0.217271,0.055233,0.174843,0.193239,0.254837,0.219047
366,1.830000,0.266827,0.209711,0.325185,0.249805,0.259111,0.257750,0.222282,0.172679,0.183509,0.217269,0.055234,0.174845,0.193239,0.254834,0.219044
367,1.835000,0.266828,0.209717,0.325190,0.249805,0.259111,0.257751,0.222283,0.172682,0.183505,0.217272,0.055237,0.174845,0.193218,0.254834,0.219034
368,1.840000,0.266847,0.209718,0.325195,0.249804,0.259114,0.257752,0.222282,0.172683,0.183509,0.217269,0.055233,0.174844,0.193236,0.254834,0.219047
369,1.845000,0.266846,0.209722,0.325198,0.249802,0.259114,0.257752,0.222282,0.172681,0.183510,0.217271,0.055231,0.174843,0.193217,0.254835,0.219033
370,1.850000,0.266848,0.209728,0.325201,0.249801,0.259114,0.257755,0.222281,0.172680,0.183510,0.217271,0.055230,0.174840,0.193236,0.254835,0.219046
371,1.855000,0.266828,0.209738,0.325206,0.249801,0.259114,0.257755,0.222280,0.172683,0.183510,0.217270,0.055234,0.174843,0.193237,0.254832,0.219045
372,1.860000,0.266847,0.209736,0.325212,0.249799,0.259114,0.257757,0.222284,0.172681,0.183511,0.217269,0.055232,0.174843,0.193237,0.254832,0.219047
373,1.865000,0.266845,0.209740,0.325214,0.249801,0.259112,0.257760,0.222282,0.172683,0.183508,0.217268,0.055235,0.174840,0.193237,0.254835,0.219048
374,1.870000,0.266848,0.209737,0.325219,0.249800,0.259112,0.257758,0.222284,0.172683,0.183510,0.217270,0.055233,0.174844,0.193238,0.254834,0.219051
375,1.875000,0.266844,0.209739,0.325222,0.249802,0.259112,0.257759,0.222283,0.172681,0.183510,0.217273,0.055232,0.174842,0.193239,0.254834,0.219050
376,1.880000,0.266842,0.209737,0.325224,0.249801,0.259110,0.257763,0.222280,0.172681,0.183510,0.217270,0.055234,0.174844,0.193237,0.254831,0.219051
377,1.885000,0.266841,0.209733,0.325226,0.249801,0.259107,0.257764,0.222282,0.172683,0.183511,0.217273,0.055235,0.174844,0.193239,0.254833,0.219054
378,1.890000,0.266836,0.209728,0.325226,0.249800,0.259108,0.257766,0.222282,0.172686,0.183512,0.217271,0.055235,0.174844,0.193238,0.254831,0.219055
379,1.895000,0.266815,0.209725,0.325225,0.249800,0.259103,0.257767,0.222281,0.172683,0.183511,0.217270,0.055236,0.174842,0.193237,0.254831,0.219054
380,1.900000,0.266808,0.209722,0.325226,0.249799,0.259101,0.257768,0.222277,0.172683,0.183508,0.217270,0.055235,0.174840,0.193236,0.254831,0.219056
381,1.905000,0.266804,0.209716,0.325226,0.249799,0.259101,0.257766,0.222279,0.172685,0.183512,0.217269,0.055234,0.174841,0.193237,0.254831,0.219056
382,1.910000,0.266802,0.209703,0.325222,0.249799,0.259096,0.257767,0.222278,0.172685,0.183512,0.217268,0.055236,0.174841,0.193236,0.254831,0.219057
383,1.915000,0.266798,0.209695,0.325220,0.249799,0.259094,0.257768,0.222277,0.172683,0.183507,0.217271,0.055235,0.174841,0.193238,0.254833,0.219057
384,1.920000,0.266791,0.209683,0.325216,0.249798,0.259091,0.257769,0.222276,0.172686,0.183510,0.217268,0.055237,0.174841,0.193237,0.254832,0.219060
385,1.925000,0.266788,0.209673,0.325209,0.249800,0.259089,0.257770,0.222278,0.172687,0.183510,0.217271,0.055234,0.174841,0.193237,0.254833,0.219058
386,1.930000,0.266782,0.209665,0.325203,0.249799,0.259088,0.257769,0.222276,0.172685,0.183510,0.217268,0.055238,0.174844,0.193237,0.254833,0.219058
387,1.935000,0.266773,0.209656,0.325199,0.249798,0.259088,0.257771,0.222276,0.172686,0.183511,0.217270,0.055236,0.174840,0.193236,0.254834,0.219059
388,1.940000,0.266770,0.209644,0.325193,0.249797,0.259087,0.257772,0.222278,0.172684,0.183511,0.217268,0.055236,0.174841,0.193235,0.254831,0.219060
389,1.945000,0.266764,0.209634,0.325189,0.249798,0.259086,0.257771,0.222276,0.172687,0.183510,0.217268,0.055236,0.174839,0.193235,0.254833,0.219060
390,1.950000,0.266760,0.209626,0.325184,0.249795,0.259087,0.257771,0.222276,0.172687,0.183511,0.217267,0.055235,0.174840,0.193235,0.254832,0.219059
391,1.955000,0.266761,0.209613,0.325174,0.249797,0.259085,0.257770,0.222274,0.172683,0.183508,0.217268,0.055234,0.174841,0.193236,0.254830,0.219056
392,1.960000,0.266757,0.209609,0.325170,0.249798,0.259082,0.257773,0.222273,0.172686,0.183507,0.217268,0.055233,0.174841,0.193236,0.254830,0.219058
393,1.965000,0.266757,0.209601,0.325165,0.249796,0.259084,0.257771,0.222276,0.172686,0.183510,0.217268,0.055235,0.174840,0.193235,0.254833,0.219059
394,1.970000,0.266752,0.209599,0.325163,0.249796,0.259082,0.257771,0.222274,0.172687,0.183508,0.217267,0.055236,0.174841,0.193233,0.254833,0.219059
395,1.975000,0.266752,0.209599,0.325163,0.249793,0.259080,0.257768,0.222275,0.172686,0.183510,0.217268,0.055235,0.174841,0.193233,0.254832,0.219057
396,1.980000,0.266750,0.209599,0.325164,0.249793,0.259080,0.257769,0.222273,0.172686,0.183506,0.217271,0.055234,0.174838,0.193231,0.254833,0.219056
397,1.985000,0.266751,0.209598,0.325163,0.249791,0.259080,0.257770,0.222273,0.172684,0.183506,0.217272,0.055235,0.174838,0.193232,0.254834,0.219058
398,1.990000,0.266752,0.209601,0.325165,0.249791,0.259082,0.257770,0.222273,0.172687,0.183507,0.217269,0.055234,0.174838,0.193208,0.254834,0.219045
399,1.995000,0.266751,0.209608,0.325167,0.249790,0.259081,0.257767,0.222273,0.172685,0.183506,0.217270,0.055233,0.174841,0.193229,0.254831,0.219054
400,2.000000,0.266751,0.209610,0.325170,0.249787,0.259081,0.257768,0.222275,0.172687,0.183505,0.217268,0.055235,0.174841,0.193228,0.254832,0.219053
401,2.005000,0.266750,0.209624,0.325181,0.249790,0.259081,0.257769,0.222275,0.172686,0.183502,0.217270,0.055235,0.174841,0.193228,0.254832,0.219057
402,2.010000,0.266752,0.209629,0.325182,0.249790,0.259085,0.257769,0.222276,0.172685,0.183505,0.217269,0.055236,0.174843,0.193230,0.254831,0.219051
403,2.015000,0.266756,0.209634,0.325184,0.249789,0.259088,0.257770,0.222278,0.172686,0.183505,0.217275,0.055233,0.174842,0.193228,0.254834,0.219053
404,2.020000,0.266757,0.209638,0.325184,0.249789,0.259088,0.257770,0.222278,0.172685,0.183504,0.217272,0.055234,0.174840,0.193210,0.254833,0.219041
405,2.025000,0.266757,0.209646,0.325186,0.249788,0.259091,0.257768,0.222277,0.172682,0.183507,0.217270,0.055234,0.174842,0.193227,0.254829,0.219050
406,2.030000,0.266761,0.209654,0.325188,0.249787,0.259092,0.257766,0.222279,0.172682,0.183507,0.217272,0.055235,0.174842,0.193229,0.254830,0.219051
407,2.035000,0.266761,0.209664,0.325188,0.249786,0.259095,0.257767,0.222280,0.172686,0.183507,0.217273,0.055233,0.174841,0.193229,0.254832,0.219050
408,2.040000,0.266766,0.209667,0.325191,0.249787,0.259098,0.257767,0.222280,0.172687,0.183508,0.217273,0.055232,0.174841,0.193229,0.254830,0.219047
409,2.045000,0.266768,0.209677,0.325192,0.249785,0.259100,0.257766,0.222279,0.172681,0.183510,0.217272,0.055233,0.174842,0.193226,0.254832,0.219048
410,2.050000,0.266769,0.209684,0.325196,0.249785,0.259102,0.257766,0.222281,0.172684,0.183510,0.217270,0.055234,0.174846,0.193230,0.254833,0.219050
411,2.055000,0.266773,0.209693,0.325198,0.249788,0.259105,0.257768,0.222280,0.172684,0.183511,0.217272,0.055232,0.174846,0.193208,0.254834,0.219037
412,2.060000,0.266775,0.209699,0.325204,0.249787,0.259105,0.257770,0.222279,0.172686,0.183513,0.217273,0.055233,0.174847,0.193230,0.254834,0.219050
413,2.065000,0.266779,0.209706,0.325208,0.249788,0.259110,0.257770,0.222280,0.172682,0.183517,0.217272,0.055234,0.174847,0.193231,0.254834,0.219052
414,2.070000,0.266778,0.209713,0.325210,0.249787,0.259109,0.257769,0.222283,0.172685,0.183521,0.217271,0.055232,0.174848,0.193234,0.254836,0.219054
415,2.075000,0.266782,0.209715,0.325215,0.249789,0.259112,0.257770,0.222284,0.172685,0.183518,0.217273,0.055236,0.174848,0.193234,0.254834,0.219053
416,2.080000,0.266787,0.209720,0.325218,0.249791,0.259115,0.257771,0.222282,0.172686,0.183518,0.217271,0.055234,0.174848,0.193236,0.254834,0.219054
417,2.085000,0.266787,0.209723,0.325223,0.249792,0.259115,0.257773,0.222285,0.172686,0.183518,0.217271,0.055235,0.174849,0.193237,0.254835,0.219056
418,2.090000,0.266788,0.209727,0.325225,0.249793,0.259112,0.257774,0.222284,0.172682,0.183520,0.217272,0.055234,0.174849,0.193238,0.254834,0.219055
419,2.095000,0.266789,0.209730,0.325227,0.249796,0.259113,0.257774,0.222285,0.172683,0.183519,0.217271,0.055235,0.174851,0.193238,0.254833,0.219057
420,2.100000,0.266790,0.209729,0.325233,0.249799,0.259111,0.257776,0.222283,0.172683,0.183521,0.217271,0.055234,0.174847,0.193241,0.254832,0.219057
421,2.105000,0.266791,0.209728,0.325234,0.249798,0.259111,0.257772,0.222285,0.172684,0.183518,0.217271,0.055233,0.174847,0.193241,0.254832,0.219059
422,2.110000,0.266792,0.209729,0.325237,0.249799,0.259109,0.257774,0.222284,0.172686,0.183519,0.217269,0.055235,0.174847,0.193243,0.254833,0.219059
423,2.115000,0.266792,0.209726,0.325235,0.249802,0.259106,0.257773,0.222283,0.172685,0.183517,0.217269,0.055234,0.174845,0.193243,0.254833,0.219058
424,2.120000,0.266795,0.209724,0.325237,0.249801,0.259104,0.257772,0.222282,0.172685,0.183519,0.217268,0.055234,0.174846,0.193244,0.254836,0.219062
425,2.125000,0.266792,0.209721,0.325237,0.249802,0.259102,0.257771,0.222283,0.172685,0.183517,0.217268,0.055235,0.174845,0.193244,0.254834,0.219062
426,2.130000,0.266793,0.209714,0.325236,0.249804,0.259099,0.257772,0.222279,0.172686,0.183516,0.217270,0.055237,0.174846,0.193243,0.254834,0.219063
427,2.135000,0.266790,0.209707,0.325233,0.249804,0.259096,0.257772,0.222279,0.172685,0.183513,0.217267,0.055236,0.174843,0.193243,0.254834,0.219062
428,2.140000,0.266791,0.209698,0.325229,0.249805,0.259095,0.257771,0.222279,0.172684,0.183514,0.217266,0.055236,0.174844,0.193244,0.254832,0.219064
429,2.145000,0.266788,0.209690,0.325226,0.249807,0.259092,0.257771,0.222276,0.172685,0.183514,0.217267,0.055237,0.174843,0.193242,0.254834,0.219067
430,2.150000,0.266787,0.209680,0.325217,0.249807,0.259091,0.257771,0.222279,0.172684,0.183515,0.217266,0.055235,0.174845,0.193243,0.254831,0.219063
431,2.155000,0.266785,0.209668,0.325209,0.249808,0.259090,0.257771,0.222275,0.172685,0.183513,0.217266,0.055236,0.174840,0.193243,0.254831,0.219066
432,2.160000,0.266784,0.209656,0.325202,0.249808,0.259090,0.257771,0.222276,0.172687,0.183514,0.217267,0.055237,0.174846,0.193241,0.254832,0.219066
433,2.165000,0.266781,0.209651,0.325194,0.249809,0.259091,0.257769,0.222275,0.172686,0.183516,0.217266,0.055236,0.174844,0.193242,0.254833,0.219067
434,2.170000,0.266779,0.209640,0.325189,0.249810,0.259089,0.257771,0.222278,0.172687,0.183515,0.217268,0.055237,0.174842,0.193242,0.254834,0.219070
435,2.175000,0.266779,0.209631,0.325177,0.249807,0.259089,0.257767,0.222275,0.172684,0.183514,0.217268,0.055236,0.174842,0.193241,0.254833,0.219067
436,2.180000,0.266783,0.209616,0.325162,0.249809,0.259088,0.257768,0.222274,0.172689,0.183513,0.217269,0.055237,0.174843,0.193238,0.254831,0.219065
437,2.185000,0.266785,0.209609,0.325155,0.249808,0.259088,0.257765,0.222275,0.172685,0.183510,0.217269,0.055237,0.174843,0.193235,0.254832,0.219063
438,2.190000,0.266785,0.209605,0.325148,0.249804,0.259087,0.257766,0.222271,0.172688,0.183511,0.217268,0.055236,0.174841,0.193236,0.254833,0.219064
439,2.195000,0.266790,0.209595,0.325143,0.249804,0.259085,0.257765,0.222272,0.172687,0.183512,0.217268,0.055235,0.174844,0.193233,0.254832,0.219063
440,2.200000,0.266790,0.209592,0.325138,0.249803,0.259086,0.257762,0.222273,0.172690,0.183510,0.217270,0.055234,0.174841,0.193232,0.254831,0.219063
441,2.205000,0.266797,0.209589,0.325132,0.249803,0.259087,0.257762,0.222271,0.172688,0.183508,0.217269,0.055234,0.174842,0.193229,0.254831,0.219063
442,2.210000,0.266801,0.209587,0.325131,0.249802,0.259086,0.257762,0.222269,0.172687,0.183510,0.217269,0.055234,0.174839,0.193228,0.254831,0.219062
443,2.215000,0.266801,0.209589,0.325127,0.249800,0.259087,0.257761,0.222272,0.172687,0.183506,0.217270,0.055234,0.174841,0.193225,0.254829,0.219061
444,2.220000,0.266806,0.209590,0.325127,0.249803,0.259084,0.257761,0.222271,0.172686,0.183507,0.217271,0.055234,0.174840,0.193224,0.254829,0.219063
445,2.225000,0.266810,0.209594,0.325122,0.249800,0.259090,0.257759,0.222271,0.172686,0.183505,0.217274,0.055232,0.174840,0.193224,0.254828,0.219060
446,2.230000,0.266817,0.209594,0.325121,0.249798,0.259089,0.257759,0.222274,0.172688,0.183505,0.217273,0.055235,0.174840,0.193204,0.254829,0.219048
447,2.235000,0.266819,0.209604,0.325122,0.249796,0.259092,0.257758,0.222272,0.172689,0.183507,0.217275,0.055235,0.174840,0.193201,0.254828,0.219050
448,2.240000,0.266823,0.209610,0.325122,0.249795,0.259093,0.257757,0.222272,0.172690,0.183506,0.217271,0.055237,0.174840,0.193199,0.254827,0.219048
449,2.245000,0.266825,0.209619,0.325124,0.249795,0.259095,0.257755,0.222274,0.172688,0.183504,0.217272,0.055236,0.174840,0.193198,0.254829,0.219049
450,2.250000,0.266830,0.209626,0.325126,0.249793,0.259098,0.257753,0.222273,0.172690,0.183506,0.217272,0.055238,0.174839,0.193197,0.254830,0.219049
451,2.255000,0.266835,0.209635,0.325126,0.249793,0.259100,0.257757,0.222272,0.172691,0.183507,0.217276,0.055235,0.174840,0.193196,0.254831,0.219047
452,2.260000,0.266842,0.209642,0.325129,0.249794,0.259104,0.257754,0.222277,0.172693,0.183506,0.217273,0.055236,0.174840,0.193219,0.254833,0.219058
453,2.265000,0.266846,0.209652,0.325128,0.249791,0.259107,0.257752,0.222275,0.172689,0.183503,0.217276,0.055234,0.174838,0.193196,0.254830,0.219042
454,2.270000,0.266844,0.209669,0.325140,0.249792,0.259109,0.257749,0.222273,0.172684,0.183504,0.217276,0.055237,0.174839,0.193217,0.254825,0.219053
455,2.275000,0.266869,0.209669,0.325143,0.249791,0.259111,0.257749,0.222273,0.172687,0.183504,0.217275,0.055237,0.174837,0.193197,0.254829,0.219042
456,2.280000,0.266850,0.209685,0.325141,0.249790,0.259113,0.257749,0.222276,0.172692,0.183503,0.217276,0.055233,0.174834,0.193217,0.254830,0.219053
457,2.285000,0.266873,0.209688,0.325144,0.249792,0.259116,0.257745,0.222276,0.172687,0.183506,0.217276,0.055232,0.174839,0.193195,0.254829,0.219036
458,2.290000,0.266876,0.209696,0.325148,0.249792,0.259118,0.257747,0.222275,0.172686,0.183505,0.217275,0.055236,0.174838,0.193217,0.254828,0.219049
459,2.295000,0.266861,0.209707,0.325149,0.249794,0.259120,0.257744,0.222277,0.172688,0.183508,0.217273,0.055235,0.174841,0.193219,0.254829,0.219050
460,2.300000,0.266877,0.209712,0.325151,0.249794,0.259125,0.257745,0.222275,0.172689,0.183508,0.217273,0.055236,0.174838,0.193199,0.254833,0.219033
461,2.305000,0.266880,0.209720,0.325153,0.249796,0.259127,0.257742,0.222279,0.172685,0.183506,0.217271,0.055235,0.174839,0.193221,0.254831,0.219046
462,2.310000,0.266882,0.209723,0.325155,0.249795,0.259124,0.257741,0.222280,0.172685,0.183507,0.217274,0.055234,0.174841,0.193222,0.254831,0.219047
463,2.315000,0.266883,0.209730,0.325156,0.249804,0.259131,0.257725,0.222278,0.172687,0.183507,0.217273,0.055234,0.174837,0.193224,0.254833,0.219044
464,2.320000,0.266886,0.209734,0.325159,0.249799,0.259128,0.257738,0.222280,0.172686,0.183507,0.217274,0.055234,0.174839,0.193225,0.254831,0.219044
465,2.325000,0.266884,0.209736,0.325162,0.249809,0.259133,0.257722,0.222279,0.172687,0.183503,0.217275,0.055231,0.174838,0.193228,0.254834,0.219044
466,2.330000,0.266884,0.209735,0.325162,0.249809,0.259132,0.257721,0.222281,0.172688,0.183503,0.217273,0.055233,0.174841,0.193229,0.254835,0.219045
467,2.335000,0.266882,0.209736,0.325161,0.249813,0.259130,0.257723,0.222278,0.172686,0.183501,0.217271,0.055232,0.174841,0.193229,0.254833,0.219043
468,2.340000,0.266877,0.209736,0.325164,0.249806,0.259124,0.257735,0.222277,0.172683,0.183502,0.217270,0.055233,0.174841,0.193210,0.254834,0.219028
469,2.345000,0.266876,0.209734,0.325163,0.249814,0.259129,0.257722,0.222277,0.172687,0.183501,0.217270,0.055233,0.174845,0.193230,0.254835,0.219043
470,2.350000,0.266874,0.209733,0.325165,0.249814,0.259130,0.257719,0.222277,0.172691,0.183500,0.217266,0.055234,0.174845,0.193231,0.254839,0.219043
471,2.355000,0.266875,0.209731,0.325162,0.249818,0.259129,0.257719,0.222277,0.172686,0.183497,0.217265,0.055235,0.174845,0.193214,0.254839,0.219028
472,2.360000,0.266872,0.209724,0.325165,0.249817,0.259122,0.257714,0.222275,0.172685,0.183498,0.217267,0.055235,0.174845,0.193236,0.254837,0.219039
473,2.365000,0.266866,0.209719,0.325164,0.249819,0.259123,0.257710,0.222278,0.172686,0.183499,0.217267,0.055234,0.174845,0.193216,0.254839,0.219028
474,2.370000,0.266864,0.209713,0.325159,0.249822,0.259119,0.257713,0.222277,0.172687,0.183495,0.217267,0.055234,0.174849,0.193238,0.254842,0.219037
475,2.375000,0.266840,0.209712,0.325154,0.249824,0.259119,0.257711,0.222276,0.172685,0.183496,0.217267,0.055233,0.174847,0.193239,0.254840,0.219036
476,2.380000,0.266838,0.209702,0.325151,0.249823,0.259119,0.257707,0.222278,0.172687,0.183498,0.217266,0.055234,0.174851,0.193216,0.254842,0.219025
477,2.385000,0.266829,0.209696,0.325145,0.249825,0.259119,0.257707,0.222277,0.172690,0.183495,0.217267,0.055233,0.174849,0.193238,0.254840,0.219036
478,2.390000,0.266824,0.209686,0.325138,0.249826,0.259121,0.257709,0.222278,0.172690,0.183495,0.217264,0.055234,0.174851,0.193220,0.254844,0.219024
479,2.395000,0.266818,0.209680,0.325133,0.249828,0.259116,0.257707,0.222278,0.172688,0.183495,0.217264,0.055234,0.174849,0.193241,0.254842,0.219039
480,2.400000,0.266824,0.209664,0.325119,0.249826,0.259117,0.257707,0.222276,0.172688,0.183496,0.217267,0.055233,0.174849,0.193217,0.254844,0.219025
481,2.405000,0.266819,0.209655,0.325111,0.249827,0.259120,0.257704,0.222275,0.172687,0.183492,0.217265,0.055236,0.174850,0.193242,0.254844,0.219036
482,2.410000,0.266819,0.209649,0.325107,0.249827,0.259116,0.257705,0.222275,0.172691,0.183492,0.217263,0.055236,0.174851,0.193220,0.254844,0.219026
483,2.415000,0.266816,0.209645,0.325102,0.249828,0.259115,0.257705,0.222275,0.172687,0.183494,0.217265,0.055236,0.174848,0.193221,0.254843,0.219023
484,2.420000,0.266819,0.209638,0.325100,0.249829,0.259115,0.257705,0.222277,0.172688,0.183494,0.217266,0.055235,0.174848,0.193242,0.254845,0.219035
485,2.425000,0.266815,0.209638,0.325098,0.249829,0.259113,0.257705,0.222278,0.172686,0.183494,0.217266,0.055235,0.174844,0.193243,0.254844,0.219037
486,2.430000,0.266817,0.209633,0.325098,0.249826,0.259113,0.257704,0.222277,0.172686,0.183493,0.217270,0.055233,0.174847,0.193222,0.254844,0.219022
487,2.435000,0.266820,0.209634,0.325098,0.249828,0.259112,0.257705,0.222279,0.172687,0.183495,0.217268,0.055235,0.174845,0.193223,0.254843,0.219022
488,2.440000,0.266819,0.209634,0.325098,0.249825,0.259110,0.257705,0.222277,0.172687,0.183494,0.217268,0.055234,0.174842,0.193222,0.254840,0.219022
489,2.445000,0.266817,0.209638,0.325100,0.249828,0.259110,0.257707,0.222280,0.172686,0.183498,0.217268,0.055234,0.174843,0.193222,0.254841,0.219024
490,2.450000,0.266825,0.209637,0.325102,0.249826,0.259111,0.257709,0.222277,0.172687,0.183497,0.217271,0.055234,0.174843,0.193219,0.254840,0.219026
491,2.455000,0.266825,0.209640,0.325104,0.249825,0.259110,0.257710,0.222282,0.172687,0.183497,0.217270,0.055239,0.174843,0.193220,0.254842,0.219030
492,2.460000,0.266831,0.209641,0.325110,0.249825,0.259111,0.257714,0.222277,0.172688,0.183497,0.217273,0.055238,0.174845,0.193220,0.254840,0.219031
493,2.465000,0.266832,0.209645,0.325114,0.249825,0.259111,0.257715,0.222280,0.172688,0.183496,0.217275,0.055238,0.174840,0.193243,0.254838,0.219043
494,2.470000,0.266835,0.209649,0.325118,0.249823,0.259110,0.257715,0.222281,0.172687,0.183499,0.217273,0.055240,0.174844,0.193243,0.254840,0.219046
495,2.475000,0.266836,0.209659,0.325133,0.249822,0.259108,0.257718,0.222281,0.172688,0.183498,0.217272,0.055239,0.174845,0.193240,0.254835,0.219048
496,2.480000,0.266842,0.209663,0.325137,0.249823,0.259113,0.257722,0.222279,0.172686,0.183501,0.217274,0.055239,0.174846,0.193239,0.254838,0.219049
497,2.485000,0.266842,0.209667,0.325141,0.249822,0.259112,0.257722,0.222283,0.172689,0.183500,0.217277,0.055238,0.174844,0.193240,0.254835,0.219049
498,2.490000,0.266847,0.209670,0.325144,0.249820,0.259111,0.257725,0.222282,0.172688,0.183501,0.217273,0.055238,0.174847,0.193238,0.254837,0.219053
499,2.495000,0.266849,0.209677,0.325148,0.249813,0.259109,0.257739,0.222282,0.172686,0.183504,0.217276,0.055237,0.174846,0.193238,0.254833,0.219053
500,2.500000,0.266853,0.209680,0.325148,0.249820,0.259113,0.257727,0.222281,0.172685,0.183505,0.217276,0.055235,0.174847,0.193237,0.254832,0.219054
501,2.505000,0.266857,0.209683,0.325151,0.249819,0.259114,0.257730,0.222282,0.172687,0.183506,0.217276,0.055238,0.174846,0.193237,0.254833,0.219054
502,2.510000,0.266857,0.209684,0.325154,0.249819,0.259113,0.257732,0.222284,0.172687,0.183508,0.217275,0.055238,0.174849,0.193237,0.254834,0.219058
503,2.515000,0.266860,0.209685,0.325157,0.249819,0.259115,0.257735,0.222283,0.172684,0.183510,0.217276,0.055238,0.174846,0.193237,0.254832,0.219056
504,2.520000,0.266861,0.209687,0.325156,0.249810,0.259114,0.257751,0.222283,0.172686,0.183510,0.217277,0.055236,0.174847,0.193238,0.254831,0.219060
505,2.525000,0.266881,0.209681,0.325160,0.249809,0.259113,0.257754,0.222284,0.172686,0.183513,0.217277,0.055237,0.174845,0.193237,0.254832,0.219061
506,2.530000,0.266882,0.209680,0.325160,0.249808,0.259116,0.257755,0.222283,0.172686,0.183514,0.217277,0.055237,0.174844,0.193238,0.254832,0.219062
507,2.535000,0.266861,0.209687,0.325160,0.249809,0.259115,0.257756,0.222284,0.172686,0.183516,0.217276,0.055238,0.174846,0.193238,0.254830,0.219065
508,2.540000,0.266866,0.209686,0.325161,0.249809,0.259114,0.257756,0.222285,0.172684,0.183518,0.217275,0.055237,0.174847,0.193238,0.254829,0.219062
509,2.545000,0.266860,0.209688,0.325162,0.249808,0.259113,0.257759,0.222283,0.172688,0.183518,0.217275,0.055236,0.174840,0.193236,0.254833,0.219066
510,2.550000,0.266861,0.209687,0.325166,0.249808,0.259113,0.257762,0.222282,0.172686,0.183516,0.217275,0.055234,0.174843,0.193236,0.254832,0.219068
511,2.555000,0.266881,0.209680,0.325169,0.249807,0.259115,0.257761,0.222282,0.172687,0.183515,0.217275,0.055236,0.174843,0.193237,0.254830,0.219067
512,2.560000,0.266860,0.209685,0.325172,0.249807,0.259111,0.257764,0.222281,0.172688,0.183518,0.217273,0.055236,0.174841,0.193239,0.254832,0.219068
513,2.565000,0.266860,0.209682,0.325171,0.249808,0.259109,0.257763,0.222283,0.172689,0.183518,0.217275,0.055238,0.174843,0.193238,0.254830,0.219068
514,2.570000,0.266857,0.209681,0.325172,0.249807,0.259106,0.257763,0.222280,0.172684,0.183516,0.217274,0.055240,0.174842,0.193240,0.254830,0.219069
515,2.575000,0.266855,0.209677,0.325172,0.249808,0.259102,0.257762,0.222281,0.172690,0.183515,0.217275,0.055239,0.174840,0.193237,0.254830,0.219073
516,2.580000,0.266855,0.209676,0.325175,0.249807,0.259102,0.257762,0.222277,0.172690,0.183512,0.217272,0.055238,0.174841,0.193236,0.254831,0.219068
517,2.585000,0.266848,0.209673,0.325173,0.249809,0.259102,0.257761,0.222276,0.172686,0.183513,0.217273,0.055237,0.174839,0.193235,0.254832,0.219068
518,2.590000,0.266846,0.209667,0.325170,0.249805,0.259097,0.257761,0.222275,0.172689,0.183510,0.217270,0.055236,0.174838,0.193234,0.254832,0.219067
519,2.595000,0.266839,0.209663,0.325169,0.249805,0.259095,0.257761,0.222274,0.172689,0.183508,0.217270,0.055236,0.174837,0.193232,0.254831,0.219069
520,2.600000,0.266838,0.209654,0.325165,0.249804,0.259094,0.257760,0.222275,0.172688,0.183509,0.217270,0.055237,0.174839,0.193232,0.254829,0.219063
521,2.605000,0.266833,0.209653,0.325161,0.249804,0.259094,0.257759,0.222274,0.172686,0.183503,0.217270,0.055235,0.174838,0.193230,0.254832,0.219063
522,2.610000,0.266831,0.209642,0.325155,0.249804,0.259095,0.257758,0.222274,0.172688,0.183506,0.217269,0.055235,0.174837,0.193231,0.254831,0.219061
523,2.615000,0.266826,0.209632,0.325141,0.249802,0.259094,0.257754,0.222274,0.172689,0.183506,0.217269,0.055237,0.174839,0.193229,0.254834,0.219060
524,2.620000,0.266823,0.209625,0.325133,0.249802,0.259095,0.257755,0.222273,0.172688,0.183505,0.217270,0.055236,0.174837,0.193209,0.254833,0.219044
525,2.625000,0.266820,0.209618,0.325127,0.249801,0.259095,0.257750,0.222271,0.172689,0.183502,0.217270,0.055234,0.174837,0.193206,0.254835,0.219044
526,2.630000,0.266814,0.209613,0.325118,0.249797,0.259098,0.257750,0.222271,0.172692,0.183504,0.217268,0.055239,0.174840,0.193227,0.254836,0.219056
527,2.635000,0.266811,0.209607,0.325111,0.249796,0.259099,0.257749,0.222270,0.172690,0.183504,0.217269,0.055236,0.174839,0.193205,0.254840,0.219040
528,2.640000,0.266807,0.209605,0.325105,0.249793,0.259102,0.257747,0.222268,0.172691,0.183505,0.217269,0.055236,0.174840,0.193222,0.254838,0.219050
529,2.645000,0.266804,0.209606,0.325100,0.249793,0.259103,0.257746,0.222269,0.172693,0.183503,0.217271,0.055236,0.174842,0.193222,0.254840,0.219048
530,2.650000,0.266800,0.209606,0.325097,0.249791,0.259109,0.257744,0.222270,0.172688,0.183503,0.217269,0.055236,0.174840,0.193199,0.254843,0.219034
531,2.655000,0.266796,0.209609,0.325094,0.249788,0.259111,0.257740,0.222270,0.172689,0.183504,0.217269,0.055237,0.174843,0.193198,0.254841,0.219032
532,2.660000,0.266797,0.209608,0.325092,0.249790,0.259109,0.257740,0.222271,0.172691,0.183505,0.217271,0.055235,0.174840,0.193198,0.254842,0.219027
533,2.665000,0.266794,0.209615,0.325093,0.249788,0.259112,0.257738,0.222267,0.172689,0.183502,0.217272,0.055233,0.174841,0.193198,0.254840,0.219025
534,2.670000,0.266793,0.209618,0.325096,0.249788,0.259112,0.257736,0.222269,0.172691,0.183499,0.217271,0.055234,0.174841,0.193195,0.254844,0.219023
535,2.675000,0.266792,0.209625,0.325098,0.249784,0.259117,0.257735,0.222270,0.172691,0.183500,0.217271,0.055233,0.174843,0.193195,0.254843,0.219022
536,2.680000,0.266793,0.209632,0.325101,0.249782,0.259116,0.257733,0.222270,0.172688,0.183500,0.217269,0.055233,0.174842,0.193193,0.254841,0.219019
537,2.685000,0.266786,0.209647,0.325106,0.249782,0.259117,0.257732,0.222267,0.172686,0.183497,0.217271,0.055234,0.174843,0.193196,0.254842,0.219016
538,2.690000,0.266790,0.209654,0.325113,0.249779,0.259122,0.257731,0.222271,0.172691,0.183499,0.217271,0.055232,0.174844,0.193190,0.254843,0.219016
539,2.695000,0.266787,0.209666,0.325118,0.249780,0.259121,0.257730,0.222270,0.172691,0.183497,0.217270,0.055233,0.174845,0.193191,0.254846,0.219013
540,2.700000,0.266786,0.209686,0.325133,0.249777,0.259122,0.257729,0.222267,0.172692,0.183497,0.217271,0.055232,0.174844,0.193190,0.254844,0.219012
541,2.705000,0.266786,0.209693,0.325141,0.249784,0.259130,0.257714,0.222270,0.172690,0.183498,0.217270,0.055231,0.174845,0.193190,0.254846,0.219012
542,2.710000,0.266790,0.209702,0.325144,0.249776,0.259127,0.257727,0.222271,0.172692,0.183498,0.217271,0.055236,0.174848,0.193191,0.254844,0.219008
543,2.715000,0.266791,0.209710,0.325149,0.249777,0.259131,0.257729,0.222270,0.172689,0.183496,0.217272,0.055233,0.174845,0.193180,0.254843,0.218998
544,2.720000,0.266793,0.209719,0.325156,0.249776,0.259131,0.257729,0.222270,0.172691,0.183500,0.217273,0.055234,0.174843,0.193190,0.254843,0.219009
545,2.725000,0.266790,0.209729,0.325160,0.249776,0.259132,0.257729,0.222273,0.172689,0.183497,0.217273,0.055235,0.174843,0.193191,0.254847,0.219008
546,2.730000,0.266792,0.209734,0.325162,0.249778,0.259136,0.257728,0.222273,0.172687,0.183499,0.217271,0.055231,0.174849,0.193181,0.254844,0.218994
547,2.735000,0.266792,0.209740,0.325168,0.249776,0.259137,0.257728,0.222273,0.172688,0.183497,0.217271,0.055233,0.174846,0.193192,0.254846,0.219005
548,2.740000,0.266812,0.209738,0.325170,0.249774,0.259139,0.257729,0.222274,0.172690,0.183501,0.217269,0.055233,0.174848,0.193181,0.254842,0.218992
549,2.745000,0.266791,0.209746,0.325174,0.249776,0.259139,0.257731,0.222276,0.172691,0.183502,0.217271,0.055233,0.174844,0.193182,0.254841,0.218993
550,2.750000,0.266789,0.209752,0.325173,0.249777,0.259140,0.257732,0.222274,0.172687,0.183504,0.217269,0.055233,0.174848,0.193181,0.254842,0.218994
551,2.755000,0.266810,0.209746,0.325177,0.249784,0.259146,0.257718,0.222275,0.172692,0.183503,0.217269,0.055235,0.174846,0.193193,0.254845,0.219006
552,2.760000,0.266808,0.209747,0.325180,0.249776,0.259142,0.257734,0.222274,0.172689,0.183505,0.217268,0.055234,0.174848,0.193196,0.254848,0.219009
553,2.765000,0.266807,0.209746,0.325182,0.249779,0.259144,0.257735,0.222278,0.172690,0.183504,0.217271,0.055232,0.174846,0.193187,0.254844,0.218998
554,2.770000,0.266806,0.209746,0.325182,0.249777,0.259141,0.257733,0.222276,0.172692,0.183506,0.217270,0.055234,0.174847,0.193188,0.254843,0.218996
555,2.775000,0.266803,0.209741,0.325185,0.249779,0.259140,0.257737,0.222276,0.172689,0.183504,0.217267,0.055233,0.174849,0.193200,0.254846,0.219009
556,2.780000,0.266778,0.209745,0.325185,0.249779,0.259139,0.257737,0.222277,0.172689,0.183505,0.217272,0.055233,0.174847,0.193202,0.254845,0.219013
557,2.785000,0.266779,0.209741,0.325186,0.249782,0.259138,0.257739,0.222279,0.172690,0.183507,0.217268,0.055231,0.174849,0.193202,0.254846,0.219011
558,2.790000,0.266775,0.209734,0.325189,0.249783,0.259134,0.257742,0.222277,0.172688,0.183508,0.217268,0.055233,0.174852,0.193202,0.254843,0.219013
559,2.795000,0.266773,0.209731,0.325188,0.249784,0.259131,0.257743,0.222278,0.172691,0.183504,0.217268,0.055231,0.174849,0.193205,0.254846,0.219018
560,2.800000,0.266770,0.209725,0.325187,0.249785,0.259128,0.257741,0.222278,0.172690,0.183504,0.217268,0.055229,0.174850,0.193226,0.254846,0.219031
561,2.805000,0.266770,0.209716,0.325186,0.249787,0.259123,0.257742,0.222278,0.172685,0.183502,0.217268,0.055228,0.174847,0.193205,0.254841,0.219018
562,2.810000,0.266765,0.209709,0.325187,0.249787,0.259120,0.257746,0.222276,0.172688,0.183504,0.217267,0.055232,0.174849,0.193207,0.254842,0.219022
563,2.815000,0.266766,0.209701,0.325186,0.249788,0.259118,0.257744,0.222277,0.172693,0.183504,0.217269,0.055231,0.174846,0.193208,0.254844,0.219022
564,2.820000,0.266764,0.209692,0.325185,0.249789,0.259115,0.257744,0.222275,0.172688,0.183500,0.217267,0.055233,0.174854,0.193208,0.254846,0.219024
565,2.825000,0.266759,0.209687,0.325183,0.249789,0.259114,0.257744,0.222276,0.172688,0.183502,0.217267,0.055232,0.174848,0.193229,0.254844,0.219038
566,2.830000,0.266759,0.209674,0.325181,0.249789,0.259109,0.257748,0.222275,0.172689,0.183501,0.217267,0.055234,0.174848,0.193209,0.254842,0.219028
567,2.835000,0.266754,0.209665,0.325178,0.249790,0.259109,0.257748,0.222276,0.172691,0.183501,0.217267,0.055233,0.174847,0.193209,0.254842,0.219027
568,2.840000,0.266754,0.209656,0.325174,0.249791,0.259105,0.257748,0.222274,0.172690,0.183502,0.217267,0.055232,0.174847,0.193209,0.254841,0.219024
569,2.845000,0.266752,0.209647,0.325169,0.249792,0.259102,0.257747,0.222276,0.172690,0.183500,0.217266,0.055235,0.174847,0.193233,0.254842,0.219038
570,2.850000,0.266750,0.209632,0.325153,0.249791,0.259101,0.257747,0.222273,0.172693,0.183500,0.217265,0.055233,0.174853,0.193209,0.254843,0.219026
571,2.855000,0.266751,0.209620,0.325148,0.249792,0.259101,0.257748,0.222274,0.172689,0.183501,0.217269,0.055232,0.174848,0.193230,0.254841,0.219039
572,2.860000,0.266750,0.209611,0.325139,0.249791,0.259101,0.257747,0.222274,0.172692,0.183501,0.217268,0.055232,0.174847,0.193230,0.254844,0.219038
573,2.865000,0.266751,0.209602,0.325132,0.249791,0.259099,0.257747,0.222275,0.172689,0.183499,0.217270,0.055233,0.174847,0.193209,0.254841,0.219028
574,2.870000,0.266749,0.209595,0.325125,0.249792,0.259098,0.257748,0.222276,0.172689,0.183500,0.217268,0.055233,0.174845,0.193230,0.254843,0.219037
575,2.875000,0.266750,0.209594,0.325119,0.249791,0.259100,0.257748,0.222275,0.172692,0.183501,0.217268,0.055234,0.174843,0.193231,0.254841,0.219040
576,2.880000,0.266752,0.209585,0.325111,0.249794,0.259099,0.257749,0.222274,0.172692,0.183498,0.217270,0.055233,0.174845,0.193230,0.254842,0.219039
577,2.885000,0.266755,0.209585,0.325108,0.249791,0.259098,0.257747,0.222277,0.172689,0.183499,0.217273,0.055235,0.174844,0.193209,0.254842,0.219024
578,2.890000,0.266756,0.209585,0.325107,0.249790,0.259101,0.257746,0.222276,0.172688,0.183498,0.217273,0.055234,0.174844,0.193228,0.254841,0.219040
579,2.895000,0.266757,0.209591,0.325107,0.249793,0.259102,0.257747,0.222278,0.172688,0.183500,0.217272,0.055233,0.174843,0.193207,0.254840,0.219025
580,2.900000,0.266764,0.209588,0.325106,0.249791,0.259104,0.257745,0.222274,0.172692,0.183500,0.217273,0.055233,0.174842,0.193207,0.254841,0.219027
581,2.905000,0.266761,0.209598,0.325111,0.249789,0.259102,0.257745,0.222280,0.172687,0.183501,0.217273,0.055233,0.174839,0.193205,0.254839,0.219026
582,2.910000,0.266768,0.209599,0.325113,0.249790,0.259105,0.257747,0.222279,0.172689,0.183500,0.217273,0.055232,0.174844,0.193205,0.254839,0.219025
583,2.915000,0.266771,0.209610,0.325117,0.249788,0.259107,0.257745,0.222277,0.172691,0.183499,0.217273,0.055232,0.174842,0.193207,0.254839,0.219026
584,2.920000,0.266778,0.209617,0.325122,0.249790,0.259107,0.257744,0.222276,0.172690,0.183499,0.217273,0.055233,0.174843,0.193205,0.254838,0.219026
585,2.925000,0.266784,0.209627,0.325124,0.249787,0.259107,0.257743,0.222277,0.172688,0.183498,0.217273,0.055234,0.174843,0.193205,0.254838,0.219027
586,2.930000,0.266782,0.209634,0.325131,0.249788,0.259111,0.257743,0.222278,0.172689,0.183499,0.217273,0.055234,0.174843,0.193204,0.254838,0.219028
587,2.935000,0.266792,0.209643,0.325132,0.249789,0.259112,0.257741,0.222277,0.172690,0.183498,0.217274,0.055236,0.174843,0.193204,0.254840,0.219028
588,2.940000,0.266793,0.209653,0.325137,0.249789,0.259114,0.257744,0.222278,0.172691,0.183497,0.217274,0.055234,0.174843,0.193206,0.254839,0.219028
589,2.945000,0.266796,0.209667,0.325149,0.249789,0.259114,0.257741,0.222277,0.172692,0.183498,0.217273,0.055235,0.174844,0.193205,0.254840,0.219027
590,2.950000,0.266799,0.209677,0.325151,0.249787,0.259119,0.257740,0.222278,0.172691,0.183498,0.217272,0.055233,0.174846,0.193204,0.254838,0.219027
591,2.955000,0.266800,0.209687,0.325154,0.249789,0.259120,0.257739,0.222279,0.172689,0.183498,0.217273,0.055235,0.174846,0.193203,0.254839,0.219029
592,2.960000,0.266809,0.209689,0.325157,0.249789,0.259122,0.257737,0.222278,0.172689,0.183498,0.217272,0.055233,0.174843,0.193204,0.254838,0.219027
593,2.965000,0.266810,0.209702,0.325158,0.249791,0.259124,0.257738,0.222281,0.172689,0.183501,0.217274,0.055232,0.174842,0.193202,0.254839,0.219023
594,2.970000,0.266815,0.209705,0.325158,0.249791,0.259127,0.257736,0.222279,0.172690,0.183501,0.217273,0.055230,0.174843,0.193203,0.254843,0.219023
595,2.975000,0.266842,0.209704,0.325159,0.249791,0.259130,0.257735,0.222279,0.172691,0.183500,0.217273,0.055235,0.174844,0.193204,0.254842,0.219022
596,2.980000,0.266839,0.209710,0.325158,0.249791,0.259132,0.257735,0.222279,0.172692,0.183502,0.217273,0.055231,0.174845,0.193204,0.254842,0.219021
597,2.985000,0.266842,0.209711,0.325156,0.249799,0.259138,0.257720,0.222279,0.172691,0.183501,0.217271,0.055231,0.174844,0.193204,0.254845,0.219019
598,2.990000,0.266844,0.209714,0.325156,0.249790,0.259137,0.257731,0.222280,0.172692,0.183505,0.217270,0.055233,0.174847,0.193205,0.254844,0.219019
599,2.995000,0.266845,0.209717,0.325153,0.249801,0.259142,0.257716,0.222279,0.172688,0.183502,0.217269,0.055233,0.174851,0.193205,0.254841,0.219016
600,3.000000,0.266826,0.209721,0.325150,0.249798,0.259144,0.257714,0.222279,0.172688,0.183505,0.217269,0.055235,0.174847,0.193205,0.254844,0.219019
601,3.005000,0.266847,0.209717,0.325150,0.249802,0.259142,0.257715,0.222278,0.172692,0.183503,0.217268,0.055231,0.174848,0.193206,0.254844,0.219019
602,3.010000,0.266826,0.209723,0.325147,0.249795,0.259140,0.257725,0.222278,0.172691,0.183502,0.217270,0.055231,0.174849,0.193206,0.254845,0.219017
603,3.015000,0.266848,0.209717,0.325147,0.249802,0.259142,0.257711,0.222277,0.172688,0.183501,0.217269,0.055232,0.174848,0.193205,0.254845,0.219017
604,3.020000,0.266829,0.209717,0.325144,0.249803,0.259142,0.257710,0.222275,0.172690,0.183502,0.217269,0.055231,0.174849,0.193206,0.254844,0.219018
605,3.025000,0.266852,0.209711,0.325146,0.249806,0.259141,0.257709,0.222276,0.172690,0.183502,0.217269,0.055229,0.174849,0.193207,0.254844,0.219018
606,3.030000,0.266849,0.209711,0.325142,0.249797,0.259137,0.257721,0.222275,0.172690,0.183503,0.217268,0.055233,0.174850,0.193205,0.254846,0.219018
607,3.035000,0.266850,0.209706,0.325142,0.249807,0.259139,0.257705,0.222275,0.172688,0.183500,0.217266,0.055233,0.174849,0.193226,0.254844,0.219028
608,3.040000,0.266830,0.209708,0.325138,0.249806,0.259138,0.257704,0.222273,0.172691,0.183500,0.217266,0.055233,0.174849,0.193204,0.254844,0.219018
609,3.045000,0.266851,0.209699,0.325135,0.249806,0.259135,0.257703,0.222272,0.172691,0.183499,0.217266,0.055234,0.174851,0.193205,0.254845,0.219015
610,3.050000,0.266830,0.209702,0.325132,0.249807,0.259136,0.257702,0.222272,0.172690,0.183499,0.217264,0.055232,0.174849,0.193203,0.254844,0.219017
611,3.055000,0.266827,0.209700,0.325128,0.249808,0.259133,0.257700,0.222272,0.172690,0.183496,0.217266,0.055235,0.174848,0.193202,0.254843,0.219015
612,3.060000,0.266827,0.209691,0.325124,0.249808,0.259132,0.257700,0.222271,0.172691,0.183495,0.217267,0.055231,0.174850,0.193223,0.254842,0.219030
613,3.065000,0.266832,0.209679,0.325107,0.249809,0.259134,0.257699,0.222271,0.172691,0.183494,0.217265,0.055232,0.174847,0.193201,0.254842,0.219015
614,3.070000,0.266832,0.209673,0.325103,0.249807,0.259131,0.257698,0.222267,0.172691,0.183493,0.217266,0.055233,0.174846,0.193200,0.254844,0.219016
615,3.075000,0.266831,0.209668,0.325096,0.249810,0.259130,0.257698,0.222267,0.172692,0.183494,0.217267,0.055233,0.174850,0.193200,0.254843,0.219016
616,3.080000,0.266830,0.209660,0.325092,0.249806,0.259129,0.257695,0.222268,0.172693,0.183493,0.217267,0.055236,0.174850,0.193197,0.254843,0.219016
617,3.085000,0.266831,0.209654,0.325085,0.249809,0.259129,0.257696,0.222267,0.172694,0.183493,0.217267,0.055234,0.174846,0.193197,0.254842,0.219015
618,3.090000,0.266832,0.209650,0.325081,0.249806,0.259129,0.257694,0.222267,0.172694,0.183492,0.217267,0.055232,0.174848,0.193199,0.254844,0.219018
619,3.095000,0.266832,0.209646,0.325073,0.249807,0.259131,0.257696,0.222268,0.172692,0.183495,0.217267,0.055233,0.174849,0.193186,0.254840,0.219006
620,3.100000,0.266834,0.209641,0.325068,0.249806,0.259131,0.257695,0.222263,0.172693,0.183495,0.217267,0.055230,0.174853,0.193194,0.254842,0.219016
621,3.105000,0.266834,0.209638,0.325065,0.249806,0.259132,0.257694,0.222265,0.172694,0.183495,0.217269,0.055235,0.174850,0.193184,0.254840,0.219006
622,3.110000,0.266836,0.209637,0.325060,0.249804,0.259135,0.257694,0.222267,0.172696,0.183498,0.217269,0.055234,0.174848,0.193182,0.254840,0.219007
623,3.115000,0.266838,0.209637,0.325054,0.249804,0.259131,0.257693,0.222266,0.172693,0.183494,0.217270,0.055233,0.174845,0.193193,0.254842,0.219016
624,3.120000,0.266836,0.209639,0.325051,0.249801,0.259133,0.257692,0.222264,0.172690,0.183497,0.217269,0.055233,0.174850,0.193181,0.254837,0.219005
625,3.125000,0.266841,0.209637,0.325050,0.249802,0.259132,0.257696,0.222268,0.172691,0.183498,0.217269,0.055233,0.174849,0.193182,0.254838,0.219006
626,3.130000,0.266845,0.209637,0.325046,0.249801,0.259134,0.257697,0.222268,0.172692,0.183499,0.217269,0.055234,0.174846,0.193189,0.254841,0.219018
627,3.135000,0.266846,0.209642,0.325048,0.249800,0.259137,0.257696,0.222267,0.172691,0.183499,0.217272,0.055231,0.174848,0.193189,0.254841,0.219018
628,3.140000,0.266849,0.209648,0.325048,0.249798,0.259134,0.257696,0.222268,0.172692,0.183497,0.217271,0.055234,0.174845,0.193178,0.254836,0.219004
629,3.145000,0.266849,0.209653,0.325051,0.249798,0.259137,0.257696,0.222267,0.172692,0.183500,0.217272,0.055236,0.174847,0.193189,0.254840,0.219018
630,3.150000,0.266854,0.209655,0.325056,0.249795,0.259136,0.257699,0.222268,0.172691,0.183500,0.217274,0.055231,0.174848,0.193186,0.254840,0.219019
631,3.155000,0.266856,0.209664,0.325059,0.249796,0.259140,0.257699,0.222268,0.172693,0.183502,0.217272,0.055233,0.174843,0.193189,0.254839,0.219020
632,3.160000,0.266879,0.209664,0.325067,0.249796,0.259138,0.257700,0.222270,0.172690,0.183502,0.217273,0.055232,0.174841,0.193185,0.254838,0.219020
633,3.165000,0.266885,0.209669,0.325070,0.249795,0.259139,0.257701,0.222271,0.172690,0.183501,0.217272,0.055235,0.174843,0.193186,0.254836,0.219021
634,3.170000,0.266883,0.209677,0.325075,0.249788,0.259136,0.257716,0.222269,0.172691,0.183501,0.217272,0.055234,0.174841,0.193187,0.254836,0.219019
635,3.175000,0.266888,0.209684,0.325078,0.249796,0.259142,0.257701,0.222272,0.172690,0.183503,0.217274,0.055234,0.174842,0.193187,0.254836,0.219022
636,3.180000,0.266891,0.209688,0.325083,0.249788,0.259135,0.257717,0.222272,0.172689,0.183506,0.217274,0.055237,0.174841,0.193186,0.254835,0.219021
637,3.185000,0.266885,0.209703,0.325098,0.249795,0.259140,0.257706,0.222271,0.172688,0.183504,0.217276,0.055235,0.174838,0.193189,0.254836,0.219026
638,3.190000,0.266887,0.209706,0.325102,0.249791,0.259138,0.257722,0.222273,0.172688,0.183505,0.217274,0.055235,0.174840,0.193189,0.254834,0.219024
639,3.195000,0.266889,0.209708,0.325105,0.249789,0.259139,0.257723,0.222272,0.172690,0.183507,0.217272,0.055234,0.174838,0.193189,0.254836,0.219025
640,3.200000,0.266889,0.209712,0.325105,0.249791,0.259136,0.257724,0.222273,0.172687,0.183507,0.217275,0.055236,0.174838,0.193190,0.254835,0.219024
641,3.205000,0.266889,0.209715,0.325106,0.249790,0.259137,0.257727,0.222276,0.172687,0.183509,0.217271,0.055233,0.174840,0.193190,0.254837,0.219023
642,3.210000,0.266889,0.209717,0.325108,0.249798,0.259142,0.257711,0.222276,0.172688,0.183509,0.217272,0.055235,0.174840,0.193191,0.254836,0.219025
643,3.215000,0.266887,0.209714,0.325112,0.249800,0.259144,0.257712,0.222276,0.172689,0.183508,0.217273,0.055234,0.174839,0.193193,0.254838,0.219030
644,3.220000,0.266889,0.209712,0.325112,0.249797,0.259143,0.257711,0.222276,0.172688,0.183509,0.217272,0.055235,0.174839,0.193214,0.254836,0.219037
645,3.225000,0.266890,0.209710,0.325114,0.249802,0.259141,0.257716,0.222276,0.172690,0.183511,0.217271,0.055234,0.174840,0.193194,0.254838,0.219025
646,3.230000,0.266887,0.209710,0.325113,0.249793,0.259137,0.257729,0.222275,0.172690,0.183510,0.217270,0.055233,0.174842,0.193197,0.254838,0.219027
647,3.235000,0.266883,0.209703,0.325115,0.249801,0.259141,0.257717,0.222278,0.172686,0.183512,0.217270,0.055235,0.174844,0.193196,0.254838,0.219026
648,3.240000,0.266878,0.209704,0.325115,0.249804,0.259137,0.257716,0.222277,0.172687,0.183509,0.217270,0.055234,0.174845,0.193196,0.254841,0.219029
649,3.245000,0.266873,0.209702,0.325116,0.249804,0.259136,0.257717,0.222277,0.172690,0.183511,0.217269,0.055236,0.174843,0.193199,0.254839,0.219028
650,3.250000,0.266871,0.209693,0.325115,0.249805,0.259137,0.257718,0.222277,0.172688,0.183514,0.217268,0.055236,0.174844,0.193217,0.254838,0.219041
651,3.255000,0.266845,0.209694,0.325114,0.249806,0.259135,0.257717,0.222276,0.172687,0.183510,0.217268,0.055234,0.174843,0.193201,0.254838,0.219025
652,3.260000,0.266842,0.209688,0.325112,0.249807,0.259133,0.257716,0.222278,0.172686,0.183512,0.217268,0.055235,0.174844,0.193202,0.254841,0.219027
653,3.265000,0.266839,0.209682,0.325113,0.249808,0.259131,0.257717,0.222278,0.172688,0.183509,0.217269,0.055232,0.174841,0.193203,0.254841,0.219027
654,3.270000,0.266838,0.209671,0.325101,0.249810,0.259130,0.257716,0.222276,0.172688,0.183508,0.217268,0.055235,0.174841,0.193201,0.254839,0.219027
655,3.275000,0.266834,0.209665,0.325098,0.249808,0.259130,0.257715,0.222277,0.172688,0.183508,0.217269,0.055233,0.174838,0.193225,0.254840,0.219040
656,3.280000,0.266832,0.209658,0.325098,0.249804,0.259123,0.257728,0.222276,0.172691,0.183507,0.217269,0.055233,0.174843,0.193226,0.254843,0.219037
657,3.285000,0.266821,0.209658,0.325098,0.249812,0.259125,0.257712,0.222277,0.172690,0.183508,0.217267,0.055233,0.174844,0.193206,0.254844,0.219027
658,3.290000,0.266821,0.209651,0.325097,0.249811,0.259123,0.257712,0.222274,0.172689,0.183504,0.217266,0.055235,0.174845,0.193206,0.254842,0.219025
659,3.295000,0.266815,0.209645,0.325096,0.249811,0.259123,0.257710,0.222276,0.172687,0.183503,0.217265,0.055234,0.174844,0.193226,0.254843,0.219034
660,3.300000,0.266810,0.209646,0.325094,0.249812,0.259120,0.257710,0.222276,0.172690,0.183505,0.217268,0.055233,0.174846,0.193227,0.254844,0.219036
661,3.305000,0.266810,0.209637,0.325094,0.249812,0.259120,0.257709,0.222274,0.172691,0.183502,0.217269,0.055233,0.174844,0.193207,0.254842,0.219023
662,3.310000,0.266807,0.209637,0.325089,0.249802,0.259117,0.257722,0.222276,0.172689,0.183502,0.217268,0.055234,0.174847,0.193205,0.254844,0.219021
663,3.315000,0.266802,0.209634,0.325089,0.249812,0.259120,0.257709,0.222270,0.172690,0.183501,0.217264,0.055233,0.174848,0.193206,0.254847,0.219020
664,3.320000,0.266801,0.209627,0.325086,0.249811,0.259121,0.257706,0.222274,0.172691,0.183501,0.217266,0.055235,0.174848,0.193205,0.254845,0.219019
665,3.325000,0.266795,0.209631,0.325086,0.249814,0.259119,0.257705,0.222273,0.172691,0.183498,0.217266,0.055234,0.174849,0.193206,0.254847,0.219020
666,3.330000,0.266797,0.209626,0.325083,0.249809,0.259120,0.257703,0.222274,0.172690,0.183500,0.217268,0.055230,0.174846,0.193204,0.254845,0.219017
667,3.335000,0.266793,0.209627,0.325082,0.249808,0.259124,0.257703,0.222273,0.172690,0.183501,0.217266,0.055234,0.174848,0.193203,0.254848,0.219016
668,3.340000,0.266792,0.209628,0.325080,0.249809,0.259124,0.257702,0.222272,0.172689,0.183501,0.217268,0.055232,0.174847,0.193203,0.254848,0.219014
669,3.345000,0.266792,0.209628,0.325080,0.249807,0.259126,0.257700,0.222274,0.172689,0.183502,0.217265,0.055233,0.174852,0.193203,0.254847,0.219012
670,3.350000,0.266793,0.209632,0.325080,0.249807,0.259125,0.257702,0.222273,0.172689,0.183500,0.217269,0.055235,0.174847,0.193191,0.254845,0.219000
671,3.355000,0.266794,0.209632,0.325079,0.249804,0.259130,0.257701,0.222274,0.172691,0.183502,0.217270,0.055231,0.174847,0.193201,0.254847,0.219011
672,3.360000,0.266789,0.209640,0.325079,0.249805,0.259131,0.257702,0.222273,0.172691,0.183498,0.217270,0.055231,0.174850,0.193200,0.254848,0.219012
673,3.365000,0.266790,0.209644,0.325081,0.249804,0.259134,0.257700,0.222275,0.172689,0.183500,0.217270,0.055232,0.174849,0.193199,0.254848,0.219007
674,3.370000,0.266792,0.209647,0.325082,0.249800,0.259137,0.257698,0.222274,0.172689,0.183499,0.217269,0.055232,0.174849,0.193199,0.254849,0.219006
675,3.375000,0.266794,0.209658,0.325084,0.249801,0.259137,0.257699,0.222276,0.172690,0.183499,0.217272,0.055230,0.174846,0.193198,0.254849,0.219008
676,3.380000,0.266795,0.209664,0.325089,0.249799,0.259138,0.257701,0.222273,0.172688,0.183500,0.217269,0.055233,0.174850,0.193199,0.254849,0.219008
677,3.385000,0.266797,0.209674,0.325092,0.249797,0.259138,0.257700,0.222275,0.172690,0.183501,0.217271,0.055234,0.174848,0.193196,0.254848,0.219004
678,3.390000,0.266798,0.209682,0.325096,0.249798,0.259143,0.257702,0.222274,0.172691,0.183498,0.217269,0.055233,0.174852,0.193197,0.254849,0.219005
679,3.395000,0.266802,0.209688,0.325099,0.249797,0.259141,0.257701,0.222276,0.172687,0.183499,0.217270,0.055232,0.174851,0.193196,0.254850,0.219006
680,3.400000,0.266805,0.209693,0.325105,0.249796,0.259148,0.257702,0.222275,0.172689,0.183502,0.217268,0.055234,0.174852,0.193183,0.254844,0.218993
681,3.405000,0.266803,0.209709,0.325119,0.249787,0.259142,0.257717,0.222276,0.172688,0.183500,0.217269,0.055233,0.174850,0.193185,0.254844,0.218994
682,3.410000,0.266823,0.209714,0.325123,0.249793,0.259149,0.257703,0.222277,0.172689,0.183503,0.217270,0.055233,0.174850,0.193193,0.254850,0.219005
683,3.415000,0.266806,0.209721,0.325126,0.249788,0.259142,0.257717,0.222277,0.172687,0.183502,0.217271,0.055231,0.174850,0.193184,0.254845,0.218994
684,3.420000,0.266827,0.209725,0.325130,0.249791,0.259148,0.257704,0.222275,0.172688,0.183502,0.217269,0.055233,0.174845,0.193193,0.254847,0.219004
685,3.425000,0.266828,0.209728,0.325131,0.249786,0.259148,0.257720,0.222278,0.172688,0.183501,0.217269,0.055234,0.174848,0.193193,0.254847,0.219006
686,3.430000,0.266830,0.209730,0.325134,0.249791,0.259152,0.257704,0.222279,0.172688,0.183505,0.217268,0.055234,0.174848,0.193181,0.254843,0.218994
687,3.435000,0.266833,0.209729,0.325138,0.249791,0.259148,0.257707,0.222277,0.172692,0.183504,0.217270,0.055234,0.174847,0.193194,0.254847,0.219007
688,3.440000,0.266831,0.209734,0.325139,0.249789,0.259149,0.257706,0.222278,0.172688,0.183503,0.217269,0.055234,0.174847,0.193181,0.254843,0.218996
689,3.445000,0.266831,0.209735,0.325137,0.249786,0.259143,0.257723,0.222277,0.172689,0.183505,0.217268,0.055233,0.174845,0.193192,0.254847,0.219008
690,3.450000,0.266829,0.209734,0.325139,0.249784,0.259146,0.257720,0.222275,0.172689,0.183504,0.217270,0.055233,0.174842,0.193192,0.254848,0.219009
691,3.455000,0.266833,0.209726,0.325137,0.249784,0.259145,0.257723,0.222277,0.172690,0.183502,0.217268,0.055234,0.174843,0.193192,0.254847,0.219009
692,3.460000,0.266829,0.209730,0.325136,0.249789,0.259150,0.257708,0.222277,0.172688,0.183506,0.217269,0.055236,0.174841,0.193193,0.254847,0.219011
693,3.465000,0.266828,0.209723,0.325133,0.249789,0.259151,0.257707,0.222276,0.172690,0.183503,0.217269,0.055233,0.174843,0.193192,0.254846,0.219011
694,3.470000,0.266807,0.209723,0.325129,0.249790,0.259148,0.257709,0.222275,0.172690,0.183505,0.217270,0.055236,0.174841,0.193193,0.254847,0.219013
695,3.475000,0.266805,0.209718,0.325126,0.249784,0.259143,0.257723,0.222275,0.172688,0.183506,0.217269,0.055233,0.174838,0.193192,0.254846,0.219012
696,3.480000,0.266801,0.209715,0.325125,0.249792,0.259144,0.257712,0.222276,0.172689,0.183504,0.217271,0.055232,0.174839,0.193193,0.254848,0.219012
697,3.485000,0.266799,0.209706,0.325122,0.249791,0.259144,0.257711,0.222274,0.172691,0.183505,0.217270,0.055234,0.174841,0.193194,0.254844,0.219012
698,3.490000,0.266793,0.209702,0.325119,0.249792,0.259142,0.257709,0.222274,0.172691,0.183503,0.217270,0.055235,0.174841,0.193195,0.254844,0.219012
699,3.495000,0.266796,0.209687,0.325106,0.249785,0.259133,0.257725,0.222273,0.172689,0.183505,0.217271,0.055234,0.174842,0.193190,0.254845,0.219013
700,3.500000,0.266798,0.209679,0.325102,0.249784,0.259134,0.257726,0.222272,0.172691,0.183503,0.217270,0.055233,0.174841,0.193192,0.254845,0.219011
701,3.505000,0.266795,0.209672,0.325101,0.249791,0.259137,0.257707,0.222271,0.172691,0.183502,0.217268,0.055236,0.174839,0.193190,0.254845,0.219015
702,3.510000,0.266792,0.209667,0.325098,0.249784,0.259131,0.257724,0.222272,0.172690,0.183503,0.217269,0.055236,0.174843,0.193192,0.254845,0.219011
703,3.515000,0.266790,0.209663,0.325095,0.249784,0.259129,0.257723,0.222270,0.172691,0.183501,0.217269,0.055237,0.174843,0.193190,0.254848,0.219013
704,3.520000,0.266787,0.209655,0.325092,0.249784,0.259128,0.257724,0.222269,0.172690,0.183499,0.217270,0.055235,0.174843,0.193190,0.254845,0.219013
705,3.525000,0.266788,0.209647,0.325088,0.249784,0.259128,0.257723,0.222269,0.172693,0.183499,0.217271,0.055237,0.174839,0.193179,0.254841,0.219000
706,3.530000,0.266784,0.209641,0.325083,0.249785,0.259127,0.257724,0.222270,0.172694,0.183500,0.217272,0.055236,0.174839,0.193176,0.254843,0.219000
707,3.535000,0.266783,0.209638,0.325081,0.249790,0.259129,0.257707,0.222268,0.172691,0.183496,0.217270,0.055234,0.174840,0.193177,0.254844,0.219001
708,3.540000,0.266783,0.209633,0.325077,0.249781,0.259126,0.257722,0.222266,0.172691,0.183495,0.217271,0.055235,0.174835,0.193186,0.254848,0.219011
709,3.545000,0.266782,0.209629,0.325073,0.249783,0.259124,0.257721,0.222264,0.172692,0.183494,0.217270,0.055236,0.174841,0.193174,0.254843,0.219001
710,3.550000,0.266783,0.209625,0.325069,0.249781,0.259127,0.257721,0.222265,0.172695,0.183495,0.217268,0.055237,0.174839,0.193174,0.254846,0.218999
711,3.555000,0.266781,0.209627,0.325064,0.249781,0.259125,0.257719,0.222265,0.172695,0.183495,0.217270,0.055237,0.174837,0.193183,0.254850,0.219007
712,3.560000,0.266779,0.209625,0.325062,0.249778,0.259127,0.257717,0.222265,0.172696,0.183494,0.217270,0.055238,0.174842,0.193171,0.254845,0.218994
713,3.565000,0.266782,0.209626,0.325058,0.249778,0.259126,0.257716,0.222265,0.172695,0.183493,0.217269,0.055237,0.174839,0.193170,0.254845,0.218991
714,3.570000,0.266781,0.209628,0.325058,0.249777,0.259130,0.257716,0.222263,0.172694,0.183495,0.217269,0.055237,0.174839,0.193170,0.254847,0.218991
715,3.575000,0.266783,0.209633,0.325056,0.249777,0.259131,0.257714,0.222265,0.172693,0.183493,0.217272,0.055236,0.174835,0.193170,0.254846,0.218989
716,3.580000,0.266785,0.209635,0.325054,0.249774,0.259132,0.257711,0.222264,0.172695,0.183492,0.217268,0.055237,0.174837,0.193169,0.254845,0.218986
717,3.585000,0.266785,0.209641,0.325056,0.249773,0.259134,0.257711,0.222265,0.172696,0.183494,0.217269,0.055236,0.174836,0.193168,0.254847,0.218988
718,3.590000,0.266784,0.209651,0.325056,0.249771,0.259139,0.257709,0.222265,0.172694,0.183493,0.217270,0.055238,0.174837,0.193167,0.254847,0.218984
719,3.595000,0.266785,0.209654,0.325055,0.249772,0.259141,0.257706,0.222265,0.172694,0.183494,0.217270,0.055234,0.174835,0.193164,0.254846,0.218983
720,3.600000,0.266788,0.209660,0.325057,0.249771,0.259145,0.257706,0.222264,0.172690,0.183493,0.217270,0.055235,0.174839,0.193164,0.254845,0.218981
721,3.605000,0.266790,0.209669,0.325057,0.249776,0.259148,0.257691,0.222268,0.172694,0.183495,0.217271,0.055236,0.174836,0.193165,0.254847,0.218983
722,3.610000,0.266793,0.209679,0.325059,0.249777,0.259153,0.257691,0.222267,0.172694,0.183493,0.217270,0.055236,0.174836,0.193165,0.254848,0.218980
723,3.615000,0.266793,0.209687,0.325063,0.249775,0.259152,0.257691,0.222267,0.172689,0.183495,0.217270,0.055235,0.174836,0.193161,0.254847,0.218981
724,3.620000,0.266795,0.209693,0.325064,0.249769,0.259152,0.257704,0.222266,0.172692,0.183496,0.217270,0.055235,0.174837,0.193164,0.254847,0.218979
725,3.625000,0.266795,0.209703,0.325068,0.249775,0.259159,0.257688,0.222266,0.172695,0.183495,0.217269,0.055236,0.174843,0.193162,0.254847,0.218980
726,3.630000,0.266823,0.209707,0.325073,0.249775,0.259161,0.257690,0.222268,0.172690,0.183493,0.217269,0.055235,0.174841,0.193161,0.254844,0.218978
727,3.635000,0.266818,0.209724,0.325088,0.249772,0.259162,0.257688,0.222268,0.172690,0.183497,0.217269,0.055235,0.174838,0.193162,0.254846,0.218978
728,3.640000,0.266821,0.209732,0.325090,0.249772,0.259163,0.257688,0.222268,0.172694,0.183498,0.217271,0.055235,0.174842,0.193163,0.254847,0.218980
729,3.645000,0.266824,0.209735,0.325097,0.249769,0.259161,0.257704,0.222267,0.172691,0.183496,0.217271,0.055234,0.174837,0.193162,0.254845,0.218979
730,3.650000,0.266825,0.209747,0.325097,0.249774,0.259163,0.257690,0.222267,0.172690,0.183498,0.217270,0.055234,0.174840,0.193164,0.254846,0.218980
731,3.655000,0.266831,0.209750,0.325100,0.249774,0.259167,0.257687,0.222270,0.172691,0.183498,0.217271,0.055232,0.174841,0.193161,0.254845,0.218980
732,3.660000,0.266829,0.209756,0.325103,0.249774,0.259167,0.257690,0.222269,0.172690,0.183497,0.217270,0.055231,0.174844,0.193164,0.254845,0.218979
733,3.665000,0.266832,0.209758,0.325106,0.249774,0.259167,0.257691,0.222270,0.172693,0.183499,0.217268,0.055234,0.174843,0.193164,0.254847,0.218982
734,3.670000,0.266830,0.209760,0.325108,0.249775,0.259169,0.257693,0.222268,0.172694,0.183498,0.217269,0.055232,0.174841,0.193165,0.254847,0.218980
735,3.675000,0.266833,0.209762,0.325109,0.249774,0.259168,0.257691,0.222269,0.172691,0.183497,0.217268,0.055235,0.174842,0.193165,0.254845,0.218981
736,3.680000,0.266832,0.209762,0.325111,0.249775,0.259171,0.257692,0.222269,0.172691,0.183501,0.217268,0.055232,0.174845,0.193167,0.254848,0.218982
737,3.685000,0.266833,0.209758,0.325111,0.249776,0.259169,0.257692,0.222272,0.172693,0.183502,0.217268,0.055231,0.174843,0.193167,0.254847,0.218984
738,3.690000,0.266831,0.209758,0.325111,0.249776,0.259169,0.257693,0.222269,0.172693,0.183501,0.217267,0.055232,0.174845,0.193169,0.254845,0.218985
739,3.695000,0.266831,0.209754,0.325113,0.249771,0.259162,0.257707,0.222268,0.172689,0.183499,0.217267,0.055231,0.174843,0.193168,0.254847,0.218985
740,3.700000,0.266828,0.209752,0.325111,0.249780,0.259166,0.257695,0.222271,0.172694,0.183501,0.217268,0.055230,0.174848,0.193169,0.254851,0.218990
741,3.705000,0.266827,0.209741,0.325109,0.249781,0.259163,0.257694,0.222271,0.172695,0.183504,0.217268,0.055233,0.174845,0.193171,0.254849,0.218988
742,3.710000,0.266824,0.209739,0.325109,0.249781,0.259162,0.257693,0.222267,0.172692,0.183501,0.217264,0.055232,0.174846,0.193171,0.254847,0.218989
743,3.715000,0.266803,0.209734,0.325105,0.249783,0.259163,0.257695,0.222269,0.172691,0.183501,0.217265,0.055234,0.174844,0.193182,0.254849,0.218998
744,3.720000,0.266798,0.209731,0.325105,0.249785,0.259158,0.257695,0.222267,0.172695,0.183501,0.217268,0.055233,0.174844,0.193171,0.254847,0.218991
745,3.725000,0.266799,0.209719,0.325105,0.249785,0.259158,0.257697,0.222269,0.172693,0.183503,0.217265,0.055232,0.174846,0.193173,0.254847,0.218990
746,3.730000,0.266796,0.209713,0.325102,0.249785,0.259157,0.257698,0.222265,0.172692,0.183502,0.217265,0.055231,0.174847,0.193184,0.254850,0.219002
747,3.735000,0.266791,0.209706,0.325100,0.249788,0.259153,0.257697,0.222268,0.172693,0.183503,0.217266,0.055230,0.174845,0.193173,0.254846,0.218991
748,3.740000,0.266793,0.209689,0.325087,0.249781,0.259147,0.257709,0.222266,0.172694,0.183501,0.217265,0.055229,0.174843,0.193185,0.254849,0.219006
749,3.745000,0.266793,0.209681,0.325081,0.249789,0.259147,0.257697,0.222267,0.172692,0.183499,0.217266,0.055233,0.174848,0.193176,0.254844,0.218991
750,3.750000,0.266791,0.209672,0.325079,0.249788,0.259148,0.257696,0.222268,0.172693,0.183497,0.217265,0.055231,0.174844,0.193175,0.254846,0.218992
751,3.755000,0.266789,0.209663,0.325076,0.249791,0.259144,0.257698,0.222266,0.172694,0.183499,0.217265,0.055233,0.174844,0.193176,0.254845,0.218997
752,3.760000,0.266789,0.209658,0.325073,0.249792,0.259143,0.257700,0.222267,0.172695,0.183497,0.217267,0.055233,0.174843,0.193176,0.254848,0.218996
753,3.765000,0.266789,0.209653,0.325067,0.249784,0.259138,0.257713,0.222267,0.172695,0.183497,0.217269,0.055231,0.174844,0.193188,0.254851,0.219009
754,3.770000,0.266787,0.209647,0.325065,0.249783,0.259137,0.257712,0.222265,0.172692,0.183498,0.217267,0.055233,0.174845,0.193175,0.254846,0.218995
755,3.775000,0.266790,0.209639,0.325063,0.249792,0.259137,0.257698,0.222267,0.172693,0.183498,0.217266,0.055232,0.174841,0.193175,0.254845,0.218996
756,3.780000,0.266792,0.209631,0.325059,0.249791,0.259136,0.257699,0.222264,0.172693,0.183498,0.217265,0.055232,0.174842,0.193182,0.254848,0.219009
757,3.785000,0.266792,0.209633,0.325058,0.249784,0.259131,0.257713,0.222266,0.172694,0.183496,0.217267,0.055233,0.174841,0.193184,0.254850,0.219010
758,3.790000,0.266792,0.209630,0.325053,0.249784,0.259129,0.257714,0.222265,0.172697,0.183495,0.217265,0.055233,0.174845,0.193173,0.254845,0.218996
759,3.795000,0.266793,0.209626,0.325052,0.249782,0.259130,0.257713,0.222266,0.172693,0.183498,0.217266,0.055235,0.174843,0.193184,0.254850,0.219009
760,3.800000,0.266793,0.209629,0.325050,0.249781,0.259130,0.257712,0.222265,0.172693,0.183498,0.217265,0.055233,0.174844,0.193171,0.254844,0.218997
761,3.805000,0.266800,0.209626,0.325048,0.249784,0.259133,0.257712,0.222266,0.172696,0.183495,0.217267,0.055231,0.174840,0.193182,0.254850,0.219008
762,3.810000,0.266800,0.209627,0.325045,0.249788,0.259137,0.257697,0.222264,0.172695,0.183497,0.217266,0.055233,0.174841,0.193171,0.254846,0.218998
763,3.815000,0.266804,0.209628,0.325042,0.249786,0.259140,0.257695,0.222266,0.172693,0.183496,0.217269,0.055233,0.174842,0.193170,0.254842,0.218994
764,3.820000,0.266803,0.209634,0.325042,0.249786,0.259138,0.257695,0.222267,0.172692,0.183500,0.217268,0.055233,0.174843,0.193170,0.254842,0.218996
765,3.825000,0.266807,0.209636,0.325043,0.249786,0.259141,0.257694,0.222268,0.172692,0.183496,0.217268,0.055233,0.174843,0.193180,0.254848,0.219007
766,3.830000,0.266810,0.209640,0.325041,0.249780,0.259142,0.257710,0.222266,0.172693,0.183496,0.217267,0.055231,0.174842,0.193168,0.254843,0.218994
767,3.835000,0.266814,0.209643,0.325040,0.249778,0.259142,0.257707,0.222269,0.172692,0.183499,0.217267,0.055233,0.174842,0.193170,0.254845,0.218994
768,3.840000,0.266813,0.209651,0.325043,0.249786,0.259147,0.257694,0.222268,0.172694,0.183499,0.217267,0.055232,0.174841,0.193168,0.254843,0.218992
769,3.845000,0.266817,0.209657,0.325044,0.249785,0.259148,0.257693,0.222269,0.172692,0.183500,0.217269,0.055233,0.174840,0.193168,0.254846,0.218992
770,3.850000,0.266818,0.209666,0.325046,0.249787,0.259155,0.257693,0.222270,0.172697,0.183499,0.217270,0.055232,0.174841,0.193171,0.254850,0.218993
771,3.855000,0.266822,0.209672,0.325049,0.249786,0.259158,0.257693,0.222274,0.172694,0.183499,0.217269,0.055230,0.174843,0.193170,0.254847,0.218991
772,3.860000,0.266824,0.209682,0.325050,0.249785,0.259157,0.257694,0.222270,0.172690,0.183502,0.217267,0.055234,0.174844,0.193170,0.254844,0.218994
773,3.865000,0.266829,0.209688,0.325055,0.249787,0.259159,0.257692,0.222270,0.172689,0.183502,0.217269,0.055233,0.174844,0.193171,0.254844,0.218991
774,3.870000,0.266853,0.209687,0.325058,0.249786,0.259161,0.257693,0.222273,0.172695,0.183500,0.217267,0.055232,0.174843,0.193171,0.254849,0.218994
775,3.875000,0.266857,0.209697,0.325062,0.249788,0.259162,0.257690,0.222273,0.172692,0.183499,0.217268,0.055231,0.174842,0.193171,0.254846,0.218991
776,3.880000,0.266859,0.209706,0.325065,0.249787,0.259163,0.257690,0.222272,0.172689,0.183498,0.217267,0.055232,0.174843,0.193172,0.254845,0.218986
777,3.885000,0.266856,0.209717,0.325072,0.249785,0.259162,0.257688,0.222273,0.172695,0.183500,0.217267,0.055232,0.174843,0.193173,0.254845,0.218989
778,3.890000,0.266861,0.209721,0.325077,0.249789,0.259165,0.257689,0.222271,0.172696,0.183498,0.217267,0.055234,0.174842,0.193183,0.254851,0.219000
779,3.895000,0.266858,0.209736,0.325093,0.249790,0.259165,0.257691,0.222272,0.172693,0.183496,0.217266,0.055235,0.174842,0.193173,0.254847,0.218986
780,3.900000,0.266861,0.209744,0.325094,0.249789,0.259162,0.257685,0.222268,0.172691,0.183494,0.217266,0.055234,0.174843,0.193174,0.254848,0.218987
781,3.905000,0.266859,0.209750,0.325095,0.249789,0.259161,0.257685,0.222272,0.172696,0.183496,0.217267,0.055234,0.174842,0.193174,0.254846,0.218985
782,3.910000,0.266860,0.209748,0.325095,0.249791,0.259165,0.257683,0.222270,0.172694,0.183495,0.217267,0.055235,0.174842,0.193174,0.254847,0.218984
783,3.915000,0.266860,0.209750,0.325095,0.249791,0.259164,0.257682,0.222271,0.172692,0.183494,0.217264,0.055235,0.174844,0.193175,0.254849,0.218984
784,3.920000,0.266861,0.209748,0.325095,0.249792,0.259164,0.257682,0.222270,0.172695,0.183495,0.217265,0.055233,0.174845,0.193175,0.254849,0.218985
785,3.925000,0.266855,0.209749,0.325091,0.249794,0.259166,0.257681,0.222270,0.172695,0.183492,0.217266,0.055233,0.174845,0.193176,0.254848,0.218981
786,3.930000,0.266855,0.209744,0.325091,0.249793,0.259165,0.257679,0.222272,0.172695,0.183492,0.217263,0.055235,0.174845,0.193177,0.254852,0.218984
787,3.935000,0.266855,0.209740,0.325087,0.249796,0.259165,0.257679,0.222269,0.172696,0.183491,0.217265,0.055236,0.174841,0.193178,0.254851,0.218983
788,3.940000,0.266854,0.209734,0.325083,0.249796,0.259166,0.257675,0.222270,0.172695,0.183492,0.217264,0.055234,0.174844,0.193180,0.254849,0.218983
789,3.945000,0.266855,0.209721,0.325066,0.249798,0.259166,0.257676,0.222271,0.172694,0.183492,0.217266,0.055234,0.174845,0.193180,0.254849,0.218981
790,3.950000,0.266855,0.209717,0.325060,0.249798,0.259167,0.257674,0.222270,0.172696,0.183492,0.217266,0.055235,0.174841,0.193180,0.254850,0.218981
791,3.955000,0.266851,0.209708,0.325056,0.249800,0.259165,0.257674,0.222272,0.172696,0.183489,0.217265,0.055232,0.174843,0.193182,0.254850,0.218977
792,3.960000,0.266850,0.209703,0.325051,0.249801,0.259165,0.257672,0.222269,0.172694,0.183492,0.217264,0.055235,0.174844,0.193182,0.254851,0.218980
793,3.965000,0.266831,0.209700,0.325047,0.249801,0.259162,0.257670,0.222271,0.172693,0.183491,0.217265,0.055233,0.174839,0.193180,0.254849,0.218978
794,3.970000,0.266833,0.209692,0.325042,0.249802,0.259161,0.257669,0.222267,0.172696,0.183489,0.217264,0.055232,0.174841,0.193182,0.254852,0.218980
795,3.975000,0.266828,0.209688,0.325037,0.249801,0.259160,0.257667,0.222269,0.172692,0.183489,0.217265,0.055233,0.174840,0.193182,0.254852,0.218978
796,3.980000,0.266828,0.209679,0.325034,0.249800,0.259159,0.257667,0.222269,0.172691,0.183489,0.217265,0.055229,0.174843,0.193182,0.254852,0.218977
797,3.985000,0.266830,0.209673,0.325032,0.249803,0.259156,0.257669,0.222270,0.172694,0.183487,0.217266,0.055229,0.174844,0.193183,0.254851,0.218978
798,3.990000,0.266826,0.209671,0.325028,0.249804,0.259157,0.257666,0.222269,0.172696,0.183489,0.217264,0.055232,0.174841,0.193181,0.254854,0.218977
799,3.995000,0.266829,0.209665,0.325025,0.249803,0.259154,0.257664,0.222268,0.172694,0.183485,0.217266,0.055231,0.174842,0.193182,0.254852,0.218978
800,4.000000,0.266830,0.209661,0.325021,0.249803,0.259155,0.257665,0.222269,0.172695,0.183484,0.217265,0.055231,0.174844,0.193180,0.254852,0.218978
801,4.005000,0.266831,0.209658,0.325021,0.249801,0.259154,0.257664,0.222266,0.172693,0.183483,0.217267,0.055229,0.174844,0.193180,0.254850,0.218978
802,4.010000,0.266829,0.209656,0.325020,0.249802,0.259153,0.257663,0.222266,0.172693,0.183483,0.217265,0.055229,0.174847,0.193180,0.254850,0.218977
803,4.015000,0.266832,0.209656,0.325017,0.249804,0.259151,0.257663,0.222266,0.172697,0.183484,0.217267,0.055230,0.174849,0.193180,0.254852,0.218978
804,4.020000,0.266834,0.209651,0.325018,0.249801,0.259152,0.257664,0.222266,0.172696,0.183481,0.217266,0.055228,0.174850,0.193177,0.254851,0.218975
805,4.025000,0.266837,0.209653,0.325019,0.249801,0.259152,0.257662,0.222268,0.172694,0.183484,0.217265,0.055227,0.174850,0.193178,0.254852,0.218976
806,4.030000,0.266838,0.209655,0.325017,0.249800,0.259154,0.257663,0.222267,0.172697,0.183482,0.217266,0.055230,0.174851,0.193177,0.254853,0.218979
807,4.035000,0.266839,0.209655,0.325015,0.249799,0.259153,0.257663,0.222268,0.172695,0.183482,0.217269,0.055229,0.174849,0.193178,0.254850,0.218975
808,4.040000,0.266840,0.209659,0.325014,0.249800,0.259155,0.257661,0.222266,0.172691,0.183482,0.217268,0.055228,0.174849,0.193176,0.254848,0.218972
809,4.045000,0.266842,0.209659,0.325013,0.249800,0.259156,0.257660,0.222268,0.172694,0.183484,0.217269,0.055232,0.174849,0.193175,0.254850,0.218975
810,4.050000,0.266844,0.209661,0.325012,0.249797,0.259157,0.257662,0.222267,0.172700,0.183483,0.217270,0.055230,0.174851,0.193176,0.254854,0.218975
811,4.055000,0.266866,0.209662,0.325015,0.249800,0.259159,0.257661,0.222270,0.172699,0.183484,0.217271,0.055229,0.174847,0.193175,0.254851,0.218972
812,4.060000,0.266846,0.209670,0.325012,0.249797,0.259161,0.257661,0.222269,0.172690,0.183483,0.217272,0.055230,0.174847,0.193176,0.254847,0.218969
813,4.065000,0.266848,0.209671,0.325013,0.249796,0.259164,0.257661,0.222270,0.172691,0.183487,0.217271,0.055231,0.174846,0.193175,0.254847,0.218975
814,4.070000,0.266873,0.209671,0.325014,0.249796,0.259165,0.257661,0.222269,0.172697,0.183489,0.217272,0.055229,0.174848,0.193175,0.254849,0.218976
815,4.075000,0.266857,0.209677,0.325015,0.249797,0.259165,0.257662,0.222272,0.172694,0.183486,0.217273,0.055229,0.174847,0.193176,0.254847,0.218977
816,4.080000,0.266881,0.209679,0.325020,0.249797,0.259167,0.257662,0.222270,0.172693,0.183491,0.217272,0.055231,0.174848,0.193178,0.254849,0.218976
817,4.085000,0.266879,0.209687,0.325025,0.249795,0.259170,0.257662,0.222274,0.172693,0.183493,0.217271,0.055231,0.174848,0.193176,0.254849,0.218979
818,4.090000,0.266881,0.209695,0.325029,0.249814,0.259187,0.257665,0.222273,0.172692,0.183493,0.217273,0.055230,0.174849,0.193180,0.254848,0.218978
819,4.095000,0.266885,0.209695,0.325030,0.249798,0.259170,0.257665,0.222272,0.172694,0.183491,0.217273,0.055232,0.174847,0.193178,0.254849,0.218980
820,4.100000,0.266886,0.209705,0.325034,0.249798,0.259170,0.257667,0.222271,0.172693,0.183491,0.217271,0.055230,0.174847,0.193178,0.254847,0.218980
821,4.105000,0.266887,0.209709,0.325037,0.249798,0.259171,0.257667,0.222274,0.172692,0.183493,0.217270,0.055231,0.174847,0.193178,0.254847,0.218979
822,4.110000,0.266887,0.209712,0.325042,0.249816,0.259186,0.257670,0.222271,0.172691,0.183490,0.217271,0.055230,0.174845,0.193179,0.254846,0.218983
823,4.115000,0.266890,0.209715,0.325045,0.249798,0.259169,0.257670,0.222274,0.172692,0.183493,0.217271,0.055231,0.174847,0.193181,0.254848,0.218982
824,4.120000,0.266891,0.209722,0.325047,0.249799,0.259169,0.257670,0.222273,0.172692,0.183493,0.217268,0.055230,0.174848,0.193192,0.254852,0.218994
825,4.125000,0.266891,0.209722,0.325050,0.249823,0.259171,0.257679,0.222275,0.172693,0.183494,0.217272,0.055231,0.174845,0.193192,0.254853,0.218999
826,4.130000,0.266898,0.209721,0.325053,0.249801,0.259167,0.257672,0.222271,0.172696,0.183493,0.217270,0.055230,0.174844,0.193192,0.254850,0.219000
827,4.135000,0.266894,0.209722,0.325056,0.249803,0.259164,0.257674,0.222272,0.172690,0.183492,0.217269,0.055230,0.174843,0.193193,0.254851,0.218998
828,4.140000,0.266891,0.209719,0.325056,0.249802,0.259165,0.257674,0.222275,0.172694,0.183494,0.217268,0.055230,0.174845,0.193195,0.254853,0.219000
829,4.145000,0.266885,0.209728,0.325073,0.249805,0.259164,0.257674,0.222274,0.172697,0.183493,0.217268,0.055231,0.174846,0.193194,0.254851,0.218999
830,4.150000,0.266894,0.209718,0.325058,0.249803,0.259162,0.257674,0.222271,0.172692,0.183491,0.217269,0.055232,0.174845,0.193183,0.254845,0.218987
831,4.155000,0.266890,0.209710,0.325059,0.249806,0.259162,0.257675,0.222273,0.172692,0.183492,0.217270,0.055230,0.174843,0.193183,0.254847,0.218988
832,4.160000,0.266886,0.209709,0.325058,0.249807,0.259159,0.257675,0.222272,0.172690,0.183494,0.217269,0.055231,0.174844,0.193185,0.254848,0.218989
833,4.165000,0.266884,0.209704,0.325057,0.249805,0.259159,0.257674,0.222273,0.172695,0.183492,0.217271,0.055234,0.174845,0.193192,0.254851,0.218998
834,4.170000,0.266881,0.209695,0.325053,0.249806,0.259156,0.257672,0.222272,0.172690,0.183491,0.217271,0.055234,0.174842,0.193182,0.254847,0.218988
835,4.175000,0.266879,0.209689,0.325047,0.249808,0.259155,0.257673,0.222271,0.172692,0.183491,0.217271,0.055233,0.174843,0.193195,0.254850,0.218999
836,4.180000,0.266874,0.209680,0.325044,0.249807,0.259156,0.257673,0.222272,0.172694,0.183492,0.217269,0.055233,0.174845,0.193185,0.254850,0.218989
837,4.185000,0.266871,0.209675,0.325038,0.249807,0.259158,0.257672,0.222271,0.172694,0.183493,0.217270,0.055233,0.174844,0.193194,0.254852,0.219000
838,4.190000,0.266849,0.209670,0.325033,0.249808,0.259155,0.257671,0.222270,0.172691,0.183491,0.217271,0.055238,0.174843,0.193184,0.254848,0.218989
839,4.195000,0.266845,0.209666,0.325028,0.249809,0.259154,0.257673,0.222272,0.172693,0.183493,0.217270,0.055234,0.174845,0.193183,0.254847,0.218987
840,4.200000,0.266842,0.209659,0.325024,0.249805,0.259156,0.257670,0.222271,0.172694,0.183492,0.217271,0.055234,0.174841,0.193193,0.254853,0.219002
841,4.205000,0.266836,0.209654,0.325018,0.249807,0.259156,0.257671,0.222268,0.172695,0.183490,0.217270,0.055235,0.174845,0.193192,0.254853,0.218999
842,4.210000,0.266839,0.209648,0.325013,0.249806,0.259155,0.257672,0.222269,0.172697,0.183492,0.217270,0.055236,0.174845,0.193192,0.254854,0.219000
843,4.215000,0.266835,0.209643,0.325011,0.249803,0.259154,0.257668,0.222270,0.172695,0.183490,0.217272,0.055233,0.174842,0.193182,0.254849,0.218987
844,4.220000,0.266836,0.209641,0.325009,0.249805,0.259153,0.257666,0.222267,0.172691,0.183489,0.217269,0.055232,0.174847,0.193189,0.254852,0.218997
845,4.225000,0.266832,0.209636,0.325007,0.249804,0.259153,0.257668,0.222266,0.172692,0.183489,0.217270,0.055233,0.174845,0.193190,0.254853,0.218999
846,4.230000,0.266830,0.209637,0.325005,0.249802,0.259154,0.257667,0.222267,0.172697,0.183487,0.217269,0.055233,0.174846,0.193179,0.254853,0.218986
847,4.235000,0.266827,0.209640,0.325004,0.249802,0.259152,0.257666,0.222265,0.172697,0.183489,0.217270,0.055234,0.174846,0.193176,0.254850,0.218984
848,4.240000,0.266828,0.209640,0.325007,0.249799,0.259153,0.257665,0.222265,0.172693,0.183486,0.217272,0.055231,0.174845,0.193176,0.254849,0.218980
849,4.245000,0.266826,0.209640,0.325005,0.249799,0.259154,0.257664,0.222265,0.172699,0.183486,0.217268,0.055233,0.174845,0.193177,0.254850,0.218984
850,4.250000,0.266823,0.209645,0.325006,0.249798,0.259154,0.257662,0.222264,0.172698,0.183485,0.217270,0.055231,0.174848,0.193172,0.254852,0.218979
851,4.255000,0.266825,0.209648,0.325006,0.249796,0.259155,0.257663,0.222264,0.172699,0.183482,0.217271,0.055230,0.174846,0.193173,0.254856,0.218979
852,4.260000,0.266823,0.209653,0.325006,0.249792,0.259156,0.257659,0.222261,0.172699,0.183485,0.217272,0.055229,0.174849,0.193172,0.254852,0.218977
853,4.265000,0.266825,0.209655,0.325007,0.249792,0.259157,0.257660,0.222264,0.172696,0.183486,0.217271,0.055231,0.174849,0.193170,0.254851,0.218975
854,4.270000,0.266822,0.209662,0.325007,0.249789,0.259161,0.257661,0.222262,0.172697,0.183487,0.217271,0.055230,0.174852,0.193168,0.254854,0.218974
855,4.275000,0.266821,0.209672,0.325008,0.249788,0.259161,0.257659,0.222263,0.172696,0.183483,0.217270,0.055228,0.174849,0.193165,0.254854,0.218971
856,4.280000,0.266824,0.209673,0.325010,0.249788,0.259165,0.257659,0.222262,0.172698,0.183485,0.217271,0.055228,0.174849,0.193167,0.254854,0.218970
857,4.285000,0.266821,0.209681,0.325011,0.249785,0.259168,0.257655,0.222264,0.172700,0.183484,0.217271,0.055231,0.174848,0.193166,0.254856,0.218972
858,4.290000,0.266821,0.209688,0.325012,0.249800,0.259189,0.257655,0.222261,0.172694,0.183485,0.217271,0.055230,0.174851,0.193163,0.254852,0.218968
859,4.295000,0.266841,0.209693,0.325013,0.249781,0.259173,0.257656,0.222261,0.172690,0.183486,0.217273,0.055231,0.174850,0.193161,0.254852,0.218966
860,4.300000,0.266844,0.209695,0.325016,0.249779,0.259175,0.257653,0.222262,0.172698,0.183486,0.217269,0.055230,0.174851,0.193153,0.254854,0.218967
861,4.305000,0.266844,0.209707,0.325016,0.249777,0.259179,0.257656,0.222264,0.172699,0.183487,0.217270,0.055229,0.174848,0.193160,0.254854,0.218966
862,4.310000,0.266842,0.209715,0.325019,0.249774,0.259185,0.257647,0.222265,0.172693,0.183488,0.217269,0.055231,0.174850,0.193159,0.254854,0.218965
863,4.315000,0.266845,0.209718,0.325021,0.249773,0.259183,0.257655,0.222263,0.172694,0.183490,0.217273,0.055232,0.174845,0.193158,0.254854,0.218966
864,4.320000,0.266844,0.209727,0.325022,0.249774,0.259187,0.257656,0.222263,0.172698,0.183492,0.217271,0.055231,0.174850,0.193158,0.254855,0.218967
865,4.325000,0.266844,0.209732,0.325025,0.249772,0.259190,0.257654,0.222264,0.172696,0.183488,0.217271,0.055231,0.174847,0.193149,0.254854,0.218958
866,4.330000,0.266845,0.209739,0.325024,0.249788,0.259210,0.257657,0.222265,0.172697,0.183491,0.217271,0.055231,0.174850,0.193148,0.254853,0.218960
867,4.335000,0.266845,0.209745,0.325029,0.249789,0.259210,0.257657,0.222264,0.172694,0.183494,0.217274,0.055230,0.174841,0.193157,0.254854,0.218967
868,4.340000,0.266846,0.209752,0.325035,0.249787,0.259210,0.257656,0.222264,0.172696,0.183494,0.217271,0.055228,0.174846,0.193155,0.254853,0.218967
869,4.345000,0.266849,0.209754,0.325036,0.249764,0.259198,0.257658,0.222265,0.172695,0.183492,0.217273,0.055229,0.174846,0.193157,0.254853,0.218966
870,4.350000,0.266850,0.209756,0.325044,0.249787,0.259213,0.257660,0.222264,0.172695,0.183491,0.217271,0.055231,0.174846,0.193157,0.254851,0.218966
871,4.355000,0.266842,0.209773,0.325059,0.249779,0.259216,0.257659,0.222264,0.172697,0.183491,0.217269,0.055230,0.174845,0.193157,0.254852,0.218966
872,4.360000,0.266842,0.209772,0.325062,0.249771,0.259191,0.257663,0.222262,0.172696,0.183493,0.217270,0.055227,0.174843,0.193157,0.254849,0.218968
873,4.365000,0.266844,0.209771,0.325069,0.249771,0.259190,0.257665,0.222263,0.172696,0.183491,0.217270,0.055230,0.174847,0.193156,0.254851,0.218967
874,4.370000,0.266845,0.209771,0.325072,0.249787,0.259207,0.257666,0.222262,0.172701,0.183493,0.217271,0.055231,0.174845,0.193157,0.254854,0.218969
875,4.375000,0.266841,0.209773,0.325073,0.249770,0.259189,0.257665,0.222260,0.172697,0.183493,0.217268,0.055232,0.174845,0.193157,0.254853,0.218969
876,4.380000,0.266840,0.209767,0.325077,0.249769,0.259183,0.257666,0.222260,0.172690,0.183492,0.217270,0.055234,0.174845,0.193157,0.254848,0.218971
877,4.385000,0.266839,0.209763,0.325078,0.249772,0.259183,0.257669,0.222261,0.172696,0.183492,0.217270,0.055232,0.174844,0.193157,0.254851,0.218972
878,4.390000,0.266837,0.209756,0.325077,0.249770,0.259179,0.257669,0.222260,0.172700,0.183491,0.217269,0.055231,0.174846,0.193158,0.254854,0.218974
879,4.395000,0.266834,0.209750,0.325077,0.249772,0.259177,0.257671,0.222259,0.172695,0.183492,0.217270,0.055233,0.174844,0.193157,0.254852,0.218973
880,4.400000,0.266831,0.209740,0.325075,0.249773,0.259174,0.257672,0.222258,0.172695,0.183495,0.217271,0.055232,0.174843,0.193160,0.254851,0.218972
881,4.405000,0.266831,0.209727,0.325060,0.249770,0.259175,0.257671,0.222259,0.172698,0.183494,0.217270,0.055233,0.174845,0.193158,0.254852,0.218977
882,4.410000,0.266808,0.209717,0.325056,0.249773,0.259175,0.257673,0.222258,0.172699,0.183494,0.217271,0.055235,0.174846,0.193157,0.254852,0.218978
883,4.415000,0.266802,0.209709,0.325050,0.249774,0.259173,0.257676,0.222258,0.172695,0.183494,0.217269,0.055234,0.174845,0.193169,0.254856,0.218989
884,4.420000,0.266801,0.209697,0.325044,0.249772,0.259170,0.257672,0.222260,0.172697,0.183497,0.217270,0.055233,0.174845,0.193158,0.254852,0.218979
885,4.425000,0.266794,0.209686,0.325040,0.249773,0.259170,0.257677,0.222257,0.172698,0.183498,0.217268,0.055234,0.174845,0.193149,0.254850,0.218975
886,4.430000,0.266792,0.209676,0.325033,0.249767,0.259173,0.257674,0.222259,0.172699,0.183495,0.217269,0.055233,0.174844,0.193160,0.254854,0.218979
887,4.435000,0.266790,0.209669,0.325028,0.249773,0.259168,0.257678,0.222258,0.172697,0.183496,0.217269,0.055233,0.174843,0.193158,0.254853,0.218979
888,4.440000,0.266787,0.209659,0.325024,0.249772,0.259165,0.257677,0.222257,0.172699,0.183498,0.217268,0.055235,0.174844,0.193158,0.254851,0.218981
889,4.445000,0.266787,0.209651,0.325020,0.249771,0.259166,0.257678,0.222258,0.172700,0.183498,0.217271,0.055234,0.174844,0.193158,0.254853,0.218982
890,4.450000,0.266786,0.209643,0.325015,0.249773,0.259167,0.257679,0.222260,0.172701,0.183498,0.217270,0.055232,0.174840,0.193161,0.254855,0.218983
891,4.455000,0.266782,0.209637,0.325013,0.249774,0.259162,0.257680,0.222257,0.172696,0.183494,0.217270,0.055233,0.174842,0.193162,0.254852,0.218982
892,4.460000,0.266777,0.209637,0.325014,0.249765,0.259155,0.257694,0.222257,0.172696,0.183496,0.217272,0.055235,0.174838,0.193159,0.254852,0.218982
893,4.465000,0.266778,0.209633,0.325012,0.249772,0.259158,0.257681,0.222257,0.172699,0.183496,0.217272,0.055235,0.174841,0.193159,0.254851,0.218983
894,4.470000,0.266785,0.209626,0.325014,0.249772,0.259160,0.257680,0.222259,0.172701,0.183496,0.217271,0.055232,0.174840,0.193158,0.254852,0.218984
895,4.475000,0.266785,0.209630,0.325013,0.249766,0.259153,0.257697,0.222258,0.172699,0.183494,0.217270,0.055233,0.174841,0.193157,0.254853,0.218985
896,4.480000,0.266777,0.209634,0.325018,0.249763,0.259149,0.257696,0.222257,0.172698,0.183496,0.217270,0.055235,0.174841,0.193158,0.254851,0.218984
897,4.485000,0.266781,0.209634,0.325021,0.249765,0.259147,0.257695,0.222256,0.172697,0.183494,0.217273,0.055232,0.174838,0.193157,0.254851,0.218983
898,4.490000,0.266783,0.209636,0.325023,0.249762,0.259152,0.257696,0.222257,0.172699,0.183492,0.217272,0.055231,0.174841,0.193157,0.254851,0.218985
899,4.495000,0.266787,0.209640,0.325026,0.249763,0.259150,0.257694,0.222256,0.172701,0.183490,0.217272,0.055233,0.174840,0.193158,0.254850,0.218982
900,4.500000,0.266787,0.209642,0.325027,0.249763,0.259149,0.257694,0.222256,0.172700,0.183491,0.217273,0.055233,0.174839,0.193154,0.254851,0.218983
901,4.505000,0.266787,0.209649,0.325030,0.249768,0.259154,0.257680,0.222258,0.172697,0.183492,0.217272,0.055233,0.174838,0.193154,0.254849,0.218982
902,4.510000,0.266789,0.209652,0.325030,0.249762,0.259151,0.257694,0.222258,0.172698,0.183489,0.217270,0.055233,0.174843,0.193154,0.254849,0.218981
903,4.515000,0.266793,0.209657,0.325031,0.249763,0.259156,0.257691,0.222256,0.172701,0.183490,0.217274,0.055231,0.174839,0.193153,0.254849,0.218981
904,4.520000,0.266792,0.209661,0.325032,0.249761,0.259156,0.257693,0.222259,0.172700,0.183494,0.217271,0.055233,0.174843,0.193154,0.254851,0.218981
905,4.525000,0.266793,0.209668,0.325031,0.249760,0.259157,0.257692,0.222262,0.172697,0.183494,0.217272,0.055234,0.174843,0.193154,0.254850,0.218977
906,4.530000,0.266794,0.209672,0.325030,0.249766,0.259166,0.257678,0.222262,0.172694,0.183494,0.217271,0.055234,0.174842,0.193152,0.254847,0.218975
907,4.535000,0.266799,0.209675,0.325030,0.249766,0.259168,0.257676,0.222261,0.172700,0.183495,0.217273,0.055231,0.174841,0.193155,0.254851,0.218976
908,4.540000,0.266800,0.209678,0.325026,0.249767,0.259171,0.257678,0.222261,0.172698,0.183500,0.217275,0.055232,0.174843,0.193145,0.254849,0.218969
909,4.545000,0.266799,0.209682,0.325030,0.249766,0.259173,0.257676,0.222264,0.172697,0.183499,0.217275,0.055233,0.174838,0.193156,0.254848,0.218974
910,4.550000,0.266803,0.209688,0.325027,0.249767,0.259178,0.257677,0.222263,0.172696,0.183499,0.217271,0.055235,0.174843,0.193156,0.254851,0.218975
911,4.555000,0.266824,0.209688,0.325029,0.249761,0.259184,0.257677,0.222263,0.172696,0.183499,0.217274,0.055231,0.174837,0.193148,0.254849,0.218969
912,4.560000,0.266805,0.209699,0.325029,0.249760,0.259185,0.257675,0.222262,0.172698,0.183500,0.217271,0.055230,0.174839,0.193155,0.254852,0.218973
913,4.565000,0.266830,0.209696,0.325033,0.249783,0.259201,0.257678,0.222262,0.172697,0.183499,0.217271,0.055232,0.174841,0.193157,0.254855,0.218973
914,4.570000,0.266811,0.209709,0.325033,0.249761,0.259186,0.257675,0.222263,0.172702,0.183500,0.217269,0.055230,0.174845,0.193158,0.254853,0.218973
915,4.575000,0.266833,0.209709,0.325039,0.249769,0.259182,0.257678,0.222262,0.172696,0.183498,0.217269,0.055232,0.174845,0.193159,0.254851,0.218972
916,4.580000,0.266832,0.209717,0.325043,0.249770,0.259182,0.257675,0.222264,0.172690,0.183499,0.217270,0.055231,0.174842,0.193158,0.254851,0.218972
917,4.585000,0.266833,0.209719,0.325046,0.249771,0.259181,0.257674,0.222265,0.172697,0.183501,0.217269,0.055232,0.174846,0.193159,0.254851,0.218974
918,4.590000,0.266834,0.209725,0.325050,0.249772,0.259181,0.257674,0.222264,0.172698,0.183498,0.217270,0.055233,0.174845,0.193159,0.254854,0.218971
919,4.595000,0.266838,0.209729,0.325053,0.249774,0.259181,0.257672,0.222265,0.172694,0.183496,0.217270,0.055235,0.174845,0.193161,0.254851,0.218968
920,4.600000,0.266837,0.209733,0.325056,0.249768,0.259181,0.257669,0.222264,0.172695,0.183496,0.217271,0.055230,0.174843,0.193160,0.254851,0.218972
921,4.605000,0.266837,0.209736,0.325060,0.249770,0.259182,0.257669,0.222261,0.172698,0.183495,0.217265,0.055234,0.174849,0.193162,0.254852,0.218973
922,4.610000,0.266839,0.209735,0.325061,0.249779,0.259176,0.257669,0.222264,0.172695,0.183494,0.217269,0.055234,0.174843,0.193163,0.254852,0.218972
923,4.615000,0.266839,0.209733,0.325061,0.249777,0.259176,0.257668,0.222264,0.172697,0.183491,0.217266,0.055231,0.174847,0.193164,0.254853,0.218969
924,4.620000,0.266836,0.209729,0.325059,0.249778,0.259175,0.257666,0.222261,0.172697,0.183493,0.217265,0.055231,0.174844,0.193164,0.254854,0.218968
925,4.625000,0.266835,0.209726,0.325059,0.249781,0.259175,0.257668,0.222264,0.172700,0.183493,0.217269,0.055229,0.174847,0.193166,0.254855,0.218971
926,4.630000,0.266833,0.209721,0.325053,0.249782,0.259173,0.257666,0.222263,0.172694,0.183492,0.217267,0.055232,0.174846,0.193166,0.254856,0.218969
927,4.635000,0.266835,0.209714,0.325048,0.249784,0.259172,0.257665,0.222262,0.172695,0.183489,0.217269,0.055232,0.174841,0.193167,0.254853,0.218969
928,4.640000,0.266814,0.209711,0.325040,0.249783,0.259175,0.257663,0.222264,0.172698,0.183492,0.217267,0.055233,0.174841,0.193168,0.254855,0.218970
929,4.645000,0.266830,0.209701,0.325038,0.249786,0.259171,0.257663,0.222263,0.172698,0.183491,0.217267,0.055233,0.174849,0.193168,0.254855,0.218968
930,4.650000,0.266812,0.209693,0.325029,0.249802,0.259192,0.257662,0.222264,0.172697,0.183492,0.217269,0.055233,0.174841,0.193171,0.254855,0.218965
931,4.655000,0.266807,0.209690,0.325026,0.249786,0.259171,0.257660,0.222264,0.172695,0.183488,0.217267,0.055232,0.174846,0.193169,0.254855,0.218965
932,4.660000,0.266811,0.209681,0.325021,0.249804,0.259191,0.257659,0.222263,0.172699,0.183494,0.217268,0.055234,0.174846,0.193169,0.254857,0.218968
933,4.665000,0.266810,0.209676,0.325014,0.249789,0.259172,0.257660,0.222264,0.172695,0.183493,0.217265,0.055234,0.174843,0.193169,0.254860,0.218969
934,4.670000,0.266811,0.209669,0.325009,0.249790,0.259170,0.257658,0.222265,0.172697,0.183490,0.217267,0.055234,0.174842,0.193169,0.254858,0.218966
935,4.675000,0.266810,0.209663,0.325002,0.249790,0.259169,0.257657,0.222264,0.172697,0.183494,0.217267,0.055234,0.174845,0.193171,0.254859,0.218967
936,4.680000,0.266812,0.209657,0.324997,0.249791,0.259167,0.257656,0.222266,0.172698,0.183491,0.217267,0.055232,0.174845,0.193170,0.254860,0.218968
937,4.685000,0.266813,0.209654,0.324994,0.249790,0.259170,0.257653,0.222267,0.172696,0.183494,0.217269,0.055231,0.174844,0.193172,0.254856,0.218965
938,4.690000,0.266815,0.209650,0.324989,0.249790,0.259169,0.257655,0.222265,0.172694,0.183488,0.217269,0.055234,0.174843,0.193172,0.254857,0.218966
939,4.695000,0.266815,0.209649,0.324987,0.249792,0.259169,0.257655,0.222266,0.172695,0.183489,0.217271,0.055232,0.174844,0.193172,0.254854,0.218966
940,4.700000,0.266817,0.209649,0.324984,0.249791,0.259167,0.257655,0.222265,0.172696,0.183485,0.217270,0.055231,0.174843,0.193172,0.254853,0.218966
941,4.705000,0.266825,0.209645,0.324987,0.249793,0.259166,0.257654,0.222265,0.172697,0.183488,0.217268,0.055232,0.174842,0.193172,0.254857,0.218967
942,4.710000,0.266825,0.209646,0.324986,0.249795,0.259166,0.257655,0.222264,0.172695,0.183488,0.217273,0.055234,0.174843,0.193173,0.254853,0.218966
943,4.715000,0.266826,0.209650,0.324989,0.249792,0.259164,0.257653,0.222264,0.172693,0.183484,0.217272,0.055232,0.174839,0.193172,0.254856,0.218966
944,4.720000,0.266833,0.209652,0.324990,0.249793,0.259163,0.257656,0.222266,0.172697,0.183488,0.217270,0.055232,0.174843,0.193173,0.254854,0.218968
945,4.725000,0.266832,0.209656,0.324992,0.249793,0.259164,0.257655,0.222266,0.172696,0.183486,0.217270,0.055234,0.174845,0.193174,0.254855,0.218968
946,4.730000,0.266837,0.209660,0.324992,0.249811,0.259182,0.257654,0.222265,0.172697,0.183488,0.217272,0.055233,0.174841,0.193172,0.254855,0.218965
947,4.735000,0.266843,0.209659,0.324994,0.249796,0.259163,0.257654,0.222269,0.172696,0.183486,0.217270,0.055231,0.174842,0.193173,0.254853,0.218966
948,4.740000,0.266846,0.209663,0.324995,0.249793,0.259169,0.257647,0.222266,0.172694,0.183487,0.217272,0.055232,0.174843,0.193172,0.254853,0.218968
949,4.745000,0.266845,0.209668,0.324996,0.249794,0.259165,0.257654,0.222268,0.172694,0.183486,0.217273,0.055233,0.174841,0.193174,0.254856,0.218969
950,4.750000,0.266851,0.209666,0.324996,0.249796,0.259169,0.257649,0.222268,0.172698,0.183488,0.217272,0.055232,0.174845,0.193175,0.254854,0.218969
951,4.755000,0.266876,0.209662,0.324998,0.249797,0.259171,0.257655,0.222268,0.172693,0.183487,0.217272,0.055231,0.174841,0.193176,0.254853,0.218968
952,4.760000,0.266877,0.209667,0.324996,0.249795,0.259172,0.257656,0.222268,0.172693,0.183491,0.217271,0.055235,0.174841,0.193175,0.254852,0.218970
953,4.765000,0.266878,0.209673,0.324996,0.249798,0.259171,0.257657,0.222272,0.172696,0.183492,0.217270,0.055234,0.174843,0.193177,0.254852,0.218972
954,4.770000,0.266885,0.209673,0.324996,0.249814,0.259194,0.257657,0.222272,0.172696,0.183493,0.217271,0.055235,0.174841,0.193177,0.254853,0.218970
955,4.775000,0.266888,0.209677,0.324997,0.249821,0.259180,0.257667,0.222273,0.172696,0.183493,0.217272,0.055234,0.174842,0.193178,0.254854,0.218972
956,4.780000,0.266888,0.209683,0.324998,0.249798,0.259176,0.257657,0.222272,0.172695,0.183494,0.217271,0.055234,0.174839,0.193178,0.254853,0.218972
957,4.785000,0.266893,0.209687,0.324999,0.249800,0.259177,0.257656,0.222271,0.172695,0.183494,0.217272,0.055234,0.174840,0.193177,0.254851,0.218974
958,4.790000,0.266895,0.209692,0.324999,0.249799,0.259178,0.257656,0.222272,0.172693,0.183495,0.217272,0.055234,0.174839,0.193179,0.254853,0.218972
959,4.795000,0.266900,0.209695,0.325003,0.249821,0.259182,0.257666,0.222272,0.172692,0.183493,0.217271,0.055233,0.174838,0.193178,0.254856,0.218974
960,4.800000,0.266902,0.209697,0.325004,0.249801,0.259177,0.257657,0.222273,0.172693,0.183494,0.217271,0.055234,0.174840,0.193179,0.254849,0.218972
961,4.805000,0.266902,0.209705,0.325010,0.249819,0.259195,0.257657,0.222273,0.172693,0.183493,0.217272,0.055234,0.174838,0.193181,0.254857,0.218974
962,4.810000,0.266908,0.209703,0.325013,0.249824,0.259179,0.257667,0.222272,0.172691,0.183492,0.217273,0.055234,0.174837,0.193180,0.254852,0.218974
963,4.815000,0.266906,0.209710,0.325013,0.249804,0.259175,0.257655,0.222273,0.172694,0.183493,0.217273,0.055235,0.174839,0.193179,0.254851,0.218974
964,4.820000,0.266907,0.209711,0.325015,0.249806,0.259172,0.257657,0.222271,0.172695,0.183492,0.217270,0.055235,0.174838,0.193180,0.254854,0.218975
965,4.825000,0.266910,0.209706,0.325017,0.249828,0.259177,0.257666,0.222272,0.172695,0.183492,0.217272,0.055233,0.174839,0.193180,0.254854,0.218976
966,4.830000,0.266908,0.209710,0.325017,0.249805,0.259173,0.257655,0.222272,0.172691,0.183491,0.217267,0.055235,0.174840,0.193181,0.254851,0.218975
967,4.835000,0.266911,0.209705,0.325017,0.249805,0.259173,0.257655,0.222272,0.172696,0.183491,0.217268,0.055235,0.174839,0.193178,0.254853,0.218978
968,4.840000,0.266915,0.209703,0.325015,0.249829,0.259177,0.257666,0.222270,0.172697,0.183491,0.217270,0.055236,0.174841,0.193181,0.254855,0.218979
969,4.845000,0.266911,0.209704,0.325013,0.249828,0.259175,0.257664,0.222270,0.172696,0.183489,0.217269,0.055236,0.174841,0.193182,0.254853,0.218978
970,4.850000,0.266910,0.209698,0.325010,0.249809,0.259171,0.257654,0.222269,0.172695,0.183491,0.217268,0.055233,0.174842,0.193178,0.254853,0.218978
971,4.855000,0.266911,0.209692,0.325005,0.249808,0.259170,0.257655,0.222269,0.172697,0.183488,0.217265,0.055235,0.174842,0.193179,0.254854,0.218978
972,4.860000,0.266909,0.209687,0.325005,0.249807,0.259171,0.257654,0.222269,0.172699,0.183488,0.217267,0.055233,0.174843,0.193180,0.254855,0.218976
973,4.865000,0.266907,0.209683,0.324994,0.249806,0.259172,0.257653,0.222267,0.172697,0.183488,0.217267,0.055233,0.174846,0.193178,0.254855,0.218976
974,4.870000,0.266905,0.209676,0.324992,0.249808,0.259170,0.257652,0.222268,0.172699,0.183489,0.217266,0.055236,0.174844,0.193175,0.254855,0.218977
975,4.875000,0.266906,0.209669,0.324986,0.249807,0.259171,0.257651,0.222266,0.172694,0.183485,0.217263,0.055236,0.174845,0.193176,0.254855,0.218976
976,4.880000,0.266902,0.209664,0.324978,0.249822,0.259196,0.257643,0.222266,0.172700,0.183487,0.217265,0.055235,0.174846,0.193174,0.254856,0.218977
977,4.885000,0.266904,0.209659,0.324971,0.249823,0.259181,0.257652,0.222266,0.172701,0.183487,0.217267,0.055235,0.174846,0.193175,0.254856,0.218977
978,4.890000,0.266882,0.209657,0.324962,0.249805,0.259174,0.257648,0.222265,0.172697,0.183484,0.217266,0.055233,0.174844,0.193174,0.254854,0.218976
979,4.895000,0.266877,0.209655,0.324961,0.249803,0.259175,0.257640,0.222264,0.172698,0.183485,0.217265,0.055236,0.174844,0.193173,0.254854,0.218974
980,4.900000,0.266879,0.209648,0.324955,0.249801,0.259172,0.257645,0.222266,0.172699,0.183486,0.217266,0.055233,0.174846,0.193171,0.254855,0.218974
981,4.905000,0.266880,0.209650,0.324948,0.249801,0.259178,0.257635,0.222264,0.172699,0.183485,0.217266,0.055232,0.174845,0.193170,0.254858,0.218971
982,4.910000,0.266881,0.209647,0.324944,0.249815,0.259195,0.257642,0.222263,0.172698,0.183483,0.217266,0.055236,0.174845,0.193168,0.254855,0.218972
983,4.915000,0.266880,0.209645,0.324943,0.249797,0.259180,0.257634,0.222262,0.172696,0.183485,0.217267,0.055233,0.174845,0.193167,0.254857,0.218971
984,4.920000,0.266897,0.209643,0.324944,0.249796,0.259180,0.257634,0.222261,0.172699,0.183485,0.217267,0.055234,0.174847,0.193167,0.254855,0.218968
985,4.925000,0.266880,0.209644,0.324940,0.249796,0.259180,0.257633,0.222264,0.172699,0.183483,0.217269,0.055232,0.174846,0.193166,0.254854,0.218971
986,4.930000,0.266877,0.209650,0.324940,0.249796,0.259180,0.257632,0.222264,0.172697,0.183483,0.217271,0.055234,0.174843,0.193166,0.254855,0.218968
987,4.935000,0.266898,0.209645,0.324941,0.249795,0.259180,0.257632,0.222263,0.172698,0.183483,0.217270,0.055233,0.174843,0.193164,0.254852,0.218970
988,4.940000,0.266880,0.209653,0.324940,0.249791,0.259179,0.257640,0.222263,0.172698,0.183485,0.217269,0.055231,0.174844,0.193162,0.254853,0.218968
989,4.945000,0.266900,0.209653,0.324943,0.249791,0.259184,0.257631,0.222264,0.172699,0.183482,0.217267,0.055234,0.174844,0.193162,0.254855,0.218968
990,4.950000,0.266898,0.209661,0.324948,0.249790,0.259184,0.257632,0.222263,0.172699,0.183483,0.217269,0.055232,0.174845,0.193152,0.254855,0.218964
991,4.955000,0.266897,0.209669,0.324951,0.249787,0.259187,0.257634,0.222262,0.172699,0.183479,0.217271,0.055233,0.174845,0.193152,0.254856,0.218964
992,4.960000,0.266902,0.209672,0.324955,0.249803,0.259204,0.257633,0.222262,0.172701,0.183481,0.217268,0.055234,0.174845,0.193157,0.254853,0.218968
993,4.965000,0.266902,0.209677,0.324960,0.249802,0.259205,0.257636,0.222262,0.172697,0.183481,0.217267,0.055234,0.174843,0.193149,0.254852,0.218962
994,4.970000,0.266900,0.209687,0.324964,0.249785,0.259188,0.257634,0.222261,0.172701,0.183482,0.217270,0.055233,0.174844,0.193157,0.254854,0.218966
995,4.975000,0.266902,0.209690,0.324969,0.249800,0.259202,0.257642,0.222262,0.172699,0.183483,0.217269,0.055234,0.174845,0.193156,0.254851,0.218965
996,4.980000,0.266905,0.209696,0.324973,0.249781,0.259187,0.257633,0.222264,0.172698,0.183485,0.217269,0.055233,0.174843,0.193155,0.254852,0.218966
997,4.985000,0.266902,0.209703,0.324977,0.249797,0.259209,0.257637,0.222265,0.172700,0.183485,0.217269,0.055234,0.174842,0.193149,0.254852,0.218961
998,4.990000,0.266902,0.209706,0.324978,0.249795,0.259210,0.257636,0.222263,0.172699,0.183484,0.217270,0.055233,0.174843,0.193155,0.254852,0.218966
999,4.995000,0.266895,0.209712,0.324985,0.249797,0.259212,0.257639,0.222264,0.172696,0.183485,0.217273,0.055233,0.174842,0.193154,0.254853,0.218964
1000,5.000000,0.266896,0.209718,0.324985,0.249778,0.259195,0.257641,0.222264,0.172702,0.183486,0.217271,0.055235,0.174842,0.193156,0.254853,0.218965
1001,5.005000,0.266893,0.209718,0.324990,0.249778,0.259196,0.257640,0.222264,0.172699,0.183487,0.217270,0.055234,0.174842,0.193154,0.254853,0.218967
1002,5.010000,0.266892,0.209720,0.324992,0.249795,0.259209,0.257650,0.222265,0.172699,0.183489,0.217270,0.055237,0.174844,0.193155,0.254855,0.218967
1003,5.015000,0.266890,0.209722,0.324994,0.249795,0.259210,0.257651,0.222265,0.172697,0.183491,0.217271,0.055233,0.174843,0.193156,0.254853,0.218968
1004,5.020000,0.266886,0.209723,0.324995,0.249795,0.259212,0.257651,0.222266,0.172699,0.183490,0.217272,0.055233,0.174843,0.193157,0.254853,0.218968
1005,5.025000,0.266882,0.209725,0.324999,0.249793,0.259216,0.257645,0.222267,0.172700,0.183494,0.217271,0.055236,0.174844,0.193155,0.254854,0.218970
1006,5.030000,0.266881,0.209722,0.325001,0.249792,0.259214,0.257647,0.222266,0.172697,0.183494,0.217272,0.055233,0.174843,0.193159,0.254853,0.218969
1007,5.035000,0.266874,0.209723,0.325004,0.249778,0.259192,0.257655,0.222267,0.172697,0.183492,0.217274,0.055235,0.174841,0.193158,0.254852,0.218967
1008,5.040000,0.266870,0.209721,0.325010,0.249776,0.259196,0.257647,0.222265,0.172698,0.183493,0.217272,0.055238,0.174846,0.193157,0.254854,0.218969
1009,5.045000,0.266867,0.209722,0.325012,0.249778,0.259191,0.257657,0.222268,0.172699,0.183494,0.217275,0.055235,0.174841,0.193158,0.254855,0.218970
1010,5.050000,0.266863,0.209717,0.325016,0.249795,0.259207,0.257657,0.222265,0.172696,0.183493,0.217272,0.055236,0.174843,0.193160,0.254852,0.218966
1011,5.055000,0.266859,0.209716,0.325017,0.249777,0.259186,0.257658,0.222265,0.172697,0.183492,0.217270,0.055236,0.174845,0.193160,0.254853,0.218969
1012,5.060000,0.266851,0.209714,0.325020,0.249794,0.259201,0.257657,0.222268,0.172698,0.183493,0.217272,0.055235,0.174844,0.193159,0.254854,0.218969
1013,5.065000,0.266851,0.209707,0.325021,0.249779,0.259182,0.257661,0.222265,0.172699,0.183490,0.217274,0.055237,0.174843,0.193161,0.254855,0.218972
1014,5.070000,0.266844,0.209704,0.325019,0.249779,0.259181,0.257660,0.222267,0.172699,0.183492,0.217271,0.055236,0.174843,0.193152,0.254851,0.218963
1015,5.075000,0.266841,0.209699,0.325021,0.249778,0.259179,0.257661,0.222266,0.172700,0.183493,0.217271,0.055237,0.174843,0.193162,0.254858,0.218969
1016,5.080000,0.266832,0.209695,0.325023,0.249779,0.259176,0.257662,0.222266,0.172699,0.183491,0.217269,0.055237,0.174841,0.193162,0.254855,0.218971
1017,5.085000,0.266832,0.209685,0.325021,0.249781,0.259176,0.257664,0.222266,0.172699,0.183489,0.217271,0.055236,0.174841,0.193162,0.254856,0.218970
1018,5.090000,0.266806,0.209686,0.325018,0.249778,0.259174,0.257663,0.222265,0.172700,0.183488,0.217270,0.055237,0.174843,0.193163,0.254856,0.218970
1019,5.095000,0.266798,0.209682,0.325017,0.249781,0.259173,0.257664,0.222266,0.172699,0.183490,0.217269,0.055237,0.174840,0.193165,0.254855,0.218969
1020,5.100000,0.266795,0.209675,0.325017,0.249778,0.259171,0.257664,0.222266,0.172698,0.183488,0.217268,0.055238,0.174841,0.193164,0.254858,0.218969
1021,5.105000,0.266789,0.209669,0.325015,0.249778,0.259169,0.257666,0.222266,0.172699,0.183489,0.217269,0.055236,0.174841,0.193165,0.254857,0.218969
1022,5.110000,0.266789,0.209663,0.325013,0.249778,0.259169,0.257666,0.222264,0.172701,0.183489,0.217269,0.055236,0.174841,0.193164,0.254858,0.218969
1023,5.115000,0.266785,0.209658,0.325010,0.249777,0.259167,0.257666,0.222265,0.172699,0.183488,0.217268,0.055236,0.174842,0.193164,0.254858,0.218969
1024,5.120000,0.266780,0.209652,0.325008,0.249777,0.259167,0.257665,0.222265,0.172699,0.183489,0.217266,0.055235,0.174840,0.193162,0.254857,0.218968
1025,5.125000,0.266777,0.209649,0.325004,0.249775,0.259167,0.257665,0.222266,0.172700,0.183488,0.217269,0.055236,0.174837,0.193163,0.254859,0.218964
1026,5.130000,0.266774,0.209643,0.325002,0.249775,0.259170,0.257665,0.222262,0.172703,0.183488,0.217268,0.055235,0.174841,0.193157,0.254859,0.218962
1027,5.135000,0.266769,0.209644,0.324999,0.249774,0.259169,0.257667,0.222264,0.172700,0.183488,0.217268,0.055235,0.174840,0.193163,0.254859,0.218964
1028,5.140000,0.266768,0.209638,0.324997,0.249774,0.259170,0.257666,0.222264,0.172694,0.183487,0.217266,0.055235,0.174842,0.193162,0.254856,0.218962
1029,5.145000,0.266763,0.209638,0.324994,0.249772,0.259169,0.257665,0.222265,0.172699,0.183488,0.217269,0.055234,0.174843,0.193162,0.254856,0.218962
1030,5.150000,0.266761,0.209635,0.324993,0.249771,0.259170,0.257665,0.222265,0.172703,0.183490,0.217269,0.055236,0.174841,0.193154,0.254860,0.218958
1031,5.155000,0.266759,0.209639,0.324993,0.249769,0.259172,0.257666,0.222265,0.172699,0.183487,0.217271,0.055234,0.174843,0.193161,0.254859,0.218960
1032,5.160000,0.266762,0.209638,0.324997,0.249768,0.259171,0.257666,0.222266,0.172697,0.183490,0.217269,0.055235,0.174843,0.193160,0.254860,0.218961
1033,5.165000,0.266754,0.209649,0.325001,0.249761,0.259175,0.257664,0.222266,0.172699,0.183491,0.217269,0.055233,0.174842,0.193157,0.254859,0.218961
1034,5.170000,0.266752,0.209650,0.325004,0.249768,0.259175,0.257666,0.222264,0.172700,0.183489,0.217268,0.055235,0.174845,0.193157,0.254859,0.218959
1035,5.175000,0.266754,0.209656,0.325008,0.249767,0.259173,0.257668,0.222265,0.172696,0.183486,0.217270,0.055235,0.174842,0.193159,0.254861,0.218957
1036,5.180000,0.266754,0.209661,0.325011,0.249756,0.259177,0.257664,0.222267,0.172698,0.183490,0.217268,0.055231,0.174845,0.193157,0.254860,0.218957
1037,5.185000,0.266755,0.209665,0.325015,0.249763,0.259174,0.257666,0.222265,0.172697,0.183491,0.217269,0.055233,0.174843,0.193158,0.254859,0.218957
1038,5.190000,0.266753,0.209673,0.325019,0.249763,0.259175,0.257667,0.222264,0.172698,0.183488,0.217269,0.055232,0.174843,0.193156,0.254859,0.218957
1039,5.195000,0.266756,0.209679,0.325024,0.249754,0.259182,0.257663,0.222266,0.172697,0.183490,0.217270,0.055233,0.174843,0.193157,0.254860,0.218956
1040,5.200000,0.266756,0.209682,0.325028,0.249755,0.259184,0.257664,0.222264,0.172699,0.183488,0.217270,0.055233,0.174842,0.193157,0.254858,0.218953
1041,5.205000,0.266754,0.209692,0.325029,0.249752,0.259184,0.257666,0.222266,0.172696,0.183487,0.217267,0.055231,0.174845,0.193147,0.254856,0.218948
1042,5.210000,0.266756,0.209699,0.325032,0.249758,0.259181,0.257667,0.222265,0.172697,0.183489,0.217269,0.055233,0.174842,0.193147,0.254859,0.218949
1043,5.215000,0.266755,0.209705,0.325038,0.249751,0.259188,0.257667,0.222265,0.172699,0.183489,0.217267,0.055233,0.174845,0.193155,0.254861,0.218954
1044,5.220000,0.266756,0.209709,0.325039,0.249750,0.259190,0.257665,0.222265,0.172697,0.183490,0.217266,0.055232,0.174843,0.193156,0.254861,0.218952
1045,5.225000,0.266759,0.209714,0.325044,0.249751,0.259189,0.257666,0.222267,0.172698,0.183490,0.217267,0.055232,0.174844,0.193154,0.254859,0.218955
1046,5.230000,0.266760,0.209719,0.325045,0.249750,0.259191,0.257668,0.222266,0.172698,0.183490,0.217266,0.055235,0.174844,0.193156,0.254862,0.218955
1047,5.235000,0.266760,0.209723,0.325045,0.249750,0.259193,0.257667,0.222266,0.172701,0.183493,0.217268,0.055229,0.174844,0.193145,0.254862,0.218951
1048,5.240000,0.266762,0.209725,0.325050,0.249750,0.259194,0.257667,0.222266,0.172697,0.183494,0.217268,0.055231,0.174843,0.193146,0.254860,0.218950
1049,5.245000,0.266759,0.209730,0.325050,0.249766,0.259212,0.257669,0.222267,0.172696,0.183496,0.217268,0.055232,0.174846,0.193154,0.254859,0.218956
1050,5.250000,0.266785,0.209723,0.325055,0.249748,0.259197,0.257670,0.222265,0.172698,0.183495,0.217267,0.055231,0.174844,0.193147,0.254859,0.218951
1051,5.255000,0.266783,0.209725,0.325053,0.249751,0.259198,0.257671,0.222266,0.172699,0.183495,0.217268,0.055233,0.174843,0.193153,0.254862,0.218956
1052,5.260000,0.266762,0.209729,0.325051,0.249750,0.259197,0.257671,0.222265,0.172698,0.183493,0.217266,0.055232,0.174841,0.193154,0.254861,0.218956
1053,5.265000,0.266760,0.209728,0.325049,0.249766,0.259217,0.257672,0.222264,0.172699,0.183495,0.217266,0.055232,0.174845,0.193147,0.254860,0.218952
1054,5.270000,0.266757,0.209729,0.325050,0.249749,0.259196,0.257671,0.222264,0.172698,0.183496,0.217265,0.055231,0.174843,0.193153,0.254859,0.218958
1055,5.275000,0.266758,0.209726,0.325050,0.249750,0.259196,0.257671,0.222264,0.172698,0.183495,0.217266,0.055233,0.174844,0.193155,0.254861,0.218960
1056,5.280000,0.266758,0.209720,0.325048,0.249749,0.259197,0.257670,0.222265,0.172702,0.183495,0.217264,0.055231,0.174845,0.193152,0.254861,0.218959
1057,5.285000,0.266762,0.209717,0.325047,0.249748,0.259194,0.257670,0.222262,0.172697,0.183494,0.217266,0.055231,0.174844,0.193145,0.254858,0.218954
1058,5.290000,0.266759,0.209715,0.325048,0.249750,0.259192,0.257670,0.222261,0.172697,0.183494,0.217265,0.055234,0.174845,0.193145,0.254858,0.218956
1059,5.295000,0.266759,0.209712,0.325047,0.249752,0.259194,0.257670,0.222260,0.172701,0.183494,0.217267,0.055233,0.174845,0.193153,0.254861,0.218965
1060,5.300000,0.266763,0.209707,0.325044,0.249749,0.259191,0.257673,0.222261,0.172702,0.183495,0.217264,0.055233,0.174846,0.193152,0.254861,0.218963
1061,5.305000,0.266757,0.209705,0.325042,0.249752,0.259191,0.257673,0.222261,0.172701,0.183494,0.217265,0.055232,0.174847,0.193143,0.254861,0.218957
1062,5.310000,0.266758,0.209699,0.325042,0.249750,0.259187,0.257669,0.222261,0.172699,0.183495,0.217265,0.055233,0.174849,0.193145,0.254859,0.218960
1063,5.315000,0.266757,0.209692,0.325039,0.249752,0.259186,0.257670,0.222261,0.172702,0.183496,0.217266,0.055232,0.174846,0.193150,0.254860,0.218966
1064,5.320000,0.266754,0.209688,0.325036,0.249751,0.259185,0.257671,0.222257,0.172701,0.183494,0.217267,0.055232,0.174844,0.193149,0.254859,0.218968
1065,5.325000,0.266756,0.209683,0.325032,0.249752,0.259185,0.257672,0.222260,0.172701,0.183493,0.217267,0.055231,0.174846,0.193142,0.254860,0.218961
1066,5.330000,0.266760,0.209677,0.325028,0.249750,0.259175,0.257689,0.222258,0.172700,0.183493,0.217267,0.055232,0.174843,0.193150,0.254860,0.218966
1067,5.335000,0.266758,0.209669,0.325022,0.249752,0.259183,0.257672,0.222256,0.172704,0.183493,0.217265,0.055232,0.174846,0.193150,0.254861,0.218969
1068,5.340000,0.266758,0.209667,0.325020,0.249753,0.259184,0.257671,0.222259,0.172703,0.183493,0.217265,0.055233,0.174844,0.193150,0.254860,0.218969
1069,5.345000,0.266761,0.209661,0.325013,0.249744,0.259178,0.257686,0.222257,0.172701,0.183491,0.217267,0.055234,0.174846,0.193151,0.254857,0.218967
1070,5.350000,0.266762,0.209654,0.325009,0.249756,0.259178,0.257672,0.222255,0.172702,0.183492,0.217265,0.055235,0.174845,0.193149,0.254859,0.218969
1071,5.355000,0.266766,0.209654,0.325007,0.249758,0.259177,0.257674,0.222255,0.172703,0.183494,0.217265,0.055234,0.174842,0.193147,0.254860,0.218971
1072,5.360000,0.266766,0.209650,0.325002,0.249749,0.259174,0.257684,0.222255,0.172703,0.183491,0.217263,0.055234,0.174845,0.193137,0.254857,0.218962
1073,5.365000,0.266767,0.209649,0.324998,0.249750,0.259182,0.257668,0.222253,0.172703,0.183491,0.217267,0.055231,0.174840,0.193138,0.254857,0.218963
1074,5.370000,0.266769,0.209648,0.324998,0.249748,0.259178,0.257669,0.222255,0.172702,0.183492,0.217267,0.055230,0.174844,0.193136,0.254859,0.218967
1075,5.375000,0.266771,0.209644,0.324996,0.249751,0.259181,0.257670,0.222254,0.172705,0.183491,0.217266,0.055231,0.174840,0.193145,0.254860,0.218967
1076,5.380000,0.266770,0.209649,0.324993,0.249749,0.259181,0.257670,0.222256,0.172705,0.183493,0.217268,0.055233,0.174843,0.193137,0.254861,0.218962
1077,5.385000,0.266772,0.209647,0.324989,0.249747,0.259184,0.257667,0.222255,0.172702,0.183493,0.217269,0.055232,0.174841,0.193136,0.254856,0.218965
1078,5.390000,0.266771,0.209650,0.324987,0.249749,0.259182,0.257666,0.222256,0.172698,0.183491,0.217269,0.055233,0.174841,0.193135,0.254853,0.218962
1079,5.395000,0.266777,0.209651,0.324988,0.249749,0.259182,0.257668,0.222256,0.172701,0.183491,0.217268,0.055233,0.174845,0.193133,0.254855,0.218966
1080,5.400000,0.266781,0.209654,0.324986,0.249748,0.259185,0.257667,0.222256,0.172706,0.183491,0.217269,0.055233,0.174841,0.193134,0.254857,0.218963
1081,5.405000,0.266785,0.209655,0.324988,0.249748,0.259186,0.257665,0.222256,0.172703,0.183492,0.217270,0.055231,0.174840,0.193131,0.254855,0.218960
1082,5.410000,0.266786,0.209663,0.324991,0.249745,0.259186,0.257662,0.222254,0.172698,0.183489,0.217269,0.055234,0.174842,0.193133,0.254856,0.218961
1083,5.415000,0.266786,0.209667,0.324992,0.249746,0.259188,0.257663,0.222257,0.172703,0.183493,0.217270,0.055234,0.174842,0.193132,0.254854,0.218962
1084,5.420000,0.266792,0.209672,0.324992,0.249740,0.259187,0.257677,0.222255,0.172702,0.183494,0.217270,0.055233,0.174844,0.193139,0.254856,0.218967
1085,5.425000,0.266796,0.209674,0.324993,0.249748,0.259190,0.257663,0.222257,0.172698,0.183492,0.217269,0.055236,0.174843,0.193131,0.254855,0.218961
1086,5.430000,0.266798,0.209682,0.324995,0.249746,0.259190,0.257660,0.222257,0.172701,0.183491,0.217269,0.055232,0.174844,0.193134,0.254855,0.218961
1087,5.435000,0.266800,0.209685,0.324998,0.249740,0.259189,0.257678,0.222256,0.172701,0.183494,0.217269,0.055232,0.174841,0.193139,0.254856,0.218966
1088,5.440000,0.266803,0.209687,0.324998,0.249746,0.259194,0.257663,0.222257,0.172701,0.183491,0.217268,0.055233,0.174844,0.193132,0.254852,0.218960
1089,5.445000,0.266806,0.209698,0.324999,0.249747,0.259196,0.257662,0.222257,0.172699,0.183492,0.217270,0.055231,0.174843,0.193133,0.254853,0.218959
1090,5.450000,0.266809,0.209701,0.324997,0.249747,0.259201,0.257648,0.222257,0.172700,0.183493,0.217270,0.055232,0.174842,0.193133,0.254854,0.218958
1091,5.455000,0.266831,0.209696,0.325000,0.249746,0.259197,0.257661,0.222257,0.172699,0.183492,0.217266,0.055234,0.174842,0.193132,0.254856,0.218960
1092,5.460000,0.266831,0.209700,0.325002,0.249749,0.259201,0.257663,0.222258,0.172703,0.183492,0.217269,0.055234,0.174841,0.193134,0.254857,0.218959
1093,5.465000,0.266831,0.209703,0.325002,0.249766,0.259219,0.257662,0.222259,0.172702,0.183491,0.217269,0.055234,0.174839,0.193137,0.254859,0.218957
1094,5.470000,0.266834,0.209709,0.325006,0.249744,0.259196,0.257675,0.222259,0.172700,0.183491,0.217266,0.055233,0.174841,0.193138,0.254855,0.218955
1095,5.475000,0.266832,0.209711,0.325005,0.249751,0.259200,0.257659,0.222258,0.172700,0.183491,0.217266,0.055233,0.174842,0.193147,0.254855,0.218962
1096,5.480000,0.266838,0.209711,0.325006,0.249752,0.259200,0.257660,0.222259,0.172699,0.183490,0.217266,0.055232,0.174842,0.193138,0.254855,0.218958
1097,5.485000,0.266837,0.209711,0.325006,0.249761,0.259196,0.257659,0.222260,0.172703,0.183491,0.217267,0.055233,0.174840,0.193147,0.254858,0.218963
1098,5.490000,0.266813,0.209720,0.325006,0.249753,0.259200,0.257656,0.222259,0.172700,0.183490,0.217269,0.055232,0.174839,0.193140,0.254856,0.218954
1099,5.495000,0.266836,0.209716,0.325009,0.249755,0.259195,0.257655,0.222259,0.172697,0.183489,0.217265,0.055230,0.174842,0.193148,0.254859,0.218958
1100,5.500000,0.266832,0.209716,0.325009,0.249754,0.259199,0.257654,0.222260,0.172700,0.183490,0.217267,0.055234,0.174842,0.193140,0.254857,0.218955
1101,5.505000,0.266832,0.209715,0.325009,0.249765,0.259191,0.257657,0.222260,0.172701,0.183488,0.217267,0.055232,0.174842,0.193149,0.254859,0.218958
1102,5.510000,0.266835,0.209712,0.325006,0.249765,0.259192,0.257653,0.222260,0.172698,0.183487,0.217267,0.055233,0.174841,0.193144,0.254858,0.218951
1103,5.515000,0.266828,0.209710,0.325005,0.249760,0.259195,0.257650,0.222261,0.172699,0.183486,0.217267,0.055232,0.174842,0.193145,0.254859,0.218952
1104,5.520000,0.266832,0.209701,0.325002,0.249768,0.259193,0.257652,0.222262,0.172701,0.183489,0.217268,0.055232,0.174841,0.193145,0.254858,0.218950
1105,5.525000,0.266830,0.209701,0.325000,0.249788,0.259209,0.257653,0.222262,0.172700,0.183486,0.217267,0.055234,0.174839,0.193155,0.254861,0.218957
1106,5.530000,0.266809,0.209700,0.324994,0.249788,0.259210,0.257653,0.222263,0.172700,0.183485,0.217266,0.055235,0.174841,0.193149,0.254859,0.218950
1107,5.535000,0.266808,0.209698,0.324992,0.249787,0.259211,0.257643,0.222262,0.172701,0.183486,0.217266,0.055233,0.174839,0.193148,0.254859,0.218950
1108,5.540000,0.266826,0.209689,0.324993,0.249769,0.259199,0.257634,0.222263,0.172697,0.183485,0.217267,0.055232,0.174842,0.193150,0.254858,0.218949
1109,5.545000,0.266804,0.209690,0.324989,0.249792,0.259210,0.257641,0.222262,0.172699,0.183483,0.217267,0.055231,0.174841,0.193160,0.254863,0.218955
1110,5.550000,0.266805,0.209685,0.324988,0.249773,0.259193,0.257641,0.222261,0.172701,0.183483,0.217267,0.055234,0.174842,0.193151,0.254861,0.218948
1111,5.555000,0.266803,0.209685,0.324987,0.249777,0.259191,0.257640,0.222260,0.172701,0.183485,0.217267,0.055233,0.174839,0.193159,0.254860,0.218949
1112,5.560000,0.266804,0.209681,0.324985,0.249778,0.259186,0.257646,0.222263,0.172699,0.183481,0.217266,0.055233,0.174841,0.193161,0.254861,0.218951
1113,5.565000,0.266801,0.209678,0.324984,0.249779,0.259187,0.257639,0.222261,0.172699,0.183481,0.217264,0.055235,0.174841,0.193162,0.254863,0.218955
1114,5.570000,0.266803,0.209670,0.324983,0.249799,0.259201,0.257646,0.222264,0.172699,0.183483,0.217267,0.055235,0.174842,0.193161,0.254863,0.218950
1115,5.575000,0.266804,0.209670,0.324981,0.249798,0.259201,0.257645,0.222262,0.172697,0.183482,0.217267,0.055235,0.174843,0.193161,0.254863,0.218950
1116,5.580000,0.266802,0.209667,0.324977,0.249779,0.259187,0.257637,0.222262,0.172699,0.183483,0.217266,0.055234,0.174843,0.193163,0.254861,0.218952
1117,5.585000,0.266802,0.209662,0.324973,0.249782,0.259188,0.257637,0.222263,0.172700,0.183480,0.217267,0.055234,0.174840,0.193164,0.254864,0.218953
1118,5.590000,0.266803,0.209662,0.324968,0.249782,0.259188,0.257635,0.222264,0.172701,0.183483,0.217267,0.055234,0.174843,0.193165,0.254866,0.218954
1119,5.595000,0.266805,0.209658,0.324966,0.249782,0.259189,0.257633,0.222267,0.172700,0.183481,0.217268,0.055233,0.174840,0.193166,0.254865,0.218953
1120,5.600000,0.266803,0.209661,0.324965,0.249783,0.259188,0.257634,0.222264,0.172700,0.183481,0.217268,0.055236,0.174842,0.193164,0.254861,0.218952
1121,5.605000,0.266806,0.209657,0.324966,0.249802,0.259201,0.257642,0.222263,0.172703,0.183483,0.217266,0.055234,0.174841,0.193166,0.254864,0.218953
1122,5.610000,0.266806,0.209658,0.324962,0.249784,0.259190,0.257635,0.222264,0.172702,0.183481,0.217268,0.055234,0.174839,0.193166,0.254864,0.218953
1123,5.615000,0.266809,0.209658,0.324966,0.249785,0.259187,0.257635,0.222264,0.172696,0.183481,0.217267,0.055232,0.174843,0.193167,0.254861,0.218953
1124,5.620000,0.266808,0.209662,0.324966,0.249801,0.259208,0.257636,0.222265,0.172699,0.183485,0.217267,0.055236,0.174844,0.193166,0.254862,0.218954
1125,5.625000,0.266812,0.209661,0.324968,0.249801,0.259209,0.257635,0.222269,0.172703,0.183486,0.217269,0.055234,0.174844,0.193168,0.254863,0.218956
1126,5.630000,0.266815,0.209664,0.324969,0.249802,0.259208,0.257638,0.222266,0.172698,0.183483,0.217267,0.055233,0.174845,0.193166,0.254861,0.218953
1127,5.635000,0.266818,0.209670,0.324971,0.249784,0.259188,0.257636,0.222266,0.172698,0.183483,0.217268,0.055234,0.174842,0.193166,0.254863,0.218955
1128,5.640000,0.266820,0.209670,0.324977,0.249784,0.259189,0.257638,0.222266,0.172697,0.183486,0.217269,0.055234,0.174844,0.193168,0.254860,0.218955
1129,5.645000,0.266823,0.209672,0.324978,0.249785,0.259191,0.257638,0.222266,0.172700,0.183488,0.217270,0.055231,0.174842,0.193166,0.254861,0.218956
1130,5.650000,0.266821,0.209678,0.324980,0.249784,0.259192,0.257639,0.222266,0.172699,0.183483,0.217270,0.055236,0.174842,0.193166,0.254860,0.218958
1131,5.655000,0.266826,0.209681,0.324982,0.249784,0.259189,0.257639,0.222269,0.172697,0.183487,0.217270,0.055234,0.174842,0.193165,0.254860,0.218960
1132,5.660000,0.266828,0.209688,0.324982,0.249800,0.259207,0.257638,0.222267,0.172698,0.183485,0.217267,0.055236,0.174840,0.193163,0.254860,0.218961
1133,5.665000,0.266853,0.209681,0.324988,0.249787,0.259187,0.257648,0.222267,0.172698,0.183485,0.217268,0.055232,0.174843,0.193166,0.254859,0.218959
1134,5.670000,0.266835,0.209690,0.324988,0.249784,0.259188,0.257648,0.222266,0.172696,0.183485,0.217268,0.055235,0.174840,0.193165,0.254861,0.218961
1135,5.675000,0.266858,0.209687,0.324990,0.249800,0.259206,0.257649,0.222266,0.172699,0.183487,0.217269,0.055234,0.174840,0.193165,0.254861,0.218963
1136,5.680000,0.266855,0.209691,0.324991,0.249801,0.259203,0.257649,0.222268,0.172698,0.183489,0.217269,0.055233,0.174842,0.193164,0.254856,0.218962
1137,5.685000,0.266861,0.209690,0.324995,0.249800,0.259209,0.257644,0.222266,0.172700,0.183489,0.217269,0.055233,0.174843,0.193164,0.254856,0.218961
1138,5.690000,0.266860,0.209694,0.324993,0.249783,0.259192,0.257643,0.222267,0.172699,0.183487,0.217269,0.055233,0.174838,0.193164,0.254857,0.218962
1139,5.695000,0.266864,0.209693,0.324995,0.249783,0.259191,0.257642,0.222268,0.172698,0.183487,0.217269,0.055233,0.174836,0.193162,0.254858,0.218965
1140,5.700000,0.266862,0.209696,0.324996,0.249798,0.259211,0.257642,0.222265,0.172700,0.183489,0.217269,0.055235,0.174840,0.193163,0.254857,0.218967
1141,5.705000,0.266863,0.209696,0.324994,0.249798,0.259207,0.257652,0.222265,0.172698,0.183491,0.217267,0.055233,0.174842,0.193162,0.254856,0.218966
1142,5.710000,0.266865,0.209696,0.324993,0.249796,0.259212,0.257643,0.222267,0.172700,0.183490,0.217267,0.055234,0.174838,0.193162,0.254859,0.218966
1143,5.715000,0.266863,0.209692,0.324992,0.249777,0.259199,0.257638,0.222265,0.172703,0.183488,0.217268,0.055236,0.174839,0.193160,0.254861,0.218969
1144,5.720000,0.266866,0.209690,0.324991,0.249796,0.259214,0.257644,0.222267,0.172702,0.183489,0.217266,0.055236,0.174840,0.193159,0.254860,0.218968
1145,5.725000,0.266866,0.209687,0.324986,0.249780,0.259191,0.257653,0.222266,0.172699,0.183490,0.217269,0.055236,0.174835,0.193160,0.254858,0.218969
1146,5.730000,0.266864,0.209684,0.324985,0.249796,0.259213,0.257647,0.222263,0.172697,0.183490,0.217268,0.055235,0.174838,0.193150,0.254855,0.218963
1147,5.735000,0.266865,0.209681,0.324981,0.249781,0.259191,0.257651,0.222264,0.172700,0.183490,0.217268,0.055238,0.174837,0.193149,0.254854,0.218962
1148,5.740000,0.266846,0.209681,0.324975,0.249796,0.259207,0.257653,0.222263,0.172701,0.183489,0.217268,0.055238,0.174836,0.193150,0.254855,0.218963
1149,5.745000,0.266844,0.209683,0.324973,0.249796,0.259206,0.257651,0.222263,0.172699,0.183487,0.217269,0.055236,0.174837,0.193156,0.254855,0.218968
1150,5.750000,0.266864,0.209671,0.324970,0.249791,0.259210,0.257643,0.222261,0.172698,0.183490,0.217269,0.055236,0.174836,0.193156,0.254858,0.218968
1151,5.755000,0.266860,0.209670,0.324972,0.249791,0.259209,0.257642,0.222261,0.172701,0.183489,0.217266,0.055236,0.174834,0.193146,0.254856,0.218963
1152,5.760000,0.266841,0.209671,0.324967,0.249775,0.259189,0.257649,0.222260,0.172702,0.183488,0.217268,0.055235,0.174834,0.193145,0.254857,0.218962
1153,5.765000,0.266840,0.209667,0.324962,0.249772,0.259193,0.257641,0.222259,0.172699,0.183488,0.217265,0.055238,0.174837,0.193143,0.254856,0.218960
1154,5.770000,0.266857,0.209660,0.324962,0.249788,0.259208,0.257641,0.222261,0.172700,0.183487,0.217270,0.055235,0.174834,0.193149,0.254858,0.218966
1155,5.775000,0.266838,0.209660,0.324959,0.249771,0.259191,0.257641,0.222260,0.172701,0.183488,0.217269,0.055237,0.174836,0.193144,0.254856,0.218958
1156,5.780000,0.266837,0.209659,0.324953,0.249773,0.259191,0.257640,0.222260,0.172702,0.183483,0.217269,0.055237,0.174834,0.193140,0.254854,0.218958
1157,5.785000,0.266854,0.209653,0.324951,0.249768,0.259197,0.257631,0.222260,0.172699,0.183486,0.217269,0.055236,0.174834,0.193140,0.254855,0.218956
1158,5.790000,0.266834,0.209652,0.324949,0.249766,0.259197,0.257631,0.222261,0.172703,0.183485,0.217269,0.055236,0.174837,0.193138,0.254856,0.218958
1159,5.795000,0.266831,0.209653,0.324946,0.249769,0.259191,0.257636,0.222257,0.172702,0.183486,0.217270,0.055235,0.174836,0.193136,0.254856,0.218957
1160,5.800000,0.266828,0.209654,0.324943,0.249764,0.259197,0.257630,0.222258,0.172701,0.183482,0.217269,0.055236,0.174835,0.193137,0.254855,0.218955
1161,5.805000,0.266827,0.209655,0.324944,0.249766,0.259194,0.257636,0.222259,0.172703,0.183483,0.217268,0.055236,0.174837,0.193145,0.254857,0.218960
1162,5.810000,0.266826,0.209655,0.324943,0.249781,0.259214,0.257635,0.222258,0.172702,0.183485,0.217267,0.055238,0.174837,0.193135,0.254857,0.218952
1163,5.815000,0.266826,0.209655,0.324941,0.249768,0.259190,0.257641,0.222258,0.172703,0.183483,0.217268,0.055237,0.174835,0.193135,0.254858,0.218953
1164,5.820000,0.266822,0.209659,0.324942,0.249775,0.259216,0.257637,0.222258,0.172703,0.183485,0.217265,0.055236,0.174839,0.193134,0.254861,0.218954
1165,5.825000,0.266823,0.209659,0.324941,0.249761,0.259200,0.257632,0.222260,0.172704,0.183483,0.217265,0.055234,0.174840,0.193133,0.254860,0.218951
1166,5.830000,0.266823,0.209664,0.324941,0.249775,0.259221,0.257625,0.222256,0.172700,0.183482,0.217268,0.055234,0.174839,0.193134,0.254860,0.218948
1167,5.835000,0.266820,0.209667,0.324941,0.249773,0.259220,0.257625,0.222257,0.172700,0.183483,0.217267,0.055235,0.174840,0.193132,0.254859,0.218949
1168,5.840000,0.266821,0.209670,0.324945,0.249755,0.259204,0.257625,0.222256,0.172703,0.183482,0.217269,0.055235,0.174842,0.193132,0.254860,0.218951
1169,5.845000,0.266820,0.209675,0.324944,0.249756,0.259204,0.257625,0.222256,0.172702,0.183483,0.217269,0.055233,0.174843,0.193129,0.254860,0.218945
1170,5.850000,0.266819,0.209675,0.324949,0.249755,0.259207,0.257625,0.222257,0.172704,0.183482,0.217269,0.055234,0.174844,0.193131,0.254863,0.218948
1171,5.855000,0.266817,0.209681,0.324948,0.249756,0.259208,0.257623,0.222257,0.172702,0.183485,0.217268,0.055233,0.174844,0.193132,0.254860,0.218947
1172,5.860000,0.266835,0.209682,0.324952,0.249752,0.259209,0.257622,0.222258,0.172700,0.183483,0.217266,0.055234,0.174845,0.193129,0.254860,0.218946
1173,5.865000,0.266835,0.209687,0.324953,0.249753,0.259212,0.257624,0.222259,0.172702,0.183484,0.217267,0.055236,0.174845,0.193130,0.254861,0.218949
1174,5.870000,0.266838,0.209684,0.324957,0.249751,0.259212,0.257624,0.222258,0.172704,0.183483,0.217269,0.055232,0.174844,0.193139,0.254861,0.218952
1175,5.875000,0.266813,0.209697,0.324959,0.249768,0.259230,0.257624,0.222259,0.172700,0.183486,0.217269,0.055233,0.174843,0.193130,0.254860,0.218946
1176,5.880000,0.266833,0.209698,0.324965,0.249769,0.259230,0.257625,0.222258,0.172702,0.183484,0.217267,0.055233,0.174846,0.193130,0.254863,0.218946
1177,5.885000,0.266829,0.209708,0.324972,0.249770,0.259233,0.257625,0.222261,0.172705,0.183486,0.217267,0.055236,0.174845,0.193133,0.254863,0.218948
1178,5.890000,0.266830,0.209707,0.324972,0.249769,0.259235,0.257627,0.222259,0.172704,0.183485,0.217267,0.055237,0.174843,0.193132,0.254860,0.218944
1179,5.895000,0.266831,0.209709,0.324975,0.249752,0.259216,0.257626,0.222262,0.172698,0.183486,0.217269,0.055235,0.174846,0.193141,0.254861,0.218952
1180,5.900000,0.266829,0.209714,0.324979,0.249766,0.259234,0.257626,0.222261,0.172700,0.183488,0.217269,0.055235,0.174843,0.193131,0.254860,0.218946
1181,5.905000,0.266827,0.209719,0.324984,0.249767,0.259237,0.257629,0.222260,0.172705,0.183488,0.217268,0.055234,0.174842,0.193133,0.254861,0.218945
1182,5.910000,0.266827,0.209719,0.324985,0.249769,0.259235,0.257627,0.222261,0.172701,0.183486,0.217270,0.055234,0.174840,0.193134,0.254862,0.218945
1183,5.915000,0.266825,0.209721,0.324989,0.249753,0.259217,0.257630,0.222260,0.172700,0.183488,0.217268,0.055235,0.174843,0.193135,0.254863,0.218945
1184,5.920000,0.266822,0.209724,0.324991,0.249767,0.259231,0.257628,0.222263,0.172701,0.183489,0.217269,0.055236,0.174843,0.193134,0.254861,0.218946
1185,5.925000,0.266821,0.209724,0.324994,0.249753,0.259217,0.257632,0.222263,0.172700,0.183488,0.217268,0.055236,0.174842,0.193135,0.254861,0.218946
1186,5.930000,0.266822,0.209723,0.324997,0.249774,0.259232,0.257631,0.222261,0.172701,0.183487,0.217267,0.055234,0.174842,0.193136,0.254862,0.218945
1187,5.935000,0.266819,0.209721,0.324998,0.249770,0.259225,0.257645,0.222263,0.172702,0.183489,0.217268,0.055235,0.174841,0.193146,0.254862,0.218953
1188,5.940000,0.266816,0.209720,0.325000,0.249770,0.259230,0.257632,0.222263,0.172702,0.183491,0.217269,0.055238,0.174843,0.193138,0.254863,0.218947
1189,5.945000,0.266815,0.209717,0.325002,0.249778,0.259221,0.257649,0.222261,0.172701,0.183487,0.217267,0.055235,0.174842,0.193148,0.254861,0.218954
1190,5.950000,0.266814,0.209715,0.325002,0.249754,0.259206,0.257649,0.222264,0.172704,0.183492,0.217266,0.055236,0.174843,0.193140,0.254864,0.218951
1191,5.955000,0.266812,0.209712,0.325001,0.249756,0.259207,0.257646,0.222264,0.172702,0.183488,0.217266,0.055234,0.174843,0.193140,0.254862,0.218947
1192,5.960000,0.266810,0.209704,0.325000,0.249763,0.259200,0.257651,0.222265,0.172698,0.183487,0.217266,0.055235,0.174842,0.193139,0.254859,0.218950
1193,5.965000,0.266806,0.209702,0.325001,0.249761,0.259201,0.257645,0.222262,0.172701,0.183491,0.217267,0.055236,0.174841,0.193140,0.254861,0.218951
1194,5.970000,0.266786,0.209699,0.324997,0.249759,0.259205,0.257639,0.222264,0.172703,0.183490,0.217268,0.055237,0.174840,0.193151,0.254862,0.218958
1195,5.975000,0.266806,0.209692,0.324998,0.249775,0.259216,0.257653,0.222265,0.172701,0.183487,0.217268,0.055236,0.174839,0.193152,0.254863,0.218955
1196,5.980000,0.266783,0.209691,0.324995,0.249758,0.259198,0.257651,0.222264,0.172701,0.183486,0.217267,0.055238,0.174838,0.193154,0.254862,0.218953
1197,5.985000,0.266782,0.209682,0.324992,0.249759,0.259201,0.257638,0.222264,0.172701,0.183489,0.217266,0.055235,0.174840,0.193153,0.254862,0.218958
1198,5.990000,0.266778,0.209679,0.324990,0.249761,0.259195,0.257654,0.222265,0.172700,0.183487,0.217268,0.055236,0.174838,0.193143,0.254861,0.218950
1199,5.995000,0.266779,0.209672,0.324987,0.249765,0.259190,0.257655,0.222265,0.172697,0.183489,0.217267,0.055236,0.174838,0.193145,0.254861,0.218951
1200,6.000000,0.266779,0.209666,0.324985,0.249758,0.259193,0.257655,0.222263,0.172699,0.183488,0.217267,0.055235,0.174838,0.193153,0.254863,0.218957
1201,6.005000,0.266777,0.209659,0.324981,0.249766,0.259187,0.257656,0.222263,0.172706,0.183487,0.217264,0.055237,0.174839,0.193151,0.254864,0.218958
1202,6.010000,0.266778,0.209655,0.324979,0.249768,0.259183,0.257659,0.222262,0.172698,0.183488,0.217264,0.055236,0.174843,0.193152,0.254862,0.218958
1203,6.015000,0.266772,0.209651,0.324977,0.249767,0.259186,0.257657,0.222263,0.172703,0.183487,0.217269,0.055238,0.174837,0.193145,0.254862,0.218953
1204,6.020000,0.266775,0.209646,0.324975,0.249768,0.259182,0.257657,0.222264,0.172701,0.183490,0.217266,0.055234,0.174837,0.193145,0.254863,0.218955
1205,6.025000,0.266776,0.209643,0.324971,0.249766,0.259184,0.257657,0.222266,0.172701,0.183489,0.217268,0.055235,0.174838,0.193144,0.254860,0.218953
1206,6.030000,0.266769,0.209642,0.324968,0.249768,0.259184,0.257659,0.222264,0.172702,0.183484,0.217268,0.055237,0.174835,0.193152,0.254863,0.218958
1207,6.035000,0.266774,0.209637,0.324967,0.249766,0.259183,0.257657,0.222266,0.172701,0.183488,0.217267,0.055234,0.174837,0.193155,0.254864,0.218959
1208,6.040000,0.266771,0.209640,0.324966,0.249765,0.259183,0.257657,0.222264,0.172699,0.183487,0.217267,0.055236,0.174837,0.193152,0.254863,0.218959
1209,6.045000,0.266773,0.209637,0.324965,0.249769,0.259180,0.257657,0.222265,0.172704,0.183487,0.217268,0.055236,0.174834,0.193152,0.254862,0.218957
1210,6.050000,0.266775,0.209637,0.324962,0.249767,0.259182,0.257656,0.222266,0.172703,0.183486,0.217267,0.055235,0.174840,0.193150,0.254862,0.218959
1211,6.055000,0.266774,0.209640,0.324962,0.249758,0.259190,0.257654,0.222262,0.172700,0.183487,0.217267,0.055235,0.174835,0.193151,0.254861,0.218955
1212,6.060000,0.266777,0.209639,0.324961,0.249765,0.259182,0.257656,0.222265,0.172698,0.183486,0.217267,0.055236,0.174834,0.193143,0.254861,0.218950
1213,6.065000,0.266776,0.209641,0.324962,0.249766,0.259184,0.257656,0.222263,0.172701,0.183486,0.217267,0.055234,0.174836,0.193140,0.254860,0.218949
1214,6.070000,0.266782,0.209645,0.324962,0.249764,0.259186,0.257653,0.222264,0.172701,0.183485,0.217268,0.055233,0.174834,0.193141,0.254862,0.218950
1215,6.075000,0.266781,0.209648,0.324962,0.249766,0.259187,0.257655,0.222265,0.172700,0.183487,0.217266,0.055235,0.174836,0.193142,0.254861,0.218949
1216,6.080000,0.266783,0.209653,0.324963,0.249759,0.259197,0.257637,0.222264,0.172700,0.183486,0.217265,0.055233,0.174835,0.193142,0.254860,0.218948
1217,6.085000,0.266783,0.209658,0.324964,0.249766,0.259186,0.257653,0.222265,0.172699,0.183485,0.217268,0.055234,0.174837,0.193140,0.254860,0.218947
1218,6.090000,0.266785,0.209660,0.324963,0.249763,0.259190,0.257649,0.222265,0.172701,0.183485,0.217269,0.055231,0.174837,0.193139,0.254858,0.218947
1219,6.095000,0.266787,0.209669,0.324964,0.249763,0.259192,0.257650,0.222267,0.172701,0.183485,0.217266,0.055232,0.174840,0.193140,0.254862,0.218947
1220,6.100000,0.266793,0.209669,0.324967,0.249761,0.259196,0.257640,0.222265,0.172701,0.183487,0.217268,0.055234,0.174839,0.193147,0.254863,0.218953
1221,6.105000,0.266790,0.209677,0.324969,0.249761,0.259198,0.257641,0.222264,0.172701,0.183489,0.217268,0.055232,0.174841,0.193138,0.254861,0.218946
1222,6.110000,0.266796,0.209682,0.324971,0.249773,0.259219,0.257644,0.222264,0.172700,0.183485,0.217268,0.055232,0.174841,0.193136,0.254861,0.218944
1223,6.115000,0.266797,0.209687,0.324970,0.249776,0.259220,0.257640,0.222263,0.172699,0.183486,0.217269,0.055233,0.174838,0.193138,0.254859,0.218946
1224,6.120000,0.266798,0.209690,0.324971,0.249773,0.259225,0.257631,0.222264,0.172701,0.183487,0.217268,0.055234,0.174841,0.193140,0.254860,0.218945
1225,6.125000,0.266824,0.209692,0.324974,0.249760,0.259204,0.257638,0.222264,0.172701,0.183485,0.217268,0.055231,0.174841,0.193137,0.254860,0.218944
1226,6.130000,0.266802,0.209701,0.324974,0.249776,0.259221,0.257636,0.222263,0.172699,0.183486,0.217268,0.055231,0.174841,0.193137,0.254860,0.218942
1227,6.135000,0.266826,0.209702,0.324976,0.249777,0.259225,0.257635,0.222264,0.172702,0.183485,0.217269,0.055233,0.174842,0.193137,0.254861,0.218944
1228,6.140000,0.266826,0.209706,0.324977,0.249775,0.259231,0.257628,0.222264,0.172704,0.183485,0.217265,0.055231,0.174843,0.193137,0.254862,0.218944
1229,6.145000,0.266828,0.209709,0.324975,0.249757,0.259213,0.257627,0.222265,0.172700,0.183484,0.217267,0.055231,0.174839,0.193138,0.254862,0.218941
1230,6.150000,0.266832,0.209714,0.324975,0.249775,0.259231,0.257625,0.222264,0.172700,0.183486,0.217267,0.055231,0.174841,0.193137,0.254861,0.218942
1231,6.155000,0.266834,0.209712,0.324979,0.249773,0.259229,0.257634,0.222264,0.172702,0.183484,0.217270,0.055230,0.174840,0.193136,0.254863,0.218943
1232,6.160000,0.266834,0.209716,0.324972,0.249775,0.259234,0.257625,0.222262,0.172701,0.183483,0.217267,0.055233,0.174844,0.193137,0.254863,0.218941
1233,6.165000,0.266836,0.209717,0.324976,0.249758,0.259217,0.257625,0.222263,0.172702,0.183483,0.217267,0.055231,0.174844,0.193138,0.254865,0.218942
1234,6.170000,0.266836,0.209716,0.324973,0.249777,0.259229,0.257626,0.222262,0.172702,0.183482,0.217265,0.055235,0.174844,0.193146,0.254863,0.218946
1235,6.175000,0.266836,0.209717,0.324972,0.249760,0.259219,0.257621,0.222263,0.172705,0.183486,0.217266,0.055234,0.174849,0.193139,0.254864,0.218940
1236,6.180000,0.266838,0.209715,0.324972,0.249775,0.259237,0.257620,0.222262,0.172704,0.183484,0.217265,0.055234,0.174845,0.193137,0.254863,0.218941
1237,6.185000,0.266838,0.209714,0.324969,0.249778,0.259238,0.257617,0.222262,0.172703,0.183482,0.217267,0.055232,0.174845,0.193138,0.254864,0.218942
1238,6.190000,0.266838,0.209710,0.324966,0.249778,0.259238,0.257618,0.222262,0.172705,0.183484,0.217267,0.055230,0.174844,0.193148,0.254867,0.218947
1239,6.195000,0.266839,0.209707,0.324963,0.249777,0.259235,0.257615,0.222262,0.172702,0.183483,0.217265,0.055233,0.174847,0.193138,0.254863,0.218940
1240,6.200000,0.266837,0.209707,0.324960,0.249762,0.259218,0.257616,0.222259,0.172704,0.183482,0.217267,0.055234,0.174845,0.193140,0.254866,0.218942
1241,6.205000,0.266840,0.209701,0.324957,0.249761,0.259220,0.257614,0.222261,0.172704,0.183479,0.217265,0.055233,0.174844,0.193138,0.254866,0.218943
1242,6.210000,0.266840,0.209696,0.324953,0.249780,0.259236,0.257614,0.222260,0.172703,0.183481,0.217265,0.055235,0.174843,0.193140,0.254865,0.218938
1243,6.215000,0.266838,0.209697,0.324952,0.249767,0.259210,0.257617,0.222261,0.172701,0.183481,0.217265,0.055233,0.174845,0.193138,0.254865,0.218940
1244,6.220000,0.266839,0.209692,0.324946,0.249784,0.259230,0.257618,0.222257,0.172703,0.183481,0.217265,0.055233,0.174845,0.193139,0.254866,0.218941
1245,6.225000,0.266839,0.209690,0.324946,0.249783,0.259231,0.257610,0.222257,0.172704,0.183479,0.217267,0.055233,0.174840,0.193139,0.254867,0.218939
1246,6.230000,0.266818,0.209691,0.324942,0.249782,0.259232,0.257608,0.222257,0.172704,0.183481,0.217264,0.055235,0.174844,0.193139,0.254865,0.218937
1247,6.235000,0.266838,0.209688,0.324940,0.249786,0.259226,0.257615,0.222256,0.172704,0.183476,0.217267,0.055235,0.174840,0.193139,0.254865,0.218939
1248,6.240000,0.266839,0.209684,0.324940,0.249787,0.259226,0.257613,0.222259,0.172704,0.183479,0.217266,0.055235,0.174843,0.193137,0.254865,0.218941
1249,6.245000,0.266840,0.209680,0.324936,0.249768,0.259214,0.257609,0.222258,0.172704,0.183478,0.217263,0.055236,0.174842,0.193139,0.254866,0.218940
1250,6.250000,0.266841,0.209679,0.324937,0.249788,0.259227,0.257613,0.222257,0.172703,0.183478,0.217266,0.055235,0.174842,0.193138,0.254866,0.218940
1251,6.255000,0.266821,0.209681,0.324934,0.249770,0.259205,0.257613,0.222260,0.172702,0.183477,0.217267,0.055234,0.174841,0.193140,0.254863,0.218937
1252,6.260000,0.266825,0.209677,0.324931,0.249783,0.259226,0.257605,0.222259,0.172704,0.183479,0.217267,0.055235,0.174844,0.193147,0.254862,0.218944
1253,6.265000,0.266821,0.209678,0.324932,0.249788,0.259222,0.257611,0.222257,0.172703,0.183479,0.217264,0.055234,0.174842,0.193138,0.254863,0.218940
1254,6.270000,0.266825,0.209675,0.324929,0.249771,0.259207,0.257612,0.222256,0.172704,0.183475,0.217265,0.055234,0.174844,0.193145,0.254864,0.218948
1255,6.275000,0.266828,0.209676,0.324927,0.249784,0.259229,0.257608,0.222260,0.172703,0.183478,0.217264,0.055233,0.174842,0.193145,0.254867,0.218947
1256,6.280000,0.266829,0.209675,0.324926,0.249783,0.259229,0.257608,0.222259,0.172702,0.183478,0.217265,0.055232,0.174847,0.193137,0.254861,0.218940
1257,6.285000,0.266832,0.209673,0.324925,0.249766,0.259212,0.257608,0.222256,0.172704,0.183479,0.217267,0.055232,0.174842,0.193138,0.254863,0.218943
1258,6.290000,0.266854,0.209666,0.324926,0.249781,0.259230,0.257609,0.222260,0.172707,0.183478,0.217268,0.055233,0.174842,0.193136,0.254864,0.218942
1259,6.295000,0.266854,0.209670,0.324925,0.249780,0.259229,0.257608,0.222257,0.172704,0.183479,0.217266,0.055232,0.174843,0.193136,0.254862,0.218942
1260,6.300000,0.266838,0.209677,0.324921,0.249782,0.259226,0.257612,0.222258,0.172704,0.183481,0.217266,0.055234,0.174845,0.193133,0.254862,0.218943
1261,6.305000,0.266836,0.209675,0.324922,0.249764,0.259214,0.257611,0.222257,0.172705,0.183483,0.217265,0.055233,0.174845,0.193134,0.254863,0.218946
1262,6.310000,0.266863,0.209669,0.324921,0.249782,0.259232,0.257611,0.222258,0.172705,0.183482,0.217267,0.055232,0.174846,0.193133,0.254863,0.218944
1263,6.315000,0.266841,0.209678,0.324920,0.249779,0.259234,0.257610,0.222259,0.172701,0.183483,0.217266,0.055230,0.174843,0.193132,0.254864,0.218944
1264,6.320000,0.266862,0.209673,0.324925,0.249777,0.259233,0.257613,0.222259,0.172704,0.183483,0.217264,0.055233,0.174849,0.193133,0.254863,0.218947
1265,6.325000,0.266864,0.209676,0.324921,0.249778,0.259234,0.257613,0.222256,0.172706,0.183482,0.217269,0.055233,0.174844,0.193132,0.254865,0.218944
1266,6.330000,0.266867,0.209674,0.324922,0.249780,0.259231,0.257618,0.222258,0.172702,0.183483,0.217269,0.055232,0.174845,0.193142,0.254864,0.218951
1267,6.335000,0.266849,0.209683,0.324921,0.249777,0.259234,0.257617,0.222260,0.172704,0.183485,0.217266,0.055233,0.174847,0.193133,0.254861,0.218946
1268,6.340000,0.266871,0.209680,0.324922,0.249778,0.259237,0.257615,0.222258,0.172706,0.183484,0.217265,0.055231,0.174845,0.193134,0.254861,0.218946
1269,6.345000,0.266854,0.209687,0.324925,0.249760,0.259221,0.257617,0.222259,0.172705,0.183481,0.217266,0.055234,0.174845,0.193133,0.254862,0.218948
1270,6.350000,0.266877,0.209684,0.324928,0.249777,0.259237,0.257616,0.222261,0.172705,0.183483,0.217269,0.055232,0.174844,0.193132,0.254861,0.218946
1271,6.355000,0.266873,0.209689,0.324932,0.249759,0.259219,0.257617,0.222262,0.172704,0.183484,0.217268,0.055233,0.174845,0.193133,0.254862,0.218949
1272,6.360000,0.266877,0.209691,0.324935,0.249776,0.259238,0.257619,0.222261,0.172703,0.183485,0.217267,0.055233,0.174843,0.193133,0.254860,0.218947
1273,6.365000,0.266874,0.209698,0.324936,0.249778,0.259238,0.257618,0.222262,0.172701,0.183485,0.217268,0.055233,0.174842,0.193134,0.254863,0.218946
1274,6.370000,0.266878,0.209698,0.324937,0.249777,0.259237,0.257618,0.222262,0.172703,0.183486,0.217269,0.055231,0.174843,0.193134,0.254860,0.218948
1275,6.375000,0.266876,0.209706,0.324940,0.249779,0.259237,0.257618,0.222261,0.172699,0.183484,0.217270,0.055233,0.174839,0.193135,0.254860,0.218946
1276,6.380000,0.266879,0.209703,0.324943,0.249779,0.259236,0.257617,0.222263,0.172701,0.183487,0.217273,0.055233,0.174838,0.193136,0.254861,0.218948
1277,6.385000,0.266876,0.209705,0.324946,0.249783,0.259230,0.257625,0.222264,0.172699,0.183486,0.217270,0.055232,0.174839,0.193137,0.254858,0.218945
1278,6.390000,0.266877,0.209707,0.324947,0.249783,0.259229,0.257624,0.222264,0.172699,0.183486,0.217270,0.055231,0.174836,0.193138,0.254861,0.218945
