system,gvs_scaling,size_label,size_value,segment_count,gauss_points,integration_points,dof,batch_size,duration_s,solver,solver_dt,save_dt,wall_time_s,per_env_wall_time_s,simulated_time_s,total_simulated_time_s,per_env_speed_ratio,total_speed_ratio,speed_ratio,noise_scale,warmup_runs,timing_repeats,rollout_finite,max_abs_state,backend,resolved_backend,backend_applies,device,device_id,timestamp_utc,git_revision,git_dirty,python_version,soromox_version,jax_version,jaxlib_version,warp_version,x64_enabled,device_kind,platform_version,device_count
articulated_soft_robot,,num_links,1,1,,,1,1,1.0,tsit5,0.0001,0.01,2.3819172940372177,2.3819172940372177,1.0,1.0,0.41982985828406133,0.41982985828406133,0.41982985828406133,0.001,1,3,True,0.0003084668557610662,auto,jax,False,gpu,gpu:NVIDIA GeForce RTX 5090:0,2026-09-02T22:36:16.374497+00:00,0242a70c5c895aed886a2a214f9379e67079b95a,True,3.12.13,0.4.0,0.11.0,0.11.0,1.16.0,True,NVIDIA GeForce RTX 5090,"PJRT C API
cuda 13000",1
articulated_soft_robot,,num_links,1,1,,,1,2,1.0,tsit5,0.0001,0.01,2.5185307873180136,1.2592653936590068,1.0,2.0,0.3970568892925471,0.7941137785850942,0.3970568892925471,0.001,1,3,True,0.0003112732747810551,auto,jax,False,gpu,gpu:NVIDIA GeForce RTX 5090:0,2026-09-02T22:36:16.374497+00:00,0242a70c5c895aed886a2a214f9379e67079b95a,True,3.12.13,0.4.0,0.11.0,0.11.0,1.16.0,True,NVIDIA GeForce RTX 5090,"PJRT C API
cuda 13000",1
articulated_soft_robot,,num_links,1,1,,,1,4,1.0,tsit5,0.0001,0.01,3.1954740100385,0.798868502509625,1.0,4.0,0.31294261723253747,1.2517704689301499,0.31294261723253747,0.001,1,3,True,0.0003097893714956579,auto,jax,False,gpu,gpu:NVIDIA GeForce RTX 5090:0,2026-09-02T22:36:16.374497+00:00,0242a70c5c895aed886a2a214f9379e67079b95a,True,3.12.13,0.4.0,0.11.0,0.11.0,1.16.0,True,NVIDIA GeForce RTX 5090,"PJRT C API
cuda 13000",1
articulated_soft_robot,,num_links,1,1,,,1,8,1.0,tsit5,0.0001,0.01,3.146203903326144,0.393275487915768,1.0,8.0,0.3178433536818155,2.542746829454524,0.3178433536818155,0.001,1,3,True,0.0003108284348427433,auto,jax,False,gpu,gpu:NVIDIA GeForce RTX 5090:0,2026-09-02T22:36:16.374497+00:00,0242a70c5c895aed886a2a214f9379e67079b95a,True,3.12.13,0.4.0,0.11.0,0.11.0,1.16.0,True,NVIDIA GeForce RTX 5090,"PJRT C API
cuda 13000",1
articulated_soft_robot,,num_links,1,1,,,1,16,1.0,tsit5,0.0001,0.01,3.249542560389576,0.2030964100243485,1.0,16.0,0.30773562168089086,4.923769946894254,0.30773562168089086,0.001,1,3,True,0.0003120947326673922,auto,jax,False,gpu,gpu:NVIDIA GeForce RTX 5090:0,2026-09-02T22:36:16.374497+00:00,0242a70c5c895aed886a2a214f9379e67079b95a,True,3.12.13,0.4.0,0.11.0,0.11.0,1.16.0,True,NVIDIA GeForce RTX 5090,"PJRT C API
cuda 13000",1
articulated_soft_robot,,num_links,1,1,,,1,32,1.0,tsit5,0.0001,0.01,3.1554607360158116,0.09860814800049411,1.0,32.0,0.316910931131608,10.141149796211456,0.316910931131608,0.001,1,3,True,0.0003123926452329965,auto,jax,False,gpu,gpu:NVIDIA GeForce RTX 5090:0,2026-09-02T22:36:16.374497+00:00,0242a70c5c895aed886a2a214f9379e67079b95a,True,3.12.13,0.4.0,0.11.0,0.11.0,1.16.0,True,NVIDIA GeForce RTX 5090,"PJRT C API
cuda 13000",1
articulated_soft_robot,,num_links,1,1,,,1,64,1.0,tsit5,0.0001,0.01,3.1705302419528985,0.04953953503051404,1.0,64.0,0.31540465590514183,20.185897977929077,0.31540465590514183,0.001,1,3,True,0.0003129396277357556,auto,jax,False,gpu,gpu:NVIDIA GeForce RTX 5090:0,2026-09-02T22:36:16.374497+00:00,0242a70c5c895aed886a2a214f9379e67079b95a,True,3.12.13,0.4.0,0.11.0,0.11.0,1.16.0,True,NVIDIA GeForce RTX 5090,"PJRT C API
cuda 13000",1
articulated_soft_robot,,num_links,1,1,,,1,128,1.0,tsit5,0.0001,0.01,3.1719457623548806,0.024780826268397504,1.0,128.0,0.3152639026392403,40.35377953782276,0.3152639026392403,0.001,1,3,True,0.0003141855636723368,auto,jax,False,gpu,gpu:NVIDIA GeForce RTX 5090:0,2026-09-02T22:36:16.374497+00:00,0242a70c5c895aed886a2a214f9379e67079b95a,True,3.12.13,0.4.0,0.11.0,0.11.0,1.16.0,True,NVIDIA GeForce RTX 5090,"PJRT C API
cuda 13000",1
articulated_soft_robot,,num_links,1,1,,,1,256,1.0,tsit5,0.0001,0.01,3.171140589945329,0.012387267929473941,1.0,256.0,0.31534395011393684,80.72805122916783,0.31534395011393684,0.001,1,3,True,0.0003150810705936726,auto,jax,False,gpu,gpu:NVIDIA GeForce RTX 5090:0,2026-09-02T22:36:16.374497+00:00,0242a70c5c895aed886a2a214f9379e67079b95a,True,3.12.13,0.4.0,0.11.0,0.11.0,1.16.0,True,NVIDIA GeForce RTX 5090,"PJRT C API
cuda 13000",1
articulated_soft_robot,,num_links,1,1,,,1,512,1.0,tsit5,0.0001,0.01,3.1754958929959685,0.006202140416007751,1.0,512.0,0.31491144491972095,161.23465979889713,0.31491144491972095,0.001,1,3,True,0.00031393841549627046,auto,jax,False,gpu,gpu:NVIDIA GeForce RTX 5090:0,2026-09-02T22:36:16.374497+00:00,0242a70c5c895aed886a2a214f9379e67079b95a,True,3.12.13,0.4.0,0.11.0,0.11.0,1.16.0,True,NVIDIA GeForce RTX 5090,"PJRT C API
cuda 13000",1
articulated_soft_robot,,num_links,1,1,,,1,1024,1.0,tsit5,0.0001,0.01,3.975344812652717,0.003882172668606169,1.0,1024.0,0.25155050621450564,257.5877183636538,0.25155050621450564,0.001,1,3,True,0.0003143065715610509,auto,jax,False,gpu,gpu:NVIDIA GeForce RTX 5090:0,2026-09-02T22:36:16.374497+00:00,0242a70c5c895aed886a2a214f9379e67079b95a,True,3.12.13,0.4.0,0.11.0,0.11.0,1.16.0,True,NVIDIA GeForce RTX 5090,"PJRT C API
cuda 13000",1
articulated_soft_robot,,num_links,2,2,,,2,1,1.0,tsit5,0.0001,0.01,7.715581685653888,7.715581685653888,1.0,1.0,0.12960785599086702,0.12960785599086702,0.12960785599086702,0.001,1,3,True,0.5581011141062191,auto,jax,False,gpu,gpu:NVIDIA GeForce RTX 5090:0,2026-09-02T22:36:16.374497+00:00,0242a70c5c895aed886a2a214f9379e67079b95a,True,3.12.13,0.4.0,0.11.0,0.11.0,1.16.0,True,NVIDIA GeForce RTX 5090,"PJRT C API
cuda 13000",1
articulated_soft_robot,,num_links,2,2,,,2,2,1.0,tsit5,0.0001,0.01,8.14233866330081,4.071169331650405,1.0,2.0,0.12281483752416306,0.2456296750483261,0.12281483752416306,0.001,1,3,True,0.5627758688818263,auto,jax,False,gpu,gpu:NVIDIA GeForce RTX 5090:0,2026-09-02T22:36:16.374497+00:00,0242a70c5c895aed886a2a214f9379e67079b95a,True,3.12.13,0.4.0,0.11.0,0.11.0,1.16.0,True,NVIDIA GeForce RTX 5090,"PJRT C API
cuda 13000",1
articulated_soft_robot,,num_links,2,2,,,2,4,1.0,tsit5,0.0001,0.01,8.500565316334056,2.125141329083514,1.0,4.0,0.11763923489635145,0.4705569395854058,0.11763923489635145,0.001,1,3,True,0.561901524333446,auto,jax,False,gpu,gpu:NVIDIA GeForce RTX 5090:0,2026-09-02T22:36:16.374497+00:00,0242a70c5c895aed886a2a214f9379e67079b95a,True,3.12.13,0.4.0,0.11.0,0.11.0,1.16.0,True,NVIDIA GeForce RTX 5090,"PJRT C API
cuda 13000",1
articulated_soft_robot,,num_links,2,2,,,2,8,1.0,tsit5,0.0001,0.01,8.579952056985348,1.0724940071231686,1.0,8.0,0.11655076780829472,0.9324061424663578,0.11655076780829472,0.001,1,3,True,0.5593733329397379,auto,jax,False,gpu,gpu:NVIDIA GeForce RTX 5090:0,2026-09-02T22:36:16.374497+00:00,0242a70c5c895aed886a2a214f9379e67079b95a,True,3.12.13,0.4.0,0.11.0,0.11.0,1.16.0,True,NVIDIA GeForce RTX 5090,"PJRT C API
cuda 13000",1
articulated_soft_robot,,num_links,2,2,,,2,16,1.0,tsit5,0.0001,0.01,8.587713205333179,0.5367320753333237,1.0,16.0,0.1164454350174358,1.8631269602789728,0.1164454350174358,0.001,1,3,True,0.56152390790067,auto,jax,False,gpu,gpu:NVIDIA GeForce RTX 5090:0,2026-09-02T22:36:16.374497+00:00,0242a70c5c895aed886a2a214f9379e67079b95a,True,3.12.13,0.4.0,0.11.0,0.11.0,1.16.0,True,NVIDIA GeForce RTX 5090,"PJRT C API
cuda 13000",1
articulated_soft_robot,,num_links,2,2,,,2,32,1.0,tsit5,0.0001,0.01,8.720532373369982,0.27251663666781195,1.0,32.0,0.11467189813476465,3.669500740312469,0.11467189813476465,0.001,1,3,True,0.5646823181989988,auto,jax,False,gpu,gpu:NVIDIA GeForce RTX 5090:0,2026-09-02T22:36:16.374497+00:00,0242a70c5c895aed886a2a214f9379e67079b95a,True,3.12.13,0.4.0,0.11.0,0.11.0,1.16.0,True,NVIDIA GeForce RTX 5090,"PJRT C API
cuda 13000",1
articulated_soft_robot,,num_links,2,2,,,2,64,1.0,tsit5,0.0001,0.01,8.61804052698426,0.13465688323412905,1.0,64.0,0.11603565762644812,7.426282088092679,0.11603565762644812,0.001,1,3,True,0.5668497920805994,auto,jax,False,gpu,gpu:NVIDIA GeForce RTX 5090:0,2026-09-02T22:36:16.374497+00:00,0242a70c5c895aed886a2a214f9379e67079b95a,True,3.12.13,0.4.0,0.11.0,0.11.0,1.16.0,True,NVIDIA GeForce RTX 5090,"PJRT C API
cuda 13000",1
articulated_soft_robot,,num_links,2,2,,,2,128,1.0,tsit5,0.0001,0.01,8.736388705632029,0.06825303676275023,1.0,128.0,0.11446377143857354,14.651362744137414,0.11446377143857354,0.001,1,3,True,0.5681954482374835,auto,jax,False,gpu,gpu:NVIDIA GeForce RTX 5090:0,2026-09-02T22:36:16.374497+00:00,0242a70c5c895aed886a2a214f9379e67079b95a,True,3.12.13,0.4.0,0.11.0,0.11.0,1.16.0,True,NVIDIA GeForce RTX 5090,"PJRT C API
cuda 13000",1
articulated_soft_robot,,num_links,2,2,,,2,256,1.0,tsit5,0.0001,0.01,8.855488585696245,0.034591752287875956,1.0,256.0,0.11292431697278023,28.90862514503174,0.11292431697278023,0.001,1,3,True,0.5661471814523128,auto,jax,False,gpu,gpu:NVIDIA GeForce RTX 5090:0,2026-09-02T22:36:16.374497+00:00,0242a70c5c895aed886a2a214f9379e67079b95a,True,3.12.13,0.4.0,0.11.0,0.11.0,1.16.0,True,NVIDIA GeForce RTX 5090,"PJRT C API
cuda 13000",1
articulated_soft_robot,,num_links,2,2,,,2,512,1.0,tsit5,0.0001,0.01,9.794965593648763,0.01913079217509524,1.0,512.0,0.10209326316045647,52.27175073815371,0.10209326316045647,0.001,1,3,True,0.5675604453675889,auto,jax,False,gpu,gpu:NVIDIA GeForce RTX 5090:0,2026-09-02T22:36:16.374497+00:00,0242a70c5c895aed886a2a214f9379e67079b95a,True,3.12.13,0.4.0,0.11.0,0.11.0,1.16.0,True,NVIDIA GeForce RTX 5090,"PJRT C API
cuda 13000",1
articulated_soft_robot,,num_links,2,2,,,2,1024,1.0,tsit5,0.0001,0.01,12.918317275354639,0.012615544214213514,1.0,1024.0,0.07740946275625109,79.26728986240111,0.07740946275625109,0.001,1,3,True,0.568382611028644,auto,jax,False,gpu,gpu:NVIDIA GeForce RTX 5090:0,2026-09-02T22:36:16.374497+00:00,0242a70c5c895aed886a2a214f9379e67079b95a,True,3.12.13,0.4.0,0.11.0,0.11.0,1.16.0,True,NVIDIA GeForce RTX 5090,"PJRT C API
cuda 13000",1
articulated_soft_robot,,num_links,4,4,,,4,1,1.0,tsit5,0.0001,0.01,11.718012657986643,11.718012657986643,1.0,1.0,0.08533870283186887,0.08533870283186887,0.08533870283186887,0.001,1,3,True,3.3936699863503774,auto,jax,False,gpu,gpu:NVIDIA GeForce RTX 5090:0,2026-09-02T22:36:16.374497+00:00,0242a70c5c895aed886a2a214f9379e67079b95a,True,3.12.13,0.4.0,0.11.0,0.11.0,1.16.0,True,NVIDIA GeForce RTX 5090,"PJRT C API
cuda 13000",1
articulated_soft_robot,,num_links,4,4,,,4,2,1.0,tsit5,0.0001,0.01,12.041906433645636,6.020953216822818,1.0,2.0,0.08304332918631176,0.1660866583726235,0.08304332918631176,0.001,1,3,True,3.400173678308578,auto,jax,False,gpu,gpu:NVIDIA GeForce RTX 5090:0,2026-09-02T22:36:16.374497+00:00,0242a70c5c895aed886a2a214f9379e67079b95a,True,3.12.13,0.4.0,0.11.0,0.11.0,1.16.0,True,NVIDIA GeForce RTX 5090,"PJRT C API
cuda 13000",1
articulated_soft_robot,,num_links,4,4,,,4,4,1.0,tsit5,0.0001,0.01,13.093056449006932,3.273264112251733,1.0,4.0,0.0763763605461158,0.3055054421844632,0.0763763605461158,0.001,1,3,True,3.3992894370490787,auto,jax,False,gpu,gpu:NVIDIA GeForce RTX 5090:0,2026-09-02T22:36:16.374497+00:00,0242a70c5c895aed886a2a214f9379e67079b95a,True,3.12.13,0.4.0,0.11.0,0.11.0,1.16.0,True,NVIDIA GeForce RTX 5090,"PJRT C API
cuda 13000",1
articulated_soft_robot,,num_links,4,4,,,4,8,1.0,tsit5,0.0001,0.01,13.069875988371981,1.6337344985464977,1.0,8.0,0.0765118200730964,0.6120945605847712,0.0765118200730964,0.001,1,3,True,3.39994346577511,auto,jax,False,gpu,gpu:NVIDIA GeForce RTX 5090:0,2026-09-02T22:36:16.374497+00:00,0242a70c5c895aed886a2a214f9379e67079b95a,True,3.12.13,0.4.0,0.11.0,0.11.0,1.16.0,True,NVIDIA GeForce RTX 5090,"PJRT C API
cuda 13000",1
articulated_soft_robot,,num_links,4,4,,,4,16,1.0,tsit5,0.0001,0.01,13.122232098675644,0.8201395061672277,1.0,16.0,0.0762065472154638,1.2193047554474208,0.0762065472154638,0.001,1,3,True,3.4017024145037618,auto,jax,False,gpu,gpu:NVIDIA GeForce RTX 5090:0,2026-09-02T22:36:16.374497+00:00,0242a70c5c895aed886a2a214f9379e67079b95a,True,3.12.13,0.4.0,0.11.0,0.11.0,1.16.0,True,NVIDIA GeForce RTX 5090,"PJRT C API
cuda 13000",1
articulated_soft_robot,,num_links,4,4,,,4,32,1.0,tsit5,0.0001,0.01,13.449467955661627,0.42029587361442583,1.0,32.0,0.07435238355127978,2.379276273640953,0.07435238355127978,0.001,1,3,True,3.4022104046833124,auto,jax,False,gpu,gpu:NVIDIA GeForce RTX 5090:0,2026-09-02T22:36:16.374497+00:00,0242a70c5c895aed886a2a214f9379e67079b95a,True,3.12.13,0.4.0,0.11.0,0.11.0,1.16.0,True,NVIDIA GeForce RTX 5090,"PJRT C API
cuda 13000",1
articulated_soft_robot,,num_links,4,4,,,4,64,1.0,tsit5,0.0001,0.01,13.219047738666026,0.20654762091665665,1.0,64.0,0.0756484143010526,4.841498515267366,0.0756484143010526,0.001,1,3,True,3.402187343353285,auto,jax,False,gpu,gpu:NVIDIA GeForce RTX 5090:0,2026-09-02T22:36:16.374497+00:00,0242a70c5c895aed886a2a214f9379e67079b95a,True,3.12.13,0.4.0,0.11.0,0.11.0,1.16.0,True,NVIDIA GeForce RTX 5090,"PJRT C API
cuda 13000",1
articulated_soft_robot,,num_links,4,4,,,4,128,1.0,tsit5,0.0001,0.01,13.534812520995425,0.10574072282027676,1.0,128.0,0.07388355017469089,9.457094422360434,0.07388355017469089,0.001,1,3,True,3.4074369958125117,auto,jax,False,gpu,gpu:NVIDIA GeForce RTX 5090:0,2026-09-02T22:36:16.374497+00:00,0242a70c5c895aed886a2a214f9379e67079b95a,True,3.12.13,0.4.0,0.11.0,0.11.0,1.16.0,True,NVIDIA GeForce RTX 5090,"PJRT C API
cuda 13000",1
articulated_soft_robot,,num_links,4,4,,,4,256,1.0,tsit5,0.0001,0.01,14.206419134318518,0.05549382474343171,1.0,256.0,0.07039071496801717,18.020023031812396,0.07039071496801717,0.001,1,3,True,3.4074046390637025,auto,jax,False,gpu,gpu:NVIDIA GeForce RTX 5090:0,2026-09-02T22:36:16.374497+00:00,0242a70c5c895aed886a2a214f9379e67079b95a,True,3.12.13,0.4.0,0.11.0,0.11.0,1.16.0,True,NVIDIA GeForce RTX 5090,"PJRT C API
cuda 13000",1
articulated_soft_robot,,num_links,4,4,,,4,512,1.0,tsit5,0.0001,0.01,15.666716509343436,0.0305990556823114,1.0,512.0,0.06382958416357457,32.68074709175018,0.06382958416357457,0.001,1,3,True,3.4111541067060074,auto,jax,False,gpu,gpu:NVIDIA GeForce RTX 5090:0,2026-09-02T22:36:16.374497+00:00,0242a70c5c895aed886a2a214f9379e67079b95a,True,3.12.13,0.4.0,0.11.0,0.11.0,1.16.0,True,NVIDIA GeForce RTX 5090,"PJRT C API
cuda 13000",1
articulated_soft_robot,,num_links,4,4,,,4,1024,1.0,tsit5,0.0001,0.01,21.369247513629187,0.020868405775028503,1.0,1024.0,0.04679621963114076,47.919328902288136,0.04679621963114076,0.001,1,3,True,3.407330441960287,auto,jax,False,gpu,gpu:NVIDIA GeForce RTX 5090:0,2026-09-02T22:36:16.374497+00:00,0242a70c5c895aed886a2a214f9379e67079b95a,True,3.12.13,0.4.0,0.11.0,0.11.0,1.16.0,True,NVIDIA GeForce RTX 5090,"PJRT C API
cuda 13000",1
articulated_soft_robot,,num_links,8,8,,,8,1,1.0,tsit5,0.0001,0.01,19.599295574977685,19.599295574977685,1.0,1.0,0.05102224190530065,0.05102224190530065,0.05102224190530065,0.001,1,3,True,3.499393913701649,auto,jax,False,gpu,gpu:NVIDIA GeForce RTX 5090:0,2026-09-02T22:36:16.374497+00:00,0242a70c5c895aed886a2a214f9379e67079b95a,True,3.12.13,0.4.0,0.11.0,0.11.0,1.16.0,True,NVIDIA GeForce RTX 5090,"PJRT C API
cuda 13000",1
articulated_soft_robot,,num_links,8,8,,,8,2,1.0,tsit5,0.0001,0.01,19.965982410668705,9.982991205334352,1.0,2.0,0.050085188869326856,0.10017037773865371,0.050085188869326856,0.001,1,3,True,3.500918381076063,auto,jax,False,gpu,gpu:NVIDIA GeForce RTX 5090:0,2026-09-02T22:36:16.374497+00:00,0242a70c5c895aed886a2a214f9379e67079b95a,True,3.12.13,0.4.0,0.11.0,0.11.0,1.16.0,True,NVIDIA GeForce RTX 5090,"PJRT C API
cuda 13000",1
articulated_soft_robot,,num_links,8,8,,,8,4,1.0,tsit5,0.0001,0.01,21.860148106701672,5.465037026675418,1.0,4.0,0.045745344227262105,0.18298137690904842,0.045745344227262105,0.001,1,3,True,3.505624925327792,auto,jax,False,gpu,gpu:NVIDIA GeForce RTX 5090:0,2026-09-02T22:36:16.374497+00:00,0242a70c5c895aed886a2a214f9379e67079b95a,True,3.12.13,0.4.0,0.11.0,0.11.0,1.16.0,True,NVIDIA GeForce RTX 5090,"PJRT C API
cuda 13000",1
articulated_soft_robot,,num_links,8,8,,,8,8,1.0,tsit5,0.0001,0.01,21.88866163464263,2.736082704330329,1.0,8.0,0.04568575350524517,0.36548602804196134,0.04568575350524517,0.001,1,3,True,3.5101657998863653,auto,jax,False,gpu,gpu:NVIDIA GeForce RTX 5090:0,2026-09-02T22:36:16.374497+00:00,0242a70c5c895aed886a2a214f9379e67079b95a,True,3.12.13,0.4.0,0.11.0,0.11.0,1.16.0,True,NVIDIA GeForce RTX 5090,"PJRT C API
cuda 13000",1
articulated_soft_robot,,num_links,8,8,,,8,16,1.0,tsit5,0.0001,0.01,21.958214191681083,1.3723883869800677,1.0,16.0,0.045541044060807646,0.7286567049729223,0.045541044060807646,0.001,1,3,True,3.5159440605705,auto,jax,False,gpu,gpu:NVIDIA GeForce RTX 5090:0,2026-09-02T22:36:16.374497+00:00,0242a70c5c895aed886a2a214f9379e67079b95a,True,3.12.13,0.4.0,0.11.0,0.11.0,1.16.0,True,NVIDIA GeForce RTX 5090,"PJRT C API
cuda 13000",1
articulated_soft_robot,,num_links,8,8,,,8,32,1.0,tsit5,0.0001,0.01,22.830619337929722,0.7134568543103038,1.0,32.0,0.04380082665294353,1.4016264528941929,0.04380082665294353,0.001,1,3,True,3.5119634895701064,auto,jax,False,gpu,gpu:NVIDIA GeForce RTX 5090:0,2026-09-02T22:36:16.374497+00:00,0242a70c5c895aed886a2a214f9379e67079b95a,True,3.12.13,0.4.0,0.11.0,0.11.0,1.16.0,True,NVIDIA GeForce RTX 5090,"PJRT C API
cuda 13000",1
articulated_soft_robot,,num_links,8,8,,,8,64,1.0,tsit5,0.0001,0.01,22.723182968640078,0.3550497338850012,1.0,64.0,0.04400791919776754,2.8165068286571224,0.04400791919776754,0.001,1,3,True,3.521123139121582,auto,jax,False,gpu,gpu:NVIDIA GeForce RTX 5090:0,2026-09-02T22:36:16.374497+00:00,0242a70c5c895aed886a2a214f9379e67079b95a,True,3.12.13,0.4.0,0.11.0,0.11.0,1.16.0,True,NVIDIA GeForce RTX 5090,"PJRT C API
cuda 13000",1
articulated_soft_robot,,num_links,8,8,,,8,128,1.0,tsit5,0.0001,0.01,23.53440959204454,0.18386257493784797,1.0,128.0,0.04249097459143548,5.438844747703741,0.04249097459143548,0.001,1,3,True,3.5347534510361758,auto,jax,False,gpu,gpu:NVIDIA GeForce RTX 5090:0,2026-09-02T22:36:16.374497+00:00,0242a70c5c895aed886a2a214f9379e67079b95a,True,3.12.13,0.4.0,0.11.0,0.11.0,1.16.0,True,NVIDIA GeForce RTX 5090,"PJRT C API
cuda 13000",1
articulated_soft_robot,,num_links,8,8,,,8,256,1.0,tsit5,0.0001,0.01,24.51591797968528,0.09576530460814563,1.0,256.0,0.040789824832528555,10.44219515712731,0.040789824832528555,0.001,1,3,True,3.5257291555727552,auto,jax,False,gpu,gpu:NVIDIA GeForce RTX 5090:0,2026-09-02T22:36:16.374497+00:00,0242a70c5c895aed886a2a214f9379e67079b95a,True,3.12.13,0.4.0,0.11.0,0.11.0,1.16.0,True,NVIDIA GeForce RTX 5090,"PJRT C API
cuda 13000",1
articulated_soft_robot,,num_links,8,8,,,8,512,1.0,tsit5,0.0001,0.01,26.83265776501503,0.05240753469729498,1.0,512.0,0.037268019022097046,19.081225739313687,0.037268019022097046,0.001,1,3,True,3.524534058432622,auto,jax,False,gpu,gpu:NVIDIA GeForce RTX 5090:0,2026-09-02T22:36:16.374497+00:00,0242a70c5c895aed886a2a214f9379e67079b95a,True,3.12.13,0.4.0,0.11.0,0.11.0,1.16.0,True,NVIDIA GeForce RTX 5090,"PJRT C API
cuda 13000",1
articulated_soft_robot,,num_links,8,8,,,8,1024,1.0,tsit5,0.0001,0.01,37.807292871992104,0.03692118444530479,1.0,1024.0,0.026449923388744048,27.084721550073905,0.026449923388744048,0.001,1,3,True,3.5273910208378045,auto,jax,False,gpu,gpu:NVIDIA GeForce RTX 5090:0,2026-09-02T22:36:16.374497+00:00,0242a70c5c895aed886a2a214f9379e67079b95a,True,3.12.13,0.4.0,0.11.0,0.11.0,1.16.0,True,NVIDIA GeForce RTX 5090,"PJRT C API
cuda 13000",1
articulated_soft_robot,,num_links,16,16,,,16,1,1.0,tsit5,0.0001,0.01,35.34662821966534,35.34662821966534,1.0,1.0,0.028291241636554262,0.028291241636554262,0.028291241636554262,0.001,1,3,True,7.76818320409146,auto,jax,False,gpu,gpu:NVIDIA GeForce RTX 5090:0,2026-09-02T22:36:16.374497+00:00,0242a70c5c895aed886a2a214f9379e67079b95a,True,3.12.13,0.4.0,0.11.0,0.11.0,1.16.0,True,NVIDIA GeForce RTX 5090,"PJRT C API
cuda 13000",1
articulated_soft_robot,,num_links,16,16,,,16,2,1.0,tsit5,0.0001,0.01,35.60563474563727,17.802817372818634,1.0,2.0,0.028085442294285435,0.05617088458857087,0.028085442294285435,0.001,1,3,True,7.659186254842677,auto,jax,False,gpu,gpu:NVIDIA GeForce RTX 5090:0,2026-09-02T22:36:16.374497+00:00,0242a70c5c895aed886a2a214f9379e67079b95a,True,3.12.13,0.4.0,0.11.0,0.11.0,1.16.0,True,NVIDIA GeForce RTX 5090,"PJRT C API
cuda 13000",1
articulated_soft_robot,,num_links,16,16,,,16,4,1.0,tsit5,0.0001,0.01,39.46792942134198,9.866982355335495,1.0,4.0,0.02533702716766433,0.10134810867065731,0.02533702716766433,0.001,1,3,True,7.851665151515508,auto,jax,False,gpu,gpu:NVIDIA GeForce RTX 5090:0,2026-09-02T22:36:16.374497+00:00,0242a70c5c895aed886a2a214f9379e67079b95a,True,3.12.13,0.4.0,0.11.0,0.11.0,1.16.0,True,NVIDIA GeForce RTX 5090,"PJRT C API
cuda 13000",1
articulated_soft_robot,,num_links,16,16,,,16,8,1.0,tsit5,0.0001,0.01,39.57065081099669,4.946331351374586,1.0,8.0,0.025271254819041286,0.2021700385523303,0.025271254819041286,0.001,1,3,True,7.8859832037749245,auto,jax,False,gpu,gpu:NVIDIA GeForce RTX 5090:0,2026-09-02T22:36:16.374497+00:00,0242a70c5c895aed886a2a214f9379e67079b95a,True,3.12.13,0.4.0,0.11.0,0.11.0,1.16.0,True,NVIDIA GeForce RTX 5090,"PJRT C API
cuda 13000",1
articulated_soft_robot,,num_links,16,16,,,16,16,1.0,tsit5,0.0001,0.01,39.592275197346076,2.4745171998341298,1.0,16.0,0.025257452243285867,0.40411923589257387,0.025257452243285867,0.001,1,3,True,7.91029190740168,auto,jax,False,gpu,gpu:NVIDIA GeForce RTX 5090:0,2026-09-02T22:36:16.374497+00:00,0242a70c5c895aed886a2a214f9379e67079b95a,True,3.12.13,0.4.0,0.11.0,0.11.0,1.16.0,True,NVIDIA GeForce RTX 5090,"PJRT C API
cuda 13000",1
articulated_soft_robot,,num_links,16,16,,,16,32,1.0,tsit5,0.0001,0.01,41.39813153798847,1.2936916105621397,1.0,32.0,0.024155679564483792,0.7729817460634814,0.024155679564483792,0.001,1,3,True,7.906482980437804,auto,jax,False,gpu,gpu:NVIDIA GeForce RTX 5090:0,2026-09-02T22:36:16.374497+00:00,0242a70c5c895aed886a2a214f9379e67079b95a,True,3.12.13,0.4.0,0.11.0,0.11.0,1.16.0,True,NVIDIA GeForce RTX 5090,"PJRT C API
cuda 13000",1
articulated_soft_robot,,num_links,16,16,,,16,64,1.0,tsit5,0.0001,0.01,42.14038048199533,0.658443445031177,1.0,64.0,0.023730208141505855,1.5187333210563747,0.023730208141505855,0.001,1,3,True,7.990984345004853,auto,jax,False,gpu,gpu:NVIDIA GeForce RTX 5090:0,2026-09-02T22:36:16.374497+00:00,0242a70c5c895aed886a2a214f9379e67079b95a,True,3.12.13,0.4.0,0.11.0,0.11.0,1.16.0,True,NVIDIA GeForce RTX 5090,"PJRT C API
cuda 13000",1
articulated_soft_robot,,num_links,16,16,,,16,128,1.0,tsit5,0.0001,0.01,43.06024491003094,0.3364081633596167,1.0,128.0,0.023223277110694017,2.972579470168834,0.023223277110694017,0.001,1,3,True,8.04616177605866,auto,jax,False,gpu,gpu:NVIDIA GeForce RTX 5090:0,2026-09-02T22:36:16.374497+00:00,0242a70c5c895aed886a2a214f9379e67079b95a,True,3.12.13,0.4.0,0.11.0,0.11.0,1.16.0,True,NVIDIA GeForce RTX 5090,"PJRT C API
cuda 13000",1
articulated_soft_robot,,num_links,16,16,,,16,256,1.0,tsit5,0.0001,0.01,44.40722676665367,0.1734657295572409,1.0,256.0,0.02251885724039226,5.764827453540419,0.02251885724039226,0.001,1,3,True,7.950998898749942,auto,jax,False,gpu,gpu:NVIDIA GeForce RTX 5090:0,2026-09-02T22:36:16.374497+00:00,0242a70c5c895aed886a2a214f9379e67079b95a,True,3.12.13,0.4.0,0.11.0,0.11.0,1.16.0,True,NVIDIA GeForce RTX 5090,"PJRT C API
cuda 13000",1
articulated_soft_robot,,num_links,16,16,,,16,512,1.0,tsit5,0.0001,0.01,48.84316755602291,0.09539681163285725,1.0,512.0,0.02047369263782911,10.482530630568505,0.02047369263782911,0.001,1,3,True,7.99104422951095,auto,jax,False,gpu,gpu:NVIDIA GeForce RTX 5090:0,2026-09-02T22:36:16.374497+00:00,0242a70c5c895aed886a2a214f9379e67079b95a,True,3.12.13,0.4.0,0.11.0,0.11.0,1.16.0,True,NVIDIA GeForce RTX 5090,"PJRT C API
cuda 13000",1
articulated_soft_robot,,num_links,16,16,,,16,1024,1.0,tsit5,0.0001,0.01,71.57551715301815,0.06989796596974429,1.0,1024.0,0.013971257767682543,14.306567954106924,0.013971257767682543,0.001,1,3,True,7.980371164144108,auto,jax,False,gpu,gpu:NVIDIA GeForce RTX 5090:0,2026-09-02T22:36:16.374497+00:00,0242a70c5c895aed886a2a214f9379e67079b95a,True,3.12.13,0.4.0,0.11.0,0.11.0,1.16.0,True,NVIDIA GeForce RTX 5090,"PJRT C API
cuda 13000",1
articulated_soft_robot,,num_links,32,32,,,32,1,1.0,tsit5,0.0001,0.01,66.49996815497677,66.49996815497677,1.0,1.0,0.015037601186056527,0.015037601186056527,0.015037601186056527,0.001,1,3,True,9.422878089143516,auto,jax,False,gpu,gpu:NVIDIA GeForce RTX 5090:0,2026-09-02T22:36:16.374497+00:00,0242a70c5c895aed886a2a214f9379e67079b95a,True,3.12.13,0.4.0,0.11.0,0.11.0,1.16.0,True,NVIDIA GeForce RTX 5090,"PJRT C API
cuda 13000",1
articulated_soft_robot,,num_links,32,32,,,32,2,1.0,tsit5,0.0001,0.01,66.9533728453486,33.4766864226743,1.0,2.0,0.014935767348268434,0.029871534696536868,0.014935767348268434,0.001,1,3,True,9.372271936345896,auto,jax,False,gpu,gpu:NVIDIA GeForce RTX 5090:0,2026-09-02T22:36:16.374497+00:00,0242a70c5c895aed886a2a214f9379e67079b95a,True,3.12.13,0.4.0,0.11.0,0.11.0,1.16.0,True,NVIDIA GeForce RTX 5090,"PJRT C API
cuda 13000",1
articulated_soft_robot,,num_links,32,32,,,32,4,1.0,tsit5,0.0001,0.01,74.59732466334633,18.649331165836582,1.0,4.0,0.013405306484018638,0.05362122593607455,0.013405306484018638,0.001,1,3,True,9.650787101993958,auto,jax,False,gpu,gpu:NVIDIA GeForce RTX 5090:0,2026-09-02T22:36:16.374497+00:00,0242a70c5c895aed886a2a214f9379e67079b95a,True,3.12.13,0.4.0,0.11.0,0.11.0,1.16.0,True,NVIDIA GeForce RTX 5090,"PJRT C API
cuda 13000",1
articulated_soft_robot,,num_links,32,32,,,32,8,1.0,tsit5,0.0001,0.01,74.90223920333665,9.362779900417081,1.0,8.0,0.013350735714126065,0.10680588571300852,0.013350735714126065,0.001,1,3,True,9.568922360085613,auto,jax,False,gpu,gpu:NVIDIA GeForce RTX 5090:0,2026-09-02T22:36:16.374497+00:00,0242a70c5c895aed886a2a214f9379e67079b95a,True,3.12.13,0.4.0,0.11.0,0.11.0,1.16.0,True,NVIDIA GeForce RTX 5090,"PJRT C API
cuda 13000",1
articulated_soft_robot,,num_links,32,32,,,32,16,1.0,tsit5,0.0001,0.01,75.2853366836983,4.705333542731144,1.0,16.0,0.013282799068846194,0.2125247851015391,0.013282799068846194,0.001,1,3,True,9.747827588493422,auto,jax,False,gpu,gpu:NVIDIA GeForce RTX 5090:0,2026-09-02T22:36:16.374497+00:00,0242a70c5c895aed886a2a214f9379e67079b95a,True,3.12.13,0.4.0,0.11.0,0.11.0,1.16.0,True,NVIDIA GeForce RTX 5090,"PJRT C API
cuda 13000",1
articulated_soft_robot,,num_links,32,32,,,32,32,1.0,tsit5,0.0001,0.01,79.5550667976883,2.4860958374277593,1.0,32.0,0.012569909626787692,0.40223710805720614,0.012569909626787692,0.001,1,3,True,9.802218706847112,auto,jax,False,gpu,gpu:NVIDIA GeForce RTX 5090:0,2026-09-02T22:36:16.374497+00:00,0242a70c5c895aed886a2a214f9379e67079b95a,True,3.12.13,0.4.0,0.11.0,0.11.0,1.16.0,True,NVIDIA GeForce RTX 5090,"PJRT C API
cuda 13000",1
articulated_soft_robot,,num_links,32,32,,,32,64,1.0,tsit5,0.0001,0.01,80.74166115897242,1.261588455608944,1.0,64.0,0.012385179913887306,0.7926515144887876,0.012385179913887306,0.001,1,3,True,9.80979744304465,auto,jax,False,gpu,gpu:NVIDIA GeForce RTX 5090:0,2026-09-02T22:36:16.374497+00:00,0242a70c5c895aed886a2a214f9379e67079b95a,True,3.12.13,0.4.0,0.11.0,0.11.0,1.16.0,True,NVIDIA GeForce RTX 5090,"PJRT C API
cuda 13000",1
articulated_soft_robot,,num_links,32,32,,,32,128,1.0,tsit5,0.0001,0.01,81.9913854689803,0.6405576989764086,1.0,128.0,0.012196403247489078,1.561139615678602,0.012196403247489078,0.001,1,3,True,9.790728267637157,auto,jax,False,gpu,gpu:NVIDIA GeForce RTX 5090:0,2026-09-02T22:36:16.374497+00:00,0242a70c5c895aed886a2a214f9379e67079b95a,True,3.12.13,0.4.0,0.11.0,0.11.0,1.16.0,True,NVIDIA GeForce RTX 5090,"PJRT C API
cuda 13000",1
articulated_soft_robot,,num_links,32,32,,,32,256,1.0,tsit5,0.0001,0.01,84.09671097931762,0.32850277726295946,1.0,256.0,0.011891071462306483,3.0441142943504595,0.011891071462306483,0.001,1,3,True,9.833957570039065,auto,jax,False,gpu,gpu:NVIDIA GeForce RTX 5090:0,2026-09-02T22:36:16.374497+00:00,0242a70c5c895aed886a2a214f9379e67079b95a,True,3.12.13,0.4.0,0.11.0,0.11.0,1.16.0,True,NVIDIA GeForce RTX 5090,"PJRT C API
cuda 13000",1
articulated_soft_robot,,num_links,32,32,,,32,512,1.0,tsit5,0.0001,0.01,93.6522182910315,0.1829144888496709,1.0,512.0,0.010677803668167504,5.467035478101762,0.010677803668167504,0.001,1,3,True,9.823464885391836,auto,jax,False,gpu,gpu:NVIDIA GeForce RTX 5090:0,2026-09-02T22:36:16.374497+00:00,0242a70c5c895aed886a2a214f9379e67079b95a,True,3.12.13,0.4.0,0.11.0,0.11.0,1.16.0,True,NVIDIA GeForce RTX 5090,"PJRT C API
cuda 13000",1
articulated_soft_robot,,num_links,32,32,,,32,1024,1.0,tsit5,0.0001,0.01,137.67259167763405,0.1344458903101895,1.0,1024.0,0.00726360990095647,7.437936538579425,0.00726360990095647,0.001,1,3,True,9.901754451014373,auto,jax,False,gpu,gpu:NVIDIA GeForce RTX 5090:0,2026-09-02T22:36:16.374497+00:00,0242a70c5c895aed886a2a214f9379e67079b95a,True,3.12.13,0.4.0,0.11.0,0.11.0,1.16.0,True,NVIDIA GeForce RTX 5090,"PJRT C API
cuda 13000",1
planar_pcs,,num_segments,1,1,5,7,3,1,1.0,tsit5,0.0001,0.01,4.913030921326329,4.913030921326329,1.0,1.0,0.20354034322463382,0.20354034322463382,0.20354034322463382,0.001,1,3,True,1788.0547999666264,auto,warp,True,gpu,gpu:NVIDIA GeForce RTX 5090:0,2026-09-02T22:36:16.374497+00:00,0242a70c5c895aed886a2a214f9379e67079b95a,True,3.12.13,0.4.0,0.11.0,0.11.0,1.16.0,True,NVIDIA GeForce RTX 5090,"PJRT C API
cuda 13000",1
planar_pcs,,num_segments,1,1,5,7,3,2,1.0,tsit5,0.0001,0.01,5.19761436067832,2.59880718033916,1.0,2.0,0.19239595910872734,0.3847919182174547,0.19239595910872734,0.001,1,3,True,1801.575164316529,auto,warp,True,gpu,gpu:NVIDIA GeForce RTX 5090:0,2026-09-02T22:36:16.374497+00:00,0242a70c5c895aed886a2a214f9379e67079b95a,True,3.12.13,0.4.0,0.11.0,0.11.0,1.16.0,True,NVIDIA GeForce RTX 5090,"PJRT C API
cuda 13000",1
planar_pcs,,num_segments,1,1,5,7,3,4,1.0,tsit5,0.0001,0.01,5.148655551369302,1.2871638878423255,1.0,4.0,0.19422546138943916,0.7769018455577567,0.19422546138943916,0.001,1,3,True,1804.647689938934,auto,warp,True,gpu,gpu:NVIDIA GeForce RTX 5090:0,2026-09-02T22:36:16.374497+00:00,0242a70c5c895aed886a2a214f9379e67079b95a,True,3.12.13,0.4.0,0.11.0,0.11.0,1.16.0,True,NVIDIA GeForce RTX 5090,"PJRT C API
cuda 13000",1
planar_pcs,,num_segments,1,1,5,7,3,8,1.0,tsit5,0.0001,0.01,5.097695743315853,0.6372119679144816,1.0,8.0,0.19616706260102115,1.5693365008081692,0.19616706260102115,0.001,1,3,True,1849.819038745045,auto,warp,True,gpu,gpu:NVIDIA GeForce RTX 5090:0,2026-09-02T22:36:16.374497+00:00,0242a70c5c895aed886a2a214f9379e67079b95a,True,3.12.13,0.4.0,0.11.0,0.11.0,1.16.0,True,NVIDIA GeForce RTX 5090,"PJRT C API
cuda 13000",1
planar_pcs,,num_segments,1,1,5,7,3,16,1.0,tsit5,0.0001,0.01,5.44656821328681,0.3404105133304256,1.0,16.0,0.18360184997968393,2.937629599674943,0.18360184997968393,0.001,1,3,True,1858.1203646421222,auto,warp,True,gpu,gpu:NVIDIA GeForce RTX 5090:0,2026-09-02T22:36:16.374497+00:00,0242a70c5c895aed886a2a214f9379e67079b95a,True,3.12.13,0.4.0,0.11.0,0.11.0,1.16.0,True,NVIDIA GeForce RTX 5090,"PJRT C API
cuda 13000",1
planar_pcs,,num_segments,1,1,5,7,3,32,1.0,tsit5,0.0001,0.01,5.485150976688601,0.17141096802151878,1.0,32.0,0.18231038748977196,5.833932399672703,0.18231038748977196,0.001,1,3,True,1881.4805491864483,auto,warp,True,gpu,gpu:NVIDIA GeForce RTX 5090:0,2026-09-02T22:36:16.374497+00:00,0242a70c5c895aed886a2a214f9379e67079b95a,True,3.12.13,0.4.0,0.11.0,0.11.0,1.16.0,True,NVIDIA GeForce RTX 5090,"PJRT C API
cuda 13000",1
planar_pcs,,num_segments,1,1,5,7,3,64,1.0,tsit5,0.0001,0.01,5.498332039375479,0.08591143811524186,1.0,64.0,0.18187333773927258,11.639893615313445,0.18187333773927258,0.001,1,3,True,1860.8706729959774,auto,warp,True,gpu,gpu:NVIDIA GeForce RTX 5090:0,2026-09-02T22:36:16.374497+00:00,0242a70c5c895aed886a2a214f9379e67079b95a,True,3.12.13,0.4.0,0.11.0,0.11.0,1.16.0,True,NVIDIA GeForce RTX 5090,"PJRT C API
cuda 13000",1
planar_pcs,,num_segments,1,1,5,7,3,128,1.0,tsit5,0.0001,0.01,5.421530256397091,0.04235570512810227,1.0,128.0,0.18444976836937468,23.60957035127996,0.18444976836937468,0.001,1,3,True,1885.350251652093,auto,warp,True,gpu,gpu:NVIDIA GeForce RTX 5090:0,2026-09-02T22:36:16.374497+00:00,0242a70c5c895aed886a2a214f9379e67079b95a,True,3.12.13,0.4.0,0.11.0,0.11.0,1.16.0,True,NVIDIA GeForce RTX 5090,"PJRT C API
cuda 13000",1
planar_pcs,,num_segments,1,1,5,7,3,256,1.0,tsit5,0.0001,0.01,5.6864396710104,0.022212654964884376,1.0,256.0,0.1758569610960656,45.019382040592795,0.1758569610960656,0.001,1,3,True,1871.3111830434505,auto,warp,True,gpu,gpu:NVIDIA GeForce RTX 5090:0,2026-09-02T22:36:16.374497+00:00,0242a70c5c895aed886a2a214f9379e67079b95a,True,3.12.13,0.4.0,0.11.0,0.11.0,1.16.0,True,NVIDIA GeForce RTX 5090,"PJRT C API
cuda 13000",1
planar_pcs,,num_segments,1,1,5,7,3,512,1.0,tsit5,0.0001,0.01,5.701970450696535,0.01113666103651667,1.0,512.0,0.17537796953645088,89.79352040266285,0.17537796953645088,0.001,1,3,True,1891.486342877561,auto,warp,True,gpu,gpu:NVIDIA GeForce RTX 5090:0,2026-09-02T22:36:16.374497+00:00,0242a70c5c895aed886a2a214f9379e67079b95a,True,3.12.13,0.4.0,0.11.0,0.11.0,1.16.0,True,NVIDIA GeForce RTX 5090,"PJRT C API
cuda 13000",1
planar_pcs,,num_segments,1,1,5,7,3,1024,1.0,tsit5,0.0001,0.01,6.403711270657368,0.006253624287751336,1.0,1024.0,0.1561594453176128,159.9072720052355,0.1561594453176128,0.001,1,3,True,1890.3491542565123,auto,warp,True,gpu,gpu:NVIDIA GeForce RTX 5090:0,2026-09-02T22:36:16.374497+00:00,0242a70c5c895aed886a2a214f9379e67079b95a,True,3.12.13,0.4.0,0.11.0,0.11.0,1.16.0,True,NVIDIA GeForce RTX 5090,"PJRT C API
cuda 13000",1
planar_pcs,,num_segments,2,2,5,7,6,1,1.0,tsit5,0.0001,0.01,6.473818433975491,6.473818433975491,1.0,1.0,0.15446834201463888,0.15446834201463888,0.15446834201463888,0.001,1,3,True,1577.7385914973202,auto,warp,True,gpu,gpu:NVIDIA GeForce RTX 5090:0,2026-09-02T22:36:16.374497+00:00,0242a70c5c895aed886a2a214f9379e67079b95a,True,3.12.13,0.4.0,0.11.0,0.11.0,1.16.0,True,NVIDIA GeForce RTX 5090,"PJRT C API
cuda 13000",1
planar_pcs,,num_segments,2,2,5,7,6,2,1.0,tsit5,0.0001,0.01,6.186724433287357,3.0933622166436785,1.0,2.0,0.16163642179043092,0.32327284358086184,0.16163642179043092,0.001,1,3,True,1355.997590275368,auto,warp,True,gpu,gpu:NVIDIA GeForce RTX 5090:0,2026-09-02T22:36:16.374497+00:00,0242a70c5c895aed886a2a214f9379e67079b95a,True,3.12.13,0.4.0,0.11.0,0.11.0,1.16.0,True,NVIDIA GeForce RTX 5090,"PJRT C API
cuda 13000",1
planar_pcs,,num_segments,2,2,5,7,6,4,1.0,tsit5,0.0001,0.01,6.293107583691987,1.5732768959229968,1.0,4.0,0.1589040051677185,0.635616020670874,0.1589040051677185,0.001,1,3,True,1898.9299093185223,auto,warp,True,gpu,gpu:NVIDIA GeForce RTX 5090:0,2026-09-02T22:36:16.374497+00:00,0242a70c5c895aed886a2a214f9379e67079b95a,True,3.12.13,0.4.0,0.11.0,0.11.0,1.16.0,True,NVIDIA GeForce RTX 5090,"PJRT C API
cuda 13000",1
planar_pcs,,num_segments,2,2,5,7,6,8,1.0,tsit5,0.0001,0.01,6.314160727352525,0.7892700909190656,1.0,8.0,0.158374175631619,1.266993405052952,0.158374175631619,0.001,1,3,True,1830.9041119677174,auto,warp,True,gpu,gpu:NVIDIA GeForce RTX 5090:0,2026-09-02T22:36:16.374497+00:00,0242a70c5c895aed886a2a214f9379e67079b95a,True,3.12.13,0.4.0,0.11.0,0.11.0,1.16.0,True,NVIDIA GeForce RTX 5090,"PJRT C API
cuda 13000",1
planar_pcs,,num_segments,2,2,5,7,6,16,1.0,tsit5,0.0001,0.01,6.497751446984087,0.40610946543650545,1.0,16.0,0.15389939245277645,2.462390279244423,0.15389939245277645,0.001,1,3,True,3002.7851825805947,auto,warp,True,gpu,gpu:NVIDIA GeForce RTX 5090:0,2026-09-02T22:36:16.374497+00:00,0242a70c5c895aed886a2a214f9379e67079b95a,True,3.12.13,0.4.0,0.11.0,0.11.0,1.16.0,True,NVIDIA GeForce RTX 5090,"PJRT C API
cuda 13000",1
planar_pcs,,num_segments,2,2,5,7,6,32,1.0,tsit5,0.0001,0.01,6.570137311355211,0.20531679097985034,1.0,32.0,0.15220382050032555,4.8705222560104175,0.15220382050032555,0.001,1,3,True,3635.022536016709,auto,warp,True,gpu,gpu:NVIDIA GeForce RTX 5090:0,2026-09-02T22:36:16.374497+00:00,0242a70c5c895aed886a2a214f9379e67079b95a,True,3.12.13,0.4.0,0.11.0,0.11.0,1.16.0,True,NVIDIA GeForce RTX 5090,"PJRT C API
cuda 13000",1
planar_pcs,,num_segments,2,2,5,7,6,64,1.0,tsit5,0.0001,0.01,6.571861879667267,0.10268534186980105,1.0,64.0,0.15216387962959288,9.738488296293944,0.15216387962959288,0.001,1,3,True,3441.6522626318633,auto,warp,True,gpu,gpu:NVIDIA GeForce RTX 5090:0,2026-09-02T22:36:16.374497+00:00,0242a70c5c895aed886a2a214f9379e67079b95a,True,3.12.13,0.4.0,0.11.0,0.11.0,1.16.0,True,NVIDIA GeForce RTX 5090,"PJRT C API
cuda 13000",1
planar_pcs,,num_segments,2,2,5,7,6,128,1.0,tsit5,0.0001,0.01,6.557452448294498,0.051230097252300766,1.0,128.0,0.15249824651951324,19.519775554497695,0.15249824651951324,0.001,1,3,True,3082.1811238158543,auto,warp,True,gpu,gpu:NVIDIA GeForce RTX 5090:0,2026-09-02T22:36:16.374497+00:00,0242a70c5c895aed886a2a214f9379e67079b95a,True,3.12.13,0.4.0,0.11.0,0.11.0,1.16.0,True,NVIDIA GeForce RTX 5090,"PJRT C API
cuda 13000",1
planar_pcs,,num_segments,2,2,5,7,6,256,1.0,tsit5,0.0001,0.01,6.534342386061326,0.025524774945552053,1.0,256.0,0.15303758831694236,39.177622609137245,0.15303758831694236,0.001,1,3,True,3232.4612339476303,auto,warp,True,gpu,gpu:NVIDIA GeForce RTX 5090:0,2026-09-02T22:36:16.374497+00:00,0242a70c5c895aed886a2a214f9379e67079b95a,True,3.12.13,0.4.0,0.11.0,0.11.0,1.16.0,True,NVIDIA GeForce RTX 5090,"PJRT C API
cuda 13000",1
planar_pcs,,num_segments,2,2,5,7,6,512,1.0,tsit5,0.0001,0.01,6.586457036319189,0.012864173899060916,1.0,512.0,0.15182669445587782,77.73526756140944,0.15182669445587782,0.001,1,3,True,3398.76457337233,auto,warp,True,gpu,gpu:NVIDIA GeForce RTX 5090:0,2026-09-02T22:36:16.374497+00:00,0242a70c5c895aed886a2a214f9379e67079b95a,True,3.12.13,0.4.0,0.11.0,0.11.0,1.16.0,True,NVIDIA GeForce RTX 5090,"PJRT C API
cuda 13000",1
planar_pcs,,num_segments,2,2,5,7,6,1024,1.0,tsit5,0.0001,0.01,8.155056655989029,0.007963922515614286,1.0,1024.0,0.12262330504664312,125.56626436776256,0.12262330504664312,0.001,1,3,True,3771.1695789803744,auto,warp,True,gpu,gpu:NVIDIA GeForce RTX 5090:0,2026-09-02T22:36:16.374497+00:00,0242a70c5c895aed886a2a214f9379e67079b95a,True,3.12.13,0.4.0,0.11.0,0.11.0,1.16.0,True,NVIDIA GeForce RTX 5090,"PJRT C API
cuda 13000",1
planar_pcs,,num_segments,4,4,5,7,12,1,1.0,tsit5,0.0001,0.01,8.349233571013125,8.349233571013125,1.0,1.0,0.11977147261418111,0.11977147261418111,0.11977147261418111,0.001,1,3,True,2433.718877036892,auto,warp,True,gpu,gpu:NVIDIA GeForce RTX 5090:0,2026-09-02T22:36:16.374497+00:00,0242a70c5c895aed886a2a214f9379e67079b95a,True,3.12.13,0.4.0,0.11.0,0.11.0,1.16.0,True,NVIDIA GeForce RTX 5090,"PJRT C API
cuda 13000",1
planar_pcs,,num_segments,4,4,5,7,12,2,1.0,tsit5,0.0001,0.01,8.153716859330112,4.076858429665056,1.0,2.0,0.12264345417583673,0.24528690835167347,0.12264345417583673,0.001,1,3,True,2133.8225319316834,auto,warp,True,gpu,gpu:NVIDIA GeForce RTX 5090:0,2026-09-02T22:36:16.374497+00:00,0242a70c5c895aed886a2a214f9379e67079b95a,True,3.12.13,0.4.0,0.11.0,0.11.0,1.16.0,True,NVIDIA GeForce RTX 5090,"PJRT C API
cuda 13000",1
planar_pcs,,num_segments,4,4,5,7,12,4,1.0,tsit5,0.0001,0.01,8.251274807301039,2.0628187018252597,1.0,4.0,0.12119339415470229,0.48477357661880915,0.12119339415470229,0.001,1,3,True,2653.491404080249,auto,warp,True,gpu,gpu:NVIDIA GeForce RTX 5090:0,2026-09-02T22:36:16.374497+00:00,0242a70c5c895aed886a2a214f9379e67079b95a,True,3.12.13,0.4.0,0.11.0,0.11.0,1.16.0,True,NVIDIA GeForce RTX 5090,"PJRT C API
cuda 13000",1
planar_pcs,,num_segments,4,4,5,7,12,8,1.0,tsit5,0.0001,0.01,8.406686175304154,1.0508357719130192,1.0,8.0,0.11895293569273983,0.9516234855419187,0.11895293569273983,0.001,1,3,True,2695.257769851293,auto,warp,True,gpu,gpu:NVIDIA GeForce RTX 5090:0,2026-09-02T22:36:16.374497+00:00,0242a70c5c895aed886a2a214f9379e67079b95a,True,3.12.13,0.4.0,0.11.0,0.11.0,1.16.0,True,NVIDIA GeForce RTX 5090,"PJRT C API
cuda 13000",1
planar_pcs,,num_segments,4,4,5,7,12,16,1.0,tsit5,0.0001,0.01,8.474703893337088,0.529668993333568,1.0,16.0,0.11799822301593473,1.8879715682549556,0.11799822301593473,0.001,1,3,True,2180.435006312682,auto,warp,True,gpu,gpu:NVIDIA GeForce RTX 5090:0,2026-09-02T22:36:16.374497+00:00,0242a70c5c895aed886a2a214f9379e67079b95a,True,3.12.13,0.4.0,0.11.0,0.11.0,1.16.0,True,NVIDIA GeForce RTX 5090,"PJRT C API
cuda 13000",1
planar_pcs,,num_segments,4,4,5,7,12,32,1.0,tsit5,0.0001,0.01,8.532405918037208,0.26663768493866274,1.0,32.0,0.11720023749526906,3.75040759984861,0.11720023749526906,0.001,1,3,True,2422.4997888947314,auto,warp,True,gpu,gpu:NVIDIA GeForce RTX 5090:0,2026-09-02T22:36:16.374497+00:00,0242a70c5c895aed886a2a214f9379e67079b95a,True,3.12.13,0.4.0,0.11.0,0.11.0,1.16.0,True,NVIDIA GeForce RTX 5090,"PJRT C API
cuda 13000",1
planar_pcs,,num_segments,4,4,5,7,12,64,1.0,tsit5,0.0001,0.01,8.486429719293179,0.13260046436395592,1.0,64.0,0.11783518311906652,7.541451719620257,0.11783518311906652,0.001,1,3,True,3560.7260934830415,auto,warp,True,gpu,gpu:NVIDIA GeForce RTX 5090:0,2026-09-02T22:36:16.374497+00:00,0242a70c5c895aed886a2a214f9379e67079b95a,True,3.12.13,0.4.0,0.11.0,0.11.0,1.16.0,True,NVIDIA GeForce RTX 5090,"PJRT C API
cuda 13000",1
planar_pcs,,num_segments,4,4,5,7,12,128,1.0,tsit5,0.0001,0.01,8.574689155677333,0.06698975902872917,1.0,128.0,0.11662230336803478,14.927654831108452,0.11662230336803478,0.001,1,3,True,3637.9179508548723,auto,warp,True,gpu,gpu:NVIDIA GeForce RTX 5090:0,2026-09-02T22:36:16.374497+00:00,0242a70c5c895aed886a2a214f9379e67079b95a,True,3.12.13,0.4.0,0.11.0,0.11.0,1.16.0,True,NVIDIA GeForce RTX 5090,"PJRT C API
cuda 13000",1
planar_pcs,,num_segments,4,4,5,7,12,256,1.0,tsit5,0.0001,0.01,8.603037087013945,0.03360561362114822,1.0,256.0,0.1162380203509146,29.756933209834138,0.1162380203509146,0.001,1,3,True,3385.274548166735,auto,warp,True,gpu,gpu:NVIDIA GeForce RTX 5090:0,2026-09-02T22:36:16.374497+00:00,0242a70c5c895aed886a2a214f9379e67079b95a,True,3.12.13,0.4.0,0.11.0,0.11.0,1.16.0,True,NVIDIA GeForce RTX 5090,"PJRT C API
cuda 13000",1
planar_pcs,,num_segments,4,4,5,7,12,512,1.0,tsit5,0.0001,0.01,8.920234903343953,0.01742233379559366,1.0,512.0,0.11210467110290193,57.397591604685786,0.11210467110290193,0.001,1,3,True,3582.3401389726596,auto,warp,True,gpu,gpu:NVIDIA GeForce RTX 5090:0,2026-09-02T22:36:16.374497+00:00,0242a70c5c895aed886a2a214f9379e67079b95a,True,3.12.13,0.4.0,0.11.0,0.11.0,1.16.0,True,NVIDIA GeForce RTX 5090,"PJRT C API
cuda 13000",1
planar_pcs,,num_segments,4,4,5,7,12,1024,1.0,tsit5,0.0001,0.01,12.656731677629674,0.012360089528935228,1.0,1024.0,0.07900933870372433,80.90556283261371,0.07900933870372433,0.001,1,3,True,4307.766784897784,auto,warp,True,gpu,gpu:NVIDIA GeForce RTX 5090:0,2026-09-02T22:36:16.374497+00:00,0242a70c5c895aed886a2a214f9379e67079b95a,True,3.12.13,0.4.0,0.11.0,0.11.0,1.16.0,True,NVIDIA GeForce RTX 5090,"PJRT C API
cuda 13000",1
planar_pcs,,num_segments,8,8,5,7,24,1,1.0,tsit5,0.0001,0.01,13.212003046025833,13.212003046025833,1.0,1.0,0.07568875033682343,0.07568875033682343,0.07568875033682343,0.001,1,3,True,2023.2187303702801,auto,warp,True,gpu,gpu:NVIDIA GeForce RTX 5090:0,2026-09-02T22:36:16.374497+00:00,0242a70c5c895aed886a2a214f9379e67079b95a,True,3.12.13,0.4.0,0.11.0,0.11.0,1.16.0,True,NVIDIA GeForce RTX 5090,"PJRT C API
cuda 13000",1
planar_pcs,,num_segments,8,8,5,7,24,2,1.0,tsit5,0.0001,0.01,13.74068084002162,6.87034042001081,1.0,2.0,0.07277659758222188,0.14555319516444376,0.07277659758222188,0.001,1,3,True,1557.4285324469881,auto,warp,True,gpu,gpu:NVIDIA GeForce RTX 5090:0,2026-09-02T22:36:16.374497+00:00,0242a70c5c895aed886a2a214f9379e67079b95a,True,3.12.13,0.4.0,0.11.0,0.11.0,1.16.0,True,NVIDIA GeForce RTX 5090,"PJRT C API
cuda 13000",1
planar_pcs,,num_segments,8,8,5,7,24,4,1.0,tsit5,0.0001,0.01,14.579321111319587,3.6448302778298967,1.0,4.0,0.06859029939491394,0.27436119757965577,0.06859029939491394,0.001,1,3,True,3196.5365393333204,auto,warp,True,gpu,gpu:NVIDIA GeForce RTX 5090:0,2026-09-02T22:36:16.374497+00:00,0242a70c5c895aed886a2a214f9379e67079b95a,True,3.12.13,0.4.0,0.11.0,0.11.0,1.16.0,True,NVIDIA GeForce RTX 5090,"PJRT C API
cuda 13000",1
planar_pcs,,num_segments,8,8,5,7,24,8,1.0,tsit5,0.0001,0.01,15.13234036671929,1.8915425458399113,1.0,8.0,0.06608363120084915,0.5286690496067932,0.06608363120084915,0.001,1,3,True,2398.860076480515,auto,warp,True,gpu,gpu:NVIDIA GeForce RTX 5090:0,2026-09-02T22:36:16.374497+00:00,0242a70c5c895aed886a2a214f9379e67079b95a,True,3.12.13,0.4.0,0.11.0,0.11.0,1.16.0,True,NVIDIA GeForce RTX 5090,"PJRT C API
cuda 13000",1
planar_pcs,,num_segments,8,8,5,7,24,16,1.0,tsit5,0.0001,0.01,15.193136672644565,0.9495710420402853,1.0,16.0,0.06581919333356046,1.0531070933369673,0.06581919333356046,0.001,1,3,True,2883.126077775022,auto,warp,True,gpu,gpu:NVIDIA GeForce RTX 5090:0,2026-09-02T22:36:16.374497+00:00,0242a70c5c895aed886a2a214f9379e67079b95a,True,3.12.13,0.4.0,0.11.0,0.11.0,1.16.0,True,NVIDIA GeForce RTX 5090,"PJRT C API
cuda 13000",1
planar_pcs,,num_segments,8,8,5,7,24,32,1.0,tsit5,0.0001,0.01,15.224567172699608,0.47576772414686275,1.0,32.0,0.06568331228444906,2.1018659931023698,0.06568331228444906,0.001,1,3,True,3672.2783156514497,auto,warp,True,gpu,gpu:NVIDIA GeForce RTX 5090:0,2026-09-02T22:36:16.374497+00:00,0242a70c5c895aed886a2a214f9379e67079b95a,True,3.12.13,0.4.0,0.11.0,0.11.0,1.16.0,True,NVIDIA GeForce RTX 5090,"PJRT C API
cuda 13000",1
planar_pcs,,num_segments,8,8,5,7,24,64,1.0,tsit5,0.0001,0.01,15.29029531904962,0.2389108643601503,1.0,64.0,0.06540096048727957,4.185661471185893,0.06540096048727957,0.001,1,3,True,3139.0878248642916,auto,warp,True,gpu,gpu:NVIDIA GeForce RTX 5090:0,2026-09-02T22:36:16.374497+00:00,0242a70c5c895aed886a2a214f9379e67079b95a,True,3.12.13,0.4.0,0.11.0,0.11.0,1.16.0,True,NVIDIA GeForce RTX 5090,"PJRT C API
cuda 13000",1
planar_pcs,,num_segments,8,8,5,7,24,128,1.0,tsit5,0.0001,0.01,15.344339515664615,0.1198776524661298,1.0,128.0,0.06517061219735965,8.341838361262035,0.06517061219735965,0.001,1,3,True,3350.714014713738,auto,warp,True,gpu,gpu:NVIDIA GeForce RTX 5090:0,2026-09-02T22:36:16.374497+00:00,0242a70c5c895aed886a2a214f9379e67079b95a,True,3.12.13,0.4.0,0.11.0,0.11.0,1.16.0,True,NVIDIA GeForce RTX 5090,"PJRT C API
cuda 13000",1
planar_pcs,,num_segments,8,8,5,7,24,256,1.0,tsit5,0.0001,0.01,15.916439664666541,0.062173592440103675,1.0,256.0,0.06282812117963384,16.083999021986262,0.06282812117963384,0.001,1,3,True,3939.499842800036,auto,warp,True,gpu,gpu:NVIDIA GeForce RTX 5090:0,2026-09-02T22:36:16.374497+00:00,0242a70c5c895aed886a2a214f9379e67079b95a,True,3.12.13,0.4.0,0.11.0,0.11.0,1.16.0,True,NVIDIA GeForce RTX 5090,"PJRT C API
cuda 13000",1
planar_pcs,,num_segments,8,8,5,7,24,512,1.0,tsit5,0.0001,0.01,17.046807149037097,0.03329454521296308,1.0,512.0,0.05866201167510045,30.03494997765143,0.05866201167510045,0.001,1,3,True,4246.117950444094,auto,warp,True,gpu,gpu:NVIDIA GeForce RTX 5090:0,2026-09-02T22:36:16.374497+00:00,0242a70c5c895aed886a2a214f9379e67079b95a,True,3.12.13,0.4.0,0.11.0,0.11.0,1.16.0,True,NVIDIA GeForce RTX 5090,"PJRT C API
cuda 13000",1
planar_pcs,,num_segments,8,8,5,7,24,1024,1.0,tsit5,0.0001,0.01,26.834166402346455,0.02620524062729146,1.0,1024.0,0.03726592378560182,38.16030595645626,0.03726592378560182,0.001,1,3,True,4482.022204382838,auto,warp,True,gpu,gpu:NVIDIA GeForce RTX 5090:0,2026-09-02T22:36:16.374497+00:00,0242a70c5c895aed886a2a214f9379e67079b95a,True,3.12.13,0.4.0,0.11.0,0.11.0,1.16.0,True,NVIDIA GeForce RTX 5090,"PJRT C API
cuda 13000",1
planar_pcs,,num_segments,16,16,5,7,48,1,1.0,tsit5,0.0001,0.01,27.794500968651846,27.794500968651846,1.0,1.0,0.035978339784832065,0.035978339784832065,0.035978339784832065,0.001,1,3,True,2342.12569762315,auto,warp,True,gpu,gpu:NVIDIA GeForce RTX 5090:0,2026-09-02T22:36:16.374497+00:00,0242a70c5c895aed886a2a214f9379e67079b95a,True,3.12.13,0.4.0,0.11.0,0.11.0,1.16.0,True,NVIDIA GeForce RTX 5090,"PJRT C API
cuda 13000",1
planar_pcs,,num_segments,16,16,5,7,48,2,1.0,tsit5,0.0001,0.01,30.41228791931644,15.20614395965822,1.0,2.0,0.032881445902820335,0.06576289180564067,0.032881445902820335,0.001,1,3,True,2101.969205649941,auto,warp,True,gpu,gpu:NVIDIA GeForce RTX 5090:0,2026-09-02T22:36:16.374497+00:00,0242a70c5c895aed886a2a214f9379e67079b95a,True,3.12.13,0.4.0,0.11.0,0.11.0,1.16.0,True,NVIDIA GeForce RTX 5090,"PJRT C API
cuda 13000",1
planar_pcs,,num_segments,16,16,5,7,48,4,1.0,tsit5,0.0001,0.01,32.22708230034914,8.056770575087285,1.0,4.0,0.031029802533168394,0.12411921013267357,0.031029802533168394,0.001,1,3,True,2819.820627723527,auto,warp,True,gpu,gpu:NVIDIA GeForce RTX 5090:0,2026-09-02T22:36:16.374497+00:00,0242a70c5c895aed886a2a214f9379e67079b95a,True,3.12.13,0.4.0,0.11.0,0.11.0,1.16.0,True,NVIDIA GeForce RTX 5090,"PJRT C API
cuda 13000",1
planar_pcs,,num_segments,16,16,5,7,48,8,1.0,tsit5,0.0001,0.01,32.290880014615446,4.036360001826931,1.0,8.0,0.030968496353997836,0.2477479708319827,0.030968496353997836,0.001,1,3,True,3720.73940236086,auto,warp,True,gpu,gpu:NVIDIA GeForce RTX 5090:0,2026-09-02T22:36:16.374497+00:00,0242a70c5c895aed886a2a214f9379e67079b95a,True,3.12.13,0.4.0,0.11.0,0.11.0,1.16.0,True,NVIDIA GeForce RTX 5090,"PJRT C API
cuda 13000",1
planar_pcs,,num_segments,16,16,5,7,48,16,1.0,tsit5,0.0001,0.01,32.47530627103212,2.0297066419395073,1.0,16.0,0.030792627224334977,0.49268203558935963,0.030792627224334977,0.001,1,3,True,3117.3697457929693,auto,warp,True,gpu,gpu:NVIDIA GeForce RTX 5090:0,2026-09-02T22:36:16.374497+00:00,0242a70c5c895aed886a2a214f9379e67079b95a,True,3.12.13,0.4.0,0.11.0,0.11.0,1.16.0,True,NVIDIA GeForce RTX 5090,"PJRT C API
cuda 13000",1
planar_pcs,,num_segments,16,16,5,7,48,32,1.0,tsit5,0.0001,0.01,32.60850003365582,1.0190156260517444,1.0,32.0,0.03066685063611886,0.9813392203558036,0.03066685063611886,0.001,1,3,True,2888.168478730741,auto,warp,True,gpu,gpu:NVIDIA GeForce RTX 5090:0,2026-09-02T22:36:16.374497+00:00,0242a70c5c895aed886a2a214f9379e67079b95a,True,3.12.13,0.4.0,0.11.0,0.11.0,1.16.0,True,NVIDIA GeForce RTX 5090,"PJRT C API
cuda 13000",1
planar_pcs,,num_segments,16,16,5,7,48,64,1.0,tsit5,0.0001,0.01,32.865901768983655,0.5135297151403696,1.0,64.0,0.030426671601134162,1.9473069824725864,0.030426671601134162,0.001,1,3,True,3116.9937634719026,auto,warp,True,gpu,gpu:NVIDIA GeForce RTX 5090:0,2026-09-02T22:36:16.374497+00:00,0242a70c5c895aed886a2a214f9379e67079b95a,True,3.12.13,0.4.0,0.11.0,0.11.0,1.16.0,True,NVIDIA GeForce RTX 5090,"PJRT C API
cuda 13000",1
planar_pcs,,num_segments,16,16,5,7,48,128,1.0,tsit5,0.0001,0.01,33.31850706335778,0.26030083643248264,1.0,128.0,0.030013349580712632,3.841708746331217,0.030013349580712632,0.001,1,3,True,2935.614398539743,auto,warp,True,gpu,gpu:NVIDIA GeForce RTX 5090:0,2026-09-02T22:36:16.374497+00:00,0242a70c5c895aed886a2a214f9379e67079b95a,True,3.12.13,0.4.0,0.11.0,0.11.0,1.16.0,True,NVIDIA GeForce RTX 5090,"PJRT C API
cuda 13000",1
planar_pcs,,num_segments,16,16,5,7,48,256,1.0,tsit5,0.0001,0.01,36.630020954296924,0.14308601935272236,1.0,256.0,0.027300011682977045,6.988802990842124,0.027300011682977045,0.001,1,3,True,3494.1186517880888,auto,warp,True,gpu,gpu:NVIDIA GeForce RTX 5090:0,2026-09-02T22:36:16.374497+00:00,0242a70c5c895aed886a2a214f9379e67079b95a,True,3.12.13,0.4.0,0.11.0,0.11.0,1.16.0,True,NVIDIA GeForce RTX 5090,"PJRT C API
cuda 13000",1
planar_pcs,,num_segments,16,16,5,7,48,512,1.0,tsit5,0.0001,0.01,42.76851205566587,0.08353225010872241,1.0,512.0,0.02338168788052383,11.9714241948282,0.02338168788052383,0.001,1,3,True,3749.880462917415,auto,warp,True,gpu,gpu:NVIDIA GeForce RTX 5090:0,2026-09-02T22:36:16.374497+00:00,0242a70c5c895aed886a2a214f9379e67079b95a,True,3.12.13,0.4.0,0.11.0,0.11.0,1.16.0,True,NVIDIA GeForce RTX 5090,"PJRT C API
cuda 13000",1
planar_pcs,,num_segments,16,16,5,7,48,1024,1.0,tsit5,0.0001,0.01,83.33970850434464,0.08138643408627406,1.0,1024.0,0.011999082045599766,12.28706001469416,0.011999082045599766,0.001,1,3,True,4127.755842534298,auto,warp,True,gpu,gpu:NVIDIA GeForce RTX 5090:0,2026-09-02T22:36:16.374497+00:00,0242a70c5c895aed886a2a214f9379e67079b95a,True,3.12.13,0.4.0,0.11.0,0.11.0,1.16.0,True,NVIDIA GeForce RTX 5090,"PJRT C API
cuda 13000",1
planar_pcs,,num_segments,32,32,5,7,96,1,1.0,tsit5,0.0001,0.01,90.64965411434726,90.64965411434726,1.0,1.0,0.01103148169477382,0.01103148169477382,0.01103148169477382,0.001,1,3,True,2394.2635253018684,auto,warp,True,gpu,gpu:NVIDIA GeForce RTX 5090:0,2026-09-02T22:36:16.374497+00:00,0242a70c5c895aed886a2a214f9379e67079b95a,True,3.12.13,0.4.0,0.11.0,0.11.0,1.16.0,True,NVIDIA GeForce RTX 5090,"PJRT C API
cuda 13000",1
planar_pcs,,num_segments,32,32,5,7,96,2,1.0,tsit5,0.0001,0.01,102.13102880166844,51.06551440083422,1.0,2.0,0.009791343646816018,0.019582687293632037,0.009791343646816018,0.001,1,3,True,2525.9140892976793,auto,warp,True,gpu,gpu:NVIDIA GeForce RTX 5090:0,2026-09-02T22:36:16.374497+00:00,0242a70c5c895aed886a2a214f9379e67079b95a,True,3.12.13,0.4.0,0.11.0,0.11.0,1.16.0,True,NVIDIA GeForce RTX 5090,"PJRT C API
cuda 13000",1
planar_pcs,,num_segments,32,32,5,7,96,4,1.0,tsit5,0.0001,0.01,105.8467027656734,26.46167569141835,1.0,4.0,0.009447625423097307,0.037790501692389226,0.009447625423097307,0.001,1,3,True,3393.3332018520596,auto,warp,True,gpu,gpu:NVIDIA GeForce RTX 5090:0,2026-09-02T22:36:16.374497+00:00,0242a70c5c895aed886a2a214f9379e67079b95a,True,3.12.13,0.4.0,0.11.0,0.11.0,1.16.0,True,NVIDIA GeForce RTX 5090,"PJRT C API
cuda 13000",1
planar_pcs,,num_segments,32,32,5,7,96,8,1.0,tsit5,0.0001,0.01,106.54172934296851,13.317716167871064,1.0,8.0,0.009385993696243653,0.07508794956994923,0.009385993696243653,0.001,1,3,True,2697.995699815048,auto,warp,True,gpu,gpu:NVIDIA GeForce RTX 5090:0,2026-09-02T22:36:16.374497+00:00,0242a70c5c895aed886a2a214f9379e67079b95a,True,3.12.13,0.4.0,0.11.0,0.11.0,1.16.0,True,NVIDIA GeForce RTX 5090,"PJRT C API
cuda 13000",1
planar_pcs,,num_segments,32,32,5,7,96,16,1.0,tsit5,0.0001,0.01,106.99170872468191,6.68698179529262,1.0,16.0,0.00934651864074127,0.14954429825186033,0.00934651864074127,0.001,1,3,True,2634.201188365424,auto,warp,True,gpu,gpu:NVIDIA GeForce RTX 5090:0,2026-09-02T22:36:16.374497+00:00,0242a70c5c895aed886a2a214f9379e67079b95a,True,3.12.13,0.4.0,0.11.0,0.11.0,1.16.0,True,NVIDIA GeForce RTX 5090,"PJRT C API
cuda 13000",1
planar_pcs,,num_segments,32,32,5,7,96,32,1.0,tsit5,0.0001,0.01,107.98338205964926,3.3744806893640393,1.0,32.0,0.009260684199052101,0.29634189436966724,0.009260684199052101,0.001,1,3,True,2893.0019050380083,auto,warp,True,gpu,gpu:NVIDIA GeForce RTX 5090:0,2026-09-02T22:36:16.374497+00:00,0242a70c5c895aed886a2a214f9379e67079b95a,True,3.12.13,0.4.0,0.11.0,0.11.0,1.16.0,True,NVIDIA GeForce RTX 5090,"PJRT C API
cuda 13000",1
planar_pcs,,num_segments,32,32,5,7,96,64,1.0,tsit5,0.0001,0.01,108.71496761202191,1.6986713689378423,1.0,64.0,0.009198365431784556,0.5886953876342116,0.009198365431784556,0.001,1,3,True,3048.8616185979845,auto,warp,True,gpu,gpu:NVIDIA GeForce RTX 5090:0,2026-09-02T22:36:16.374497+00:00,0242a70c5c895aed886a2a214f9379e67079b95a,True,3.12.13,0.4.0,0.11.0,0.11.0,1.16.0,True,NVIDIA GeForce RTX 5090,"PJRT C API
cuda 13000",1
planar_pcs,,num_segments,32,32,5,7,96,128,1.0,tsit5,0.0001,0.01,110.80261051969137,0.8656453946850888,1.0,128.0,0.009025058121913872,1.1552074396049756,0.009025058121913872,0.001,1,3,True,3378.235123616315,auto,warp,True,gpu,gpu:NVIDIA GeForce RTX 5090:0,2026-09-02T22:36:16.374497+00:00,0242a70c5c895aed886a2a214f9379e67079b95a,True,3.12.13,0.4.0,0.11.0,0.11.0,1.16.0,True,NVIDIA GeForce RTX 5090,"PJRT C API
cuda 13000",1
planar_pcs,,num_segments,32,32,5,7,96,256,1.0,tsit5,0.0001,0.01,135.10204458399676,0.5277423616562373,1.0,256.0,0.007401812482403046,1.8948639954951798,0.007401812482403046,0.001,1,3,True,3488.574305940402,auto,warp,True,gpu,gpu:NVIDIA GeForce RTX 5090:0,2026-09-02T22:36:16.374497+00:00,0242a70c5c895aed886a2a214f9379e67079b95a,True,3.12.13,0.4.0,0.11.0,0.11.0,1.16.0,True,NVIDIA GeForce RTX 5090,"PJRT C API
cuda 13000",1
planar_pcs,,num_segments,32,32,5,7,96,512,1.0,tsit5,0.0001,0.01,197.7954493163464,0.3863192369459891,1.0,512.0,0.00505572804357414,2.5885327583099595,0.00505572804357414,0.001,1,3,True,4916.1489361776285,auto,warp,True,gpu,gpu:NVIDIA GeForce RTX 5090:0,2026-09-02T22:36:16.374497+00:00,0242a70c5c895aed886a2a214f9379e67079b95a,True,3.12.13,0.4.0,0.11.0,0.11.0,1.16.0,True,NVIDIA GeForce RTX 5090,"PJRT C API
cuda 13000",1
planar_pcs,,num_segments,32,32,5,7,96,1024,1.0,tsit5,0.0001,0.01,464.60225709100877,0.45371314169043825,1.0,1024.0,0.0021523786954055083,2.2040357840952405,0.0021523786954055083,0.001,1,3,True,4044.6335674005795,auto,warp,True,gpu,gpu:NVIDIA GeForce RTX 5090:0,2026-09-02T22:36:16.374497+00:00,0242a70c5c895aed886a2a214f9379e67079b95a,True,3.12.13,0.4.0,0.11.0,0.11.0,1.16.0,True,NVIDIA GeForce RTX 5090,"PJRT C API
cuda 13000",1
pcs,,num_segments,1,1,5,7,6,1,1.0,tsit5,0.0001,0.01,8.483539541290762,8.483539541290762,1.0,1.0,0.11787532728913892,0.11787532728913892,0.11787532728913892,0.001,1,3,True,403.4483091271801,auto,warp,True,gpu,gpu:NVIDIA GeForce RTX 5090:0,2026-09-02T22:36:16.374497+00:00,0242a70c5c895aed886a2a214f9379e67079b95a,True,3.12.13,0.4.0,0.11.0,0.11.0,1.16.0,True,NVIDIA GeForce RTX 5090,"PJRT C API
cuda 13000",1
pcs,,num_segments,1,1,5,7,6,2,1.0,tsit5,0.0001,0.01,8.228781012973437,4.114390506486719,1.0,2.0,0.12152468250442042,0.24304936500884083,0.12152468250442042,0.001,1,3,True,482.24167971696846,auto,warp,True,gpu,gpu:NVIDIA GeForce RTX 5090:0,2026-09-02T22:36:16.374497+00:00,0242a70c5c895aed886a2a214f9379e67079b95a,True,3.12.13,0.4.0,0.11.0,0.11.0,1.16.0,True,NVIDIA GeForce RTX 5090,"PJRT C API
cuda 13000",1
pcs,,num_segments,1,1,5,7,6,4,1.0,tsit5,0.0001,0.01,8.15603163461977,2.0390079086549426,1.0,4.0,0.12260864655739157,0.49043458622956626,0.12260864655739157,0.001,1,3,True,452.5640445202728,auto,warp,True,gpu,gpu:NVIDIA GeForce RTX 5090:0,2026-09-02T22:36:16.374497+00:00,0242a70c5c895aed886a2a214f9379e67079b95a,True,3.12.13,0.4.0,0.11.0,0.11.0,1.16.0,True,NVIDIA GeForce RTX 5090,"PJRT C API
cuda 13000",1
pcs,,num_segments,1,1,5,7,6,8,1.0,tsit5,0.0001,0.01,8.33076699799858,1.0413458747498225,1.0,8.0,0.12003696661306748,0.9602957329045398,0.12003696661306748,0.001,1,3,True,475.4129799410928,auto,warp,True,gpu,gpu:NVIDIA GeForce RTX 5090:0,2026-09-02T22:36:16.374497+00:00,0242a70c5c895aed886a2a214f9379e67079b95a,True,3.12.13,0.4.0,0.11.0,0.11.0,1.16.0,True,NVIDIA GeForce RTX 5090,"PJRT C API
cuda 13000",1
pcs,,num_segments,1,1,5,7,6,16,1.0,tsit5,0.0001,0.01,8.387882305658422,0.5242426441036514,1.0,16.0,0.11921960317986402,1.9075136508778243,0.11921960317986402,0.001,1,3,True,499.0033412106675,auto,warp,True,gpu,gpu:NVIDIA GeForce RTX 5090:0,2026-09-02T22:36:16.374497+00:00,0242a70c5c895aed886a2a214f9379e67079b95a,True,3.12.13,0.4.0,0.11.0,0.11.0,1.16.0,True,NVIDIA GeForce RTX 5090,"PJRT C API
cuda 13000",1
pcs,,num_segments,1,1,5,7,6,32,1.0,tsit5,0.0001,0.01,8.865083116067884,0.2770338473771214,1.0,32.0,0.11280210088357873,3.6096672282745192,0.11280210088357873,0.001,1,3,True,469.98905804518233,auto,warp,True,gpu,gpu:NVIDIA GeForce RTX 5090:0,2026-09-02T22:36:16.374497+00:00,0242a70c5c895aed886a2a214f9379e67079b95a,True,3.12.13,0.4.0,0.11.0,0.11.0,1.16.0,True,NVIDIA GeForce RTX 5090,"PJRT C API
cuda 13000",1
pcs,,num_segments,1,1,5,7,6,64,1.0,tsit5,0.0001,0.01,8.757856079610065,0.13684150124390726,1.0,64.0,0.1141831963108172,7.307724563892301,0.1141831963108172,0.001,1,3,True,530.405534399811,auto,warp,True,gpu,gpu:NVIDIA GeForce RTX 5090:0,2026-09-02T22:36:16.374497+00:00,0242a70c5c895aed886a2a214f9379e67079b95a,True,3.12.13,0.4.0,0.11.0,0.11.0,1.16.0,True,NVIDIA GeForce RTX 5090,"PJRT C API
cuda 13000",1
pcs,,num_segments,1,1,5,7,6,128,1.0,tsit5,0.0001,0.01,8.892835893280184,0.06947528041625144,1.0,128.0,0.11245006789742334,14.393608690870188,0.11245006789742334,0.001,1,3,True,595.7585019960281,auto,warp,True,gpu,gpu:NVIDIA GeForce RTX 5090:0,2026-09-02T22:36:16.374497+00:00,0242a70c5c895aed886a2a214f9379e67079b95a,True,3.12.13,0.4.0,0.11.0,0.11.0,1.16.0,True,NVIDIA GeForce RTX 5090,"PJRT C API
cuda 13000",1
pcs,,num_segments,1,1,5,7,6,256,1.0,tsit5,0.0001,0.01,8.914174752309918,0.03482099512621062,1.0,256.0,0.1121808835687085,28.718306193589378,0.1121808835687085,0.001,1,3,True,582.5179930990362,auto,warp,True,gpu,gpu:NVIDIA GeForce RTX 5090:0,2026-09-02T22:36:16.374497+00:00,0242a70c5c895aed886a2a214f9379e67079b95a,True,3.12.13,0.4.0,0.11.0,0.11.0,1.16.0,True,NVIDIA GeForce RTX 5090,"PJRT C API
cuda 13000",1
pcs,,num_segments,1,1,5,7,6,512,1.0,tsit5,0.0001,0.01,10.288592726380253,0.020094907668711432,1.0,512.0,0.09719502235091595,49.76385144366897,0.09719502235091595,0.001,1,3,True,582.8408057992721,auto,warp,True,gpu,gpu:NVIDIA GeForce RTX 5090:0,2026-09-02T22:36:16.374497+00:00,0242a70c5c895aed886a2a214f9379e67079b95a,True,3.12.13,0.4.0,0.11.0,0.11.0,1.16.0,True,NVIDIA GeForce RTX 5090,"PJRT C API
cuda 13000",1
pcs,,num_segments,1,1,5,7,6,1024,1.0,tsit5,0.0001,0.01,13.0178067003532,0.012712701855813672,1.0,1024.0,0.07681785595824434,78.6614845012422,0.07681785595824434,0.001,1,3,True,633.1111883551941,auto,warp,True,gpu,gpu:NVIDIA GeForce RTX 5090:0,2026-09-02T22:36:16.374497+00:00,0242a70c5c895aed886a2a214f9379e67079b95a,True,3.12.13,0.4.0,0.11.0,0.11.0,1.16.0,True,NVIDIA GeForce RTX 5090,"PJRT C API
cuda 13000",1
pcs,,num_segments,2,2,5,7,12,1,1.0,tsit5,0.0001,0.01,10.143660136964172,10.143660136964172,1.0,1.0,0.09858374457518874,0.09858374457518874,0.09858374457518874,0.001,1,3,True,685.1345301065022,auto,warp,True,gpu,gpu:NVIDIA GeForce RTX 5090:0,2026-09-02T22:36:16.374497+00:00,0242a70c5c895aed886a2a214f9379e67079b95a,True,3.12.13,0.4.0,0.11.0,0.11.0,1.16.0,True,NVIDIA GeForce RTX 5090,"PJRT C API
cuda 13000",1
pcs,,num_segments,2,2,5,7,12,2,1.0,tsit5,0.0001,0.01,9.82132555602584,4.91066277801292,1.0,2.0,0.10181924978410409,0.20363849956820818,0.10181924978410409,0.001,1,3,True,686.7476932062248,auto,warp,True,gpu,gpu:NVIDIA GeForce RTX 5090:0,2026-09-02T22:36:16.374497+00:00,0242a70c5c895aed886a2a214f9379e67079b95a,True,3.12.13,0.4.0,0.11.0,0.11.0,1.16.0,True,NVIDIA GeForce RTX 5090,"PJRT C API
cuda 13000",1
pcs,,num_segments,2,2,5,7,12,4,1.0,tsit5,0.0001,0.01,9.925684506073594,2.4814211265183985,1.0,4.0,0.10074871908210392,0.4029948763284157,0.10074871908210392,0.001,1,3,True,722.2847031839735,auto,warp,True,gpu,gpu:NVIDIA GeForce RTX 5090:0,2026-09-02T22:36:16.374497+00:00,0242a70c5c895aed886a2a214f9379e67079b95a,True,3.12.13,0.4.0,0.11.0,0.11.0,1.16.0,True,NVIDIA GeForce RTX 5090,"PJRT C API
cuda 13000",1
pcs,,num_segments,2,2,5,7,12,8,1.0,tsit5,0.0001,0.01,10.063395316945389,1.2579244146181736,1.0,8.0,0.09937004047889643,0.7949603238311714,0.09937004047889643,0.001,1,3,True,808.0420393951979,auto,warp,True,gpu,gpu:NVIDIA GeForce RTX 5090:0,2026-09-02T22:36:16.374497+00:00,0242a70c5c895aed886a2a214f9379e67079b95a,True,3.12.13,0.4.0,0.11.0,0.11.0,1.16.0,True,NVIDIA GeForce RTX 5090,"PJRT C API
cuda 13000",1
pcs,,num_segments,2,2,5,7,12,16,1.0,tsit5,0.0001,0.01,10.508224566001445,0.6567640353750903,1.0,16.0,0.09516355438723906,1.522616870195825,0.09516355438723906,0.001,1,3,True,972.6476599210877,auto,warp,True,gpu,gpu:NVIDIA GeForce RTX 5090:0,2026-09-02T22:36:16.374497+00:00,0242a70c5c895aed886a2a214f9379e67079b95a,True,3.12.13,0.4.0,0.11.0,0.11.0,1.16.0,True,NVIDIA GeForce RTX 5090,"PJRT C API
cuda 13000",1
pcs,,num_segments,2,2,5,7,12,32,1.0,tsit5,0.0001,0.01,10.61605343199335,0.3317516697497922,1.0,32.0,0.09419696372159578,3.014302839091065,0.09419696372159578,0.001,1,3,True,849.4319017880598,auto,warp,True,gpu,gpu:NVIDIA GeForce RTX 5090:0,2026-09-02T22:36:16.374497+00:00,0242a70c5c895aed886a2a214f9379e67079b95a,True,3.12.13,0.4.0,0.11.0,0.11.0,1.16.0,True,NVIDIA GeForce RTX 5090,"PJRT C API
cuda 13000",1
pcs,,num_segments,2,2,5,7,12,64,1.0,tsit5,0.0001,0.01,10.682412102352828,0.16691268909926293,1.0,64.0,0.09361181635931716,5.991156246996298,0.09361181635931716,0.001,1,3,True,867.0028658328688,auto,warp,True,gpu,gpu:NVIDIA GeForce RTX 5090:0,2026-09-02T22:36:16.374497+00:00,0242a70c5c895aed886a2a214f9379e67079b95a,True,3.12.13,0.4.0,0.11.0,0.11.0,1.16.0,True,NVIDIA GeForce RTX 5090,"PJRT C API
cuda 13000",1
pcs,,num_segments,2,2,5,7,12,128,1.0,tsit5,0.0001,0.01,10.678009390986213,0.08342194836707979,1.0,128.0,0.09365041398485235,11.987252990061101,0.09365041398485235,0.001,1,3,True,1073.8920197408393,auto,warp,True,gpu,gpu:NVIDIA GeForce RTX 5090:0,2026-09-02T22:36:16.374497+00:00,0242a70c5c895aed886a2a214f9379e67079b95a,True,3.12.13,0.4.0,0.11.0,0.11.0,1.16.0,True,NVIDIA GeForce RTX 5090,"PJRT C API
cuda 13000",1
pcs,,num_segments,2,2,5,7,12,256,1.0,tsit5,0.0001,0.01,10.866812674639126,0.04244848701030909,1.0,256.0,0.09202330342307191,23.55796567630641,0.09202330342307191,0.001,1,3,True,995.977938122006,auto,warp,True,gpu,gpu:NVIDIA GeForce RTX 5090:0,2026-09-02T22:36:16.374497+00:00,0242a70c5c895aed886a2a214f9379e67079b95a,True,3.12.13,0.4.0,0.11.0,0.11.0,1.16.0,True,NVIDIA GeForce RTX 5090,"PJRT C API
cuda 13000",1
pcs,,num_segments,2,2,5,7,12,512,1.0,tsit5,0.0001,0.01,13.67336427901561,0.026705789607452363,1.0,512.0,0.07313489055028623,37.44506396174655,0.07313489055028623,0.001,1,3,True,1012.8141336847575,auto,warp,True,gpu,gpu:NVIDIA GeForce RTX 5090:0,2026-09-02T22:36:16.374497+00:00,0242a70c5c895aed886a2a214f9379e67079b95a,True,3.12.13,0.4.0,0.11.0,0.11.0,1.16.0,True,NVIDIA GeForce RTX 5090,"PJRT C API
cuda 13000",1
pcs,,num_segments,2,2,5,7,12,1024,1.0,tsit5,0.0001,0.01,19.117488699693542,0.018669422558294475,1.0,1024.0,0.05230812559685364,53.56352061117813,0.05230812559685364,0.001,1,3,True,992.9068700614816,auto,warp,True,gpu,gpu:NVIDIA GeForce RTX 5090:0,2026-09-02T22:36:16.374497+00:00,0242a70c5c895aed886a2a214f9379e67079b95a,True,3.12.13,0.4.0,0.11.0,0.11.0,1.16.0,True,NVIDIA GeForce RTX 5090,"PJRT C API
cuda 13000",1
pcs,,num_segments,4,4,5,7,24,1,1.0,tsit5,0.0001,0.01,14.079288712663887,14.079288712663887,1.0,1.0,0.07102631534933514,0.07102631534933514,0.07102631534933514,0.001,1,3,True,2286.5985552130855,auto,warp,True,gpu,gpu:NVIDIA GeForce RTX 5090:0,2026-09-02T22:36:16.374497+00:00,0242a70c5c895aed886a2a214f9379e67079b95a,True,3.12.13,0.4.0,0.11.0,0.11.0,1.16.0,True,NVIDIA GeForce RTX 5090,"PJRT C API
cuda 13000",1
pcs,,num_segments,4,4,5,7,24,2,1.0,tsit5,0.0001,0.01,14.617626949640302,7.308813474820151,1.0,2.0,0.06841055688759434,0.13682111377518869,0.06841055688759434,0.001,1,3,True,2248.3051347096134,auto,warp,True,gpu,gpu:NVIDIA GeForce RTX 5090:0,2026-09-02T22:36:16.374497+00:00,0242a70c5c895aed886a2a214f9379e67079b95a,True,3.12.13,0.4.0,0.11.0,0.11.0,1.16.0,True,NVIDIA GeForce RTX 5090,"PJRT C API
cuda 13000",1
pcs,,num_segments,4,4,5,7,24,4,1.0,tsit5,0.0001,0.01,15.52471023297403,3.8811775582435075,1.0,4.0,0.06441344057269612,0.25765376229078446,0.06441344057269612,0.001,1,3,True,2405.7843066155783,auto,warp,True,gpu,gpu:NVIDIA GeForce RTX 5090:0,2026-09-02T22:36:16.374497+00:00,0242a70c5c895aed886a2a214f9379e67079b95a,True,3.12.13,0.4.0,0.11.0,0.11.0,1.16.0,True,NVIDIA GeForce RTX 5090,"PJRT C API
cuda 13000",1
pcs,,num_segments,4,4,5,7,24,8,1.0,tsit5,0.0001,0.01,16.304610210315634,2.038076276289454,1.0,8.0,0.06133234631805659,0.4906587705444527,0.06133234631805659,0.001,1,3,True,2360.384054503081,auto,warp,True,gpu,gpu:NVIDIA GeForce RTX 5090:0,2026-09-02T22:36:16.374497+00:00,0242a70c5c895aed886a2a214f9379e67079b95a,True,3.12.13,0.4.0,0.11.0,0.11.0,1.16.0,True,NVIDIA GeForce RTX 5090,"PJRT C API
cuda 13000",1
pcs,,num_segments,4,4,5,7,24,16,1.0,tsit5,0.0001,0.01,16.371495551623713,1.023218471976482,1.0,16.0,0.061081774529805906,0.9773083924768945,0.061081774529805906,0.001,1,3,True,2356.44189544867,auto,warp,True,gpu,gpu:NVIDIA GeForce RTX 5090:0,2026-09-02T22:36:16.374497+00:00,0242a70c5c895aed886a2a214f9379e67079b95a,True,3.12.13,0.4.0,0.11.0,0.11.0,1.16.0,True,NVIDIA GeForce RTX 5090,"PJRT C API
cuda 13000",1
pcs,,num_segments,4,4,5,7,24,32,1.0,tsit5,0.0001,0.01,16.49296754268774,0.5154052357089919,1.0,32.0,0.06063190250097571,1.9402208800312226,0.06063190250097571,0.001,1,3,True,2428.2928012167613,auto,warp,True,gpu,gpu:NVIDIA GeForce RTX 5090:0,2026-09-02T22:36:16.374497+00:00,0242a70c5c895aed886a2a214f9379e67079b95a,True,3.12.13,0.4.0,0.11.0,0.11.0,1.16.0,True,NVIDIA GeForce RTX 5090,"PJRT C API
cuda 13000",1
pcs,,num_segments,4,4,5,7,24,64,1.0,tsit5,0.0001,0.01,16.605105963652022,0.25945478068206285,1.0,64.0,0.06022244014515559,3.854236169289958,0.06022244014515559,0.001,1,3,True,2440.326897769865,auto,warp,True,gpu,gpu:NVIDIA GeForce RTX 5090:0,2026-09-02T22:36:16.374497+00:00,0242a70c5c895aed886a2a214f9379e67079b95a,True,3.12.13,0.4.0,0.11.0,0.11.0,1.16.0,True,NVIDIA GeForce RTX 5090,"PJRT C API
cuda 13000",1
pcs,,num_segments,4,4,5,7,24,128,1.0,tsit5,0.0001,0.01,16.707011483299237,0.1305235272132753,1.0,128.0,0.059855109395215655,7.661454002587604,0.059855109395215655,0.001,1,3,True,2447.098211829657,auto,warp,True,gpu,gpu:NVIDIA GeForce RTX 5090:0,2026-09-02T22:36:16.374497+00:00,0242a70c5c895aed886a2a214f9379e67079b95a,True,3.12.13,0.4.0,0.11.0,0.11.0,1.16.0,True,NVIDIA GeForce RTX 5090,"PJRT C API
cuda 13000",1
pcs,,num_segments,4,4,5,7,24,256,1.0,tsit5,0.0001,0.01,17.503071744654637,0.06837137400255718,1.0,256.0,0.05713282871650205,14.626004151424524,0.05713282871650205,0.001,1,3,True,2455.0534869054563,auto,warp,True,gpu,gpu:NVIDIA GeForce RTX 5090:0,2026-09-02T22:36:16.374497+00:00,0242a70c5c895aed886a2a214f9379e67079b95a,True,3.12.13,0.4.0,0.11.0,0.11.0,1.16.0,True,NVIDIA GeForce RTX 5090,"PJRT C API
cuda 13000",1
pcs,,num_segments,4,4,5,7,24,512,1.0,tsit5,0.0001,0.01,23.64277664529315,0.046177298135338184,1.0,512.0,0.0422962165147841,21.65566285556946,0.0422962165147841,0.001,1,3,True,2484.750062028546,auto,warp,True,gpu,gpu:NVIDIA GeForce RTX 5090:0,2026-09-02T22:36:16.374497+00:00,0242a70c5c895aed886a2a214f9379e67079b95a,True,3.12.13,0.4.0,0.11.0,0.11.0,1.16.0,True,NVIDIA GeForce RTX 5090,"PJRT C API
cuda 13000",1
pcs,,num_segments,4,4,5,7,24,1024,1.0,tsit5,0.0001,0.01,39.211257903991886,0.038292244046867076,1.0,1024.0,0.02550287987313448,26.114948990089708,0.02550287987313448,0.001,1,3,True,2496.855177912459,auto,warp,True,gpu,gpu:NVIDIA GeForce RTX 5090:0,2026-09-02T22:36:16.374497+00:00,0242a70c5c895aed886a2a214f9379e67079b95a,True,3.12.13,0.4.0,0.11.0,0.11.0,1.16.0,True,NVIDIA GeForce RTX 5090,"PJRT C API
cuda 13000",1
pcs,,num_segments,8,8,5,7,48,1,1.0,tsit5,0.0001,0.01,25.507148221988853,25.507148221988853,1.0,1.0,0.039204696318733655,0.039204696318733655,0.039204696318733655,0.001,1,3,True,3835.334202081158,auto,warp,True,gpu,gpu:NVIDIA GeForce RTX 5090:0,2026-09-02T22:36:16.374497+00:00,0242a70c5c895aed886a2a214f9379e67079b95a,True,3.12.13,0.4.0,0.11.0,0.11.0,1.16.0,True,NVIDIA GeForce RTX 5090,"PJRT C API
cuda 13000",1
pcs,,num_segments,8,8,5,7,48,2,1.0,tsit5,0.0001,0.01,28.24927110830322,14.12463555415161,1.0,2.0,0.035399143438645156,0.07079828687729031,0.035399143438645156,0.001,1,3,True,4027.1363137410976,auto,warp,True,gpu,gpu:NVIDIA GeForce RTX 5090:0,2026-09-02T22:36:16.374497+00:00,0242a70c5c895aed886a2a214f9379e67079b95a,True,3.12.13,0.4.0,0.11.0,0.11.0,1.16.0,True,NVIDIA GeForce RTX 5090,"PJRT C API
cuda 13000",1
pcs,,num_segments,8,8,5,7,48,4,1.0,tsit5,0.0001,0.01,30.262082352380578,7.565520588095144,1.0,4.0,0.03304465265660526,0.13217861062642103,0.03304465265660526,0.001,1,3,True,4177.065253908448,auto,warp,True,gpu,gpu:NVIDIA GeForce RTX 5090:0,2026-09-02T22:36:16.374497+00:00,0242a70c5c895aed886a2a214f9379e67079b95a,True,3.12.13,0.4.0,0.11.0,0.11.0,1.16.0,True,NVIDIA GeForce RTX 5090,"PJRT C API
cuda 13000",1
pcs,,num_segments,8,8,5,7,48,8,1.0,tsit5,0.0001,0.01,30.347574016350944,3.793446752043868,1.0,8.0,0.03295156309566,0.26361250476528,0.03295156309566,0.001,1,3,True,4125.621036773359,auto,warp,True,gpu,gpu:NVIDIA GeForce RTX 5090:0,2026-09-02T22:36:16.374497+00:00,0242a70c5c895aed886a2a214f9379e67079b95a,True,3.12.13,0.4.0,0.11.0,0.11.0,1.16.0,True,NVIDIA GeForce RTX 5090,"PJRT C API
cuda 13000",1
pcs,,num_segments,8,8,5,7,48,16,1.0,tsit5,0.0001,0.01,30.51366133231204,1.9071038332695025,1.0,16.0,0.03277220616396706,0.524355298623473,0.03277220616396706,0.001,1,3,True,4610.00366929694,auto,warp,True,gpu,gpu:NVIDIA GeForce RTX 5090:0,2026-09-02T22:36:16.374497+00:00,0242a70c5c895aed886a2a214f9379e67079b95a,True,3.12.13,0.4.0,0.11.0,0.11.0,1.16.0,True,NVIDIA GeForce RTX 5090,"PJRT C API
cuda 13000",1
pcs,,num_segments,8,8,5,7,48,32,1.0,tsit5,0.0001,0.01,30.7499388466822,0.9609355889588187,1.0,32.0,0.03252038987738983,1.0406524760764746,0.03252038987738983,0.001,1,3,True,4783.858883094199,auto,warp,True,gpu,gpu:NVIDIA GeForce RTX 5090:0,2026-09-02T22:36:16.374497+00:00,0242a70c5c895aed886a2a214f9379e67079b95a,True,3.12.13,0.4.0,0.11.0,0.11.0,1.16.0,True,NVIDIA GeForce RTX 5090,"PJRT C API
cuda 13000",1
pcs,,num_segments,8,8,5,7,48,64,1.0,tsit5,0.0001,0.01,30.991376508648198,0.4842402579476281,1.0,64.0,0.03226704046917529,2.0650905900272187,0.03226704046917529,0.001,1,3,True,4615.5359057918895,auto,warp,True,gpu,gpu:NVIDIA GeForce RTX 5090:0,2026-09-02T22:36:16.374497+00:00,0242a70c5c895aed886a2a214f9379e67079b95a,True,3.12.13,0.4.0,0.11.0,0.11.0,1.16.0,True,NVIDIA GeForce RTX 5090,"PJRT C API
cuda 13000",1
pcs,,num_segments,8,8,5,7,48,128,1.0,tsit5,0.0001,0.01,31.41977558665288,0.24546699677072562,1.0,128.0,0.03182708919234929,4.073867416620709,0.03182708919234929,0.001,1,3,True,4675.881258391772,auto,warp,True,gpu,gpu:NVIDIA GeForce RTX 5090:0,2026-09-02T22:36:16.374497+00:00,0242a70c5c895aed886a2a214f9379e67079b95a,True,3.12.13,0.4.0,0.11.0,0.11.0,1.16.0,True,NVIDIA GeForce RTX 5090,"PJRT C API
cuda 13000",1
pcs,,num_segments,8,8,5,7,48,256,1.0,tsit5,0.0001,0.01,34.845502110702604,0.13611524261993205,1.0,256.0,0.028698108491105816,7.346715773723089,0.028698108491105816,0.001,1,3,True,4798.3719262180875,auto,warp,True,gpu,gpu:NVIDIA GeForce RTX 5090:0,2026-09-02T22:36:16.374497+00:00,0242a70c5c895aed886a2a214f9379e67079b95a,True,3.12.13,0.4.0,0.11.0,0.11.0,1.16.0,True,NVIDIA GeForce RTX 5090,"PJRT C API
cuda 13000",1
pcs,,num_segments,8,8,5,7,48,512,1.0,tsit5,0.0001,0.01,56.13690664898604,0.10964239579880086,1.0,512.0,0.01781359286953269,9.120559549200737,0.01781359286953269,0.001,1,3,True,4813.842397259256,auto,warp,True,gpu,gpu:NVIDIA GeForce RTX 5090:0,2026-09-02T22:36:16.374497+00:00,0242a70c5c895aed886a2a214f9379e67079b95a,True,3.12.13,0.4.0,0.11.0,0.11.0,1.16.0,True,NVIDIA GeForce RTX 5090,"PJRT C API
cuda 13000",1
pcs,,num_segments,8,8,5,7,48,1024,1.0,tsit5,0.0001,0.01,101.89131697795044,0.09950323923627973,1.0,1024.0,0.009814378983995297,10.049924079611184,0.009814378983995297,0.001,1,3,True,4905.668206799845,auto,warp,True,gpu,gpu:NVIDIA GeForce RTX 5090:0,2026-09-02T22:36:16.374497+00:00,0242a70c5c895aed886a2a214f9379e67079b95a,True,3.12.13,0.4.0,0.11.0,0.11.0,1.16.0,True,NVIDIA GeForce RTX 5090,"PJRT C API
cuda 13000",1
pcs,,num_segments,16,16,5,7,96,1,1.0,tsit5,0.0001,0.01,67.22194609267171,67.22194609267171,1.0,1.0,0.014876094164566537,0.014876094164566537,0.014876094164566537,0.001,1,3,True,1777.5440350647716,auto,warp,True,gpu,gpu:NVIDIA GeForce RTX 5090:0,2026-09-02T22:36:16.374497+00:00,0242a70c5c895aed886a2a214f9379e67079b95a,True,3.12.13,0.4.0,0.11.0,0.11.0,1.16.0,True,NVIDIA GeForce RTX 5090,"PJRT C API
cuda 13000",1
pcs,,num_segments,16,16,5,7,96,2,1.0,tsit5,0.0001,0.01,78.71998396702111,39.359991983510554,1.0,2.0,0.012703254619804538,0.025406509239609076,0.012703254619804538,0.001,1,3,True,1988.5270023716228,auto,warp,True,gpu,gpu:NVIDIA GeForce RTX 5090:0,2026-09-02T22:36:16.374497+00:00,0242a70c5c895aed886a2a214f9379e67079b95a,True,3.12.13,0.4.0,0.11.0,0.11.0,1.16.0,True,NVIDIA GeForce RTX 5090,"PJRT C API
cuda 13000",1
pcs,,num_segments,16,16,5,7,96,4,1.0,tsit5,0.0001,0.01,82.49900368368253,20.624750920920633,1.0,4.0,0.012121358505542653,0.04848543402217061,0.012121358505542653,0.001,1,3,True,2996.894586277355,auto,warp,True,gpu,gpu:NVIDIA GeForce RTX 5090:0,2026-09-02T22:36:16.374497+00:00,0242a70c5c895aed886a2a214f9379e67079b95a,True,3.12.13,0.4.0,0.11.0,0.11.0,1.16.0,True,NVIDIA GeForce RTX 5090,"PJRT C API
cuda 13000",1
pcs,,num_segments,16,16,5,7,96,8,1.0,tsit5,0.0001,0.01,83.34549562466175,10.418186953082719,1.0,8.0,0.011998248885619466,0.09598599108495573,0.011998248885619466,0.001,1,3,True,2541.837686986852,auto,warp,True,gpu,gpu:NVIDIA GeForce RTX 5090:0,2026-09-02T22:36:16.374497+00:00,0242a70c5c895aed886a2a214f9379e67079b95a,True,3.12.13,0.4.0,0.11.0,0.11.0,1.16.0,True,NVIDIA GeForce RTX 5090,"PJRT C API
cuda 13000",1
pcs,,num_segments,16,16,5,7,96,16,1.0,tsit5,0.0001,0.01,83.77843563864008,5.236152227415005,1.0,16.0,0.011936245793765843,0.19097993270025349,0.011936245793765843,0.001,1,3,True,3062.1382651173726,auto,warp,True,gpu,gpu:NVIDIA GeForce RTX 5090:0,2026-09-02T22:36:16.374497+00:00,0242a70c5c895aed886a2a214f9379e67079b95a,True,3.12.13,0.4.0,0.11.0,0.11.0,1.16.0,True,NVIDIA GeForce RTX 5090,"PJRT C API
cuda 13000",1
pcs,,num_segments,16,16,5,7,96,32,1.0,tsit5,0.0001,0.01,84.75915013835765,2.6487234418236767,1.0,32.0,0.011798136229158002,0.3775403593330561,0.011798136229158002,0.001,1,3,True,2870.879287988356,auto,warp,True,gpu,gpu:NVIDIA GeForce RTX 5090:0,2026-09-02T22:36:16.374497+00:00,0242a70c5c895aed886a2a214f9379e67079b95a,True,3.12.13,0.4.0,0.11.0,0.11.0,1.16.0,True,NVIDIA GeForce RTX 5090,"PJRT C API
cuda 13000",1
pcs,,num_segments,16,16,5,7,96,64,1.0,tsit5,0.0001,0.01,85.46401217300445,1.3353751902031945,1.0,64.0,0.011700831432717015,0.748853211693889,0.011700831432717015,0.001,1,3,True,3075.732729913305,auto,warp,True,gpu,gpu:NVIDIA GeForce RTX 5090:0,2026-09-02T22:36:16.374497+00:00,0242a70c5c895aed886a2a214f9379e67079b95a,True,3.12.13,0.4.0,0.11.0,0.11.0,1.16.0,True,NVIDIA GeForce RTX 5090,"PJRT C API
cuda 13000",1
pcs,,num_segments,16,16,5,7,96,128,1.0,tsit5,0.0001,0.01,87.04370966072504,0.6800289817244144,1.0,128.0,0.01148848094707537,1.4705255612256474,0.01148848094707537,0.001,1,3,True,3297.449555608869,auto,warp,True,gpu,gpu:NVIDIA GeForce RTX 5090:0,2026-09-02T22:36:16.374497+00:00,0242a70c5c895aed886a2a214f9379e67079b95a,True,3.12.13,0.4.0,0.11.0,0.11.0,1.16.0,True,NVIDIA GeForce RTX 5090,"PJRT C API
cuda 13000",1
pcs,,num_segments,16,16,5,7,96,256,1.0,tsit5,0.0001,0.01,113.40381699835416,0.44298366014982093,1.0,256.0,0.008818045339818791,2.2574196069936106,0.008818045339818791,0.001,1,3,True,3286.5418625354073,auto,warp,True,gpu,gpu:NVIDIA GeForce RTX 5090:0,2026-09-02T22:36:16.374497+00:00,0242a70c5c895aed886a2a214f9379e67079b95a,True,3.12.13,0.4.0,0.11.0,0.11.0,1.16.0,True,NVIDIA GeForce RTX 5090,"PJRT C API
cuda 13000",1
pcs,,num_segments,16,16,5,7,96,512,1.0,tsit5,0.0001,0.01,196.94461454167808,0.384657450276715,1.0,512.0,0.005077569662552904,2.5997156672270867,0.005077569662552904,0.001,1,3,True,3383.1046165307516,auto,warp,True,gpu,gpu:NVIDIA GeForce RTX 5090:0,2026-09-02T22:36:16.374497+00:00,0242a70c5c895aed886a2a214f9379e67079b95a,True,3.12.13,0.4.0,0.11.0,0.11.0,1.16.0,True,NVIDIA GeForce RTX 5090,"PJRT C API
cuda 13000",1
pcs,,num_segments,16,16,5,7,96,1024,1.0,tsit5,0.0001,0.01,387.49400407634676,0.3784121133558074,1.0,1024.0,0.0025806850931375264,2.642621535372827,0.0025806850931375264,0.001,1,3,True,3330.553695491869,auto,warp,True,gpu,gpu:NVIDIA GeForce RTX 5090:0,2026-09-02T22:36:16.374497+00:00,0242a70c5c895aed886a2a214f9379e67079b95a,True,3.12.13,0.4.0,0.11.0,0.11.0,1.16.0,True,NVIDIA GeForce RTX 5090,"PJRT C API
cuda 13000",1
pcs,,num_segments,32,32,5,7,192,1,1.0,tsit5,0.0001,0.01,351.4592045700022,351.4592045700022,1.0,1.0,0.002845280439371233,0.002845280439371233,0.002845280439371233,0.001,1,3,True,2383.7903515862936,auto,warp,True,gpu,gpu:NVIDIA GeForce RTX 5090:0,2026-09-02T22:36:16.374497+00:00,0242a70c5c895aed886a2a214f9379e67079b95a,True,3.12.13,0.4.0,0.11.0,0.11.0,1.16.0,True,NVIDIA GeForce RTX 5090,"PJRT C API
cuda 13000",1
pcs,,num_segments,32,32,5,7,192,2,1.0,tsit5,0.0001,0.01,417.9346717946076,208.9673358973038,1.0,2.0,0.002392718449766346,0.004785436899532692,0.002392718449766346,0.001,1,3,True,2282.0644378897573,auto,warp,True,gpu,gpu:NVIDIA GeForce RTX 5090:0,2026-09-02T22:36:16.374497+00:00,0242a70c5c895aed886a2a214f9379e67079b95a,True,3.12.13,0.4.0,0.11.0,0.11.0,1.16.0,True,NVIDIA GeForce RTX 5090,"PJRT C API
cuda 13000",1
pcs,,num_segments,32,32,5,7,192,4,1.0,tsit5,0.0001,0.01,431.64177732631407,107.91044433157852,1.0,4.0,0.0023167358965905114,0.009266943586362045,0.0023167358965905114,0.001,1,3,True,2553.896142552247,auto,warp,True,gpu,gpu:NVIDIA GeForce RTX 5090:0,2026-09-02T22:36:16.374497+00:00,0242a70c5c895aed886a2a214f9379e67079b95a,True,3.12.13,0.4.0,0.11.0,0.11.0,1.16.0,True,NVIDIA GeForce RTX 5090,"PJRT C API
cuda 13000",1
pcs,,num_segments,32,32,5,7,192,8,1.0,tsit5,0.0001,0.01,433.8920213847111,54.236502673088886,1.0,8.0,0.002304720876886898,0.018437767015095183,0.002304720876886898,0.001,1,3,True,2833.173565196986,auto,warp,True,gpu,gpu:NVIDIA GeForce RTX 5090:0,2026-09-02T22:36:16.374497+00:00,0242a70c5c895aed886a2a214f9379e67079b95a,True,3.12.13,0.4.0,0.11.0,0.11.0,1.16.0,True,NVIDIA GeForce RTX 5090,"PJRT C API
cuda 13000",1
pcs,,num_segments,32,32,5,7,192,16,1.0,tsit5,0.0001,0.01,436.746866213313,27.296679138332063,1.0,16.0,0.0022896558106305603,0.036634492970088965,0.0022896558106305603,0.001,1,3,True,3196.0114058817385,auto,warp,True,gpu,gpu:NVIDIA GeForce RTX 5090:0,2026-09-02T22:36:16.374497+00:00,0242a70c5c895aed886a2a214f9379e67079b95a,True,3.12.13,0.4.0,0.11.0,0.11.0,1.16.0,True,NVIDIA GeForce RTX 5090,"PJRT C API
cuda 13000",1
pcs,,num_segments,32,32,5,7,192,32,1.0,tsit5,0.0001,0.01,437.1137843983015,13.659805762446922,1.0,32.0,0.0022877338480105955,0.07320748313633905,0.0022877338480105955,0.001,1,3,True,3206.1922953250714,auto,warp,True,gpu,gpu:NVIDIA GeForce RTX 5090:0,2026-09-02T22:36:16.374497+00:00,0242a70c5c895aed886a2a214f9379e67079b95a,True,3.12.13,0.4.0,0.11.0,0.11.0,1.16.0,True,NVIDIA GeForce RTX 5090,"PJRT C API
cuda 13000",1
pcs,,num_segments,32,32,5,7,192,64,1.0,tsit5,0.0001,0.01,437.79359692602884,6.840524951969201,1.0,64.0,0.0022841814202434843,0.146187610895583,0.0022841814202434843,0.001,1,3,True,3123.275847644087,auto,warp,True,gpu,gpu:NVIDIA GeForce RTX 5090:0,2026-09-02T22:36:16.374497+00:00,0242a70c5c895aed886a2a214f9379e67079b95a,True,3.12.13,0.4.0,0.11.0,0.11.0,1.16.0,True,NVIDIA GeForce RTX 5090,"PJRT C API
cuda 13000",1
pcs,,num_segments,32,32,5,7,192,128,1.0,tsit5,0.0001,0.01,452.21872005103313,3.5329587503986963,1.0,128.0,0.0022113193365527846,0.2830488750787564,0.0022113193365527846,0.001,1,3,True,3520.32457594955,auto,warp,True,gpu,gpu:NVIDIA GeForce RTX 5090:0,2026-09-02T22:36:16.374497+00:00,0242a70c5c895aed886a2a214f9379e67079b95a,True,3.12.13,0.4.0,0.11.0,0.11.0,1.16.0,True,NVIDIA GeForce RTX 5090,"PJRT C API
cuda 13000",1
pcs,,num_segments,32,32,5,7,192,256,1.0,tsit5,0.0001,0.01,653.5500790363488,2.5529299962357377,1.0,256.0,0.001530104627138118,0.3917067845473582,0.001530104627138118,0.001,1,3,True,3421.6090568567206,auto,warp,True,gpu,gpu:NVIDIA GeForce RTX 5090:0,2026-09-02T22:36:16.374497+00:00,0242a70c5c895aed886a2a214f9379e67079b95a,True,3.12.13,0.4.0,0.11.0,0.11.0,1.16.0,True,NVIDIA GeForce RTX 5090,"PJRT C API
cuda 13000",1
pcs,,num_segments,32,32,5,7,192,512,1.0,tsit5,0.0001,0.01,1308.8695466799738,2.556385833359324,1.0,512.0,0.0007640180815090091,0.39117725773261264,0.0007640180815090091,0.001,1,3,True,3683.8654797748186,auto,warp,True,gpu,gpu:NVIDIA GeForce RTX 5090:0,2026-09-02T22:36:16.374497+00:00,0242a70c5c895aed886a2a214f9379e67079b95a,True,3.12.13,0.4.0,0.11.0,0.11.0,1.16.0,True,NVIDIA GeForce RTX 5090,"PJRT C API
cuda 13000",1
pcs,,num_segments,32,32,5,7,192,1024,1.0,tsit5,0.0001,0.01,2675.773873153647,2.6130604230016083,1.0,1024.0,0.0003737236580538876,0.3826930258471809,0.0003737236580538876,0.001,1,3,True,3705.110970392151,auto,warp,True,gpu,gpu:NVIDIA GeForce RTX 5090:0,2026-09-02T22:36:16.374497+00:00,0242a70c5c895aed886a2a214f9379e67079b95a,True,3.12.13,0.4.0,0.11.0,0.11.0,1.16.0,True,NVIDIA GeForce RTX 5090,"PJRT C API
cuda 13000",1
gvs,segments,num_segments,1,1,5,7,6,1,1.0,tsit5,0.0001,0.01,10.4301296909883,10.4301296909883,1.0,1.0,0.09587608492193596,0.09587608492193596,0.09587608492193596,0.001,1,3,True,4.206414398636509,auto,warp,True,gpu,gpu:NVIDIA GeForce RTX 5090:0,2026-09-02T22:36:16.374497+00:00,0242a70c5c895aed886a2a214f9379e67079b95a,True,3.12.13,0.4.0,0.11.0,0.11.0,1.16.0,True,NVIDIA GeForce RTX 5090,"PJRT C API
cuda 13000",1
gvs,segments,num_segments,1,1,5,7,6,2,1.0,tsit5,0.0001,0.01,10.165766151660742,5.082883075830371,1.0,2.0,0.09836936882879543,0.19673873765759087,0.09836936882879543,0.001,1,3,True,4.189166441819105,auto,warp,True,gpu,gpu:NVIDIA GeForce RTX 5090:0,2026-09-02T22:36:16.374497+00:00,0242a70c5c895aed886a2a214f9379e67079b95a,True,3.12.13,0.4.0,0.11.0,0.11.0,1.16.0,True,NVIDIA GeForce RTX 5090,"PJRT C API
cuda 13000",1
gvs,segments,num_segments,1,1,5,7,6,4,1.0,tsit5,0.0001,0.01,10.270731240316914,2.5676828100792286,1.0,4.0,0.0973640509718122,0.3894562038872488,0.0973640509718122,0.001,1,3,True,4.24425303034814,auto,warp,True,gpu,gpu:NVIDIA GeForce RTX 5090:0,2026-09-02T22:36:16.374497+00:00,0242a70c5c895aed886a2a214f9379e67079b95a,True,3.12.13,0.4.0,0.11.0,0.11.0,1.16.0,True,NVIDIA GeForce RTX 5090,"PJRT C API
cuda 13000",1
gvs,segments,num_segments,1,1,5,7,6,8,1.0,tsit5,0.0001,0.01,10.354831077662917,1.2943538847078646,1.0,8.0,0.09657327990189675,0.772586239215174,0.09657327990189675,0.001,1,3,True,4.252349947416406,auto,warp,True,gpu,gpu:NVIDIA GeForce RTX 5090:0,2026-09-02T22:36:16.374497+00:00,0242a70c5c895aed886a2a214f9379e67079b95a,True,3.12.13,0.4.0,0.11.0,0.11.0,1.16.0,True,NVIDIA GeForce RTX 5090,"PJRT C API
cuda 13000",1
gvs,segments,num_segments,1,1,5,7,6,16,1.0,tsit5,0.0001,0.01,10.388176050696833,0.6492610031685521,1.0,16.0,0.09626328964004423,1.5402126342407076,0.09626328964004423,0.001,1,3,True,4.267053854133993,auto,warp,True,gpu,gpu:NVIDIA GeForce RTX 5090:0,2026-09-02T22:36:16.374497+00:00,0242a70c5c895aed886a2a214f9379e67079b95a,True,3.12.13,0.4.0,0.11.0,0.11.0,1.16.0,True,NVIDIA GeForce RTX 5090,"PJRT C API
cuda 13000",1
gvs,segments,num_segments,1,1,5,7,6,32,1.0,tsit5,0.0001,0.01,10.733977331973923,0.3354367916241851,1.0,32.0,0.0931621121484244,2.981187588749581,0.0931621121484244,0.001,1,3,True,4.2774390352937255,auto,warp,True,gpu,gpu:NVIDIA GeForce RTX 5090:0,2026-09-02T22:36:16.374497+00:00,0242a70c5c895aed886a2a214f9379e67079b95a,True,3.12.13,0.4.0,0.11.0,0.11.0,1.16.0,True,NVIDIA GeForce RTX 5090,"PJRT C API
cuda 13000",1
gvs,segments,num_segments,1,1,5,7,6,64,1.0,tsit5,0.0001,0.01,10.843708522967063,0.16943294567136036,1.0,64.0,0.09221937290936877,5.902039866199601,0.09221937290936877,0.001,1,3,True,4.286679673796794,auto,warp,True,gpu,gpu:NVIDIA GeForce RTX 5090:0,2026-09-02T22:36:16.374497+00:00,0242a70c5c895aed886a2a214f9379e67079b95a,True,3.12.13,0.4.0,0.11.0,0.11.0,1.16.0,True,NVIDIA GeForce RTX 5090,"PJRT C API
cuda 13000",1
gvs,segments,num_segments,1,1,5,7,6,128,1.0,tsit5,0.0001,0.01,10.835322294345437,0.08465095542457372,1.0,128.0,0.09229074805849236,11.813215751487022,0.09229074805849236,0.001,1,3,True,4.29142523429829,auto,warp,True,gpu,gpu:NVIDIA GeForce RTX 5090:0,2026-09-02T22:36:16.374497+00:00,0242a70c5c895aed886a2a214f9379e67079b95a,True,3.12.13,0.4.0,0.11.0,0.11.0,1.16.0,True,NVIDIA GeForce RTX 5090,"PJRT C API
cuda 13000",1
gvs,segments,num_segments,1,1,5,7,6,256,1.0,tsit5,0.0001,0.01,10.861661404992143,0.04242836486325056,1.0,256.0,0.09206694654837874,23.569138316384958,0.09206694654837874,0.001,1,3,True,4.291995101575879,auto,warp,True,gpu,gpu:NVIDIA GeForce RTX 5090:0,2026-09-02T22:36:16.374497+00:00,0242a70c5c895aed886a2a214f9379e67079b95a,True,3.12.13,0.4.0,0.11.0,0.11.0,1.16.0,True,NVIDIA GeForce RTX 5090,"PJRT C API
cuda 13000",1
gvs,segments,num_segments,1,1,5,7,6,512,1.0,tsit5,0.0001,0.01,12.91867906297557,0.02523179504487416,1.0,512.0,0.07740729490416408,39.63253499093201,0.07740729490416408,0.001,1,3,True,4.3020808982082634,auto,warp,True,gpu,gpu:NVIDIA GeForce RTX 5090:0,2026-09-02T22:36:16.374497+00:00,0242a70c5c895aed886a2a214f9379e67079b95a,True,3.12.13,0.4.0,0.11.0,0.11.0,1.16.0,True,NVIDIA GeForce RTX 5090,"PJRT C API
cuda 13000",1
gvs,segments,num_segments,1,1,5,7,6,1024,1.0,tsit5,0.0001,0.01,15.712616155001646,0.015344351713868795,1.0,1024.0,0.06364312537996288,65.17056038908198,0.06364312537996288,0.001,1,3,True,4.331404377619765,auto,warp,True,gpu,gpu:NVIDIA GeForce RTX 5090:0,2026-09-02T22:36:16.374497+00:00,0242a70c5c895aed886a2a214f9379e67079b95a,True,3.12.13,0.4.0,0.11.0,0.11.0,1.16.0,True,NVIDIA GeForce RTX 5090,"PJRT C API
cuda 13000",1
gvs,segments,num_segments,2,2,5,7,12,1,1.0,tsit5,0.0001,0.01,12.585000565974042,12.585000565974042,1.0,1.0,0.07945967064186643,0.07945967064186643,0.07945967064186643,0.001,1,3,True,1.7996562865865908,auto,warp,True,gpu,gpu:NVIDIA GeForce RTX 5090:0,2026-09-02T22:36:16.374497+00:00,0242a70c5c895aed886a2a214f9379e67079b95a,True,3.12.13,0.4.0,0.11.0,0.11.0,1.16.0,True,NVIDIA GeForce RTX 5090,"PJRT C API
cuda 13000",1
gvs,segments,num_segments,2,2,5,7,12,2,1.0,tsit5,0.0001,0.01,12.367541167962676,6.183770583981338,1.0,2.0,0.0808568159522635,0.161713631904527,0.0808568159522635,0.001,1,3,True,1.8071282334019474,auto,warp,True,gpu,gpu:NVIDIA GeForce RTX 5090:0,2026-09-02T22:36:16.374497+00:00,0242a70c5c895aed886a2a214f9379e67079b95a,True,3.12.13,0.4.0,0.11.0,0.11.0,1.16.0,True,NVIDIA GeForce RTX 5090,"PJRT C API
cuda 13000",1
gvs,segments,num_segments,2,2,5,7,12,4,1.0,tsit5,0.0001,0.01,12.490633757940182,3.1226584394850456,1.0,4.0,0.08005998889882662,0.3202399555953065,0.08005998889882662,0.001,1,3,True,1.807374665680851,auto,warp,True,gpu,gpu:NVIDIA GeForce RTX 5090:0,2026-09-02T22:36:16.374497+00:00,0242a70c5c895aed886a2a214f9379e67079b95a,True,3.12.13,0.4.0,0.11.0,0.11.0,1.16.0,True,NVIDIA GeForce RTX 5090,"PJRT C API
cuda 13000",1
gvs,segments,num_segments,2,2,5,7,12,8,1.0,tsit5,0.0001,0.01,12.713545965690477,1.5891932457113096,1.0,8.0,0.07865626180914899,0.6292500944731919,0.07865626180914899,0.001,1,3,True,1.8419948590002506,auto,warp,True,gpu,gpu:NVIDIA GeForce RTX 5090:0,2026-09-02T22:36:16.374497+00:00,0242a70c5c895aed886a2a214f9379e67079b95a,True,3.12.13,0.4.0,0.11.0,0.11.0,1.16.0,True,NVIDIA GeForce RTX 5090,"PJRT C API
cuda 13000",1
gvs,segments,num_segments,2,2,5,7,12,16,1.0,tsit5,0.0001,0.01,12.9877295656673,0.8117330978542062,1.0,16.0,0.07699575163956848,1.2319320262330957,0.07699575163956848,0.001,1,3,True,1.8481678525947736,auto,warp,True,gpu,gpu:NVIDIA GeForce RTX 5090:0,2026-09-02T22:36:16.374497+00:00,0242a70c5c895aed886a2a214f9379e67079b95a,True,3.12.13,0.4.0,0.11.0,0.11.0,1.16.0,True,NVIDIA GeForce RTX 5090,"PJRT C API
cuda 13000",1
gvs,segments,num_segments,2,2,5,7,12,32,1.0,tsit5,0.0001,0.01,13.128453226682419,0.4102641633338256,1.0,32.0,0.07617043552149681,2.437453936687898,0.07617043552149681,0.001,1,3,True,1.858552834185654,auto,warp,True,gpu,gpu:NVIDIA GeForce RTX 5090:0,2026-09-02T22:36:16.374497+00:00,0242a70c5c895aed886a2a214f9379e67079b95a,True,3.12.13,0.4.0,0.11.0,0.11.0,1.16.0,True,NVIDIA GeForce RTX 5090,"PJRT C API
cuda 13000",1
gvs,segments,num_segments,2,2,5,7,12,64,1.0,tsit5,0.0001,0.01,13.163935667059073,0.20568649479779802,1.0,64.0,0.07596512359919545,4.861767910348509,0.07596512359919545,0.001,1,3,True,1.8837023197652278,auto,warp,True,gpu,gpu:NVIDIA GeForce RTX 5090:0,2026-09-02T22:36:16.374497+00:00,0242a70c5c895aed886a2a214f9379e67079b95a,True,3.12.13,0.4.0,0.11.0,0.11.0,1.16.0,True,NVIDIA GeForce RTX 5090,"PJRT C API
cuda 13000",1
gvs,segments,num_segments,2,2,5,7,12,128,1.0,tsit5,0.0001,0.01,13.235419101353424,0.10340171172932362,1.0,128.0,0.07555484207506072,9.671019785607772,0.07555484207506072,0.001,1,3,True,1.8632393292466403,auto,warp,True,gpu,gpu:NVIDIA GeForce RTX 5090:0,2026-09-02T22:36:16.374497+00:00,0242a70c5c895aed886a2a214f9379e67079b95a,True,3.12.13,0.4.0,0.11.0,0.11.0,1.16.0,True,NVIDIA GeForce RTX 5090,"PJRT C API
cuda 13000",1
gvs,segments,num_segments,2,2,5,7,12,256,1.0,tsit5,0.0001,0.01,13.565806001308374,0.052991429692610836,1.0,256.0,0.07371475015222491,18.870976038969577,0.07371475015222491,0.001,1,3,True,1.8632195835739145,auto,warp,True,gpu,gpu:NVIDIA GeForce RTX 5090:0,2026-09-02T22:36:16.374497+00:00,0242a70c5c895aed886a2a214f9379e67079b95a,True,3.12.13,0.4.0,0.11.0,0.11.0,1.16.0,True,NVIDIA GeForce RTX 5090,"PJRT C API
cuda 13000",1
gvs,segments,num_segments,2,2,5,7,12,512,1.0,tsit5,0.0001,0.01,18.16409957963818,0.03547675699148082,1.0,512.0,0.05505365105578878,28.187469340563855,0.05505365105578878,0.001,1,3,True,1.872059174410902,auto,warp,True,gpu,gpu:NVIDIA GeForce RTX 5090:0,2026-09-02T22:36:16.374497+00:00,0242a70c5c895aed886a2a214f9379e67079b95a,True,3.12.13,0.4.0,0.11.0,0.11.0,1.16.0,True,NVIDIA GeForce RTX 5090,"PJRT C API
cuda 13000",1
gvs,segments,num_segments,2,2,5,7,12,1024,1.0,tsit5,0.0001,0.01,24.451099964013945,0.02387802730860737,1.0,1024.0,0.04089795557139581,41.87950650510931,0.04089795557139581,0.001,1,3,True,1.910659323254126,auto,warp,True,gpu,gpu:NVIDIA GeForce RTX 5090:0,2026-09-02T22:36:16.374497+00:00,0242a70c5c895aed886a2a214f9379e67079b95a,True,3.12.13,0.4.0,0.11.0,0.11.0,1.16.0,True,NVIDIA GeForce RTX 5090,"PJRT C API
cuda 13000",1
gvs,segments,num_segments,4,4,5,7,24,1,1.0,tsit5,0.0001,0.01,18.447977068639982,18.447977068639982,1.0,1.0,0.05420648542001477,0.05420648542001477,0.05420648542001477,0.001,1,3,True,3.3823449392480525,auto,warp,True,gpu,gpu:NVIDIA GeForce RTX 5090:0,2026-09-02T22:36:16.374497+00:00,0242a70c5c895aed886a2a214f9379e67079b95a,True,3.12.13,0.4.0,0.11.0,0.11.0,1.16.0,True,NVIDIA GeForce RTX 5090,"PJRT C API
cuda 13000",1
gvs,segments,num_segments,4,4,5,7,24,2,1.0,tsit5,0.0001,0.01,18.94877623805466,9.47438811902733,1.0,2.0,0.0527738566035578,0.1055477132071156,0.0527738566035578,0.001,1,3,True,3.428208471777987,auto,warp,True,gpu,gpu:NVIDIA GeForce RTX 5090:0,2026-09-02T22:36:16.374497+00:00,0242a70c5c895aed886a2a214f9379e67079b95a,True,3.12.13,0.4.0,0.11.0,0.11.0,1.16.0,True,NVIDIA GeForce RTX 5090,"PJRT C API
cuda 13000",1
gvs,segments,num_segments,4,4,5,7,24,4,1.0,tsit5,0.0001,0.01,19.883349297684617,4.970837324421154,1.0,4.0,0.0502933376579794,0.2011733506319176,0.0502933376579794,0.001,1,3,True,3.442661941383452,auto,warp,True,gpu,gpu:NVIDIA GeForce RTX 5090:0,2026-09-02T22:36:16.374497+00:00,0242a70c5c895aed886a2a214f9379e67079b95a,True,3.12.13,0.4.0,0.11.0,0.11.0,1.16.0,True,NVIDIA GeForce RTX 5090,"PJRT C API
cuda 13000",1
gvs,segments,num_segments,4,4,5,7,24,8,1.0,tsit5,0.0001,0.01,20.74055512769458,2.5925693909618226,1.0,8.0,0.048214717197454064,0.3857177375796325,0.048214717197454064,0.001,1,3,True,3.4337465318684433,auto,warp,True,gpu,gpu:NVIDIA GeForce RTX 5090:0,2026-09-02T22:36:16.374497+00:00,0242a70c5c895aed886a2a214f9379e67079b95a,True,3.12.13,0.4.0,0.11.0,0.11.0,1.16.0,True,NVIDIA GeForce RTX 5090,"PJRT C API
cuda 13000",1
gvs,segments,num_segments,4,4,5,7,24,16,1.0,tsit5,0.0001,0.01,20.81733536638785,1.3010834603992407,1.0,16.0,0.048036887641951666,0.7685902022712267,0.048036887641951666,0.001,1,3,True,3.4878860844571666,auto,warp,True,gpu,gpu:NVIDIA GeForce RTX 5090:0,2026-09-02T22:36:16.374497+00:00,0242a70c5c895aed886a2a214f9379e67079b95a,True,3.12.13,0.4.0,0.11.0,0.11.0,1.16.0,True,NVIDIA GeForce RTX 5090,"PJRT C API
cuda 13000",1
gvs,segments,num_segments,4,4,5,7,24,32,1.0,tsit5,0.0001,0.01,20.92084321565926,0.6537763504893519,1.0,32.0,0.04779922059984177,1.5295750591949366,0.04779922059984177,0.001,1,3,True,3.432263721345837,auto,warp,True,gpu,gpu:NVIDIA GeForce RTX 5090:0,2026-09-02T22:36:16.374497+00:00,0242a70c5c895aed886a2a214f9379e67079b95a,True,3.12.13,0.4.0,0.11.0,0.11.0,1.16.0,True,NVIDIA GeForce RTX 5090,"PJRT C API
cuda 13000",1
gvs,segments,num_segments,4,4,5,7,24,64,1.0,tsit5,0.0001,0.01,20.975720533674274,0.3277456333386605,1.0,64.0,0.04767416682514467,3.051146676809259,0.04767416682514467,0.001,1,3,True,3.5080039243223267,auto,warp,True,gpu,gpu:NVIDIA GeForce RTX 5090:0,2026-09-02T22:36:16.374497+00:00,0242a70c5c895aed886a2a214f9379e67079b95a,True,3.12.13,0.4.0,0.11.0,0.11.0,1.16.0,True,NVIDIA GeForce RTX 5090,"PJRT C API
cuda 13000",1
gvs,segments,num_segments,4,4,5,7,24,128,1.0,tsit5,0.0001,0.01,21.30093659798149,0.1664135671717304,1.0,128.0,0.04694629249752152,6.009125439682754,0.04694629249752152,0.001,1,3,True,3.489949165848327,auto,warp,True,gpu,gpu:NVIDIA GeForce RTX 5090:0,2026-09-02T22:36:16.374497+00:00,0242a70c5c895aed886a2a214f9379e67079b95a,True,3.12.13,0.4.0,0.11.0,0.11.0,1.16.0,True,NVIDIA GeForce RTX 5090,"PJRT C API
cuda 13000",1
gvs,segments,num_segments,4,4,5,7,24,256,1.0,tsit5,0.0001,0.01,22.903934981673956,0.08946849602216389,1.0,256.0,0.04366061992404914,11.17711870055658,0.04366061992404914,0.001,1,3,True,3.518693724113917,auto,warp,True,gpu,gpu:NVIDIA GeForce RTX 5090:0,2026-09-02T22:36:16.374497+00:00,0242a70c5c895aed886a2a214f9379e67079b95a,True,3.12.13,0.4.0,0.11.0,0.11.0,1.16.0,True,NVIDIA GeForce RTX 5090,"PJRT C API
cuda 13000",1
gvs,segments,num_segments,4,4,5,7,24,512,1.0,tsit5,0.0001,0.01,34.1435139257228,0.06668655063617734,1.0,512.0,0.02928813953289755,14.995527440843546,0.02928813953289755,0.001,1,3,True,3.512074160877695,auto,warp,True,gpu,gpu:NVIDIA GeForce RTX 5090:0,2026-09-02T22:36:16.374497+00:00,0242a70c5c895aed886a2a214f9379e67079b95a,True,3.12.13,0.4.0,0.11.0,0.11.0,1.16.0,True,NVIDIA GeForce RTX 5090,"PJRT C API
cuda 13000",1
gvs,segments,num_segments,4,4,5,7,24,1024,1.0,tsit5,0.0001,0.01,51.63434208134034,0.05042416218880893,1.0,1024.0,0.019366955396171896,19.83176232568002,0.019366955396171896,0.001,1,3,True,3.5463330779647633,auto,warp,True,gpu,gpu:NVIDIA GeForce RTX 5090:0,2026-09-02T22:36:16.374497+00:00,0242a70c5c895aed886a2a214f9379e67079b95a,True,3.12.13,0.4.0,0.11.0,0.11.0,1.16.0,True,NVIDIA GeForce RTX 5090,"PJRT C API
cuda 13000",1
gvs,segments,num_segments,8,8,5,7,48,1,1.0,tsit5,0.0001,0.01,34.5831096873541,34.5831096873541,1.0,1.0,0.028915849645691834,0.028915849645691834,0.028915849645691834,0.001,1,3,True,5.785450145732063,auto,warp,True,gpu,gpu:NVIDIA GeForce RTX 5090:0,2026-09-02T22:36:16.374497+00:00,0242a70c5c895aed886a2a214f9379e67079b95a,True,3.12.13,0.4.0,0.11.0,0.11.0,1.16.0,True,NVIDIA GeForce RTX 5090,"PJRT C API
cuda 13000",1
gvs,segments,num_segments,8,8,5,7,48,2,1.0,tsit5,0.0001,0.01,37.162692418011524,18.581346209005762,1.0,2.0,0.026908706956747117,0.05381741391349423,0.026908706956747117,0.001,1,3,True,5.885849617029259,auto,warp,True,gpu,gpu:NVIDIA GeForce RTX 5090:0,2026-09-02T22:36:16.374497+00:00,0242a70c5c895aed886a2a214f9379e67079b95a,True,3.12.13,0.4.0,0.11.0,0.11.0,1.16.0,True,NVIDIA GeForce RTX 5090,"PJRT C API
cuda 13000",1
gvs,segments,num_segments,8,8,5,7,48,4,1.0,tsit5,0.0001,0.01,39.11868500569835,9.779671251424588,1.0,4.0,0.02556323148015665,0.1022529259206266,0.02556323148015665,0.001,1,3,True,5.9114063026752115,auto,warp,True,gpu,gpu:NVIDIA GeForce RTX 5090:0,2026-09-02T22:36:16.374497+00:00,0242a70c5c895aed886a2a214f9379e67079b95a,True,3.12.13,0.4.0,0.11.0,0.11.0,1.16.0,True,NVIDIA GeForce RTX 5090,"PJRT C API
cuda 13000",1
gvs,segments,num_segments,8,8,5,7,48,8,1.0,tsit5,0.0001,0.01,39.299611650019266,4.912451456252408,1.0,8.0,0.02544554406556101,0.20356435252448807,0.02544554406556101,0.001,1,3,True,5.930383100903051,auto,warp,True,gpu,gpu:NVIDIA GeForce RTX 5090:0,2026-09-02T22:36:16.374497+00:00,0242a70c5c895aed886a2a214f9379e67079b95a,True,3.12.13,0.4.0,0.11.0,0.11.0,1.16.0,True,NVIDIA GeForce RTX 5090,"PJRT C API
cuda 13000",1
gvs,segments,num_segments,8,8,5,7,48,16,1.0,tsit5,0.0001,0.01,39.46862049067082,2.4667887806669264,1.0,16.0,0.02533658353314805,0.4053853365303688,0.02533658353314805,0.001,1,3,True,5.919259602073198,auto,warp,True,gpu,gpu:NVIDIA GeForce RTX 5090:0,2026-09-02T22:36:16.374497+00:00,0242a70c5c895aed886a2a214f9379e67079b95a,True,3.12.13,0.4.0,0.11.0,0.11.0,1.16.0,True,NVIDIA GeForce RTX 5090,"PJRT C API
cuda 13000",1
gvs,segments,num_segments,8,8,5,7,48,32,1.0,tsit5,0.0001,0.01,39.73786183733804,1.2418081824168137,1.0,32.0,0.025164917128490075,0.8052773481116824,0.025164917128490075,0.001,1,3,True,6.013063210133668,auto,warp,True,gpu,gpu:NVIDIA GeForce RTX 5090:0,2026-09-02T22:36:16.374497+00:00,0242a70c5c895aed886a2a214f9379e67079b95a,True,3.12.13,0.4.0,0.11.0,0.11.0,1.16.0,True,NVIDIA GeForce RTX 5090,"PJRT C API
cuda 13000",1
gvs,segments,num_segments,8,8,5,7,48,64,1.0,tsit5,0.0001,0.01,40.13131702171328,0.62705182846427,1.0,64.0,0.024918195419775142,1.594764506865609,0.024918195419775142,0.001,1,3,True,6.081582294835317,auto,warp,True,gpu,gpu:NVIDIA GeForce RTX 5090:0,2026-09-02T22:36:16.374497+00:00,0242a70c5c895aed886a2a214f9379e67079b95a,True,3.12.13,0.4.0,0.11.0,0.11.0,1.16.0,True,NVIDIA GeForce RTX 5090,"PJRT C API
cuda 13000",1
gvs,segments,num_segments,8,8,5,7,48,128,1.0,tsit5,0.0001,0.01,41.41681271333558,0.3235688493229342,1.0,128.0,0.02414478407407761,3.090532361481934,0.02414478407407761,0.001,1,3,True,6.063044455156894,auto,warp,True,gpu,gpu:NVIDIA GeForce RTX 5090:0,2026-09-02T22:36:16.374497+00:00,0242a70c5c895aed886a2a214f9379e67079b95a,True,3.12.13,0.4.0,0.11.0,0.11.0,1.16.0,True,NVIDIA GeForce RTX 5090,"PJRT C API
cuda 13000",1
gvs,segments,num_segments,8,8,5,7,48,256,1.0,tsit5,0.0001,0.01,46.86181559731873,0.1830539671770263,1.0,256.0,0.021339335389668864,5.462869859755229,0.021339335389668864,0.001,1,3,True,6.069580109145292,auto,warp,True,gpu,gpu:NVIDIA GeForce RTX 5090:0,2026-09-02T22:36:16.374497+00:00,0242a70c5c895aed886a2a214f9379e67079b95a,True,3.12.13,0.4.0,0.11.0,0.11.0,1.16.0,True,NVIDIA GeForce RTX 5090,"PJRT C API
cuda 13000",1
gvs,segments,num_segments,8,8,5,7,48,512,1.0,tsit5,0.0001,0.01,78.87880122265778,0.15406015863800349,1.0,512.0,0.012677677455787094,6.490970857362992,0.012677677455787094,0.001,1,3,True,6.028811782681108,auto,warp,True,gpu,gpu:NVIDIA GeForce RTX 5090:0,2026-09-02T22:36:16.374497+00:00,0242a70c5c895aed886a2a214f9379e67079b95a,True,3.12.13,0.4.0,0.11.0,0.11.0,1.16.0,True,NVIDIA GeForce RTX 5090,"PJRT C API
cuda 13000",1
gvs,segments,num_segments,8,8,5,7,48,1024,1.0,tsit5,0.0001,0.01,128.45586535606222,0.1254451810117795,1.0,1024.0,0.007784774928168019,7.971609526444052,0.007784774928168019,0.001,1,3,True,6.117342222041883,auto,warp,True,gpu,gpu:NVIDIA GeForce RTX 5090:0,2026-09-02T22:36:16.374497+00:00,0242a70c5c895aed886a2a214f9379e67079b95a,True,3.12.13,0.4.0,0.11.0,0.11.0,1.16.0,True,NVIDIA GeForce RTX 5090,"PJRT C API
cuda 13000",1
gvs,segments,num_segments,16,16,5,7,96,1,1.0,tsit5,0.0001,0.01,83.63169677303328,83.63169677303328,1.0,1.0,0.011957188943731274,0.011957188943731274,0.011957188943731274,0.001,1,3,True,18.761469703221536,auto,warp,True,gpu,gpu:NVIDIA GeForce RTX 5090:0,2026-09-02T22:36:16.374497+00:00,0242a70c5c895aed886a2a214f9379e67079b95a,True,3.12.13,0.4.0,0.11.0,0.11.0,1.16.0,True,NVIDIA GeForce RTX 5090,"PJRT C API
cuda 13000",1
gvs,segments,num_segments,16,16,5,7,96,2,1.0,tsit5,0.0001,0.01,95.21284075030901,47.60642037515451,1.0,2.0,0.010502785045794934,0.02100557009158987,0.010502785045794934,0.001,1,3,True,18.849590310598735,auto,warp,True,gpu,gpu:NVIDIA GeForce RTX 5090:0,2026-09-02T22:36:16.374497+00:00,0242a70c5c895aed886a2a214f9379e67079b95a,True,3.12.13,0.4.0,0.11.0,0.11.0,1.16.0,True,NVIDIA GeForce RTX 5090,"PJRT C API
cuda 13000",1
gvs,segments,num_segments,16,16,5,7,96,4,1.0,tsit5,0.0001,0.01,98.97282803729952,24.74320700932488,1.0,4.0,0.010103783228495136,0.040415132913980543,0.010103783228495136,0.001,1,3,True,19.872621311709732,auto,warp,True,gpu,gpu:NVIDIA GeForce RTX 5090:0,2026-09-02T22:36:16.374497+00:00,0242a70c5c895aed886a2a214f9379e67079b95a,True,3.12.13,0.4.0,0.11.0,0.11.0,1.16.0,True,NVIDIA GeForce RTX 5090,"PJRT C API
cuda 13000",1
gvs,segments,num_segments,16,16,5,7,96,8,1.0,tsit5,0.0001,0.01,100.0608012143445,12.507600151793062,1.0,8.0,0.00999392357310689,0.07995138858485512,0.00999392357310689,0.001,1,3,True,19.929718415977323,auto,warp,True,gpu,gpu:NVIDIA GeForce RTX 5090:0,2026-09-02T22:36:16.374497+00:00,0242a70c5c895aed886a2a214f9379e67079b95a,True,3.12.13,0.4.0,0.11.0,0.11.0,1.16.0,True,NVIDIA GeForce RTX 5090,"PJRT C API
cuda 13000",1
gvs,segments,num_segments,16,16,5,7,96,16,1.0,tsit5,0.0001,0.01,100.18745355703868,6.2617158473149175,1.0,16.0,0.009981289717386424,0.15970063547818278,0.009981289717386424,0.001,1,3,True,19.76093983149331,auto,warp,True,gpu,gpu:NVIDIA GeForce RTX 5090:0,2026-09-02T22:36:16.374497+00:00,0242a70c5c895aed886a2a214f9379e67079b95a,True,3.12.13,0.4.0,0.11.0,0.11.0,1.16.0,True,NVIDIA GeForce RTX 5090,"PJRT C API
cuda 13000",1
gvs,segments,num_segments,16,16,5,7,96,32,1.0,tsit5,0.0001,0.01,101.49999045266304,3.17187470164572,1.0,32.0,0.009852217675492039,0.31527096561574525,0.009852217675492039,0.001,1,3,True,20.334572565061908,auto,warp,True,gpu,gpu:NVIDIA GeForce RTX 5090:0,2026-09-02T22:36:16.374497+00:00,0242a70c5c895aed886a2a214f9379e67079b95a,True,3.12.13,0.4.0,0.11.0,0.11.0,1.16.0,True,NVIDIA GeForce RTX 5090,"PJRT C API
cuda 13000",1
gvs,segments,num_segments,16,16,5,7,96,64,1.0,tsit5,0.0001,0.01,102.88547767768614,1.607585588713846,1.0,64.0,0.009719544707103796,0.6220508612546429,0.009719544707103796,0.001,1,3,True,20.87658055507372,auto,warp,True,gpu,gpu:NVIDIA GeForce RTX 5090:0,2026-09-02T22:36:16.374497+00:00,0242a70c5c895aed886a2a214f9379e67079b95a,True,3.12.13,0.4.0,0.11.0,0.11.0,1.16.0,True,NVIDIA GeForce RTX 5090,"PJRT C API
cuda 13000",1
gvs,segments,num_segments,16,16,5,7,96,128,1.0,tsit5,0.0001,0.01,107.67814717100312,0.8412355247734619,1.0,128.0,0.009286935430007958,1.1887277350410186,0.009286935430007958,0.001,1,3,True,20.504445130529028,auto,warp,True,gpu,gpu:NVIDIA GeForce RTX 5090:0,2026-09-02T22:36:16.374497+00:00,0242a70c5c895aed886a2a214f9379e67079b95a,True,3.12.13,0.4.0,0.11.0,0.11.0,1.16.0,True,NVIDIA GeForce RTX 5090,"PJRT C API
cuda 13000",1
gvs,segments,num_segments,16,16,5,7,96,256,1.0,tsit5,0.0001,0.01,139.91963251664615,0.546561064518149,1.0,256.0,0.007146959879851247,1.8296217292419192,0.007146959879851247,0.001,1,3,True,21.422593830800754,auto,warp,True,gpu,gpu:NVIDIA GeForce RTX 5090:0,2026-09-02T22:36:16.374497+00:00,0242a70c5c895aed886a2a214f9379e67079b95a,True,3.12.13,0.4.0,0.11.0,0.11.0,1.16.0,True,NVIDIA GeForce RTX 5090,"PJRT C API
cuda 13000",1
gvs,segments,num_segments,16,16,5,7,96,512,1.0,tsit5,0.0001,0.01,256.33032074500807,0.5006451577050939,1.0,512.0,0.0039012162006178686,1.9974226947163487,0.0039012162006178686,0.001,1,3,True,21.21251266241019,auto,warp,True,gpu,gpu:NVIDIA GeForce RTX 5090:0,2026-09-02T22:36:16.374497+00:00,0242a70c5c895aed886a2a214f9379e67079b95a,True,3.12.13,0.4.0,0.11.0,0.11.0,1.16.0,True,NVIDIA GeForce RTX 5090,"PJRT C API
cuda 13000",1
gvs,segments,num_segments,16,16,5,7,96,1024,1.0,tsit5,0.0001,0.01,498.1632729883616,0.4864875712776969,1.0,1024.0,0.0020073739960821293,2.0555509719881004,0.0020073739960821293,0.001,1,3,True,21.412464757525427,auto,warp,True,gpu,gpu:NVIDIA GeForce RTX 5090:0,2026-09-02T22:36:16.374497+00:00,0242a70c5c895aed886a2a214f9379e67079b95a,True,3.12.13,0.4.0,0.11.0,0.11.0,1.16.0,True,NVIDIA GeForce RTX 5090,"PJRT C API
cuda 13000",1
gvs,segments,num_segments,32,32,5,7,192,1,1.0,tsit5,0.0001,0.01,344.166082086352,344.166082086352,1.0,1.0,0.002905573942492967,0.002905573942492967,0.002905573942492967,0.001,1,3,True,15.015511338005611,auto,warp,True,gpu,gpu:NVIDIA GeForce RTX 5090:0,2026-09-02T22:36:16.374497+00:00,0242a70c5c895aed886a2a214f9379e67079b95a,True,3.12.13,0.4.0,0.11.0,0.11.0,1.16.0,True,NVIDIA GeForce RTX 5090,"PJRT C API
cuda 13000",1
gvs,segments,num_segments,32,32,5,7,192,2,1.0,tsit5,0.0001,0.01,412.26121655036695,206.13060827518348,1.0,2.0,0.00242564655576285,0.0048512931115257,0.00242564655576285,0.001,1,3,True,16.14719424816855,auto,warp,True,gpu,gpu:NVIDIA GeForce RTX 5090:0,2026-09-02T22:36:16.374497+00:00,0242a70c5c895aed886a2a214f9379e67079b95a,True,3.12.13,0.4.0,0.11.0,0.11.0,1.16.0,True,NVIDIA GeForce RTX 5090,"PJRT C API
cuda 13000",1
gvs,segments,num_segments,32,32,5,7,192,4,1.0,tsit5,0.0001,0.01,421.551163959705,105.38779098992624,1.0,4.0,0.0023721912913412984,0.009488765165365193,0.0023721912913412984,0.001,1,3,True,14.551888567610845,auto,warp,True,gpu,gpu:NVIDIA GeForce RTX 5090:0,2026-09-02T22:36:16.374497+00:00,0242a70c5c895aed886a2a214f9379e67079b95a,True,3.12.13,0.4.0,0.11.0,0.11.0,1.16.0,True,NVIDIA GeForce RTX 5090,"PJRT C API
cuda 13000",1
gvs,segments,num_segments,32,32,5,7,192,8,1.0,tsit5,0.0001,0.01,424.2918315533316,53.03647894416645,1.0,8.0,0.0023568683760396753,0.018854947008317403,0.0023568683760396753,0.001,1,3,True,15.522526409029512,auto,warp,True,gpu,gpu:NVIDIA GeForce RTX 5090:0,2026-09-02T22:36:16.374497+00:00,0242a70c5c895aed886a2a214f9379e67079b95a,True,3.12.13,0.4.0,0.11.0,0.11.0,1.16.0,True,NVIDIA GeForce RTX 5090,"PJRT C API
cuda 13000",1
gvs,segments,num_segments,32,32,5,7,192,16,1.0,tsit5,0.0001,0.01,429.037409822961,26.814838113935064,1.0,16.0,0.002330799079764728,0.03729278527623565,0.002330799079764728,0.001,1,3,True,17.560516485377466,auto,warp,True,gpu,gpu:NVIDIA GeForce RTX 5090:0,2026-09-02T22:36:16.374497+00:00,0242a70c5c895aed886a2a214f9379e67079b95a,True,3.12.13,0.4.0,0.11.0,0.11.0,1.16.0,True,NVIDIA GeForce RTX 5090,"PJRT C API
cuda 13000",1
gvs,segments,num_segments,32,32,5,7,192,32,1.0,tsit5,0.0001,0.01,430.48744284004596,13.452732588751436,1.0,32.0,0.0023229481292246774,0.07433434013518968,0.0023229481292246774,0.001,1,3,True,17.666821515044223,auto,warp,True,gpu,gpu:NVIDIA GeForce RTX 5090:0,2026-09-02T22:36:16.374497+00:00,0242a70c5c895aed886a2a214f9379e67079b95a,True,3.12.13,0.4.0,0.11.0,0.11.0,1.16.0,True,NVIDIA GeForce RTX 5090,"PJRT C API
cuda 13000",1
gvs,segments,num_segments,32,32,5,7,192,64,1.0,tsit5,0.0001,0.01,431.3055069869927,6.739148546671761,1.0,64.0,0.0023185421558509288,0.14838669797445944,0.0023185421558509288,0.001,1,3,True,17.183797113727756,auto,warp,True,gpu,gpu:NVIDIA GeForce RTX 5090:0,2026-09-02T22:36:16.374497+00:00,0242a70c5c895aed886a2a214f9379e67079b95a,True,3.12.13,0.4.0,0.11.0,0.11.0,1.16.0,True,NVIDIA GeForce RTX 5090,"PJRT C API
cuda 13000",1
gvs,segments,num_segments,32,32,5,7,192,128,1.0,tsit5,0.0001,0.01,450.1818014999929,3.5170453242186945,1.0,128.0,0.002221324799598803,0.2843295743486468,0.002221324799598803,0.001,1,3,True,17.454783329736557,auto,warp,True,gpu,gpu:NVIDIA GeForce RTX 5090:0,2026-09-02T22:36:16.374497+00:00,0242a70c5c895aed886a2a214f9379e67079b95a,True,3.12.13,0.4.0,0.11.0,0.11.0,1.16.0,True,NVIDIA GeForce RTX 5090,"PJRT C API
cuda 13000",1
gvs,segments,num_segments,32,32,5,7,192,256,1.0,tsit5,0.0001,0.01,652.5265506226569,2.5489318383697537,1.0,256.0,0.0015325046912585784,0.3923212009621961,0.0015325046912585784,0.001,1,3,True,18.913698910057224,auto,warp,True,gpu,gpu:NVIDIA GeForce RTX 5090:0,2026-09-02T22:36:16.374497+00:00,0242a70c5c895aed886a2a214f9379e67079b95a,True,3.12.13,0.4.0,0.11.0,0.11.0,1.16.0,True,NVIDIA GeForce RTX 5090,"PJRT C API
cuda 13000",1
gvs,segments,num_segments,32,32,5,7,192,512,1.0,tsit5,0.0001,0.01,1302.8015166796201,2.544534212264883,1.0,512.0,0.000767576631740993,0.39299923545138843,0.000767576631740993,0.001,1,3,True,18.450885349236735,auto,warp,True,gpu,gpu:NVIDIA GeForce RTX 5090:0,2026-09-02T22:36:16.374497+00:00,0242a70c5c895aed886a2a214f9379e67079b95a,True,3.12.13,0.4.0,0.11.0,0.11.0,1.16.0,True,NVIDIA GeForce RTX 5090,"PJRT C API
cuda 13000",1
gvs,segments,num_segments,32,32,5,7,192,1024,1.0,tsit5,0.0001,0.01,2637.6347061276515,2.5758151427027847,1.0,1024.0,0.00037912755609290343,0.3882266174391331,0.00037912755609290343,0.001,1,3,True,18.716549911046304,auto,warp,True,gpu,gpu:NVIDIA GeForce RTX 5090:0,2026-09-02T22:36:16.374497+00:00,0242a70c5c895aed886a2a214f9379e67079b95a,True,3.12.13,0.4.0,0.11.0,0.11.0,1.16.0,True,NVIDIA GeForce RTX 5090,"PJRT C API
cuda 13000",1
