time,sx_x,sx_y,sx_z,mat_x,mat_y,mat_z,vicon_x,vicon_y,vicon_z
0.000000000000000000e+00,4.300000000000000488e-01,0.000000000000000000e+00,0.000000000000000000e+00,4.299999999999999933e-01,0.000000000000000000e+00,0.000000000000000000e+00,4.384862513642586723e-01,1.779092517766221737e-02,-8.442486199664145374e-02
9.999999999999786837e-03,4.311851901302350409e-01,-4.496730277871504992e-04,-3.416621908194823493e-03,4.311853029467417331e-01,-4.474819857258640590e-04,-3.408344035702857554e-03,4.384849117097401328e-01,1.787043668736976176e-02,-8.445829680387137439e-02
2.000000000000135003e-02,4.321873561694410393e-01,-8.229316423960525298e-04,-1.033545063320448834e-02,4.321882448169975799e-01,-8.196299101587373268e-04,-1.031055761878391097e-02,4.384974692829485265e-01,1.784127168106300343e-02,-8.445262579320186869e-02
3.000000000000113687e-02,4.328298187872616221e-01,-1.124169112590663521e-03,-1.961756836318320416e-02,4.328315389952414050e-01,-1.119854185673942355e-03,-1.959140812337618887e-02,4.385229899384388563e-01,1.776762652733290815e-02,-8.443789572725249326e-02
4.000000000000092371e-02,4.329853590563398358e-01,-1.375596561806428182e-03,-3.047929200847026079e-02,4.329873150554403027e-01,-1.370414100118937150e-03,-3.046003923071661720e-02,4.385108922987308588e-01,1.775502935607341237e-02,-8.442711153230886278e-02
5.000000000000071054e-02,4.325721735861441375e-01,-1.593718130960194990e-03,-4.234497314860082712e-02,4.325743916714632209e-01,-1.587998930584682633e-03,-4.232922115839123089e-02,4.390960394986187509e-01,1.771003978921112387e-02,-8.458955870330930882e-02
6.000000000000049738e-02,4.315511694845433066e-01,-1.790934832414493557e-03,-5.478988947119411285e-02,4.315532598848138002e-01,-1.784822407929038133e-03,-5.477850885250258595e-02,4.410323510522585755e-01,1.808424234606752223e-02,-8.512607590822404702e-02
7.000000000000028422e-02,4.299171066433242205e-01,-1.976642965662969535e-03,-6.750029011552324820e-02,4.299188699309463568e-01,-1.970245005591367456e-03,-6.749263014805217953e-02,4.427886796352221710e-01,1.846382716569322513e-02,-8.573274338081332546e-02
8.000000000000007105e-02,4.276890689494374231e-01,-2.157999588173602559e-03,-8.024489598730763507e-02,4.276909636735238829e-01,-2.151496144656254994e-03,-8.023800308996763275e-02,4.448071709728629308e-01,1.886165493152239248e-02,-8.723668793203831484e-02
8.999999999999985789e-02,4.249022625988960744e-01,-2.340466501492680530e-03,-9.285421235844103227e-02,4.249039488016821964e-01,-2.333974319551363179e-03,-9.284899924782633041e-02,4.461485276088832386e-01,1.941163618577668171e-02,-8.887406071895012638e-02
1.000000000000014211e-01,4.216016286386672918e-01,-2.528203732724830163e-03,-1.052052981029500123e-01,4.216026482896516048e-01,-2.521781768498385437e-03,-1.052026925343262503e-01,4.472572624003676722e-01,2.042056845439411961e-02,-9.106265877806929421e-02
1.100000000000012079e-01,4.178371568397735714e-01,-2.724359153156043819e-03,-1.172104291777387730e-01,4.178377678879892643e-01,-2.718077486938839677e-03,-1.172091831634586162e-01,4.483129155811456101e-01,2.167012575351945358e-02,-9.352191605043480571e-02
1.200000000000009948e-01,4.136605955339814900e-01,-2.931285235625137944e-03,-1.288085904194612163e-01,4.136612053089502306e-01,-2.925189245945288355e-03,-1.288074788590693187e-01,4.492163808163119887e-01,2.248759488326969314e-02,-9.636339234369351026e-02
1.300000000000007816e-01,4.091232311108449204e-01,-3.150703566913445799e-03,-1.399590492662708130e-01,4.091240295177431818e-01,-3.144808126659193355e-03,-1.399576446561312526e-01,4.504241804469145682e-01,2.371984926825244921e-02,-9.931317139163711727e-02
1.400000000000005684e-01,4.042744534403315271e-01,-3.383831462303576836e-03,-1.506364772286078180e-01,4.042748118979559435e-01,-3.378103458834044032e-03,-1.506360351311611390e-01,4.518057157996453466e-01,2.455039530446513629e-02,-1.021047984709610446e-01
1.500000000000003553e-01,3.991608820412225200e-01,-3.631481074516427522e-03,-1.608272304246466666e-01,3.991608678088684470e-01,-3.625925598064226943e-03,-1.608274750567484090e-01,4.525559976871212919e-01,2.534005807087223727e-02,-1.045667696066730490e-01
1.600000000000001421e-01,3.938258828156195324e-01,-3.894137384933902234e-03,-1.705265034326917117e-01,3.938247239440446079e-01,-3.888717226992326279e-03,-1.705285905589392637e-01,4.530979063811723107e-01,2.623652999708128708e-02,-1.071530222426593792e-01
1.699999999999999289e-01,3.883093512097795519e-01,-4.172020944960878885e-03,-1.797361438616901785e-01,3.883083595069173888e-01,-4.166802699211680575e-03,-1.797378195934645206e-01,4.535471592302693367e-01,2.802582880245423069e-02,-1.117697436804978295e-01
1.800000000000014921e-01,3.826476727159949243e-01,-4.465138283845909890e-03,-1.884629693287649677e-01,3.826472655255256372e-01,-4.460150761777729837e-03,-1.884636933376343804e-01,4.537953897212911869e-01,2.979200023785424922e-02,-1.161240567800242984e-01
1.900000000000012790e-01,3.768737983364650601e-01,-4.773323337814361876e-03,-1.967174676170065084e-01,3.768736499857002209e-01,-4.768539957765585181e-03,-1.967177902632554765e-01,4.540656388753491202e-01,3.095203797794712774e-02,-1.200286258557853314e-01
2.000000000000010658e-01,3.710173914564241504e-01,-5.096271327375197571e-03,-2.045127905655426681e-01,3.710178436525062295e-01,-5.091706574741052156e-03,-2.045123313431694845e-01,4.544205144450582656e-01,3.237809881809816659e-02,-1.241479109826448823e-01
2.100000000000008527e-01,3.651050164617979377e-01,-5.433566917401089040e-03,-2.118639738167777398e-01,3.651058781350371429e-01,-5.429194006467971158e-03,-2.118630455177537841e-01,4.548464717739340024e-01,3.417780035762513213e-02,-1.305022495572551455e-01
2.200000000000006395e-01,3.591603489288704987e-01,-5.784707669368225821e-03,-2.187873310651050895e-01,3.591609231516769141e-01,-5.780426301875737916e-03,-2.187867661540794095e-01,4.549920433464498259e-01,3.542774947850835243e-02,-1.351213347126621334e-01
2.300000000000004263e-01,3.532043939678379263e-01,-6.149123713169217520e-03,-2.252999836631117969e-01,3.532050256230119811e-01,-6.144967310329395305e-03,-2.252993777929532260e-01,4.549858000410368364e-01,3.711760121142132496e-02,-1.408079703536831429e-01
2.400000000000002132e-01,3.472557038675211372e-01,-6.526194152264271423e-03,-2.314194957273225384e-01,3.472563549771096603e-01,-6.522125493629456899e-03,-2.314188957237926225e-01,4.545857722685413549e-01,3.940535031483259620e-02,-1.482183156728369700e-01
2.500000000000000000e-01,3.413305894433618093e-01,-6.915260793024558678e-03,-2.371635917698621532e-01,3.413314007221330826e-01,-6.911295166956056210e-03,-2.371628637578462873e-01,4.543060787703577796e-01,4.075577193050031882e-02,-1.527832243915583643e-01
2.599999999999997868e-01,3.354433217722871952e-01,-7.315639956974422098e-03,-2.425499390759543183e-01,3.354446343564045363e-01,-7.311821447381181178e-03,-2.425487850695720038e-01,4.538656136823913112e-01,4.254715821192340403e-02,-1.590385149782283514e-01
2.700000000000013500e-01,3.296063221178346936e-01,-7.726632046127723807e-03,-2.475959812884194200e-01,3.296080866264629594e-01,-7.722932141180433724e-03,-2.475944900443942942e-01,4.532040331559229474e-01,4.455101759810728423e-02,-1.648464691273185678e-01
2.800000000000011369e-01,3.238303392827764360e-01,-8.147529739396180276e-03,-2.523188123605306088e-01,3.238326091494217462e-01,-8.144025173270282719e-03,-2.523169604208943539e-01,4.523655625256166601e-01,4.599003900756084423e-02,-1.710820863647744550e-01
2.900000000000009237e-01,3.181246140044183823e-01,-8.577624828012471794e-03,-2.567350825749239451e-01,3.181274741357198454e-01,-8.574261701998082616e-03,-2.567328483636420744e-01,4.513874974567688714e-01,4.768322140083270516e-02,-1.768955609232451542e-01
3.000000000000007105e-01,3.124970304850848701e-01,-9.016213807335938038e-03,-2.608609300582822033e-01,3.125001461939770353e-01,-9.013052852160351527e-03,-2.608585838037688620e-01,4.498928104102948300e-01,5.011717928855333876e-02,-1.842903628760717283e-01
3.100000000000004974e-01,3.069542555462606570e-01,-9.462602622647892092e-03,-2.647119325291312220e-01,3.069578418593557623e-01,-9.459606381331774061e-03,-2.647093424014601570e-01,4.481897619247202647e-01,5.226444026753390704e-02,-1.914576246986032515e-01
3.200000000000002842e-01,3.015018658316921396e-01,-9.916110330202636616e-03,-2.683030752116799533e-01,3.015056381845940825e-01,-9.913302393299558424e-03,-2.683004501807670916e-01,4.469303084354768751e-01,5.310293227479943173e-02,-1.960217246214048248e-01
3.300000000000000711e-01,2.961444639196543216e-01,-1.037607228835680205e-02,-2.716487315000202241e-01,2.961499113001004324e-01,-1.037332290635959407e-02,-2.716451558862512661e-01,4.453801642954591244e-01,5.420854596407937570e-02,-2.013754877737952420e-01
3.399999999999998579e-01,2.908857838860003375e-01,-1.084184252633398245e-02,-2.747626538048797418e-01,2.908943421546163477e-01,-1.083902663353194379e-02,-2.747573700439615574e-01,4.434898821070404340e-01,5.577445997691198032e-02,-2.074075591276906549e-01
3.500000000000014211e-01,2.857287871715806227e-01,-1.131279568528932924e-02,-2.776579723788857867e-01,2.857404038000602164e-01,-1.130992430243733804e-02,-2.776511692626956740e-01,4.422575967721431578e-01,5.698165077794834638e-02,-2.110772290398715278e-01
3.600000000000012079e-01,2.806757494184033419e-01,-1.178832844606076367e-02,-2.803472004191824851e-01,2.806895614253394622e-01,-1.178548576213865953e-02,-2.803394861975029295e-01,4.406343548516985509e-01,5.863797684300411928e-02,-2.155314065056587181e-01
3.700000000000009948e-01,2.757283390203554840e-01,-1.226786060515321769e-02,-2.828422440270553784e-01,2.757424407781371434e-01,-1.226522323944671984e-02,-2.828346886144388894e-01,4.352070475999104682e-01,6.153709464662917433e-02,-2.290570270847248069e-01
3.800000000000007816e-01,2.708876880245408847e-01,-1.275083575369678757e-02,-2.851544159022885161e-01,2.709053488804812337e-01,-1.274814860859939045e-02,-2.851454071295315695e-01,4.327403790662900374e-01,6.231415538443194069e-02,-2.346843001398327133e-01
3.900000000000005684e-01,2.661544560718375751e-01,-1.323672172186330168e-02,-2.872944518292978588e-01,2.661767209318120497e-01,-1.323390204844290298e-02,-2.872836407594023256e-01,4.263087024707924444e-01,6.494759603584929208e-02,-2.474411168724000298e-01
4.000000000000003553e-01,2.615288879719653847e-01,-1.372501080870516289e-02,-2.892725292095109091e-01,2.615548807915676899e-01,-1.372212483473047445e-02,-2.892604864694213185e-01,4.233030143331575346e-01,6.613145563245641234e-02,-2.529709547864137376e-01
4.100000000000001421e-01,2.570108654524010938e-01,-1.421521977489928479e-02,-2.910982870393416522e-01,2.570386604311874490e-01,-1.421240735309907757e-02,-2.910859703574599222e-01,4.194681353527032197e-01,6.758801035210157404e-02,-2.597970517353186404e-01
4.199999999999999289e-01,2.525999535707131871e-01,-1.470688954983995558e-02,-2.927808468487148041e-01,2.526263748884463034e-01,-1.470437845546873103e-02,-2.927696073906473906e-01,4.129029316700290053e-01,6.981231576357441182e-02,-2.706682461730116063e-01
4.300000000000014921e-01,2.482954424590690656e-01,-1.519958511505930740e-02,-2.943288341500409078e-01,2.483257342316086413e-01,-1.519699704632214432e-02,-2.943165388577206887e-01,4.085331710213644385e-01,7.109123100054350053e-02,-2.774361659906902644e-01
4.400000000000012790e-01,2.440963845552256706e-01,-1.569289489360010947e-02,-2.957504001642832780e-01,2.441302629102361788e-01,-1.569022089496651881e-02,-2.957372764341406612e-01,4.046173942498265674e-01,7.201343352150262056e-02,-2.831726843169511953e-01
4.500000000000010658e-01,2.400016280096387566e-01,-1.618643032552182989e-02,-2.970532434891020035e-01,2.400378496084162316e-01,-1.618371075763310601e-02,-2.970398433608723021e-01,4.002205618779172136e-01,7.338131842144388073e-02,-2.894061385369803840e-01
4.600000000000008527e-01,2.360098464787889483e-01,-1.667982525255589168e-02,-2.982446315561454453e-01,2.360462224144549703e-01,-1.667714662534571651e-02,-2.982317656121769578e-01,3.965506449987206139e-01,7.422199825097432202e-02,-2.945067702186512926e-01
4.700000000000006395e-01,2.321195657134994539e-01,-1.717273527879801046e-02,-2.993314217024151125e-01,2.321530009304890452e-01,-1.717022717650856789e-02,-2.993200910334834486e-01,3.924665473821882244e-01,7.484193342070305510e-02,-2.999110587376621617e-01
4.800000000000004263e-01,2.283291872018201052e-01,-1.766483699273147662e-02,-3.003200817469626749e-01,2.283607332892366448e-01,-1.766236634185528939e-02,-3.003098569647863481e-01,3.888387400132827798e-01,7.517529902685803067e-02,-3.047279860913534866e-01
4.900000000000002132e-01,2.246319008316450538e-01,-1.817461455311021601e-02,-3.011994361603799741e-01,2.246624667640356177e-01,-1.817209740633674020e-02,-3.011900246410528226e-01,3.854978860611045777e-01,7.536412434421459194e-02,-3.092114478446571502e-01
5.000000000000000000e-01,2.210129422840536040e-01,-1.888324457970162740e-02,-3.018330829989904207e-01,2.210429453359503138e-01,-1.888058189463526909e-02,-3.018246835415461793e-01,3.824909223906456379e-01,7.578027628168326757e-02,-3.128313349511434582e-01
5.099999999999997868e-01,2.185684518938070531e-01,-1.952083170048510979e-02,-3.029211059037112408e-01,2.185979848666055880e-01,-1.951808438044936450e-02,-3.029133844464937386e-01,3.794161635236308339e-01,7.563143897525673176e-02,-3.167158376086109950e-01
5.200000000000013500e-01,2.181176785373008242e-01,-1.970649828939373405e-02,-3.045814973347306109e-01,2.181469063864392433e-01,-1.970370400098493679e-02,-3.045740746546348743e-01,3.772469523220458587e-01,7.548610750141643289e-02,-3.192386732335606991e-01
5.300000000000011369e-01,2.196040632160292938e-01,-1.960873770134812996e-02,-3.063133957623427328e-01,2.196330515627537561e-01,-1.960594335258921891e-02,-3.063059825109101242e-01,3.748671638814261575e-01,7.531755115213731311e-02,-3.222841777180265876e-01
5.400000000000009237e-01,2.230309687866919299e-01,-1.927760656549722812e-02,-3.079215499935822331e-01,2.230598780771927137e-01,-1.927486965693067655e-02,-3.079138817441624543e-01,3.732704148226904106e-01,7.514641782071720955e-02,-3.246178039748709998e-01
5.500000000000007105e-01,2.283180704164127217e-01,-1.874496260968927866e-02,-3.092439424553197203e-01,2.283469677487311722e-01,-1.874230935165498158e-02,-3.092358005779771157e-01,3.722489128510869660e-01,7.498873477167475321e-02,-3.262707688840759679e-01
5.600000000000004974e-01,2.353274492481208513e-01,-1.804025482959553672e-02,-3.101240551671529677e-01,2.353562072260279581e-01,-1.803765023253154492e-02,-3.101153004202175656e-01,3.715222712218911871e-01,7.434274242231134200e-02,-3.292107208878035651e-01
5.700000000000002842e-01,2.439002511442907029e-01,-1.719285448981841893e-02,-3.104081404166054714e-01,2.439293086374530739e-01,-1.719028104571617560e-02,-3.103984214389398644e-01,3.716347826393519016e-01,7.398516623364910505e-02,-3.300664376577762127e-01
5.800000000000000711e-01,2.538907879165435144e-01,-1.623356333093961545e-02,-3.099400554219645665e-01,2.539193737106556492e-01,-1.623101305254866233e-02,-3.099294645133580106e-01,3.731570936716031017e-01,7.298107302242917704e-02,-3.318793684710842906e-01
5.899999999999998579e-01,2.651870942954038246e-01,-1.519616530315809691e-02,-3.085508586137824527e-01,2.652159365651655665e-01,-1.519360403011924335e-02,-3.085390180378584923e-01,3.755028541550683441e-01,7.255512398319075018e-02,-3.318241353004662275e-01
6.000000000000014211e-01,2.776977427692418621e-01,-1.411811714350361645e-02,-3.060532099607612411e-01,2.777247902835427995e-01,-1.411549812302348612e-02,-3.060407670020892645e-01,3.786108158542463853e-01,7.210854680572342801e-02,-3.309431780908051457e-01
6.100000000000012079e-01,2.912995631751347791e-01,-1.303809922483681327e-02,-3.022585792848007102e-01,2.913245780194625989e-01,-1.303548566591210267e-02,-3.022456889831962590e-01,3.830762280124458963e-01,7.066972476643160195e-02,-3.293977273799910677e-01
6.200000000000009948e-01,3.057818682983546310e-01,-1.198973503929654655e-02,-2.970202575665445988e-01,3.058043456496390977e-01,-1.198706488071878823e-02,-2.970073080280530853e-01,3.881487425408498559e-01,6.942488610953448380e-02,-3.267158511984421532e-01
6.300000000000007816e-01,3.208382556358937432e-01,-1.099532921397055468e-02,-2.902751357640024343e-01,3.208592517343045736e-01,-1.099265351769114669e-02,-2.902615549999953415e-01,3.934451389313303737e-01,6.822803099265381532e-02,-3.235289946787825999e-01
6.400000000000005684e-01,3.361119706260583540e-01,-1.006439255455887638e-02,-2.820546093360610795e-01,3.361326913734763444e-01,-1.006170159249812276e-02,-2.820395228167132951e-01,4.010327931213706343e-01,6.622779876582020331e-02,-3.181896613499308191e-01
6.500000000000003553e-01,3.512552115727769486e-01,-9.196903540945843003e-03,-2.724651300446771507e-01,3.512772196337262676e-01,-9.194307208898794617e-03,-2.724469045086971852e-01,4.070948452319435029e-01,6.451909995610678739e-02,-3.136458989514722129e-01
6.600000000000001421e-01,3.659691586576881428e-01,-8.387842057970103932e-03,-2.616585146929140682e-01,3.659924343055098173e-01,-8.385397311501551279e-03,-2.616366375646493880e-01,4.116777396076506390e-01,6.302204595200065762e-02,-3.095656703182574354e-01
6.699999999999999289e-01,3.800192160694197963e-01,-7.630561544576366755e-03,-2.498068398691273562e-01,3.800432533461152174e-01,-7.628325113613240380e-03,-2.497813149405570810e-01,4.169977524579485673e-01,6.148487182743958557e-02,-3.043474890895616625e-01
6.800000000000014921e-01,3.932339789842955735e-01,-6.918595191393085014e-03,-2.370858159958045552e-01,3.932574057623301478e-01,-6.916574190772526234e-03,-2.370577860238749224e-01,4.226259565389517414e-01,5.978125822330084688e-02,-2.982962123058098269e-01
6.900000000000012790e-01,4.054968725371664307e-01,-6.246371948853158933e-03,-2.236651780636531861e-01,4.055192524375070273e-01,-6.244567981916087848e-03,-2.236350224835393918e-01,4.251067458989228331e-01,5.901334485812479574e-02,-2.953498899714427361e-01
7.000000000000010658e-01,4.167359014215426538e-01,-5.609356596287912514e-03,-2.097036889295890993e-01,4.167565920722520190e-01,-5.607746609782447017e-03,-2.096722444898414250e-01,4.276499580921119259e-01,5.845720686033362146e-02,-2.922608157324850797e-01
7.100000000000008527e-01,4.269140242669399177e-01,-5.003942258347350396e-03,-1.953468841732450278e-01,4.269340464615001829e-01,-5.002582710513381846e-03,-1.953126162319477055e-01,4.428205758219010413e-01,5.261584891382115048e-02,-2.707595003588189608e-01
7.200000000000006395e-01,4.360210176293827233e-01,-4.427265878692564563e-03,-1.807263582973177851e-01,4.360398146316074586e-01,-4.426235739916386559e-03,-1.806899776817232628e-01,4.483442974784147550e-01,4.978640132973476129e-02,-2.614058311264766399e-01
7.300000000000004263e-01,4.440669305118120636e-01,-3.877023298410629815e-03,-1.659598804964111107e-01,4.440836626141052013e-01,-3.876571234455704514e-03,-1.659229177075597361e-01,4.571599938754559167e-01,4.593178558037553511e-02,-2.427266636141947043e-01
7.400000000000002132e-01,4.510769382589605581e-01,-3.351312804253302365e-03,-1.511519360975502879e-01,4.510913399493557963e-01,-3.351653870323065363e-03,-1.511152373104394098e-01,4.634204045186444132e-01,4.268661710246057089e-02,-2.271577738394238155e-01
7.500000000000000000e-01,4.570873325691166000e-01,-2.848513808573263466e-03,-1.363944698642400588e-01,4.570993774940905752e-01,-2.849677083227152713e-03,-1.363585828115954357e-01,4.687090790856293099e-01,3.966580448515367313e-02,-2.120054990939062578e-01
7.599999999999997868e-01,4.621423989683065559e-01,-2.367198294492011551e-03,-1.217677124135586597e-01,4.621520935526458596e-01,-2.369048836748420886e-03,-1.217331893546484967e-01,4.727640062973620383e-01,3.727779357597670734e-02,-1.984227560015980329e-01
7.700000000000013500e-01,4.662919767430652174e-01,-1.906069020428233793e-03,-1.073410276826402276e-01,4.662996570993839240e-01,-1.908337698160195205e-03,-1.073075528895888614e-01,4.756259776180912224e-01,3.499763178141725162e-02,-1.869457313552179700e-01
7.800000000000011369e-01,4.695895417586439802e-01,-1.463918838050014184e-03,-9.317375194263335936e-02,4.695954374776144524e-01,-1.466368339698834612e-03,-9.314115173290175853e-02,4.785325629935859304e-01,3.252497408038751425e-02,-1.743595371436608144e-01
7.900000000000009237e-01,4.720906923243753384e-01,-1.039605274408125215e-03,-7.931600997717468127e-02,4.720950411558176851e-01,-1.042037191255890463e-03,-7.928399448227820001e-02,4.809898181015367369e-01,3.036225544789677988e-02,-1.612648603864342001e-01
8.000000000000007105e-01,4.738519490518329769e-01,-6.320361710833001870e-04,-6.580950269533690500e-02,4.738547405601298834e-01,-6.343917128530430789e-04,-6.577857729508709839e-02,4.827370472181711225e-01,2.843851853706445831e-02,-1.496407276251400520e-01
8.100000000000004974e-01,4.749298029191434956e-01,-2.401626782909225698e-04,-5.268826360286760213e-02,4.749311727641709613e-01,-2.424418191728738804e-04,-5.265844163301706266e-02,4.844766713815582548e-01,2.625218122730918480e-02,-1.357639715730782903e-01
8.200000000000002842e-01,4.753799625787289984e-01,1.370228910541826861e-04,-3.997938296093901667e-02,4.753800672780589265e-01,1.348269789691649016e-04,-3.995056404168111086e-02,4.860342024321742116e-01,2.405379380834106462e-02,-1.187638096743695304e-01
8.300000000000000711e-01,4.752567640033534269e-01,5.004862728821865385e-04,-2.770369868874219751e-02,4.752556923190180971e-01,4.983059270131609975e-04,-2.767596346265526960e-02,4.869254951011360300e-01,2.161934798020342940e-02,-9.858529921296579901e-02
8.399999999999998579e-01,4.746127140941511779e-01,8.511491655519444867e-04,-1.587645299333688420e-02,4.746105831372632866e-01,8.489846035256094813e-04,-1.584971008797612935e-02,4.868137182836970167e-01,1.913148881937709600e-02,-8.178165961057351496e-02
8.500000000000014211e-01,4.734981459042052476e-01,1.189886453468149341e-03,-4.507913649505691095e-03,4.734951801300020247e-01,1.187894619536063179e-03,-4.481904151313557266e-03,4.862948967537668032e-01,1.684153539310453973e-02,-7.004619126058148071e-02
8.600000000000012079e-01,4.719609674340088379e-01,1.517523428154352039e-03,6.396041196798677927e-03,4.719572359949038010e-01,1.515698194644068009e-03,6.421255690205439522e-03,4.852500072507895945e-01,1.402612856526518070e-02,-5.513088948698929848e-02
8.700000000000009948e-01,4.700464890555232644e-01,1.834833697311752084e-03,1.683337567946665767e-02,4.700420012115913426e-01,1.833094405734006678e-03,1.685757425532662113e-02,4.837901062856438950e-01,1.206673215305770208e-02,-4.128872880128342526e-02
8.800000000000007816e-01,4.677973169259645458e-01,2.142537608784184002e-03,2.680538701770631207e-02,4.677922906064979069e-01,2.140991877125651265e-03,2.682862063110247330e-02,4.817723632656268906e-01,1.025147712266460953e-02,-2.742176412278318764e-02
8.900000000000005684e-01,4.652533015186937071e-01,2.441301497200403132e-03,3.631623484871632918e-02,4.652477357999313945e-01,2.439866121779693271e-03,3.633837464726231981e-02,4.784408844480834144e-01,7.706068411103828009e-03,-9.568978658333338050e-03
9.000000000000003553e-01,4.624515318091458327e-01,2.731737691714843964e-03,4.537250904763985571e-02,4.624454806775076809e-01,2.730348266383055868e-03,4.539341062398043192e-02,4.739912701117650062e-01,4.912445108328583609e-03,9.066817133628002345e-03
9.100000000000001421e-01,4.594263668269951140e-01,3.014405274579478461e-03,5.398283558054645104e-02,4.594200189165119075e-01,3.013070727686094179e-03,5.400241810535059972e-02,4.685935957528256646e-01,2.620751542020849367e-03,2.671826161773427355e-02
9.199999999999999289e-01,4.562094972985623054e-01,3.289811506833772992e-03,6.215751953184597139e-02,4.562027785893844056e-01,3.288458459350882598e-03,6.217597092627939748e-02,4.629316918555220761e-01,5.429746760093889790e-04,4.233724814013745119e-02
9.300000000000014921e-01,4.528300310029276798e-01,3.558413739829839172e-03,6.990822408446602243e-02,4.528231145452884521e-01,3.557013742166467100e-03,6.992533795330214963e-02,4.575213220245323287e-01,-1.406331958236181623e-03,5.617551979702412046e-02
9.400000000000012790e-01,4.493145962773042457e-01,3.820621872857986150e-03,7.724768390781300287e-02,4.493075831348382621e-01,3.819161264896780029e-03,7.726347220321963527e-02,4.512004548657070346e-01,-3.573370873244885448e-03,6.961166593766637822e-02
9.500000000000010658e-01,4.456874588519661451e-01,4.076801031625096328e-03,8.418945116351841951e-02,4.456801683044258611e-01,4.075280308036096331e-03,8.420442493230606562e-02,4.476015255034987428e-01,-4.451156015653268128e-03,7.680466580876627036e-02
9.600000000000008527e-01,4.419706478755052736e-01,4.327274723897105331e-03,9.074767212138298844e-02,4.419634540287527558e-01,4.325680417479641285e-03,9.076122168559980219e-02,4.441676616391355692e-01,-5.287400874300976494e-03,8.357824672030400581e-02
9.700000000000006395e-01,4.381840876161990916e-01,4.572327820072212556e-03,9.693689228414578696e-02,4.381769212148162174e-01,4.570701971913500999e-03,9.694933425777876868e-02,4.390560819268964909e-01,-6.637904877823022631e-03,9.244706442076633390e-02
9.800000000000004263e-01,4.343457318925223465e-01,4.812209961382507908e-03,1.027718877847937778e-01,4.343383262898138919e-01,4.810634453534161879e-03,1.027838563759173596e-01,4.310738824831369387e-01,-8.586120255055521011e-03,1.052775852617358621e-01
9.900000000000002132e-01,4.304716987992123767e-01,5.047138724251712914e-03,1.082675208554473995e-01,4.304640557494243680e-01,5.045662767343442497e-03,1.082790970444545003e-01,4.239858486709474628e-01,-9.708220527440150627e-03,1.156313554136818578e-01
1.000000000000000000e+00,4.265006564302157299e-01,5.258573117759622259e-03,1.134549556684377736e-01,4.264926351125050696e-01,5.256908931729436033e-03,1.134666298561324282e-01,4.131683806187199659e-01,-1.128068782139593496e-02,1.300615160597408670e-01
1.009999999999999787e+00,4.230686130787726373e-01,5.374764728600442756e-03,1.181740729240920440e-01,4.230610947364960017e-01,5.373281145430585694e-03,1.181845792958070018e-01,4.067082319303743088e-01,-1.224324087355746493e-02,1.388565519072454957e-01
1.020000000000001350e+00,4.214457306590774777e-01,5.467612399499547325e-03,1.213505746960465981e-01,4.214381010656723658e-01,5.466272147730352575e-03,1.213608702841494080e-01,4.025634323236224610e-01,-1.302621251618293896e-02,1.432597487079370069e-01
1.030000000000001137e+00,4.214021468844429408e-01,5.551376209508952948e-03,1.226272994111776704e-01,4.213943006398507274e-01,5.550253926268762864e-03,1.226374445780284844e-01,3.976940713304522035e-01,-1.326073262766547245e-02,1.490767575751011376e-01
1.040000000000000924e+00,4.228214071343734948e-01,5.621043866856960391e-03,1.219691239610900535e-01,4.228133280517342718e-01,5.620108020128128726e-03,1.219797243661627784e-01,3.943796074448954192e-01,-1.397783661336936267e-02,1.527829251190284121e-01
1.050000000000000711e+00,4.255384279446480789e-01,5.675202050972986967e-03,1.194220853663143928e-01,4.255303902251463266e-01,5.674370463100691236e-03,1.194329634790241151e-01,3.926401485702613048e-01,-1.531543906814390732e-02,1.542394881227881487e-01
1.060000000000000497e+00,4.293383363120298335e-01,5.710832431007563728e-03,1.150703575218933045e-01,4.293309800172496193e-01,5.709689761088461782e-03,1.150814512658147881e-01,3.925126754569773224e-01,-1.575363475551369574e-02,1.542008288590171472e-01
1.070000000000000284e+00,4.339840689232351556e-01,5.715955503158737759e-03,1.090157851301071096e-01,4.339772684867188035e-01,5.714684948109588492e-03,1.090261167917724733e-01,3.935532813266221508e-01,-1.582851087689920999e-02,1.526502648431917741e-01
1.080000000000000071e+00,4.392407789991145117e-01,5.659605856757483379e-03,1.013626816611868098e-01,4.392346101817359294e-01,5.658146832784549836e-03,1.013724873409812544e-01,3.957475383827028237e-01,-1.599111852245280185e-02,1.506103633439145328e-01
1.089999999999999858e+00,4.448883422403454024e-01,5.484928780542431062e-03,9.220637451722391020e-02,4.448826916953854127e-01,5.483432917318415561e-03,9.221571928778002358e-02,3.991910818846651221e-01,-1.717395007378427763e-02,1.473647654965032361e-01
1.100000000000001421e+00,4.507149559683641948e-01,5.117713755933328383e-03,8.163329309541914047e-02,4.507093520331962311e-01,5.116913517651465806e-03,8.164282654828279584e-02,4.031304251984809683e-01,-1.763239296523287647e-02,1.438067897077576207e-01
1.110000000000001208e+00,4.564992926457641098e-01,4.496814896336981220e-03,6.973988916323614617e-02,4.564935970545140331e-01,4.497419483570199404e-03,6.975021712785148265e-02,4.075244598219978087e-01,-1.746939121921331495e-02,1.398130657277088518e-01
1.120000000000000995e+00,4.620065901175937628e-01,3.609317195019034249e-03,5.665989823198879644e-02,4.620012685969505650e-01,3.611015660869198313e-03,5.667101173613563192e-02,4.115767962031113836e-01,-1.643349155427371866e-02,1.355594295941111582e-01
1.130000000000000782e+00,4.670132458052291824e-01,2.499361278267157437e-03,4.257442899425943617e-02,4.670087290133171365e-01,2.501185352052268367e-03,4.258581089640296052e-02,4.164975537650664750e-01,-1.553118098628340771e-02,1.297252736781999150e-01
1.140000000000000568e+00,4.713396417512745185e-01,1.244744146488273003e-03,2.769548888068394665e-02,4.713359544456783845e-01,1.246481859087823036e-03,2.770688244605536144e-02,4.231057170690324387e-01,-1.438115907526696380e-02,1.205471289476243713e-01
1.150000000000000355e+00,4.748647622376733768e-01,-7.378564832225204331e-05,1.223966302892815806e-02,4.748619959824748049e-01,-7.252654347113964939e-05,1.225044272150954162e-02,4.280614223837643229e-01,-1.353177123841053930e-02,1.119701224717782884e-01
1.160000000000000142e+00,4.775210673277575646e-01,-1.390400753429002316e-03,-3.590782976204660339e-03,4.775190449266311088e-01,-1.389706933322673154e-03,-3.580607970329600931e-03,4.336463906033843907e-01,-1.275220713509561676e-02,1.010616191777380379e-01
1.169999999999999929e+00,4.792819220612690168e-01,-2.658640905711749398e-03,-1.961615821905598328e-02,4.792805331906332955e-01,-2.658607485391242722e-03,-1.960666608887992601e-02,4.410916220577029145e-01,-1.132313360369824329e-02,8.596654490875726973e-02
1.180000000000001492e+00,4.801499085413858392e-01,-3.849257775366460299e-03,-3.568097337628860916e-02,4.801490523772719010e-01,-3.849940838696377151e-03,-3.567228525515767773e-02,4.489977305404314611e-01,-1.012308952126569905e-02,6.979160681510404585e-02
1.190000000000001279e+00,4.801481298183000179e-01,-4.946307174979986711e-03,-5.165273664369805090e-02,4.801477168473124446e-01,-4.947549668327062833e-03,-5.164468130966803905e-02,4.552157905593248177e-01,-9.085213404050329622e-03,5.723128645033415118e-02
1.200000000000001066e+00,4.793140463428932074e-01,-5.943452007666567144e-03,-6.741987084191378155e-02,4.793140372918964776e-01,-5.945048852456807920e-03,-6.741219259527796159e-02,4.611988249011250707e-01,-8.334465410991823142e-03,4.334130311314648987e-02
1.210000000000000853e+00,4.776950295220957488e-01,-6.840983484251050850e-03,-8.288951358267701575e-02,4.776950094653071854e-01,-6.843725253022723588e-03,-8.288439620366573612e-02,4.661980817975625024e-01,-7.709822773690200304e-03,2.823844041274525818e-02
1.220000000000000639e+00,4.753450440118443532e-01,-7.643562960628796574e-03,-9.798544156298941155e-02,4.753448726157586401e-01,-7.647159234412240214e-03,-9.798247440452002854e-02,4.698135512731898000e-01,-6.796895456714330264e-03,1.427760426627489032e-02
1.230000000000000426e+00,4.723221030908563156e-01,-8.358560030234250121e-03,-1.126461719227073444e-01,4.723219296695133629e-01,-8.362562572915312881e-03,-1.126440315842565237e-01,4.729250163552451980e-01,-5.672114055890561946e-03,-1.613713530046745337e-03
1.240000000000000213e+00,4.686862864897839986e-01,-8.994853861569300849e-03,-1.268232359634444140e-01,4.686862903811341297e-01,-8.999085971119325997e-03,-1.268210610537974237e-01,4.752144899921313392e-01,-4.794170777772083225e-03,-1.633300692523692588e-02
1.250000000000000000e+00,4.644981898837819423e-01,-9.561984679445183211e-03,-1.404796076006363248e-01,4.644983147591396633e-01,-9.566457084095411623e-03,-1.404775844909412763e-01,4.768736308538275015e-01,-3.993265383436250815e-03,-2.886880028766702910e-02
1.259999999999999787e+00,4.598177183029563686e-01,-1.006956706983055429e-02,-1.535882700325964800e-01,4.598181349686273900e-01,-1.007423811553405726e-02,-1.535858770815656804e-01,4.778995428629694286e-01,-3.726366619562382354e-03,-3.901604739372932507e-02
1.270000000000001350e+00,4.547031599272494118e-01,-1.052689662902858182e-02,-1.661309076615491431e-01,4.547039131204647089e-01,-1.053186054268506582e-02,-1.661280678296816193e-01,4.799610627464221402e-01,-3.306876682055370775e-03,-6.796891196016113801e-02
1.280000000000001137e+00,4.492104911650026122e-01,-1.094269825707474240e-02,-1.780967137377207077e-01,4.492115350123455086e-01,-1.094797786174537407e-02,-1.780935867467406120e-01,4.802447787687532665e-01,-3.272839484665432397e-03,-7.792642767918747659e-02
1.290000000000000924e+00,4.433928731877797569e-01,-1.132497731581886408e-02,-1.894813067434157339e-01,4.433940561674406533e-01,-1.133045544769415054e-02,-1.894782554491813709e-01,4.790086501432410104e-01,-3.071222940079318398e-03,-1.168290204052122305e-01
1.300000000000000711e+00,4.373003066296301533e-01,-1.168094436225813708e-02,-2.002857498763710442e-01,4.373016036717732868e-01,-1.168655469318132661e-02,-2.002828044536348329e-01,4.763476989478391266e-01,-2.232833050356819449e-03,-1.402104061149509473e-01
1.310000000000000497e+00,4.309794163497491226e-01,-1.201699147574741659e-02,-2.105156681091330806e-01,4.309809221699728021e-01,-1.202282630635222865e-02,-2.105126220395549252e-01,4.727383284958397436e-01,-1.500623477617188395e-03,-1.601835482039827840e-01
1.320000000000000284e+00,4.244733417736729075e-01,-1.233870425233330251e-02,-2.201804583569045570e-01,4.244750677148432239e-01,-1.234485476662273290e-02,-2.201772884661408747e-01,4.676375122983310595e-01,-6.028643486113149930e-04,-1.804996791177137794e-01
1.330000000000000071e+00,4.178217120919418548e-01,-1.265089727533437805e-02,-2.292925872411416266e-01,4.178235675390002957e-01,-1.265727516614760344e-02,-2.292894568964479463e-01,4.631079158103487137e-01,-7.312745459012170990e-05,-1.950750231316682459e-01
1.339999999999999858e+00,4.110606883771200648e-01,-1.295766436528233631e-02,-2.378669711525893682e-01,4.110627129191755103e-01,-1.296433909110167315e-02,-2.378638034843146842e-01,4.579726649144904016e-01,4.387989114111173761e-04,-2.103980839611366283e-01
1.350000000000001421e+00,4.042230572195134597e-01,-1.326243724002430444e-02,-2.459204330988999654e-01,4.042251848775310075e-01,-1.326923497903489263e-02,-2.459173409607357252e-01,4.515864864382589383e-01,1.214003896554516349e-03,-2.278522934700410452e-01
1.360000000000001208e+00,3.973383631063204802e-01,-1.356804800662472950e-02,-2.534712302513149051e-01,3.973404115452177088e-01,-1.357443468391689514e-02,-2.534685191980339813e-01,4.435536848496280937e-01,2.136592415919139065e-03,-2.477385428250611643e-01
1.370000000000000995e+00,3.904330683973635252e-01,-1.387679229959288239e-02,-2.605386465931174289e-01,3.904352476648230152e-01,-1.388316286992716253e-02,-2.605359601885721132e-01,4.366194471857415271e-01,3.204663534733726005e-03,-2.630263473231443938e-01
1.380000000000000782e+00,3.835307320607745929e-01,-1.419049085805309043e-02,-2.671426444882464279e-01,3.835329363201298025e-01,-1.419626995953056532e-02,-2.671402000595278770e-01,4.270419630538894173e-01,4.639517632187076246e-03,-2.810743950865244312e-01
1.390000000000000568e+00,3.766521997401295896e-01,-1.451054812360448414e-02,-2.733035694224836276e-01,3.766546580107549280e-01,-1.451642015893814947e-02,-2.733009809584909799e-01,4.140363465967799028e-01,5.502983215387780014e-03,-3.022439794999788321e-01
1.400000000000000355e+00,3.698157989787914657e-01,-1.483800692787644489e-02,-2.790419024505996215e-01,3.698185128714339132e-01,-1.484343308278046961e-02,-2.790392842170415499e-01,4.039355217010157650e-01,6.516038831419754263e-03,-3.162926071281113027e-01
1.410000000000000142e+00,3.630375351445432330e-01,-1.517359882879306364e-02,-2.843780547485147414e-01,3.630405391909679591e-01,-1.517916003615685586e-02,-2.843752709951078428e-01,3.932163283098267792e-01,7.203525414490832834e-03,-3.302726995684100997e-01
1.419999999999999929e+00,3.563312840479180288e-01,-1.551778982154472172e-02,-2.893321994857281365e-01,3.563346818335426103e-01,-1.552319036754049378e-02,-2.893292342403807615e-01,3.851323869649204701e-01,7.503589553066028484e-03,-3.398172088901172949e-01
1.430000000000001492e+00,3.497089789248563063e-01,-1.587082155377198683e-02,-2.939241360323253671e-01,3.497126533549905769e-01,-1.587633648125732003e-02,-2.939210542356793243e-01,3.780421228124070110e-01,7.871050595984419029e-03,-3.476384736315802915e-01
1.440000000000001279e+00,3.431807891182153125e-01,-1.623274798671919469e-02,-2.981731826027549381e-01,3.431848072671703775e-01,-1.623832394081997643e-02,-2.981699574839056233e-01,3.685237382567682074e-01,8.177622660332978244e-03,-3.575306953931954301e-01
1.450000000000001066e+00,3.367552896030399645e-01,-1.660346789496037340e-02,-3.020980930639679540e-01,3.367595525719380145e-01,-1.660916055018943002e-02,-3.020948050891018588e-01,3.590153001566818158e-01,8.452273442408994586e-03,-3.665688874182024271e-01
1.460000000000000853e+00,3.304396202587456255e-01,-1.698275344419782062e-02,-3.057169945249013088e-01,3.304439297465307512e-01,-1.698872929983086949e-02,-3.057137585321427764e-01,3.504115178175118972e-01,8.871635477312622697e-03,-3.736396765206394521e-01
1.470000000000000639e+00,3.242396342728628422e-01,-1.737027509521075347e-02,-3.090473425981880573e-01,3.242438732819296066e-01,-1.737651021978423721e-02,-3.090442339190176968e-01,3.381379393137903255e-01,9.348924426452895342e-03,-3.822678829155723434e-01
1.480000000000000426e+00,3.181600356527004014e-01,-1.776562321319235041e-02,-3.121058914587979682e-01,3.181641228217332307e-01,-1.777205632864442900e-02,-3.121029465067177155e-01,3.302366350999836886e-01,9.422720553528912690e-03,-3.871418568849304132e-01
1.490000000000000213e+00,3.122031045172225516e-01,-1.817231698050884164e-02,-3.149064087437564718e-01,3.122070398248373291e-01,-1.817907347851529035e-02,-3.149034943512643014e-01,3.233943036599626897e-01,9.459889108964641968e-03,-3.907679421543259202e-01
1.500000000000000000e+00,3.063167988393564745e-01,-1.874189563506851661e-02,-3.173752765269095555e-01,3.063209290327911227e-01,-1.874934180051581259e-02,-3.173721642008793808e-01,3.164558245976507589e-01,9.293713944054912690e-03,-3.939365415550337701e-01
1.509999999999999787e+00,3.013585643057940522e-01,-1.938014589057085110e-02,-3.195526245511594032e-01,3.013643444700045415e-01,-1.938749632967281741e-02,-3.195495340664451511e-01,3.099017810557775920e-01,9.157009983215225191e-03,-3.964185501501332753e-01
1.520000000000001350e+00,2.985159432241538680e-01,-1.947624271998682141e-02,-3.214440280864876986e-01,2.985233129772616456e-01,-1.948349506627259850e-02,-3.214406914920679426e-01,3.046987184483140876e-01,8.623685470146122412e-03,-3.979700345298486375e-01
1.530000000000001137e+00,2.976961651867738867e-01,-1.926522989468518535e-02,-3.226862167122079295e-01,2.977047523159120357e-01,-1.927247197163461934e-02,-3.226826082847127908e-01,3.003178516758764349e-01,7.815198560172140207e-03,-3.989939362317678762e-01
1.540000000000000924e+00,2.989188694361784582e-01,-1.881002869326531962e-02,-3.231517525364023813e-01,2.989286053647440267e-01,-1.881723446807776964e-02,-3.231477083997815747e-01,2.975083488848411228e-01,7.295542998491666431e-03,-3.994397547141206317e-01
1.550000000000000711e+00,3.021125635543481236e-01,-1.814840100679230780e-02,-3.227601727510032159e-01,3.021228552296169045e-01,-1.815550575348716736e-02,-3.227559872242826700e-01,2.967677397894475932e-01,6.779062333202343082e-03,-3.990519992848226560e-01
1.560000000000000497e+00,3.071267795420912772e-01,-1.731587047024508302e-02,-3.214420783682131466e-01,3.071388516526324386e-01,-1.732288102866213347e-02,-3.214367891998214377e-01,2.973993821818451400e-01,5.974637019918599412e-03,-3.980076048480805095e-01
1.570000000000000284e+00,3.137704462153718676e-01,-1.634808232509632475e-02,-3.191267471327826066e-01,3.137853241739600452e-01,-1.635497471249105356e-02,-3.191194051347615024e-01,2.996369628248890526e-01,4.830154733041380766e-03,-3.964542815106232299e-01
1.580000000000000071e+00,3.218490480070482218e-01,-1.528227926859324244e-02,-3.157299333954219911e-01,3.218670692931779875e-01,-1.528902384924009025e-02,-3.157199303127697920e-01,3.028675685806940798e-01,4.032309420591448368e-03,-3.941748109103533904e-01
1.589999999999999858e+00,3.311905166793926436e-01,-1.415870419557249682e-02,-3.111412425543545468e-01,3.312088618914705851e-01,-1.416522826024645652e-02,-3.111301441411245539e-01,3.070213568964922368e-01,3.304209555754930583e-03,-3.914795790880264414e-01
1.600000000000001421e+00,3.416428985133377338e-01,-1.302053653350731394e-02,-3.052239099709314063e-01,3.416590392370346119e-01,-1.302675332792201796e-02,-3.052134768324250014e-01,3.146988439516911207e-01,2.192461392460834380e-03,-3.868989364865970670e-01
1.610000000000001208e+00,3.530370326746114507e-01,-1.191006374780401861e-02,-2.978435954034340805e-01,3.530498166292219686e-01,-1.191589610158617571e-02,-2.978349008125716901e-01,3.249711930621307365e-01,1.037387179419632655e-03,-3.807954258940671743e-01
1.620000000000000995e+00,3.651404757698144543e-01,-1.086130243551059957e-02,-2.889207859527719857e-01,3.651513295687596194e-01,-1.086688028066451310e-02,-2.889126400383298932e-01,3.359234730464765173e-01,-1.299141280710625068e-04,-3.743653008702177987e-01
1.630000000000000782e+00,3.776465688874537374e-01,-9.893902151759559338e-03,-2.784715249102087120e-01,3.776567563644684378e-01,-9.899226847239140509e-03,-2.784628121906990161e-01,3.494026044838741685e-01,-1.852122175757156541e-03,-3.674309221294876360e-01
1.640000000000000568e+00,3.902099438675525889e-01,-9.012883768517675892e-03,-2.666087159336001378e-01,3.902204320176657637e-01,-9.017984856917715328e-03,-2.665982165444277796e-01,3.630231926973038759e-01,-2.977342004729127689e-03,-3.578420873432091032e-01
1.650000000000000355e+00,4.024982956714286964e-01,-8.213169719508358474e-03,-2.535130208922487527e-01,4.025104019231778851e-01,-8.218018693617590992e-03,-2.534984917595701215e-01,3.722389864503071744e-01,-4.116296182876302834e-03,-3.513336536322733128e-01
1.660000000000000142e+00,4.142299058600061312e-01,-7.484893446451639822e-03,-2.393981589736695614e-01,4.142443340864276902e-01,-7.489557435000989208e-03,-2.393781923891911689e-01,3.849492335555284583e-01,-4.654339272497726165e-03,-3.411646336318430173e-01
1.669999999999999929e+00,4.251890840440039065e-01,-6.817107141164301803e-03,-2.244847107278208631e-01,4.252048638973767170e-01,-6.821645384615672089e-03,-2.244600154147204929e-01,3.992153699812817091e-01,-5.203420609513467743e-03,-3.283586785976720379e-01
1.680000000000001492e+00,4.352257050203824917e-01,-6.199686759477834180e-03,-2.089842349724403414e-01,4.352419925392568834e-01,-6.204178266557155118e-03,-2.089553345683385077e-01,4.109027374904680174e-01,-5.825423456535278044e-03,-3.164756832795642683e-01
1.690000000000001279e+00,4.442468767346158809e-01,-5.624043411794890299e-03,-1.930909598141079819e-01,4.442625569152017229e-01,-5.628505090463481117e-03,-1.930591656221327945e-01,4.208968996097846027e-01,-6.204070160594182815e-03,-3.049035508795224225e-01
1.700000000000001066e+00,4.522061412777993450e-01,-5.083215892694401342e-03,-1.769781656293686889e-01,4.522203496872468920e-01,-5.087625153802604466e-03,-1.769448386457774802e-01,4.365599568508612416e-01,-6.665522628138007000e-03,-2.822464004268908089e-01
1.710000000000000853e+00,4.590929619398498862e-01,-4.571699012566422977e-03,-1.607972688996989197e-01,4.591052601858210958e-01,-4.576058978717431787e-03,-1.607633544836766792e-01,4.517377805895118614e-01,-7.493223096323720078e-03,-2.538953252964559204e-01
1.720000000000000639e+00,4.649235994987565013e-01,-4.085189904863136164e-03,-1.446783904916008334e-01,4.649343338838788919e-01,-4.089569981020564626e-03,-1.446432199789438877e-01,4.645506218731935144e-01,-8.268822640101813892e-03,-2.225287075317833319e-01
1.730000000000000426e+00,4.697336415831736556e-01,-3.620335284493353054e-03,-1.287316955362871884e-01,4.697434248243570476e-01,-3.624794883037987109e-03,-1.286935399354113552e-01,4.712322213358911549e-01,-8.441073550164601702e-03,-2.004413947523020767e-01
1.740000000000000213e+00,4.735720838422209367e-01,-3.174511519883271501e-03,-1.130490926118406375e-01,4.735806184890907766e-01,-3.179054059528503822e-03,-1.130084704033695875e-01,4.772030300817755588e-01,-8.896348640264450935e-03,-1.745627139072368217e-01
1.750000000000000000e+00,4.764967351304266741e-01,-2.745646005579583260e-03,-9.770605666182163862e-02,4.765031508016904782e-01,-2.750241904393372749e-03,-9.766598778578362838e-02,4.804090165911097943e-01,-9.058609752605750742e-03,-1.545422476120793254e-01
1.759999999999999787e+00,4.785707005639951994e-01,-2.332077832521707063e-03,-8.276344326756754355e-02,4.785748639529169290e-01,-2.336722513865075769e-03,-8.272527513553828982e-02,4.834074190039656660e-01,-9.152923778837682156e-03,-1.291414461847555373e-01
1.770000000000001350e+00,4.798597205697314738e-01,-1.932452017968649656e-03,-6.826922252645449551e-02,4.798619676713408722e-01,-1.937122860721362562e-03,-6.823253998471333348e-02,4.846566448903085744e-01,-9.303955986281420287e-03,-1.102824522864503665e-01
1.780000000000001137e+00,4.804301808070789992e-01,-1.545640790523300934e-03,-5.426009626141001935e-02,4.804305963526154799e-01,-1.550305492193124451e-03,-5.422561587136062039e-02,4.852290331158201075e-01,-9.300458796509356030e-03,-9.343961741390013898e-02
1.790000000000000924e+00,4.803476443067316581e-01,-1.170686401854830871e-03,-4.076298293510649540e-02,4.803465108024298491e-01,-1.175293399669994797e-03,-4.073021602796100815e-02,4.852775466004858318e-01,-9.218675961128977581e-03,-7.562510995140617198e-02
1.800000000000000711e+00,4.796757887712289614e-01,-8.067597302767593034e-04,-2.779636633132067519e-02,4.796734050252150494e-01,-8.112158456250444932e-04,-2.776414802344366606e-02,4.844693952866512277e-01,-9.163452817990733190e-03,-5.491705578917777109e-02
1.810000000000000497e+00,4.784756576426671959e-01,-4.531309475042366846e-04,-1.537151078805787559e-02,4.784720525180698458e-01,-4.574013456884230030e-04,-1.534068165460630677e-02,4.827200843206843617e-01,-9.882347217954570717e-03,-3.495664238435997051e-02
1.820000000000000284e+00,4.768051538081292673e-01,-1.091491114076088137e-04,-3.493549241511881114e-03,4.768004882100330133e-01,-1.131775932021411666e-04,-3.463761067474321800e-03,4.799780269458621129e-01,-1.029576494027563405e-02,-1.547319587481588155e-02
1.830000000000000071e+00,4.747187205194851600e-01,2.257722342156042740e-04,7.837547921666635636e-03,4.747130948093979397e-01,2.219802606620380008e-04,7.865515424802481392e-03,4.761945631035751081e-01,-1.022992819296421330e-02,4.043473320592017028e-03
1.839999999999999858e+00,4.722671662039691354e-01,5.521648299354239408e-04,1.862611442369067200e-02,4.722607255476534704e-01,5.486096129110340242e-04,1.865240733151374980e-02,4.712612745850474072e-01,-1.070356855155636666e-02,2.393576155546783824e-02
1.850000000000001421e+00,4.694975991714867014e-01,8.705125920601040033e-04,2.888003117081803378e-02,4.694904813839854696e-01,8.671660928251895360e-04,2.890443072414975584e-02,4.658804634913918941e-01,-1.125904806936529889e-02,4.138020648553525360e-02
1.860000000000001208e+00,4.664534454307879274e-01,1.181256407668452050e-03,3.861006207849682070e-02,4.664457528030282463e-01,1.178091432873959151e-03,3.863277822927450172e-02,4.611338911020534947e-01,-1.045987277574474128e-02,5.503634023978110079e-02
1.870000000000000995e+00,4.631745284350172187e-01,1.484797747811061495e-03,4.782927421816691310e-02,4.631663778950149135e-01,1.481794874004366529e-03,4.785038004010699897e-02,4.566865651811592430e-01,-1.006702562572035775e-02,6.686788535105697706e-02
1.880000000000000782e+00,4.596971939749763258e-01,1.781501341212427241e-03,5.655253426541131945e-02,4.596886236335675502e-01,1.778637281605860388e-03,5.657228840078219051e-02,4.523748186475389232e-01,-1.032004601100421082e-02,7.758236843082072509e-02
1.890000000000000568e+00,4.560544669139029450e-01,2.071697565092725599e-03,6.479607368839493398e-02,4.560458821910720051e-01,2.068993735312083231e-03,6.481388213938042708e-02,4.421722652472822590e-01,-9.319464879121858170e-03,9.973730876260461509e-02
1.900000000000000355e+00,4.522762292314116972e-01,2.355684488441613794e-03,7.257711559057904160e-02,4.522677839048223625e-01,2.353121593395347301e-03,7.259293883278808424e-02,4.302485335294853330e-01,-8.129212735515881083e-03,1.215866797612041306e-01
1.910000000000000142e+00,4.483894110696207691e-01,2.633729920560825936e-03,7.991355660234375491e-02,4.483809271573431787e-01,2.631269203589782068e-03,7.992795167575166004e-02,4.199587563870910145e-01,-7.302477243218349900e-03,1.383771009353860770e-01
1.919999999999999929e+00,4.444181882748135526e-01,2.906073336108033235e-03,8.682369770188268221e-02,4.444101138110833071e-01,2.903692839777359015e-03,8.683592245784529928e-02,4.107047140054964629e-01,-7.071992901805046472e-03,1.504641175181669621e-01
1.930000000000001492e+00,4.403841813874484479e-01,3.172927968400567934e-03,9.332601831059578190e-02,4.403767511158798720e-01,3.170604430334525436e-03,9.333586129687390653e-02,4.077809180929939936e-01,-8.609379079731555029e-03,1.443459034222236981e-01
1.940000000000001279e+00,4.363066522216277332e-01,3.434482779141496099e-03,9.943898848692929449e-02,4.362994794678883292e-01,3.432204892923716635e-03,9.944737764716429784e-02,4.073404652158063577e-01,-1.023371222834769390e-02,1.411519533146678995e-01
1.950000000000001066e+00,4.322026951413893703e-01,3.690904587783878053e-03,1.051809144759694031e-01,4.321960540075884261e-01,3.688645503338177072e-03,1.051874537867086568e-01,4.075289021964423331e-01,-1.233342551493578354e-02,1.394315293100427677e-01
1.960000000000000853e+00,4.280874209260251417e-01,3.942340132494131025e-03,1.105698133227096536e-01,4.280816933491002341e-01,3.940076249014145063e-03,1.105740236846279867e-01,4.085312053217357020e-01,-1.474080500234725699e-02,1.391924481441889627e-01
1.970000000000000639e+00,4.239741317509924667e-01,4.188918084867061971e-03,1.156233126654940269e-01,4.239687937897558268e-01,4.186675219246993769e-03,1.156263160199071383e-01,4.101102331540755763e-01,-1.552567179101367600e-02,1.400578134808077579e-01
1.980000000000000426e+00,4.198744863220795764e-01,4.430751096695191918e-03,1.203585722155401244e-01,4.198687573555278663e-01,4.428575004855874950e-03,1.203617616581607874e-01,4.119412745839744483e-01,-1.639518270247600218e-02,1.407361145915020373e-01
1.990000000000000213e+00,4.157853887652295244e-01,4.664968681208819627e-03,1.247940932499320976e-01,4.157789094544984132e-01,4.662654288522106831e-03,1.247975021369450987e-01,4.146210007510827689e-01,-1.776825011500100804e-02,1.408987072602989055e-01
2.000000000000000000e+00,4.115930235433269413e-01,4.855982656054479846e-03,1.290027837880684258e-01,4.115879773544505738e-01,4.853563557991181013e-03,1.290059950105323094e-01,4.170803570746358657e-01,-1.804296135850710914e-02,1.390383827924329130e-01
2.009999999999999787e+00,4.084307939415695587e-01,4.963911692392515389e-03,1.327374601410000743e-01,4.084242566328776802e-01,4.961530269270430192e-03,1.327402526188545540e-01,4.203682991967228055e-01,-1.630764532322862004e-02,1.357683631896785537e-01
2.020000000000001350e+00,4.072804391247941136e-01,5.055455871578662906e-03,1.350441354246121606e-01,4.072729714229552656e-01,5.052990195603517150e-03,1.350478505286886177e-01,4.225021185061745843e-01,-1.522816770324549041e-02,1.324757527191327000e-01
2.030000000000001137e+00,4.078654342864307392e-01,5.138507010834816174e-03,1.356342778638011670e-01,4.078572694237732055e-01,5.135961070175627113e-03,1.356392621026698830e-01,4.236139525142702533e-01,-1.452056612670411806e-02,1.288976656549827293e-01
2.040000000000000924e+00,4.100370541789263301e-01,5.208979940311261013e-03,1.344686497060968433e-01,4.100284231658165024e-01,5.206401209191070974e-03,1.344746222912056310e-01,4.238005578700242415e-01,-1.374630966365510132e-02,1.254005920518265205e-01
2.050000000000000711e+00,4.135963599575570027e-01,5.265424462077708014e-03,1.315729619322627553e-01,4.135875643975719940e-01,5.262792549030757133e-03,1.315797851866510049e-01,4.237914698606047859e-01,-1.242778896151094936e-02,1.221981595091610751e-01
2.060000000000000497e+00,4.183039242920632006e-01,5.304187658007442074e-03,1.270039933211682959e-01,4.182952075121009750e-01,5.301609279596265940e-03,1.270112624076703278e-01,4.242635274899047015e-01,-1.148779761507749686e-02,1.189733855973601484e-01
2.070000000000000284e+00,4.239074293859104725e-01,5.311802264019922261e-03,1.208339483722329910e-01,4.238990390433535205e-01,5.309177461158462973e-03,1.208416343047085117e-01,4.252560800066437219e-01,-1.065108302469071344e-02,1.153735673411503404e-01
2.080000000000000071e+00,4.301646607908514719e-01,5.254991278618430066e-03,1.131380144432549417e-01,4.301570654982051489e-01,5.252000431825313079e-03,1.131456794604931287e-01,4.291188452824553634e-01,-9.294468739498767951e-03,1.075010574948564446e-01
2.089999999999999858e+00,4.368523085945093531e-01,5.075016325737352792e-03,1.039846118877041092e-01,4.368450051151545055e-01,5.072073224973350572e-03,1.039923579862754993e-01,4.334890919682083954e-01,-8.004740969421095254e-03,1.003667538526473169e-01
2.100000000000001421e+00,4.437535368538330083e-01,4.698648862497105567e-03,9.343683869167244971e-02,4.437461441066806733e-01,4.696372067359210964e-03,9.344527159669104022e-02,4.411767269683921633e-01,-5.256217549771638464e-03,8.669365805159218175e-02
2.110000000000001208e+00,4.506356269636579426e-01,4.069933790922033133e-03,8.157213839212916484e-02,4.506285620799218572e-01,4.068105246535174899e-03,8.158136200847709851e-02,4.462052631975343964e-01,-4.464197623788065949e-03,7.555309535548948574e-02
2.120000000000000995e+00,4.572476080917000640e-01,3.182899607559719433e-03,6.850877313379298561e-02,4.572413370615681649e-01,3.180931234336905906e-03,6.851833938060336582e-02,4.511795130772152662e-01,-4.303397141285539296e-03,6.389146732356443259e-02
2.130000000000000782e+00,4.633501868631663689e-01,2.085912523825871230e-03,5.441433020970373735e-02,4.633447737403329492e-01,2.083484719914900293e-03,5.442392713133092919e-02,4.569852629894562979e-01,-4.432725154963151892e-03,5.032659200358091667e-02
2.140000000000000568e+00,4.687515222303588747e-01,8.565527551539346175e-04,3.948895262516818189e-02,4.687467781424021207e-01,8.537879591829534986e-04,3.949865815717618772e-02,4.655650393373431672e-01,-4.715417675908190054e-03,3.019134750506219378e-02
2.150000000000000355e+00,4.733213932352196007e-01,-4.274287902933148267e-04,2.394001319270661760e-02,4.733172615805082972e-01,-4.303981854899452571e-04,2.394991465627992200e-02,4.769876536224181285e-01,-5.661003339738138185e-03,5.552493287405146916e-04
2.160000000000000142e+00,4.769848634707872237e-01,-1.703785440673085674e-03,7.963964970305211638e-03,4.769813600970720380e-01,-1.706885483171560703e-03,7.974055285729718390e-03,4.825942479037591548e-01,-7.039872681817660460e-03,-1.995840923588609872e-02
2.169999999999999929e+00,4.797090527714423236e-01,-2.929064991983127038e-03,-8.261986858754713850e-03,4.797061986994477500e-01,-2.932215695097595103e-03,-8.251765704162992987e-03,4.867719461030568517e-01,-9.388960010421734670e-03,-4.408925030525123745e-02
2.180000000000001492e+00,4.814912491352322799e-01,-4.076174143801649524e-03,-2.458205864671343666e-02,4.814890525817617783e-01,-4.079319372370718115e-03,-2.457182910203497411e-02,4.880258751019077579e-01,-1.143237903226120011e-02,-7.023032401192574881e-02
2.190000000000001279e+00,4.823501906299037523e-01,-5.130564492478802315e-03,-4.086133072219092638e-02,4.823485976632508332e-01,-5.134201094412768097e-03,-4.085219508385576348e-02,4.861442086689934383e-01,-1.202385386192417194e-02,-9.213307284949875942e-02
2.200000000000001066e+00,4.823199196396601440e-01,-6.086721673574206626e-03,-5.698425107817017832e-02,4.823189050338524408e-01,-6.090197563696118747e-03,-5.697500070546461515e-02,4.815676945595029901e-01,-1.225940623433274812e-02,-1.171269648525980200e-01
2.210000000000000853e+00,4.814453441075450812e-01,-6.945361278089884176e-03,-7.285292644265070616e-02,4.814448336959163965e-01,-6.948927374906746848e-03,-7.284408285974858233e-02,4.752668099760666287e-01,-1.156136161391885242e-02,-1.410146634146111078e-01
2.220000000000000639e+00,4.797789019218984818e-01,-7.711308695532887413e-03,-8.838544647443009883e-02,4.797788290470079708e-01,-7.714959799288607922e-03,-8.837710336442927694e-02,4.667200840944073503e-01,-1.097088210244612227e-02,-1.666925076997279598e-01
2.230000000000000426e+00,4.773779707938275996e-01,-8.391937990735422875e-03,-1.035143062008292425e-01,4.773782851054491072e-01,-8.395616601209014707e-03,-1.035064442932208811e-01,4.595664231730376414e-01,-1.018432880936233353e-02,-1.847513880086457116e-01
2.240000000000000213e+00,4.743028168558853230e-01,-8.996043442650057675e-03,-1.181849335310507787e-01,4.743035045374998093e-01,-8.999755788788711339e-03,-1.181773952699406299e-01,4.530799800918402509e-01,-9.785860783605646041e-03,-2.005298745105480451e-01
2.250000000000000000e+00,4.706149573267101038e-01,-9.533038158154566455e-03,-1.323543141957194968e-01,4.706160505161906538e-01,-9.536768165630338592e-03,-1.323468563889692862e-01,4.456157233433961640e-01,-9.500728721554288492e-03,-2.187433693551574521e-01
2.259999999999999787e+00,4.663758561345245357e-01,-1.001239719828571177e-02,-1.459897059803829944e-01,4.663773387131336379e-01,-1.001616508225349617e-02,-1.459823204745737679e-01,4.404569476819688578e-01,-8.582443261404448798e-03,-2.316169209728107803e-01
2.270000000000001350e+00,4.616458949655056210e-01,-1.044328205498180721e-02,-1.590674369333179017e-01,4.616477092706001706e-01,-1.044708401327884562e-02,-1.590602326372690944e-01,4.361406017237804411e-01,-7.642519389584295775e-03,-2.427911059568638175e-01
2.280000000000001137e+00,4.564835756347742635e-01,-1.083429848288086986e-02,-1.715717848441010995e-01,4.564856424204097873e-01,-1.083811801379880313e-02,-1.715648946868146840e-01,4.313229257495003743e-01,-6.282320423290368994e-03,-2.555169253107013594e-01
2.290000000000000924e+00,4.509449178529182922e-01,-1.119335161771096293e-02,-1.834939370390359648e-01,4.509471717041360628e-01,-1.119718308781846895e-02,-1.834874300726303531e-01,4.261781419204181409e-01,-4.529162527601562904e-03,-2.691971512575301873e-01
2.300000000000000711e+00,4.450830219810675836e-01,-1.152757107958835708e-02,-1.948310301212762552e-01,4.450854047677282876e-01,-1.153143255982771488e-02,-1.948249457958080022e-01,4.223490580663202820e-01,-3.383634006288507856e-03,-2.802193274419846891e-01
2.310000000000000497e+00,4.389477703027201971e-01,-1.184328582369965736e-02,-2.055852694696787553e-01,4.389502423527801289e-01,-1.184719549602523264e-02,-2.055796064036799486e-01,4.193856499064527732e-01,-3.046029436372846289e-03,-2.892779319504101831e-01
2.320000000000000284e+00,4.325856436992637777e-01,-1.214603331911914483e-02,-2.157631274692659307e-01,4.325880344873878625e-01,-1.214977891126153495e-02,-2.157581435974625650e-01,4.170179200813691756e-01,-2.836358019935925068e-03,-2.972807578270486584e-01
2.330000000000000071e+00,4.260396332321846891e-01,-1.244059190497818698e-02,-2.253746190862885301e-01,4.260418157391721028e-01,-1.244398111455015735e-02,-2.253704532742249189e-01,4.148513460647829110e-01,-2.464672631699513228e-03,-3.049231676477475173e-01
2.339999999999999858e+00,4.193492285910526696e-01,-1.273102791841526117e-02,-2.344326525132544581e-01,4.193512580241850474e-01,-1.273408842553039148e-02,-2.344291154545613542e-01,4.118352772541147289e-01,-1.769259511699872167e-03,-3.140451992983710472e-01
2.350000000000001421e+00,4.125504679548294140e-01,-1.302075137737517853e-02,-2.429524513418237774e-01,4.125524357329495850e-01,-1.302363418110003002e-02,-2.429493191912327488e-01,4.087462126003940099e-01,-1.761887346979809643e-03,-3.208873451620129491e-01
2.360000000000001208e+00,4.056760352160850847e-01,-1.331257598344434689e-02,-2.509510451857870916e-01,4.056779389033411398e-01,-1.331516736136333437e-02,-2.509482953067616595e-01,4.042251201749487155e-01,-2.343135341062424493e-03,-3.282595909651011001e-01
2.370000000000000995e+00,3.987553932956339753e-01,-1.360878012515652144e-02,-2.584468237876814123e-01,3.987574147611295250e-01,-1.361147093047360146e-02,-2.584441303265737067e-01,3.996133236498439212e-01,-2.775912274036687610e-03,-3.339756074781196626e-01
2.380000000000000782e+00,3.918149432828955669e-01,-1.391116680687832716e-02,-2.654591504616296005e-01,3.918170216567993247e-01,-1.391369101450641577e-02,-2.654566225426051584e-01,3.947279304483262141e-01,-2.806900091432043554e-03,-3.389973811341657761e-01
2.390000000000000568e+00,3.848782011617186694e-01,-1.422112098398631980e-02,-2.720080298447812850e-01,3.848804201034228822e-01,-1.422379045711905793e-02,-2.720055079894522776e-01,3.889619215044112233e-01,-3.804960825278300152e-03,-3.440732269856425773e-01
2.400000000000000355e+00,3.779659853393206315e-01,-1.453966339229554282e-02,-2.781138249493630421e-01,3.779683162524266615e-01,-1.454230354978471029e-02,-2.781113667876999318e-01,3.840923253648214075e-01,-4.852375978246337151e-03,-3.483016329440512537e-01
2.410000000000000142e+00,3.710966090793324512e-01,-1.486750031348117382e-02,-2.837970189014197286e-01,3.710992037365900553e-01,-1.486973215315101973e-02,-2.837945510438518726e-01,3.789804483668834933e-01,-5.814565650632555482e-03,-3.522560756360768042e-01
2.419999999999999929e+00,3.642860736878831274e-01,-1.520506905024810937e-02,-2.890780163194893171e-01,3.642891687881876228e-01,-1.520629094313205240e-02,-2.890754590386684919e-01,3.747647119899730761e-01,-6.475420364487463609e-03,-3.550828229816374026e-01
2.430000000000001492e+00,3.575482585437028682e-01,-1.555257901062913339e-02,-2.939769801265876836e-01,3.575518189845483530e-01,-1.555327856335701059e-02,-2.939743047027281175e-01,3.718971488331529462e-01,-6.831865008027238062e-03,-3.569496178168583000e-01
2.440000000000001279e+00,3.508951056004724900e-01,-1.591004853404915168e-02,-2.985136992805663136e-01,3.508991712073879499e-01,-1.591067105804325893e-02,-2.985108164958963917e-01,3.662005981782989750e-01,-7.337002911071921485e-03,-3.599655704904424214e-01
2.450000000000001066e+00,3.443367961947575440e-01,-1.627733761605776319e-02,-3.027074836084264198e-01,3.443420009364678847e-01,-1.627701766820824347e-02,-3.027041162323587109e-01,3.565012941505946165e-01,-8.497605190291454558e-03,-3.624423163708629936e-01
2.460000000000000853e+00,3.378819188541489216e-01,-1.665417679610731172e-02,-3.065770820479418179e-01,3.378880858318633607e-01,-1.665353740317564515e-02,-3.065733093675068743e-01,3.506374196784216579e-01,-8.843964504766821388e-03,-3.621106581402162572e-01
2.470000000000000639e+00,3.315376271223360316e-01,-1.704019246735125059e-02,-3.101406210333064184e-01,3.315440608288864333e-01,-1.704040464697425747e-02,-3.101367388928613078e-01,3.456379251171860512e-01,-9.060806458160625132e-03,-3.608920397204788966e-01
2.480000000000000426e+00,3.253097869561501487e-01,-1.743492892722192308e-02,-3.134155600093576632e-01,3.253162218851280985e-01,-1.743603043093028618e-02,-3.134117330272164770e-01,3.416906707943762056e-01,-9.409194575050461307e-03,-3.586164958484564513e-01
2.490000000000000213e+00,3.191929307331318744e-01,-1.786523135223623202e-02,-3.164037962263736015e-01,3.191994335403965932e-01,-1.786675696435762947e-02,-3.164001007628851614e-01,3.401034772679325524e-01,-9.283921343606865717e-03,-3.560947853781403771e-01
2.500000000000000000e+00,3.131405318645741342e-01,-1.857088238498907223e-02,-3.189923303921823328e-01,3.131471029112743443e-01,-1.857313753274466780e-02,-3.189885727210948207e-01,3.393166487210479421e-01,-9.526372770160163039e-03,-3.530118715893537651e-01
2.509999999999999787e+00,3.083369650761065284e-01,-1.914172960116487451e-02,-3.213003925585428688e-01,3.083454669350746968e-01,-1.914358301029968693e-02,-3.212968435794105182e-01,3.399665832977933899e-01,-9.915791473505852771e-03,-3.495101805287232910e-01
2.520000000000001350e+00,3.056170223979500222e-01,-1.919524874499012670e-02,-3.231559390225278161e-01,3.056274849444489683e-01,-1.919682668067636613e-02,-3.231519536648679303e-01,3.421217200226147614e-01,-9.676837543985822299e-03,-3.451173150847633986e-01
2.530000000000001137e+00,3.049148605862562755e-01,-1.895195949469451191e-02,-3.242630372995367050e-01,3.049273047956576610e-01,-1.895335286869324898e-02,-3.242582711272612994e-01,3.454294108736091218e-01,-9.246700998371201741e-03,-3.404407906051989396e-01
2.540000000000000924e+00,3.062458550208414509e-01,-1.846695602735259553e-02,-3.245153254945378207e-01,3.062598486598412939e-01,-1.846810270766965564e-02,-3.245099297350002021e-01,3.501076828488843828e-01,-9.021638540493037706e-03,-3.356727459695583726e-01
2.550000000000000711e+00,3.095276547446946247e-01,-1.777856839940265832e-02,-3.238432323810970792e-01,3.095429563856598176e-01,-1.777950925027346404e-02,-3.238371542698718075e-01,3.558763482525737487e-01,-8.755156616907039391e-03,-3.309640676605356546e-01
2.560000000000000497e+00,3.146026988235309796e-01,-1.692342871969643864e-02,-3.221863041220054402e-01,3.146204878560864282e-01,-1.692430965306373700e-02,-3.221784475509703594e-01,3.635257452336245754e-01,-8.511021773461940887e-03,-3.251151576315832181e-01
2.570000000000000284e+00,3.212768986044844399e-01,-1.593844739221606313e-02,-3.194805711593832753e-01,3.212982587044097560e-01,-1.593937144670040662e-02,-3.194697910649699213e-01,3.701975369934255022e-01,-8.271856691210943691e-03,-3.201960428856004404e-01
2.580000000000000071e+00,3.293560229099841696e-01,-1.486232194988467911e-02,-3.156452696162398430e-01,3.293805497389800108e-01,-1.486326180810379136e-02,-3.156313737797186159e-01,3.769325302917766463e-01,-8.293851877746533097e-03,-3.153040054060980979e-01
2.589999999999999858e+00,3.386686336276811815e-01,-1.373682597328660000e-02,-3.105708710766723057e-01,3.386929850818252152e-01,-1.373762616771199464e-02,-3.105559310291532427e-01,3.895941239792229949e-01,-8.649452348618219544e-03,-3.057268392924780143e-01
2.600000000000001421e+00,3.490588673946593556e-01,-1.260616612173804697e-02,-3.041233292315801973e-01,3.490791901688061749e-01,-1.260666761942520059e-02,-3.041102815395939074e-01,4.010137221343799130e-01,-8.935837349162090160e-03,-2.965254255344528245e-01
2.610000000000001208e+00,3.603464677953840400e-01,-1.151225837671137654e-02,-2.961792021571406086e-01,3.603646658522987045e-01,-1.151276654601773343e-02,-2.961662333916957324e-01,4.059201881048782878e-01,-8.955714186979948921e-03,-2.921374479040827477e-01
2.620000000000000995e+00,3.722848308645125281e-01,-1.048705407842123911e-02,-2.866796940862760268e-01,3.722956593091228950e-01,-1.048773956611502925e-02,-2.866723612688834022e-01,4.107679960062560198e-01,-9.129436637183518943e-03,-2.879523582656959291e-01
2.630000000000000782e+00,3.845581710384283203e-01,-9.547307934325868078e-03,-2.756654963678759063e-01,3.845595944475430072e-01,-9.547790771204486132e-03,-2.756672320496381112e-01,4.424074076759653140e-01,-9.658551063800591141e-03,-2.512747422408204701e-01
2.640000000000000568e+00,3.968213884669684610e-01,-8.695513289539318069e-03,-2.632705576379654189e-01,3.968169297240212168e-01,-8.695592052334050540e-03,-2.632790419126063153e-01,4.548864552034260766e-01,-9.898373293375839488e-03,-2.333556678261262118e-01
2.650000000000000355e+00,4.087502585589065651e-01,-7.924968951313051888e-03,-2.496896719334240622e-01,4.087428855570264807e-01,-7.924614482484992894e-03,-2.497024873959035884e-01,4.649051869738354270e-01,-1.022911595199339774e-02,-2.149636178503116501e-01
2.660000000000000142e+00,4.200750412684662316e-01,-7.224974564704873467e-03,-2.351443729375843616e-01,4.200684954790222525e-01,-7.224335705692108180e-03,-2.351571416963230965e-01,4.733348957676363211e-01,-1.090716110286041318e-02,-1.934411744193926530e-01
2.669999999999999929e+00,4.305927781728939308e-01,-6.584230364406875279e-03,-2.198585781468865574e-01,4.305872265596456527e-01,-6.583370931238122920e-03,-2.198710888464797675e-01,4.777377338357302605e-01,-1.174279516697099290e-02,-1.761360790754004646e-01
2.680000000000001492e+00,4.401651474679451059e-01,-5.992498586801088371e-03,-2.040443132148264116e-01,4.401609153616130587e-01,-5.991465345220465567e-03,-2.040558116217032480e-01,4.809100814668524349e-01,-1.216515508862502093e-02,-1.569132192986776031e-01
2.690000000000001279e+00,4.487094963142079229e-01,-5.441176365111257893e-03,-1.878944838079132096e-01,4.487064469858150217e-01,-5.439992490186856648e-03,-1.879048862169348244e-01,4.827804726125535240e-01,-1.252452578502506741e-02,-1.332701267220461339e-01
2.700000000000001066e+00,4.561879488642872071e-01,-4.923322773543187779e-03,-1.715799277541320278e-01,4.561856608754094045e-01,-4.921997433675179973e-03,-1.715898188197988727e-01,4.828429522415003117e-01,-1.275953333365215103e-02,-1.159387426001827204e-01
2.710000000000000853e+00,4.625970230037015352e-01,-4.433460779617472321e-03,-1.552489105846755202e-01,4.625951337911595185e-01,-4.432014781304562459e-03,-1.552589614471820700e-01,4.822559483473741748e-01,-1.367058748967311943e-02,-9.810763298758429229e-02
2.720000000000000639e+00,4.679586996833562385e-01,-3.967315566930282138e-03,-1.390279565970421183e-01,4.679581096734597989e-01,-3.965847517089623499e-03,-1.390357119350609238e-01,4.814100914914974938e-01,-1.441623904982171356e-02,-8.130718889917662451e-02
2.730000000000000426e+00,4.723131427361037527e-01,-3.521561017669077882e-03,-1.230233664509671754e-01,4.723134111409154068e-01,-3.520089246079231762e-03,-1.230293892248653098e-01,4.805726520607511709e-01,-1.505063364654590785e-02,-6.571151951087877974e-02
2.740000000000000213e+00,4.757129466785314231e-01,-3.093601434123802087e-03,-1.073230447831040185e-01,4.757137575677915509e-01,-3.092173616999923519e-03,-1.073278296714907237e-01,4.798454309901747372e-01,-1.546540684221760220e-02,-5.211354227641001868e-02
2.750000000000000000e+00,4.782186823281471266e-01,-2.681394755734277380e-03,-9.199842119605884661e-02,4.782198016521356232e-01,-2.680046126711878567e-03,-9.200251367900359745e-02,4.792044253843066315e-01,-1.561729193865743492e-02,-3.876209557197440869e-02
2.759999999999999787e+00,4.798954980062954401e-01,-2.283314474772764335e-03,-7.710634220078611822e-02,4.798964419706138740e-01,-2.282060623670292745e-03,-7.711184490530040292e-02,4.783831800796914946e-01,-1.570388691939381132e-02,-2.729553186570476964e-02
2.770000000000001350e+00,4.808105594613151235e-01,-1.898044500012466751e-03,-6.269086753667948986e-02,4.808113986089256331e-01,-1.896894865127137560e-03,-6.269791832301732648e-02,4.774350143621024500e-01,-1.601555877975660569e-02,-1.855270069955694545e-02
2.780000000000001137e+00,4.810311476451960000e-01,-1.524500632438405279e-03,-4.878493732860401944e-02,4.810320798041521351e-01,-1.523433277230265039e-03,-4.879277543650786114e-02,4.760029271692803876e-01,-1.562441549089679804e-02,-8.985787848486748164e-03
2.790000000000000924e+00,4.806232687556400984e-01,-1.161772772523864908e-03,-3.541189601347926458e-02,4.806244927808968059e-01,-1.160718667443739853e-03,-3.541913443683850776e-02,4.743310671205701601e-01,-1.525377104785916038e-02,-1.058553701280107173e-03
2.800000000000000711e+00,4.796506614638127997e-01,-8.090829927130864605e-04,-2.258687031619368776e-02,4.796520367091384185e-01,-8.080065677445126462e-04,-2.259437804255190474e-02,4.726775365430804232e-01,-1.452012960394027941e-02,6.180876928900680412e-03
2.810000000000000497e+00,4.781741111532513688e-01,-4.657554391003452653e-04,-1.031800498660813067e-02,4.781757232433864191e-01,-4.645786013581016576e-04,-1.032455131970572322e-02,4.707943035588664227e-01,-1.354212930449845420e-02,1.340956699223933013e-02
2.820000000000000284e+00,4.762510007261451239e-01,-1.311948240043503801e-04,1.392436470822667680e-03,4.762527348047704279e-01,-1.299337478280313430e-04,1.385404649104349066e-03,4.694662622261437379e-01,-1.242604328321054996e-02,1.844818111385854165e-02
2.830000000000000071e+00,4.739350429390717934e-01,1.951285602589314849e-04,1.254709705197177942e-02,4.739369381966594408e-01,1.965028312701410295e-04,1.254020099522700632e-02,4.686729944898989642e-01,-1.189926427613959004e-02,2.199545929903046204e-02
2.839999999999999858e+00,4.712761511900427358e-01,5.136896188745953499e-04,2.315266775818049586e-02,4.712781888334709457e-01,5.151206186958158127e-04,2.314524316250392288e-02,4.663614496793898612e-01,-9.826719068621037056e-03,3.398436504116097989e-02
2.850000000000001421e+00,4.683204149494180069e-01,8.249160046087441328e-04,3.321913542891822418e-02,4.683226124571657212e-01,8.263989022580382456e-04,3.321155570317151084e-02,4.652794962996992245e-01,-8.814457747110870933e-03,3.940572666238673083e-02
2.860000000000001208e+00,4.651101532455096388e-01,1.129193517690084934e-03,4.275912720027397890e-02,4.651124841083782990e-01,1.130676255798312817e-03,4.275135088815951168e-02,4.622054822349431769e-01,-5.493215839927442778e-03,5.297716727034373907e-02
2.870000000000000995e+00,4.616840252569781589e-01,1.426870245124327308e-03,5.178734227010187846e-02,4.616864767961603166e-01,1.428342819162310880e-03,5.177958645141536587e-02,4.592100649241749322e-01,-3.215966265611117092e-03,6.463055923382604595e-02
2.880000000000000782e+00,4.580771815064011432e-01,1.718259727766395951e-03,6.032006214283625739e-02,4.580798883659583653e-01,1.719721048646812717e-03,6.031207633364420867e-02,4.553766425668261952e-01,-1.117840911909237511e-03,7.690846509571325207e-02
2.890000000000000568e+00,4.543214426674470063e-01,2.003643567648369546e-03,6.837473108370831221e-02,4.543245768385083538e-01,2.005095570473095119e-03,6.836623280361896204e-02,4.516610647332273132e-01,9.650500687770346975e-05,8.786938747346140222e-02
2.900000000000000355e+00,4.504454958027060973e-01,2.283273799750929270e-03,7.596959908257687466e-02,4.504488886927048852e-01,2.284677527991225976e-03,7.596090906191847736e-02,4.476741546396458826e-01,1.439795340016772340e-03,9.798795358156991986e-02
2.910000000000000142e+00,4.464751000975631934e-01,2.557374988511291330e-03,8.312342021296643957e-02,4.464789074831794768e-01,2.558709399030412168e-03,8.311417119785838303e-02,4.429372840098263486e-01,2.219517567593379259e-03,1.079071585477243134e-01
2.919999999999999929e+00,4.424332959629952433e-01,2.826146403428343983e-03,8.985519983952509893e-02,4.424378126565069458e-01,2.827399736924326220e-03,8.984487448077370375e-02,4.368559742442876814e-01,2.438026324105585507e-03,1.166573200353079320e-01
2.930000000000001492e+00,4.383406128389286671e-01,3.089763970943378360e-03,9.618398470267922051e-02,4.383454866697171770e-01,3.090922731735237360e-03,9.617328505293770702e-02,4.313249861974013388e-01,4.567578222211807204e-03,1.265594860103519403e-01
2.940000000000001279e+00,4.342152722048659430e-01,3.348382340914568718e-03,1.021286904372751547e-01,4.342205881670673229e-01,3.349430875163092632e-03,1.021174185071024310e-01,4.256552937455756469e-01,5.257551233018256664e-03,1.329323031997431404e-01
2.950000000000001066e+00,4.300733832525566180e-01,3.602136890340495480e-03,1.077079616130036666e-01,4.300795295295390952e-01,3.603059788028164026e-03,1.076954816972632289e-01,4.212727369421026546e-01,5.421723856370130878e-03,1.367184402010162003e-01
2.960000000000000853e+00,4.259291294355397328e-01,3.851145728985050538e-03,1.129400598723784843e-01,4.259355879924460186e-01,3.851969155203627954e-03,1.129273793439067586e-01,4.165266138562779830e-01,5.432579749117497081e-03,1.400664853260608078e-01
2.970000000000000639e+00,4.217949447162421261e-01,4.095511556705058384e-03,1.178427762159180853e-01,4.218009698549280984e-01,4.096285734153501737e-03,1.178311873125483383e-01,4.127892171496356788e-01,5.690710653692046539e-03,1.420284160179931532e-01
2.980000000000000426e+00,4.176816788135996883e-01,4.335323633602393943e-03,1.224333638995562801e-01,4.176873337977156098e-01,4.336067165468628255e-03,1.224227477072983294e-01,4.108285192208188663e-01,5.399411049112540217e-03,1.424247397082227806e-01
2.990000000000000213e+00,4.135987511269680339e-01,4.570659473158435529e-03,1.267284888434583590e-01,4.136041893930604285e-01,4.571382343408482776e-03,1.267185598606457575e-01,4.107246330495493147e-01,5.155381477092046971e-03,1.414600171049986144e-01
3.000000000000000000e+00,4.094802540869801333e-01,4.786032838251010231e-03,1.307541367587251036e-01,4.094850740356927310e-01,4.786469314163177037e-03,1.307455444828305169e-01,4.119622575456335367e-01,4.444981460903649206e-03,1.390401238646795656e-01
3.009999999999999787e+00,4.060114716895877329e-01,4.913150057655355125e-03,1.344487496290096840e-01,4.060157218876691565e-01,4.913416138572672745e-03,1.344407911717590831e-01,4.146392384477538551e-01,3.330741243205689872e-03,1.352672840455965697e-01
3.020000000000001350e+00,4.046048440035892590e-01,5.011425940109233423e-03,1.369013890458564420e-01,4.046081468507986556e-01,5.011258099271506151e-03,1.368945638937525966e-01,4.173790477644021557e-01,2.621152459084841180e-03,1.316623252102328556e-01
3.030000000000001137e+00,4.049847338464962476e-01,5.100761508272875708e-03,1.377059559708578296e-01,4.049870010134696829e-01,5.100306528432786875e-03,1.377004085552675783e-01,4.204150690700180215e-01,2.543995403590584847e-03,1.276759571137518479e-01
3.040000000000000924e+00,4.069981109781440898e-01,5.177313497846479547e-03,1.367956164917009665e-01,4.069994142822739303e-01,5.176692040864378820e-03,1.367912150602305921e-01,4.247758347527093026e-01,2.943623175335627340e-03,1.217115501138980593e-01
3.050000000000000711e+00,4.104527694557356110e-01,5.239782076205297401e-03,1.341809507022292958e-01,4.104533027296967118e-01,5.239027764204410957e-03,1.341776146235238165e-01,4.316461569609082449e-01,2.450415300984082334e-03,1.114822115882889153e-01
3.060000000000000497e+00,4.151122528107509813e-01,5.285636989239879055e-03,1.299075189663490559e-01,4.151122265054286720e-01,5.284765302768673276e-03,1.299048528841793282e-01,4.368332931594869351e-01,2.071608151314546786e-03,1.041305736173201990e-01
3.070000000000000284e+00,4.207231770804751303e-01,5.304142479400959440e-03,1.240391724381295913e-01,4.207229513713031110e-01,5.303002927986370275e-03,1.240370969996938966e-01,4.416552588727913342e-01,1.849386781094669585e-03,9.683300314631848593e-02
3.080000000000000071e+00,4.270396112501558816e-01,5.266595948082218419e-03,1.166456615209292141e-01,4.270402214562363796e-01,5.264554242596778018e-03,1.166433321425626446e-01,4.489411505507914235e-01,1.937787899510323708e-03,8.525029033037423432e-02
3.089999999999999858e+00,4.338350352139328514e-01,5.119061944653769541e-03,1.077920216307448470e-01,4.338353351233493749e-01,5.116934101910657062e-03,1.077896092478331930e-01,4.552608365939917467e-01,2.226280598631585894e-03,7.333471940657071420e-02
3.100000000000001421e+00,4.408931432336225531e-01,4.789432012985352094e-03,9.753694473415155941e-02,4.408924384008529040e-01,4.788159670867748671e-03,9.753517670082378910e-02,4.608327538464341844e-01,2.981877828699866506e-03,6.230486441144883480e-02
3.110000000000001208e+00,4.479845348267459393e-01,4.215939279441940218e-03,8.594894175803668990e-02,4.479828286565648021e-01,4.216155702952460206e-03,8.594839601139149521e-02,4.653141141324628194e-01,4.238299645023743678e-03,5.237816815677714954e-02
3.120000000000000995e+00,4.548581921321687704e-01,3.381975871177013513e-03,7.313329713032568069e-02,4.548561739919980695e-01,3.383268321904027778e-03,7.313389467549302747e-02,4.692675768941112491e-01,5.286824674599885365e-03,4.224720360812356246e-02
3.130000000000000782e+00,4.612668848071594940e-01,2.326905797521465306e-03,5.924558706015953247e-02,4.612651017027245004e-01,2.328363395532241469e-03,5.924684937538058499e-02,4.734330009770415515e-01,6.073667968770943282e-03,2.857745988527743419e-02
3.140000000000000568e+00,4.670053008933254257e-01,1.124921745091075724e-03,4.447912185796768642e-02,4.670038283755928443e-01,1.126306064757326116e-03,4.448078262820427675e-02,4.759658130632609119e-01,6.796498269993053731e-03,1.704031733733479825e-02
3.150000000000000355e+00,4.719293750511344698e-01,-1.450191717341819985e-04,2.903982044489593350e-02,4.719283901214781363e-01,-1.440501088875026435e-04,2.904130926461481743e-02,4.780149693155499868e-01,7.063881320806000841e-03,5.384719835572815416e-03
3.160000000000000142e+00,4.759528383285712150e-01,-1.417585372071456830e-03,1.312610727528229840e-02,4.759521890549990308e-01,-1.417120760721132799e-03,1.312737967504346535e-02,4.804438321073561946e-01,6.908668217272609380e-03,-1.204499651039081520e-02
3.169999999999999929e+00,4.790343430459407803e-01,-2.646136965222443092e-03,-3.081204637777217037e-03,4.790339565342733308e-01,-2.646292109989431367e-03,-3.080288288355827533e-03,4.824952621017741805e-01,6.114561240101318296e-03,-3.107577198357791559e-02
3.180000000000001492e+00,4.811649813035149270e-01,-3.800943552268312015e-03,-1.942210099212561894e-02,4.811647799910731549e-01,-3.801688846634897721e-03,-1.942151507936134419e-02,4.842386944239412960e-01,5.436767389199667622e-03,-4.740512923851714078e-02
3.190000000000001279e+00,4.823589446155233107e-01,-4.865464956810678331e-03,-3.575727793470882820e-02,4.823588674449342251e-01,-4.866749090048602330e-03,-3.575699545364607185e-02,4.856855040394539857e-01,4.285701477958203665e-03,-6.324011581156441242e-02
3.200000000000001066e+00,4.826469429962910729e-01,-5.832753058550943157e-03,-5.196685065719841567e-02,4.826469524340040729e-01,-5.834434393323019441e-03,-5.196676104176504302e-02,4.864135448117925531e-01,3.006194660522973350e-03,-7.681367503030059329e-02
3.210000000000000853e+00,4.820714872838840481e-01,-6.702529146235749677e-03,-6.794873962667793976e-02,4.820713304256142306e-01,-6.705293440066671662e-03,-6.795077139299698921e-02,4.866363603125354320e-01,2.075056486479029405e-03,-9.036626257692711994e-02
3.220000000000000639e+00,4.806833690611845289e-01,-7.478957319847095477e-03,-8.361704642148569400e-02,4.806828547783212890e-01,-7.482527805173138334e-03,-8.362119986364981161e-02,4.861525255869666440e-01,1.142812889442193502e-03,-1.025682270835338861e-01
3.230000000000000426e+00,4.785389380415369653e-01,-8.168998163214771790e-03,-9.890050937915581541e-02,4.785381924243123919e-01,-8.172668733842897160e-03,-9.890529310807298635e-02,4.848802076815388329e-01,2.847490026541832364e-05,-1.176490367622071154e-01
3.240000000000000213e+00,4.756979468786418641e-01,-8.781213930589219785e-03,-1.137410543421800979e-01,4.756971602971198365e-01,-8.784792101675192172e-03,-1.137454684247735659e-01,4.830009045535901269e-01,-1.370469703355955970e-03,-1.326304140970636647e-01
3.250000000000000000e+00,4.722218270084395098e-01,-9.324916692269653862e-03,-1.280924356525584840e-01,4.722211184771853421e-01,-9.328542666758145654e-03,-1.280961439045698591e-01,4.811164665558844700e-01,-2.890686210327481076e-03,-1.439186577057882943e-01
3.260000000000001563e+00,4.681723087961757734e-01,-9.809573036799638240e-03,-1.419189600502993309e-01,4.681716073382182763e-01,-9.813370978691705881e-03,-1.419223551206324763e-01,4.783975340039380297e-01,-4.792429173244891483e-03,-1.574070539014554015e-01
3.270000000000001350e+00,4.636103257718995896e-01,-1.024439964307812499e-02,-1.551942886884444261e-01,4.636097117056551808e-01,-1.024846018021574601e-02,-1.551971855842178838e-01,4.756229973074893591e-01,-6.832326888565692924e-03,-1.695842539455018061e-01
3.280000000000001137e+00,4.585951576251698358e-01,-1.063809928577995507e-02,-1.679003149876000245e-01,4.585946048178877743e-01,-1.064242957088420462e-02,-1.679028608729052352e-01,4.728982645187501666e-01,-8.756574797508367980e-03,-1.801789766573426432e-01
3.290000000000000924e+00,4.531837753787507639e-01,-1.099869976196646282e-02,-1.800261180868614752e-01,4.531832967780644594e-01,-1.100327466596205152e-02,-1.800283335799019169e-01,4.687091871398384457e-01,-1.150710452792771954e-02,-1.939779194691490793e-01
3.300000000000000711e+00,4.474303579224988003e-01,-1.133346709930935226e-02,-1.915669923309054334e-01,4.474298210807301501e-01,-1.133810412788386485e-02,-1.915692227457028718e-01,4.637798441709650721e-01,-1.362163387192272257e-02,-2.076331114035378511e-01
3.310000000000000497e+00,4.413859532491695159e-01,-1.164887153775711302e-02,-2.025235530792510175e-01,4.413854699647460356e-01,-1.165360250470337880e-02,-2.025255635434352608e-01,4.590847327381089027e-01,-1.571697465903172664e-02,-2.187674848757336643e-01
3.320000000000000284e+00,4.350982607014799441e-01,-1.195059066914301235e-02,-2.129009192151121443e-01,4.350979062487752014e-01,-1.195551986326957340e-02,-2.129025859350618666e-01,4.530910547054324278e-01,-1.782146171550702540e-02,-2.311915612590865199e-01
3.330000000000000071e+00,4.286115136220393640e-01,-1.224353737745645376e-02,-2.227079710574785820e-01,4.286112603472455596e-01,-1.224869510240210631e-02,-2.227093777405670938e-01,4.474197570372883126e-01,-1.968853445189150397e-02,-2.417629443211508911e-01
3.339999999999999858e+00,4.219664438836604470e-01,-1.253190409296103466e-02,-2.319566823493702801e-01,4.219662502627460898e-01,-1.253724339391502907e-02,-2.319579278896092556e-01,4.424150241706169551e-01,-2.125692287182576190e-02,-2.505052034700274155e-01
3.350000000000001421e+00,4.152003121393523788e-01,-1.281921676987504873e-02,-2.406615237365344606e-01,4.152000915625386757e-01,-1.282452330069719718e-02,-2.406627805307939016e-01,4.370896087656124251e-01,-2.275718146114714957e-02,-2.593295110590473906e-01
3.360000000000001208e+00,4.083469897632060475e-01,-1.310839386917099329e-02,-2.488389343393260511e-01,4.083466044766801417e-01,-1.311330437641781803e-02,-2.488404416583573087e-01,4.268975514320451081e-01,-2.529277201848863232e-02,-2.746081234241992131e-01
3.370000000000000995e+00,4.014370802926113813e-01,-1.340180702644964798e-02,-2.565068575885465774e-01,4.014367644221678022e-01,-1.340668894833461564e-02,-2.565082373700321439e-01,4.198493815315651467e-01,-2.669920415772769617e-02,-2.842663813504984760e-01
3.380000000000000782e+00,3.944980698250389328e-01,-1.370134105574763277e-02,-2.636843371484616783e-01,3.944977020386712940e-01,-1.370567226224145806e-02,-2.636858325782818757e-01,4.135512648850541151e-01,-2.768696618308744140e-02,-2.924293827181205785e-01
3.390000000000000568e+00,3.875544978109126126e-01,-1.400845166354160870e-02,-2.703911680191164457e-01,3.875543985650620193e-01,-1.401294853819792102e-02,-2.703922895345210464e-01,3.988223290854754355e-01,-2.974467854710576009e-02,-3.097631781861552303e-01
3.400000000000000355e+00,3.806281407141580142e-01,-1.432421986927203544e-02,-2.766475983117622217e-01,3.806282615994221463e-01,-1.432830394670209923e-02,-2.766485342862264329e-01,3.911272125845708381e-01,-3.015549680332620108e-02,-3.176154587740057655e-01
3.410000000000000142e+00,3.737382026312420225e-01,-1.464940249900098350e-02,-2.824740767856100954e-01,3.737386590524902630e-01,-1.465372283349466315e-02,-2.824746139586017946e-01,3.834808522325010571e-01,-3.049414900256706973e-02,-3.247563872539225849e-01
3.419999999999999929e+00,3.669015080161100451e-01,-1.498447844596698629e-02,-2.878910414671794205e-01,3.669023835276969958e-01,-1.498863080626608793e-02,-2.878912121861589846e-01,3.753109746319224227e-01,-3.024356206728458230e-02,-3.321145263297101691e-01
3.430000000000001492e+00,3.601326926350722490e-01,-1.532969059688808582e-02,-2.929187448602637578e-01,3.601339072598810365e-01,-1.533396871096172343e-02,-2.929185986941906794e-01,3.680246079390182556e-01,-3.035749023295060411e-02,-3.387949172890906135e-01
3.440000000000001279e+00,3.534443898228512015e-01,-1.568508348410134826e-02,-2.975771114266299588e-01,3.534460049940339466e-01,-1.568943005588253892e-02,-2.975766366944684882e-01,3.635879273470015161e-01,-3.007950565421271816e-02,-3.422059715331144392e-01
3.450000000000001066e+00,3.468474098121950289e-01,-1.605053682530121345e-02,-3.018856233344255346e-01,3.468493580823104327e-01,-1.605494673970910002e-02,-3.018849037121781320e-01,3.588067460433785882e-01,-2.961149220334653720e-02,-3.458661825577789006e-01
3.460000000000000853e+00,3.403509105582535610e-01,-1.642579518586646109e-02,-3.058632307605647083e-01,3.403528671134612993e-01,-1.643056040019148442e-02,-3.058624702148438623e-01,3.548993831458900905e-01,-2.946608882014412067e-02,-3.491418257945168580e-01
3.470000000000000639e+00,3.339625589424784491e-01,-1.681049402270794885e-02,-3.095282833813587375e-01,3.339644565719542268e-01,-1.681548656914174864e-02,-3.095275494214787537e-01,3.528543650790161301e-01,-2.929351331743544617e-02,-3.506571040894269631e-01
3.480000000000000426e+00,3.276886817020595588e-01,-1.720418239377513592e-02,-3.128984799795300753e-01,3.276904836171991575e-01,-1.720936476015168248e-02,-3.128977373246717986e-01,3.513578636830632096e-01,-2.918605672362853398e-02,-3.517756931619331340e-01
3.490000000000000213e+00,3.215284178013697591e-01,-1.762287756251632379e-02,-3.159820038753361482e-01,3.215299549113705968e-01,-1.762936859915241114e-02,-3.159807151601377595e-01,3.508763541252262197e-01,-2.882487340354820959e-02,-3.519378461816884407e-01
3.500000000000000000e+00,3.154278160791509356e-01,-1.827213226768178295e-02,-3.186846364363948303e-01,3.154300852704118308e-01,-1.827932775732631077e-02,-3.186829898444124010e-01,3.510463320882569738e-01,-2.870713530626703425e-02,-3.516403538235870485e-01
3.510000000000001563e+00,3.104185386209705189e-01,-1.888117219160211774e-02,-3.210619728704842135e-01,3.104202422342356438e-01,-1.888947185489113501e-02,-3.210598790991291973e-01,3.517929601911794490e-01,-2.896705110598639388e-02,-3.507621150525287446e-01
3.520000000000001350e+00,3.074992426502149989e-01,-1.895388117335189762e-02,-3.229959343602900601e-01,3.075004097059324537e-01,-1.896282805377858330e-02,-3.229938805899466581e-01,3.532418778788500857e-01,-2.921722568276988174e-02,-3.492077147703415152e-01
3.530000000000001137e+00,3.065930238201985403e-01,-1.872508690587791624e-02,-3.241738828713542908e-01,3.065934807164106823e-01,-1.873451572151320355e-02,-3.241720038512693747e-01,3.551439595981273900e-01,-2.961193536722336872e-02,-3.473385270901455657e-01
3.540000000000000924e+00,3.077213029676267864e-01,-1.825347361161399479e-02,-3.244862353977198133e-01,3.077206830702326479e-01,-1.826315765227055909e-02,-3.244849348579424420e-01,3.578365150062928768e-01,-2.989729615476711955e-02,-3.452815886362558540e-01
3.550000000000000711e+00,3.108091733600521489e-01,-1.757743975487714369e-02,-3.238644108972352220e-01,3.108073807117340825e-01,-1.758728537920539389e-02,-3.238638686397355415e-01,3.611204637149679764e-01,-3.021142341323743152e-02,-3.430883500494394389e-01
3.560000000000000497e+00,3.157034777969400241e-01,-1.673349665635074160e-02,-3.222501202308947765e-01,3.157016811163835257e-01,-1.674347080834460294e-02,-3.222496301195389434e-01,3.655950537033152425e-01,-3.072632095481281356e-02,-3.401294309575007557e-01
3.570000000000000284e+00,3.222113552210595921e-01,-1.575839517099424450e-02,-3.195822992902342397e-01,3.222109396980094576e-01,-1.576845753396748442e-02,-3.195809463218013957e-01,3.725829693202591386e-01,-3.140805759076838177e-02,-3.354135551213600075e-01
3.580000000000000071e+00,3.301370696378165270e-01,-1.469062272948605530e-02,-3.157838123422821996e-01,3.301374777680167183e-01,-1.470067116130361305e-02,-3.157819465426450201e-01,3.778693825804370077e-01,-3.201734625782128030e-02,-3.312551216554169842e-01
3.589999999999999858e+00,3.393065346786637293e-01,-1.357173081254242804e-02,-3.107489713058486092e-01,3.393055492678214713e-01,-1.358160684669490123e-02,-3.107482853291766434e-01,3.836233367918586712e-01,-3.260411219063098776e-02,-3.263476318031547363e-01
3.600000000000001421e+00,3.495628714630806821e-01,-1.244587460994061798e-02,-3.043461111132348407e-01,3.495579923651700449e-01,-1.245537135959488319e-02,-3.043489164473083264e-01,3.916713006313996548e-01,-3.290845495269287269e-02,-3.185919668711577057e-01
3.610000000000001208e+00,3.607284905745851700e-01,-1.135534501831987619e-02,-2.964507245420042181e-01,3.607190496985270833e-01,-1.136435210759386381e-02,-2.964581360309405111e-01,3.999002558315010170e-01,-3.265400278896862796e-02,-3.092770448687576779e-01
3.620000000000000995e+00,3.725619957626178924e-01,-1.033291580874488857e-02,-2.869994828175468915e-01,3.725501566578324764e-01,-1.034155447019348764e-02,-2.870099715733275825e-01,4.076880296295248840e-01,-3.233730324425021507e-02,-2.997763595326883301e-01
3.630000000000000782e+00,3.847518219872445577e-01,-9.396263648421445194e-03,-2.760275626646659930e-01,3.847394891423306373e-01,-9.404514606234292903e-03,-2.760397169734805090e-01,4.150362429306758694e-01,-3.206817358912406046e-02,-2.906785386875760380e-01
3.640000000000000568e+00,3.969537294212582279e-01,-8.548517363687491849e-03,-2.636649655598771180e-01,3.969423450061057013e-01,-8.556392292526193710e-03,-2.636772571698776657e-01,4.267050565610363000e-01,-3.172844533919705334e-02,-2.760125440847976397e-01
3.650000000000000355e+00,4.088412146684051729e-01,-7.783212657949852877e-03,-2.501048785602281721e-01,4.088324095099767908e-01,-7.790675742664799827e-03,-2.501148454869958071e-01,4.352271544677737136e-01,-3.125550537341216517e-02,-2.642312026668403036e-01
3.660000000000001918e+00,4.201406030804885061e-01,-7.089592334501456511e-03,-2.355690500499172113e-01,4.201350995551565992e-01,-7.096700921724321924e-03,-2.355754686355507055e-01,4.457861261373199380e-01,-2.998655874615692440e-02,-2.475404344439304238e-01
3.669999999999999929e+00,4.306446823588703787e-01,-6.456151386564446502e-03,-2.202826543525817915e-01,4.306422043850557380e-01,-6.462995653901298584e-03,-2.202852249566174259e-01,4.562612194427250190e-01,-2.777121348039754412e-02,-2.274522401690231566e-01
3.680000000000001492e+00,4.402113183859175938e-01,-5.872401022766230057e-03,-2.044594285797994571e-01,4.402109934598436580e-01,-5.879057890489314264e-03,-2.044587363893496657e-01,4.636237859392969840e-01,-2.543618968943141267e-02,-2.099120516350582721e-01
3.689999999999999503e+00,4.487547817905739311e-01,-5.329496043342893917e-03,-1.882940884241954549e-01,4.487556297227983104e-01,-5.335986312671294265e-03,-1.882911664790661577e-01,4.680571958339627692e-01,-2.329495568160319663e-02,-1.971099924933789604e-01
3.700000000000001066e+00,4.562348848522190803e-01,-4.820285117908744074e-03,-1.719591874449209190e-01,4.562360816636810146e-01,-4.826598573890528501e-03,-1.719552185654683596e-01,4.730774045526526805e-01,-2.097734776120911693e-02,-1.807020606501753834e-01
3.709999999999999076e+00,4.626465080633299642e-01,-4.339119278206529651e-03,-1.556045185425261601e-01,4.626479004554799879e-01,-4.345300064113133930e-03,-1.555995869858720071e-01,4.781632825723842739e-01,-1.818568851946955611e-02,-1.611489690156611421e-01
3.720000000000000639e+00,4.680105414733031766e-01,-3.881588928842708529e-03,-1.393579081984798740e-01,4.680124133539600439e-01,-3.887725976186890732e-03,-1.393510163478579866e-01,4.810474610246848748e-01,-1.641643197258546572e-02,-1.474887759581295366e-01
3.730000000000002203e+00,4.723664774364463304e-01,-3.444265853448240204e-03,-1.233267295761446003e-01,4.723688311083998337e-01,-3.450406986511295442e-03,-1.233173231559372418e-01,4.840638539744395175e-01,-1.406575477538347940e-02,-1.307537222501338470e-01
3.740000000000000213e+00,4.757665477915087315e-01,-3.024479765936512621e-03,-1.075997432428571626e-01,4.757694706964301634e-01,-3.030663368534477521e-03,-1.075868047528313054e-01,4.862796214735335409e-01,-1.143710817491441767e-02,-1.146367089227667557e-01
3.750000000000001776e+00,4.782711795155169532e-01,-2.620136328221392679e-03,-9.224904002175517148e-02,4.782735998137347955e-01,-2.626320355407871232e-03,-9.223591013235825364e-02,4.875210943280759990e-01,-9.411823589767831510e-03,-1.021586436989353197e-01
3.759999999999999787e+00,4.799455257621252913e-01,-2.229574540100886116e-03,-7.733195841789958225e-02,4.799471582372751843e-01,-2.235746928455943899e-03,-7.732013583628274955e-02,4.885104427567810159e-01,-6.272849782576569999e-03,-8.586711699527593833e-02
3.770000000000001350e+00,4.808568527223053279e-01,-1.851457712699558803e-03,-6.289290691885421336e-02,4.808578684521108704e-01,-1.857600618347188606e-03,-6.288214256738260122e-02,4.886134761383512659e-01,-3.125738339582767589e-03,-6.796238462567372185e-02
3.779999999999999361e+00,4.810725982976781778e-01,-1.484691894279944373e-03,-4.896505589460748570e-02,4.810730935801750818e-01,-1.490768509020621180e-03,-4.895535763456574513e-02,4.880943424741477354e-01,-1.453485776968327370e-03,-5.260307462705848813e-02
3.790000000000000924e+00,4.806589540674533478e-01,-1.128365309187073394e-03,-3.557188404342574023e-02,4.806590743935429955e-01,-1.134321450365481871e-03,-3.556269551530310408e-02,4.869383417403532199e-01,-7.800230097912419502e-05,-3.902740367250012721e-02
3.799999999999998934e+00,4.796798529279517331e-01,-7.817044749832378903e-04,-2.272857630520856015e-02,4.796797019878561996e-01,-7.874683435951568191e-04,-2.271915569585863937e-02,4.851973074258446594e-01,1.667313285559662850e-03,-2.388127921042287882e-02
3.810000000000000497e+00,4.781962701708532548e-01,-4.440424193653591859e-04,-1.044327680028359594e-02,4.781958233165802263e-01,-4.495676488611936167e-04,-1.043408527093495249e-02,4.829001472181110310e-01,3.000022591302914376e-03,-8.972967968296607921e-03
3.820000000000002061e+00,4.762657659020740897e-01,-1.147959607651604101e-04,1.281795867756463543e-03,4.762650449932960273e-01,-1.200523614862824444e-04,1.290615786160158839e-03,4.804309836245267418e-01,4.507135053764432797e-03,4.083563241960852519e-03
3.830000000000000071e+00,4.739422124758746468e-01,2.065504278332202192e-04,1.244936174728659625e-02,4.739412648544085727e-01,2.015748911922662424e-04,1.245745713799730967e-02,4.778676989679497833e-01,6.057221701336421016e-03,1.626381450291980446e-02
3.840000000000001634e+00,4.712756628712062024e-01,5.204560554602994174e-04,2.306621111118781903e-02,4.712745283853932432e-01,5.157347572839319659e-04,2.307337442225140117e-02,4.748812264310110498e-01,7.367114677060637717e-03,2.860154742322784660e-02
3.849999999999999645e+00,4.683123254490048071e-01,8.273321922542070878e-04,3.314244429654209650e-02,4.683110809701303001e-01,8.228599280992450297e-04,3.314873966449011916e-02,4.711145504792679795e-01,8.650363534116162212e-03,4.171994789675770310e-02
3.860000000000001208e+00,4.650946179323182661e-01,1.127547979565647358e-03,4.269080983570294058e-02,4.650932614042666002e-01,1.123272952340930971e-03,4.269629322598227777e-02,4.672560679306616560e-01,9.656222118490404016e-03,5.325101674958310216e-02
3.869999999999999218e+00,4.616612792407969734e-01,1.421434863190724910e-03,5.172613130810312099e-02,4.616598905893512517e-01,1.417359363963005764e-03,5.173092510875492572e-02,4.630054351265583401e-01,1.039919941271673365e-02,6.427735556063796096e-02
3.880000000000000782e+00,4.580475223658697637e-01,1.709289989128266827e-03,6.026481385829920989e-02,4.580460676656458729e-01,1.705378436634432185e-03,6.026909722971106331e-02,4.577091871408155432e-01,1.109374235274669662e-02,7.687548396706939124e-02
3.890000000000002345e+00,4.542852150779715381e-01,1.991379062361992892e-03,6.832442190050423692e-02,4.542841018512903672e-01,1.987656864273400215e-03,6.832748308765911049e-02,4.524817100126006242e-01,1.206860570519477371e-02,8.873102298728674509e-02
3.900000000000000355e+00,4.504030781288368979e-01,2.267938756377419623e-03,7.592332013093694432e-02,4.504023112290166386e-01,2.264375957606779358e-03,7.592528151699888539e-02,4.467601117091798413e-01,1.321856897332249203e-02,1.003728756280898304e-01
3.910000000000001918e+00,4.464268929087857884e-01,2.539179028412160127e-03,8.308037057151756999e-02,4.464261661656528379e-01,2.535736467965965264e-03,8.308188689948681205e-02,4.412695761090796864e-01,1.369926621354261576e-02,1.098056988373204423e-01
3.919999999999999929e+00,4.423797123650567431e-01,2.805285178409607210e-03,8.981467897444234127e-02,4.423797496469712431e-01,2.801954320506643524e-03,8.981439452870401685e-02,4.363193128278831656e-01,1.409477659311068887e-02,1.173825175791404218e-01
3.930000000000001492e+00,4.382820704716058335e-01,3.066419962221634751e-03,9.614538449100060169e-02,4.382827767915629669e-01,3.063180683324650752e-03,9.614362759340826237e-02,4.295584482897087941e-01,1.564370757974697934e-02,1.297904911909114611e-01
3.939999999999999503e+00,4.341521867370964904e-01,3.322725615208344668e-03,1.020914870788074275e-01,4.341529620316530447e-01,3.319578093626791328e-03,1.020894490118020304e-01,4.228267877760237825e-01,1.598541142615358956e-02,1.377235422897990502e-01
3.950000000000001066e+00,4.300061631986135668e-01,3.574325853888600177e-03,1.076717076533420664e-01,4.300078305888614949e-01,3.571229271557798367e-03,1.076679139607494146e-01,4.187680988603689203e-01,1.706094086210499516e-02,1.431434759304172077e-01
3.959999999999999076e+00,4.258581721185950020e-01,3.821327838828847759e-03,1.129043764997339494e-01,4.258606278002698420e-01,3.818279923209553020e-03,1.128991661001812891e-01,4.135758142242805802e-01,1.830363279839598845e-02,1.511109837112848964e-01
3.970000000000000639e+00,4.217206332150408854e-01,4.063824073915480242e-03,1.178073459389702288e-01,4.217231078416427970e-01,4.060862753492253986e-03,1.178021495084592696e-01,4.117282844772461869e-01,1.809051864564473200e-02,1.529897029591489321e-01
3.980000000000002203e+00,4.176043797394375923e-01,4.301894258532822438e-03,1.223979236856388014e-01,4.176063362938940426e-01,4.299039430598664523e-03,1.223935679563369489e-01,4.127637751663121302e-01,1.841816551687093517e-02,1.506927389337727741e-01
3.990000000000000213e+00,4.135065411091157217e-01,4.532910431590315807e-03,1.266944367896815637e-01,4.135073021839321683e-01,4.529886980565210955e-03,1.266910312008001083e-01,4.146406444032880723e-01,1.799027229960269147e-02,1.481398781709914458e-01
4.000000000000001776e+00,4.093140295606071399e-01,4.723200803348491343e-03,1.307657563590895466e-01,4.093147162578998910e-01,4.719658247022246247e-03,1.307639974856543985e-01,4.162423469809659604e-01,1.719780254235503403e-02,1.438579339928902079e-01
4.009999999999999787e+00,4.061404891333708633e-01,4.830922233076519537e-03,1.343970204367451737e-01,4.061425971748273689e-01,4.827186248411781400e-03,1.343952299429219122e-01,4.188799128743221356e-01,1.719310594155645799e-02,1.409891064418480333e-01
4.020000000000001350e+00,4.050110569766222635e-01,4.922197237594423853e-03,1.366475892103313217e-01,4.050147844843858258e-01,4.918341211407856184e-03,1.366447806054399972e-01,4.221106627697353009e-01,1.688730419429235186e-02,1.378390838369809024e-01
4.029999999999999361e+00,4.056412789045848455e-01,5.006153390313734623e-03,1.372157060651713611e-01,4.056463626492480268e-01,5.002161242339665456e-03,1.372117810185906062e-01,4.270524219375261277e-01,1.716305731042500060e-02,1.350745768374855271e-01
4.040000000000000924e+00,4.078785728576356795e-01,5.078709980526623265e-03,1.360565137435929828e-01,4.078848644173762583e-01,5.074648617875291909e-03,1.360512865340585964e-01,4.315642195541722348e-01,1.689477956285068139e-02,1.302493023800316840e-01
4.049999999999998934e+00,4.115217389178022489e-01,5.138343285318747004e-03,1.331903442606535148e-01,4.115291426616597414e-01,5.134218053660331675e-03,1.331836240584830244e-01,4.358992645985533265e-01,1.533202242055067832e-02,1.221007319309403427e-01
4.060000000000000497e+00,4.163295251221496573e-01,5.181450362578872079e-03,1.286685807829056338e-01,4.163378502135843262e-01,5.177378538428503013e-03,1.286601062014170738e-01,4.399723694711309419e-01,1.496785388796091631e-02,1.146309849204562026e-01
4.070000000000002061e+00,4.220481436068171388e-01,5.194840342007876061e-03,1.225583820140459107e-01,4.220573235892613462e-01,5.190651471280851269e-03,1.225481647234916288e-01,4.445479089997752542e-01,1.535018348876347749e-02,1.068751850562841277e-01
4.080000000000000071e+00,4.284343344081763538e-01,5.145787493192920288e-03,1.149305346070704364e-01,4.284445285919583069e-01,5.141071974020674541e-03,1.149181404342195928e-01,4.482800985439467922e-01,1.467501080165969918e-02,9.827222163158233492e-02
4.090000000000001634e+00,4.352642810575367838e-01,4.976197420202959146e-03,1.058496722246074495e-01,4.352745585828874941e-01,4.971336863627081118e-03,1.058352719197292874e-01,4.520767814884800728e-01,1.345767416424205332e-02,8.852530435618766180e-02
4.099999999999999645e+00,4.423209923474144545e-01,4.613087455606388644e-03,9.537524053386639555e-02,4.423304267133449930e-01,4.608919011860120908e-03,9.535954872324865772e-02,4.561887813918660273e-01,1.140375520749954685e-02,7.800336075149155723e-02
4.110000000000001208e+00,4.493711671549078801e-01,3.999885558796364982e-03,8.358061812298497872e-02,4.493794485893535806e-01,3.996911966697501255e-03,8.356425594386239497e-02,4.616154639311755847e-01,9.423180841090117443e-03,6.514644956624554561e-02
4.119999999999999218e+00,4.561619118705998455e-01,3.129289568879191959e-03,7.057969922765348902e-02,4.561694972306034046e-01,3.126706484223580867e-03,7.056259084235121104e-02,4.671202402115171015e-01,8.163098402986582180e-03,5.293041808042975305e-02
4.130000000000000782e+00,4.624506056333696491e-01,2.048346477517867196e-03,5.653622400960664485e-02,4.624575187507095619e-01,2.045777401816627206e-03,5.651819226897322052e-02,4.722116657752621904e-01,6.545674601337550524e-03,4.009023322119237287e-02
4.140000000000002345e+00,4.680415369144242388e-01,8.338668826866567872e-04,4.164772044003468843e-02,4.680477992680408539e-01,8.309337556340436800e-04,4.162846600582428142e-02,4.764335940611201803e-01,4.947577066627323328e-03,2.638575767824713481e-02
4.150000000000000355e+00,4.728009370620580021e-01,-4.366271644127992175e-04,2.612026139899047139e-02,4.728062777762558899e-01,-4.400928125693179846e-04,2.609986823748041210e-02,4.787555144394910478e-01,3.291013347366894548e-03,1.563930364635973680e-02
4.160000000000001918e+00,4.766509796415557276e-01,-1.700824350772929885e-03,1.015000906916601296e-02,4.766551488829721128e-01,-1.704726658911488897e-03,1.012886235197425072e-02,4.807512214213475188e-01,1.297272829957271667e-03,3.213039893676716829e-03
4.169999999999999929e+00,4.795565176614264846e-01,-2.915104697261855851e-03,-6.085450955335356890e-03,4.795593922642502061e-01,-2.919178234621138193e-03,-6.106801011464046101e-03,4.824081754999938187e-01,-8.193875673835060436e-04,-1.184255213862456246e-02
4.180000000000001492e+00,4.815130651649044413e-01,-4.052191892786279927e-03,-2.242952381383388205e-02,4.815146668306165001e-01,-4.056227989956136953e-03,-2.245077055654406961e-02,4.838979346392695557e-01,-2.943783808808636548e-03,-3.102716726162441097e-02
4.189999999999999503e+00,4.825379720395956418e-01,-5.097370342544783710e-03,-3.874620118403697411e-02,4.825383547600817780e-01,-5.101370680797210309e-03,-3.876731133814357438e-02,4.850180909421368813e-01,-6.099982027420958186e-03,-5.410566729109606010e-02
4.200000000000001066e+00,4.826642100197776619e-01,-6.044982636867932482e-03,-5.491866596095851261e-02,4.826634310448715270e-01,-6.048821501725128690e-03,-5.493939468885711275e-02,4.854061472240246422e-01,-8.196133783608922085e-03,-7.059498291169707951e-02
4.209999999999999076e+00,4.819358911545555402e-01,-6.895626640714174610e-03,-7.084765556767967654e-02,4.819340512282233036e-01,-6.899123565494604329e-03,-7.086771688169135608e-02,4.852065038874483482e-01,-1.049871075974896650e-02,-8.704349930874288876e-02
4.220000000000000639e+00,4.804049018224249568e-01,-7.654033765399919850e-03,-8.644984143919856590e-02,4.804020994170042358e-01,-7.657162067603901986e-03,-8.646918156474804606e-02,4.835247814154015611e-01,-1.410678661108395737e-02,-1.110250340474379649e-01
4.230000000000002203e+00,4.781282870146718045e-01,-8.327505541084887636e-03,-1.016562952470114883e-01,4.781245550979423831e-01,-8.330432976927351976e-03,-1.016751332983798495e-01,4.809495771154382870e-01,-1.605530919868078388e-02,-1.300248277616335157e-01
4.240000000000000213e+00,4.751661746574780132e-01,-8.924782381511968746e-03,-1.164110511703463635e-01,4.751615214986111835e-01,-8.927681943578054044e-03,-1.164295574552132867e-01,4.785122711864384648e-01,-1.684292862539343849e-02,-1.432584357925984764e-01
4.250000000000001776e+00,4.715801141422912290e-01,-9.455239395287364304e-03,-1.306697579636056095e-01,4.715745946178189762e-01,-9.458100386819510985e-03,-1.306878840717751733e-01,4.753321005217103767e-01,-1.764924102918093152e-02,-1.576430406407150764e-01
4.259999999999999787e+00,4.674317478890905875e-01,-9.928326742380729278e-03,-1.443984136333218982e-01,4.674253509999296563e-01,-9.931140714210515141e-03,-1.444163279177229919e-01,4.708027857226292356e-01,-1.897246445038361373e-02,-1.746329203497836158e-01
4.270000000000001350e+00,4.627817587837593227e-01,-1.035319145257479652e-02,-1.575721782106698499e-01,4.627745499316076594e-01,-1.035588514694987458e-02,-1.575897862173401831e-01,4.646179688684953790e-01,-2.104237049739458854e-02,-1.947421394649595516e-01
4.279999999999999361e+00,4.576890498406863683e-01,-1.073843295078814528e-02,-1.701742627764024351e-01,4.576811460398949594e-01,-1.074094149466716178e-02,-1.701913624130750868e-01,4.594249471254192585e-01,-2.273594650533042327e-02,-2.100470631104011110e-01
4.290000000000000924e+00,4.522101206309100396e-01,-1.109195604616248880e-02,-1.821948944761961620e-01,4.522016279505237657e-01,-1.109433207508201021e-02,-1.822113455503306390e-01,4.543535686874845547e-01,-2.416896856546302264e-02,-2.240425546717057792e-01
4.299999999999998934e+00,4.463986104202148919e-01,-1.142089417340376098e-02,-1.936303578762760824e-01,4.463895673867538383e-01,-1.142318238733137405e-02,-1.936461961927608277e-01,4.482344599882702729e-01,-2.548558042106660593e-02,-2.393015204538906926e-01
4.310000000000000497e+00,4.403049817536636157e-01,-1.173158275067072778e-02,-2.044821132317537760e-01,4.402954411425821779e-01,-1.173381973635881370e-02,-2.044973382536042217e-01,4.416605657226342352e-01,-2.662909370019073130e-02,-2.536864572401792417e-01
4.320000000000002061e+00,4.339763215103909499e-01,-1.202956710580593835e-02,-2.147559912329838894e-01,4.339662947716902419e-01,-1.203167254738012407e-02,-2.147706865383154640e-01,4.354006913197040474e-01,-2.749212618088457682e-02,-2.656243945755532576e-01
4.330000000000000071e+00,4.274562389450657918e-01,-1.231963383960619704e-02,-2.244614634298352784e-01,4.274458666721109856e-01,-1.232167975480038570e-02,-2.244754621702979014e-01,4.292554574897288200e-01,-2.844299924765220089e-02,-2.761612987698843780e-01
4.339999999999998082e+00,4.207848428003017616e-01,-1.260585712403846509e-02,-2.336109862785198665e-01,4.207742432057716142e-01,-1.260793151662393391e-02,-2.336241834604697032e-01,4.217186837947531908e-01,-2.973631349151555081e-02,-2.878815345889047528e-01
4.349999999999999645e+00,4.139987815135971472e-01,-1.289165390237567883e-02,-2.422194164119290116e-01,4.139880225303455563e-01,-1.289384118408544097e-02,-2.422317993113251855e-01,4.141001003623930865e-01,-3.141815509436454712e-02,-2.991424931291792322e-01
4.360000000000001208e+00,4.071313329492903255e-01,-1.317984341822920485e-02,-2.503034933633649928e-01,4.071204444272579215e-01,-1.318215109867675733e-02,-2.503151132207444007e-01,4.056198301819756713e-01,-3.271049000618131419e-02,-3.108783746114519575e-01
4.369999999999999218e+00,4.002125316449664516e-01,-1.347270799323038726e-02,-2.578813860073271291e-01,4.002014711775928602e-01,-1.347478204031032911e-02,-2.578924361920861275e-01,3.971659287983637654e-01,-3.395624373698145904e-02,-3.212536572025724846e-01
4.380000000000000782e+00,3.932693234255434933e-01,-1.377205280595551057e-02,-2.649722982888846889e-01,3.932581923411261338e-01,-1.377406998082696815e-02,-2.649826954928183875e-01,3.918353813161423727e-01,-3.466437386884362037e-02,-3.269213827012998896e-01
4.389999999999998792e+00,3.863257389873083203e-01,-1.407926317429953993e-02,-2.715961294208589782e-01,3.863146277401882100e-01,-1.408112536082514916e-02,-2.716058591441872228e-01,3.861389060391742234e-01,-3.491117063918974806e-02,-3.329179679379225543e-01
4.400000000000000355e+00,3.794030792918057782e-01,-1.439535840948609827e-02,-2.777731838750671645e-01,3.793920855059609298e-01,-1.439718256311280434e-02,-2.777821892615405797e-01,3.796743899120037513e-01,-3.524201864498834047e-02,-3.392569292700454153e-01
4.409999999999998366e+00,3.725201068353689582e-01,-1.472104165549027559e-02,-2.835239264781523882e-01,3.725093736992461380e-01,-1.472295603051543625e-02,-2.835321101428403545e-01,3.719944609529198809e-01,-3.570137444721131759e-02,-3.454296859414143772e-01
4.419999999999999929e+00,3.656932385051332446e-01,-1.505674548240915935e-02,-2.888687776181411704e-01,3.656828211535915751e-01,-1.505870159756331379e-02,-2.888761663629041965e-01,3.645906240448286706e-01,-3.615459403371336367e-02,-3.509831866935481104e-01
4.429999999999997939e+00,3.589367358055693957e-01,-1.540267310355869848e-02,-2.938279445135043577e-01,3.589266954309449642e-01,-1.540485657998379165e-02,-2.938345129530872679e-01,3.585436195524422942e-01,-3.644576988345063495e-02,-3.549550439101425980e-01
4.439999999999999503e+00,3.522628901802234425e-01,-1.575883536844634517e-02,-2.984212838590799555e-01,3.522532855156745857e-01,-1.576108442086548989e-02,-2.984270765603151410e-01,3.509901693298681513e-01,-3.635448829052884134e-02,-3.589443885929026745e-01
4.450000000000001066e+00,3.456822009738144685e-01,-1.612508366150253863e-02,-3.026681921668976094e-01,3.456729583816142148e-01,-1.612755453579723178e-02,-3.026732930233133612e-01,3.463209647333433949e-01,-3.641280250749877323e-02,-3.616056983713770157e-01
4.459999999999999076e+00,3.392035445896477985e-01,-1.650113893548425456e-02,-3.065875200814666690e-01,3.391947795565204427e-01,-1.650365110863255894e-02,-3.065919289076080578e-01,3.426470560388095166e-01,-3.594508680781163812e-02,-3.629654481613214245e-01
4.470000000000000639e+00,3.328343340143323226e-01,-1.688661720744148373e-02,-3.101975072502360375e-01,3.328257769095983587e-01,-1.688931518594986858e-02,-3.102014327189216436e-01,3.394264356886380618e-01,-3.544517943825099826e-02,-3.642406188616463814e-01
4.479999999999998650e+00,3.265806679459813400e-01,-1.728105176349874206e-02,-3.135157348411817813e-01,3.265722934852213211e-01,-1.728385989233095082e-02,-3.135192283282667858e-01,3.377916495112760487e-01,-3.497427401218251852e-02,-3.643660887899628498e-01
4.490000000000000213e+00,3.204397378442682687e-01,-1.770503438056503925e-02,-3.165477369940902230e-01,3.204315265542220792e-01,-1.770810275759188840e-02,-3.165507982931324293e-01,3.367665233717227480e-01,-3.398097202137985440e-02,-3.631826978056351130e-01
4.499999999999998224e+00,3.143594884353113073e-01,-1.837976721748903891e-02,-3.191908157189203288e-01,3.143519352876600892e-01,-1.838274698361888962e-02,-3.191935672191507645e-01,3.362991239956587552e-01,-3.343449609191745386e-02,-3.626001546749791915e-01
4.509999999999999787e+00,3.094375096833542615e-01,-1.897398225728665760e-02,-3.215279647164632215e-01,3.094292663215708061e-01,-1.897759592580967186e-02,-3.215302654232508606e-01,3.366178891701340214e-01,-3.268668174993778763e-02,-3.614362762218978897e-01
4.519999999999997797e+00,3.066037014951729089e-01,-1.903915500399441449e-02,-3.234186649376991629e-01,3.065950285823487165e-01,-1.904301321081407899e-02,-3.234210243892776671e-01,3.378370324464226027e-01,-3.181806822578329974e-02,-3.594456066000470962e-01
4.529999999999999361e+00,3.057856165841477680e-01,-1.880478779765034150e-02,-3.245572219304858064e-01,3.057762341612295653e-01,-1.880884728291321029e-02,-3.245599198852165412e-01,3.402617974847547133e-01,-3.067558979865249447e-02,-3.564171721810893700e-01
4.540000000000000924e+00,3.070024515504036211e-01,-1.832797034705304154e-02,-3.248354463362045363e-01,3.069921563766212502e-01,-1.833222532104637759e-02,-3.248387292001982396e-01,3.445196458737347367e-01,-2.914840271462557086e-02,-3.528807073394363836e-01
4.549999999999998934e+00,3.101762827477487217e-01,-1.764708556981869209e-02,-3.241842356459136432e-01,3.101645687722711653e-01,-1.765146526761287443e-02,-3.241886886629269382e-01,3.499129506566017733e-01,-2.751473442210461418e-02,-3.495228209116556517e-01
4.560000000000000497e+00,3.151521311982789508e-01,-1.679872539760819336e-02,-3.225442310902839615e-01,3.151408158206825960e-01,-1.680323604295607884e-02,-3.225488380254298848e-01,3.579926368775382395e-01,-2.511218983375805569e-02,-3.437854722771531146e-01
4.569999999999998508e+00,3.217365816318424332e-01,-1.581974584881621140e-02,-3.198529677767429358e-01,3.217274606183169183e-01,-1.582439202473578943e-02,-3.198566155115095122e-01,3.666339276134267244e-01,-2.353910140352405422e-02,-3.382156992050784350e-01
4.580000000000000071e+00,3.297344464032756495e-01,-1.474876640332146299e-02,-3.160316068230766273e-01,3.297298228087661709e-01,-1.475353448563269769e-02,-3.160327936604403476e-01,3.738887739439491487e-01,-2.262868094557669851e-02,-3.333894553851484699e-01
4.589999999999998082e+00,3.389726536094766485e-01,-1.362747921922615769e-02,-3.109726787976844764e-01,3.389698432013175111e-01,-1.363227055746554089e-02,-3.109728743131890405e-01,3.814181892782534389e-01,-2.134740653848134218e-02,-3.275123667653410120e-01
4.599999999999999645e+00,3.492946601844718613e-01,-1.250010718584131791e-02,-3.045433630582403128e-01,3.492908441833368904e-01,-1.250470853606189606e-02,-3.045448427580952355e-01,3.898849231281560357e-01,-1.993152159260787315e-02,-3.205694071738551809e-01
4.610000000000001208e+00,3.605216587208263102e-01,-1.140881909867538790e-02,-2.966194616838775944e-01,3.605146513596843016e-01,-1.141300792295104824e-02,-2.966243850711716146e-01,3.986954703506472297e-01,-1.862820653247203306e-02,-3.128788089775683123e-01
4.619999999999999218e+00,3.724099202683239795e-01,-1.038605951295839061e-02,-2.871394367435024519e-01,3.723999179976085760e-01,-1.038979083361559440e-02,-2.871479743048346300e-01,4.078219034935237630e-01,-1.680904381370793010e-02,-3.041088306175531164e-01
4.630000000000000782e+00,3.846458952822614519e-01,-9.449115914757456533e-03,-2.761406922583783397e-01,3.846350717212265735e-01,-9.452491534021147113e-03,-2.761510076869893027e-01,4.193984136349427905e-01,-1.514165385566308697e-02,-2.919327574660434688e-01
4.639999999999998792e+00,3.968847250010204553e-01,-8.600838657148246816e-03,-2.637548186827315400e-01,3.968751181311899190e-01,-8.604036954127971745e-03,-2.637649667357869765e-01,4.320250523135135134e-01,-1.298149961205422032e-02,-2.770122113886789861e-01
4.650000000000000355e+00,4.088005935045096462e-01,-7.834649562543422388e-03,-2.501756375873375737e-01,4.087918491595612935e-01,-7.837701018203940828e-03,-2.501861669274693112e-01,4.452561519037525617e-01,-1.073609995795300753e-02,-2.593007754824161459e-01
4.659999999999998366e+00,4.201212243086839271e-01,-7.139799942346856422e-03,-2.356248100213242658e-01,4.201128483106352229e-01,-7.142698171238011026e-03,-2.356364065959148657e-01,4.577300903568023438e-01,-8.487270630880047739e-03,-2.390092632692560892e-01
4.669999999999999929e+00,4.306409703561234203e-01,-6.504854310151169522e-03,-2.203270354420183430e-01,4.306329642205338204e-01,-6.507618337892436856e-03,-2.203398419005910824e-01,4.663627036476567511e-01,-6.569131606714170846e-03,-2.208530519427687744e-01
4.679999999999997939e+00,4.402191207932478756e-01,-5.919411105795111677e-03,-2.044954302520624601e-01,4.402115096939502870e-01,-5.922023807817316729e-03,-2.045095752290261859e-01,4.727996876169343610e-01,-4.819040830187013014e-03,-2.031256545200421093e-01
4.689999999999999503e+00,4.487711083571666593e-01,-5.374707678247636275e-03,-1.883240809383145142e-01,4.487638638049494255e-01,-5.377083253792182098e-03,-1.883397030135361139e-01,4.776208249130849959e-01,-3.166625297739880662e-03,-1.860694267655541023e-01
4.700000000000001066e+00,4.562576338125219344e-01,-4.863661541962999678e-03,-1.719849699673175747e-01,4.562509021620405059e-01,-4.865711482781245531e-03,-1.720018294467715037e-01,4.817140320407392595e-01,-1.586066545091219249e-03,-1.678129747111154202e-01
4.709999999999999076e+00,4.626742265451894709e-01,-4.380676898687670302e-03,-1.556274037785239650e-01,4.626682722358121946e-01,-4.382384968949843557e-03,-1.556449529631548923e-01,4.850876627997361412e-01,-2.617373170621939416e-04,-1.482416844806541123e-01
4.720000000000000639e+00,4.680422337471960570e-01,-3.921382830260094349e-03,-1.393788121705658578e-01,4.680369690935092808e-01,-3.922755538447050827e-03,-1.393973635332914629e-01,4.873398405754394425e-01,9.591710825445354249e-04,-1.295110915605358626e-01
4.729999999999998650e+00,4.724014596658471232e-01,-3.482377645313858815e-03,-1.233462559391877711e-01,4.723969127639143784e-01,-3.483446628605104019e-03,-1.233658707677574712e-01,4.887806204691086398e-01,1.740639852932768239e-03,-1.109363064929183018e-01
4.740000000000000213e+00,4.758043422537658884e-01,-3.061007876362853083e-03,-1.076182574300275502e-01,4.758002508208144521e-01,-3.061777544673931293e-03,-1.076401587142428173e-01,4.894071933112165151e-01,2.996108460826013564e-03,-9.525805183603403004e-02
4.749999999999998224e+00,4.783114400380958919e-01,-2.655188450296629577e-03,-9.226673172717779481e-02,4.783083006234883916e-01,-2.655726675500604851e-03,-9.228908017359560567e-02,4.894724077468621815e-01,4.107443523178877509e-03,-7.903015908780144927e-02
4.759999999999999787e+00,4.799879867666679845e-01,-2.263262166143934374e-03,-7.734889264055898328e-02,4.799859479929589612e-01,-2.263621573052222811e-03,-7.737061658543956111e-02,4.889638871356258853e-01,5.314663243162320860e-03,-6.260176958375890388e-02
4.769999999999997797e+00,4.809012955809794376e-01,-1.883892122834167175e-03,-6.290906451796535181e-02,4.809002474867669630e-01,-1.884135566262312537e-03,-6.293002097633550174e-02,4.878883233575732614e-01,6.745299126829459868e-03,-4.649074546760079141e-02
4.779999999999999361e+00,4.811188300320355937e-01,-1.515981256939559919e-03,-4.898036501912025886e-02,4.811187629258799059e-01,-1.516196898983655133e-03,-4.899961473713919380e-02,4.863091940049014683e-01,7.531127485299868307e-03,-3.219882560195935772e-02
4.790000000000000924e+00,4.807067946161551197e-01,-1.158612921808840901e-03,-3.558624389317447539e-02,4.807075502323056582e-01,-1.158859221968037197e-03,-3.560383247285051761e-02,4.842884360702586211e-01,8.122980199557705561e-03,-1.823563854436555109e-02
4.799999999999998934e+00,4.797291282046396987e-01,-8.110075785466880783e-04,-2.274187455666045951e-02,4.797305475730385682e-01,-8.112978459380720819e-04,-2.275818955786938075e-02,4.822047487353041673e-01,8.641574202148560868e-03,-6.277790526656445991e-03
4.810000000000000497e+00,4.782468088911733806e-01,-4.724915359787367755e-04,-1.045540195050118255e-02,4.782487838957442672e-01,-4.728122411612545122e-04,-1.047085862511604182e-02,4.793772262758054792e-01,9.233411871369751056e-03,7.560425742211662747e-03
4.819999999999998508e+00,4.763173987508860230e-01,-1.424746478926366944e-04,1.270946161484621910e-03,4.763198582774423873e-01,-1.427870961187709153e-04,1.255993605757690056e-03,4.768601253608982793e-01,1.012687539046534801e-02,1.874347838522943954e-02
4.830000000000000071e+00,4.739947726247341619e-01,1.795655494751601617e-04,1.243987542272063235e-02,4.739976550795389487e-01,1.793143498681825190e-04,1.242553127431931560e-02,4.741205605483047592e-01,1.183741311439617805e-02,2.956163300113151537e-02
4.839999999999998082e+00,4.713289871776052409e-01,4.940951451557833943e-04,2.305815879554118375e-02,4.713322352994748776e-01,4.939352415074712817e-04,2.304438108376605926e-02,4.709920148288277986e-01,1.297656366410736284e-02,4.148425026698943086e-02
4.849999999999999645e+00,4.683662559016608662e-01,8.015318229032770622e-04,3.313587812077828376e-02,4.683697639127007428e-01,8.014926822135446651e-04,3.312309759742434329e-02,4.673564194895272195e-01,1.371621649102579277e-02,5.335229646526246094e-02
4.860000000000001208e+00,4.651490030720158986e-01,1.102250780130474691e-03,4.268576348005850146e-02,4.651526992935551830e-01,1.102331389657399026e-03,4.267395621399848460e-02,4.635185660245346728e-01,1.431875755964832908e-02,6.520510641422294640e-02
4.869999999999999218e+00,4.617159754013955286e-01,1.396589056750768311e-03,5.172262088895595439e-02,4.617197569121193057e-01,1.396782456173390786e-03,5.171199758575042993e-02,4.592545255428848172e-01,1.507947411672637406e-02,7.660962057052483898e-02
4.880000000000000782e+00,4.581023946579999007e-01,1.684848955550073387e-03,6.026283935818074061e-02,4.581062169913279192e-01,1.685139913482037403e-03,6.025324634830857284e-02,4.545876688319303582e-01,1.569624738691380306e-02,8.812653571973594335e-02
4.889999999999998792e+00,4.543401380896570640e-01,1.967300872038905881e-03,6.832396891417005791e-02,4.543439599064521550e-01,1.967673189401544873e-03,6.831532582655071295e-02,4.506476164458990130e-01,1.625413860587436587e-02,9.677381277429591977e-02
4.900000000000000355e+00,4.504579363493328437e-01,2.244185783901477688e-03,7.592436175794531339e-02,4.504617460261102213e-01,2.244629413722299197e-03,7.591648907526975243e-02,4.458783449380583352e-01,1.670227838623852823e-02,1.058102366515012993e-01
4.909999999999998366e+00,4.464815809014129888e-01,2.515717455699669185e-03,8.308286933756942050e-02,4.464853717554381207e-01,2.516219234611467501e-03,8.307563377615018174e-02,4.389430676760415206e-01,1.663017174873276938e-02,1.173558196198469794e-01
4.919999999999999929e+00,4.424341347236981914e-01,2.782084683504350980e-03,8.981858869135112000e-02,4.424378967378436722e-01,2.782621771315448023e-03,8.981189255147176143e-02,4.343849845612994809e-01,1.661042816969054980e-02,1.245646240907760105e-01
4.929999999999997939e+00,4.383361416000318700e-01,3.043453322896601601e-03,9.615065200502118103e-02,4.383399299509743718e-01,3.044001151073813353e-03,9.614418021330708997e-02,4.298435440289407605e-01,1.670059945675969604e-02,1.322447377912196465e-01
4.939999999999999503e+00,4.342058304892429388e-01,3.299968388515383405e-03,1.020980538697786461e-01,4.342097039106913026e-01,3.300509976659395800e-03,1.020915407275531095e-01,4.231602598577834939e-01,1.697393829189931813e-02,1.431136017837115193e-01
4.950000000000001066e+00,4.300593124155314695e-01,3.551756073753473478e-03,1.076795112680619254e-01,4.300632313826673325e-01,3.552297666572446812e-03,1.076730533378394694e-01,4.192205157865939169e-01,1.672859723773305329e-02,1.478573991057997028e-01
4.959999999999999076e+00,4.259107680936403684e-01,3.798925749438973858e-03,1.129133518129415842e-01,4.259145779996265091e-01,3.799499623833900355e-03,1.129073696470313803e-01,4.161813495603405855e-01,1.634154700835895035e-02,1.513612487135649332e-01
4.970000000000000639e+00,4.217726251143454341e-01,4.041571891423635307e-03,1.178174262443311415e-01,4.217762031009803514e-01,4.042207925382249045e-03,1.178121956666060149e-01,4.115108440382321264e-01,1.504440096908384039e-02,1.558406607409451583e-01
4.979999999999998650e+00,4.176557239998883730e-01,4.279775944975163643e-03,1.224090416254461078e-01,4.176591083634587087e-01,4.280475187792271916e-03,1.224043804958490356e-01,4.130075528255530148e-01,1.378110090423505241e-02,1.527604713605687503e-01
4.990000000000000213e+00,4.135578096295601247e-01,4.511039874130559277e-03,1.267064428111792929e-01,4.135609304294609601e-01,4.511770060658006412e-03,1.267022783312796164e-01,4.152514267929952041e-01,1.229582887666151592e-02,1.486307730123930804e-01
4.999999999999998224e+00,4.093670218621839885e-01,4.702522856783462532e-03,1.307766164986361446e-01,4.093714600380166102e-01,4.703200476997038484e-03,1.307725435828218929e-01,4.177023787763010088e-01,1.051603574434921418e-02,1.423920525174873775e-01
5.009999999999999787e+00,4.061773716632623987e-01,4.811063765797627539e-03,1.344128811644072496e-01,4.061811263368563796e-01,4.811777781926328962e-03,1.344089376632924826e-01,4.226164852897066337e-01,1.097088359052414419e-02,1.401771307204479622e-01
5.019999999999997797e+00,4.050336912710491566e-01,4.902778729458486667e-03,1.366739634340112530e-01,4.050374968832831657e-01,4.903501898587247360e-03,1.366699967521253500e-01,4.266343936932692760e-01,9.109012597737053962e-03,1.348624438788753599e-01
5.029999999999999361e+00,4.056508458243133775e-01,4.987206561122669267e-03,1.372537010923576550e-01,4.056545039878240999e-01,4.987970274220755035e-03,1.372499722801699962e-01,4.321244435579234544e-01,7.357637667379193780e-03,1.287136711468762074e-01
5.040000000000000924e+00,4.078763981649483616e-01,5.060260949749624884e-03,1.361063112158457933e-01,4.078799218164533835e-01,5.061061165248066478e-03,1.361026356661932113e-01,4.365062247854183397e-01,4.995679774829023256e-03,1.198651215986849539e-01
5.049999999999998934e+00,4.115095856206369418e-01,5.120424489833497704e-03,1.332517136498755639e-01,4.115130052587797072e-01,5.121189986293577141e-03,1.332485075645873096e-01,4.406230767248393576e-01,3.754882779300430795e-03,1.120608505690019463e-01
5.059999999999996945e+00,4.163093717932791482e-01,5.164142002180506681e-03,1.287410598255663841e-01,4.163131808901813224e-01,5.164694343621170636e-03,1.287373661267315061e-01,4.443130409137387993e-01,2.964092041045057746e-03,1.040200149048416400e-01
5.070000000000002061e+00,4.220219632382729014e-01,5.178337626388214605e-03,1.226413944622924551e-01,4.220260139730079851e-01,5.178684700921034126e-03,1.226368260144149874e-01,4.475658638682562529e-01,2.243098506766419420e-03,9.511844236990818491e-02
5.080000000000000071e+00,4.284039434900803189e-01,5.130473648831325451e-03,1.150234941967203661e-01,4.284079558191187798e-01,5.130675459079320037e-03,1.150183594708305140e-01,4.501714014296692712e-01,1.663126073840850982e-03,8.780065904980360880e-02
5.089999999999998082e+00,4.352313424125076602e-01,4.962640972355327265e-03,1.059520413635819946e-01,4.352352708644779411e-01,4.962749868381484582e-03,1.059461917374029810e-01,4.523709541361886632e-01,1.050674404673559992e-03,8.194090853401037045e-02
5.099999999999999645e+00,4.422871823315079887e-01,4.601872253987339748e-03,9.548646380886371965e-02,4.422902867989397246e-01,4.602761163967434600e-03,9.548049470848199438e-02,4.556900532615529853e-01,-4.144425176436788982e-04,7.344701815597087791e-02
5.110000000000001208e+00,4.493383246936219488e-01,3.991318753042868289e-03,8.369992746870255629e-02,4.493403410994904479e-01,3.993728051059624619e-03,8.369448791664023390e-02,4.647118918940005283e-01,-3.357304157710835901e-03,5.216662350958867211e-02
5.119999999999999218e+00,4.561319346759057924e-01,3.123222115043345227e-03,7.070595657064153439e-02,4.561336290700174212e-01,3.126225868320391555e-03,7.070085666236582134e-02,4.705290717877840256e-01,-4.420597869360137766e-03,3.856766379259102262e-02
5.129999999999997229e+00,4.624251505068646129e-01,2.044268664622519906e-03,5.666796445823778228e-02,4.624267619837126864e-01,2.047449475865207712e-03,5.666286709371225194e-02,4.745824284850173047e-01,-5.266644187885902162e-03,2.673221137151088334e-02
5.139999999999998792e+00,4.680218037286495991e-01,8.311515283441955676e-04,4.178334236621178421e-02,4.680235252181794148e-01,8.340356322425480353e-04,4.177773811961887906e-02,4.775815946795326505e-01,-5.640768913850249811e-03,1.563851214798062106e-02
5.150000000000000355e+00,4.727876502044627838e-01,-4.385398235725546058e-04,2.625820625801714853e-02,4.727893372986819442e-01,-4.361864832143640038e-04,2.625190981634129006e-02,4.796951166638632191e-01,-6.180677738567744162e-03,5.731698645970506600e-03
5.159999999999998366e+00,4.766444793560263848e-01,-1.702357157568084927e-03,1.028886077923371958e-02,4.766459518356402913e-01,-1.700600440915576213e-03,1.028190188509191076e-02,4.807771720168000362e-01,-6.672557333895379195e-03,-2.311442072998493025e-03
5.169999999999999929e+00,4.795568649063277622e-01,-2.916544866203107152e-03,-5.946931523039600265e-03,4.795580149413041782e-01,-2.915461463299685342e-03,-5.954516880043276075e-03,4.837143245528554569e-01,-8.570809136157861441e-03,-3.408953038090523080e-02
5.180000000000001492e+00,4.815201242900609691e-01,-4.053716735135922365e-03,-2.229239722429482776e-02,4.815208563949716081e-01,-4.053129051365586197e-03,-2.230023008200261725e-02,4.851644772846612774e-01,-1.017535045444815933e-02,-5.904874311450070135e-02
5.189999999999999503e+00,4.825514699350614278e-01,-5.099075487680126105e-03,-3.861136057068670357e-02,4.825517640064276859e-01,-5.098951807963248394e-03,-3.861938276627405187e-02,4.856371711455690354e-01,-1.169071836410655318e-02,-7.550864700295120691e-02
5.199999999999997513e+00,4.826837784602666104e-01,-6.046905976519896184e-03,-5.478685191939355187e-02,4.826835061606356003e-01,-6.047855051972206471e-03,-5.479650187430668007e-02,4.857804951358879464e-01,-1.362562699051474147e-02,-9.321158514249491822e-02
5.209999999999999076e+00,4.819610980868973549e-01,-6.897766877269157978e-03,-7.071947146253387828e-02,4.819601263335835939e-01,-6.899569903881112680e-03,-7.073063923450088886e-02,4.850362807831752887e-01,-1.509842650476486692e-02,-1.103343119585451781e-01
5.220000000000000639e+00,4.804352752039681151e-01,-7.656364335851343836e-03,-8.632576807221718773e-02,4.804336555215109050e-01,-7.658477725278097469e-03,-8.633742154689294512e-02,4.835296228815676445e-01,-1.594687518982383645e-02,-1.238159448366059900e-01
5.229999999999998650e+00,4.781633333362203531e-01,-8.329984696027843347e-03,-1.015367045890855080e-01,4.781612134389800484e-01,-8.332196347671259884e-03,-1.015479937221492462e-01,4.810890901464567326e-01,-1.671401591058652158e-02,-1.395421009578178551e-01
5.240000000000000213e+00,4.752053934232839394e-01,-8.927360538828477132e-03,-1.162962191787405564e-01,4.752029003808638241e-01,-8.929860852192075121e-03,-1.163067605380574687e-01,4.779558444900900982e-01,-1.748249431687234901e-02,-1.544484826764956076e-01
5.250000000000001776e+00,4.716230091569226235e-01,-9.457864222463006204e-03,-1.305598764686619895e-01,4.716202742974444639e-01,-9.460863765096140868e-03,-1.305694143940718255e-01,4.735505641155339784e-01,-1.828476444221398267e-02,-1.713217081161811928e-01
5.259999999999999787e+00,4.674778359334831879e-01,-9.930946671183143309e-03,-1.442936013578302590e-01,4.674749539152235900e-01,-9.934434608458064114e-03,-1.443020983417378500e-01,4.681653932167132437e-01,-1.908159084443132592e-02,-1.892487227396408567e-01
5.269999999999997797e+00,4.628305761349989500e-01,-1.035575798860181515e-02,-1.574724909348484414e-01,4.628276397153068267e-01,-1.035964949992652755e-02,-1.574799179852551523e-01,4.633135994428166926e-01,-2.018725742926906486e-02,-2.039355135211702030e-01
5.279999999999999361e+00,4.577401570050494972e-01,-1.074090207872269859e-02,-1.700797026524493438e-01,4.577371384235833784e-01,-1.074510312492403530e-02,-1.700863378600378228e-01,4.585576135426372435e-01,-2.142200013677948711e-02,-2.174586060031237222e-01
5.290000000000000924e+00,4.522631055953106882e-01,-1.109428900119558033e-02,-1.821054185103334611e-01,4.522599702080675188e-01,-1.109874125853313812e-02,-1.821114821497379910e-01,4.539318489910421084e-01,-2.247109540681743733e-02,-2.296960460650652180e-01
5.299999999999998934e+00,4.464530906808367172e-01,-1.142305777222372282e-02,-1.935458856054614041e-01,4.464498387416603320e-01,-1.142773250430270671e-02,-1.935514707978703841e-01,4.465426037848795326e-01,-2.324637846378320438e-02,-2.470096903595116189e-01
5.309999999999996945e+00,4.403606053318071534e-01,-1.173354942256333959e-02,-2.044025336521767822e-01,4.403572141159184938e-01,-1.173847144238081112e-02,-2.044077561707022261e-01,4.396469651387404642e-01,-2.400323099026670237e-02,-2.605951321686748035e-01
5.320000000000002061e+00,4.340327672060345088e-01,-1.203131464569385731e-02,-2.146811688827794107e-01,4.340292419064240570e-01,-1.203647002893572238e-02,-2.146860709114420396e-01,4.336587073591864350e-01,-2.455282988903757790e-02,-2.710068289546849196e-01
5.330000000000000071e+00,4.275132159443089663e-01,-1.232114507476084198e-02,-2.243912437987801989e-01,4.275095517251209509e-01,-1.232645780269245837e-02,-2.243958792062285268e-01,4.274938696630414814e-01,-2.512624017711005686e-02,-2.806178339999374494e-01
5.339999999999998082e+00,4.208420897637739078e-01,-1.260711950364265185e-02,-2.335452005913846163e-01,4.208378608801390808e-01,-1.261172704426862315e-02,-2.335503740693258279e-01,4.222429524308143334e-01,-2.576882909848345060e-02,-2.881570500508126020e-01
5.349999999999999645e+00,4.140560653653438949e-01,-1.289265901002393730e-02,-2.421578856697690074e-01,4.140515904737127606e-01,-1.289698933006366670e-02,-2.421630211631816687e-01,4.162290487048260212e-01,-2.660983387910979825e-02,-2.965570229720239648e-01
5.360000000000001208e+00,4.071884473879027189e-01,-1.318058649636952989e-02,-2.502460318510271731e-01,4.071836111089118804e-01,-1.318416651448512181e-02,-2.502513651231010328e-01,4.053235348088798373e-01,-2.793125559267223279e-02,-3.113690117201818874e-01
5.369999999999999218e+00,4.002692954180734897e-01,-1.347318747765081058e-02,-2.578278043436200151e-01,4.002643372888513573e-01,-1.347634619118704899e-02,-2.578329724065956396e-01,3.986068754454137331e-01,-2.836488680141138752e-02,-3.194910913099744953e-01
5.379999999999997229e+00,3.933255786333554882e-01,-1.377226986587090120e-02,-2.649224058382629310e-01,3.933207387761368801e-01,-1.377518675347849490e-02,-2.649271203998083135e-01,3.920647126174684471e-01,-2.847285236341443038e-02,-3.268232637242547978e-01
5.389999999999998792e+00,3.863813492340191780e-01,-1.407922129592115851e-02,-2.715497364100851740e-01,3.863766612110616228e-01,-1.408183701704788897e-02,-2.715540228151774871e-01,3.846403776386280171e-01,-2.811506184954234988e-02,-3.341564784681288480e-01
5.400000000000000355e+00,3.794579278613672835e-01,-1.439506300582145057e-02,-2.777301030923698955e-01,3.794536221258035247e-01,-1.439786620193634313e-02,-2.777336821047269866e-01,3.784025791073665212e-01,-2.836639227743063818e-02,-3.394802113586181114e-01
5.409999999999998366e+00,3.725740949794290602e-01,-1.472049972291848696e-02,-2.834839745778541253e-01,3.725701636088412094e-01,-1.472316163145881603e-02,-2.834869805328349979e-01,3.723908222691796333e-01,-2.828932316710612571e-02,-3.442458591777292631e-01
5.419999999999999929e+00,3.657462836417891827e-01,-1.505596527515476110e-02,-2.888317762573842651e-01,3.657427251185690897e-01,-1.505896967036081044e-02,-2.888341760234067190e-01,3.661886924412756095e-01,-2.808433751204070239e-02,-3.486435544092053029e-01
5.430000000000001492e+00,3.589887699599903503e-01,-1.540166386571372933e-02,-2.937937211103449631e-01,3.589856821378170082e-01,-1.540463019909308132e-02,-2.937955544213156633e-01,3.621280535644590959e-01,-2.766275157648814820e-02,-3.512227409466596173e-01
5.439999999999999503e+00,3.523138584611811841e-01,-1.575760709723565342e-02,-2.983896721898422477e-01,3.523110337190820673e-01,-1.576090963095826830e-02,-2.983910891153764844e-01,3.581466320631540023e-01,-2.722301211359723361e-02,-3.538842980097736124e-01
5.449999999999997513e+00,3.457320600785532827e-01,-1.612364688070884802e-02,-3.026390328212666958e-01,3.457301438395072868e-01,-1.612651687644141643e-02,-3.026397214195876151e-01,3.545643437825192201e-01,-2.660984826540335746e-02,-3.561927419787164206e-01
5.459999999999999076e+00,3.392522615204214831e-01,-1.649950452453098973e-02,-3.065606607005107453e-01,3.392511522873128960e-01,-1.650211097248725431e-02,-3.065607386821367908e-01,3.517440931731254938e-01,-2.586158282010232734e-02,-3.578290038782168114e-01
5.470000000000000639e+00,3.328818848686070364e-01,-1.688479625209121648e-02,-3.101728026621620171e-01,3.328809912744232213e-01,-1.688774723162522057e-02,-3.101726194677758008e-01,3.495561898318002569e-01,-2.527346211390711639e-02,-3.590424404582575613e-01
5.479999999999998650e+00,3.266270367878130743e-01,-1.727905542208669001e-02,-3.134930471043934075e-01,3.266261023914737160e-01,-1.728245405406894641e-02,-3.134927536784662405e-01,3.482866884333714053e-01,-2.479199988347810524e-02,-3.594841400786743524e-01
5.490000000000000213e+00,3.204869286278597684e-01,-1.769758496411168169e-02,-3.165297827932295749e-01,3.204860312319746662e-01,-1.770142884936727265e-02,-3.165292693360582388e-01,3.477138286345212714e-01,-2.314283524426243022e-02,-3.587312603029088054e-01
5.500000000000001776e+00,3.144072905130660400e-01,-1.834083407551065012e-02,-3.191907564765085747e-01,3.144068598182723773e-01,-1.834477672946605367e-02,-3.191901403647793289e-01,3.482630655976374223e-01,-2.202030248046528416e-02,-3.570177112098922856e-01
5.509999999999999787e+00,3.093694715596448930e-01,-1.896965789707305214e-02,-3.215285337263867893e-01,3.093693304636108699e-01,-1.897380435705188842e-02,-3.215277358787038686e-01,3.499251733102596296e-01,-2.082464516846332936e-02,-3.547078911862359130e-01
5.519999999999997797e+00,3.064179631363983525e-01,-1.905679782201024144e-02,-3.234514208108617006e-01,3.064182126067535039e-01,-1.906099104896759322e-02,-3.234505147110005030e-01,3.527866413511080435e-01,-1.937599500777827111e-02,-3.516192858883418482e-01
5.529999999999999361e+00,3.054791491145751881e-01,-1.883829166650980227e-02,-3.246364060556784503e-01,3.054797408894040500e-01,-1.884254056996864657e-02,-3.246353402282063372e-01,3.564392649381782352e-01,-1.841299609435166629e-02,-3.479164721866191967e-01
5.540000000000000924e+00,3.065766259232832192e-01,-1.837492120004539237e-02,-3.249694740601738463e-01,3.065773576940743483e-01,-1.837913093847071480e-02,-3.249684511955822641e-01,3.610282640527677778e-01,-1.723215705272454490e-02,-3.439652518532099745e-01
5.549999999999998934e+00,3.096388041356646359e-01,-1.770526098395431083e-02,-3.243797780284178867e-01,3.096392514205220658e-01,-1.770940173116710564e-02,-3.243791278145097268e-01,3.671239806076799228e-01,-1.597842435528411265e-02,-3.393661438908996408e-01
5.559999999999996945e+00,3.145146503610471989e-01,-1.686586434623674191e-02,-3.228072601531228880e-01,3.145161308760445751e-01,-1.687002551888123342e-02,-3.228060728826524506e-01,3.728552934187545631e-01,-1.513435810728085140e-02,-3.350410194022203081e-01
5.570000000000002061e+00,3.210121793105299437e-01,-1.589347235678871192e-02,-3.201895859837963765e-01,3.210162093036861841e-01,-1.589773155029229265e-02,-3.201867340722413524e-01,3.808135514529562560e-01,-1.391177631356456390e-02,-3.291064354957893845e-01
5.580000000000000071e+00,3.289354892012956166e-01,-1.482650253163037869e-02,-3.164490312314640619e-01,3.289420858146291371e-01,-1.483080829509986556e-02,-3.164442836018659944e-01,3.885506290390443596e-01,-1.322481307031264652e-02,-3.226363148812962933e-01
5.589999999999998082e+00,3.381099841496846836e-01,-1.370639899612323236e-02,-3.114798469620546628e-01,3.381161353145689108e-01,-1.371060464990151058e-02,-3.114751817120187116e-01,3.944146442498303040e-01,-1.277909567549359582e-02,-3.176357250921723052e-01
5.599999999999999645e+00,3.483790895919766095e-01,-1.257728757115941787e-02,-3.051499180419293134e-01,3.483847714861718070e-01,-1.258138542764653152e-02,-3.051453003662306096e-01,4.019357174656880138e-01,-1.205427561104034651e-02,-3.105346506951215946e-01
5.610000000000001208e+00,3.595670571105284430e-01,-1.148168392607914513e-02,-2.973326175992483389e-01,3.595714061300588904e-01,-1.148552197562856952e-02,-2.973289424106584922e-01,4.124504766857532978e-01,-1.087166490072768998e-02,-2.991649989796653641e-01
5.619999999999999218e+00,3.714351081916423269e-01,-1.045289451472742638e-02,-2.879605207646017684e-01,3.714377696511213522e-01,-1.045640024110267539e-02,-2.879581832397701824e-01,4.220335908892719479e-01,-9.721961467327497330e-03,-2.874774332583619474e-01
5.629999999999997229e+00,3.836733383342028070e-01,-9.509260263772592592e-03,-2.770639622162645033e-01,3.836754462245846042e-01,-9.512508129530573148e-03,-2.770618643138510473e-01,4.312069161277669593e-01,-8.628668108337109177e-03,-2.755688919581561480e-01
5.639999999999998792e+00,3.959371911383313680e-01,-8.654468489612196502e-03,-2.647689039892953122e-01,3.959398671298238193e-01,-8.657583040379199929e-03,-2.647658656878949524e-01,4.409973613909229373e-01,-7.607534594111273196e-03,-2.621607256332588731e-01
5.650000000000000355e+00,4.078981476662433270e-01,-7.882406109922159704e-03,-2.512659701289259861e-01,4.079009043922826594e-01,-7.885397574766840612e-03,-2.512625727715735446e-01,4.538354782261572185e-01,-6.533381371368579549e-03,-2.421148236643573537e-01
5.659999999999998366e+00,4.192796651485389270e-01,-7.182488678573755239e-03,-2.367756966136640995e-01,4.192821052783179403e-01,-7.185356669802476018e-03,-2.367724144347349013e-01,4.625206432924535704e-01,-6.008473333076316814e-03,-2.257126423255323422e-01
5.669999999999999929e+00,4.298715292194829618e-01,-6.543272234929483136e-03,-2.215230100973508698e-01,4.298736218382658847e-01,-6.545994035524043200e-03,-2.215200904761938927e-01,4.698197986914804947e-01,-5.226741806986581751e-03,-2.082482174954521370e-01
5.680000000000001492e+00,4.395288740356217971e-01,-5.954270544652296576e-03,-2.057220159695656025e-01,4.395303560887131589e-01,-5.956764053016976035e-03,-2.057199888992239378e-01,4.758297009119111243e-01,-4.189195947993384905e-03,-1.895646385804699852e-01
5.689999999999999503e+00,4.481636702846982234e-01,-5.406614238378395706e-03,-1.895681667488657018e-01,4.481644680219724064e-01,-5.408835200413512900e-03,-1.895672413264778977e-01,4.796625008705376336e-01,-3.039651330131232232e-03,-1.739383144462224584e-01
5.699999999999997513e+00,4.557338880325161323e-01,-4.893117410139277354e-03,-1.732349577860217427e-01,4.557342205524895218e-01,-4.895066297924184455e-03,-1.732348820217168295e-01,4.823502256220665307e-01,-2.207997983002640829e-03,-1.600807116811261976e-01
5.709999999999999076e+00,4.622329873035798120e-01,-4.408093995811761256e-03,-1.568732227404864843e-01,4.622336079687029975e-01,-4.409822650416048151e-03,-1.568724453169068056e-01,4.847296649814329950e-01,-1.514295737878229575e-03,-1.448971889827445070e-01
5.720000000000000639e+00,4.676808018129553490e-01,-3.947098033439178956e-03,-1.406118588321287610e-01,4.676821024684457706e-01,-3.948688100087515210e-03,-1.406091235166312403e-01,4.865582166571720268e-01,-8.863864904817969625e-04,-1.292504558990859309e-01
5.729999999999998650e+00,4.721160712254941494e-01,-3.506667206731220888e-03,-1.245592953155125748e-01,4.721180455132389930e-01,-3.508185587860979116e-03,-1.245540634962886972e-01,4.878065887630558262e-01,-3.121314972677757815e-04,-1.137050907471247596e-01
5.740000000000000213e+00,4.755905228399304741e-01,-3.084099490197217321e-03,-1.088053053519602853e-01,4.755924822114189210e-01,-3.085564565291585085e-03,-1.087992804835010985e-01,4.886695692735582019e-01,5.908643624042281273e-04,-9.468558588660680453e-02
5.750000000000001776e+00,4.781642790598041315e-01,-2.677271339534314024e-03,-9.342293089510640691e-02,4.781657878141574169e-01,-2.678676992200103822e-03,-9.341769797494166305e-02,4.889016492303754902e-01,1.337848437668723300e-03,-8.086432573914145716e-02
5.759999999999999787e+00,4.799023477712340835e-01,-2.284494801026651020e-03,-7.847038943026701796e-02,4.799034007045469563e-01,-2.285788079157226749e-03,-7.846632214578276587e-02,4.888858550658047308e-01,1.753145078883300290e-03,-7.198217745338114648e-02
5.769999999999997797e+00,4.808719752940370795e-01,-1.904408321392587903e-03,-6.399289075824270145e-02,4.808727458898799934e-01,-1.905498554117244538e-03,-6.398951552224538264e-02,4.878837926253161150e-01,3.143272694006771228e-03,-4.744134929160154224e-02
5.779999999999999361e+00,4.811406769565702568e-01,-1.535894919039996771e-03,-5.002432698588119009e-02,4.811414285340488983e-01,-1.536718951026713829e-03,-5.002019174700107762e-02,4.865922094511203611e-01,3.375748750182663849e-03,-3.498614357220741766e-02
5.790000000000000924e+00,4.807747958473448935e-01,-1.178021537529147077e-03,-3.658881964363339817e-02,4.807753907794786730e-01,-1.178544718305057047e-03,-3.658469948855663789e-02,4.851495802548374536e-01,3.591509815024707120e-03,-2.425849083643094595e-02
5.799999999999998934e+00,4.798384713276745428e-01,-8.299950285920489057e-04,-2.370212007044503189e-02,4.798388750385401136e-01,-8.302576097961240128e-04,-2.369848727541746386e-02,4.823798851474558891e-01,3.863235603639228466e-03,-7.387256181012991085e-03
5.809999999999996945e+00,4.783929244005481474e-01,-4.911301683637611876e-04,-1.137286607523612346e-02,4.783932019328436813e-01,-4.911639596723058965e-04,-1.136937056527848565e-02,4.798177959432573525e-01,4.368074848704092683e-03,4.859365458907749513e-03
5.820000000000002061e+00,4.764959872860491386e-01,-1.608269598857351140e-04,3.962981884049017120e-04,4.764961239576350760e-01,-1.607357149738733578e-04,3.988641491114016877e-04,4.775138393937623515e-01,5.578677941017171071e-03,1.587375632704557393e-02
5.830000000000000071e+00,4.742018204285030070e-01,1.614456302115270850e-04,1.160773027850340797e-02,4.742018741050771369e-01,1.616092678186582593e-04,1.160976154290765602e-02,4.746272654324027451e-01,6.351906115263927788e-03,2.827081307670537003e-02
5.839999999999998082e+00,4.715607724838472570e-01,4.761612090644886048e-04,2.226791568267607116e-02,4.715607674394213245e-01,4.763306631426897017e-04,2.226935448443560783e-02,4.716643024914911608e-01,6.822381030305690874e-03,3.894563446894810932e-02
5.849999999999999645e+00,4.686193484109189011e-01,7.837441195102207939e-04,3.238670221795383886e-02,4.686192879133131428e-01,7.838834463623708688e-04,3.238773449935176962e-02,4.682575626878762165e-01,6.821501428309242887e-03,5.085979893960085318e-02
5.860000000000001208e+00,4.654202582398404564e-01,1.084575514566476833e-03,4.197663278722163493e-02,4.654203198610876724e-01,1.084717585187211421e-03,4.197742148957370883e-02,4.653966562405499330e-01,7.077911757555899186e-03,5.883165293998915413e-02
5.869999999999999218e+00,4.620025249191196948e-01,1.378997720472584015e-03,5.105236702372925595e-02,4.620027052436271320e-01,1.379092279606547499e-03,5.105282816235701820e-02,4.622402997913036549e-01,7.249127814645678347e-03,6.733047696938310178e-02
5.879999999999997229e+00,4.584016342279986223e-01,1.667317807783944093e-03,5.963018285325157042e-02,4.584018916739918681e-01,1.667300176110609851e-03,5.963014587535984262e-02,4.587480757776113416e-01,7.527283457498090691e-03,7.624462947952509451e-02
5.889999999999998792e+00,4.546497133737046892e-01,1.949810447810513669e-03,6.772754954612544842e-02,4.546503369362039915e-01,1.949704044419837403e-03,6.772666579269068232e-02,4.548769673197238239e-01,7.980206721138360937e-03,8.540831396989506663e-02
5.900000000000000355e+00,4.507757277863366774e-01,2.226720408542470862e-03,7.536276441675693327e-02,4.507766211657989741e-01,2.226479336694363320e-03,7.536112225265989562e-02,4.503468193171923373e-01,8.312111259794641160e-03,9.537803382189086188e-02
5.909999999999998366e+00,4.468056879418400573e-01,2.498264847399415869e-03,8.255464591566614996e-02,4.468068348995771211e-01,2.497868424874958443e-03,8.255218586712026463e-02,4.443135561232833819e-01,8.073511174829337000e-03,1.069907708010172653e-01
5.919999999999999929e+00,4.427628599067175430e-01,2.764635560179668373e-03,8.932227644297884017e-02,4.427645749970250955e-01,2.764114545679285419e-03,8.931853825833649396e-02,4.387792335325181314e-01,7.201129722434876368e-03,1.154622082745948020e-01
5.930000000000001492e+00,4.386679747994798872e-01,3.026001051026799490e-03,9.568478879255135072e-02,4.386699362410643177e-01,3.025380979170577776e-03,9.568046738556494624e-02,4.331987013378920670e-01,6.951581167873283063e-03,1.259402333719928935e-01
5.939999999999999503e+00,4.345394335731340152e-01,3.282508646615805992e-03,1.016611906820056727e-01,4.345417678641266823e-01,3.281818204846795924e-03,1.016560672257161152e-01,4.280233264606611021e-01,6.515360073658479911e-03,1.337478767024624093e-01
5.949999999999997513e+00,4.303935044972727608e-01,3.534286518109206778e-03,1.072702223624984463e-01,4.303963983444382690e-01,3.533568508702181893e-03,1.072640707260862358e-01,4.231160073033622959e-01,6.756775846724141776e-03,1.395696459921170196e-01
5.959999999999999076e+00,4.262445114997025497e-01,3.781445750735482059e-03,1.125302427978425585e-01,4.262473874216213265e-01,3.780789884029234042e-03,1.125242192733967861e-01,4.189349103237338667e-01,6.125468891350349665e-03,1.442438539652156071e-01
5.970000000000000639e+00,4.221050121496575658e-01,4.024082284740772633e-03,1.174591403893554542e-01,4.221076568919344130e-01,4.023542282227452957e-03,1.174536336531126074e-01,4.158849232637690241e-01,5.242506491119097722e-03,1.468412294821619390e-01
5.979999999999998650e+00,4.179859645573079652e-01,4.262278739349868208e-03,1.220742646610288445e-01,4.179882264394710889e-01,4.261884045595740363e-03,1.220695106236666660e-01,4.125483691937464892e-01,4.628822946807734096e-03,1.491197301071093828e-01
5.990000000000000213e+00,4.138960362480462729e-01,4.495911213143993779e-03,1.263924845338923464e-01,4.138978464065539709e-01,4.495573331664765200e-03,1.263883776910367240e-01,4.113904877899586809e-01,3.555851114208127828e-03,1.494600247133119897e-01
6.000000000000001776e+00,4.097657864265272787e-01,4.708401921159554096e-03,1.304429789861302480e-01,4.097670749035555726e-01,4.707776031883874335e-03,1.304400633515107877e-01,4.108836707971931235e-01,2.492094500456260020e-03,1.490546944040693211e-01
6.009999999999999787e+00,4.062824169204135027e-01,4.833210166642467297e-03,1.341633491475907602e-01,4.062833133687834275e-01,4.832441786916856150e-03,1.341608159069215267e-01,4.114198421113340887e-01,1.644951869413602275e-03,1.478960523661795867e-01
6.019999999999997797e+00,4.048559019457466102e-01,4.930419918805073812e-03,1.366421376904418672e-01,4.048560890505756849e-01,4.929519191219229948e-03,1.366404035683160545e-01,4.128984422261705589e-01,5.868049052635271323e-04,1.457110624976641899e-01
6.029999999999999361e+00,4.052163008262707478e-01,5.019624304779715662e-03,1.374708233077724939e-01,4.052157116300866835e-01,5.018711411402481878e-03,1.374700144975440352e-01,4.154486340115489673e-01,-6.416407210018404417e-04,1.423155879189563766e-01
6.040000000000000924e+00,4.072105725200384496e-01,5.096823099298595713e-03,1.365821179024652166e-01,4.072092844277320212e-01,5.095937483530055441e-03,1.365821419427886430e-01,4.181991466742353003e-01,-1.395130946015593620e-03,1.388459444260635722e-01
6.049999999999998934e+00,4.106470386145119056e-01,5.160614767531911291e-03,1.339866602372780657e-01,4.106452495719256635e-01,5.159747952157475379e-03,1.339874325646103481e-01,4.220219259822151070e-01,-2.716143076062688122e-03,1.329584796862559037e-01
6.059999999999996945e+00,4.152895998589821724e-01,5.208412250160677701e-03,1.297302099586667701e-01,4.152875245916453073e-01,5.207525877943598204e-03,1.297313940462687665e-01,4.266613244145320838e-01,-3.836160291542517475e-03,1.262209167194630610e-01
6.070000000000002061e+00,4.208850238361928064e-01,5.229487606984761609e-03,1.238768734572867208e-01,4.208828280224292673e-01,5.228511636157302106e-03,1.238784446185711985e-01,4.316476357299450228e-01,-4.505493930993559326e-03,1.185373803348562238e-01
6.080000000000000071e+00,4.271873666990698704e-01,5.195223852432075996e-03,1.164966847198005973e-01,4.271860899655727795e-01,5.193500800780856755e-03,1.164979085729468122e-01,4.367813383386974779e-01,-4.827259871036909677e-03,1.106896756020875894e-01
6.089999999999998082e+00,4.339700454171314670e-01,5.051799018855690493e-03,1.076549601596610700e-01,4.339686836462709474e-01,5.050019967175192574e-03,1.076559932499579070e-01,4.422941676336373806e-01,-5.250172762247484748e-03,1.017693867732848978e-01
6.099999999999999645e+00,4.410167872429716640e-01,4.727107124739679013e-03,9.741059430881396364e-02,4.410146603593251835e-01,4.726151243987874659e-03,9.741211084430811962e-02,4.474780043972749199e-01,-6.156013763799289551e-03,9.255310726312065972e-02
6.110000000000001208e+00,4.480983498262427478e-01,4.159138150811146281e-03,8.583213847646167793e-02,4.480954413561804017e-01,4.159598361781965958e-03,8.583468945958956653e-02,4.528742407528976166e-01,-6.836466273945171479e-03,8.201908863546097939e-02
6.119999999999999218e+00,4.549638269501053434e-01,3.330844294119846439e-03,7.302477757054580410e-02,4.549607728731430156e-01,3.332329560095547392e-03,7.302829938750821093e-02,4.587191960490176745e-01,-7.517720473782268931e-03,6.916297438053409241e-02
6.129999999999997229e+00,4.613658763388631678e-01,2.281181703092538364e-03,5.914399126047154703e-02,4.613631962574441525e-01,2.282807739955731215e-03,5.914801997110008536e-02,4.644488960040745740e-01,-7.886211777824725377e-03,5.531192720380651018e-02
6.139999999999998792e+00,4.670988855859096178e-01,1.084133879102893491e-03,4.438310861244634808e-02,4.670966344541962467e-01,1.085661118208027269e-03,4.438739211386487360e-02,4.681761498229389806e-01,-8.080726069161076053e-03,4.403630337870412248e-02
6.150000000000000355e+00,4.720184543488451512e-01,-1.813698310212422625e-04,2.894817696949130229e-02,4.720168009228240535e-01,-1.802837510025337561e-04,2.895213926401152965e-02,4.721791918911529828e-01,-8.286848751177661176e-03,3.039104544784804185e-02
6.159999999999998366e+00,4.760380406290885547e-01,-1.449938624249997188e-03,1.303779827609777286e-02,4.760368108126288855e-01,-1.449368240791650215e-03,1.304142089714997732e-02,4.754995725220690916e-01,-8.847288300301611730e-03,1.627057860602326711e-02
6.169999999999999929e+00,4.791161006154379121e-01,-2.674854060116266079e-03,-3.167034484114980737e-03,4.791152090606669578e-01,-2.674902896857506932e-03,-3.163868420801718793e-03,4.781827875972726183e-01,-9.689398903016954723e-03,2.023105187097806734e-04
6.180000000000001492e+00,4.812435897160369791e-01,-3.826315683602024217e-03,-1.950614465787897656e-02,4.812429524656037794e-01,-3.826957354855014919e-03,-1.950340798447240329e-02,4.804318932551358001e-01,-1.063618899491883263e-02,-1.780401462460651230e-02
6.189999999999999503e+00,4.824346033164569336e-01,-4.887728135935904931e-03,-3.584008833664947824e-02,4.824341515120322277e-01,-4.888917713576804852e-03,-3.583775849873999109e-02,4.825121980306078528e-01,-1.196130976239294375e-02,-3.889424794124846096e-02
6.199999999999997513e+00,4.827197830052542549e-01,-5.852102212916673526e-03,-5.204886179501999610e-02,4.827194745698741851e-01,-5.853676784787090713e-03,-5.204677174348738139e-02,4.836051488647760133e-01,-1.298846048342218451e-02,-5.464054268294199490e-02
6.209999999999999076e+00,4.821415909963581159e-01,-6.719129443461142707e-03,-6.803028507891678567e-02,4.821411605156808444e-01,-6.721807704400646968e-03,-6.803043866200020329e-02,4.844125351481415320e-01,-1.389839420791710856e-02,-7.310714326023803888e-02
6.220000000000000639e+00,4.807507850585509002e-01,-7.492952842048628513e-03,-8.369837522281337039e-02,4.807500427502813811e-01,-7.496433909897713861e-03,-8.370070190944729760e-02,4.844857312288100015e-01,-1.470059921136844527e-02,-9.054745957484852670e-02
6.229999999999998650e+00,4.786036924768818368e-01,-8.180518366946708600e-03,-9.898179965376176226e-02,4.786027578867512178e-01,-8.184105372376668242e-03,-9.898482180643698725e-02,4.836300285484751438e-01,-1.541032204145031947e-02,-1.061442331419342466e-01
6.240000000000000213e+00,4.757600523072709198e-01,-8.790378349773527583e-03,-1.138224250722760095e-01,4.757591087383179485e-01,-8.793883252976473705e-03,-1.138251511046704523e-01,4.824188004526510642e-01,-1.592452491115228796e-02,-1.192654197742500644e-01
6.250000000000001776e+00,4.722812891957001158e-01,-9.331838278835590320e-03,-1.281739568884149860e-01,4.722804511891148249e-01,-9.335399700541480161e-03,-1.281760465062859733e-01,4.807545085613494917e-01,-1.631074869036394648e-02,-1.328055996718892073e-01
6.259999999999999787e+00,4.682291318780558154e-01,-9.814360425878887115e-03,-1.420006617834017049e-01,4.682283198345746356e-01,-9.818098519712556774e-03,-1.420025189458626047e-01,4.786997042650588119e-01,-1.688486226029073389e-02,-1.467660886402264997e-01
6.269999999999997797e+00,4.636645160598238946e-01,-1.024715860863692485e-02,-1.552761685579033546e-01,4.636638193345866132e-01,-1.025117025717863298e-02,-1.552775644012204526e-01,4.764204888766375712e-01,-1.740871772979921128e-02,-1.596698438235831241e-01
6.279999999999999361e+00,4.586467262963870861e-01,-1.063893361193400146e-02,-1.679823449538493385e-01,4.586461156819207630e-01,-1.064322965799067294e-02,-1.679834274181798703e-01,4.739071293841010668e-01,-1.780972879487022209e-02,-1.713299264248277221e-01
6.290000000000000924e+00,4.532327402306285946e-01,-1.099771178251937598e-02,-1.801082502558880583e-01,4.532322229675270764e-01,-1.100226678517073758e-02,-1.801090471501513024e-01,4.686682144826146423e-01,-1.900405957718508121e-02,-1.914999411642387961e-01
6.299999999999998934e+00,4.474767444395032490e-01,-1.133075776571944478e-02,-1.916491638373302164e-01,4.474761774751587762e-01,-1.133538119228098308e-02,-1.916500369965258299e-01,4.639284694837098044e-01,-1.970692751123992448e-02,-2.071345902496232183e-01
6.309999999999996945e+00,4.414297950069757670e-01,-1.164454049835925327e-02,-2.026056904383797541e-01,4.414293010761174418e-01,-1.164927588377094592e-02,-2.026063735444824376e-01,4.573275939430423431e-01,-2.051105447585975516e-02,-2.256075116175386419e-01
6.320000000000002061e+00,4.351395994300478187e-01,-1.194473599132501312e-02,-2.129829417560661631e-01,4.351392487187413782e-01,-1.194968453006433132e-02,-2.129833169901136358e-01,4.531262450193302982e-01,-2.109060576039374635e-02,-2.355870237220629715e-01
6.330000000000000071e+00,4.286503988526833009e-01,-1.223625536145536014e-02,-2.227897939640652303e-01,4.286501533527956598e-01,-1.224143196991070090e-02,-2.227899601333510338e-01,4.478880977265174979e-01,-2.160955593878594039e-02,-2.468263163696949869e-01
6.339999999999998082e+00,4.220029323447131997e-01,-1.252328900344436280e-02,-2.320382191672017425e-01,4.220027628900633876e-01,-1.252866867462093872e-02,-2.320382474622307289e-01,4.406518069963646367e-01,-2.209807709265516895e-02,-2.607524510949356666e-01
6.349999999999999645e+00,4.152344670527274295e-01,-1.280936052899533072e-02,-2.407426883036584420e-01,4.152342893808211866e-01,-1.281474200534804889e-02,-2.407427436014455691e-01,4.330173703235942195e-01,-2.265191368666885641e-02,-2.738418263386295237e-01
6.360000000000001208e+00,4.083788799895472499e-01,-1.309738579745591165e-02,-2.489196424042058597e-01,4.083785409278848366e-01,-1.310237293369095890e-02,-2.489199883982450290e-01,4.214285700629079034e-01,-2.324519913132988558e-02,-2.915085325143708106e-01
6.369999999999999218e+00,4.014667794468599893e-01,-1.338973360016790237e-02,-2.565870280428089178e-01,4.014665222889409746e-01,-1.339472271268405887e-02,-2.565872671194733834e-01,4.118511515483338492e-01,-2.374234508964009893e-02,-3.048640866713994702e-01
6.379999999999997229e+00,3.945256553530512300e-01,-1.368828570103936687e-02,-2.637638929894202677e-01,3.945253482802778544e-01,-1.369272386369909528e-02,-2.637642842502464502e-01,4.022064499425773709e-01,-2.404174037428315203e-02,-3.168249302185968119e-01
6.389999999999998792e+00,3.875800501160145406e-01,-1.399449458536696292e-02,-2.704700370166683854e-01,3.875800174664656428e-01,-1.399912015474150812e-02,-2.704700801035355706e-01,3.932742007973772935e-01,-2.348898742832379594e-02,-3.267337565442634539e-01
6.400000000000000355e+00,3.806517423230835195e-01,-1.430943792334370135e-02,-2.767257134656574968e-01,3.806519347122569452e-01,-1.431365429693012142e-02,-2.767255991099398793e-01,3.846988241174994494e-01,-2.319496858958083885e-02,-3.353266840257675407e-01
6.409999999999998366e+00,3.737599373870880703e-01,-1.463386909951196885e-02,-2.825513766274504457e-01,3.737604691238050059e-01,-1.463830074751663879e-02,-2.825508956622945766e-01,3.746805385752359774e-01,-2.330366919702572814e-02,-3.449872328321142434e-01
6.419999999999999929e+00,3.669214603630613358e-01,-1.496826351040374432e-02,-2.879674701892495081e-01,3.669224177610358462e-01,-1.497257143300361262e-02,-2.879666381516586271e-01,3.677384060515951347e-01,-2.274031636993135985e-02,-3.508785708544581716e-01
6.430000000000001492e+00,3.601509469594115775e-01,-1.531286052138139744e-02,-2.929942523361956930e-01,3.601522568511998923e-01,-1.531728499481979124e-02,-2.929931219668762132e-01,3.609446198730660305e-01,-2.191851563006659565e-02,-3.557733090755619276e-01
6.439999999999999503e+00,3.534610299399094657e-01,-1.566770116596936241e-02,-2.976516530928296489e-01,3.534627377693402850e-01,-1.567222545322159710e-02,-2.976502173742070489e-01,3.531795374006849730e-01,-2.063727328469261435e-02,-3.614547077080116355e-01
6.449999999999997513e+00,3.468625184045979748e-01,-1.603266168367874223e-02,-3.019591600764804373e-01,3.468645760568110914e-01,-1.603724786242392494e-02,-3.019574923349182538e-01,3.476927649410966881e-01,-1.981583578284076830e-02,-3.654501640027830178e-01
6.459999999999999076e+00,3.403645687763362515e-01,-1.640748322390699759e-02,-3.059357286841091761e-01,3.403666446376926724e-01,-1.641243357883318335e-02,-3.059340357747550865e-01,3.433242057985518292e-01,-1.905081519316755012e-02,-3.681768279480673867e-01
6.470000000000000639e+00,3.339748460610728054e-01,-1.679179790806183473e-02,-3.095997135533357647e-01,3.339768660357524954e-01,-1.679699098612030816e-02,-3.095980660013727959e-01,3.382387691181755196e-01,-1.786510111832391445e-02,-3.704704419006853433e-01
6.479999999999998650e+00,3.276996748356371669e-01,-1.718515155395543975e-02,-3.129688181457942475e-01,3.277016132263190773e-01,-1.719051346555460977e-02,-3.129671979006231064e-01,3.345082131175967088e-01,-1.664077366793412227e-02,-3.718525786163091040e-01
6.490000000000000213e+00,3.215345872510393388e-01,-1.761289806851361675e-02,-3.160462414278382703e-01,3.215362725484670059e-01,-1.761918597806223091e-02,-3.160442727038783595e-01,3.315879017990599475e-01,-1.618671160959174460e-02,-3.730778095087911028e-01
6.500000000000001776e+00,3.154310565911465636e-01,-1.831131706621638017e-02,-3.187225904299472723e-01,3.154331531507658104e-01,-1.831869055777100852e-02,-3.187202001626927017e-01,3.311860642509038000e-01,-1.491677841758669298e-02,-3.726399010413680712e-01
6.509999999999999787e+00,3.105493806660126199e-01,-1.888859029059887160e-02,-3.210944087191655028e-01,3.105516694807325950e-01,-1.889655206923552058e-02,-3.210917770935476367e-01,3.311740453973595066e-01,-1.392343389150479949e-02,-3.720448057253211704e-01
6.519999999999997797e+00,3.077482855638003501e-01,-1.894507082625588451e-02,-3.229914390214583819e-01,3.077506015453039812e-01,-1.895342325091144489e-02,-3.229887449816484790e-01,3.312172730185820591e-01,-1.417069113984639750e-02,-3.717065159339595914e-01
6.529999999999999361e+00,3.069613541732668094e-01,-1.870462727183522592e-02,-3.241201588056207838e-01,3.069635711553341251e-01,-1.871327152090390342e-02,-3.241174391561066348e-01,3.331340748945508246e-01,-1.326675366086926822e-02,-3.699606245901774781e-01
6.540000000000000924e+00,3.082059014271024133e-01,-1.822294367622225020e-02,-3.243758815201390200e-01,3.082075947359266266e-01,-1.823170023515391716e-02,-3.243735204314862064e-01,3.359682835236468268e-01,-1.288016915833462006e-02,-3.682732515991563593e-01
6.549999999999998934e+00,3.114013740777551997e-01,-1.753843256991298102e-02,-3.236914090256141074e-01,3.114023328949657721e-01,-1.754723875477191136e-02,-3.236896153659516995e-01,3.397914110962233503e-01,-1.261998685262404052e-02,-3.663540251036188078e-01
6.559999999999996945e+00,3.163911935863674696e-01,-1.668778366381498679e-02,-3.220089471499821832e-01,3.163928867741123141e-01,-1.669667831503253430e-02,-3.220067306266965468e-01,3.459442780493684477e-01,-1.219715176088534414e-02,-3.625952813958075449e-01
6.570000000000002061e+00,3.229814093709503786e-01,-1.570796924349768253e-02,-3.192671857875498675e-01,3.229851520606639714e-01,-1.571696548280510086e-02,-3.192635668332363674e-01,3.541964110353830186e-01,-1.218480245953361407e-02,-3.576025637610491525e-01
6.580000000000000071e+00,3.309771589048208784e-01,-1.463776054520396323e-02,-3.153878331758327436e-01,3.309826525712800116e-01,-1.464676498183864646e-02,-3.153828697744507359e-01,3.618787631344345668e-01,-1.222922755322944366e-02,-3.528711656091084725e-01
6.589999999999998082e+00,3.402058909452468916e-01,-1.351901823065511550e-02,-3.102635189424234330e-01,3.402101603579718581e-01,-1.352784644946937107e-02,-3.102593395431395562e-01,3.705443668846531979e-01,-1.263506807357001049e-02,-3.467800439665821854e-01
6.599999999999999645e+00,3.505107297837623537e-01,-1.239603802865389334e-02,-3.037619618523622611e-01,3.505122271280270985e-01,-1.240457784731882791e-02,-3.037599399214228613e-01,3.798298201897191140e-01,-1.256314766266393435e-02,-3.391519947892530085e-01
6.610000000000001208e+00,3.617111177222150920e-01,-1.131079936362644478e-02,-2.957611191630795666e-01,3.617099855154015109e-01,-1.131902854461143068e-02,-2.957613703119136295e-01,3.874019456328601230e-01,-1.226316038482326565e-02,-3.322659341140357103e-01
6.619999999999999218e+00,3.735609770128083262e-01,-1.029525469535112585e-02,-2.862034217779123590e-01,3.735593825816915237e-01,-1.030326546589587292e-02,-2.862041282836140788e-01,3.955293974498436116e-01,-1.201925051628821572e-02,-3.244948452201919520e-01
6.629999999999997229e+00,3.857454133837874277e-01,-9.366073509803561278e-03,-2.751308493212842876e-01,3.857440844109272793e-01,-9.373859587142579358e-03,-2.751313917686195043e-01,4.075526345281943463e-01,-1.189915342015759880e-02,-3.126115597768841514e-01
6.639999999999998792e+00,3.979200717202864834e-01,-8.525586393181787404e-03,-2.626787577664296824e-01,3.979191464628624719e-01,-8.533145263898537364e-03,-2.626789862790995245e-01,4.191405192374203503e-01,-1.182554361171041235e-02,-2.999031449120789783e-01
6.650000000000000355e+00,4.097611563280780800e-01,-7.766885959160363395e-03,-2.490433461037327711e-01,4.097613607379866907e-01,-7.774287599955893510e-03,-2.490418704241846304e-01,4.289835000758926986e-01,-1.185567737261906951e-02,-2.875875767278475159e-01
6.659999999999998366e+00,4.209991341595051839e-01,-7.079057803968232844e-03,-2.344474036326480160e-01,4.210008015276488491e-01,-7.086433258856744688e-03,-2.344435751386458322e-01,4.415096376287978019e-01,-1.188529205676572276e-02,-2.699295134560489862e-01
6.669999999999999929e+00,4.314311801690982051e-01,-6.450603737392513436e-03,-2.191158679615669846e-01,4.314341864144102257e-01,-6.457994986525683080e-03,-2.191094958482681931e-01,4.530467477369451990e-01,-1.120216735428331001e-02,-2.501574082783549202e-01
6.680000000000001492e+00,4.409191314893577407e-01,-5.871114523875902054e-03,-2.032615225569915640e-01,4.409234610634049645e-01,-5.878538179531119998e-03,-2.032520669068241803e-01,4.620760795640410645e-01,-1.043542681107618997e-02,-2.309453156828024101e-01
6.689999999999999503e+00,4.493805593060900549e-01,-5.331846132590288903e-03,-1.870777757874413638e-01,4.493856155909137784e-01,-5.339265486846383676e-03,-1.870656969206366260e-01,4.682888037029797612e-01,-9.355833722465206614e-03,-2.144094902115227241e-01
6.699999999999997513e+00,4.567778764198057173e-01,-4.825745973040194634e-03,-1.707357366029229884e-01,4.567827424589537277e-01,-4.833091158819275736e-03,-1.707224960333131314e-01,4.727864407364436028e-01,-8.529167331994366719e-03,-2.000918406098920188e-01
6.709999999999999076e+00,4.631079339622271029e-01,-4.347252081583726988e-03,-1.543837403147824416e-01,4.631121036764255794e-01,-4.354488791227604377e-03,-1.543703869116681004e-01,4.769483629893003229e-01,-7.728149306868478674e-03,-1.847027303288997779e-01
6.720000000000000639e+00,4.683930645672583215e-01,-3.892027809007433253e-03,-1.381482120226342480e-01,4.683964638883167941e-01,-3.899177635302709943e-03,-1.381350236186110192e-01,4.812246096577863508e-01,-6.840200878097862924e-03,-1.655679785179278718e-01
6.729999999999998650e+00,4.726737771818528833e-01,-3.456704793121358199e-03,-1.221352163972524857e-01,4.726759092037166599e-01,-3.463729922633591515e-03,-1.221240406454936339e-01,4.854092963851386333e-01,-5.824048991573335665e-03,-1.410784847552764842e-01
6.740000000000000213e+00,4.760029844127217080e-01,-3.038661294720180778e-03,-1.064323157278416476e-01,4.760040098707757905e-01,-3.045543741809187376e-03,-1.064233124047287982e-01,4.881410782177296737e-01,-4.752369700836728272e-03,-1.192109027985011060e-01
6.750000000000001776e+00,4.784415332617177885e-01,-2.635842255726940711e-03,-9.111051878930910564e-02,4.784418372191772129e-01,-2.642520418326716782e-03,-9.110286280784861412e-02,4.899594428009903524e-01,-3.347212094305010432e-03,-9.782662812715933742e-02
6.759999999999999787e+00,4.800547968560401335e-01,-2.246618646882025949e-03,-7.622619764660393260e-02,4.800545100522292108e-01,-2.252995433475237300e-03,-7.621982847449033927e-02,4.902749390914850069e-01,-2.826415298818829580e-03,-8.154062614666887643e-02
6.769999999999997797e+00,4.809101096219308702e-01,-1.869680060679808700e-03,-6.182290550687911945e-02,4.809095302884828782e-01,-1.875676837326523821e-03,-6.181641339405745394e-02,4.898932844055232660e-01,-1.564253502311263588e-03,-6.590960626998909611e-02
6.779999999999999361e+00,4.810748641181438190e-01,-1.503954242562602654e-03,-4.793306205480470789e-02,4.810740405607936698e-01,-1.509525493299388593e-03,-4.792600993389011660e-02,4.890592072603745510e-01,-1.281659480150396102e-03,-5.093594256500139084e-02
6.790000000000000924e+00,4.806151230195689350e-01,-1.148547744123976392e-03,-3.457949231476185187e-02,4.806140102682140980e-01,-1.153683718297515834e-03,-3.457208249305599584e-02,4.879090582996439274e-01,-1.282673434724199146e-03,-3.873789517110787228e-02
6.799999999999998934e+00,4.795946303370700048e-01,-8.027026547328264131e-04,-2.177681651409825447e-02,4.795932174486092769e-01,-8.074335120630021139e-04,-2.176917876367773230e-02,4.858928297787794559e-01,-6.352609466206554645e-04,-2.310392743878447730e-02
6.809999999999996945e+00,4.780741309808297368e-01,-4.657654200909954476e-04,-9.532694947923230772e-03,4.780724496924864675e-01,-4.701066922885867826e-04,-9.524484870057638511e-03,4.832546527401956338e-01,-5.075436227617996510e-04,-7.710372781271956910e-03
6.820000000000002061e+00,4.761109276405554591e-01,-1.371645802089861113e-04,2.151064603942537748e-03,4.761090054504746316e-01,-1.411004903648485403e-04,2.160375653026033391e-03,4.807445361472536538e-01,-4.591958520601124860e-04,4.752746378801908644e-03
6.830000000000000071e+00,4.737586194890143210e-01,1.836050847570794894e-04,1.327752756906059456e-02,4.737564077360308934e-01,1.799768373929832828e-04,1.328662955634331809e-02,4.778762621080999695e-01,2.861029276455956394e-04,1.732234510057095722e-02
6.839999999999998082e+00,4.710669792851395199e-01,4.969937143005739204e-04,2.385377129283561964e-02,4.710645460994403733e-01,4.936953334251979828e-04,2.386320897690063711e-02,4.751819411920709113e-01,7.282248854850736919e-04,2.796103806526484270e-02
6.849999999999999645e+00,4.680819348254102730e-01,8.034043931295265124e-04,3.389013155500204127e-02,4.680792899214726854e-01,8.003209364190705215e-04,3.389874689024816728e-02,4.732575721737699581e-01,8.634894772445445010e-04,3.487803119085558512e-02
6.860000000000001208e+00,4.648456279875413655e-01,1.103198963730354096e-03,4.339954688902685626e-02,4.648428926470383749e-01,1.100344478267609822e-03,4.340755977176719016e-02,4.661499293919392217e-01,1.190663107466044535e-03,5.671219720858877711e-02
6.869999999999999218e+00,4.613965303190792899e-01,1.396702297905317918e-03,5.239699112658630087e-02,4.613936990434084895e-01,1.393997661429317468e-03,5.240409653776888221e-02,4.612902272844514595e-01,1.387250252480098922e-03,6.953917217763078140e-02
6.879999999999997229e+00,4.577695986145637885e-01,1.684205658371553489e-03,6.089898511757903254e-02,4.577667961373316219e-01,1.681625145782733501e-03,6.090507731772226013e-02,4.534424802674303923e-01,1.718276546603322852e-03,8.785031497259138122e-02
6.889999999999998792e+00,4.539964574818132759e-01,1.965969468211081154e-03,6.892317915613133117e-02,4.539936463154750634e-01,1.963467470754355626e-03,6.892848755362170066e-02,4.465775286779058995e-01,1.946203258287107496e-03,1.018781325295405327e-01
6.900000000000000355e+00,4.501055987305778161e-01,2.242225751342327798e-03,7.648799824983289197e-02,4.501028360460470057e-01,2.239773108365030081e-03,7.649250772871764303e-02,4.395405308561596280e-01,1.874306277634157913e-03,1.145879128572531713e-01
6.909999999999998366e+00,4.461225896838677540e-01,2.513180231971771927e-03,8.361234298428155132e-02,4.461198709564568876e-01,2.510761612136341858e-03,8.361622550900980888e-02,4.321270233992240417e-01,1.997688933508795506e-03,1.272032667928539862e-01
6.919999999999999929e+00,4.420702843320839515e-01,2.779014571875184150e-03,9.031533932487365024e-02,4.420679675966463495e-01,2.776601509309691278e-03,9.031790705740128100e-02,4.239663880050383860e-01,2.154028446125430540e-03,1.394067512082757809e-01
6.930000000000001492e+00,4.379690327161568364e-01,3.039888263876988541e-03,9.661613130303083052e-02,4.379676850425102130e-01,3.037448893435367239e-03,9.661639620021253427e-02,4.188389562689160961e-01,2.285096940291914125e-03,1.469222509932579523e-01
6.939999999999999503e+00,4.338368851036547569e-01,3.295940741509005480e-03,1.025337110732468110e-01,4.338363402209649000e-01,3.293468378649431171e-03,1.025322360249507347e-01,4.140072938361863963e-01,2.515259807492856159e-03,1.528578858256484652e-01
6.949999999999997513e+00,4.296897884694642622e-01,3.547293268643957314e-03,1.080867813893185425e-01,4.296892862630505849e-01,3.544815486166976674e-03,1.080851241164822174e-01,4.128267522055566463e-01,2.230959802571250150e-03,1.524680680055644499e-01
6.959999999999999076e+00,4.255417735509431365e-01,3.794050936149878303e-03,1.132936460337875123e-01,4.255410448626320008e-01,3.791596698359033304e-03,1.132923116268965413e-01,4.136923766827717008e-01,1.895441882356116436e-03,1.497533963360942466e-01
6.970000000000000639e+00,4.214051313494106554e-01,4.036304496589242924e-03,1.181721242319639653e-01,4.214041981641649670e-01,4.033895130389422365e-03,1.181710738603323485e-01,4.145600943009761785e-01,1.609028502310511088e-03,1.477931445968455049e-01
6.979999999999998650e+00,4.172905784263265527e-01,4.274132171354674305e-03,1.227394855112166061e-01,4.172895393661116281e-01,4.271782221145806538e-03,1.227385548322321163e-01,4.184555520492994063e-01,1.011133423321791680e-03,1.426752908931092079e-01
6.990000000000000213e+00,4.132030489386660510e-01,4.506615501599707356e-03,1.270129576412768191e-01,4.132018456800121142e-01,4.504300646245414964e-03,1.270122148179721744e-01,4.223187312390593862e-01,6.166179809321409300e-04,1.395591744941679924e-01
7.000000000000001776e+00,4.090550503522595860e-01,4.711544385300856994e-03,1.310345232171118424e-01,4.090528055723914869e-01,4.708806254121372659e-03,1.310351075451232639e-01,4.261997824076648733e-01,-8.693418201137503853e-05,1.359360381104821602e-01
7.009999999999999787e+00,4.056915504343150403e-01,4.829860743831718498e-03,1.346942393479010902e-01,4.056894878423140116e-01,4.827230166035663579e-03,1.346948212483017604e-01,4.307480603834749067e-01,-5.697929936361867398e-04,1.311496532460542652e-01
7.019999999999997797e+00,4.043938130817559817e-01,4.924853995470328434e-03,1.370628727215524589e-01,4.043914274162541123e-01,4.922315614342295809e-03,1.370638547699074283e-01,4.350755509571603286e-01,-1.203106460785807741e-03,1.256934926198104430e-01
7.029999999999999361e+00,4.048755346242257080e-01,5.012129032866393351e-03,1.377743246798741605e-01,4.048727303686342482e-01,5.009647990528365812e-03,1.377757919159890154e-01,4.396396689592914075e-01,-8.590849409536166492e-04,1.183669248645561334e-01
7.040000000000000924e+00,4.069839639028948741e-01,5.087667920196392753e-03,1.367698551606630342e-01,4.069807365036129942e-01,5.085256659835990338e-03,1.367719685958667664e-01,4.417976547358026806e-01,-1.685832629574335328e-04,1.127928949374781276e-01
7.049999999999998934e+00,4.105230813949147239e-01,5.150044235612947878e-03,1.340631591751747231e-01,4.105196634922530508e-01,5.147649760570129247e-03,1.340656447072940960e-01,4.432275580366781265e-01,1.532325661252748050e-04,1.083003252793838800e-01
7.059999999999996945e+00,4.152542301826058768e-01,5.196310079186964269e-03,1.297013422260473725e-01,4.152507458950267516e-01,5.194006282441782779e-03,1.297039871081443196e-01,4.441739884004409777e-01,4.712879384525386905e-04,1.047519489303975204e-01
7.070000000000002061e+00,4.209235489417800236e-01,5.214837752856174048e-03,1.237488654776340846e-01,4.209202922315925521e-01,5.212442329004704847e-03,1.237516546299505665e-01,4.473282701080480983e-01,-1.846242477271248239e-04,9.275396076972458603e-02
7.080000000000000071e+00,4.272858946229166621e-01,5.175481041817827851e-03,1.162753002690888049e-01,4.272834228960327163e-01,5.172584512876918922e-03,1.162776761923621643e-01,4.501620046764772676e-01,-6.168538100507631183e-04,8.479468417546381920e-02
7.089999999999998082e+00,4.341157004763319671e-01,5.022788966389603142e-03,1.073450065877641912e-01,4.341133117383874085e-01,5.019864745283908990e-03,1.073470382630775932e-01,4.516272539897437932e-01,-7.296939827376447418e-04,8.135806115751853529e-02
7.099999999999999645e+00,4.411964445841937144e-01,4.684263025741338023e-03,9.701639426834759994e-02,4.411934078997629682e-01,4.682276895303415579e-03,9.701877947944032021e-02,4.531840960347424119e-01,-1.256700153013615151e-03,7.745622533035018131e-02
7.110000000000001208e+00,4.482972027700667939e-01,4.099897989698488010e-03,8.535915597866337856e-02,4.482933159359085984e-01,4.099700744326930345e-03,8.536258126799003976e-02,4.661412542033624984e-01,-1.485977762634219101e-03,5.386216327329768072e-02
7.119999999999999218e+00,4.551659089195155827e-01,3.256366134917141383e-03,7.248118030088181174e-02,4.551621376387428586e-01,3.256856928486834973e-03,7.248541638467113912e-02,4.740384649296821573e-01,-2.219715363889235293e-03,3.474550484571886644e-02
7.129999999999997229e+00,4.615565023400522993e-01,2.195780246299332966e-03,5.854063854565416669e-02,4.615531555437011324e-01,2.196584823566269124e-03,5.854528195259471601e-02,4.775422910891888861e-01,-2.667807131384314356e-03,1.973167073277037886e-02
7.139999999999998792e+00,4.672667100840850463e-01,9.932554218235287603e-04,4.373215192052155864e-02,4.672640267232682221e-01,9.938817127811089367e-04,4.373666443548493432e-02,4.802452574966026289e-01,-3.469581943229244070e-03,2.747499020348320720e-03
7.150000000000000355e+00,4.721558787321682438e-01,-2.728210622251169004e-04,2.826157756079701946e-02,4.721537733232896161e-01,-2.726869433613010336e-04,2.826569288693128387e-02,4.825355840249354600e-01,-4.304901055261226017e-03,-1.287178658655119268e-02
7.159999999999998366e+00,4.761405665473980586e-01,-1.538274967327039715e-03,1.232647312938961806e-02,4.761388651054849208e-01,-1.538685887713006541e-03,1.233022311601019230e-02,4.839970794531075482e-01,-4.580013210141134494e-03,-2.425617164866450404e-02
7.169999999999999929e+00,4.791814911002761912e-01,-2.757618341020320364e-03,-3.893508615065006256e-03,4.791800488123876267e-01,-2.758354171214551839e-03,-3.889773051080079851e-03,4.855662705044062610e-01,-5.077890351780217637e-03,-3.749372495358771484e-02
7.180000000000001492e+00,4.812711979847478228e-01,-3.902054668598819824e-03,-2.023953764426498700e-02,4.812700069027516792e-01,-3.902940358347010627e-03,-2.023567769349221904e-02,4.874731359960928767e-01,-6.613312846166105596e-03,-5.966150613396847824e-02
7.189999999999999503e+00,4.824249010625828449e-01,-4.955736250524963270e-03,-3.657341407803975375e-02,4.824239691584776279e-01,-4.956767678805625368e-03,-3.656955998300811389e-02,4.881338878168134388e-01,-8.997422423454887186e-03,-8.326283505714687783e-02
7.199999999999997513e+00,4.826740326415846494e-01,-5.912203451400528491e-03,-5.277624849900909576e-02,4.826733481837717776e-01,-5.913322338092567333e-03,-5.277239256083179897e-02,4.872363210592899341e-01,-1.076385231599821801e-02,-1.048482555204732214e-01
7.209999999999999076e+00,4.820616105431657084e-01,-6.771508040707496269e-03,-6.874684805358260986e-02,4.820611832886446679e-01,-6.772559344351017363e-03,-6.874285428956079802e-02,4.852312414867957502e-01,-1.182489299338163047e-02,-1.217832665976337214e-01
7.220000000000000639e+00,4.806387729657723984e-01,-7.538027000151882942e-03,-8.440010059962159417e-02,4.806386049138436367e-01,-7.538975540486778440e-03,-8.439602276408407489e-02,4.813683463467904877e-01,-1.239290374690685259e-02,-1.424913311660164772e-01
7.229999999999998650e+00,4.784620933413394339e-01,-8.218847799927299358e-03,-9.966543998999216614e-02,4.784621454156964271e-01,-8.219759135431558422e-03,-9.966146612116731640e-02,4.753638678190772460e-01,-1.265434841010211475e-02,-1.653580644329667448e-01
7.240000000000000213e+00,4.755914522644010822e-01,-8.822598035180286707e-03,-1.144854058010835174e-01,4.755916669545511288e-01,-8.823537650553258185e-03,-1.144816858595035791e-01,4.696487756345621989e-01,-1.224378029658471090e-02,-1.829423363442005124e-01
7.250000000000001776e+00,4.720883340431919484e-01,-9.358611523674309832e-03,-1.288142921140777164e-01,4.720886662262111511e-01,-9.359597993460455276e-03,-1.288108775835501429e-01,4.635045339709944479e-01,-1.284047306857639958e-02,-2.001219090590745653e-01
7.259999999999999787e+00,4.680144632207237643e-01,-9.836346687815734208e-03,-1.426168783118493821e-01,4.680149072704029578e-01,-9.837323558149958791e-03,-1.426136946687171780e-01,4.580425357096268302e-01,-1.345909566842917737e-02,-2.152185033549567639e-01
7.269999999999997797e+00,4.634307221163889157e-01,-1.026499194724795824e-02,-1.558672371591158234e-01,4.634313066865029529e-01,-1.026588260440800503e-02,-1.558641440041347304e-01,4.526661707598362838e-01,-1.377837099327892945e-02,-2.303947298323305026e-01
7.279999999999999361e+00,4.583963047424717274e-01,-1.065320908233804119e-02,-1.685476182277405865e-01,4.583970547414717434e-01,-1.065397850303414530e-02,-1.685445226026656973e-01,4.480420139901791776e-01,-1.382090279841896585e-02,-2.427224131271971952e-01
7.290000000000000924e+00,4.529680709986277365e-01,-1.100897747895486153e-02,-1.806474065242210103e-01,4.529688817344902918e-01,-1.100971490661455804e-02,-1.806445241771337251e-01,4.430708227332740279e-01,-1.336500743006241443e-02,-2.547348292573473616e-01
7.299999999999998934e+00,4.472000707011989373e-01,-1.133951102375255898e-02,-1.921621567239101269e-01,4.472008814129729282e-01,-1.134024993060177289e-02,-1.921595629298148145e-01,4.380670335858924958e-01,-1.360606876349870764e-02,-2.652146770599788095e-01
7.309999999999996945e+00,4.411432109082971120e-01,-1.165122689773007841e-02,-2.030927036628499549e-01,4.411439957286771296e-01,-1.165200127736522144e-02,-2.030903885549961985e-01,4.337828724704905214e-01,-1.387078130675256649e-02,-2.732067219031694694e-01
7.320000000000002061e+00,4.348450432392453324e-01,-1.194975041751803954e-02,-2.134443489923815995e-01,4.348457304895685382e-01,-1.195057314805687831e-02,-2.134423947233539953e-01,4.279679836490002387e-01,-1.418372133425796489e-02,-2.831640097566567316e-01
7.330000000000000071e+00,4.283496505324550507e-01,-1.223994428843180535e-02,-2.232261232221398328e-01,4.283502310162566884e-01,-1.224078507912055962e-02,-2.232244945173338380e-01,4.218667338292606539e-01,-1.495259782104653434e-02,-2.929458647980680563e-01
7.339999999999998082e+00,4.216976145814691490e-01,-1.252595361824226580e-02,-2.324501214934658888e-01,4.216981184155804696e-01,-1.252679957330690534e-02,-2.324487265358909927e-01,4.169942442318218534e-01,-1.604182769409784326e-02,-3.010687216626178886e-01
7.349999999999999645e+00,4.149260489435737109e-01,-1.281126032211370169e-02,-2.411309104889176602e-01,4.149262678503915502e-01,-1.281169763885822363e-02,-2.411300792254537639e-01,4.121835449801501960e-01,-1.707440019503467243e-02,-3.089934375220759755e-01
7.360000000000001208e+00,4.080686827165569408e-01,-1.309874235067672379e-02,-2.492850033629647188e-01,4.080686133061284804e-01,-1.309868993527994741e-02,-2.492846941577844810e-01,4.077482425043328362e-01,-1.768918518192973133e-02,-3.156711171378386860e-01
7.369999999999999218e+00,4.011559833881380155e-01,-1.339073438788709186e-02,-2.569303985204368090e-01,4.011557694390261442e-01,-1.339035934991334234e-02,-2.569303551680510722e-01,4.028192625977584651e-01,-1.854213108118620001e-02,-3.224241240470828163e-01
7.379999999999997229e+00,3.942153082590534319e-01,-1.368908778469652907e-02,-2.640861781859415447e-01,3.942149389215009458e-01,-1.368826122051097424e-02,-2.640864164303360351e-01,3.962785060501426981e-01,-1.969422279928031982e-02,-3.300817577321996099e-01
7.389999999999998792e+00,3.872710758196330483e-01,-1.399522813745042622e-02,-2.707721620060346557e-01,3.872707752899469114e-01,-1.399437250041416989e-02,-2.707723427158992280e-01,3.892078078612803971e-01,-2.033531170217355022e-02,-3.367282643418185728e-01
7.400000000000000355e+00,3.803449497224192788e-01,-1.431020950889231105e-02,-2.770086110328300322e-01,3.803447225775202223e-01,-1.430914930162233492e-02,-2.770087722363840932e-01,3.825314871242605497e-01,-2.162629779264256535e-02,-3.419874700920350619e-01
7.409999999999998366e+00,3.734560296052540918e-01,-1.463476470668228363e-02,-2.828159771256021915e-01,3.734559981508309701e-01,-1.463392536269990211e-02,-2.828159299578117403e-01,3.764322435014015866e-01,-2.238173310725107001e-02,-3.461340039507666555e-01
7.419999999999999929e+00,3.666210436723469357e-01,-1.496935130348846232e-02,-2.882146933607228623e-01,3.666212395624898757e-01,-1.496849720376033574e-02,-2.882144719293199819e-01,3.713554985746494452e-01,-2.336446721177308505e-02,-3.491255679570460235e-01
7.430000000000001492e+00,3.598545395110822054e-01,-1.531419333294540934e-02,-2.932250006961503730e-01,3.598549259263162936e-01,-1.531363237101391814e-02,-2.932245964899829471e-01,3.670106017633362194e-01,-2.373710443566193207e-02,-3.513035466237107718e-01
7.439999999999999503e+00,3.531690700229143109e-01,-1.566931870566397669e-02,-2.978668067814971843e-01,3.531697364314169696e-01,-1.566880990282069550e-02,-2.978662059257833894e-01,3.634104438818921423e-01,-2.405619040407493137e-02,-3.528302189041240822e-01
7.449999999999997513e+00,3.465753724166701355e-01,-1.603459253454113387e-02,-3.021595728154812255e-01,3.465762664546100380e-01,-1.603424765979514360e-02,-3.021588123678530247e-01,3.601643597853636525e-01,-2.468248652474563931e-02,-3.542255258288881659e-01
7.459999999999999076e+00,3.400825385803333267e-01,-1.640974657811503437e-02,-3.061222248376908595e-01,3.400842290084071240e-01,-1.640902522447542852e-02,-3.061210088044973299e-01,3.578684254074492310e-01,-2.468992523380603155e-02,-3.537836130968587955e-01
7.470000000000000639e+00,3.336981758559315336e-01,-1.679440509183728614e-02,-3.097730860312005730e-01,3.337004714457739718e-01,-1.679350780275678731e-02,-3.097715575675952793e-01,3.560545735711875270e-01,-2.488531492776942244e-02,-3.531466970941525840e-01
7.479999999999998650e+00,3.274285575731957776e-01,-1.718810738340665126e-02,-3.131298269990574479e-01,3.274307321946288707e-01,-1.718774791587014336e-02,-3.131282425357787003e-01,3.548343736533896564e-01,-2.460276307414208108e-02,-3.516378797625362984e-01
7.490000000000000213e+00,3.212711671920280843e-01,-1.761108674940899815e-02,-3.161983351441034484e-01,3.212729372098085401e-01,-1.761269689798525967e-02,-3.161959386558143015e-01,3.542778539928588266e-01,-2.461937234766903293e-02,-3.504829544127914809e-01
7.500000000000001776e+00,3.151736778792216809e-01,-1.828355023570947188e-02,-3.188770535785322435e-01,3.151760063704691639e-01,-1.828721514699817308e-02,-3.188737662952654817e-01,3.545397620452495069e-01,-2.423808245374220460e-02,-3.484083660889720768e-01
7.509999999999999787e+00,3.102274807824854097e-01,-1.887895973749395204e-02,-3.212421336758639612e-01,3.102319726620049178e-01,-1.888307667649691268e-02,-3.212384352979600344e-01,3.556112016945637277e-01,-2.366635105084356760e-02,-3.456136557891009153e-01
7.519999999999997797e+00,3.073679223970668950e-01,-1.894471963860346747e-02,-3.231522076183613867e-01,3.073743478148285857e-01,-1.894921298295801013e-02,-3.231478584094998885e-01,3.575224850205647176e-01,-2.308781382812445659e-02,-3.423018000049214415e-01
7.529999999999999361e+00,3.065224641738709677e-01,-1.871109156893724715e-02,-3.243028018833625237e-01,3.065306788368560298e-01,-1.871590043297857719e-02,-3.242976621610484389e-01,3.603500549885618742e-01,-2.256746269175344266e-02,-3.385277489367373716e-01
7.540000000000000924e+00,3.077107375591128791e-01,-1.823532769334277812e-02,-3.245864031561973007e-01,3.077202554510892751e-01,-1.824026600733310091e-02,-3.245807464176029278e-01,3.630886232955551352e-01,-2.215696564619094866e-02,-3.353931547540017211e-01
7.549999999999998934e+00,3.108552472687947654e-01,-1.755582899195583593e-02,-3.239348048455695239e-01,3.108657854617945526e-01,-1.756083776269295668e-02,-3.239286844743247129e-01,3.659688662576671137e-01,-2.166250131355113018e-02,-3.325394660350914355e-01
7.559999999999996945e+00,3.158012539940757701e-01,-1.670919075485179442e-02,-3.222896521102729950e-01,3.158138617331876508e-01,-1.671430600253885276e-02,-3.222821460364090895e-01,3.737835641070256232e-01,-2.072105781157478066e-02,-3.256924022360873083e-01
7.570000000000002061e+00,3.223553810441486256e-01,-1.573226970261364099e-02,-3.195894822271065916e-01,3.223710782810066955e-01,-1.573751858406956944e-02,-3.195795894187954955e-01,3.771579675249084884e-01,-2.016419331686719607e-02,-3.226952642590906195e-01
7.580000000000000071e+00,3.303222880604281264e-01,-1.466368902743931703e-02,-3.157563785403879608e-01,3.303404101968732132e-01,-1.466900212714835998e-02,-3.157441936803312421e-01,3.946229536150225314e-01,-1.871781189400682777e-02,-3.087165977015454144e-01
7.589999999999998082e+00,3.395286186516794924e-01,-1.354514960183398134e-02,-3.106836683033487034e-01,3.395465143212635373e-01,-1.355037598342201388e-02,-3.106708597867088861e-01,4.035175537619388741e-01,-1.806881449168676324e-02,-3.008114621554738299e-01
7.599999999999999645e+00,3.498175576183631952e-01,-1.242088297400596036e-02,-3.042391972543501133e-01,3.498347696988810540e-01,-1.242605042402872284e-02,-3.042258300163498408e-01,4.141674661924465983e-01,-1.724771667875293901e-02,-2.893700411180843424e-01
7.610000000000001208e+00,3.610102156801449635e-01,-1.133305422465628182e-02,-2.962993479544848152e-01,3.610266111010919654e-01,-1.133813446972365552e-02,-2.962854465994356756e-01,4.221423617801652872e-01,-1.642515295806359910e-02,-2.803779770703026530e-01
7.619999999999999218e+00,3.728630451372163535e-01,-1.031407900076813759e-02,-2.868031525633578105e-01,3.728784348012877392e-01,-1.031900395825193981e-02,-2.867887700311566590e-01,4.308174168432206130e-01,-1.551413959712726054e-02,-2.698953168239356382e-01
7.629999999999997229e+00,3.850628508435929853e-01,-9.381186979445170493e-03,-2.757886214211621723e-01,3.850770520227366212e-01,-9.385864519535599276e-03,-2.757737649246925216e-01,4.390611077597157408e-01,-1.461904126080793009e-02,-2.592789459814173192e-01
7.639999999999998792e+00,3.972651613345565824e-01,-8.537150322292583540e-03,-2.633879609205657668e-01,3.972791153453215651e-01,-8.541641444611884626e-03,-2.633714394683165372e-01,4.483630672417869834e-01,-1.396844375991496134e-02,-2.461823990862661848e-01
7.650000000000000355e+00,4.091445054207264453e-01,-7.775306386384765386e-03,-2.497955490679623358e-01,4.091588362451433203e-01,-7.779630501721464773e-03,-2.497763564268728198e-01,4.582223485487770809e-01,-1.330828230857274141e-02,-2.301766048957506472e-01
7.659999999999998366e+00,4.204289007385564880e-01,-7.084827366953273461e-03,-2.352334888603106189e-01,4.204430538313523869e-01,-7.089069781622870520e-03,-2.352122140761412628e-01,4.658143991192430500e-01,-1.267773562177730573e-02,-2.152040679375074317e-01
7.669999999999999929e+00,4.309129595560665105e-01,-6.454210235845437085e-03,-2.199267862783507721e-01,4.309260760297819459e-01,-6.458518919717591046e-03,-2.199044883128040972e-01,4.736811988823067532e-01,-1.224419293363912531e-02,-1.947592920400821881e-01
7.680000000000001492e+00,4.404562080817647773e-01,-5.872999465137713343e-03,-2.040887337461450846e-01,4.404679538033993147e-01,-5.877357657579690940e-03,-2.040659015323889880e-01,4.795765604033372931e-01,-1.136249664316098251e-02,-1.736726472251483300e-01
7.689999999999999503e+00,4.489742980111995352e-01,-5.332391517539638442e-03,-1.879134803281128641e-01,4.489848569716528015e-01,-5.336709437718491038e-03,-1.878898081774723061e-01,4.829363674777749083e-01,-1.035949456166908311e-02,-1.566915283521064517e-01
7.699999999999997513e+00,4.564281292927064304e-01,-4.825274634504728329e-03,-1.715729787610786317e-01,4.564398521388883245e-01,-4.829657453667417222e-03,-1.715433471879453109e-01,4.852085532816751146e-01,-9.207463711134414308e-03,-1.398888330486513232e-01
7.709999999999999076e+00,4.628134069643676796e-01,-4.346033455411145441e-03,-1.552164341231012379e-01,4.628256930145827064e-01,-4.350441878848436764e-03,-1.551810334182198159e-01,4.868484539069132255e-01,-8.218728781242662373e-03,-1.205215095832718186e-01
7.720000000000000639e+00,4.681516266666609916e-01,-3.890285451698682201e-03,-1.389711219868200176e-01,4.681625497535115143e-01,-3.894612078866098968e-03,-1.389340549764677690e-01,4.873667692787361228e-01,-7.962129120393957038e-03,-1.057596450763934881e-01
7.729999999999998650e+00,4.724827114440438569e-01,-3.454623586118046007e-03,-1.229439121929198769e-01,4.724913330363156305e-01,-3.458825666062351114e-03,-1.229080677035147007e-01,4.874015289399210582e-01,-7.935062009144136508e-03,-8.841786037857193858e-02
7.740000000000000213e+00,4.758591874456436499e-01,-3.036393819995999565e-03,-1.072231129409515760e-01,4.758654722348032440e-01,-3.040509498564273466e-03,-1.071894452045136920e-01,4.871849593171285742e-01,-7.533439926987753332e-03,-7.543600166933334128e-02
7.750000000000001776e+00,4.783416712453502084e-01,-2.633514279601009006e-03,-9.188041309978096927e-02,4.783460423650743865e-01,-2.637608451405137715e-03,-9.184836333296078625e-02,4.867987145885224187e-01,-6.713176881346941127e-03,-6.199041527342230573e-02
7.759999999999999787e+00,4.799954261104309450e-01,-2.244333615649666495e-03,-7.697279702673305579e-02,4.799981554934273364e-01,-2.248443834713800393e-03,-7.694203781680920839e-02,4.861642655328035634e-01,-5.553627026819440982e-03,-4.879880587140439374e-02
7.769999999999997797e+00,4.808877686201426527e-01,-1.867522681231166245e-03,-6.254436329838329589e-02,4.808889307178149664e-01,-1.871657180658735029e-03,-6.251534013728300698e-02,4.850469836764654818e-01,-4.899717257477939625e-03,-3.525296449629916617e-02
7.779999999999999361e+00,4.810861426700139276e-01,-1.501993518989261584e-03,-4.862801270593410802e-02,4.810860502814016670e-01,-1.506097827177724398e-03,-4.859981142708634516e-02,4.835373412468022547e-01,-5.083602945529869244e-03,-2.333799022145621738e-02
7.790000000000000924e+00,4.806567132846690793e-01,-1.146839380602541428e-03,-3.524699079626226333e-02,4.806553948631038242e-01,-1.150834988058244699e-03,-3.522042606994074676e-02,4.817006592155946842e-01,-3.701913234963521981e-03,-1.216578315044236636e-02
7.799999999999998934e+00,4.796633634010157299e-01,-8.012910432416486340e-04,-2.241628201554963368e-02,4.796609459708331968e-01,-8.050850963601278651e-04,-2.239171626677367855e-02,4.799174431103533367e-01,-3.272826286892641101e-03,-2.183215695798990108e-03
7.809999999999996945e+00,4.781670019927585225e-01,-4.646852557844349200e-04,-1.014385913524134403e-02,4.781636821144247262e-01,-4.682025331869542513e-04,-1.012075729078828687e-02,4.779720229010478993e-01,-1.761059143336726751e-03,7.888338228729196988e-03
7.820000000000002061e+00,4.762251119177630665e-01,-1.364422993794712114e-04,1.568204682191303573e-03,4.762210072446863007e-01,-1.396272357130007096e-04,1.589687601481021458e-03,4.759931051062583629e-01,2.570475514972331288e-04,1.722406153860944755e-02
7.830000000000000071e+00,4.738914815282447845e-01,1.839502157397915360e-04,1.272275199178197862e-02,4.738867142606861260e-01,1.811538776438646249e-04,1.274285414545335907e-02,4.742740434565156926e-01,2.049343701369651938e-03,2.552000606033555385e-02
7.839999999999998082e+00,4.712160762464729924e-01,4.969485743685772084e-04,2.332667532999291651e-02,4.712108204523628441e-01,4.946198212453610651e-04,2.334617580434619061e-02,4.722601113352130620e-01,3.084728734619471280e-03,3.443960864904327401e-02
7.849999999999999645e+00,4.682450157595075546e-01,8.029612133142863045e-04,3.339015950218567758e-02,4.682393134965890935e-01,8.010539404083242675e-04,3.340864659931067071e-02,4.700637151326747531e-01,4.197322350472348917e-03,4.333047852630694807e-02
7.860000000000001208e+00,4.650206298378294356e-01,1.102354499076237636e-03,4.292602192061210215e-02,4.650146097845098137e-01,1.100839816663096030e-03,4.294325185156734614e-02,4.674792764846548154e-01,5.565433578383877089e-03,5.260718549053156057e-02
7.869999999999999218e+00,4.615815715358188021e-01,1.395457226564690524e-03,5.194914144884861529e-02,4.615753724276233649e-01,1.394305553283558706e-03,5.196512480790853317e-02,4.642616971380403301e-01,6.677167033799641382e-03,6.336142332218064332e-02
7.879999999999997229e+00,4.579629710595041203e-01,1.682564001959041544e-03,6.047596670938652080e-02,4.579565842741366577e-01,1.681643375541344142e-03,6.049033781023159528e-02,4.603433781356101040e-01,8.429852126133993706e-03,7.472966179926043839e-02
7.889999999999998792e+00,4.541966171707644828e-01,1.963938086124925042e-03,6.852409539320812593e-02,4.541903416726879583e-01,1.963269995737123089e-03,6.853669834370894332e-02,4.569554271920908128e-01,9.449165421650182473e-03,8.337876964555773762e-02
7.900000000000000355e+00,4.503111558527629343e-01,2.239813852758741446e-03,7.611191670567721279e-02,4.503049418040034890e-01,2.239331042874502346e-03,7.612294280931372614e-02,4.525414233295541599e-01,1.090859187820919507e-02,9.428949270919845249e-02
7.909999999999998366e+00,4.463322982463855393e-01,2.510399008526457282e-03,8.325830968997821602e-02,4.463261871787201351e-01,2.510069088832553915e-03,8.326779007251884634e-02,4.485271251686836491e-01,1.174448533642345749e-02,1.028707039067374152e-01
7.919999999999999929e+00,4.422830317031443692e-01,2.775876788178263145e-03,8.998239076301046968e-02,4.422772191743081782e-01,2.775718007973621265e-03,8.999020867500960585e-02,4.449791981194375357e-01,1.205461209275150714e-02,1.092559122148924478e-01
7.930000000000001492e+00,4.381838292780645960e-01,3.036407986630439756e-03,9.630330438833105411e-02,4.381779506225697007e-01,3.036441201751729872e-03,9.631039272139534091e-02,4.404700292299760234e-01,1.205017625208440468e-02,1.155463033295874298e-01
7.939999999999999503e+00,4.340528541749548164e-01,3.292132982553099777e-03,1.022400513665465693e-01,4.340473833945106552e-01,3.292335194296656855e-03,1.022456058923276456e-01,4.358435732821299702e-01,1.222758197536225055e-02,1.214771492265572239e-01
7.949999999999997513e+00,4.299061566134688706e-01,3.543173791230500545e-03,1.078113497585920094e-01,4.299008767161837663e-01,3.543563340635564468e-03,1.078159811588840777e-01,4.318739283284919184e-01,1.271642229056761664e-02,1.277819259541290164e-01
7.959999999999999076e+00,4.257578613524804489e-01,3.789635987539729644e-03,1.130355239737357714e-01,4.257523257898416791e-01,3.790239194315425664e-03,1.130401731913912022e-01,4.281752769166478068e-01,1.299486589609603893e-02,1.336188759233356560e-01
7.970000000000000639e+00,4.216203447140772220e-01,4.031610608274609209e-03,1.179304180215887399e-01,4.216145583736103375e-01,4.032395821313453262e-03,1.179351188170713050e-01,4.248048937312344231e-01,1.279609458345229434e-02,1.373554522974335113e-01
7.979999999999998650e+00,4.175044004339830694e-01,4.269176019180097141e-03,1.225133293750195473e-01,4.174984528980464904e-01,4.270085051356059883e-03,1.225179481622793443e-01,4.215162367065748983e-01,1.178858905900538601e-02,1.383768905563207419e-01
7.990000000000000213e+00,4.134117730777099320e-01,4.500698143514095598e-03,1.268019466843762211e-01,4.134057423510232865e-01,4.501676891025490831e-03,1.268064405382861304e-01,4.193240579982030480e-01,1.039818043525843339e-02,1.376364384137609420e-01
8.000000000000001776e+00,4.092420403033509291e-01,4.699087933816009123e-03,1.308498931433314527e-01,4.092364837830576585e-01,4.699923506269000628e-03,1.308544746748312171e-01,4.200302068470459504e-01,1.028004968183959811e-02,1.385636871960143068e-01
8.009999999999999787e+00,4.059545873667107507e-01,4.812313837327654616e-03,1.345051985612912282e-01,4.059482218700408152e-01,4.813324469147173268e-03,1.345086179866577247e-01,4.210593496675395508e-01,9.965555665197217694e-03,1.369115883043275361e-01
8.019999999999997797e+00,4.047256615745809527e-01,4.905509504058104889e-03,1.368290915519955742e-01,4.047176845787142097e-01,4.906463723712112604e-03,1.368335760417228597e-01,4.230467443444495546e-01,8.892555016444647631e-03,1.334792831506736999e-01
8.029999999999999361e+00,4.052673038823727536e-01,4.991361281562212496e-03,1.374837783203168018e-01,4.052580224381776008e-01,4.992229676771360244e-03,1.374898966294553770e-01,4.258899666944342410e-01,7.527094336888653925e-03,1.290507395063630325e-01
8.040000000000000924e+00,4.074271872131819405e-01,5.065783691256712379e-03,1.364166981901355213e-01,4.074168420781740796e-01,5.066601941202336125e-03,1.364243289322562003e-01,4.291254390659152707e-01,6.263967514771470735e-03,1.243419380431776133e-01
8.049999999999998934e+00,4.110071589149967841e-01,5.127295037044780901e-03,1.336445278181148943e-01,4.109961161107309469e-01,5.128041195455217832e-03,1.336535914342746878e-01,4.326806932172504450e-01,4.416270889348677953e-03,1.171855087077304791e-01
8.059999999999996945e+00,4.157674855810485348e-01,5.172663031984874038e-03,1.292163412972926750e-01,4.157560770943060646e-01,5.173437225011118593e-03,1.292264906080196618e-01,4.372800436608094143e-01,3.366718799579518362e-03,1.105804941878937298e-01
8.070000000000002061e+00,4.214543380427002162e-01,5.189600401565017292e-03,1.231978904676068465e-01,4.214429605771033982e-01,5.190278364095552745e-03,1.232090972330075196e-01,4.417813276708912884e-01,2.605020225714974047e-03,1.037400742928957231e-01
8.080000000000000071e+00,4.278233667675875318e-01,5.146873190988945738e-03,1.156593950521209307e-01,4.278126549224134378e-01,5.147113519030206003e-03,1.156711632516986277e-01,4.471434844675147291e-01,1.945275199239607233e-03,9.475932659368763167e-02
8.089999999999998082e+00,4.346497593611797217e-01,4.987896461386422467e-03,1.066654345009130506e-01,4.346392525498481985e-01,4.988145086016572589e-03,1.066778130549327908e-01,4.523384104277534679e-01,1.546277096783482685e-03,8.535263599789827405e-02
8.099999999999999645e+00,4.417168284967673553e-01,4.639913289616999503e-03,9.627491774606757036e-02,4.417060212109605866e-01,4.641106128001712405e-03,9.628850066147565112e-02,4.565115236767949281e-01,1.103511763325723538e-03,7.695464168035193175e-02
8.110000000000001208e+00,4.487926646373213146e-01,4.044296320288210192e-03,8.455913319671075346e-02,4.487816342589907581e-01,4.047085365784058170e-03,8.457442811525300863e-02,4.627058075787180424e-01,-2.649072005310032507e-04,6.349820782513526662e-02
8.119999999999999218e+00,4.556248350005945857e-01,3.190220689502497320e-03,7.162856725729986607e-02,4.556145077576549962e-01,3.193806944873378312e-03,7.164528962273884749e-02,4.672797153608980736e-01,-3.198702188524082946e-04,5.221213319393519514e-02
8.129999999999997229e+00,4.619687104651416520e-01,2.121888218474269651e-03,5.764384178291603184e-02,4.619595565095049317e-01,2.125756215754844459e-03,5.766145677205185283e-02,4.702539264363623239e-01,-6.161644246112651935e-04,4.295743110020772138e-02
8.139999999999998792e+00,4.676248005730669899e-01,9.151519088580979460e-04,4.280090967435341842e-02,4.676171352703638595e-01,9.187760295320832136e-04,4.281874224369508486e-02,4.734204056583845022e-01,-1.103448198013945447e-03,3.181034574606894649e-02
8.150000000000000355e+00,4.724553987837335489e-01,-3.519547699156415745e-04,2.730579748329989287e-02,4.724491538125670798e-01,-3.488898999707367278e-04,2.732349763918335422e-02,4.767022853531339699e-01,-1.568956264684950863e-03,1.801379917842460543e-02
8.159999999999998366e+00,4.763794804563207252e-01,-1.616045211848254632e-03,1.135552038326467783e-02,4.763744924613189102e-01,-1.613568971250080916e-03,1.137305658049497098e-02,4.795652730353835436e-01,-2.272395386213502122e-03,2.275331069707842158e-03
8.169999999999999929e+00,4.793595496912325116e-01,-2.832426723371020503e-03,-4.871118716451409286e-03,4.793556932639140844e-01,-2.830348272178657108e-03,-4.853537563072470376e-03,4.816730847833854412e-01,-3.068174507415949437e-03,-1.349096235985436376e-02
8.180000000000001492e+00,4.813894379545238245e-01,-3.972951944676560675e-03,-2.121622594652711885e-02,4.813866878838836127e-01,-3.971107260814665633e-03,-2.119859382021434258e-02,4.833085498104996436e-01,-4.442088965644686027e-03,-3.022943839048597425e-02
8.189999999999999503e+00,4.824852867699802594e-01,-5.022257335092655470e-03,-3.754252898215259399e-02,4.824836162859457711e-01,-5.020665147480332310e-03,-3.752507313405245570e-02,4.845536871316374894e-01,-5.897834396123333156e-03,-4.566529672780439419e-02
8.199999999999997513e+00,4.826791988868284755e-01,-5.974226808229211871e-03,-5.373202210274885537e-02,4.826785573188826506e-01,-5.972767548443183583e-03,-5.371472743020540980e-02,4.853196833876645133e-01,-6.937641461695912004e-03,-5.929125461314416201e-02
8.209999999999999076e+00,4.820146702405052053e-01,-6.829146240005261673e-03,-6.968434057838433782e-02,4.820150306952231123e-01,-6.827641089149840900e-03,-6.966712528592587661e-02,4.859679370731364578e-01,-8.589420686474169564e-03,-7.834513862010594742e-02
8.220000000000000639e+00,4.805431672743831761e-01,-7.591544713813736835e-03,-8.531514141518932448e-02,4.805444866663967640e-01,-7.589966224936634497e-03,-8.529813017767476357e-02,4.858059107231740281e-01,-1.005626638304651932e-02,-9.760503147408930436e-02
8.229999999999998650e+00,4.783214715002222506e-01,-8.268601706045628635e-03,-1.005545679776238682e-01,4.783236257233259292e-01,-8.267133844420885072e-03,-1.005381576704694746e-01,4.845205722220577993e-01,-1.126416586595227476e-02,-1.135212840479688512e-01
8.240000000000000213e+00,4.754095738612095778e-01,-8.868993340109189438e-03,-1.153458099417468685e-01,4.754124425278514199e-01,-8.867731383053124167e-03,-1.153301832408670236e-01,4.830841723786589714e-01,-1.259222348230100430e-02,-1.282823632195486396e-01
8.250000000000001776e+00,4.718689892929316954e-01,-9.402071184294868988e-03,-1.296437527956422753e-01,4.718724548868586388e-01,-9.400998081747418550e-03,-1.296290315650049374e-01,4.807943632905770093e-01,-1.372202778071256180e-02,-1.426164457511793771e-01
8.259999999999999787e+00,4.677614083263926803e-01,-9.877290023369234007e-03,-1.434137097393674565e-01,4.677653117711945696e-01,-9.876367546450392360e-03,-1.434001150224964716e-01,4.781090927966942239e-01,-1.539317056595490563e-02,-1.568465829134542966e-01
8.269999999999997797e+00,4.631476275444110224e-01,-1.030382028377573554e-02,-1.566302313283444436e-01,4.631518989672304132e-01,-1.030294366412973575e-02,-1.566176784063134098e-01,4.749508018694508227e-01,-1.717902574769182567e-02,-1.712354440182809190e-01
8.279999999999999361e+00,4.580867146628258557e-01,-1.069029661509850529e-02,-1.692759909496162063e-01,4.580913354613410093e-01,-1.068937281092405614e-02,-1.692642946170108131e-01,4.723962303947086827e-01,-1.840268255503114958e-02,-1.812854380547642419e-01
8.290000000000000924e+00,4.526353724160028791e-01,-1.104466585124122026e-02,-1.813407458886559798e-01,4.526403148742951243e-01,-1.104367474067179805e-02,-1.813297877477377529e-01,4.692532532934442502e-01,-1.970286099946930158e-02,-1.922252913838222166e-01
8.299999999999998934e+00,4.468474709299894987e-01,-1.137410668700556196e-02,-1.928203744375717732e-01,4.468527527465043780e-01,-1.137310705028928004e-02,-1.928099641724236313e-01,4.655954159160048400e-01,-2.121638752912807790e-02,-2.034686449697938326e-01
8.309999999999996945e+00,4.407737221935605354e-01,-1.168500041597947056e-02,-2.037159895478220517e-01,4.407793584632178074e-01,-1.168404849834651059e-02,-2.037059881070308609e-01,4.611627106282194521e-01,-2.274828068864366559e-02,-2.155831585010705709e-01
8.320000000000002061e+00,4.344614734256906363e-01,-1.198293713108596580e-02,-2.140331288660385634e-01,4.344674404602133500e-01,-1.198216368536366913e-02,-2.140234923531782185e-01,4.553514271921070833e-01,-2.435108183950816796e-02,-2.294629075881369218e-01
8.330000000000000071e+00,4.279545987644290950e-01,-1.227274590404774102e-02,-2.237810203213065896e-01,4.279607981273118589e-01,-1.227226299200319393e-02,-2.237718410911295752e-01,4.488050098445031111e-01,-2.595102126164949841e-02,-2.428941930754851264e-01
8.339999999999998082e+00,4.212934711633486429e-01,-1.255854036578911079e-02,-2.329719214217341183e-01,4.212998909352581034e-01,-1.255845697946611494e-02,-2.329631390462415519e-01,4.417772510658830587e-01,-2.736811451351739422e-02,-2.558237767174373900e-01
8.349999999999999645e+00,4.145149985190402231e-01,-1.284377346586219534e-02,-2.416205297231649174e-01,4.145214536259704263e-01,-1.284410284994002942e-02,-2.416123592747021487e-01,4.353241430596943573e-01,-2.842427442279292504e-02,-2.666311865176108631e-01
8.360000000000001208e+00,4.076527100753058463e-01,-1.313129685836542798e-02,-2.497434611808429239e-01,4.076591947608559363e-01,-1.313207144848490930e-02,-2.497358299593764042e-01,4.297689169621664584e-01,-2.925291850504180280e-02,-2.752949282254679164e-01
8.369999999999999218e+00,4.007368813294772680e-01,-1.342342163488163126e-02,-2.573587921538486034e-01,4.007432853382671967e-01,-1.342456593115997493e-02,-2.573517846042583379e-01,4.256525448208362539e-01,-2.982159771304156159e-02,-2.812972039659815682e-01
8.379999999999997229e+00,3.937946868306441139e-01,-1.372197821974879828e-02,-2.644856611949618630e-01,3.938010064920892117e-01,-1.372345612821327179e-02,-2.644792131450703909e-01,4.095926865264699623e-01,-3.163002864269418013e-02,-3.025718178751137244e-01
8.389999999999998792e+00,3.868503726144102428e-01,-1.402837382458295770e-02,-2.711439254799133947e-01,3.868565832832019935e-01,-1.403011775089471960e-02,-2.711380089544775385e-01,4.006770062087051665e-01,-3.218513077370827036e-02,-3.130721697074444476e-01
8.400000000000000355e+00,3.799254408192350718e-01,-1.434364652144073937e-02,-2.773538674489035571e-01,3.799315112437810504e-01,-1.434559278620818439e-02,-2.773484651705369619e-01,3.916507643279476536e-01,-3.206439649238557177e-02,-3.225296122441950186e-01
8.409999999999998366e+00,3.730388407787972316e-01,-1.466851534399603828e-02,-2.831359466819950432e-01,3.730447247305145320e-01,-1.467060038702407143e-02,-2.831310596945076363e-01,3.821239787851866687e-01,-3.185479946719059485e-02,-3.318008650974761387e-01
8.419999999999999929e+00,3.662071616894623238e-01,-1.500342612169939215e-02,-2.885105924778912923e-01,3.662128432177267912e-01,-1.500561974796293767e-02,-2.885061889665586077e-01,3.744884924594370501e-01,-3.147531585417602529e-02,-3.386143129915449301e-01
8.430000000000001492e+00,3.594448232730275139e-01,-1.534859298547008345e-02,-2.934980324930180351e-01,3.594503093653071968e-01,-1.535088303814041363e-02,-2.934940611580325598e-01,3.662384957319059220e-01,-3.079750263710845370e-02,-3.454305775279508106e-01
8.439999999999999503e+00,3.527642614145516942e-01,-1.570403559895054701e-02,-2.981181532902728026e-01,3.527695551335995883e-01,-1.570640727460547587e-02,-2.981145726216989367e-01,3.594817504265239716e-01,-2.975427923206469538e-02,-3.509361327376213091e-01
8.449999999999997513e+00,3.461761067380182966e-01,-1.606961230613556182e-02,-3.023903887319432937e-01,3.461812023030143015e-01,-1.607204650788932043e-02,-3.023871700488344194e-01,3.542578491201580082e-01,-2.878021729625174219e-02,-3.549335038672972176e-01
8.459999999999999076e+00,3.396893544235678464e-01,-1.644504938848555947e-02,-3.063336326361041362e-01,3.396942445947556122e-01,-1.644752992254215965e-02,-3.063307514081013982e-01,3.497707282110719129e-01,-2.767530862164456484e-02,-3.583339397663387049e-01
8.470000000000000639e+00,3.333115245246931480e-01,-1.682996679047006616e-02,-3.099661721845822226e-01,3.333162016363843128e-01,-1.683250959899385696e-02,-3.099636031392614677e-01,3.461498165186790432e-01,-2.677542950504033237e-02,-3.608416560151271879e-01
8.479999999999998650e+00,3.270488117705702691e-01,-1.722390048165041779e-02,-3.133056392608883911e-01,3.270531305104278919e-01,-1.722703255005788095e-02,-3.133030998958578617e-01,3.438906001661914402e-01,-2.592861368621950102e-02,-3.623510687097341032e-01
8.490000000000000213e+00,3.209001211562172995e-01,-1.764317409165210709e-02,-3.163599479937282966e-01,3.209040330655974493e-01,-1.764800472662412384e-02,-3.163568789065520082e-01,3.423393831516332586e-01,-2.506394282489476932e-02,-3.633008878464746849e-01
8.500000000000001776e+00,3.148115939973105681e-01,-1.829437588090872258e-02,-3.190339923213993401e-01,3.148162072780155696e-01,-1.830043821989471228e-02,-3.190305301783733505e-01,3.415221925184013241e-01,-2.416980474322251438e-02,-3.636530292373524875e-01
8.509999999999999787e+00,3.098200584020542325e-01,-1.890260997910259838e-02,-3.213881652068993899e-01,3.098257957600799029e-01,-1.890935490736200819e-02,-3.213843991124598065e-01,3.413439800459302509e-01,-2.306197478689353542e-02,-3.635695916835089969e-01
8.519999999999997797e+00,3.069197325096867379e-01,-1.897513838004661127e-02,-3.233048793023677314e-01,3.069266617981893375e-01,-1.898222096491337246e-02,-3.233007734168892311e-01,3.422303561608663891e-01,-2.218040006579159729e-02,-3.625449296281439970e-01
8.529999999999999361e+00,3.060339118667118052e-01,-1.874628520889017741e-02,-3.244708513475539902e-01,3.060417472882278611e-01,-1.875359693411265960e-02,-3.244664293140699374e-01,3.435634280300725596e-01,-2.155061643332181753e-02,-3.612973008524540397e-01
8.540000000000000924e+00,3.071837757311873807e-01,-1.827458480022453244e-02,-3.247760790491359684e-01,3.071917563107108839e-01,-1.828206221453505809e-02,-3.247717214821303489e-01,3.466038096036259120e-01,-2.082464665110933533e-02,-3.593734482015989995e-01
8.549999999999998934e+00,3.102941264257678133e-01,-1.759841334601027971e-02,-3.241513456307684726e-01,3.103024478333435976e-01,-1.760599178438482584e-02,-3.241468462962106001e-01,3.504046617723353130e-01,-2.017510310355516423e-02,-3.571929880551528713e-01
8.559999999999996945e+00,3.152116313213512711e-01,-1.675427688220075192e-02,-3.225376222460637488e-01,3.152214726056513094e-01,-1.676195311923303621e-02,-3.225320448381823746e-01,3.565855783052158667e-01,-1.940329328815655618e-02,-3.536470941543788937e-01
8.570000000000002061e+00,3.217433845516581292e-01,-1.577892935571656094e-02,-3.198730901887761879e-01,3.217555101557210695e-01,-1.578669415061978096e-02,-3.198657978230173837e-01,3.637631200935155240e-01,-1.902655712481290950e-02,-3.493969618959091861e-01
8.580000000000000071e+00,3.296937341101662811e-01,-1.471086697193482208e-02,-3.160799070081894979e-01,3.297104874141517095e-01,-1.471874456028006602e-02,-3.160691372699001023e-01,3.709683456488039877e-01,-1.908119196510210669e-02,-3.444248364533514795e-01
8.589999999999998082e+00,3.388887660974517213e-01,-1.359165354068178448e-02,-3.110517671375505611e-01,3.389076809185619932e-01,-1.359967010948594408e-02,-3.110385634240032116e-01,3.783372130314203163e-01,-1.881844709372534896e-02,-3.390704470704625773e-01
8.599999999999999645e+00,3.491717560343579052e-01,-1.246545670489703807e-02,-3.046564938221481000e-01,3.491898889234260062e-01,-1.247346308231765157e-02,-3.046429256216662829e-01,3.870108438673389717e-01,-1.842602912389598724e-02,-3.318723712866876729e-01
8.610000000000001208e+00,3.603651173446311140e-01,-1.137457579715113291e-02,-2.967691533503037382e-01,3.603798656559538127e-01,-1.138231436466036195e-02,-2.967574389345458696e-01,3.967727883509272191e-01,-1.792346866109441328e-02,-3.228371024899324704e-01
8.619999999999999218e+00,3.722272525205863603e-01,-1.035178903572599521e-02,-2.873260182219913306e-01,3.722384958660371890e-01,-1.035918467853736737e-02,-2.873163474646507343e-01,4.047910011141059305e-01,-1.739265750726262660e-02,-3.145512242979247586e-01
8.629999999999997229e+00,3.844462639876528032e-01,-9.414779813541128417e-03,-2.763618435445918675e-01,3.844558953014657887e-01,-9.421909554288756400e-03,-2.763524079142847256e-01,4.162906374635455542e-01,-1.689490129500706428e-02,-3.020295458387763921e-01
8.639999999999998792e+00,3.966775579297919796e-01,-8.566691412657935142e-03,-2.640061930537145329e-01,3.966875039199451725e-01,-8.573725154019929545e-03,-2.639950101269450955e-01,4.257075335147993966e-01,-1.629100428823700153e-02,-2.901941455425029459e-01
8.650000000000000355e+00,4.085943145766823825e-01,-7.801080498469073476e-03,-2.504518520503640766e-01,4.086041728560496078e-01,-7.808053738055289322e-03,-2.504394362473419400e-01,4.373009821453789359e-01,-1.553603249471485759e-02,-2.747414519773009323e-01
8.659999999999998366e+00,4.199225880745214856e-01,-7.107212053553883455e-03,-2.359202522621657305e-01,4.199312654773527664e-01,-7.114070559708715255e-03,-2.359079854916643626e-01,4.476355099011460892e-01,-1.424239699726045916e-02,-2.588380988220559953e-01
8.669999999999999929e+00,4.304549302065761029e-01,-6.473599868416925196e-03,-2.206363581505662030e-01,4.304622495677140614e-01,-6.480336776016304770e-03,-2.206246741016864299e-01,4.542028554207707680e-01,-1.331958695059465292e-02,-2.468256795383556579e-01
8.680000000000001492e+00,4.400489985360324652e-01,-5.889768307025983717e-03,-2.048138016094303016e-01,4.400549670200430974e-01,-5.896353571946186603e-03,-2.048029959162742109e-01,4.604243513716327341e-01,-1.222013478956235355e-02,-2.338964128870812675e-01
8.689999999999999503e+00,4.486188806480203017e-01,-5.346879426631857141e-03,-1.886472833890566192e-01,4.486235027610387949e-01,-5.353219307820761275e-03,-1.886375877918302357e-01,4.664745882299791147e-01,-1.079598210639606815e-02,-2.191626549279596103e-01
8.699999999999997513e+00,4.561242320526809335e-01,-4.837783947987298917e-03,-1.723094136365098394e-01,4.561276678408570651e-01,-4.843766603240980823e-03,-1.723007830154382747e-01,4.726398461878541513e-01,-9.027526011553030361e-03,-2.008566405902722507e-01
8.709999999999999076e+00,4.625598044281168386e-01,-4.356830793094254237e-03,-1.559500949335136388e-01,4.625623051783011030e-01,-4.362407411084720521e-03,-1.559422846626978276e-01,4.777656066426404502e-01,-7.434018111899490244e-03,-1.826374530671419638e-01
8.720000000000000639e+00,4.679463879926934466e-01,-3.899605261727525935e-03,-1.396973002182436974e-01,4.679480061663168211e-01,-3.904767534791978890e-03,-1.396905492199513876e-01,4.814824980330493220e-01,-6.022297783939617455e-03,-1.670112657763507535e-01
8.729999999999998650e+00,4.723234041755507429e-01,-3.462671927309755957e-03,-1.236585721523251052e-01,4.723240521467917397e-01,-3.467418224963927150e-03,-1.236536905825757482e-01,4.849450733081990261e-01,-4.602812302874473294e-03,-1.491412358241363534e-01
8.740000000000000213e+00,4.757430415716507044e-01,-3.043352063508801986e-03,-1.079228528283453642e-01,4.757427398679135444e-01,-3.047695959808582444e-03,-1.079205432311704377e-01,4.876943770581747550e-01,-2.859145196771342712e-03,-1.310363007764888121e-01
8.750000000000001776e+00,4.782657094842687195e-01,-2.639542247495573445e-03,-9.256241797660932913e-02,4.782649977866549329e-01,-2.643537080278845260e-03,-9.256117788906298438e-02,4.896093666972195502e-01,-1.201846544623533242e-03,-1.141847295488898351e-01
8.759999999999999787e+00,4.799565662289639878e-01,-2.249572166884001873e-03,-7.763478784297335455e-02,4.799555854815215072e-01,-2.253255794967401384e-03,-7.763427574230472028e-02,4.910635701407140008e-01,8.515523106354810912e-04,-9.471269090906353494e-02
8.769999999999997797e+00,4.808829029014404788e-01,-1.872096086913928488e-03,-6.318454472310039427e-02,4.808818180081145255e-01,-1.875535666173780858e-03,-6.318380977901663642e-02,4.914596673967397411e-01,2.988137782622593552e-03,-7.564643803298576330e-02
8.779999999999999361e+00,4.811121988411682926e-01,-1.506011240599660879e-03,-4.924502149500919329e-02,4.811110734922869892e-01,-1.509294957966041996e-03,-4.924331873848022956e-02,4.909606410688139855e-01,4.543436738322748081e-03,-5.695540283265060344e-02
8.790000000000000924e+00,4.807107004144237083e-01,-1.150397755163982830e-03,-3.583984593866204604e-02,4.807094541401190080e-01,-1.153583180976533364e-03,-3.583738695175815725e-02,4.897641800285973401e-01,4.683222696002908858e-03,-4.051639868017681279e-02
8.799999999999998934e+00,4.797424056483415855e-01,-8.044746031172469091e-04,-2.298433739921610861e-02,4.797409959624407416e-01,-8.075915805187354858e-04,-2.298131177255076027e-02,4.879768097061055743e-01,5.510747461614992626e-03,-2.621020722897271504e-02
8.809999999999996945e+00,4.782683625422545215e-01,-4.675679837324026164e-04,-1.068675924396406129e-02,4.782667653799136387e-01,-4.705992368733497499e-04,-1.068346477616349474e-02,4.858034854991363227e-01,6.322308907188517457e-03,-1.154990089226493044e-02
8.820000000000002061e+00,4.763462090178247621e-01,-1.390885847481362447e-04,1.050565771871900429e-03,4.763444316801929701e-01,-1.420088960013468475e-04,1.053368045393223741e-03,4.830847777222017081e-01,7.164118017286891238e-03,2.318089623342900474e-03
8.830000000000000071e+00,4.740298982018539831e-01,1.814845351669742252e-04,1.223026815998801836e-02,4.740279545164046149e-01,1.787427359499761084e-04,1.223301023957025849e-02,4.799659094784533009e-01,8.545977412700939135e-03,1.713809456922937846e-02
8.839999999999998082e+00,4.713695649727960846e-01,4.946154412907599086e-04,2.285906249924507527e-02,4.713674990457500935e-01,4.920749027972690223e-04,2.286126126648617418e-02,4.766955752437125327e-01,9.481747888265446012e-03,2.963180823411781795e-02
8.849999999999999645e+00,4.684114991988280741e-01,8.007195026485678171e-04,3.294698630369426867e-02,4.684092557999846029e-01,7.984208844908380906e-04,3.294942227911330096e-02,4.739016263753045299e-01,9.814980697403177801e-03,3.950668903085208239e-02
8.860000000000001208e+00,4.651981984893294175e-01,1.100169410149909712e-03,4.250673706418169051e-02,4.651957976016502516e-01,1.098110298481282674e-03,4.250915143357539977e-02,4.698277573173584853e-01,9.910585537720881244e-03,5.211562136491326713e-02
8.869999999999999218e+00,4.617684790657027860e-01,1.393299556488774953e-03,5.155309795109087184e-02,4.617658544124746967e-01,1.391472983021247670e-03,5.155593794658679119e-02,4.654593492460903370e-01,1.004015617165056329e-02,6.410455504949047478e-02
8.879999999999997229e+00,4.581576279080225578e-01,1.680409564231794646e-03,6.010244317391705976e-02,4.581547953667772788e-01,1.678795571653435379e-03,6.010550537112974157e-02,4.601611819186689489e-01,1.009315766400005476e-02,7.711476624813384806e-02
8.889999999999998792e+00,4.543975829391641574e-01,1.961767174454081934e-03,6.817231455047530198e-02,4.543945377385022466e-01,1.960345358237618879e-03,6.817562873742852303e-02,4.548329851980765781e-01,1.005493792647002560e-02,8.912469763784924837e-02
8.900000000000000355e+00,4.505171308793554652e-01,2.237610725894961881e-03,7.578106143337684508e-02,4.505139071896380187e-01,2.236360035743225824e-03,7.578444172078352414e-02,4.502125348256305060e-01,1.017034789358761682e-02,9.867439695109447850e-02
8.909999999999998366e+00,4.465421147027789361e-01,2.508151417369143717e-03,8.294753673806246064e-02,4.465387395434177176e-01,2.507062993084322247e-03,8.295091116362710015e-02,4.424131823270531783e-01,1.018202843488758003e-02,1.123189421413113287e-01
8.919999999999999929e+00,4.424956444754113427e-01,2.773575523227013277e-03,8.969084240589747514e-02,4.424921557405445682e-01,2.772617836755804192e-03,8.969408527721746405e-02,4.361692464076626363e-01,9.294200331428595363e-03,1.219971058207059422e-01
8.930000000000001492e+00,4.383983068414857853e-01,3.034046502214633040e-03,9.603011821829691985e-02,4.383947352286782784e-01,3.033197805032406252e-03,9.603315320606652106e-02,4.302629724986163362e-01,9.542019840426074762e-03,1.319253178971545037e-01
8.939999999999999503e+00,4.342683696237120694e-01,3.289707045731167338e-03,1.019843684354215935e-01,4.342648427642519793e-01,3.288938931761472596e-03,1.019867889026096208e-01,4.231589068366996553e-01,9.661140753041697060e-03,1.417629264852412474e-01
8.949999999999997513e+00,4.301219789666441140e-01,3.540681111418547949e-03,1.075723212641354481e-01,4.301185154499225227e-01,3.539989102469144177e-03,1.075741436136986445e-01,4.155456060069823154e-01,9.709441504184887495e-03,1.518414385711788772e-01
8.959999999999999076e+00,4.259733472252378861e-01,3.787075950190863481e-03,1.128123166665853383e-01,4.259698742735488763e-01,3.786477843141637135e-03,1.128138210455651297e-01,4.134517178687459049e-01,9.761104273779297458e-03,1.543111975973356920e-01
8.970000000000000639e+00,4.218349304152879120e-01,4.028984004877990584e-03,1.177222185029768581e-01,4.218312855607531109e-01,4.028517479374906646e-03,1.177238968997392776e-01,4.144187719403000791e-01,9.039537896507687798e-03,1.514556452578634249e-01
8.979999999999998650e+00,4.177175945293933323e-01,4.266484779043957024e-03,1.223193474372536171e-01,4.177137718754695972e-01,4.266161163511077159e-03,1.223212159153679729e-01,4.161357286978035752e-01,8.538482791769594349e-03,1.485580396389136748e-01
8.990000000000000213e+00,4.136181712224952234e-01,4.496881028804926642e-03,1.266220925418592158e-01,4.136142265289733388e-01,4.496674411567399068e-03,1.266239945096751807e-01,4.178047431580945714e-01,7.370224751626908155e-03,1.438839833152696923e-01
9.000000000000001776e+00,4.094230033914196265e-01,4.686051688128187349e-03,1.307003690719732436e-01,4.094206225376109676e-01,4.685988140036821854e-03,1.307017210969116106e-01,4.211566481194621847e-01,7.034796180970540047e-03,1.399906492652424062e-01
9.009999999999999787e+00,4.062558721924988681e-01,4.793030062317031083e-03,1.343342256212774755e-01,4.062534108057624938e-01,4.793130958317697379e-03,1.343350260457198964e-01,4.254806656574776635e-01,6.659749161124453587e-03,1.380265974071778201e-01
9.019999999999997797e+00,4.051310297931123849e-01,4.884128169635228341e-03,1.365829214056268892e-01,4.051293847382210767e-01,4.884322496499921007e-03,1.365829328588990810e-01,4.289634801206626546e-01,6.588186009788998820e-03,1.351834009071390952e-01
9.029999999999999361e+00,4.057645797718849034e-01,4.968192950677827006e-03,1.371472434333053936e-01,4.057635185488703833e-01,4.968486016057091677e-03,1.371467527787519070e-01,4.337017179253516153e-01,4.859737634987315591e-03,1.274549506649528263e-01
9.040000000000000924e+00,4.080040086252120779e-01,5.041122041402415661e-03,1.359829403517835988e-01,4.080035048725623170e-01,5.041495122382820028e-03,1.359818585378148037e-01,4.374019279218899214e-01,4.211256915360589437e-03,1.218146826805749927e-01
9.049999999999998934e+00,4.116479987479525482e-01,5.101368489322660738e-03,1.331107078530691656e-01,4.116480416238461060e-01,5.101741218894205628e-03,1.331094374399142410e-01,4.403465489708014990e-01,4.556965919209857163e-03,1.166096301811662128e-01
9.059999999999996945e+00,4.164552619503058550e-01,5.145279949826420639e-03,1.285822164894525332e-01,4.164562499943788021e-01,5.145466405574256920e-03,1.285799429005544670e-01,4.429974150295834523e-01,5.027720115502412601e-03,1.107075349668010245e-01
9.070000000000002061e+00,4.221720560496587393e-01,5.159577557475154841e-03,1.224648486853296830e-01,4.221737751981981535e-01,5.159570255465734112e-03,1.224612598057517598e-01,4.457263042861755453e-01,4.988222431821953684e-03,1.030421543100520920e-01
9.080000000000000071e+00,4.285552132461356578e-01,5.111408511490707872e-03,1.148295429869922724e-01,4.285573556628433090e-01,5.111227734241622668e-03,1.148249561241936056e-01,4.492157849632910649e-01,4.518968759865488183e-03,9.278721340971712861e-02
9.089999999999998082e+00,4.353809793605651346e-01,4.942555540581047326e-03,1.057410342558613853e-01,4.353834117606065202e-01,4.942256629998958289e-03,1.057353449414029228e-01,4.531206512534572406e-01,3.352202690180591804e-03,8.287586490521542393e-02
9.099999999999999645e+00,4.424323251396529710e-01,4.580008081626622124e-03,9.525889982956432800e-02,4.424342329264843166e-01,4.580458611855358839e-03,9.525275968212038036e-02,4.564854886131372025e-01,2.323182730328762768e-03,7.531941852523599268e-02
9.110000000000001208e+00,4.494758503113097658e-01,3.967324020393100774e-03,8.345677086842091807e-02,4.494769529042668132e-01,3.969179513502676775e-03,8.345083828515613422e-02,4.612785755417514455e-01,6.656527080390606255e-04,6.509460792498361625e-02
9.119999999999999218e+00,4.562586593463564544e-01,3.097423118278648350e-03,7.044890045316502813e-02,4.562596106644329352e-01,3.099840162969997280e-03,7.044303964647385952e-02,4.675214385944567175e-01,1.795481656094444212e-05,5.295473991825078164e-02
9.129999999999997229e+00,4.625383279458049612e-01,2.017515930940526597e-03,5.639936551043973206e-02,4.625393191552466532e-01,2.020045045358171473e-03,5.639327561318593918e-02,4.716494795964266684e-01,-7.085243346530573083e-04,4.361779968016749054e-02
9.139999999999998792e+00,4.681194718258461229e-01,8.044420690848315446e-04,4.150590250411379661e-02,4.681206438217549448e-01,8.066376774340057237e-04,4.149912087400806776e-02,4.787693177120622146e-01,-2.434599562030986819e-03,1.902280322789390299e-02
9.150000000000000355e+00,4.728686548951018809e-01,-4.643448973025450901e-04,2.597465758848426648e-02,4.728698153478844146e-01,-4.626810343265863839e-04,2.596706965068189266e-02,4.814745499539273554e-01,-3.887147934837270613e-03,2.764071924014677162e-03
9.159999999999998366e+00,4.767083225906530441e-01,-1.726633772707739361e-03,1.000177709011299335e-02,4.767092597071680427e-01,-1.725505815453033664e-03,9.993519809405330273e-03,4.835095012905378242e-01,-5.419551103890848931e-03,-1.601261213541133044e-02
9.169999999999999929e+00,4.796035325301156726e-01,-2.938897568640703745e-03,-6.235215110069370834e-03,4.796041587401578821e-01,-2.938452358342565074e-03,-6.244198352317888688e-03,4.849557946613396453e-01,-6.495358436636095023e-03,-3.301451969769420014e-02
9.180000000000001492e+00,4.815499506191392998e-01,-4.073933496839246896e-03,-2.257980642024252915e-02,4.815501513186784543e-01,-4.073956694334066909e-03,-2.258906672827832793e-02,4.858554301314726986e-01,-7.727337422087185437e-03,-4.572522344876134293e-02
9.189999999999999503e+00,4.825650405346691985e-01,-5.117079902212353509e-03,-3.889607908042227308e-02,4.825647935291292878e-01,-5.117510420649068123e-03,-3.890548739727772015e-02,4.867286254720391003e-01,-9.718190215656993813e-03,-6.122378164260272593e-02
9.199999999999997513e+00,4.826818598444790331e-01,-6.062717236057493450e-03,-5.506730914980972197e-02,4.826810309163683810e-01,-6.064221442997083308e-03,-5.507839776913896201e-02,4.872545330314971279e-01,-1.203311715270626026e-02,-8.381464723071685441e-02
9.209999999999999076e+00,4.819445848505222174e-01,-6.911468911621194804e-03,-7.099432697230080580e-02,4.819430386518693266e-01,-6.913814209821327744e-03,-7.100694941031071572e-02,4.863722896023779940e-01,-1.398468728815405182e-02,-1.047516786155212043e-01
9.220000000000000639e+00,4.804051487258907960e-01,-7.668082536561224814e-03,-8.659389495546203352e-02,4.804029419876183482e-01,-7.670674750554939102e-03,-8.660698069075638272e-02,4.846104402983475445e-01,-1.529828318516096575e-02,-1.200219355048480763e-01
9.229999999999998650e+00,4.781206286733453159e-01,-8.339869029037754594e-03,-1.017971726378795877e-01,4.781179122868295939e-01,-8.342388398940922892e-03,-1.018098772845087013e-01,4.826283394067313326e-01,-1.562783759730770883e-02,-1.326332938501638692e-01
9.240000000000000213e+00,4.751511724613411980e-01,-8.935573179559013965e-03,-1.165482780542212576e-01,4.751480699135590124e-01,-8.938106464092147874e-03,-1.165602470345972197e-01,4.805601300124501263e-01,-1.559077683633064426e-02,-1.435508461773547517e-01
9.250000000000001776e+00,4.715583387909632607e-01,-9.464570882978121449e-03,-1.308029391069649994e-01,4.715550042483692139e-01,-9.467265878095538004e-03,-1.308138364829570799e-01,4.763393117373107000e-01,-1.591693995081784607e-02,-1.608685355625626145e-01
9.259999999999999787e+00,4.674037704747663891e-01,-9.936310485758020894e-03,-1.445272276951833634e-01,4.674003255713914395e-01,-9.939132079208148549e-03,-1.445369535806429739e-01,4.653731977999341352e-01,-1.750746592257765299e-02,-1.961189855945776883e-01
9.269999999999997797e+00,4.627481433194560179e-01,-1.035993542859184151e-02,-1.576963721252681860e-01,4.627446878421060950e-01,-1.036284643582026203e-02,-1.577049029886571641e-01,4.599524144176443397e-01,-1.806414361022125326e-02,-2.122194577294893025e-01
9.279999999999999361e+00,4.576503471087817743e-01,-1.074404033164810118e-02,-1.702936459031964833e-01,4.576468255408805419e-01,-1.074696837588429502e-02,-1.703013513173511906e-01,4.547427484290446076e-01,-1.921152716972088226e-02,-2.269790883787331237e-01
9.290000000000000924e+00,4.521668632372954355e-01,-1.109652440709416217e-02,-1.823093326401350189e-01,4.521632828665514414e-01,-1.109936493009414799e-02,-1.823163429737278129e-01,4.497475265122590216e-01,-1.939334820539467819e-02,-2.402240829638517816e-01
9.299999999999998934e+00,4.463513088933627748e-01,-1.142451512523014537e-02,-1.937397675306445355e-01,4.463475954412010061e-01,-1.142727213398078354e-02,-1.937463459675790867e-01,4.462396788832418970e-01,-1.968491091378364588e-02,-2.485603927942941216e-01
9.309999999999996945e+00,4.402541216607375185e-01,-1.173434166744160775e-02,-2.045864556225145681e-01,4.402502272338079115e-01,-1.173708641713306147e-02,-2.045927550711931220e-01,4.421962092924172083e-01,-1.990208488950391541e-02,-2.574123460233229688e-01
9.320000000000002061e+00,4.339223613629399900e-01,-1.203154316071528181e-02,-2.148552669256880987e-01,4.339183205835390189e-01,-1.203432195839532551e-02,-2.148612608578112371e-01,4.368040719409530537e-01,-2.021033412505884863e-02,-2.679023800982679449e-01
9.330000000000000071e+00,4.273996089263283893e-01,-1.232090007195879924e-02,-2.245557069520565663e-01,4.273954479845765153e-01,-1.232375509614275048e-02,-2.245613889262394747e-01,4.284803333945919057e-01,-2.095847000380331171e-02,-2.821092322737244751e-01
9.339999999999998082e+00,4.207259440096311476e-01,-1.260648069443352781e-02,-2.337002613176835941e-01,4.207215103335471551e-01,-1.260908896102842791e-02,-2.337059451586716574e-01,4.204481966551550931e-01,-2.186011787023652009e-02,-2.943312516351521135e-01
9.349999999999999645e+00,4.139379858436831316e-01,-1.289169633266035175e-02,-2.423038111871026190e-01,4.139329977795787596e-01,-1.289339997942997793e-02,-2.423100019481145562e-01,4.154674694794866507e-01,-2.246908063605340677e-02,-3.017350868026636435e-01
9.360000000000001208e+00,4.070689833838236904e-01,-1.317936090405943082e-02,-2.503831164346002058e-01,4.070639114966410066e-01,-1.318092373005841540e-02,-2.503890219696709996e-01,4.106022891496553529e-01,-2.316843830673318005e-02,-3.089235913780241094e-01
9.369999999999999218e+00,4.001489428532806203e-01,-1.347175174545086479e-02,-2.579563625456045561e-01,4.001435123196747101e-01,-1.347230601419168589e-02,-2.579625057606109717e-01,4.009993449918558550e-01,-2.456884555945540449e-02,-3.220563864507516305e-01
9.379999999999997229e+00,3.932047827209722013e-01,-1.377066938952508680e-02,-2.650427666246127356e-01,3.931993501832509175e-01,-1.377085806984484212e-02,-2.650486160344630027e-01,3.954555330691912340e-01,-2.518254719783495632e-02,-3.287470169245484408e-01
9.389999999999998792e+00,3.862605074360476731e-01,-1.407749485639785830e-02,-2.716622380438517559e-01,3.862555324740782337e-01,-1.407842400850041822e-02,-2.716671290491249890e-01,3.898246232848614490e-01,-2.525728755907523382e-02,-3.346813819565854220e-01
9.400000000000000355e+00,3.793373929854930715e-01,-1.439324349648395986e-02,-2.778350887742678799e-01,3.793326533481143903e-01,-1.439464282678117740e-02,-2.778393807493551582e-01,3.839640912024527841e-01,-2.555153711083674173e-02,-3.401366544678731674e-01
9.409999999999998366e+00,3.724541783481442048e-01,-1.471861482977339201e-02,-2.835817887553213623e-01,3.724495356807465685e-01,-1.472024654256401041e-02,-2.835857038599799429e-01,3.783468840107644393e-01,-2.621241686598829723e-02,-3.447590350570954865e-01
9.419999999999999929e+00,3.656272582390693304e-01,-1.505403810158367078e-02,-2.889227615544437411e-01,3.656221825602741227e-01,-1.505595360637448921e-02,-2.889267598443049923e-01,3.709113507812121791e-01,-2.687980400858080987e-02,-3.502219383947393072e-01
9.430000000000001492e+00,3.588708735766052982e-01,-1.539971351346762669e-02,-2.938782157588845090e-01,3.588595243850337679e-01,-1.540260020726041609e-02,-2.938867835435387543e-01,3.631568933819591116e-01,-2.739023667369501480e-02,-3.549991223746060132e-01
9.439999999999999503e+00,3.521972966647929915e-01,-1.575564917816829960e-02,-2.984680079924307283e-01,3.521836184204328313e-01,-1.575889541802450583e-02,-2.984777894420578837e-01,3.582455458692805905e-01,-2.752723530777750893e-02,-3.579706509870430042e-01
9.449999999999997513e+00,3.456170091165773894e-01,-1.612169398711995813e-02,-3.027115334900241095e-01,3.455955044467277082e-01,-1.612573161464395805e-02,-3.027262236019086505e-01,3.540784476984354390e-01,-2.732576416665316588e-02,-3.595955215114464698e-01
9.459999999999999076e+00,3.391388711206362871e-01,-1.649756666879379635e-02,-3.066276405423797313e-01,3.391155629273561178e-01,-1.650169285419993831e-02,-3.066427504629671286e-01,3.505014180365814136e-01,-2.723802257276065897e-02,-3.612415284522300096e-01
9.470000000000000639e+00,3.327702807677597185e-01,-1.688288122663216331e-02,-3.102345656374246863e-01,3.327395134815825939e-01,-1.688744894036397007e-02,-3.102535911747896780e-01,3.486423122900268456e-01,-2.710681371591465438e-02,-3.613229403594279132e-01
9.479999999999998650e+00,3.265173231197318615e-01,-1.727716911864691368e-02,-3.135498861309874985e-01,3.264865143933182168e-01,-1.728161305537589260e-02,-3.135679572741578713e-01,3.472842503007156356e-01,-2.656897115780512686e-02,-3.603384860967406844e-01
9.490000000000000213e+00,3.203794177959597977e-01,-1.769512770045225669e-02,-3.165823000765915496e-01,3.203490076731074221e-01,-1.770015330003651619e-02,-3.165988265444055760e-01,3.466797411415726282e-01,-2.594979505625466532e-02,-3.592344041396029475e-01
9.500000000000001776e+00,3.143023951475875100e-01,-1.833729614751371945e-02,-3.192393007193681798e-01,3.142729339011302025e-01,-1.834309652252740300e-02,-3.192542292473249388e-01,3.465525096334823862e-01,-2.520216180209522427e-02,-3.574804983575998740e-01
9.509999999999999787e+00,3.093003608119547776e-01,-1.895063519614994391e-02,-3.215764610995844319e-01,3.092723212380669162e-01,-1.895665033606164576e-02,-3.215901447045215189e-01,3.471781743867189407e-01,-2.442539286001001175e-02,-3.552935705553737500e-01
9.519999999999997797e+00,3.063921167374038523e-01,-1.902598019401646051e-02,-3.234878465999920794e-01,3.063657556639395874e-01,-1.903198226940173987e-02,-3.235005805237186061e-01,3.487910241656229093e-01,-2.341570162192152527e-02,-3.525834060314594898e-01
9.529999999999999361e+00,3.054992832195229102e-01,-1.879897741004838210e-02,-3.246556466816167830e-01,3.054743077996313616e-01,-1.880499969643811831e-02,-3.246677824112418898e-01,3.521719742860348612e-01,-2.226676927593518318e-02,-3.485870150295781733e-01
9.540000000000000924e+00,3.066435294035556591e-01,-1.832869959721629069e-02,-3.249684071188303491e-01,3.066198995348048406e-01,-1.833471482907220867e-02,-3.249801178021629600e-01,3.553804061407209725e-01,-2.155180596342536059e-02,-3.458125295113318454e-01
9.549999999999998934e+00,3.097505301924246557e-01,-1.765350023002820734e-02,-3.243560697563216966e-01,3.097277343741803302e-01,-1.765945729580650075e-02,-3.243679390421176922e-01,3.602058024404755088e-01,-2.055484836569035356e-02,-3.420571697313613546e-01
9.559999999999996945e+00,3.146675001548676076e-01,-1.680983938578721817e-02,-3.227588711996104420e-01,3.146470133525445245e-01,-1.681577410460065314e-02,-3.227700602474478653e-01,3.659771358958845422e-01,-1.947387024904351227e-02,-3.376386007188310057e-01
9.570000000000002061e+00,3.212017378061981510e-01,-1.583442136566605082e-02,-3.201144010210931756e-01,3.211851745298504035e-01,-1.584037144172305636e-02,-3.201237882666519430e-01,3.704285118364382123e-01,-1.874924227279289868e-02,-3.342822240953194912e-01
9.580000000000000071e+00,3.291575167033934379e-01,-1.476568173568301723e-02,-3.163444535183168038e-01,3.291450984435473348e-01,-1.477160517186502237e-02,-3.163517192501981712e-01,3.747745561664561631e-01,-1.806680824826251142e-02,-3.310368364529270857e-01
9.589999999999998082e+00,3.383607869545876556e-01,-1.364511760592909163e-02,-3.113425498755089116e-01,3.383492355373268201e-01,-1.365086464946607334e-02,-3.113499193886193894e-01,3.923218218584424433e-01,-1.619533381946353101e-02,-3.174728578268087853e-01
9.599999999999999645e+00,3.486549742869186619e-01,-1.251686264554597444e-02,-3.049762259234626294e-01,3.486419417301418466e-01,-1.252228768948273827e-02,-3.049856596934000796e-01,4.022972358973534446e-01,-1.493263569112035505e-02,-3.086703519345784241e-01
9.610000000000001208e+00,3.598631173627739321e-01,-1.142327640711889372e-02,-2.971197130000537978e-01,3.598480656695811075e-01,-1.142832127116460636e-02,-2.971319491367652721e-01,4.126046791520414647e-01,-1.370231735781733684e-02,-2.985910013370033922e-01
9.619999999999999218e+00,3.717444375414017399e-01,-1.039731161791759319e-02,-2.877077898722147364e-01,3.717281846477551444e-01,-1.040196350791307810e-02,-2.877224102733066391e-01,4.236477061282152290e-01,-1.230365447256548395e-02,-2.857794966802004177e-01
9.629999999999997229e+00,3.839874920755488863e-01,-9.456880874142595955e-03,-2.767734641165368603e-01,3.839719488167818717e-01,-9.461198514901396350e-03,-2.767887883603576960e-01,4.331813941705106030e-01,-1.147996089043695767e-02,-2.744520257776407735e-01
9.639999999999998792e+00,3.962474783290617086e-01,-8.605328721094443467e-03,-2.644448186092732134e-01,3.962341275034799160e-01,-8.609321664234583643e-03,-2.644588192685509154e-01,4.435612575071088415e-01,-1.029723229751446090e-02,-2.609280458711734640e-01
9.650000000000000355e+00,4.081968195831635060e-01,-7.836346976446783782e-03,-2.509136605738485626e-01,4.081875947928599868e-01,-7.840163250100446249e-03,-2.509234575200518513e-01,4.543451774333042703e-01,-9.105546315008095082e-03,-2.446240115748360977e-01
9.659999999999998366e+00,4.195605475532830919e-01,-7.139275825626070597e-03,-2.364009155612184221e-01,4.195558911564105653e-01,-7.143081501242976722e-03,-2.364052831359776952e-01,4.626925046664599472e-01,-8.154885090196628550e-03,-2.293433109334185316e-01
9.669999999999999929e+00,4.301301584292506752e-01,-6.502664578154636159e-03,-2.211313902232381057e-01,4.301294227591279107e-01,-6.506563734479931665e-03,-2.211301479990752938e-01,4.715050378552856358e-01,-7.085645089897410487e-03,-2.089165431973046827e-01
9.680000000000001492e+00,4.397623495413651162e-01,-5.916050479238877703e-03,-2.053187911577901148e-01,4.397642842502043625e-01,-5.920075978229641725e-03,-2.053128235751611186e-01,4.768756983001711802e-01,-6.017291174656269614e-03,-1.916968001698866331e-01
9.689999999999999503e+00,4.483703947173157123e-01,-5.370596320298705144e-03,-1.891580411306779119e-01,4.483738074135443785e-01,-5.374732385812063841e-03,-1.891484656643234452e-01,4.810862106409472538e-01,-5.182758039252916005e-03,-1.743291572852198046e-01
9.699999999999997513e+00,4.559132903943597936e-01,-4.859147243354212074e-03,-1.728220615956239659e-01,4.559170734648827494e-01,-4.863344617801379846e-03,-1.728103977757785015e-01,4.844573980465394225e-01,-4.230812827599808590e-03,-1.562731478402617780e-01
9.709999999999999076e+00,4.623852727445347255e-01,-4.376043336775746646e-03,-1.564611164377291419e-01,4.623887784416916835e-01,-4.380274437047189211e-03,-1.564484534958249518e-01,4.868855200839610209e-01,-3.074595688612249966e-03,-1.380290013796194870e-01
9.720000000000000639e+00,4.678067420223580020e-01,-3.916859263139257745e-03,-1.402035631622920719e-01,4.678096854605056087e-01,-3.921146126866796068e-03,-1.401904804913538527e-01,4.884531449309329476e-01,-3.080440183912722119e-03,-1.204900883640992459e-01
9.729999999999998650e+00,4.722168360971319978e-01,-3.478148293641911051e-03,-1.241573340785044333e-01,4.722186389822806696e-01,-3.482462476919654347e-03,-1.241457313084313036e-01,4.892588713964067804e-01,-2.389731852639687126e-03,-1.018397949685350412e-01
9.740000000000000213e+00,4.756675486632410688e-01,-3.057219906976192843e-03,-1.084117533440625142e-01,4.756683247909750945e-01,-3.061551618024919465e-03,-1.084018163932317508e-01,4.894318090863576387e-01,-1.689077193685592504e-03,-8.573130101865228392e-02
9.750000000000001776e+00,4.782191670693304308e-01,-2.651958898947709073e-03,-9.303946268033552736e-02,4.782191794616860725e-01,-2.656238395230500239e-03,-9.303077002191097178e-02,4.891318363688209603e-01,-8.733011675877283553e-04,-7.016176519878525308e-02
9.759999999999999787e+00,4.799367871021888443e-01,-2.260683299589343661e-03,-7.809832653992876406e-02,4.799361218862921441e-01,-2.264808617207166551e-03,-7.809103384624903332e-02,4.884449627707001529e-01,2.553860380859196422e-05,-5.535855940848610768e-02
9.769999999999997797e+00,4.808876852087100584e-01,-1.882035937002665780e-03,-6.363324605322459582e-02,4.808866796618775918e-01,-1.885912335752465115e-03,-6.362580449444775466e-02,4.877307697043354873e-01,5.192128409395313504e-04,-4.595192395986213985e-02
9.779999999999999361e+00,4.811393641435258162e-01,-1.514903103607696810e-03,-4.967784555601277574e-02,4.811380632200225049e-01,-1.518440325191979488e-03,-4.966988641624562467e-02,4.865824191001688614e-01,7.843071746460594795e-04,-3.438411250939388264e-02
9.790000000000000924e+00,4.807581234396441916e-01,-1.158354288562460279e-03,-3.625601603316771365e-02,4.807564864048504694e-01,-1.161497257729911031e-03,-3.624773484584536964e-02,4.846821309136498668e-01,1.523532317565273742e-03,-2.036352102399674457e-02
9.799999999999998934e+00,4.798080370023725116e-01,-8.115984285828885432e-04,-2.338331183956522674e-02,4.798060610978932550e-01,-8.143465478786988693e-04,-2.337478022815798334e-02,4.826279506532470398e-01,1.885307180087836265e-03,-8.451946102285778917e-03
9.809999999999996945e+00,4.783502454956489180e-01,-4.739521548565472139e-04,-1.106820383608226981e-02,4.783479307413653903e-01,-4.763532000840676930e-04,-1.105947041170460624e-02,4.806248344259322902e-01,2.155017747179022169e-03,1.695529594155364972e-03
9.820000000000002061e+00,4.764424913233714087e-01,-1.448171939910256826e-04,6.868040628478103496e-04,4.764398369220405050e-01,-1.469290917060230267e-04,6.957387475775948793e-04,4.790236482272002272e-01,3.104182599260998932e-03,9.402963118345653015e-03
9.830000000000000071e+00,4.741388397806269861e-01,1.763357826992014972e-04,1.188418603389372261e-02,4.741358533533129305e-01,1.744899547806639845e-04,1.189310218870154312e-02,4.779065830204511922e-01,4.176838389793463557e-03,1.473140549469792449e-02
9.839999999999998082e+00,4.714895421962096989e-01,4.899786640611777542e-04,2.253052340650708862e-02,4.714862411723951818e-01,4.883700983056742714e-04,2.253934449692383477e-02,4.759515116950610025e-01,5.624004425121065243e-03,2.356519255350664199e-02
9.849999999999999645e+00,4.685410064009277731e-01,7.965340930169161103e-04,3.263574165895802293e-02,4.685374144104327288e-01,7.951465910165851116e-04,3.264442629224334480e-02,4.698305122066015471e-01,7.323162985306039263e-03,4.679393372913404070e-02
9.860000000000001208e+00,4.653358472603890128e-01,1.096381372672800827e-03,4.221244552857187499e-02,4.653319945467576657e-01,1.095240936027563981e-03,4.222092671303948053e-02,4.667488375698441994e-01,7.890350034994941808e-03,5.700612110492830897e-02
9.869999999999999218e+00,4.619129958020595783e-01,1.389861056438890068e-03,5.127534278502397791e-02,4.619089121024043121e-01,1.388979812034146994e-03,5.128355377631102496e-02,4.630083710803071240e-01,8.750388153603419483e-03,6.854446329959984485e-02
9.879999999999997229e+00,4.583078500267319111e-01,1.677278350549778370e-03,5.984074770081294903e-02,4.583035640566884839e-01,1.676639074459249481e-03,5.984864165442967815e-02,4.590233675292348936e-01,9.902111711107511316e-03,7.967375453463221291e-02
9.889999999999998792e+00,4.545524541039400179e-01,1.958906086889401765e-03,6.792615581061364760e-02,4.545479960080520132e-01,1.958472285241398807e-03,6.793369998772473550e-02,4.546001083278303767e-01,1.082982111375013767e-02,9.041743295334886410e-02
9.900000000000000355e+00,4.506756955300011969e-01,2.234987176032743848e-03,7.554988212969206141e-02,4.506710880499173455e-01,2.234722093413572634e-03,7.555707078600301663e-02,4.493608502538664062e-01,1.189698812531798933e-02,1.015231227966092997e-01
9.909999999999998366e+00,4.467035121307975087e-01,2.505736977859061680e-03,8.273075558927522888e-02,4.466991931063375998e-01,2.505606849245375911e-03,8.273663492323471425e-02,4.466587801031753902e-01,1.204767526949289402e-02,1.066397805927667419e-01
9.919999999999999929e+00,4.426591026455181099e-01,2.771345487652957223e-03,8.948786303610078985e-02,4.426554446901292961e-01,2.771314610018352654e-03,8.949178918045574971e-02,4.446505908311167987e-01,1.196794188535540981e-02,1.101106122317759839e-01
9.930000000000001492e+00,4.385631361200325040e-01,3.031979472645843221e-03,9.584033671385168429e-02,4.385601157940161032e-01,3.032023730124123496e-03,9.584256406182714572e-02,4.358406202711371247e-01,1.193641038873811955e-02,1.247255802425776272e-01
9.939999999999999503e+00,4.344339565419740867e-01,3.287784577583569706e-03,1.018071796992732342e-01,4.344311640805800234e-01,3.287900543240647195e-03,1.018086445457214162e-01,4.295913858330684398e-01,1.221242762265613291e-02,1.353975445765704388e-01
9.949999999999997513e+00,4.302877801183075945e-01,3.538887397031361456e-03,1.074071242958841432e-01,4.302866077606738449e-01,3.539002269299475808e-03,1.074052980055909129e-01,4.249592143864184823e-01,1.172797942901768198e-02,1.398544930997205893e-01
9.959999999999999076e+00,4.261388833725937575e-01,3.785397467601326824e-03,1.126585188943393517e-01,4.261392846678465629e-01,3.785505987312239549e-03,1.126537792843746860e-01,4.198608719118899213e-01,1.096659923888598787e-02,1.437828034152642820e-01
9.970000000000000639e+00,4.219997808587971355e-01,4.027409264372675685e-03,1.175792392770993317e-01,4.220010632701083897e-01,4.027549822553768213e-03,1.175730155138977745e-01,4.149441589779395700e-01,1.049139598480315627e-02,1.497520854614680097e-01
9.979999999999998650e+00,4.178813917773765430e-01,4.265004044235473114e-03,1.221866207985103647e-01,4.178822775257495792e-01,4.265250534278348937e-03,1.221810849470758714e-01,4.123279762492112477e-01,9.733364098875735282e-03,1.522670227609846383e-01
9.990000000000000213e+00,4.137791342364860459e-01,4.495177302696542684e-03,1.264992761511848085e-01,4.137795636564165491e-01,4.495410079992379938e-03,1.264942513526478851e-01,4.107440644059693335e-01,8.825675959588455410e-03,1.530467104249766397e-01
1.000000000000000178e+01,4.095772211291835996e-01,4.681829549280558736e-03,1.305915283619263345e-01,4.095785291260592431e-01,4.681925165761375088e-03,1.305867217083903908e-01,4.102132901551326372e-01,8.222173626004761204e-03,1.526549545475412994e-01
1.000999999999999979e+01,4.064444168640221622e-01,4.787297541285390028e-03,1.342220986919862025e-01,4.064470646396579068e-01,4.787284486226660654e-03,1.342169392387838056e-01,4.109549816341029338e-01,6.879362186828552606e-03,1.509449015017852447e-01
1.001999999999999780e+01,4.053472703739791072e-01,4.877938047704066457e-03,1.364517172698668512e-01,4.053519355040025585e-01,4.877925131012518511e-03,1.364451994400260604e-01,4.125538461067032037e-01,5.467235881871673753e-03,1.483427953416057710e-01
1.002999999999999936e+01,4.060043941079917174e-01,4.961575992599390889e-03,1.369917743294388202e-01,4.060107274019561507e-01,4.961557551678747076e-03,1.369837421953469248e-01,4.150439525564130205e-01,4.210368596478969438e-03,1.449276079522442973e-01
1.004000000000000092e+01,4.082632159749449707e-01,5.034119127689616786e-03,1.358003929516538588e-01,4.082709095552383149e-01,5.034104438394590778e-03,1.357910043418517898e-01,4.179363747924940142e-01,2.975902607161157176e-03,1.408518164474238943e-01
1.004999999999999893e+01,4.119216348125771532e-01,5.094006522465470074e-03,1.328995223033941631e-01,4.119306226639987689e-01,5.093933100254455920e-03,1.328883378339636712e-01,4.214571586073382337e-01,1.750475055755554288e-03,1.358169836050385770e-01
1.005999999999999694e+01,4.167380209754544262e-01,5.137463494391321384e-03,1.283417078430404423e-01,4.167480069279492216e-01,5.137438493286031194e-03,1.283285182595519103e-01,4.258430617430534193e-01,1.958157155099587987e-04,1.292063957782944583e-01
1.007000000000000206e+01,4.224587328847326240e-01,5.150916574205117657e-03,1.221949320671454342e-01,4.224696074015278913e-01,5.150734390575385097e-03,1.221798048289170630e-01,4.309657687746336618e-01,-1.306648297666565539e-03,1.215285801280962530e-01
1.008000000000000007e+01,4.288409816944100950e-01,5.101034373261621215e-03,1.145304614922688785e-01,4.288528894690268323e-01,5.100249400689517432e-03,1.145129454174039774e-01,4.363522600845393118e-01,-2.092528066194199177e-03,1.136266365811984258e-01
1.008999999999999808e+01,4.356613180165090915e-01,4.929126007492262707e-03,1.054131921207706324e-01,4.356732469346555892e-01,4.928166248055247667e-03,1.053934857916094259e-01,4.419404492858004518e-01,-2.368256738565971409e-03,1.047541777860358514e-01
1.009999999999999964e+01,4.427025989552951235e-01,4.562124641869757732e-03,9.490302161191241370e-02,4.427135149872225006e-01,4.561898170818631804e-03,9.488193243851600345e-02,4.466235499795565556e-01,-3.009707469815409153e-03,9.677622378894978894e-02
1.011000000000000121e+01,4.497310142938445443e-01,3.944247158825215684e-03,8.307439715394536461e-02,4.497407126223144092e-01,3.945025309392525929e-03,8.305253275005863856e-02,4.501381084598067295e-01,-3.553067319503749877e-03,9.030759731573639870e-02
1.011999999999999922e+01,4.564936166234148662e-01,3.069510007337065971e-03,7.004278662558556523e-02,4.565024565674081769e-01,3.070540481031436980e-03,7.002008419895344726e-02,4.596139056024756142e-01,-4.925431174300762271e-03,6.976186472825202101e-02
1.012999999999999723e+01,4.627487287402953231e-01,1.985988317868175087e-03,5.597335644650952569e-02,4.627566710415981222e-01,1.986928438239483116e-03,5.594971245335857157e-02,4.660749365079420725e-01,-5.499525061713361751e-03,5.439783526422647952e-02
1.013999999999999879e+01,4.683022466751916579e-01,7.707978425831599678e-04,4.106441528830914039e-02,4.683092703104231869e-01,7.713437096084374035e-04,4.103962208937165373e-02,4.705387816524622124e-01,-5.994410390770532615e-03,4.132438511425218230e-02
1.015000000000000036e+01,4.730220346345995752e-01,-4.987771019746705141e-04,2.552217719326065060e-02,4.730278827725386548e-01,-4.987797413580771170e-04,2.549637057445470339e-02,4.743766951942989252e-01,-6.348504780186531304e-03,2.602614884794990369e-02
1.015999999999999837e+01,4.768315884931073612e-01,-1.760860630537980278e-03,9.542554264111238055e-03,4.768360884392665588e-01,-1.761442105392552974e-03,9.515928559175578991e-03,4.777136876804845000e-01,-6.976067225841361963e-03,1.017381540985218269e-02
1.016999999999999993e+01,4.796967413238943378e-01,-2.972256397047757029e-03,-6.697295364233723722e-03,4.796997845875130007e-01,-2.973364255367489783e-03,-6.724455334781873073e-03,4.798366094833093065e-01,-7.612152095726187895e-03,-3.928286877823095047e-03
1.018000000000000149e+01,4.816137203758300567e-01,-4.106028950262865206e-03,-2.304126487135270407e-02,4.816152579625889718e-01,-4.107497961109088033e-03,-2.306853632760840628e-02,4.818759952487043918e-01,-8.299549022456095826e-03,-2.083254825062236248e-02
1.018999999999999950e+01,4.826003975512762612e-01,-5.147715089307678196e-03,-3.935384276480839022e-02,4.826004620208998452e-01,-5.149371680152529593e-03,-3.938081455393081104e-02,4.837216097045511365e-01,-9.609130280356426024e-03,-4.027112870399052191e-02
1.019999999999999751e+01,4.826901277488014896e-01,-6.091835536534882800e-03,-5.551869653553905687e-02,4.826887866778923897e-01,-6.093653310365980402e-03,-5.554523581875393107e-02,4.846929008501790204e-01,-1.042816866348325600e-02,-5.399860139186940522e-02
1.020999999999999908e+01,4.819273006557596162e-01,-6.939108938941399712e-03,-7.143702735674181681e-02,4.819245599533778512e-01,-6.941275711929859905e-03,-7.146357271311890025e-02,4.856223008807281083e-01,-1.157432424940323112e-02,-7.039662166512933306e-02
1.022000000000000064e+01,4.803639965596620542e-01,-7.694344541726085528e-03,-8.702594554258284709e-02,4.803598930466714823e-01,-7.696819421266175298e-03,-8.705241087581713777e-02,4.859076746714027228e-01,-1.308521167661984286e-02,-8.876097641592045617e-02
1.022999999999999865e+01,4.780573859933529013e-01,-8.364890225882274516e-03,-1.022169344795985368e-01,4.780520475302895700e-01,-8.367580081803176542e-03,-1.022428429081123774e-01,4.854267270934861100e-01,-1.349849419798719585e-02,-1.026163434652859752e-01
1.024000000000000021e+01,4.750676658211387404e-01,-8.959510009175355311e-03,-1.169544113696146942e-01,4.750612356579281270e-01,-8.962425238623037554e-03,-1.169794411484193497e-01,4.843797582291986537e-01,-1.423765092093869089e-02,-1.159437985055004894e-01
1.025000000000000178e+01,4.714564074055130893e-01,-9.487586375848301376e-03,-1.311943782560249239e-01,4.714488851104387535e-01,-9.490725599009330188e-03,-1.312188453673992228e-01,4.822368438241018129e-01,-1.547098109012322309e-02,-1.338443488678664473e-01
1.025999999999999979e+01,4.672852363969720590e-01,-9.958565624823657175e-03,-1.449031561539989021e-01,4.672767063994101022e-01,-9.961862100909921192e-03,-1.449269888958108210e-01,4.796501878942649455e-01,-1.640139725580826158e-02,-1.504497130435308305e-01
1.026999999999999780e+01,4.626147873759848816e-01,-1.038158330704225946e-02,-1.580561977068192236e-01,4.626054008906861359e-01,-1.038500716766809114e-02,-1.580791511053663279e-01,4.770149383712369850e-01,-1.717238537306725599e-02,-1.639015927211767421e-01
1.027999999999999936e+01,4.575038898683262412e-01,-1.076522247678567308e-02,-1.706369765611237266e-01,4.574937996822705522e-01,-1.076877902638958238e-02,-1.706588659850714895e-01,4.733032350394047461e-01,-1.858165109301786189e-02,-1.796558172832264377e-01
1.029000000000000092e+01,4.520089504060454400e-01,-1.111736860372494577e-02,-1.826359530776572870e-01,4.519982454723928678e-01,-1.112103085257814053e-02,-1.826567880169486791e-01,4.672114042561640312e-01,-2.038914060832419661e-02,-2.011830919604930268e-01
1.029999999999999893e+01,4.461835005471001536e-01,-1.144513442150320130e-02,-1.940496169162037599e-01,4.461722818367268029e-01,-1.144889903903928419e-02,-1.940693723815694882e-01,4.630383989777281384e-01,-2.161685381380214210e-02,-2.135071826383359017e-01
1.030999999999999694e+01,4.400778847735796195e-01,-1.175483419428294436e-02,-2.048796066307788377e-01,4.400660186180395117e-01,-1.175840738863894244e-02,-2.048987471307553432e-01,4.568425246264651296e-01,-2.288645346691861593e-02,-2.295599158543761287e-01
1.032000000000000206e+01,4.337390652334657259e-01,-1.205199240995428328e-02,-2.151319060521623971e-01,4.337267257028512013e-01,-1.205549792818332369e-02,-2.151502033135310188e-01,4.508603373141997217e-01,-2.381450757003013285e-02,-2.425349603206266025e-01
1.033000000000000007e+01,4.272105228831861723e-01,-1.234137567469559445e-02,-2.248161165621644642e-01,4.271975857100299701e-01,-1.234445935891010683e-02,-2.248339390914043667e-01,4.456132790505185071e-01,-2.455694908816503930e-02,-2.526875998410889612e-01
1.033999999999999808e+01,4.205322372019946742e-01,-1.262703932711599364e-02,-2.339448030381296173e-01,4.205191560315716393e-01,-1.263019185114140283e-02,-2.339614546521990024e-01,4.395627868025370200e-01,-2.525638844053772203e-02,-2.636894413221285149e-01
1.034999999999999964e+01,4.137407285696328985e-01,-1.291238282587645753e-02,-2.425329110104355035e-01,4.137273978523705598e-01,-1.291524083731618484e-02,-2.425487336003237238e-01,4.312264375687435702e-01,-2.604210197166628715e-02,-2.774106649136501845e-01
1.036000000000000121e+01,4.068691496524450280e-01,-1.320020940554154226e-02,-2.505972514135668128e-01,4.068559321434095932e-01,-1.320323908194630420e-02,-2.506117851913337580e-01,4.231704153125027679e-01,-2.655587838398473788e-02,-2.893343427913440125e-01
1.036999999999999922e+01,3.999474140134971489e-01,-1.349278687438445860e-02,-2.581560488711198142e-01,3.999342713423352236e-01,-1.349576849864908210e-02,-2.581695112519851176e-01,4.143749172516701940e-01,-2.698839219437022818e-02,-3.013845731132212546e-01
1.037999999999999723e+01,3.930023517320892501e-01,-1.379190738115072812e-02,-2.652285492481012974e-01,3.929894287444883894e-01,-1.379506532170877639e-02,-2.652408419281802043e-01,4.004647626889050738e-01,-2.752111957155972677e-02,-3.186822697388754233e-01
1.038999999999999879e+01,3.860578837387119155e-01,-1.409894465184861195e-02,-2.718346815467511113e-01,3.860451697551056660e-01,-1.410220790181867905e-02,-2.718459383776206661e-01,3.948792501524301946e-01,-2.747339425258595036e-02,-3.248481091295862266e-01
1.040000000000000036e+01,3.791352075950568112e-01,-1.441490776607463539e-02,-2.779947695949335218e-01,3.791228126376026131e-01,-1.441766737113317140e-02,-2.780050880452763495e-01,3.901688862847181305e-01,-2.713342796594722661e-02,-3.299083011974152102e-01
1.040999999999999837e+01,3.722529891761895415e-01,-1.474049091724987173e-02,-2.837292885025642364e-01,3.722410184345206763e-01,-1.474247299612671015e-02,-2.837387177522799897e-01,3.757175362635664095e-01,-2.631382150419209198e-02,-3.432774917627151590e-01
1.041999999999999993e+01,3.654275554687972383e-01,-1.507611888973593196e-02,-2.890586613629774759e-01,3.654160259076698614e-01,-1.507810856931974912e-02,-2.890671329992832161e-01,3.686274016260197017e-01,-2.592047178893142068e-02,-3.494457596931417886e-01
1.043000000000000149e+01,3.586730849714991343e-01,-1.542198820524919370e-02,-2.940030915956894919e-01,3.586623268383603014e-01,-1.542343938084438613e-02,-2.940105177007415471e-01,3.637153411260284352e-01,-2.560949081689278817e-02,-3.536001317695452451e-01
1.043999999999999950e+01,3.520017927610957775e-01,-1.577810399850355580e-02,-2.985824267899468420e-01,3.519919559960462130e-01,-1.577902192603676187e-02,-2.985887917278106096e-01,3.485840021853578996e-01,-2.354726947709687157e-02,-3.651955166778453332e-01
1.044999999999999751e+01,3.454241082281325759e-01,-1.614431280697620555e-02,-3.028160500192894067e-01,3.454149332397291605e-01,-1.614569640771273268e-02,-3.028214597296559063e-01,3.430350649916347194e-01,-2.228274155543182034e-02,-3.688718455751455738e-01
1.045999999999999908e+01,3.389488440873021924e-01,-1.652033154622843669e-02,-3.067227949465066716e-01,3.389403838223802312e-01,-1.652225128876222068e-02,-3.067272685418052647e-01,3.384962397597122141e-01,-2.079496234500423368e-02,-3.712483444061184246e-01
1.047000000000000064e+01,3.325833554801992387e-01,-1.690577288811113618e-02,-3.103208815071696880e-01,3.325753715672117861e-01,-1.690837382019081889e-02,-3.103246208860423461e-01,3.344740100230760849e-01,-1.941894177240617581e-02,-3.733050671300838785e-01
1.047999999999999865e+01,3.263336887836981171e-01,-1.730016738575583524e-02,-3.136278690612166464e-01,3.263258354685316109e-01,-1.730351667932327267e-02,-3.136310650163812719e-01,3.312202205508458785e-01,-1.805351614832335916e-02,-3.749468485572524656e-01
1.049000000000000021e+01,3.202018531504128851e-01,-1.771109351623998893e-02,-3.166562596515804517e-01,3.201940461287491879e-01,-1.771595690640005716e-02,-3.166584437692521181e-01,3.287891045090820530e-01,-1.665949101995538306e-02,-3.759984102552222374e-01
1.050000000000000178e+01,3.141341387590999568e-01,-1.831127739151249337e-02,-3.193272074842110619e-01,3.141269954266728837e-01,-1.831749980387044341e-02,-3.193284366115478612e-01,3.278560521456261867e-01,-1.474677423310082058e-02,-3.759641422993161286e-01
1.050999999999999979e+01,3.090395155993826970e-01,-1.894530194561821340e-02,-3.216605991000785481e-01,3.090338301562447487e-01,-1.895207995084175964e-02,-3.216611975981437110e-01,3.283308031413662009e-01,-1.366743536693762473e-02,-3.752085855698347738e-01
1.051999999999999780e+01,3.060434129559176375e-01,-1.903261536227488296e-02,-3.235942382551565966e-01,3.060393162726259830e-01,-1.903964454419608890e-02,-3.235942661600511028e-01,3.295379689829549541e-01,-1.285298923489144873e-02,-3.740471852172221334e-01
1.052999999999999936e+01,3.050627196707690891e-01,-1.881388056452156995e-02,-3.247960158089879257e-01,3.050599726011936075e-01,-1.882108798844947875e-02,-3.247955409659299963e-01,3.318628033638075792e-01,-1.211411481510721311e-02,-3.721686404081003263e-01
1.054000000000000092e+01,3.061216734439934362e-01,-1.835087082397703420e-02,-3.251501040545234367e-01,3.061198040944078658e-01,-1.835821299148477151e-02,-3.251494145965055371e-01,3.348984467794176023e-01,-1.173358025557277862e-02,-3.709584786745098728e-01
1.054999999999999893e+01,3.091503321237488722e-01,-1.768189276224258963e-02,-3.245851332072356987e-01,3.091487146085186710e-01,-1.768928271605964622e-02,-3.245846922357897291e-01,3.393921816265789149e-01,-1.109277986267706573e-02,-3.690449816645532399e-01
1.055999999999999694e+01,3.139986255941148441e-01,-1.684322622802271463e-02,-3.230407064701021347e-01,3.139988782632376352e-01,-1.685064249485830612e-02,-3.230394290624030718e-01,3.456044198303923620e-01,-1.036442675845111738e-02,-3.661153351250187038e-01
1.057000000000000206e+01,3.204747865892497161e-01,-1.587137581203528630e-02,-3.204543318252093265e-01,3.204785434023622037e-01,-1.587880784067583970e-02,-3.204509020174942657e-01,3.521971965384083081e-01,-9.838804554876387498e-03,-3.619685428054771337e-01
1.058000000000000007e+01,3.283824967100447134e-01,-1.480454029876407569e-02,-3.167484323566038262e-01,3.283901439426687441e-01,-1.481193970623032041e-02,-3.167422800071164612e-01,3.586468445718702380e-01,-9.997253703212291565e-03,-3.579254361689839237e-01
1.058999999999999808e+01,3.375465352156288290e-01,-1.368396314740403207e-02,-3.118176386990452742e-01,3.375549754736177910e-01,-1.369119986247889151e-02,-3.118106743742654063e-01,3.658119536394000004e-01,-1.011714740458193040e-02,-3.530726914397018246e-01
1.059999999999999964e+01,3.478102399266085332e-01,-1.255364594304144571e-02,-3.055299099747000313e-01,3.478166645911154320e-01,-1.256061869609520834e-02,-3.055242147505089489e-01,3.741056176965962266e-01,-1.010666358748538163e-02,-3.468928686262658379e-01
1.061000000000000121e+01,3.589988220449463197e-01,-1.145615587703181608e-02,-2.977576155965904747e-01,3.590025206017575798e-01,-1.146277568356541057e-02,-2.977539972579685834e-01,3.843063816593946802e-01,-9.725890596077466088e-03,-3.384690514277193807e-01
1.061999999999999922e+01,3.708750800397322411e-01,-1.042505570410752133e-02,-2.884310612144175279e-01,3.708764445863422798e-01,-1.043127356856947234e-02,-2.884293875566945053e-01,3.943443080364726905e-01,-9.478850585757578329e-03,-3.294472142577752338e-01
1.062999999999999723e+01,3.831301976195423675e-01,-9.479035891329841770e-03,-2.775778095555758163e-01,3.831308644595253221e-01,-9.484903126315318705e-03,-2.775765950376123947e-01,4.015452701028078275e-01,-9.503581147510570259e-03,-3.226634286441087962e-01
1.063999999999999879e+01,3.954195149483057947e-01,-8.622075534544929032e-03,-2.653215155387687041e-01,3.954211388772457259e-01,-8.627634812543022794e-03,-2.653185927098998809e-01,4.199809464861411490e-01,-9.460342506059010725e-03,-3.032882690354122834e-01
1.065000000000000036e+01,4.074133460829913456e-01,-7.848229247201944647e-03,-2.518513801669221008e-01,4.074178641572147597e-01,-7.853620971764702086e-03,-2.518438469862404605e-01,4.281776958520554510e-01,-9.481123116193104772e-03,-2.935716650437381614e-01
1.065999999999999837e+01,4.188334345851957852e-01,-7.146973125521240144e-03,-2.373873170786327258e-01,4.188412608882898236e-01,-7.152365893614240702e-03,-2.373740923792485025e-01,4.354248696862522694e-01,-9.533812256617008041e-03,-2.841677673551659677e-01
1.066999999999999993e+01,4.294677583831286172e-01,-6.506858494967556437e-03,-2.221541876581098751e-01,4.294781887019205602e-01,-6.512347069205797270e-03,-2.221352962867321756e-01,4.529546356260553130e-01,-7.568516864034549596e-03,-2.546696110668719704e-01
1.068000000000000149e+01,4.391698066884297535e-01,-5.917362824736394425e-03,-2.063663738827855310e-01,4.391817143741861273e-01,-5.922979018724180283e-03,-2.063426016999326262e-01,4.634154116633552034e-01,-6.263128871819123589e-03,-2.323402504570520888e-01
1.068999999999999950e+01,4.478501703345790785e-01,-5.369568674108064418e-03,-1.902197978729390504e-01,4.478624641709814669e-01,-5.375294655107715550e-03,-1.901921920600604110e-01,4.710986092329653152e-01,-4.687813616642014236e-03,-2.114704602520862120e-01
1.069999999999999751e+01,4.554657198657954265e-01,-4.856240575755362172e-03,-1.738885230483112609e-01,4.554772965647434502e-01,-4.862019192168833340e-03,-1.738587084189672227e-01,4.760848106682880054e-01,-3.776003591549809135e-03,-1.946094091402919557e-01
1.070999999999999908e+01,4.620090722425091445e-01,-4.371645639287186948e-03,-1.575239901990667657e-01,4.620192752532525371e-01,-4.377438568606300921e-03,-1.574932302823275621e-01,4.812384544984986690e-01,-2.496938771215553854e-03,-1.738375392268233788e-01
1.072000000000000064e+01,4.674994370522924103e-01,-3.911295777763863259e-03,-1.412557064190674283e-01,4.675080063819085363e-01,-3.917114540685223342e-03,-1.412247181402701834e-01,4.850131880713726140e-01,-1.408485769121572972e-03,-1.548091658170375751e-01
1.072999999999999865e+01,4.719751101532607684e-01,-3.471691362172052604e-03,-1.251926910519336744e-01,4.719814690481569652e-01,-3.477511597421560109e-03,-1.251635712183939153e-01,4.881710875527065507e-01,-1.880892344775925151e-04,-1.346704324035492562e-01
1.074000000000000021e+01,4.754875203486001456e-01,-3.050097853072792839e-03,-1.094252742383785004e-01,4.754919118762018782e-01,-3.055915437809545755e-03,-1.093980896813860904e-01,4.901827798419320370e-01,6.789372721450886994e-04,-1.162121490488938480e-01
1.075000000000000178e+01,4.780966070201869145e-01,-2.644363373713671389e-03,-9.402701415048725364e-02,4.780992137747165360e-01,-2.650100261595838159e-03,-9.400204718396330816e-02,4.914743716834581999e-01,1.863474454755348342e-03,-9.919487485480898981e-02
1.075999999999999979e+01,4.798672857345309128e-01,-2.252775408175030497e-03,-7.905659993962274590e-02,4.798684137723200904e-01,-2.258336013260356465e-03,-7.903345654821501698e-02,4.919588067044018409e-01,3.016655352074112950e-03,-8.069575219406210920e-02
1.076999999999999780e+01,4.808667809327637488e-01,-1.873951148661212466e-03,-6.455966721023935484e-02,4.808668256868011692e-01,-1.879232847472611613e-03,-6.453693252641672096e-02,4.917603134785236696e-01,3.769766399725038575e-03,-6.949566127648382219e-02
1.077999999999999936e+01,4.811626400358907651e-01,-1.506755152374997415e-03,-5.057048836059718083e-02,4.811617041069321532e-01,-1.511657491894682990e-03,-5.054791957892139365e-02,4.912515525253937643e-01,4.217007108158712936e-03,-5.710050040006431349e-02
1.079000000000000092e+01,4.808212788426002304e-01,-1.150238497188295567e-03,-3.711352118498965902e-02,4.808194092334783232e-01,-1.154695217974493994e-03,-3.709116519805500528e-02,4.900474095196030166e-01,4.144518650603279397e-03,-4.170310176134683910e-02
1.079999999999999893e+01,4.799069392456771777e-01,-8.035942203452495648e-04,-2.420481143473040067e-02,4.799041980389857076e-01,-8.075954647989011179e-04,-2.418269252742380471e-02,4.881851114281012816e-01,4.530183844182161801e-03,-2.599130271049332475e-02
1.080999999999999694e+01,4.784809658792204545e-01,-4.661253028383522280e-04,-1.185325215354369327e-02,4.784774040241824289e-01,-4.697071369219751489e-04,-1.183157862951277756e-02,4.865925721953665573e-01,4.889145758210422521e-03,-1.527984910625990178e-02
1.082000000000000206e+01,4.766013286817321060e-01,-1.372215556596581576e-04,-6.170646567096784579e-05,4.765970063613795826e-01,-1.404483483642067791e-04,-4.037459401241404872e-05,4.854170375829002237e-01,5.007933708000095185e-03,-8.975026479908332355e-03
1.083000000000000007e+01,4.743223342888853722e-01,1.836567363295746021e-04,1.117199741753138395e-02,4.743173089340378401e-01,1.807545979153514916e-04,1.119276669304564847e-02,4.842414692104181073e-01,5.127784742620031255e-03,-2.670232940471306549e-03
1.083999999999999808e+01,4.716944815636160970e-01,4.969905583158387621e-04,2.185418933269307751e-02,4.716888193348132141e-01,4.943892593352551199e-04,2.187429933009588795e-02,4.751080064951298532e-01,6.391741750230550689e-03,3.500568601084630416e-02
1.084999999999999964e+01,4.687644261863367356e-01,8.032104878085284368e-04,3.199458852666026143e-02,4.687581930603743618e-01,8.008775298608258658e-04,3.201401567892847577e-02,4.706271889127130459e-01,6.142845762091037054e-03,4.907633629971647204e-02
1.086000000000000121e+01,4.655750267147966137e-01,1.102702861475317190e-03,4.160563347806826157e-02,4.655682944155848380e-01,1.100645996054418988e-03,4.162432735785386029e-02,4.639901599645445129e-01,6.341891203607369354e-03,6.691304751767551684e-02
1.086999999999999922e+01,4.621654503784204393e-01,1.395814304441693856e-03,5.070190075118841816e-02,4.621582921231909280e-01,1.394037055307779287e-03,5.071980348885492262e-02,4.588450840179311152e-01,5.842938059678060014e-03,7.953525370679659368e-02
1.087999999999999723e+01,4.585713214794513992e-01,1.682855359310021434e-03,5.929960393731821544e-02,4.585638013608417385e-01,1.681346096353082426e-03,5.931667157540508606e-02,4.524523689644889268e-01,5.857921309186400749e-03,9.385676384611196799e-02
1.088999999999999879e+01,4.548248989234154882e-01,1.964103489293063127e-03,6.741616427418840873e-02,4.548170726292223298e-01,1.962831955076790175e-03,6.743238788224531488e-02,4.453943921759008218e-01,5.327592466100761204e-03,1.071598935861258761e-01
1.090000000000000036e+01,4.509552723101392657e-01,2.239805575033589850e-03,7.506984511183383002e-02,4.509471894039069340e-01,2.238735045552687000e-03,7.508524090145313190e-02,4.380216815064270630e-01,4.684783012236612421e-03,1.192110691641561915e-01
1.090999999999999837e+01,4.469885683453756475e-01,2.510180428148188654e-03,8.227944296810296709e-02,4.469804446944204979e-01,2.509275739779442179e-03,8.229363777806514291e-02,4.305356911505517914e-01,4.550134512580863988e-03,1.311596231687555680e-01
1.091999999999999993e+01,4.429481612084598674e-01,2.775420918504392133e-03,8.906402851089442740e-02,4.429406216148796260e-01,2.774616876989588737e-03,8.907581982664974918e-02,4.250293952952171050e-01,4.602195759914703976e-03,1.405552653720413270e-01
1.093000000000000149e+01,4.388548820200270373e-01,3.035696268930139930e-03,9.544273135631348159e-02,4.388480664766729045e-01,3.034946831729700041e-03,9.545210904597942192e-02,4.184422997510874875e-01,4.267572220672088967e-03,1.496326854398160600e-01
1.093999999999999950e+01,4.347272237725562372e-01,3.291154102360014256e-03,1.014345631439368262e-01,4.347208598190487883e-01,3.290431514795057622e-03,1.014423030328476666e-01,4.149749357345174916e-01,3.882011509864669030e-03,1.524723950396927319e-01
1.094999999999999751e+01,4.305815390672050325e-01,3.541922663441856873e-03,1.070582738559828911e-01,4.305761409511683624e-01,3.541159228385641882e-03,1.070635487834882965e-01,4.141340021390265136e-01,3.081183268517417861e-03,1.506619181509067373e-01
1.095999999999999908e+01,4.264322287866174066e-01,3.788112746120296786e-03,1.123322368793429060e-01,4.264286120377959732e-01,3.787223476722056947e-03,1.123338176052954412e-01,4.155428650902256438e-01,2.816837136704192224e-03,1.469905002718073228e-01
1.097000000000000064e+01,4.222919204632137880e-01,4.029819815732539265e-03,1.172743587486054506e-01,4.222897265008649370e-01,4.028784026488742287e-03,1.172731893242107137e-01,4.171551465629705913e-01,2.675796490791901294e-03,1.447335142533510144e-01
1.097999999999999865e+01,4.181716355970933607e-01,4.267125838807633680e-03,1.219020099903147386e-01,4.181697127691112459e-01,4.265973185147537219e-03,1.219002205215601875e-01,4.185676638893655044e-01,2.456228474493074576e-03,1.430549015518627898e-01
1.099000000000000021e+01,4.140809455703303166e-01,4.500101185844552695e-03,1.262319738645135137e-01,4.140787489560102119e-01,4.498856285081711572e-03,1.262305161572013501e-01,4.218454576243180210e-01,2.004780755275048509e-03,1.401258890518330968e-01
1.100000000000000178e+01,4.099609077978995098e-01,4.715007218943825101e-03,1.302893288713709019e-01,4.099580934430304135e-01,4.713326733654554096e-03,1.302885743056854118e-01,4.279147639935474423e-01,6.350690860276592131e-04,1.348405379634730616e-01
1.100999999999999979e+01,4.062999056777751861e-01,4.843207125698652422e-03,1.340704340488935165e-01,4.062981122590845207e-01,4.841447462809528139e-03,1.340688189962412624e-01,4.325474424858208877e-01,-3.112924577796105652e-04,1.302156893643825475e-01
1.101999999999999780e+01,4.046546280287409703e-01,4.939007452556212589e-03,1.367127766788396592e-01,4.046525740610538158e-01,4.937160746878203714e-03,1.367113337880883628e-01,4.372630126109219306e-01,-7.155321615023302328e-04,1.242220635140612872e-01
1.102999999999999936e+01,4.048217604939337022e-01,5.027730367030153885e-03,1.377286570388714937e-01,4.048193732076945106e-01,5.025917773063796543e-03,1.377275629292122328e-01,4.410183422819420329e-01,-7.425576243640374940e-04,1.172102127676646344e-01
1.104000000000000092e+01,4.066430087291369455e-01,5.105128216061671602e-03,1.370332529885369688e-01,4.066402662773647148e-01,5.103388014953658472e-03,1.370325644992116121e-01,4.431836810025199247e-01,-4.544694037270508025e-04,1.117743608050025816e-01
1.104999999999999893e+01,4.099330785104337571e-01,5.169517155755585722e-03,1.346306522646077142e-01,4.099300959266729549e-01,5.167828717025976966e-03,1.346304371809823319e-01,4.451306853707783784e-01,-1.539494263149837616e-04,1.052321802810543550e-01
1.105999999999999694e+01,4.144595121250971292e-01,5.218695067449098147e-03,1.305629051664964901e-01,4.144564506703748985e-01,5.217037576723581975e-03,1.305628034414591243e-01,4.474081201285714515e-01,-3.598089817466315621e-04,9.544447376492715129e-02
1.107000000000000206e+01,4.199695314342088426e-01,5.243326742595761335e-03,1.248920479910806680e-01,4.199667669008189663e-01,5.241471401321695645e-03,1.248920541363750525e-01,4.501791138868551645e-01,-1.294786840415618201e-03,8.674566034112046742e-02
1.108000000000000007e+01,4.262152521216633350e-01,5.217407179660415312e-03,1.176875341846560924e-01,4.262140191778356901e-01,5.214509844144615304e-03,1.176867037990325798e-01,4.545914603915812702e-01,-2.302945610523146613e-03,7.665437174387346175e-02
1.108999999999999808e+01,4.329677747238916963e-01,5.090123566243285984e-03,1.090151770298194989e-01,4.329666231426048673e-01,5.086994052170664554e-03,1.090136679219439741e-01,4.602524644922030284e-01,-3.538235910526946193e-03,6.542179473994547134e-02
1.109999999999999964e+01,4.400107126378632327e-01,4.790447116139231673e-03,9.893379584898150114e-02,4.400087885150320011e-01,4.788052306727057922e-03,9.893245014338854226e-02,4.646674087068597414e-01,-3.716828528072410598e-03,5.744252152302931069e-02
1.111000000000000121e+01,4.471173364372787451e-01,4.253209155902051668e-03,8.750906784608390721e-02,4.471145374342641587e-01,4.252215194068703977e-03,8.750858001801867236e-02,4.708516518664973560e-01,-3.359193552088191037e-03,4.522163636758935734e-02
1.111999999999999922e+01,4.540384694307871838e-01,3.454767130390751229e-03,7.484031278936853493e-02,4.540354635887687840e-01,3.454673842125430272e-03,7.484065877169090997e-02,4.749193681806815892e-01,-4.032778484903437599e-03,3.319734954705039209e-02
1.112999999999999723e+01,4.605240494131659923e-01,2.428035689473686306e-03,6.107694562905413571e-02,4.605212577343096858e-01,2.428356897657721163e-03,6.107774726482835537e-02,4.786273992543534916e-01,-4.670271506727288746e-03,1.698728233207608129e-02
1.113999999999999879e+01,4.663617635703780073e-01,1.244474473717815596e-03,4.640884918118621388e-02,4.663593879668959108e-01,1.244726149755196777e-03,4.640969778398815887e-02,4.808953540058336085e-01,-5.460422585843144327e-03,2.981606360166699776e-03
1.115000000000000036e+01,4.713996039592946996e-01,-1.633601892801081154e-05,3.104166313119668258e-02,4.713975839164032955e-01,-1.639509786226819692e-05,3.104236671379172890e-02,4.830259915541760263e-01,-6.197078240638781432e-03,-1.158147965731798346e-02
1.115999999999999837e+01,4.755446249188635122e-01,-1.286954383843338717e-03,1.517550572318077801e-02,4.755428941486595229e-01,-1.287478916230682356e-03,1.517590660165289360e-02,4.846090448756625868e-01,-6.618420724007090250e-03,-2.386518405587662039e-02
1.116999999999999993e+01,4.787505310524163282e-01,-2.518484753443763630e-03,-1.006301294478504325e-03,4.787490039573044087e-01,-2.519558950485879540e-03,-1.006239978364693866e-03,4.857988501053536190e-01,-6.862372016807866126e-03,-3.420214689140455011e-02
1.118000000000000149e+01,4.810048805703174279e-01,-3.679318391125009548e-03,-1.734106296119094712e-02,4.810034675074381094e-01,-3.680816569815894505e-03,-1.734113213243539814e-02,4.881821984642624734e-01,-8.642571211927421726e-03,-5.905514584574017567e-02
1.118999999999999950e+01,4.823193414247834987e-01,-4.751502340262065381e-03,-3.368689003267009985e-02,4.823180171433779639e-01,-4.753247166415933492e-03,-3.368683612503729080e-02,4.887890545828229572e-01,-1.153908896543644202e-02,-9.189762602286360993e-02
1.119999999999999751e+01,4.827228148011729614e-01,-5.727081621250428890e-03,-4.992149556565161905e-02,4.827215753514334518e-01,-5.729086176759009760e-03,-4.992141965516916358e-02,4.875299890953823656e-01,-1.303044036030846786e-02,-1.094035016788564574e-01
1.120999999999999908e+01,4.822565265647139054e-01,-6.605088640806504492e-03,-6.594059998973762771e-02,4.822553006763042327e-01,-6.607545527407041042e-03,-6.594105819070956997e-02,4.844928060957026661e-01,-1.440201195734054640e-02,-1.314003790790556625e-01
1.122000000000000064e+01,4.809703833471137835e-01,-7.389237368645265244e-03,-8.165630320499227268e-02,4.809691325118560790e-01,-7.392020647144729312e-03,-8.165719504238574955e-02,4.814738626411719791e-01,-1.435284144725333666e-02,-1.456772995934685622e-01
1.122999999999999865e+01,4.789201647159222475e-01,-8.086213245998603513e-03,-9.699553065181160116e-02,4.789189212875124557e-01,-8.089130496202356913e-03,-9.699648233692921562e-02,4.765495850045012860e-01,-1.424546786774004425e-02,-1.643270109936445511e-01
1.124000000000000021e+01,4.761653049803711291e-01,-8.704429654845177722e-03,-1.118985739290058595e-01,4.761640940059549965e-01,-8.707450577334754915e-03,-1.118994336540097279e-01,4.703822234557492044e-01,-1.424541406019276535e-02,-1.832331581957030719e-01
1.125000000000000178e+01,4.727671195778486712e-01,-9.253139058644855100e-03,-1.263177221518128057e-01,4.727657696374198970e-01,-9.256381674787393654e-03,-1.263191276546482555e-01,4.653800830862793170e-01,-1.469058023935876367e-02,-1.972837028825533134e-01
1.125999999999999979e+01,4.687873847418679851e-01,-9.741810122349706808e-03,-1.402159766835306409e-01,4.687858773355076392e-01,-9.745288483518065384e-03,-1.402178306510619143e-01,4.600802595452289090e-01,-1.531671302706336113e-02,-2.116344839488326079e-01
1.126999999999999780e+01,4.642872077909399597e-01,-1.017970281208238625e-02,-1.535658441113737505e-01,4.642856313659362577e-01,-1.018339451146255646e-02,-1.535677792785692108e-01,4.539818829915408527e-01,-1.571868807665580126e-02,-2.281541386149904538e-01
1.127999999999999936e+01,4.593261413057316278e-01,-1.057558939400975520e-02,-1.663482049721966283e-01,4.593245762741547944e-01,-1.057946729600232720e-02,-1.663499872134390489e-01,4.496236455063942206e-01,-1.581214677509766575e-02,-2.396649486408060081e-01
1.129000000000000092e+01,4.539615037620173821e-01,-1.093758242186840951e-02,-1.785512578537100659e-01,4.539599831800223972e-01,-1.094163431636862097e-02,-1.785528260641985610e-01,4.454084123872223966e-01,-1.558918393444211348e-02,-2.501910260327438462e-01
1.129999999999999893e+01,4.482478752658677901e-01,-1.127303996300614911e-02,-1.901695391873603480e-01,4.482464471975340370e-01,-1.127724300099278154e-02,-1.901708161792654006e-01,4.390396985071520763e-01,-1.549058275020338826e-02,-2.641113421597981459e-01
1.130999999999999694e+01,4.422367411809788873e-01,-1.158852614618992131e-02,-2.012030193840456949e-01,4.422354781753790598e-01,-1.159282786531044308e-02,-2.012038990378951231e-01,4.331562974819580525e-01,-1.589472601316695155e-02,-2.752036771195233711e-01
1.132000000000000206e+01,4.359762597527347960e-01,-1.188981036261261767e-02,-2.116562754025737847e-01,4.359751616501811311e-01,-1.189423531020133290e-02,-2.116568025725456270e-01,4.260422884185905978e-01,-1.647919883381192274e-02,-2.874182874164605273e-01
1.133000000000000007e+01,4.295111326725888912e-01,-1.218189269985168327e-02,-2.215377389227433935e-01,4.295101836359508929e-01,-1.218644868055006325e-02,-2.215379771399950959e-01,4.209658848601409709e-01,-1.706710390645858888e-02,-2.957234161657045224e-01
1.133999999999999808e+01,4.228825597834627859e-01,-1.246904661941612528e-02,-2.308590188434763435e-01,4.228817506304815010e-01,-1.247375449128137158e-02,-2.308590090822395524e-01,4.157824557625606765e-01,-1.800500881315418578e-02,-3.044019298074250313e-01
1.134999999999999964e+01,4.161282615683331576e-01,-1.275487201201215039e-02,-2.396342955027729038e-01,4.161274684751047892e-01,-1.275969875309948716e-02,-2.396342489942483722e-01,4.110442213783814802e-01,-1.878002712021485665e-02,-3.119628923798950515e-01
1.136000000000000121e+01,4.092825550844795268e-01,-1.304235378895699134e-02,-2.478797834528853883e-01,4.092817888217644695e-01,-1.304728891638299443e-02,-2.478796836922947111e-01,4.063166773239802465e-01,-1.967405712964181985e-02,-3.189241832603132987e-01
1.136999999999999922e+01,4.023764707678660346e-01,-1.333392253183596221e-02,-2.556132591957715472e-01,4.023756554422058818e-01,-1.333889190110726548e-02,-2.556132131031859100e-01,4.027559106325625526e-01,-2.027594132108768987e-02,-3.235129880515241196e-01
1.137999999999999723e+01,3.954378997013697772e-01,-1.363151467883239390e-02,-2.628536492802631130e-01,3.954370359026425086e-01,-1.363647548688573172e-02,-2.628536480095008399e-01,3.990690789985664733e-01,-2.090977826788117944e-02,-3.278634082781580750e-01
1.138999999999999879e+01,3.884917621964839585e-01,-1.393663062508319200e-02,-2.696206744192043425e-01,3.884908563209586996e-01,-1.394155002739163457e-02,-2.696207032405856796e-01,3.944880065177959194e-01,-2.167157075646089504e-02,-3.326660360836068420e-01
1.140000000000000036e+01,3.815601900993572659e-01,-1.425038960955150001e-02,-2.759345449099075420e-01,3.815592642263322398e-01,-1.425526131470935577e-02,-2.759345715006573108e-01,3.875983409180302486e-01,-2.233309424549827227e-02,-3.384860708873602131e-01
1.140999999999999837e+01,3.746627169535174384e-01,-1.457358073947449817e-02,-2.818157022790591659e-01,3.746621262056489821e-01,-1.457867138886396324e-02,-2.818153224262872625e-01,3.822024773992490632e-01,-2.293595091195797797e-02,-3.426117316479732056e-01
1.141999999999999993e+01,3.678164706635278502e-01,-1.490670979670862678e-02,-2.872846027983048112e-01,3.678162456955683668e-01,-1.491204965144297089e-02,-2.872838126968570438e-01,3.762428326362581288e-01,-2.388798241529864474e-02,-3.465807422147459960e-01
1.143000000000000149e+01,3.610363650229022059e-01,-1.525004173145617231e-02,-2.923615380286243015e-01,3.610361994530973395e-01,-1.525544429363549434e-02,-2.923606794642144013e-01,3.720825878925145824e-01,-2.430253808484995892e-02,-3.488263028836571245e-01
1.143999999999999950e+01,3.543352866752496610e-01,-1.560363883077682187e-02,-2.970664883477810436e-01,3.543355794620020593e-01,-1.560944761417190456e-02,-2.970651621026276779e-01,3.680592662317931918e-01,-2.479053707633312176e-02,-3.510321085685066955e-01
1.144999999999999751e+01,3.477242755931753693e-01,-1.596739478093101017e-02,-3.014190051217317534e-01,3.477250763889896956e-01,-1.597367785442700000e-02,-3.014171913603950759e-01,3.642620262557678679e-01,-2.529122719159428156e-02,-3.523364899830522812e-01
1.145999999999999908e+01,3.412126971467339120e-01,-1.634106480801757882e-02,-3.054381179686467829e-01,3.412135768494826138e-01,-1.634752368101935471e-02,-3.054362392509751278e-01,3.615061824525059864e-01,-2.527688723831700290e-02,-3.523226023817294106e-01
1.147000000000000064e+01,3.348084046304816153e-01,-1.672429214901501732e-02,-3.091422636557945025e-01,3.348087072015138999e-01,-1.673043364897196933e-02,-3.091409006447118912e-01,3.593011182362564337e-01,-2.505499825949442094e-02,-3.514703936439346199e-01
1.147999999999999865e+01,3.285178916574043040e-01,-1.711663117488305269e-02,-3.125492334605479705e-01,3.285177349085847132e-01,-1.712246745337366038e-02,-3.125482473729434552e-01,3.581939600007576496e-01,-2.472638736041053720e-02,-3.499400255858881037e-01
1.149000000000000021e+01,3.223369487191714566e-01,-1.754314809351856588e-02,-3.156625450068944461e-01,3.223364669118368719e-01,-1.754884763473486473e-02,-3.156617381248067455e-01,3.577531916851180993e-01,-2.416447164491948574e-02,-3.476624778426674056e-01
1.150000000000000178e+01,3.162166595037859684e-01,-1.823942596819216888e-02,-3.183737258660305214e-01,3.162163086513377630e-01,-1.824475114083610322e-02,-3.183731265171638181e-01,3.584430404808027770e-01,-2.354151793728855024e-02,-3.448239878634226097e-01
1.150999999999999979e+01,3.113123861525060043e-01,-1.881735004415347606e-02,-3.207730839166929582e-01,3.113113684683839200e-01,-1.882285942753186489e-02,-3.207724991190175068e-01,3.599284754725355917e-01,-2.298671498328166973e-02,-3.418224625710116205e-01
1.151999999999999780e+01,3.084872632807383885e-01,-1.887398268177325686e-02,-3.226896060800626964e-01,3.084858727124268896e-01,-1.887939561179165227e-02,-3.226892643503719849e-01,3.621367110040472070e-01,-2.237088026113610850e-02,-3.385107740971890489e-01
1.152999999999999936e+01,3.076746929434011624e-01,-1.863386223087514296e-02,-3.238308597347587803e-01,3.076726147123436395e-01,-1.863923439486800740e-02,-3.238309525596068661e-01,3.655382001401067393e-01,-2.161539583448120194e-02,-3.343730216671273459e-01
1.154000000000000092e+01,3.088923559104991834e-01,-1.815280052888412418e-02,-3.240928018231181706e-01,3.088893500168658490e-01,-1.815817884159541887e-02,-3.240934945657267807e-01,3.695184028332209047e-01,-2.107338036408645809e-02,-3.307976646949588595e-01
1.154999999999999893e+01,3.120600577859767299e-01,-1.746922434420622797e-02,-3.234090850625441216e-01,3.120563751852953316e-01,-1.747467157043941163e-02,-3.234102555540188106e-01,3.739537136064861045e-01,-2.049285097817211965e-02,-3.271005996054950904e-01
1.155999999999999694e+01,3.170214245429435751e-01,-1.661982262899554946e-02,-3.217228692454973671e-01,3.170177693499882654e-01,-1.662533699504974843e-02,-3.217241655175452353e-01,3.805980839058137333e-01,-1.960387982397510109e-02,-3.215642492834485111e-01
1.157000000000000206e+01,3.235825418963381717e-01,-1.564156274534133848e-02,-3.189737958048793343e-01,3.235799916409850541e-01,-1.564715598763146906e-02,-3.189745288961038372e-01,3.853173099150739578e-01,-1.896714444027648716e-02,-3.174960506836502772e-01
1.158000000000000007e+01,3.315484201496108341e-01,-1.457321254103646595e-02,-3.150844457635805229e-01,3.315492571907652231e-01,-1.457888943407414581e-02,-3.150830996514375482e-01,3.881770000182838132e-01,-1.867994758459938509e-02,-3.150160460262397266e-01
1.158999999999999808e+01,3.407462659079055212e-01,-1.345663306492355521e-02,-3.099481999700520740e-01,3.407487650970519866e-01,-1.346230684375149429e-02,-3.099456936072114699e-01,3.999512365384388923e-01,-1.751657058692367153e-02,-3.045783155477626569e-01
1.159999999999999964e+01,3.510189713491621011e-01,-1.233612026850435320e-02,-3.034334082957572121e-01,3.510200341980071470e-01,-1.234150121884036028e-02,-3.034323514074498407e-01,4.155814817352208035e-01,-1.631430235897443626e-02,-2.888598032507291302e-01
1.161000000000000121e+01,3.621859153900655603e-01,-1.125364332926211824e-02,-2.954185900469463166e-01,3.621825054381778708e-01,-1.125852144607468464e-02,-2.954217828102133625e-01,4.261353899528268485e-01,-1.521120663011386875e-02,-2.766637986826845363e-01
1.161999999999999922e+01,3.740011972778979343e-01,-1.024112343931441599e-02,-2.858467421563996580e-01,3.739941008894406838e-01,-1.024559595042418697e-02,-2.858537748580604609e-01,4.371434804403161456e-01,-1.428504035638725189e-02,-2.628849729537883761e-01
1.162999999999999723e+01,3.861502683900194799e-01,-9.315175049152128739e-03,-2.747604484257034629e-01,3.861417289303396561e-01,-9.319332585465659943e-03,-2.747695302061131106e-01,4.452660857637824598e-01,-1.353784578255416704e-02,-2.517826621637939688e-01
1.163999999999999879e+01,3.982891656170630124e-01,-8.478057644401909218e-03,-2.622956693723512145e-01,3.982809773655525132e-01,-8.481936514426318199e-03,-2.623049749568857614e-01,4.544783024132701410e-01,-1.289668431718267450e-02,-2.377633772945600132e-01
1.165000000000000036e+01,4.100944583292367440e-01,-7.722789000363287394e-03,-2.486491381266666412e-01,4.100884697916901689e-01,-7.726433158383085725e-03,-2.486559540139537394e-01,4.620268502594152560e-01,-1.241917275817078226e-02,-2.244618471401266802e-01
1.165999999999999837e+01,4.212969355834177421e-01,-7.038386093628307139e-03,-2.340440563955040187e-01,4.212940395544275130e-01,-7.041923504220139879e-03,-2.340469302588037981e-01,4.683459428507137368e-01,-1.195868000360894579e-02,-2.113319168035610041e-01
1.166999999999999993e+01,4.316940580983826270e-01,-6.413293505412642759e-03,-2.187056364192491442e-01,4.316937599243775292e-01,-6.416814020904760413e-03,-2.187046903679771004e-01,4.744476288942666153e-01,-1.160523531198875968e-02,-1.955815739025665301e-01
1.168000000000000149e+01,4.411479196394463287e-01,-5.837057571966067920e-03,-2.028468069173712807e-01,4.411494838309699129e-01,-5.840627288059639655e-03,-2.028424351347948018e-01,4.801344510043493718e-01,-1.089269864115599562e-02,-1.755711564337018027e-01
1.168999999999999950e+01,4.495763212219729965e-01,-5.300901886427526223e-03,-1.866610115408997295e-01,4.495788197084810700e-01,-5.304527424564154520e-03,-1.866541829817088549e-01,4.830657148329995376e-01,-1.036302123598331626e-02,-1.614695117054648632e-01
1.169999999999999751e+01,4.569418774589922849e-01,-4.797751957255944923e-03,-1.703193069803976001e-01,4.569445263261456280e-01,-4.801408406856649998e-03,-1.703111391629057170e-01,4.847750088152286141e-01,-1.008902952308668444e-02,-1.510442751089776103e-01
1.170999999999999908e+01,4.632416110217353888e-01,-4.322032452582140992e-03,-1.539699100227687745e-01,4.632439638295247630e-01,-4.325728766340575238e-03,-1.539611934876559396e-01,4.874949801555059636e-01,-9.032780487867861363e-03,-1.228022990107149881e-01
1.172000000000000064e+01,4.684979939460304776e-01,-3.869400310001509542e-03,-1.377390798610361733e-01,4.684999532082950169e-01,-3.873199549368473368e-03,-1.377300094669544617e-01,4.881798510215712428e-01,-8.650409604842770883e-03,-1.071631260014924147e-01
1.172999999999999865e+01,4.727516417664839321e-01,-3.436485952663068631e-03,-1.217326836506922444e-01,4.727527832716248990e-01,-3.440399343390668999e-03,-1.217246718041468806e-01,4.883053405788313484e-01,-8.425843354274764607e-03,-9.205493969389036413e-02
1.174000000000000021e+01,4.760555413925923185e-01,-3.020670400229988947e-03,-1.060380676231572339e-01,4.760558516168691412e-01,-3.024710729452072863e-03,-1.060316153190672822e-01,4.879503425348078460e-01,-8.000611212420363771e-03,-7.488086949646993729e-02
1.175000000000000178e+01,4.784705834977030503e-01,-2.619904296939248520e-03,-9.072601638912125566e-02,4.784703696718437538e-01,-2.624063423088778251e-03,-9.072037248074293903e-02,4.871814990257131717e-01,-7.111082584275854601e-03,-5.814062462447994184e-02
1.175999999999999979e+01,4.800621567565073189e-01,-2.232566330184354748e-03,-7.585267789418240203e-02,4.800616046345260179e-01,-2.236785673898534013e-03,-7.584722030916395130e-02,4.863469577770201946e-01,-6.218766645340406685e-03,-4.566982608957115275e-02
1.176999999999999780e+01,4.808975860913027311e-01,-1.857355168214087178e-03,-6.146138748997269363e-02,4.808967431205591336e-01,-1.861549302482803448e-03,-6.145589045706426057e-02,4.850356953988574915e-01,-5.595400590506699467e-03,-3.104185539850728981e-02
1.177999999999999936e+01,4.810442328984214089e-01,-1.493208456395517724e-03,-4.758435782906084155e-02,4.810431703089774191e-01,-1.497299665152511741e-03,-4.757823029366111539e-02,4.836894154029365289e-01,-4.962063381024894859e-03,-2.060269848795909242e-02
1.179000000000000092e+01,4.805681105323355573e-01,-1.139243004958053135e-03,-3.424422090449540101e-02,4.805667927933692796e-01,-1.143189126276910120e-03,-3.423756754380453959e-02,4.818943899927210506e-01,-4.026381994574182444e-03,-9.807241652413756228e-03
1.179999999999999893e+01,4.795328989664292552e-01,-7.947113070005272419e-04,-2.145541996848157607e-02,4.795312944633449148e-01,-7.985097691383679936e-04,-2.144851353923270601e-02,4.801692319088887162e-01,-3.383458919142046106e-03,-6.501582258896521083e-04
1.180999999999999694e+01,4.779992676219749770e-01,-4.589700557094950734e-04,-9.225455522080996951e-03,4.779974491798447134e-01,-4.625824850905329655e-04,-9.217304865322245230e-03,4.787098508866296509e-01,-2.595622361760349661e-03,6.611968623263075884e-03
1.182000000000000206e+01,4.760244352520913158e-01,-1.314577418377681336e-04,2.444006861322112027e-03,4.760223268357777759e-01,-1.349348660839937131e-04,2.452472170318620130e-03,4.767015708091890680e-01,-6.214097922068589908e-04,1.637445673197340801e-02
1.183000000000000007e+01,4.736619113388717550e-01,1.883213425973719415e-04,1.355615738664920841e-02,4.736595473416074786e-01,1.849954816705180597e-04,1.356504653355116753e-02,4.750907922412088702e-01,1.252762529798168156e-03,2.437213889655714949e-02
1.183999999999999808e+01,4.709613755545734026e-01,5.008083223252385958e-04,2.411818132638257270e-02,4.709587571745700307e-01,4.975801173449902410e-04,2.412668849065831636e-02,4.736213065982104453e-01,2.449047870550641326e-03,3.146301972756254672e-02
1.184999999999999964e+01,4.679686612305944959e-01,8.063978475766151593e-04,3.414050642150215364e-02,4.679658689713562247e-01,8.032916183345146979e-04,3.414855894122725832e-02,4.716059503055878288e-01,3.631566582325690407e-03,4.027742339736933852e-02
1.186000000000000121e+01,4.647258160876361344e-01,1.105443878053100504e-03,4.363614829054311695e-02,4.647228668423218911e-01,1.102443976061820603e-03,4.364345205441425013e-02,4.693820024697883397e-01,4.817691820845640405e-03,4.905885987277092131e-02
1.186999999999999922e+01,4.612712191988341259e-01,1.398264008796592985e-03,5.262014419240319818e-02,4.612682109254909735e-01,1.395410806986650386e-03,5.262664694959693495e-02,4.679045118762223954e-01,5.469167458535470483e-03,5.467958069723360959e-02
1.187999999999999723e+01,4.576397376557511665e-01,1.685142806675379423e-03,6.110906602721212499e-02,4.576366319786607795e-01,1.682458735406619239e-03,6.111492821455138252e-02,4.636611385744712210e-01,7.070666495468280743e-03,6.800992516858872516e-02
1.188999999999999879e+01,4.538629099674066358e-01,1.966334606915318920e-03,6.912060405667681817e-02,4.538598084843322722e-01,1.963855828136818263e-03,6.912574161824598662e-02,4.588555493953263564e-01,8.854644457018320813e-03,8.173663445873197153e-02
1.190000000000000036e+01,4.499691460573804758e-01,2.242065800582138894e-03,7.667321344653124648e-02,4.499659535911800790e-01,2.239819763594297266e-03,7.667796458659081882e-02,4.547389311382948884e-01,1.007066831624284231e-02,9.175728912763581047e-02
1.190999999999999837e+01,4.459839359897111999e-01,2.512537110136275117e-03,8.378581634725508487e-02,4.459812584180243844e-01,2.510519091974557429e-03,8.378893035266542222e-02,4.510526642838241784e-01,1.050014202600406399e-02,9.916452219182758654e-02
1.191999999999999993e+01,4.419300613750657969e-01,2.777925616167779659e-03,9.047755284776101692e-02,4.419280146157295586e-01,2.776128093947848301e-03,9.047898528197560741e-02,4.480312263453204435e-01,1.087326359747869953e-02,1.048734699551535088e-01
1.193000000000000149e+01,4.378278048704121739e-01,3.038386710484574510e-03,9.676757472508848434e-02,4.378260528766111936e-01,3.036807540273883232e-03,9.676815171536401472e-02,4.446828816367782711e-01,1.099377026277745251e-02,1.105178565088852372e-01
1.193999999999999950e+01,4.336951543622992178e-01,3.294056132320072501e-03,1.026748764773170453e-01,4.336940581827202212e-01,3.292654152294034482e-03,1.026739588546074361e-01,4.369050666591154375e-01,1.181446455423493247e-02,1.221888297163749582e-01
1.194999999999999751e+01,4.295479993681925457e-01,3.545051879641701511e-03,1.082181586791001460e-01,4.295480295800932491e-01,3.543769945787565018e-03,1.082150277875893185e-01,4.332855589960716847e-01,1.244207008047247542e-02,1.281892961026150357e-01
1.195999999999999908e+01,4.254003179452511829e-01,3.791476095847139908e-03,1.134157192026663680e-01,4.254009901069678024e-01,3.790294342733855227e-03,1.134114120633064327e-01,4.296221735030862909e-01,1.168522575666468277e-02,1.320952292027336994e-01
1.197000000000000064e+01,4.212643529964142930e-01,4.033416945138619016e-03,1.182853683273589612e-01,4.212647247801323824e-01,4.032339022766610881e-03,1.182815636288449546e-01,4.265907511237436722e-01,1.091726745719306946e-02,1.345189791830372905e-01
1.197999999999999865e+01,4.171507773357272519e-01,4.270950336187054677e-03,1.228443642143389331e-01,4.171508507533236432e-01,4.269946671253286620e-03,1.228410704932240000e-01,4.244954304489650943e-01,1.048046676056102466e-02,1.359212087138763070e-01
1.199000000000000021e+01,4.130558030462519459e-01,4.501291221221115357e-03,1.271110604490838791e-01,4.130557396126745551e-01,4.500316404494667660e-03,1.271080506016502576e-01,4.232587733490195125e-01,9.576929405688119901e-03,1.359654299869316740e-01
1.200000000000000178e+01,4.088647896142165172e-01,4.689804880251459071e-03,1.311564046212733425e-01,4.088660240432037685e-01,4.688738149739659494e-03,1.311534500210645160e-01,4.232916769522400147e-01,8.927342123505682681e-03,1.346665718017630020e-01
1.200999999999999979e+01,4.057169816430543641e-01,4.796463859741639801e-03,1.347576758424158527e-01,4.057173978520693391e-01,4.795396537041766473e-03,1.347546238642404193e-01,4.243693255192175773e-01,8.617992299951415802e-03,1.325893345412524904e-01
1.201999999999999780e+01,4.046142862171369092e-01,4.887436706415743820e-03,1.369772247155091605e-01,4.046145615285665076e-01,4.886426995938880115e-03,1.369742576831322889e-01,4.263807607300890146e-01,7.575218865081403963e-03,1.294706516902934257e-01
1.202999999999999936e+01,4.052727648261291726e-01,4.971377830545898463e-03,1.375177790097636410e-01,4.052727017232622408e-01,4.970506512189270566e-03,1.375151053102999510e-01,4.290335556166611219e-01,6.275130441961304650e-03,1.253830385066742048e-01
1.204000000000000092e+01,4.075391397967658147e-01,5.044200948464996198e-03,1.363349935783421674e-01,4.075386901437060838e-01,5.043454778441087798e-03,1.363329183121778088e-01,4.318986372592260592e-01,4.214965421617436481e-03,1.185395002622608440e-01
1.204999999999999893e+01,4.112112328275459028e-01,5.104354687445086282e-03,1.334490141238471594e-01,4.112106625846734254e-01,5.103623270233327743e-03,1.334475587452362555e-01,4.356250649801083341e-01,3.098970830084785133e-03,1.123920326879470077e-01
1.205999999999999694e+01,4.160471694634204631e-01,5.148162151643450798e-03,1.289107827510138360e-01,4.160470583193334737e-01,5.147173041193343554e-03,1.289094172004578431e-01,4.400193789762595342e-01,2.257282967411053387e-03,1.060918009102599924e-01
1.207000000000000206e+01,4.217928976126635310e-01,5.162287733095913614e-03,1.227869016762718202e-01,4.217928644257480930e-01,5.161296383749544407e-03,1.227848456633029994e-01,4.445549991403191514e-01,1.758107565341698875e-03,9.883699940026696718e-02
1.208000000000000007e+01,4.282051625303963105e-01,5.113790704781216029e-03,1.151475434349730487e-01,4.282054180113555319e-01,5.112600045844599081e-03,1.151449187036031468e-01,4.496949697687706582e-01,1.256633215384994617e-03,8.989940083578928931e-02
1.208999999999999808e+01,4.350602166806473714e-01,4.944384266733888034e-03,1.060567334617745494e-01,4.350603190003802245e-01,4.943310393579221536e-03,1.060537659293046553e-01,4.546680773148252808e-01,8.233415608527305807e-04,8.056801764016763290e-02
1.209999999999999964e+01,4.421409504762379150e-01,4.581101684870511614e-03,9.557344201601640499e-02,4.421404378413010816e-01,4.580672304705555968e-03,9.557077512731061708e-02,4.592476135593994702e-01,3.162940528950719532e-04,7.144326766992081801e-02
1.211000000000000121e+01,4.492137057959748603e-01,3.967709057580581615e-03,8.377082888226221324e-02,4.492128936785123594e-01,3.967734667287601581e-03,8.376863057466413243e-02,4.635103821607817753e-01,-4.820215187039678106e-04,6.226804749227587976e-02
1.211999999999999922e+01,4.560252576966755678e-01,3.097404159474131599e-03,7.076278469588077880e-02,4.560245670328185730e-01,3.097307648291828305e-03,7.076071467524282232e-02,4.685167474231604068e-01,-5.604382420642400886e-04,5.013378799337780967e-02
1.212999999999999723e+01,4.623329438065790775e-01,2.017576077876601526e-03,5.671306404679803820e-02,4.623324015120668928e-01,2.017060139146658812e-03,5.671090508742231140e-02,4.725790979739079578e-01,-8.335388140403021673e-04,3.806127183891389043e-02
1.213999999999999879e+01,4.679412642046767989e-01,8.050774613416048549e-04,4.181909205669472746e-02,4.679406831713525672e-01,8.042196576733505724e-04,4.181695962656471754e-02,4.756500458876361526e-01,-9.981440317361062187e-04,2.640637463954870201e-02
1.215000000000000036e+01,4.727167239751635108e-01,-4.627319185826907319e-04,2.628673936188429677e-02,4.727160329120154714e-01,-4.637892370627520115e-04,2.628480108293373280e-02,4.784134428436773723e-01,-1.275090299428793816e-03,1.341058006987394524e-02
1.215999999999999837e+01,4.765817146694701356e-01,-1.723762992554461141e-03,1.031194188564401107e-02,4.765809428924081548e-01,-1.724941159800801082e-03,1.031025198070948355e-02,4.806988206672752062e-01,-1.996043516104537008e-03,-1.280023332857926910e-03
1.216999999999999993e+01,4.795012313044095809e-01,-2.934597429204197517e-03,-5.927913668666471951e-03,4.795004230216475816e-01,-2.935868926409709260e-03,-5.929371438406692146e-03,4.826209326204651262e-01,-2.891406576841115683e-03,-1.680935536317818002e-02
1.218000000000000149e+01,4.814708723881942487e-01,-4.068116292950106974e-03,-2.227638584619508200e-02,4.814700548593981444e-01,-4.069451945363583394e-03,-2.227766091636262935e-02,4.841082107654958167e-01,-4.172120123346362286e-03,-3.126137048350535741e-02
1.218999999999999950e+01,4.825080361527760431e-01,-5.109718512616831868e-03,-3.859757416371922822e-02,4.825072018067547708e-01,-5.111574554832442815e-03,-3.859964916185521649e-02,4.853080056553525923e-01,-5.354103518881825341e-03,-4.550141460065698640e-02
1.219999999999999751e+01,4.826457219584727731e-01,-6.053826475011327146e-03,-5.477473014376616628e-02,4.826448664578150138e-01,-6.055609303491130656e-03,-5.477650495904408390e-02,4.862075523435005486e-01,-6.709461385433004854e-03,-6.208132933581744783e-02
1.220999999999999908e+01,4.819280586119868981e-01,-6.901091519418780379e-03,-7.070862824401678848e-02,4.819271517346708777e-01,-6.903019960444604745e-03,-7.071052141237756106e-02,4.865438690045917891e-01,-7.751410345940012991e-03,-7.340788571316972377e-02
1.222000000000000064e+01,4.804069445436050523e-01,-7.656279082665584657e-03,-8.631595241762048121e-02,4.804059525388852392e-01,-7.658352779942905614e-03,-8.631807838045743586e-02,4.867190001040325731e-01,-8.337355848161281946e-03,-8.201469645658199248e-02
1.222999999999999865e+01,4.781394359316694098e-01,-8.326710620671581159e-03,-1.015277684209165143e-01,4.781383738389600735e-01,-8.328845316435493779e-03,-1.015299453433361476e-01,4.859450887573858457e-01,-9.820851350648876488e-03,-1.028804718475380131e-01
1.224000000000000021e+01,4.751856733657397469e-01,-8.921136431125572391e-03,-1.162880911530236872e-01,4.751845710845936654e-01,-8.923349550239868117e-03,-1.162901580556884723e-01,4.850272835593889553e-01,-1.071681219394673978e-02,-1.148251586824333981e-01
1.225000000000000178e+01,4.716072217202416650e-01,-9.448934396692997006e-03,-1.305525408444969671e-01,4.716061300209438145e-01,-9.451191572085414910e-03,-1.305543398473907879e-01,4.833110455055176224e-01,-1.184384165584867477e-02,-1.296097911355124088e-01
1.225999999999999979e+01,4.674657423615191099e-01,-9.919552594473961260e-03,-1.442870810748409782e-01,4.674647055922636074e-01,-9.921823945863914723e-03,-1.442885297961487290e-01,4.801046365164443053e-01,-1.358455958938716013e-02,-1.489131290901246352e-01
1.226999999999999780e+01,4.628219407405622099e-01,-1.034213278758710705e-02,-1.574668342216327677e-01,4.628209227245668744e-01,-1.034443473483289549e-02,-1.574680914438691959e-01,4.776114662987817061e-01,-1.500375924315058840e-02,-1.613995638136869748e-01
1.227999999999999936e+01,4.577347459051170353e-01,-1.072526703016301285e-02,-1.700749725229588338e-01,4.577336911069202485e-01,-1.072760706054600235e-02,-1.700761985432010515e-01,4.740306093561389433e-01,-1.672024894328150157e-02,-1.767602488312885745e-01
1.229000000000000092e+01,4.522606865545373833e-01,-1.107685153009058641e-02,-1.821016846726588312e-01,4.522595572444493839e-01,-1.107924936745807894e-02,-1.821029576360409796e-01,4.700348364324312689e-01,-1.846314026648984696e-02,-1.911927279621485620e-01
1.229999999999999893e+01,4.464534336471578380e-01,-1.140401056056552370e-02,-1.935432184227662555e-01,4.464522205924745801e-01,-1.140649063939350345e-02,-1.935445394508130690e-01,4.668436062313819912e-01,-1.984377056250945237e-02,-2.012771686561261597e-01
1.230999999999999694e+01,4.403634834580169022e-01,-1.171307011462594319e-02,-2.044009995874724595e-01,4.403621882328902504e-01,-1.171565210519602378e-02,-2.044023508181660176e-01,4.629956367602580114e-01,-2.106079234498144104e-02,-2.121415924289495880e-01
1.232000000000000206e+01,4.340379580170318219e-01,-1.200956620088930622e-02,-2.146808274339698785e-01,4.340363545613764584e-01,-1.201193016405412671e-02,-2.146826418611236242e-01,4.579663374252996855e-01,-2.256312206355190475e-02,-2.245412041238606105e-01
1.233000000000000007e+01,4.275205025820590921e-01,-1.229827636480837309e-02,-2.243921454357392931e-01,4.275186847714464444e-01,-1.230051203908522420e-02,-2.243941934162314300e-01,4.525882897862050225e-01,-2.387394680929007251e-02,-2.362245441148640435e-01
1.233999999999999808e+01,4.208512622543497117e-01,-1.258326608624577014e-02,-2.335473854244530523e-01,4.208490999931758236e-01,-1.258509307455971810e-02,-2.335498763320809634e-01,4.452500593141243135e-01,-2.539792108274803450e-02,-2.502781137612123397e-01
1.234999999999999964e+01,4.140669216573548694e-01,-1.286794407676620892e-02,-2.421613829757583991e-01,4.140646968797558336e-01,-1.286976326288958791e-02,-2.421638062172455086e-01,4.356912912066823740e-01,-2.686101743260127517e-02,-2.667223518494434287e-01
1.236000000000000121e+01,4.072007943148280296e-01,-1.315512181551709882e-02,-2.502508599583013194e-01,4.071984283357418244e-01,-1.315669830838327170e-02,-2.502533642472191122e-01,4.288352868487881331e-01,-2.778570596943291671e-02,-2.774866861606992141e-01
1.236999999999999922e+01,4.002829494538268085e-01,-1.344707435417001606e-02,-2.578339709416763714e-01,4.002806525243868263e-01,-1.344874886343276621e-02,-2.578362327874557103e-01,4.203531466636716285e-01,-2.876551844608293829e-02,-2.895411441917508100e-01
1.237999999999999723e+01,3.933403664448137382e-01,-1.374560007096931741e-02,-2.649299085729924785e-01,3.933381233962430779e-01,-1.374729874246509269e-02,-2.649319809350884070e-01,4.130058674469733182e-01,-2.959623827483788550e-02,-2.993708480406079286e-01
1.238999999999999879e+01,3.863971080931321578e-01,-1.405207794828629633e-02,-2.715585636192439645e-01,3.863949756281086501e-01,-1.405385576374511281e-02,-2.715603921693525158e-01,4.043995597803714537e-01,-3.002199168587108002e-02,-3.097441468890246297e-01
1.240000000000000036e+01,3.794745058158592310e-01,-1.436752139275950316e-02,-2.777402347266740845e-01,3.794724708439591865e-01,-1.436947467627502049e-02,-2.777418349460411551e-01,3.969026954857480805e-01,-2.984282947106170480e-02,-3.177794611219152965e-01
1.240999999999999837e+01,3.725913509204021867e-01,-1.469262805702208248e-02,-2.834953831297296611e-01,3.725893741545771021e-01,-1.469482653911865534e-02,-2.834967940172830048e-01,3.880532903576328074e-01,-2.952987220462185980e-02,-3.269371944840755995e-01
1.241999999999999993e+01,3.657640872551349842e-01,-1.502782539288363868e-02,-2.888444277021311457e-01,3.657621230350298625e-01,-1.503018090176481102e-02,-2.888457146886818649e-01,3.804440341014992955e-01,-2.920397054551296390e-02,-3.340981647849550207e-01
1.243000000000000149e+01,3.590070014988127611e-01,-1.537331185252485515e-02,-2.938075758843441965e-01,3.590050264723781970e-01,-1.537575337515764001e-02,-2.938087761830312505e-01,3.748346873279820857e-01,-2.872008911780850327e-02,-3.387327031552236356e-01
1.243999999999999950e+01,3.523324084410661694e-01,-1.572909385075650993e-02,-2.984046861139168505e-01,3.523304176610568827e-01,-1.573159333371373925e-02,-2.984058110519196561e-01,3.687749529507998725e-01,-2.804889691834083765e-02,-3.439810275546448803e-01
1.244999999999999751e+01,3.457508289100862386e-01,-1.609501861919136051e-02,-3.026551579633151023e-01,3.457488333912123180e-01,-1.609754868102794209e-02,-3.026562044438696475e-01,3.628579129455944408e-01,-2.724501352383129626e-02,-3.491608309992796921e-01
1.245999999999999908e+01,3.392711591188921072e-01,-1.647080325602317402e-02,-3.065778461603788640e-01,3.392693859481147878e-01,-1.647318733495858195e-02,-3.065786874392399941e-01,3.589721230940841057e-01,-2.649259892598003485e-02,-3.522520191992911109e-01
1.247000000000000064e+01,3.329008301359442368e-01,-1.685606016952553507e-02,-3.101909953329813896e-01,3.328991884948570568e-01,-1.685838159917833756e-02,-3.101916933285853162e-01,3.564339303628989430e-01,-2.585863703588003881e-02,-3.541638319324078576e-01
1.247999999999999865e+01,3.266459570707569982e-01,-1.725031924910968781e-02,-3.135121923513519704e-01,3.266442596902767170e-01,-1.725271346984465562e-02,-3.135128520006262298e-01,3.508645667234883136e-01,-2.430134780651269089e-02,-3.581319045983736848e-01
1.249000000000000021e+01,3.205114778188168367e-01,-1.765304712125677009e-02,-3.165583335455989800e-01,3.205096866795316135e-01,-1.765562197356417354e-02,-3.165588780981787309e-01,3.492020531309629749e-01,-2.345814128478458660e-02,-3.590878458260425288e-01
1.250000000000000178e+01,3.144499117194932691e-01,-1.819335705195109301e-02,-3.192731287464829482e-01,3.144480978321235742e-01,-1.819718085686451714e-02,-3.192730113964540872e-01,3.483559558606473816e-01,-2.262448851128349980e-02,-3.593788298031327377e-01
1.250999999999999979e+01,3.091308675590805355e-01,-1.888987261908825488e-02,-3.216116084017895949e-01,3.091307110861638008e-01,-1.889380753413659464e-02,-3.216112486249530500e-01,3.474515852868748089e-01,-2.103435121279673137e-02,-3.596247304511940301e-01
1.251999999999999780e+01,3.058836350180158536e-01,-1.902891783404464521e-02,-3.236092080386148706e-01,3.058855054477663815e-01,-1.903268030791468654e-02,-3.236084000664368743e-01,3.481699503577242449e-01,-2.022839010093799295e-02,-3.587929275507117932e-01
1.252999999999999936e+01,3.046467470210826312e-01,-1.884557312168873983e-02,-3.249057455456719756e-01,3.046504447836541063e-01,-1.884923572950381737e-02,-3.249043267463574414e-01,3.495174400484668542e-01,-1.980948257090410503e-02,-3.576151243617713416e-01
1.254000000000000092e+01,3.054501406568618793e-01,-1.841250928991222668e-02,-3.253707517126818716e-01,3.054550010203891941e-01,-1.841602611271836790e-02,-3.253690322432495341e-01,3.520620568162523556e-01,-1.930723311692658650e-02,-3.561456131246353851e-01
1.254999999999999893e+01,3.082375739766597400e-01,-1.776870424456114539e-02,-3.249291226883563866e-01,3.082438493920248712e-01,-1.777208514946279627e-02,-3.249268008733370849e-01,3.552769243465945248e-01,-1.864291690382145761e-02,-3.542742356264915737e-01
1.256000000000000050e+01,3.128678526092757983e-01,-1.695044495555983466e-02,-3.235191283406929075e-01,3.128765629908074053e-01,-1.695376166675823665e-02,-3.235153189370904014e-01,3.613009647159173277e-01,-1.768181140976853027e-02,-3.503468075963872552e-01
1.257000000000000206e+01,3.191527866519451306e-01,-1.599406769609535220e-02,-3.210786208022247679e-01,3.191644607704035574e-01,-1.599735327336744908e-02,-3.210726891049728304e-01,3.667413653550704034e-01,-1.731437921605558095e-02,-3.473599206984228638e-01
1.258000000000000007e+01,3.268949570320364151e-01,-1.493741487541526067e-02,-3.175323461953366566e-01,3.269087802940239262e-01,-1.494062670946512232e-02,-3.175245204017150269e-01,3.728541619926718509e-01,-1.727418978829829699e-02,-3.430776152118562017e-01
1.258999999999999808e+01,3.359158488857675873e-01,-1.382124630125899228e-02,-3.127786904026366166e-01,3.359303015797105996e-01,-1.382432722718846679e-02,-3.127697939111805936e-01,3.801154778232808118e-01,-1.708831984079088595e-02,-3.378129078752805103e-01
1.259999999999999964e+01,3.460579922650665052e-01,-1.268931481836001358e-02,-3.066877797071611567e-01,3.460710946702391100e-01,-1.269220427091330254e-02,-3.066791789357348197e-01,3.883645315345729543e-01,-1.701555601321365352e-02,-3.311292004950869838e-01
1.261000000000000121e+01,3.571521055974395398e-01,-1.158478003092052594e-02,-2.991281015994856074e-01,3.571613000932788995e-01,-1.158730007511083251e-02,-2.991221255625563513e-01,3.962929070869986026e-01,-1.674970518757058768e-02,-3.238133005516905527e-01
1.261999999999999922e+01,3.689711414249897126e-01,-1.054287668466351649e-02,-2.900186967247879721e-01,3.689780744595034245e-01,-1.054527359911725491e-02,-2.900138203721468466e-01,4.068640950955092483e-01,-1.618744364708936401e-02,-3.130158038057411773e-01
1.262999999999999723e+01,3.812146052177208255e-01,-9.584462263456031486e-03,-2.793726826507849093e-01,3.812211059536983471e-01,-9.586749824032221243e-03,-2.793673441941514346e-01,4.151906298847813925e-01,-1.548244700040996014e-02,-3.040467706883189236e-01
1.263999999999999879e+01,3.935394866616601650e-01,-8.715310226039852184e-03,-2.673017183007544983e-01,3.935464447211131644e-01,-8.717500282088935099e-03,-2.672948797393582265e-01,4.238387462958028706e-01,-1.509480739480011102e-02,-2.935108286962086477e-01
1.265000000000000036e+01,4.056112316959112341e-01,-7.930505260530769721e-03,-2.539879478014535064e-01,4.056197244097200505e-01,-7.932536518210901721e-03,-2.539775985489567400e-01,4.335226381220990133e-01,-1.421126540699475804e-02,-2.808360560027258757e-01
1.265999999999999837e+01,4.171430819587572114e-01,-7.219901972416911673e-03,-2.396486399433054026e-01,4.171539356192781600e-01,-7.221824006465364654e-03,-2.396332010659751044e-01,4.404470168768853666e-01,-1.362300216591991187e-02,-2.711193637282616198e-01
1.266999999999999993e+01,4.279136204775915164e-01,-6.572045688502375221e-03,-2.245089441477439718e-01,4.279258240623481369e-01,-6.573902550240853272e-03,-2.244893410505933995e-01,4.446484633822600507e-01,-1.330529211980419069e-02,-2.646553458909826628e-01
1.268000000000000149e+01,4.377676663240919752e-01,-5.976235118149972325e-03,-2.087851931750330237e-01,4.377806766070925781e-01,-5.978111414439983562e-03,-2.087615125462760068e-01,4.584428403155590415e-01,-1.142212279556086008e-02,-2.396416304791050833e-01
1.268999999999999950e+01,4.466085345604285384e-01,-5.423322892467283621e-03,-1.926760837547618621e-01,4.466214286721590931e-01,-5.425247955709954981e-03,-1.926492766913522336e-01,4.655955424193507497e-01,-9.961944005761821930e-03,-2.231091542835518526e-01
1.269999999999999751e+01,4.543873362596445586e-01,-4.905850066445251872e-03,-1.763587750811333177e-01,4.543992017025687558e-01,-4.907809016083579737e-03,-1.763302280117772791e-01,4.743357576152614774e-01,-7.387396086747433088e-03,-1.976085898842275257e-01
1.270999999999999908e+01,4.610923153966038912e-01,-4.417889314256328789e-03,-1.599878369476214202e-01,4.611026029113367009e-01,-4.419891466797232389e-03,-1.599586654206552050e-01,4.786154945504621505e-01,-5.957157591415698783e-03,-1.820847269115144496e-01
1.272000000000000064e+01,4.667394787500568354e-01,-3.954792347100909156e-03,-1.436957791691261255e-01,4.667483676975400231e-01,-3.956913149560251607e-03,-1.436656559205826966e-01,4.833124695193101727e-01,-4.686509262151500321e-03,-1.620056815729473965e-01
1.272999999999999865e+01,4.713648649699678228e-01,-3.512931501060227550e-03,-1.275944143002203934e-01,4.713732212155626322e-01,-3.515258875002657841e-03,-1.275608492191592780e-01,4.866795565211422536e-01,-3.292274278677134736e-03,-1.437184090495215449e-01
1.274000000000000021e+01,4.750183901564629108e-01,-3.089471610490356068e-03,-1.117766177836225783e-01,4.750257232575662014e-01,-3.092005034115387699e-03,-1.117405845632456068e-01,4.886448351513351662e-01,-2.094577272104797272e-03,-1.299265412438421197e-01
1.275000000000000178e+01,4.777590570404995352e-01,-2.682182496759677199e-03,-9.631823313569937151e-02,4.777645357315963848e-01,-2.684890771253375507e-03,-9.628262120081508557e-02,4.902497313860413319e-01,-8.243389071477258412e-04,-1.158410069992034386e-01
1.275999999999999979e+01,4.796512842592761117e-01,-2.289290815711663395e-03,-8.127997804187805930e-02,4.796547695974763270e-01,-2.292163905841981993e-03,-8.124609524122451687e-02,4.914377350637121333e-01,5.734468730058950303e-04,-1.009884214575610950e-01
1.276999999999999780e+01,4.807621307111790143e-01,-1.909366443321674741e-03,-6.670927158031055015e-02,4.807639435844340836e-01,-1.912379731428599187e-03,-6.667663415286319284e-02,4.921004524230543353e-01,2.616584389536227850e-03,-8.296751492819684493e-02
1.277999999999999936e+01,4.811592244417537967e-01,-1.541237005467716763e-03,-5.264194085139108775e-02,4.811593976958325469e-01,-1.544352009325355296e-03,-5.261146915396897744e-02,4.919373723957590760e-01,4.226160697975517300e-03,-6.435136929632873093e-02
1.279000000000000092e+01,4.809092413814379241e-01,-1.183924342264303098e-03,-3.910378795442841920e-02,4.809080424660435726e-01,-1.187089233011299821e-03,-3.907498072178725024e-02,4.910174058071982151e-01,4.492267542700253968e-03,-4.996180535829930491e-02
1.279999999999999893e+01,4.800768110852764448e-01,-8.365982446959612222e-04,-2.611201161269430249e-02,4.800745322828131600e-01,-8.397214400172260847e-04,-2.608353018067439966e-02,4.894448884580679948e-01,4.645585349249789497e-03,-3.476784438430868818e-02
1.281000000000000050e+01,4.787237529779199696e-01,-4.985427692874489945e-04,-1.367648532084441912e-02,4.787204019051540249e-01,-5.015824992600004034e-04,-1.364929836491452983e-02,4.875980365582206488e-01,5.451578754247954350e-03,-2.104299896205297227e-02
1.282000000000000206e+01,4.769085676070399238e-01,-1.691321935858450059e-04,-1.800898251243295695e-03,4.769042930248750811e-01,-1.720282099325042013e-04,-1.774564242101003483e-03,4.850822422652341093e-01,6.299859202019364446e-03,-4.786889689436468753e-03
1.283000000000000007e+01,4.746861238940831007e-01,1.521862452719980338e-04,9.516232643752953191e-03,4.746810166332992020e-01,1.494365882884307432e-04,9.540828057915656107e-03,4.824251154132679353e-01,7.650379328037179572e-03,8.262037599697902301e-03
1.283999999999999808e+01,4.721074961793356728e-01,4.659045669223743917e-04,2.028066981744808261e-02,4.721016905080277493e-01,4.633085712829029855e-04,2.030370996894008753e-02,4.796337276376375636e-01,8.100489749977846099e-03,2.070292135238877007e-02
1.284999999999999964e+01,4.692199148072642712e-01,7.724628982935360369e-04,3.050167177060414750e-02,4.692135406263525654e-01,7.699995024206701157e-04,3.052290269373926501e-02,4.753427972009791613e-01,8.774795429832157878e-03,3.605282413107530060e-02
1.286000000000000121e+01,4.660668017358562953e-01,1.072255875694635985e-03,4.019130938266254893e-02,4.660599500675972062e-01,1.069905157647520156e-03,4.021095638243291776e-02,4.711096927535917134e-01,8.779819645080844115e-03,4.898228616683247827e-02
1.286999999999999922e+01,4.626878687034693960e-01,1.365637426784695315e-03,4.936387249375148722e-02,4.626806456554807268e-01,1.363385747746487285e-03,4.938201351108165854e-02,4.668948393296924460e-01,8.596310866859260824e-03,6.071072377476743887e-02
1.287999999999999723e+01,4.591192602432613845e-01,1.652924521956458366e-03,5.803535774940256353e-02,4.591116900036923965e-01,1.650754390483037118e-03,5.805226302028612673e-02,4.625443790347950612e-01,8.890813640244632499e-03,7.170708104687278928e-02
1.288999999999999879e+01,4.553937276006728152e-01,1.934400306186541147e-03,6.622302924545193925e-02,4.553862126813889577e-01,1.932332649783683170e-03,6.623810544802172240e-02,4.575221909574042067e-01,8.676812223880017716e-03,8.328067223824686671e-02
1.290000000000000036e+01,4.515408226089358545e-01,2.210316704237948269e-03,7.394504407755789210e-02,4.515334991871032821e-01,2.208333560399954130e-03,7.395826866782614917e-02,4.524951836732971078e-01,8.700162350058118776e-03,9.423244409635073149e-02
1.290999999999999837e+01,4.475871029779863175e-01,2.480896923519495048e-03,8.122013547328132965e-02,4.475797672672769956e-01,2.478963082677363913e-03,8.123208851107451001e-02,4.472578468030324883e-01,8.847567895613472899e-03,1.046499915872620701e-01
1.291999999999999993e+01,4.435563423841930031e-01,2.746337725807144158e-03,8.806734676725072597e-02,4.435494945981921511e-01,2.744427016149100958e-03,8.807717648554393153e-02,4.409620731481865841e-01,8.568478999534445695e-03,1.153306293815918315e-01
1.293000000000000149e+01,4.394697403040846995e-01,3.006811668059571497e-03,9.450581004377177352e-02,4.394635544619647227e-01,3.004893573554366561e-03,9.451341041165835233e-02,4.352478433440575278e-01,8.553707395626594656e-03,1.246974292690584685e-01
1.293999999999999950e+01,4.353461277911457872e-01,3.262469276424837927e-03,1.005545638266294173e-01,4.353401634319707392e-01,3.260525750897251725e-03,1.005609376328136795e-01,4.294980567398112292e-01,8.804595496662417919e-03,1.346779033219889232e-01
1.294999999999999751e+01,4.312021664066218452e-01,3.513441214168784230e-03,1.062324047228812712e-01,4.311968338813794155e-01,3.511434988736889147e-03,1.062368965791058995e-01,4.227991845688222616e-01,8.384111428687418544e-03,1.434433315698597777e-01
1.295999999999999908e+01,4.270525383278360176e-01,3.759840330011723214e-03,1.115577684391049623e-01,4.270480903382289917e-01,3.757744989507790304e-03,1.115601306530569631e-01,4.182382698384229380e-01,8.014980663102189151e-03,1.483435357366629792e-01
1.297000000000000064e+01,4.229101263072901351e-01,4.001763716273934457e-03,1.165486360567916102e-01,4.229059502555561068e-01,3.999596629806063432e-03,1.165501204116430323e-01,4.153026456566420999e-01,8.065219219984320898e-03,1.520020448189033924e-01
1.297999999999999865e+01,4.187861826703963009e-01,4.239294660811384133e-03,1.212224619098237893e-01,4.187815634989150437e-01,4.237087916388312080e-03,1.212243208232328812e-01,4.128908586978093931e-01,7.848260774590623545e-03,1.545156113284689714e-01
1.299000000000000021e+01,4.146779849819337560e-01,4.469744660480168275e-03,1.255978194375498569e-01,4.146726222533342887e-01,4.467345426693409942e-03,1.255999604317407092e-01,4.161309523036718083e-01,6.580361159169878515e-03,1.483779821608448568e-01
1.300000000000000178e+01,4.104725150678011358e-01,4.658967924458706604e-03,1.297449519107750082e-01,4.104679028418414255e-01,4.656272985792304052e-03,1.297474042817668982e-01,4.179509431527765884e-01,6.317254586015175200e-03,1.460962810145776669e-01
1.300999999999999979e+01,4.072878430371293379e-01,4.765915653957702135e-03,1.334387920398965865e-01,4.072839633763789546e-01,4.763068568167104153e-03,1.334409624010771123e-01,4.209370400183360950e-01,5.800127996595072499e-03,1.429906622156671969e-01
1.301999999999999780e+01,4.061372522824696629e-01,4.857254339149506307e-03,1.357335309063744944e-01,4.061347303449756585e-01,4.854322202191454008e-03,1.357346587396940918e-01,4.248861138579350660e-01,5.200671883529975337e-03,1.392738934180880461e-01
1.302999999999999936e+01,4.067379084993419380e-01,4.941678832411786765e-03,1.363316888589454212e-01,4.067365171280837299e-01,4.938742117958560759e-03,1.363319220510199603e-01,4.284221028343827564e-01,4.958143065086517698e-03,1.357268204206013018e-01
1.304000000000000092e+01,4.089386178405478578e-01,5.015050724873027117e-03,1.351903807358741660e-01,4.089383225749005923e-01,5.012132716229579857e-03,1.351895077792142352e-01,4.323484447997101299e-01,4.087945060084960391e-03,1.299160995512128047e-01
1.304999999999999893e+01,4.125392336817112482e-01,5.075814717144181386e-03,1.323319275335036183e-01,4.125399784184664576e-01,5.072850732551396555e-03,1.323304376643756608e-01,4.374716816972553657e-01,2.509341808214521352e-03,1.219332629527277723e-01
1.306000000000000050e+01,4.172993823993552676e-01,5.120296822159385586e-03,1.278097512925663870e-01,4.173015807020728496e-01,5.117096679973337850e-03,1.278065881816946303e-01,4.413585401565701671e-01,2.042056849491338810e-03,1.145461049858321201e-01
1.306999999999999851e+01,4.229659699574095377e-01,5.135175175130619711e-03,1.216929368343062645e-01,4.229690522379216389e-01,5.131902222346113561e-03,1.216879025746623322e-01,4.450621254551669903e-01,2.689980229101815445e-03,1.062737195153887204e-01
1.308000000000000007e+01,4.292962224624173873e-01,5.087525844046532179e-03,1.140539597945315065e-01,4.293001467806771276e-01,5.083987778808013620e-03,1.140472160853186895e-01,4.473478536895576507e-01,2.753143737901975197e-03,1.001089576127810465e-01
1.308999999999999808e+01,4.360665819835004009e-01,4.919032801625391332e-03,1.049589004741700027e-01,4.360708368941603186e-01,4.915392210355557824e-03,1.049506599958059117e-01,4.495810186421643762e-01,2.333104584595610542e-03,9.373938195509512461e-02
1.309999999999999964e+01,4.430601658446242652e-01,4.556581966204905666e-03,9.446856334325609561e-02,4.430640980592697176e-01,4.553339872204620158e-03,9.445945859124199595e-02,4.544852567501773688e-01,6.777635701031431426e-04,8.159516585077675188e-02
1.311000000000000121e+01,4.500438794994610636e-01,3.943668735142235281e-03,8.265779205768503113e-02,4.500476089304139560e-01,3.940650059905288598e-03,8.264800658592792726e-02,4.588383743949995264e-01,-4.179898956237354524e-04,7.177288983057716898e-02
1.311999999999999922e+01,4.567654125825759137e-01,3.073226437951950829e-03,6.964204469780520268e-02,4.567691681728349162e-01,3.069821423908787334e-03,6.963129390395847440e-02,4.637474477240163262e-01,-1.499041958593280710e-03,6.110292658504040686e-02
1.313000000000000078e+01,4.629831332114478504e-01,1.992540995883716748e-03,5.558647235318583263e-02,4.629867478735530395e-01,1.988449917338572064e-03,5.557462575569142860e-02,4.704750409302390635e-01,-2.693123595428767447e-03,4.608419145115033588e-02
1.313999999999999879e+01,4.685024834816729489e-01,7.785417134401540666e-04,4.068961965552710808e-02,4.685055471382757464e-01,7.740083551244792684e-04,4.067701109077220822e-02,4.761414091698041862e-01,-3.881959576324228722e-03,3.016829909359269868e-02
1.315000000000000036e+01,4.731907619656923192e-01,-4.912477996355437554e-04,2.515813568668778810e-02,4.731930916655470165e-01,-4.959620959195596953e-04,2.514513356595633395e-02,4.788989515063954983e-01,-4.594049407551772934e-03,1.923998518180786155e-02
1.315999999999999837e+01,4.769710185781332878e-01,-1.754572168590106751e-03,9.188408785885676319e-03,4.769725847474021174e-01,-1.759329155365715967e-03,9.175243441273805284e-03,4.812471051442551717e-01,-5.382244567845556604e-03,6.420001027936217408e-03
1.316999999999999993e+01,4.798087953276367057e-01,-2.967879363933565232e-03,-7.041988071323680362e-03,4.798096111865051139e-01,-2.972574841927062752e-03,-7.055158783611742944e-03,4.833511098749933010e-01,-6.843940742486939732e-03,-1.165015218955373077e-02
1.318000000000000149e+01,4.817001436625490407e-01,-4.103953311271495152e-03,-2.337662842474892699e-02,4.817002436756454564e-01,-4.108533950686625927e-03,-2.338974209307029262e-02,4.846656091498340313e-01,-7.824320797343228828e-03,-2.668127898901206940e-02
1.318999999999999950e+01,4.826628313702481798e-01,-5.148125800235276404e-03,-3.967977433713023444e-02,4.826622449027333506e-01,-5.152532701701056234e-03,-3.969271925809478990e-02,4.858357734294344032e-01,-8.903515771256087508e-03,-4.177646956511282816e-02
1.319999999999999751e+01,4.827301503611932665e-01,-6.094774472867593024e-03,-5.583494597235323653e-02,4.827288820068750264e-01,-6.099181850547408940e-03,-5.584802834944690292e-02,4.870436290694557524e-01,-1.110624736599392925e-02,-6.640361685365464561e-02
1.320999999999999908e+01,4.819464493054369525e-01,-6.944521832175403614e-03,-7.174326035324758710e-02,4.819444693906050903e-01,-6.949025153353858425e-03,-7.175669041938480264e-02,4.872031998346870729e-01,-1.370941958853792719e-02,-9.031171270369811599e-02
1.322000000000000064e+01,4.803637776355685340e-01,-7.702115567094256800e-03,-8.732179241248794188e-02,4.803611326813775340e-01,-7.706555413326592920e-03,-8.733518396606493317e-02,4.862571556429055031e-01,-1.529223320582781542e-02,-1.075705152276159315e-01
1.322999999999999865e+01,4.780392779019800309e-01,-8.374866718278573680e-03,-1.025020267152408487e-01,4.780360072091748291e-01,-8.379205602899307548e-03,-1.025152552657123128e-01,4.840147158655840887e-01,-1.673320308344426743e-02,-1.268075878230427445e-01
1.324000000000000021e+01,4.750331173884423386e-01,-8.971520086232004365e-03,-1.172284082427458157e-01,4.750291838631168773e-01,-8.975808453746396409e-03,-1.172417121398807993e-01,4.807574287912795841e-01,-1.737848566310060128e-02,-1.456657987667111520e-01
1.325000000000000178e+01,4.714068337065048797e-01,-9.501450969110158268e-03,-1.314569852893691937e-01,4.714022358577527605e-01,-9.505758490227602872e-03,-1.314703669362096705e-01,4.771755097987079308e-01,-1.759657171443038126e-02,-1.610672988679428819e-01
1.325999999999999979e+01,4.672220132783937441e-01,-9.974106624536700078e-03,-1.451541371330069830e-01,4.672168425630917610e-01,-9.978453222943014719e-03,-1.451673120511714488e-01,4.722411193964664022e-01,-1.781003168149940252e-02,-1.787394320665385006e-01
1.326999999999999780e+01,4.625392455605170650e-01,-1.039862882787240261e-02,-1.582953815771259432e-01,4.625336188974901730e-01,-1.040300762266551521e-02,-1.583080868391358031e-01,4.667729657063559578e-01,-1.829006161174995260e-02,-1.960487556126560282e-01
1.327999999999999936e+01,4.574173092663786910e-01,-1.078360997369576246e-02,-1.708642602879879291e-01,4.574112745989918904e-01,-1.078799936120983065e-02,-1.708764799671516066e-01,4.617649323316244114e-01,-1.920675333714787214e-02,-2.106096997717400998e-01
1.329000000000000092e+01,4.519125549696622612e-01,-1.113694672356033144e-02,-1.828513015802152586e-01,4.519062006140392995e-01,-1.114134099071834201e-02,-1.828629265083197564e-01,4.562887347193664844e-01,-2.016843620801385406e-02,-2.258864964564685218e-01
1.329999999999999893e+01,4.460784540193340475e-01,-1.146576359960581326e-02,-1.942530605627674489e-01,4.460720178131870051e-01,-1.147022128672453914e-02,-1.942636842567133926e-01,4.517391134228120331e-01,-2.051112263395195312e-02,-2.378382241339758174e-01
1.331000000000000050e+01,4.399652873362120409e-01,-1.177638677877921973e-02,-2.050712372644813153e-01,4.399587940166846400e-01,-1.178091464011868199e-02,-2.050809614588528784e-01,4.457032861658772882e-01,-2.094699912391914665e-02,-2.518525408191114590e-01
1.331999999999999851e+01,4.336199511854748057e-01,-1.207435225129688261e-02,-2.153118718346672400e-01,4.336135436041891333e-01,-1.207897921247529788e-02,-2.153205608851477826e-01,4.388765428388617940e-01,-2.159380487013955185e-02,-2.656811442831663594e-01
1.333000000000000007e+01,4.270858592728828396e-01,-1.236443748190433831e-02,-2.249846161893666596e-01,4.270794215058423271e-01,-1.236916362528821776e-02,-2.249925968411485844e-01,4.331974345683750061e-01,-2.187144549597246079e-02,-2.757097890616347913e-01
1.333999999999999808e+01,4.204029234118611957e-01,-1.265070785254836239e-02,-2.341020795438385205e-01,4.203965786503516266e-01,-1.265553801703560820e-02,-2.341092425315633163e-01,4.272787644542820340e-01,-2.242700016989962464e-02,-2.852289715220738264e-01
1.334999999999999964e+01,4.136075966915782609e-01,-1.293657201245222883e-02,-2.426792455525571546e-01,4.136011437014309733e-01,-1.294140593001704906e-02,-2.426859874196521383e-01,4.215468588002453387e-01,-2.322936052654844818e-02,-2.940261391327824159e-01
1.336000000000000121e+01,4.067329656233124591e-01,-1.322484151206986328e-02,-2.507329571146372782e-01,4.067264830733409720e-01,-1.322968181353317146e-02,-2.507392128411746191e-01,4.159333538857763468e-01,-2.417046594775480728e-02,-3.024125569662196589e-01
1.336999999999999922e+01,3.998088793551297093e-01,-1.351779163955076427e-02,-2.582814649364382209e-01,3.998022528669877840e-01,-1.352252980643015370e-02,-2.582874399850316749e-01,4.070750382251933086e-01,-2.504201329349287075e-02,-3.141740781395154780e-01
1.338000000000000078e+01,3.928621057406441186e-01,-1.381722123851885850e-02,-2.653440354959825664e-01,3.928554094784966200e-01,-1.382188439097633073e-02,-2.653496620201104550e-01,4.010934694928226518e-01,-2.555479340826566359e-02,-3.218483204959982635e-01
1.338999999999999879e+01,3.859165061631605331e-01,-1.412451000448234836e-02,-2.719406132593119030e-01,3.859097070399336027e-01,-1.412905662468648404e-02,-2.719459623194616094e-01,3.977809427381897578e-01,-2.581018223289519020e-02,-3.259045577838960428e-01
1.340000000000000036e+01,3.789932215556163775e-01,-1.444067233562846761e-02,-2.780915328999622460e-01,3.789863850921209032e-01,-1.444514142805156283e-02,-2.780965511590547945e-01,3.880449217045477406e-01,-2.630135167503984406e-02,-3.367423981601401772e-01
1.340999999999999837e+01,3.721108643050212161e-01,-1.476640716234178113e-02,-2.838172762195461107e-01,3.721040612240655854e-01,-1.477085687863341316e-02,-2.838219101396444732e-01,3.789613559126661091e-01,-2.705846487726761007e-02,-3.446357570551126237e-01
1.341999999999999993e+01,3.652857111704422843e-01,-1.510214349011485858e-02,-2.891382693356658318e-01,3.652791182917420887e-01,-1.510671165335440366e-02,-2.891423595659537993e-01,3.721668284466997934e-01,-2.759812397229639835e-02,-3.497202536975026477e-01
1.343000000000000149e+01,3.585318937723332988e-01,-1.544808161473267688e-02,-2.940747154721657930e-01,3.585253797852019919e-01,-1.545266841705869587e-02,-2.940784358437835699e-01,3.664456908544854175e-01,-2.792843028893422785e-02,-3.534081420361299131e-01
1.343999999999999950e+01,3.518615835992907059e-01,-1.580423004121025640e-02,-2.986464592881334923e-01,3.518548983675185426e-01,-1.580863840208517404e-02,-2.986500803191826647e-01,3.622794192515739198e-01,-2.785293223369385285e-02,-3.558802321693574910e-01
1.344999999999999751e+01,3.452851698066492503e-01,-1.617043835227611678e-02,-3.028728785434233739e-01,3.452783446582508575e-01,-1.617468051907023849e-02,-3.028763764294811200e-01,3.582791842731807286e-01,-2.776355882699622912e-02,-3.580744370961636003e-01
1.345999999999999908e+01,3.388114280178080029e-01,-1.654642619569521300e-02,-3.067727996625185249e-01,3.388045496918862254e-01,-1.655057004431648160e-02,-3.067761027765369963e-01,3.532599569886130109e-01,-2.787933935290128062e-02,-3.607959776106401395e-01
1.347000000000000064e+01,3.324476794126802193e-01,-1.693180873012641724e-02,-3.103644337124945585e-01,3.324407726745359781e-01,-1.693587081110028286e-02,-3.103675320446127039e-01,3.499316437786033074e-01,-2.767655912790821515e-02,-3.621343138312683729e-01
1.347999999999999865e+01,3.261999393610134357e-01,-1.732611877388006566e-02,-3.136653298931936784e-01,3.261929982494002900e-01,-1.733000933092919069e-02,-3.136682464622149169e-01,3.477007356281424100e-01,-2.745774377556621515e-02,-3.624822078481902965e-01
1.349000000000000021e+01,3.200634290083299582e-01,-1.775479932432002042e-02,-3.166783326794256892e-01,3.200565156652783183e-01,-1.775838918012585116e-02,-3.166811312576273130e-01,3.460482042398441704e-01,-2.714142108129415087e-02,-3.620081497008438842e-01
1.350000000000000178e+01,3.139898840262108637e-01,-1.845406040353484572e-02,-3.192929723484966842e-01,3.139834950582492401e-01,-1.845773984076771665e-02,-3.192953988561925138e-01,3.452916404768915370e-01,-2.658338817376613983e-02,-3.611448584717906751e-01
1.350999999999999979e+01,3.091432546742841625e-01,-1.903089384347111251e-02,-3.216160576850611852e-01,3.091371063708998057e-01,-1.903458060929223011e-02,-3.216181508020201640e-01,3.455311048801291696e-01,-2.619358120806461465e-02,-3.594105317691448920e-01
1.351999999999999780e+01,3.063805603362416141e-01,-1.908729395897069969e-02,-3.234811352634691661e-01,3.063746483041252522e-01,-1.909103014422619191e-02,-3.234829530907032957e-01,3.468016252992652815e-01,-2.543141553527691889e-02,-3.568656218641947930e-01
1.352999999999999936e+01,3.056349524657728245e-01,-1.884639710693786913e-02,-3.245915712038933698e-01,3.056294207669986163e-01,-1.885012764236596722e-02,-3.245931966208707720e-01,3.490559287362414720e-01,-2.470239444004457274e-02,-3.540127381410834717e-01
1.354000000000000092e+01,3.069232092455085326e-01,-1.836376472869449827e-02,-3.248412134600044965e-01,3.069181993745374593e-01,-1.836742405164377978e-02,-3.248426602359015813e-01,3.522535358838644326e-01,-2.388140538533968515e-02,-3.513744977228365762e-01
1.354999999999999893e+01,3.101643488446502728e-01,-1.767776484235709239e-02,-3.241611915207492367e-01,3.101601200792006852e-01,-1.768137668896058168e-02,-3.241622999520833437e-01,3.571358015749372949e-01,-2.299784525364990950e-02,-3.479179488361529016e-01
1.356000000000000050e+01,3.152015709661993847e-01,-1.682506120434290944e-02,-3.224918993461246552e-01,3.151981000641124742e-01,-1.682865075466755816e-02,-3.224927198294676445e-01,3.632634736940132392e-01,-2.162147132529813887e-02,-3.431767040873885399e-01
1.356999999999999851e+01,3.218409249900405222e-01,-1.584260569107603586e-02,-3.197702631891119474e-01,3.218380024519085780e-01,-1.584619678506743803e-02,-3.197709315312216583e-01,3.679339098195899549e-01,-2.091217484868479470e-02,-3.396727562539502143e-01
1.358000000000000007e+01,3.298877744798410228e-01,-1.476914511078778955e-02,-3.159164237763801286e-01,3.298856267564139189e-01,-1.477282489066853929e-02,-3.159167724163842728e-01,3.714493521718565949e-01,-2.104467375918232797e-02,-3.372927866159460830e-01
1.358999999999999808e+01,3.391699869931346645e-01,-1.364651066044498921e-02,-3.108216960460479794e-01,3.391674892784193318e-01,-1.365024945365544626e-02,-3.108225971475712113e-01,3.866466820182462572e-01,-1.929572374881756425e-02,-3.249718448145533234e-01
1.359999999999999964e+01,3.495311636941135780e-01,-1.251898106101621486e-02,-3.043526499055734802e-01,3.495254902043414824e-01,-1.252259317329192795e-02,-3.043565192105163186e-01,3.941768876606708272e-01,-1.837833123017672265e-02,-3.185340462387608595e-01
1.361000000000000121e+01,3.607910447224796369e-01,-1.142856260796445457e-02,-2.963860630145465636e-01,3.607807096154619364e-01,-1.143182555261412596e-02,-2.963947928796122344e-01,4.059561345143134492e-01,-1.712310602347266730e-02,-3.076118759922626955e-01
1.361999999999999922e+01,3.727034733460526938e-01,-1.040729852453256554e-02,-2.868630118441807264e-01,3.726906366806453375e-01,-1.041037831386716107e-02,-2.868749543816968561e-01,4.191588228649790748e-01,-1.523982184363295578e-02,-2.929775376516325913e-01
1.363000000000000078e+01,3.849530910198128431e-01,-9.472000913424512628e-03,-2.758239983409374041e-01,3.849401628531923247e-01,-9.474907571251274876e-03,-2.758371861649102641e-01,4.295198403769895368e-01,-1.458928059270730992e-02,-2.811399874603529025e-01
1.363999999999999879e+01,3.971948393562703683e-01,-8.625162297740402231e-03,-2.634029711720972111e-01,3.971833414866157153e-01,-8.627905950071453750e-03,-2.634157762620982779e-01,4.394356323884025528e-01,-1.351389767192837099e-02,-2.686296685676778928e-01
1.365000000000000036e+01,4.091041365516245865e-01,-7.860028209935428223e-03,-2.497949666962204496e-01,4.090955080500671692e-01,-7.862677659845553405e-03,-2.498050880367213566e-01,4.477187308686728651e-01,-1.255415514752009076e-02,-2.567441137462824208e-01
1.365999999999999837e+01,4.204106728928439507e-01,-7.165813844349088954e-03,-2.352219322129977808e-01,4.204053189108138411e-01,-7.168513057015967090e-03,-2.352284986478526962e-01,4.568246469801744425e-01,-1.145232990174767373e-02,-2.420156556072539100e-01
1.366999999999999993e+01,4.309108959350430590e-01,-6.531123569684908411e-03,-2.199082804366220278e-01,4.309084550773740752e-01,-6.533937931243936209e-03,-2.199111051523142679e-01,4.642676134365365526e-01,-1.060835731206215271e-02,-2.274757589894771947e-01
1.368000000000000149e+01,4.404659805787628502e-01,-5.945625130391127104e-03,-2.040665456407276812e-01,4.404656998058304462e-01,-5.948561392754530934e-03,-2.040660280806553817e-01,4.704059373977554914e-01,-9.774497610548035786e-03,-2.126412116011039410e-01
1.368999999999999950e+01,4.489929088316906847e-01,-5.400629202150169540e-03,-1.878901104359293750e-01,4.489938875279178565e-01,-5.403654763743592597e-03,-1.878871226942806227e-01,4.763420245714866663e-01,-8.711553937219521093e-03,-1.943037157386027503e-01
1.369999999999999751e+01,4.564535822103802376e-01,-4.889119379015181149e-03,-1.715502308891602712e-01,4.564549453347646057e-01,-4.892196374137969435e-03,-1.715460343768736018e-01,4.804034886925744319e-01,-7.796072475563894932e-03,-1.781440284767112081e-01
1.370999999999999908e+01,4.628444211870230696e-01,-4.405554964777680382e-03,-1.551955176152794436e-01,4.628458257056702885e-01,-4.408705095996752824e-03,-1.551906291056357190e-01,4.826334530770248765e-01,-7.248998970467615544e-03,-1.671873527483971889e-01
1.372000000000000064e+01,4.681874088406424717e-01,-3.945608847965848334e-03,-1.389527613513292237e-01,4.681890789075673909e-01,-3.948910650330814294e-03,-1.389464163682595232e-01,4.864470765129809138e-01,-6.114423777768815405e-03,-1.441798892252143527e-01
1.372999999999999865e+01,4.725227838638085265e-01,-3.505913113445648967e-03,-1.229284514734665379e-01,4.725251553372319946e-01,-3.509425486656250065e-03,-1.229189286560138233e-01,4.884530261191419864e-01,-5.375414121401231315e-03,-1.268316314045936921e-01
1.374000000000000021e+01,4.759032640395579605e-01,-3.083839624994619104e-03,-1.072106087109627875e-01,4.759060189538080743e-01,-3.087562498588960775e-03,-1.071981117190296123e-01,4.898750886980229868e-01,-4.177173880596823929e-03,-9.856830320559775704e-02
1.375000000000000178e+01,4.783895714493167084e-01,-2.677321981011649386e-03,-9.187071382774908423e-02,4.783917751686520003e-01,-2.681206952436433321e-03,-9.185821241441619045e-02,4.899242852631051637e-01,-3.245105446692625462e-03,-7.823625220671404090e-02
1.375999999999999979e+01,4.800470174884099439e-01,-2.284716292922015640e-03,-7.696560864638135602e-02,4.800484543463620635e-01,-2.288738825222929284e-03,-7.695433781882200786e-02,4.894035290116318659e-01,-2.433812755012809692e-03,-6.360146472956934582e-02
1.376999999999999780e+01,4.809429305845364655e-01,-1.904694927756067678e-03,-6.253930190185351401e-02,4.809438217605627175e-01,-1.908819469961845232e-03,-6.252871466052017935e-02,4.885021575192062260e-01,-1.338851010138530917e-03,-4.835423276468325815e-02
1.377999999999999936e+01,4.811447452463928909e-01,-1.536167019875532818e-03,-4.862464576939825450e-02,4.811450696392947646e-01,-1.540348149725699698e-03,-4.861540294182671584e-02,4.871779638204742913e-01,-8.021355410342406733e-04,-3.465826911297903434e-02
1.379000000000000092e+01,4.807186062779337243e-01,-1.178219780482035219e-03,-3.524486856323304912e-02,4.807185222125833213e-01,-1.182400621611507828e-03,-3.523643307717487516e-02,4.853275817966086203e-01,-5.003086519969612844e-04,-2.084287047443345031e-02
1.379999999999999893e+01,4.797283725045242697e-01,-8.300758066929617759e-04,-2.241496063726655316e-02,4.797280541084981698e-01,-8.341623426354500149e-04,-2.240604992994618683e-02,4.835922784349754311e-01,4.290030210998968530e-04,-1.040763789962334540e-02
1.381000000000000050e+01,4.782349293167241777e-01,-4.910623257067470637e-04,-1.014291706268059118e-02,4.782343031889885743e-01,-4.950161970103636759e-04,-1.013446479220693128e-02,4.815377944236554075e-01,1.139120942750412868e-03,3.131859388914581821e-04
1.381999999999999851e+01,4.762957391361222759e-01,-1.605892055317613594e-04,1.569155727187908876e-03,4.762948662853137005e-01,-1.643497971300801456e-04,1.577615016904273214e-03,4.799079509784603959e-01,1.647818859853877882e-03,8.174221859776675814e-03
1.383000000000000007e+01,4.739645743872889505e-01,1.618666761765867666e-04,1.272406029499586512e-02,4.739634555900874568e-01,1.582812713431281672e-04,1.273132191466784871e-02,4.790960163741672106e-01,1.916255512638756486e-03,1.174229426640127638e-02
1.383999999999999808e+01,4.712913895872929970e-01,4.767724004140412608e-04,2.332864574152443415e-02,4.712900813272231648e-01,4.733623095977938658e-04,2.333481740851466035e-02,4.782844609879874920e-01,2.184742808297460148e-03,1.531044891473221092e-02
