t,x,z
0.000000000000000000e+00,3.673940397442059498e-17,5.999999999999999778e-01
1.000000000000000021e-03,-6.639663346468995320e-06,5.999999999903091741e-01
2.000000000000000042e-03,-2.295783058566963302e-05,5.999999999459422195e-01
3.000000000000000062e-03,-4.752373418593785370e-05,5.999999999460781108e-01
4.000000000000000083e-03,-7.980713365832678723e-05,6.000000000713402448e-01
5.000000000000000104e-03,-1.241244337878504543e-04,6.000002765235452618e-01
6.000000000000000125e-03,-1.848115249116857623e-04,6.000007115329023533e-01
7.000000000000000146e-03,-2.581341642318373637e-04,6.000010902733061702e-01
8.000000000000000167e-03,-3.423443330005514641e-04,6.000014167511855678e-01
9.000000000000001055e-03,-4.366363674483210227e-04,6.000016959154540475e-01
1.000000000000000021e-02,-5.407528961244439936e-04,6.000019327421685089e-01
1.099999999999999936e-02,-6.547515889276705938e-04,6.000021314844932174e-01
1.200000000000000025e-02,-7.788674448218934395e-04,6.000022951503546365e-01
1.300000000000000114e-02,-9.134315106947144122e-04,6.000024251876994175e-01
1.400000000000000029e-02,-1.058822938901075438e-03,6.000025213363966436e-01
1.499999999999999944e-02,-1.215440748403724550e-03,6.000025816034599835e-01
1.600000000000000033e-02,-1.383687236644208333e-03,6.000026023208582249e-01
1.700000000000000122e-02,-1.563958286517149257e-03,6.000025782502698135e-01
1.800000000000000211e-02,-1.756637758867348213e-03,6.000025027058760729e-01
1.899999999999999953e-02,-1.962094310651213685e-03,6.000023676718656551e-01
2.000000000000000042e-02,-2.180679657081984347e-03,6.000021638987580452e-01
2.100000000000000130e-02,-2.412727697269407504e-03,6.000018809680416343e-01
2.199999999999999872e-02,-2.658554159191205829e-03,6.000015073202196181e-01
2.299999999999999961e-02,-2.918456559817732797e-03,6.000010302455260902e-01
2.400000000000000050e-02,-3.192714358864215396e-03,6.000004358400239379e-01
2.500000000000000139e-02,-3.481589233083603845e-03,5.999997089319697441e-01
2.600000000000000228e-02,-3.785325427399013724e-03,5.999988329848122692e-01
2.699999999999999969e-02,-4.104150155798846032e-03,5.999977899837265483e-01
2.800000000000000058e-02,-4.438274035410663849e-03,5.999965603126327096e-01
2.900000000000000147e-02,-4.787891542951274067e-03,5.999951226280222372e-01
2.999999999999999889e-02,-5.153181486575297149e-03,5.999934537352660247e-01
3.099999999999999978e-02,-5.534307488148933196e-03,5.999915284719001818e-01
3.200000000000000067e-02,-5.931418472498280886e-03,5.999893196013770247e-01
3.300000000000000155e-02,-6.344649160834990240e-03,5.999867977198307667e-01
3.400000000000000244e-02,-6.774120566259260630e-03,5.999839311772754424e-01
3.500000000000000333e-02,-7.219940489518523151e-03,5.999806860139762499e-01
3.600000000000000422e-02,-7.682204013481559388e-03,5.999770259119570071e-01
3.699999999999999817e-02,-8.160993994975827490e-03,5.999729121612207283e-01
3.799999999999999906e-02,-8.656381552800816725e-03,5.999683036397536195e-01
3.899999999999999994e-02,-9.168426550815515080e-03,5.999631568062819831e-01
4.000000000000000083e-02,-9.697178075191346946e-03,5.999574257045254821e-01
4.100000000000000172e-02,-1.024267490488579152e-02,5.999510619777599363e-01
4.200000000000000261e-02,-1.080494597463618062e-02,5.999440148924862770e-01
4.300000000000000350e-02,-1.138401082968621206e-02,5.999362313700657978e-01
4.399999999999999745e-02,-1.197988007171770473e-02,5.999276560253388180e-01
4.499999999999999833e-02,-1.259255579534246730e-02,5.999182312113378046e-01
4.599999999999999922e-02,-1.322203201473037999e-02,5.999078970692861557e-01
4.700000000000000011e-02,-1.386829507992416374e-02,5.998965915832481510e-01
4.800000000000000100e-02,-1.453132408247470586e-02,5.998842506388220031e-01
4.900000000000000189e-02,-1.521109125010327440e-02,5.998708080853676350e-01
5.000000000000000278e-02,-1.590756233013582849e-02,5.998561958013157724e-01
5.100000000000000366e-02,-1.662069696147798481e-02,5.998403437621580014e-01
5.200000000000000455e-02,-1.735044903501496011e-02,5.998231801107145600e-01
5.299999999999999850e-02,-1.809676704227534960e-02,5.998046312293171534e-01
5.399999999999999939e-02,-1.885959441231870037e-02,5.997846218135540752e-01
5.500000000000000028e-02,-1.963886983678263254e-02,5.997630749472214751e-01
5.600000000000000117e-02,-2.043452758309090983e-02,5.997399121781255005e-01
5.700000000000000205e-02,-2.124649779585311218e-02,5.997150535943864824e-01
5.800000000000000294e-02,-2.207470678648695839e-02,5.996884179009263072e-01
5.900000000000000383e-02,-2.291907731116309827e-02,5.996599224957617214e-01
5.999999999999999778e-02,-2.377952883716059548e-02,5.996294835458109151e-01
6.099999999999999867e-02,-2.465597779774649639e-02,5.995970160618964151e-01
6.199999999999999956e-02,-2.554833783573581124e-02,5.995624339726232099e-01
6.300000000000000044e-02,-2.645652003587194157e-02,5.995256501968926344e-01
6.400000000000000133e-02,-2.738043314619987428e-02,5.994865767147579128e-01
6.500000000000000222e-02,-2.831998378862827376e-02,5.994451246364267405e-01
6.600000000000000311e-02,-2.927507665885808325e-02,5.994012042691589937e-01
6.700000000000000400e-02,-3.024561471590161282e-02,5.993547251819313360e-01
6.800000000000000488e-02,-3.123149936138617383e-02,5.993055962676575588e-01
6.900000000000000577e-02,-3.223263060888502396e-02,5.992537258028673985e-01
7.000000000000000666e-02,-3.324890724350087340e-02,5.991990215047195978e-01
7.100000000000000755e-02,-3.428022697193128243e-02,5.991413905852822630e-01
7.200000000000000844e-02,-3.532648656325614034e-02,5.990807398029833752e-01
7.299999999999999545e-02,-3.638758198070650429e-02,5.990169755112229044e-01
7.399999999999999634e-02,-3.746340850465146310e-02,5.989500037041219915e-01
7.499999999999999722e-02,-3.855386084705684363e-02,5.988797300593683426e-01
7.599999999999999811e-02,-3.965883325766532408e-02,5.988060599782197846e-01
7.699999999999999900e-02,-4.077821962217213769e-02,5.987288986226653176e-01
7.799999999999999989e-02,-4.191191355262029183e-02,5.986481509497815212e-01
7.900000000000000078e-02,-4.305980847029998448e-02,5.985637217433601442e-01
8.000000000000000167e-02,-4.422179768139810480e-02,5.984755156428689382e-01
8.100000000000000255e-02,-4.539777444564403741e-02,5.983834371698011356e-01
8.200000000000000344e-02,-4.658763203822498256e-02,5.982873907515428025e-01
8.300000000000000433e-02,-4.779126380521487444e-02,5.981872807428181282e-01
8.400000000000000522e-02,-4.900856321276333277e-02,5.980830114448459911e-01
8.500000000000000611e-02,-5.023942389031394590e-02,5.979744871222982816e-01
8.600000000000000699e-02,-5.148373966807624769e-02,5.978616120182080884e-01
8.700000000000000788e-02,-5.274140460902305982e-02,5.977442903669150098e-01
8.799999999999999489e-02,-5.401231303564270336e-02,5.976224264052223401e-01
8.899999999999999578e-02,-5.529635955168436812e-02,5.974959243818617205e-01
8.999999999999999667e-02,-5.659343905915675821e-02,5.973646885654230188e-01
9.099999999999999756e-02,-5.790344677079027613e-02,5.972286232508798864e-01
9.199999999999999845e-02,-5.922627821821896399e-02,5.970876327648751980e-01
9.299999999999999933e-02,-6.056182925609282508e-02,5.969416214698590739e-01
9.400000000000000022e-02,-6.190999606236820274e-02,5.967904937672807719e-01
9.500000000000000111e-02,-6.327067513497811047e-02,5.966341540999278159e-01
9.600000000000000200e-02,-6.464376328511774183e-02,5.964725069535845581e-01
9.700000000000000289e-02,-6.602915762735926675e-02,5.963054568581325210e-01
9.800000000000000377e-02,-6.742675556679834925e-02,5.961329083882220825e-01
9.900000000000000466e-02,-6.883645478345574997e-02,5.959547661636661608e-01
1.000000000000000056e-01,-7.025815321412180736e-02,5.957709348496711410e-01
1.010000000000000064e-01,-7.169174903185458747e-02,5.955813191570369369e-01
1.020000000000000073e-01,-7.313714062332876686e-02,5.953858238424230009e-01
1.030000000000000082e-01,-7.459422656421299536e-02,5.951843537088401526e-01
1.040000000000000091e-01,-7.606290559276782104e-02,5.949768136064197410e-01
1.049999999999999961e-01,-7.754307658185581598e-02,5.947631084336020280e-01
1.059999999999999970e-01,-7.903463850952829883e-02,5.945431431388394916e-01
1.069999999999999979e-01,-8.053749042834498773e-02,5.943168227228617928e-01
1.079999999999999988e-01,-8.205153143363824730e-02,5.940840522416583891e-01
1.089999999999999997e-01,-8.357666063081432839e-02,5.938447368101660295e-01
1.100000000000000006e-01,-8.511277710192632906e-02,5.935987816068033496e-01
1.110000000000000014e-01,-8.665977987158177132e-02,5.933460918788903138e-01
1.120000000000000023e-01,-8.821756787240471465e-02,5.930865729489712690e-01
1.130000000000000032e-01,-8.978603991013678343e-02,5.928201302221375313e-01
1.140000000000000041e-01,-9.136509462852898666e-02,5.925466691943748199e-01
1.150000000000000050e-01,-9.295463047415558622e-02,5.922660954619476392e-01
1.160000000000000059e-01,-9.455454566125229277e-02,5.919783147318524730e-01
1.170000000000000068e-01,-9.616473813670525783e-02,5.916832328333884172e-01
1.180000000000000077e-01,-9.778510554529597221e-02,5.913807557308128349e-01
1.190000000000000085e-01,-9.941554519529120781e-02,5.910707895370990173e-01
1.199999999999999956e-01,-1.010559540244817811e-01,5.907532405288234978e-01
1.209999999999999964e-01,-1.027062285667671299e-01,5.904280151621200678e-01
1.219999999999999973e-01,-1.043662649193523306e-01,5.900950200897464581e-01
1.229999999999999982e-01,-1.060359587106342871e-01,5.897541621791815292e-01
1.239999999999999991e-01,-1.077152050688579277e-01,5.894053485317989338e-01
1.250000000000000000e-01,-1.094038985916085949e-01,5.890484865030048978e-01
1.260000000000000009e-01,-1.111019333161671618e-01,5.886834837233919648e-01
1.270000000000000018e-01,-1.128092026908293077e-01,5.883102481207880263e-01
1.280000000000000027e-01,-1.145255995471902433e-01,5.879286879432270574e-01
1.290000000000000036e-01,-1.162510160734702147e-01,5.875387117827468586e-01
1.300000000000000044e-01,-1.179853437888956497e-01,5.871402286000098059e-01
1.310000000000000053e-01,-1.197284735191615074e-01,5.867331477496219305e-01
1.320000000000000062e-01,-1.214802953730329538e-01,5.863173790062108370e-01
1.330000000000000071e-01,-1.232406987200637682e-01,5.858928325910661705e-01
1.340000000000000080e-01,-1.250095721694814144e-01,5.854594191994419994e-01
1.350000000000000089e-01,-1.267868035502261181e-01,5.850170500283123909e-01
1.360000000000000098e-01,-1.285722798921895282e-01,5.845656368046325824e-01
1.370000000000000107e-01,-1.303658874085776853e-01,5.841050918139916170e-01
1.380000000000000115e-01,-1.321675114795023420e-01,5.836353279296375707e-01
1.390000000000000124e-01,-1.339770366367186993e-01,5.831562586417533556e-01
1.400000000000000133e-01,-1.357943465495251856e-01,5.826677980870147433e-01
1.410000000000000142e-01,-1.376193240118097350e-01,5.821698610783152539e-01
1.420000000000000151e-01,-1.394518509303061260e-01,5.816623631345643197e-01
1.430000000000000160e-01,-1.412918083138265113e-01,5.811452205106493185e-01
1.440000000000000169e-01,-1.431390762638061198e-01,5.806183502274000485e-01
1.449999999999999900e-01,-1.449935339657025257e-01,5.800816701014186449e-01
1.459999999999999909e-01,-1.468550596818217202e-01,5.795350987750250704e-01
1.469999999999999918e-01,-1.487235307723119848e-01,5.789785557351108114e-01
1.479999999999999927e-01,-1.505988292375794457e-01,5.784119595735461861e-01
1.489999999999999936e-01,-1.524808134671984949e-01,5.778352369510221243e-01
1.499999999999999944e-01,-1.543693627309342675e-01,5.772483085566781913e-01
1.509999999999999953e-01,-1.562643531144214393e-01,5.766510968097956491e-01
1.519999999999999962e-01,-1.581656587054825758e-01,5.760435254719628029e-01
1.529999999999999971e-01,-1.600731520278806663e-01,5.754255195353243924e-01
1.539999999999999980e-01,-1.619867042975795812e-01,5.747970051666086988e-01
1.549999999999999989e-01,-1.639061855748353835e-01,5.741579096851123776e-01
1.559999999999999998e-01,-1.658314648551098558e-01,5.735081615605414074e-01
1.570000000000000007e-01,-1.677624101242726207e-01,5.728476904229097277e-01
1.580000000000000016e-01,-1.696988883930771186e-01,5.721764270794285068e-01
1.590000000000000024e-01,-1.716407657196301340e-01,5.714943035351831568e-01
1.600000000000000033e-01,-1.735879072251300947e-01,5.708012530160757603e-01
1.610000000000000042e-01,-1.755401771058182070e-01,5.700972099926806536e-01
1.620000000000000051e-01,-1.774974386430338558e-01,5.693821102044430704e-01
1.630000000000000060e-01,-1.794595542123240128e-01,5.686558906838828920e-01
1.640000000000000069e-01,-1.814263852923194698e-01,5.679184897805096277e-01
1.650000000000000078e-01,-1.833977924736117648e-01,5.671698471843173994e-01
1.660000000000000087e-01,-1.853736354680290410e-01,5.664099039489460807e-01
1.670000000000000095e-01,-1.873537731182252641e-01,5.656386025142969842e-01
1.680000000000000104e-01,-1.893380634078413727e-01,5.648558867288014929e-01
1.690000000000000113e-01,-1.913263634721962259e-01,5.640617018712446029e-01
1.700000000000000122e-01,-1.933185296095274452e-01,5.632559946721997779e-01
1.710000000000000131e-01,-1.953144172928505673e-01,5.624387133351163026e-01
1.720000000000000140e-01,-1.973138811824360905e-01,5.616098075571150927e-01
1.730000000000000149e-01,-1.993167751388460474e-01,5.607692285493810491e-01
1.740000000000000158e-01,-2.013229522366466184e-01,5.599169290573692281e-01
1.750000000000000167e-01,-2.033322647786839910e-01,5.590528633806624015e-01
1.759999999999999898e-01,-2.053445643110226593e-01,5.581769873926150094e-01
1.769999999999999907e-01,-2.073597016384396974e-01,5.572892585596818105e-01
1.779999999999999916e-01,-2.093775268405833057e-01,5.563896359605657871e-01
1.789999999999999925e-01,-2.113978892887052874e-01,5.554780803050898275e-01
1.799999999999999933e-01,-2.134206376630177759e-01,5.545545539528291545e-01
1.809999999999999942e-01,-2.154456199706224762e-01,5.536190209315101640e-01
1.819999999999999951e-01,-2.174726835640666267e-01,5.526714469551929909e-01
1.829999999999999960e-01,-2.195016751604788596e-01,5.517117994422080507e-01
1.839999999999999969e-01,-2.215324408612928675e-01,5.507400475328622091e-01
1.849999999999999978e-01,-2.235648261725463604e-01,5.497561621069111393e-01
1.859999999999999987e-01,-2.255986760257900625e-01,5.487601158008236224e-01
1.869999999999999996e-01,-2.276338347995329747e-01,5.477518830247618542e-01
1.880000000000000004e-01,-2.296701463412880451e-01,5.467314399793934410e-01
1.890000000000000013e-01,-2.317074539901605723e-01,5.456987646723938656e-01
1.900000000000000022e-01,-2.337456006000119269e-01,5.446538369347633246e-01
1.910000000000000031e-01,-2.357844285631487402e-01,5.435966384368520199e-01
1.920000000000000040e-01,-2.378237798345619880e-01,5.425271527041399811e-01
1.930000000000000049e-01,-2.398634959567093050e-01,5.414453651327639783e-01
1.940000000000000058e-01,-2.419034180847805804e-01,5.403512630047426768e-01
1.950000000000000067e-01,-2.439433870125071180e-01,5.392448355029493268e-01
1.960000000000000075e-01,-2.459832431984276535e-01,5.381260737257489435e-01
1.970000000000000084e-01,-2.480228267926604946e-01,5.369949707013659257e-01
1.980000000000000093e-01,-2.500619776641096470e-01,5.358515214018919615e-01
1.990000000000000102e-01,-2.521005354281390942e-01,5.346957227569826276e-01
2.000000000000000111e-01,-2.541383394746583591e-01,5.335275736672048241e-01
2.010000000000000120e-01,-2.561752289966143792e-01,5.323470750169938537e-01
2.020000000000000129e-01,-2.582110430188739869e-01,5.311542296872571178e-01
2.030000000000000138e-01,-2.602456204274811169e-01,5.299490425675780214e-01
2.040000000000000147e-01,-2.622787999992365893e-01,5.287315205679958829e-01
2.050000000000000155e-01,-2.643104204316205630e-01,5.275016726303708436e-01
2.060000000000000164e-01,-2.663403203730029811e-01,5.262595097393094612e-01
2.070000000000000173e-01,-2.683683384531383442e-01,5.250050449326382207e-01
2.080000000000000182e-01,-2.703943133139090627e-01,5.237382933114019812e-01
2.089999999999999913e-01,-2.724180836402915196e-01,5.224592720493747011e-01
2.099999999999999922e-01,-2.744394881915425133e-01,5.211680004020946555e-01
2.109999999999999931e-01,-2.764583658325626692e-01,5.198644997153776259e-01
2.119999999999999940e-01,-2.784745555654074556e-01,5.185487934333086191e-01
2.129999999999999949e-01,-2.804878965609463592e-01,5.172209071057112251e-01
2.139999999999999958e-01,-2.824982281906359693e-01,5.158808683950839580e-01
2.149999999999999967e-01,-2.845053900583705553e-01,5.145287070829640541e-01
2.159999999999999976e-01,-2.865092220324073624e-01,5.131644550757576972e-01
2.169999999999999984e-01,-2.885095642773480851e-01,5.117881464099964806e-01
2.179999999999999993e-01,-2.905062572861293879e-01,5.103998172570161085e-01
2.190000000000000002e-01,-2.924991419120340219e-01,5.089995059270754352e-01
2.200000000000000011e-01,-2.944880594006836216e-01,5.075872528728769817e-01
2.210000000000000020e-01,-2.964728514220079658e-01,5.061631006925201293e-01
2.220000000000000029e-01,-2.984533601021578386e-01,5.047270941318472426e-01
2.230000000000000038e-01,-3.004294280553720387e-01,5.032792800862286864e-01
2.240000000000000047e-01,-3.024008984157465774e-01,5.018197076017238967e-01
2.250000000000000056e-01,-3.043676148689401506e-01,5.003484278756924475e-01
2.260000000000000064e-01,-3.063294216837524342e-01,4.988654942567771755e-01
2.270000000000000073e-01,-3.082861637436143942e-01,4.973709622443345246e-01
2.280000000000000082e-01,-3.102376865779315485e-01,4.958648894872545454e-01
2.290000000000000091e-01,-3.121838363933187033e-01,4.943473357822115721e-01
2.300000000000000100e-01,-3.141244601046789264e-01,4.928183630713321994e-01
2.310000000000000109e-01,-3.160594053661499592e-01,4.912780354392917159e-01
2.320000000000000118e-01,-3.179885206018883692e-01,4.897264191098278374e-01
2.330000000000000127e-01,-3.199116550367149814e-01,4.881635824417080993e-01
2.340000000000000135e-01,-3.218286587265862253e-01,4.865895959241143265e-01
2.350000000000000144e-01,-3.237393825889166576e-01,4.850045321714849811e-01
2.360000000000000153e-01,-3.256436784327254585e-01,4.834084659178012888e-01
2.370000000000000162e-01,-3.275413989886452049e-01,4.818014740103259141e-01
2.380000000000000171e-01,-3.294323979387336898e-01,4.801836354028016784e-01
2.390000000000000180e-01,-3.313165299461548474e-01,4.785550311481274188e-01
2.399999999999999911e-01,-3.331936506846717716e-01,4.769157443904785687e-01
2.409999999999999920e-01,-3.350636168679959614e-01,4.752658603569311357e-01
2.419999999999999929e-01,-3.369262862789668134e-01,4.736054663485483873e-01
2.429999999999999938e-01,-3.387815177985770143e-01,4.719346517309637168e-01
2.439999999999999947e-01,-3.406291714348391730e-01,4.702535079244467564e-01
2.449999999999999956e-01,-3.424691083514994627e-01,4.685621283934719439e-01
2.459999999999999964e-01,-3.443011908965953882e-01,4.668606086357842688e-01
2.469999999999999973e-01,-3.461252826308658381e-01,4.651490461709709145e-01
2.479999999999999982e-01,-3.479412483559956026e-01,4.634275405285331884e-01
2.489999999999999991e-01,-3.497489541427347692e-01,4.616961932354830545e-01
2.500000000000000000e-01,-3.515482673588362084e-01,4.599551078034423424e-01
2.510000000000000009e-01,-3.533390566968701574e-01,4.582043897152704437e-01
2.520000000000000018e-01,-3.551211922018681078e-01,4.564441464112025670e-01
2.530000000000000027e-01,-3.568945452988211420e-01,4.546744872745221988e-01
2.540000000000000036e-01,-3.586589888200208964e-01,4.528955236167501730e-01
2.550000000000000044e-01,-3.604143970322378765e-01,4.511073686623655044e-01
2.560000000000000053e-01,-3.621606456637418425e-01,4.493101375330588176e-01
2.570000000000000062e-01,-3.638976119311503332e-01,4.475039472315120448e-01
2.580000000000000071e-01,-3.656251745661078800e-01,4.456889166247177680e-01
2.590000000000000080e-01,-3.673432138417785375e-01,4.438651664268295494e-01
2.600000000000000089e-01,-3.690516115991557822e-01,4.420328191815500740e-01
2.610000000000000098e-01,-3.707502512731827293e-01,4.401919992440601614e-01
2.620000000000000107e-01,-3.724390179186481964e-01,4.383428327624849241e-01
2.630000000000000115e-01,-3.741177982358967480e-01,4.364854476589052901e-01
2.640000000000000124e-01,-3.757864805962849442e-01,4.346199736099083943e-01
2.650000000000000133e-01,-3.774449550674272569e-01,4.327465420266941587e-01
2.660000000000000142e-01,-3.790931134381698153e-01,4.308652860347130797e-01
2.670000000000000151e-01,-3.807308492433256197e-01,4.289763404528762480e-01
2.680000000000000160e-01,-3.823580577881150466e-01,4.270798417722964091e-01
2.690000000000000169e-01,-3.839746361723297419e-01,4.251759281346017549e-01
2.700000000000000178e-01,-3.855804833141949217e-01,4.232647393098035171e-01
2.710000000000000187e-01,-3.871754999739005498e-01,4.213464166737204142e-01
2.720000000000000195e-01,-3.887595887768158787e-01,4.194211031849804927e-01
2.730000000000000204e-01,-3.903326542363440566e-01,4.174889433615854850e-01
2.740000000000000213e-01,-3.918946027764196316e-01,4.155500832570551140e-01
2.750000000000000222e-01,-3.934453427536162007e-01,4.136046704361504012e-01
2.760000000000000231e-01,-3.949847844788660356e-01,4.116528539501795869e-01
2.770000000000000240e-01,-3.965128402387700368e-01,4.096947843119054800e-01
2.780000000000000249e-01,-3.980294243164659851e-01,4.077306134700383611e-01
2.790000000000000258e-01,-3.995344530120704118e-01,4.057604947833403086e-01
2.800000000000000266e-01,-4.010278446626453497e-01,4.037845829943415010e-01
2.810000000000000275e-01,-4.025095196617025084e-01,4.018030342026694957e-01
2.820000000000000284e-01,-4.039794004782077952e-01,3.998160058380122450e-01
2.830000000000000293e-01,-4.054374116750931734e-01,3.978236566327079116e-01
2.840000000000000302e-01,-4.068834799272403879e-01,3.958261465939841850e-01
2.850000000000000311e-01,-4.083175340389361141e-01,3.938236369758449928e-01
2.860000000000000320e-01,-4.097395049607871487e-01,3.918162902506178158e-01
2.870000000000000329e-01,-4.111493258060705536e-01,3.898042700801717109e-01
2.880000000000000338e-01,-4.125469318665201390e-01,3.877877412868158125e-01
2.889999999999999791e-01,-4.139322606275330774e-01,3.857668698238863048e-01
2.899999999999999800e-01,-4.153052517827845458e-01,3.837418227460303033e-01
2.909999999999999809e-01,-4.166658472482385189e-01,3.817127681792030769e-01
2.919999999999999818e-01,-4.180139911755563764e-01,3.796798752903809415e-01
2.929999999999999827e-01,-4.193496299648814540e-01,3.776433142570085888e-01
2.939999999999999836e-01,-4.206727122769970961e-01,3.756032562361837357e-01
2.949999999999999845e-01,-4.219831890448599854e-01,3.735598733335965815e-01
2.959999999999999853e-01,-4.232810134844836036e-01,3.715133385722306780e-01
2.969999999999999862e-01,-4.245661411051792067e-01,3.694638258608349268e-01
2.979999999999999871e-01,-4.258385297191561447e-01,3.674115099621841907e-01
2.989999999999999880e-01,-4.270981394504507755e-01,3.653565664611324593e-01
2.999999999999999889e-01,-4.283449327432102827e-01,3.632991717324755565e-01
3.009999999999999898e-01,-4.295788743693080836e-01,3.612395029086243881e-01
3.019999999999999907e-01,-4.307999314352944920e-01,3.591777378471159299e-01
3.029999999999999916e-01,-4.320080733886840774e-01,3.571140550979580164e-01
3.039999999999999925e-01,-4.332032720235636791e-01,3.550486338708225276e-01
3.049999999999999933e-01,-4.343855014855458885e-01,3.529816540021075699e-01
3.059999999999999942e-01,-4.355547382760318054e-01,3.509132959218629888e-01
3.069999999999999951e-01,-4.367109612558184861e-01,3.488437406206071900e-01
3.079999999999999960e-01,-4.378541516480197737e-01,3.467731696160300525e-01
3.089999999999999969e-01,-4.389842930403216603e-01,3.447017649196080225e-01
3.099999999999999978e-01,-4.401013713865592480e-01,3.426297090031292236e-01
3.109999999999999987e-01,-4.412053750076282976e-01,3.405571847651486794e-01
3.119999999999999996e-01,-4.422962945917129907e-01,3.384843754973766994e-01
3.130000000000000004e-01,-4.433741231938518323e-01,3.364114648510207473e-01
3.140000000000000013e-01,-4.444388562348237093e-01,3.343386368030821232e-01
3.150000000000000022e-01,-4.454904914993720322e-01,3.322660756226214485e-01
3.160000000000000031e-01,-4.465290291337447037e-01,3.301939658370082742e-01
3.170000000000000040e-01,-4.475544716425827185e-01,3.281224921981594211e-01
3.180000000000000049e-01,-4.485668238851217016e-01,3.260518396487783188e-01
3.190000000000000058e-01,-4.495660930707411351e-01,3.239821932886132738e-01
3.200000000000000067e-01,-4.505522887538337962e-01,3.219137383407285058e-01
3.210000000000000075e-01,-4.515254228280183302e-01,3.198466601178265867e-01
3.220000000000000084e-01,-4.524855095196765875e-01,3.177811439886004674e-01
3.230000000000000093e-01,-4.534325653808349843e-01,3.157173753441547270e-01
3.240000000000000102e-01,-4.543666092813785640e-01,3.136555395644914923e-01
3.250000000000000111e-01,-4.552876624005922079e-01,3.115958219850758493e-01
3.260000000000000120e-01,-4.561957482180539203e-01,3.095384078634959568e-01
3.270000000000000129e-01,-4.570908925038487114e-01,3.074834823462219702e-01
3.280000000000000138e-01,-4.579731233081378861e-01,3.054312304354849239e-01
3.290000000000000147e-01,-4.588424709500488197e-01,3.033818369562792938e-01
3.300000000000000155e-01,-4.596989680059150318e-01,3.013354865235056135e-01
3.310000000000000164e-01,-4.605426492968541230e-01,2.992923635092631929e-01
3.320000000000000173e-01,-4.613735518756797438e-01,2.972526520103040415e-01
3.330000000000000182e-01,-4.621917150131688024e-01,2.952165358156619845e-01
3.340000000000000191e-01,-4.629971801836486600e-01,2.931841983744700730e-01
3.350000000000000200e-01,-4.637899910499512224e-01,2.911558227639738927e-01
3.360000000000000209e-01,-4.645701934476952344e-01,2.891315916577568701e-01
3.370000000000000218e-01,-4.653378353689197056e-01,2.871116872941896214e-01
3.380000000000000226e-01,-4.660929669450654123e-01,2.850962914451109498e-01
3.390000000000000235e-01,-4.668356404293049211e-01,2.830855853847589754e-01
3.400000000000000244e-01,-4.675659101782252414e-01,2.810797498589596155e-01
3.410000000000000253e-01,-4.682838326328585543e-01,2.790789650545876244e-01
3.420000000000000262e-01,-4.689894662990780061e-01,2.770834105693070759e-01
3.430000000000000271e-01,-4.696828717273462406e-01,2.750932653816101081e-01
3.440000000000000280e-01,-4.703641114918285515e-01,2.731087078211629215e-01
3.450000000000000289e-01,-4.710332501688715423e-01,2.711299155394624738e-01
3.460000000000000298e-01,-4.716903543148566191e-01,2.691570654808291829e-01
3.470000000000000306e-01,-4.723354924434151059e-01,2.671903338537398587e-01
3.480000000000000315e-01,-4.729687350020390091e-01,2.652298961025061907e-01
3.490000000000000324e-01,-4.735901543480648956e-01,2.632759268793187224e-01
3.500000000000000333e-01,-4.741998247240479802e-01,2.613286000166662459e-01
3.510000000000000342e-01,-4.747978222325357489e-01,2.593880885001306202e-01
3.519999999999999796e-01,-4.753842248102409518e-01,2.574545644415816015e-01
3.529999999999999805e-01,-4.759591122016212372e-01,2.555281990527667468e-01
3.539999999999999813e-01,-4.765225659318740870e-01,2.536091626193200943e-01
3.549999999999999822e-01,-4.770746692793575994e-01,2.516976244751862324e-01
3.559999999999999831e-01,-4.776155072474369545e-01,2.497937529774765519e-01
3.569999999999999840e-01,-4.781451665357702718e-01,2.478977154817612050e-01
3.579999999999999849e-01,-4.786637355110437975e-01,2.460096783178114255e-01
3.589999999999999858e-01,-4.791713041771561987e-01,2.441298067657870219e-01
3.599999999999999867e-01,-4.796679641448781117e-01,2.422582650328942433e-01
3.609999999999999876e-01,-4.801538086009706774e-01,2.403952162305080242e-01
3.619999999999999885e-01,-4.806289322768014238e-01,2.385408223517647974e-01
3.629999999999999893e-01,-4.810934314164506675e-01,2.366952442496427778e-01
3.639999999999999902e-01,-4.815474037443123745e-01,2.348586416155245549e-01
3.649999999999999911e-01,-4.819909484322293935e-01,2.330311729582528746e-01
3.659999999999999920e-01,-4.824241660661318654e-01,2.312129955836870199e-01
3.669999999999999929e-01,-4.828471586122305426e-01,2.294042655747559611e-01
3.679999999999999938e-01,-4.832600293827532534e-01,2.276051377720219315e-01
3.689999999999999947e-01,-4.836628830012340008e-01,2.258157657547552599e-01
3.699999999999999956e-01,-4.840558253673860611e-01,2.240363018225208502e-01
3.709999999999999964e-01,-4.844389636215488126e-01,2.222668969772841341e-01
3.719999999999999973e-01,-4.848124061087372150e-01,2.205077009060385229e-01
3.729999999999999982e-01,-4.851762623422983256e-01,2.187588619639537491e-01
3.739999999999999991e-01,-4.855306429671818469e-01,2.170205271580541995e-01
3.750000000000000000e-01,-4.858756597228566232e-01,2.152928421314221630e-01
3.760000000000000009e-01,-4.862114254058612084e-01,2.135759511479287664e-01
3.770000000000000018e-01,-4.865380538320218662e-01,2.118699970775004826e-01
3.780000000000000027e-01,-4.868556597983362266e-01,2.101751213819141595e-01
3.790000000000000036e-01,-4.871643590445465799e-01,2.084914641011258452e-01
3.800000000000000044e-01,-4.874642682144076367e-01,2.068191638401327692e-01
3.810000000000000053e-01,-4.877555048166684615e-01,2.051583577563662331e-01
3.820000000000000062e-01,-4.880381871857740750e-01,2.035091815476206822e-01
3.830000000000000071e-01,-4.883124344423117602e-01,2.018717694405139096e-01
3.840000000000000080e-01,-4.885783664531988535e-01,2.002462541794769180e-01
3.850000000000000089e-01,-4.888361037916433283e-01,1.986327670162774672e-01
3.860000000000000098e-01,-4.890857676968760614e-01,1.970314377000709494e-01
3.870000000000000107e-01,-4.893274800336783192e-01,1.954423944679787306e-01
3.880000000000000115e-01,-4.895613632517084035e-01,1.938657640361932666e-01
3.890000000000000124e-01,-4.897875403446517173e-01,1.923016715916050223e-01
3.900000000000000133e-01,-4.900061348091993008e-01,1.907502407839518077e-01
3.910000000000000142e-01,-4.902172706038692152e-01,1.892115937184848384e-01
3.920000000000000151e-01,-4.904210721076917023e-01,1.876858509491509119e-01
3.930000000000000160e-01,-4.906176640787578980e-01,1.861731314722868402e-01
3.940000000000000169e-01,-4.908071716126664041e-01,1.846735527208184235e-01
3.950000000000000178e-01,-4.909897201008533996e-01,1.831872305589680727e-01
3.960000000000000187e-01,-4.911654351888491976e-01,1.817142792774589233e-01
3.970000000000000195e-01,-4.913344427344498166e-01,1.802548115892166070e-01
3.980000000000000204e-01,-4.914968687658377577e-01,1.788089386255583835e-01
3.990000000000000213e-01,-4.916528394396486035e-01,1.773767699328723801e-01
4.000000000000000222e-01,-4.918024809990088064e-01,1.759584134697718960e-01
4.010000000000000231e-01,-4.919459197315508847e-01,1.745539756047279067e-01
4.020000000000000240e-01,-4.920832819274264525e-01,1.731635611141670861e-01
4.030000000000000249e-01,-4.922146938373239133e-01,1.717872731810340114e-01
4.040000000000000258e-01,-4.923402816305071372e-01,1.704252133938073122e-01
4.050000000000000266e-01,-4.924601713528914404e-01,1.690774817459655410e-01
4.060000000000000275e-01,-4.925744888851680825e-01,1.677441766358934716e-01
4.070000000000000284e-01,-4.926833599009862730e-01,1.664253948672224370e-01
4.080000000000000293e-01,-4.927869098252189439e-01,1.651212316495975496e-01
4.090000000000000302e-01,-4.928852637923081259e-01,1.638317805998624199e-01
4.100000000000000311e-01,-4.929785466047230114e-01,1.625571337436524655e-01
4.110000000000000320e-01,-4.930668826915256542e-01,1.612973815173905645e-01
4.120000000000000329e-01,-4.931503960670740594e-01,1.600526127706763113e-01
4.130000000000000338e-01,-4.932292102898625519e-01,1.588229147690531362e-01
4.140000000000000346e-01,-4.933034484215241822e-01,1.576083731971556490e-01
4.150000000000000355e-01,-4.933732329860006649e-01,1.564090721622126146e-01
4.160000000000000364e-01,-4.934386859288956151e-01,1.552250941979091692e-01
4.169999999999999818e-01,-4.934999285770279576e-01,1.540565202685933444e-01
4.179999999999999827e-01,-4.935570815981940584e-01,1.529034297738097181e-01
4.189999999999999836e-01,-4.936102649611511239e-01,1.517659005531589167e-01
4.199999999999999845e-01,-4.936595978958444597e-01,1.506440088914682285e-01
4.209999999999999853e-01,-4.937051988538792013e-01,1.495378295242589251e-01
4.219999999999999862e-01,-4.937471854692557782e-01,1.484474356435061537e-01
4.229999999999999871e-01,-4.937856745193872632e-01,1.473728989036724168e-01
4.239999999999999880e-01,-4.938207818863979415e-01,1.463142894280050343e-01
4.249999999999999889e-01,-4.938526225187339080e-01,1.452716758150899012e-01
4.259999999999999898e-01,-4.938813103930790316e-01,1.442451251456458028e-01
4.269999999999999907e-01,-4.939069584766063725e-01,1.432347029895417179e-01
4.279999999999999916e-01,-4.939296786895697733e-01,1.422404734130355008e-01
4.289999999999999925e-01,-4.939495818682431705e-01,1.412624989862155123e-01
4.299999999999999933e-01,-4.939667777282320538e-01,1.403008407906290445e-01
4.309999999999999942e-01,-4.939813748281620676e-01,1.393555584270916026e-01
4.319999999999999951e-01,-4.939934805337549140e-01,1.384267100236604431e-01
4.329999999999999960e-01,-4.940032009823105419e-01,1.375143522437598520e-01
4.339999999999999969e-01,-4.940106410476040599e-01,1.366185402944465610e-01
4.349999999999999978e-01,-4.940159043052081422e-01,1.357393279347950954e-01
4.359999999999999987e-01,-4.940190929982559709e-01,1.348767674844059128e-01
4.369999999999999996e-01,-4.940203080036536520e-01,1.340309098320045522e-01
4.380000000000000004e-01,-4.940196487987567608e-01,1.332018044441291016e-01
4.390000000000000013e-01,-4.940172134285193417e-01,1.323894993738938541e-01
4.400000000000000022e-01,-4.940130984731290198e-01,1.315940412698088924e-01
4.410000000000000031e-01,-4.940073990161399919e-01,1.308154753846511587e-01
4.420000000000000040e-01,-4.940002086131103365e-01,1.300538455843646690e-01
4.430000000000000049e-01,-4.939916192607655132e-01,1.293091943569857905e-01
4.440000000000000058e-01,-4.939817213666828355e-01,1.285815628215742357e-01
4.450000000000000067e-01,-4.939706037195250032e-01,1.278709907371406995e-01
4.460000000000000075e-01,-4.939583534598197545e-01,1.271775165115559547e-01
4.470000000000000084e-01,-4.939450560513026223e-01,1.265011772104319976e-01
4.480000000000000093e-01,-4.939307952528361745e-01,1.258420085659575638e-01
4.490000000000000102e-01,-4.939156530909061260e-01,1.252000449856817688e-01
4.500000000000000111e-01,-4.938997098327140844e-01,1.245753195612310932e-01
4.510000000000000120e-01,-4.938830439598725919e-01,1.239678640769435181e-01
4.520000000000000129e-01,-4.938657321427127878e-01,1.233777090184187686e-01
4.530000000000000138e-01,-4.938478492152124644e-01,1.228048835809588402e-01
4.540000000000000147e-01,-4.938294681505602801e-01,1.222494156779012631e-01
4.550000000000000155e-01,-4.938106600373592392e-01,1.217113319488221518e-01
4.560000000000000164e-01,-4.937914940564790411e-01,1.211906577676100522e-01
4.570000000000000173e-01,-4.937720374585709004e-01,1.206874172503849263e-01
4.580000000000000182e-01,-4.937523555422502763e-01,1.202016332632675211e-01
4.590000000000000191e-01,-4.937325116329581709e-01,1.197333274299778316e-01
4.600000000000000200e-01,-4.937125670625057694e-01,1.192825201392569701e-01
4.610000000000000209e-01,-4.936925811493152461e-01,1.188492305521029468e-01
4.620000000000000218e-01,-4.936726111793667271e-01,1.184334766088109975e-01
4.630000000000000226e-01,-4.936527123878501344e-01,1.180352750358061309e-01
4.640000000000000235e-01,-4.936329379415411722e-01,1.176546413522649992e-01
4.650000000000000244e-01,-4.936133389219006795e-01,1.172915898765143350e-01
4.660000000000000253e-01,-4.935939643089133910e-01,1.169461337321985039e-01
4.670000000000000262e-01,-4.935748609656602781e-01,1.166182848542107742e-01
4.680000000000000271e-01,-4.935560736236501711e-01,1.163080539943774222e-01
4.690000000000000280e-01,-4.935376448688982842e-01,1.160154507268908453e-01
4.700000000000000289e-01,-4.935196151287749577e-01,1.157404834534840332e-01
4.710000000000000298e-01,-4.935020226596190107e-01,1.154831594083386703e-01
4.720000000000000306e-01,-4.934849035351304147e-01,1.152434846627259368e-01
4.730000000000000315e-01,-4.934682916355442872e-01,1.150214641293652307e-01
4.740000000000000324e-01,-4.934522186375935870e-01,1.148171015665063188e-01
4.750000000000000333e-01,-4.934367140052658973e-01,1.146303995817265636e-01
4.760000000000000342e-01,-4.934218049813614559e-01,1.144613596354330520e-01
4.770000000000000351e-01,-4.934075165798548213e-01,1.143099820440763165e-01
4.780000000000000360e-01,-4.933938715790674445e-01,1.141762659830647120e-01
4.790000000000000369e-01,-4.933808905156573665e-01,1.140602094893795188e-01
4.799999999999999822e-01,-4.933685916794297022e-01,1.139618094638875784e-01
4.809999999999999831e-01,-4.933569911089658033e-01,1.138810616733525322e-01
4.819999999999999840e-01,-4.933461025880899742e-01,1.138179607521358633e-01
4.829999999999999849e-01,-4.933359376431648013e-01,1.137725002035953059e-01
4.839999999999999858e-01,-4.933265055412202615e-01,1.137446724011785398e-01
4.849999999999999867e-01,-4.933178132889289302e-01,1.137344685892020951e-01
4.859999999999999876e-01,-4.933098656324200193e-01,1.137418788833328143e-01
4.869999999999999885e-01,-4.933026650579415140e-01,1.137668922707594787e-01
4.879999999999999893e-01,-4.932962117933682444e-01,1.138094966100585276e-01
4.889999999999999902e-01,-4.932905038105659390e-01,1.138696786307638459e-01
4.899999999999999911e-01,-4.932855368286035436e-01,1.139474239326295074e-01
4.909999999999999920e-01,-4.932813043178220780e-01,1.140427169846026240e-01
4.919999999999999929e-01,-4.932777975047593078e-01,1.141555411234963235e-01
4.929999999999999938e-01,-4.932750053779311195e-01,1.142858785523799686e-01
4.939999999999999947e-01,-4.932729146944719312e-01,1.144337103386791898e-01
4.949999999999999956e-01,-4.932715099876335829e-01,1.145990164119973787e-01
4.959999999999999964e-01,-4.932707735751382105e-01,1.147817755616609425e-01
4.969999999999999973e-01,-4.932706855683955949e-01,1.149819654339977737e-01
4.979999999999999982e-01,-4.932712238825731066e-01,1.151995625293524284e-01
4.989999999999999991e-01,-4.932723642475244086e-01,1.154345421988409170e-01
5.000000000000000000e-01,-4.932740802195729746e-01,1.156868786408610239e-01
5.010000000000000009e-01,-4.932763431941461496e-01,1.159565448973617907e-01
5.020000000000000018e-01,-4.932791224192649704e-01,1.162435128498747888e-01
5.030000000000000027e-01,-4.932823850098796425e-01,1.165477532153234436e-01
5.040000000000000036e-01,-4.932860959630513964e-01,1.168692355416202228e-01
5.050000000000000044e-01,-4.932902181739765024e-01,1.172079282030497466e-01
5.060000000000000053e-01,-4.932947124528507810e-01,1.175637983954614385e-01
5.070000000000000062e-01,-4.932995375425666129e-01,1.179368121312737994e-01
5.080000000000000071e-01,-4.933046501372427839e-01,1.183269342343012676e-01
5.090000000000000080e-01,-4.933100049015753941e-01,1.187341283344183346e-01
5.100000000000000089e-01,-4.933155544910138857e-01,1.191583568620704636e-01
5.110000000000000098e-01,-4.933212495727482549e-01,1.195995810426409012e-01
5.120000000000000107e-01,-4.933270388475036183e-01,1.200577608906894245e-01
5.130000000000000115e-01,-4.933328690721378584e-01,1.205328552040731693e-01
5.140000000000000124e-01,-4.933386850830327464e-01,1.210248215579651787e-01
5.150000000000000133e-01,-4.933444298202710465e-01,1.215336162987738777e-01
5.160000000000000142e-01,-4.933500443525947188e-01,1.220591945379939647e-01
5.170000000000000151e-01,-4.933554679031276757e-01,1.226015101459856094e-01
5.180000000000000160e-01,-4.933606378758680355e-01,1.231605157457034971e-01
5.190000000000000169e-01,-4.933654898829246127e-01,1.237361627063897906e-01
5.200000000000000178e-01,-4.933699577725008667e-01,1.243284011372454145e-01
5.210000000000000187e-01,-4.933739736576066570e-01,1.249371798810899326e-01
5.220000000000000195e-01,-4.933774679454956402e-01,1.255624465080295293e-01
5.230000000000000204e-01,-4.933803693678078250e-01,1.262041473091445043e-01
5.240000000000000213e-01,-4.933826050114153983e-01,1.268622272902122372e-01
5.250000000000000222e-01,-4.933841003499495614e-01,1.275366301654836665e-01
5.260000000000000231e-01,-4.933847792760064355e-01,1.282272983515224118e-01
5.270000000000000240e-01,-4.933845641340091071e-01,1.289341729611246656e-01
5.280000000000000249e-01,-4.933833757537193221e-01,1.296571937973396982e-01
5.290000000000000258e-01,-4.933811334843820617e-01,1.303962993475968057e-01
5.300000000000000266e-01,-4.933777552294902335e-01,1.311514267779623488e-01
5.310000000000000275e-01,-4.933731574821532684e-01,1.319225119275340974e-01
5.320000000000000284e-01,-4.933672553610494171e-01,1.327094893030026090e-01
5.330000000000000293e-01,-4.933599626469636901e-01,1.335122920733746166e-01
5.340000000000000302e-01,-4.933511918198689727e-01,1.343308520648906490e-01
5.350000000000000311e-01,-4.933408540965608102e-01,1.351650997561425482e-01
5.360000000000000320e-01,-4.933288594688055029e-01,1.360149642734123643e-01
5.370000000000000329e-01,-4.933151167420030681e-01,1.368803733862366256e-01
5.380000000000000338e-01,-4.932995335743362575e-01,1.377612535032273766e-01
5.390000000000000346e-01,-4.932820165163902537e-01,1.386575296681480385e-01
5.400000000000000355e-01,-4.932624710512254484e-01,1.395691255562688804e-01
5.410000000000000364e-01,-4.932408016348864832e-01,1.404959634710088445e-01
5.420000000000000373e-01,-4.932169117373230716e-01,1.414379643408873732e-01
5.430000000000000382e-01,-4.931907038837087254e-01,1.423950477167886808e-01
5.440000000000000391e-01,-4.931620796961345699e-01,1.433671317695598968e-01
5.450000000000000400e-01,-4.931309399356593182e-01,1.443541332879508254e-01
5.460000000000000409e-01,-4.930971845446943669e-01,1.453559676769140552e-01
5.470000000000000417e-01,-4.930607126897036951e-01,1.463725489562713866e-01
5.480000000000000426e-01,-4.930214228041986946e-01,1.474037897597627877e-01
5.490000000000000435e-01,-4.929792126320056145e-01,1.484496013344865362e-01
5.500000000000000444e-01,-4.929339792707840839e-01,1.495098935407474794e-01
5.510000000000000453e-01,-4.928856192157755056e-01,1.505845748523156613e-01
5.520000000000000462e-01,-4.928340284037626695e-01,1.516735523571146604e-01
5.530000000000000471e-01,-4.927791022572107771e-01,1.527767317583422768e-01
5.540000000000000480e-01,-4.927207357285781630e-01,1.538940173760409980e-01
5.550000000000000488e-01,-4.926588233447645737e-01,1.550253121491161068e-01
5.560000000000000497e-01,-4.925932592516839570e-01,1.561705176378275495e-01
5.570000000000000506e-01,-4.925239372589280684e-01,1.573295340267408804e-01
5.580000000000000515e-01,-4.924507508845146764e-01,1.585022601281666499e-01
5.590000000000000524e-01,-4.923735933996767344e-01,1.596885933860829887e-01
5.600000000000000533e-01,-4.922923578736895789e-01,1.608884298805519086e-01
5.610000000000000542e-01,-4.922069372187025671e-01,1.621016643326323725e-01
5.620000000000000551e-01,-4.921172242345553949e-01,1.633281901098038169e-01
5.630000000000000560e-01,-4.920231116535523919e-01,1.645678992318950207e-01
5.640000000000000568e-01,-4.919244921851851915e-01,1.658206823775292826e-01
5.650000000000000577e-01,-4.918212585607598664e-01,1.670864288910893225e-01
5.660000000000000586e-01,-4.917133035779299721e-01,1.683650267902022102e-01
5.670000000000000595e-01,-4.916005201450931450e-01,1.696563627737528446e-01
5.680000000000000604e-01,-4.914828013256415384e-01,1.709603222304230674e-01
5.690000000000000613e-01,-4.913600403820405083e-01,1.722767892477586327e-01
5.700000000000000622e-01,-4.912321308197065139e-01,1.736056466217698879e-01
5.710000000000000631e-01,-4.910989664306805169e-01,1.749467758670623097e-01
5.720000000000000639e-01,-4.909604413370524112e-01,1.763000572274982525e-01
5.730000000000000648e-01,-4.908164500341335446e-01,1.776653696873908006e-01
5.740000000000000657e-01,-4.906668874333491859e-01,1.790425909832264184e-01
5.750000000000000666e-01,-4.905116489048244599e-01,1.804315976159176493e-01
5.760000000000000675e-01,-4.903506303196608074e-01,1.818322648635802008e-01
5.769999999999999574e-01,-4.901837280918592277e-01,1.832444667948370243e-01
5.779999999999999583e-01,-4.900108392198887497e-01,1.846680762826391486e-01
5.789999999999999591e-01,-4.898318613278755951e-01,1.861029650186069861e-01
5.799999999999999600e-01,-4.896466927063908292e-01,1.875490035278820911e-01
5.809999999999999609e-01,-4.894552323528169602e-01,1.890060611844896488e-01
5.819999999999999618e-01,-4.892573800112841598e-01,1.904740062272001211e-01
5.829999999999999627e-01,-4.890530362121476848e-01,1.919527057758927957e-01
5.839999999999999636e-01,-4.888421023109930097e-01,1.934420258484043642e-01
5.849999999999999645e-01,-4.886244805271549585e-01,1.949418313778681078e-01
5.859999999999999654e-01,-4.884000739817296877e-01,1.964519862305245390e-01
5.869999999999999662e-01,-4.881687867350608112e-01,1.979723532240080242e-01
5.879999999999999671e-01,-4.879305238236967823e-01,1.995027941460892351e-01
5.889999999999999680e-01,-4.876851912967867242e-01,2.010431697738734036e-01
5.899999999999999689e-01,-4.874326962519140993e-01,2.025933398934455787e-01
5.909999999999999698e-01,-4.871729468703470678e-01,2.041531633199445972e-01
5.919999999999999707e-01,-4.869058524516960418e-01,2.057224979180705127e-01
5.929999999999999716e-01,-4.866313234479583416e-01,2.073012006230045556e-01
5.939999999999999725e-01,-4.863492714969481767e-01,2.088891274617318550e-01
5.949999999999999734e-01,-4.860596094550887480e-01,2.104861335747645890e-01
5.959999999999999742e-01,-4.857622514295620864e-01,2.120920732382442220e-01
5.969999999999999751e-01,-4.854571128098057464e-01,2.137067998864264073e-01
5.979999999999999760e-01,-4.851441102983424791e-01,2.153301661345123352e-01
5.989999999999999769e-01,-4.848231619409333337e-01,2.169620238018453162e-01
5.999999999999999778e-01,-4.844941871560484170e-01,2.186022239354347418e-01
6.009999999999999787e-01,-4.841571067636477599e-01,2.202506168338144721e-01
6.019999999999999796e-01,-4.838118430132528625e-01,2.219070520712082828e-01
6.029999999999999805e-01,-4.834583196113190762e-01,2.235713785220013183e-01
6.039999999999999813e-01,-4.830964617478874512e-01,2.252434443854998969e-01
6.049999999999999822e-01,-4.827261961225162712e-01,2.269230972109615996e-01
6.059999999999999831e-01,-4.823474509694876122e-01,2.286101839228985577e-01
6.069999999999999840e-01,-4.819601560822778241e-01,2.303045508466227687e-01
6.079999999999999849e-01,-4.815642428372937101e-01,2.320060437340331072e-01
6.089999999999999858e-01,-4.811596442168659671e-01,2.337145077896218559e-01
6.099999999999999867e-01,-4.807462948315003315e-01,2.354297876966970904e-01
6.109999999999999876e-01,-4.803241309413818216e-01,2.371517276438004640e-01
6.119999999999999885e-01,-4.798930904771215311e-01,2.388801713513075131e-01
6.129999999999999893e-01,-4.794531130597646795e-01,2.406149620982042658e-01
6.139999999999999902e-01,-4.790041400200343302e-01,2.423559427490152018e-01
6.149999999999999911e-01,-4.785461144168298153e-01,2.441029557808788164e-01
6.159999999999999920e-01,-4.780789810549599950e-01,2.458558433107589369e-01
6.169999999999999929e-01,-4.776026865021394952e-01,2.476144471227671728e-01
6.179999999999999938e-01,-4.771171791052122857e-01,2.493786086955949721e-01
6.189999999999999947e-01,-4.766224090056385698e-01,2.511481692300401303e-01
6.199999999999999956e-01,-4.761183281542251677e-01,2.529229696766063795e-01
6.209999999999999964e-01,-4.756048903251042237e-01,2.547028507631777794e-01
6.219999999999999973e-01,-4.750820511289744474e-01,2.564876530227417906e-01
6.229999999999999982e-01,-4.745497680255892359e-01,2.582772168211558417e-01
6.239999999999999991e-01,-4.740080003355169325e-01,2.600713823849466477e-01
6.250000000000000000e-01,-4.734567092511512421e-01,2.618699898291217965e-01
6.260000000000000009e-01,-4.728958578470044971e-01,2.636728791849910492e-01
6.270000000000000018e-01,-4.723254110892647351e-01,2.654798904279772609e-01
6.280000000000000027e-01,-4.717453358446298539e-01,2.672908635054156434e-01
6.290000000000000036e-01,-4.711556008884302815e-01,2.691056383643147254e-01
6.300000000000000044e-01,-4.705561769120385485e-01,2.709240549790863928e-01
6.310000000000000053e-01,-4.699470365295677077e-01,2.727459533792180868e-01
6.320000000000000062e-01,-4.693281542838791953e-01,2.745711736768818301e-01
6.330000000000000071e-01,-4.686995066518899744e-01,2.763995560944743635e-01
6.340000000000000080e-01,-4.680610720491990007e-01,2.782309409920700194e-01
6.350000000000000089e-01,-4.674128308340300686e-01,2.800651688947844442e-01
6.360000000000000098e-01,-4.667547653105031946e-01,2.819020805200284086e-01
6.370000000000000107e-01,-4.660868597312489148e-01,2.837415168046529823e-01
6.380000000000000115e-01,-4.654091002993521187e-01,2.855833189319705312e-01
6.390000000000000124e-01,-4.647214751696591706e-01,2.874273283586434302e-01
6.400000000000000133e-01,-4.640239744494371044e-01,2.892733868414324450e-01
6.410000000000000142e-01,-4.633165901984028778e-01,2.911213364637936230e-01
6.420000000000000151e-01,-4.625993164281302361e-01,2.929710196623167562e-01
6.430000000000000160e-01,-4.618721491008319635e-01,2.948222792530015846e-01
6.440000000000000169e-01,-4.611350861275497204e-01,2.966749584573510345e-01
6.450000000000000178e-01,-4.603881273657336459e-01,2.985289009282929285e-01
6.460000000000000187e-01,-4.596312746162340979e-01,3.003839507758964134e-01
6.470000000000000195e-01,-4.588645316197224044e-01,3.022399525929076458e-01
6.480000000000000204e-01,-4.580879040525291379e-01,3.040967514800654858e-01
6.490000000000000213e-01,-4.573013995219249450e-01,3.059541930712192936e-01
6.500000000000000222e-01,-4.565050275608524277e-01,3.078121235582150783e-01
6.510000000000000231e-01,-4.556987996221097958e-01,3.096703897155673735e-01
6.520000000000000240e-01,-4.548827290720006133e-01,3.115288389248936918e-01
6.530000000000000249e-01,-4.540568311834629611e-01,3.133873191991142226e-01
6.540000000000000258e-01,-4.532211231286818465e-01,3.152456792064081137e-01
6.550000000000000266e-01,-4.523756239711910210e-01,3.171037682939207847e-01
6.560000000000000275e-01,-4.515203546574877436e-01,3.189614365112173333e-01
6.570000000000000284e-01,-4.506553380081507187e-01,3.208185346334759824e-01
6.580000000000000293e-01,-4.497805987084919632e-01,3.226749141844171831e-01
6.590000000000000302e-01,-4.488961632987290562e-01,3.245304274589650428e-01
6.600000000000000311e-01,-4.480020601637099142e-01,3.263849275456317534e-01
6.610000000000000320e-01,-4.470983195221779338e-01,3.282382683486239627e-01
6.620000000000000329e-01,-4.461849734156089209e-01,3.300903046096680948e-01
6.630000000000000338e-01,-4.452620556966079279e-01,3.319408919295481764e-01
6.640000000000000346e-01,-4.443296020168888694e-01,3.337898867893488442e-01
6.650000000000000355e-01,-4.433876498148459078e-01,3.356371465714073632e-01
6.660000000000000364e-01,-4.424362383027183876e-01,3.374825295799658287e-01
6.670000000000000373e-01,-4.414754084533601963e-01,3.393258950615182790e-01
6.680000000000000382e-01,-4.405052029866329821e-01,3.411671032248555502e-01
6.690000000000000391e-01,-4.395256663554147347e-01,3.430060152607978807e-01
6.700000000000000400e-01,-4.385368447312527063e-01,3.448424933616168753e-01
6.710000000000000409e-01,-4.375387859896474052e-01,3.466764007401416103e-01
6.720000000000000417e-01,-4.365315396950008031e-01,3.485076016485437744e-01
6.730000000000000426e-01,-4.355151570852128229e-01,3.503359613968056729e-01
6.740000000000000435e-01,-4.344896910559618020e-01,3.521613463708622160e-01
6.750000000000000444e-01,-4.334551961446420076e-01,3.539836240504130593e-01
6.760000000000000453e-01,-4.324117285140141043e-01,3.558026630264126688e-01
6.770000000000000462e-01,-4.313593459355287707e-01,3.576183330182213793e-01
6.780000000000000471e-01,-4.302981077723637138e-01,3.594305048904272715e-01
6.790000000000000480e-01,-4.292280749621756319e-01,3.612390506693303194e-01
6.800000000000000488e-01,-4.281493099995643536e-01,3.630438435590876978e-01
6.810000000000000497e-01,-4.270618769182730201e-01,3.648447579575214705e-01
6.820000000000000506e-01,-4.259658412731228694e-01,3.666416694715797231e-01
6.830000000000000515e-01,-4.248612701216910592e-01,3.684344549324585216e-01
6.840000000000000524e-01,-4.237482320057462948e-01,3.702229924103724867e-01
6.850000000000000533e-01,-4.226267969324466467e-01,3.720071612289869156e-01
6.860000000000000542e-01,-4.214970363552938970e-01,3.737868419794869168e-01
6.870000000000000551e-01,-4.203590231548909872e-01,3.755619165343115906e-01
6.880000000000000560e-01,-4.192128316194529414e-01,3.773322680605226687e-01
6.890000000000000568e-01,-4.180585374251399866e-01,3.790977810328291508e-01
6.900000000000000577e-01,-4.168962176161701838e-01,3.808583412462517304e-01
6.910000000000000586e-01,-4.157259505847565872e-01,3.826138358284338903e-01
6.920000000000000595e-01,-4.145478160508456744e-01,3.843641532515950088e-01
6.930000000000000604e-01,-4.133618950416915183e-01,3.861091833441231413e-01
6.940000000000000613e-01,-4.121682698712589299e-01,3.878488173018166951e-01
6.950000000000000622e-01,-4.109670241194582907e-01,3.895829476987521800e-01
6.960000000000000631e-01,-4.097582426112352239e-01,3.913114684978052371e-01
6.970000000000000639e-01,-4.085420113955109400e-01,3.930342750608006863e-01
6.980000000000000648e-01,-4.073184177239834169e-01,3.947512641583057480e-01
6.990000000000000657e-01,-4.060875500297952412e-01,3.964623339790547263e-01
7.000000000000000666e-01,-4.048494979060814902e-01,3.981673841390154234e-01
7.010000000000000675e-01,-4.036043520843975441e-01,3.998663156900906790e-01
7.020000000000000684e-01,-4.023522044130333764e-01,4.015590311284497060e-01
7.030000000000000693e-01,-4.010931478352364188e-01,4.032454344025045989e-01
7.039999999999999591e-01,-3.998272763673267338e-01,4.049254309205150282e-01
7.049999999999999600e-01,-3.985546850767271998e-01,4.065989275578304474e-01
7.059999999999999609e-01,-3.972754700599163691e-01,4.082658326637656487e-01
7.069999999999999618e-01,-3.959897284202996692e-01,4.099260560681132759e-01
7.079999999999999627e-01,-3.946975582460193754e-01,4.115795090872912398e-01
7.089999999999999636e-01,-3.933990585877037982e-01,4.132261045301278690e-01
7.099999999999999645e-01,-3.920943294361463050e-01,4.148657567032726368e-01
7.109999999999999654e-01,-3.907834716999690761e-01,4.164983814162619424e-01
7.119999999999999662e-01,-3.894665871832099224e-01,4.181238959861998117e-01
7.129999999999999671e-01,-3.881437785629051618e-01,4.197422192420931508e-01
7.139999999999999680e-01,-3.868151493666214247e-01,4.213532715288156316e-01
7.149999999999999689e-01,-3.854808039499925121e-01,4.229569747107144728e-01
7.159999999999999698e-01,-3.841408474742137313e-01,4.245532521748554000e-01
7.169999999999999707e-01,-3.827953858835501100e-01,4.261420288339051732e-01
7.179999999999999716e-01,-3.814445258828373930e-01,4.277232311286645050e-01
7.189999999999999725e-01,-3.800883749149837065e-01,4.292967870302338840e-01
7.199999999999999734e-01,-3.787270411384887625e-01,4.308626260418316756e-01
7.209999999999999742e-01,-3.773606334049748323e-01,4.324206792002490696e-01
7.219999999999999751e-01,-3.759892612367538578e-01,4.339708790769635227e-01
7.229999999999999760e-01,-3.746130348044070524e-01,4.355131597788898246e-01
7.239999999999999769e-01,-3.732320649044206240e-01,4.370474569487882155e-01
7.249999999999999778e-01,-3.718464629368440355e-01,4.385737077653211746e-01
7.259999999999999787e-01,-3.704563408830173765e-01,4.400918509427662606e-01
7.269999999999999796e-01,-3.690618112833372599e-01,4.416018267303863931e-01
7.279999999999999805e-01,-3.676629872150865563e-01,4.431035769114499701e-01
7.289999999999999813e-01,-3.662599822703411778e-01,4.445970448019240795e-01
7.299999999999999822e-01,-3.648529105339277656e-01,4.460821752488155489e-01
7.309999999999999831e-01,-3.634418865614847394e-01,4.475589146281941377e-01
7.319999999999999840e-01,-3.620270253575797459e-01,4.490272108428651210e-01
7.329999999999999849e-01,-3.606084423539412387e-01,4.504870133197247939e-01
7.339999999999999858e-01,-3.591862533877617780e-01,4.519382730067814657e-01
7.349999999999999867e-01,-3.577605746801128528e-01,4.533809423698571539e-01
7.359999999999999876e-01,-3.563315228144672275e-01,4.548149753889617064e-01
7.369999999999999885e-01,-3.548992147153164356e-01,4.562403275543532866e-01
7.379999999999999893e-01,-3.534637676269215545e-01,4.576569558622802791e-01
7.389999999999999902e-01,-3.520252990921686198e-01,4.590648188104141658e-01
7.399999999999999911e-01,-3.505839269315544904e-01,4.604638763929631562e-01
7.409999999999999920e-01,-3.491397692223068838e-01,4.618540900954947181e-01
7.419999999999999929e-01,-3.476929442776302559e-01,4.632354228894424164e-01
7.429999999999999938e-01,-3.462435706260888479e-01,4.646078392263200962e-01
7.439999999999999947e-01,-3.447917669911557681e-01,4.659713050316410254e-01
7.449999999999999956e-01,-3.433376522708720957e-01,4.673257876985400516e-01
7.459999999999999964e-01,-3.418813455176873961e-01,4.686712560811074346e-01
7.469999999999999973e-01,-3.404229659184536128e-01,4.700076804874497305e-01
7.479999999999999982e-01,-3.389626327745589585e-01,4.713350326724548012e-01
7.489999999999999991e-01,-3.375004654822509886e-01,4.726532858302853191e-01
7.500000000000000000e-01,-3.360365835131130519e-01,4.739624145866039306e-01
7.510000000000000009e-01,-3.345711063947213182e-01,4.752623949905299128e-01
7.520000000000000018e-01,-3.331041536914615686e-01,4.765532045063155531e-01
7.530000000000000027e-01,-3.316358449855529300e-01,4.778348220047882178e-01
7.540000000000000036e-01,-3.301662998582211017e-01,4.791072277545084246e-01
7.550000000000000044e-01,-3.286956378710905180e-01,4.803704034127027622e-01
7.560000000000000053e-01,-3.272239785477333296e-01,4.816243320159220298e-01
7.570000000000000062e-01,-3.257514413554476462e-01,4.828689979704820501e-01
7.580000000000000071e-01,-3.242781456871896006e-01,4.841043870426421369e-01
7.590000000000000080e-01,-3.228042108437428337e-01,4.853304863485717879e-01
7.600000000000000089e-01,-3.213297560160566224e-01,4.865472843440585837e-01
7.610000000000000098e-01,-3.198549002678190423e-01,4.877547708140277938e-01
7.620000000000000107e-01,-3.183797625182016588e-01,4.889529368618009131e-01
7.630000000000000115e-01,-3.169044615248460262e-01,4.901417748981702349e-01
7.640000000000000124e-01,-3.154291158670425865e-01,4.913212786302443291e-01
7.650000000000000133e-01,-3.139538439291299499e-01,4.924914430500924034e-01
7.660000000000000142e-01,-3.124787638840962334e-01,4.936522644231779999e-01
7.670000000000000151e-01,-3.110039936774218194e-01,4.948037402766063408e-01
7.680000000000000160e-01,-3.095296510111286148e-01,4.959458693871752755e-01
7.690000000000000169e-01,-3.080558533280377542e-01,4.970786517692266093e-01
7.700000000000000178e-01,-3.065827177962790473e-01,4.982020886623295675e-01
7.710000000000000187e-01,-3.051103612939992105e-01,4.993161825187757419e-01
7.720000000000000195e-01,-3.036389003943116838e-01,5.004209369908987348e-01
7.730000000000000204e-01,-3.021684513504651060e-01,5.015163569182312653e-01
7.740000000000000213e-01,-3.006991300812423829e-01,5.026024483144844179e-01
7.750000000000000222e-01,-2.992310521565986203e-01,5.036792183543888912e-01
7.760000000000000231e-01,-2.977643327835149956e-01,5.047466753603484513e-01
7.770000000000000240e-01,-2.962990867920931026e-01,5.058048287889735928e-01
7.780000000000000249e-01,-2.948354286218851650e-01,5.068536892174538844e-01
7.790000000000000258e-01,-2.933734723084467366e-01,5.078932683297820994e-01
7.800000000000000266e-01,-2.919133314701357063e-01,5.089235789028587753e-01
7.810000000000000275e-01,-2.904551192951384531e-01,5.099446347924534439e-01
7.820000000000000284e-01,-2.889989485287314808e-01,5.109564509190369641e-01
7.830000000000000293e-01,-2.875449314607836926e-01,5.119590432534968372e-01
7.840000000000000302e-01,-2.860931799134862619e-01,5.129524288027307311e-01
7.850000000000000311e-01,-2.846438052293248644e-01,5.139366255951254292e-01
7.860000000000000320e-01,-2.831969182592910528e-01,5.149116526659324178e-01
7.870000000000000329e-01,-2.817526293513184510e-01,5.158775300425293420e-01
7.880000000000000338e-01,-2.803110483389635310e-01,5.168342787295876484e-01
7.890000000000000346e-01,-2.788722845303213682e-01,5.177819206941439711e-01
7.900000000000000355e-01,-2.774364466971738219e-01,5.187204788505808128e-01
7.910000000000000364e-01,-2.760036430643815208e-01,5.196499770455196288e-01
7.920000000000000373e-01,-2.745739812994926754e-01,5.205704400426232059e-01
7.930000000000000382e-01,-2.731475685026023559e-01,5.214818935073327610e-01
7.940000000000000391e-01,-2.717245111964516346e-01,5.223843639915359827e-01
7.950000000000000400e-01,-2.703049153167305652e-01,5.232778789181362633e-01
7.960000000000000409e-01,-2.688888862026447280e-01,5.241624665655891802e-01
7.970000000000000417e-01,-2.674765285876984366e-01,5.250381560523689206e-01
7.980000000000000426e-01,-2.660679465907138663e-01,5.259049773213672063e-01
7.990000000000000435e-01,-2.646632437070656763e-01,5.267629611242428123e-01
8.000000000000000444e-01,-2.632625228001702622e-01,5.276121390057411098e-01
8.010000000000000453e-01,-2.618658860931811772e-01,5.284525432879435547e-01
8.020000000000000462e-01,-2.604734351609228060e-01,5.292842070544979682e-01
8.030000000000000471e-01,-2.590852709220376471e-01,5.301071641347918639e-01
8.040000000000000480e-01,-2.577014936313746785e-01,5.309214490881142279e-01
8.050000000000000488e-01,-2.563222028725839485e-01,5.317270971877774421e-01
8.060000000000000497e-01,-2.549474975509420371e-01,5.325241444052153383e-01
8.070000000000000506e-01,-2.535774758864005607e-01,5.333126273940648199e-01
8.080000000000000515e-01,-2.522122354068417338e-01,5.340925834742299427e-01
8.090000000000000524e-01,-2.508518729415580850e-01,5.348640506159288988e-01
8.100000000000000533e-01,-2.494964846149434756e-01,5.356270674237297857e-01
8.110000000000000542e-01,-2.481461658404122139e-01,5.363816731205990340e-01
8.120000000000000551e-01,-2.468010113145074902e-01,5.371279075319250751e-01
8.130000000000000560e-01,-2.454611150112335771e-01,5.378658110695530015e-01
8.140000000000000568e-01,-2.441265701765957530e-01,5.385954247158220021e-01
8.150000000000000577e-01,-2.427974693233414250e-01,5.393167900076203392e-01
8.160000000000000586e-01,-2.414739042259198276e-01,5.400299490204532038e-01
8.170000000000000595e-01,-2.401559659156222160e-01,5.407349443525006905e-01
8.180000000000000604e-01,-2.388437446759266447e-01,5.414318191087206245e-01
8.190000000000000613e-01,-2.375373300380788644e-01,5.421206168849830309e-01
8.200000000000000622e-01,-2.362368107768060832e-01,5.428013817521812889e-01
8.210000000000000631e-01,-2.349422749062810567e-01,5.434741582404378768e-01
8.220000000000000639e-01,-2.336538096762417749e-01,5.441389913232850262e-01
8.230000000000000648e-01,-2.323715015683252283e-01,5.447959264019111014e-01
8.240000000000000657e-01,-2.310954362925776717e-01,5.454450092894540525e-01
8.250000000000000666e-01,-2.298256987841440779e-01,5.460862861952907599e-01
8.260000000000000675e-01,-2.285623732001504371e-01,5.467198037094239682e-01
8.270000000000000684e-01,-2.273055429167771535e-01,5.473456087868873166e-01
8.280000000000000693e-01,-2.260552905264821555e-01,5.479637487322046585e-01
8.290000000000000702e-01,-2.248116978354184337e-01,5.485742711838974550e-01
8.300000000000000711e-01,-2.235748458610360423e-01,5.491772240990679954e-01
8.310000000000000719e-01,-2.223448148298213800e-01,5.497726557380204770e-01
8.320000000000000728e-01,-2.211216841752531304e-01,5.503606146489522510e-01
8.329999999999999627e-01,-2.199055325358651447e-01,5.509411496527023555e-01
8.339999999999999636e-01,-2.186964377535326742e-01,5.515143098275878675e-01
8.349999999999999645e-01,-2.174944768718771460e-01,5.520801444942812219e-01
8.359999999999999654e-01,-2.162997261348426070e-01,5.526387032007632483e-01
8.369999999999999662e-01,-2.151122609854360657e-01,5.531900357073841201e-01
8.379999999999999671e-01,-2.139321560646190168e-01,5.537341919719518391e-01
8.389999999999999680e-01,-2.127594852103262824e-01,5.542712221349422874e-01
8.399999999999999689e-01,-2.115943214566785024e-01,5.548011765047666799e-01
8.409999999999999698e-01,-2.104367370332801412e-01,5.553241055431187290e-01
8.419999999999999707e-01,-2.092868033647300452e-01,5.558400598504452672e-01
8.429999999999999716e-01,-2.081445910701935353e-01,5.563490901514285270e-01
8.439999999999999725e-01,-2.070101699631935188e-01,5.568512472806683711e-01
8.449999999999999734e-01,-2.058836090514673534e-01,5.573465821683605270e-01
8.459999999999999742e-01,-2.047649765369881081e-01,5.578351458261047169e-01
8.469999999999999751e-01,-2.036543398161203555e-01,5.583169893328223665e-01
8.479999999999999760e-01,-2.025517654798826284e-01,5.587921638207704600e-01
8.489999999999999769e-01,-2.014573193143417984e-01,5.592607204616169003e-01
8.499999999999999778e-01,-2.003710663011365467e-01,5.597227104526789621e-01
8.509999999999999787e-01,-1.992930706180983114e-01,5.601781850032132581e-01
8.519999999999999796e-01,-1.982233956400142882e-01,5.606271953208565861e-01
8.529999999999999805e-01,-1.971621039394789165e-01,5.610697925981298351e-01
8.539999999999999813e-01,-1.961092572878622986e-01,5.615060279990871095e-01
8.549999999999999822e-01,-1.950649166563894754e-01,5.619359526460532273e-01
8.559999999999999831e-01,-1.940291422173294200e-01,5.623596176065035479e-01
8.569999999999999840e-01,-1.930019933452713776e-01,5.627770738800161876e-01
8.579999999999999849e-01,-1.919835286184943257e-01,5.631883723853865487e-01
8.589999999999999858e-01,-1.909738058204634159e-01,5.635935639478040216e-01
8.599999999999999867e-01,-1.899728819413827596e-01,5.639926992862231980e-01
8.609999999999999876e-01,-1.889808131798620672e-01,5.643858290007677248e-01
8.619999999999999885e-01,-1.879976549446600309e-01,5.647730035603406584e-01
8.629999999999999893e-01,-1.870234618565076168e-01,5.651542732902832267e-01
8.639999999999999902e-01,-1.860582877500469579e-01,5.655296883602322078e-01
8.649999999999999911e-01,-1.851021856757808226e-01,5.658992987720260492e-01
8.659999999999999920e-01,-1.841552079021871180e-01,5.662631543478174878e-01
8.669999999999999929e-01,-1.832174059178251213e-01,5.666213047182235840e-01
8.679999999999999938e-01,-1.822888304335507637e-01,5.669737993107075713e-01
8.689999999999999947e-01,-1.813695313848156521e-01,5.673206873380097770e-01
8.699999999999999956e-01,-1.804595579340057265e-01,5.676620177867468531e-01
8.709999999999999964e-01,-1.795589584728323473e-01,5.679978394061362401e-01
8.719999999999999973e-01,-1.786677806248368194e-01,5.683282006968692901e-01
8.729999999999999982e-01,-1.777860712478627481e-01,5.686531499000703205e-01
8.739999999999999991e-01,-1.769138764367068073e-01,5.689727349864877048e-01
8.750000000000000000e-01,-1.760512415256701435e-01,5.692870036456798566e-01
8.760000000000000009e-01,-1.751982110913341273e-01,5.695960032755171820e-01
8.770000000000000018e-01,-1.743548289552081521e-01,5.698997809716288554e-01
8.780000000000000027e-01,-1.735211381865461033e-01,5.701983835171589021e-01
8.790000000000000036e-01,-1.726971811051494776e-01,5.704918573725459296e-01
8.800000000000000044e-01,-1.718829992842410559e-01,5.707802486655033647e-01
8.810000000000000053e-01,-1.710786335533348856e-01,5.710636031811455737e-01
8.820000000000000062e-01,-1.702841240011784829e-01,5.713419663521894787e-01
8.830000000000000071e-01,-1.694995099787212633e-01,5.716153832493819920e-01
8.840000000000000080e-01,-1.687248301020568275e-01,5.718838985720204882e-01
8.850000000000000089e-01,-1.679601222555199280e-01,5.721475566386543532e-01
8.860000000000000098e-01,-1.672054235946496270e-01,5.724064013778724647e-01
8.870000000000000107e-01,-1.664607705493015843e-01,5.726604763193066105e-01
8.880000000000000115e-01,-1.657261988267204056e-01,5.729098245847075166e-01
8.890000000000000124e-01,-1.650017434146368867e-01,5.731544888792726722e-01
8.900000000000000133e-01,-1.642874385843876572e-01,5.733945114829943623e-01
8.910000000000000142e-01,-1.635833178940437893e-01,5.736299342422190861e-01
8.920000000000000151e-01,-1.628894141916003568e-01,5.738607985614238016e-01
8.930000000000000160e-01,-1.622057596180217498e-01,5.740871453949634162e-01
8.940000000000000169e-01,-1.615323856105262412e-01,5.743090152391840952e-01
8.950000000000000178e-01,-1.608693229056785134e-01,5.745264481244900523e-01
8.960000000000000187e-01,-1.602166015425492973e-01,5.747394836076420432e-01
8.970000000000000195e-01,-1.595742508659316050e-01,5.749481607643236458e-01
8.980000000000000204e-01,-1.589422995294438312e-01,5.751525181815873022e-01
8.990000000000000213e-01,-1.583207754987866756e-01,5.753525939506980436e-01
9.000000000000000222e-01,-1.577097060548093288e-01,5.755484256600155168e-01
9.010000000000000231e-01,-1.571091177966810470e-01,5.757400503880464315e-01
9.020000000000000240e-01,-1.565190366450947557e-01,5.759275046967156086e-01
9.030000000000000249e-01,-1.559394878453026489e-01,5.761108246245272291e-01
9.040000000000000258e-01,-1.553704959703100796e-01,5.762900456802669824e-01
9.050000000000000266e-01,-1.548120849239467134e-01,5.764652028366585856e-01
9.060000000000000275e-01,-1.542642779439883927e-01,5.766363305240513881e-01
9.070000000000000284e-01,-1.537270976051120230e-01,5.768034626243780938e-01
9.080000000000000293e-01,-1.532005658221970434e-01,5.769666324654624256e-01
9.090000000000000302e-01,-1.526847038530000922e-01,5.771258728150845396e-01
9.100000000000000311e-01,-1.521795323014665247e-01,5.772812158754261347e-01
9.110000000000000320e-01,-1.516850711205436353e-01,5.774326932779039190e-01
9.120000000000000329e-01,-1.512013396153435718e-01,5.775803360774187656e-01
9.130000000000000338e-01,-1.507283564456613489e-01,5.777241747477843692e-01
9.140000000000000346e-01,-1.502661396292552798e-01,5.778642391761946717e-01
9.150000000000000355e-01,-1.498147065443595216e-01,5.780005586588448097e-01
9.160000000000000364e-01,-1.493642754904775105e-01,5.781365694852116377e-01
9.170000000000000373e-01,-1.489182467138057686e-01,5.782711212690929692e-01
9.180000000000000382e-01,-1.484829925849624754e-01,5.784020078170599710e-01
9.190000000000000391e-01,-1.480586660002913835e-01,5.785292014148464279e-01
9.200000000000000400e-01,-1.476453610909101988e-01,5.786526967308062153e-01
9.210000000000000409e-01,-1.472431370049436528e-01,5.787725017591491827e-01
9.220000000000000417e-01,-1.468520317596304914e-01,5.788886324067699096e-01
9.230000000000000426e-01,-1.464720704226767922e-01,5.790011091667290888e-01
9.240000000000000435e-01,-1.461032699468219065e-01,5.791099550474939628e-01
9.250000000000000444e-01,-1.457456420338498482e-01,5.792151942682013388e-01
9.260000000000000453e-01,-1.453991948399127321e-01,5.793168514321644924e-01
9.270000000000000462e-01,-1.450639340025627333e-01,5.794149510056570973e-01
9.280000000000000471e-01,-1.447398632709153143e-01,5.795095169963604409e-01
9.290000000000000480e-01,-1.444269849052366439e-01,5.796005727656929896e-01
9.300000000000000488e-01,-1.441252999411950508e-01,5.796881409309478927e-01
9.310000000000000497e-01,-1.438348083753752116e-01,5.797722433284769883e-01
9.320000000000000506e-01,-1.435555093030474738e-01,5.798529010161115327e-01
9.330000000000000515e-01,-1.432874010265315634e-01,5.799301343004124032e-01
9.340000000000000524e-01,-1.430304811437154988e-01,5.800039627771049755e-01
9.350000000000000533e-01,-1.427847466225985462e-01,5.800744053764657071e-01
9.360000000000000542e-01,-1.425501938645009625e-01,5.801414804082738463e-01
9.370000000000000551e-01,-1.423268187578961563e-01,5.802052056021731463e-01
9.380000000000000560e-01,-1.421146167240225910e-01,5.802655981410782537e-01
9.390000000000000568e-01,-1.419135827550900009e-01,5.803226746868205277e-01
9.400000000000000577e-01,-1.417237114457650937e-01,5.803764513973639350e-01
9.410000000000000586e-01,-1.415449970189390505e-01,5.804269439365532524e-01
9.420000000000000595e-01,-1.413774333461181310e-01,5.804741674766948911e-01
9.430000000000000604e-01,-1.412210139635504402e-01,5.805181366956341238e-01
9.440000000000000613e-01,-1.410757320843994966e-01,5.805588657690864407e-01
9.450000000000000622e-01,-1.409415806077152500e-01,5.805963683595631863e-01
9.460000000000000631e-01,-1.408185521248205563e-01,5.806306576030452193e-01
9.470000000000000639e-01,-1.407066389234503112e-01,5.806617460941629894e-01
9.480000000000000648e-01,-1.406058329899755877e-01,5.806896458706163333e-01
9.490000000000000657e-01,-1.405161260102216758e-01,5.807143683975045656e-01
9.500000000000000666e-01,-1.404375093689311516e-01,5.807359245518669555e-01
9.510000000000000675e-01,-1.403699741481899410e-01,5.807543246076807275e-01
9.520000000000000684e-01,-1.403135111247726940e-01,5.807695782214816749e-01
9.530000000000000693e-01,-1.402681107668625471e-01,5.807816944186087182e-01
9.540000000000000702e-01,-1.402337632297470105e-01,5.807906815800647493e-01
9.550000000000000711e-01,-1.402104583510362934e-01,5.807965474299112696e-01
9.560000000000000719e-01,-1.401981856450505437e-01,5.807992990231969355e-01
9.570000000000000728e-01,-1.401969342967315790e-01,5.807989427342556965e-01
9.580000000000000737e-01,-1.402066931550139117e-01,5.807954842453244559e-01
9.590000000000000746e-01,-1.402274507256154323e-01,5.807889285356186981e-01
9.599999999999999645e-01,-1.402591951635288603e-01,5.807792798705686543e-01
9.609999999999999654e-01,-1.403019142650916984e-01,5.807665417915068851e-01
9.619999999999999662e-01,-1.403555954597541233e-01,5.807507171055854567e-01
9.629999999999999671e-01,-1.404202258016742921e-01,5.807318078762733204e-01
9.639999999999999680e-01,-1.404957919611931894e-01,5.807098154143575108e-01
9.649999999999999689e-01,-1.405822802161650897e-01,5.806847402692605353e-01
9.659999999999999698e-01,-1.406796764433460023e-01,5.806565822214161399e-01
9.669999999999999707e-01,-1.407879661098527524e-01,5.806253402751975212e-01
9.679999999999999716e-01,-1.409071342647122416e-01,5.805910126526966364e-01
9.689999999999999725e-01,-1.410371655306250638e-01,5.805535967884779547e-01
9.699999999999999734e-01,-1.411780440960137828e-01,5.805130893253924729e-01
9.709999999999999742e-01,-1.413297537071641630e-01,5.804694861112971171e-01
9.719999999999999751e-01,-1.414922776610804955e-01,5.804227821972098855e-01
9.729999999999999760e-01,-1.416655987981950970e-01,5.803729718361687606e-01
9.739999999999999769e-01,-1.418496994958349244e-01,5.803200484836523732e-01
9.749999999999999778e-01,-1.420445616619768758e-01,5.802640047991338701e-01
9.759999999999999787e-01,-1.422501667292912220e-01,5.802048326485870211e-01
9.769999999999999796e-01,-1.424664956498733481e-01,5.801425231085645118e-01
9.779999999999999805e-01,-1.426935288900575693e-01,5.800770664710945823e-01
9.789999999999999813e-01,-1.429312464259956394e-01,5.800084522499872053e-01
9.799999999999999822e-01,-1.431796277394619399e-01,5.799366691881484570e-01
9.809999999999999831e-01,-1.434386518140443045e-01,5.798617052660699489e-01
9.819999999999999840e-01,-1.437082971318776325e-01,5.797835477110677704e-01
9.829999999999999849e-01,-1.439885416706878640e-01,5.797021830080105742e-01
9.839999999999999858e-01,-1.442793629011444867e-01,5.796175969104526704e-01
9.849999999999999867e-01,-1.445807377847818653e-01,5.795297744530272244e-01
9.859999999999999876e-01,-1.448926427719330889e-01,5.794386999645586567e-01
9.869999999999999885e-01,-1.452150538002387470e-01,5.793443570813944232e-01
9.879999999999999893e-01,-1.455479462933529089e-01,5.792467287628325634e-01
9.889999999999999902e-01,-1.458912951597260699e-01,5.791457973046036933e-01
9.899999999999999911e-01,-1.462450744208126374e-01,5.790415444854901672e-01
9.909999999999999920e-01,-1.466092539641147274e-01,5.789339526987099527e-01
9.919999999999999929e-01,-1.469838103978854393e-01,5.788230012005313174e-01
9.929999999999999938e-01,-1.473687170430653115e-01,5.787086696344736492e-01
9.939999999999999947e-01,-1.477639464879385300e-01,5.785909371393465062e-01
9.949999999999999956e-01,-1.481694706933089078e-01,5.784697823278516227e-01
9.959999999999999964e-01,-1.485852610377618455e-01,5.783451832877215537e-01
9.969999999999999973e-01,-1.490112883443202862e-01,5.782171175898552784e-01
9.979999999999999982e-01,-1.494475228967283853e-01,5.780855623000695775e-01
9.989999999999999991e-01,-1.498939344485397118e-01,5.779504939931759955e-01
1.000000000000000000e+00,-1.503504922287633994e-01,5.778118887679091209e-01
1.001000000000000112e+00,-1.508171649452090257e-01,5.776697222627689143e-01
1.002000000000000002e+00,-1.512939207861003776e-01,5.775239696718452720e-01
1.003000000000000114e+00,-1.517807274211669388e-01,5.773746057605271265e-01
1.004000000000000004e+00,-1.522775520019113427e-01,5.772216048811874556e-01
1.005000000000000115e+00,-1.527843611614468355e-01,5.770649409881665193e-01
1.006000000000000005e+00,-1.533011210141977942e-01,5.769045876527021388e-01
1.007000000000000117e+00,-1.538277971551111345e-01,5.767405180771455475e-01
1.008000000000000007e+00,-1.543643546588412407e-01,5.765727051086044774e-01
1.009000000000000119e+00,-1.549107580784666316e-01,5.764011212521933381e-01
1.010000000000000009e+00,-1.554669714442066808e-01,5.762257386836511230e-01
1.011000000000000121e+00,-1.560329582618106004e-01,5.760465292612830801e-01
1.012000000000000011e+00,-1.566086815107768093e-01,5.758634645374831607e-01
1.013000000000000123e+00,-1.571941036423376847e-01,5.756765157695096224e-01
1.014000000000000012e+00,-1.577891865772988456e-01,5.754856539298007778e-01
1.015000000000000124e+00,-1.583938917035914995e-01,5.752908497156359324e-01
1.016000000000000014e+00,-1.590081798737534857e-01,5.750920735583250343e-01
1.017000000000000126e+00,-1.596320114021261283e-01,5.748892956317768199e-01
1.018000000000000016e+00,-1.602653460619623549e-01,5.746824858605855679e-01
1.019000000000000128e+00,-1.609081430823283143e-01,5.744716139276834221e-01
1.020000000000000018e+00,-1.615603611448542254e-01,5.742566492814260570e-01
1.021000000000000130e+00,-1.622219583804123677e-01,5.740375611423279567e-01
1.022000000000000020e+00,-1.628928923656331740e-01,5.738143185093588228e-01
1.023000000000000131e+00,-1.635731201193201256e-01,5.735868901659132435e-01
1.024000000000000021e+00,-1.642625980988221823e-01,5.733552446854026652e-01
1.024999999999999911e+00,-1.649612821963304388e-01,5.731193504366434155e-01
1.026000000000000023e+00,-1.656691277351187985e-01,5.728791755889186543e-01
1.026999999999999913e+00,-1.663860894657989142e-01,5.726346881168874470e-01
1.028000000000000025e+00,-1.671121215625558376e-01,5.723858558053844803e-01
1.028999999999999915e+00,-1.678471776194324083e-01,5.721326462539652047e-01
1.030000000000000027e+00,-1.685912106466189442e-01,5.718750268815544491e-01
1.030999999999999917e+00,-1.693441730668733269e-01,5.716129649309535932e-01
1.032000000000000028e+00,-1.701060167119962108e-01,5.713464274734119108e-01
1.032999999999999918e+00,-1.708766928194070944e-01,5.710753814132465411e-01
1.034000000000000030e+00,-1.716561520289137110e-01,5.707997934925904682e-01
1.034999999999999920e+00,-1.724443443795818931e-01,5.705196302962165511e-01
1.036000000000000032e+00,-1.732412193068308404e-01,5.702348582566511004e-01
1.036999999999999922e+00,-1.740467256396724671e-01,5.699454436593733853e-01
1.038000000000000034e+00,-1.748608115982335509e-01,5.696513526483421019e-01
1.038999999999999924e+00,-1.756834247914612068e-01,5.693525512318204918e-01
1.040000000000000036e+00,-1.765145122151087764e-01,5.690490052884062955e-01
1.040999999999999925e+00,-1.773540202499557794e-01,5.687406805734935844e-01
1.042000000000000037e+00,-1.782018946603677323e-01,5.684275427260496727e-01
1.042999999999999927e+00,-1.790580805930771791e-01,5.681095572757584033e-01
1.044000000000000039e+00,-1.799225225763214919e-01,5.677866896505449068e-01
1.044999999999999929e+00,-1.807951645192708290e-01,5.674589051845533305e-01
1.046000000000000041e+00,-1.816759497117796385e-01,5.671261691264635196e-01
1.046999999999999931e+00,-1.825648208244732007e-01,5.667884466482924211e-01
1.048000000000000043e+00,-1.834617199091478634e-01,5.664457028545741846e-01
1.048999999999999932e+00,-1.843665883995244670e-01,5.660979027919972317e-01
1.050000000000000044e+00,-1.852793671123214581e-01,5.657450114594306800e-01
1.050999999999999934e+00,-1.861999962486718951e-01,5.653869938184005184e-01
1.052000000000000046e+00,-1.871284153958611696e-01,5.650238148039479213e-01
1.052999999999999936e+00,-1.880645635294044826e-01,5.646554393359033419e-01
1.054000000000000048e+00,-1.890083790154442611e-01,5.642818323305502926e-01
1.054999999999999938e+00,-1.899597996134361200e-01,5.639029587126244136e-01
1.056000000000000050e+00,-1.909187624791849891e-01,5.635187834277229912e-01
1.056999999999999940e+00,-1.918852041681478049e-01,5.631292714549980261e-01
1.058000000000000052e+00,-1.928590606390331030e-01,5.627343878201951366e-01
1.058999999999999941e+00,-1.938402672576514663e-01,5.623340976089399312e-01
1.060000000000000053e+00,-1.948287588010660376e-01,5.619283659803606668e-01
1.060999999999999943e+00,-1.958244694619596382e-01,5.615171581808873214e-01
1.062000000000000055e+00,-1.968273328532313127e-01,5.611004395582892545e-01
1.062999999999999945e+00,-1.978372820128145027e-01,5.606781755758920571e-01
1.064000000000000057e+00,-1.988542494087131574e-01,5.602503318269829169e-01
1.064999999999999947e+00,-1.998781669441733744e-01,5.598168740493136841e-01
1.066000000000000059e+00,-2.009089659630707569e-01,5.593777681397195112e-01
1.066999999999999948e+00,-2.019465772553897254e-01,5.589329801688158739e-01
1.068000000000000060e+00,-2.029909310629041119e-01,5.584824763957607630e-01
1.068999999999999950e+00,-2.040419570848936714e-01,5.580262232830008884e-01
1.070000000000000062e+00,-2.050995844840011184e-01,5.575641875110491918e-01
1.070999999999999952e+00,-2.061637418921696552e-01,5.570963359932213921e-01
1.072000000000000064e+00,-2.072343574166194968e-01,5.566226358903085814e-01
1.072999999999999954e+00,-2.083113586458882893e-01,5.561430546251886486e-01
1.074000000000000066e+00,-2.093946726558883753e-01,5.556575598973155783e-01
1.074999999999999956e+00,-2.104842260160067480e-01,5.551661196971158230e-01
1.076000000000000068e+00,-2.115799447951746959e-01,5.546687023202245825e-01
1.076999999999999957e+00,-2.126817545679626775e-01,5.541652763815665406e-01
1.078000000000000069e+00,-2.137895804206355332e-01,5.536558108292781721e-01
1.078999999999999959e+00,-2.149033469571656196e-01,5.531402749583997913e-01
1.080000000000000071e+00,-2.160229783052611818e-01,5.526186384244438088e-01
1.080999999999999961e+00,-2.171483981222650517e-01,5.520908712566483523e-01
1.082000000000000073e+00,-2.182795296010862640e-01,5.515569438711096506e-01
1.082999999999999963e+00,-2.194162954760057738e-01,5.510168270836039994e-01
1.084000000000000075e+00,-2.205586180284594133e-01,5.504704921222305369e-01
1.084999999999999964e+00,-2.217064190927456324e-01,5.499179106397902306e-01
1.086000000000000076e+00,-2.228596200616614342e-01,5.493590547259172840e-01
1.086999999999999966e+00,-2.240181418920787204e-01,5.487938969189845029e-01
1.088000000000000078e+00,-2.251819051104629321e-01,5.482224102177615244e-01
1.088999999999999968e+00,-2.263508298183183887e-01,5.476445680928265780e-01
1.090000000000000080e+00,-2.275248356975869413e-01,5.470603444977446550e-01
1.090999999999999970e+00,-2.287038420159960839e-01,5.464697138800291842e-01
1.092000000000000082e+00,-2.298877676323501928e-01,5.458726511918439162e-01
1.092999999999999972e+00,-2.310765310018088048e-01,5.452691319005371628e-01
1.094000000000000083e+00,-2.322700501811090223e-01,5.446591319989020352e-01
1.094999999999999973e+00,-2.334682428337911952e-01,5.440426280152976801e-01
1.096000000000000085e+00,-2.346710262354076704e-01,5.434195970235340400e-01
1.096999999999999975e+00,-2.358783172787424776e-01,5.427900166526036241e-01
1.098000000000000087e+00,-2.370900324790286284e-01,5.421538650962115513e-01
1.098999999999999977e+00,-2.383060879792218423e-01,5.415111211221825815e-01
1.100000000000000089e+00,-2.395263995552865954e-01,5.408617640816800742e-01
1.100999999999999979e+00,-2.407508826215571940e-01,5.402057739183232510e-01
1.102000000000000091e+00,-2.419794522361637390e-01,5.395431311771530236e-01
1.102999999999999980e+00,-2.432120231065270644e-01,5.388738170134979022e-01
1.104000000000000092e+00,-2.444485095949664732e-01,5.381978132017160021e-01
1.104999999999999982e+00,-2.456888257244084772e-01,5.375151021438739907e-01
1.106000000000000094e+00,-2.469328851842139405e-01,5.368256668783101260e-01
1.106999999999999984e+00,-2.481806013361560204e-01,5.361294910881542197e-01
1.108000000000000096e+00,-2.494318872205373294e-01,5.354265591097633337e-01
1.108999999999999986e+00,-2.506866555624587267e-01,5.347168559410988564e-01
1.110000000000000098e+00,-2.519448187782927229e-01,5.340003672500832632e-01
1.110999999999999988e+00,-2.532062889823007423e-01,5.332770793828830458e-01
1.112000000000000099e+00,-2.544709779934860583e-01,5.325469793721806511e-01
1.112999999999999989e+00,-2.557387973426148431e-01,5.318100549454042314e-01
1.114000000000000101e+00,-2.570096582794768603e-01,5.310662945329398532e-01
1.114999999999999991e+00,-2.582834717803557112e-01,5.303156872763179486e-01
1.116000000000000103e+00,-2.595601485557324506e-01,5.295582230363919951e-01
1.116999999999999993e+00,-2.608395990582100255e-01,5.287938924014800035e-01
1.118000000000000105e+00,-2.621217334906994489e-01,5.280226866955131104e-01
1.118999999999999995e+00,-2.634064618148199699e-01,5.272445979861470899e-01
1.120000000000000107e+00,-2.646936937595741335e-01,5.264596190928791941e-01
1.120999999999999996e+00,-2.659833388302350610e-01,5.256677435951142563e-01
1.122000000000000108e+00,-2.672753063175111188e-01,5.248689658402453384e-01
1.122999999999999998e+00,-2.685695053069419025e-01,5.240632809516795332e-01
1.124000000000000110e+00,-2.698658446885295326e-01,5.232506848368396746e-01
1.125000000000000000e+00,-2.711642331666275774e-01,5.224311741951495058e-01
1.126000000000000112e+00,-2.724645792700577385e-01,5.216047465259402438e-01
1.127000000000000002e+00,-2.737667913624552973e-01,5.207714001363565881e-01
1.128000000000000114e+00,-2.750707776528426018e-01,5.199311341491518190e-01
1.129000000000000004e+00,-2.763764462064275396e-01,5.190839485104787876e-01
1.130000000000000115e+00,-2.776837049556026282e-01,5.182298439975598914e-01
1.131000000000000005e+00,-2.789924617111507743e-01,5.173688222263126413e-01
1.132000000000000117e+00,-2.803026241736473745e-01,5.165008856588695352e-01
1.133000000000000007e+00,-2.816140999450444382e-01,5.156260376110091137e-01
1.134000000000000119e+00,-2.829267965404191343e-01,5.147442822594756606e-01
1.135000000000000009e+00,-2.842406213999006948e-01,5.138556246491916557e-01
1.136000000000000121e+00,-2.855554819007365408e-01,5.129600707003456606e-01
1.137000000000000011e+00,-2.868712853694957987e-01,5.120576272153373187e-01
1.138000000000000123e+00,-2.881879390944111496e-01,5.111483018855913496e-01
1.139000000000000012e+00,-2.895053503378289816e-01,5.102321032982221061e-01
1.140000000000000124e+00,-2.908234263487654570e-01,5.093090409425276022e-01
1.141000000000000014e+00,-2.921420743755450689e-01,5.083791252163247787e-01
1.142000000000000126e+00,-2.934612016785437261e-01,5.074423674321103528e-01
1.143000000000000016e+00,-2.947807155429664761e-01,5.064987798230300431e-01
1.144000000000000128e+00,-2.961005232917036656e-01,5.055483755486585018e-01
1.145000000000000018e+00,-2.974205322982323985e-01,5.045911687005930624e-01
1.146000000000000130e+00,-2.987406499995396425e-01,5.036271743078223340e-01
1.147000000000000020e+00,-3.000607839090770335e-01,5.026564083419019502e-01
1.148000000000000131e+00,-3.013808416297349968e-01,5.016788877219048315e-01
1.149000000000000021e+00,-3.027007308668061558e-01,5.006946303191526226e-01
1.150000000000000133e+00,-3.040203594409596755e-01,4.997036549617123735e-01
1.151000000000000023e+00,-3.053396353012006181e-01,4.987059814386872736e-01
1.152000000000000135e+00,-3.066584665377959373e-01,4.977016305042359923e-01
1.153000000000000025e+00,-3.079767613951952532e-01,4.966906238813895702e-01
1.153999999999999915e+00,-3.092944282848989479e-01,4.956729842656061313e-01
1.155000000000000027e+00,-3.106113757983030021e-01,4.946487353280915045e-01
1.155999999999999917e+00,-3.119275127194901520e-01,4.936179017188824236e-01
1.157000000000000028e+00,-3.132427480379803564e-01,4.925805090696659949e-01
1.157999999999999918e+00,-3.145569909614313042e-01,4.915365839963726780e-01
1.159000000000000030e+00,-3.158701509282768605e-01,4.904861541015126392e-01
1.159999999999999920e+00,-3.171821376203262099e-01,4.894292479762678005e-01
1.161000000000000032e+00,-3.184928609752885054e-01,4.883658952023305355e-01
1.161999999999999922e+00,-3.198022311992598787e-01,4.872961263535158238e-01
1.163000000000000034e+00,-3.211101587791403977e-01,4.862199729971075080e-01
1.163999999999999924e+00,-3.224165544949889051e-01,4.851374676949671283e-01
1.165000000000000036e+00,-3.237213294323524337e-01,4.840486440044129424e-01
1.165999999999999925e+00,-3.250243949945016420e-01,4.829535364788406504e-01
1.167000000000000037e+00,-3.263256629146454313e-01,4.818521806681145270e-01
1.167999999999999927e+00,-3.276250452680758984e-01,4.807446131187196325e-01
1.169000000000000039e+00,-3.289224544842818121e-01,4.796308713736799900e-01
1.169999999999999929e+00,-3.302178033590059125e-01,4.785109939722453909e-01
1.171000000000000041e+00,-3.315110050662660179e-01,4.773850204493428340e-01
1.171999999999999931e+00,-3.328019731703354411e-01,4.762529913348019228e-01
1.173000000000000043e+00,-3.340906216376899884e-01,4.751149481523568308e-01
1.173999999999999932e+00,-3.353768648489194870e-01,4.739709334184149525e-01
1.175000000000000044e+00,-3.366606176106199388e-01,4.728209906406207752e-01
1.175999999999999934e+00,-3.379417951672455400e-01,4.716651643161800522e-01
1.177000000000000046e+00,-3.392203132129519849e-01,4.705034999299795295e-01
1.177999999999999936e+00,-3.404960879034089616e-01,4.693360439524850714e-01
1.179000000000000048e+00,-3.417690358676023221e-01,4.681628438374257906e-01
1.179999999999999938e+00,-3.430390742196148812e-01,4.669839480192696790e-01
1.181000000000000050e+00,-3.443061205704017191e-01,4.657994059104840212e-01
1.181999999999999940e+00,-3.455700930395489978e-01,4.646092678985921376e-01
1.183000000000000052e+00,-3.468309102670151800e-01,4.634135853430073060e-01
1.183999999999999941e+00,-3.480884914248788542e-01,4.622124105716869380e-01
1.185000000000000053e+00,-3.493427562290633004e-01,4.610057968775537196e-01
1.185999999999999943e+00,-3.505936249510517855e-01,4.597937985147287909e-01
1.187000000000000055e+00,-3.518410184296004717e-01,4.585764706945539282e-01
1.187999999999999945e+00,-3.530848580824351712e-01,4.573538695814195476e-01
1.189000000000000057e+00,-3.543250659179302819e-01,4.561260522883788804e-01
1.189999999999999947e+00,-3.555615645467739006e-01,4.548930768725677476e-01
1.191000000000000059e+00,-3.567942771936257196e-01,4.536550023304286583e-01
1.191999999999999948e+00,-3.580231277087321251e-01,4.524118885927202460e-01
1.193000000000000060e+00,-3.592480405795350773e-01,4.511637965193420197e-01
1.193999999999999950e+00,-3.604689409422362489e-01,4.499107878939472283e-01
1.195000000000000062e+00,-3.616857545933411799e-01,4.486529254183697080e-01
1.195999999999999952e+00,-3.628984080011511959e-01,4.473902727068386764e-01
1.197000000000000064e+00,-3.641068283172166353e-01,4.461228942800032904e-01
1.197999999999999954e+00,-3.653109433877332335e-01,4.448508555587570301e-01
1.199000000000000066e+00,-3.665106817648948745e-01,4.435742228578666291e-01
1.199999999999999956e+00,-3.677059727181635207e-01,4.422930633794017741e-01
1.201000000000000068e+00,-3.688967462454796342e-01,4.410074452059652428e-01
1.201999999999999957e+00,-3.700829330843973253e-01,4.397174372937372455e-01
1.203000000000000069e+00,-3.712644647231211348e-01,4.384231094653091576e-01
1.203999999999999959e+00,-3.724412734114627144e-01,4.371245324023403378e-01
1.205000000000000071e+00,-3.736132921716884825e-01,4.358217776380022279e-01
1.205999999999999961e+00,-3.747804548092660282e-01,4.345149175492498683e-01
1.207000000000000073e+00,-3.759426959234860033e-01,4.332040253488804726e-01
1.207999999999999963e+00,-3.770999509179646658e-01,4.318891750774186411e-01
1.209000000000000075e+00,-3.782521560110181369e-01,4.305704415948010677e-01
1.209999999999999964e+00,-3.793992482458836690e-01,4.292479005718785046e-01
1.211000000000000076e+00,-3.805411655008122951e-01,4.279216284817285443e-01
1.211999999999999966e+00,-3.816778464989921682e-01,4.265917025907849380e-01
1.213000000000000078e+00,-3.828092308183109749e-01,4.252582009497801185e-01
1.213999999999999968e+00,-3.839352589009576988e-01,4.239212023845113642e-01
1.215000000000000080e+00,-3.850558720628384224e-01,4.225807864864188357e-01
1.215999999999999970e+00,-3.861710125028198215e-01,4.212370336030007989e-01
1.217000000000000082e+00,-3.872806233117668806e-01,4.198900248280322822e-01
1.217999999999999972e+00,-3.883846484814034161e-01,4.185398419916330770e-01
1.219000000000000083e+00,-3.894830329129568280e-01,4.171865676501457787e-01
1.219999999999999973e+00,-3.905757224256078408e-01,4.158302850758600622e-01
1.221000000000000085e+00,-3.916626637647181441e-01,4.144710782465605980e-01
1.221999999999999975e+00,-3.927438046098469249e-01,4.131090318349183721e-01
1.223000000000000087e+00,-3.938190935825465200e-01,4.117442311977205227e-01
1.223999999999999977e+00,-3.948884802539315841e-01,4.103767623649405838e-01
1.225000000000000089e+00,-3.959519151520152214e-01,4.090067120286546842e-01
1.225999999999999979e+00,-3.970093497688253481e-01,4.076341675318121971e-01
1.227000000000000091e+00,-3.980607365672690356e-01,4.062592168568452400e-01
1.227999999999999980e+00,-3.991060289877721434e-01,4.048819486141455593e-01
1.229000000000000092e+00,-4.001451814546758134e-01,4.035024520303920337e-01
1.229999999999999982e+00,-4.011781493823828870e-01,4.021208169367413987e-01
1.231000000000000094e+00,-4.022048891812693983e-01,4.007371337568776948e-01
1.231999999999999984e+00,-4.032253582633509303e-01,3.993514934949403683e-01
1.233000000000000096e+00,-4.042395150476928989e-01,3.979639877233089873e-01
1.233999999999999986e+00,-4.052473189655853569e-01,3.965747085702738817e-01
1.235000000000000098e+00,-4.062487304654580633e-01,3.951837487075734456e-01
1.235999999999999988e+00,-4.072437110175560759e-01,3.937912013378197518e-01
1.237000000000000099e+00,-4.082322231183624917e-01,3.923971601818022625e-01
1.237999999999999989e+00,-4.092142302947672228e-01,3.910017194656817963e-01
1.239000000000000101e+00,-4.101896971080014609e-01,3.896049739080733043e-01
1.239999999999999991e+00,-4.111585891573033003e-01,3.882070187070222889e-01
1.241000000000000103e+00,-4.121208730833528788e-01,3.868079495268780810e-01
1.241999999999999993e+00,-4.130765165714423426e-01,3.854078624850691970e-01
1.243000000000000105e+00,-4.140254883544171038e-01,3.840068541387793299e-01
1.243999999999999995e+00,-4.149677582153487032e-01,3.826050214715335240e-01
1.245000000000000107e+00,-4.159032969899752463e-01,3.812024618796905351e-01
1.245999999999999996e+00,-4.168320765688927620e-01,3.797992731588561988e-01
1.247000000000000108e+00,-4.177540698994910429e-01,3.783955534902070372e-01
1.247999999999999998e+00,-4.186692509876574486e-01,3.769914014267398694e-01
1.249000000000000110e+00,-4.195775948992239712e-01,3.755869158794433726e-01
1.250000000000000000e+00,-4.204790777611739916e-01,3.741821961033963140e-01
1.251000000000000112e+00,-4.213736767626022894e-01,3.727773416838002785e-01
1.252000000000000002e+00,-4.222613701554344123e-01,3.713724525219494477e-01
1.253000000000000114e+00,-4.231421372548929138e-01,3.699676288211298791e-01
1.254000000000000004e+00,-4.240159584397280024e-01,3.685629710724720454e-01
1.255000000000000115e+00,-4.248828151521955032e-01,3.671585800407428657e-01
1.256000000000000005e+00,-4.257426898977936247e-01,3.657545567500893324e-01
1.257000000000000117e+00,-4.265955662447586949e-01,3.643510024697360072e-01
1.258000000000000007e+00,-4.274414288233037151e-01,3.629480186996409952e-01
1.259000000000000119e+00,-4.282802633246219903e-01,3.615457071561097302e-01
1.260000000000000009e+00,-4.291120564996361297e-01,3.601441697573788403e-01
1.261000000000000121e+00,-4.299367961575086827e-01,3.587435086091636527e-01
1.262000000000000011e+00,-4.307544711638932045e-01,3.573438259901861036e-01
1.263000000000000123e+00,-4.315650714389468456e-01,3.559452243376711733e-01
1.264000000000000012e+00,-4.323685879550888123e-01,3.545478062328318303e-01
1.265000000000000124e+00,-4.331650127345099688e-01,3.531516743863352126e-01
1.266000000000000014e+00,-4.339543388464297546e-01,3.517569316237617594e-01
1.267000000000000126e+00,-4.347365604041019127e-01,3.503636808710507422e-01
1.268000000000000016e+00,-4.355116725615711393e-01,3.489720251399566764e-01
1.269000000000000128e+00,-4.362796715101691092e-01,3.475820675134918547e-01
1.270000000000000018e+00,-4.370405544747641424e-01,3.461939111313903639e-01
1.271000000000000130e+00,-4.377943197097473038e-01,3.448076591755691589e-01
1.272000000000000020e+00,-4.385409664947721442e-01,3.434234148556160049e-01
1.273000000000000131e+00,-4.392804951302267669e-01,3.420412813942864116e-01
1.274000000000000021e+00,-4.400129069324603681e-01,3.406613620130314324e-01
1.275000000000000133e+00,-4.407382042287425472e-01,3.392837599175470564e-01
1.276000000000000023e+00,-4.414563903519721499e-01,3.379085782833616824e-01
1.277000000000000135e+00,-4.421674696351191591e-01,3.365359202414523465e-01
1.278000000000000025e+00,-4.428714474054187278e-01,3.351658888639080791e-01
1.279000000000000137e+00,-4.435683299782977040e-01,3.337985871496316759e-01
1.280000000000000027e+00,-4.442581246510441950e-01,3.324341180100945925e-01
1.280999999999999917e+00,-4.449408396962251100e-01,3.310725842551410780e-01
1.282000000000000028e+00,-4.456164843548369725e-01,3.297140885788512055e-01
1.282999999999999918e+00,-4.462850688292062662e-01,3.283587335454632994e-01
1.284000000000000030e+00,-4.469466042756279900e-01,3.270066215753595351e-01
1.284999999999999920e+00,-4.476011027967529143e-01,3.256578549311231474e-01
1.286000000000000032e+00,-4.482485774337172657e-01,3.243125357036621970e-01
1.286999999999999922e+00,-4.488890421580162271e-01,3.229707657984173252e-01
1.288000000000000034e+00,-4.495225118631365202e-01,3.216326469216396755e-01
1.288999999999999924e+00,-4.501490023559211462e-01,3.202982805667599076e-01
1.290000000000000036e+00,-4.507685303477000360e-01,3.189677680008359828e-01
1.290999999999999925e+00,-4.513811134451666818e-01,3.176412102510995372e-01
1.292000000000000037e+00,-4.519867701410130167e-01,3.163187080915851879e-01
1.292999999999999927e+00,-4.525855198043176042e-01,3.150003620298665319e-01
1.294000000000000039e+00,-4.531773826706975705e-01,3.136862722938815184e-01
1.294999999999999929e+00,-4.537623798322216184e-01,3.123765388188712855e-01
1.296000000000000041e+00,-4.543405332270883945e-01,3.110712612344129768e-01
1.296999999999999931e+00,-4.549118656290720986e-01,3.097705388515697433e-01
1.298000000000000043e+00,-4.554764006367406082e-01,3.084744706501459377e-01
1.298999999999999932e+00,-4.560341626624444533e-01,3.071831552660629350e-01
1.300000000000000044e+00,-4.565851769210906297e-01,3.058966909788407018e-01
1.300999999999999934e+00,-4.571294694186879282e-01,3.046151756992090953e-01
1.302000000000000046e+00,-4.576670669406843195e-01,3.033387069568322381e-01
1.302999999999999936e+00,-4.581979970400907876e-01,3.020673818881634554e-01
1.304000000000000048e+00,-4.587222880253913893e-01,3.008012972244162864e-01
1.304999999999999938e+00,-4.592399689482613567e-01,2.995405492796760494e-01
1.306000000000000050e+00,-4.597510695910714817e-01,2.982852339391280916e-01
1.306999999999999940e+00,-4.602556204542047613e-01,2.970354466474289246e-01
1.308000000000000052e+00,-4.607536527431818629e-01,2.957912823972034255e-01
1.308999999999999941e+00,-4.612451983555904134e-01,2.945528357176838696e-01
1.310000000000000053e+00,-4.617302898678400380e-01,2.933202006634800796e-01
1.310999999999999943e+00,-4.622089605217338804e-01,2.920934708034942928e-01
1.312000000000000055e+00,-4.626812442108659829e-01,2.908727392099724196e-01
1.312999999999999945e+00,-4.631471754668460283e-01,2.896580984477022391e-01
1.314000000000000057e+00,-4.636067894453623772e-01,2.884496405633498739e-01
1.314999999999999947e+00,-4.640601219120806809e-01,2.872474570749459222e-01
1.316000000000000059e+00,-4.645072092283843990e-01,2.860516389615148092e-01
1.316999999999999948e+00,-4.649480883369684348e-01,2.848622766528562389e-01
1.318000000000000060e+00,-4.653827967472797811e-01,2.836794600194690874e-01
1.318999999999999950e+00,-4.658113725208131717e-01,2.825032783626330035e-01
1.320000000000000062e+00,-4.662338542562792787e-01,2.813338204046370028e-01
1.320999999999999952e+00,-4.666502810746231966e-01,2.801711742791587190e-01
1.322000000000000064e+00,-4.670606926039271301e-01,2.790154275218020841e-01
1.322999999999999954e+00,-4.674651289641833518e-01,2.778666670607876643e-01
1.324000000000000066e+00,-4.678636307519455917e-01,2.767249792077944859e-01
1.324999999999999956e+00,-4.682562390248668494e-01,2.755904496489628430e-01
1.326000000000000068e+00,-4.686429952861308479e-01,2.744631634360505390e-01
1.326999999999999957e+00,-4.690239414687726316e-01,2.733432049777504425e-01
1.328000000000000069e+00,-4.693991199198987441e-01,2.722306580311595892e-01
1.328999999999999959e+00,-4.697685733848170897e-01,2.711256056934142622e-01
1.330000000000000071e+00,-4.701323449910670971e-01,2.700281303934788379e-01
1.330999999999999961e+00,-4.704904782323744428e-01,2.689383138840985010e-01
1.332000000000000073e+00,-4.708430169525101849e-01,2.678562372339078901e-01
1.332999999999999963e+00,-4.711900053290891122e-01,2.667819808197038345e-01
1.334000000000000075e+00,-4.715314878572834378e-01,2.657156243188741884e-01
1.334999999999999964e+00,-4.718675093334772086e-01,2.646572467019938646e-01
1.336000000000000076e+00,-4.721981148388550986e-01,2.636069262255729129e-01
1.336999999999999966e+00,-4.725233497229384128e-01,2.625647404249742412e-01
1.338000000000000078e+00,-4.728432595870628585e-01,2.615307661074853796e-01
1.338999999999999968e+00,-4.731578902678171827e-01,2.605050793455563896e-01
1.340000000000000080e+00,-4.734672878204307933e-01,2.594877554701915390e-01
1.340999999999999970e+00,-4.737714985021357350e-01,2.584788690645083986e-01
1.342000000000000082e+00,-4.740705687554854220e-01,2.574784939574497056e-01
1.342999999999999972e+00,-4.743645451916554956e-01,2.564867032176610939e-01
1.344000000000000083e+00,-4.746534745737165384e-01,2.555035691475195381e-01
1.344999999999999973e+00,-4.749374037998972953e-01,2.545291632773309942e-01
1.346000000000000085e+00,-4.752163798868295208e-01,2.535635563596715936e-01
1.346999999999999975e+00,-4.754904499527936590e-01,2.526068183638985332e-01
1.348000000000000087e+00,-4.757596612009575843e-01,2.516590184708049072e-01
1.348999999999999977e+00,-4.760240609026225034e-01,2.507202250674414601e-01
1.350000000000000089e+00,-4.762836963804822354e-01,2.497905057420804487e-01
1.350999999999999979e+00,-4.765386149918900971e-01,2.488699272793387929e-01
1.352000000000000091e+00,-4.767888641121511561e-01,2.479585556554499970e-01
1.352999999999999980e+00,-4.770344911178414082e-01,2.470564560336889481e-01
1.354000000000000092e+00,-4.772755433701534322e-01,2.461636927599401281e-01
1.354999999999999982e+00,-4.775120681982802373e-01,2.452803293584197020e-01
1.356000000000000094e+00,-4.777441128828431305e-01,2.444064285275358572e-01
1.356999999999999984e+00,-4.779717246393655472e-01,2.435420521358999668e-01
1.358000000000000096e+00,-4.781949506017968421e-01,2.426872612184746425e-01
1.358999999999999986e+00,-4.784138378060979746e-01,2.418421159728677272e-01
1.360000000000000098e+00,-4.786284331738873687e-01,2.410066757557596528e-01
1.360999999999999988e+00,-4.788387834961590483e-01,2.401809990794728511e-01
1.362000000000000099e+00,-4.790449354170704943e-01,2.393651436086721707e-01
1.362999999999999989e+00,-4.792469354178145458e-01,2.385591661571999644e-01
1.364000000000000101e+00,-4.794448298005750675e-01,2.377631226850429047e-01
1.364999999999999991e+00,-4.796386646725686598e-01,2.369770682954270846e-01
1.366000000000000103e+00,-4.798284859301900074e-01,2.362010572320379365e-01
1.366999999999999993e+00,-4.800143392432495437e-01,2.354351428763691023e-01
1.368000000000000105e+00,-4.801962700393265226e-01,2.346793777451892105e-01
1.368999999999999995e+00,-4.803743234882274504e-01,2.339338134881301379e-01
1.370000000000000107e+00,-4.805485444865633116e-01,2.331985008853945662e-01
1.370999999999999996e+00,-4.807189776424480310e-01,2.324734898455778354e-01
1.372000000000000108e+00,-4.808856672603293303e-01,2.317588294035986818e-01
1.372999999999999998e+00,-4.810486573259458165e-01,2.310545677187499092e-01
1.374000000000000110e+00,-4.812079914914259016e-01,2.303607520728481739e-01
1.375000000000000000e+00,-4.813637130605273873e-01,2.296774288684934329e-01
1.376000000000000112e+00,-4.815158649740309826e-01,2.290046436274312813e-01
1.377000000000000002e+00,-4.816644897952760962e-01,2.283424409890162377e-01
1.378000000000000114e+00,-4.818096296958671032e-01,2.276908647087727000e-01
1.379000000000000004e+00,-4.819513264415331566e-01,2.270499576570503830e-01
1.380000000000000115e+00,-4.820896213781633022e-01,2.264197618177769822e-01
1.381000000000000005e+00,-4.822245554180073501e-01,2.258003182872963810e-01
1.382000000000000117e+00,-4.823561690260609325e-01,2.251916672732992286e-01
1.383000000000000007e+00,-4.824845022066290845e-01,2.245938480938387827e-01
1.384000000000000119e+00,-4.826095944900784529e-01,2.240068991764247730e-01
1.385000000000000009e+00,-4.827314849197810176e-01,2.234308580572066383e-01
1.386000000000000121e+00,-4.828502120392532682e-01,2.228657613802293158e-01
1.387000000000000011e+00,-4.829658138794989952e-01,2.223116448967631664e-01
1.388000000000000123e+00,-4.830783279465534208e-01,2.217685434647141962e-01
1.389000000000000012e+00,-4.831877912092388816e-01,2.212364910481006697e-01
1.390000000000000124e+00,-4.832942400871370614e-01,2.207155207165957811e-01
1.391000000000000014e+00,-4.833977104387755519e-01,2.202056646451435173e-01
1.392000000000000126e+00,-4.834982375500364582e-01,2.197069541136309478e-01
1.393000000000000016e+00,-4.835958561227964858e-01,2.192194195066302365e-01
1.394000000000000128e+00,-4.836906002637915147e-01,2.187430903131893645e-01
1.395000000000000018e+00,-4.837825034737193719e-01,2.182779951266910767e-01
1.396000000000000130e+00,-4.838715986365833555e-01,2.178241616447586793e-01
1.397000000000000020e+00,-4.839579180092665744e-01,2.173816166692182916e-01
1.398000000000000131e+00,-4.840414932113671354e-01,2.169503861061082839e-01
1.399000000000000021e+00,-4.841223552152749132e-01,2.165304949657423650e-01
1.400000000000000133e+00,-4.842005343364990111e-01,2.161219673628114180e-01
1.401000000000000023e+00,-4.842760602242554002e-01,2.157248265165387646e-01
1.402000000000000135e+00,-4.843489618523169615e-01,2.153390947508696807e-01
1.403000000000000025e+00,-4.844192675101227086e-01,2.149647934947050976e-01
1.404000000000000137e+00,-4.844870047941516877e-01,2.146019432821732464e-01
1.405000000000000027e+00,-4.845522005995722692e-01,2.142505637529389939e-01
1.406000000000000139e+00,-4.846148811121602784e-01,2.139106736525465402e-01
1.407000000000000028e+00,-4.846750718004928515e-01,2.135822908327932035e-01
1.407999999999999918e+00,-4.847327974084238988e-01,2.132654322521412571e-01
1.409000000000000030e+00,-4.847880819478340708e-01,2.129601139761543582e-01
1.409999999999999920e+00,-4.848409486916727129e-01,2.126663511779619264e-01
1.411000000000000032e+00,-4.848914201672797630e-01,2.123841581387554134e-01
1.411999999999999922e+00,-4.849395181500026908e-01,2.121135482483034185e-01
1.413000000000000034e+00,-4.849852636570978204e-01,2.118545340054958648e-01
1.413999999999999924e+00,-4.850286769419313582e-01,2.116071270189121556e-01
1.415000000000000036e+00,-4.850697774884754065e-01,2.113713380074015713e-01
1.415999999999999925e+00,-4.851085840060960219e-01,2.111471768006973337e-01
1.417000000000000037e+00,-4.851451144246513580e-01,2.109346523400390250e-01
1.417999999999999927e+00,-4.851793858898819645e-01,2.107337726788192922e-01
1.419000000000000039e+00,-4.852114147591129467e-01,2.105445449832467064e-01
1.419999999999999929e+00,-4.852412165972557201e-01,2.103669755330214997e-01
1.421000000000000041e+00,-4.852688061731169622e-01,2.102010697220338675e-01
1.421999999999999931e+00,-4.852941974560223137e-01,2.100468320590700710e-01
1.423000000000000043e+00,-4.853174036127432256e-01,2.099042661685368572e-01
1.423999999999999932e+00,-4.853384370047367224e-01,2.097733747912000346e-01
1.425000000000000044e+00,-4.853573091856969168e-01,2.096541597849304883e-01
1.425999999999999934e+00,-4.853740308994253239e-01,2.095466221254732309e-01
1.427000000000000046e+00,-4.853886120780068758e-01,2.094507619072165927e-01
1.427999999999999936e+00,-4.854010618403051813e-01,2.093665783439841166e-01
1.429000000000000048e+00,-4.854113884907750309e-01,2.092940697698301433e-01
1.429999999999999938e+00,-4.854195995185902612e-01,2.092332336398545212e-01
1.431000000000000050e+00,-4.854257015970849798e-01,2.091840665310226444e-01
1.431999999999999940e+00,-4.854297005835170875e-01,2.091465641429993971e-01
1.433000000000000052e+00,-4.854316015191438849e-01,2.091207212989991404e-01
1.433999999999999941e+00,-4.854314086296228625e-01,2.091065319466406114e-01
1.435000000000000053e+00,-4.854291253257204120e-01,2.091039891588191146e-01
1.435999999999999943e+00,-4.854247542043452768e-01,2.091130851345908981e-01
1.437000000000000055e+00,-4.854182970498944205e-01,2.091338112000688532e-01
1.437999999999999945e+00,-4.854097548359194159e-01,2.091661578093348961e-01
1.439000000000000057e+00,-4.853991277271061944e-01,2.092101145453627020e-01
1.439999999999999947e+00,-4.853864150815714873e-01,2.092656701209587577e-01
1.441000000000000059e+00,-4.853716154534750693e-01,2.093328123797206508e-01
1.441999999999999948e+00,-4.853547265959413659e-01,2.094115282970037684e-01
1.443000000000000060e+00,-4.853357454643026925e-01,2.095018039809175836e-01
1.443999999999999950e+00,-4.853146682196445294e-01,2.096036246733292419e-01
1.445000000000000062e+00,-4.852914902326673774e-01,2.097169747508953186e-01
1.445999999999999952e+00,-4.852662060878577543e-01,2.098418377261083712e-01
1.447000000000000064e+00,-4.852388095879642815e-01,2.099781962483684428e-01
1.447999999999999954e+00,-4.852092937587810795e-01,2.101260321050770208e-01
1.449000000000000066e+00,-4.851776508542350874e-01,2.102853262227572517e-01
1.449999999999999956e+00,-4.851438723617766957e-01,2.104560586681942791e-01
1.451000000000000068e+00,-4.851079490080717482e-01,2.106382086496107753e-01
1.451999999999999957e+00,-4.850698707649864216e-01,2.108317545178670371e-01
1.453000000000000069e+00,-4.850296268558769164e-01,2.110366737676902249e-01
1.453999999999999959e+00,-4.849872057621643640e-01,2.112529430389404883e-01
1.455000000000000071e+00,-4.849425952302050535e-01,2.114805381179074573e-01
1.455999999999999961e+00,-4.848957822784498162e-01,2.117194339386438973e-01
1.457000000000000073e+00,-4.848467532048880702e-01,2.119696045843342258e-01
1.457999999999999963e+00,-4.847954935947716981e-01,2.122310232887076042e-01
1.459000000000000075e+00,-4.847419883286249176e-01,2.125036624374849747e-01
1.459999999999999964e+00,-4.846862215905249904e-01,2.127874935698781944e-01
1.461000000000000076e+00,-4.846281768766614872e-01,2.130824873801245856e-01
1.461999999999999966e+00,-4.845678370041607286e-01,2.133886137190761367e-01
1.463000000000000078e+00,-4.845051841201822862e-01,2.137058415958358326e-01
1.463999999999999968e+00,-4.844401997112710578e-01,2.140341391794431114e-01
1.465000000000000080e+00,-4.843728646129770166e-01,2.143734738006168317e-01
1.465999999999999970e+00,-4.843031590197270919e-01,2.147238119535486989e-01
1.467000000000000082e+00,-4.842310624949437425e-01,2.150851192977591142e-01
1.467999999999999972e+00,-4.841565539814189911e-01,2.154573606600109770e-01
1.469000000000000083e+00,-4.840796118119283786e-01,2.158405000362860759e-01
1.469999999999999973e+00,-4.840002137200812848e-01,2.162345005938258180e-01
1.471000000000000085e+00,-4.839183368514100581e-01,2.166393246732392086e-01
1.471999999999999975e+00,-4.838339577746875175e-01,2.170549337906768073e-01
1.473000000000000087e+00,-4.837470524934703864e-01,2.174812886400823708e-01
1.473999999999999977e+00,-4.836575964578619380e-01,2.179183490955099722e-01
1.475000000000000089e+00,-4.835655645764956878e-01,2.183660742135231092e-01
1.475999999999999979e+00,-4.834709312287218674e-01,2.188244222356697244e-01
1.477000000000000091e+00,-4.833736702770100591e-01,2.192933505910346359e-01
1.477999999999999980e+00,-4.832737550795456194e-01,2.197728158988795921e-01
1.479000000000000092e+00,-4.831711585030246114e-01,2.202627739713650667e-01
1.479999999999999982e+00,-4.830658529356410269e-01,2.207631798163569026e-01
1.481000000000000094e+00,-4.829578103002560852e-01,2.212739876403283235e-01
1.481999999999999984e+00,-4.828470020677509411e-01,2.217951508513456294e-01
1.483000000000000096e+00,-4.827333992705520327e-01,2.223266220621543665e-01
1.483999999999999986e+00,-4.826169725163238500e-01,2.228683530933550927e-01
1.485000000000000098e+00,-4.824976920018304027e-01,2.234202949766816992e-01
1.485999999999999988e+00,-4.823755275269480669e-01,2.239823979583738800e-01
1.487000000000000099e+00,-4.822504485088359161e-01,2.245546115026569589e-01
1.487999999999999989e+00,-4.821224239962423885e-01,2.251368842953242744e-01
1.489000000000000101e+00,-4.819914226839682181e-01,2.257291642474208992e-01
1.489999999999999991e+00,-4.818574129274449946e-01,2.263313984990386052e-01
1.491000000000000103e+00,-4.817203627574569991e-01,2.269435334232190460e-01
1.491999999999999993e+00,-4.815802398949743379e-01,2.275655146299714049e-01
1.493000000000000105e+00,-4.814370117661082027e-01,2.281972869703961515e-01
1.493999999999999995e+00,-4.812906455171739317e-01,2.288387945409279811e-01
1.495000000000000107e+00,-4.811411080298560461e-01,2.294899806876941062e-01
1.495999999999999996e+00,-4.809883659364715403e-01,2.301507880109920634e-01
1.497000000000000108e+00,-4.808323856353271530e-01,2.308211583698809022e-01
1.497999999999999998e+00,-4.806731333061550204e-01,2.315010328869004097e-01
1.499000000000000110e+00,-4.805105749256305958e-01,2.321903519529075755e-01
1.500000000000000000e+00,-4.803446762829611250e-01,2.328890552320377894e-01
1.501000000000000112e+00,-4.801754029955423997e-01,2.335970816667904681e-01
1.502000000000000002e+00,-4.800027205246691908e-01,2.343143694832380275e-01
1.503000000000000114e+00,-4.798265941913041344e-01,2.350408561963686915e-01
1.504000000000000004e+00,-4.796469891918851980e-01,2.357764786155479853e-01
1.505000000000000115e+00,-4.794638706141827189e-01,2.365211728501171728e-01
1.506000000000000005e+00,-4.792772034531799785e-01,2.372748743151119333e-01
1.507000000000000117e+00,-4.790869526269891931e-01,2.380375177371215900e-01
1.508000000000000007e+00,-4.788930829927797728e-01,2.388090371602706041e-01
1.509000000000000119e+00,-4.786955593627258976e-01,2.395893659523385955e-01
1.510000000000000009e+00,-4.784943465199607004e-01,2.403784368110072622e-01
1.511000000000000121e+00,-4.782894092345294501e-01,2.411761817702417487e-01
1.512000000000000011e+00,-4.780807122793395147e-01,2.419825322068041851e-01
1.513000000000000123e+00,-4.778682204460984462e-01,2.427974188469010086e-01
1.514000000000000012e+00,-4.776518985612325796e-01,2.436207717729646505e-01
1.515000000000000124e+00,-4.774317115017826518e-01,2.444525204305643407e-01
1.516000000000000014e+00,-4.772076242112670563e-01,2.452925936354539427e-01
1.517000000000000126e+00,-4.769796017155123469e-01,2.461409195807532924e-01
1.518000000000000016e+00,-4.767476091384355019e-01,2.469974258442581283e-01
1.519000000000000128e+00,-4.765116117177805588e-01,2.478620393958861912e-01
1.520000000000000018e+00,-4.762715748207967392e-01,2.487346866052546623e-01
1.521000000000000130e+00,-4.760274639598603974e-01,2.496152932493901355e-01
1.522000000000000020e+00,-4.757792448080252479e-01,2.505037845205662639e-01
1.523000000000000131e+00,-4.755268832144987634e-01,2.514000850342770765e-01
1.524000000000000021e+00,-4.752703452200432999e-01,2.523041188373358890e-01
1.525000000000000133e+00,-4.750095970722887362e-01,2.532158094161034434e-01
1.526000000000000023e+00,-4.747446052409565187e-01,2.541350797048468335e-01
1.527000000000000135e+00,-4.744753364329880041e-01,2.550618520942217193e-01
1.528000000000000025e+00,-4.742017576075639451e-01,2.559960484398824954e-01
1.529000000000000137e+00,-4.739238359910280529e-01,2.569375900712170813e-01
1.530000000000000027e+00,-4.736415390916894896e-01,2.578863978002025603e-01
1.531000000000000139e+00,-4.733548347145047352e-01,2.588423919303866616e-01
1.532000000000000028e+00,-4.730636909756477104e-01,2.598054922659838728e-01
1.533000000000000140e+00,-4.727680763169350708e-01,2.607756181210992841e-01
1.534000000000000030e+00,-4.724679595201338733e-01,2.617526883290574591e-01
1.535000000000000142e+00,-4.721633097211151986e-01,2.627366212518590372e-01
1.536000000000000032e+00,-4.718540964238776003e-01,2.637273347897419185e-01
1.536999999999999922e+00,-4.715402895144110706e-01,2.647247463908617426e-01
1.538000000000000034e+00,-4.712218592744139567e-01,2.657287730610757293e-01
1.538999999999999924e+00,-4.708987763948506156e-01,2.667393313738355975e-01
1.540000000000000036e+00,-4.705710119893464771e-01,2.677563374801933405e-01
1.540999999999999925e+00,-4.702385376074134093e-01,2.687797071188978704e-01
1.542000000000000037e+00,-4.699013252475106595e-01,2.698093556266059068e-01
1.542999999999999927e+00,-4.695593473699249953e-01,2.708451979481832916e-01
1.544000000000000039e+00,-4.692125769094692700e-01,2.718871486471067245e-01
1.544999999999999929e+00,-4.688609872880080687e-01,2.729351219159578679e-01
1.546000000000000041e+00,-4.685045524267851258e-01,2.739890315870119331e-01
1.546999999999999931e+00,-4.681432467585656676e-01,2.750487911429125854e-01
1.548000000000000043e+00,-4.677770452395818568e-01,2.761143137274345016e-01
1.548999999999999932e+00,-4.674059233612832820e-01,2.771855121563302493e-01
1.550000000000000044e+00,-4.670298571618811678e-01,2.782622989282577119e-01
1.550999999999999934e+00,-4.666488232376931888e-01,2.793445862357855636e-01
1.552000000000000046e+00,-4.662627987542795616e-01,2.804322859764771247e-01
1.552999999999999936e+00,-4.658717614573626431e-01,2.815253097640416646e-01
1.554000000000000048e+00,-4.654756896835401392e-01,2.826235689395601436e-01
1.554999999999999938e+00,-4.650745623707795429e-01,2.837269745827777356e-01
1.556000000000000050e+00,-4.646683590686909726e-01,2.848354375234543601e-01
1.556999999999999940e+00,-4.642570599485823513e-01,2.859488683527836583e-01
1.558000000000000052e+00,-4.638406458132856014e-01,2.870671774348655947e-01
1.558999999999999941e+00,-4.634190981067622950e-01,2.881902749182334023e-01
1.560000000000000053e+00,-4.629923989234778769e-01,2.893180707474340418e-01
1.560999999999999943e+00,-4.625605310175428531e-01,2.904504746746542354e-01
1.562000000000000055e+00,-4.621234778116262709e-01,2.915873962713959600e-01
1.562999999999999945e+00,-4.616812234056322239e-01,2.927287449401893005e-01
1.564000000000000057e+00,-4.612337525851408770e-01,2.938744299263455484e-01
1.564999999999999947e+00,-4.607810508296127372e-01,2.950243603297459938e-01
1.566000000000000059e+00,-4.603231043203516171e-01,2.961784451166660226e-01
1.566999999999999948e+00,-4.598598999482322869e-01,2.973365931316198640e-01
1.568000000000000060e+00,-4.593914253211778265e-01,2.984987131092420309e-01
1.568999999999999950e+00,-4.589176687714069391e-01,2.996647136861798066e-01
1.570000000000000062e+00,-4.584386193624254147e-01,3.008345034130133211e-01
1.570999999999999952e+00,-4.579542668957824469e-01,3.020079907661867846e-01
1.572000000000000064e+00,-4.574646019175759859e-01,3.031850841599548763e-01
1.572999999999999954e+00,-4.569696157247130630e-01,3.043656919583346276e-01
1.574000000000000066e+00,-4.564693003709293651e-01,3.055497224870663553e-01
1.574999999999999956e+00,-4.559636486725537896e-01,3.067370840455754810e-01
1.576000000000000068e+00,-4.554526542140318046e-01,3.079276849189346299e-01
1.576999999999999957e+00,-4.549363113532036706e-01,3.091214333898177902e-01
1.578000000000000069e+00,-4.544146152263227600e-01,3.103182377504534184e-01
1.578999999999999959e+00,-4.538875617528472239e-01,3.115180063145613909e-01
1.580000000000000071e+00,-4.533551476399629854e-01,3.127206474292774097e-01
1.580999999999999961e+00,-4.528173703868773048e-01,3.139260694870598112e-01
1.582000000000000073e+00,-4.522742282888546628e-01,3.151341809375801106e-01
1.582999999999999963e+00,-4.517257204410085603e-01,3.163448902995808498e-01
1.584000000000000075e+00,-4.511718467418560086e-01,3.175581061727155152e-01
1.584999999999999964e+00,-4.506126078966152804e-01,3.187737372493523180e-01
1.586000000000000076e+00,-4.500480054202658509e-01,3.199916923263484980e-01
1.586999999999999966e+00,-4.494780416403626466e-01,3.212118803167854919e-01
1.588000000000000078e+00,-4.489027196996129843e-01,3.224342102616664096e-01
1.588999999999999968e+00,-4.483220435582015440e-01,3.236585913415669369e-01
1.590000000000000080e+00,-4.477360179958852493e-01,3.248849328882493781e-01
1.590999999999999970e+00,-4.471446486138430654e-01,3.261131443962161369e-01
1.592000000000000082e+00,-4.465479418362906516e-01,3.273431355342225624e-01
1.592999999999999972e+00,-4.459459049118505991e-01,3.285748161567243475e-01
1.594000000000000083e+00,-4.453385459147018999e-01,3.298080963152806300e-01
1.594999999999999973e+00,-4.447258737454781174e-01,3.310428862698796548e-01
1.596000000000000085e+00,-4.441078981319457331e-01,3.322790965002186958e-01
1.596999999999999975e+00,-4.434846296294490120e-01,3.335166377169041518e-01
1.598000000000000087e+00,-4.428560796211175044e-01,3.347554208725886937e-01
1.598999999999999977e+00,-4.422222603178586064e-01,3.359953571730373012e-01
1.600000000000000089e+00,-4.415831847581166980e-01,3.372363580881156397e-01
1.600999999999999979e+00,-4.409388668074076811e-01,3.384783353627018876e-01
1.602000000000000091e+00,-4.402893211576368593e-01,3.397212010275226790e-01
1.602999999999999980e+00,-4.396345633261914965e-01,3.409648674098991750e-01
1.604000000000000092e+00,-4.389746096548206578e-01,3.422092471444164730e-01
1.604999999999999982e+00,-4.383094773082972795e-01,3.434542531834983148e-01
1.606000000000000094e+00,-4.376391842728611925e-01,3.446997988078973618e-01
1.606999999999999984e+00,-4.369637493544623608e-01,3.459457976370877708e-01
1.608000000000000096e+00,-4.362831921767853505e-01,3.471921636395691735e-01
1.608999999999999986e+00,-4.355975331790677973e-01,3.484388111430659629e-01
1.610000000000000098e+00,-4.349067936137224755e-01,3.496856548446358737e-01
1.610999999999999988e+00,-4.342109955437479241e-01,3.509326098206682065e-01
1.612000000000000099e+00,-4.335101618399423984e-01,3.521795915367826324e-01
1.612999999999999989e+00,-4.328043161779247527e-01,3.534265158576230803e-01
1.614000000000000101e+00,-4.320934830349585365e-01,3.546732990565411581e-01
1.614999999999999991e+00,-4.313776876865768606e-01,3.559198578251661638e-01
1.616000000000000103e+00,-4.306569562030336806e-01,3.571661092828712913e-01
1.616999999999999993e+00,-4.299313154455515762e-01,3.584119709861159908e-01
1.618000000000000105e+00,-4.292007930623975009e-01,3.596573609376801928e-01
1.618999999999999995e+00,-4.284654174847684072e-01,3.609021975957721340e-01
1.620000000000000107e+00,-4.277252179225095041e-01,3.621463998830252717e-01
1.620999999999999996e+00,-4.269802243596426683e-01,3.633898871953654686e-01
1.622000000000000108e+00,-4.262304675497325945e-01,3.646325794107579954e-01
1.622999999999999998e+00,-4.254759790110798079e-01,3.658743968978304117e-01
1.624000000000000110e+00,-4.247167910217415354e-01,3.671152605243668265e-01
1.625000000000000000e+00,-4.239529366143971467e-01,3.683550916656709306e-01
1.626000000000000112e+00,-4.231844495710450627e-01,3.695938122128075709e-01
1.627000000000000002e+00,-4.224113644175393478e-01,3.708313445807005504e-01
1.628000000000000114e+00,-4.216337164179804198e-01,3.720676117161086927e-01
1.629000000000000004e+00,-4.208515415689405015e-01,3.733025371054580765e-01
1.630000000000000115e+00,-4.200648765935499074e-01,3.745360447825474282e-01
1.631000000000000005e+00,-4.192737589354266214e-01,3.757680593361066856e-01
1.632000000000000117e+00,-4.184782267524708166e-01,3.769985059172241693e-01
1.633000000000000007e+00,-4.176783189105128247e-01,3.782273102466311987e-01
1.634000000000000119e+00,-4.168740749768257703e-01,3.794543986218459897e-01
1.635000000000000009e+00,-4.160655352135008700e-01,3.806796979241754419e-01
1.636000000000000121e+00,-4.152527405706929464e-01,3.819031356255744303e-01
1.637000000000000011e+00,-4.144357326797364349e-01,3.831246397953592120e-01
1.638000000000000123e+00,-4.136145538461333260e-01,3.843441391067770052e-01
1.639000000000000012e+00,-4.127892470424249227e-01,3.855615628434282405e-01
1.640000000000000124e+00,-4.119598559009362004e-01,3.867768409055460932e-01
1.641000000000000014e+00,-4.111264247064034816e-01,3.879899038161169766e-01
1.642000000000000126e+00,-4.102889983884996372e-01,3.892006827268679192e-01
1.643000000000000016e+00,-4.094476225142317238e-01,3.904091094240883519e-01
1.644000000000000128e+00,-4.086023432802447508e-01,3.916151163343157826e-01
1.645000000000000018e+00,-4.077532075050166460e-01,3.928186365298599325e-01
1.646000000000000130e+00,-4.069002626209455853e-01,3.940196037341785473e-01
1.647000000000000020e+00,-4.060435566663516127e-01,3.952179523271067141e-01
1.648000000000000131e+00,-4.051831382773700696e-01,3.964136173499226978e-01
1.649000000000000021e+00,-4.043190566797575936e-01,3.976065345102687276e-01
1.650000000000000133e+00,-4.034513616806152392e-01,3.987966401869155186e-01
1.651000000000000023e+00,-4.025801036600146210e-01,3.999838714343723067e-01
1.652000000000000135e+00,-4.017053335625467847e-01,4.011681659873448380e-01
1.653000000000000025e+00,-4.008271028887859244e-01,4.023494622650309882e-01
1.654000000000000137e+00,-3.999454636866853208e-01,4.035276993752728858e-01
1.655000000000000027e+00,-3.990604685428915666e-01,4.047028171185443890e-01
1.656000000000000139e+00,-3.981721705739836858e-01,4.058747559917857961e-01
1.657000000000000028e+00,-3.972806234176535778e-01,4.070434571920841238e-01
1.658000000000000140e+00,-3.963858812238166829e-01,4.082088626201982873e-01
1.659000000000000030e+00,-3.954879986456558694e-01,4.093709148839238532e-01
1.660000000000000142e+00,-3.945870308306134167e-01,4.105295573013060806e-01
1.661000000000000032e+00,-3.936830334113215479e-01,4.116847339036966980e-01
1.662000000000000144e+00,-3.927760624964801162e-01,4.128363894386556932e-01
1.663000000000000034e+00,-3.918661746616812769e-01,4.139844693726899005e-01
1.664000000000000146e+00,-3.909534269401894746e-01,4.151289198938480363e-01
1.665000000000000036e+00,-3.900378768136794627e-01,4.162696879141520867e-01
1.665999999999999925e+00,-3.891195822029202001e-01,4.174067210718776511e-01
1.667000000000000037e+00,-3.881986014584287714e-01,4.185399677336721913e-01
1.667999999999999927e+00,-3.872749933510887255e-01,4.196693769965310628e-01
1.669000000000000039e+00,-3.863488170627260576e-01,4.207948986896083987e-01
1.669999999999999929e+00,-3.854201321766583810e-01,4.219164833758771715e-01
1.671000000000000041e+00,-3.844889986682209493e-01,4.230340823536419270e-01
1.671999999999999931e+00,-3.835554768952540439e-01,4.241476476578872057e-01
1.673000000000000043e+00,-3.826196275885811460e-01,4.252571320614848549e-01
1.673999999999999932e+00,-3.816815118424543019e-01,4.263624890762416353e-01
1.675000000000000044e+00,-3.807411911049922715e-01,4.274636729538008328e-01
1.675999999999999934e+00,-3.797987271685927535e-01,4.285606386863857198e-01
1.677000000000000046e+00,-3.788541821603416682e-01,4.296533420074051812e-01
1.677999999999999936e+00,-3.779076185324069526e-01,4.307417393918967496e-01
1.679000000000000048e+00,-3.769590990524219754e-01,4.318257880568295848e-01
1.679999999999999938e+00,-3.760086867938709498e-01,4.329054459612557970e-01
1.681000000000000050e+00,-3.750564451264659649e-01,4.339806718063169422e-01
1.681999999999999940e+00,-3.741024377065287898e-01,4.350514250351055212e-01
1.683000000000000052e+00,-3.731467284673662954e-01,4.361176658323727695e-01
1.683999999999999941e+00,-3.721893816096607521e-01,4.371793551241033304e-01
1.685000000000000053e+00,-3.712304615918569639e-01,4.382364545769388275e-01
1.685999999999999943e+00,-3.702700331205673878e-01,4.392889265974604940e-01
1.687000000000000055e+00,-3.693081611409863019e-01,4.403367343313350224e-01
1.687999999999999945e+00,-3.683449108273101902e-01,4.413798416623073706e-01
1.689000000000000057e+00,-3.673803475731862722e-01,4.424182132110727750e-01
1.689999999999999947e+00,-3.664145369821693032e-01,4.434518143339906682e-01
1.691000000000000059e+00,-3.654475448582024111e-01,4.444806111216745848e-01
1.691999999999999948e+00,-3.644794371961266322e-01,4.455045703974429561e-01
1.693000000000000060e+00,-3.635102801721977750e-01,4.465236597156313492e-01
1.693999999999999950e+00,-3.625401401346556307e-01,4.475378473597754758e-01
1.695000000000000062e+00,-3.615690835942905190e-01,4.485471023406557012e-01
1.695999999999999952e+00,-3.605971772150743937e-01,4.495513943942207602e-01
1.697000000000000064e+00,-3.596244878047939464e-01,4.505506939793680332e-01
1.697999999999999954e+00,-3.586510823057398323e-01,4.515449722756062489e-01
1.699000000000000066e+00,-3.576770277854217084e-01,4.525342011805859599e-01
1.699999999999999956e+00,-3.567023914273234619e-01,4.535183533075002327e-01
1.701000000000000068e+00,-3.557272405217051237e-01,4.544974019823737610e-01
1.701999999999999957e+00,-3.547516424564349791e-01,4.554713212412140333e-01
1.703000000000000069e+00,-3.537756647078721395e-01,4.564400858270457606e-01
1.703999999999999959e+00,-3.527993748318000722e-01,4.574036711868308402e-01
1.705000000000000071e+00,-3.518228404543963794e-01,4.583620534682624204e-01
1.705999999999999961e+00,-3.508461292632567563e-01,4.593152095164448334e-01
1.707000000000000073e+00,-3.498693089984743487e-01,4.602631168704552356e-01
1.707999999999999963e+00,-3.488924474437601342e-01,4.612057537597958889e-01
1.709000000000000075e+00,-3.479156124176205345e-01,4.621430991007254852e-01
1.709999999999999964e+00,-3.469388717646056386e-01,4.630751324924921031e-01
1.711000000000000076e+00,-3.459622933465823502e-01,4.640018342134407114e-01
1.711999999999999966e+00,-3.449859450341026257e-01,4.649231852170283563e-01
1.713000000000000078e+00,-3.440098946977949157e-01,4.658391671277202217e-01
1.713999999999999968e+00,-3.430342101998464788e-01,4.667497622367885457e-01
1.715000000000000080e+00,-3.420589593855292709e-01,4.676549534980081191e-01
1.715999999999999970e+00,-3.410842100747989436e-01,4.685547245232486446e-01
1.717000000000000082e+00,-3.401100300539485755e-01,4.694490595779644004e-01
1.717999999999999972e+00,-3.391364870673415632e-01,4.703379435765933092e-01
1.719000000000000083e+00,-3.381636488091977477e-01,4.712213620778545886e-01
1.719999999999999973e+00,-3.371915829154558675e-01,4.720993012799495347e-01
1.721000000000000085e+00,-3.362203569557113969e-01,4.729717480156845344e-01
1.721999999999999975e+00,-3.352500384252036780e-01,4.738386897474758386e-01
1.723000000000000087e+00,-3.342806947368955339e-01,4.747001145622941065e-01
1.723999999999999977e+00,-3.333123932136169421e-01,4.755560111665004808e-01
1.725000000000000089e+00,-3.323452010802846468e-01,4.764063688806134400e-01
1.725999999999999979e+00,-3.313791854561842776e-01,4.772511776339695144e-01
1.727000000000000091e+00,-3.304144133473486677e-01,4.780904279593319872e-01
1.727999999999999980e+00,-3.294509516389942383e-01,4.789241109873883517e-01
1.729000000000000092e+00,-3.284888670880382056e-01,4.797522184411955326e-01
1.729999999999999982e+00,-3.275282263157031637e-01,4.805747426305276848e-01
1.731000000000000094e+00,-3.265690958001868927e-01,4.813916764461632081e-01
1.731999999999999984e+00,-3.256115418694174313e-01,4.822030133540932684e-01
1.733000000000000096e+00,-3.246556306938883085e-01,4.830087473896568784e-01
1.733999999999999986e+00,-3.237014282795712683e-01,4.838088731516110297e-01
1.735000000000000098e+00,-3.227490004609123719e-01,4.846033857961302704e-01
1.735999999999999988e+00,-3.217984128939085364e-01,4.853922810307442770e-01
1.737000000000000099e+00,-3.208497310492676169e-01,4.861755551082052040e-01
1.737999999999999989e+00,-3.199030202056476480e-01,4.869532048202976915e-01
1.739000000000000101e+00,-3.189583454429790743e-01,4.877252274915884200e-01
1.739999999999999991e+00,-3.180157716358799624e-01,4.884916209731179904e-01
1.741000000000000103e+00,-3.170753634471392135e-01,4.892523836360311851e-01
1.741999999999999993e+00,-3.161371853212963656e-01,4.900075143651563825e-01
1.743000000000000105e+00,-3.152013014783001665e-01,4.907570125525343441e-01
1.743999999999999995e+00,-3.142677759072521892e-01,4.915008780908913244e-01
1.745000000000000107e+00,-3.133366723602423187e-01,4.922391113670665508e-01
1.745999999999999996e+00,-3.124080543462580128e-01,4.929717132553850800e-01
1.747000000000000108e+00,-3.114819851251877658e-01,4.936986851109995689e-01
1.747999999999999998e+00,-3.105585277019104473e-01,4.944200287631754231e-01
1.749000000000000110e+00,-3.096377448204573057e-01,4.951357465085288734e-01
1.750000000000000000e+00,-3.087196989582874362e-01,4.958458411042550029e-01
1.751000000000000112e+00,-3.078044523206155958e-01,4.965503157612742857e-01
1.752000000000000002e+00,-3.068920668348527614e-01,4.972491741373766816e-01
1.753000000000000114e+00,-3.059826041451198519e-01,4.979424203303186580e-01
1.754000000000000004e+00,-3.050761256068514893e-01,4.986300588708855175e-01
1.755000000000000115e+00,-3.041726922814809164e-01,4.993120947159210843e-01
1.756000000000000005e+00,-3.032723649312258352e-01,4.999885332413412931e-01
1.757000000000000117e+00,-3.023752040139326414e-01,5.006593802350972622e-01
1.758000000000000007e+00,-3.014812696780447276e-01,5.013246418901439183e-01
1.759000000000000119e+00,-3.005906217576138628e-01,5.019843247973450051e-01
1.760000000000000009e+00,-2.997033197674334182e-01,5.026384359383931910e-01
1.761000000000000121e+00,-2.988194228982374856e-01,5.032869826786865453e-01
1.762000000000000011e+00,-2.979389900119863710e-01,5.039299727601924683e-01
1.763000000000000123e+00,-2.970620796372482886e-01,5.045674142942990770e-01
1.764000000000000012e+00,-2.961887499646489452e-01,5.051993157546417201e-01
1.765000000000000124e+00,-2.953190588424273733e-01,5.058256859699283847e-01
1.766000000000000014e+00,-2.944530637720481625e-01,5.064465341167347923e-01
1.767000000000000126e+00,-2.935908219039186084e-01,5.070618697123038254e-01
1.768000000000000016e+00,-2.927323900331926243e-01,5.076717026073382932e-01
1.769000000000000128e+00,-2.918778245956341055e-01,5.082760429787740453e-01
1.770000000000000018e+00,-2.910271816635813247e-01,5.088749013225497553e-01
1.771000000000000130e+00,-2.901805169419950925e-01,5.094682884463843653e-01
1.772000000000000020e+00,-2.893378857645805824e-01,5.100562154625447597e-01
1.773000000000000131e+00,-2.884993430899870370e-01,5.106386937806034476e-01
1.774000000000000021e+00,-2.876649434981016773e-01,5.112157351002151184e-01
1.775000000000000133e+00,-2.868347411864161089e-01,5.117873514038835392e-01
1.776000000000000023e+00,-2.860087899664662814e-01,5.123535549497313379e-01
1.777000000000000135e+00,-2.851871432603697576e-01,5.129143582642922139e-01
1.778000000000000025e+00,-2.843698540974186062e-01,5.134697741352778344e-01
1.779000000000000137e+00,-2.835569751107764880e-01,5.140198156043968014e-01
1.780000000000000027e+00,-2.827485585342239816e-01,5.145644959601356483e-01
1.781000000000000139e+00,-2.819446561990108790e-01,5.151038287305946817e-01
1.782000000000000028e+00,-2.811453195307647146e-01,5.156378276763123880e-01
1.783000000000000140e+00,-2.803505995464768974e-01,5.161665067831009424e-01
1.784000000000000030e+00,-2.795605468515787173e-01,5.166898802549237946e-01
1.785000000000000142e+00,-2.787752116370666444e-01,5.172079625067520503e-01
1.786000000000000032e+00,-2.779946436767329887e-01,5.177207681574860221e-01
1.787000000000000144e+00,-2.772188923244431336e-01,5.182283120228524664e-01
1.788000000000000034e+00,-2.764480065114894858e-01,5.187306091083432324e-01
1.789000000000000146e+00,-2.756820347440422370e-01,5.192276746021982081e-01
1.790000000000000036e+00,-2.749210251006274364e-01,5.197195238683607332e-01
1.791000000000000147e+00,-2.741650252297198054e-01,5.202061724395141695e-01
1.792000000000000037e+00,-2.734140823473739657e-01,5.206876360101045931e-01
1.792999999999999927e+00,-2.726682432349349372e-01,5.211639304294153341e-01
1.794000000000000039e+00,-2.719275542368241871e-01,5.216350716946576149e-01
1.794999999999999929e+00,-2.711920612583822443e-01,5.221010759441055971e-01
1.796000000000000041e+00,-2.704618097637770946e-01,5.225619594502451948e-01
1.796999999999999931e+00,-2.697368447739891817e-01,5.230177386129725159e-01
1.798000000000000043e+00,-2.690172108648489213e-01,5.234684299528185036e-01
1.798999999999999932e+00,-2.683029521651489890e-01,5.239140501042169884e-01
1.800000000000000044e+00,-2.675941123548127298e-01,5.243546158087950548e-01
1.800999999999999934e+00,-2.668907346631235744e-01,5.247901439087180320e-01
1.802000000000000046e+00,-2.661928618670266200e-01,5.252206513400646815e-01
1.802999999999999936e+00,-2.655005362894750642e-01,5.256461551262385790e-01
1.804000000000000048e+00,-2.648137997978559088e-01,5.260666723714411130e-01
1.804999999999999938e+00,-2.641326938024517457e-01,5.264822202541576956e-01
1.806000000000000050e+00,-2.634572592549796477e-01,5.268928160207072553e-01
1.806999999999999940e+00,-2.627875366471890128e-01,5.272984769788460202e-01
1.808000000000000052e+00,-2.621235660094846653e-01,5.276992204913777407e-01
1.808999999999999941e+00,-2.614653869096579819e-01,5.280950639698628324e-01
1.810000000000000053e+00,-2.608130384516172406e-01,5.284860248683311834e-01
1.810999999999999943e+00,-2.601665592742132271e-01,5.288721206770694572e-01
1.812000000000000055e+00,-2.595259875500976476e-01,5.292533689164501398e-01
1.812999999999999945e+00,-2.588913609846382746e-01,5.296297871308109917e-01
1.814000000000000057e+00,-2.582627168148885488e-01,5.300013928823907872e-01
1.814999999999999947e+00,-2.576400918085988145e-01,5.303682037453077980e-01
1.816000000000000059e+00,-2.570235222632894501e-01,5.307302372996041129e-01
1.816999999999999948e+00,-2.564130440053596360e-01,5.310875111253403613e-01
1.818000000000000060e+00,-2.558086923892564646e-01,5.314400427967429508e-01
1.818999999999999950e+00,-2.552105022966812409e-01,5.317878498764089246e-01
1.820000000000000062e+00,-2.546185081358419700e-01,5.321309499095686624e-01
1.820999999999999952e+00,-2.540327438407602445e-01,5.324693604184080886e-01
1.822000000000000064e+00,-2.534532428706142149e-01,5.328030988964529424e-01
1.822999999999999954e+00,-2.528800382091256904e-01,5.331321828030011201e-01
1.824000000000000066e+00,-2.523131623639883192e-01,5.334566295576228523e-01
1.824999999999999956e+00,-2.517526473663462272e-01,5.337764565347284940e-01
1.826000000000000068e+00,-2.511985247703056867e-01,5.340916810581926022e-01
1.826999999999999957e+00,-2.506508256524821454e-01,5.344023203960311941e-01
1.828000000000000069e+00,-2.501095806116001574e-01,5.347083917551628263e-01
1.828999999999999959e+00,-2.495748197681181002e-01,5.350099122762133064e-01
1.830000000000000071e+00,-2.490465727639045723e-01,5.353068990284086670e-01
1.830999999999999961e+00,-2.485248687619283636e-01,5.355993690044988931e-01
1.832000000000000073e+00,-2.480097364460104870e-01,5.358873391157913391e-01
1.832999999999999963e+00,-2.475012040205945563e-01,5.361708261872135672e-01
1.834000000000000075e+00,-2.469992992105549956e-01,5.364498469524696667e-01
1.834999999999999964e+00,-2.465040492610393319e-01,5.367244180492443117e-01
1.836000000000000076e+00,-2.460154809373440998e-01,5.369945560144953056e-01
1.836999999999999966e+00,-2.455336205248186965e-01,5.372602772798005244e-01
1.838000000000000078e+00,-2.450584938288068726e-01,5.375215981667826881e-01
1.838999999999999968e+00,-2.445901261746025734e-01,5.377785348825976364e-01
1.840000000000000080e+00,-2.441285424074583488e-01,5.380311035155034283e-01
1.840999999999999970e+00,-2.436737668926003408e-01,5.382793200304927250e-01
1.842000000000000082e+00,-2.432258235152893744e-01,5.385232002650075511e-01
1.842999999999999972e+00,-2.427847356808896795e-01,5.387627599247049037e-01
1.844000000000000083e+00,-2.423505263149808853e-01,5.389980145793233923e-01
1.844999999999999973e+00,-2.419232178634868613e-01,5.392289796586090533e-01
1.846000000000000085e+00,-2.415028322928330640e-01,5.394556704483099985e-01
1.846999999999999975e+00,-2.410893910901165116e-01,5.396781020862535527e-01
1.848000000000000087e+00,-2.406829152633216395e-01,5.398962895585015520e-01
1.848999999999999977e+00,-2.402834253415359334e-01,5.401102476955679244e-01
1.850000000000000089e+00,-2.398909413752033926e-01,5.403199911687334156e-01
1.850999999999999979e+00,-2.395054829363791327e-01,5.405255344864023925e-01
1.852000000000000091e+00,-2.391270691190386655e-01,5.407268919905799942e-01
1.852999999999999980e+00,-2.387557185393658354e-01,5.409240778533788152e-01
1.854000000000000092e+00,-2.383914493360984876e-01,5.411171060736557070e-01
1.854999999999999982e+00,-2.380342791708600081e-01,5.413059904736643446e-01
1.856000000000000094e+00,-2.376842252285268353e-01,5.414907446958422410e-01
1.856999999999999984e+00,-2.373413042176201748e-01,5.416713821996439471e-01
1.858000000000000096e+00,-2.370055323706891648e-01,5.418479162584604047e-01
1.858999999999999986e+00,-2.366769254447386173e-01,5.420203599566139063e-01
1.860000000000000098e+00,-2.363554987216454073e-01,5.421887261864384300e-01
1.860999999999999988e+00,-2.360412670086142195e-01,5.423530276454409105e-01
1.862000000000000099e+00,-2.357342446386310464e-01,5.425132768335189093e-01
1.862999999999999989e+00,-2.354344454709428325e-01,5.426694860503039619e-01
1.864000000000000101e+00,-2.351418828915334824e-01,5.428216673925256863e-01
1.864999999999999991e+00,-2.348565698136301783e-01,5.429698327515064538e-01
1.866000000000000103e+00,-2.345785186782160525e-01,5.431139938107105714e-01
1.866999999999999993e+00,-2.343077414545536863e-01,5.432541620433819496e-01
1.868000000000000105e+00,-2.340442496407087181e-01,5.433903487102460517e-01
1.868999999999999995e+00,-2.337880542641145309e-01,5.435225648573296375e-01
1.870000000000000107e+00,-2.335391658821159289e-01,5.436508213138195877e-01
1.870999999999999996e+00,-2.332975945825388475e-01,5.437751286900283088e-01
1.872000000000000108e+00,-2.330633499842626188e-01,5.438954973754215327e-01
1.872999999999999998e+00,-2.328364412378107207e-01,5.440119375367533650e-01
1.874000000000000110e+00,-2.326168770259474106e-01,5.441244591162673894e-01
1.875000000000000000e+00,-2.324046655642688364e-01,5.442330718299581704e-01
1.876000000000000112e+00,-2.321998146018237064e-01,5.443377851659551014e-01
1.877000000000000002e+00,-2.320023314217275201e-01,5.444386083829610978e-01
1.878000000000000114e+00,-2.318122228417860420e-01,5.445355505087707826e-01
1.879000000000000004e+00,-2.316294952151380093e-01,5.446286203388963632e-01
1.880000000000000115e+00,-2.314541544308774679e-01,5.447178264352237065e-01
1.881000000000000005e+00,-2.312862059147182126e-01,5.448031771248231792e-01
1.882000000000000117e+00,-2.311256546296324155e-01,5.448846804987670378e-01
1.883000000000000007e+00,-2.309725050765168430e-01,5.449623444110816006e-01
1.884000000000000119e+00,-2.308267612948458058e-01,5.450361764777420515e-01
1.885000000000000009e+00,-2.306884268633566937e-01,5.451061840757964738e-01
1.886000000000000121e+00,-2.305575049007116961e-01,5.451723743425080926e-01
1.887000000000000011e+00,-2.304339980661813114e-01,5.452347541746376258e-01
1.888000000000000123e+00,-2.303179085603250797e-01,5.452933302277687133e-01
1.889000000000000012e+00,-2.302092381256855003e-01,5.453481089157317108e-01
1.890000000000000124e+00,-2.301079880474799499e-01,5.453990964100940975e-01
1.891000000000000014e+00,-2.300141591542949060e-01,5.454462986397540236e-01
1.892000000000000126e+00,-2.299277518187918812e-01,5.454897212905973625e-01
1.893000000000000016e+00,-2.298487659584101672e-01,5.455293698052283702e-01
1.894000000000000128e+00,-2.297772010360832895e-01,5.455652493828048177e-01
1.895000000000000018e+00,-2.297130560609336736e-01,5.455973649789221946e-01
1.896000000000000130e+00,-2.296563295890197420e-01,5.456257213056177058e-01
1.897000000000000020e+00,-2.296070197240295263e-01,5.456503228314064646e-01
1.898000000000000131e+00,-2.295651241180257651e-01,5.456711737814440299e-01
1.899000000000000021e+00,-2.295306399721584456e-01,5.456882781377279112e-01
1.900000000000000133e+00,-2.295035640374042396e-01,5.457016396394007707e-01
1.901000000000000023e+00,-2.294838926153077718e-01,5.457112617831371137e-01
1.902000000000000135e+00,-2.294716215587124242e-01,5.457171478235854911e-01
1.903000000000000025e+00,-2.294667462725037410e-01,5.457193007739127300e-01
1.904000000000000137e+00,-2.294692617143643254e-01,5.457177234064106708e-01
1.905000000000000027e+00,-2.294791623955128035e-01,5.457124182531862822e-01
1.906000000000000139e+00,-2.294964423814659649e-01,5.457033876069270484e-01
1.907000000000000028e+00,-2.295210952927931314e-01,5.456906335217519555e-01
1.908000000000000140e+00,-2.295531143058863188e-01,5.456741578141335314e-01
1.909000000000000030e+00,-2.295924921537116359e-01,5.456539620638807264e-01
1.910000000000000142e+00,-2.296392211265891325e-01,5.456300476152302625e-01
1.911000000000000032e+00,-2.296932930729696509e-01,5.456024155779888307e-01
1.912000000000000144e+00,-2.297546994002099829e-01,5.455710668287605536e-01
1.913000000000000034e+00,-2.298234310753538845e-01,5.455360020122514975e-01
1.914000000000000146e+00,-2.298994786259221379e-01,5.454972215426256987e-01
1.915000000000000036e+00,-2.299828321407127452e-01,5.454547256049900872e-01
1.916000000000000147e+00,-2.300734812705893528e-01,5.454085141568848494e-01
1.917000000000000037e+00,-2.301714152292866356e-01,5.453585869298980260e-01
1.918000000000000149e+00,-2.302766227942318333e-01,5.453049434313395061e-01
1.919000000000000039e+00,-2.303890923073459995e-01,5.452475829459741963e-01
1.919999999999999929e+00,-2.305088116758636507e-01,5.451865045378418984e-01
1.921000000000000041e+00,-2.306357683731735941e-01,5.451217070521454655e-01
1.921999999999999931e+00,-2.307699494396477369e-01,5.450531891172204491e-01
1.923000000000000043e+00,-2.309113414834728650e-01,5.449809491465440470e-01
1.923999999999999932e+00,-2.310599306815084852e-01,5.449049853408556299e-01
1.925000000000000044e+00,-2.312157027801444720e-01,5.448252956903247846e-01
1.925999999999999934e+00,-2.313786430961483898e-01,5.447418779767772001e-01
1.927000000000000046e+00,-2.315487365175570300e-01,5.446547297760253592e-01
1.927999999999999936e+00,-2.317259675045383882e-01,5.445638484602337570e-01
1.929000000000000048e+00,-2.319103200902960793e-01,5.444692312003751589e-01
1.929999999999999938e+00,-2.321017778819463584e-01,5.443708749687262705e-01
1.931000000000000050e+00,-2.323003240614436860e-01,5.442687765414729872e-01
1.931999999999999940e+00,-2.325059413864838942e-01,5.441629325013388474e-01
1.933000000000000052e+00,-2.327186121914381900e-01,5.440533392403065216e-01
1.933999999999999941e+00,-2.329383183882831332e-01,5.439399929623962571e-01
1.935000000000000053e+00,-2.331650414675602856e-01,5.438228896865124895e-01
1.935999999999999943e+00,-2.333987624993157373e-01,5.437020252493321992e-01
1.937000000000000055e+00,-2.336394621340901478e-01,5.435773953083040677e-01
1.937999999999999945e+00,-2.338871206038872219e-01,5.434489953446562938e-01
1.939000000000000057e+00,-2.341417177231811531e-01,5.433168206665160982e-01
1.939999999999999947e+00,-2.344032328899118833e-01,5.431808664120462149e-01
1.941000000000000059e+00,-2.346716450865155845e-01,5.430411275526697557e-01
1.941999999999999948e+00,-2.349469328809586366e-01,5.428975988963568033e-01
1.943000000000000060e+00,-2.352290744277889534e-01,5.427502750909618534e-01
1.943999999999999950e+00,-2.355180474691869752e-01,5.425991506275990028e-01
1.945000000000000062e+00,-2.358138293360663718e-01,5.424442198441343788e-01
1.945999999999999952e+00,-2.361163969491567038e-01,5.422854769286693521e-01
1.947000000000000064e+00,-2.364257268201122864e-01,5.421229159231202299e-01
1.947999999999999954e+00,-2.367417950526509163e-01,5.419565307268492393e-01
1.949000000000000066e+00,-2.370645773436853287e-01,5.417863151003420308e-01
1.949999999999999956e+00,-2.373940489845022817e-01,5.416122626689419128e-01
1.951000000000000068e+00,-2.377301848619283453e-01,5.414343669266463710e-01
1.951999999999999957e+00,-2.380729594595402121e-01,5.412526212399452197e-01
1.953000000000000069e+00,-2.384223468588728689e-01,5.410670188517157086e-01
1.953999999999999959e+00,-2.387783207406680153e-01,5.408775528851783587e-01
1.955000000000000071e+00,-2.391408543861263114e-01,5.406842163478875474e-01
1.955999999999999961e+00,-2.395099206781869938e-01,5.404870021357801591e-01
1.957000000000000073e+00,-2.398854921028301945e-01,5.402859030372875182e-01
1.957999999999999963e+00,-2.402675407503951921e-01,5.400809117374567592e-01
1.959000000000000075e+00,-2.406560383169250028e-01,5.398720208221666761e-01
1.959999999999999964e+00,-2.410509561055336758e-01,5.396592227823625576e-01
1.961000000000000076e+00,-2.414522650277997340e-01,5.394425100183415367e-01
1.961999999999999966e+00,-2.418599356051703841e-01,5.392218748440849030e-01
1.963000000000000078e+00,-2.422739379704091367e-01,5.389973094916371554e-01
1.963999999999999968e+00,-2.426942418690486436e-01,5.387688061155211372e-01
1.965000000000000080e+00,-2.431208166608859467e-01,5.385363567972066834e-01
1.965999999999999970e+00,-2.435536313214946014e-01,5.382999535496153509e-01
1.967000000000000082e+00,-2.439926544437599765e-01,5.380595883216543474e-01
1.967999999999999972e+00,-2.444378542394519127e-01,5.378152530028188494e-01
1.969000000000000083e+00,-2.448891985408140348e-01,5.375669394277986513e-01
1.969999999999999973e+00,-2.453466548021907001e-01,5.373146393811534249e-01
1.971000000000000085e+00,-2.458101901016766788e-01,5.370583446020108509e-01
1.971999999999999975e+00,-2.462797711427862635e-01,5.367980467887878415e-01
1.973000000000000087e+00,-2.467553642561825522e-01,5.365337376039814865e-01
1.973999999999999977e+00,-2.472369354013967679e-01,5.362654086789608865e-01
1.975000000000000089e+00,-2.477244501686058364e-01,5.359930516188019523e-01
1.975999999999999979e+00,-2.482178737804387469e-01,5.357166580071783812e-01
1.977000000000000091e+00,-2.487171710937957636e-01,5.354362194112359807e-01
1.977999999999999980e+00,-2.492223066017240085e-01,5.351517273865507018e-01
1.979000000000000092e+00,-2.497332444353031478e-01,5.348631734820685768e-01
1.979999999999999982e+00,-2.502499483655888368e-01,5.345705492451187091e-01
1.981000000000000094e+00,-2.507723818055629939e-01,5.342738462264091659e-01
1.981999999999999984e+00,-2.513005078121319791e-01,5.339730559850810465e-01
1.983000000000000096e+00,-2.518342890881679619e-01,5.336681700937825346e-01
1.983999999999999986e+00,-2.523736879845651648e-01,5.333591801437556068e-01
1.985000000000000098e+00,-2.529186665023459568e-01,5.330460777499540503e-01
1.985999999999999988e+00,-2.534691862947933139e-01,5.327288545561803534e-01
1.987000000000000099e+00,-2.540252086696377365e-01,5.324075022402549040e-01
1.987999999999999989e+00,-2.545866945912497736e-01,5.320820125191887406e-01
1.989000000000000101e+00,-2.551536046829021021e-01,5.317523771543858357e-01
1.989999999999999991e+00,-2.557258992290458721e-01,5.314185879568579240e-01
1.991000000000000103e+00,-2.563035381776390120e-01,5.310806367924609805e-01
1.991999999999999993e+00,-2.568864811425086159e-01,5.307385155871459093e-01
1.993000000000000105e+00,-2.574746874057457502e-01,5.303922163322252192e-01
1.993999999999999995e+00,-2.580681159201525521e-01,5.300417310896430312e-01
1.995000000000000107e+00,-2.586667253117183596e-01,5.296870519972816105e-01
1.995999999999999996e+00,-2.592704738821354771e-01,5.293281712742436973e-01
1.997000000000000108e+00,-2.598793196113676207e-01,5.289650812261840196e-01
1.997999999999999998e+00,-2.604932201602432884e-01,5.285977742506163812e-01
1.999000000000000110e+00,-2.611121328731023095e-01,5.282262428422546119e-01
2.000000000000000000e+00,-2.617360147804729253e-01,5.278504795983396392e-01
2.000999999999999890e+00,-2.623648226018064911e-01,5.274704772239884321e-01
2.002000000000000224e+00,-2.629985127482361573e-01,5.270862285375412792e-01
2.003000000000000114e+00,-2.636370413253871225e-01,5.266977264759060695e-01
2.004000000000000004e+00,-2.642803641362364564e-01,5.263049640999164502e-01
2.004999999999999893e+00,-2.649284366839957383e-01,5.259079345996805488e-01
2.006000000000000227e+00,-2.655812141750628630e-01,5.255066312999403522e-01
2.007000000000000117e+00,-2.662386515219932748e-01,5.251010476654212056e-01
2.008000000000000007e+00,-2.669007033465328749e-01,5.246911773061849749e-01
2.008999999999999897e+00,-2.675673239826816263e-01,5.242770139829645570e-01
2.010000000000000231e+00,-2.682384674798132806e-01,5.238585516125239261e-01
2.011000000000000121e+00,-2.689140876058297991e-01,5.234357842729819854e-01
2.012000000000000011e+00,-2.695941378503666219e-01,5.230087062091451910e-01
2.012999999999999901e+00,-2.702785714280359075e-01,5.225773118378207460e-01
2.014000000000000234e+00,-2.709673412817292237e-01,5.221415957531440055e-01
2.015000000000000124e+00,-2.716604000859395573e-01,5.217015527318580315e-01
2.016000000000000014e+00,-2.723577002501634259e-01,5.212571777386239003e-01
2.016999999999999904e+00,-2.730591939223094844e-01,5.208084659312729459e-01
2.018000000000000238e+00,-2.737648329921928414e-01,5.203554126660903112e-01
2.019000000000000128e+00,-2.744745690950323724e-01,5.198980135030374372e-01
2.020000000000000018e+00,-2.751883536150404042e-01,5.194362642110086359e-01
2.020999999999999908e+00,-2.759061376890104000e-01,5.189701607730142774e-01
2.022000000000000242e+00,-2.766278722099896892e-01,5.184996993913916219e-01
2.023000000000000131e+00,-2.773535078309748991e-01,5.180248764929691330e-01
2.024000000000000021e+00,-2.780829949686624003e-01,5.175456887342185786e-01
2.024999999999999911e+00,-2.788162838072407168e-01,5.170621330063810417e-01
2.026000000000000245e+00,-2.795533243022326753e-01,5.165742064405730583e-01
2.027000000000000135e+00,-2.802940661843770220e-01,5.160819064128620015e-01
2.028000000000000025e+00,-2.810384589635683272e-01,5.155852305493247023e-01
2.028999999999999915e+00,-2.817864519328223127e-01,5.150841767310616603e-01
2.030000000000000249e+00,-2.825379941723098476e-01,5.145787430992057043e-01
2.031000000000000139e+00,-2.832930345534159788e-01,5.140689280598783606e-01
2.032000000000000028e+00,-2.840515217428581929e-01,5.135547302891303456e-01
2.032999999999999918e+00,-2.848134042068465877e-01,5.130361487378440888e-01
2.034000000000000252e+00,-2.855786302152834022e-01,5.125131826366031706e-01
2.035000000000000142e+00,-2.863471478460090647e-01,5.119858315005196836e-01
2.036000000000000032e+00,-2.871189049891063050e-01,5.114540951340493802e-01
2.036999999999999922e+00,-2.878938493512289698e-01,5.109179736357400969e-01
2.038000000000000256e+00,-2.886719284599835733e-01,5.103774674029561975e-01
2.039000000000000146e+00,-2.894530896683605858e-01,5.098325771365727066e-01
2.040000000000000036e+00,-2.902372801592000284e-01,5.092833038456097139e-01
2.040999999999999925e+00,-2.910244469497074160e-01,5.087296488518393556e-01
2.042000000000000259e+00,-2.918145368960093355e-01,5.081716137943436129e-01
2.043000000000000149e+00,-2.926074966977494918e-01,5.076092006340292562e-01
2.044000000000000039e+00,-2.934032729027363784e-01,5.070424116580993790e-01
2.044999999999999929e+00,-2.942018119116228125e-01,5.064712494844763047e-01
2.046000000000000263e+00,-2.950030599826305444e-01,5.058957170661771974e-01
2.047000000000000153e+00,-2.958069632363250490e-01,5.053158176956470404e-01
2.048000000000000043e+00,-2.966134676604122999e-01,5.047315550090272218e-01
2.048999999999999932e+00,-2.974225191145937197e-01,5.041429329903880374e-01
2.049999999999999822e+00,-2.982340633354602644e-01,5.035499559759132326e-01
2.051000000000000156e+00,-2.990480459414056602e-01,5.029526286580000560e-01
2.052000000000000046e+00,-2.998644124376099729e-01,5.023509560893510972e-01
2.052999999999999936e+00,-3.006831082210342787e-01,5.017449436869689805e-01
2.053999999999999826e+00,-3.015040785854706806e-01,5.011345972361248569e-01
2.055000000000000160e+00,-3.023272687266226333e-01,5.005199228942514011e-01
2.056000000000000050e+00,-3.031526237472220164e-01,4.999009271947850719e-01
2.056999999999999940e+00,-3.039800886621866760e-01,4.992776170509479750e-01
2.057999999999999829e+00,-3.048096084038108833e-01,4.986499997594692202e-01
2.059000000000000163e+00,-3.056411278269888232e-01,4.980180830042377771e-01
2.060000000000000053e+00,-3.064745917144782172e-01,4.973818748599095896e-01
2.060999999999999943e+00,-3.073099447821940888e-01,4.967413837954299805e-01
2.061999999999999833e+00,-3.081471316845352248e-01,4.960966186775072062e-01
2.063000000000000167e+00,-3.089860970197477741e-01,4.954475887740164564e-01
2.064000000000000057e+00,-3.098267853353118828e-01,4.947943037573288017e-01
2.064999999999999947e+00,-3.106691411333702968e-01,4.941367737075875732e-01
2.065999999999999837e+00,-3.115131088761804445e-01,4.934750091159039176e-01
2.067000000000000171e+00,-3.123586329915942761e-01,4.928090208874874589e-01
2.068000000000000060e+00,-3.132056578785746281e-01,4.921388203447065179e-01
2.068999999999999950e+00,-3.140541279127298524e-01,4.914644192300756664e-01
2.069999999999999840e+00,-3.149039874518879678e-01,4.907858297091757249e-01
2.071000000000000174e+00,-3.157551808416829697e-01,4.901030643734913816e-01
2.072000000000000064e+00,-3.166076524211739462e-01,4.894161362431869167e-01
2.072999999999999954e+00,-3.174613465284953362e-01,4.887250587697957727e-01
2.073999999999999844e+00,-3.183162075065164021e-01,4.880298458388393490e-01
2.075000000000000178e+00,-3.191721797085351753e-01,4.873305117723741864e-01
2.076000000000000068e+00,-3.200292075039828377e-01,4.866270713314497787e-01
2.076999999999999957e+00,-3.208872352841701803e-01,4.859195397185013254e-01
2.077999999999999847e+00,-3.217462074680237927e-01,4.852079325796533893e-01
2.079000000000000181e+00,-3.226060685078694923e-01,4.844922660069493903e-01
2.080000000000000071e+00,-3.234667628952149210e-01,4.837725565405008865e-01
2.080999999999999961e+00,-3.243282351665563445e-01,4.830488211705486479e-01
2.081999999999999851e+00,-3.251904299092052142e-01,4.823210773394550621e-01
2.083000000000000185e+00,-3.260532917671231656e-01,4.815893429435993967e-01
2.084000000000000075e+00,-3.269167654467669548e-01,4.808536363351973986e-01
2.084999999999999964e+00,-3.277807957229612046e-01,4.801139763240381275e-01
2.085999999999999854e+00,-3.286453274447670436e-01,4.793703821791317488e-01
2.087000000000000188e+00,-3.295103055413712845e-01,4.786228736302737818e-01
2.088000000000000078e+00,-3.303756750279826515e-01,4.778714708695279700e-01
2.088999999999999968e+00,-3.312413810117319501e-01,4.771161945526142811e-01
2.089999999999999858e+00,-3.321073686975832273e-01,4.763570658002118097e-01
2.091000000000000192e+00,-3.329735833942566448e-01,4.755941061991835750e-01
2.092000000000000082e+00,-3.338399705201415268e-01,4.748273378037005665e-01
2.092999999999999972e+00,-3.347064756092265614e-01,4.740567831362845208e-01
2.093999999999999861e+00,-3.355730443170291122e-01,4.732824651887586054e-01
2.095000000000000195e+00,-3.364396224265232549e-01,4.725044074231103952e-01
2.096000000000000085e+00,-3.373061558540655369e-01,4.717226337722638663e-01
2.096999999999999975e+00,-3.381725906553270100e-01,4.709371686407585189e-01
2.097999999999999865e+00,-3.390388730312173249e-01,4.701480369053419039e-01
2.099000000000000199e+00,-3.399049493338111572e-01,4.693552639154700001e-01
2.100000000000000089e+00,-3.407707660722567033e-01,4.685588754937111133e-01
2.100999999999999979e+00,-3.416362699186932805e-01,4.677588979360634003e-01
2.101999999999999869e+00,-3.425014077141540492e-01,4.669553580121775793e-01
2.103000000000000203e+00,-3.433661264744598540e-01,4.661482829654868820e-01
2.104000000000000092e+00,-3.442303733961010193e-01,4.653377005132450783e-01
2.104999999999999982e+00,-3.450940958621178667e-01,4.645236388464708543e-01
2.105999999999999872e+00,-3.459572414479525349e-01,4.637061266297953788e-01
2.107000000000000206e+00,-3.468197579273032960e-01,4.628851930012225502e-01
2.108000000000000096e+00,-3.476815932779487861e-01,4.620608675717906566e-01
2.108999999999999986e+00,-3.485426956875691262e-01,4.612331804251427192e-01
2.109999999999999876e+00,-3.494030135595376785e-01,4.604021621169978040e-01
2.111000000000000210e+00,-3.502624955187009226e-01,4.595678436745347373e-01
2.112000000000000099e+00,-3.511210904171302438e-01,4.587302565956772327e-01
2.112999999999999989e+00,-3.519787473398630073e-01,4.578894328482850939e-01
2.113999999999999879e+00,-3.528354156106077721e-01,4.570454048692496052e-01
2.115000000000000213e+00,-3.536910447974342397e-01,4.561982055635002142e-01
2.116000000000000103e+00,-3.545455847184250109e-01,4.553478683029055785e-01
2.116999999999999993e+00,-3.553989854473200705e-01,4.544944269250940083e-01
2.117999999999999883e+00,-3.562511973191069270e-01,4.536379157321654421e-01
2.119000000000000217e+00,-3.571021709356018148e-01,4.527783694893193767e-01
2.120000000000000107e+00,-3.579518571709862651e-01,4.519158234233845439e-01
2.120999999999999996e+00,-3.588002071773144230e-01,4.510503132212509980e-01
2.121999999999999886e+00,-3.596471723899906103e-01,4.501818750282152726e-01
2.123000000000000220e+00,-3.604927045332018132e-01,4.493105454462248405e-01
2.124000000000000110e+00,-3.613367556253141988e-01,4.484363615320332563e-01
2.125000000000000000e+00,-3.621792779842457621e-01,4.475593607952590425e-01
2.125999999999999890e+00,-3.630202242327718043e-01,4.466795811963519269e-01
2.127000000000000224e+00,-3.638595473038178651e-01,4.457970611444656006e-01
2.128000000000000114e+00,-3.646972004456832672e-01,4.449118394952412681e-01
2.129000000000000004e+00,-3.655331372272472845e-01,4.440239555484939982e-01
2.129999999999999893e+00,-3.663673115430995386e-01,4.431334490458042064e-01
2.131000000000000227e+00,-3.671996776186507438e-01,4.422403601680291452e-01
2.132000000000000117e+00,-3.680301900151801142e-01,4.413447295327128650e-01
2.133000000000000007e+00,-3.688588036348318111e-01,4.404465981914025274e-01
2.133999999999999897e+00,-3.696854737255684809e-01,4.395460076268864480e-01
2.135000000000000231e+00,-3.705101558860690592e-01,4.386429997503303868e-01
2.136000000000000121e+00,-3.713328060705675115e-01,4.377376168983327931e-01
2.137000000000000011e+00,-3.721533805936452222e-01,4.368299018298819059e-01
2.137999999999999901e+00,-3.729718361349556033e-01,4.359198977232298655e-01
2.139000000000000234e+00,-3.737881297439042405e-01,4.350076481726804500e-01
2.140000000000000124e+00,-3.746022188442543199e-01,4.340931971852848292e-01
2.141000000000000014e+00,-3.754140612386880904e-01,4.331765891774529420e-01
2.141999999999999904e+00,-3.762236151132926087e-01,4.322578689714761113e-01
2.143000000000000238e+00,-3.770308390419854772e-01,4.313370817919652822e-01
2.144000000000000128e+00,-3.778356919908833489e-01,4.304142732622097123e-01
2.145000000000000018e+00,-3.786381333225934953e-01,4.294894894004382402e-01
2.145999999999999908e+00,-3.794381228004498618e-01,4.285627766160106655e-01
2.147000000000000242e+00,-3.802356205926693544e-01,4.276341817055192562e-01
2.148000000000000131e+00,-3.810305872764444546e-01,4.267037518488065451e-01
2.149000000000000021e+00,-3.818229838419645583e-01,4.257715346049069094e-01
2.149999999999999911e+00,-3.826127716963707015e-01,4.248375779079068826e-01
2.151000000000000245e+00,-3.833999126676188585e-01,4.239019300627170916e-01
2.152000000000000135e+00,-3.841843690082932250e-01,4.229646397407818559e-01
2.153000000000000025e+00,-3.849661033993218018e-01,4.220257559756918631e-01
2.153999999999999915e+00,-3.857450789536321367e-01,4.210853281587351171e-01
2.155000000000000249e+00,-3.865212592197148078e-01,4.201434060343615662e-01
2.156000000000000139e+00,-3.872946081851201816e-01,4.192000396955793962e-01
2.157000000000000028e+00,-3.880650902798657986e-01,4.182552795792717770e-01
2.157999999999999918e+00,-3.888326703797653217e-01,4.173091764614409449e-01
2.159000000000000252e+00,-3.895973138096778254e-01,4.163617814523833394e-01
2.160000000000000142e+00,-3.903589863466661591e-01,4.154131459917916880e-01
2.161000000000000032e+00,-3.911176542230796471e-01,4.144633218437824285e-01
2.161999999999999922e+00,-3.918732841295486935e-01,4.135123610918622350e-01
2.163000000000000256e+00,-3.926258432178815205e-01,4.125603161338155522e-01
2.164000000000000146e+00,-3.933752991038924618e-01,4.116072396765374508e-01
2.165000000000000036e+00,-3.941216198701271711e-01,4.106531847307891558e-01
2.165999999999999925e+00,-3.948647740685004015e-01,4.096982046058925686e-01
2.167000000000000259e+00,-3.956047307228493515e-01,4.087423529043643922e-01
2.168000000000000149e+00,-3.963414593313902556e-01,4.077856835164844762e-01
2.169000000000000039e+00,-3.970749298690822160e-01,4.068282506147990474e-01
2.169999999999999929e+00,-3.978051127899032702e-01,4.058701086485724252e-01
2.171000000000000263e+00,-3.985319790290234865e-01,4.049113123381681278e-01
2.172000000000000153e+00,-3.992555000048923497e-01,4.039519166693859020e-01
2.173000000000000043e+00,-3.999756476212265044e-01,4.029919768877276987e-01
2.173999999999999932e+00,-4.006923942688936369e-01,4.020315484926165750e-01
2.175000000000000266e+00,-4.014057128277193076e-01,4.010706872315625837e-01
2.176000000000000156e+00,-4.021155766681698829e-01,4.001094490942690984e-01
2.177000000000000046e+00,-4.028219596529566959e-01,3.991478903066919548e-01
2.177999999999999936e+00,-4.035248361385346261e-01,3.981860673250492422e-01
2.178999999999999826e+00,-4.042241809764949290e-01,3.972240368297760837e-01
2.180000000000000160e+00,-4.049199695148694156e-01,3.962618557194393376e-01
2.181000000000000050e+00,-4.056121775993177803e-01,3.952995811045990626e-01
2.181999999999999940e+00,-4.063007815742315509e-01,3.943372703016320147e-01
2.182999999999999829e+00,-4.069857582837209664e-01,3.933749808265010750e-01
2.184000000000000163e+00,-4.076670850725025996e-01,3.924127703884933149e-01
2.185000000000000053e+00,-4.083447397866900586e-01,3.914506968839118750e-01
2.185999999999999943e+00,-4.090187007744733316e-01,3.904888183897246567e-01
2.186999999999999833e+00,-4.096889468866977690e-01,3.895271931571833157e-01
2.188000000000000167e+00,-4.103554574773379260e-01,3.885658796053965691e-01
2.189000000000000057e+00,-4.110182124038637141e-01,3.876049363148745819e-01
2.189999999999999947e+00,-4.116771920275084096e-01,3.866444220210364380e-01
2.190999999999999837e+00,-4.123323772134221410e-01,3.856843956076833058e-01
2.192000000000000171e+00,-4.129837493307262353e-01,3.847249161004451801e-01
2.193000000000000060e+00,-4.136312902524574286e-01,3.837660426601927077e-01
2.193999999999999950e+00,-4.142749823554081612e-01,3.828078345764235890e-01
2.194999999999999840e+00,-4.149148085198604008e-01,3.818503512606222783e-01
2.196000000000000174e+00,-4.155507521292125528e-01,3.808936522395910962e-01
2.197000000000000064e+00,-4.161827970694942924e-01,3.799377971487621908e-01
2.197999999999999954e+00,-4.168109277287853631e-01,3.789828457254816318e-01
2.198999999999999844e+00,-4.174351289965168021e-01,3.780288578022748536e-01
2.200000000000000178e+00,-4.180553862626750217e-01,3.770758933000954993e-01
2.201000000000000068e+00,-4.186716854168872626e-01,3.761240122215490644e-01
2.201999999999999957e+00,-4.192840128474119021e-01,3.751732746441046595e-01
2.202999999999999847e+00,-4.198923554400135205e-01,3.742237407132915639e-01
2.204000000000000181e+00,-4.204967005767352717e-01,3.732754706358772934e-01
2.205000000000000071e+00,-4.210970361345645063e-01,3.723285246730410059e-01
2.205999999999999961e+00,-4.216933504839900371e-01,3.713829631335267001e-01
2.206999999999999851e+00,-4.222856324874560974e-01,3.704388463667944720e-01
2.208000000000000185e+00,-4.228738714977053892e-01,3.694962347561573379e-01
2.209000000000000075e+00,-4.234580573560235428e-01,3.685551887119198344e-01
2.209999999999999964e+00,-4.240381803903687796e-01,3.676157686644989653e-01
2.210999999999999854e+00,-4.246142314134095930e-01,3.666780350575540304e-01
2.212000000000000188e+00,-4.251862017204429689e-01,3.657420483411063516e-01
2.213000000000000078e+00,-4.257540830872176274e-01,3.648078689646598316e-01
2.213999999999999968e+00,-4.263178677676516815e-01,3.638755573703214008e-01
2.214999999999999858e+00,-4.268775484914478779e-01,3.629451739859272386e-01
2.216000000000000192e+00,-4.274331184615991486e-01,3.620167792181627209e-01
2.217000000000000082e+00,-4.279845713518011241e-01,3.610904334457009091e-01
2.217999999999999972e+00,-4.285319013037582891e-01,3.601661970123335443e-01
2.218999999999999861e+00,-4.290751029243862202e-01,3.592441302201169195e-01
2.220000000000000195e+00,-4.296141712829216197e-01,3.583242933225250781e-01
2.221000000000000085e+00,-4.301491019079186628e-01,3.574067465176145042e-01
2.221999999999999975e+00,-4.306798907841637991e-01,3.564915499411951405e-01
2.222999999999999865e+00,-4.312065343494747016e-01,3.555787636600192259e-01
2.224000000000000199e+00,-4.317290294914156723e-01,3.546684476649837880e-01
2.225000000000000089e+00,-4.322473735439053000e-01,3.537606618643466816e-01
2.225999999999999979e+00,-4.327615642837334686e-01,3.528554660769583906e-01
2.226999999999999869e+00,-4.332715999269854956e-01,3.519529200255168688e-01
2.228000000000000203e+00,-4.337774791253625750e-01,3.510530833298347586e-01
2.229000000000000092e+00,-4.342792009624212302e-01,3.501560155001348096e-01
2.229999999999999982e+00,-4.347767649497068509e-01,3.492617759303595637e-01
2.230999999999999872e+00,-4.352701710228116250e-01,3.483704238915104057e-01
2.232000000000000206e+00,-4.357594195373221124e-01,3.474820185250051541e-01
2.233000000000000096e+00,-4.362445112646967660e-01,3.465966188360680711e-01
2.233999999999999986e+00,-4.367254473880446963e-01,3.457142836871398561e-01
2.234999999999999876e+00,-4.372022294978145096e-01,3.448350717913173380e-01
2.236000000000000210e+00,-4.376748595874075942e-01,3.439590417058268068e-01
2.237000000000000099e+00,-4.381433400486956509e-01,3.430862518255219928e-01
2.237999999999999989e+00,-4.386076736674636711e-01,3.422167603764149080e-01
2.238999999999999879e+00,-4.390678636187619333e-01,3.413506254092382730e-01
2.240000000000000213e+00,-4.395239134621823363e-01,3.404879047930448044e-01
2.241000000000000103e+00,-4.399758271370525220e-01,3.396286562088390304e-01
2.241999999999999993e+00,-4.404236089575530588e-01,3.387729371432424696e-01
2.242999999999999883e+00,-4.408672636077560769e-01,3.379208048821987220e-01
2.244000000000000217e+00,-4.413067961365848557e-01,3.370723165047136427e-01
2.245000000000000107e+00,-4.417422119527072977e-01,3.362275288766409798e-01
2.245999999999999996e+00,-4.421735168193471344e-01,3.353864986444942686e-01
2.246999999999999886e+00,-4.426007168490273536e-01,3.345492822293145707e-01
2.248000000000000220e+00,-4.430238184982449035e-01,3.337159358205672444e-01
2.249000000000000110e+00,-4.434428285620738985e-01,3.328865153700905077e-01
2.250000000000000000e+00,-4.438577541687037664e-01,3.320610765860830815e-01
2.250999999999999890e+00,-4.442686027739087828e-01,3.312396749271326879e-01
2.252000000000000224e+00,-4.446753821554598751e-01,3.304223655962993389e-01
2.253000000000000114e+00,-4.450781004074638725e-01,3.296092035352352068e-01
2.254000000000000004e+00,-4.454767659346514641e-01,3.288002434183550093e-01
2.254999999999999893e+00,-4.458713874466007088e-01,3.279955396470545237e-01
2.256000000000000227e+00,-4.462619739519044781e-01,3.271951463439766172e-01
2.257000000000000117e+00,-4.466485347522848870e-01,3.263991173473277385e-01
2.258000000000000007e+00,-4.470310794366446072e-01,3.256075062052402047e-01
2.258999999999999897e+00,-4.474096178750772701e-01,3.248203661701911105e-01
2.260000000000000231e+00,-4.477841602128209697e-01,3.240377501934668669e-01
2.261000000000000121e+00,-4.481547168641608070e-01,3.232597109196826968e-01
2.262000000000000011e+00,-4.485212985062895230e-01,3.224863006813548649e-01
2.262999999999999901e+00,-4.488839160731212807e-01,3.217175714935237019e-01
2.264000000000000234e+00,-4.492425807490602052e-01,3.209535750484326377e-01
2.265000000000000124e+00,-4.495973039627275680e-01,3.201943627102609158e-01
2.266000000000000014e+00,-4.499480973806508910e-01,3.194399855099104846e-01
2.266999999999999904e+00,-4.502949729009156909e-01,3.186904941398491786e-01
2.268000000000000238e+00,-4.506379426467783667e-01,3.179459389490076893e-01
2.269000000000000128e+00,-4.509770189602460011e-01,3.172063699377394297e-01
2.270000000000000018e+00,-4.513122143956249110e-01,3.164718367528275289e-01
2.270999999999999908e+00,-4.516435417130394980e-01,3.157423886825552750e-01
2.272000000000000242e+00,-4.519710138719235104e-01,3.150180746518342900e-01
2.273000000000000131e+00,-4.522946440244793309e-01,3.142989432173895481e-01
2.274000000000000021e+00,-4.526144455091192231e-01,3.135850425630027916e-01
2.274999999999999911e+00,-4.529304318438840404e-01,3.128764204948143446e-01
2.276000000000000245e+00,-4.532426167198343459e-01,3.121731244366831581e-01
2.277000000000000135e+00,-4.535510139944350927e-01,3.114752014256118584e-01
2.278000000000000025e+00,-4.538556376849139373e-01,3.107826981072250305e-01
2.278999999999999915e+00,-4.541565019616063958e-01,3.100956607313088975e-01
2.280000000000000249e+00,-4.544536211412959492e-01,3.094141351474142265e-01
2.281000000000000139e+00,-4.547470096805351636e-01,3.087381668005194091e-01
2.282000000000000028e+00,-4.550366821689667551e-01,3.080678007267488305e-01
2.282999999999999918e+00,-4.553226533226288897e-01,3.074030815491569646e-01
2.284000000000000252e+00,-4.556049379772656449e-01,3.067440534735749735e-01
2.285000000000000142e+00,-4.558835510816306447e-01,3.060907602845156505e-01
2.286000000000000032e+00,-4.561585076907916925e-01,3.054432453411373150e-01
2.286999999999999922e+00,-4.564298229594365708e-01,3.048015515732727110e-01
2.288000000000000256e+00,-4.566975121351877775e-01,3.041657214775213558e-01
2.289000000000000146e+00,-4.569615905519148757e-01,3.035357971133973987e-01
2.290000000000000036e+00,-4.572220736230653282e-01,3.029118200995427612e-01
2.290999999999999925e+00,-4.574789768349945551e-01,3.022938316100024503e-01
2.292000000000000259e+00,-4.577323157403207499e-01,3.016818723705605443e-01
2.293000000000000149e+00,-4.579821059512859671e-01,3.010759826551372420e-01
2.294000000000000039e+00,-4.582283631331325324e-01,3.004762022822470291e-01
2.294999999999999929e+00,-4.584711029975087615e-01,2.998825706115203493e-01
2.296000000000000263e+00,-4.587103412958816739e-01,2.992951265402854499e-01
2.297000000000000153e+00,-4.589460938129839573e-01,2.987139085002128991e-01
2.298000000000000043e+00,-4.591783763602778068e-01,2.981389544540185010e-01
2.298999999999999932e+00,-4.594072047694534588e-01,2.975703018922309928e-01
2.300000000000000266e+00,-4.596325948859467658e-01,2.970079878300178056e-01
2.301000000000000156e+00,-4.598545625624990141e-01,2.964520488040749413e-01
2.302000000000000046e+00,-4.600731236527409451e-01,2.959025208695751363e-01
2.302999999999999936e+00,-4.602882940048176330e-01,2.953594395971770314e-01
2.304000000000000270e+00,-4.605000894550448365e-01,2.948228400700955709e-01
2.305000000000000160e+00,-4.607085258216128132e-01,2.942927568812319095e-01
2.306000000000000050e+00,-4.609136188983207205e-01,2.937692241303653806e-01
2.306999999999999940e+00,-4.611153844483653619e-01,2.932522754214011984e-01
2.307999999999999829e+00,-4.613138381981637393e-01,2.927419438596824408e-01
2.309000000000000163e+00,-4.615089958312348362e-01,2.922382620493578220e-01
2.310000000000000053e+00,-4.617008729821178159e-01,2.917412620908129695e-01
2.310999999999999943e+00,-4.618894852303502274e-01,2.912509755781531595e-01
2.311999999999999833e+00,-4.620748480944973924e-01,2.907674335967533330e-01
2.313000000000000167e+00,-4.622569770262311417e-01,2.902906667208602909e-01
2.314000000000000057e+00,-4.624358874044748879e-01,2.898207050112573402e-01
2.314999999999999947e+00,-4.626115945295964926e-01,2.893575780129802877e-01
2.315999999999999837e+00,-4.627841136176704118e-01,2.889013147530993253e-01
2.317000000000000171e+00,-4.629534597947972951e-01,2.884519437385518748e-01
2.318000000000000060e+00,-4.631196480914869795e-01,2.880094929540343296e-01
2.318999999999999950e+00,-4.632826934371114813e-01,2.875739898599505295e-01
2.319999999999999840e+00,-4.634426106544226598e-01,2.871454613904156905e-01
2.321000000000000174e+00,-4.635994144541382145e-01,2.867239339513181773e-01
2.322000000000000064e+00,-4.637531194296026227e-01,2.863094334184330680e-01
2.322999999999999954e+00,-4.639037400515167442e-01,2.859019851355948383e-01
2.323999999999999844e+00,-4.640512906627425327e-01,2.855016139129241126e-01
2.325000000000000178e+00,-4.641957854731914024e-01,2.851083440251048207e-01
2.326000000000000068e+00,-4.643372385547748227e-01,2.847221992097231369e-01
2.326999999999999957e+00,-4.644756638364528900e-01,2.843432026656526612e-01
2.327999999999999847e+00,-4.646110750993465155e-01,2.839713770514989410e-01
2.329000000000000181e+00,-4.647434859719465905e-01,2.836067444840909557e-01
2.330000000000000071e+00,-4.648729099253982033e-01,2.832493265370342184e-01
2.330999999999999961e+00,-4.649993602688742289e-01,2.828991442393061218e-01
2.331999999999999851e+00,-4.651228501450341835e-01,2.825562180739122908e-01
2.333000000000000185e+00,-4.652433925255732294e-01,2.822205679765873998e-01
2.334000000000000075e+00,-4.653610002068604423e-01,2.818922133345533876e-01
2.334999999999999964e+00,-4.654756858056708912e-01,2.815711729853255241e-01
2.335999999999999854e+00,-4.655874617550037065e-01,2.812574652155687693e-01
2.337000000000000188e+00,-4.656963403000026758e-01,2.809511077600049811e-01
2.338000000000000078e+00,-4.658023334939671578e-01,2.806521178003732464e-01
2.338999999999999968e+00,-4.659054531944598065e-01,2.803605119644342336e-01
2.339999999999999858e+00,-4.660057110595171026e-01,2.800763063250293894e-01
2.341000000000000192e+00,-4.661031185439490354e-01,2.797995163991845446e-01
2.342000000000000082e+00,-4.661976868957516951e-01,2.795301571472669222e-01
2.342999999999999972e+00,-4.662894271526109025e-01,2.792682429721856652e-01
2.343999999999999861e+00,-4.663783501385146413e-01,2.790137877186418258e-01
2.345000000000000195e+00,-4.664644664604663538e-01,2.787668046724317561e-01
2.346000000000000085e+00,-4.665477865053027084e-01,2.785273065597888564e-01
2.346999999999999975e+00,-4.666283204366187265e-01,2.782953055467787817e-01
2.347999999999999865e+00,-4.667060781917997669e-01,2.780708132387398335e-01
2.349000000000000199e+00,-4.667810694791592052e-01,2.778538406797688154e-01
2.350000000000000089e+00,-4.668533037751846915e-01,2.776443983522563497e-01
2.350999999999999979e+00,-4.669227903218942100e-01,2.774424961764641040e-01
2.351999999999999869e+00,-4.669895381243067134e-01,2.772481435101516456e-01
2.353000000000000203e+00,-4.670535559480143983e-01,2.770613491482443180e-01
2.354000000000000092e+00,-4.671148523168754396e-01,2.768821213225553524e-01
2.354999999999999982e+00,-4.671734355108125847e-01,2.767104677015417291e-01
2.355999999999999872e+00,-4.672293135637303196e-01,2.765463953901128313e-01
2.357000000000000206e+00,-4.672824942615442234e-01,2.763899109294800649e-01
2.358000000000000096e+00,-4.673329851403180690e-01,2.762410202970549400e-01
2.358999999999999986e+00,-4.673807934845277678e-01,2.760997289063861215e-01
2.359999999999999876e+00,-4.674259263254295083e-01,2.759660416071454403e-01
2.361000000000000210e+00,-4.674683904395501854e-01,2.758399626851548159e-01
2.362000000000000099e+00,-4.675081923472917955e-01,2.757214958624589207e-01
2.362999999999999989e+00,-4.675453383116512374e-01,2.756106442974398663e-01
2.363999999999999879e+00,-4.675798343370617394e-01,2.755074105849759647e-01
2.365000000000000213e+00,-4.676116861683435877e-01,2.754117967566472869e-01
2.366000000000000103e+00,-4.676408992897808092e-01,2.753238042809760255e-01
2.366999999999999993e+00,-4.676674789243115971e-01,2.752434340637199828e-01
2.367999999999999883e+00,-4.676914300328333107e-01,2.751706864482038606e-01
2.369000000000000217e+00,-4.677127573136324323e-01,2.751055612156921293e-01
2.370000000000000107e+00,-4.677314652019266550e-01,2.750480575858098575e-01
2.370999999999999996e+00,-4.677475578695302061e-01,2.749981742170014010e-01
2.371999999999999886e+00,-4.677610392246300819e-01,2.749559092070358868e-01
2.373000000000000220e+00,-4.677719129116921781e-01,2.749212600935526662e-01
2.374000000000000110e+00,-4.677801823114690061e-01,2.748942238546502326e-01
2.375000000000000000e+00,-4.677858505411419676e-01,2.748747969095207133e-01
2.375999999999999890e+00,-4.677889204545716550e-01,2.748629751191205561e-01
2.377000000000000224e+00,-4.677893946426662231e-01,2.748587537868923958e-01
2.378000000000000114e+00,-4.677872754338692207e-01,2.748621276595215046e-01
2.379000000000000004e+00,-4.677825648947661064e-01,2.748730909277419254e-01
2.379999999999999893e+00,-4.677752648308043937e-01,2.748916372271789643e-01
2.381000000000000227e+00,-4.677653767871277068e-01,2.749177596392407552e-01
2.382000000000000117e+00,-4.677529020495335699e-01,2.749514506920490708e-01
2.383000000000000007e+00,-4.677378416455389987e-01,2.749927023614119892e-01
2.383999999999999897e+00,-4.677201963455638323e-01,2.750415060718428562e-01
2.385000000000000231e+00,-4.676999666642295272e-01,2.750978526976194383e-01
2.386000000000000121e+00,-4.676771528617720830e-01,2.751617325638908707e-01
2.387000000000000011e+00,-4.676517549455615486e-01,2.752331354478201320e-01
2.387999999999999901e+00,-4.676237726717442644e-01,2.753120505797769790e-01
2.389000000000000234e+00,-4.675932055469886883e-01,2.753984666445707385e-01
2.390000000000000124e+00,-4.675600528303462955e-01,2.754923717827294505e-01
2.391000000000000014e+00,-4.675243135352207258e-01,2.755937535918167036e-01
2.391999999999999904e+00,-4.674859864314472868e-01,2.757025991278008181e-01
2.393000000000000238e+00,-4.674450700474795384e-01,2.758188949064616091e-01
2.394000000000000128e+00,-4.674015626726887862e-01,2.759426269048432800e-01
2.395000000000000018e+00,-4.673554623597605540e-01,2.760737805627526131e-01
2.395999999999999908e+00,-4.673067669272038538e-01,2.762123407842986267e-01
2.397000000000000242e+00,-4.672554739619647068e-01,2.763582919394803050e-01
2.398000000000000131e+00,-4.672015808221413602e-01,2.765116178658184598e-01
2.399000000000000021e+00,-4.671450846397997569e-01,2.766723018700281700e-01
2.399999999999999911e+00,-4.670859823238955322e-01,2.768403267297426251e-01
2.401000000000000245e+00,-4.670242705632927649e-01,2.770156746952775473e-01
2.402000000000000135e+00,-4.669599458298812067e-01,2.771983274914432416e-01
2.403000000000000025e+00,-4.668930043817921538e-01,2.773882663194023879e-01
2.403999999999999915e+00,-4.668234422667109085e-01,2.775854718585707981e-01
2.405000000000000249e+00,-4.667512553252847196e-01,2.777899242685687997e-01
2.406000000000000139e+00,-4.666764391946199853e-01,2.780016031912131980e-01
2.407000000000000028e+00,-4.665989893118795417e-01,2.782204877525621400e-01
2.407999999999999918e+00,-4.665189009179641078e-01,2.784465565649983931e-01
2.409000000000000252e+00,-4.664361690612852107e-01,2.786797877293672454e-01
2.410000000000000142e+00,-4.663507886016249882e-01,2.789201588371570950e-01
2.411000000000000032e+00,-4.662627542140859727e-01,2.791676469727253362e-01
2.411999999999999922e+00,-4.661720603931217566e-01,2.794222287155773143e-01
2.413000000000000256e+00,-4.660787014566512010e-01,2.796838801426856924e-01
2.414000000000000146e+00,-4.659826715502568550e-01,2.799525768308642748e-01
2.415000000000000036e+00,-4.658839646514603139e-01,2.802282938591827421e-01
2.415999999999999925e+00,-4.657825745740757917e-01,2.805110058114342886e-01
2.417000000000000259e+00,-4.656784949726465728e-01,2.808006867786509431e-01
2.418000000000000149e+00,-4.655717193469442461e-01,2.810973103616616897e-01
2.419000000000000039e+00,-4.654622410465535376e-01,2.814008496737069320e-01
2.419999999999999929e+00,-4.653500532755214802e-01,2.817112773430965333e-01
2.421000000000000263e+00,-4.652351490970758618e-01,2.820285655159146532e-01
2.422000000000000153e+00,-4.651175214384136725e-01,2.823526858587808719e-01
2.423000000000000043e+00,-4.649971630955573310e-01,2.826836095616505062e-01
2.423999999999999932e+00,-4.648740667382680325e-01,2.830213073406726010e-01
2.425000000000000266e+00,-4.647482249150282074e-01,2.833657494410906086e-01
2.426000000000000156e+00,-4.646196300580810457e-01,2.837169056401951939e-01
2.427000000000000046e+00,-4.644882744885281411e-01,2.840747452503270543e-01
2.427999999999999936e+00,-4.643541504214835358e-01,2.844392371219264248e-01
2.429000000000000270e+00,-4.642172499712809430e-01,2.848103496466342088e-01
2.430000000000000160e+00,-4.640775651567384807e-01,2.851880507604412363e-01
2.431000000000000050e+00,-4.639350879064663147e-01,2.855723079468880932e-01
2.431999999999999940e+00,-4.637898100642279253e-01,2.859630882403130236e-01
2.432999999999999829e+00,-4.636417233943449512e-01,2.863603582291515126e-01
2.434000000000000163e+00,-4.634908195871503267e-01,2.867640840592818874e-01
2.435000000000000053e+00,-4.633370902644738942e-01,2.871742314374251537e-01
2.435999999999999943e+00,-4.631805269851828610e-01,2.875907656345896291e-01
2.436999999999999833e+00,-4.630211212507459040e-01,2.880136514895694777e-01
2.438000000000000167e+00,-4.628588645108411281e-01,2.884428534124891530e-01
2.439000000000000057e+00,-4.626937481690008291e-01,2.888783353883963567e-01
2.439999999999999947e+00,-4.625257635882749629e-01,2.893200609809117307e-01
2.440999999999999837e+00,-4.623549020969416889e-01,2.897679933359161852e-01
2.442000000000000171e+00,-4.621811549942297370e-01,2.902220951852985120e-01
2.443000000000000060e+00,-4.620045135560755245e-01,2.906823288507454639e-01
2.443999999999999950e+00,-4.618249690409014230e-01,2.911486562475802398e-01
2.444999999999999840e+00,-4.616425126954153413e-01,2.916210388886530946e-01
2.446000000000000174e+00,-4.614571357604252411e-01,2.920994378882803555e-01
2.447000000000000064e+00,-4.612688294766798536e-01,2.925838139662261250e-01
2.447999999999999954e+00,-4.610775850907112838e-01,2.930741274517398298e-01
2.448999999999999844e+00,-4.608833938607034275e-01,2.935703382876371226e-01
2.450000000000000178e+00,-4.606862470623605543e-01,2.940724060344290791e-01
2.451000000000000068e+00,-4.604861359947931554e-01,2.945802898744974141e-01
2.451999999999999957e+00,-4.602830519863981840e-01,2.950939486163205450e-01
2.452999999999999847e+00,-4.600769864007585586e-01,2.956133406987422885e-01
2.454000000000000181e+00,-4.598679306425311752e-01,2.961384241952912943e-01
2.455000000000000071e+00,-4.596558761633439683e-01,2.966691568185397254e-01
2.455999999999999961e+00,-4.594408144676831451e-01,2.972054959245178929e-01
2.456999999999999851e+00,-4.592227371187841412e-01,2.977473985171636972e-01
2.458000000000000185e+00,-4.590016357445115824e-01,2.982948212528249154e-01
2.459000000000000075e+00,-4.587775020432300344e-01,2.988477204448014013e-01
2.459999999999999964e+00,-4.585503277896656460e-01,2.994060520679335813e-01
2.460999999999999854e+00,-4.583201048407583578e-01,2.999697717632354710e-01
2.462000000000000188e+00,-4.580868251414925707e-01,3.005388348425687139e-01
2.463000000000000078e+00,-4.578504807307184343e-01,3.011131962933591977e-01
2.463999999999999968e+00,-4.576110637469496534e-01,3.016928107833596329e-01
2.464999999999999858e+00,-4.573685664341425872e-01,3.022776326654502688e-01
2.466000000000000192e+00,-4.571229811474525340e-01,3.028676159824815750e-01
2.467000000000000082e+00,-4.568743003589657015e-01,3.034627144721600001e-01
2.467999999999999972e+00,-4.566225166634032551e-01,3.040628815719674805e-01
2.468999999999999861e+00,-4.563676227838002752e-01,3.046680704241290227e-01
2.470000000000000195e+00,-4.561096115771505755e-01,3.052782338806138696e-01
2.471000000000000085e+00,-4.558484760400226543e-01,3.058933245081750241e-01
2.471999999999999975e+00,-4.555842093141349580e-01,3.065132945934275766e-01
2.472999999999999865e+00,-4.553168046919072731e-01,3.071380961479641125e-01
2.474000000000000199e+00,-4.550462556219614374e-01,3.077676809135048153e-01
2.475000000000000089e+00,-4.547725557145934627e-01,3.084020003670844834e-01
2.475999999999999979e+00,-4.544956987471902021e-01,3.090410057262754639e-01
2.476999999999999869e+00,-4.542156786696245896e-01,3.096846479544409503e-01
2.478000000000000203e+00,-4.539324896095800477e-01,3.103328777660250282e-01
2.479000000000000092e+00,-4.536461258778538008e-01,3.109856456318728091e-01
2.479999999999999982e+00,-4.533565819735881908e-01,3.116429017845867566e-01
2.480999999999999872e+00,-4.530638525894733482e-01,3.123045962239067164e-01
2.482000000000000206e+00,-4.527679326168826401e-01,3.129706787221255282e-01
2.483000000000000096e+00,-4.524688171509642642e-01,3.136410988295329494e-01
2.483999999999999986e+00,-4.521665014956729456e-01,3.143158058798881660e-01
2.484999999999999876e+00,-4.518609811687503974e-01,3.149947489959156188e-01
2.486000000000000210e+00,-4.515522519066400009e-01,3.156778770948365231e-01
2.487000000000000099e+00,-4.512403096693541893e-01,3.163651388939160425e-01
2.487999999999999989e+00,-4.509251506452686131e-01,3.170564829160417153e-01
2.488999999999999879e+00,-4.506067712558623484e-01,3.177518574953240860e-01
2.490000000000000213e+00,-4.502851681603942113e-01,3.184512107827204286e-01
2.491000000000000103e+00,-4.499603382605089075e-01,3.191544907516790652e-01
2.491999999999999993e+00,-4.496322787047819514e-01,3.198616452038081093e-01
2.492999999999999883e+00,-4.493009868931955308e-01,3.205726217745616391e-01
2.494000000000000217e+00,-4.489664604815450377e-01,3.212873679389450787e-01
2.495000000000000107e+00,-4.486286973857792626e-01,3.220058310172382865e-01
2.495999999999999996e+00,-4.482876957862614864e-01,3.227279581807406816e-01
2.496999999999999886e+00,-4.479434541319656793e-01,3.234536964575236428e-01
2.498000000000000220e+00,-4.475959711445977041e-01,3.241829927382064991e-01
2.499000000000000110e+00,-4.472452458226401362e-01,3.249157937817410691e-01
2.500000000000000000e+00,-4.468912774453205339e-01,3.256520462212116884e-01
2.500999999999999890e+00,-4.465340655765067668e-01,3.263916965696465611e-01
2.502000000000000224e+00,-4.461736100685204098e-01,3.271346912258388251e-01
2.503000000000000114e+00,-4.458099110658754194e-01,3.278809764801799975e-01
2.504000000000000004e+00,-4.454429690089373173e-01,3.286304985204994145e-01
2.504999999999999893e+00,-4.450727846374947783e-01,3.293832034379141072e-01
2.506000000000000227e+00,-4.446993589942573877e-01,3.301390372326814537e-01
2.507000000000000117e+00,-4.443226934282709095e-01,3.308979458200590473e-01
2.508000000000000007e+00,-4.439427895982468453e-01,3.316598750361731129e-01
2.508999999999999897e+00,-4.435596494758045072e-01,3.324247706438803740e-01
2.510000000000000231e+00,-4.431732753486395948e-01,3.331925783386435747e-01
2.511000000000000121e+00,-4.427836698235977919e-01,3.339632437543982313e-01
2.512000000000000011e+00,-4.423908358296640975e-01,3.347367124694234364e-01
2.512999999999999901e+00,-4.419947766208723872e-01,3.355129300122136060e-01
2.514000000000000234e+00,-4.415954957791181634e-01,3.362918418673438437e-01
2.515000000000000124e+00,-4.411929972168924241e-01,3.370733934813320287e-01
2.516000000000000014e+00,-4.407872851799201075e-01,3.378575302684992399e-01
2.516999999999999904e+00,-4.403783642497169359e-01,3.386441976168227952e-01
2.518000000000000238e+00,-4.399662393460531118e-01,3.394333408937815211e-01
2.519000000000000128e+00,-4.395509157293253644e-01,3.402249054521916394e-01
2.520000000000000018e+00,-4.391323990028472846e-01,3.410188366360390466e-01
2.520999999999999908e+00,-4.387106951150392398e-01,3.418150797862948287e-01
2.522000000000000242e+00,-4.382858103615365764e-01,3.426135802467243918e-01
2.523000000000000131e+00,-4.378577513872025095e-01,3.434142833696786079e-01
2.524000000000000021e+00,-4.374265251880509187e-01,3.442171345218770218e-01
2.524999999999999911e+00,-4.369921391130779931e-01,3.450220790901716850e-01
2.526000000000000245e+00,-4.365546008660029509e-01,3.458290624872987218e-01
2.527000000000000135e+00,-4.361139185069149438e-01,3.466380301576064693e-01
2.528000000000000025e+00,-4.356701004538351407e-01,3.474489275827773449e-01
2.528999999999999915e+00,-4.352231554841751171e-01,3.482617002875146306e-01
2.530000000000000249e+00,-4.347730927361183051e-01,3.490762938452225406e-01
2.531000000000000139e+00,-4.343199217098953624e-01,3.498926538836560907e-01
2.532000000000000028e+00,-4.338636522689786057e-01,3.507107260905534818e-01
2.532999999999999918e+00,-4.334042946411775232e-01,3.515304562192406168e-01
2.534000000000000252e+00,-4.329418594196500214e-01,3.523517900942167436e-01
2.535000000000000142e+00,-4.324763575638107538e-01,3.531746736167035716e-01
2.536000000000000032e+00,-4.320078004001616789e-01,3.539990527701814549e-01
2.536999999999999922e+00,-4.315361996230206998e-01,3.548248736258855507e-01
2.538000000000000256e+00,-4.310615672951629840e-01,3.556520823482798854e-01
2.539000000000000146e+00,-4.305839158483757423e-01,3.564806252004962817e-01
2.540000000000000036e+00,-4.301032580839139197e-01,3.573104485497493044e-01
2.540999999999999925e+00,-4.296196071728716204e-01,3.581414988727100734e-01
2.542000000000000259e+00,-4.291329766564585535e-01,3.589737227608536529e-01
2.543000000000000149e+00,-4.286433804461995956e-01,3.598070669257688592e-01
2.544000000000000039e+00,-4.281508328240241079e-01,3.606414782044355394e-01
2.544999999999999929e+00,-4.276553484422834228e-01,3.614769035644617157e-01
2.546000000000000263e+00,-4.271569423236747376e-01,3.623132901092863678e-01
2.547000000000000153e+00,-4.266556298610750808e-01,3.631505850833444682e-01
2.548000000000000043e+00,-4.261514268172853503e-01,3.639887358771894954e-01
2.548999999999999932e+00,-4.256443493246979126e-01,3.648276900325815308e-01
2.550000000000000266e+00,-4.251344138848653920e-01,3.656673952475288925e-01
2.551000000000000156e+00,-4.246216373679875256e-01,3.665077993812880797e-01
2.552000000000000046e+00,-4.241060370123171941e-01,3.673488504593267479e-01
2.552999999999999936e+00,-4.235876304234726941e-01,3.681904966782359456e-01
2.554000000000000270e+00,-4.230664355736762916e-01,3.690326864106016069e-01
2.555000000000000160e+00,-4.225424708008985730e-01,3.698753682098291917e-01
2.556000000000000050e+00,-4.220157548079247478e-01,3.707184908149225300e-01
2.556999999999999940e+00,-4.214863066613398490e-01,3.715620031552164804e-01
2.558000000000000274e+00,-4.209541457904307782e-01,3.724058543550587963e-01
2.559000000000000163e+00,-4.204192919860037514e-01,3.732499937384436972e-01
2.560000000000000053e+00,-4.198817653991276933e-01,3.740943708336000872e-01
2.560999999999999943e+00,-4.193415865397931985e-01,3.749389353775235412e-01
2.561999999999999833e+00,-4.187987762754967758e-01,3.757836373204596625e-01
2.563000000000000167e+00,-4.182533558297406584e-01,3.766284268303368155e-01
2.564000000000000057e+00,-4.177053467804641707e-01,3.774732542971424021e-01
2.564999999999999947e+00,-4.171547710583876079e-01,3.783180703372497344e-01
2.565999999999999837e+00,-4.166016509452955541e-01,3.791628257976897287e-01
2.567000000000000171e+00,-4.160460090722257753e-01,3.800074717603646457e-01
2.568000000000000060e+00,-4.154878684176067094e-01,3.808519595462102059e-01
2.568999999999999950e+00,-4.149272523053015860e-01,3.816962407192988072e-01
2.569999999999999840e+00,-4.143641844025935383e-01,3.825402670908899516e-01
2.571000000000000174e+00,-4.137986887180914453e-01,3.833839907234161681e-01
2.572000000000000064e+00,-4.132307895995740998e-01,3.842273639344175873e-01
2.572999999999999954e+00,-4.126605117317567184e-01,3.850703393004151209e-01
2.573999999999999844e+00,-4.120878801339925013e-01,3.859128696607233566e-01
2.575000000000000178e+00,-4.115129201579080798e-01,3.867549081212070528e-01
2.576000000000000068e+00,-4.109356574849678534e-01,3.875964080579702431e-01
2.576999999999999957e+00,-4.103561181239822053e-01,3.884373231209944932e-01
2.577999999999999847e+00,-4.097743284085358928e-01,3.892776072377067687e-01
2.579000000000000181e+00,-4.091903149943699747e-01,3.901172146164911814e-01
2.580000000000000071e+00,-4.086041048566916856e-01,3.909560997501336788e-01
2.580999999999999961e+00,-4.080157252874162532e-01,3.917942174192070581e-01
2.581999999999999851e+00,-4.074252038923679153e-01,3.926315226953941417e-01
2.583000000000000185e+00,-4.068325685884033316e-01,3.934679709447420626e-01
2.584000000000000075e+00,-4.062378476004838701e-01,3.943035178308550437e-01
2.584999999999999964e+00,-4.056410694586894961e-01,3.951381193180252271e-01
2.585999999999999854e+00,-4.050422629951768716e-01,3.959717316742939475e-01
2.587000000000000188e+00,-4.044414573410859415e-01,3.968043114744520539e-01
2.588000000000000078e+00,-4.038386819233809599e-01,3.976358156029686786e-01
2.588999999999999968e+00,-4.032339664616528818e-01,3.984662012568616074e-01
2.589999999999999858e+00,-4.026273409648576940e-01,3.992954259484962076e-01
2.591000000000000192e+00,-4.020188357280148339e-01,4.001234475083192965e-01
2.592000000000000082e+00,-4.014084813288434361e-01,4.009502240875235657e-01
2.592999999999999972e+00,-4.007963086243611084e-01,4.017757141606519977e-01
2.593999999999999861e+00,-4.001823487474281960e-01,4.025998765281260106e-01
2.595000000000000195e+00,-3.995666331032504681e-01,4.034226703187138718e-01
2.596000000000000085e+00,-3.989491933658307898e-01,4.042440549919250614e-01
2.596999999999999975e+00,-3.983300614743796597e-01,4.050639903403404074e-01
2.597999999999999865e+00,-3.977092696296852248e-01,4.058824364918753869e-01
2.599000000000000199e+00,-3.970868502904342789e-01,4.066993539119687640e-01
2.600000000000000089e+00,-3.964628361695015091e-01,4.075147034057107209e-01
2.600999999999999979e+00,-3.958372602301898913e-01,4.083284461198978810e-01
2.601999999999999869e+00,-3.952101556824361706e-01,4.091405435450196082e-01
2.603000000000000203e+00,-3.945815559789816462e-01,4.099509575171791376e-01
2.604000000000000092e+00,-3.939514948115029336e-01,4.107596502199394872e-01
2.604999999999999982e+00,-3.933200061067064768e-01,4.115665841861100294e-01
2.605999999999999872e+00,-3.926871240223942516e-01,4.123717222994558451e-01
2.607000000000000206e+00,-3.920528829434831719e-01,4.131750277963396334e-01
2.608000000000000096e+00,-3.914173174780178899e-01,4.139764642673012807e-01
2.608999999999999986e+00,-3.907804624531223681e-01,4.147759956585590491e-01
2.609999999999999876e+00,-3.901423529109383503e-01,4.155735862734494246e-01
2.611000000000000210e+00,-3.895030241045414066e-01,4.163692007737959111e-01
2.612000000000000099e+00,-3.888625114938099592e-01,4.171628041812055487e-01
2.612999999999999989e+00,-3.882208507412853171e-01,4.179543618783048142e-01
2.613999999999999879e+00,-3.875780777079959050e-01,4.187438396098991933e-01
2.615000000000000213e+00,-3.869342284492630069e-01,4.195312034840695814e-01
2.616000000000000103e+00,-3.862893392104789769e-01,4.203164199731965756e-01
2.616999999999999993e+00,-3.856434464228658543e-01,4.210994559149193739e-01
2.617999999999999883e+00,-3.849965866992107189e-01,4.218802785130274513e-01
2.619000000000000217e+00,-3.843487968295898893e-01,4.226588553382838453e-01
2.620000000000000107e+00,-3.837001137770563175e-01,4.234351543291737796e-01
2.620999999999999996e+00,-3.830505746733239292e-01,4.242091437926018838e-01
2.621999999999999886e+00,-3.824002168144349234e-01,4.249807924045060359e-01
2.623000000000000220e+00,-3.817490776563997601e-01,4.257500692104151385e-01
2.624000000000000110e+00,-3.810971948108363705e-01,4.265169436259326208e-01
2.625000000000000000e+00,-3.804446060405828334e-01,4.272813854371614317e-01
2.625999999999999890e+00,-3.797913492553103842e-01,4.280433648010575354e-01
2.627000000000000224e+00,-3.791374625071116111e-01,4.288028522457182357e-01
2.628000000000000114e+00,-3.784829839860853196e-01,4.295598186706051091e-01
2.629000000000000004e+00,-3.778279520159147920e-01,4.303142353467076520e-01
2.629999999999999893e+00,-3.771724050494282832e-01,4.310660739166310984e-01
2.631000000000000227e+00,-3.765163816641592942e-01,4.318153063946325587e-01
2.632000000000000117e+00,-3.758599205578946334e-01,4.325619051665776649e-01
2.633000000000000007e+00,-3.752030605442258637e-01,4.333058429898544173e-01
2.633999999999999897e+00,-3.745458405480816544e-01,4.340470929932006561e-01
2.635000000000000231e+00,-3.738882996012704019e-01,4.347856286764883449e-01
2.636000000000000121e+00,-3.732304768380092508e-01,4.355214239104306939e-01
2.637000000000000011e+00,-3.725724114904603868e-01,4.362544529362387125e-01
2.637999999999999901e+00,-3.719141428842587249e-01,4.369846903652105929e-01
2.639000000000000234e+00,-3.712557104340421521e-01,4.377121111782567020e-01
2.640000000000000124e+00,-3.705971536389842669e-01,4.384366907253707812e-01
2.641000000000000014e+00,-3.699385120783256209e-01,4.391584047250403633e-01
2.641999999999999904e+00,-3.692798254069113995e-01,4.398772292635900194e-01
2.643000000000000238e+00,-3.686211333507271037e-01,4.405931407944772005e-01
2.644000000000000128e+00,-3.679624757024458903e-01,4.413061161375173569e-01
2.645000000000000018e+00,-3.673038923169726910e-01,4.420161324780606527e-01
2.645999999999999908e+00,-3.666454231069977698e-01,4.427231673661044531e-01
2.647000000000000242e+00,-3.659871080385656006e-01,4.434271987153551864e-01
2.648000000000000131e+00,-3.653289871266331978e-01,4.441282048022247020e-01
2.649000000000000021e+00,-3.646711004306519288e-01,4.448261642647816094e-01
2.649999999999999911e+00,-3.640134880501530446e-01,4.455210561016391124e-01
2.651000000000000245e+00,-3.633561901203473665e-01,4.462128596707937711e-01
2.652000000000000135e+00,-3.626992468077260279e-01,4.469015546884022028e-01
2.653000000000000025e+00,-3.620426983056804771e-01,4.475871212275140953e-01
2.653999999999999915e+00,-3.613865848301361372e-01,4.482695397167447693e-01
2.655000000000000249e+00,-3.607309466151927824e-01,4.489487909389023867e-01
2.656000000000000139e+00,-3.600758239087854529e-01,4.496248560295543761e-01
2.657000000000000028e+00,-3.594212569683525871e-01,4.502977164755527228e-01
2.657999999999999918e+00,-3.587672860565220834e-01,4.509673541134991970e-01
2.659000000000000252e+00,-3.581139514368191223e-01,4.516337511281718342e-01
2.660000000000000142e+00,-3.574612933693790962e-01,4.522968900508910206e-01
2.661000000000000032e+00,-3.568093521066894036e-01,4.529567537578462755e-01
2.661999999999999922e+00,-3.561581678893392944e-01,4.536133254683719640e-01
2.663000000000000256e+00,-3.555077809417940271e-01,4.542665887431719951e-01
2.664000000000000146e+00,-3.548582314681861249e-01,4.549165274825060501e-01
2.665000000000000036e+00,-3.542095596481282249e-01,4.555631259243258513e-01
2.665999999999999925e+00,-3.535618056325406933e-01,4.562063686423654674e-01
2.667000000000000259e+00,-3.529150095395052755e-01,4.568462405441894303e-01
2.668000000000000149e+00,-3.522692114501419502e-01,4.574827268691975535e-01
2.669000000000000039e+00,-3.516244514044983838e-01,4.581158131865855632e-01
2.669999999999999929e+00,-3.509807693974731913e-01,4.587454853932667609e-01
2.671000000000000263e+00,-3.503382053747549074e-01,4.593717297117467790e-01
2.672000000000000153e+00,-3.496967992287858817e-01,4.599945326879624208e-01
2.673000000000000043e+00,-3.490565907947531521e-01,4.606138811890837514e-01
2.673999999999999932e+00,-3.484176198465990248e-01,4.612297624012664521e-01
2.675000000000000266e+00,-3.477799260930634628e-01,4.618421638273783603e-01
2.676000000000000156e+00,-3.471435491737415724e-01,4.624510732846769390e-01
2.677000000000000046e+00,-3.465085286551807253e-01,4.630564789024609329e-01
2.677999999999999936e+00,-3.458749040269915587e-01,4.636583691196783930e-01
2.679000000000000270e+00,-3.452427146979916706e-01,4.642567326825007834e-01
2.680000000000000160e+00,-3.446119999923789035e-01,4.648515586418637824e-01
2.681000000000000050e+00,-3.439827991459278311e-01,4.654428363509782729e-01
2.681999999999999940e+00,-3.433551513022143897e-01,4.660305554628010327e-01
2.683000000000000274e+00,-3.427290955088718727e-01,4.666147059274747266e-01
2.684000000000000163e+00,-3.421046707138770682e-01,4.671952779897440289e-01
2.685000000000000053e+00,-3.414819157618551593e-01,4.677722621863310559e-01
2.685999999999999943e+00,-3.408608693904308651e-01,4.683456493432891499e-01
2.687000000000000277e+00,-3.402415702265958464e-01,4.689154305733231887e-01
2.688000000000000167e+00,-3.396240567831115831e-01,4.694815972730793097e-01
2.689000000000000057e+00,-3.390083674549392301e-01,4.700441411204170361e-01
2.689999999999999947e+00,-3.383945405157114950e-01,4.706030540716444333e-01
2.690999999999999837e+00,-3.377826141142178384e-01,4.711583283587310600e-01
2.692000000000000171e+00,-3.371726262709363597e-01,4.717099564865018246e-01
2.693000000000000060e+00,-3.365646148745878863e-01,4.722579312297913168e-01
2.693999999999999950e+00,-3.359586176787291989e-01,4.728022456305935872e-01
2.694999999999999840e+00,-3.353546722983723472e-01,4.733428929951802866e-01
2.696000000000000174e+00,-3.347528162066366608e-01,4.738798668911876621e-01
2.697000000000000064e+00,-3.341530867314400632e-01,4.744131611447029995e-01
2.697999999999999954e+00,-3.335555210522136993e-01,4.749427698373122064e-01
2.698999999999999844e+00,-3.329601561966598622e-01,4.754686873031408467e-01
2.700000000000000178e+00,-3.323670290375267955e-01,4.759909081258647534e-01
2.701000000000000068e+00,-3.317761762894436695e-01,4.765094271357174227e-01
2.701999999999999957e+00,-3.311876345057541693e-01,4.770242394064636571e-01
2.702999999999999847e+00,-3.306014400754169746e-01,4.775353402523706547e-01
2.704000000000000181e+00,-3.300176292199170636e-01,4.780427252251573389e-01
2.705000000000000071e+00,-3.294362379902246452e-01,4.785463901109299201e-01
2.705999999999999961e+00,-3.288573022637771848e-01,4.790463309271030257e-01
2.706999999999999851e+00,-3.282808577415039508e-01,4.795425439193089501e-01
2.708000000000000185e+00,-3.277069399448818698e-01,4.800350255582948589e-01
2.709000000000000075e+00,-3.271355842130239111e-01,4.805237725368046720e-01
2.709999999999999964e+00,-3.265668256998073837e-01,4.810087817664566168e-01
2.710999999999999854e+00,-3.260006993710254375e-01,4.814900503746041283e-01
2.712000000000000188e+00,-3.254372400015894673e-01,4.819675757011926409e-01
2.713000000000000078e+00,-3.248764821727521124e-01,4.824413552956076101e-01
2.713999999999999968e+00,-3.243184602693675034e-01,4.829113869135066017e-01
2.714999999999999858e+00,-3.237632084771949192e-01,4.833776685136579321e-01
2.716000000000000192e+00,-3.232107607802250926e-01,4.838401982547642644e-01
2.717000000000000082e+00,-3.226611509580499804e-01,4.842989744922805984e-01
2.717999999999999972e+00,-3.221144125832627880e-01,4.847539957752310391e-01
2.718999999999999861e+00,-3.215705790188933544e-01,4.852052608430204028e-01
2.720000000000000195e+00,-3.210296834158797297e-01,4.856527686222459339e-01
2.721000000000000085e+00,-3.204917587105738375e-01,4.860965182234961435e-01
2.721999999999999975e+00,-3.199568376222796107e-01,4.865365089381609165e-01
2.722999999999999865e+00,-3.194249526508286530e-01,4.869727402352342360e-01
2.724000000000000199e+00,-3.188961360741865425e-01,4.874052117581141319e-01
2.725000000000000089e+00,-3.183704199461026008e-01,4.878339233214103454e-01
2.725999999999999979e+00,-3.178478360937829761e-01,4.882588749077482748e-01
2.726999999999999869e+00,-3.173284161155986993e-01,4.886800666645725322e-01
2.728000000000000203e+00,-3.168121913788423116e-01,4.890974989009610474e-01
2.729000000000000092e+00,-3.162991930175007571e-01,4.895111720844353975e-01
2.729999999999999982e+00,-3.157894519300751823e-01,4.899210868377799066e-01
2.730999999999999872e+00,-3.152829987774249387e-01,4.903272439358611900e-01
2.732000000000000206e+00,-3.147798639806522192e-01,4.907296443024556920e-01
2.733000000000000096e+00,-3.142800777190208894e-01,4.911282890070834961e-01
2.733999999999999986e+00,-3.137836699279046293e-01,4.915231792618489637e-01
2.734999999999999876e+00,-3.132906702967714341e-01,4.919143164182907535e-01
2.736000000000000210e+00,-3.128011082671996457e-01,4.923017019642320080e-01
2.737000000000000099e+00,-3.123150130309312877e-01,4.926853375206486918e-01
2.737999999999999989e+00,-3.118324135279512133e-01,4.930652248385426484e-01
2.738999999999999879e+00,-3.113533384446118824e-01,4.934413657958292010e-01
2.740000000000000213e+00,-3.108778162117720179e-01,4.938137623942256971e-01
2.741000000000000103e+00,-3.104058750029932701e-01,4.941824167561682524e-01
2.741999999999999993e+00,-3.099375427327399901e-01,4.945473311217166712e-01
2.742999999999999883e+00,-3.094728470546383448e-01,4.949085078454975584e-01
2.744000000000000217e+00,-3.090118153597522510e-01,4.952659493936456547e-01
2.745000000000000107e+00,-3.085544747748954486e-01,4.956196583407572742e-01
2.745999999999999996e+00,-3.081008521609725492e-01,4.959696373668708302e-01
2.746999999999999886e+00,-3.076509741113576668e-01,4.963158892544479173e-01
2.748000000000000220e+00,-3.072048669503045781e-01,4.966584168853882542e-01
2.749000000000000110e+00,-3.067625567313799206e-01,4.969972232380339694e-01
2.750000000000000000e+00,-3.063240692359323059e-01,4.973323113842201826e-01
2.750999999999999890e+00,-3.058894299715991805e-01,4.976636844863255860e-01
2.752000000000000224e+00,-3.054586641708297856e-01,4.979913457943402899e-01
2.753000000000000114e+00,-3.050317967894580762e-01,4.983152986429659204e-01
2.754000000000000004e+00,-3.046088525052859097e-01,4.986355464487196576e-01
2.754999999999999893e+00,-3.041898557167057593e-01,4.989520927070615341e-01
2.756000000000000227e+00,-3.037748305413632277e-01,4.992649409895590917e-01
2.757000000000000117e+00,-3.033638008148260568e-01,4.995740949410389375e-01
2.758000000000000007e+00,-3.029567900893066490e-01,4.998795582767943113e-01
2.758999999999999897e+00,-3.025538216323975238e-01,5.001813347797936515e-01
2.760000000000000231e+00,-3.021549184258414122e-01,5.004794282979143638e-01
2.761000000000000121e+00,-3.017601031643381559e-01,5.007738427412121718e-01
2.762000000000000011e+00,-3.013693982543617644e-01,5.010645820791904681e-01
2.762999999999999901e+00,-3.009828258130209377e-01,5.013516503381166833e-01
2.764000000000000234e+00,-3.006004076669472891e-01,5.016350515983494240e-01
2.765000000000000124e+00,-3.002221653512057165e-01,5.019147899916982514e-01
2.766000000000000014e+00,-2.998481201082308645e-01,5.021908696987936738e-01
2.766999999999999904e+00,-2.994782928867990579e-01,5.024632949465093201e-01
2.768000000000000238e+00,-2.991127043410256592e-01,5.027320700053850011e-01
2.769000000000000128e+00,-2.987513748293786353e-01,5.029971991870834103e-01
2.770000000000000018e+00,-2.983943244137382544e-01,5.032586868418875703e-01
2.770999999999999908e+00,-2.980415728584643320e-01,5.035165373562023872e-01
2.772000000000000242e+00,-2.976931396295036114e-01,5.037707551501072745e-01
2.773000000000000131e+00,-2.973490438935141866e-01,5.040213446749168824e-01
2.774000000000000021e+00,-2.970093045170230650e-01,5.042683104107885672e-01
2.774999999999999911e+00,-2.966739400656036585e-01,5.045116568643421839e-01
2.776000000000000245e+00,-2.963429688030804754e-01,5.047513885663226230e-01
2.777000000000000135e+00,-2.960164086907642877e-01,5.049875100692887697e-01
2.778000000000000025e+00,-2.956942773866983454e-01,5.052200259453208941e-01
2.778999999999999915e+00,-2.953765922449529402e-01,5.054489407837868820e-01
2.780000000000000249e+00,-2.950633703149133091e-01,5.056742591890991401e-01
2.781000000000000139e+00,-2.947546283406231038e-01,5.058959857785428893e-01
2.782000000000000028e+00,-2.944503827601281376e-01,5.061141251801101193e-01
2.782999999999999918e+00,-2.941506497048583801e-01,5.063286820303767310e-01
2.784000000000000252e+00,-2.938554449990277706e-01,5.065396609724055477e-01
2.785000000000000142e+00,-2.935647841590556251e-01,5.067470666536915136e-01
2.786000000000000032e+00,-2.932786823930156328e-01,5.069509037241231031e-01
2.786999999999999922e+00,-2.929971546001089444e-01,5.071511768340014603e-01
2.788000000000000256e+00,-2.927202153701501386e-01,5.073478906320701975e-01
2.789000000000000146e+00,-2.924478789830899927e-01,5.075410497635888252e-01
2.790000000000000036e+00,-2.921801594085475240e-01,5.077306588684447064e-01
2.790999999999999925e+00,-2.919170703053728944e-01,5.079167225792863283e-01
2.792000000000000259e+00,-2.916586250212290787e-01,5.080992455197135271e-01
2.793000000000000149e+00,-2.914048365921905748e-01,5.082782323024678250e-01
2.794000000000000039e+00,-2.911557177423754750e-01,5.084536875276972623e-01
2.794999999999999929e+00,-2.909112808835865316e-01,5.086256157812301115e-01
2.796000000000000263e+00,-2.906715381149770905e-01,5.087940216328898924e-01
2.797000000000000153e+00,-2.904365012227433374e-01,5.089589096348554609e-01
2.798000000000000043e+00,-2.902061816798296445e-01,5.091202843200448580e-01
2.798999999999999932e+00,-2.899805906456560112e-01,5.092781502005400140e-01
2.800000000000000266e+00,-2.897597389658721490e-01,5.094325117660554181e-01
2.801000000000000156e+00,-2.895436371721228364e-01,5.095833734824302130e-01
2.802000000000000046e+00,-2.893322954818354775e-01,5.097307397901673642e-01
2.802999999999999936e+00,-2.891257237980340289e-01,5.098746151030036922e-01
2.804000000000000270e+00,-2.889239317091631398e-01,5.100150038065274227e-01
2.805000000000000160e+00,-2.887269284889334431e-01,5.101519102568129460e-01
2.806000000000000050e+00,-2.885347230961959886e-01,5.102853387791180806e-01
2.806999999999999940e+00,-2.883473241748190086e-01,5.104152936665966589e-01
2.808000000000000274e+00,-2.881647400535996550e-01,5.105417791790708426e-01
2.809000000000000163e+00,-2.879869787461815656e-01,5.106647995418185371e-01
2.810000000000000053e+00,-2.878140479509956884e-01,5.107843589444130972e-01
2.810999999999999943e+00,-2.876459550512276975e-01,5.109004615396030013e-01
2.812000000000000277e+00,-2.874827071147847413e-01,5.110131114422202803e-01
2.813000000000000167e+00,-2.873243108943028257e-01,5.111223127281339096e-01
2.814000000000000057e+00,-2.871707728271490900e-01,5.112280694332377307e-01
2.814999999999999947e+00,-2.870220990354653279e-01,5.113303855524857777e-01
2.815999999999999837e+00,-2.868782953261992952e-01,5.114292650389473671e-01
2.817000000000000171e+00,-2.867393671911924180e-01,5.115247118029279116e-01
2.818000000000000060e+00,-2.866053198072464614e-01,5.116167297111045009e-01
2.818999999999999950e+00,-2.864761580362332749e-01,5.117053225857137733e-01
2.819999999999999840e+00,-2.863518864252054819e-01,5.117904942037682092e-01
2.821000000000000174e+00,-2.862325092065398646e-01,5.118722482963310449e-01
2.822000000000000064e+00,-2.861180302980783630e-01,5.119505885478012885e-01
2.822999999999999954e+00,-2.860084533033065979e-01,5.120255185952679033e-01
2.823999999999999844e+00,-2.859037815115299530e-01,5.120970420278805335e-01
2.825000000000000178e+00,-2.858040178980748580e-01,5.121651623862644165e-01
2.826000000000000068e+00,-2.857091651245128316e-01,5.122298831619868098e-01
2.826999999999999957e+00,-2.856192255388865786e-01,5.122912077970467326e-01
2.827999999999999847e+00,-2.855342011759631760e-01,5.123491396834123357e-01
2.829000000000000181e+00,-2.854540937575006376e-01,5.124036821625937987e-01
2.830000000000000071e+00,-2.853789046925243600e-01,5.124548385252549743e-01
2.830999999999999961e+00,-2.853086350776282698e-01,5.125026120108703287e-01
2.831999999999999851e+00,-2.852432856972860753e-01,5.125470058074064195e-01
2.833000000000000185e+00,-2.851828570241818905e-01,5.125880230510644342e-01
2.834000000000000075e+00,-2.851273492195548487e-01,5.126256668260404936e-01
2.834999999999999964e+00,-2.850767621335540403e-01,5.126599401643322507e-01
2.835999999999999854e+00,-2.850310953056174323e-01,5.126908460455876781e-01
2.837000000000000188e+00,-2.849903479648669968e-01,5.127183873969929362e-01
2.838000000000000078e+00,-2.849545190305036169e-01,5.127425670931854418e-01
2.838999999999999968e+00,-2.849236071122393521e-01,5.127633879562276675e-01
2.839999999999999858e+00,-2.848976105107295931e-01,5.127808527555989260e-01
2.841000000000000192e+00,-2.848765272180187602e-01,5.127949642082316739e-01
2.842000000000000082e+00,-2.848603549180220851e-01,5.128057249785972216e-01
2.842999999999999972e+00,-2.848490909869910714e-01,5.128131376788089835e-01
2.843999999999999861e+00,-2.848427324940215888e-01,5.128172048687832385e-01
2.845000000000000195e+00,-2.848412762015640753e-01,5.128179290564238713e-01
2.846000000000000085e+00,-2.848447185659461756e-01,5.128153126978501897e-01
2.846999999999999975e+00,-2.848530557379185257e-01,5.128093581976591597e-01
2.847999999999999865e+00,-2.848662835632122525e-01,5.128000679092376002e-01
2.849000000000000199e+00,-2.848843975831115150e-01,5.127874441350904755e-01
2.850000000000000089e+00,-2.849073930350339290e-01,5.127714891272148190e-01
2.850999999999999979e+00,-2.849352648531437437e-01,5.127522050875276127e-01
2.851999999999999869e+00,-2.849680076689574681e-01,5.127295941682998848e-01
2.853000000000000203e+00,-2.850056158119810279e-01,5.127036584726478718e-01
2.854000000000000092e+00,-2.850480833103598011e-01,5.126744000550602642e-01
2.854999999999999982e+00,-2.850954038915331501e-01,5.126418209219461009e-01
2.855999999999999872e+00,-2.851475709829145999e-01,5.126059230322357330e-01
2.857000000000000206e+00,-2.852045777125830073e-01,5.125667082980079892e-01
2.858000000000000096e+00,-2.852664169099877189e-01,5.125241785851545329e-01
2.858999999999999986e+00,-2.853330811066729922e-01,5.124783357140825224e-01
2.859999999999999876e+00,-2.854045625370126293e-01,5.124291814604451378e-01
2.861000000000000210e+00,-2.854808531389562698e-01,5.123767175559114095e-01
2.862000000000000099e+00,-2.855619445548047697e-01,5.123209456889732394e-01
2.862999999999999989e+00,-2.856478281319859147e-01,5.122618675057819537e-01
2.863999999999999879e+00,-2.857384949238528926e-01,5.121994846110193844e-01
2.865000000000000213e+00,-2.858339356904933681e-01,5.121337985688023675e-01
2.866000000000000103e+00,-2.859341408995594302e-01,5.120648109036249895e-01
2.866999999999999993e+00,-2.860391007271103070e-01,5.119925231013289224e-01
2.867999999999999883e+00,-2.861488050584623521e-01,5.119169366101018470e-01
2.869000000000000217e+00,-2.862632434890750033e-01,5.118380528415314989e-01
2.870000000000000107e+00,-2.863824053254199198e-01,5.117558731716522757e-01
2.870999999999999996e+00,-2.865062795859030786e-01,5.116703989420662291e-01
2.871999999999999886e+00,-2.866348550017733254e-01,5.115816314610684978e-01
2.873000000000000220e+00,-2.867681200180565715e-01,5.114895720048067140e-01
2.874000000000000110e+00,-2.869060627945054787e-01,5.113942218184819311e-01
2.875000000000000000e+00,-2.870486712065716262e-01,5.112955821175753091e-01
2.875999999999999890e+00,-2.871959328463773442e-01,5.111936540891044434e-01
2.877000000000000224e+00,-2.873478350237171908e-01,5.110884388929026745e-01
2.878000000000000114e+00,-2.875043647670708080e-01,5.109799376629440282e-01
2.879000000000000004e+00,-2.876655088246276026e-01,5.108681515086821445e-01
2.879999999999999893e+00,-2.878312536653350739e-01,5.107530815164236238e-01
2.881000000000000227e+00,-2.880015854799547470e-01,5.106347287507373434e-01
2.882000000000000117e+00,-2.881764901821458613e-01,5.105130942558799845e-01
2.883000000000000007e+00,-2.883559534095440080e-01,5.103881790572535326e-01
2.883999999999999897e+00,-2.885399605248890609e-01,5.102599841628981947e-01
2.885000000000000231e+00,-2.887284966171315692e-01,5.101285105649961960e-01
2.886000000000000121e+00,-2.889215465025828378e-01,5.099937592414186538e-01
2.887000000000000011e+00,-2.891190947260713351e-01,5.098557311572882167e-01
2.887999999999999901e+00,-2.893211255621182532e-01,5.097144272665746767e-01
2.889000000000000234e+00,-2.895276230161268893e-01,5.095698485137121203e-01
2.890000000000000124e+00,-2.897385708255849068e-01,5.094219958352327327e-01
2.891000000000000014e+00,-2.899539524612981811e-01,5.092708701614496736e-01
2.891999999999999904e+00,-2.901737511286232030e-01,5.091164724181344026e-01
2.893000000000000238e+00,-2.903979497687282918e-01,5.089588035282415213e-01
2.894000000000000128e+00,-2.906265310598671325e-01,5.087978644136444961e-01
2.895000000000000018e+00,-2.908594774186739063e-01,5.086336559968966942e-01
2.895999999999999908e+00,-2.910967710014655263e-01,5.084661792030173988e-01
2.897000000000000242e+00,-2.913383937055715189e-01,5.082954349612945899e-01
2.898000000000000131e+00,-2.915843271706792805e-01,5.081214242071233622e-01
2.899000000000000021e+00,-2.918345527801883832e-01,5.079441478838429003e-01
2.899999999999999911e+00,-2.920890516625969102e-01,5.077636069446147538e-01
2.901000000000000245e+00,-2.923478046928896790e-01,5.075798023543126591e-01
2.902000000000000135e+00,-2.926107924939534977e-01,5.073927350914293477e-01
2.903000000000000025e+00,-2.928779954380105188e-01,5.072024061500094438e-01
2.903999999999999915e+00,-2.931493936480625839e-01,5.070088165415995718e-01
2.905000000000000249e+00,-2.934249669993626575e-01,5.068119672972117851e-01
2.906000000000000139e+00,-2.937046951208900913e-01,5.066118594693106436e-01
2.907000000000000028e+00,-2.939885573968629706e-01,5.064084941338147239e-01
2.907999999999999918e+00,-2.942765329682550668e-01,5.062018723921235530e-01
2.909000000000000252e+00,-2.945686007343295554e-01,5.059919953731415454e-01
2.910000000000000142e+00,-2.948647393542006556e-01,5.057788642353407971e-01
2.911000000000000032e+00,-2.951649272484017650e-01,5.055624801688214376e-01
2.911999999999999922e+00,-2.954691426004885657e-01,5.053428443974001816e-01
2.913000000000000256e+00,-2.957773633586423534e-01,5.051199581807040984e-01
2.914000000000000146e+00,-2.960895672373022869e-01,5.048938228162851427e-01
2.915000000000000036e+00,-2.964057317188106278e-01,5.046644396417362399e-01
2.915999999999999925e+00,-2.967258340550855134e-01,5.044318100368458957e-01
2.917000000000000259e+00,-2.970498512693000581e-01,5.041959354257288251e-01
2.918000000000000149e+00,-2.973777601575920970e-01,5.039568172790029887e-01
2.919000000000000039e+00,-2.977095372907811455e-01,5.037144571159568596e-01
2.919999999999999929e+00,-2.980451590161125042e-01,5.034688565067320098e-01
2.921000000000000263e+00,-2.983846014590205153e-01,5.032200170745266821e-01
2.922000000000000153e+00,-2.987278405248982027e-01,5.029679404977871471e-01
2.923000000000000043e+00,-2.990748519009085449e-01,5.027126285124368099e-01
2.923999999999999932e+00,-2.994256110577886987e-01,5.024540829140859977e-01
2.925000000000000266e+00,-2.997800932516933026e-01,5.021923055602698360e-01
2.926000000000000156e+00,-3.001382735260465506e-01,5.019272983726857928e-01
2.927000000000000046e+00,-3.005001267134194132e-01,5.016590633394424348e-01
2.927999999999999936e+00,-3.008656274374117423e-01,5.013876025173009676e-01
2.929000000000000270e+00,-3.012347501145822282e-01,5.011129180339499722e-01
2.930000000000000160e+00,-3.016074689563608136e-01,5.008350120902552716e-01
2.931000000000000050e+00,-3.019837579710073494e-01,5.005538869625338894e-01
2.931999999999999940e+00,-3.023635909655848497e-01,5.002695450048310066e-01
2.933000000000000274e+00,-3.027469415479371873e-01,4.999819886511908118e-01
2.934000000000000163e+00,-3.031337831287065909e-01,4.996912204179434491e-01
2.935000000000000053e+00,-3.035240889233510875e-01,4.993972429059793106e-01
2.935999999999999943e+00,-3.039178319541966378e-01,4.991000588030411467e-01
2.937000000000000277e+00,-3.043149850525015410e-01,4.987996708860128470e-01
2.938000000000000167e+00,-3.047155208605294430e-01,4.984960820231967293e-01
2.939000000000000057e+00,-3.051194118336707506e-01,4.981892951766129229e-01
2.939999999999999947e+00,-3.055266302425457825e-01,4.978793134042820423e-01
2.941000000000000281e+00,-3.059371481751582689e-01,4.975661398625136345e-01
2.942000000000000171e+00,-3.063509375390481293e-01,4.972497778081917952e-01
2.943000000000000060e+00,-3.067679700634723394e-01,4.969302306010628945e-01
2.943999999999999950e+00,-3.071882173016050599e-01,4.966075017060107566e-01
2.944999999999999840e+00,-3.076116506327482569e-01,4.962815946953444968e-01
2.946000000000000174e+00,-3.080382412645701340e-01,4.959525132510654299e-01
2.947000000000000064e+00,-3.084679602353586625e-01,4.956202611671445268e-01
2.947999999999999954e+00,-3.089007784162992043e-01,4.952848423517902665e-01
2.948999999999999844e+00,-3.093366665137545768e-01,4.949462608297031663e-01
2.950000000000000178e+00,-3.097755950715838646e-01,4.946045207443374170e-01
2.951000000000000068e+00,-3.102175344734687812e-01,4.942596263601504725e-01
2.951999999999999957e+00,-3.106624549452583484e-01,4.939115820648415367e-01
2.952999999999999847e+00,-3.111103265573347820e-01,4.935603923715892183e-01
2.954000000000000181e+00,-3.115611192269990282e-01,4.932060619212795261e-01
2.955000000000000071e+00,-3.120148027208660135e-01,4.928485954847205974e-01
2.955999999999999961e+00,-3.124713466572891507e-01,4.924879979648537631e-01
2.956999999999999851e+00,-3.129307205087997756e-01,4.921242743989570068e-01
2.958000000000000185e+00,-3.133928936045546343e-01,4.917574299608240551e-01
2.959000000000000075e+00,-3.138578351328125682e-01,4.913874699629529053e-01
2.959999999999999964e+00,-3.143255141434240230e-01,4.910143998587027103e-01
2.960999999999999854e+00,-3.147958995503426505e-01,4.906382252444576042e-01
2.962000000000000188e+00,-3.152689601341417402e-01,4.902589518617598840e-01
2.963000000000000078e+00,-3.157446645445634026e-01,4.898765855994451912e-01
2.963999999999999968e+00,-3.162229813030755232e-01,4.894911324957551546e-01
2.964999999999999858e+00,-3.167038788054468146e-01,4.891025987404379327e-01
2.966000000000000192e+00,-3.171873253243386315e-01,4.887109906768322687e-01
2.967000000000000082e+00,-3.176732890119149944e-01,4.883163148039436630e-01
2.967999999999999972e+00,-3.181617379024671566e-01,4.879185777784915690e-01
2.968999999999999861e+00,-3.186526399150569899e-01,4.875177864169525366e-01
2.970000000000000195e+00,-3.191459628561726380e-01,4.871139476975808735e-01
2.971000000000000085e+00,-3.196416744223998241e-01,4.867070687624102110e-01
2.971999999999999975e+00,-3.201397422031129203e-01,4.862971569192410248e-01
2.972999999999999865e+00,-3.206401336831783966e-01,4.858842196436027328e-01
2.974000000000000199e+00,-3.211428162456759217e-01,4.854682645807100183e-01
2.975000000000000089e+00,-3.216477571746264585e-01,4.850492995473821844e-01
2.975999999999999979e+00,-3.221549236577481157e-01,4.846273325339536253e-01
2.976999999999999869e+00,-3.226642827892143850e-01,4.842023717061631483e-01
2.978000000000000203e+00,-3.231758015724343625e-01,4.837744254070149852e-01
2.979000000000000092e+00,-3.236894469228404070e-01,4.833435021586252600e-01
2.979999999999999982e+00,-3.242051856706995583e-01,4.829096106640459740e-01
2.980999999999999872e+00,-3.247229845639258983e-01,4.824727598090579606e-01
2.982000000000000206e+00,-3.252428102709173929e-01,4.820329586639492958e-01
2.983000000000000096e+00,-3.257646293833932893e-01,4.815902164852648437e-01
2.983999999999999986e+00,-3.262884084192647638e-01,4.811445427175394807e-01
2.984999999999999876e+00,-3.268141138254898603e-01,4.806959469949897423e-01
2.986000000000000210e+00,-3.273417119809650666e-01,4.802444391431999193e-01
2.987000000000000099e+00,-3.278711691994145583e-01,4.797900291807677964e-01
2.987999999999999989e+00,-3.284024517323017034e-01,4.793327273209333494e-01
2.988999999999999879e+00,-3.289355257717327952e-01,4.788725439731707501e-01
2.990000000000000213e+00,-3.294703574534010304e-01,4.784094897447668249e-01
2.991000000000000103e+00,-3.300069128595133905e-01,4.779435754423592142e-01
2.991999999999999993e+00,-3.305451580217389496e-01,4.774748120734486623e-01
2.992999999999999883e+00,-3.310850589241730590e-01,4.770032108478946542e-01
2.994000000000000217e+00,-3.316265815063007549e-01,4.765287831793590945e-01
2.995000000000000107e+00,-3.321696916659734322e-01,4.760515406867464883e-01
2.995999999999999996e+00,-3.327143552623987866e-01,4.755714951955954950e-01
2.996999999999999886e+00,-3.332605381191273142e-01,4.750886587394420602e-01
2.998000000000000220e+00,-3.338082060270673446e-01,4.746030435611676701e-01
2.999000000000000110e+00,-3.343573247474797561e-01,4.741146621142900419e-01
3.000000000000000000e+00,-3.349078600150094398e-01,4.736235270642479844e-01
