t,x,y,z
0.000000000000000000e+00,0.000000000000000000e+00,0.000000000000000000e+00,5.999999999999999778e-01
1.000000000000000021e-03,-5.458535868627581541e-06,-5.458535868627570529e-06,5.999999999903731229e-01
2.000000000000000042e-03,-2.053646569742677606e-05,-2.053646569742672185e-05,5.999999999486325120e-01
3.000000000000000062e-03,-4.391724364908341886e-05,-4.391724364908340531e-05,5.999999999591199007e-01
4.000000000000000083e-03,-7.506065551731033064e-05,-7.506065551731031708e-05,6.000000000739935668e-01
5.000000000000000104e-03,-1.449646082126937810e-04,-1.449646082126942147e-04,5.999999792044617974e-01
6.000000000000000125e-03,-2.385855043045546930e-04,-2.385855043045555604e-04,5.999999445466304149e-01
7.000000000000000146e-03,-3.376457611886425777e-04,-3.376457611886439329e-04,5.999999065488630379e-01
8.000000000000000167e-03,-4.445573664582474203e-04,-4.445573664582495345e-04,5.999998608089134322e-01
9.000000000000001055e-03,-5.609332748932013054e-04,-5.609332748932036906e-04,5.999998018948917711e-01
1.000000000000000021e-02,-6.879046906031877334e-04,-6.879046906031906607e-04,5.999997235457147360e-01
1.099999999999999936e-02,-8.263092496666761197e-04,-8.263092496666800228e-04,5.999996186451819202e-01
1.200000000000000025e-02,-9.768022703183698238e-04,-9.768022703183728596e-04,5.999994791315250708e-01
1.300000000000000114e-02,-1.139922593503662259e-03,-1.139922593503665945e-03,5.999992958699768009e-01
1.400000000000000029e-02,-1.316131624285555007e-03,-1.316131624285559994e-03,5.999990584861316645e-01
1.499999999999999944e-02,-1.505836560882182259e-03,-1.505836560882186162e-03,5.999987551575509670e-01
1.600000000000000033e-02,-1.709404297078135184e-03,-1.709404297078141689e-03,5.999983723664034097e-01
1.700000000000000122e-02,-1.927169826054719046e-03,-1.927169826054726202e-03,5.999978946204018726e-01
1.800000000000000211e-02,-2.159441404746865155e-03,-2.159441404746871226e-03,5.999973041517596695e-01
1.899999999999999953e-02,-2.406503811424389426e-03,-2.406503811424398533e-03,5.999965806046173578e-01
2.000000000000000042e-02,-2.668620482351707641e-03,-2.668620482351718483e-03,5.999957007209602011e-01
2.100000000000000130e-02,-2.946034990516498836e-03,-2.946034990516512714e-03,5.999946380338940788e-01
2.199999999999999872e-02,-3.238972138861533935e-03,-3.238972138861548247e-03,5.999933625756526112e-01
2.299999999999999961e-02,-3.547638828022552961e-03,-3.547638828022569440e-03,5.999918406060782416e-01
2.400000000000000050e-02,-3.872224792239533156e-03,-3.872224792239550070e-03,5.999900343657501578e-01
2.500000000000000139e-02,-4.212903257980358911e-03,-4.212903257980373656e-03,5.999879018564850952e-01
2.600000000000000228e-02,-4.569831556809046680e-03,-4.569831556809070966e-03,5.999853966507018299e-01
2.699999999999999969e-02,-4.943151710486089027e-03,-4.943151710486122855e-03,5.999824677301163200e-01
2.800000000000000058e-02,-5.332990998313509243e-03,-5.332990998313543937e-03,5.999790593534362060e-01
2.900000000000000147e-02,-5.739462512130951224e-03,-5.739462512130991990e-03,5.999751109521400672e-01
2.999999999999999889e-02,-6.162665701670318533e-03,-6.162665701670364503e-03,5.999705570530159404e-01
3.099999999999999978e-02,-6.602686911416518617e-03,-6.602686911416553311e-03,5.999653272258895775e-01
3.200000000000000067e-02,-7.059599909269987164e-03,-7.059599909270024461e-03,5.999593460548455770e-01
3.300000000000000155e-02,-7.533466406829835392e-03,-7.533466406829872689e-03,5.999525331312069998e-01
3.400000000000000244e-02,-8.024336570872743143e-03,-8.024336570872779573e-03,5.999448030665783804e-01
3.500000000000000333e-02,-8.532249525505582188e-03,-8.532249525505616883e-03,5.999360655243144436e-01
3.600000000000000422e-02,-9.057233844431975336e-03,-9.057233844432008296e-03,5.999262252678849716e-01
3.699999999999999817e-02,-9.599308032802539303e-03,-9.599308032802580937e-03,5.999151822246908683e-01
3.799999999999999906e-02,-1.015848099814353409e-02,-1.015848099814358266e-02,5.999028315639894915e-01
3.899999999999999994e-02,-1.073475250992603561e-02,-1.073475250992607898e-02,5.998890637876657106e-01
4.000000000000000083e-02,-1.132811364738680292e-02,-1.132811364738685322e-02,5.998737648326614158e-01
4.100000000000000172e-02,-1.193854723526991540e-02,-1.193854723526995704e-02,5.998568161839298307e-01
4.200000000000000261e-02,-1.256602826722821691e-02,-1.256602826722826374e-02,5.998380949968231679e-01
4.300000000000000350e-02,-1.321052431665711152e-02,-1.321052431665716009e-02,5.998174742278608029e-01
4.399999999999999745e-02,-1.387199593481647231e-02,-1.387199593481652261e-02,5.997948227728462367e-01
4.499999999999999833e-02,-1.455039703610826012e-02,-1.455039703610831563e-02,5.997700056113264289e-01
4.599999999999999922e-02,-1.524567527045743963e-02,-1.524567527045750034e-02,5.997428839564018510e-01
4.700000000000000011e-02,-1.595777238275615517e-02,-1.595777238275621762e-02,5.997133154089240303e-01
4.800000000000000100e-02,-1.668662455938757505e-02,-1.668662455938763403e-02,5.996811541151347846e-01
4.900000000000000189e-02,-1.743216276186590474e-02,-1.743216276186597413e-02,5.996462509268301044e-01
5.000000000000000278e-02,-1.819431304767236274e-02,-1.819431304767243213e-02,5.996084535631696077e-01
5.100000000000000366e-02,-1.897299687837587095e-02,-1.897299687837594034e-02,5.995676067732831349e-01
5.200000000000000455e-02,-1.976813141516906361e-02,-1.976813141516913647e-02,5.995235524988785647e-01
5.299999999999999850e-02,-2.057962980196154090e-02,-2.057962980196161029e-02,5.994761300360933465e-01
5.399999999999999939e-02,-2.140740143618910518e-02,-2.140740143618917457e-02,5.994251761958910851e-01
5.500000000000000028e-02,-2.225135222752333553e-02,-2.225135222752341185e-02,5.993705254623558076e-01
5.600000000000000117e-02,-2.311138484466761234e-02,-2.311138484466767479e-02,5.993120101482976025e-01
5.700000000000000205e-02,-2.398739895045083267e-02,-2.398739895045089859e-02,5.992494605476330616e-01
5.800000000000000294e-02,-2.487929142542921052e-02,-2.487929142542929378e-02,5.991827050840714541e-01
5.900000000000000383e-02,-2.578695658022685591e-02,-2.578695658022693571e-02,5.991115704556877475e-01
5.999999999999999778e-02,-2.671028635684158034e-02,-2.671028635684166014e-02,5.990358817750227605e-01
6.099999999999999867e-02,-2.764917051915979224e-02,-2.764917051915986163e-02,5.989554627044082480e-01
6.199999999999999956e-02,-2.860349683292486705e-02,-2.860349683292492950e-02,5.988701355862566800e-01
6.300000000000000044e-02,-2.957315123540663754e-02,-2.957315123540669999e-02,5.987797215681183172e-01
6.400000000000000133e-02,-3.055801799502635280e-02,-3.055801799502641525e-02,5.986840407223449345e-01
6.500000000000000222e-02,-3.155797986119392162e-02,-3.155797986119397713e-02,5.985829121602483927e-01
6.600000000000000311e-02,-3.257291820461578891e-02,-3.257291820461585830e-02,5.984761541406811158e-01
6.700000000000000400e-02,-3.360271314833140205e-02,-3.360271314833146450e-02,5.983635841730077232e-01
6.800000000000000488e-02,-3.464724368974399921e-02,-3.464724368974406860e-02,5.982450191144690343e-01
6.900000000000000577e-02,-3.570638781390281236e-02,-3.570638781390288174e-02,5.981202752619716456e-01
7.000000000000000666e-02,-3.678002259830558118e-02,-3.678002259830563669e-02,5.979891684383740191e-01
7.100000000000000755e-02,-3.786802430947475151e-02,-3.786802430947481396e-02,5.978515140733583477e-01
7.200000000000000844e-02,-3.897026849158058415e-02,-3.897026849158065354e-02,5.977071272790113188e-01
7.299999999999999545e-02,-4.008663004736554014e-02,-4.008663004736562341e-02,5.975558229202517779e-01
7.399999999999999634e-02,-4.121698331163212159e-02,-4.121698331163221873e-02,5.973974156802754898e-01
7.499999999999999722e-02,-4.236120211755607656e-02,-4.236120211755615983e-02,5.972317201211944093e-01
7.599999999999999811e-02,-4.351915985608482279e-02,-4.351915985608491300e-02,5.970585507400716363e-01
7.699999999999999900e-02,-4.469072952867890469e-02,-4.469072952867900184e-02,5.968777220205665479e-01
7.799999999999999989e-02,-4.587578379364751907e-02,-4.587578379364762315e-02,5.966890484804190375e-01
7.900000000000000078e-02,-4.707419500634518056e-02,-4.707419500634527076e-02,5.964923447150074498e-01
8.000000000000000167e-02,-4.828583525347232563e-02,-4.828583525347240196e-02,5.962874254372299010e-01
8.100000000000000255e-02,-4.951057638174031356e-02,-4.951057638174039682e-02,5.960741055139655575e-01
8.200000000000000344e-02,-5.074829002114350507e-02,-5.074829002114357446e-02,5.958521999993724449e-01
8.300000000000000433e-02,-5.199884760309853721e-02,-5.199884760309862741e-02,5.956215241652902392e-01
8.400000000000000522e-02,-5.326212037368604352e-02,-5.326212037368614760e-02,5.953818935290140502e-01
8.500000000000000611e-02,-5.453797940224806851e-02,-5.453797940224816565e-02,5.951331238787065381e-01
8.600000000000000699e-02,-5.582629558558191429e-02,-5.582629558558199756e-02,5.948750312967165943e-01
8.700000000000000788e-02,-5.712693964796784762e-02,-5.712693964796791701e-02,5.946074321810748131e-01
8.799999999999999489e-02,-5.843978213727637344e-02,-5.843978213727642201e-02,5.943301432654211069e-01
8.899999999999999578e-02,-5.976469341738169239e-02,-5.976469341738173402e-02,5.940429816376295857e-01
8.999999999999999667e-02,-6.110154365712355817e-02,-6.110154365712359981e-02,5.937457647573826103e-01
9.099999999999999756e-02,-6.245020281604091172e-02,-6.245020281604094642e-02,5.934383104729393787e-01
9.199999999999999845e-02,-6.381054062710626862e-02,-6.381054062710629637e-02,5.931204370373398538e-01
9.299999999999999933e-02,-6.518242657668772699e-02,-6.518242657668774087e-02,5.927919631242765108e-01
9.400000000000000022e-02,-6.656572988195645635e-02,-6.656572988195651186e-02,5.924527078438525107e-01
9.500000000000000111e-02,-6.796031946595484929e-02,-6.796031946595490481e-02,5.921024907584432340e-01
9.600000000000000200e-02,-6.936606393054248199e-02,-6.936606393054256525e-02,5.917411318988592406e-01
9.700000000000000289e-02,-7.078283152742648188e-02,-7.078283152742650963e-02,5.913684517810025021e-01
9.800000000000000377e-02,-7.221049012747829399e-02,-7.221049012747833562e-02,5.909842714231976490e-01
9.900000000000000466e-02,-7.364890718854538720e-02,-7.364890718854542884e-02,5.905884123643604378e-01
1.000000000000000056e-01,-7.509794972194130946e-02,-7.509794972194132334e-02,5.901806966831647516e-01
1.010000000000000064e-01,-7.655748425781601363e-02,-7.655748425781601363e-02,5.897609470183440283e-01
1.020000000000000073e-01,-7.802737680958375666e-02,-7.802737680958377053e-02,5.893289865902635594e-01
1.030000000000000082e-01,-7.950749283759372954e-02,-7.950749283759372954e-02,5.888846392238733518e-01
1.040000000000000091e-01,-8.099769721221199148e-02,-8.099769721221203311e-02,5.884277293731536851e-01
1.049999999999999961e-01,-8.249785417649324604e-02,-8.249785417649327379e-02,5.879580821471346308e-01
1.059999999999999970e-01,-8.400782730859203407e-02,-8.400782730859208958e-02,5.874755233375783536e-01
1.069999999999999979e-01,-8.552747948408095935e-02,-8.552747948408098710e-02,5.869798794483800375e-01
1.079999999999999988e-01,-8.705667283832264902e-02,-8.705667283832269066e-02,5.864709777267476110e-01
1.089999999999999997e-01,-8.859526872903358830e-02,-8.859526872903364381e-02,5.859486461961964654e-01
1.100000000000000006e-01,-9.014312769919249901e-02,-9.014312769919252677e-02,5.854127136913888085e-01
1.110000000000000014e-01,-9.170010944040339618e-02,-9.170010944040343781e-02,5.848630098948370826e-01
1.120000000000000023e-01,-9.326607275685325216e-02,-9.326607275685326603e-02,5.842993653754755545e-01
1.130000000000000032e-01,-9.484087552997753912e-02,-9.484087552997758075e-02,5.837216116290926404e-01
1.140000000000000041e-01,-9.642437468393680322e-02,-9.642437468393683098e-02,5.831295811206156365e-01
1.150000000000000050e-01,-9.801642615202174613e-02,-9.801642615202177389e-02,5.825231073282124417e-01
1.160000000000000059e-01,-9.961688484406427957e-02,-9.961688484406430732e-02,5.819020247891899533e-01
1.170000000000000068e-01,-1.012256046149640210e-01,-1.012256046149640348e-01,5.812661691476310732e-01
1.180000000000000077e-01,-1.028424382343984533e-01,-1.028424382343984811e-01,5.806153772037312422e-01
1.190000000000000085e-01,-1.044672373577961860e-01,-1.044672373577962277e-01,5.799494869647701112e-01
1.199999999999999956e-01,-1.060998524986480063e-01,-1.060998524986480201e-01,5.792683376976537346e-01
1.209999999999999964e-01,-1.077401330022060844e-01,-1.077401330022061399e-01,5.785717699829594496e-01
1.219999999999999973e-01,-1.093879270206470911e-01,-1.093879270206471466e-01,5.778596257703982886e-01
1.229999999999999982e-01,-1.110430814897188367e-01,-1.110430814897188923e-01,5.771317484356248695e-01
1.239999999999999991e-01,-1.127054421069469403e-01,-1.127054421069470513e-01,5.763879828382957315e-01
1.250000000000000000e-01,-1.143748533114097854e-01,-1.143748533114098964e-01,5.756281753812989566e-01
1.260000000000000009e-01,-1.160511582651352069e-01,-1.160511582651352902e-01,5.748521740710518246e-01
1.270000000000000018e-01,-1.177341988361259029e-01,-1.177341988361260139e-01,5.740598285787784638e-01
1.280000000000000027e-01,-1.194238155830496945e-01,-1.194238155830498332e-01,5.732509903026685727e-01
1.290000000000000036e-01,-1.211198477415973557e-01,-1.211198477415975083e-01,5.724255124308192944e-01
1.300000000000000044e-01,-1.228221332125303822e-01,-1.228221332125304932e-01,5.715832500048592113e-01
1.310000000000000053e-01,-1.245305085514019083e-01,-1.245305085514020194e-01,5.707240599841691964e-01
1.320000000000000062e-01,-1.262448089599860490e-01,-1.262448089599861600e-01,5.698478013105805484e-01
1.330000000000000071e-01,-1.279648682793845249e-01,-1.279648682793847470e-01,5.689543349734713651e-01
1.340000000000000080e-01,-1.296905189848031048e-01,-1.296905189848032991e-01,5.680435240751680048e-01
1.350000000000000089e-01,-1.314215921820227617e-01,-1.314215921820229838e-01,5.671152338965336215e-01
1.360000000000000098e-01,-1.331579176054981661e-01,-1.331579176054983882e-01,5.661693319626923682e-01
1.370000000000000107e-01,-1.348993236181292577e-01,-1.348993236181295352e-01,5.652056881087550444e-01
1.380000000000000115e-01,-1.366456372126134133e-01,-1.366456372126136631e-01,5.642241745455141011e-01
1.390000000000000124e-01,-1.383966840144523480e-01,-1.383966840144526256e-01,5.632246659249625642e-01
1.400000000000000133e-01,-1.401522882864862651e-01,-1.401522882864864872e-01,5.622070394056255527e-01
1.410000000000000142e-01,-1.419122729350145995e-01,-1.419122729350147660e-01,5.611711747175787135e-01
1.420000000000000151e-01,-1.436764595174470638e-01,-1.436764595174472303e-01,5.601169542270965085e-01
1.430000000000000160e-01,-1.454446682514393130e-01,-1.454446682514394795e-01,5.590442630008853886e-01
1.440000000000000169e-01,-1.472167180255179730e-01,-1.472167180255181118e-01,5.579529888698075979e-01
1.449999999999999900e-01,-1.489924264111641972e-01,-1.489924264111643082e-01,5.568430224920459803e-01
1.459999999999999909e-01,-1.507716096762584668e-01,-1.507716096762586333e-01,5.557142574157017956e-01
1.469999999999999918e-01,-1.525541062935915071e-01,-1.525541062935916736e-01,5.545665730999538301e-01
1.479999999999999927e-01,-1.543397249722088527e-01,-1.543397249722090192e-01,5.533998715669354862e-01
1.489999999999999936e-01,-1.561282386068908457e-01,-1.561282386068910122e-01,5.522140834539359666e-01
1.499999999999999944e-01,-1.579194658338820001e-01,-1.579194658338821389e-01,5.510091092605152729e-01
1.509999999999999953e-01,-1.597132209692425087e-01,-1.597132209692426197e-01,5.497848548741082197e-01
1.519999999999999962e-01,-1.615093153284379857e-01,-1.615093153284381244e-01,5.485412307293329182e-01
1.529999999999999971e-01,-1.633075580017673556e-01,-1.633075580017676054e-01,5.472781513371108852e-01
1.539999999999999980e-01,-1.651077563213725063e-01,-1.651077563213727561e-01,5.459955350247887029e-01
1.549999999999999989e-01,-1.669097161470760593e-01,-1.669097161470763091e-01,5.446933038026496865e-01
1.559999999999999998e-01,-1.687132420458489490e-01,-1.687132420458492821e-01,5.433713833060622722e-01
1.570000000000000007e-01,-1.705181374090839752e-01,-1.705181374090842805e-01,5.420297027826079805e-01
1.580000000000000016e-01,-1.723242045336838835e-01,-1.723242045336841888e-01,5.406681951056949709e-01
1.590000000000000024e-01,-1.741312446822163018e-01,-1.741312446822166349e-01,5.392867968035397475e-01
1.600000000000000033e-01,-1.759390581311404966e-01,-1.759390581311408019e-01,5.378854480967780738e-01
1.610000000000000042e-01,-1.777474442123949117e-01,-1.777474442123952725e-01,5.364640929406379044e-01
1.620000000000000051e-01,-1.795562013514176436e-01,-1.795562013514180877e-01,5.350226790692784729e-01
1.630000000000000060e-01,-1.813651271034880663e-01,-1.813651271034885104e-01,5.335611580407890742e-01
1.640000000000000069e-01,-1.831740181893965480e-01,-1.831740181893969921e-01,5.320794852820690535e-01
1.650000000000000078e-01,-1.849826705311372610e-01,-1.849826705311376773e-01,5.305776201330580921e-01
1.660000000000000087e-01,-1.867908792879969526e-01,-1.867908792879973690e-01,5.290555258900697666e-01
1.670000000000000095e-01,-1.885984388932578637e-01,-1.885984388932583633e-01,5.275131698481084763e-01
1.680000000000000104e-01,-1.904051430916827159e-01,-1.904051430916831045e-01,5.259505233421015724e-01
1.690000000000000113e-01,-1.922107849778740551e-01,-1.922107849778745270e-01,5.243675617870229289e-01
1.700000000000000122e-01,-1.940151570355470589e-01,-1.940151570355474753e-01,5.227642647169430390e-01
1.710000000000000131e-01,-1.958180511777833921e-01,-1.958180511777838362e-01,5.211406158229798802e-01
1.720000000000000140e-01,-1.976192587882680263e-01,-1.976192587882684981e-01,5.194966029901886273e-01
1.730000000000000149e-01,-1.994185707635282301e-01,-1.994185707635287574e-01,5.178322183333889939e-01
1.740000000000000158e-01,-2.012157775561949635e-01,-2.012157775561955741e-01,5.161474582319138804e-01
1.750000000000000167e-01,-2.030106692192509832e-01,-2.030106692192515938e-01,5.144423233633093062e-01
1.759999999999999898e-01,-2.048030354513006301e-01,-2.048030354513012685e-01,5.127168187359278928e-01
1.769999999999999907e-01,-2.065926656428140329e-01,-2.065926656428147545e-01,5.109709537204414342e-01
1.779999999999999916e-01,-2.083793489233543017e-01,-2.083793489233549678e-01,5.092047420802167101e-01
1.789999999999999925e-01,-2.101628742097627067e-01,-2.101628742097634284e-01,5.074182020005459925e-01
1.799999999999999933e-01,-2.119430302552765544e-01,-2.119430302552773870e-01,5.056113561167058235e-01
1.809999999999999942e-01,-2.137196056995696036e-01,-2.137196056995703808e-01,5.037842315408033178e-01
1.819999999999999951e-01,-2.154923891196798003e-01,-2.154923891196806052e-01,5.019368598873936715e-01
1.829999999999999960e-01,-2.172611690818070651e-01,-2.172611690818079255e-01,5.000692772978267975e-01
1.839999999999999969e-01,-2.190257341939511604e-01,-2.190257341939520486e-01,4.981815244633026607e-01
1.849999999999999978e-01,-2.207858731593616286e-01,-2.207858731593625445e-01,4.962736466465992313e-01
1.859999999999999987e-01,-2.225413748307732975e-01,-2.225413748307740747e-01,4.943456937024432452e-01
1.869999999999999996e-01,-2.242920282653918795e-01,-2.242920282653927677e-01,4.923977200965011791e-01
1.880000000000000004e-01,-2.260376227806021043e-01,-2.260376227806029370e-01,4.904297849229539707e-01
1.890000000000000013e-01,-2.277779480103632181e-01,-2.277779480103641063e-01,4.884419519206303906e-01
1.900000000000000022e-01,-2.295127939622564339e-01,-2.295127939622574054e-01,4.864342894876724777e-01
1.910000000000000031e-01,-2.312419510751469454e-01,-2.312419510751479446e-01,4.844068706947047831e-01
1.920000000000000040e-01,-2.329652102774257827e-01,-2.329652102774268374e-01,4.823597732964785556e-01
1.930000000000000049e-01,-2.346823630457869347e-01,-2.346823630457880450e-01,4.802930797419718845e-01
1.940000000000000058e-01,-2.363932014645040436e-01,-2.363932014645051538e-01,4.782068771829114939e-01
1.950000000000000067e-01,-2.380975182851604866e-01,-2.380975182851615135e-01,4.761012574806986475e-01
1.960000000000000075e-01,-2.397951069867918505e-01,-2.397951069867929053e-01,4.739763172117137380e-01
1.970000000000000084e-01,-2.414857618363939751e-01,-2.414857618363950298e-01,4.718321576709806342e-01
1.980000000000000093e-01,-2.431692779497555135e-01,-2.431692779497565404e-01,4.696688848741623623e-01
1.990000000000000102e-01,-2.448454513525632481e-01,-2.448454513525643583e-01,4.674866095578801284e-01
2.000000000000000111e-01,-2.465140790417403860e-01,-2.465140790417414962e-01,4.652854471783284263e-01
2.010000000000000120e-01,-2.481749590469622124e-01,-2.481749590469633227e-01,4.630655179081810680e-01
2.020000000000000129e-01,-2.498278904923141863e-01,-2.498278904923153243e-01,4.608269466317619911e-01
2.030000000000000138e-01,-2.514726736580365496e-01,-2.514726736580377708e-01,4.585698629384770686e-01
2.040000000000000147e-01,-2.531091100423100149e-01,-2.531091100423110696e-01,4.562944011145018131e-01
2.050000000000000155e-01,-2.547370024230431462e-01,-2.547370024230442564e-01,4.540007001327021063e-01
2.060000000000000164e-01,-2.563561549196099465e-01,-2.563561549196108902e-01,4.516889036407986113e-01
2.070000000000000173e-01,-2.579663730544962119e-01,-2.579663730544972111e-01,4.493591599477594345e-01
2.080000000000000182e-01,-2.595674638148106061e-01,-2.595674638148114943e-01,4.470116220084305869e-01
2.089999999999999913e-01,-2.611592357136217069e-01,-2.611592357136227061e-01,4.446464474063901440e-01
2.099999999999999922e-01,-2.627414988510762273e-01,-2.627414988510773375e-01,4.422637983350428126e-01
2.109999999999999931e-01,-2.643140649752613869e-01,-2.643140649752623306e-01,4.398638415769519083e-01
2.119999999999999940e-01,-2.658767475427740723e-01,-2.658767475427750160e-01,4.374467484814168472e-01
2.129999999999999949e-01,-2.674293617789622601e-01,-2.674293617789632593e-01,4.350126949402971510e-01
2.139999999999999958e-01,-2.689717247377995113e-01,-2.689717247378005660e-01,4.325618613621090014e-01
2.149999999999999967e-01,-2.705036553613676120e-01,-2.705036553613686667e-01,4.300944326443827403e-01
2.159999999999999976e-01,-2.720249745389093921e-01,-2.720249745389105023e-01,4.276105981443118487e-01
2.169999999999999984e-01,-2.735355051654284608e-01,-2.735355051654296821e-01,4.251105516476940127e-01
2.179999999999999993e-01,-2.750350721998039427e-01,-2.750350721998050529e-01,4.225944913361886490e-01
2.190000000000000002e-01,-2.765235027223995612e-01,-2.765235027224007824e-01,4.200626197528956052e-01
2.200000000000000011e-01,-2.780006259921404821e-01,-2.780006259921417033e-01,4.175151437662767973e-01
2.210000000000000020e-01,-2.794662735030354894e-01,-2.794662735030366552e-01,4.149522745324396023e-01
2.220000000000000029e-01,-2.809202790401277294e-01,-2.809202790401289507e-01,4.123742274557873344e-01
2.230000000000000038e-01,-2.823624787348494314e-01,-2.823624787348507637e-01,4.097812221480728878e-01
2.240000000000000047e-01,-2.837927111197702246e-01,-2.837927111197715013e-01,4.071734823858502161e-01
2.250000000000000056e-01,-2.852108171827157923e-01,-2.852108171827170691e-01,4.045512360663629514e-01
2.260000000000000064e-01,-2.866166404202487583e-01,-2.866166404202499796e-01,4.019147151618696068e-01
2.270000000000000073e-01,-2.880100268904912664e-01,-2.880100268904925431e-01,3.992641556724405016e-01
2.280000000000000082e-01,-2.893908252652827029e-01,-2.893908252652839797e-01,3.965997975772259654e-01
2.290000000000000091e-01,-2.907588868816566308e-01,-2.907588868816577410e-01,3.939218847842290150e-01
2.300000000000000100e-01,-2.921140657926245554e-01,-2.921140657926256656e-01,3.912306650785912776e-01
2.310000000000000109e-01,-2.934562188172608055e-01,-2.934562188172619712e-01,3.885263900694136963e-01
2.320000000000000118e-01,-2.947852055900735957e-01,-2.947852055900746504e-01,3.858093151351206784e-01
2.330000000000000127e-01,-2.961008886096504478e-01,-2.961008886096515580e-01,3.830796993674024931e-01
2.340000000000000135e-01,-2.974031332865763044e-01,-2.974031332865774147e-01,3.803378055137268676e-01
2.350000000000000144e-01,-2.986918079906034085e-01,-2.986918079906045187e-01,3.775838999184629174e-01
2.360000000000000153e-01,-2.999667840970690058e-01,-2.999667840970701160e-01,3.748182524626147982e-01
2.370000000000000162e-01,-3.012279360325501587e-01,-3.012279360325513800e-01,3.720411365021892847e-01
2.380000000000000171e-01,-3.024751413197414029e-01,-3.024751413197426797e-01,3.692528288052126517e-01
2.390000000000000180e-01,-3.037082806215457009e-01,-3.037082806215469222e-01,3.664536094874131789e-01
2.399999999999999911e-01,-3.049272377843664783e-01,-3.049272377843678106e-01,3.636437619465854310e-01
2.409999999999999920e-01,-3.061318998805880320e-01,-3.061318998805893643e-01,3.608235727956516370e-01
2.419999999999999929e-01,-3.073221572502279342e-01,-3.073221572502292664e-01,3.579933317944407611e-01
2.429999999999999938e-01,-3.084979035417495519e-01,-3.084979035417507731e-01,3.551533317802010870e-01
2.439999999999999947e-01,-3.096590357520189740e-01,-3.096590357520202508e-01,3.523038685968620243e-01
2.449999999999999956e-01,-3.108054542653901908e-01,-3.108054542653914676e-01,3.494452410230641792e-01
2.459999999999999964e-01,-3.119370628918967103e-01,-3.119370628918979871e-01,3.465777506989834444e-01
2.469999999999999973e-01,-3.130537689045394534e-01,-3.130537689045408967e-01,3.437017020519582133e-01
2.479999999999999982e-01,-3.141554830756443373e-01,-3.141554830756457251e-01,3.408174022209502496e-01
2.489999999999999991e-01,-3.152421197122723950e-01,-3.152421197122737273e-01,3.379251609798561429e-01
2.500000000000000000e-01,-3.163135966906619467e-01,-3.163135966906633345e-01,3.350252906596918323e-01
2.510000000000000009e-01,-3.173698354896811180e-01,-3.173698354896825613e-01,3.321181060696772325e-01
2.520000000000000018e-01,-3.184107612232641160e-01,-3.184107612232656148e-01,3.292039244172482726e-01
2.530000000000000027e-01,-3.194363026718146092e-01,-3.194363026718159970e-01,3.262830652270115595e-01
2.540000000000000036e-01,-3.204463923125447922e-01,-3.204463923125463465e-01,3.233558502586886818e-01
2.550000000000000044e-01,-3.214409663487328706e-01,-3.214409663487344804e-01,3.204226034240588161e-01
2.560000000000000053e-01,-3.224199647378678812e-01,-3.224199647378694911e-01,3.174836507029468180e-01
2.570000000000000062e-01,-3.233833312186600306e-01,-3.233833312186614739e-01,3.145393200582797810e-01
2.580000000000000071e-01,-3.243310133368903503e-01,-3.243310133368919601e-01,3.115899413502496440e-01
2.590000000000000080e-01,-3.252629624700730804e-01,-3.252629624700746347e-01,3.086358462496161525e-01
2.600000000000000089e-01,-3.261791338509056337e-01,-3.261791338509074101e-01,3.056773681501859241e-01
2.610000000000000098e-01,-3.270794865894818271e-01,-3.270794865894835479e-01,3.027148420805079732e-01
2.620000000000000107e-01,-3.279639836942396247e-01,-3.279639836942413456e-01,2.997486046148216676e-01
2.630000000000000115e-01,-3.288325920916223555e-01,-3.288325920916239653e-01,2.967789937833029690e-01
2.640000000000000124e-01,-3.296852826444269247e-01,-3.296852826444285345e-01,2.938063489816453155e-01
2.650000000000000133e-01,-3.305220301688139295e-01,-3.305220301688156503e-01,2.908310108800237770e-01
2.660000000000000142e-01,-3.313428134499591948e-01,-3.313428134499609712e-01,2.878533213314821704e-01
2.670000000000000151e-01,-3.321476152563211937e-01,-3.321476152563229700e-01,2.848736232797944856e-01
2.680000000000000160e-01,-3.329364223525047017e-01,-3.329364223525065336e-01,2.818922606668431974e-01
2.690000000000000169e-01,-3.337092255106994809e-01,-3.337092255107012573e-01,2.789095783395620920e-01
2.700000000000000178e-01,-3.344660195206743403e-01,-3.344660195206761721e-01,2.759259219564936805e-01
2.710000000000000187e-01,-3.352068031983069796e-01,-3.352068031983088114e-01,2.729416378940127119e-01
2.720000000000000195e-01,-3.359315793926340166e-01,-3.359315793926357929e-01,2.699570731522588085e-01
2.730000000000000204e-01,-3.366403549914046556e-01,-3.366403549914064319e-01,2.669725752608362868e-01
2.740000000000000213e-01,-3.373331409251215107e-01,-3.373331409251233981e-01,2.639884921843259069e-01
2.750000000000000222e-01,-3.380099521695577591e-01,-3.380099521695595355e-01,2.610051722276658936e-01
2.760000000000000231e-01,-3.386708077467360245e-01,-3.386708077467378009e-01,2.580229639414478582e-01
2.770000000000000240e-01,-3.393157307243604981e-01,-3.393157307243622745e-01,2.550422160271800243e-01
2.780000000000000249e-01,-3.399447482136905840e-01,-3.399447482136923604e-01,2.520632772425765444e-01
2.790000000000000258e-01,-3.405578913658502960e-01,-3.405578913658520168e-01,2.490864963069149562e-01
2.800000000000000266e-01,-3.411551953665662995e-01,-3.411551953665680204e-01,2.461122218065168177e-01
2.810000000000000275e-01,-3.417366994293275506e-01,-3.417366994293292715e-01,2.431408021004090592e-01
2.820000000000000284e-01,-3.423024467869661969e-01,-3.423024467869680287e-01,2.401725852262047989e-01
2.830000000000000293e-01,-3.428524846816539684e-01,-3.428524846816556892e-01,2.372079188062669597e-01
2.840000000000000302e-01,-3.433868643533146137e-01,-3.433868643533163345e-01,2.342471499541967650e-01
2.850000000000000311e-01,-3.439056410264530461e-01,-3.439056410264548780e-01,2.312906251817014591e-01
2.860000000000000320e-01,-3.444088738954012574e-01,-3.444088738954029782e-01,2.283386903058888528e-01
2.870000000000000329e-01,-3.448966261079830509e-01,-3.448966261079848272e-01,2.253916903570367114e-01
2.880000000000000338e-01,-3.453689647476045343e-01,-3.453689647476061997e-01,2.224499694868902200e-01
2.889999999999999791e-01,-3.458259608137707053e-01,-3.458259608137724817e-01,2.195138708775305758e-01
2.899999999999999800e-01,-3.462676892010375651e-01,-3.462676892010393415e-01,2.165837366508651662e-01
2.909999999999999809e-01,-3.466942286764046477e-01,-3.466942286764063130e-01,2.136599077787837975e-01
2.919999999999999818e-01,-3.471056618551562334e-01,-3.471056618551578987e-01,2.107427239940302122e-01
2.929999999999999827e-01,-3.475020751751605186e-01,-3.475020751751621284e-01,2.078325237018318616e-01
2.939999999999999836e-01,-3.478835588696346792e-01,-3.478835588696362890e-01,2.049296438923378649e-01
2.949999999999999845e-01,-3.482502069383879850e-01,-3.482502069383894838e-01,2.020344200539016810e-01
2.959999999999999853e-01,-3.486021171175525679e-01,-3.486021171175541222e-01,1.991471860872609800e-01
2.969999999999999862e-01,-3.489393908478136686e-01,-3.489393908478151118e-01,1.962682742206564857e-01
2.979999999999999871e-01,-3.492621332411532387e-01,-3.492621332411547930e-01,1.933980149259269810e-01
2.989999999999999880e-01,-3.495704530461177240e-01,-3.495704530461192783e-01,1.905367368356311875e-01
2.999999999999999889e-01,-3.498644626116250711e-01,-3.498644626116266809e-01,1.876847666612352084e-01
3.009999999999999898e-01,-3.501442778493246699e-01,-3.501442778493261132e-01,1.848424291124079466e-01
3.019999999999999907e-01,-3.504100181945248860e-01,-3.504100181945262182e-01,1.820100468174608022e-01
3.029999999999999916e-01,-3.506618065657034489e-01,-3.506618065657050032e-01,1.791879402449859104e-01
3.039999999999999925e-01,-3.508997693226172387e-01,-3.508997693226186820e-01,1.763764276267175135e-01
3.049999999999999933e-01,-3.511240362230248491e-01,-3.511240362230263479e-01,1.735758248816677285e-01
3.059999999999999942e-01,-3.513347403780430200e-01,-3.513347403780444633e-01,1.707864455415722960e-01
3.069999999999999951e-01,-3.515320182061495435e-01,-3.515320182061510978e-01,1.680086006776866925e-01
3.079999999999999960e-01,-3.517160093858541225e-01,-3.517160093858557879e-01,1.652425988289685788e-01
3.089999999999999969e-01,-3.518868568070517844e-01,-3.518868568070534497e-01,1.624887459316942395e-01
3.099999999999999978e-01,-3.520447065210803306e-01,-3.520447065210819959e-01,1.597473452505330793e-01
3.109999999999999987e-01,-3.521897076894995315e-01,-3.521897076895011969e-01,1.570186973111320494e-01
3.119999999999999996e-01,-3.523220125316098295e-01,-3.523220125316115503e-01,1.543030998342359017e-01
3.130000000000000004e-01,-3.524417762707353075e-01,-3.524417762707370283e-01,1.516008476713896769e-01
3.140000000000000013e-01,-3.525491570792853580e-01,-3.525491570792871343e-01,1.489122327422503778e-01
3.150000000000000022e-01,-3.526443160226211404e-01,-3.526443160226229168e-01,1.462375439735524585e-01
3.160000000000000031e-01,-3.527274170017448141e-01,-3.527274170017465904e-01,1.435770672397519432e-01
3.170000000000000040e-01,-3.527986266948358041e-01,-3.527986266948375249e-01,1.409310853053962476e-01
3.180000000000000049e-01,-3.528581144976558059e-01,-3.528581144976574713e-01,1.382998777692394932e-01
3.190000000000000058e-01,-3.529060524628441220e-01,-3.529060524628458428e-01,1.356837210101460300e-01
3.200000000000000067e-01,-3.529426152381305304e-01,-3.529426152381321402e-01,1.330828881348106452e-01
3.210000000000000075e-01,-3.529679800034863923e-01,-3.529679800034881687e-01,1.304976489273232676e-01
3.220000000000000084e-01,-3.529823264072403100e-01,-3.529823264072421418e-01,1.279282698006162788e-01
3.230000000000000093e-01,-3.529858365011835364e-01,-3.529858365011853127e-01,1.253750137498134132e-01
3.240000000000000102e-01,-3.529786946746907850e-01,-3.529786946746925058e-01,1.228381403075156642e-01
3.250000000000000111e-01,-3.529610875878826937e-01,-3.529610875878844700e-01,1.203179055010470400e-01
3.260000000000000120e-01,-3.529332041038580892e-01,-3.529332041038598655e-01,1.178145618116852589e-01
3.270000000000000129e-01,-3.528952352200211973e-01,-3.528952352200230291e-01,1.153283581359045018e-01
3.280000000000000138e-01,-3.528473739985341640e-01,-3.528473739985359403e-01,1.128595397486493040e-01
3.290000000000000147e-01,-3.527898154959225874e-01,-3.527898154959244192e-01,1.104083482686605833e-01
3.300000000000000155e-01,-3.527227566918619828e-01,-3.527227566918637591e-01,1.079750216258797135e-01
3.310000000000000164e-01,-3.526463964171775434e-01,-3.526463964171792087e-01,1.055597940309381255e-01
3.320000000000000173e-01,-3.525609352810834540e-01,-3.525609352810851749e-01,1.031628959467562195e-01
3.330000000000000182e-01,-3.524665755976955639e-01,-3.524665755976971737e-01,1.007845540622679531e-01
3.340000000000000191e-01,-3.523635213118467835e-01,-3.523635213118485598e-01,9.842499126827469746e-02
3.350000000000000200e-01,-3.522519779242360149e-01,-3.522519779242377913e-01,9.608442663545263551e-02
3.360000000000000209e-01,-3.521321524159428673e-01,-3.521321524159446437e-01,9.376307539450595696e-02
3.370000000000000218e-01,-3.520042531723402424e-01,-3.520042531723419632e-01,9.146114891849294048e-02
3.380000000000000226e-01,-3.518684899064373206e-01,-3.518684899064390414e-01,8.917885470731805320e-02
3.390000000000000235e-01,-3.517250735816837004e-01,-3.517250735816854212e-01,8.691639637439374511e-02
3.400000000000000244e-01,-3.515742163342697735e-01,-3.515742163342715498e-01,8.467397363547786437e-02
3.410000000000000253e-01,-3.514161313949545340e-01,-3.514161313949561993e-01,8.245178229968652683e-02
3.420000000000000262e-01,-3.512510330104548495e-01,-3.512510330104565703e-01,8.025001426267990012e-02
3.430000000000000271e-01,-3.510791363644287788e-01,-3.510791363644304997e-01,7.806885750201437990e-02
3.440000000000000280e-01,-3.509006574980870763e-01,-3.509006574980887416e-01,7.590849607465587068e-02
3.450000000000000289e-01,-3.507158132304651899e-01,-3.507158132304668552e-01,7.376911011665124307e-02
3.460000000000000298e-01,-3.505248210783897811e-01,-3.505248210783914464e-01,7.165087584494056472e-02
3.470000000000000306e-01,-3.503278991761733518e-01,-3.503278991761749062e-01,6.955396556130072350e-02
3.480000000000000315e-01,-3.501252661950697842e-01,-3.501252661950713385e-01,6.747854765841532210e-02
3.490000000000000324e-01,-3.499171412625241562e-01,-3.499171412625255995e-01,6.542478662803677403e-02
3.500000000000000333e-01,-3.497037438812498622e-01,-3.497037438812513610e-01,6.339284307124094797e-02
3.510000000000000342e-01,-3.494852938481669558e-01,-3.494852938481683990e-01,6.138287371074559184e-02
3.519999999999999796e-01,-3.492620111732332444e-01,-3.492620111732346877e-01,5.939503140527323255e-02
3.529999999999999805e-01,-3.490341159982005559e-01,-3.490341159982020547e-01,5.742946516593537554e-02
3.539999999999999813e-01,-3.488018285153318132e-01,-3.488018285153333675e-01,5.548632017461307964e-02
3.549999999999999822e-01,-3.485653688861047872e-01,-3.485653688861063415e-01,5.356573780430307075e-02
3.559999999999999831e-01,-3.483249571599421057e-01,-3.483249571599436600e-01,5.166785564141421205e-02
3.569999999999999840e-01,-3.480808131929927773e-01,-3.480808131929942206e-01,4.979280750996588345e-02
3.579999999999999849e-01,-3.478331565669995906e-01,-3.478331565670011449e-01,4.794072349766288765e-02
3.589999999999999858e-01,-3.475822065082825318e-01,-3.475822065082840862e-01,4.611172998382498389e-02
3.599999999999999867e-01,-3.473281818068695292e-01,-3.473281818068709725e-01,4.430594966911913235e-02
3.609999999999999876e-01,-3.470713007358036672e-01,-3.470713007358050550e-01,4.252350160706387661e-02
3.619999999999999885e-01,-3.468117809706567911e-01,-3.468117809706582899e-01,4.076450123726982344e-02
3.629999999999999893e-01,-3.465498395092807549e-01,-3.465498395092821982e-01,3.902906042037147805e-02
3.639999999999999902e-01,-3.462856925918225137e-01,-3.462856925918240125e-01,3.731728747461569851e-02
3.649999999999999911e-01,-3.460195556210339252e-01,-3.460195556210353685e-01,3.562928721405111965e-02
3.659999999999999920e-01,-3.457516430829033482e-01,-3.457516430829047360e-01,3.396516098828761265e-02
3.669999999999999929e-01,-3.454821684676381843e-01,-3.454821684676395721e-01,3.232500672377548734e-02
3.679999999999999938e-01,-3.452113441910231173e-01,-3.452113441910244496e-01,3.070891896654801001e-02
3.689999999999999947e-01,-3.449393815161838628e-01,-3.449393815161851951e-01,2.911698892638869829e-02
3.699999999999999956e-01,-3.446664904757806291e-01,-3.446664904757819614e-01,2.754930452237330796e-02
3.709999999999999964e-01,-3.443928797946592679e-01,-3.443928797946606002e-01,2.600595042972711490e-02
3.719999999999999973e-01,-3.441187568129833729e-01,-3.441187568129847607e-01,2.448700812794775417e-02
3.729999999999999982e-01,-3.438443274098751390e-01,-3.438443274098763602e-01,2.299255595014593201e-02
3.739999999999999991e-01,-3.435697959275864077e-01,-3.435697959275877400e-01,2.152266913353829969e-02
3.750000000000000000e-01,-3.432953650962274894e-01,-3.432953650962288217e-01,2.007741987103831005e-02
3.760000000000000009e-01,-3.430212359590749660e-01,-3.430212359590762983e-01,1.865687736389784468e-02
3.770000000000000018e-01,-3.427476077984832337e-01,-3.427476077984845659e-01,1.726110787532511570e-02
3.780000000000000027e-01,-3.424746780624204900e-01,-3.424746780624217668e-01,1.589017478502310898e-02
3.790000000000000036e-01,-3.422026422916557009e-01,-3.422026422916569777e-01,1.454413864460027406e-02
3.800000000000000044e-01,-3.419316940476136990e-01,-3.419316940476149758e-01,1.322305723376906994e-02
3.810000000000000053e-01,-3.416620248409234506e-01,-3.416620248409247274e-01,1.192698561728880446e-02
3.820000000000000062e-01,-3.413938240606790853e-01,-3.413938240606804175e-01,1.065597620257802136e-02
3.830000000000000071e-01,-3.411272789044336728e-01,-3.411272789044349496e-01,9.410078797930210293e-03
3.840000000000000080e-01,-3.408625743089488402e-01,-3.408625743089499505e-01,8.189340671275940897e-03
3.850000000000000089e-01,-3.405998928817165483e-01,-3.405998928817176585e-01,6.993806609414315867e-03
3.860000000000000098e-01,-3.403394148332750113e-01,-3.403394148332761215e-01,5.823518977651848116e-03
3.870000000000000107e-01,-3.400813179103374106e-01,-3.400813179103385764e-01,4.678517779780871910e-03
3.880000000000000115e-01,-3.398257773297509998e-01,-3.398257773297521656e-01,3.558840718321770735e-03
3.890000000000000124e-01,-3.395729657133064183e-01,-3.395729657133074730e-01,2.464523254969513966e-03
3.900000000000000133e-01,-3.393230530234148667e-01,-3.393230530234159215e-01,1.395598671165287907e-03
3.910000000000000142e-01,-3.390762064996699077e-01,-3.390762064996710734e-01,3.520981287240820823e-04
3.920000000000000151e-01,-3.388325905963133766e-01,-3.388325905963145424e-01,-6.659492695449686916e-04
3.930000000000000160e-01,-3.385923669206197251e-01,-3.385923669206208353e-01,-1.658516419312722201e-03
3.940000000000000169e-01,-3.383556941722191125e-01,-3.383556941722202227e-01,-2.625578154352020688e-03
3.950000000000000178e-01,-3.381227280833712934e-01,-3.381227280833724591e-01,-3.567111186400351297e-03
3.960000000000000187e-01,-3.378936213602130589e-01,-3.378936213602141692e-01,-4.483094045311830644e-03
3.970000000000000195e-01,-3.376685236249878930e-01,-3.376685236249890032e-01,-5.373507019595491485e-03
3.980000000000000204e-01,-3.374475813592795470e-01,-3.374475813592807683e-01,-6.238332097395687947e-03
3.990000000000000213e-01,-3.372309378482633568e-01,-3.372309378482645781e-01,-7.077552907992196163e-03
4.000000000000000222e-01,-3.370187331259895114e-01,-3.370187331259905661e-01,-7.891154663896365884e-03
4.010000000000000231e-01,-3.368111039217165370e-01,-3.368111039217176472e-01,-8.679124103608160112e-03
4.020000000000000240e-01,-3.366081836073084865e-01,-3.366081836073097078e-01,-9.441449435114185329e-03
4.030000000000000249e-01,-3.364101021457105434e-01,-3.364101021457118756e-01,-1.017812028019146608e-02
4.040000000000000258e-01,-3.362169860405208599e-01,-3.362169860405221367e-01,-1.088912761959326403e-02
4.050000000000000266e-01,-3.360289582866701208e-01,-3.360289582866715641e-01,-1.157446373918702420e-02
4.060000000000000275e-01,-3.358461383222280938e-01,-3.358461383222294261e-01,-1.223412217711145056e-02
4.070000000000000284e-01,-3.356686419813486033e-01,-3.356686419813498246e-01,-1.286809767202398702e-02
4.080000000000000293e-01,-3.354965814483708009e-01,-3.354965814483720221e-01,-1.347638611251084084e-02
4.090000000000000302e-01,-3.353300652130896120e-01,-3.353300652130908333e-01,-1.405898448772333054e-02
4.100000000000000311e-01,-3.351691980272133442e-01,-3.351691980272145654e-01,-1.461589083930822652e-02
4.110000000000000320e-01,-3.350140808620207800e-01,-3.350140808620220012e-01,-1.514710421469983581e-02
4.120000000000000329e-01,-3.348648108672360180e-01,-3.348648108672370727e-01,-1.565262462183783509e-02
4.130000000000000338e-01,-3.347214813311344406e-01,-3.347214813311355508e-01,-1.613245298537285821e-02
4.140000000000000346e-01,-3.345841816418980152e-01,-3.345841816418991255e-01,-1.658659110442489704e-02
4.150000000000000355e-01,-3.344529972502328086e-01,-3.344529972502339188e-01,-1.701504161195543929e-02
4.160000000000000364e-01,-3.343280096332682527e-01,-3.343280096332691964e-01,-1.741780793580596787e-02
4.169999999999999818e-01,-3.342092962597502104e-01,-3.342092962597510430e-01,-1.779489426147792819e-02
4.179999999999999827e-01,-3.340969305565505421e-01,-3.340969305565515413e-01,-1.814630549668461157e-02
4.189999999999999836e-01,-3.339909818765031124e-01,-3.339909818765040006e-01,-1.847204723775722202e-02
4.199999999999999845e-01,-3.338915154675889951e-01,-3.338915154675897723e-01,-1.877212573793249351e-02
4.209999999999999853e-01,-3.337985924434837548e-01,-3.337985924434845875e-01,-1.904654787759357815e-02
4.219999999999999862e-01,-3.337122697554885109e-01,-3.337122697554891770e-01,-1.929532113649939928e-02
4.229999999999999871e-01,-3.336326001658593832e-01,-3.336326001658600493e-01,-1.951845356805190224e-02
4.239999999999999880e-01,-3.335596322225551913e-01,-3.335596322225558019e-01,-1.971595377565102392e-02
4.249999999999999889e-01,-3.334934102354207841e-01,-3.334934102354215613e-01,-1.988783089117196479e-02
4.259999999999999898e-01,-3.334339742538266482e-01,-3.334339742538273699e-01,-2.003409455560900554e-02
4.269999999999999907e-01,-3.333813600457813386e-01,-3.333813600457820048e-01,-2.015475490192072949e-02
4.279999999999999916e-01,-3.333355990785382694e-01,-3.333355990785390466e-01,-2.024982254011326033e-02
4.289999999999999925e-01,-3.332967185007137956e-01,-3.332967185007144062e-01,-2.031930854459271241e-02
4.299999999999999933e-01,-3.332647411259412884e-01,-3.332647411259418435e-01,-2.036322444381294394e-02
4.309999999999999942e-01,-3.332396854180750267e-01,-3.332396854180755819e-01,-2.038158221225117028e-02
4.319999999999999951e-01,-3.332215654779693281e-01,-3.332215654779698277e-01,-2.037439426472864579e-02
4.329999999999999960e-01,-3.332103910318512385e-01,-3.332103910318517936e-01,-2.034167345310319841e-02
4.339999999999999969e-01,-3.332061674213085967e-01,-3.332061674213091518e-01,-2.028343306534385881e-02
4.349999999999999978e-01,-3.332088955949128461e-01,-3.332088955949134013e-01,-2.019968682700937213e-02
4.359999999999999987e-01,-3.332185721015001323e-01,-3.332185721015007429e-01,-2.009044890513761450e-02
4.369999999999999996e-01,-3.332351890851316112e-01,-3.332351890851321663e-01,-1.995573391454921741e-02
4.380000000000000004e-01,-3.332587342817514009e-01,-3.332587342817520115e-01,-1.979555692658438448e-02
4.390000000000000013e-01,-3.332891910175680428e-01,-3.332891910175685979e-01,-1.960993348025868999e-02
4.400000000000000022e-01,-3.333265382091782358e-01,-3.333265382091789020e-01,-1.939887959584374322e-02
4.410000000000000031e-01,-3.333707503654559368e-01,-3.333707503654566029e-01,-1.916241179086647373e-02
4.420000000000000040e-01,-3.334217975912263654e-01,-3.334217975912271426e-01,-1.890054709851463066e-02
4.430000000000000049e-01,-3.334796455927486747e-01,-3.334796455927495074e-01,-1.861330308844102999e-02
4.440000000000000058e-01,-3.335442556850276574e-01,-3.335442556850285456e-01,-1.830069788994284630e-02
4.450000000000000067e-01,-3.336155848009746960e-01,-3.336155848009755287e-01,-1.796275021750426415e-02
4.460000000000000075e-01,-3.336935855024401043e-01,-3.336935855024409925e-01,-1.759947939867229083e-02
4.470000000000000084e-01,-3.337782059931366785e-01,-3.337782059931374556e-01,-1.721090540424169424e-02
4.480000000000000093e-01,-3.338693901334754965e-01,-3.338693901334762182e-01,-1.679704888071595348e-02
4.490000000000000102e-01,-3.339670774573322287e-01,-3.339670774573328949e-01,-1.635793118501016608e-02
4.500000000000000111e-01,-3.340712031907649981e-01,-3.340712031907658863e-01,-1.589357442135844178e-02
4.510000000000000120e-01,-3.341816982727013330e-01,-3.341816982727020546e-01,-1.540400148037981976e-02
4.520000000000000129e-01,-3.342984893776119182e-01,-3.342984893776125843e-01,-1.488923608026368473e-02
4.530000000000000138e-01,-3.344214989401899096e-01,-3.344214989401905758e-01,-1.434930281001581265e-02
4.540000000000000147e-01,-3.345506451820523530e-01,-3.345506451820531302e-01,-1.378422717471591841e-02
4.550000000000000155e-01,-3.346858421404770301e-01,-3.346858421404776962e-01,-1.319403564273222140e-02
4.560000000000000164e-01,-3.348269996991925512e-01,-3.348269996991931619e-01,-1.257875569482533318e-02
4.570000000000000173e-01,-3.349740236212347955e-01,-3.349740236212352951e-01,-1.193841587508306934e-02
4.580000000000000182e-01,-3.351268155838789120e-01,-3.351268155838795226e-01,-1.127304584361535356e-02
4.590000000000000191e-01,-3.352852732156657578e-01,-3.352852732156662019e-01,-1.058267643093652177e-02
4.600000000000000200e-01,-3.354492901355232704e-01,-3.354492901355237144e-01,-9.867339693962084990e-03
4.610000000000000209e-01,-3.356187559940020382e-01,-3.356187559940025933e-01,-9.127068973539903540e-03
4.620000000000000218e-01,-3.357935565166237923e-01,-3.357935565166242364e-01,-8.361898953432089776e-03
4.630000000000000226e-01,-3.359735735493534214e-01,-3.359735735493538655e-01,-7.571865720670284405e-03
4.640000000000000235e-01,-3.361586851061991732e-01,-3.361586851061995063e-01,-6.757006827183803521e-03
4.650000000000000244e-01,-3.363487654189396547e-01,-3.363487654189400988e-01,-5.917361352621552939e-03
4.660000000000000253e-01,-3.365436849889838489e-01,-3.365436849889844040e-01,-5.052969968264736655e-03
4.670000000000000262e-01,-3.367433106413591504e-01,-3.367433106413595945e-01,-4.163875001935518627e-03
4.680000000000000271e-01,-3.369475055808253683e-01,-3.369475055808257569e-01,-3.250120503808601180e-03
4.690000000000000280e-01,-3.371561294501126405e-01,-3.371561294501131401e-01,-2.311752313010395632e-03
4.700000000000000289e-01,-3.373690383902707701e-01,-3.373690383902713252e-01,-1.348818124916356664e-03
4.710000000000000298e-01,-3.375860851031271537e-01,-3.375860851031277088e-01,-3.613675590215248423e-04
4.720000000000000306e-01,-3.378071189158364795e-01,-3.378071189158368681e-01,6.505477727022646040e-04
4.730000000000000315e-01,-3.380319858475115957e-01,-3.380319858475119288e-01,1.686874197095233896e-03
4.740000000000000324e-01,-3.382605286779197806e-01,-3.382605286779201137e-01,2.747555910846355420e-03
4.750000000000000333e-01,-3.384925870182228791e-01,-3.384925870182231566e-01,3.832534911388685295e-03
4.760000000000000342e-01,-3.387279973837437064e-01,-3.387279973837439284e-01,4.941750927779792191e-03
4.770000000000000351e-01,-3.389665932687334626e-01,-3.389665932687336847e-01,6.075141351676777157e-03
4.780000000000000360e-01,-3.392082052231142342e-01,-3.392082052231143452e-01,7.232641168524539532e-03
4.790000000000000369e-01,-3.394526609311682153e-01,-3.394526609311684373e-01,8.414182889078580807e-03
4.799999999999999822e-01,-3.396997852921413985e-01,-3.396997852921416206e-01,9.619696481378975372e-03
4.809999999999999831e-01,-3.399494005027290378e-01,-3.399494005027293708e-01,1.084910930329641143e-02
4.819999999999999840e-01,-3.402013261414049694e-01,-3.402013261414053025e-01,1.210234603577631241e-02
4.829999999999999849e-01,-3.404553792545549351e-01,-3.404553792545551572e-01,1.337932861688331809e-02
4.839999999999999858e-01,-3.407113744443717174e-01,-3.407113744443719394e-01,1.467997617678751254e-02
4.849999999999999867e-01,-3.409691239584689559e-01,-3.409691239584692335e-01,1.600420497379861917e-02
4.859999999999999876e-01,-3.412284377811619640e-01,-3.412284377811622971e-01,1.735192833156579129e-02
4.869999999999999885e-01,-3.414891237263673607e-01,-3.414891237263676937e-01,1.872305657756842545e-02
4.879999999999999893e-01,-3.417509875320682289e-01,-3.417509875320686175e-01,2.011749698300574485e-02
4.889999999999999902e-01,-3.420138329562868451e-01,-3.420138329562871227e-01,2.153515370420477915e-02
4.899999999999999911e-01,-3.422774618745073605e-01,-3.422774618745078046e-01,2.297592772565990038e-02
4.909999999999999920e-01,-3.425416743784870377e-01,-3.425416743784875928e-01,2.443971680481005215e-02
4.919999999999999929e-01,-3.428062688763910404e-01,-3.428062688763914290e-01,2.592641541867007904e-02
4.929999999999999938e-01,-3.430710421941828292e-01,-3.430710421941830512e-01,2.743591471241342561e-02
4.939999999999999947e-01,-3.433357896782048835e-01,-3.433357896782053276e-01,2.896810245002134909e-02
4.949999999999999956e-01,-3.436003052988739204e-01,-3.436003052988743089e-01,3.052286296708772717e-02
4.959999999999999964e-01,-3.438643817554163373e-01,-3.438643817554165594e-01,3.210007712588519579e-02
4.969999999999999973e-01,-3.441278105815726573e-01,-3.441278105815727129e-01,3.369962227278849864e-02
4.979999999999999982e-01,-3.443903822521851565e-01,-3.443903822521850455e-01,3.532137219813877294e-02
4.989999999999999991e-01,-3.446518862905931790e-01,-3.446518862905930680e-01,3.696519709864068415e-02
5.000000000000000000e-01,-3.449121113767516511e-01,-3.449121113767514846e-01,3.863096354237785524e-02
5.010000000000000009e-01,-3.451708454559880845e-01,-3.451708454559879735e-01,4.031853443652429203e-02
5.020000000000000018e-01,-3.454278758483111389e-01,-3.454278758483110279e-01,4.202776899782205422e-02
5.030000000000000027e-01,-3.456829893581840896e-01,-3.456829893581839785e-01,4.375852272590721737e-02
5.040000000000000036e-01,-3.459359723846736068e-01,-3.459359723846733847e-01,4.551064737953602890e-02
5.050000000000000044e-01,-3.461866110318810308e-01,-3.461866110318808643e-01,4.728399095578668387e-02
5.060000000000000053e-01,-3.464346912195668815e-01,-3.464346912195664929e-01,4.907839767228039385e-02
5.070000000000000062e-01,-3.466799987938727901e-01,-3.466799987938726790e-01,5.089370795248304713e-02
5.080000000000000071e-01,-3.469223196380499807e-01,-3.469223196380497587e-01,5.272975841412845532e-02
5.090000000000000080e-01,-3.471614397830953269e-01,-3.471614397830948828e-01,5.458638186080023991e-02
5.100000000000000089e-01,-3.473971455182043311e-01,-3.473971455182041090e-01,5.646340727672319315e-02
5.110000000000000098e-01,-3.476292235009423304e-01,-3.476292235009420528e-01,5.836065982477063596e-02
5.120000000000000107e-01,-3.478574608670375046e-01,-3.478574608670371160e-01,6.027796084773438812e-02
5.130000000000000115e-01,-3.480816453397028720e-01,-3.480816453397027055e-01,6.221512787286366530e-02
5.140000000000000124e-01,-3.483015653383890187e-01,-3.483015653383886856e-01,6.417197461968407457e-02
5.150000000000000133e-01,-3.485170100868708598e-01,-3.485170100868705267e-01,6.614831101111720568e-02
5.160000000000000142e-01,-3.487277697205778959e-01,-3.487277697205775073e-01,6.814394318789110394e-02
5.170000000000000151e-01,-3.489336353930683754e-01,-3.489336353930678203e-01,7.015867352623672559e-02
5.180000000000000160e-01,-3.491343993815577695e-01,-3.491343993815573254e-01,7.219230065887113912e-02
5.190000000000000169e-01,-3.493298551914073569e-01,-3.493298551914068573e-01,7.424461949924268667e-02
5.200000000000000178e-01,-3.495197976594818789e-01,-3.495197976594814904e-01,7.631542126902421397e-02
5.210000000000000187e-01,-3.497040230562870056e-01,-3.497040230562866725e-01,7.840449352881813383e-02
5.220000000000000195e-01,-3.498823291867976248e-01,-3.498823291867972918e-01,8.051162021205252040e-02
5.230000000000000204e-01,-3.500545154898919709e-01,-3.500545154898918598e-01,8.263658166202701716e-02
5.240000000000000213e-01,-3.502203831363053244e-01,-3.502203831363052133e-01,8.477915467206069422e-02
5.250000000000000222e-01,-3.503797351250222958e-01,-3.503797351250221292e-01,8.693911252870395456e-02
5.260000000000000231e-01,-3.505323763780265334e-01,-3.505323763780263668e-01,8.911622505795012417e-02
5.270000000000000240e-01,-3.506781138333314729e-01,-3.506781138333313064e-01,9.131025867440534238e-02
5.280000000000000249e-01,-3.508167565362158014e-01,-3.508167565362154683e-01,9.352097643333361077e-02
5.290000000000000258e-01,-3.509481157285919140e-01,-3.509481157285916919e-01,9.574813808553020444e-02
5.300000000000000266e-01,-3.510720049364374207e-01,-3.510720049364374207e-01,9.799150013493640454e-02
5.310000000000000275e-01,-3.511882400552243100e-01,-3.511882400552240324e-01,1.002508158989370290e-01
5.320000000000000284e-01,-3.512966394332797671e-01,-3.512966394332797115e-01,1.025258355712390934e-01
5.330000000000000293e-01,-3.513970239530230799e-01,-3.513970239530229689e-01,1.048163062872707191e-01
5.340000000000000302e-01,-3.514892171100154616e-01,-3.514892171100153506e-01,1.071219721919985379e-01
5.350000000000000311e-01,-3.515730450897759374e-01,-3.515730450897758264e-01,1.094425745100820746e-01
5.360000000000000320e-01,-3.516483368423091727e-01,-3.516483368423090061e-01,1.117778516182688642e-01
5.370000000000000329e-01,-3.517149241542999460e-01,-3.517149241542997240e-01,1.141275391199326611e-01
5.380000000000000338e-01,-3.517726417189325772e-01,-3.517726417189323551e-01,1.164913699216591353e-01
5.390000000000000346e-01,-3.518213272032957861e-01,-3.518213272032955086e-01,1.188690743117798015e-01
5.400000000000000355e-01,-3.518608213133382900e-01,-3.518608213133380125e-01,1.212603800407459909e-01
5.410000000000000364e-01,-3.518909678563428844e-01,-3.518909678563426624e-01,1.236650124032447479e-01
5.420000000000000373e-01,-3.519116138008933081e-01,-3.519116138008930861e-01,1.260826943219447993e-01
5.430000000000000382e-01,-3.519226093343092443e-01,-3.519226093343090778e-01,1.285131464327674278e-01
5.440000000000000391e-01,-3.519238079175296963e-01,-3.519238079175295297e-01,1.309560871715796104e-01
5.450000000000000400e-01,-3.519150663374297494e-01,-3.519150663374296384e-01,1.334112328621864518e-01
5.460000000000000409e-01,-3.518962447565590068e-01,-3.518962447565589513e-01,1.358782978055307344e-01
5.470000000000000417e-01,-3.518672067602916509e-01,-3.518672067602914844e-01,1.383569943699733407e-01
5.480000000000000426e-01,-3.518278194013860216e-01,-3.518278194013859106e-01,1.408470330825613848e-01
5.490000000000000435e-01,-3.517779532419537114e-01,-3.517779532419535449e-01,1.433481227211566011e-01
5.500000000000000444e-01,-3.517174823928373439e-01,-3.517174823928372329e-01,1.458599704073330061e-01
5.510000000000000453e-01,-3.516462845504096379e-01,-3.516462845504094159e-01,1.483822816999225414e-01
5.520000000000000462e-01,-3.515642410307983079e-01,-3.515642410307979748e-01,1.509147606891090565e-01
5.530000000000000471e-01,-3.514712368015559529e-01,-3.514712368015556754e-01,1.534571100909617736e-01
5.540000000000000480e-01,-3.513671605107884233e-01,-3.513671605107882012e-01,1.560090313423063979e-01
5.550000000000000488e-01,-3.512519045137628693e-01,-3.512519045137627582e-01,1.585702246958317629e-01
5.560000000000000497e-01,-3.511253648970216190e-01,-3.511253648970213970e-01,1.611403893153257605e-01
5.570000000000000506e-01,-3.509874415000253656e-01,-3.509874415000250880e-01,1.637192233709514888e-01
5.580000000000000515e-01,-3.508380379343573052e-01,-3.508380379343570832e-01,1.663064241344633098e-01
5.590000000000000524e-01,-3.506770616005210339e-01,-3.506770616005208119e-01,1.689016880742644777e-01
5.600000000000000533e-01,-3.505044237023654530e-01,-3.505044237023652864e-01,1.715047109502262079e-01
5.610000000000000542e-01,-3.503200392591775958e-01,-3.503200392591775958e-01,1.741151879081701270e-01
5.620000000000000551e-01,-3.501238271154800685e-01,-3.501238271154800685e-01,1.767328135739343886e-01
5.630000000000000560e-01,-3.499157099485786238e-01,-3.499157099485785682e-01,1.793572821469423539e-01
5.640000000000000568e-01,-3.496956142739024997e-01,-3.496956142739023887e-01,1.819882874931911532e-01
5.650000000000000577e-01,-3.494634704481847098e-01,-3.494634704481846543e-01,1.846255232375877964e-01
5.660000000000000586e-01,-3.492192126705311317e-01,-3.492192126705310207e-01,1.872686828555593930e-01
5.670000000000000595e-01,-3.489627789814267467e-01,-3.489627789814266912e-01,1.899174597638716155e-01
5.680000000000000604e-01,-3.486941112597330972e-01,-3.486941112597330417e-01,1.925715474105838543e-01
5.690000000000000613e-01,-3.484131552177267555e-01,-3.484131552177268110e-01,1.952306393640885762e-01
5.700000000000000622e-01,-3.481198603942350922e-01,-3.481198603942352587e-01,1.978944294011697747e-01
5.710000000000000631e-01,-3.478141801459232463e-01,-3.478141801459233018e-01,2.005626115940309095e-01
5.720000000000000639e-01,-3.474960716367877511e-01,-3.474960716367877511e-01,2.032348803962373274e-01
5.730000000000000648e-01,-3.471654958259148271e-01,-3.471654958259148271e-01,2.059109307275331091e-01
5.740000000000000657e-01,-3.468224174535584625e-01,-3.468224174535585180e-01,2.085904580574803602e-01
5.750000000000000666e-01,-3.464668050255967913e-01,-3.464668050255967913e-01,2.112731584878904945e-01
5.760000000000000675e-01,-3.460986307964247777e-01,-3.460986307964248887e-01,2.139587288340029647e-01
5.769999999999999574e-01,-3.457178707503389403e-01,-3.457178707503391069e-01,2.166468667043872642e-01
5.779999999999999583e-01,-3.453245045814751224e-01,-3.453245045814752334e-01,2.193372705795316180e-01
5.789999999999999591e-01,-3.449185156723535428e-01,-3.449185156723538759e-01,2.220296398890978795e-01
5.799999999999999600e-01,-3.444998910710898588e-01,-3.444998910710902473e-01,2.247236750878186529e-01
5.809999999999999609e-01,-3.440686214673291388e-01,-3.440686214673295273e-01,2.274190777300169053e-01
5.819999999999999618e-01,-3.436247011669586460e-01,-3.436247011669590345e-01,2.301155505427343040e-01
5.829999999999999627e-01,-3.431681280656536659e-01,-3.431681280656539990e-01,2.328127974974549819e-01
5.839999999999999636e-01,-3.426989036213139439e-01,-3.426989036213142215e-01,2.355105238804109380e-01
5.849999999999999645e-01,-3.422170328254408589e-01,-3.422170328254412475e-01,2.382084363614697387e-01
5.859999999999999654e-01,-3.417225241735117880e-01,-3.417225241735121211e-01,2.409062430615937500e-01
5.869999999999999662e-01,-3.412153896344005677e-01,-3.412153896344009008e-01,2.436036536188691537e-01
5.879999999999999671e-01,-3.406956446188955656e-01,-3.406956446188960097e-01,2.463003792531140990e-01
5.889999999999999680e-01,-3.401633079473650456e-01,-3.401633079473653232e-01,2.489961328290560827e-01
5.899999999999999689e-01,-3.396184018166177876e-01,-3.396184018166180651e-01,2.516906289180930734e-01
5.909999999999999698e-01,-3.390609517660041483e-01,-3.390609517660044814e-01,2.543835838586455678e-01
5.919999999999999707e-01,-3.384909866428054137e-01,-3.384909866428055247e-01,2.570747158151006628e-01
5.929999999999999716e-01,-3.379085385669520214e-01,-3.379085385669521879e-01,2.597637448353692924e-01
5.939999999999999725e-01,-3.373136428951156729e-01,-3.373136428951156729e-01,2.624503929070621799e-01
5.949999999999999734e-01,-3.367063381842135827e-01,-3.367063381842135827e-01,2.651343840123008277e-01
5.959999999999999742e-01,-3.360866661543661649e-01,-3.360866661543661094e-01,2.678154441811775865e-01
5.969999999999999751e-01,-3.354546716513430726e-01,-3.354546716513429061e-01,2.704933015438851229e-01
5.979999999999999760e-01,-3.348104026085363394e-01,-3.348104026085360063e-01,2.731676863815244993e-01
5.989999999999999769e-01,-3.341539100084913727e-01,-3.341539100084911507e-01,2.758383311756228418e-01
5.999999999999999778e-01,-3.334852478440336609e-01,-3.334852478440333279e-01,2.785049706563610394e-01
6.009999999999999787e-01,-3.328044730790137296e-01,-3.328044730790133965e-01,2.811673418495530541e-01
6.019999999999999796e-01,-3.321116456087105373e-01,-3.321116456087103708e-01,2.838251841223777272e-01
6.029999999999999805e-01,-3.314068282199111870e-01,-3.314068282199111315e-01,2.864782392278961698e-01
6.039999999999999813e-01,-3.306900865506999243e-01,-3.306900865506996468e-01,2.891262513483651153e-01
6.049999999999999822e-01,-3.299614890499761310e-01,-3.299614890499757980e-01,2.917689671373797644e-01
6.059999999999999831e-01,-3.292211069367307896e-01,-3.292211069367304010e-01,2.944061357608497298e-01
6.069999999999999840e-01,-3.284690141590955736e-01,-3.284690141590950740e-01,2.970375089368469945e-01
6.079999999999999849e-01,-3.277052873531910437e-01,-3.277052873531904886e-01,2.996628409743287702e-01
6.089999999999999858e-01,-3.269300058017902133e-01,-3.269300058017896027e-01,3.022818888107677293e-01
6.099999999999999867e-01,-3.261432513928144705e-01,-3.261432513928139154e-01,3.048944120487048215e-01
6.109999999999999876e-01,-3.253451085776807861e-01,-3.253451085776801754e-01,3.075001729912392179e-01
6.119999999999999885e-01,-3.245356643295125298e-01,-3.245356643295118637e-01,3.100989366764808075e-01
6.129999999999999893e-01,-3.237150081012287739e-01,-3.237150081012281078e-01,3.126904709109804004e-01
6.139999999999999902e-01,-3.228832317835273469e-01,-3.228832317835266252e-01,3.152745463021495165e-01
6.149999999999999911e-01,-3.220404296627693563e-01,-3.220404296627685237e-01,3.178509362896934087e-01
6.159999999999999920e-01,-3.211866983787786678e-01,-3.211866983787778351e-01,3.204194171760680332e-01
6.169999999999999929e-01,-3.203221368825658333e-01,-3.203221368825652782e-01,3.229797681559783418e-01
6.179999999999999938e-01,-3.194468463939862946e-01,-3.194468463939856839e-01,3.255317713449253358e-01
6.189999999999999947e-01,-3.185609303593384678e-01,-3.185609303593378572e-01,3.280752118068228640e-01
6.199999999999999956e-01,-3.176644944089125899e-01,-3.176644944089119793e-01,3.306098775806892709e-01
6.209999999999999964e-01,-3.167576463144958776e-01,-3.167576463144951560e-01,3.331355597064277752e-01
6.219999999999999973e-01,-3.158404959468400497e-01,-3.158404959468393836e-01,3.356520522497010717e-01
6.229999999999999982e-01,-3.149131552330980965e-01,-3.149131552330973749e-01,3.381591523259150911e-01
6.239999999999999991e-01,-3.139757381142339598e-01,-3.139757381142331827e-01,3.406566601233159131e-01
6.250000000000000000e-01,-3.130283605024125615e-01,-3.130283605024117288e-01,3.431443789252032195e-01
6.260000000000000009e-01,-3.120711402383740674e-01,-3.120711402383731792e-01,3.456221151312708351e-01
6.270000000000000018e-01,-3.111041970487947728e-01,-3.111041970487938291e-01,3.480896782780805165e-01
6.280000000000000027e-01,-3.101276525036423815e-01,-3.101276525036414378e-01,3.505468810586648831e-01
6.290000000000000036e-01,-3.091416299735275097e-01,-3.091416299735265660e-01,3.529935393412694800e-01
6.300000000000000044e-01,-3.081462545870560787e-01,-3.081462545870551351e-01,3.554294721872327534e-01
6.310000000000000053e-01,-3.071416531881865364e-01,-3.071416531881857037e-01,3.578545018680082679e-01
6.320000000000000062e-01,-3.061279542935957387e-01,-3.061279542935947395e-01,3.602684538813246129e-01
6.330000000000000071e-01,-3.051052880500587650e-01,-3.051052880500577658e-01,3.626711569664851087e-01
6.340000000000000080e-01,-3.040737861918443863e-01,-3.040737861918434981e-01,3.650624431188091989e-01
6.350000000000000089e-01,-3.030335819981331835e-01,-3.030335819981324064e-01,3.674421476032099232e-01
6.360000000000000098e-01,-3.019848102504621989e-01,-3.019848102504613108e-01,3.698101089669042496e-01
6.370000000000000107e-01,-3.009276071901973992e-01,-3.009276071901965111e-01,3.721661690512605425e-01
6.380000000000000115e-01,-2.998621104760454403e-01,-2.998621104760443856e-01,3.745101730027706188e-01
6.390000000000000124e-01,-2.987884591416037350e-01,-2.987884591416026803e-01,3.768419692831510015e-01
6.400000000000000133e-01,-2.977067935529576492e-01,-2.977067935529564835e-01,3.791614096785643762e-01
6.410000000000000142e-01,-2.966172553663294909e-01,-2.966172553663283251e-01,3.814683493079595866e-01
6.420000000000000151e-01,-2.955199874857872833e-01,-2.955199874857861175e-01,3.837626466305226747e-01
6.430000000000000160e-01,-2.944151340210158230e-01,-2.944151340210146572e-01,3.860441634522412402e-01
6.440000000000000169e-01,-2.933028402451622885e-01,-2.933028402451611227e-01,3.883127649315664676e-01
6.450000000000000178e-01,-2.921832525527590096e-01,-2.921832525527578994e-01,3.905683195841799793e-01
6.460000000000000187e-01,-2.910565184177331677e-01,-2.910565184177319464e-01,3.928106992868538594e-01
6.470000000000000195e-01,-2.899227863515105308e-01,-2.899227863515092540e-01,3.950397792804020147e-01
6.480000000000000204e-01,-2.887822058612241061e-01,-2.887822058612228293e-01,3.972554381717137706e-01
6.490000000000000213e-01,-2.876349274080312601e-01,-2.876349274080300389e-01,3.994575579348769723e-01
6.500000000000000222e-01,-2.864811023655561839e-01,-2.864811023655550182e-01,4.016460239113683883e-01
6.510000000000000231e-01,-2.853208829784563139e-01,-2.853208829784551481e-01,4.038207248093317325e-01
6.520000000000000240e-01,-2.841544223211354692e-01,-2.841544223211344700e-01,4.059815527019151604e-01
6.530000000000000249e-01,-2.829818742566019285e-01,-2.829818742566008183e-01,4.081284030246866701e-01
6.540000000000000258e-01,-2.818033933954887660e-01,-2.818033933954877113e-01,4.102611745721114200e-01
6.550000000000000266e-01,-2.806191350552482699e-01,-2.806191350552472707e-01,4.123797694930921853e-01
6.560000000000000275e-01,-2.794292552195232759e-01,-2.794292552195223323e-01,4.144840932855813898e-01
6.570000000000000284e-01,-2.782339104977162303e-01,-2.782339104977152311e-01,4.165740547902485602e-01
6.580000000000000293e-01,-2.770332580847627568e-01,-2.770332580847618686e-01,4.186495661832122517e-01
6.590000000000000302e-01,-2.758274557211194411e-01,-2.758274557211184419e-01,4.207105429678423825e-01
6.600000000000000311e-01,-2.746166616529842064e-01,-2.746166616529832627e-01,4.227569039656174921e-01
6.610000000000000320e-01,-2.734010345927542773e-01,-2.734010345927532226e-01,4.247885713060589596e-01
6.620000000000000329e-01,-2.721807336797362753e-01,-2.721807336797352761e-01,4.268054704157335788e-01
6.630000000000000338e-01,-2.709559184411268751e-01,-2.709559184411258759e-01,4.288075300063226569e-01
6.640000000000000346e-01,-2.697267487532638564e-01,-2.697267487532628016e-01,4.307946820617806205e-01
6.650000000000000355e-01,-2.684933848031713088e-01,-2.684933848031703096e-01,4.327668618245700261e-01
6.660000000000000364e-01,-2.672559870504062074e-01,-2.672559870504052637e-01,4.347240077809867431e-01
6.670000000000000373e-01,-2.660147161892176815e-01,-2.660147161892166823e-01,4.366660616455853017e-01
6.680000000000000382e-01,-2.647697331110360763e-01,-2.647697331110350771e-01,4.385929683447019611e-01
6.690000000000000391e-01,-2.635211988672981898e-01,-2.635211988672970795e-01,4.405046759990937644e-01
6.700000000000000400e-01,-2.622692746326244495e-01,-2.622692746326233393e-01,4.424011359056980730e-01
6.710000000000000409e-01,-2.610141216683610210e-01,-2.610141216683597443e-01,4.442823025185191899e-01
6.720000000000000417e-01,-2.597559012864925077e-01,-2.597559012864911754e-01,4.461481334286634404e-01
6.730000000000000426e-01,-2.584947748139476142e-01,-2.584947748139463375e-01,4.479985893435137756e-01
6.740000000000000435e-01,-2.572309035572923341e-01,-2.572309035572910574e-01,4.498336340650900267e-01
6.750000000000000444e-01,-2.559644487678455205e-01,-2.559644487678441882e-01,4.516532344675598387e-01
6.760000000000000453e-01,-2.546955716072021314e-01,-2.546955716072009102e-01,4.534573604739615127e-01
6.770000000000000462e-01,-2.534244331131940697e-01,-2.534244331131928485e-01,4.552459850321205481e-01
6.780000000000000471e-01,-2.521511941662870626e-01,-2.521511941662858969e-01,4.570190840897905282e-01
6.790000000000000480e-01,-2.508760154564329548e-01,-2.508760154564319000e-01,4.587766365690225667e-01
6.800000000000000488e-01,-2.495990574503790804e-01,-2.495990574503780257e-01,4.605186243397874080e-01
6.810000000000000497e-01,-2.483204803594442067e-01,-2.483204803594431520e-01,4.622450321928704975e-01
6.820000000000000506e-01,-2.470404441077794222e-01,-2.470404441077783675e-01,4.639558478120375806e-01
6.830000000000000515e-01,-2.457591083011080035e-01,-2.457591083011069766e-01,4.656510617455132395e-01
6.840000000000000524e-01,-2.444766321959662148e-01,-2.444766321959651600e-01,4.673306673767673725e-01
6.850000000000000533e-01,-2.431931746694401819e-01,-2.431931746694391827e-01,4.689946608946468087e-01
6.860000000000000542e-01,-2.419088941894156908e-01,-2.419088941894145250e-01,4.706430412628579418e-01
6.870000000000000551e-01,-2.406239487853423786e-01,-2.406239487853412129e-01,4.722758101888202553e-01
6.880000000000000560e-01,-2.393384960195180100e-01,-2.393384960195168998e-01,4.738929720919202726e-01
6.890000000000000568e-01,-2.380526929589034668e-01,-2.380526929589023011e-01,4.754945340711699830e-01
6.900000000000000577e-01,-2.367666961474698684e-01,-2.367666961474687304e-01,4.770805058723001646e-01
6.910000000000000586e-01,-2.354806615790759894e-01,-2.354806615790748237e-01,4.786508998543124727e-01
6.920000000000000595e-01,-2.341947446709005676e-01,-2.341947446708994018e-01,4.802057309554880193e-01
6.930000000000000604e-01,-2.329091002374087671e-01,-2.329091002374075736e-01,4.817450166589015703e-01
6.940000000000000613e-01,-2.316238824648714778e-01,-2.316238824648703121e-01,4.832687769574423031e-01
6.950000000000000622e-01,-2.303392448864381437e-01,-2.303392448864369224e-01,4.847770343183643305e-01
6.960000000000000631e-01,-2.290553403577615388e-01,-2.290553403577603175e-01,4.862698136473926902e-01
6.970000000000000639e-01,-2.277723210331760728e-01,-2.277723210331748793e-01,4.877471422524045641e-01
6.980000000000000648e-01,-2.264903383424421435e-01,-2.264903383424409222e-01,4.892090498066918869e-01
6.990000000000000657e-01,-2.252095429680376903e-01,-2.252095429680364691e-01,4.906555683118502542e-01
7.000000000000000666e-01,-2.239300848230190988e-01,-2.239300848230178775e-01,4.920867320602898554e-01
7.010000000000000675e-01,-2.226521130294314976e-01,-2.226521130294302764e-01,4.935025775974075657e-01
7.020000000000000684e-01,-2.213757758972879630e-01,-2.213757758972866307e-01,4.949031436834218090e-01
7.030000000000000693e-01,-2.201012209041038059e-01,-2.201012209041025014e-01,4.962884712549001653e-01
7.039999999999999591e-01,-2.188285946749772559e-01,-2.188285946749760069e-01,4.976586033860125324e-01
7.049999999999999600e-01,-2.175580429632458235e-01,-2.175580429632444912e-01,4.990135852494891333e-01
7.059999999999999609e-01,-2.162897106316810925e-01,-2.162897106316797879e-01,5.003534640773450448e-01
7.069999999999999618e-01,-2.150237416342384300e-01,-2.150237416342370977e-01,5.016782891213685813e-01
7.079999999999999627e-01,-2.137602789983584772e-01,-2.137602789983571450e-01,5.029881116133912977e-01
7.089999999999999636e-01,-2.124994648078203374e-01,-2.124994648078190329e-01,5.042829847253540443e-01
7.099999999999999645e-01,-2.112414401861167912e-01,-2.112414401861154589e-01,5.055629635292198110e-01
7.109999999999999654e-01,-2.099863452803970021e-01,-2.099863452803956698e-01,5.068281049566892849e-01
7.119999999999999662e-01,-2.087343192459253927e-01,-2.087343192459240326e-01,5.080784677587976139e-01
7.129999999999999671e-01,-2.074855002310758423e-01,-2.074855002310745378e-01,5.093141124653746132e-01
7.139999999999999680e-01,-2.062400253628605129e-01,-2.062400253628592361e-01,5.105351013443877317e-01
7.149999999999999689e-01,-2.049980307329670182e-01,-2.049980307329656859e-01,5.117414983612021961e-01
7.159999999999999698e-01,-2.037596513843361601e-01,-2.037596513843347723e-01,5.129333691377375715e-01
7.169999999999999707e-01,-2.025250212982217246e-01,-2.025250212982203091e-01,5.141107809115903482e-01
7.179999999999999716e-01,-2.012942733817879581e-01,-2.012942733817865704e-01,5.152738024950755946e-01
7.189999999999999725e-01,-2.000675394561839127e-01,-2.000675394561825249e-01,5.164225042342579508e-01
7.199999999999999734e-01,-1.988449502451378748e-01,-1.988449502451364315e-01,5.175569579679348831e-01
7.209999999999999742e-01,-1.976266353640147022e-01,-1.976266353640132867e-01,5.186772369866450294e-01
7.219999999999999751e-01,-1.964127233093932168e-01,-1.964127233093918568e-01,5.197834159916385754e-01
7.229999999999999760e-01,-1.952033414490810803e-01,-1.952033414490797480e-01,5.208755710539142436e-01
7.239999999999999769e-01,-1.939986160126332404e-01,-1.939986160126319081e-01,5.219537795732530627e-01
7.249999999999999778e-01,-1.927986720823239020e-01,-1.927986720823225975e-01,5.230181202373070937e-01
7.259999999999999787e-01,-1.916036335845829885e-01,-1.916036335845817118e-01,5.240686729807408906e-01
7.269999999999999796e-01,-1.904136232818725849e-01,-1.904136232818712249e-01,5.251055189444525650e-01
7.279999999999999805e-01,-1.892287627650318105e-01,-1.892287627650305337e-01,5.261287404348505836e-01
7.289999999999999813e-01,-1.880491724460399139e-01,-1.880491724460385816e-01,5.271384208832430307e-01
7.299999999999999822e-01,-1.868749715512211806e-01,-1.868749715512198761e-01,5.281346448053177989e-01
7.309999999999999831e-01,-1.857062781148803299e-01,-1.857062781148789976e-01,5.291174977607292496e-01
7.319999999999999840e-01,-1.845432089733421432e-01,-1.845432089733408110e-01,5.300870663128202098e-01
7.329999999999999849e-01,-1.833858797594298817e-01,-1.833858797594285495e-01,5.310434379884509948e-01
7.339999999999999858e-01,-1.822344048973178754e-01,-1.822344048973165154e-01,5.319867012379970728e-01
7.349999999999999867e-01,-1.810888975977930082e-01,-1.810888975977916204e-01,5.329169453954877289e-01
7.359999999999999876e-01,-1.799494698539357007e-01,-1.799494698539343684e-01,5.338342606388757350e-01
7.369999999999999885e-01,-1.788162324371168899e-01,-1.788162324371155576e-01,5.347387379505403882e-01
7.379999999999999893e-01,-1.776892947626568242e-01,-1.776892947626554919e-01,5.356304691909631321e-01
7.389999999999999902e-01,-1.765706831730436410e-01,-1.765706831730422810e-01,5.365078120126285377e-01
7.399999999999999911e-01,-1.754582897792146545e-01,-1.754582897792132945e-01,5.373728735562970371e-01
7.409999999999999920e-01,-1.743523240817710929e-01,-1.743523240817697606e-01,5.382256509244800480e-01
7.419999999999999929e-01,-1.732529500303098824e-01,-1.732529500303086334e-01,5.390661856636604909e-01
7.429999999999999938e-01,-1.721603058483275328e-01,-1.721603058483262561e-01,5.398945428036084904e-01
7.439999999999999947e-01,-1.710745139165371076e-01,-1.710745139165358308e-01,5.407108007482204215e-01
7.449999999999999956e-01,-1.699956866819796464e-01,-1.699956866819783141e-01,5.415150454104149524e-01
7.459999999999999964e-01,-1.689239302075145888e-01,-1.689239302075132287e-01,5.423073668570421724e-01
7.469999999999999973e-01,-1.678593463164973210e-01,-1.678593463164959887e-01,5.430878574324540242e-01
7.479999999999999982e-01,-1.668020338977736772e-01,-1.668020338977722339e-01,5.438566107448912224e-01
7.489999999999999991e-01,-1.657520897046954045e-01,-1.657520897046939057e-01,5.446137211480395202e-01
7.500000000000000000e-01,-1.647096088460250352e-01,-1.647096088460235364e-01,5.453592834979898996e-01
7.510000000000000009e-01,-1.636746850861787450e-01,-1.636746850861772740e-01,5.460933930552787086e-01
7.520000000000000018e-01,-1.626474110254770011e-01,-1.626474110254755856e-01,5.468161454555063861e-01
7.530000000000000027e-01,-1.616278782032295191e-01,-1.616278782032280759e-01,5.475276367051613580e-01
7.540000000000000036e-01,-1.606161771504501234e-01,-1.606161771504486802e-01,5.482279631792171815e-01
7.550000000000000044e-01,-1.596123974094575126e-01,-1.596123974094560971e-01,5.489172216092103040e-01
7.560000000000000053e-01,-1.586166275317029140e-01,-1.586166275317014707e-01,5.495955090578927837e-01
7.570000000000000062e-01,-1.576289550617705204e-01,-1.576289550617690771e-01,5.502629228805411277e-01
7.580000000000000071e-01,-1.566494665131935304e-01,-1.566494665131920594e-01,5.509195606751733365e-01
7.590000000000000080e-01,-1.556782473400038502e-01,-1.556782473400023792e-01,5.515655202249409861e-01
7.600000000000000089e-01,-1.547153819070299918e-01,-1.547153819070284930e-01,5.522008994359254297e-01
7.610000000000000098e-01,-1.537609534609294393e-01,-1.537609534609279405e-01,5.528257962733662545e-01
7.620000000000000107e-01,-1.528150441033395146e-01,-1.528150441033380158e-01,5.534403086987513820e-01
7.630000000000000115e-01,-1.518777347669815203e-01,-1.518777347669800215e-01,5.540445346095694834e-01
7.640000000000000124e-01,-1.509491051952036311e-01,-1.509491051952021323e-01,5.546385717828482553e-01
7.650000000000000133e-01,-1.500292339250424156e-01,-1.500292339250409168e-01,5.552225178231047220e-01
7.660000000000000142e-01,-1.491181982737221356e-01,-1.491181982737206646e-01,5.557964701148336850e-01
7.670000000000000151e-01,-1.482160743283704729e-01,-1.482160743283689464e-01,5.563605257792919589e-01
7.680000000000000160e-01,-1.473229369385823939e-01,-1.473229369385808951e-01,5.569147816351509572e-01
7.690000000000000169e-01,-1.464388597114829882e-01,-1.464388597114815171e-01,5.574593341624088927e-01
7.700000000000000178e-01,-1.455639150089171885e-01,-1.455639150089156897e-01,5.579942794689147778e-01
7.710000000000000187e-01,-1.446981739463761019e-01,-1.446981739463746308e-01,5.585197132589083679e-01
7.720000000000000195e-01,-1.438417063933925544e-01,-1.438417063933910278e-01,5.590357308029809680e-01
7.730000000000000204e-01,-1.429945809751309582e-01,-1.429945809751295149e-01,5.595424269089934732e-01
7.740000000000000213e-01,-1.421568650749349405e-01,-1.421568650749334695e-01,5.600398958936102511e-01
7.750000000000000222e-01,-1.413286248376932064e-01,-1.413286248376917631e-01,5.605282315541770810e-01
7.760000000000000231e-01,-1.405099251739052868e-01,-1.405099251739037880e-01,5.610075271407901631e-01
7.770000000000000240e-01,-1.397008297643450025e-01,-1.397008297643435037e-01,5.614778753285063484e-01
7.780000000000000249e-01,-1.389014010652866171e-01,-1.389014010652851461e-01,5.619393681896887038e-01
7.790000000000000258e-01,-1.381117003142441624e-01,-1.381117003142426358e-01,5.623920971665559154e-01
7.800000000000000266e-01,-1.373317875362081719e-01,-1.373317875362067009e-01,5.628361530440245675e-01
7.810000000000000275e-01,-1.365617215503623916e-01,-1.365617215503609483e-01,5.632716259229587630e-01
7.820000000000000284e-01,-1.358015599772677273e-01,-1.358015599772662563e-01,5.636986051939427700e-01
7.830000000000000293e-01,-1.350513592465017176e-01,-1.350513592465002466e-01,5.641171795116826093e-01
7.840000000000000302e-01,-1.343111746047277455e-01,-1.343111746047262189e-01,5.645274367701371698e-01
7.850000000000000311e-01,-1.335810601241666784e-01,-1.335810601241652074e-01,5.649294640784562338e-01
7.860000000000000320e-01,-1.328610687114695488e-01,-1.328610687114680777e-01,5.653233477377579419e-01
7.870000000000000329e-01,-1.321512521169030951e-01,-1.321512521169015963e-01,5.657091732188133104e-01
7.880000000000000338e-01,-1.314516609438597938e-01,-1.314516609438582673e-01,5.660870251406115994e-01
7.890000000000000346e-01,-1.307623446586234917e-01,-1.307623446586219373e-01,5.664569872498135261e-01
7.900000000000000355e-01,-1.300833516003467860e-01,-1.300833516003452872e-01,5.668191424010655677e-01
7.910000000000000364e-01,-1.294147289911964371e-01,-1.294147289911948828e-01,5.671735725381323867e-01
7.920000000000000373e-01,-1.287565229466227090e-01,-1.287565229466212102e-01,5.675203586757980867e-01
7.930000000000000382e-01,-1.281087784856946854e-01,-1.281087784856931866e-01,5.678595808824882241e-01
7.940000000000000391e-01,-1.274715395414823815e-01,-1.274715395414808827e-01,5.681913182635383031e-01
7.950000000000000400e-01,-1.268448489714144034e-01,-1.268448489714129324e-01,5.685156489450642336e-01
7.960000000000000409e-01,-1.262287485675962218e-01,-1.262287485675947507e-01,5.688326500583634759e-01
7.970000000000000417e-01,-1.256232790670449573e-01,-1.256232790670434585e-01,5.691423977247922483e-01
7.980000000000000426e-01,-1.250284801618023467e-01,-1.250284801618008479e-01,5.694449670410672848e-01
7.990000000000000435e-01,-1.244443905089233776e-01,-1.244443905089218927e-01,5.697404320649233078e-01
8.000000000000000444e-01,-1.238710477402760468e-01,-1.238710477402745619e-01,5.700288658011061216e-01
8.010000000000000453e-01,-1.233084884721714070e-01,-1.233084884721699359e-01,5.703103401876272738e-01
8.020000000000000462e-01,-1.227567483147777028e-01,-1.227567483147762317e-01,5.705849260822624114e-01
8.030000000000000471e-01,-1.222158618813116160e-01,-1.222158618813101449e-01,5.708526932492467010e-01
8.040000000000000480e-01,-1.216858627970075907e-01,-1.216858627970061335e-01,5.711137103461303433e-01
8.050000000000000488e-01,-1.211667837078205939e-01,-1.211667837078191645e-01,5.713680449107847448e-01
8.060000000000000497e-01,-1.206586562888937175e-01,-1.206586562888922465e-01,5.716157633485101641e-01
8.070000000000000506e-01,-1.201615112527543161e-01,-1.201615112527529006e-01,5.718569309192389483e-01
8.080000000000000515e-01,-1.196753783572545859e-01,-1.196753783572531565e-01,5.720916117248087129e-01
8.090000000000000524e-01,-1.192002864132277462e-01,-1.192002864132262752e-01,5.723198686962960302e-01
8.100000000000000533e-01,-1.187362632918978339e-01,-1.187362632918964045e-01,5.725417635813864203e-01
8.110000000000000542e-01,-1.182833359320000777e-01,-1.182833359319986344e-01,5.727573569317856439e-01
8.120000000000000551e-01,-1.178415303466413544e-01,-1.178415303466398834e-01,5.729667080906561960e-01
8.130000000000000560e-01,-1.174108716298961075e-01,-1.174108716298946919e-01,5.731698751800766711e-01
8.140000000000000568e-01,-1.169913839631410435e-01,-1.169913839631395724e-01,5.733669150885251087e-01
8.150000000000000577e-01,-1.165830906211237916e-01,-1.165830906211223483e-01,5.735578834583934249e-01
8.160000000000000586e-01,-1.161860139777896872e-01,-1.161860139777882162e-01,5.737428346735282680e-01
8.170000000000000595e-01,-1.158001755118547860e-01,-1.158001755118533149e-01,5.739218218468156163e-01
8.180000000000000604e-01,-1.154255958121470915e-01,-1.154255958121456482e-01,5.740948968078152248e-01
8.190000000000000613e-01,-1.150622945827091820e-01,-1.150622945827077248e-01,5.742621100904616860e-01
8.200000000000000622e-01,-1.147102906476826362e-01,-1.147102906476812068e-01,5.744235109208466472e-01
8.210000000000000631e-01,-1.143696019559703458e-01,-1.143696019559689026e-01,5.745791472051035020e-01
8.220000000000000639e-01,-1.140402455857019992e-01,-1.140402455857005282e-01,5.747290655174102092e-01
8.230000000000000648e-01,-1.137222377484964631e-01,-1.137222377484949920e-01,5.748733110881373287e-01
8.240000000000000657e-01,-1.134155937935325542e-01,-1.134155937935310554e-01,5.750119277921676986e-01
8.250000000000000666e-01,-1.131203282114469633e-01,-1.131203282114455061e-01,5.751449581374064035e-01
8.260000000000000675e-01,-1.128364546380602601e-01,-1.128364546380588029e-01,5.752724432535146759e-01
8.270000000000000684e-01,-1.125639858579377539e-01,-1.125639858579363106e-01,5.753944228808935968e-01
8.280000000000000693e-01,-1.123029338078041783e-01,-1.123029338078027350e-01,5.755109353599466848e-01
8.290000000000000702e-01,-1.120533095798075529e-01,-1.120533095798061096e-01,5.756220176206507944e-01
8.300000000000000711e-01,-1.118151234246548137e-01,-1.118151234246533426e-01,5.757277051724629668e-01
8.310000000000000719e-01,-1.115883847546144947e-01,-1.115883847546130236e-01,5.758280320945978747e-01
8.320000000000000728e-01,-1.113731021464016147e-01,-1.113731021464001575e-01,5.759230310266976183e-01
8.329999999999999627e-01,-1.111692833439478778e-01,-1.111692833439464484e-01,5.760127331599304012e-01
8.339999999999999636e-01,-1.109769352610671667e-01,-1.109769352610657095e-01,5.760971682285411788e-01
8.349999999999999645e-01,-1.107960639840255834e-01,-1.107960639840241401e-01,5.761763645018782576e-01
8.359999999999999654e-01,-1.106266747740026618e-01,-1.106266747740012185e-01,5.762503487769363719e-01
8.369999999999999662e-01,-1.104687720694793873e-01,-1.104687720694779440e-01,5.763191463714197882e-01
8.379999999999999671e-01,-1.103223594885328618e-01,-1.103223594885314462e-01,5.763827811173661830e-01
8.389999999999999680e-01,-1.101874398310523223e-01,-1.101874398310508929e-01,5.764412753553442847e-01
8.399999999999999689e-01,-1.100640150808727125e-01,-1.100640150808712969e-01,5.764946499292507021e-01
8.409999999999999698e-01,-1.099520864078464832e-01,-1.099520864078450538e-01,5.765429241817132677e-01
8.419999999999999707e-01,-1.098516541698260768e-01,-1.098516541698246474e-01,5.765861159501353139e-01
8.429999999999999716e-01,-1.097627179145930776e-01,-1.097627179145916620e-01,5.766242415633744400e-01
8.439999999999999725e-01,-1.096852763817054432e-01,-1.096852763817040555e-01,5.766573158390846388e-01
8.449999999999999734e-01,-1.096193275042839366e-01,-1.096193275042825210e-01,5.766853520817230017e-01
8.459999999999999742e-01,-1.095648684107308757e-01,-1.095648684107294324e-01,5.767083620812287759e-01
8.469999999999999751e-01,-1.095218954263745825e-01,-1.095218954263731947e-01,5.767263561123878723e-01
8.479999999999999760e-01,-1.094904040750516172e-01,-1.094904040750501739e-01,5.767393429348772749e-01
8.489999999999999769e-01,-1.094703890806206364e-01,-1.094703890806192209e-01,5.767473297939943455e-01
8.499999999999999778e-01,-1.094618443683987863e-01,-1.094618443683973152e-01,5.767503224220739133e-01
8.509999999999999787e-01,-1.094647630665324667e-01,-1.094647630665310234e-01,5.767483250405860407e-01
8.519999999999999796e-01,-1.094791375072928785e-01,-1.094791375072914491e-01,5.767413403629078061e-01
8.529999999999999805e-01,-1.095049592282860002e-01,-1.095049592282845846e-01,5.767293695977750989e-01
8.539999999999999813e-01,-1.095422189735996421e-01,-1.095422189735981988e-01,5.767124124533838936e-01
8.549999999999999822e-01,-1.095909066948526495e-01,-1.095909066948512200e-01,5.766904671421555495e-01
8.559999999999999831e-01,-1.096510115521694140e-01,-1.096510115521679984e-01,5.766635303861351591e-01
8.569999999999999840e-01,-1.097225219150622655e-01,-1.097225219150608500e-01,5.766315974230198371e-01
8.579999999999999849e-01,-1.098054253632227556e-01,-1.098054253632213262e-01,5.765946620128011846e-01
8.589999999999999858e-01,-1.098997086872207235e-01,-1.098997086872193080e-01,5.765527164450015007e-01
8.599999999999999867e-01,-1.100053578891032335e-01,-1.100053578891018180e-01,5.765057515464921956e-01
8.609999999999999876e-01,-1.101223581828910669e-01,-1.101223581828896514e-01,5.764537566898758625e-01
8.619999999999999885e-01,-1.102506939949764037e-01,-1.102506939949750436e-01,5.763967198024073646e-01
8.629999999999999893e-01,-1.103903489644075531e-01,-1.103903489644061098e-01,5.763346273754432758e-01
8.639999999999999902e-01,-1.105413059430652434e-01,-1.105413059430638278e-01,5.762674644743949193e-01
8.649999999999999911e-01,-1.107035469957237395e-01,-1.107035469957223239e-01,5.761952147491642418e-01
8.659999999999999920e-01,-1.108770533999973301e-01,-1.108770533999958730e-01,5.761178604450457597e-01
8.669999999999999929e-01,-1.110618056461667724e-01,-1.110618056461653430e-01,5.760353824140691525e-01
8.679999999999999938e-01,-1.112577834368798646e-01,-1.112577834368784491e-01,5.759477601267699587e-01
8.689999999999999947e-01,-1.114649656867384014e-01,-1.114649656867369998e-01,5.758549716843555100e-01
8.699999999999999956e-01,-1.116833305217453248e-01,-1.116833305217439232e-01,5.757569938312638858e-01
8.709999999999999964e-01,-1.119128552786344682e-01,-1.119128552786330666e-01,5.756538019680779161e-01
8.719999999999999973e-01,-1.121535165040691562e-01,-1.121535165040677684e-01,5.755453701647896825e-01
8.729999999999999982e-01,-1.124052899537105465e-01,-1.124052899537091310e-01,5.754316711743876489e-01
8.739999999999999991e-01,-1.126681505911498737e-01,-1.126681505911484305e-01,5.753126764467608734e-01
8.750000000000000000e-01,-1.129420725867201353e-01,-1.129420725867186781e-01,5.751883561428874359e-01
8.760000000000000009e-01,-1.132270293161699859e-01,-1.132270293161685704e-01,5.750586791493070837e-01
8.770000000000000018e-01,-1.135229933592085683e-01,-1.135229933592070695e-01,5.749236130928561117e-01
8.780000000000000027e-01,-1.138299364979175610e-01,-1.138299364979160899e-01,5.747831243556540404e-01
8.790000000000000036e-01,-1.141478297150466115e-01,-1.141478297150451682e-01,5.746371780903224424e-01
8.800000000000000044e-01,-1.144766431921698246e-01,-1.144766431921683814e-01,5.744857382354389141e-01
8.810000000000000053e-01,-1.148163463077222779e-01,-1.148163463077208346e-01,5.743287675312059859e-01
8.820000000000000062e-01,-1.151669076349195048e-01,-1.151669076349180754e-01,5.741662275353265343e-01
8.830000000000000071e-01,-1.155282949395532999e-01,-1.155282949395518566e-01,5.739980786390859180e-01
8.840000000000000080e-01,-1.159004751776716441e-01,-1.159004751776702147e-01,5.738242800836290680e-01
8.850000000000000089e-01,-1.162834144931537417e-01,-1.162834144931523123e-01,5.736447899764276492e-01
8.860000000000000098e-01,-1.166770782151753255e-01,-1.166770782151738961e-01,5.734595653079370692e-01
8.870000000000000107e-01,-1.170814308555676586e-01,-1.170814308555662431e-01,5.732685619684415590e-01
8.880000000000000115e-01,-1.174964361060875373e-01,-1.174964361060861079e-01,5.730717347650819971e-01
8.890000000000000124e-01,-1.179220568355914822e-01,-1.179220568355900667e-01,5.728690374390701390e-01
8.900000000000000133e-01,-1.183582550871225547e-01,-1.183582550871210837e-01,5.726604226830940281e-01
8.910000000000000142e-01,-1.188049920749284089e-01,-1.188049920749269517e-01,5.724458421589027068e-01
8.920000000000000151e-01,-1.192622281813932039e-01,-1.192622281813917329e-01,5.722252465150959866e-01
8.930000000000000160e-01,-1.197299229539145471e-01,-1.197299229539130760e-01,5.719985854051022889e-01
8.940000000000000169e-01,-1.202080351017204563e-01,-1.202080351017190407e-01,5.717658075053595468e-01
8.950000000000000178e-01,-1.206965224926339619e-01,-1.206965224926325464e-01,5.715268605337068264e-01
8.960000000000000187e-01,-1.211953421497959094e-01,-1.211953421497944661e-01,5.712816912679873349e-01
8.970000000000000195e-01,-1.217044502483570489e-01,-1.217044502483556057e-01,5.710302455648705866e-01
8.980000000000000204e-01,-1.222238021121403173e-01,-1.222238021121388463e-01,5.707724683789054954e-01
8.990000000000000213e-01,-1.227533522102894348e-01,-1.227533522102879915e-01,5.705083037818062808e-01
9.000000000000000222e-01,-1.232930541539019043e-01,-1.232930541539004193e-01,5.702376949819873975e-01
9.010000000000000231e-01,-1.238428606926785802e-01,-1.238428606926771092e-01,5.699605843443389386e-01
9.020000000000000240e-01,-1.244027237115588325e-01,-1.244027237115573614e-01,5.696769134102783738e-01
9.030000000000000249e-01,-1.249725942274025753e-01,-1.249725942274011459e-01,5.693866229180508665e-01
9.040000000000000258e-01,-1.255524223856727684e-01,-1.255524223856713251e-01,5.690896528233266860e-01
9.050000000000000266e-01,-1.261421574571748305e-01,-1.261421574571733872e-01,5.687859423200651854e-01
9.060000000000000275e-01,-1.267417478348344950e-01,-1.267417478348331350e-01,5.684754298616814250e-01
9.070000000000000284e-01,-1.273511410305269709e-01,-1.273511410305256386e-01,5.681580531825090041e-01
9.080000000000000293e-01,-1.279702836719824321e-01,-1.279702836719810721e-01,5.678337493195662056e-01
9.090000000000000302e-01,-1.285991214997568299e-01,-1.285991214997554977e-01,5.675024546346367771e-01
9.100000000000000311e-01,-1.292375993642829735e-01,-1.292375993642816412e-01,5.671641048366726778e-01
9.110000000000000320e-01,-1.298856612230148144e-01,-1.298856612230134822e-01,5.668186350045165689e-01
9.120000000000000329e-01,-1.305432501376891929e-01,-1.305432501376878607e-01,5.664659796099442701e-01
9.130000000000000338e-01,-1.312103082716541691e-01,-1.312103082716528646e-01,5.661060725410622663e-01
9.140000000000000346e-01,-1.318867768873696888e-01,-1.318867768873683843e-01,5.657388471260078600e-01
9.150000000000000355e-01,-1.325725963439831345e-01,-1.325725963439818300e-01,5.653642361570148100e-01
9.160000000000000364e-01,-1.332677060950605286e-01,-1.332677060950592240e-01,5.649821719148047094e-01
9.170000000000000373e-01,-1.339720446864715031e-01,-1.339720446864703096e-01,5.645925861933076551e-01
9.180000000000000382e-01,-1.346855497543864855e-01,-1.346855497543853475e-01,5.641954103247419638e-01
9.190000000000000391e-01,-1.354081580234556825e-01,-1.354081580234546001e-01,5.637905752050155206e-01
9.200000000000000400e-01,-1.361398053051487145e-01,-1.361398053051476320e-01,5.633780113194604144e-01
9.210000000000000409e-01,-1.368804264962314166e-01,-1.368804264962303341e-01,5.629576487689189612e-01
9.220000000000000417e-01,-1.376299555774750105e-01,-1.376299555774739281e-01,5.625294172961168293e-01
9.230000000000000426e-01,-1.383883256124593397e-01,-1.383883256124582295e-01,5.620932463124190814e-01
9.240000000000000435e-01,-1.391554687466624862e-01,-1.391554687466613482e-01,5.616490649248290223e-01
9.250000000000000444e-01,-1.399313162066474769e-01,-1.399313162066463112e-01,5.611968019633628568e-01
9.260000000000000453e-01,-1.407157982994839684e-01,-1.407157982994828305e-01,5.607363860086991281e-01
9.270000000000000462e-01,-1.415088444124077971e-01,-1.415088444124066314e-01,5.602677454200941654e-01
9.280000000000000471e-01,-1.423103830125694302e-01,-1.423103830125682367e-01,5.597908083636616849e-01
9.290000000000000480e-01,-1.431203416471443224e-01,-1.431203416471431566e-01,5.593055028408215890e-01
9.300000000000000488e-01,-1.439386469435145477e-01,-1.439386469435134097e-01,5.588117567171078104e-01
9.310000000000000497e-01,-1.447652246097040907e-01,-1.447652246097029249e-01,5.583094977512061963e-01
9.320000000000000506e-01,-1.455999994351244442e-01,-1.455999994351232785e-01,5.577986536241661408e-01
9.330000000000000515e-01,-1.464428952914582083e-01,-1.464428952914570703e-01,5.572791519689006545e-01
9.340000000000000524e-01,-1.472938424837360594e-01,-1.472938424837348936e-01,5.567509150116140004e-01
9.350000000000000533e-01,-1.481527642013270030e-01,-1.481527642013258372e-01,5.562138696685661188e-01
9.360000000000000542e-01,-1.490195758898545941e-01,-1.490195758898534562e-01,5.556679478020816187e-01
9.370000000000000551e-01,-1.498941963136572186e-01,-1.498941963136560807e-01,5.551130781108131185e-01
9.380000000000000560e-01,-1.507765439255815410e-01,-1.507765439255803475e-01,5.545491889750008285e-01
9.390000000000000568e-01,-1.516665366252681613e-01,-1.516665366252669678e-01,5.539762086637129990e-01
9.400000000000000577e-01,-1.525640916181913165e-01,-1.525640916181901785e-01,5.533940654702176332e-01
9.410000000000000586e-01,-1.534691253335695449e-01,-1.534691253335683792e-01,5.528026878047134218e-01
9.420000000000000595e-01,-1.543815533768974346e-01,-1.543815533768962966e-01,5.522020042615161106e-01
9.430000000000000604e-01,-1.553012905030246860e-01,-1.553012905030235480e-01,5.515919436708585089e-01
9.440000000000000613e-01,-1.562282506014716077e-01,-1.562282506014704697e-01,5.509724351414686527e-01
9.450000000000000622e-01,-1.571623466889477128e-01,-1.571623466889466025e-01,5.503434080978020226e-01
9.460000000000000631e-01,-1.581034909064213123e-01,-1.581034909064201743e-01,5.497047923140534476e-01
9.470000000000000639e-01,-1.590515945188708813e-01,-1.590515945188697433e-01,5.490565179464979018e-01
9.480000000000000648e-01,-1.600065679168505839e-01,-1.600065679168494737e-01,5.483985155649170329e-01
9.490000000000000657e-01,-1.609683206192796256e-01,-1.609683206192784599e-01,5.477307161836223459e-01
9.500000000000000666e-01,-1.619367612770553355e-01,-1.619367612770541975e-01,5.470530512924050015e-01
9.510000000000000675e-01,-1.629117976773652443e-01,-1.629117976773641063e-01,5.463654528874980487e-01
9.520000000000000684e-01,-1.638933367484791959e-01,-1.638933367484780024e-01,5.456678535026879828e-01
9.530000000000000693e-01,-1.648812845650354797e-01,-1.648812845650343417e-01,5.449601862405043518e-01
9.540000000000000702e-01,-1.658755463536639441e-01,-1.658755463536628061e-01,5.442423848035541356e-01
9.550000000000000711e-01,-1.668760264989822828e-01,-1.668760264989811171e-01,5.435143835258995360e-01
9.560000000000000719e-01,-1.678826285498924153e-01,-1.678826285498912774e-01,5.427761174044746229e-01
9.570000000000000728e-01,-1.688952552261565321e-01,-1.688952552261553941e-01,5.420275221304973190e-01
9.580000000000000737e-01,-1.699138084252563852e-01,-1.699138084252552194e-01,5.412685341208185452e-01
9.590000000000000746e-01,-1.709381892295077088e-01,-1.709381892295064875e-01,5.404990905491945385e-01
9.599999999999999645e-01,-1.719682979134107836e-01,-1.719682979134096179e-01,5.397191293774590282e-01
9.609999999999999654e-01,-1.730040339512657344e-01,-1.730040339512645686e-01,5.389285893865505273e-01
9.619999999999999662e-01,-1.740452960250080394e-01,-1.740452960250068459e-01,5.381274102074162791e-01
9.629999999999999671e-01,-1.750919820323101894e-01,-1.750919820323089959e-01,5.373155323517437854e-01
9.639999999999999680e-01,-1.761439890949124676e-01,-1.761439890949113019e-01,5.364928972425494491e-01
9.649999999999999689e-01,-1.772012135672096089e-01,-1.772012135672084709e-01,5.356594472445979083e-01
9.659999999999999698e-01,-1.782635510450952254e-01,-1.782635510450940597e-01,5.348151256946579446e-01
9.669999999999999707e-01,-1.793308963750614715e-01,-1.793308963750602780e-01,5.339598769315980764e-01
9.679999999999999716e-01,-1.804031436635700758e-01,-1.804031436635689101e-01,5.330936463263138414e-01
9.689999999999999725e-01,-1.814801862866908255e-01,-1.814801862866896043e-01,5.322163803114919878e-01
9.699999999999999734e-01,-1.825619169000224917e-01,-1.825619169000213260e-01,5.313280264112069107e-01
9.709999999999999742e-01,-1.836482274488940858e-01,-1.836482274488928645e-01,5.304285332703485567e-01
9.719999999999999751e-01,-1.847390091788489452e-01,-1.847390091788477240e-01,5.295178506838810195e-01
9.729999999999999760e-01,-1.858341526464316606e-01,-1.858341526464304116e-01,5.285959296259199469e-01
9.739999999999999769e-01,-1.869335477302567217e-01,-1.869335477302555282e-01,5.276627222786380855e-01
9.749999999999999778e-01,-1.880370836423891079e-01,-1.880370836423879144e-01,5.267181820609733167e-01
9.759999999999999787e-01,-1.891446489400157860e-01,-1.891446489400145092e-01,5.257622636571570585e-01
9.769999999999999796e-01,-1.902561315374324824e-01,-1.902561315374312612e-01,5.247949230450306146e-01
9.779999999999999805e-01,-1.913714187183288284e-01,-1.913714187183275794e-01,5.238161175241674572e-01
9.789999999999999813e-01,-1.924903971483871157e-01,-1.924903971483859499e-01,5.228258057437746853e-01
9.799999999999999822e-01,-1.936129528881952444e-01,-1.936129528881940787e-01,5.218239477303741047e-01
9.809999999999999831e-01,-1.947389714064687305e-01,-1.947389714064675648e-01,5.208105049152573773e-01
9.819999999999999840e-01,-1.958683375935938442e-01,-1.958683375935926785e-01,5.197854401617002518e-01
9.829999999999999849e-01,-1.970009357754808899e-01,-1.970009357754796686e-01,5.187487177919375414e-01
9.839999999999999858e-01,-1.981366497277396999e-01,-1.981366497277384231e-01,5.177003036138844161e-01
9.849999999999999867e-01,-1.992753626901802855e-01,-1.992753626901790920e-01,5.166401649475889091e-01
9.859999999999999876e-01,-2.004169573816227401e-01,-2.004169573816215466e-01,5.155682706514302938e-01
9.869999999999999885e-01,-2.015613160150389049e-01,-2.015613160150376282e-01,5.144845911480278033e-01
9.879999999999999893e-01,-2.027083203130111699e-01,-2.027083203130099209e-01,5.133890984498701293e-01
9.889999999999999902e-01,-2.038578515235147659e-01,-2.038578515235135724e-01,5.122817661846505999e-01
9.899999999999999911e-01,-2.050097904360230205e-01,-2.050097904360217438e-01,5.111625696202964919e-01
9.909999999999999920e-01,-2.061640173979329971e-01,-2.061640173979317758e-01,5.100314856896913662e-01
9.919999999999999929e-01,-2.073204123313138192e-01,-2.073204123313125424e-01,5.088884930150732178e-01
9.929999999999999938e-01,-2.084788547499729083e-01,-2.084788547499716316e-01,5.077335719321047769e-01
9.939999999999999947e-01,-2.096392237768454625e-01,-2.096392237768441857e-01,5.065667045136000857e-01
9.949999999999999956e-01,-2.108013981616933541e-01,-2.108013981616920773e-01,5.053878745929102356e-01
9.959999999999999964e-01,-2.119652562991266587e-01,-2.119652562991254374e-01,5.041970677869387352e-01
9.969999999999999973e-01,-2.131306762469302174e-01,-2.131306762469290239e-01,5.029942715187986080e-01
9.979999999999999982e-01,-2.142975357447021167e-01,-2.142975357447009510e-01,5.017794750400844661e-01
9.989999999999999991e-01,-2.154657122328010321e-01,-2.154657122327997554e-01,5.005526694527533405e-01
1.000000000000000000e+00,-2.166350828715876975e-01,-2.166350828715864762e-01,4.993138477306120482e-01
1.001000000000000112e+00,-2.178055245609709090e-01,-2.178055245609696877e-01,4.980630047403899474e-01
1.002000000000000002e+00,-2.189769139602444903e-01,-2.189769139602432690e-01,4.968001372623900291e-01
1.003000000000000114e+00,-2.201491275082133048e-01,-2.201491275082120558e-01,4.955252440107124068e-01
1.004000000000000004e+00,-2.213220414435997374e-01,-2.213220414435985439e-01,4.942383256530354374e-01
1.005000000000000115e+00,-2.224955318257370029e-01,-2.224955318257357817e-01,4.929393848299389869e-01
1.006000000000000005e+00,-2.236694745555225794e-01,-2.236694745555213859e-01,4.916284261737756678e-01
1.007000000000000117e+00,-2.248437453966503075e-01,-2.248437453966490862e-01,4.903054563270591304e-01
1.008000000000000007e+00,-2.260182199970934003e-01,-2.260182199970922345e-01,4.889704839603770115e-01
1.009000000000000119e+00,-2.271927739108483280e-01,-2.271927739108471622e-01,4.876235197898047269e-01
1.010000000000000009e+00,-2.283672826199213690e-01,-2.283672826199201755e-01,4.862645765938217179e-01
1.011000000000000121e+00,-2.295416215565595497e-01,-2.295416215565583840e-01,4.848936692297073359e-01
1.012000000000000011e+00,-2.307156661257094288e-01,-2.307156661257083186e-01,4.835108146494255799e-01
1.013000000000000123e+00,-2.318892917277098897e-01,-2.318892917277087240e-01,4.821160319149637719e-01
1.014000000000000012e+00,-2.330623737811938212e-01,-2.330623737811926832e-01,4.807093422131451521e-01
1.015000000000000124e+00,-2.342347877462108152e-01,-2.342347877462097883e-01,4.792907688698767599e-01
1.016000000000000014e+00,-2.354064091475467357e-01,-2.354064091475456810e-01,4.778603373638488083e-01
1.017000000000000126e+00,-2.365771135982416007e-01,-2.365771135982406292e-01,4.764180753396613510e-01
1.018000000000000016e+00,-2.377467768232941481e-01,-2.377467768232930934e-01,4.749640126203784618e-01
1.019000000000000128e+00,-2.389152746835495333e-01,-2.389152746835485619e-01,4.734981812194924422e-01
1.020000000000000018e+00,-2.400824831997531994e-01,-2.400824831997522835e-01,4.720206153523058834e-01
1.021000000000000130e+00,-2.412482785767761095e-01,-2.412482785767751936e-01,4.705313514467037717e-01
1.022000000000000020e+00,-2.424125372279882784e-01,-2.424125372279874180e-01,4.690304281533284048e-01
1.023000000000000131e+00,-2.435751357997870126e-01,-2.435751357997862354e-01,4.675178863551348041e-01
1.024000000000000021e+00,-2.447359511962579892e-01,-2.447359511962571565e-01,4.659937691763310630e-01
1.024999999999999911e+00,-2.458948606039756402e-01,-2.458948606039748630e-01,4.644581219906855352e-01
1.026000000000000023e+00,-2.470517415169198872e-01,-2.470517415169191655e-01,4.629109924292093003e-01
1.026999999999999913e+00,-2.482064717615123373e-01,-2.482064717615116156e-01,4.613524303871949228e-01
1.028000000000000025e+00,-2.493589295217584767e-01,-2.493589295217577828e-01,4.597824880306138340e-01
1.028999999999999915e+00,-2.505089933644889522e-01,-2.505089933644882860e-01,4.582012198018645677e-01
1.030000000000000027e+00,-2.516565422646931394e-01,-2.516565422646925287e-01,4.566086824248647424e-01
1.030999999999999917e+00,-2.528014556309343130e-01,-2.528014556309337024e-01,4.550049349094878459e-01
1.032000000000000028e+00,-2.539436133308409227e-01,-2.539436133308403676e-01,4.533900385553343293e-01
1.032999999999999918e+00,-2.550828957166644817e-01,-2.550828957166639266e-01,4.517640569548366791e-01
1.034000000000000030e+00,-2.562191836508984077e-01,-2.562191836508979081e-01,4.501270559956904727e-01
1.034999999999999920e+00,-2.573523585319444917e-01,-2.573523585319440476e-01,4.484791038626165238e-01
1.036000000000000032e+00,-2.584823023198265513e-01,-2.584823023198260517e-01,4.468202710384382437e-01
1.036999999999999922e+00,-2.596088975619370576e-01,-2.596088975619365580e-01,4.451506303044814872e-01
1.038000000000000034e+00,-2.607320274188125175e-01,-2.607320274188120734e-01,4.434702567402886153e-01
1.038999999999999924e+00,-2.618515756899263414e-01,-2.618515756899257863e-01,4.417792277226473274e-01
1.040000000000000036e+00,-2.629674268394970871e-01,-2.629674268394965320e-01,4.400776229239258264e-01
1.040999999999999925e+00,-2.640794660222959278e-01,-2.640794660222954282e-01,4.383655243097217546e-01
1.042000000000000037e+00,-2.651875791094521762e-01,-2.651875791094516210e-01,4.366430161358131334e-01
1.042999999999999927e+00,-2.662916527142452638e-01,-2.662916527142447087e-01,4.349101849444179657e-01
1.044000000000000039e+00,-2.673915742178777921e-01,-2.673915742178772370e-01,4.331671195597510682e-01
1.044999999999999929e+00,-2.684872317952169407e-01,-2.684872317952164411e-01,4.314139110828891788e-01
1.046000000000000041e+00,-2.695785144405009603e-01,-2.695785144405004052e-01,4.296506528859320717e-01
1.046999999999999931e+00,-2.706653119929993689e-01,-2.706653119929988138e-01,4.278774406054666746e-01
1.048000000000000043e+00,-2.717475151626199681e-01,-2.717475151626194130e-01,4.260943721353265268e-01
1.048999999999999932e+00,-2.728250155554534651e-01,-2.728250155554529099e-01,4.243015476186533519e-01
1.050000000000000044e+00,-2.738977056992465409e-01,-2.738977056992459858e-01,4.224990694392558033e-01
1.050999999999999934e+00,-2.749654790687952044e-01,-2.749654790687947048e-01,4.206870422122677700e-01
1.052000000000000046e+00,-2.760282301112513270e-01,-2.760282301112507719e-01,4.188655727741043555e-01
1.052999999999999936e+00,-2.770858542713300343e-01,-2.770858542713294792e-01,4.170347701717158073e-01
1.054000000000000048e+00,-2.781382480164121818e-01,-2.781382480164116822e-01,4.151947456511460022e-01
1.054999999999999938e+00,-2.791853088615289247e-01,-2.791853088615284251e-01,4.133456126453887713e-01
1.056000000000000050e+00,-2.802269353942247188e-01,-2.802269353942242747e-01,4.114874867615466725e-01
1.056999999999999940e+00,-2.812630272992827640e-01,-2.812630272992823199e-01,4.096204857672943178e-01
1.058000000000000052e+00,-2.822934853833081181e-01,-2.822934853833076185e-01,4.077447295766487567e-01
1.058999999999999941e+00,-2.833182115991569328e-01,-2.833182115991564332e-01,4.058603402350461353e-01
1.060000000000000053e+00,-2.843371090702022097e-01,-2.843371090702017101e-01,4.039674419037272424e-01
1.060999999999999943e+00,-2.853500821144252519e-01,-2.853500821144247523e-01,4.020661608434399903e-01
1.062000000000000055e+00,-2.863570362683252601e-01,-2.863570362683247605e-01,4.001566253974529475e-01
1.062999999999999945e+00,-2.873578783106327528e-01,-2.873578783106322532e-01,3.982389659738929666e-01
1.064000000000000057e+00,-2.883525162858219248e-01,-2.883525162858213697e-01,3.963133150273977501e-01
1.064999999999999947e+00,-2.893408595274052919e-01,-2.893408595274047368e-01,3.943798070401050015e-01
1.066000000000000059e+00,-2.903228186810067335e-01,-2.903228186810060674e-01,3.924385785019608996e-01
1.066999999999999948e+00,-2.912983057271950060e-01,-2.912983057271944509e-01,3.904897678903748170e-01
1.068000000000000060e+00,-2.922672340040757266e-01,-2.922672340040752270e-01,3.885335156492029651e-01
1.068999999999999950e+00,-2.932295182296205671e-01,-2.932295182296202340e-01,3.865699641670887754e-01
1.070000000000000062e+00,-2.941850745237359344e-01,-2.941850745237355458e-01,3.845992577551401448e-01
1.070999999999999952e+00,-2.951338204300454904e-01,-2.951338204300451018e-01,3.826215426239770179e-01
1.072000000000000064e+00,-2.960756749373890662e-01,-2.960756749373887886e-01,3.806369668601291001e-01
1.072999999999999954e+00,-2.970105585010174853e-01,-2.970105585010170968e-01,3.786456804018145661e-01
1.074000000000000066e+00,-2.979383930634798006e-01,-2.979383930634794675e-01,3.766478350140811671e-01
1.074999999999999956e+00,-2.988591020751835137e-01,-2.988591020751830696e-01,3.746435842633448754e-01
1.076000000000000068e+00,-2.997726105146268361e-01,-2.997726105146263365e-01,3.726330834913075263e-01
1.076999999999999957e+00,-3.006788449082840597e-01,-3.006788449082836157e-01,3.706164897882804343e-01
1.078000000000000069e+00,-3.015777333501394875e-01,-3.015777333501389879e-01,3.685939619659077682e-01
1.078999999999999959e+00,-3.024692055208505481e-01,-3.024692055208501595e-01,3.665656605293164949e-01
1.080000000000000071e+00,-3.033531927065428180e-01,-3.033531927065423739e-01,3.645317476486782393e-01
1.080999999999999961e+00,-3.042296278172127444e-01,-3.042296278172122448e-01,3.624923871302127010e-01
1.082000000000000073e+00,-3.050984454047357408e-01,-3.050984454047354077e-01,3.604477443866317965e-01
1.082999999999999963e+00,-3.059595816804680513e-01,-3.059595816804677182e-01,3.583979864070398480e-01
1.084000000000000075e+00,-3.068129745324309487e-01,-3.068129745324306157e-01,3.563432817262887076e-01
1.084999999999999964e+00,-3.076585635420671094e-01,-3.076585635420667764e-01,3.542838003938196811e-01
1.086000000000000076e+00,-3.084962900005606135e-01,-3.084962900005601694e-01,3.522197139419797063e-01
1.086999999999999966e+00,-3.093260969247104697e-01,-3.093260969247101366e-01,3.501511953538385957e-01
1.088000000000000078e+00,-3.101479290723482829e-01,-3.101479290723479498e-01,3.480784190305115655e-01
1.088999999999999968e+00,-3.109617329572876843e-01,-3.109617329572873512e-01,3.460015607580054220e-01
1.090000000000000080e+00,-3.117674568638041932e-01,-3.117674568638036936e-01,3.439207976735880190e-01
1.090999999999999970e+00,-3.125650508606250266e-01,-3.125650508606244715e-01,3.418363082317117385e-01
1.092000000000000082e+00,-3.133544668144327972e-01,-3.133544668144322420e-01,3.397482721694836116e-01
1.092999999999999972e+00,-3.141356584028634491e-01,-3.141356584028630050e-01,3.376568704717113345e-01
1.094000000000000083e+00,-3.149085811269984325e-01,-3.149085811269979329e-01,3.355622853355267887e-01
1.094999999999999973e+00,-3.156731923233367931e-01,-3.156731923233362935e-01,3.334647001346101036e-01
1.096000000000000085e+00,-3.164294511752446248e-01,-3.164294511752441807e-01,3.313642993830159811e-01
1.096999999999999975e+00,-3.171773187238697833e-01,-3.171773187238692282e-01,3.292612686986322035e-01
1.098000000000000087e+00,-3.179167578785179193e-01,-3.179167578785173642e-01,3.271557947662646626e-01
1.098999999999999977e+00,-3.186477334264802286e-01,-3.186477334264796180e-01,3.250480653003822162e-01
1.100000000000000089e+00,-3.193702120423084767e-01,-3.193702120423078661e-01,3.229382690075220941e-01
1.100999999999999979e+00,-3.200841622965270861e-01,-3.200841622965265310e-01,3.208265955483774468e-01
1.102000000000000091e+00,-3.207895546637809514e-01,-3.207895546637804518e-01,3.187132354995780292e-01
1.102999999999999980e+00,-3.214863615304064393e-01,-3.214863615304058841e-01,3.165983803151850573e-01
1.104000000000000092e+00,-3.221745572014264591e-01,-3.221745572014259595e-01,3.144822222879058993e-01
1.104999999999999982e+00,-3.228541179069585043e-01,-3.228541179069579492e-01,3.123649545100534164e-01
1.106000000000000094e+00,-3.235250218080337192e-01,-3.235250218080332196e-01,3.102467708342565023e-01
1.106999999999999984e+00,-3.241872490018189445e-01,-3.241872490018183894e-01,3.081278658339504095e-01
1.108000000000000096e+00,-3.248407815262400189e-01,-3.248407815262395193e-01,3.060084347636437552e-01
1.108999999999999986e+00,-3.254856033639991764e-01,-3.254856033639985657e-01,3.038886735189982313e-01
1.110000000000000098e+00,-3.261217004459828206e-01,-3.261217004459822100e-01,3.017687785967216318e-01
1.110999999999999988e+00,-3.267490606540562337e-01,-3.267490606540557341e-01,2.996489470542986200e-01
1.112000000000000099e+00,-3.273676738232407235e-01,-3.273676738232402794e-01,2.975293764695735033e-01
1.112999999999999989e+00,-3.279775317432679360e-01,-3.279775317432674364e-01,2.954102649001998926e-01
1.114000000000000101e+00,-3.285786281595124425e-01,-3.285786281595119984e-01,2.932918108429753423e-01
1.114999999999999991e+00,-3.291709587732927211e-01,-3.291709587732921105e-01,2.911742131930799560e-01
1.116000000000000103e+00,-3.297545212415444738e-01,-3.297545212415438076e-01,2.890576712032276729e-01
1.116999999999999993e+00,-3.303293151758583956e-01,-3.303293151758578405e-01,2.869423844427578807e-01
1.118000000000000105e+00,-3.308953421408828977e-01,-3.308953421408822315e-01,2.848285527566737918e-01
1.118999999999999995e+00,-3.314526056520874508e-01,-3.314526056520868402e-01,2.827163762246549528e-01
1.120000000000000107e+00,-3.320011111728871089e-01,-3.320011111728864428e-01,2.806060551200483255e-01
1.120999999999999996e+00,-3.325408661111237674e-01,-3.325408661111231567e-01,2.784977898688684728e-01
1.122000000000000108e+00,-3.330718798149046589e-01,-3.330718798149040483e-01,2.763917810088130089e-01
1.122999999999999998e+00,-3.335941635677955319e-01,-3.335941635677948103e-01,2.742882291483195178e-01
1.124000000000000110e+00,-3.341077305833691224e-01,-3.341077305833684008e-01,2.721873349256698216e-01
1.125000000000000000e+00,-3.346125959991056442e-01,-3.346125959991049781e-01,2.700892989681739076e-01
1.126000000000000112e+00,-3.351087768696489055e-01,-3.351087768696481284e-01,2.679943218514333481e-01
1.127000000000000002e+00,-3.355962921594111137e-01,-3.355962921594104476e-01,2.659026040587208484e-01
1.128000000000000114e+00,-3.360751627345361925e-01,-3.360751627345353598e-01,2.638143459404709290e-01
1.129000000000000004e+00,-3.365454113542109549e-01,-3.365454113542101222e-01,2.617297476739220974e-01
1.130000000000000115e+00,-3.370070626613339559e-01,-3.370070626613330123e-01,2.596490092229060132e-01
1.131000000000000005e+00,-3.374601431725360312e-01,-3.374601431725350320e-01,2.575723302978232265e-01
1.132000000000000117e+00,-3.379046812675594591e-01,-3.379046812675584599e-01,2.554999103157971074e-01
1.133000000000000007e+00,-3.383407071779916953e-01,-3.383407071779908071e-01,2.534319483610470991e-01
1.134000000000000119e+00,-3.387682529753596183e-01,-3.387682529753587302e-01,2.513686431454800196e-01
1.135000000000000009e+00,-3.391873525585831217e-01,-3.391873525585821225e-01,2.493101929695308305e-01
1.136000000000000121e+00,-3.395980416407923808e-01,-3.395980416407914371e-01,2.472567956832563696e-01
1.137000000000000011e+00,-3.400003577355110163e-01,-3.400003577355099060e-01,2.452086486477082217e-01
1.138000000000000123e+00,-3.403943401422053761e-01,-3.403943401422042658e-01,2.431659486965968564e-01
1.139000000000000012e+00,-3.407800299312075398e-01,-3.407800299312064851e-01,2.411288920982666006e-01
1.140000000000000124e+00,-3.411574699280112699e-01,-3.411574699280103262e-01,2.390976745179907714e-01
1.141000000000000014e+00,-3.415267046969462372e-01,-3.415267046969452935e-01,2.370724909806153635e-01
1.142000000000000126e+00,-3.418877805242350187e-01,-3.418877805242340751e-01,2.350535358335513747e-01
1.143000000000000016e+00,-3.422407454004352534e-01,-3.422407454004342542e-01,2.330410027101464665e-01
1.144000000000000128e+00,-3.425856490022740619e-01,-3.425856490022731182e-01,2.310350844934400127e-01
1.145000000000000018e+00,-3.429225426738768401e-01,-3.429225426738758409e-01,2.290359732803271819e-01
1.146000000000000130e+00,-3.432514794073970310e-01,-3.432514794073960318e-01,2.270438603461325811e-01
1.147000000000000020e+00,-3.435725138230520948e-01,-3.435725138230510955e-01,2.250589361096282381e-01
1.148000000000000131e+00,-3.438857021485710597e-01,-3.438857021485700605e-01,2.230813900984885689e-01
1.149000000000000021e+00,-3.441911021980594843e-01,-3.441911021980585961e-01,2.211114109152144680e-01
1.150000000000000133e+00,-3.444887733502887128e-01,-3.444887733502876581e-01,2.191491862035297444e-01
1.151000000000000023e+00,-3.447787765264146431e-01,-3.447787765264136994e-01,2.171949026152707740e-01
1.152000000000000135e+00,-3.450611741671347765e-01,-3.450611741671337773e-01,2.152487457777722546e-01
1.153000000000000025e+00,-3.453360302092886580e-01,-3.453360302092876033e-01,2.133109002617755157e-01
1.153999999999999915e+00,-3.456034100619098659e-01,-3.456034100619090332e-01,2.113815495498615193e-01
1.155000000000000027e+00,-3.458633805817385443e-01,-3.458633805817376006e-01,2.094608760054244012e-01
1.155999999999999917e+00,-3.461160100481985857e-01,-3.461160100481977531e-01,2.075490608422006500e-01
1.157000000000000028e+00,-3.463613681378522879e-01,-3.463613681378515663e-01,2.056462840943585890e-01
1.157999999999999918e+00,-3.465995258983376459e-01,-3.465995258983368688e-01,2.037527245871677828e-01
1.159000000000000030e+00,-3.468305557217985502e-01,-3.468305557217978286e-01,2.018685599082455373e-01
1.159999999999999920e+00,-3.470545313178152180e-01,-3.470545313178144964e-01,1.999939663794134959e-01
1.161000000000000032e+00,-3.472715276858464595e-01,-3.472715276858459044e-01,1.981291190291466775e-01
1.161999999999999922e+00,-3.474816210871909394e-01,-3.474816210871902733e-01,1.962741915656480707e-01
1.163000000000000034e+00,-3.476848890164780936e-01,-3.476848890164774830e-01,1.944293563505429812e-01
1.163999999999999924e+00,-3.478814101726983576e-01,-3.478814101726977470e-01,1.925947843732098708e-01
1.165000000000000036e+00,-3.480712644297835334e-01,-3.480712644297828118e-01,1.907706452257495189e-01
1.165999999999999925e+00,-3.482545328067455648e-01,-3.482545328067447876e-01,1.889571070786092155e-01
1.167000000000000037e+00,-3.484312974373878768e-01,-3.484312974373870997e-01,1.871543366568552691e-01
1.167999999999999927e+00,-3.486016415395952750e-01,-3.486016415395944978e-01,1.853624992171183927e-01
1.169000000000000039e+00,-3.487656493842178906e-01,-3.487656493842172800e-01,1.835817585252002004e-01
1.169999999999999929e+00,-3.489234062635573341e-01,-3.489234062635566680e-01,1.818122768343645723e-01
1.171000000000000041e+00,-3.490749984594671007e-01,-3.490749984594664901e-01,1.800542148642995943e-01
1.171999999999999931e+00,-3.492205132110798860e-01,-3.492205132110791643e-01,1.783077317807749418e-01
1.173000000000000043e+00,-3.493600386821713588e-01,-3.493600386821708037e-01,1.765729851759817448e-01
1.173999999999999932e+00,-3.494936639281742696e-01,-3.494936639281737145e-01,1.748501310495741423e-01
1.175000000000000044e+00,-3.496214788628541070e-01,-3.496214788628535519e-01,1.731393237903989246e-01
1.175999999999999934e+00,-3.497435742246569612e-01,-3.497435742246562951e-01,1.714407161589361905e-01
1.177000000000000046e+00,-3.498600415427448596e-01,-3.498600415427445265e-01,1.697544592704328392e-01
1.177999999999999936e+00,-3.499709731027292881e-01,-3.499709731027289550e-01,1.680807025787476594e-01
1.179000000000000048e+00,-3.500764619121137233e-01,-3.500764619121133348e-01,1.664195938608978576e-01
1.179999999999999938e+00,-3.501766016654619951e-01,-3.501766016654614955e-01,1.647712792023144079e-01
1.181000000000000050e+00,-3.502714867093016382e-01,-3.502714867093011941e-01,1.631359029828036433e-01
1.181999999999999940e+00,-3.503612120067770563e-01,-3.503612120067766678e-01,1.615136078632156136e-01
1.183000000000000052e+00,-3.504458731020648754e-01,-3.504458731020644313e-01,1.599045347728173250e-01
1.183999999999999941e+00,-3.505255660845639776e-01,-3.505255660845636445e-01,1.583088228973733025e-01
1.185000000000000053e+00,-3.506003875528757030e-01,-3.506003875528753699e-01,1.567266096679257315e-01
1.185999999999999943e+00,-3.506704345785841559e-01,-3.506704345785838228e-01,1.551580307502770928e-01
1.187000000000000055e+00,-3.507358046698537124e-01,-3.507358046698533238e-01,1.536032200351703791e-01
1.187999999999999945e+00,-3.507965957348530006e-01,-3.507965957348527786e-01,1.520623096291635334e-01
1.189000000000000057e+00,-3.508529060450239490e-01,-3.508529060450237269e-01,1.505354298461923923e-01
1.189999999999999947e+00,-3.509048341982040076e-01,-3.509048341982037855e-01,1.490227091998248543e-01
1.191000000000000059e+00,-3.509524790816200834e-01,-3.509524790816198614e-01,1.475242743961895919e-01
1.191999999999999948e+00,-3.509959398347641812e-01,-3.509959398347640702e-01,1.460402503275869401e-01
1.193000000000000060e+00,-3.510353158121671813e-01,-3.510353158121670702e-01,1.445707600667625881e-01
1.193999999999999950e+00,-3.510707065460830778e-01,-3.510707065460829668e-01,1.431159248618532054e-01
1.195000000000000062e+00,-3.511022117090969452e-01,-3.511022117090968897e-01,1.416758641319804668e-01
1.195999999999999952e+00,-3.511299310766731185e-01,-3.511299310766730075e-01,1.402506954634999969e-01
1.197000000000000064e+00,-3.511539644896541357e-01,-3.511539644896539691e-01,1.388405346068883328e-01
1.197999999999999954e+00,-3.511744118167271500e-01,-3.511744118167270390e-01,1.374454954742628798e-01
1.199000000000000066e+00,-3.511913729168695819e-01,-3.511913729168694709e-01,1.360656901375268957e-01
1.199999999999999956e+00,-3.512049476017898852e-01,-3.512049476017898852e-01,1.347012288271276503e-01
1.201000000000000068e+00,-3.512152355983754748e-01,-3.512152355983755303e-01,1.333522199314199908e-01
1.201999999999999957e+00,-3.512223365111633022e-01,-3.512223365111633022e-01,1.320187699966231532e-01
1.203000000000000069e+00,-3.512263497848457927e-01,-3.512263497848457927e-01,1.307009837273617470e-01
1.203999999999999959e+00,-3.512273746668271857e-01,-3.512273746668271857e-01,1.293989639877785036e-01
1.205000000000000071e+00,-3.512255101698433801e-01,-3.512255101698432691e-01,1.281128118032072438e-01
1.205999999999999961e+00,-3.512208550346591629e-01,-3.512208550346590519e-01,1.268426263623957106e-01
1.207000000000000073e+00,-3.512135076928574184e-01,-3.512135076928572519e-01,1.255885050202593667e-01
1.207999999999999963e+00,-3.512035662297329219e-01,-3.512035662297327554e-01,1.243505433011653366e-01
1.209000000000000075e+00,-3.511911283473061474e-01,-3.511911283473059253e-01,1.231288349027190726e-01
1.209999999999999964e+00,-3.511762913274694142e-01,-3.511762913274693032e-01,1.219234717000489687e-01
1.211000000000000076e+00,-3.511591519952794727e-01,-3.511591519952793061e-01,1.207345437505745606e-01
1.211999999999999966e+00,-3.511398066824104602e-01,-3.511398066824102382e-01,1.195621392992369525e-01
1.213000000000000078e+00,-3.511183511907814969e-01,-3.511183511907812749e-01,1.184063447841840200e-01
1.213999999999999968e+00,-3.510948807563700202e-01,-3.510948807563697427e-01,1.172672448428919295e-01
1.215000000000000080e+00,-3.510694900132281804e-01,-3.510694900132280694e-01,1.161449223187074747e-01
1.215999999999999970e+00,-3.510422729577118428e-01,-3.510422729577117318e-01,1.150394582677933958e-01
1.217000000000000082e+00,-3.510133229129388521e-01,-3.510133229129388521e-01,1.139509319664664261e-01
1.217999999999999972e+00,-3.509827324934868820e-01,-3.509827324934868820e-01,1.128794209189029757e-01
1.219000000000000083e+00,-3.509505935703473023e-01,-3.509505935703473023e-01,1.118250008652035971e-01
1.219999999999999973e+00,-3.509169972361452228e-01,-3.509169972361452228e-01,1.107877457897949031e-01
1.221000000000000085e+00,-3.508820337706414216e-01,-3.508820337706414771e-01,1.097677279301487174e-01
1.221999999999999975e+00,-3.508457926065265409e-01,-3.508457926065265964e-01,1.087650177858120598e-01
1.223000000000000087e+00,-3.508083622955233127e-01,-3.508083622955234238e-01,1.077796841277141454e-01
1.223999999999999977e+00,-3.507698304748073648e-01,-3.507698304748074758e-01,1.068117940077474987e-01
1.225000000000000089e+00,-3.507302838337602591e-01,-3.507302838337605921e-01,1.058614127685931772e-01
1.225999999999999979e+00,-3.506898080810682550e-01,-3.506898080810684215e-01,1.049286040537831394e-01
1.227000000000000091e+00,-3.506484879121770648e-01,-3.506484879121772869e-01,1.040134298179671013e-01
1.227999999999999980e+00,-3.506064069771184233e-01,-3.506064069771185343e-01,1.031159503373799691e-01
1.229000000000000092e+00,-3.505636478487167418e-01,-3.505636478487170193e-01,1.022362242204819111e-01
1.229999999999999982e+00,-3.505202919911931669e-01,-3.505202919911934445e-01,1.013743084187523208e-01
1.231000000000000094e+00,-3.504764197291735384e-01,-3.504764197291738159e-01,1.005302582376262077e-01
1.231999999999999984e+00,-3.504321102171171765e-01,-3.504321102171175095e-01,9.970412734754560691e-02
1.233000000000000096e+00,-3.503874414091757705e-01,-3.503874414091760481e-01,9.889596779510934077e-02
1.233999999999999986e+00,-3.503424900294952460e-01,-3.503424900294955235e-01,9.810583001430948913e-02
1.235000000000000098e+00,-3.502973315429713241e-01,-3.502973315429714907e-01,9.733376283781963734e-02
1.235999999999999988e+00,-3.502520401264720418e-01,-3.502520401264720418e-01,9.657981350833720613e-02
1.237000000000000099e+00,-3.502066886405373336e-01,-3.502066886405375001e-01,9.584402768993824373e-02
1.237999999999999989e+00,-3.501613486015677790e-01,-3.501613486015680565e-01,9.512644947944756679e-02
1.239000000000000101e+00,-3.501160901545132820e-01,-3.501160901545135040e-01,9.442712141778775159e-02
1.239999999999999991e+00,-3.500709820460733979e-01,-3.500709820460736754e-01,9.374608450129945370e-02
1.241000000000000103e+00,-3.500260915984200749e-01,-3.500260915984202970e-01,9.308337819301074068e-02
1.241999999999999993e+00,-3.499814846834538029e-01,-3.499814846834540250e-01,9.243904043383807667e-02
1.243000000000000105e+00,-3.499372256976030493e-01,-3.499372256976032713e-01,9.181310765369678217e-02
1.243999999999999995e+00,-3.498933775371797505e-01,-3.498933775371800836e-01,9.120561478251434928e-02
1.245000000000000107e+00,-3.498500015742994629e-01,-3.498500015742996849e-01,9.061659526111209839e-02
1.245999999999999996e+00,-3.498071576333765531e-01,-3.498071576333768862e-01,9.004608105195363588e-02
1.247000000000000108e+00,-3.497649039682063643e-01,-3.497649039682066974e-01,8.949410264973356455e-02
1.247999999999999998e+00,-3.497232972396426831e-01,-3.497232972396431272e-01,8.896068909179533080e-02
1.249000000000000110e+00,-3.496823924938806671e-01,-3.496823924938811112e-01,8.844586796835292308e-02
1.250000000000000000e+00,-3.496422431413578336e-01,-3.496422431413582776e-01,8.794966543251488134e-02
1.251000000000000112e+00,-3.496029009362772721e-01,-3.496029009362776607e-01,8.747210621007599218e-02
1.252000000000000002e+00,-3.495644159567682374e-01,-3.495644159567687370e-01,8.701321360908342850e-02
1.253000000000000114e+00,-3.495268365856908366e-01,-3.495268365856912807e-01,8.657300952913779546e-02
1.254000000000000004e+00,-3.494902094920926405e-01,-3.494902094920930846e-01,8.615151447043739585e-02
1.255000000000000115e+00,-3.494545796133305959e-01,-3.494545796133309845e-01,8.574874754253337950e-02
1.256000000000000005e+00,-3.494199901378617357e-01,-3.494199901378621242e-01,8.536472647279415293e-02
1.257000000000000117e+00,-3.493864824887163989e-01,-3.493864824887168985e-01,8.499946761456145250e-02
1.258000000000000007e+00,-3.493540963076596784e-01,-3.493540963076600114e-01,8.465298595498554901e-02
1.259000000000000119e+00,-3.493228694400485890e-01,-3.493228694400490886e-01,8.432529512252315285e-02
1.260000000000000009e+00,-3.492928379203977807e-01,-3.492928379203980582e-01,8.401640739409757530e-02
1.261000000000000121e+00,-3.492640359586555165e-01,-3.492640359586559606e-01,8.372633370189511148e-02
1.262000000000000011e+00,-3.492364959272039049e-01,-3.492364959272042935e-01,8.345508363980391753e-02
1.263000000000000123e+00,-3.492102483485861053e-01,-3.492102483485864939e-01,8.320266546946705755e-02
1.264000000000000012e+00,-3.491853218839706674e-01,-3.491853218839712225e-01,8.296908612595621513e-02
1.265000000000000124e+00,-3.491617433223605516e-01,-3.491617433223609401e-01,8.275435122305074831e-02
1.266000000000000014e+00,-3.491395375705515502e-01,-3.491395375705519388e-01,8.255846505811167968e-02
1.267000000000000126e+00,-3.491187276438499354e-01,-3.491187276438503240e-01,8.238143061654587540e-02
1.268000000000000016e+00,-3.490993346575529399e-01,-3.490993346575532175e-01,8.222324957585755434e-02
1.269000000000000128e+00,-3.490813778192012329e-01,-3.490813778192015659e-01,8.208392230927279154e-02
1.270000000000000018e+00,-3.490648744216079402e-01,-3.490648744216082733e-01,8.196344788893783484e-02
1.271000000000000130e+00,-3.490498398366707056e-01,-3.490498398366709276e-01,8.186182408868548921e-02
1.272000000000000020e+00,-3.490362875099712880e-01,-3.490362875099716211e-01,8.177904738636247728e-02
1.273000000000000131e+00,-3.490242289561716338e-01,-3.490242289561720779e-01,8.171511296572141203e-02
1.274000000000000021e+00,-3.490136737552073654e-01,-3.490136737552075319e-01,8.167001471786683453e-02
1.275000000000000133e+00,-3.490046295492851280e-01,-3.490046295492853501e-01,8.164374524225845309e-02
1.276000000000000023e+00,-3.489971020406911206e-01,-3.489971020406912317e-01,8.163629584726940502e-02
1.277000000000000135e+00,-3.489910949904104775e-01,-3.489910949904105886e-01,8.164765655029967983e-02
1.278000000000000025e+00,-3.489866102175662732e-01,-3.489866102175664953e-01,8.167781607744728500e-02
1.279000000000000137e+00,-3.489836475996779819e-01,-3.489836475996782039e-01,8.172676186273153398e-02
1.280000000000000027e+00,-3.489822050737456660e-01,-3.489822050737457770e-01,8.179448004688119611e-02
1.280999999999999917e+00,-3.489822786381620023e-01,-3.489822786381621689e-01,8.188095547567905697e-02
1.282000000000000028e+00,-3.489838623554550878e-01,-3.489838623554554209e-01,8.198617169787532355e-02
1.282999999999999918e+00,-3.489869483558653562e-01,-3.489869483558654117e-01,8.211011096267262221e-02
1.284000000000000030e+00,-3.489915268417561056e-01,-3.489915268417561056e-01,8.225275421678389376e-02
1.284999999999999920e+00,-3.489975860928643536e-01,-3.489975860928643536e-01,8.241408110107373286e-02
1.286000000000000032e+00,-3.490051124723891340e-01,-3.490051124723890785e-01,8.259406994678543390e-02
1.286999999999999922e+00,-3.490140904339196770e-01,-3.490140904339196215e-01,8.279269777136707975e-02
1.288000000000000034e+00,-3.490245025292056380e-01,-3.490245025292055825e-01,8.300994027390248831e-02
1.288999999999999924e+00,-3.490363294167684871e-01,-3.490363294167685981e-01,8.324577183015256787e-02
1.290000000000000036e+00,-3.490495498713536149e-01,-3.490495498713538369e-01,8.350016548722510867e-02
1.290999999999999925e+00,-3.490641407942245422e-01,-3.490641407942247643e-01,8.377309295787266352e-02
1.292000000000000037e+00,-3.490800772242965699e-01,-3.490800772242969030e-01,8.406452461444564872e-02
1.292999999999999927e+00,-3.490973323501100345e-01,-3.490973323501103120e-01,8.437442948249182506e-02
1.294000000000000039e+00,-3.491158775226402278e-01,-3.491158775226405053e-01,8.470277523403593745e-02
1.294999999999999929e+00,-3.491356822689438699e-01,-3.491356822689442030e-01,8.504952818054262176e-02
1.296000000000000041e+00,-3.491567143066371948e-01,-3.491567143066376389e-01,8.541465326557280691e-02
1.296999999999999931e+00,-3.491789395592048706e-01,-3.491789395592054257e-01,8.579811405715953576e-02
1.298000000000000043e+00,-3.492023221721345383e-01,-3.492023221721352044e-01,8.619987273991185084e-02
1.298999999999999932e+00,-3.492268245298746354e-01,-3.492268245298751350e-01,8.661989010686496626e-02
1.300000000000000044e+00,-3.492524072736096774e-01,-3.492524072736102325e-01,8.705812555109075646e-02
1.300999999999999934e+00,-3.492790293198495544e-01,-3.492790293198502205e-01,8.751453705709164033e-02
1.302000000000000046e+00,-3.493066478798270702e-01,-3.493066478798277363e-01,8.798908119199431999e-02
1.302999999999999936e+00,-3.493352184796956195e-01,-3.493352184796961746e-01,8.848171309655404604e-02
1.304000000000000048e+00,-3.493646949815255587e-01,-3.493646949815261138e-01,8.899238647600316021e-02
1.304999999999999938e+00,-3.493950296050873372e-01,-3.493950296050879478e-01,8.952105359075050728e-02
1.306000000000000050e+00,-3.494261729504176128e-01,-3.494261729504181124e-01,9.006766524696113718e-02
1.306999999999999940e+00,-3.494580740211571945e-01,-3.494580740211578607e-01,9.063217078703018903e-02
1.308000000000000052e+00,-3.494906802486568154e-01,-3.494906802486575925e-01,9.121451807997746353e-02
1.308999999999999941e+00,-3.495239375168371909e-01,-3.495239375168378571e-01,9.181465351177960088e-02
1.310000000000000053e+00,-3.495577901877965354e-01,-3.495577901877972016e-01,9.243252197566559358e-02
1.310999999999999943e+00,-3.495921811281552105e-01,-3.495921811281557101e-01,9.306806686239743609e-02
1.312000000000000055e+00,-3.496270517361260710e-01,-3.496270517361265706e-01,9.372123005055466027e-02
1.312999999999999945e+00,-3.496623419693009049e-01,-3.496623419693013490e-01,9.439195189684834730e-02
1.314000000000000057e+00,-3.496979903731390893e-01,-3.496979903731396444e-01,9.508017122649409236e-02
1.314999999999999947e+00,-3.497339341101492471e-01,-3.497339341101498578e-01,9.578582532365076396e-02
1.316000000000000059e+00,-3.497701089897480298e-01,-3.497701089897485849e-01,9.650884992196784307e-02
1.316999999999999948e+00,-3.498064494987846995e-01,-3.498064494987853656e-01,9.724917919525039034e-02
1.318000000000000060e+00,-3.498428888327186348e-01,-3.498428888327191899e-01,9.800674574827211716e-02
1.318999999999999950e+00,-3.498793589274322713e-01,-3.498793589274328264e-01,9.878148060776137385e-02
1.320000000000000062e+00,-3.499157904916672668e-01,-3.499157904916678774e-01,9.957331321358006693e-02
1.320999999999999952e+00,-3.499521130400680136e-01,-3.499521130400686797e-01,1.003821714101175017e-01
1.322000000000000064e+00,-3.499882549268159559e-01,-3.499882549268166221e-01,1.012079814379346077e-01
1.322999999999999954e+00,-3.500241433798385593e-01,-3.500241433798391144e-01,1.020506679256679150e-01
1.324000000000000066e+00,-3.500597045355755554e-01,-3.500597045355761106e-01,1.029101538822239370e-01
1.324999999999999956e+00,-3.500948634742874765e-01,-3.500948634742879761e-01,1.037863606892879265e-01
1.326000000000000068e+00,-3.501295442558837179e-01,-3.501295442558842175e-01,1.046792080941694320e-01
1.326999999999999957e+00,-3.501636699562570287e-01,-3.501636699562576949e-01,1.055886142030056235e-01
1.328000000000000069e+00,-3.501971627041020607e-01,-3.501971627041027268e-01,1.065144954743496436e-01
1.328999999999999959e+00,-3.502299437181997654e-01,-3.502299437182004316e-01,1.074567667131603732e-01
1.330000000000000071e+00,-3.502619333451477690e-01,-3.502619333451485462e-01,1.084153410652230753e-01
1.330999999999999961e+00,-3.502930510975168499e-01,-3.502930510975176270e-01,1.093901300120142389e-01
1.332000000000000073e+00,-3.503232156924122598e-01,-3.503232156924129814e-01,1.103810433660411261e-01
1.332999999999999963e+00,-3.503523450904190151e-01,-3.503523450904197922e-01,1.113879892666695126e-01
1.334000000000000075e+00,-3.503803565349102311e-01,-3.503803565349110638e-01,1.124108741764641567e-01
1.334999999999999964e+00,-3.504071665916956291e-01,-3.504071665916965728e-01,1.134496028780601351e-01
1.336000000000000076e+00,-3.504326911889895646e-01,-3.504326911889905638e-01,1.145040784715861959e-01
1.336999999999999966e+00,-3.504568456576741542e-01,-3.504568456576752089e-01,1.155742023726561568e-01
1.338000000000000078e+00,-3.504795447718366819e-01,-3.504795447718376256e-01,1.166598743109508590e-01
1.338999999999999968e+00,-3.505007027895560290e-01,-3.505007027895569727e-01,1.177609923294000993e-01
1.340000000000000080e+00,-3.505202334939171993e-01,-3.505202334939181430e-01,1.188774527839950718e-01
1.340999999999999970e+00,-3.505380502342281268e-01,-3.505380502342290150e-01,1.200091503442310137e-01
1.342000000000000082e+00,-3.505540659674154513e-01,-3.505540659674164505e-01,1.211559779942099069e-01
1.342999999999999972e+00,-3.505681932995763361e-01,-3.505681932995772243e-01,1.223178270344081192e-01
1.344000000000000083e+00,-3.505803445276599040e-01,-3.505803445276608477e-01,1.234945870841275273e-01
1.344999999999999973e+00,-3.505904316812563648e-01,-3.505904316812573640e-01,1.246861460846430542e-01
1.346000000000000085e+00,-3.505983665644666347e-01,-3.505983665644676339e-01,1.258923903030573221e-01
1.346999999999999975e+00,-3.506040607978294643e-01,-3.506040607978304080e-01,1.271132043368738695e-01
1.348000000000000087e+00,-3.506074258602812632e-01,-3.506074258602822624e-01,1.283484711193013106e-01
1.348999999999999977e+00,-3.506083731311227525e-01,-3.506083731311238072e-01,1.295980719252952662e-01
1.350000000000000089e+00,-3.506068139319680199e-01,-3.506068139319691856e-01,1.308618863783517772e-01
1.350999999999999979e+00,-3.506026595686518865e-01,-3.506026595686529412e-01,1.321397924580512973e-01
1.352000000000000091e+00,-3.505958213730685502e-01,-3.505958213730696604e-01,1.334316665083712938e-01
1.352999999999999980e+00,-3.505862107449201348e-01,-3.505862107449212450e-01,1.347373832467632648e-01
1.354000000000000092e+00,-3.505737391933462233e-01,-3.505737391933472780e-01,1.360568157740061901e-01
1.354999999999999982e+00,-3.505583183784128920e-01,-3.505583183784139467e-01,1.373898355848373332e-01
1.356000000000000094e+00,-3.505398601524362112e-01,-3.505398601524373214e-01,1.387363125793633634e-01
1.356999999999999984e+00,-3.505182766011132323e-01,-3.505182766011143425e-01,1.400961150752542128e-01
1.358000000000000096e+00,-3.504934800844405340e-01,-3.504934800844416998e-01,1.414691098207228603e-01
1.358999999999999986e+00,-3.504653832773921285e-01,-3.504653832773932942e-01,1.428551620082882390e-01
1.360000000000000098e+00,-3.504338992103365191e-01,-3.504338992103376293e-01,1.442541352893217388e-01
1.360999999999999988e+00,-3.503989413091663785e-01,-3.503989413091674332e-01,1.456658917893757232e-01
1.362000000000000099e+00,-3.503604234351199720e-01,-3.503604234351210822e-01,1.470902921242933370e-01
1.362999999999999989e+00,-3.503182599242702366e-01,-3.503182599242713469e-01,1.485271954170879205e-01
1.364000000000000101e+00,-3.502723656266591434e-01,-3.502723656266602537e-01,1.499764593156019954e-01
1.364999999999999991e+00,-3.502226559450555277e-01,-3.502226559450567489e-01,1.514379400109225338e-01
1.366000000000000103e+00,-3.501690468733140715e-01,-3.501690468733151818e-01,1.529114922565627532e-01
1.366999999999999993e+00,-3.501114550343142895e-01,-3.501114550343155107e-01,1.543969693883896488e-01
1.368000000000000105e+00,-3.500497977174594766e-01,-3.500497977174605868e-01,1.558942233452994541e-01
1.368999999999999995e+00,-3.499839929157131380e-01,-3.499839929157142482e-01,1.574031046906215481e-01
1.370000000000000107e+00,-3.499139593621550248e-01,-3.499139593621560795e-01,1.589234626342537204e-01
1.370999999999999996e+00,-3.498396165660357937e-01,-3.498396165660370150e-01,1.604551450555045111e-01
1.372000000000000108e+00,-3.497608848483130251e-01,-3.497608848483141908e-01,1.619979985266395139e-01
1.372999999999999998e+00,-3.496776853766471183e-01,-3.496776853766483950e-01,1.635518683371177118e-01
1.374000000000000110e+00,-3.495899401998440736e-01,-3.495899401998453504e-01,1.651165985185024943e-01
1.375000000000000000e+00,-3.494975722817224018e-01,-3.494975722817237340e-01,1.666920318700347570e-01
1.376000000000000112e+00,-3.494005055343918364e-01,-3.494005055343930022e-01,1.682780099848550093e-01
1.377000000000000002e+00,-3.492986648509256442e-01,-3.492986648509268655e-01,1.698743732768548953e-01
1.378000000000000114e+00,-3.491919761374120412e-01,-3.491919761374133180e-01,1.714809610081482472e-01
1.379000000000000004e+00,-3.490803663443692306e-01,-3.490803663443706184e-01,1.730976113171354969e-01
1.380000000000000115e+00,-3.489637634975107927e-01,-3.489637634975122360e-01,1.747241612471602812e-01
1.381000000000000005e+00,-3.488420967278467177e-01,-3.488420967278480500e-01,1.763604467757179661e-01
1.382000000000000117e+00,-3.487152963011090345e-01,-3.487152963011105333e-01,1.780063028442231410e-01
1.383000000000000007e+00,-3.485832936464892118e-01,-3.485832936464907661e-01,1.796615633882930330e-01
1.384000000000000119e+00,-3.484460213846747312e-01,-3.484460213846763965e-01,1.813260613685466760e-01
1.385000000000000009e+00,-3.483034133551767830e-01,-3.483034133551785039e-01,1.829996288018884421e-01
1.386000000000000121e+00,-3.481554046429362614e-01,-3.481554046429379268e-01,1.846820967932624735e-01
1.387000000000000011e+00,-3.480019316042007316e-01,-3.480019316042023414e-01,1.863732955678500669e-01
1.388000000000000123e+00,-3.478429318916639312e-01,-3.478429318916655966e-01,1.880730545037021251e-01
1.389000000000000012e+00,-3.476783444788580368e-01,-3.476783444788597022e-01,1.897812021647674596e-01
1.390000000000000124e+00,-3.475081096837938643e-01,-3.475081096837955297e-01,1.914975663343150836e-01
1.391000000000000014e+00,-3.473321691918411225e-01,-3.473321691918428433e-01,1.932219740487103876e-01
1.392000000000000126e+00,-3.471504660778433338e-01,-3.471504660778450546e-01,1.949542516315423135e-01
1.393000000000000016e+00,-3.469629448274637040e-01,-3.469629448274655359e-01,1.966942247280591416e-01
1.394000000000000128e+00,-3.467695513577547795e-01,-3.467695513577564448e-01,1.984417183399113382e-01
1.395000000000000018e+00,-3.465702330369517803e-01,-3.465702330369534456e-01,2.001965568601612733e-01
1.396000000000000130e+00,-3.463649387034838378e-01,-3.463649387034855032e-01,2.019585641085533956e-01
1.397000000000000020e+00,-3.461536186842033569e-01,-3.461536186842050777e-01,2.037275633670088681e-01
1.398000000000000131e+00,-3.459362248118292849e-01,-3.459362248118310612e-01,2.055033774153321446e-01
1.399000000000000021e+00,-3.457127104416064522e-01,-3.457127104416081176e-01,2.072858285671034251e-01
1.400000000000000133e+00,-3.454830304671773211e-01,-3.454830304671790975e-01,2.090747387057377282e-01
1.401000000000000023e+00,-3.452471413356710261e-01,-3.452471413356725805e-01,2.108699293206796888e-01
1.402000000000000135e+00,-3.450050010620052676e-01,-3.450050010620069330e-01,2.126712215437298881e-01
1.403000000000000025e+00,-3.447565692424086059e-01,-3.447565692424101602e-01,2.144784361854576160e-01
1.404000000000000137e+00,-3.445018070671594934e-01,-3.445018070671610477e-01,2.162913937717064194e-01
1.405000000000000027e+00,-3.442406773325508151e-01,-3.442406773325524250e-01,2.181099145801404238e-01
1.406000000000000139e+00,-3.439731444520786052e-01,-3.439731444520802706e-01,2.199338186768376724e-01
1.407000000000000028e+00,-3.436991744668612681e-01,-3.436991744668628779e-01,2.217629259528941243e-01
1.407999999999999918e+00,-3.434187350552928564e-01,-3.434187350552944107e-01,2.235970561610226837e-01
1.409000000000000030e+00,-3.431317955419376231e-01,-3.431317955419392329e-01,2.254360289521255556e-01
1.409999999999999920e+00,-3.428383269056675120e-01,-3.428383269056691773e-01,2.272796639118227213e-01
1.411000000000000032e+00,-3.425383017870526348e-01,-3.425383017870543001e-01,2.291277805969160197e-01
1.411999999999999922e+00,-3.422316944950076212e-01,-3.422316944950093420e-01,2.309801985717679917e-01
1.413000000000000034e+00,-3.419184810127045004e-01,-3.419184810127061658e-01,2.328367374445796667e-01
1.413999999999999924e+00,-3.415986390027558328e-01,-3.415986390027575537e-01,2.346972169035466127e-01
1.415000000000000036e+00,-3.412721478116786944e-01,-3.412721478116803597e-01,2.365614567528767920e-01
1.415999999999999925e+00,-3.409389884736457876e-01,-3.409389884736474530e-01,2.384292769486535124e-01
1.417000000000000037e+00,-3.405991437135328370e-01,-3.405991437135345579e-01,2.403004976345258226e-01
1.417999999999999927e+00,-3.402525979492722064e-01,-3.402525979492739827e-01,2.421749391772059501e-01
1.419000000000000039e+00,-3.398993372935191215e-01,-3.398993372935208424e-01,2.440524222017677047e-01
1.419999999999999929e+00,-3.395393495546439322e-01,-3.395393495546457086e-01,2.459327676267166196e-01
1.421000000000000041e+00,-3.391726242370553535e-01,-3.391726242370570743e-01,2.478157966988328575e-01
1.421999999999999931e+00,-3.387991525408698967e-01,-3.387991525408716731e-01,2.497013310277528819e-01
1.423000000000000043e+00,-3.384189273609330417e-01,-3.384189273609347071e-01,2.515891926202974416e-01
1.423999999999999932e+00,-3.380319432852061379e-01,-3.380319432852079697e-01,2.534792039145117304e-01
1.425000000000000044e+00,-3.376381965925274731e-01,-3.376381965925292494e-01,2.553711878134209412e-01
1.425999999999999934e+00,-3.372376852497601663e-01,-3.372376852497620536e-01,2.572649677184751793e-01
1.427000000000000046e+00,-3.368304089083352104e-01,-3.368304089083370423e-01,2.591603675626858450e-01
1.427999999999999936e+00,-3.364163689002047652e-01,-3.364163689002065416e-01,2.610572118434252298e-01
1.429000000000000048e+00,-3.359955682332131377e-01,-3.359955682332149696e-01,2.629553256548919915e-01
1.429999999999999938e+00,-3.355680115858998280e-01,-3.355680115859016599e-01,2.648545347202256872e-01
1.431000000000000050e+00,-3.351337053017431344e-01,-3.351337053017450218e-01,2.667546654232598735e-01
1.431999999999999940e+00,-3.346926573828595819e-01,-3.346926573828614138e-01,2.686555448399047252e-01
1.433000000000000052e+00,-3.342448774831672242e-01,-3.342448774831690006e-01,2.705570007691523449e-01
1.433999999999999941e+00,-3.337903769010275301e-01,-3.337903769010293065e-01,2.724588617636886090e-01
1.435000000000000053e+00,-3.333291685713745123e-01,-3.333291685713763441e-01,2.743609571601126618e-01
1.435999999999999943e+00,-3.328612670573462551e-01,-3.328612670573480870e-01,2.762631171087499560e-01
1.437000000000000055e+00,-3.323866885414273331e-01,-3.323866885414290540e-01,2.781651726030504590e-01
1.437999999999999945e+00,-3.319054508161155548e-01,-3.319054508161173866e-01,2.800669555085700813e-01
1.439000000000000057e+00,-3.314175732741249103e-01,-3.314175732741267422e-01,2.819682985915238915e-01
1.439999999999999947e+00,-3.309230768981358262e-01,-3.309230768981376025e-01,2.838690355469044024e-01
1.441000000000000059e+00,-3.304219842501034399e-01,-3.304219842501052717e-01,2.857690010261658697e-01
1.441999999999999948e+00,-3.299143194601378282e-01,-3.299143194601395490e-01,2.876680306644557872e-01
1.443000000000000060e+00,-3.294001082149645709e-01,-3.294001082149661808e-01,2.895659611074065110e-01
1.443999999999999950e+00,-3.288793777459804724e-01,-3.288793777459821377e-01,2.914626300374602019e-01
1.445000000000000062e+00,-3.283521568169120997e-01,-3.283521568169137650e-01,2.933578761997476803e-01
1.445999999999999952e+00,-3.278184757110919056e-01,-3.278184757110935155e-01,2.952515394274892180e-01
1.447000000000000064e+00,-3.272783662183594844e-01,-3.272783662183611497e-01,2.971434606669394185e-01
1.447999999999999954e+00,-3.267318616216031146e-01,-3.267318616216048355e-01,2.990334820018520356e-01
1.449000000000000066e+00,-3.261789966829478082e-01,-3.261789966829494181e-01,3.009214466774781105e-01
1.449999999999999956e+00,-3.256198076296046295e-01,-3.256198076296062949e-01,3.028071991240764982e-01
1.451000000000000068e+00,-3.250543321393900564e-01,-3.250543321393916663e-01,3.046905849799532717e-01
1.451999999999999957e+00,-3.244826093259250976e-01,-3.244826093259267075e-01,3.065714511140104626e-01
1.453000000000000069e+00,-3.239046797235271558e-01,-3.239046797235287656e-01,3.084496456478139081e-01
1.453999999999999959e+00,-3.233205852718024631e-01,-3.233205852718041284e-01,3.103250179771690487e-01
1.455000000000000071e+00,-3.227303692999496376e-01,-3.227303692999512474e-01,3.121974187932127220e-01
1.455999999999999961e+00,-3.221340765107862936e-01,-3.221340765107879589e-01,3.140667001030070238e-01
1.457000000000000073e+00,-3.215317529645052574e-01,-3.215317529645069228e-01,3.159327152496453905e-01
1.457999999999999963e+00,-3.209234460621734897e-01,-3.209234460621751550e-01,3.177953189318606375e-01
1.459000000000000075e+00,-3.203092045289799294e-01,-3.203092045289815948e-01,3.196543672231424993e-01
1.459999999999999964e+00,-3.196890783972454742e-01,-3.196890783972471395e-01,3.215097175903521842e-01
1.461000000000000076e+00,-3.190631189892000896e-01,-3.190631189892017550e-01,3.233612289118470429e-01
1.461999999999999966e+00,-3.184313788995404293e-01,-3.184313788995420946e-01,3.252087614950993633e-01
1.463000000000000078e+00,-3.177939119777725141e-01,-3.177939119777742905e-01,3.270521770938271122e-01
1.463999999999999968e+00,-3.171507733103543503e-01,-3.171507733103560156e-01,3.288913389246124197e-01
1.465000000000000080e+00,-3.165020192026382628e-01,-3.165020192026400392e-01,3.307261116830365610e-01
1.465999999999999970e+00,-3.158477071606334841e-01,-3.158477071606352604e-01,3.325563615593004618e-01
1.467000000000000082e+00,-3.151878958725836677e-01,-3.151878958725853885e-01,3.343819562533585366e-01
1.467999999999999972e+00,-3.145226451903815890e-01,-3.145226451903833653e-01,3.362027649895438230e-01
1.469000000000000083e+00,-3.138520161108172557e-01,-3.138520161108190321e-01,3.380186585306999558e-01
1.469999999999999973e+00,-3.131760707566751956e-01,-3.131760707566768609e-01,3.398295091918124289e-01
1.471000000000000085e+00,-3.124948723576854159e-01,-3.124948723576870258e-01,3.416351908531420345e-01
1.471999999999999975e+00,-3.118084852313382505e-01,-3.118084852313398603e-01,3.434355789728554820e-01
1.473000000000000087e+00,-3.111169747635672556e-01,-3.111169747635688099e-01,3.452305505991679069e-01
1.473999999999999977e+00,-3.104204073893119809e-01,-3.104204073893135907e-01,3.470199843819776753e-01
1.475000000000000089e+00,-3.097188505729638330e-01,-3.097188505729654429e-01,3.488037605840138000e-01
1.475999999999999979e+00,-3.090123727887076344e-01,-3.090123727887091887e-01,3.505817610914803151e-01
1.477000000000000091e+00,-3.083010435007588756e-01,-3.083010435007604855e-01,3.523538694242130953e-01
1.477999999999999980e+00,-3.075849331435129286e-01,-3.075849331435145384e-01,3.541199707453359102e-01
1.479000000000000092e+00,-3.068641131016041079e-01,-3.068641131016056622e-01,3.558799518704297560e-01
1.479999999999999982e+00,-3.061386556898893496e-01,-3.061386556898909594e-01,3.576337012762038636e-01
1.481000000000000094e+00,-3.054086341333585031e-01,-3.054086341333600574e-01,3.593811091086814291e-01
1.481999999999999984e+00,-3.046741225469791203e-01,-3.046741225469807302e-01,3.611220671908925706e-01
1.483000000000000096e+00,-3.039351959154839022e-01,-3.039351959154854566e-01,3.628564690300812856e-01
1.483999999999999986e+00,-3.031919300731070743e-01,-3.031919300731087397e-01,3.645842098244203022e-01
1.485000000000000098e+00,-3.024444016832732451e-01,-3.024444016832749105e-01,3.663051864692494775e-01
1.485999999999999988e+00,-3.016926882182510150e-01,-3.016926882182527914e-01,3.680192975628180374e-01
1.487000000000000099e+00,-3.009368679387717238e-01,-3.009368679387733336e-01,3.697264434115558052e-01
1.487999999999999989e+00,-3.001770198736242734e-01,-3.001770198736258832e-01,3.714265260348533770e-01
1.489000000000000101e+00,-2.994132237992280232e-01,-2.994132237992297441e-01,3.731194491693728965e-01
1.489999999999999991e+00,-2.986455602191966374e-01,-2.986455602191983028e-01,3.748051182728714403e-01
1.491000000000000103e+00,-2.978741103438892202e-01,-2.978741103438908300e-01,3.764834405275586660e-01
1.491999999999999993e+00,-2.970989560699661691e-01,-2.970989560699678345e-01,3.781543248429695137e-01
1.493000000000000105e+00,-2.963201799599448627e-01,-2.963201799599465280e-01,3.798176818583779979e-01
1.493999999999999995e+00,-2.955378652217698354e-01,-2.955378652217713897e-01,3.814734239447312159e-01
1.495000000000000107e+00,-2.947520956883976084e-01,-2.947520956883993293e-01,3.831214652061221138e-01
1.495999999999999996e+00,-2.939629557974058893e-01,-2.939629557974075547e-01,3.847617214807942942e-01
1.497000000000000108e+00,-2.931705305706278075e-01,-2.931705305706295839e-01,3.863941103416904110e-01
1.497999999999999998e+00,-2.923749055938259511e-01,-2.923749055938276165e-01,3.880185510965287188e-01
1.499000000000000110e+00,-2.915761669963984337e-01,-2.915761669964000991e-01,3.896349647874386424e-01
1.500000000000000000e+00,-2.907744014311375857e-01,-2.907744014311392511e-01,3.912432741901283872e-01
1.501000000000000112e+00,-2.899696960540342761e-01,-2.899696960540358859e-01,3.928434038126084049e-01
1.502000000000000002e+00,-2.891621385041403536e-01,-2.891621385041419634e-01,3.944352798934653848e-01
1.503000000000000114e+00,-2.883518168834923179e-01,-2.883518168834939277e-01,3.960188303996887704e-01
1.504000000000000004e+00,-2.875388197371022692e-01,-2.875388197371038790e-01,3.975939850240585161e-01
1.505000000000000115e+00,-2.867232360330196350e-01,-2.867232360330213559e-01,3.991606751820915844e-01
1.506000000000000005e+00,-2.859051551424716675e-01,-2.859051551424732773e-01,4.007188340085542921e-01
1.507000000000000117e+00,-2.850846668200845424e-01,-2.850846668200862077e-01,4.022683963535437224e-01
1.508000000000000007e+00,-2.842618611841939980e-01,-2.842618611841956078e-01,4.038092987781389254e-01
1.509000000000000119e+00,-2.834368286972457907e-01,-2.834368286972474005e-01,4.053414795496319556e-01
1.510000000000000009e+00,-2.826096601462948499e-01,-2.826096601462965152e-01,4.068648786363353587e-01
1.511000000000000121e+00,-2.817804466236065175e-01,-2.817804466236081273e-01,4.083794377019752120e-01
1.512000000000000011e+00,-2.809492795073636473e-01,-2.809492795073653126e-01,4.098851000996717175e-01
1.513000000000000123e+00,-2.801162504424851707e-01,-2.801162504424867805e-01,4.113818108655139527e-01
1.514000000000000012e+00,-2.792814513215619021e-01,-2.792814513215635674e-01,4.128695167117280018e-01
1.515000000000000124e+00,-2.784449742659100835e-01,-2.784449742659118598e-01,4.143481660194532346e-01
1.516000000000000014e+00,-2.776069116067532150e-01,-2.776069116067549913e-01,4.158177088311160730e-01
1.517000000000000126e+00,-2.767673558665292299e-01,-2.767673558665309508e-01,4.172780968424234516e-01
1.518000000000000016e+00,-2.759263997403345603e-01,-2.759263997403363367e-01,4.187292833939654235e-01
1.519000000000000128e+00,-2.750841360775027611e-01,-2.750841360775045374e-01,4.201712234624442877e-01
1.520000000000000018e+00,-2.742406578633272973e-01,-2.742406578633290182e-01,4.216038736515255181e-01
1.521000000000000130e+00,-2.733960582009264395e-01,-2.733960582009281604e-01,4.230271921823241521e-01
1.522000000000000020e+00,-2.725504302932622025e-01,-2.725504302932640344e-01,4.244411388835239718e-01
1.523000000000000131e+00,-2.717038674253065555e-01,-2.717038674253083874e-01,4.258456751811438568e-01
1.524000000000000021e+00,-2.708564629463700024e-01,-2.708564629463717788e-01,4.272407640879480883e-01
1.525000000000000133e+00,-2.700083102525859813e-01,-2.700083102525878131e-01,4.286263701925129288e-01
1.526000000000000023e+00,-2.691595027695620757e-01,-2.691595027695638520e-01,4.300024596479514738e-01
1.527000000000000135e+00,-2.683101339351955938e-01,-2.683101339351974257e-01,4.313690001603058821e-01
1.528000000000000025e+00,-2.674602971826636755e-01,-2.674602971826655073e-01,4.327259609766067605e-01
1.529000000000000137e+00,-2.666100859235796539e-01,-2.666100859235814857e-01,4.340733128726181334e-01
1.530000000000000027e+00,-2.657595935313351032e-01,-2.657595935313369906e-01,4.354110281402553961e-01
1.531000000000000139e+00,-2.649089133246122496e-01,-2.649089133246141370e-01,4.367390805747058402e-01
1.532000000000000028e+00,-2.640581385510854528e-01,-2.640581385510873402e-01,4.380574454612334856e-01
1.533000000000000140e+00,-2.632073623713021560e-01,-2.632073623713040433e-01,4.393660995616967546e-01
1.534000000000000030e+00,-2.623566778427564028e-01,-2.623566778427582902e-01,4.406650211007683282e-01
1.535000000000000142e+00,-2.615061779041473744e-01,-2.615061779041492063e-01,4.419541897518762252e-01
1.536000000000000032e+00,-2.606559553598331025e-01,-2.606559553598349899e-01,4.432335866228638288e-01
1.536999999999999922e+00,-2.598061028644776949e-01,-2.598061028644795822e-01,4.445031942413815162e-01
1.538000000000000034e+00,-2.589567129078954033e-01,-2.589567129078972352e-01,4.457629965400120575e-01
1.538999999999999924e+00,-2.581078778000918117e-01,-2.581078778000936991e-01,4.470129788411426608e-01
1.540000000000000036e+00,-2.572596896565073066e-01,-2.572596896565091940e-01,4.482531278415823883e-01
1.540999999999999925e+00,-2.564122403834617758e-01,-2.564122403834636077e-01,4.494834315969382099e-01
1.542000000000000037e+00,-2.555656216638022560e-01,-2.555656216638041434e-01,4.507038795057569658e-01
1.542999999999999927e+00,-2.547199249427577472e-01,-2.547199249427596346e-01,4.519144622934318511e-01
1.544000000000000039e+00,-2.538752414139988089e-01,-2.538752414140006408e-01,4.531151719958913526e-01
1.544999999999999929e+00,-2.530316620059059329e-01,-2.530316620059076538e-01,4.543060019430726904e-01
1.546000000000000041e+00,-2.521892773680479150e-01,-2.521892773680496913e-01,4.554869467421820417e-01
1.546999999999999931e+00,-2.513481778578685599e-01,-2.513481778578703918e-01,4.566580022607588663e-01
1.548000000000000043e+00,-2.505084535275851065e-01,-2.505084535275869384e-01,4.578191656095435547e-01
1.548999999999999932e+00,-2.496701941113012302e-01,-2.496701941113029788e-01,4.589704351251545633e-01
1.550000000000000044e+00,-2.488334890123276577e-01,-2.488334890123294341e-01,4.601118103525917435e-01
1.550999999999999934e+00,-2.479984272907214127e-01,-2.479984272907231890e-01,4.612432920275601478e-01
1.552000000000000046e+00,-2.471650976510337827e-01,-2.471650976510356146e-01,4.623648820586330199e-01
1.552999999999999936e+00,-2.463335884302773893e-01,-2.463335884302792211e-01,4.634765835092506947e-01
1.554000000000000048e+00,-2.455039875861044218e-01,-2.455039875861061982e-01,4.645784005795693949e-01
1.554999999999999938e+00,-2.446763826852003110e-01,-2.446763826852021428e-01,4.656703385881663659e-01
1.556000000000000050e+00,-2.438508608918910914e-01,-2.438508608918929232e-01,4.667524039536070646e-01
1.556999999999999940e+00,-2.430275089569687852e-01,-2.430275089569705893e-01,4.678246041758753471e-01
1.558000000000000052e+00,-2.422064132067272002e-01,-2.422064132067290321e-01,4.688869478176875827e-01
1.558999999999999941e+00,-2.413876595322149987e-01,-2.413876595322168306e-01,4.699394444856829223e-01
1.560000000000000053e+00,-2.405713333786999308e-01,-2.405713333787017905e-01,4.709821048115084841e-01
1.560999999999999943e+00,-2.397575197353508103e-01,-2.397575197353526422e-01,4.720149404327939058e-01
1.562000000000000055e+00,-2.389463031251266023e-01,-2.389463031251284619e-01,4.730379639740377451e-01
1.562999999999999945e+00,-2.381377675948836148e-01,-2.381377675948854189e-01,4.740511890273963469e-01
1.564000000000000057e+00,-2.373319967056911617e-01,-2.373319967056929103e-01,4.750546301333924415e-01
1.564999999999999947e+00,-2.365290735233590569e-01,-2.365290735233608888e-01,4.760483027615457496e-01
1.566000000000000059e+00,-2.357290806091740520e-01,-2.357290806091758562e-01,4.770322232909368632e-01
1.566999999999999948e+00,-2.349321000108472446e-01,-2.349321000108490209e-01,4.780064089907014591e-01
1.568000000000000060e+00,-2.341382132536682925e-01,-2.341382132536700134e-01,4.789708780004722777e-01
1.568999999999999950e+00,-2.333475013318664915e-01,-2.333475013318682956e-01,4.799256493107679766e-01
1.570000000000000062e+00,-2.325600447001768822e-01,-2.325600447001786308e-01,4.808707427433396298e-01
1.570999999999999952e+00,-2.317759232656138868e-01,-2.317759232656156909e-01,4.818061789314746490e-01
1.572000000000000064e+00,-2.309952163794429247e-01,-2.309952163794446733e-01,4.827319793002758930e-01
1.572999999999999954e+00,-2.302180028293578928e-01,-2.302180028293597247e-01,4.836481660469088562e-01
1.574000000000000066e+00,-2.294443608318585404e-01,-2.294443608318603167e-01,4.845547621208307065e-01
1.574999999999999956e+00,-2.286743680248236044e-01,-2.286743680248254362e-01,4.854517912040077210e-01
1.576000000000000068e+00,-2.279081014602827304e-01,-2.279081014602846178e-01,4.863392776911261706e-01
1.576999999999999957e+00,-2.271456375973846531e-01,-2.271456375973865405e-01,4.872172466697965443e-01
1.578000000000000069e+00,-2.263870522955584164e-01,-2.263870522955602205e-01,4.880857239007648229e-01
1.578999999999999959e+00,-2.256324208078645810e-01,-2.256324208078663296e-01,4.889447357981358544e-01
1.580000000000000071e+00,-2.248818177745375568e-01,-2.248818177745393887e-01,4.897943094096112171e-01
1.580999999999999961e+00,-2.241353172167189212e-01,-2.241353172167206420e-01,4.906344723967439592e-01
1.582000000000000073e+00,-2.233929925303712039e-01,-2.233929925303729802e-01,4.914652530152264776e-01
1.582999999999999963e+00,-2.226549164803811598e-01,-2.226549164803828806e-01,4.922866800952062083e-01
1.584000000000000075e+00,-2.219211611948405105e-01,-2.219211611948421758e-01,4.930987830216433387e-01
1.584999999999999964e+00,-2.211917981595113991e-01,-2.211917981595130644e-01,4.939015917147061563e-01
1.586000000000000076e+00,-2.204668982124644017e-01,-2.204668982124661780e-01,4.946951366102192993e-01
1.586999999999999966e+00,-2.197465315388985596e-01,-2.197465315389003360e-01,4.954794486401620235e-01
1.588000000000000078e+00,-2.190307676661279179e-01,-2.190307676661296665e-01,4.962545592132281413e-01
1.588999999999999968e+00,-2.183196754587457544e-01,-2.183196754587475308e-01,4.970205001954466351e-01
1.590000000000000080e+00,-2.176133231139517343e-01,-2.176133231139535384e-01,4.977773038908741565e-01
1.590999999999999970e+00,-2.169117781570521486e-01,-2.169117781570539805e-01,4.985250030223551954e-01
1.592000000000000082e+00,-2.162151074371183590e-01,-2.162151074371201354e-01,4.992636307123679562e-01
1.592999999999999972e+00,-2.155233771228131923e-01,-2.155233771228149409e-01,4.999932204639443434e-01
1.594000000000000083e+00,-2.148366526983683800e-01,-2.148366526983701563e-01,5.007138061416892549e-01
1.594999999999999973e+00,-2.141549989597310577e-01,-2.141549989597328063e-01,5.014254219528758716e-01
1.596000000000000085e+00,-2.134784800108517899e-01,-2.134784800108536218e-01,5.021281024286561312e-01
1.596999999999999975e+00,-2.128071592601371020e-01,-2.128071592601389062e-01,5.028218824053538594e-01
1.598000000000000087e+00,-2.121410994170422337e-01,-2.121410994170440933e-01,5.035067970058773046e-01
1.598999999999999977e+00,-2.114803624888148548e-01,-2.114803624888166866e-01,5.041828816212355902e-01
1.600000000000000089e+00,-2.108250097773858300e-01,-2.108250097773876619e-01,5.048501718921661885e-01
1.600999999999999979e+00,-2.101751018763974854e-01,-2.101751018763994006e-01,5.055087036908866294e-01
1.602000000000000091e+00,-2.095306986683759809e-01,-2.095306986683778683e-01,5.061585131029614493e-01
1.602999999999999980e+00,-2.088918593220372433e-01,-2.088918593220391307e-01,5.067996364093005912e-01
1.604000000000000092e+00,-2.082586422897271250e-01,-2.082586422897289846e-01,5.074321100682865904e-01
1.604999999999999982e+00,-2.076311053049984812e-01,-2.076311053050003408e-01,5.080559706980302126e-01
1.606000000000000094e+00,-2.070093053803120919e-01,-2.070093053803138405e-01,5.086712550587698667e-01
1.606999999999999984e+00,-2.063932988048659545e-01,-2.063932988048677308e-01,5.092780000354100167e-01
1.608000000000000096e+00,-2.057831411425510848e-01,-2.057831411425529167e-01,5.098762426202005926e-01
1.608999999999999986e+00,-2.051788872300239486e-01,-2.051788872300257249e-01,5.104660198955723871e-01
1.610000000000000098e+00,-2.045805911749029593e-01,-2.045805911749047912e-01,5.110473690171155603e-01
1.610999999999999988e+00,-2.039883063540792463e-01,-2.039883063540810226e-01,5.116203271967171284e-01
1.612000000000000099e+00,-2.034020854121377786e-01,-2.034020854121395550e-01,5.121849316858598788e-01
1.612999999999999989e+00,-2.028219802598983101e-01,-2.028219802599000587e-01,5.127412197590742737e-01
1.614000000000000101e+00,-2.022480420730528583e-01,-2.022480420730546347e-01,5.132892286975664353e-01
1.614999999999999991e+00,-2.016803212909196730e-01,-2.016803212909214493e-01,5.138289957730041158e-01
1.616000000000000103e+00,-2.011188676152955712e-01,-2.011188676152973476e-01,5.143605582314783042e-01
1.616999999999999993e+00,-2.005637300094081366e-01,-2.005637300094099129e-01,5.148839532776402494e-01
1.618000000000000105e+00,-2.000149566969698367e-01,-2.000149566969715575e-01,5.153992180590096783e-01
1.618999999999999995e+00,-1.994725951613255943e-01,-1.994725951613273707e-01,5.159063896504676450e-01
1.620000000000000107e+00,-1.989366921446901193e-01,-1.989366921446918679e-01,5.164055050389331214e-01
1.620999999999999996e+00,-1.984072936474855497e-01,-1.984072936474872706e-01,5.168966011082153367e-01
1.622000000000000108e+00,-1.978844449277526452e-01,-1.978844449277543660e-01,5.173797146240695088e-01
1.622999999999999998e+00,-1.973681905006618997e-01,-1.973681905006635651e-01,5.178548822194269929e-01
1.624000000000000110e+00,-1.968585741380987075e-01,-1.968585741381004284e-01,5.183221403798279336e-01
1.625000000000000000e+00,-1.963556388683312670e-01,-1.963556388683329601e-01,5.187815254290486511e-01
1.626000000000000112e+00,-1.958594269757574780e-01,-1.958594269757591155e-01,5.192330735149219834e-01
1.627000000000000002e+00,-1.953699800007248077e-01,-1.953699800007264176e-01,5.196768205953659070e-01
1.628000000000000114e+00,-1.948873387394300383e-01,-1.948873387394316203e-01,5.201128024246017834e-01
1.629000000000000004e+00,-1.944115432438799917e-01,-1.944115432438815461e-01,5.205410545395925404e-01
1.630000000000000115e+00,-1.939426328219277795e-01,-1.939426328219293338e-01,5.209616122466768084e-01
1.631000000000000005e+00,-1.934806460373717507e-01,-1.934806460373732773e-01,5.213745106084173297e-01
1.632000000000000117e+00,-1.930256207101226640e-01,-1.930256207101241905e-01,5.217797844306533150e-01
1.633000000000000007e+00,-1.925775939164252049e-01,-1.925775939164267037e-01,5.221774682497766218e-01
1.634000000000000119e+00,-1.921366019891430077e-01,-1.921366019891445065e-01,5.225675963202137675e-01
1.635000000000000009e+00,-1.917026805181016869e-01,-1.917026805181031857e-01,5.229502026021275451e-01
1.636000000000000121e+00,-1.912758643504844092e-01,-1.912758643504858802e-01,5.233253207493360204e-01
1.637000000000000011e+00,-1.908561875912763162e-01,-1.908561875912777595e-01,5.236929840974566819e-01
1.638000000000000123e+00,-1.904436836037688152e-01,-1.904436836037702863e-01,5.240532256522634214e-01
1.639000000000000012e+00,-1.900383850101013683e-01,-1.900383850101028393e-01,5.244060780782759945e-01
1.640000000000000124e+00,-1.896403236918570157e-01,-1.896403236918585145e-01,5.247515736875676406e-01
1.641000000000000014e+00,-1.892495307906970348e-01,-1.892495307906985336e-01,5.250897444288046279e-01
1.642000000000000126e+00,-1.888660367090410075e-01,-1.888660367090424508e-01,5.254206218765093972e-01
1.643000000000000016e+00,-1.884898711107815816e-01,-1.884898711107831359e-01,5.257442372205582970e-01
1.644000000000000128e+00,-1.881210629220454456e-01,-1.881210629220469999e-01,5.260606212559026940e-01
1.645000000000000018e+00,-1.877596403319816143e-01,-1.877596403319832241e-01,5.263698043725297815e-01
1.646000000000000130e+00,-1.874056307935886290e-01,-1.874056307935901833e-01,5.266718165456525380e-01
1.647000000000000020e+00,-1.870590610245743690e-01,-1.870590610245759233e-01,5.269666873261331652e-01
1.648000000000000131e+00,-1.867199570082405113e-01,-1.867199570082420657e-01,5.272544458311488880e-01
1.649000000000000021e+00,-1.863883439944060416e-01,-1.863883439944076792e-01,5.275351207350834626e-01
1.650000000000000133e+00,-1.860642465003440604e-01,-1.860642465003456425e-01,5.278087402606693734e-01
1.651000000000000023e+00,-1.857476883117552269e-01,-1.857476883117567812e-01,5.280753321703585135e-01
1.652000000000000135e+00,-1.854386924837596040e-01,-1.854386924837612416e-01,5.283349237579367808e-01
1.653000000000000025e+00,-1.851372813419120411e-01,-1.851372813419135954e-01,5.285875418403790382e-01
1.654000000000000137e+00,-1.848434764832311283e-01,-1.848434764832326271e-01,5.288332127499493218e-01
1.655000000000000027e+00,-1.845572987772602092e-01,-1.845572987772616802e-01,5.290719623265334182e-01
1.656000000000000139e+00,-1.842787683671317789e-01,-1.842787683671333054e-01,5.293038159102259055e-01
1.657000000000000028e+00,-1.840079046706538102e-01,-1.840079046706553090e-01,5.295287983341563365e-01
1.658000000000000140e+00,-1.837447263814141751e-01,-1.837447263814156184e-01,5.297469339175542302e-01
1.659000000000000030e+00,-1.834892514698893140e-01,-1.834892514698907018e-01,5.299582464590695263e-01
1.660000000000000142e+00,-1.832414971845710561e-01,-1.832414971845724438e-01,5.301627592303319592e-01
1.661000000000000032e+00,-1.830014800530997410e-01,-1.830014800531011843e-01,5.303604949697588999e-01
1.662000000000000144e+00,-1.827692158834097191e-01,-1.827692158834111069e-01,5.305514758766094463e-01
1.663000000000000034e+00,-1.825447197648813469e-01,-1.825447197648826791e-01,5.307357236052839822e-01
1.664000000000000146e+00,-1.823280060694977001e-01,-1.823280060694990323e-01,5.309132592598748701e-01
1.665000000000000036e+00,-1.821190884530124454e-01,-1.821190884530138332e-01,5.310841033889609486e-01
1.665999999999999925e+00,-1.819179798561106898e-01,-1.819179798561120220e-01,5.312482759806573807e-01
1.667000000000000037e+00,-1.817246925055918672e-01,-1.817246925055931994e-01,5.314057964579003146e-01
1.667999999999999927e+00,-1.815392379155366664e-01,-1.815392379155379432e-01,5.315566836739966661e-01
1.669000000000000039e+00,-1.813616268884829796e-01,-1.813616268884842841e-01,5.317009559084140413e-01
1.669999999999999929e+00,-1.811918695166099824e-01,-1.811918695166112037e-01,5.318386308628161308e-01
1.671000000000000041e+00,-1.810299751829108350e-01,-1.810299751829119730e-01,5.319697256573541200e-01
1.671999999999999931e+00,-1.808759525623671593e-01,-1.808759525623683251e-01,5.320942568272085671e-01
1.673000000000000043e+00,-1.807298096231269580e-01,-1.807298096231280959e-01,5.322122403193740858e-01
1.673999999999999932e+00,-1.805915536276802291e-01,-1.805915536276813393e-01,5.323236914896927185e-01
1.675000000000000044e+00,-1.804611911340203434e-01,-1.804611911340214814e-01,5.324286251001486558e-01
1.675999999999999934e+00,-1.803387279968216572e-01,-1.803387279968227119e-01,5.325270553163937715e-01
1.677000000000000046e+00,-1.802241693685927570e-01,-1.802241693685938118e-01,5.326189957055393887e-01
1.677999999999999936e+00,-1.801175197008397788e-01,-1.801175197008408613e-01,5.327044592341854123e-01
1.679000000000000048e+00,-1.800187827452196521e-01,-1.800187827452207623e-01,5.327834582667028140e-01
1.679999999999999938e+00,-1.799279615546901800e-01,-1.799279615546913180e-01,5.328560045637602549e-01
1.681000000000000050e+00,-1.798450584846458811e-01,-1.798450584846469358e-01,5.329221092811103899e-01
1.681999999999999940e+00,-1.797700751940656816e-01,-1.797700751940666808e-01,5.329817829686034347e-01
1.683000000000000052e+00,-1.797030126466346023e-01,-1.797030126466356570e-01,5.330350355694717379e-01
1.683999999999999941e+00,-1.796438711118766296e-01,-1.796438711118777398e-01,5.330818764198397286e-01
1.685000000000000053e+00,-1.795926501662664376e-01,-1.795926501662675479e-01,5.331223142484977640e-01
1.685999999999999943e+00,-1.795493486943474659e-01,-1.795493486943486039e-01,5.331563571769087906e-01
1.687000000000000055e+00,-1.795139648898331775e-01,-1.795139648898342877e-01,5.331840127194698020e-01
1.687999999999999945e+00,-1.794864962567090383e-01,-1.794864962567101208e-01,5.332052877840126603e-01
1.689000000000000057e+00,-1.794669396103274750e-01,-1.794669396103285020e-01,5.332201886725489448e-01
1.689999999999999947e+00,-1.794552910784883992e-01,-1.794552910784894817e-01,5.332287210822651558e-01
1.691000000000000059e+00,-1.794515461025241176e-01,-1.794515461025252279e-01,5.332308901067535079e-01
1.691999999999999948e+00,-1.794556994383757209e-01,-1.794556994383768034e-01,5.332267002374846410e-01
1.693000000000000060e+00,-1.794677451576541793e-01,-1.794677451576551785e-01,5.332161553655331288e-01
1.693999999999999950e+00,-1.794876766487124575e-01,-1.794876766487134290e-01,5.331992587835263642e-01
1.695000000000000062e+00,-1.795154866176990327e-01,-1.795154866176999764e-01,5.331760131878471309e-01
1.695999999999999952e+00,-1.795511670896123291e-01,-1.795511670896132728e-01,5.331464206810692108e-01
1.697000000000000064e+00,-1.795947094093492402e-01,-1.795947094093501561e-01,5.331104827746334651e-01
1.697999999999999954e+00,-1.796461042427514032e-01,-1.796461042427523191e-01,5.330682003917581735e-01
1.699000000000000066e+00,-1.797053415776453389e-01,-1.797053415776462271e-01,5.330195738705891806e-01
1.699999999999999956e+00,-1.797724107248848679e-01,-1.797724107248857839e-01,5.329646029675800811e-01
1.701000000000000068e+00,-1.798473003193845066e-01,-1.798473003193854225e-01,5.329032868611125462e-01
1.701999999999999957e+00,-1.799299983211594678e-01,-1.799299983211603837e-01,5.328356241553425798e-01
1.703000000000000069e+00,-1.800204920163526456e-01,-1.800204920163535338e-01,5.327616128842888044e-01
1.703999999999999959e+00,-1.801187680182761153e-01,-1.801187680182770035e-01,5.326812505161382383e-01
1.705000000000000071e+00,-1.802248122684419473e-01,-1.802248122684429188e-01,5.325945339577928817e-01
1.705999999999999961e+00,-1.803386100376011270e-01,-1.803386100376022094e-01,5.325014595596351263e-01
1.707000000000000073e+00,-1.804601459267769492e-01,-1.804601459267779762e-01,5.324020231205315312e-01
1.707999999999999963e+00,-1.805894038683125424e-01,-1.805894038683135694e-01,5.322962198930465405e-01
1.709000000000000075e+00,-1.807263671269125904e-01,-1.807263671269137006e-01,5.321840445888936788e-01
1.709999999999999964e+00,-1.808710183006925210e-01,-1.808710183006935202e-01,5.320654913846054601e-01
1.711000000000000076e+00,-1.810233393222414611e-01,-1.810233393222424048e-01,5.319405539274154604e-01
1.711999999999999966e+00,-1.811833114596743677e-01,-1.811833114596752559e-01,5.318092253413794213e-01
1.713000000000000078e+00,-1.813509153177143562e-01,-1.813509153177152167e-01,5.316714982336908646e-01
1.713999999999999968e+00,-1.815261308387645656e-01,-1.815261308387654537e-01,5.315273647012336289e-01
1.715000000000000080e+00,-1.817089373040050859e-01,-1.817089373040060019e-01,5.313768163373342457e-01
1.715999999999999970e+00,-1.818993133344879998e-01,-1.818993133344888879e-01,5.312198442387392472e-01
1.717000000000000082e+00,-1.820972368922576246e-01,-1.820972368922585405e-01,5.310564390127927581e-01
1.717999999999999972e+00,-1.823026852814766396e-01,-1.823026852814775833e-01,5.308865907848315802e-01
1.719000000000000083e+00,-1.825156351495661466e-01,-1.825156351495670071e-01,5.307102892057879995e-01
1.719999999999999973e+00,-1.827360624883696549e-01,-1.827360624883705431e-01,5.305275234599909906e-01
1.721000000000000085e+00,-1.829639426353275033e-01,-1.829639426353283638e-01,5.303382822731803614e-01
1.721999999999999975e+00,-1.831992502746722096e-01,-1.831992502746730422e-01,5.301425539207185178e-01
1.723000000000000087e+00,-1.834419594386478003e-01,-1.834419594386486052e-01,5.299403262360004030e-01
1.723999999999999977e+00,-1.836920435087434633e-01,-1.836920435087442960e-01,5.297315866190683842e-01
1.725000000000000089e+00,-1.839494752169564817e-01,-1.839494752169573144e-01,5.295163220454159880e-01
1.725999999999999979e+00,-1.842142266470804812e-01,-1.842142266470813139e-01,5.292945190749873685e-01
1.727000000000000091e+00,-1.844862692360117462e-01,-1.844862692360125789e-01,5.290661638613722850e-01
1.727999999999999980e+00,-1.847655737750915073e-01,-1.847655737750923954e-01,5.288312421611869318e-01
1.729000000000000092e+00,-1.850521104114720150e-01,-1.850521104114728477e-01,5.285897393436431724e-01
1.729999999999999982e+00,-1.853458486495185298e-01,-1.853458486495194180e-01,5.283416404002996281e-01
1.731000000000000094e+00,-1.856467573522341818e-01,-1.856467573522351255e-01,5.280869299550045026e-01
1.731999999999999984e+00,-1.859548047427301287e-01,-1.859548047427310169e-01,5.278255922740049400e-01
1.733000000000000096e+00,-1.862699584057200819e-01,-1.862699584057209146e-01,5.275576112762480063e-01
1.733999999999999986e+00,-1.865921852890581323e-01,-1.865921852890589372e-01,5.272829705438490944e-01
1.735000000000000098e+00,-1.869214517053147118e-01,-1.869214517053155444e-01,5.270016533327329666e-01
1.735999999999999988e+00,-1.872577233333888591e-01,-1.872577233333896918e-01,5.267136425834499924e-01
1.737000000000000099e+00,-1.876009652201641176e-01,-1.876009652201649502e-01,5.264189209321563645e-01
1.737999999999999989e+00,-1.879511417822114505e-01,-1.879511417822122277e-01,5.261174707217595170e-01
1.739000000000000101e+00,-1.883082168075284057e-01,-1.883082168075292384e-01,5.258092740132290777e-01
1.739999999999999991e+00,-1.886721534573352344e-01,-1.886721534573360115e-01,5.254943125970623630e-01
1.741000000000000103e+00,-1.890429142679103947e-01,-1.890429142679112273e-01,5.251725680049125211e-01
1.741999999999999993e+00,-1.894204611524819559e-01,-1.894204611524827886e-01,5.248440215213663329e-01
1.743000000000000105e+00,-1.898047554031694895e-01,-1.898047554031703221e-01,5.245086541958736692e-01
1.743999999999999995e+00,-1.901957576929754201e-01,-1.901957576929762528e-01,5.241664468548302702e-01
1.745000000000000107e+00,-1.905934280778369960e-01,-1.905934280778378564e-01,5.238173801137985253e-01
1.745999999999999996e+00,-1.909977259987318543e-01,-1.909977259987327147e-01,5.234614343898765787e-01
1.747000000000000108e+00,-1.914086102838433445e-01,-1.914086102838441494e-01,5.230985899142018836e-01
1.747999999999999998e+00,-1.918260391507849716e-01,-1.918260391507858320e-01,5.227288267445961978e-01
1.749000000000000110e+00,-1.922499702088871776e-01,-1.922499702088879547e-01,5.223521247783403654e-01
1.750000000000000000e+00,-1.926803604615492105e-01,-1.926803604615498766e-01,5.219684637650779946e-01
1.751000000000000112e+00,-1.931171663086529433e-01,-1.931171663086536650e-01,5.215778233198502534e-01
1.752000000000000002e+00,-1.935603435490487190e-01,-1.935603435490494684e-01,5.211801829362499028e-01
1.753000000000000114e+00,-1.940098473831051162e-01,-1.940098473831057269e-01,5.207755219996974549e-01
1.754000000000000004e+00,-1.944656324153292426e-01,-1.944656324153298810e-01,5.203638198008363469e-01
1.755000000000000115e+00,-1.949276526570661028e-01,-1.949276526570666856e-01,5.199450555490348069e-01
1.756000000000000005e+00,-1.953958615292610557e-01,-1.953958615292616940e-01,5.195192083860069587e-01
1.757000000000000117e+00,-1.958702118653075641e-01,-1.958702118653080637e-01,5.190862573995320695e-01
1.758000000000000007e+00,-1.963506559139635566e-01,-1.963506559139640562e-01,5.186461816372848199e-01
1.759000000000000119e+00,-1.968371453423547468e-01,-1.968371453423552464e-01,5.181989601207561691e-01
1.760000000000000009e+00,-1.973296312390505902e-01,-1.973296312390511731e-01,5.177445718592796897e-01
1.761000000000000121e+00,-1.978280641172276977e-01,-1.978280641172283083e-01,5.172829958641431691e-01
1.762000000000000011e+00,-1.983323939179151563e-01,-1.983323939179157114e-01,5.168142111627910262e-01
1.763000000000000123e+00,-1.988425700133217289e-01,-1.988425700133222840e-01,5.163381968131148803e-01
1.764000000000000012e+00,-1.993585412102573118e-01,-1.993585412102578114e-01,5.158549319178189485e-01
1.765000000000000124e+00,-1.998802557536329683e-01,-1.998802557536335511e-01,5.153643956388704872e-01
1.766000000000000014e+00,-2.004076613300585508e-01,-2.004076613300591891e-01,5.148665672120174008e-01
1.767000000000000126e+00,-2.009407050715295573e-01,-2.009407050715300846e-01,5.143614259613776829e-01
1.768000000000000016e+00,-2.014793335592021395e-01,-2.014793335592026668e-01,5.138489513140985787e-01
1.769000000000000128e+00,-2.020234928272695019e-01,-2.020234928272700570e-01,5.133291228150713703e-01
1.770000000000000018e+00,-2.025731283669275906e-01,-2.025731283669280902e-01,5.128019201417099993e-01
1.771000000000000130e+00,-2.031281851304427843e-01,-2.031281851304432284e-01,5.122673231187785392e-01
1.772000000000000020e+00,-2.036886075353139536e-01,-2.036886075353143699e-01,5.117253117332727363e-01
1.773000000000000131e+00,-2.042543394685360503e-01,-2.042543394685364944e-01,5.111758661493467359e-01
1.774000000000000021e+00,-2.048253242909650329e-01,-2.048253242909655047e-01,5.106189667232788887e-01
1.775000000000000133e+00,-2.054015048417849321e-01,-2.054015048417853762e-01,5.100545940184778582e-01
1.776000000000000023e+00,-2.059828234430758909e-01,-2.059828234430764182e-01,5.094827288205243665e-01
1.777000000000000135e+00,-2.065692219044920896e-01,-2.065692219044925337e-01,5.089033521522348114e-01
1.778000000000000025e+00,-2.071606415280405900e-01,-2.071606415280410340e-01,5.083164452887590778e-01
1.779000000000000137e+00,-2.077570231129694800e-01,-2.077570231129699518e-01,5.077219897726930053e-01
1.780000000000000027e+00,-2.083583069607645721e-01,-2.083583069607650717e-01,5.071199674292106163e-01
1.781000000000000139e+00,-2.089644328802548467e-01,-2.089644328802552353e-01,5.065103603812057820e-01
1.782000000000000028e+00,-2.095753401928278636e-01,-2.095753401928282522e-01,5.058931510644448792e-01
1.783000000000000140e+00,-2.101909677377553631e-01,-2.101909677377558072e-01,5.052683222427231113e-01
1.784000000000000030e+00,-2.108112538776352463e-01,-2.108112538776356071e-01,5.046358570230158325e-01
1.785000000000000142e+00,-2.114361365039417184e-01,-2.114361365039420237e-01,5.039957388706297614e-01
1.786000000000000032e+00,-2.120655530426922564e-01,-2.120655530426925894e-01,5.033479516243417606e-01
1.787000000000000144e+00,-2.126994404602298716e-01,-2.126994404602301492e-01,5.026924795115241817e-01
1.788000000000000034e+00,-2.133377352691168682e-01,-2.133377352691172013e-01,5.020293071632531134e-01
1.789000000000000146e+00,-2.139803735341521962e-01,-2.139803735341524460e-01,5.013584196293907613e-01
1.790000000000000036e+00,-2.146272908784978561e-01,-2.146272908784980782e-01,5.006798023936430697e-01
1.791000000000000147e+00,-2.152784224899300103e-01,-2.152784224899302878e-01,4.999934413885826490e-01
1.792000000000000037e+00,-2.159337031272025864e-01,-2.159337031272028917e-01,4.992993230106395064e-01
1.792999999999999927e+00,-2.165930671265334784e-01,-2.165930671265339225e-01,4.985974341350456474e-01
1.794000000000000039e+00,-2.172564484082096237e-01,-2.172564484082100122e-01,4.978877621307361001e-01
1.794999999999999929e+00,-2.179237804833102643e-01,-2.179237804833106251e-01,4.971702948752007023e-01
1.796000000000000041e+00,-2.185949964605501949e-01,-2.185949964605504725e-01,4.964450207692810979e-01
1.796999999999999931e+00,-2.192700290532469398e-01,-2.192700290532472174e-01,4.957119287519050621e-01
1.798000000000000043e+00,-2.199488105864049470e-01,-2.199488105864051413e-01,4.949710083147603745e-01
1.798999999999999932e+00,-2.206312730039213799e-01,-2.206312730039216297e-01,4.942222495168997476e-01
1.800000000000000044e+00,-2.213173478759172808e-01,-2.213173478759175583e-01,4.934656429992671511e-01
1.800999999999999934e+00,-2.220069664061822268e-01,-2.220069664061825043e-01,4.927011799991570240e-01
1.802000000000000046e+00,-2.227000594397479105e-01,-2.227000594397481326e-01,4.919288523645786171e-01
1.802999999999999936e+00,-2.233965574705790713e-01,-2.233965574705792934e-01,4.911486525685421212e-01
1.804000000000000048e+00,-2.240963906493878555e-01,-2.240963906493881330e-01,4.903605737232480388e-01
1.804999999999999938e+00,-2.247994887915664430e-01,-2.247994887915667206e-01,4.895646095941834086e-01
1.806000000000000050e+00,-2.255057813852451298e-01,-2.255057813852453519e-01,4.887607546141136128e-01
1.806999999999999940e+00,-2.262151975994660114e-01,-2.262151975994662889e-01,4.879490038969729881e-01
1.808000000000000052e+00,-2.269276662924830101e-01,-2.269276662924832322e-01,4.871293532516388636e-01
1.808999999999999941e+00,-2.276431160201774218e-01,-2.276431160201776993e-01,4.863017991955969066e-01
1.810000000000000053e+00,-2.283614750445959740e-01,-2.283614750445962516e-01,4.854663389684824581e-01
1.810999999999999943e+00,-2.290826713426066807e-01,-2.290826713426069583e-01,4.846229705455013526e-01
1.812000000000000055e+00,-2.298066326146746274e-01,-2.298066326146749883e-01,4.837716926507193427e-01
1.812999999999999945e+00,-2.305332862937560789e-01,-2.305332862937563010e-01,4.829125047702180762e-01
1.814000000000000057e+00,-2.312625595543094104e-01,-2.312625595543096602e-01,4.820454071651155137e-01
1.814999999999999947e+00,-2.319943793214230832e-01,-2.319943793214232497e-01,4.811704008844423508e-01
1.816000000000000059e+00,-2.327286722800608332e-01,-2.327286722800609997e-01,4.802874877778713358e-01
1.816999999999999948e+00,-2.334653648844201845e-01,-2.334653648844203233e-01,4.793966705082967072e-01
1.818000000000000060e+00,-2.342043833674074260e-01,-2.342043833674075370e-01,4.784979525642561460e-01
1.818999999999999950e+00,-2.349456537502239706e-01,-2.349456537502240816e-01,4.775913382721930223e-01
1.820000000000000062e+00,-2.356891018520671510e-01,-2.356891018520672343e-01,4.766768328085547179e-01
1.820999999999999952e+00,-2.364346532999411776e-01,-2.364346532999412887e-01,4.757544422117188643e-01
1.822000000000000064e+00,-2.371822335385770364e-01,-2.371822335385769809e-01,4.748241733937512699e-01
1.822999999999999954e+00,-2.379317678404639924e-01,-2.379317678404639369e-01,4.738860341519798292e-01
1.824000000000000066e+00,-2.386831813159868976e-01,-2.386831813159868421e-01,4.729400331803905733e-01
1.824999999999999956e+00,-2.394363989236694690e-01,-2.394363989236694135e-01,4.719861800808357044e-01
1.826000000000000068e+00,-2.401913454805231496e-01,-2.401913454805230108e-01,4.710244853740513937e-01
1.826999999999999957e+00,-2.409479456724996915e-01,-2.409479456724994972e-01,4.700549605104787920e-01
1.828000000000000069e+00,-2.417061240650446585e-01,-2.417061240650444365e-01,4.690776178808884200e-01
1.828999999999999959e+00,-2.424658051137500159e-01,-2.424658051137497938e-01,4.680924708268011658e-01
1.830000000000000071e+00,-2.432269131751092772e-01,-2.432269131751089719e-01,4.670995336506975071e-01
1.830999999999999961e+00,-2.439893725173638006e-01,-2.439893725173634675e-01,4.660988216260226746e-01
1.832000000000000073e+00,-2.447531073314486161e-01,-2.447531073314483663e-01,4.650903510069694935e-01
1.832999999999999963e+00,-2.455180417420280425e-01,-2.455180417420277372e-01,4.640741390380472842e-01
1.834000000000000075e+00,-2.462840998186254238e-01,-2.462840998186251462e-01,4.630502039634217804e-01
1.834999999999999964e+00,-2.470512055868382406e-01,-2.470512055868378520e-01,4.620185650360345564e-01
1.836000000000000076e+00,-2.478192830396440116e-01,-2.478192830396435953e-01,4.609792425264852000e-01
1.836999999999999966e+00,-2.485882561487881559e-01,-2.485882561487877673e-01,4.599322577316835581e-01
1.838000000000000078e+00,-2.493580488762569825e-01,-2.493580488762564273e-01,4.588776329832590095e-01
1.838999999999999968e+00,-2.501285851858270348e-01,-2.501285851858265352e-01,4.578153916557347602e-01
1.840000000000000080e+00,-2.508997890546988963e-01,-2.508997890546984522e-01,4.567455581744456761e-01
1.840999999999999970e+00,-2.516715844851995509e-01,-2.516715844851989403e-01,4.556681580232205819e-01
1.842000000000000082e+00,-2.524438955165637100e-01,-2.524438955165631548e-01,4.545832177517975525e-01
1.842999999999999972e+00,-2.532166462367811954e-01,-2.532166462367806958e-01,4.534907649829970078e-01
1.844000000000000083e+00,-2.539897607945185154e-01,-2.539897607945180158e-01,4.523908284196221929e-01
1.844999999999999973e+00,-2.547631634110969490e-01,-2.547631634110963939e-01,4.512834378511103584e-01
1.846000000000000085e+00,-2.555367783925445169e-01,-2.555367783925438507e-01,4.501686241599046068e-01
1.846999999999999975e+00,-2.563105301416966353e-01,-2.563105301416960247e-01,4.490464193275713889e-01
1.848000000000000087e+00,-2.570843431703638271e-01,-2.570843431703632165e-01,4.479168564406312836e-01
1.848999999999999977e+00,-2.578581421115468952e-01,-2.578581421115461736e-01,4.467799696961270994e-01
1.850000000000000089e+00,-2.586318517317073851e-01,-2.586318517317066634e-01,4.456357944069063715e-01
1.850999999999999979e+00,-2.594053969430846762e-01,-2.594053969430839546e-01,4.444843670066283003e-01
1.852000000000000091e+00,-2.601787028160596482e-01,-2.601787028160588711e-01,4.433257250544826444e-01
1.852999999999999980e+00,-2.609516945915591468e-01,-2.609516945915583697e-01,4.421599072396276142e-01
1.854000000000000092e+00,-2.617242976935018062e-01,-2.617242976935010290e-01,4.409869533853347789e-01
1.854999999999999982e+00,-2.624964377412770111e-01,-2.624964377412762895e-01,4.398069044528472027e-01
1.856000000000000094e+00,-2.632680405622603859e-01,-2.632680405622596642e-01,4.386198025449381532e-01
1.856999999999999984e+00,-2.640390322043539850e-01,-2.640390322043532634e-01,4.374256909091824852e-01
1.858000000000000096e+00,-2.648093389485569049e-01,-2.648093389485560722e-01,4.362246139409214907e-01
1.858999999999999986e+00,-2.655788873215549906e-01,-2.655788873215541579e-01,4.350166171859349840e-01
1.860000000000000098e+00,-2.663476041083332468e-01,-2.663476041083324142e-01,4.338017473428048554e-01
1.860999999999999988e+00,-2.671154163648003510e-01,-2.671154163647995183e-01,4.325800522649798086e-01
1.862000000000000099e+00,-2.678822514304282087e-01,-2.678822514304274316e-01,4.313515809625311226e-01
1.862999999999999989e+00,-2.686480369408983937e-01,-2.686480369408976165e-01,4.301163836036013821e-01
1.864000000000000101e+00,-2.694127008407537494e-01,-2.694127008407529722e-01,4.288745115155457865e-01
1.864999999999999991e+00,-2.701761713960513234e-01,-2.701761713960505462e-01,4.276260171857595993e-01
1.866000000000000103e+00,-2.709383772070146912e-01,-2.709383772070138585e-01,4.263709542621952342e-01
1.866999999999999993e+00,-2.716992472206755660e-01,-2.716992472206747888e-01,4.251093775535653707e-01
1.868000000000000105e+00,-2.724587107435100242e-01,-2.724587107435093025e-01,4.238413430292312656e-01
1.868999999999999995e+00,-2.732166974540584103e-01,-2.732166974540577442e-01,4.225669078187753724e-01
1.870000000000000107e+00,-2.739731374155282007e-01,-2.739731374155274235e-01,4.212861302112540507e-01
1.870999999999999996e+00,-2.747279610883741063e-01,-2.747279610883733292e-01,4.199990696541385793e-01
1.872000000000000108e+00,-2.754810993428552512e-01,-2.754810993428543631e-01,4.187057867519293763e-01
1.872999999999999998e+00,-2.762324834715589317e-01,-2.762324834715580435e-01,4.174063432644588012e-01
1.874000000000000110e+00,-2.769820452018948442e-01,-2.769820452018940116e-01,4.161008021048669958e-01
1.875000000000000000e+00,-2.777297167085487906e-01,-2.777297167085477358e-01,4.147892273372609795e-01
1.876000000000000112e+00,-2.784754306258959144e-01,-2.784754306258948597e-01,4.134716841740523341e-01
1.877000000000000002e+00,-2.792191200603676426e-01,-2.792191200603664769e-01,4.121482389729734797e-01
1.878000000000000114e+00,-2.799607186027709416e-01,-2.799607186027698313e-01,4.108189592337704865e-01
1.879000000000000004e+00,-2.807001603405493984e-01,-2.807001603405482881e-01,4.094839135945793629e-01
1.880000000000000115e+00,-2.814373798699907336e-01,-2.814373798699895679e-01,4.081431718279754373e-01
1.881000000000000005e+00,-2.821723123083687557e-01,-2.821723123083676454e-01,4.067968048367060496e-01
1.882000000000000117e+00,-2.829048933060213100e-01,-2.829048933060201998e-01,4.054448846490992242e-01
1.883000000000000007e+00,-2.836350590583548437e-01,-2.836350590583538445e-01,4.040874844141549294e-01
1.884000000000000119e+00,-2.843627463177774151e-01,-2.843627463177764714e-01,4.027246783963144838e-01
1.885000000000000009e+00,-2.850878924055492147e-01,-2.850878924055482155e-01,4.013565419699115511e-01
1.886000000000000121e+00,-2.858104352235528722e-01,-2.858104352235518730e-01,3.999831516133041664e-01
1.887000000000000011e+00,-2.865303132659736129e-01,-2.865303132659725582e-01,3.986045849026915722e-01
1.888000000000000123e+00,-2.872474656308890983e-01,-2.872474656308882102e-01,3.972209205056126402e-01
1.889000000000000012e+00,-2.879618320317633984e-01,-2.879618320317622882e-01,3.958322381741283813e-01
1.890000000000000124e+00,-2.886733528088395451e-01,-2.886733528088385459e-01,3.944386187376922037e-01
1.891000000000000014e+00,-2.893819689404281137e-01,-2.893819689404271145e-01,3.930401440957093095e-01
1.892000000000000126e+00,-2.900876220540876127e-01,-2.900876220540865580e-01,3.916368972097792889e-01
1.893000000000000016e+00,-2.907902544376895770e-01,-2.907902544376885223e-01,3.902289620956373994e-01
1.894000000000000128e+00,-2.914898090503702521e-01,-2.914898090503691974e-01,3.888164238147793217e-01
1.895000000000000018e+00,-2.921862295333562676e-01,-2.921862295333550463e-01,3.873993684657888181e-01
1.896000000000000130e+00,-2.928794602206676867e-01,-2.928794602206665210e-01,3.859778831753553630e-01
1.897000000000000020e+00,-2.935694461496899388e-01,-2.935694461496887731e-01,3.845520560889936768e-01
1.898000000000000131e+00,-2.942561330716113588e-01,-2.942561330716102486e-01,3.831219763614611695e-01
1.899000000000000021e+00,-2.949394674617229484e-01,-2.949394674617216716e-01,3.816877341468823959e-01
1.900000000000000133e+00,-2.956193965295749182e-01,-2.956193965295736970e-01,3.802494205885746936e-01
1.901000000000000023e+00,-2.962958682289865697e-01,-2.962958682289853485e-01,3.788071278085852756e-01
1.902000000000000135e+00,-2.969688312679067965e-01,-2.969688312679056863e-01,3.773609488969360548e-01
1.903000000000000025e+00,-2.976382351181167119e-01,-2.976382351181155461e-01,3.759109779005866403e-01
1.904000000000000137e+00,-2.983040300247760124e-01,-2.983040300247749022e-01,3.744573098121088961e-01
1.905000000000000027e+00,-2.989661670158043072e-01,-2.989661670158033080e-01,3.730000405580866651e-01
1.906000000000000139e+00,-2.996245979110976343e-01,-2.996245979110966351e-01,3.715392669872309428e-01
1.907000000000000028e+00,-3.002792753315707275e-01,-3.002792753315696173e-01,3.700750868582312059e-01
1.908000000000000140e+00,-3.009301527080268102e-01,-3.009301527080256999e-01,3.686075988273265214e-01
1.909000000000000030e+00,-3.015771842898469779e-01,-3.015771842898459232e-01,3.671369024356188060e-01
1.910000000000000142e+00,-3.022203251534980595e-01,-3.022203251534969493e-01,3.656630980961146360e-01
1.911000000000000032e+00,-3.028595312108508519e-01,-3.028595312108498527e-01,3.641862870805160912e-01
1.912000000000000144e+00,-3.034947592173128372e-01,-3.034947592173117825e-01,3.627065715057474771e-01
1.913000000000000034e+00,-3.041259667797605037e-01,-3.041259667797595601e-01,3.612240543202386855e-01
1.914000000000000146e+00,-3.047531123642790440e-01,-3.047531123642781559e-01,3.597388392899550369e-01
1.915000000000000036e+00,-3.053761553036964393e-01,-3.053761553036954957e-01,3.582510309841892004e-01
1.916000000000000147e+00,-3.059950558049144842e-01,-3.059950558049135960e-01,3.567607347611088664e-01
1.917000000000000037e+00,-3.066097749560307562e-01,-3.066097749560299235e-01,3.552680567530748235e-01
1.918000000000000149e+00,-3.072202747332472006e-01,-3.072202747332464234e-01,3.537731038517257787e-01
1.919000000000000039e+00,-3.078265180075638874e-01,-3.078265180075631102e-01,3.522759836928390231e-01
1.919999999999999929e+00,-3.084284685512524993e-01,-3.084284685512518331e-01,3.507768046409719398e-01
1.921000000000000041e+00,-3.090260910441090525e-01,-3.090260910441082753e-01,3.492756757738851303e-01
1.921999999999999931e+00,-3.096193510794782444e-01,-3.096193510794775228e-01,3.477727068667575416e-01
1.923000000000000043e+00,-3.102082151700519264e-01,-3.102082151700512602e-01,3.462680083761916494e-01
1.923999999999999932e+00,-3.107926507534319316e-01,-3.107926507534312655e-01,3.447616914240240193e-01
1.925000000000000044e+00,-3.113726261974607556e-01,-3.113726261974600895e-01,3.432538677809333638e-01
1.925999999999999934e+00,-3.119481108053119289e-01,-3.119481108053112628e-01,3.417446498498635243e-01
1.927000000000000046e+00,-3.125190748203406921e-01,-3.125190748203399704e-01,3.402341506492581047e-01
1.927999999999999936e+00,-3.130854894306883685e-01,-3.130854894306876468e-01,3.387224837961210211e-01
1.929000000000000048e+00,-3.136473267736438197e-01,-3.136473267736429871e-01,3.372097634888930884e-01
1.929999999999999938e+00,-3.142045599397504940e-01,-3.142045599397496614e-01,3.356961044901707325e-01
1.931000000000000050e+00,-3.147571629766660051e-01,-3.147571629766651724e-01,3.341816221092550609e-01
1.931999999999999940e+00,-3.153051108927636959e-01,-3.153051108927627522e-01,3.326664321845479444e-01
1.933000000000000052e+00,-3.158483796604786287e-01,-3.158483796604775740e-01,3.311506510657922786e-01
1.933999999999999941e+00,-3.163869462193930060e-01,-3.163869462193920623e-01,3.296343955961741345e-01
1.935000000000000053e+00,-3.169207884790617435e-01,-3.169207884790607443e-01,3.281177830942771378e-01
1.935999999999999943e+00,-3.174498853215714234e-01,-3.174498853215704797e-01,3.266009313359098387e-01
1.937000000000000055e+00,-3.179742166038355133e-01,-3.179742166038345141e-01,3.250839585358012984e-01
1.937999999999999945e+00,-3.184937631596189145e-01,-3.184937631596179708e-01,3.235669833291797692e-01
1.939000000000000057e+00,-3.190085068012956659e-01,-3.190085068012946667e-01,3.220501247532325251e-01
1.939999999999999947e+00,-3.195184303213309818e-01,-3.195184303213300936e-01,3.205335022284577784e-01
1.941000000000000059e+00,-3.200235174934932258e-01,-3.200235174934923377e-01,3.190172355399166215e-01
1.941999999999999948e+00,-3.205237530737873319e-01,-3.205237530737863327e-01,3.175014448183842708e-01
1.943000000000000060e+00,-3.210191228011137765e-01,-3.210191228011127773e-01,3.159862505214163786e-01
1.943999999999999950e+00,-3.215096133976482751e-01,-3.215096133976473314e-01,3.144717734143254728e-01
1.945000000000000062e+00,-3.219952125689419242e-01,-3.219952125689408695e-01,3.129581345510867307e-01
1.945999999999999952e+00,-3.224759090037397358e-01,-3.224759090037386255e-01,3.114454552551691457e-01
1.947000000000000064e+00,-3.229516923735186729e-01,-3.229516923735175071e-01,3.099338571003036891e-01
1.947999999999999954e+00,-3.234225533317406365e-01,-3.234225533317394707e-01,3.084234618911939618e-01
1.949000000000000066e+00,-3.238884835128234552e-01,-3.238884835128224005e-01,3.069143916441744446e-01
1.949999999999999956e+00,-3.243494755308254929e-01,-3.243494755308244937e-01,3.054067685678249489e-01
1.951000000000000068e+00,-3.248055229778453734e-01,-3.248055229778443742e-01,3.039007150435468763e-01
1.951999999999999957e+00,-3.252566204221345458e-01,-3.252566204221334911e-01,3.023963536061097246e-01
1.953000000000000069e+00,-3.257027634059255772e-01,-3.257027634059244114e-01,3.008938069241667845e-01
1.953999999999999959e+00,-3.261439484429693447e-01,-3.261439484429682345e-01,2.993931977807606781e-01
1.955000000000000071e+00,-3.265801730157892879e-01,-3.265801730157881222e-01,2.978946490538096903e-01
1.955999999999999961e+00,-3.270114355726448374e-01,-3.270114355726436717e-01,2.963982836965929346e-01
1.957000000000000073e+00,-3.274377355242087395e-01,-3.274377355242076293e-01,2.949042247182344090e-01
1.957999999999999963e+00,-3.278590732399558338e-01,-3.278590732399546681e-01,2.934125951641988750e-01
1.959000000000000075e+00,-3.282754500442657264e-01,-3.282754500442646162e-01,2.919235180967946763e-01
1.959999999999999964e+00,-3.286868682122369711e-01,-3.286868682122358054e-01,2.904371165757061446e-01
1.961000000000000076e+00,-3.290933309652158689e-01,-3.290933309652146477e-01,2.889535136385450453e-01
1.961999999999999966e+00,-3.294948424660371078e-01,-3.294948424660359976e-01,2.874728322814418813e-01
1.963000000000000078e+00,-3.298914078139809636e-01,-3.298914078139798534e-01,2.859951954396749985e-01
1.963999999999999968e+00,-3.302830330394441183e-01,-3.302830330394430081e-01,2.845207259683449341e-01
1.965000000000000080e+00,-3.306697250983269831e-01,-3.306697250983258174e-01,2.830495466231027768e-01
1.965999999999999970e+00,-3.310514918661375261e-01,-3.310514918661363604e-01,2.815817800409403104e-01
1.967000000000000082e+00,-3.314283421318141576e-01,-3.314283421318130474e-01,2.801175487210388892e-01
1.967999999999999972e+00,-3.318002855912658422e-01,-3.318002855912647875e-01,2.786569750056989703e-01
1.969000000000000083e+00,-3.321673328406357095e-01,-3.321673328406344883e-01,2.772001810613367589e-01
1.969999999999999973e+00,-3.325294953692832234e-01,-3.325294953692820576e-01,2.757472888595760563e-01
1.971000000000000085e+00,-3.328867855524925146e-01,-3.328867855524912933e-01,2.742984201584197645e-01
1.971999999999999975e+00,-3.332392166439036019e-01,-3.332392166439023806e-01,2.728536964835270306e-01
1.973000000000000087e+00,-3.335868027676734959e-01,-3.335868027676722747e-01,2.714132391095808172e-01
1.973999999999999977e+00,-3.339295589103626338e-01,-3.339295589103614681e-01,2.699771690417752112e-01
1.975000000000000089e+00,-3.342675009125545271e-01,-3.342675009125533059e-01,2.685456069974060389e-01
1.975999999999999979e+00,-3.346006454602072910e-01,-3.346006454602060698e-01,2.671186733875889341e-01
1.977000000000000091e+00,-3.349290100757410515e-01,-3.349290100757397193e-01,2.656964882990925370e-01
1.977999999999999980e+00,-3.352526131088617301e-01,-3.352526131088604533e-01,2.642791714763115807e-01
1.979000000000000092e+00,-3.355714737271259240e-01,-3.355714737271246473e-01,2.628668423033694856e-01
1.979999999999999982e+00,-3.358856119062473278e-01,-3.358856119062461620e-01,2.614596197863641169e-01
1.981000000000000094e+00,-3.361950484201491340e-01,-3.361950484201479128e-01,2.600576225357566496e-01
1.981999999999999984e+00,-3.364998048307633050e-01,-3.364998048307620837e-01,2.586609687489186404e-01
1.983000000000000096e+00,-3.367999034775824851e-01,-3.367999034775812639e-01,2.572697761928256499e-01
1.983999999999999986e+00,-3.370953674669633360e-01,-3.370953674669621147e-01,2.558841621869227811e-01
1.985000000000000098e+00,-3.373862206611889514e-01,-3.373862206611878412e-01,2.545042435861454289e-01
1.985999999999999988e+00,-3.376724876672907993e-01,-3.376724876672896336e-01,2.531301367641206057e-01
1.987000000000000099e+00,-3.379541938256330202e-01,-3.379541938256317990e-01,2.517619575965358569e-01
1.987999999999999989e+00,-3.382313651982653546e-01,-3.382313651982640779e-01,2.503998214446939707e-01
1.989000000000000101e+00,-3.385040285570458662e-01,-3.385040285570446450e-01,2.490438431392465735e-01
1.989999999999999991e+00,-3.387722113715371242e-01,-3.387722113715360139e-01,2.476941369641204316e-01
1.991000000000000103e+00,-3.390359417966810063e-01,-3.390359417966798405e-01,2.463508166406338240e-01
1.991999999999999993e+00,-3.392952486602547890e-01,-3.392952486602535678e-01,2.450139953118094793e-01
1.993000000000000105e+00,-3.395501614501126308e-01,-3.395501614501115206e-01,2.436837855268901565e-01
1.993999999999999995e+00,-3.398007103012176122e-01,-3.398007103012163910e-01,2.423602992260541766e-01
1.995000000000000107e+00,-3.400469259824655532e-01,-3.400469259824643320e-01,2.410436477253425080e-01
1.995999999999999996e+00,-3.402888398833088246e-01,-3.402888398833076034e-01,2.397339417017943508e-01
1.997000000000000108e+00,-3.405264840001812621e-01,-3.405264840001800408e-01,2.384312911787972999e-01
1.997999999999999998e+00,-3.407598909227296802e-01,-3.407598909227285144e-01,2.371358055116573049e-01
1.999000000000000110e+00,-3.409890938198574806e-01,-3.409890938198563148e-01,2.358475933733850394e-01
2.000000000000000000e+00,-3.412141264255820206e-01,-3.412141264255809103e-01,2.345667627407101996e-01
2.000999999999999890e+00,-3.414350230247147899e-01,-3.414350230247136242e-01,2.332934208803170428e-01
2.002000000000000224e+00,-3.416518184383642298e-01,-3.416518184383631196e-01,2.320276743353133497e-01
2.003000000000000114e+00,-3.418645480092704636e-01,-3.418645480092692424e-01,2.307696289119273159e-01
2.004000000000000004e+00,-3.420732475869730504e-01,-3.420732475869718847e-01,2.295193896664381727e-01
2.004999999999999893e+00,-3.422779535128205874e-01,-3.422779535128194772e-01,2.282770608923430644e-01
2.006000000000000227e+00,-3.424787026048232708e-01,-3.424787026048220495e-01,2.270427461077593467e-01
2.007000000000000117e+00,-3.426755321423557987e-01,-3.426755321423544665e-01,2.258165480430717742e-01
2.008000000000000007e+00,-3.428684798507165565e-01,-3.428684798507152243e-01,2.245985686288108074e-01
2.008999999999999897e+00,-3.430575838855459692e-01,-3.430575838855448034e-01,2.233889089837820252e-01
2.010000000000000231e+00,-3.432428828171119606e-01,-3.432428828171107948e-01,2.221876694034349287e-01
2.011000000000000121e+00,-3.434244156144643512e-01,-3.434244156144631299e-01,2.209949493484792138e-01
2.012000000000000011e+00,-3.436022216294690179e-01,-3.436022216294677412e-01,2.198108474337412410e-01
2.012999999999999901e+00,-3.437763405807213735e-01,-3.437763405807202632e-01,2.186354614172739963e-01
2.014000000000000234e+00,-3.439468125373502660e-01,-3.439468125373490448e-01,2.174688881897107184e-01
2.015000000000000124e+00,-3.441136779027121895e-01,-3.441136779027110792e-01,2.163112237638672719e-01
2.016000000000000014e+00,-3.442769773979885706e-01,-3.442769773979874603e-01,2.151625632645918496e-01
2.016999999999999904e+00,-3.444367520456841358e-01,-3.444367520456830256e-01,2.140230009188645033e-01
2.018000000000000238e+00,-3.445930431530391802e-01,-3.445930431530380700e-01,2.128926300461429499e-01
2.019000000000000128e+00,-3.447458922953560156e-01,-3.447458922953549054e-01,2.117715430489626460e-01
2.020000000000000018e+00,-3.448953412992497580e-01,-3.448953412992487033e-01,2.106598314037751996e-01
2.020999999999999908e+00,-3.450414322258262279e-01,-3.450414322258251731e-01,2.095575856520440483e-01
2.022000000000000242e+00,-3.451842073537955691e-01,-3.451842073537944033e-01,2.084648953915813063e-01
2.023000000000000131e+00,-3.453237091625255273e-01,-3.453237091625243615e-01,2.073818492681350212e-01
2.024000000000000021e+00,-3.454599803150411041e-01,-3.454599803150400494e-01,2.063085349672172386e-01
2.024999999999999911e+00,-3.455930636409781931e-01,-3.455930636409770829e-01,2.052450392061815065e-01
2.026000000000000245e+00,-3.457230021194945824e-01,-3.457230021194935832e-01,2.041914477265406036e-01
2.027000000000000135e+00,-3.458498388621472630e-01,-3.458498388621461528e-01,2.031478452865271012e-01
2.028000000000000025e+00,-3.459736170957391499e-01,-3.459736170957381507e-01,2.021143156538952601e-01
2.028999999999999915e+00,-3.460943801451460966e-01,-3.460943801451450419e-01,2.010909415989595994e-01
2.030000000000000249e+00,-3.462121714161244812e-01,-3.462121714161234820e-01,2.000778048878737725e-01
2.031000000000000139e+00,-3.463270343781112426e-01,-3.463270343781101879e-01,1.990749862761416189e-01
2.032000000000000028e+00,-3.464390125470184767e-01,-3.464390125470174775e-01,1.980825655023621401e-01
2.032999999999999918e+00,-3.465481494680315855e-01,-3.465481494680305863e-01,1.971006212822077330e-01
2.034000000000000252e+00,-3.466544886984168627e-01,-3.466544886984158635e-01,1.961292313026243572e-01
2.035000000000000142e+00,-3.467580737903414589e-01,-3.467580737903405153e-01,1.951684722162704000e-01
2.036000000000000032e+00,-3.468589482737195473e-01,-3.468589482737186591e-01,1.942184196361637361e-01
2.036999999999999922e+00,-3.469571556390819156e-01,-3.469571556390810274e-01,1.932791481305612402e-01
2.038000000000000256e+00,-3.470527393204827504e-01,-3.470527393204819178e-01,1.923507312180499085e-01
2.039000000000000146e+00,-3.471457426784458344e-01,-3.471457426784450018e-01,1.914332413628580531e-01
2.040000000000000036e+00,-3.472362089829575948e-01,-3.472362089829567622e-01,1.905267499703738876e-01
2.040999999999999925e+00,-3.473241813965151081e-01,-3.473241813965143310e-01,1.896313273828740542e-01
2.042000000000000259e+00,-3.474097029572316142e-01,-3.474097029572308371e-01,1.887470428754600416e-01
2.043000000000000149e+00,-3.474928165620089215e-01,-3.474928165620081444e-01,1.878739646521948581e-01
2.044000000000000039e+00,-3.475735649497831981e-01,-3.475735649497824209e-01,1.870121598424384912e-01
2.044999999999999929e+00,-3.476519906848487551e-01,-3.476519906848479224e-01,1.861616944973767673e-01
2.046000000000000263e+00,-3.477281361402655424e-01,-3.477281361402646542e-01,1.853226335867444174e-01
2.047000000000000153e+00,-3.478020434813601791e-01,-3.478020434813593464e-01,1.844950409957358262e-01
2.048000000000000043e+00,-3.478737546493232968e-01,-3.478737546493223531e-01,1.836789795220956090e-01
2.048999999999999932e+00,-3.479433113449109660e-01,-3.479433113449100778e-01,1.828745108733912383e-01
2.049999999999999822e+00,-3.480107550122559790e-01,-3.480107550122550908e-01,1.820816956644633611e-01
2.051000000000000156e+00,-3.480761268227956506e-01,-3.480761268227947625e-01,1.813005934150448417e-01
2.052000000000000046e+00,-3.481394676593219661e-01,-3.481394676593211335e-01,1.805312625475480603e-01
2.052999999999999936e+00,-3.482008181001600144e-01,-3.482008181001592373e-01,1.797737603850166066e-01
2.053999999999999826e+00,-3.482602184034818693e-01,-3.482602184034812032e-01,1.790281431492310449e-01
2.055000000000000160e+00,-3.483177084917604693e-01,-3.483177084917597477e-01,1.782944659589780767e-01
2.056000000000000050e+00,-3.483733279363702140e-01,-3.483733279363693813e-01,1.775727828284627552e-01
2.056999999999999940e+00,-3.484271159423408259e-01,-3.484271159423401043e-01,1.768631466658677764e-01
2.057999999999999829e+00,-3.484791113332700307e-01,-3.484791113332692536e-01,1.761656092720547406e-01
2.059000000000000163e+00,-3.485293525364003275e-01,-3.485293525363994949e-01,1.754802213394041077e-01
2.060000000000000053e+00,-3.485778775678665120e-01,-3.485778775678657349e-01,1.748070324507842721e-01
2.060999999999999943e+00,-3.486247240181196139e-01,-3.486247240181188367e-01,1.741460910786505056e-01
2.061999999999999833e+00,-3.486699290375329108e-01,-3.486699290375321891e-01,1.734974445842641377e-01
2.063000000000000167e+00,-3.487135293221958476e-01,-3.487135293221950705e-01,1.728611392170348315e-01
2.064000000000000057e+00,-3.487555610999004685e-01,-3.487555610998996913e-01,1.722372201139738823e-01
2.064999999999999947e+00,-3.487960601163288543e-01,-3.487960601163280216e-01,1.716257312992557349e-01
2.065999999999999837e+00,-3.488350616214426214e-01,-3.488350616214417887e-01,1.710267156838895519e-01
2.067000000000000171e+00,-3.488726003560849165e-01,-3.488726003560840838e-01,1.704402150654827364e-01
2.068000000000000060e+00,-3.489087105387962406e-01,-3.489087105387954635e-01,1.698662701281086762e-01
2.068999999999999950e+00,-3.489434258528514299e-01,-3.489434258528506527e-01,1.693049204422592546e-01
2.069999999999999840e+00,-3.489767794335232320e-01,-3.489767794335222884e-01,1.687562044648885928e-01
2.071000000000000174e+00,-3.490088038555766436e-01,-3.490088038555757555e-01,1.682201595395338978e-01
2.072000000000000064e+00,-3.490395311210000573e-01,-3.490395311209991691e-01,1.676968218965199653e-01
2.072999999999999954e+00,-3.490689926469773274e-01,-3.490689926469763282e-01,1.671862266532317676e-01
2.073999999999999844e+00,-3.490972192541067498e-01,-3.490972192541058616e-01,1.666884078144590109e-01
2.075000000000000178e+00,-3.491242411548717284e-01,-3.491242411548708402e-01,1.662033982728030046e-01
2.076000000000000068e+00,-3.491500879423664050e-01,-3.491500879423654613e-01,1.657312298091472569e-01
2.076999999999999957e+00,-3.491747885792834127e-01,-3.491747885792825246e-01,1.652719330931804176e-01
2.077999999999999847e+00,-3.491983713871665840e-01,-3.491983713871656958e-01,1.648255376839729558e-01
2.079000000000000181e+00,-3.492208640359343308e-01,-3.492208640359333316e-01,1.643920720306034366e-01
2.080000000000000071e+00,-3.492422935336759737e-01,-3.492422935336750300e-01,1.639715634728260429e-01
2.080999999999999961e+00,-3.492626862167296231e-01,-3.492626862167288460e-01,1.635640382417792582e-01
2.081999999999999851e+00,-3.492820677400412244e-01,-3.492820677400403917e-01,1.631695214607323530e-01
2.083000000000000185e+00,-3.493004630678112621e-01,-3.493004630678104294e-01,1.627880371458628184e-01
2.084000000000000075e+00,-3.493178964644343965e-01,-3.493178964644335638e-01,1.624196082070626657e-01
2.084999999999999964e+00,-3.493343914857325316e-01,-3.493343914857316435e-01,1.620642564487724535e-01
2.085999999999999854e+00,-3.493499709704888656e-01,-3.493499709704881440e-01,1.617220025708352160e-01
2.087000000000000188e+00,-3.493646570322848088e-01,-3.493646570322839762e-01,1.613928661693699029e-01
2.088000000000000078e+00,-3.493784710516424363e-01,-3.493784710516417147e-01,1.610768657376623336e-01
2.088999999999999968e+00,-3.493914336684794675e-01,-3.493914336684786903e-01,1.607740186670651994e-01
2.089999999999999858e+00,-3.494035647748758855e-01,-3.494035647748751083e-01,1.604843412479124432e-01
2.091000000000000192e+00,-3.494148835081594129e-01,-3.494148835081587467e-01,1.602078486704351101e-01
2.092000000000000082e+00,-3.494254082443106757e-01,-3.494254082443100096e-01,1.599445550256888837e-01
2.092999999999999972e+00,-3.494351565916913316e-01,-3.494351565916906655e-01,1.596944733064756816e-01
2.093999999999999861e+00,-3.494441453850997137e-01,-3.494441453850991586e-01,1.594576154082690822e-01
2.095000000000000195e+00,-3.494523906801552116e-01,-3.494523906801544899e-01,1.592339921301367256e-01
2.096000000000000085e+00,-3.494599077480144977e-01,-3.494599077480138316e-01,1.590236131756573024e-01
2.096999999999999975e+00,-3.494667110704231527e-01,-3.494667110704225421e-01,1.588264871538294098e-01
2.097999999999999865e+00,-3.494728143351036875e-01,-3.494728143351030769e-01,1.586426215799742190e-01
2.099000000000000199e+00,-3.494782304314834609e-01,-3.494782304314827948e-01,1.584720228766269279e-01
2.100000000000000089e+00,-3.494829714467644899e-01,-3.494829714467638793e-01,1.583146963744142821e-01
2.100999999999999979e+00,-3.494870486623365968e-01,-3.494870486623360972e-01,1.581706463129239348e-01
2.101999999999999869e+00,-3.494904725505370569e-01,-3.494904725505364462e-01,1.580398758415539062e-01
2.103000000000000203e+00,-3.494932527717569126e-01,-3.494932527717562465e-01,1.579223870203507185e-01
2.104000000000000092e+00,-3.494953981718971758e-01,-3.494953981718966762e-01,1.578181808208311554e-01
2.104999999999999982e+00,-3.494969167801763588e-01,-3.494969167801756926e-01,1.577272571267850365e-01
2.105999999999999872e+00,-3.494978158072885033e-01,-3.494978158072879482e-01,1.576496147350649746e-01
2.107000000000000206e+00,-3.494981016439169808e-01,-3.494981016439163146e-01,1.575852513563529844e-01
2.108000000000000096e+00,-3.494977798596007323e-01,-3.494977798596000662e-01,1.575341636159136582e-01
2.108999999999999986e+00,-3.494968552019573349e-01,-3.494968552019567798e-01,1.574963470543303823e-01
2.109999999999999876e+00,-3.494953315962622264e-01,-3.494953315962616158e-01,1.574717961282188772e-01
2.111000000000000210e+00,-3.494932121453842577e-01,-3.494932121453837026e-01,1.574605042109309128e-01
2.112000000000000099e+00,-3.494904991300796793e-01,-3.494904991300790686e-01,1.574624635932340977e-01
2.112999999999999989e+00,-3.494871940096430096e-01,-3.494871940096425655e-01,1.574776654839824541e-01
2.113999999999999879e+00,-3.494832974229172828e-01,-3.494832974229168387e-01,1.575061000107671194e-01
2.115000000000000213e+00,-3.494788091896606774e-01,-3.494788091896601223e-01,1.575477562205551685e-01
2.116000000000000103e+00,-3.494737283122723026e-01,-3.494737283122718585e-01,1.576026220803154465e-01
2.116999999999999993e+00,-3.494680529778757538e-01,-3.494680529778753653e-01,1.576706844776352978e-01
2.117999999999999883e+00,-3.494617805607589389e-01,-3.494617805607584948e-01,1.577519292213220015e-01
2.119000000000000217e+00,-3.494549076251715625e-01,-3.494549076251710629e-01,1.578463410420019031e-01
2.120000000000000107e+00,-3.494474299284778818e-01,-3.494474299284774377e-01,1.579539035927108592e-01
2.120999999999999996e+00,-3.494393424246647895e-01,-3.494393424246644009e-01,1.580745994494788809e-01
2.121999999999999886e+00,-3.494306392682036688e-01,-3.494306392682032802e-01,1.582084101119172748e-01
2.123000000000000220e+00,-3.494213138182641343e-01,-3.494213138182636347e-01,1.583553160038013163e-01
2.124000000000000110e+00,-3.494113586432806562e-01,-3.494113586432802676e-01,1.585152964736593340e-01
2.125000000000000000e+00,-3.494007655258672962e-01,-3.494007655258668521e-01,1.586883297953649574e-01
2.125999999999999890e+00,-3.493895254680804419e-01,-3.493895254680799978e-01,1.588743931687392474e-01
2.127000000000000224e+00,-3.493776286970282086e-01,-3.493776286970278200e-01,1.590734627201637608e-01
2.128000000000000114e+00,-3.493650646708232888e-01,-3.493650646708227336e-01,1.592855135032071601e-01
2.129000000000000004e+00,-3.493518220848769174e-01,-3.493518220848764733e-01,1.595105194992713082e-01
2.129999999999999893e+00,-3.493378888785327874e-01,-3.493378888785322878e-01,1.597484536182547377e-01
2.131000000000000227e+00,-3.493232522420368635e-01,-3.493232522420364194e-01,1.599992876992444857e-01
2.132000000000000117e+00,-3.493078986238410399e-01,-3.493078986238405959e-01,1.602629925112344367e-01
2.133000000000000007e+00,-3.492918137382381438e-01,-3.492918137382378108e-01,1.605395377538729462e-01
2.133999999999999897e+00,-3.492749825733242330e-01,-3.492749825733237889e-01,1.608288920582510162e-01
2.135000000000000231e+00,-3.492573893992847456e-01,-3.492573893992843015e-01,1.611310229877236655e-01
2.136000000000000121e+00,-3.492390177770035020e-01,-3.492390177770030579e-01,1.614458970387802617e-01
2.137000000000000011e+00,-3.492198505669865671e-01,-3.492198505669860675e-01,1.617734796419592058e-01
2.137999999999999901e+00,-3.491998699386021920e-01,-3.491998699386016369e-01,1.621137351628171575e-01
2.139000000000000234e+00,-3.491790573796285102e-01,-3.491790573796279551e-01,1.624666269029487742e-01
2.140000000000000124e+00,-3.491573937061084321e-01,-3.491573937061077659e-01,1.628321171010732593e-01
2.141000000000000014e+00,-3.491348590725040779e-01,-3.491348590725035228e-01,1.632101669341833039e-01
2.141999999999999904e+00,-3.491114329821499718e-01,-3.491114329821493056e-01,1.636007365187629181e-01
2.143000000000000238e+00,-3.490870942979966696e-01,-3.490870942979960034e-01,1.640037849120796198e-01
2.144000000000000128e+00,-3.490618212536438225e-01,-3.490618212536432674e-01,1.644192701135535339e-01
2.145000000000000018e+00,-3.490355914646543489e-01,-3.490355914646539048e-01,1.648471490662154482e-01
2.145999999999999908e+00,-3.490083819401468279e-01,-3.490083819401462173e-01,1.652873776582441945e-01
2.147000000000000242e+00,-3.489801690946597312e-01,-3.489801690946590096e-01,1.657399107246058656e-01
2.148000000000000131e+00,-3.489509287602838850e-01,-3.489509287602832188e-01,1.662047020487818771e-01
2.149000000000000021e+00,-3.489206361990551120e-01,-3.489206361990546124e-01,1.666817043646063867e-01
2.149999999999999911e+00,-3.488892661156032249e-01,-3.488892661156027253e-01,1.671708693582063809e-01
2.151000000000000245e+00,-3.488567926700505972e-01,-3.488567926700500976e-01,1.676721476700566704e-01
2.152000000000000135e+00,-3.488231894911555386e-01,-3.488231894911550945e-01,1.681854888971474615e-01
2.153000000000000025e+00,-3.487884296896933689e-01,-3.487884296896927028e-01,1.687108415952775775e-01
2.153999999999999915e+00,-3.487524858720679188e-01,-3.487524858720674747e-01,1.692481532814717471e-01
2.155000000000000249e+00,-3.487153301541514594e-01,-3.487153301541509598e-01,1.697973704365291769e-01
2.156000000000000139e+00,-3.486769341753399587e-01,-3.486769341753395701e-01,1.703584385077066832e-01
2.157000000000000028e+00,-3.486372691128234447e-01,-3.486372691128227785e-01,1.709313019115445698e-01
2.157999999999999918e+00,-3.485963056960594830e-01,-3.485963056960589834e-01,1.715159040368350873e-01
2.159000000000000252e+00,-3.485540142214484383e-01,-3.485540142214479387e-01,1.721121872477421877e-01
2.160000000000000142e+00,-3.485103645671975281e-01,-3.485103645671969175e-01,1.727200928870720742e-01
2.161000000000000032e+00,-3.484653262083705627e-01,-3.484653262083701186e-01,1.733395612797068996e-01
2.161999999999999922e+00,-3.484188682321165964e-01,-3.484188682321160968e-01,1.739705317361980308e-01
2.163000000000000256e+00,-3.483709593530662230e-01,-3.483709593530657789e-01,1.746129425565262350e-01
2.164000000000000146e+00,-3.483215679288929056e-01,-3.483215679288923505e-01,1.752667310340345341e-01
2.165000000000000036e+00,-3.482706619760285172e-01,-3.482706619760279620e-01,1.759318334595361411e-01
2.165999999999999925e+00,-3.482182091855265949e-01,-3.482182091855261508e-01,1.766081851256008362e-01
2.167000000000000259e+00,-3.481641769390670382e-01,-3.481641769390666497e-01,1.772957203310251140e-01
2.168000000000000149e+00,-3.481085323250914798e-01,-3.481085323250910912e-01,1.779943723854887638e-01
2.169000000000000039e+00,-3.480512421550644442e-01,-3.480512421550641111e-01,1.787040736144031583e-01
2.169999999999999929e+00,-3.479922729798510805e-01,-3.479922729798508585e-01,1.794247553639534976e-01
2.171000000000000263e+00,-3.479315911062032529e-01,-3.479315911062030864e-01,1.801563480063382849e-01
2.172000000000000153e+00,-3.478691626133474935e-01,-3.478691626133472159e-01,1.808987809452071716e-01
2.173000000000000043e+00,-3.478049533696645490e-01,-3.478049533696644380e-01,1.816519826213078559e-01
2.173999999999999932e+00,-3.477389290494546925e-01,-3.477389290494544705e-01,1.824158805183356824e-01
2.175000000000000266e+00,-3.476710551497786406e-01,-3.476710551497784740e-01,1.831904011689933498e-01
2.176000000000000156e+00,-3.476012970073686370e-01,-3.476012970073684150e-01,1.839754701612639487e-01
2.177000000000000046e+00,-3.475296198155973793e-01,-3.475296198155971572e-01,1.847710121449002429e-01
2.177999999999999936e+00,-3.474559886415010679e-01,-3.474559886415008458e-01,1.855769508381261701e-01
2.178999999999999826e+00,-3.473803684428450333e-01,-3.473803684428449223e-01,1.863932090345627457e-01
2.180000000000000160e+00,-3.473027240852260000e-01,-3.473027240852258890e-01,1.872197086103737640e-01
2.181000000000000050e+00,-3.472230203592003295e-01,-3.472230203592002185e-01,1.880563705316291023e-01
2.181999999999999940e+00,-3.471412219974322477e-01,-3.471412219974321367e-01,1.889031148619029488e-01
2.182999999999999829e+00,-3.470572936918527862e-01,-3.470572936918525642e-01,1.897598607700883566e-01
2.184000000000000163e+00,-3.469712001108207211e-01,-3.469712001108204436e-01,1.906265265384431140e-01
2.185000000000000053e+00,-3.468829059162787942e-01,-3.468829059162785167e-01,1.915030295708645691e-01
2.185999999999999943e+00,-3.467923757808951679e-01,-3.467923757808948348e-01,1.923892864013919124e-01
2.186999999999999833e+00,-3.466995744051833972e-01,-3.466995744051831196e-01,1.932852127029381639e-01
2.188000000000000167e+00,-3.466044665345918152e-01,-3.466044665345915932e-01,1.941907232962538643e-01
2.189000000000000057e+00,-3.465070169765552821e-01,-3.465070169765549490e-01,1.951057321591185278e-01
2.189999999999999947e+00,-3.464071906175000271e-01,-3.464071906174996940e-01,1.960301524357647152e-01
2.190999999999999837e+00,-3.463049524397944223e-01,-3.463049524397939782e-01,1.969638964465325881e-01
2.192000000000000171e+00,-3.462002675386373074e-01,-3.462002675386369743e-01,1.979068756977520327e-01
2.193000000000000060e+00,-3.460931011388777012e-01,-3.460931011388773682e-01,1.988590008918556251e-01
2.193999999999999950e+00,-3.459834186117531352e-01,-3.459834186117528576e-01,1.998201819377214694e-01
2.194999999999999840e+00,-3.458711854915466066e-01,-3.458711854915462180e-01,2.007903279612416325e-01
2.196000000000000174e+00,-3.457563674921467767e-01,-3.457563674921463881e-01,2.017693473161168149e-01
2.197000000000000064e+00,-3.456389305235095244e-01,-3.456389305235092468e-01,2.027571475948782842e-01
2.197999999999999954e+00,-3.455188407080105883e-01,-3.455188407080103108e-01,2.037536356401316584e-01
2.198999999999999844e+00,-3.453960643966814681e-01,-3.453960643966811350e-01,2.047587175560236228e-01
2.200000000000000178e+00,-3.452705681853238673e-01,-3.452705681853235342e-01,2.057722987199255837e-01
2.201000000000000068e+00,-3.451423189304937411e-01,-3.451423189304932970e-01,2.067942837943389789e-01
2.201999999999999957e+00,-3.450112837653471209e-01,-3.450112837653467324e-01,2.078245767390142773e-01
2.202999999999999847e+00,-3.448774301153430533e-01,-3.448774301153426647e-01,2.088630808232809222e-01
2.204000000000000181e+00,-3.447407257137953263e-01,-3.447407257137949932e-01,2.099096986385913244e-01
2.205000000000000071e+00,-3.446011386172661561e-01,-3.446011386172658786e-01,2.109643321112654457e-01
2.205999999999999961e+00,-3.444586372207963931e-01,-3.444586372207960046e-01,2.120268825154485448e-01
2.206999999999999851e+00,-3.443131902729644755e-01,-3.443131902729641425e-01,2.130972504862612416e-01
2.208000000000000185e+00,-3.441647668907691360e-01,-3.441647668907688029e-01,2.141753360331525025e-01
2.209000000000000075e+00,-3.440133365743292537e-01,-3.440133365743289762e-01,2.152610385534420301e-01
2.209999999999999964e+00,-3.438588692213938591e-01,-3.438588692213934705e-01,2.163542568460572468e-01
2.210999999999999854e+00,-3.437013351416579043e-01,-3.437013351416575713e-01,2.174548891254521332e-01
2.212000000000000188e+00,-3.435407050708781385e-01,-3.435407050708778054e-01,2.185628330357118621e-01
2.213000000000000078e+00,-3.433769501847817596e-01,-3.433769501847814265e-01,2.196779856648290730e-01
2.213999999999999968e+00,-3.432100421127644019e-01,-3.432100421127640688e-01,2.208002435591617796e-01
2.214999999999999858e+00,-3.430399529513713519e-01,-3.430399529513710188e-01,2.219295027380536189e-01
2.216000000000000192e+00,-3.428666552775571086e-01,-3.428666552775567200e-01,2.230656587086199405e-01
2.217000000000000082e+00,-3.426901221617183468e-01,-3.426901221617180138e-01,2.242086064806927959e-01
2.217999999999999972e+00,-3.425103271804963434e-01,-3.425103271804959548e-01,2.253582405819213874e-01
2.218999999999999861e+00,-3.423272444293413708e-01,-3.423272444293410377e-01,2.265144550730225914e-01
2.220000000000000195e+00,-3.421408485348402251e-01,-3.421408485348400585e-01,2.276771435631714802e-01
2.221000000000000085e+00,-3.419511146667975066e-01,-3.419511146667972845e-01,2.288461992255337307e-01
2.221999999999999975e+00,-3.417580185500672108e-01,-3.417580185500670442e-01,2.300215148129312326e-01
2.222999999999999865e+00,-3.415615364761360739e-01,-3.415615364761357409e-01,2.312029826736361759e-01
2.224000000000000199e+00,-3.413616453144463492e-01,-3.413616453144460161e-01,2.323904947672848775e-01
2.225000000000000089e+00,-3.411583225234636751e-01,-3.411583225234633976e-01,2.335839426809083186e-01
2.225999999999999979e+00,-3.409515461614787135e-01,-3.409515461614784915e-01,2.347832176450786734e-01
2.226999999999999869e+00,-3.407412948971455524e-01,-3.407412948971453304e-01,2.359882105501536209e-01
2.228000000000000203e+00,-3.405275480197499371e-01,-3.405275480197497151e-01,2.371988119626263769e-01
2.229000000000000092e+00,-3.403102854492072171e-01,-3.403102854492069396e-01,2.384149121415598815e-01
2.229999999999999982e+00,-3.400894877457850685e-01,-3.400894877457847909e-01,2.396364010551205459e-01
2.230999999999999872e+00,-3.398651361195507703e-01,-3.398651361195504927e-01,2.408631683971823034e-01
2.232000000000000206e+00,-3.396372124395398151e-01,-3.396372124395395375e-01,2.420951036040097371e-01
2.233000000000000096e+00,-3.394056992426431330e-01,-3.394056992426429664e-01,2.433320958710102344e-01
2.233999999999999986e+00,-3.391705797422127633e-01,-3.391705797422125968e-01,2.445740341695492037e-01
2.234999999999999876e+00,-3.389318378363829209e-01,-3.389318378363828099e-01,2.458208072638176367e-01
2.236000000000000210e+00,-3.386894581161049578e-01,-3.386894581161048468e-01,2.470723037277553491e-01
2.237000000000000099e+00,-3.384434258728961642e-01,-3.384434258728961087e-01,2.483284119620125519e-01
2.237999999999999989e+00,-3.381937271063001349e-01,-3.381937271063001349e-01,2.495890202109533607e-01
2.238999999999999879e+00,-3.379403485310573663e-01,-3.379403485310573663e-01,2.508540165796875332e-01
2.240000000000000213e+00,-3.376832775839868628e-01,-3.376832775839867518e-01,2.521232890511300728e-01
2.241000000000000103e+00,-3.374225024305767540e-01,-3.374225024305766985e-01,2.533967255030734611e-01
2.241999999999999993e+00,-3.371580119712833667e-01,-3.371580119712832557e-01,2.546742137252809290e-01
2.242999999999999883e+00,-3.368897958475397525e-01,-3.368897958475396415e-01,2.559556414365783406e-01
2.244000000000000217e+00,-3.366178444474721143e-01,-3.366178444474720033e-01,2.572408963019504058e-01
2.245000000000000107e+00,-3.363421489113253560e-01,-3.363421489113253005e-01,2.585298659496267915e-01
2.245999999999999996e+00,-3.360627011365961425e-01,-3.360627011365959760e-01,2.598224379881606816e-01
2.246999999999999886e+00,-3.357794937828754156e-01,-3.357794937828753601e-01,2.611185000234843567e-01
2.248000000000000220e+00,-3.354925202764015291e-01,-3.354925202764014180e-01,2.624179396759425131e-01
2.249000000000000110e+00,-3.352017748143213405e-01,-3.352017748143212295e-01,2.637206445972914426e-01
2.250000000000000000e+00,-3.349072523686636993e-01,-3.349072523686634772e-01,2.650265024876661268e-01
2.250999999999999890e+00,-3.346089486900231114e-01,-3.346089486900230003e-01,2.663354011125029785e-01
2.252000000000000224e+00,-3.343068603109583536e-01,-3.343068603109582426e-01,2.676472283194096802e-01
2.253000000000000114e+00,-3.340009845491028195e-01,-3.340009845491027640e-01,2.689618720549863395e-01
2.254000000000000004e+00,-3.336913195099908136e-01,-3.336913195099907026e-01,2.702792203815835848e-01
2.254999999999999893e+00,-3.333778640896011836e-01,-3.333778640896010170e-01,2.715991614939946008e-01
2.256000000000000227e+00,-3.330606179766173458e-01,-3.330606179766171793e-01,2.729215837360768893e-01
2.257000000000000117e+00,-3.327395816544101992e-01,-3.327395816544100882e-01,2.742463756172925371e-01
2.258000000000000007e+00,-3.324147564027390978e-01,-3.324147564027389312e-01,2.755734258291726024e-01
2.258999999999999897e+00,-3.320861442991789869e-01,-3.320861442991788204e-01,2.769026232616886851e-01
2.260000000000000231e+00,-3.317537482202723709e-01,-3.317537482202721488e-01,2.782338570195306282e-01
2.261000000000000121e+00,-3.314175718424084982e-01,-3.314175718424082762e-01,2.795670164382881295e-01
2.262000000000000011e+00,-3.310776196424332629e-01,-3.310776196424330964e-01,2.809019911005268266e-01
2.262999999999999901e+00,-3.307338968979914307e-01,-3.307338968979911531e-01,2.822386708517559128e-01
2.264000000000000234e+00,-3.303864096876023004e-01,-3.303864096876019119e-01,2.835769458162828993e-01
2.265000000000000124e+00,-3.300351648904746860e-01,-3.300351648904743529e-01,2.849167064129448645e-01
2.266000000000000014e+00,-3.296801701860597733e-01,-3.296801701860595513e-01,2.862578433707233527e-01
2.266999999999999904e+00,-3.293214340533485163e-01,-3.293214340533481832e-01,2.876002477442247685e-01
2.268000000000000238e+00,-3.289589657699116820e-01,-3.289589657699112379e-01,2.889438109290328738e-01
2.269000000000000128e+00,-3.285927754106913179e-01,-3.285927754106909848e-01,2.902884246769159571e-01
2.270000000000000018e+00,-3.282228738465409745e-01,-3.282228738465406970e-01,2.916339811109029956e-01
2.270999999999999908e+00,-3.278492727425207920e-01,-3.278492727425205144e-01,2.929803727402047753e-01
2.272000000000000242e+00,-3.274719845559503906e-01,-3.274719845559499465e-01,2.943274924749891830e-01
2.273000000000000131e+00,-3.270910225342211763e-01,-3.270910225342207878e-01,2.956752336409981252e-01
2.274000000000000021e+00,-3.267064007123729463e-01,-3.267064007123726133e-01,2.970234899940120687e-01
2.274999999999999911e+00,-3.263181339104371248e-01,-3.263181339104367362e-01,2.983721557341462161e-01
2.276000000000000245e+00,-3.259262377305496283e-01,-3.259262377305491842e-01,2.997211255199834778e-01
2.277000000000000135e+00,-3.255307285538382445e-01,-3.255307285538379114e-01,3.010702944825364158e-01
2.278000000000000025e+00,-3.251316235370865226e-01,-3.251316235370860785e-01,3.024195582390368786e-01
2.278999999999999915e+00,-3.247289406091770081e-01,-3.247289406091765640e-01,3.037688129065485576e-01
2.280000000000000249e+00,-3.243226984673202029e-01,-3.243226984673198143e-01,3.051179551153980207e-01
2.281000000000000139e+00,-3.239129165730704196e-01,-3.239129165730700310e-01,3.064668820224210610e-01
2.282000000000000028e+00,-3.234996151481309701e-01,-3.234996151481305260e-01,3.078154913240277457e-01
2.282999999999999918e+00,-3.230828151699566830e-01,-3.230828151699562389e-01,3.091636812690699565e-01
2.284000000000000252e+00,-3.226625383671527514e-01,-3.226625383671523073e-01,3.105113506715234117e-01
2.285000000000000142e+00,-3.222388072146770144e-01,-3.222388072146766258e-01,3.118583989229658515e-01
2.286000000000000032e+00,-3.218116449288462855e-01,-3.218116449288457859e-01,3.132047260048665960e-01
2.286999999999999922e+00,-3.213810754621526655e-01,-3.213810754621521659e-01,3.145502325006672706e-01
2.288000000000000256e+00,-3.209471234978942267e-01,-3.209471234978937826e-01,3.158948196076610815e-01
2.289000000000000146e+00,-3.205098144446218988e-01,-3.205098144446213992e-01,3.172383891486639795e-01
2.290000000000000036e+00,-3.200691744304053898e-01,-3.200691744304049458e-01,3.185808435834845964e-01
2.290999999999999925e+00,-3.196252302969260772e-01,-3.196252302969256887e-01,3.199220860201745231e-01
2.292000000000000259e+00,-3.191780095933968164e-01,-3.191780095933963723e-01,3.212620202260700886e-01
2.293000000000000149e+00,-3.187275405703146047e-01,-3.187275405703142717e-01,3.226005506386160904e-01
2.294000000000000039e+00,-3.182738521730483772e-01,-3.182738521730480441e-01,3.239375823759779172e-01
2.294999999999999929e+00,-3.178169740352669859e-01,-3.178169740352665973e-01,3.252730212474307381e-01
2.296000000000000263e+00,-3.173569364722104158e-01,-3.173569364722099717e-01,3.266067737635273693e-01
2.297000000000000153e+00,-3.168937704738100658e-01,-3.168937704738097882e-01,3.279387471460441517e-01
2.298000000000000043e+00,-3.164275076976579837e-01,-3.164275076976577061e-01,3.292688493377066150e-01
2.298999999999999932e+00,-3.159581804618326051e-01,-3.159581804618324385e-01,3.305969890116839394e-01
2.300000000000000266e+00,-3.154858217375827167e-01,-3.154858217375826057e-01,3.319230755808616484e-01
2.301000000000000156e+00,-3.150104651418758062e-01,-3.150104651418757506e-01,3.332470192068795467e-01
2.302000000000000046e+00,-3.145321449298102423e-01,-3.145321449298101868e-01,3.345687308089489442e-01
2.302999999999999936e+00,-3.140508959869003913e-01,-3.140508959869001693e-01,3.358881220724311278e-01
2.304000000000000270e+00,-3.135667538212344452e-01,-3.135667538212343342e-01,3.372051054571883477e-01
2.305000000000000160e+00,-3.130797545555116801e-01,-3.130797545555115136e-01,3.385195942056998808e-01
2.306000000000000050e+00,-3.125899349189590337e-01,-3.125899349189588672e-01,3.398315023509485000e-01
2.306999999999999940e+00,-3.120973322391358828e-01,-3.120973322391357718e-01,3.411407447240655810e-01
2.307999999999999829e+00,-3.116019844336270217e-01,-3.116019844336270217e-01,3.424472369617479472e-01
2.309000000000000163e+00,-3.111039300016283926e-01,-3.111039300016282816e-01,3.437508955134337407e-01
2.310000000000000053e+00,-3.106032080154292885e-01,-3.106032080154292885e-01,3.450516376482454239e-01
2.310999999999999943e+00,-3.100998581117965780e-01,-3.100998581117965780e-01,3.463493814616945832e-01
2.311999999999999833e+00,-3.095939204832606206e-01,-3.095939204832606761e-01,3.476440458821482560e-01
2.313000000000000167e+00,-3.090854358693118087e-01,-3.090854358693118642e-01,3.489355506770595583e-01
2.314000000000000057e+00,-3.085744455475064596e-01,-3.085744455475065706e-01,3.502238164589573377e-01
2.314999999999999947e+00,-3.080609913244882758e-01,-3.080609913244883868e-01,3.515087646912032349e-01
2.315999999999999837e+00,-3.075451155269286474e-01,-3.075451155269287584e-01,3.527903176935045515e-01
2.317000000000000171e+00,-3.070268609923889058e-01,-3.070268609923890724e-01,3.540683986471930833e-01
2.318000000000000060e+00,-3.065062710601100804e-01,-3.065062710601101914e-01,3.553429316002609251e-01
2.318999999999999950e+00,-3.059833895617285471e-01,-3.059833895617286581e-01,3.566138414721649608e-01
2.319999999999999840e+00,-3.054582608119269516e-01,-3.054582608119269516e-01,3.578810540583899358e-01
2.321000000000000174e+00,-3.049309295990212387e-01,-3.049309295990212942e-01,3.591444960347707216e-01
2.322000000000000064e+00,-3.044014411754873972e-01,-3.044014411754875082e-01,3.604040949615828771e-01
2.322999999999999954e+00,-3.038698412484294731e-01,-3.038698412484294731e-01,3.616597792873941786e-01
2.323999999999999844e+00,-3.033361759699970683e-01,-3.033361759699971794e-01,3.629114783526777299e-01
2.325000000000000178e+00,-3.028004919277500484e-01,-3.028004919277501039e-01,3.641591223931933685e-01
2.326000000000000068e+00,-3.022628361349793402e-01,-3.022628361349792847e-01,3.654026425431277092e-01
2.326999999999999957e+00,-3.017232560209808789e-01,-3.017232560209808789e-01,3.666419708380057596e-01
2.327999999999999847e+00,-3.011817994212913074e-01,-3.011817994212913074e-01,3.678770402173674459e-01
2.329000000000000181e+00,-3.006385145678869275e-01,-3.006385145678869275e-01,3.691077845272077718e-01
2.330000000000000071e+00,-3.000934500793488446e-01,-3.000934500793488446e-01,3.703341385221849968e-01
2.330999999999999961e+00,-2.995466549509950283e-01,-2.995466549509949172e-01,3.715560378676048270e-01
2.331999999999999851e+00,-2.989981785449888352e-01,-2.989981785449887797e-01,3.727734191411640197e-01
2.333000000000000185e+00,-2.984480705804196110e-01,-2.984480705804196110e-01,3.739862198344731103e-01
2.334000000000000075e+00,-2.978963811233658054e-01,-2.978963811233658054e-01,3.751943783543439936e-01
2.334999999999999964e+00,-2.973431605769342734e-01,-2.973431605769343289e-01,3.763978340238596787e-01
2.335999999999999854e+00,-2.967884596712906387e-01,-2.967884596712906387e-01,3.775965270832089549e-01
2.337000000000000188e+00,-2.962323294536722829e-01,-2.962323294536723939e-01,3.787903986903022324e-01
2.338000000000000078e+00,-2.956748212783956165e-01,-2.956748212783957275e-01,3.799793909211635623e-01
2.338999999999999968e+00,-2.951159867968532469e-01,-2.951159867968534134e-01,3.811634467701013329e-01
2.339999999999999858e+00,-2.945558779475109246e-01,-2.945558779475110911e-01,3.823425101496576994e-01
2.341000000000000192e+00,-2.939945469459016580e-01,-2.939945469459019356e-01,3.835165258903404650e-01
2.342000000000000082e+00,-2.934320462746226044e-01,-2.934320462746228264e-01,3.846854397401378023e-01
2.342999999999999972e+00,-2.928684286733362341e-01,-2.928684286733364561e-01,3.858491983638175360e-01
2.343999999999999861e+00,-2.923037471287779909e-01,-2.923037471287781575e-01,3.870077493420155945e-01
2.345000000000000195e+00,-2.917380548647763860e-01,-2.917380548647765526e-01,3.881610411701076346e-01
2.346000000000000085e+00,-2.911714053322844165e-01,-2.911714053322846385e-01,3.893090232568729991e-01
2.346999999999999975e+00,-2.906038521994251389e-01,-2.906038521994253054e-01,3.904516459229544489e-01
2.347999999999999865e+00,-2.900354493415556734e-01,-2.900354493415559509e-01,3.915888603991065642e-01
2.349000000000000199e+00,-2.894662508313536886e-01,-2.894662508313539662e-01,3.927206188242410301e-01
2.350000000000000089e+00,-2.888963109289235942e-01,-2.888963109289238718e-01,3.938468742432714720e-01
2.350999999999999979e+00,-2.883256840719286007e-01,-2.883256840719289338e-01,3.949675806047580617e-01
2.351999999999999869e+00,-2.877544248657519232e-01,-2.877544248657521453e-01,3.960826927583525059e-01
2.353000000000000203e+00,-2.871825880736857961e-01,-2.871825880736860181e-01,3.971921664520485229e-01
2.354000000000000092e+00,-2.866102286071541272e-01,-2.866102286071543492e-01,3.982959583292376982e-01
2.354999999999999982e+00,-2.860374015159681260e-01,-2.860374015159683481e-01,3.993940259255767122e-01
2.355999999999999872e+00,-2.854641619786203455e-01,-2.854641619786206230e-01,4.004863276656610571e-01
2.357000000000000206e+00,-2.848905652926151388e-01,-2.848905652926154164e-01,4.015728228595177862e-01
2.358000000000000096e+00,-2.843166668648430262e-01,-2.843166668648432482e-01,4.026534716989068063e-01
2.358999999999999986e+00,-2.837425222019943072e-01,-2.837425222019945847e-01,4.037282352534489194e-01
2.359999999999999876e+00,-2.831681869010200803e-01,-2.831681869010203023e-01,4.047970754665675130e-01
2.361000000000000210e+00,-2.825937166396407241e-01,-2.825937166396409461e-01,4.058599551512551695e-01
2.362000000000000099e+00,-2.820191671669015077e-01,-2.820191671669017297e-01,4.069168379856681339e-01
2.362999999999999989e+00,-2.814445942937787715e-01,-2.814445942937789935e-01,4.079676885085478655e-01
2.363999999999999879e+00,-2.808700538838407867e-01,-2.808700538838410643e-01,4.090124721144722253e-01
2.365000000000000213e+00,-2.802956018439610175e-01,-2.802956018439612396e-01,4.100511550489426282e-01
2.366000000000000103e+00,-2.797212941150900023e-01,-2.797212941150901688e-01,4.110837044033025522e-01
2.366999999999999993e+00,-2.791471866630806931e-01,-2.791471866630809151e-01,4.121100881095041690e-01
2.367999999999999883e+00,-2.785733354695782982e-01,-2.785733354695785202e-01,4.131302749347075531e-01
2.369000000000000217e+00,-2.779997965229683565e-01,-2.779997965229685786e-01,4.141442344757281235e-01
2.370000000000000107e+00,-2.774266258093889270e-01,-2.774266258093891491e-01,4.151519371533317071e-01
2.370999999999999996e+00,-2.768538793038055612e-01,-2.768538793038057833e-01,4.161533542063808877e-01
2.371999999999999886e+00,-2.762816129611534999e-01,-2.762816129611537774e-01,4.171484576858306981e-01
2.373000000000000220e+00,-2.757098827075467606e-01,-2.757098827075469272e-01,4.181372204485837019e-01
2.374000000000000110e+00,-2.751387444315555042e-01,-2.751387444315557262e-01,4.191196161512023566e-01
2.375000000000000000e+00,-2.745682539755521234e-01,-2.745682539755523455e-01,4.200956192434854297e-01
2.375999999999999890e+00,-2.739984671271319394e-01,-2.739984671271321615e-01,4.210652049619048043e-01
2.377000000000000224e+00,-2.734294396106021763e-01,-2.734294396106023983e-01,4.220283493229157745e-01
2.378000000000000114e+00,-2.728612270785493177e-01,-2.728612270785495952e-01,4.229850291161312281e-01
2.379000000000000004e+00,-2.722938851034764629e-01,-2.722938851034767405e-01,4.239352218973775899e-01
2.379999999999999893e+00,-2.717274691695198974e-01,-2.717274691695201194e-01,4.248789059816222569e-01
2.381000000000000227e+00,-2.711620346642418800e-01,-2.711620346642421020e-01,4.258160604357817958e-01
2.382000000000000117e+00,-2.705976368705027002e-01,-2.705976368705029222e-01,4.267466650714129006e-01
2.383000000000000007e+00,-2.700343309584084528e-01,-2.700343309584086748e-01,4.276707004372936605e-01
2.383999999999999897e+00,-2.694721719773418012e-01,-2.694721719773420787e-01,4.285881478118888088e-01
2.385000000000000231e+00,-2.689112148480746756e-01,-2.689112148480748421e-01,4.294989891957075034e-01
2.386000000000000121e+00,-2.683515143549584092e-01,-2.683515143549586313e-01,4.304032073035619632e-01
2.387000000000000011e+00,-2.677931251382007494e-01,-2.677931251382009714e-01,4.313007855567189130e-01
2.387999999999999901e+00,-2.672361016862243588e-01,-2.672361016862245808e-01,4.321917080749550499e-01
2.389000000000000234e+00,-2.666804983281083063e-01,-2.666804983281084729e-01,4.330759596685196389e-01
2.390000000000000124e+00,-2.661263692261179870e-01,-2.661263692261180980e-01,4.339535258299990206e-01
2.391000000000000014e+00,-2.655737683683164208e-01,-2.655737683683166428e-01,4.348243927260991293e-01
2.391999999999999904e+00,-2.650227495612634820e-01,-2.650227495612635931e-01,4.356885471893394146e-01
2.393000000000000238e+00,-2.644733664228015035e-01,-2.644733664228017811e-01,4.365459767096644406e-01
2.394000000000000128e+00,-2.639256723749297540e-01,-2.639256723749299205e-01,4.373966694259728838e-01
2.395000000000000018e+00,-2.633797206367612387e-01,-2.633797206367614052e-01,4.382406141175799741e-01
2.395999999999999908e+00,-2.628355642175743689e-01,-2.628355642175745355e-01,4.390778001955948362e-01
2.397000000000000242e+00,-2.622932559099478977e-01,-2.622932559099480088e-01,4.399082176942368250e-01
2.398000000000000131e+00,-2.617528482829866165e-01,-2.617528482829867276e-01,4.407318572620829711e-01
2.399000000000000021e+00,-2.612143936756365914e-01,-2.612143936756367024e-01,4.415487101532494796e-01
2.399999999999999911e+00,-2.606779441900879957e-01,-2.606779441900881622e-01,4.423587682185161074e-01
2.401000000000000245e+00,-2.601435516852699248e-01,-2.601435516852700358e-01,4.431620238963914771e-01
2.402000000000000135e+00,-2.596112677704328076e-01,-2.596112677704329186e-01,4.439584702041257658e-01
2.403000000000000025e+00,-2.590811437988225219e-01,-2.590811437988226329e-01,4.447481007286699928e-01
2.403999999999999915e+00,-2.585532308614429953e-01,-2.585532308614431618e-01,4.455309096175915640e-01
2.405000000000000249e+00,-2.580275797809109539e-01,-2.580275797809110649e-01,4.463068915699410777e-01
2.406000000000000139e+00,-2.575042411053992675e-01,-2.575042411053994895e-01,4.470760418270799397e-01
2.407000000000000028e+00,-2.569832651026716652e-01,-2.569832651026718873e-01,4.478383561634681209e-01
2.407999999999999918e+00,-2.564647017542075469e-01,-2.564647017542077134e-01,4.485938308774179983e-01
2.409000000000000252e+00,-2.559486007494157223e-01,-2.559486007494159443e-01,4.493424627818158323e-01
2.410000000000000142e+00,-2.554350114799422422e-01,-2.554350114799423532e-01,4.500842491948098267e-01
2.411000000000000032e+00,-2.549239830340622182e-01,-2.549239830340624402e-01,4.508191879304802585e-01
2.411999999999999922e+00,-2.544155641911690635e-01,-2.544155641911692856e-01,4.515472772894751907e-01
2.413000000000000256e+00,-2.539098034163458362e-01,-2.539098034163460582e-01,4.522685160496386914e-01
2.414000000000000146e+00,-2.534067488550336700e-01,-2.534067488550338920e-01,4.529829034566076329e-01
2.415000000000000036e+00,-2.529064483277828623e-01,-2.529064483277830289e-01,4.536904392144086584e-01
2.415999999999999925e+00,-2.524089493250987193e-01,-2.524089493250989968e-01,4.543911234760312778e-01
2.417000000000000259e+00,-2.519142990023721107e-01,-2.519142990023723327e-01,4.550849568340016860e-01
2.418000000000000149e+00,-2.514225441749015633e-01,-2.514225441749017853e-01,4.557719403109438128e-01
2.419000000000000039e+00,-2.509337313130030611e-01,-2.509337313130032276e-01,4.564520753501425387e-01
2.419999999999999929e+00,-2.504479065372049451e-01,-2.504479065372051672e-01,4.571253638061064661e-01
2.421000000000000263e+00,-2.499651156135351826e-01,-2.499651156135354324e-01,4.577918079351309122e-01
2.422000000000000153e+00,-2.494854039488918485e-01,-2.494854039488920427e-01,4.584514103858695622e-01
2.423000000000000043e+00,-2.490088165865015912e-01,-2.490088165865018688e-01,4.591041741899130613e-01
2.423999999999999932e+00,-2.485353982014663066e-01,-2.485353982014664731e-01,4.597501027523789308e-01
2.425000000000000266e+00,-2.480651930963910790e-01,-2.480651930963913010e-01,4.603891998425185816e-01
2.426000000000000156e+00,-2.475982451971028842e-01,-2.475982451971031340e-01,4.610214695843350974e-01
2.427000000000000046e+00,-2.471345980484502824e-01,-2.471345980484505878e-01,4.616469164472260522e-01
2.427999999999999936e+00,-2.466742948101882105e-01,-2.466742948101884880e-01,4.622655452366473128e-01
2.429000000000000270e+00,-2.462173782529469002e-01,-2.462173782529472055e-01,4.628773610847989883e-01
2.430000000000000160e+00,-2.457638907542853413e-01,-2.457638907542856743e-01,4.634823694413404693e-01
2.431000000000000050e+00,-2.453138742948243745e-01,-2.453138742948246798e-01,4.640805760641369959e-01
2.431999999999999940e+00,-2.448673704544639396e-01,-2.448673704544641616e-01,4.646719870100350924e-01
2.432999999999999829e+00,-2.444244204086803707e-01,-2.444244204086805927e-01,4.652566086256778588e-01
2.434000000000000163e+00,-2.439850649249059311e-01,-2.439850649249061809e-01,4.658344475383522920e-01
2.435000000000000053e+00,-2.435493443589878682e-01,-2.435493443589880624e-01,4.664055106468801837e-01
2.435999999999999943e+00,-2.431172986517251555e-01,-2.431172986517253776e-01,4.669698051125513727e-01
2.436999999999999833e+00,-2.426889673254860880e-01,-2.426889673254863378e-01,4.675273383501009627e-01
2.438000000000000167e+00,-2.422643894809038412e-01,-2.422643894809040355e-01,4.680781180187320034e-01
2.439000000000000057e+00,-2.418436037936477767e-01,-2.418436037936479432e-01,4.686221520131919061e-01
2.439999999999999947e+00,-2.414266485112733507e-01,-2.414266485112735450e-01,4.691594484548958777e-01
2.440999999999999837e+00,-2.410135614501450751e-01,-2.410135614501452417e-01,4.696900156831100848e-01
2.442000000000000171e+00,-2.406043799924384996e-01,-2.406043799924386661e-01,4.702138622461849993e-01
2.443000000000000060e+00,-2.401991410832137741e-01,-2.401991410832139406e-01,4.707309968928509170e-01
2.443999999999999950e+00,-2.397978812275632921e-01,-2.397978812275634586e-01,4.712414285635758704e-01
2.444999999999999840e+00,-2.394006364878328297e-01,-2.394006364878329962e-01,4.717451663819819396e-01
2.446000000000000174e+00,-2.390074424809144338e-01,-2.390074424809145448e-01,4.722422196463312294e-01
2.447000000000000064e+00,-2.386183343756112518e-01,-2.386183343756113351e-01,4.727325978210749069e-01
2.447999999999999954e+00,-2.382333468900730000e-01,-2.382333468900731110e-01,4.732163105284739046e-01
2.448999999999999844e+00,-2.378525142892984889e-01,-2.378525142892985444e-01,4.736933675402923427e-01
2.450000000000000178e+00,-2.374758703827115347e-01,-2.374758703827115347e-01,4.741637787695600625e-01
2.451000000000000068e+00,-2.371034485218027066e-01,-2.371034485218027066e-01,4.746275542624127652e-01
2.451999999999999957e+00,-2.367352815978372438e-01,-2.367352815978372715e-01,4.750847041900115864e-01
2.452999999999999847e+00,-2.363714020396317783e-01,-2.363714020396318616e-01,4.755352388405367225e-01
2.454000000000000181e+00,-2.360118418113965610e-01,-2.360118418113966166e-01,4.759791686112652132e-01
2.455000000000000071e+00,-2.356566324106409982e-01,-2.356566324106409982e-01,4.764165040007316554e-01
2.455999999999999961e+00,-2.353058048661455515e-01,-2.353058048661456070e-01,4.768472556009715202e-01
2.456999999999999851e+00,-2.349593897359942285e-01,-2.349593897359942563e-01,4.772714340898534524e-01
2.458000000000000185e+00,-2.346174171056729651e-01,-2.346174171056730484e-01,4.776890502234965030e-01
2.459000000000000075e+00,-2.342799165862276267e-01,-2.342799165862277655e-01,4.781001148287788993e-01
2.459999999999999964e+00,-2.339469173124815726e-01,-2.339469173124816836e-01,4.785046387959394631e-01
2.460999999999999854e+00,-2.336184479413175585e-01,-2.336184479413176696e-01,4.789026330712685686e-01
2.462000000000000188e+00,-2.332945366500146223e-01,-2.332945366500147055e-01,4.792941086498966330e-01
2.463000000000000078e+00,-2.329752111346460874e-01,-2.329752111346462262e-01,4.796790765686776981e-01
2.463999999999999968e+00,-2.326604986085346050e-01,-2.326604986085348270e-01,4.800575478991706557e-01
2.464999999999999858e+00,-2.323504258007617618e-01,-2.323504258007618728e-01,4.804295337407216149e-01
2.466000000000000192e+00,-2.320450189547393072e-01,-2.320450189547393904e-01,4.807950452136418029e-01
2.467000000000000082e+00,-2.317443038268288680e-01,-2.317443038268289235e-01,4.811540934524949353e-01
2.467999999999999972e+00,-2.314483056850221709e-01,-2.314483056850221987e-01,4.815066895994810636e-01
2.468999999999999861e+00,-2.311570493076705868e-01,-2.311570493076706700e-01,4.818528447979296692e-01
2.470000000000000195e+00,-2.308705589822704907e-01,-2.308705589822705739e-01,4.821925701858974511e-01
2.471000000000000085e+00,-2.305888585042993322e-01,-2.305888585042993322e-01,4.825258768898736950e-01
2.471999999999999975e+00,-2.303119711761029142e-01,-2.303119711761029698e-01,4.828527760185946649e-01
2.472999999999999865e+00,-2.300399198058359351e-01,-2.300399198058359351e-01,4.831732786569660210e-01
2.474000000000000199e+00,-2.297727267064471612e-01,-2.297727267064471890e-01,4.834873958601012545e-01
2.475000000000000089e+00,-2.295104136947207496e-01,-2.295104136947206386e-01,4.837951386474658166e-01
2.475999999999999979e+00,-2.292530020903597587e-01,-2.292530020903598142e-01,4.840965179971394861e-01
2.476999999999999869e+00,-2.290005127151222564e-01,-2.290005127151222286e-01,4.843915448401912016e-01
2.478000000000000203e+00,-2.287529658919985054e-01,-2.287529658919984499e-01,4.846802300551721898e-01
2.479000000000000092e+00,-2.285103814444434112e-01,-2.285103814444433001e-01,4.849625844627191706e-01
2.479999999999999982e+00,-2.282727786956446070e-01,-2.282727786956446070e-01,4.852386188202835182e-01
2.480999999999999872e+00,-2.280401764678431920e-01,-2.280401764678431920e-01,4.855083438169727206e-01
2.482000000000000206e+00,-2.278125930816941591e-01,-2.278125930816940758e-01,4.857717700685142970e-01
2.483000000000000096e+00,-2.275900463556735365e-01,-2.275900463556734532e-01,4.860289081123380650e-01
2.483999999999999986e+00,-2.273725536055252738e-01,-2.273725536055252183e-01,4.862797684027827527e-01
2.484999999999999876e+00,-2.271601316437541762e-01,-2.271601316437540652e-01,4.865243613064196837e-01
2.486000000000000210e+00,-2.269527967791568068e-01,-2.269527967791566680e-01,4.867626970975046374e-01
2.487000000000000099e+00,-2.267505648163967158e-01,-2.267505648163964938e-01,4.869947859535496693e-01
2.487999999999999989e+00,-2.265534510556175829e-01,-2.265534510556173886e-01,4.872206379510204965e-01
2.488999999999999879e+00,-2.263614702920983546e-01,-2.263614702920981880e-01,4.874402630611582854e-01
2.490000000000000213e+00,-2.261746368159460729e-01,-2.261746368159459064e-01,4.876536711459280582e-01
2.491000000000000103e+00,-2.259929644118285896e-01,-2.259929644118283676e-01,4.878608719540918903e-01
2.491999999999999993e+00,-2.258164663587442222e-01,-2.258164663587440280e-01,4.880618751174116143e-01
2.492999999999999883e+00,-2.256451554298314899e-01,-2.256451554298312678e-01,4.882566901469741483e-01
2.494000000000000217e+00,-2.254790438922129603e-01,-2.254790438922126827e-01,4.884453264296506614e-01
2.495000000000000107e+00,-2.253181435068781768e-01,-2.253181435068778715e-01,4.886277932246791411e-01
2.495999999999999996e+00,-2.251624655286010857e-01,-2.251624655286008081e-01,4.888040996603795207e-01
2.496999999999999886e+00,-2.250120207058952659e-01,-2.250120207058950439e-01,4.889742547309947618e-01
2.498000000000000220e+00,-2.248668192810018285e-01,-2.248668192810015787e-01,4.891382672936643861e-01
2.499000000000000110e+00,-2.247268709899128969e-01,-2.247268709899127304e-01,4.892961460655285144e-01
2.500000000000000000e+00,-2.245921850624320593e-01,-2.245921850624318095e-01,4.894478996209576938e-01
2.500999999999999890e+00,-2.244627702222645182e-01,-2.244627702222642407e-01,4.895935363889194480e-01
2.502000000000000224e+00,-2.243386346871433790e-01,-2.243386346871432124e-01,4.897330646504718388e-01
2.503000000000000114e+00,-2.242197861689898541e-01,-2.242197861689896321e-01,4.898664925363893641e-01
2.504000000000000004e+00,-2.241062318741024462e-01,-2.241062318741022241e-01,4.899938280249216405e-01
2.504999999999999893e+00,-2.239979785033837378e-01,-2.239979785033835158e-01,4.901150789396807594e-01
2.506000000000000227e+00,-2.238950322525949388e-01,-2.238950322525947445e-01,4.902302529476630921e-01
2.507000000000000117e+00,-2.237973988126450986e-01,-2.237973988126447933e-01,4.903393575574016561e-01
2.508000000000000007e+00,-2.237050833699089636e-01,-2.237050833699086860e-01,4.904424001172511538e-01
2.508999999999999897e+00,-2.236180906065791396e-01,-2.236180906065788898e-01,4.905393878138049613e-01
2.510000000000000231e+00,-2.235364247010485639e-01,-2.235364247010482308e-01,4.906303276704410132e-01
2.511000000000000121e+00,-2.234600893283189837e-01,-2.234600893283186229e-01,4.907152265460072993e-01
2.512000000000000011e+00,-2.233890876604484599e-01,-2.233890876604480713e-01,4.907940911336298173e-01
2.512999999999999901e+00,-2.233234223670205187e-01,-2.233234223670201857e-01,4.908669279596606927e-01
2.514000000000000234e+00,-2.232630956156482771e-01,-2.232630956156478330e-01,4.909337433827528629e-01
2.515000000000000124e+00,-2.232081090725077654e-01,-2.232081090725073769e-01,4.909945435930677116e-01
2.516000000000000014e+00,-2.231584639028995620e-01,-2.231584639028991734e-01,4.910493346116153734e-01
2.516999999999999904e+00,-2.231141607718401254e-01,-2.231141607718396536e-01,4.910981222897261023e-01
2.518000000000000238e+00,-2.230751998446821593e-01,-2.230751998446816875e-01,4.911409123086517559e-01
2.519000000000000128e+00,-2.230415807877674794e-01,-2.230415807877670353e-01,4.911777101792973443e-01
2.520000000000000018e+00,-2.230133027691034164e-01,-2.230133027691029723e-01,4.912085212420865821e-01
2.520999999999999908e+00,-2.229903644590721379e-01,-2.229903644590716938e-01,4.912333506669537275e-01
2.522000000000000242e+00,-2.229727640311681136e-01,-2.229727640311676695e-01,4.912522034534676507e-01
2.523000000000000131e+00,-2.229604991627634203e-01,-2.229604991627629762e-01,4.912650844310846310e-01
2.524000000000000021e+00,-2.229535670359023558e-01,-2.229535670359019117e-01,4.912719982595313839e-01
2.524999999999999911e+00,-2.229519643381252525e-01,-2.229519643381248362e-01,4.912729494293144317e-01
2.526000000000000245e+00,-2.229556872633207121e-01,-2.229556872633202957e-01,4.912679422623599246e-01
2.527000000000000135e+00,-2.229647315126060125e-01,-2.229647315126055962e-01,4.912569809127799170e-01
2.528000000000000025e+00,-2.229790922952376575e-01,-2.229790922952372134e-01,4.912400693677662633e-01
2.528999999999999915e+00,-2.229987643295477662e-01,-2.229987643295474053e-01,4.912172114486128560e-01
2.530000000000000249e+00,-2.230237418439142139e-01,-2.230237418439138808e-01,4.911884108118582115e-01
2.531000000000000139e+00,-2.230540185777531159e-01,-2.230540185777527551e-01,4.911536709505639475e-01
2.532000000000000028e+00,-2.230895877825480045e-01,-2.230895877825476714e-01,4.911129951957035611e-01
2.532999999999999918e+00,-2.231304422228986561e-01,-2.231304422228983231e-01,4.910663867176922048e-01
2.534000000000000252e+00,-2.231765741776098877e-01,-2.231765741776094991e-01,4.910138485280233778e-01
2.535000000000000142e+00,-2.232279754407984762e-01,-2.232279754407980599e-01,4.909553834810427841e-01
2.536000000000000032e+00,-2.232846373230384374e-01,-2.232846373230379933e-01,4.908909942758336031e-01
2.536999999999999922e+00,-2.233465506525305622e-01,-2.233465506525301181e-01,4.908206834582281575e-01
2.538000000000000256e+00,-2.234137057763044831e-01,-2.234137057763040946e-01,4.907444534229383759e-01
2.539000000000000146e+00,-2.234860925614466087e-01,-2.234860925614461924e-01,4.906623064158086578e-01
2.540000000000000036e+00,-2.235637003963638625e-01,-2.235637003963634184e-01,4.905742445361820359e-01
2.540999999999999925e+00,-2.236465181920729850e-01,-2.236465181920726242e-01,4.904802697393879640e-01
2.542000000000000259e+00,-2.237345343835208666e-01,-2.237345343835205336e-01,4.903803838393478998e-01
2.543000000000000149e+00,-2.238277369309369935e-01,-2.238277369309365494e-01,4.902745885112946844e-01
2.544000000000000039e+00,-2.239261133212165911e-01,-2.239261133212161470e-01,4.901628852946049442e-01
2.544999999999999929e+00,-2.240296505693327167e-01,-2.240296505693323004e-01,4.900452755957523943e-01
2.546000000000000263e+00,-2.241383352197828527e-01,-2.241383352197823808e-01,4.899217606913646161e-01
2.547000000000000153e+00,-2.242521533480638096e-01,-2.242521533480633655e-01,4.897923417314011818e-01
2.548000000000000043e+00,-2.243710905621804086e-01,-2.243710905621799645e-01,4.896570197424356952e-01
2.548999999999999932e+00,-2.244951320041865817e-01,-2.244951320041861376e-01,4.895157956310503544e-01
2.550000000000000266e+00,-2.246242623517566150e-01,-2.246242623517561432e-01,4.893686701873392053e-01
2.551000000000000156e+00,-2.247584658197913365e-01,-2.247584658197909202e-01,4.892156440885190305e-01
2.552000000000000046e+00,-2.248977261620578871e-01,-2.248977261620574986e-01,4.890567179026429345e-01
2.552999999999999936e+00,-2.250420266728588303e-01,-2.250420266728583862e-01,4.888918920924247846e-01
2.554000000000000270e+00,-2.251913501887383151e-01,-2.251913501887378988e-01,4.887211670191636270e-01
2.555000000000000160e+00,-2.253456790902231277e-01,-2.253456790902227391e-01,4.885445429467699108e-01
2.556000000000000050e+00,-2.255049953035934973e-01,-2.255049953035930810e-01,4.883620200458960725e-01
2.556999999999999940e+00,-2.256692803026932315e-01,-2.256692803026928429e-01,4.881735983981645433e-01
2.558000000000000274e+00,-2.258385151107723809e-01,-2.258385151107719091e-01,4.879792780004941211e-01
2.559000000000000163e+00,-2.260126803023654596e-01,-2.260126803023649600e-01,4.877790587695263191e-01
2.560000000000000053e+00,-2.261917560052058018e-01,-2.261917560052053577e-01,4.875729405461438626e-01
2.560999999999999943e+00,-2.263757219021761413e-01,-2.263757219021756417e-01,4.873609231000861075e-01
2.561999999999999833e+00,-2.265645572332948277e-01,-2.265645572332943281e-01,4.871430061346565532e-01
2.563000000000000167e+00,-2.267582407977405401e-01,-2.267582407977400405e-01,4.869191892915206155e-01
2.564000000000000057e+00,-2.269567509559114182e-01,-2.269567509559108909e-01,4.866894721555963255e-01
2.564999999999999947e+00,-2.271600656315241606e-01,-2.271600656315236610e-01,4.864538542600308491e-01
2.565999999999999837e+00,-2.273681623137517038e-01,-2.273681623137511765e-01,4.862123350912632147e-01
2.567000000000000171e+00,-2.275810180593949295e-01,-2.275810180593943743e-01,4.859649140941774137e-01
2.568000000000000060e+00,-2.277986094950995855e-01,-2.277986094950990026e-01,4.857115906773316061e-01
2.568999999999999950e+00,-2.280209128196064028e-01,-2.280209128196058477e-01,4.854523642182760890e-01
2.569999999999999840e+00,-2.282479038060442333e-01,-2.282479038060437060e-01,4.851872340689495910e-01
2.571000000000000174e+00,-2.284795578042627673e-01,-2.284795578042622122e-01,4.849161995611518394e-01
2.572000000000000064e+00,-2.287158497432039139e-01,-2.287158497432033588e-01,4.846392600120980609e-01
2.572999999999999954e+00,-2.289567541333157596e-01,-2.289567541333151768e-01,4.843564147300453149e-01
2.573999999999999844e+00,-2.292022450690074098e-01,-2.292022450690068269e-01,4.840676630199929331e-01
2.575000000000000178e+00,-2.294522962311437708e-01,-2.294522962311431324e-01,4.837730041894581223e-01
2.576000000000000068e+00,-2.297068808895842973e-01,-2.297068808895837144e-01,4.834724375543177355e-01
2.576999999999999957e+00,-2.299659719057643714e-01,-2.299659719057637886e-01,4.831659624447197654e-01
2.577999999999999847e+00,-2.302295417353159568e-01,-2.302295417353153462e-01,4.828535782110646712e-01
2.579000000000000181e+00,-2.304975624307357696e-01,-2.304975624307352144e-01,4.825352842300463796e-01
2.580000000000000071e+00,-2.307700056440943615e-01,-2.307700056440937231e-01,4.822110799107595658e-01
2.580999999999999961e+00,-2.310468426297887512e-01,-2.310468426297881961e-01,4.818809647008696073e-01
2.581999999999999851e+00,-2.313280442473427678e-01,-2.313280442473421572e-01,4.815449380928351619e-01
2.583000000000000185e+00,-2.316135809642472787e-01,-2.316135809642466126e-01,4.812029996301961376e-01
2.584000000000000075e+00,-2.319034228588487401e-01,-2.319034228588480739e-01,4.808551489139127888e-01
2.584999999999999964e+00,-2.321975396232822952e-01,-2.321975396232817124e-01,4.805013856087582691e-01
2.585999999999999854e+00,-2.324959005664513079e-01,-2.324959005664506417e-01,4.801417094497628657e-01
2.587000000000000188e+00,-2.327984746170503605e-01,-2.327984746170496666e-01,4.797761202487100807e-01
2.588000000000000078e+00,-2.331052303266382131e-01,-2.331052303266375469e-01,4.794046179006777875e-01
2.588999999999999968e+00,-2.334161358727557256e-01,-2.334161358727550872e-01,4.790272023906255727e-01
2.589999999999999858e+00,-2.337311590620916590e-01,-2.337311590620909652e-01,4.786438738000252657e-01
2.591000000000000192e+00,-2.340502673336938011e-01,-2.340502673336932182e-01,4.782546323135348776e-01
2.592000000000000082e+00,-2.343734277622317452e-01,-2.343734277622311346e-01,4.778594782257096218e-01
2.592999999999999972e+00,-2.347006070613042172e-01,-2.347006070613035789e-01,4.774584119477510158e-01
2.593999999999999861e+00,-2.350317715867964730e-01,-2.350317715867958346e-01,4.770514340142926191e-01
2.595000000000000195e+00,-2.353668873402865735e-01,-2.353668873402858797e-01,4.766385450902163590e-01
2.596000000000000085e+00,-2.357059199724993448e-01,-2.357059199724986231e-01,4.762197459775022734e-01
2.596999999999999975e+00,-2.360488347868108516e-01,-2.360488347868101855e-01,4.757950376221068423e-01
2.597999999999999865e+00,-2.363955967428017224e-01,-2.363955967428011395e-01,4.753644211208655213e-01
2.599000000000000199e+00,-2.367461704598603223e-01,-2.367461704598596561e-01,4.749278977284244752e-01
2.600000000000000089e+00,-2.371005202208362195e-01,-2.371005202208355533e-01,4.744854688641894080e-01
2.600999999999999979e+00,-2.374586099757421964e-01,-2.374586099757415858e-01,4.740371361193002064e-01
2.601999999999999869e+00,-2.378204033455103561e-01,-2.378204033455096900e-01,4.735829012636181279e-01
2.603000000000000203e+00,-2.381858636257928596e-01,-2.381858636257921658e-01,4.731227662527354161e-01
2.604000000000000092e+00,-2.385549537908201456e-01,-2.385549537908194517e-01,4.726567332349906336e-01
2.604999999999999982e+00,-2.389276364973055289e-01,-2.389276364973048350e-01,4.721848045585017584e-01
2.605999999999999872e+00,-2.393038740884016191e-01,-2.393038740884008697e-01,4.717069827782069957e-01
2.607000000000000206e+00,-2.396836285977100023e-01,-2.396836285977093084e-01,4.712232706629094214e-01
2.608000000000000096e+00,-2.400668617533387728e-01,-2.400668617533380511e-01,4.707336712023319492e-01
2.608999999999999986e+00,-2.404535349820142720e-01,-2.404535349820136059e-01,4.702381876141702444e-01
2.609999999999999876e+00,-2.408436094132450078e-01,-2.408436094132442862e-01,4.697368233511453051e-01
2.611000000000000210e+00,-2.412370458835323972e-01,-2.412370458835317311e-01,4.692295821080599838e-01
2.612000000000000099e+00,-2.416338049406393518e-01,-2.416338049406386856e-01,4.687164678288434638e-01
2.612999999999999989e+00,-2.420338468479057703e-01,-2.420338468479050209e-01,4.681974847135943474e-01
2.613999999999999879e+00,-2.424371315886178491e-01,-2.424371315886171829e-01,4.676726372256134745e-01
2.615000000000000213e+00,-2.428436188704292120e-01,-2.428436188704285459e-01,4.671419300984243073e-01
2.616000000000000103e+00,-2.432532681298327504e-01,-2.432532681298320565e-01,4.666053683427805465e-01
2.616999999999999993e+00,-2.436660385366835047e-01,-2.436660385366828940e-01,4.660629572536603704e-01
2.617999999999999883e+00,-2.440818889987764195e-01,-2.440818889987757534e-01,4.655147024172372472e-01
2.619000000000000217e+00,-2.445007781664706725e-01,-2.445007781664699786e-01,4.649606097178357600e-01
2.620000000000000107e+00,-2.449226644373692641e-01,-2.449226644373685424e-01,4.644006853448617855e-01
2.620999999999999996e+00,-2.453475059610488729e-01,-2.453475059610482067e-01,4.638349357997068045e-01
2.621999999999999886e+00,-2.457752606438400600e-01,-2.457752606438393939e-01,4.632633679026280094e-01
2.623000000000000220e+00,-2.462058861536580712e-01,-2.462058861536574050e-01,4.626859887995968812e-01
2.624000000000000110e+00,-2.466393399248863194e-01,-2.466393399248856533e-01,4.621028059691157930e-01
2.625000000000000000e+00,-2.470755791633091336e-01,-2.470755791633084675e-01,4.615138272289999177e-01
2.625999999999999890e+00,-2.475145608510956885e-01,-2.475145608510949946e-01,4.609190607431230546e-01
2.627000000000000224e+00,-2.479562417518317019e-01,-2.479562417518310080e-01,4.603185150281269289e-01
2.628000000000000114e+00,-2.484005784156039787e-01,-2.484005784156033680e-01,4.597121989600855274e-01
2.629000000000000004e+00,-2.488475271841339986e-01,-2.488475271841333880e-01,4.591001217811264135e-01
2.629999999999999893e+00,-2.492970441959582173e-01,-2.492970441959575512e-01,4.584822931060112960e-01
2.631000000000000227e+00,-2.497490853916610742e-01,-2.497490853916604636e-01,4.578587229286601445e-01
2.632000000000000117e+00,-2.502036065191517444e-01,-2.502036065191510783e-01,4.572294216286351687e-01
2.633000000000000007e+00,-2.506605631389952071e-01,-2.506605631389945410e-01,4.565943999775617934e-01
2.633999999999999897e+00,-2.511199106297855588e-01,-2.511199106297848926e-01,4.559536691455027269e-01
2.635000000000000231e+00,-2.515816041935693970e-01,-2.515816041935687863e-01,4.553072407072715766e-01
2.636000000000000121e+00,-2.520455988613152232e-01,-2.520455988613146125e-01,4.546551266486887344e-01
2.637000000000000011e+00,-2.525118494984297524e-01,-2.525118494984290862e-01,4.539973393727724793e-01
2.637999999999999901e+00,-2.529803108103207965e-01,-2.529803108103202414e-01,4.533338917058702400e-01
2.639000000000000234e+00,-2.534509373480028360e-01,-2.534509373480022809e-01,4.526647969037221886e-01
2.640000000000000124e+00,-2.539236835137503312e-01,-2.539236835137497206e-01,4.519900686574566118e-01
2.641000000000000014e+00,-2.543985035667940542e-01,-2.543985035667934436e-01,4.513097210995149489e-01
2.641999999999999904e+00,-2.548753516290609422e-01,-2.548753516290603871e-01,4.506237688095050542e-01
2.643000000000000238e+00,-2.553541816909571383e-01,-2.553541816909565831e-01,4.499322268199785202e-01
2.644000000000000128e+00,-2.558349476171940529e-01,-2.558349476171933312e-01,4.492351106221319501e-01
2.645000000000000018e+00,-2.563176031526538390e-01,-2.563176031526532839e-01,4.485324361714309038e-01
2.645999999999999908e+00,-2.568021019283003303e-01,-2.568021019282997752e-01,4.478242198931481899e-01
2.647000000000000242e+00,-2.572883974671252849e-01,-2.572883974671246743e-01,4.471104786878244419e-01
2.648000000000000131e+00,-2.577764431901360398e-01,-2.577764431901354847e-01,4.463912299366409320e-01
2.649000000000000021e+00,-2.582661924223845773e-01,-2.582661924223839667e-01,4.456664915067036770e-01
2.649999999999999911e+00,-2.587575983990298978e-01,-2.587575983990293427e-01,4.449362817562404482e-01
2.651000000000000245e+00,-2.592506142714405271e-01,-2.592506142714399164e-01,4.442006195397075752e-01
2.652000000000000135e+00,-2.597451931133332170e-01,-2.597451931133325509e-01,4.434595242127983283e-01
2.653000000000000025e+00,-2.602412879269460633e-01,-2.602412879269454526e-01,4.427130156373619840e-01
2.653999999999999915e+00,-2.607388516492458730e-01,-2.607388516492452069e-01,4.419611141862217485e-01
2.655000000000000249e+00,-2.612378371581706160e-01,-2.612378371581700609e-01,4.412038407478947599e-01
2.656000000000000139e+00,-2.617381972789027955e-01,-2.617381972789021294e-01,4.404412167312121706e-01
2.657000000000000028e+00,-2.622398847901762364e-01,-2.622398847901755703e-01,4.396732640698326477e-01
2.657999999999999918e+00,-2.627428524306120172e-01,-2.627428524306113511e-01,4.389000052266557317e-01
2.659000000000000252e+00,-2.632470529050850994e-01,-2.632470529050844887e-01,4.381214631981237284e-01
2.660000000000000142e+00,-2.637524388911176021e-01,-2.637524388911169915e-01,4.373376615184217386e-01
2.661000000000000032e+00,-2.642589630453036631e-01,-2.642589630453031080e-01,4.365486242635576164e-01
2.661999999999999922e+00,-2.647665780097562260e-01,-2.647665780097557819e-01,4.357543760553396761e-01
2.663000000000000256e+00,-2.652752364185815837e-01,-2.652752364185810285e-01,4.349549420652357723e-01
2.664000000000000146e+00,-2.657848909043775132e-01,-2.657848909043769581e-01,4.341503480181162500e-01
2.665000000000000036e+00,-2.662954941047545598e-01,-2.662954941047540047e-01,4.333406201958833193e-01
2.665999999999999925e+00,-2.668069986688790252e-01,-2.668069986688785256e-01,4.325257854409779723e-01
2.667000000000000259e+00,-2.673193572640371607e-01,-2.673193572640367166e-01,4.317058711597683285e-01
2.668000000000000149e+00,-2.678325225822169586e-01,-2.678325225822164035e-01,4.308809053258172983e-01
2.669000000000000039e+00,-2.683464473467098155e-01,-2.683464473467094269e-01,4.300509164830245146e-01
2.669999999999999929e+00,-2.688610843187290156e-01,-2.688610843187285160e-01,4.292159337486436410e-01
2.671000000000000263e+00,-2.693763863040421480e-01,-2.693763863040417039e-01,4.283759868161760576e-01
2.672000000000000153e+00,-2.698923061596191220e-01,-2.698923061596186224e-01,4.275311059581317075e-01
2.673000000000000043e+00,-2.704087968002931719e-01,-2.704087968002927278e-01,4.266813220286657105e-01
2.673999999999999932e+00,-2.709258112054324652e-01,-2.709258112054320766e-01,4.258266664660804723e-01
2.675000000000000266e+00,-2.714433024256218685e-01,-2.714433024256214244e-01,4.249671712951993419e-01
2.676000000000000156e+00,-2.719612235893537067e-01,-2.719612235893532626e-01,4.241028691296037656e-01
2.677000000000000046e+00,-2.724795279097265155e-01,-2.724795279097260159e-01,4.232337931737377712e-01
2.677999999999999936e+00,-2.729981686911482908e-01,-2.729981686911477357e-01,4.223599772248766149e-01
2.679000000000000270e+00,-2.735170993360452885e-01,-2.735170993360448444e-01,4.214814556749563179e-01
2.680000000000000160e+00,-2.740362733515715465e-01,-2.740362733515711025e-01,4.205982635122718638e-01
2.681000000000000050e+00,-2.745556443563236249e-01,-2.745556443563231808e-01,4.197104363230257928e-01
2.681999999999999940e+00,-2.750751660870511262e-01,-2.750751660870507376e-01,4.188180102927461235e-01
2.683000000000000274e+00,-2.755947924053683273e-01,-2.755947924053681053e-01,4.179210222075566694e-01
2.684000000000000163e+00,-2.761144773044602041e-01,-2.761144773044599821e-01,4.170195094553115212e-01
2.685000000000000053e+00,-2.766341749157868457e-01,-2.766341749157866237e-01,4.161135100265776487e-01
2.685999999999999943e+00,-2.771538395157773782e-01,-2.771538395157771006e-01,4.152030625154837229e-01
2.687000000000000277e+00,-2.776734255325198353e-01,-2.776734255325196132e-01,4.142882061204138378e-01
2.688000000000000167e+00,-2.781928875524383171e-01,-2.781928875524380396e-01,4.133689806445661197e-01
2.689000000000000057e+00,-2.787121803269606568e-01,-2.787121803269604348e-01,4.124454264963541839e-01
2.689999999999999947e+00,-2.792312587791727085e-01,-2.792312587791724865e-01,4.115175846896700351e-01
2.690999999999999837e+00,-2.797500780104579809e-01,-2.797500780104578144e-01,4.105854968439945907e-01
2.692000000000000171e+00,-2.802685933071208391e-01,-2.802685933071206725e-01,4.096492051843613202e-01
2.693000000000000060e+00,-2.807867601469904995e-01,-2.807867601469903329e-01,4.087087525411728928e-01
2.693999999999999950e+00,-2.813045342060093157e-01,-2.813045342060090936e-01,4.077641823498614482e-01
2.694999999999999840e+00,-2.818218713647949736e-01,-2.818218713647948070e-01,4.068155386504083149e-01
2.696000000000000174e+00,-2.823387277151832020e-01,-2.823387277151830910e-01,4.058628660867041327e-01
2.697000000000000064e+00,-2.828550595667426171e-01,-2.828550595667424505e-01,4.049062099057677555e-01
2.697999999999999954e+00,-2.833708234532658077e-01,-2.833708234532654746e-01,4.039456159568035054e-01
2.698999999999999844e+00,-2.838859761392299452e-01,-2.838859761392296122e-01,4.029811306901153189e-01
2.700000000000000178e+00,-2.844004746262296379e-01,-2.844004746262293049e-01,4.020128011558639636e-01
2.701000000000000068e+00,-2.849142761593734252e-01,-2.849142761593730366e-01,4.010406750026789258e-01
2.701999999999999957e+00,-2.854273382336530718e-01,-2.854273382336527942e-01,4.000648004761073184e-01
2.702999999999999847e+00,-2.859396186002722828e-01,-2.859396186002720608e-01,3.990852264169217900e-01
2.704000000000000181e+00,-2.864510752729400589e-01,-2.864510752729398368e-01,3.981020022592705598e-01
2.705000000000000071e+00,-2.869616665341249151e-01,-2.869616665341246931e-01,3.971151780286758526e-01
2.705999999999999961e+00,-2.874713509412688550e-01,-2.874713509412685775e-01,3.961248043398793439e-01
2.706999999999999851e+00,-2.879800873329582123e-01,-2.879800873329580457e-01,3.951309323945391139e-01
2.708000000000000185e+00,-2.884878348350494726e-01,-2.884878348350493615e-01,3.941336139787711135e-01
2.709000000000000075e+00,-2.889945528667495767e-01,-2.889945528667494656e-01,3.931329014605413619e-01
2.709999999999999964e+00,-2.895002011466496494e-01,-2.895002011466494274e-01,3.921288477869027678e-01
2.710999999999999854e+00,-2.900047396987057713e-01,-2.900047396987056603e-01,3.911215064810854569e-01
2.712000000000000188e+00,-2.905081288581704557e-01,-2.905081288581702337e-01,3.901109316394355542e-01
2.713000000000000078e+00,-2.910103292774696149e-01,-2.910103292774695039e-01,3.890971779282008658e-01
2.713999999999999968e+00,-2.915113019320259014e-01,-2.915113019320259014e-01,3.880803005801669592e-01
2.714999999999999858e+00,-2.920110081260221535e-01,-2.920110081260221535e-01,3.870603553911486361e-01
2.716000000000000192e+00,-2.925094094981094961e-01,-2.925094094981096071e-01,3.860373987163241427e-01
2.717000000000000082e+00,-2.930064680270508259e-01,-2.930064680270509925e-01,3.850114874664306575e-01
2.717999999999999972e+00,-2.935021460373060109e-01,-2.935021460373061220e-01,3.839826791038035148e-01
2.718999999999999861e+00,-2.939964062045499205e-01,-2.939964062045501980e-01,3.829510316382737090e-01
2.720000000000000195e+00,-2.944892115611251193e-01,-2.944892115611253969e-01,3.819166036229188488e-01
2.721000000000000085e+00,-2.949805255014276151e-01,-2.949805255014278926e-01,3.808794541496660635e-01
2.721999999999999975e+00,-2.954703117872226059e-01,-2.954703117872228280e-01,3.798396428447520234e-01
2.722999999999999865e+00,-2.959585345528882305e-01,-2.959585345528884526e-01,3.787972298640402968e-01
2.724000000000000199e+00,-2.964451583105879307e-01,-2.964451583105881527e-01,3.777522758881943776e-01
2.725000000000000089e+00,-2.969301479553651535e-01,-2.969301479553653200e-01,3.767048421177110473e-01
2.725999999999999979e+00,-2.974134687701653901e-01,-2.974134687701656676e-01,3.756549902678093522e-01
2.726999999999999869e+00,-2.978950864307774449e-01,-2.978950864307776669e-01,3.746027825631838004e-01
2.728000000000000203e+00,-2.983749670106947138e-01,-2.983749670106948804e-01,3.735482817326176708e-01
2.729000000000000092e+00,-2.988530769858953606e-01,-2.988530769858954717e-01,3.724915510034613186e-01
2.729999999999999982e+00,-2.993293832395400589e-01,-2.993293832395401144e-01,3.714326540959688172e-01
2.730999999999999872e+00,-2.998038530665833035e-01,-2.998038530665835255e-01,3.703716552175069232e-01
2.732000000000000206e+00,-3.002764541782999008e-01,-3.002764541782999563e-01,3.693086190566250981e-01
2.733000000000000096e+00,-3.007471547067201989e-01,-3.007471547067203654e-01,3.682436107769986311e-01
2.733999999999999986e+00,-3.012159232089795524e-01,-3.012159232089797745e-01,3.671766960112360922e-01
2.734999999999999876e+00,-3.016827286715728640e-01,-3.016827286715730860e-01,3.661079408545616642e-01
2.736000000000000210e+00,-3.021475405145182536e-01,-3.021475405145184201e-01,3.650374118583681327e-01
2.737000000000000099e+00,-3.026103285954238054e-01,-3.026103285954240829e-01,3.639651760236461975e-01
2.737999999999999989e+00,-3.030710632134621663e-01,-3.030710632134624438e-01,3.628913007942847768e-01
2.738999999999999879e+00,-3.035297151132438920e-01,-3.035297151132441140e-01,3.618158540502526832e-01
2.740000000000000213e+00,-3.039862554885924828e-01,-3.039862554885927604e-01,3.607389041006588415e-01
2.741000000000000103e+00,-3.044406559862196104e-01,-3.044406559862198325e-01,3.596605196766931578e-01
2.741999999999999993e+00,-3.048928887092993145e-01,-3.048928887092995366e-01,3.585807699244459856e-01
2.742999999999999883e+00,-3.053429262209355066e-01,-3.053429262209357287e-01,3.574997243976197892e-01
2.744000000000000217e+00,-3.057907415475280555e-01,-3.057907415475282220e-01,3.564174530501184046e-01
2.745000000000000107e+00,-3.062363081820303479e-01,-3.062363081820304589e-01,3.553340262285318851e-01
2.745999999999999996e+00,-3.066796000871006012e-01,-3.066796000871008787e-01,3.542495146645049386e-01
2.746999999999999886e+00,-3.071205916981445405e-01,-3.071205916981447626e-01,3.531639894670024482e-01
2.748000000000000220e+00,-3.075592579262458326e-01,-3.075592579262459991e-01,3.520775221144659128e-01
2.749000000000000110e+00,-3.079955741609876618e-01,-3.079955741609876618e-01,3.509901844468680254e-01
2.750000000000000000e+00,-3.084295162731602868e-01,-3.084295162731602313e-01,3.499020486576624456e-01
2.750999999999999890e+00,-3.088610606173547990e-01,-3.088610606173547435e-01,3.488131872856390370e-01
2.752000000000000224e+00,-3.092901840344434161e-01,-3.092901840344433051e-01,3.477236732066735225e-01
2.753000000000000114e+00,-3.097168638539402608e-01,-3.097168638539402052e-01,3.466335796253912083e-01
2.754000000000000004e+00,-3.101410778962487291e-01,-3.101410778962487291e-01,3.455429800667294549e-01
2.754999999999999893e+00,-3.105628044747882344e-01,-3.105628044747881789e-01,3.444519483674146620e-01
2.756000000000000227e+00,-3.109820223980025444e-01,-3.109820223980025444e-01,3.433605586673456056e-01
2.757000000000000117e+00,-3.113987109712468282e-01,-3.113987109712468282e-01,3.422688854008978376e-01
2.758000000000000007e+00,-3.118128499985545199e-01,-3.118128499985545199e-01,3.411770032881343839e-01
2.758999999999999897e+00,-3.122244197842813374e-01,-3.122244197842813374e-01,3.400849873259438327e-01
2.760000000000000231e+00,-3.126334011346266761e-01,-3.126334011346266761e-01,3.389929127790923813e-01
2.761000000000000121e+00,-3.130397753590296039e-01,-3.130397753590296039e-01,3.379008551712047725e-01
2.762000000000000011e+00,-3.134435242714416758e-01,-3.134435242714417313e-01,3.368088902756658509e-01
2.762999999999999901e+00,-3.138446301914744052e-01,-3.138446301914744607e-01,3.357170941064508418e-01
2.764000000000000234e+00,-3.142430759454180600e-01,-3.142430759454181155e-01,3.346255429088915712e-01
2.765000000000000124e+00,-3.146388448671351146e-01,-3.146388448671351146e-01,3.335343131503692993e-01
2.766000000000000014e+00,-3.150319207988268033e-01,-3.150319207988268588e-01,3.324434815109453267e-01
2.766999999999999904e+00,-3.154222880916694449e-01,-3.154222880916695004e-01,3.313531248739297608e-01
2.768000000000000238e+00,-3.158099316063232020e-01,-3.158099316063232576e-01,3.302633203163919395e-01
2.769000000000000128e+00,-3.161948367133102233e-01,-3.161948367133103899e-01,3.291741450996140128e-01
2.770000000000000018e+00,-3.165769892932646101e-01,-3.165769892932646656e-01,3.280856766594861806e-01
2.770999999999999908e+00,-3.169563757370497115e-01,-3.169563757370497670e-01,3.269979925968580226e-01
2.772000000000000242e+00,-3.173329829457470774e-01,-3.173329829457471885e-01,3.259111706678322617e-01
2.773000000000000131e+00,-3.177067983305116305e-01,-3.177067983305117416e-01,3.248252887740210593e-01
2.774000000000000021e+00,-3.180778098122979958e-01,-3.180778098122980513e-01,3.237404249527499611e-01
2.774999999999999911e+00,-3.184460058214521050e-01,-3.184460058214522160e-01,3.226566573672273730e-01
2.776000000000000245e+00,-3.188113752971740711e-01,-3.188113752971741821e-01,3.215740642966718466e-01
2.777000000000000135e+00,-3.191739076868449487e-01,-3.191739076868451708e-01,3.204927241264076132e-01
2.778000000000000025e+00,-3.195335929452256529e-01,-3.195335929452258750e-01,3.194127153379206496e-01
2.778999999999999915e+00,-3.198904215335192647e-01,-3.198904215335195422e-01,3.183341164988906513e-01
2.780000000000000249e+00,-3.202443844183031629e-01,-3.202443844183033850e-01,3.172570062531914203e-01
2.781000000000000139e+00,-3.205954730703270972e-01,-3.205954730703272637e-01,3.161814633108712691e-01
2.782000000000000028e+00,-3.209436794631812528e-01,-3.209436794631815304e-01,3.151075664381015606e-01
2.782999999999999918e+00,-3.212889960718285920e-01,-3.212889960718288695e-01,3.140353944471170333e-01
2.784000000000000252e+00,-3.216314158710074089e-01,-3.216314158710077975e-01,3.129650261861296467e-01
2.785000000000000142e+00,-3.219709323335003259e-01,-3.219709323335006035e-01,3.118965405292347115e-01
2.786000000000000032e+00,-3.223075394282718942e-01,-3.223075394282721717e-01,3.108300163663021976e-01
2.786999999999999922e+00,-3.226412316184747997e-01,-3.226412316184751328e-01,3.097655325928586056e-01
2.788000000000000256e+00,-3.229720038593248410e-01,-3.229720038593250631e-01,3.087031680999632322e-01
2.789000000000000146e+00,-3.232998515958429020e-01,-3.232998515958432351e-01,3.076430017640838788e-01
2.790000000000000036e+00,-3.236247707604701374e-01,-3.236247707604704704e-01,3.065851124369651792e-01
2.790999999999999925e+00,-3.239467577705492651e-01,-3.239467577705497092e-01,3.055295789355041425e-01
2.792000000000000259e+00,-3.242658095256795159e-01,-3.242658095256799600e-01,3.044764800316259734e-01
2.793000000000000149e+00,-3.245819234049388546e-01,-3.245819234049392987e-01,3.034258944421721615e-01
2.794000000000000039e+00,-3.248950972639820800e-01,-3.248950972639825241e-01,3.023779008187891248e-01
2.794999999999999929e+00,-3.252053294320073062e-01,-3.252053294320077503e-01,3.013325777378375037e-01
2.796000000000000263e+00,-3.255126187085981559e-01,-3.255126187085986000e-01,3.002900036903110581e-01
2.797000000000000153e+00,-3.258169643604374999e-01,-3.258169643604379440e-01,2.992502570717749943e-01
2.798000000000000043e+00,-3.261183661178977400e-01,-3.261183661178981286e-01,2.982134161723208887e-01
2.798999999999999932e+00,-3.264168241715039165e-01,-3.264168241715043606e-01,2.971795591665474801e-01
2.800000000000000266e+00,-3.267123391682761890e-01,-3.267123391682764666e-01,2.961487641035613350e-01
2.801000000000000156e+00,-3.270049122079451420e-01,-3.270049122079455306e-01,2.951211088970115970e-01
2.802000000000000046e+00,-3.272945448390505163e-01,-3.272945448390509049e-01,2.940966713151448308e-01
2.802999999999999936e+00,-3.275812390549140418e-01,-3.275812390549144859e-01,2.930755289708998901e-01
2.804000000000000270e+00,-3.278649972894961961e-01,-3.278649972894965847e-01,2.920577593120313731e-01
2.805000000000000160e+00,-3.281458224131316159e-01,-3.281458224131320600e-01,2.910434396112748789e-01
2.806000000000000050e+00,-3.284237177281494335e-01,-3.284237177281498776e-01,2.900326469565432941e-01
2.806999999999999940e+00,-3.286986869643759301e-01,-3.286986869643763187e-01,2.890254582411728723e-01
2.808000000000000274e+00,-3.289707342745215035e-01,-3.289707342745220031e-01,2.880219501542076177e-01
2.809000000000000163e+00,-3.292398642294561140e-01,-3.292398642294566136e-01,2.870221991707305187e-01
2.810000000000000053e+00,-3.295060818133709879e-01,-3.295060818133715430e-01,2.860262815422399685e-01
2.810999999999999943e+00,-3.297693924188291881e-01,-3.297693924188296877e-01,2.850342732870828066e-01
2.812000000000000277e+00,-3.300298018417078261e-01,-3.300298018417082702e-01,2.840462501809306040e-01
2.813000000000000167e+00,-3.302873162760301962e-01,-3.302873162760305847e-01,2.830622877473202292e-01
2.814000000000000057e+00,-3.305419423086951580e-01,-3.305419423086955466e-01,2.820824612482392135e-01
2.814999999999999947e+00,-3.307936869140974956e-01,-3.307936869140979397e-01,2.811068456747783384e-01
2.815999999999999837e+00,-3.310425574486476341e-01,-3.310425574486479672e-01,2.801355157378419003e-01
2.817000000000000171e+00,-3.312885616451891613e-01,-3.312885616451895499e-01,2.791685458589160951e-01
2.818000000000000060e+00,-3.315317076073156510e-01,-3.315317076073161506e-01,2.782060101609097336e-01
2.818999999999999950e+00,-3.317720038035910646e-01,-3.317720038035915642e-01,2.772479824590518560e-01
2.819999999999999840e+00,-3.320094590616718966e-01,-3.320094590616723962e-01,2.762945362518621217e-01
2.821000000000000174e+00,-3.322440825623362293e-01,-3.322440825623367289e-01,2.753457447121896440e-01
2.822000000000000064e+00,-3.324758838334188615e-01,-3.324758838334194722e-01,2.744016806783254880e-01
2.822999999999999954e+00,-3.327048727436576203e-01,-3.327048727436581199e-01,2.734624166451808946e-01
2.823999999999999844e+00,-3.329310594964484116e-01,-3.329310594964489667e-01,2.725280247555476598e-01
2.825000000000000178e+00,-3.331544546235157833e-01,-3.331544546235163939e-01,2.715985767914314009e-01
2.826000000000000068e+00,-3.333750689784962806e-01,-3.333750689784968912e-01,2.706741441654629821e-01
2.826999999999999957e+00,-3.335929137304420311e-01,-3.335929137304426972e-01,2.697547979123876560e-01
2.827999999999999847e+00,-3.338080003572407306e-01,-3.338080003572413412e-01,2.688406086806356954e-01
2.829000000000000181e+00,-3.340203406389593010e-01,-3.340203406389600227e-01,2.679316467239766797e-01
2.830000000000000071e+00,-3.342299466511097217e-01,-3.342299466511103878e-01,2.670279818932563831e-01
2.830999999999999961e+00,-3.344368307578417521e-01,-3.344368307578423627e-01,2.661296836282152078e-01
2.831999999999999851e+00,-3.346410056050632131e-01,-3.346410056050639348e-01,2.652368209493977669e-01
2.833000000000000185e+00,-3.348424841134909347e-01,-3.348424841134916008e-01,2.643494624501457335e-01
2.834000000000000075e+00,-3.350412794716335352e-01,-3.350412794716342013e-01,2.634676762886802859e-01
2.834999999999999964e+00,-3.352374051287106971e-01,-3.352374051287114187e-01,2.625915301802750901e-01
2.835999999999999854e+00,-3.354308747875083263e-01,-3.354308747875089924e-01,2.617210913895169910e-01
2.837000000000000188e+00,-3.356217023971738156e-01,-3.356217023971744817e-01,2.608564267226621269e-01
2.838000000000000078e+00,-3.358099021459541866e-01,-3.358099021459549638e-01,2.599976025200820273e-01
2.838999999999999968e+00,-3.359954884538778330e-01,-3.359954884538786102e-01,2.591446846488020817e-01
2.839999999999999858e+00,-3.361784759653838606e-01,-3.361784759653845267e-01,2.582977384951377631e-01
2.841000000000000192e+00,-3.363588795419006905e-01,-3.363588795419014676e-01,2.574568289574230562e-01
2.842000000000000082e+00,-3.365367142543769785e-01,-3.365367142543777002e-01,2.566220204388376391e-01
2.842999999999999972e+00,-3.367119953757671258e-01,-3.367119953757679029e-01,2.557933768403250485e-01
2.843999999999999861e+00,-3.368847383734738243e-01,-3.368847383734744905e-01,2.549709615536164820e-01
2.845000000000000195e+00,-3.370549589017500236e-01,-3.370549589017507452e-01,2.541548374543451949e-01
2.846000000000000085e+00,-3.372226727940645929e-01,-3.372226727940652591e-01,2.533450668952626494e-01
2.846999999999999975e+00,-3.373878960554310691e-01,-3.373878960554317352e-01,2.525417116995542499e-01
2.847999999999999865e+00,-3.375506448547057614e-01,-3.375506448547064275e-01,2.517448331542523898e-01
2.849000000000000199e+00,-3.377109355168552707e-01,-3.377109355168559923e-01,2.509544920037506399e-01
2.850000000000000089e+00,-3.378687845151973623e-01,-3.378687845151980285e-01,2.501707484434195772e-01
2.850999999999999979e+00,-3.380242084636173594e-01,-3.380242084636180255e-01,2.493936621133190368e-01
2.851999999999999869e+00,-3.381772241087630526e-01,-3.381772241087637743e-01,2.486232920920177780e-01
2.853000000000000203e+00,-3.383278483222214583e-01,-3.383278483222221245e-01,2.478596968905059095e-01
2.854000000000000092e+00,-3.384760980926775353e-01,-3.384760980926782015e-01,2.471029344462177813e-01
2.854999999999999982e+00,-3.386219905180626322e-01,-3.386219905180632983e-01,2.463530621171476365e-01
2.855999999999999872e+00,-3.387655427976893341e-01,-3.387655427976900002e-01,2.456101366760736482e-01
2.857000000000000206e+00,-3.389067722243808145e-01,-3.389067722243814806e-01,2.448742143048792119e-01
2.858000000000000096e+00,-3.390456961765934141e-01,-3.390456961765939692e-01,2.441453505889792375e-01
2.858999999999999986e+00,-3.391823321105387756e-01,-3.391823321105392752e-01,2.434236005118440016e-01
2.859999999999999876e+00,-3.393166975523054241e-01,-3.393166975523059237e-01,2.427090184496270009e-01
2.861000000000000210e+00,-3.394488100899841765e-01,-3.394488100899847316e-01,2.420016581658944732e-01
2.862000000000000099e+00,-3.395786873657995475e-01,-3.395786873658002136e-01,2.413015728064556997e-01
2.862999999999999989e+00,-3.397063470682510911e-01,-3.397063470682516462e-01,2.406088148942930327e-01
2.863999999999999879e+00,-3.398318069242654005e-01,-3.398318069242659001e-01,2.399234363245927870e-01
2.865000000000000213e+00,-3.399550846913634849e-01,-3.399550846913639290e-01,2.392454883598786330e-01
2.866000000000000103e+00,-3.400761981498462427e-01,-3.400761981498467978e-01,2.385750216252438272e-01
2.866999999999999993e+00,-3.401951650949992523e-01,-3.401951650949996964e-01,2.379120861036815304e-01
2.867999999999999883e+00,-3.403120033293214886e-01,-3.403120033293220437e-01,2.372567311315176286e-01
2.869000000000000217e+00,-3.404267306547797411e-01,-3.404267306547803518e-01,2.366090053939395033e-01
2.870000000000000107e+00,-3.405393648650919536e-01,-3.405393648650927307e-01,2.359689569206253335e-01
2.870999999999999996e+00,-3.406499237380426481e-01,-3.406499237380432588e-01,2.353366330814706253e-01
2.871999999999999886e+00,-3.407584250278314908e-01,-3.407584250278321569e-01,2.347120805824116085e-01
2.873000000000000220e+00,-3.408648864574611581e-01,-3.408648864574617132e-01,2.340953454613446949e-01
2.874000000000000110e+00,-3.409693257111632847e-01,-3.409693257111638398e-01,2.334864730841466340e-01
2.875000000000000000e+00,-3.410717604268684866e-01,-3.410717604268691527e-01,2.328855081407829319e-01
2.875999999999999890e+00,-3.411722081887215152e-01,-3.411722081887221814e-01,2.322924946415190484e-01
2.877000000000000224e+00,-3.412706865196451500e-01,-3.412706865196459827e-01,2.317074759132177753e-01
2.878000000000000114e+00,-3.413672128739543843e-01,-3.413672128739552170e-01,2.311304945957382562e-01
2.879000000000000004e+00,-3.414618046300250676e-01,-3.414618046300257892e-01,2.305615926384230463e-01
2.879999999999999893e+00,-3.415544790830193911e-01,-3.415544790830201682e-01,2.300008112966756557e-01
2.881000000000000227e+00,-3.416452534376699379e-01,-3.416452534376706596e-01,2.294481911286358200e-01
2.882000000000000117e+00,-3.417341448011260163e-01,-3.417341448011267380e-01,2.289037719919390090e-01
2.883000000000000007e+00,-3.418211701758647747e-01,-3.418211701758656629e-01,2.283675930405683341e-01
2.883999999999999897e+00,-3.419063464526695961e-01,-3.419063464526703733e-01,2.278396927217939683e-01
2.885000000000000231e+00,-3.419896904036775487e-01,-3.419896904036783258e-01,2.273201087732042158e-01
2.886000000000000121e+00,-3.420712186755003881e-01,-3.420712186755012763e-01,2.268088782198191267e-01
2.887000000000000011e+00,-3.421509477824203338e-01,-3.421509477824212220e-01,2.263060373712923179e-01
2.887999999999999901e+00,-3.422288940996630613e-01,-3.422288940996639495e-01,2.258116218191991709e-01
2.889000000000000234e+00,-3.423050738567514628e-01,-3.423050738567522400e-01,2.253256664344076010e-01
2.890000000000000124e+00,-3.423795031309411208e-01,-3.423795031309419534e-01,2.248482053645336765e-01
2.891000000000000014e+00,-3.424521978407427114e-01,-3.424521978407435441e-01,2.243792720314801981e-01
2.891999999999999904e+00,-3.425231737395299514e-01,-3.425231737395307841e-01,2.239188991290549380e-01
2.893000000000000238e+00,-3.425924464092391375e-01,-3.425924464092400257e-01,2.234671186206716453e-01
2.894000000000000128e+00,-3.426600312541598359e-01,-3.426600312541607241e-01,2.230239617371319039e-01
2.895000000000000018e+00,-3.427259434948221051e-01,-3.427259434948228822e-01,2.225894589744811247e-01
2.895999999999999908e+00,-3.427901981619785321e-01,-3.427901981619793648e-01,2.221636400919487220e-01
2.897000000000000242e+00,-3.428528100906880205e-01,-3.428528100906888532e-01,2.217465341099605081e-01
2.898000000000000131e+00,-3.429137939144994429e-01,-3.429137939145002756e-01,2.213381693082302482e-01
2.899000000000000021e+00,-3.429731640597403208e-01,-3.429731640597410980e-01,2.209385732239250721e-01
2.899999999999999911e+00,-3.430309347399108089e-01,-3.430309347399115305e-01,2.205477726499039393e-01
2.901000000000000245e+00,-3.430871199501870361e-01,-3.430871199501877022e-01,2.201657936330315701e-01
2.902000000000000135e+00,-3.431417334620332493e-01,-3.431417334620339155e-01,2.197926614725650152e-01
2.903000000000000025e+00,-3.431947888179278650e-01,-3.431947888179285866e-01,2.194284007186087793e-01
2.903999999999999915e+00,-3.432462993262035411e-01,-3.432462993262042072e-01,2.190730351706424439e-01
2.905000000000000249e+00,-3.432962780560028238e-01,-3.432962780560034899e-01,2.187265878761200100e-01
2.906000000000000139e+00,-3.433447378323535304e-01,-3.433447378323543075e-01,2.183890811291334388e-01
2.907000000000000028e+00,-3.433916912313638159e-01,-3.433916912313645931e-01,2.180605364691487469e-01
2.907999999999999918e+00,-3.434371505755398624e-01,-3.434371505755405840e-01,2.177409746798051882e-01
2.909000000000000252e+00,-3.434811279292263597e-01,-3.434811279292271369e-01,2.174304157877835209e-01
2.910000000000000142e+00,-3.435236350941747174e-01,-3.435236350941754946e-01,2.171288790617388609e-01
2.911000000000000032e+00,-3.435646836052371755e-01,-3.435646836052379527e-01,2.168363830112982893e-01
2.911999999999999922e+00,-3.436042847261907562e-01,-3.436042847261914779e-01,2.165529453861223530e-01
2.913000000000000256e+00,-3.436424494456920553e-01,-3.436424494456928325e-01,2.162785831750272392e-01
2.914000000000000146e+00,-3.436791884733648716e-01,-3.436791884733656488e-01,2.160133126051737851e-01
2.915000000000000036e+00,-3.437145122360205085e-01,-3.437145122360212302e-01,2.157571491413156350e-01
2.915999999999999925e+00,-3.437484308740147432e-01,-3.437484308740154093e-01,2.155101074851074605e-01
2.917000000000000259e+00,-3.437809542377411320e-01,-3.437809542377419647e-01,2.152722015744744644e-01
2.918000000000000149e+00,-3.438120918842630380e-01,-3.438120918842637597e-01,2.150434445830426422e-01
2.919000000000000039e+00,-3.438418530740839918e-01,-3.438418530740846579e-01,2.148238489196252488e-01
2.919999999999999929e+00,-3.438702467680606611e-01,-3.438702467680614938e-01,2.146134262277703542e-01
2.921000000000000263e+00,-3.438972816244563191e-01,-3.438972816244570962e-01,2.144121873853642168e-01
2.922000000000000153e+00,-3.439229659961381413e-01,-3.439229659961388630e-01,2.142201425042939422e-01
2.923000000000000043e+00,-3.439473079279189438e-01,-3.439473079279197210e-01,2.140373009301639873e-01
2.923999999999999932e+00,-3.439703151540445814e-01,-3.439703151540453030e-01,2.138636712420718677e-01
2.925000000000000266e+00,-3.439919950958260086e-01,-3.439919950958267858e-01,2.136992612524379609e-01
2.926000000000000156e+00,-3.440123548594212766e-01,-3.440123548594219427e-01,2.135440780068923183e-01
2.927000000000000046e+00,-3.440314012337633010e-01,-3.440314012337639671e-01,2.133981277842121327e-01
2.927999999999999936e+00,-3.440491406886376780e-01,-3.440491406886384551e-01,2.132614160963207939e-01
2.929000000000000270e+00,-3.440655793729107126e-01,-3.440655793729114897e-01,2.131339476883351292e-01
2.930000000000000160e+00,-3.440807231129061616e-01,-3.440807231129070498e-01,2.130157265386692922e-01
2.931000000000000050e+00,-3.440945774109354649e-01,-3.440945774109362976e-01,2.129067558591927756e-01
2.931999999999999940e+00,-3.441071474439763023e-01,-3.441071474439770794e-01,2.128070380954401875e-01
2.933000000000000274e+00,-3.441184380625074146e-01,-3.441184380625081918e-01,2.127165749268755957e-01
2.934000000000000163e+00,-3.441284537894919171e-01,-3.441284537894927498e-01,2.126353672672111339e-01
2.935000000000000053e+00,-3.441371988195165432e-01,-3.441371988195173204e-01,2.125634152647747355e-01
2.935999999999999943e+00,-3.441446770180826564e-01,-3.441446770180833781e-01,2.125007183029358204e-01
2.937000000000000277e+00,-3.441508919210507500e-01,-3.441508919210515272e-01,2.124472750005790556e-01
2.938000000000000167e+00,-3.441558467342403782e-01,-3.441558467342412109e-01,2.124030832126338197e-01
2.939000000000000057e+00,-3.441595443331812998e-01,-3.441595443331821325e-01,2.123681400306579037e-01
2.939999999999999947e+00,-3.441619872630207189e-01,-3.441619872630214960e-01,2.123424417834688660e-01
2.941000000000000281e+00,-3.441631777385835145e-01,-3.441631777385841806e-01,2.123259840378336205e-01
2.942000000000000171e+00,-3.441631176445864027e-01,-3.441631176445871798e-01,2.123187615992076505e-01
2.943000000000000060e+00,-3.441618085360061974e-01,-3.441618085360070856e-01,2.123207685125302890e-01
2.943999999999999950e+00,-3.441592516386012823e-01,-3.441592516386020595e-01,2.123319980630697656e-01
2.944999999999999840e+00,-3.441554478495860714e-01,-3.441554478495869596e-01,2.123524427773264001e-01
2.946000000000000174e+00,-3.441503977384595681e-01,-3.441503977384604562e-01,2.123820944239833142e-01
2.947000000000000064e+00,-3.441441015479852483e-01,-3.441441015479861365e-01,2.124209440149186223e-01
2.947999999999999954e+00,-3.441365591953240433e-01,-3.441365591953249869e-01,2.124689818062655833e-01
2.948999999999999844e+00,-3.441277702733176458e-01,-3.441277702733184229e-01,2.125261972995327042e-01
2.950000000000000178e+00,-3.441177340519244732e-01,-3.441177340519253613e-01,2.125925792427738048e-01
2.951000000000000068e+00,-3.441064494798051765e-01,-3.441064494798060647e-01,2.126681156318178112e-01
2.951999999999999957e+00,-3.440939151860574752e-01,-3.440939151860583634e-01,2.127527937115511747e-01
2.952999999999999847e+00,-3.440801294821005385e-01,-3.440801294821014267e-01,2.128465999772598538e-01
2.954000000000000181e+00,-3.440650903637068048e-01,-3.440650903637076929e-01,2.129495201760257250e-01
2.955000000000000071e+00,-3.440487955131819042e-01,-3.440487955131827924e-01,2.130615393081785047e-01
2.955999999999999961e+00,-3.440312423016891330e-01,-3.440312423016900212e-01,2.131826416288130355e-01
2.956999999999999851e+00,-3.440124277917208651e-01,-3.440124277917216977e-01,2.133128106493545617e-01
2.958000000000000185e+00,-3.439923487397125168e-01,-3.439923487397134050e-01,2.134520291391900637e-01
2.959000000000000075e+00,-3.439710015988003411e-01,-3.439710015988012293e-01,2.136002791273586832e-01
2.959999999999999964e+00,-3.439483825217201640e-01,-3.439483825217209967e-01,2.137575419042982150e-01
2.960999999999999854e+00,-3.439244873638468980e-01,-3.439244873638477307e-01,2.139237980236564085e-01
2.962000000000000188e+00,-3.438993116863727773e-01,-3.438993116863737765e-01,2.140990273041626923e-01
2.963000000000000078e+00,-3.438728507596237605e-01,-3.438728507596247042e-01,2.142832088315590744e-01
2.963999999999999968e+00,-3.438450995665106591e-01,-3.438450995665116583e-01,2.144763209605998477e-01
2.964999999999999858e+00,-3.438160528061164900e-01,-3.438160528061174892e-01,2.146783413171078625e-01
2.966000000000000192e+00,-3.437857048974153895e-01,-3.437857048974163332e-01,2.148892468001007139e-01
2.967000000000000082e+00,-3.437540499831241991e-01,-3.437540499831251428e-01,2.151090135839780482e-01
2.967999999999999972e+00,-3.437210819336821155e-01,-3.437210819336830037e-01,2.153376171207760648e-01
2.968999999999999861e+00,-3.436867943513592927e-01,-3.436867943513602919e-01,2.155750321424898808e-01
2.970000000000000195e+00,-3.436511805744913439e-01,-3.436511805744922321e-01,2.158212326634602607e-01
2.971000000000000085e+00,-3.436142336818368559e-01,-3.436142336818377441e-01,2.160761919828305955e-01
2.971999999999999975e+00,-3.435759464970591370e-01,-3.435759464970600252e-01,2.163398826870702174e-01
2.972999999999999865e+00,-3.435363115933257605e-01,-3.435363115933266487e-01,2.166122766525705456e-01
2.974000000000000199e+00,-3.434953212980279558e-01,-3.434953212980288439e-01,2.168933450483092051e-01
2.975000000000000089e+00,-3.434529676976155188e-01,-3.434529676976164070e-01,2.171830583385840063e-01
2.975999999999999979e+00,-3.434092426425451317e-01,-3.434092426425460198e-01,2.174813862858236968e-01
2.976999999999999869e+00,-3.433641377523409810e-01,-3.433641377523418692e-01,2.177882979534649932e-01
2.978000000000000203e+00,-3.433176444207647338e-01,-3.433176444207657330e-01,2.181037617089098268e-01
2.979000000000000092e+00,-3.432697538210920940e-01,-3.432697538210929822e-01,2.184277452265492026e-01
2.979999999999999982e+00,-3.432204569114943316e-01,-3.432204569114952752e-01,2.187602154908692420e-01
2.980999999999999872e+00,-3.431697444405229502e-01,-3.431697444405238384e-01,2.191011387996290305e-01
2.982000000000000206e+00,-3.431176069526929995e-01,-3.431176069526938877e-01,2.194504807671151803e-01
2.983000000000000096e+00,-3.430640347941650292e-01,-3.430640347941659174e-01,2.198082063274729436e-01
2.983999999999999986e+00,-3.430090181185206921e-01,-3.430090181185215803e-01,2.201742797381200101e-01
2.984999999999999876e+00,-3.429525468926318821e-01,-3.429525468926328258e-01,2.205486645832325232e-01
2.986000000000000210e+00,-3.428946109026189681e-01,-3.428946109026199673e-01,2.209313237773155580e-01
2.987000000000000099e+00,-3.428351997598964029e-01,-3.428351997598972911e-01,2.213222195688486771e-01
2.987999999999999989e+00,-3.427743029073019865e-01,-3.427743029073029302e-01,2.217213135440177785e-01
2.988999999999999879e+00,-3.427119096253092856e-01,-3.427119096253102293e-01,2.221285666305244655e-01
2.990000000000000213e+00,-3.426480090383173804e-01,-3.426480090383182686e-01,2.225439391014793211e-01
2.991000000000000103e+00,-3.425825901210174385e-01,-3.425825901210183266e-01,2.229673905793756183e-01
2.991999999999999993e+00,-3.425156417048330626e-01,-3.425156417048339508e-01,2.233988800401496555e-01
2.992999999999999883e+00,-3.424471524844302506e-01,-3.424471524844311388e-01,2.238383658173199176e-01
2.994000000000000217e+00,-3.423771110242950777e-01,-3.423771110242960214e-01,2.242858056062165817e-01
2.995000000000000107e+00,-3.423055057653771049e-01,-3.423055057653780486e-01,2.247411564682902929e-01
2.995999999999999996e+00,-3.422323250317926835e-01,-3.422323250317935717e-01,2.252043748355096464e-01
2.996999999999999886e+00,-3.421575570375885444e-01,-3.421575570375895436e-01,2.256754165148413815e-01
2.998000000000000220e+00,-3.420811898935609552e-01,-3.420811898935618434e-01,2.261542366928207815e-01
2.999000000000000110e+00,-3.420032116141266676e-01,-3.420032116141276113e-01,2.266407899402034798e-01
3.000000000000000000e+00,-3.419236101242448811e-01,-3.419236101242457693e-01,2.271350302167086943e-01
