0,0.000000,0.322741,0.369206,0.125779,0.282136,0.300378,0.156431,0.253093,0.176920,0.175048,0.248154,0.056676,0.179589,0.219645,0.257984,0.163267
1,0.004167,0.322758,0.369196,0.125774,0.282134,0.300377,0.156430,0.253088,0.176922,0.175048,0.248153,0.056677,0.179593,0.219641,0.257979,0.163253
2,0.008333,0.322769,0.369182,0.125793,0.282134,0.300373,0.156428,0.253085,0.176923,0.175047,0.248154,0.056680,0.179592,0.219637,0.257979,0.163248
3,0.012500,0.322777,0.369174,0.125794,0.282130,0.300371,0.156426,0.253084,0.176921,0.175044,0.248154,0.056680,0.179590,0.219634,0.257980,0.163246
4,0.016667,0.322788,0.369165,0.125793,0.282132,0.300370,0.156422,0.253084,0.176926,0.175041,0.248155,0.056678,0.179591,0.219633,0.257978,0.163241
5,0.020833,0.322797,0.369156,0.125790,0.282131,0.300367,0.156423,0.253083,0.176924,0.175040,0.248159,0.056678,0.179590,0.219632,0.257982,0.163241
6,0.025000,0.322802,0.369145,0.125785,0.282133,0.300366,0.156419,0.253081,0.176923,0.175040,0.248159,0.056681,0.179591,0.219630,0.257980,0.163238
7,0.029167,0.322810,0.369136,0.125779,0.282131,0.300362,0.156415,0.253080,0.176921,0.175036,0.248157,0.056677,0.179596,0.219629,0.257979,0.163237
8,0.033333,0.322812,0.369127,0.125770,0.282132,0.300361,0.156411,0.253078,0.176923,0.175035,0.248155,0.056677,0.179599,0.219626,0.257980,0.163238
9,0.037500,0.322813,0.369116,0.125758,0.282131,0.300359,0.156406,0.253075,0.176919,0.175038,0.248154,0.056676,0.179597,0.219624,0.257980,0.163240
10,0.041667,0.322813,0.369111,0.125747,0.282130,0.300357,0.156401,0.253075,0.176922,0.175038,0.248156,0.056676,0.179600,0.219625,0.257982,0.163244
11,0.045833,0.322814,0.369106,0.125735,0.282131,0.300358,0.156399,0.253075,0.176920,0.175038,0.248156,0.056675,0.179603,0.219625,0.257981,0.163243
12,0.050000,0.322810,0.369103,0.125722,0.282130,0.300356,0.156392,0.253074,0.176921,0.175040,0.248154,0.056673,0.179606,0.219625,0.257982,0.163249
13,0.054167,0.322800,0.369102,0.125693,0.282130,0.300354,0.156386,0.253076,0.176921,0.175042,0.248155,0.056672,0.179608,0.219627,0.257982,0.163253
14,0.058333,0.322801,0.369103,0.125666,0.282132,0.300353,0.156377,0.253078,0.176920,0.175046,0.248157,0.056671,0.179611,0.219630,0.257983,0.163257
15,0.062500,0.322793,0.369101,0.125648,0.282132,0.300353,0.156371,0.253080,0.176918,0.175045,0.248156,0.056675,0.179611,0.219632,0.257984,0.163263
16,0.066667,0.322785,0.369101,0.125632,0.282134,0.300352,0.156363,0.253084,0.176916,0.175044,0.248154,0.056672,0.179614,0.219635,0.257988,0.163274
17,0.070833,0.322768,0.369105,0.125627,0.282135,0.300352,0.156357,0.253086,0.176913,0.175052,0.248155,0.056670,0.179617,0.219636,0.257983,0.163276
18,0.075000,0.322757,0.369107,0.125609,0.282137,0.300351,0.156350,0.253084,0.176913,0.175055,0.248155,0.056669,0.179620,0.219639,0.257981,0.163284
19,0.079167,0.322740,0.369113,0.125575,0.282139,0.300351,0.156345,0.253089,0.176912,0.175052,0.248154,0.056670,0.179619,0.219642,0.257982,0.163292
20,0.083333,0.322726,0.369120,0.125556,0.282141,0.300353,0.156339,0.253091,0.176907,0.175058,0.248156,0.056665,0.179619,0.219647,0.257989,0.163307
21,0.087500,0.322711,0.369126,0.125540,0.282143,0.300353,0.156337,0.253092,0.176906,0.175063,0.248151,0.056666,0.179625,0.219650,0.257982,0.163309
22,0.091667,0.322694,0.369140,0.125515,0.282145,0.300353,0.156332,0.253098,0.176905,0.175065,0.248151,0.056666,0.179623,0.219654,0.257986,0.163324
23,0.095833,0.322677,0.369149,0.125494,0.282148,0.300354,0.156327,0.253098,0.176905,0.175070,0.248151,0.056667,0.179623,0.219659,0.257988,0.163336
24,0.100000,0.322661,0.369155,0.125472,0.282151,0.300355,0.156323,0.253102,0.176901,0.175073,0.248150,0.056667,0.179627,0.219664,0.257989,0.163346
25,0.104167,0.322642,0.369166,0.125457,0.282152,0.300356,0.156317,0.253106,0.176901,0.175077,0.248154,0.056671,0.179625,0.219670,0.257989,0.163351
26,0.108333,0.322628,0.369177,0.125442,0.282156,0.300358,0.156314,0.253109,0.176898,0.175079,0.248150,0.056668,0.179627,0.219675,0.257988,0.163360
27,0.112500,0.322603,0.369181,0.125418,0.282159,0.300360,0.156312,0.253112,0.176897,0.175081,0.248151,0.056669,0.179628,0.219678,0.257987,0.163368
28,0.116667,0.322598,0.369198,0.125413,0.282161,0.300362,0.156309,0.253114,0.176897,0.175087,0.248150,0.056667,0.179629,0.219683,0.257990,0.163378
29,0.120833,0.322582,0.369206,0.125396,0.282163,0.300363,0.156309,0.253117,0.176897,0.175085,0.248152,0.056670,0.179626,0.219688,0.257993,0.163387
30,0.125000,0.322569,0.369216,0.125385,0.282165,0.300367,0.156306,0.253121,0.176897,0.175086,0.248151,0.056673,0.179629,0.219691,0.257993,0.163389
31,0.129167,0.322547,0.369225,0.125377,0.282165,0.300369,0.156305,0.253124,0.176896,0.175086,0.248148,0.056670,0.179627,0.219694,0.257993,0.163398
32,0.133333,0.322535,0.369234,0.125371,0.282166,0.300372,0.156306,0.253126,0.176895,0.175087,0.248148,0.056674,0.179627,0.219697,0.257994,0.163404
33,0.137500,0.322528,0.369246,0.125364,0.282166,0.300374,0.156307,0.253125,0.176896,0.175090,0.248145,0.056673,0.179631,0.219701,0.257996,0.163409
34,0.141667,0.322487,0.369261,0.125352,0.282168,0.300374,0.156307,0.253126,0.176897,0.175089,0.248146,0.056673,0.179630,0.219702,0.257993,0.163412
35,0.145833,0.322482,0.369273,0.125353,0.282168,0.300376,0.156307,0.253129,0.176897,0.175088,0.248146,0.056674,0.179626,0.219701,0.257994,0.163414
36,0.150000,0.322473,0.369282,0.125354,0.282168,0.300376,0.156310,0.253131,0.176896,0.175091,0.248146,0.056672,0.179629,0.219704,0.257993,0.163415
37,0.154167,0.322470,0.369288,0.125358,0.282169,0.300377,0.156312,0.253131,0.176897,0.175093,0.248145,0.056673,0.179627,0.219705,0.257995,0.163418
38,0.158333,0.322465,0.369292,0.125367,0.282167,0.300378,0.156315,0.253135,0.176896,0.175092,0.248147,0.056675,0.179622,0.219707,0.257991,0.163417
39,0.162500,0.322464,0.369298,0.125376,0.282168,0.300378,0.156317,0.253134,0.176897,0.175093,0.248144,0.056673,0.179622,0.219707,0.257993,0.163415
40,0.166667,0.322464,0.369305,0.125389,0.282166,0.300381,0.156320,0.253132,0.176899,0.175096,0.248146,0.056672,0.179621,0.219708,0.257992,0.163415
41,0.170833,0.322470,0.369306,0.125400,0.282166,0.300383,0.156326,0.253134,0.176897,0.175093,0.248146,0.056674,0.179623,0.219707,0.257991,0.163412
42,0.175000,0.322471,0.369304,0.125416,0.282163,0.300380,0.156329,0.253132,0.176897,0.175092,0.248146,0.056670,0.179620,0.219703,0.257989,0.163407
43,0.179167,0.322497,0.369305,0.125443,0.282162,0.300383,0.156335,0.253129,0.176894,0.175090,0.248145,0.056670,0.179617,0.219703,0.257987,0.163402
44,0.183333,0.322505,0.369304,0.125458,0.282159,0.300382,0.156337,0.253129,0.176898,0.175090,0.248148,0.056667,0.179618,0.219698,0.257988,0.163399
45,0.187500,0.322515,0.369303,0.125476,0.282157,0.300385,0.156338,0.253128,0.176905,0.175086,0.248147,0.056666,0.179617,0.219696,0.257999,0.163406
46,0.191667,0.322522,0.369294,0.125493,0.282155,0.300384,0.156351,0.253126,0.176897,0.175079,0.248148,0.056665,0.179619,0.219690,0.257990,0.163399
47,0.195833,0.322532,0.369288,0.125522,0.282153,0.300382,0.156360,0.253121,0.176901,0.175082,0.248149,0.056666,0.179617,0.219689,0.257988,0.163394
48,0.200000,0.322556,0.369276,0.125543,0.282150,0.300384,0.156364,0.253122,0.176901,0.175078,0.248149,0.056668,0.179618,0.219684,0.257996,0.163393
49,0.204167,0.322573,0.369272,0.125562,0.282149,0.300387,0.156371,0.253113,0.176906,0.175082,0.248151,0.056671,0.179615,0.219680,0.257995,0.163390
50,0.208333,0.322581,0.369257,0.125582,0.282143,0.300382,0.156376,0.253111,0.176909,0.175081,0.248149,0.056674,0.179614,0.219674,0.257992,0.163392
51,0.212500,0.322591,0.369248,0.125597,0.282140,0.300382,0.156386,0.253108,0.176907,0.175087,0.248149,0.056672,0.179617,0.219668,0.257990,0.163382
52,0.216667,0.322607,0.369246,0.125616,0.282139,0.300386,0.156396,0.253099,0.176912,0.175087,0.248152,0.056674,0.179614,0.219665,0.257997,0.163381
53,0.220833,0.322625,0.369236,0.125638,0.282134,0.300383,0.156404,0.253097,0.176911,0.175085,0.248150,0.056675,0.179614,0.219657,0.257995,0.163376
54,0.225000,0.322631,0.369227,0.125657,0.282131,0.300379,0.156413,0.253092,0.176915,0.175091,0.248150,0.056676,0.179617,0.219651,0.257994,0.163371
55,0.229167,0.322646,0.369220,0.125671,0.282127,0.300378,0.156422,0.253086,0.176916,0.175091,0.248151,0.056674,0.179616,0.219645,0.257994,0.163366
56,0.233333,0.322657,0.369213,0.125684,0.282125,0.300379,0.156429,0.253083,0.176917,0.175087,0.248153,0.056673,0.179611,0.219639,0.257995,0.163359
57,0.237500,0.322666,0.369204,0.125699,0.282120,0.300377,0.156440,0.253078,0.176920,0.175085,0.248152,0.056675,0.179610,0.219632,0.257992,0.163355
58,0.241667,0.322681,0.369198,0.125722,0.282116,0.300376,0.156450,0.253076,0.176922,0.175080,0.248153,0.056676,0.179609,0.219626,0.257993,0.163350
59,0.245833,0.322694,0.369194,0.125736,0.282113,0.300377,0.156458,0.253074,0.176923,0.175083,0.248154,0.056678,0.179606,0.219622,0.257996,0.163348
60,0.250000,0.322703,0.369186,0.125748,0.282109,0.300376,0.156464,0.253070,0.176925,0.175079,0.248155,0.056675,0.179605,0.219616,0.257994,0.163341
61,0.254167,0.322712,0.369178,0.125766,0.282104,0.300374,0.156470,0.253066,0.176929,0.175081,0.248152,0.056674,0.179603,0.219611,0.257992,0.163336
62,0.258333,0.322723,0.369174,0.125779,0.282100,0.300375,0.156474,0.253066,0.176927,0.175079,0.248155,0.056679,0.179599,0.219608,0.257995,0.163332
63,0.262500,0.322739,0.369166,0.125808,0.282098,0.300376,0.156478,0.253066,0.176928,0.175079,0.248156,0.056677,0.179601,0.219603,0.257993,0.163327
64,0.266667,0.322752,0.369160,0.125813,0.282095,0.300375,0.156481,0.253062,0.176926,0.175081,0.248157,0.056674,0.179596,0.219600,0.257990,0.163326
65,0.270833,0.322761,0.369160,0.125827,0.282091,0.300376,0.156484,0.253064,0.176929,0.175078,0.248158,0.056674,0.179594,0.219597,0.257990,0.163323
66,0.275000,0.322767,0.369157,0.125841,0.282090,0.300377,0.156486,0.253061,0.176928,0.175078,0.248159,0.056672,0.179590,0.219596,0.257988,0.163318
67,0.279167,0.322771,0.369157,0.125850,0.282089,0.300376,0.156487,0.253063,0.176926,0.175071,0.248161,0.056674,0.179588,0.219595,0.257987,0.163317
68,0.283333,0.322772,0.369156,0.125859,0.282087,0.300378,0.156491,0.253053,0.176929,0.175070,0.248161,0.056673,0.179593,0.219594,0.257986,0.163316
69,0.287500,0.322772,0.369160,0.125865,0.282085,0.300378,0.156494,0.253063,0.176925,0.175075,0.248160,0.056673,0.179589,0.219594,0.257978,0.163311
70,0.291667,0.322770,0.369163,0.125871,0.282085,0.300380,0.156497,0.253066,0.176924,0.175075,0.248157,0.056674,0.179590,0.219594,0.257984,0.163316
71,0.295833,0.322765,0.369167,0.125873,0.282086,0.300383,0.156499,0.253065,0.176925,0.175076,0.248158,0.056670,0.179594,0.219593,0.257976,0.163311
72,0.300000,0.322760,0.369174,0.125875,0.282086,0.300385,0.156501,0.253066,0.176927,0.175077,0.248156,0.056672,0.179595,0.219593,0.257981,0.163315
73,0.304167,0.322754,0.369182,0.125876,0.282080,0.300387,0.156516,0.253067,0.176923,0.175082,0.248157,0.056672,0.179597,0.219595,0.257983,0.163320
74,0.308333,0.322746,0.369192,0.125875,0.282085,0.300385,0.156499,0.253064,0.176925,0.175087,0.248157,0.056672,0.179596,0.219598,0.257985,0.163323
75,0.312500,0.322734,0.369198,0.125869,0.282086,0.300386,0.156498,0.253069,0.176923,0.175087,0.248156,0.056673,0.179600,0.219600,0.257982,0.163325
76,0.316667,0.322725,0.369209,0.125862,0.282086,0.300389,0.156496,0.253069,0.176924,0.175092,0.248153,0.056673,0.179600,0.219600,0.257983,0.163324
77,0.320833,0.322716,0.369219,0.125857,0.282089,0.300390,0.156494,0.253069,0.176924,0.175090,0.248153,0.056672,0.179599,0.219602,0.257987,0.163332
78,0.325000,0.322702,0.369225,0.125847,0.282089,0.300390,0.156490,0.253069,0.176923,0.175095,0.248150,0.056675,0.179605,0.219606,0.257989,0.163335
79,0.329167,0.322686,0.369237,0.125823,0.282092,0.300391,0.156489,0.253068,0.176923,0.175096,0.248152,0.056675,0.179606,0.219607,0.257986,0.163338
80,0.333333,0.322672,0.369246,0.125813,0.282093,0.300392,0.156483,0.253074,0.176922,0.175092,0.248151,0.056675,0.179607,0.219610,0.257989,0.163343
81,0.337500,0.322659,0.369254,0.125799,0.282094,0.300393,0.156483,0.253076,0.176920,0.175094,0.248149,0.056674,0.179611,0.219615,0.257989,0.163350
82,0.341667,0.322644,0.369261,0.125783,0.282096,0.300393,0.156480,0.253076,0.176918,0.175096,0.248148,0.056672,0.179613,0.219618,0.257990,0.163358
83,0.345833,0.322632,0.369269,0.125771,0.282098,0.300395,0.156474,0.253076,0.176918,0.175100,0.248146,0.056673,0.179615,0.219620,0.257990,0.163363
84,0.350000,0.322606,0.369279,0.125748,0.282100,0.300396,0.156471,0.253078,0.176918,0.175102,0.248144,0.056675,0.179620,0.219624,0.257990,0.163371
85,0.354167,0.322584,0.369288,0.125738,0.282103,0.300397,0.156466,0.253081,0.176916,0.175105,0.248144,0.056674,0.179618,0.219626,0.257992,0.163378
86,0.358333,0.322574,0.369291,0.125719,0.282104,0.300396,0.156459,0.253084,0.176915,0.175108,0.248142,0.056672,0.179620,0.219632,0.257991,0.163383
87,0.362500,0.322554,0.369296,0.125708,0.282105,0.300397,0.156453,0.253087,0.176914,0.175112,0.248143,0.056673,0.179621,0.219636,0.257992,0.163391
88,0.366667,0.322538,0.369297,0.125702,0.282107,0.300397,0.156445,0.253089,0.176911,0.175114,0.248145,0.056672,0.179621,0.219640,0.257993,0.163396
89,0.370833,0.322528,0.369299,0.125682,0.282109,0.300397,0.156440,0.253090,0.176909,0.175115,0.248144,0.056672,0.179622,0.219644,0.257991,0.163403
90,0.375000,0.322519,0.369295,0.125664,0.282110,0.300394,0.156433,0.253094,0.176907,0.175113,0.248142,0.056670,0.179622,0.219645,0.257989,0.163409
91,0.379167,0.322518,0.369296,0.125638,0.282112,0.300394,0.156428,0.253097,0.176905,0.175112,0.248142,0.056667,0.179623,0.219649,0.257991,0.163417
92,0.383333,0.322513,0.369294,0.125620,0.282114,0.300394,0.156422,0.253097,0.176907,0.175114,0.248143,0.056667,0.179620,0.219653,0.257989,0.163421
93,0.387500,0.322505,0.369292,0.125600,0.282115,0.300393,0.156418,0.253099,0.176902,0.175113,0.248143,0.056665,0.179623,0.219655,0.257988,0.163425
94,0.391667,0.322499,0.369289,0.125584,0.282115,0.300390,0.156412,0.253100,0.176901,0.175113,0.248140,0.056664,0.179624,0.219654,0.257989,0.163431
95,0.395833,0.322495,0.369288,0.125569,0.282116,0.300390,0.156408,0.253100,0.176903,0.175114,0.248142,0.056663,0.179618,0.219655,0.257992,0.163438
96,0.400000,0.322493,0.369284,0.125556,0.282116,0.300388,0.156401,0.253103,0.176902,0.175115,0.248141,0.056665,0.179620,0.219655,0.257991,0.163440
97,0.404167,0.322473,0.369277,0.125529,0.282117,0.300387,0.156396,0.253102,0.176903,0.175114,0.248140,0.056665,0.179623,0.219656,0.257993,0.163447
98,0.408333,0.322488,0.369275,0.125528,0.282115,0.300385,0.156390,0.253100,0.176903,0.175118,0.248139,0.056667,0.179622,0.219655,0.257995,0.163449
99,0.412500,0.322487,0.369277,0.125510,0.282117,0.300385,0.156388,0.253099,0.176904,0.175118,0.248137,0.056667,0.179622,0.219657,0.257996,0.163452
100,0.416667,0.322472,0.369273,0.125493,0.282117,0.300383,0.156385,0.253099,0.176905,0.175118,0.248139,0.056666,0.179623,0.219654,0.257997,0.163455
101,0.420833,0.322490,0.369267,0.125495,0.282116,0.300383,0.156381,0.253097,0.176905,0.175118,0.248139,0.056669,0.179625,0.219654,0.257998,0.163456
102,0.425000,0.322492,0.369260,0.125487,0.282116,0.300381,0.156381,0.253097,0.176904,0.175119,0.248137,0.056672,0.179626,0.219653,0.257998,0.163455
103,0.429167,0.322494,0.369256,0.125481,0.282114,0.300381,0.156380,0.253096,0.176907,0.175117,0.248141,0.056666,0.179624,0.219652,0.257999,0.163455
104,0.433333,0.322498,0.369248,0.125476,0.282115,0.300379,0.156381,0.253094,0.176909,0.175117,0.248141,0.056670,0.179626,0.219652,0.258000,0.163454
105,0.437500,0.322512,0.369230,0.125474,0.282115,0.300380,0.156383,0.253095,0.176906,0.175114,0.248143,0.056672,0.179628,0.219650,0.258000,0.163451
106,0.441667,0.322516,0.369227,0.125477,0.282112,0.300378,0.156384,0.253094,0.176908,0.175115,0.248142,0.056669,0.179630,0.219647,0.258001,0.163449
107,0.445833,0.322513,0.369234,0.125483,0.282112,0.300378,0.156385,0.253092,0.176908,0.175114,0.248144,0.056671,0.179627,0.219647,0.258001,0.163448
108,0.450000,0.322528,0.369222,0.125490,0.282110,0.300379,0.156387,0.253091,0.176909,0.175114,0.248144,0.056668,0.179633,0.219644,0.257999,0.163440
109,0.454167,0.322534,0.369219,0.125498,0.282108,0.300379,0.156386,0.253092,0.176911,0.175114,0.248143,0.056670,0.179633,0.219643,0.258001,0.163436
110,0.458333,0.322542,0.369217,0.125509,0.282108,0.300378,0.156388,0.253090,0.176911,0.175112,0.248145,0.056670,0.179634,0.219641,0.258000,0.163432
111,0.462500,0.322553,0.369216,0.125522,0.282107,0.300376,0.156388,0.253087,0.176913,0.175109,0.248145,0.056668,0.179633,0.219638,0.257999,0.163424
112,0.466667,0.322561,0.369215,0.125542,0.282105,0.300378,0.156391,0.253088,0.176912,0.175110,0.248144,0.056667,0.179634,0.219638,0.257998,0.163417
113,0.470833,0.322568,0.369214,0.125557,0.282103,0.300379,0.156394,0.253088,0.176915,0.175105,0.248147,0.056667,0.179632,0.219637,0.257999,0.163411
114,0.475000,0.322576,0.369213,0.125573,0.282101,0.300378,0.156395,0.253084,0.176914,0.175105,0.248147,0.056666,0.179631,0.219636,0.257994,0.163400
115,0.479167,0.322584,0.369214,0.125591,0.282101,0.300379,0.156400,0.253087,0.176914,0.175102,0.248149,0.056662,0.179630,0.219633,0.257992,0.163394
116,0.483333,0.322598,0.369211,0.125613,0.282099,0.300379,0.156403,0.253085,0.176913,0.175098,0.248149,0.056660,0.179631,0.219631,0.257991,0.163386
117,0.487500,0.322605,0.369213,0.125628,0.282098,0.300381,0.156405,0.253086,0.176912,0.175093,0.248150,0.056659,0.179628,0.219630,0.257988,0.163376
118,0.491667,0.322614,0.369215,0.125645,0.282097,0.300381,0.156409,0.253088,0.176911,0.175089,0.248152,0.056658,0.179626,0.219629,0.257987,0.163367
119,0.495833,0.322618,0.369216,0.125660,0.282097,0.300381,0.156412,0.253084,0.176913,0.175087,0.248154,0.056658,0.179625,0.219627,0.257987,0.163362
120,0.500000,0.322625,0.369220,0.125677,0.282096,0.300382,0.156415,0.253087,0.176913,0.175088,0.248155,0.056656,0.179623,0.219626,0.257984,0.163351
121,0.504167,0.322632,0.369222,0.125693,0.282095,0.300384,0.156419,0.253087,0.176915,0.175081,0.248153,0.056657,0.179620,0.219625,0.257988,0.163346
122,0.508333,0.322638,0.369224,0.125706,0.282093,0.300384,0.156419,0.253085,0.176915,0.175082,0.248151,0.056660,0.179622,0.219622,0.257978,0.163331
123,0.512500,0.322649,0.369225,0.125729,0.282094,0.300385,0.156422,0.253083,0.176917,0.175079,0.248155,0.056664,0.179620,0.219623,0.257986,0.163334
124,0.516667,0.322653,0.369227,0.125741,0.282094,0.300385,0.156425,0.253083,0.176918,0.175081,0.248154,0.056662,0.179623,0.219621,0.257985,0.163330
125,0.520833,0.322658,0.369230,0.125750,0.282094,0.300387,0.156428,0.253082,0.176919,0.175077,0.248155,0.056667,0.179621,0.219620,0.257988,0.163328
126,0.525000,0.322661,0.369232,0.125758,0.282093,0.300388,0.156429,0.253081,0.176920,0.175075,0.248154,0.056665,0.179622,0.219618,0.257989,0.163324
127,0.529167,0.322663,0.369234,0.125763,0.282094,0.300387,0.156431,0.253083,0.176918,0.175076,0.248154,0.056667,0.179624,0.219620,0.257988,0.163319
128,0.533333,0.322663,0.369234,0.125768,0.282094,0.300389,0.156434,0.253081,0.176920,0.175073,0.248155,0.056670,0.179622,0.219618,0.257989,0.163320
129,0.537500,0.322665,0.369236,0.125766,0.282094,0.300388,0.156434,0.253080,0.176922,0.175072,0.248157,0.056671,0.179620,0.219620,0.257990,0.163319
130,0.541667,0.322675,0.369236,0.125758,0.282095,0.300389,0.156436,0.253079,0.176919,0.175077,0.248158,0.056670,0.179620,0.219620,0.257990,0.163320
131,0.545833,0.322667,0.369236,0.125765,0.282098,0.300388,0.156437,0.253081,0.176920,0.175073,0.248158,0.056670,0.179620,0.219621,0.257981,0.163309
132,0.550000,0.322664,0.369236,0.125762,0.282099,0.300389,0.156438,0.253084,0.176920,0.175072,0.248159,0.056669,0.179618,0.219624,0.257988,0.163318
133,0.554167,0.322665,0.369237,0.125759,0.282102,0.300390,0.156436,0.253083,0.176921,0.175071,0.248161,0.056671,0.179617,0.219626,0.257989,0.163320
134,0.558333,0.322664,0.369235,0.125755,0.282103,0.300388,0.156436,0.253084,0.176918,0.175077,0.248160,0.056669,0.179614,0.219626,0.257987,0.163319
135,0.562500,0.322662,0.369235,0.125751,0.282105,0.300387,0.156437,0.253083,0.176917,0.175079,0.248159,0.056672,0.179616,0.219629,0.257987,0.163324
136,0.566667,0.322661,0.369235,0.125741,0.282107,0.300388,0.156434,0.253086,0.176917,0.175078,0.248156,0.056670,0.179616,0.219631,0.257987,0.163329
137,0.570833,0.322657,0.369232,0.125734,0.282109,0.300388,0.156433,0.253084,0.176917,0.175078,0.248158,0.056670,0.179616,0.219632,0.257982,0.163325
138,0.575000,0.322655,0.369231,0.125727,0.282112,0.300386,0.156433,0.253087,0.176915,0.175080,0.248155,0.056671,0.179617,0.219634,0.257986,0.163338
139,0.579167,0.322652,0.369231,0.125719,0.282114,0.300384,0.156430,0.253087,0.176911,0.175081,0.248156,0.056669,0.179617,0.219636,0.257987,0.163346
140,0.583333,0.322649,0.369231,0.125709,0.282116,0.300384,0.156429,0.253086,0.176914,0.175085,0.248154,0.056670,0.179616,0.219639,0.257987,0.163351
141,0.587500,0.322640,0.369227,0.125688,0.282118,0.300384,0.156426,0.253091,0.176913,0.175082,0.248153,0.056665,0.179618,0.219640,0.257988,0.163358
142,0.591667,0.322635,0.369226,0.125678,0.282121,0.300381,0.156422,0.253087,0.176911,0.175086,0.248153,0.056665,0.179616,0.219640,0.257988,0.163363
143,0.595833,0.322632,0.369225,0.125668,0.282122,0.300380,0.156422,0.253091,0.176911,0.175090,0.248152,0.056667,0.179619,0.219642,0.257989,0.163368
144,0.600000,0.322629,0.369224,0.125656,0.282125,0.300380,0.156418,0.253089,0.176909,0.175093,0.248153,0.056662,0.179618,0.219644,0.257990,0.163377
145,0.604167,0.322624,0.369221,0.125644,0.282125,0.300377,0.156415,0.253090,0.176908,0.175096,0.248153,0.056665,0.179623,0.219646,0.257990,0.163383
146,0.608333,0.322622,0.369217,0.125630,0.282127,0.300377,0.156413,0.253090,0.176906,0.175100,0.248152,0.056663,0.179624,0.219646,0.257993,0.163390
147,0.612500,0.322616,0.369215,0.125619,0.282129,0.300377,0.156411,0.253093,0.176909,0.175101,0.248149,0.056666,0.179629,0.219648,0.257995,0.163395
148,0.616667,0.322612,0.369217,0.125607,0.282130,0.300378,0.156410,0.253092,0.176909,0.175105,0.248148,0.056668,0.179629,0.219650,0.257997,0.163401
149,0.620833,0.322607,0.369216,0.125594,0.282131,0.300375,0.156409,0.253091,0.176907,0.175108,0.248149,0.056666,0.179635,0.219654,0.257997,0.163407
150,0.625000,0.322603,0.369214,0.125584,0.282132,0.300376,0.156411,0.253091,0.176909,0.175112,0.248148,0.056668,0.179640,0.219654,0.257999,0.163413
151,0.629167,0.322598,0.369210,0.125571,0.282133,0.300377,0.156410,0.253092,0.176908,0.175114,0.248150,0.056668,0.179639,0.219653,0.257998,0.163419
152,0.633333,0.322594,0.369209,0.125566,0.282135,0.300377,0.156409,0.253090,0.176907,0.175119,0.248147,0.056668,0.179645,0.219656,0.258000,0.163422
153,0.637500,0.322592,0.369211,0.125560,0.282136,0.300375,0.156409,0.253094,0.176908,0.175117,0.248148,0.056666,0.179643,0.219656,0.258000,0.163426
154,0.641667,0.322591,0.369210,0.125554,0.282135,0.300375,0.156409,0.253095,0.176907,0.175124,0.248147,0.056665,0.179643,0.219659,0.257999,0.163430
155,0.645833,0.322589,0.369214,0.125553,0.282136,0.300375,0.156408,0.253097,0.176909,0.175120,0.248150,0.056666,0.179646,0.219660,0.257999,0.163431
156,0.650000,0.322590,0.369214,0.125551,0.282136,0.300373,0.156408,0.253099,0.176906,0.175118,0.248152,0.056664,0.179644,0.219660,0.258000,0.163435
157,0.654167,0.322589,0.369213,0.125553,0.282135,0.300373,0.156406,0.253099,0.176905,0.175118,0.248151,0.056661,0.179647,0.219660,0.257999,0.163433
158,0.658333,0.322587,0.369213,0.125552,0.282137,0.300373,0.156405,0.253099,0.176902,0.175123,0.248149,0.056661,0.179646,0.219661,0.257998,0.163436
159,0.662500,0.322589,0.369217,0.125557,0.282137,0.300376,0.156406,0.253099,0.176904,0.175121,0.248151,0.056660,0.179646,0.219660,0.257999,0.163434
160,0.666667,0.322587,0.369218,0.125561,0.282135,0.300374,0.156407,0.253100,0.176904,0.175121,0.248152,0.056658,0.179646,0.219660,0.258000,0.163437
161,0.670833,0.322587,0.369221,0.125567,0.282134,0.300377,0.156410,0.253097,0.176905,0.175122,0.248150,0.056663,0.179646,0.219659,0.257999,0.163433
162,0.675000,0.322586,0.369224,0.125575,0.282133,0.300377,0.156411,0.253097,0.176905,0.175122,0.248149,0.056659,0.179645,0.219659,0.257997,0.163431
163,0.679167,0.322586,0.369227,0.125581,0.282133,0.300377,0.156414,0.253099,0.176905,0.175119,0.248149,0.056663,0.179644,0.219659,0.257998,0.163430
164,0.683333,0.322586,0.369230,0.125591,0.282132,0.300379,0.156416,0.253097,0.176906,0.175122,0.248148,0.056660,0.179645,0.219657,0.257999,0.163428
165,0.687500,0.322587,0.369234,0.125600,0.282130,0.300382,0.156421,0.253095,0.176906,0.175123,0.248147,0.056663,0.179644,0.219657,0.257997,0.163424
166,0.691667,0.322587,0.369236,0.125614,0.282129,0.300381,0.156423,0.253099,0.176906,0.175121,0.248149,0.056660,0.179641,0.219656,0.257997,0.163419
167,0.695833,0.322586,0.369241,0.125629,0.282128,0.300383,0.156428,0.253094,0.176906,0.175119,0.248151,0.056661,0.179638,0.219655,0.257995,0.163413
168,0.700000,0.322594,0.369240,0.125641,0.282126,0.300384,0.156431,0.253095,0.176906,0.175121,0.248149,0.056661,0.179637,0.219652,0.257994,0.163412
169,0.704167,0.322598,0.369243,0.125652,0.282125,0.300384,0.156435,0.253095,0.176904,0.175120,0.248150,0.056662,0.179636,0.219655,0.257994,0.163409
170,0.708333,0.322600,0.369245,0.125666,0.282122,0.300383,0.156439,0.253096,0.176904,0.175116,0.248152,0.056662,0.179632,0.219652,0.257992,0.163405
171,0.712500,0.322602,0.369249,0.125679,0.282122,0.300386,0.156445,0.253095,0.176907,0.175114,0.248151,0.056662,0.179627,0.219650,0.257993,0.163402
172,0.716667,0.322607,0.369250,0.125691,0.282122,0.300388,0.156447,0.253096,0.176907,0.175108,0.248152,0.056663,0.179624,0.219650,0.257992,0.163398
173,0.720833,0.322612,0.369252,0.125706,0.282120,0.300387,0.156451,0.253096,0.176909,0.175109,0.248154,0.056664,0.179622,0.219647,0.257991,0.163394
174,0.725000,0.322614,0.369253,0.125719,0.282118,0.300388,0.156456,0.253094,0.176907,0.175111,0.248154,0.056668,0.179620,0.219646,0.257990,0.163392
175,0.729167,0.322626,0.369257,0.125740,0.282116,0.300390,0.156460,0.253091,0.176909,0.175111,0.248155,0.056666,0.179616,0.219644,0.257991,0.163389
176,0.733333,0.322638,0.369259,0.125739,0.282115,0.300391,0.156465,0.253091,0.176912,0.175107,0.248155,0.056668,0.179616,0.219642,0.257993,0.163387
177,0.737500,0.322642,0.369258,0.125750,0.282112,0.300392,0.156470,0.253089,0.176913,0.175107,0.248153,0.056673,0.179614,0.219641,0.257994,0.163387
178,0.741667,0.322646,0.369257,0.125758,0.282112,0.300392,0.156473,0.253089,0.176913,0.175105,0.248155,0.056673,0.179614,0.219640,0.257992,0.163382
179,0.745833,0.322651,0.369253,0.125767,0.282109,0.300395,0.156477,0.253088,0.176918,0.175107,0.248156,0.056674,0.179614,0.219637,0.257993,0.163380
180,0.750000,0.322652,0.369254,0.125773,0.282108,0.300396,0.156481,0.253085,0.176916,0.175108,0.248154,0.056674,0.179614,0.219634,0.257991,0.163374
181,0.754167,0.322659,0.369252,0.125780,0.282106,0.300394,0.156482,0.253086,0.176916,0.175104,0.248156,0.056674,0.179614,0.219634,0.257990,0.163372
182,0.758333,0.322662,0.369249,0.125782,0.282107,0.300393,0.156485,0.253086,0.176916,0.175104,0.248157,0.056673,0.179614,0.219631,0.257990,0.163369
183,0.762500,0.322667,0.369248,0.125788,0.282106,0.300395,0.156488,0.253086,0.176917,0.175100,0.248157,0.056674,0.179616,0.219633,0.257992,0.163366
184,0.766667,0.322668,0.369247,0.125791,0.282105,0.300394,0.156488,0.253087,0.176919,0.175103,0.248158,0.056673,0.179610,0.219630,0.257988,0.163361
185,0.770833,0.322671,0.369243,0.125795,0.282103,0.300392,0.156490,0.253088,0.176919,0.175098,0.248161,0.056670,0.179611,0.219630,0.257988,0.163360
186,0.775000,0.322673,0.369244,0.125797,0.282104,0.300394,0.156491,0.253088,0.176918,0.175097,0.248161,0.056671,0.179609,0.219629,0.257990,0.163357
187,0.779167,0.322676,0.369242,0.125798,0.282104,0.300393,0.156490,0.253087,0.176919,0.175093,0.248159,0.056674,0.179610,0.219630,0.257988,0.163354
188,0.783333,0.322678,0.369241,0.125801,0.282103,0.300392,0.156488,0.253085,0.176920,0.175097,0.248159,0.056674,0.179607,0.219628,0.257990,0.163355
189,0.787500,0.322680,0.369239,0.125801,0.282104,0.300392,0.156488,0.253085,0.176919,0.175094,0.248158,0.056673,0.179607,0.219629,0.257989,0.163354
190,0.791667,0.322682,0.369239,0.125801,0.282104,0.300391,0.156484,0.253083,0.176920,0.175093,0.248157,0.056674,0.179606,0.219627,0.257989,0.163351
191,0.795833,0.322682,0.369236,0.125797,0.282103,0.300391,0.156481,0.253086,0.176918,0.175087,0.248159,0.056674,0.179604,0.219627,0.257989,0.163351
192,0.800000,0.322683,0.369235,0.125793,0.282103,0.300391,0.156478,0.253083,0.176922,0.175089,0.248154,0.056674,0.179603,0.219627,0.257989,0.163348
193,0.804167,0.322680,0.369236,0.125789,0.282105,0.300389,0.156475,0.253085,0.176919,0.175082,0.248156,0.056672,0.179603,0.219627,0.257990,0.163347
194,0.808333,0.322683,0.369234,0.125781,0.282105,0.300388,0.156471,0.253083,0.176919,0.175086,0.248158,0.056671,0.179604,0.219629,0.257988,0.163345
195,0.812500,0.322681,0.369233,0.125776,0.282108,0.300388,0.156468,0.253084,0.176918,0.175084,0.248154,0.056674,0.179605,0.219630,0.257989,0.163347
196,0.816667,0.322680,0.369233,0.125766,0.282108,0.300386,0.156461,0.253086,0.176918,0.175081,0.248157,0.056669,0.179602,0.219632,0.257989,0.163346
197,0.820833,0.322679,0.369231,0.125756,0.282109,0.300386,0.156456,0.253087,0.176918,0.175079,0.248159,0.056668,0.179601,0.219633,0.257990,0.163346
198,0.825000,0.322668,0.369231,0.125757,0.282112,0.300386,0.156453,0.253087,0.176917,0.175081,0.248158,0.056672,0.179601,0.219634,0.257990,0.163341
199,0.829167,0.322666,0.369231,0.125745,0.282113,0.300387,0.156447,0.253088,0.176918,0.175076,0.248158,0.056668,0.179601,0.219634,0.257983,0.163333
200,0.833333,0.322663,0.369229,0.125734,0.282113,0.300385,0.156443,0.253090,0.176917,0.175078,0.248157,0.056671,0.179603,0.219634,0.257991,0.163342
201,0.837500,0.322653,0.369228,0.125711,0.282114,0.300384,0.156439,0.253084,0.176917,0.175082,0.248154,0.056673,0.179608,0.219636,0.257992,0.163346
202,0.841667,0.322650,0.369228,0.125697,0.282115,0.300384,0.156433,0.253087,0.176919,0.175075,0.248152,0.056672,0.179611,0.219636,0.257995,0.163349
203,0.845833,0.322645,0.369227,0.125684,0.282117,0.300384,0.156426,0.253087,0.176920,0.175074,0.248153,0.056673,0.179613,0.219638,0.257995,0.163349
204,0.850000,0.322640,0.369225,0.125671,0.282117,0.300382,0.156421,0.253088,0.176917,0.175076,0.248149,0.056673,0.179614,0.219638,0.257995,0.163352
205,0.854167,0.322636,0.369224,0.125658,0.282118,0.300382,0.156414,0.253088,0.176918,0.175077,0.248151,0.056675,0.179616,0.219640,0.257997,0.163355
206,0.858333,0.322636,0.369223,0.125643,0.282119,0.300382,0.156405,0.253090,0.176916,0.175076,0.248152,0.056676,0.179613,0.219640,0.257998,0.163358
207,0.862500,0.322630,0.369221,0.125630,0.282118,0.300380,0.156399,0.253089,0.176914,0.175075,0.248152,0.056672,0.179615,0.219640,0.257998,0.163358
208,0.866667,0.322623,0.369221,0.125612,0.282120,0.300379,0.156392,0.253091,0.176915,0.175071,0.248151,0.056672,0.179619,0.219641,0.257998,0.163363
209,0.870833,0.322620,0.369220,0.125597,0.282121,0.300379,0.156386,0.253091,0.176916,0.175074,0.248151,0.056673,0.179620,0.219644,0.258000,0.163366
210,0.875000,0.322617,0.369217,0.125583,0.282122,0.300378,0.156380,0.253091,0.176914,0.175074,0.248150,0.056669,0.179621,0.219644,0.257998,0.163366
211,0.879167,0.322611,0.369216,0.125570,0.282122,0.300376,0.156375,0.253093,0.176913,0.175070,0.248152,0.056669,0.179623,0.219645,0.257997,0.163370
212,0.883333,0.322607,0.369214,0.125557,0.282122,0.300376,0.156369,0.253094,0.176914,0.175072,0.248152,0.056670,0.179622,0.219646,0.257997,0.163373
213,0.887500,0.322600,0.369207,0.125542,0.282122,0.300376,0.156363,0.253094,0.176912,0.175070,0.248150,0.056668,0.179624,0.219646,0.257997,0.163374
214,0.891667,0.322596,0.369211,0.125525,0.282122,0.300375,0.156358,0.253094,0.176909,0.175075,0.248149,0.056668,0.179627,0.219648,0.257995,0.163378
215,0.895833,0.322591,0.369208,0.125513,0.282123,0.300373,0.156352,0.253096,0.176911,0.175077,0.248150,0.056668,0.179626,0.219648,0.257994,0.163382
216,0.900000,0.322587,0.369209,0.125504,0.282122,0.300373,0.156349,0.253096,0.176909,0.175079,0.248149,0.056665,0.179631,0.219648,0.257995,0.163383
217,0.904167,0.322583,0.369209,0.125492,0.282121,0.300372,0.156344,0.253096,0.176911,0.175077,0.248150,0.056667,0.179631,0.219648,0.257997,0.163390
218,0.908333,0.322577,0.369209,0.125485,0.282121,0.300373,0.156342,0.253098,0.176912,0.175079,0.248152,0.056666,0.179631,0.219650,0.257997,0.163391
219,0.912500,0.322572,0.369211,0.125479,0.282122,0.300374,0.156340,0.253098,0.176908,0.175082,0.248149,0.056665,0.179634,0.219649,0.257997,0.163395
220,0.916667,0.322569,0.369211,0.125471,0.282120,0.300373,0.156338,0.253099,0.176910,0.175081,0.248153,0.056665,0.179637,0.219649,0.257997,0.163400
221,0.920833,0.322563,0.369212,0.125463,0.282120,0.300375,0.156337,0.253097,0.176908,0.175086,0.248151,0.056664,0.179635,0.219650,0.258000,0.163405
222,0.925000,0.322557,0.369213,0.125456,0.282120,0.300373,0.156337,0.253100,0.176907,0.175083,0.248151,0.056662,0.179637,0.219651,0.257999,0.163409
223,0.929167,0.322550,0.369212,0.125454,0.282119,0.300372,0.156336,0.253098,0.176904,0.175087,0.248150,0.056663,0.179638,0.219649,0.257997,0.163414
224,0.933333,0.322545,0.369214,0.125450,0.282118,0.300374,0.156337,0.253099,0.176907,0.175091,0.248149,0.056663,0.179638,0.219650,0.257997,0.163415
225,0.937500,0.322542,0.369215,0.125451,0.282117,0.300374,0.156341,0.253097,0.176908,0.175091,0.248149,0.056663,0.179637,0.219647,0.257999,0.163418
226,0.941667,0.322536,0.369217,0.125452,0.282115,0.300375,0.156345,0.253094,0.176910,0.175093,0.248152,0.056662,0.179637,0.219649,0.258000,0.163421
227,0.945833,0.322531,0.369220,0.125453,0.282115,0.300376,0.156347,0.253101,0.176908,0.175090,0.248152,0.056665,0.179635,0.219646,0.258001,0.163423
228,0.950000,0.322529,0.369223,0.125454,0.282113,0.300378,0.156350,0.253094,0.176909,0.175099,0.248150,0.056665,0.179638,0.219646,0.258002,0.163429
229,0.954167,0.322525,0.369226,0.125459,0.282111,0.300380,0.156357,0.253096,0.176910,0.175096,0.248152,0.056665,0.179638,0.219644,0.258003,0.163432
230,0.958333,0.322524,0.369229,0.125467,0.282109,0.300381,0.156361,0.253095,0.176910,0.175099,0.248150,0.056667,0.179637,0.219644,0.258002,0.163430
231,0.962500,0.322522,0.369232,0.125476,0.282108,0.300382,0.156367,0.253094,0.176912,0.175102,0.248148,0.056670,0.179637,0.219644,0.258000,0.163431
232,0.966667,0.322520,0.369241,0.125491,0.282106,0.300384,0.156374,0.253094,0.176912,0.175102,0.248149,0.056669,0.179637,0.219643,0.258003,0.163431
233,0.970833,0.322510,0.369256,0.125504,0.282105,0.300388,0.156380,0.253094,0.176912,0.175105,0.248150,0.056668,0.179635,0.219641,0.258002,0.163430
234,0.975000,0.322512,0.369250,0.125527,0.282103,0.300388,0.156390,0.253091,0.176913,0.175107,0.248149,0.056666,0.179636,0.219640,0.258000,0.163430
235,0.979167,0.322513,0.369254,0.125539,0.282101,0.300388,0.156396,0.253092,0.176912,0.175110,0.248150,0.056665,0.179635,0.219639,0.258001,0.163428
236,0.983333,0.322513,0.369260,0.125555,0.282099,0.300392,0.156403,0.253094,0.176914,0.175107,0.248151,0.056667,0.179632,0.219639,0.258000,0.163426
237,0.987500,0.322514,0.369266,0.125576,0.282096,0.300393,0.156411,0.253093,0.176913,0.175109,0.248153,0.056665,0.179631,0.219638,0.257997,0.163423
238,0.991667,0.322515,0.369268,0.125595,0.282096,0.300393,0.156420,0.253093,0.176914,0.175107,0.248153,0.056664,0.179631,0.219637,0.257997,0.163421
239,0.995833,0.322520,0.369276,0.125618,0.282095,0.300396,0.156426,0.253093,0.176912,0.175109,0.248155,0.056665,0.179628,0.219636,0.257994,0.163415
240,1.000000,0.322518,0.369279,0.125646,0.282093,0.300399,0.156435,0.253092,0.176912,0.175111,0.248154,0.056664,0.179629,0.219635,0.257992,0.163411
241,1.004167,0.322522,0.369282,0.125670,0.282092,0.300400,0.156442,0.253090,0.176914,0.175109,0.248154,0.056664,0.179626,0.219632,0.257994,0.163410
242,1.008333,0.322526,0.369287,0.125688,0.282091,0.300402,0.156450,0.253093,0.176916,0.175110,0.248154,0.056664,0.179626,0.219633,0.257993,0.163406
243,1.012500,0.322534,0.369295,0.125713,0.282090,0.300404,0.156458,0.253091,0.176914,0.175106,0.248154,0.056665,0.179625,0.219631,0.257991,0.163401
244,1.016667,0.322547,0.369298,0.125725,0.282090,0.300406,0.156467,0.253092,0.176916,0.175108,0.248151,0.056666,0.179624,0.219629,0.257991,0.163396
245,1.020833,0.322552,0.369300,0.125740,0.282088,0.300408,0.156473,0.253089,0.176917,0.175107,0.248154,0.056666,0.179623,0.219629,0.257990,0.163391
246,1.025000,0.322559,0.369303,0.125760,0.282088,0.300409,0.156477,0.253088,0.176916,0.175107,0.248155,0.056662,0.179620,0.219628,0.257989,0.163386
247,1.029167,0.322565,0.369306,0.125777,0.282082,0.300410,0.156497,0.253086,0.176915,0.175106,0.248153,0.056665,0.179622,0.219624,0.257988,0.163379
248,1.033333,0.322585,0.369307,0.125798,0.282081,0.300412,0.156505,0.253086,0.176917,0.175106,0.248155,0.056663,0.179619,0.219625,0.257990,0.163373
249,1.037500,0.322591,0.369306,0.125814,0.282081,0.300411,0.156509,0.253085,0.176917,0.175108,0.248153,0.056666,0.179619,0.219624,0.257988,0.163368
250,1.041667,0.322599,0.369306,0.125826,0.282079,0.300412,0.156513,0.253085,0.176918,0.175106,0.248154,0.056665,0.179619,0.219622,0.257988,0.163364
251,1.045833,0.322615,0.369303,0.125832,0.282081,0.300412,0.156517,0.253084,0.176920,0.175105,0.248155,0.056667,0.179616,0.219621,0.257988,0.163357
252,1.050000,0.322622,0.369302,0.125843,0.282081,0.300413,0.156522,0.253082,0.176920,0.175106,0.248153,0.056666,0.179615,0.219620,0.257989,0.163353
253,1.054167,0.322629,0.369301,0.125854,0.282081,0.300413,0.156525,0.253080,0.176922,0.175100,0.248151,0.056668,0.179617,0.219616,0.257988,0.163347
254,1.058333,0.322636,0.369297,0.125860,0.282082,0.300413,0.156528,0.253076,0.176924,0.175101,0.248151,0.056669,0.179617,0.219616,0.257988,0.163342
255,1.062500,0.322651,0.369289,0.125866,0.282081,0.300413,0.156529,0.253075,0.176924,0.175102,0.248153,0.056669,0.179616,0.219614,0.257992,0.163342
256,1.066667,0.322657,0.369286,0.125883,0.282082,0.300412,0.156528,0.253072,0.176923,0.175104,0.248151,0.056667,0.179615,0.219613,0.257991,0.163341
257,1.070833,0.322669,0.369275,0.125884,0.282082,0.300411,0.156529,0.253072,0.176924,0.175097,0.248150,0.056670,0.179616,0.219612,0.257992,0.163336
258,1.075000,0.322677,0.369271,0.125888,0.282082,0.300409,0.156528,0.253074,0.176924,0.175097,0.248148,0.056671,0.179617,0.219610,0.257991,0.163332
259,1.079167,0.322683,0.369266,0.125886,0.282083,0.300408,0.156525,0.253073,0.176924,0.175095,0.248151,0.056671,0.179617,0.219611,0.257991,0.163327
260,1.083333,0.322691,0.369258,0.125885,0.282084,0.300406,0.156522,0.253074,0.176924,0.175093,0.248150,0.056669,0.179614,0.219611,0.257991,0.163328
261,1.087500,0.322696,0.369252,0.125881,0.282089,0.300401,0.156505,0.253075,0.176925,0.175092,0.248149,0.056668,0.179615,0.219613,0.257989,0.163326
262,1.091667,0.322702,0.369244,0.125874,0.282091,0.300398,0.156499,0.253070,0.176922,0.175093,0.248149,0.056667,0.179614,0.219611,0.257990,0.163324
263,1.095833,0.322707,0.369239,0.125864,0.282092,0.300398,0.156496,0.253071,0.176924,0.175090,0.248151,0.056664,0.179616,0.219613,0.257989,0.163324
264,1.100000,0.322709,0.369232,0.125856,0.282094,0.300394,0.156492,0.253072,0.176922,0.175087,0.248150,0.056665,0.179617,0.219614,0.257989,0.163325
265,1.104167,0.322711,0.369225,0.125845,0.282094,0.300392,0.156488,0.253071,0.176920,0.175086,0.248150,0.056664,0.179615,0.219614,0.257988,0.163326
266,1.108333,0.322714,0.369219,0.125836,0.282097,0.300389,0.156481,0.253072,0.176922,0.175083,0.248150,0.056663,0.179612,0.219613,0.257989,0.163325
267,1.112500,0.322709,0.369218,0.125807,0.282097,0.300387,0.156474,0.253073,0.176918,0.175085,0.248146,0.056665,0.179616,0.219616,0.257983,0.163323
268,1.116667,0.322708,0.369211,0.125789,0.282098,0.300385,0.156468,0.253073,0.176920,0.175088,0.248147,0.056662,0.179619,0.219617,0.257990,0.163334
269,1.120833,0.322700,0.369205,0.125783,0.282098,0.300382,0.156460,0.253076,0.176918,0.175081,0.248147,0.056663,0.179620,0.219617,0.257991,0.163338
270,1.125000,0.322698,0.369200,0.125766,0.282101,0.300381,0.156454,0.253074,0.176918,0.175083,0.248148,0.056661,0.179618,0.219619,0.257992,0.163342
271,1.129167,0.322695,0.369195,0.125747,0.282104,0.300378,0.156445,0.253074,0.176916,0.175087,0.248146,0.056662,0.179624,0.219621,0.257993,0.163346
272,1.133333,0.322693,0.369189,0.125726,0.282105,0.300377,0.156438,0.253075,0.176917,0.175088,0.248146,0.056660,0.179624,0.219622,0.257992,0.163351
273,1.137500,0.322688,0.369186,0.125705,0.282108,0.300375,0.156430,0.253076,0.176918,0.175088,0.248148,0.056661,0.179623,0.219623,0.257995,0.163357
274,1.141667,0.322678,0.369182,0.125674,0.282110,0.300374,0.156422,0.253076,0.176916,0.175089,0.248145,0.056662,0.179628,0.219625,0.257995,0.163361
275,1.145833,0.322671,0.369176,0.125651,0.282112,0.300373,0.156417,0.253075,0.176917,0.175091,0.248146,0.056662,0.179629,0.219627,0.257997,0.163370
276,1.150000,0.322663,0.369174,0.125628,0.282113,0.300372,0.156410,0.253078,0.176916,0.175091,0.248146,0.056664,0.179629,0.219629,0.257998,0.163378
277,1.154167,0.322653,0.369169,0.125608,0.282117,0.300373,0.156404,0.253080,0.176915,0.175095,0.248146,0.056664,0.179635,0.219634,0.258000,0.163384
278,1.158333,0.322644,0.369174,0.125584,0.282119,0.300373,0.156398,0.253080,0.176918,0.175095,0.248145,0.056665,0.179633,0.219636,0.258001,0.163388
279,1.162500,0.322635,0.369172,0.125562,0.282121,0.300372,0.156392,0.253084,0.176915,0.175095,0.248145,0.056665,0.179634,0.219639,0.258001,0.163393
280,1.166667,0.322624,0.369172,0.125544,0.282122,0.300370,0.156385,0.253087,0.176912,0.175097,0.248141,0.056665,0.179640,0.219641,0.258001,0.163400
281,1.170833,0.322614,0.369174,0.125526,0.282124,0.300369,0.156381,0.253088,0.176914,0.175097,0.248143,0.056666,0.179637,0.219644,0.257999,0.163406
282,1.175000,0.322607,0.369181,0.125502,0.282125,0.300371,0.156376,0.253089,0.176912,0.175100,0.248143,0.056665,0.179639,0.219648,0.258003,0.163412
283,1.179167,0.322598,0.369187,0.125493,0.282127,0.300370,0.156372,0.253090,0.176913,0.175104,0.248145,0.056663,0.179637,0.219651,0.258003,0.163418
284,1.183333,0.322588,0.369190,0.125481,0.282129,0.300371,0.156369,0.253097,0.176909,0.175101,0.248143,0.056666,0.179639,0.219654,0.258001,0.163420
285,1.187500,0.322580,0.369199,0.125473,0.282131,0.300372,0.156365,0.253097,0.176909,0.175102,0.248145,0.056665,0.179637,0.219658,0.258002,0.163429
286,1.191667,0.322570,0.369204,0.125464,0.282133,0.300372,0.156362,0.253100,0.176909,0.175104,0.248145,0.056663,0.179635,0.219659,0.258001,0.163431
287,1.195833,0.322562,0.369207,0.125456,0.282134,0.300373,0.156358,0.253101,0.176909,0.175103,0.248146,0.056665,0.179637,0.219663,0.258003,0.163435
288,1.200000,0.322550,0.369216,0.125456,0.282134,0.300373,0.156355,0.253106,0.176905,0.175096,0.248146,0.056662,0.179633,0.219666,0.258000,0.163437
289,1.204167,0.322541,0.369224,0.125455,0.282135,0.300375,0.156357,0.253108,0.176904,0.175100,0.248144,0.056665,0.179632,0.219668,0.257998,0.163439
290,1.208333,0.322534,0.369231,0.125453,0.282136,0.300377,0.156356,0.253111,0.176902,0.175101,0.248147,0.056660,0.179631,0.219670,0.257999,0.163441
291,1.212500,0.322530,0.369246,0.125454,0.282137,0.300378,0.156355,0.253113,0.176904,0.175099,0.248145,0.056664,0.179629,0.219672,0.258000,0.163442
292,1.216667,0.322512,0.369257,0.125456,0.282137,0.300379,0.156357,0.253116,0.176904,0.175098,0.248148,0.056665,0.179629,0.219674,0.258000,0.163442
293,1.220833,0.322509,0.369270,0.125463,0.282137,0.300382,0.156359,0.253113,0.176904,0.175102,0.248143,0.056665,0.179628,0.219675,0.257999,0.163441
294,1.225000,0.322503,0.369282,0.125472,0.282139,0.300385,0.156361,0.253116,0.176905,0.175100,0.248144,0.056665,0.179626,0.219676,0.258001,0.163442
295,1.229167,0.322484,0.369288,0.125468,0.282138,0.300386,0.156366,0.253114,0.176904,0.175098,0.248145,0.056665,0.179626,0.219676,0.258000,0.163443
296,1.233333,0.322477,0.369290,0.125477,0.282138,0.300388,0.156367,0.253114,0.176905,0.175104,0.248144,0.056668,0.179624,0.219676,0.257999,0.163439
297,1.237500,0.322497,0.369300,0.125498,0.282140,0.300389,0.156374,0.253116,0.176905,0.175100,0.248143,0.056666,0.179622,0.219678,0.257999,0.163436
298,1.241667,0.322498,0.369304,0.125507,0.282138,0.300392,0.156377,0.253116,0.176905,0.175104,0.248145,0.056669,0.179620,0.219678,0.258001,0.163435
299,1.245833,0.322481,0.369310,0.125511,0.282138,0.300393,0.156382,0.253114,0.176908,0.175102,0.248144,0.056669,0.179623,0.219678,0.257998,0.163429
300,1.250000,0.322480,0.369310,0.125525,0.282137,0.300395,0.156387,0.253117,0.176908,0.175101,0.248144,0.056671,0.179618,0.219677,0.257999,0.163426
301,1.254167,0.322503,0.369308,0.125558,0.282136,0.300395,0.156394,0.253112,0.176907,0.175102,0.248144,0.056669,0.179618,0.219675,0.257997,0.163420
302,1.258333,0.322490,0.369308,0.125564,0.282135,0.300398,0.156398,0.253112,0.176908,0.175101,0.248146,0.056670,0.179617,0.219674,0.257998,0.163417
303,1.262500,0.322496,0.369311,0.125580,0.282132,0.300398,0.156403,0.253112,0.176908,0.175100,0.248146,0.056671,0.179615,0.219672,0.257997,0.163411
304,1.266667,0.322520,0.369311,0.125607,0.282132,0.300398,0.156409,0.253110,0.176910,0.175098,0.248145,0.056668,0.179615,0.219670,0.257997,0.163408
305,1.270833,0.322529,0.369312,0.125626,0.282130,0.300398,0.156415,0.253109,0.176911,0.175093,0.248145,0.056672,0.179613,0.219667,0.257997,0.163402
306,1.275000,0.322539,0.369312,0.125643,0.282129,0.300400,0.156424,0.253110,0.176913,0.175089,0.248146,0.056670,0.179613,0.219664,0.257995,0.163396
307,1.279167,0.322539,0.369305,0.125671,0.282126,0.300399,0.156429,0.253107,0.176911,0.175089,0.248145,0.056672,0.179607,0.219660,0.257992,0.163390
308,1.283333,0.322550,0.369302,0.125686,0.282125,0.300401,0.156433,0.253103,0.176912,0.175090,0.248144,0.056673,0.179607,0.219658,0.257993,0.163385
309,1.287500,0.322570,0.369297,0.125695,0.282122,0.300399,0.156436,0.253101,0.176913,0.175090,0.248148,0.056671,0.179607,0.219654,0.257992,0.163378
310,1.291667,0.322582,0.369290,0.125712,0.282121,0.300399,0.156442,0.253097,0.176914,0.175089,0.248147,0.056671,0.179608,0.219652,0.257991,0.163374
311,1.295833,0.322614,0.369277,0.125714,0.282120,0.300398,0.156447,0.253094,0.176916,0.175090,0.248148,0.056671,0.179604,0.219648,0.257992,0.163366
312,1.300000,0.322627,0.369274,0.125727,0.282118,0.300399,0.156452,0.253094,0.176917,0.175086,0.248145,0.056669,0.179608,0.219646,0.257990,0.163360
313,1.304167,0.322645,0.369267,0.125750,0.282115,0.300398,0.156457,0.253093,0.176917,0.175083,0.248149,0.056671,0.179604,0.219641,0.257990,0.163354
314,1.308333,0.322656,0.369259,0.125762,0.282113,0.300396,0.156461,0.253090,0.176917,0.175081,0.248149,0.056669,0.179602,0.219638,0.257990,0.163349
315,1.312500,0.322666,0.369252,0.125772,0.282110,0.300394,0.156462,0.253085,0.176919,0.175082,0.248150,0.056671,0.179600,0.219635,0.257989,0.163346
316,1.316667,0.322678,0.369246,0.125782,0.282108,0.300395,0.156467,0.253083,0.176918,0.175082,0.248152,0.056670,0.179606,0.219630,0.257988,0.163341
317,1.320833,0.322689,0.369239,0.125792,0.282105,0.300392,0.156469,0.253079,0.176921,0.175081,0.248152,0.056672,0.179602,0.219626,0.257990,0.163337
318,1.325000,0.322699,0.369234,0.125800,0.282104,0.300390,0.156471,0.253080,0.176920,0.175077,0.248149,0.056672,0.179604,0.219622,0.257990,0.163334
319,1.329167,0.322714,0.369223,0.125817,0.282102,0.300389,0.156472,0.253075,0.176922,0.175082,0.248149,0.056672,0.179605,0.219620,0.257990,0.163330
320,1.333333,0.322720,0.369216,0.125822,0.282100,0.300389,0.156473,0.253074,0.176925,0.175080,0.248148,0.056675,0.179608,0.219617,0.257992,0.163327
321,1.337500,0.322727,0.369211,0.125826,0.282099,0.300387,0.156473,0.253073,0.176924,0.175079,0.248151,0.056674,0.179606,0.219613,0.257992,0.163326
322,1.341667,0.322734,0.369203,0.125826,0.282097,0.300385,0.156472,0.253070,0.176925,0.175081,0.248150,0.056672,0.179606,0.219611,0.257993,0.163325
323,1.345833,0.322739,0.369196,0.125825,0.282096,0.300384,0.156471,0.253069,0.176925,0.175075,0.248150,0.056673,0.179605,0.219609,0.257992,0.163325
324,1.350000,0.322741,0.369191,0.125822,0.282095,0.300384,0.156471,0.253068,0.176926,0.175076,0.248153,0.056670,0.179603,0.219609,0.257993,0.163322
325,1.354167,0.322743,0.369185,0.125820,0.282093,0.300381,0.156471,0.253069,0.176926,0.175074,0.248154,0.056673,0.179606,0.219606,0.257992,0.163322
326,1.358333,0.322744,0.369182,0.125816,0.282094,0.300381,0.156470,0.253066,0.176925,0.175077,0.248152,0.056673,0.179607,0.219604,0.257992,0.163324
327,1.362500,0.322736,0.369179,0.125819,0.282093,0.300380,0.156469,0.253065,0.176925,0.175077,0.248151,0.056673,0.179606,0.219605,0.257992,0.163326
328,1.366667,0.322741,0.369176,0.125802,0.282094,0.300380,0.156466,0.253066,0.176925,0.175076,0.248152,0.056673,0.179608,0.219604,0.257994,0.163331
329,1.370833,0.322731,0.369174,0.125801,0.282093,0.300378,0.156464,0.253066,0.176924,0.175080,0.248156,0.056670,0.179607,0.219604,0.257994,0.163329
330,1.375000,0.322726,0.369172,0.125793,0.282092,0.300378,0.156463,0.253065,0.176926,0.175079,0.248154,0.056670,0.179609,0.219607,0.257994,0.163335
331,1.379167,0.322714,0.369178,0.125770,0.282092,0.300378,0.156461,0.253067,0.176923,0.175085,0.248154,0.056674,0.179608,0.219607,0.257993,0.163339
332,1.383333,0.322706,0.369178,0.125759,0.282091,0.300378,0.156455,0.253066,0.176924,0.175086,0.248153,0.056673,0.179612,0.219606,0.257994,0.163346
333,1.387500,0.322699,0.369182,0.125748,0.282094,0.300378,0.156452,0.253067,0.176926,0.175088,0.248155,0.056673,0.179615,0.219609,0.257995,0.163349
334,1.391667,0.322691,0.369184,0.125737,0.282094,0.300380,0.156451,0.253070,0.176924,0.175089,0.248156,0.056671,0.179614,0.219610,0.257995,0.163354
335,1.395833,0.322681,0.369188,0.125727,0.282096,0.300381,0.156448,0.253073,0.176921,0.175090,0.248153,0.056674,0.179619,0.219613,0.257995,0.163359
336,1.400000,0.322670,0.369193,0.125717,0.282095,0.300380,0.156444,0.253075,0.176921,0.175089,0.248155,0.056672,0.179618,0.219613,0.257996,0.163367
337,1.404167,0.322654,0.369199,0.125694,0.282097,0.300382,0.156443,0.253075,0.176921,0.175092,0.248154,0.056673,0.179620,0.219619,0.257996,0.163373
338,1.408333,0.322640,0.369204,0.125680,0.282097,0.300382,0.156438,0.253078,0.176922,0.175095,0.248153,0.056670,0.179621,0.219620,0.257996,0.163380
339,1.412500,0.322627,0.369209,0.125669,0.282099,0.300382,0.156435,0.253079,0.176916,0.175095,0.248153,0.056668,0.179618,0.219623,0.257996,0.163386
340,1.416667,0.322614,0.369217,0.125659,0.282100,0.300383,0.156429,0.253083,0.176917,0.175098,0.248153,0.056669,0.179622,0.219626,0.257994,0.163394
341,1.420833,0.322603,0.369225,0.125646,0.282101,0.300388,0.156429,0.253083,0.176917,0.175104,0.248153,0.056669,0.179624,0.219630,0.257995,0.163397
342,1.425000,0.322590,0.369230,0.125637,0.282102,0.300387,0.156427,0.253084,0.176917,0.175106,0.248154,0.056670,0.179626,0.219631,0.257996,0.163403
343,1.429167,0.322567,0.369240,0.125629,0.282103,0.300388,0.156423,0.253089,0.176913,0.175110,0.248150,0.056670,0.179626,0.219636,0.257996,0.163409
344,1.433333,0.322557,0.369251,0.125617,0.282105,0.300389,0.156420,0.253092,0.176914,0.175109,0.248152,0.056667,0.179630,0.219637,0.257995,0.163414
345,1.437500,0.322537,0.369264,0.125611,0.282107,0.300391,0.156416,0.253094,0.176911,0.175110,0.248152,0.056667,0.179629,0.219643,0.257996,0.163421
346,1.441667,0.322524,0.369271,0.125601,0.282106,0.300392,0.156417,0.253094,0.176911,0.175111,0.248151,0.056666,0.179631,0.219646,0.257996,0.163428
347,1.445833,0.322513,0.369279,0.125594,0.282108,0.300394,0.156415,0.253100,0.176909,0.175111,0.248151,0.056669,0.179629,0.219646,0.257996,0.163433
348,1.450000,0.322501,0.369287,0.125587,0.282110,0.300397,0.156416,0.253098,0.176909,0.175115,0.248149,0.056666,0.179634,0.219650,0.257995,0.163434
349,1.454167,0.322493,0.369294,0.125582,0.282109,0.300397,0.156414,0.253103,0.176909,0.175112,0.248150,0.056670,0.179632,0.219652,0.257994,0.163440
350,1.458333,0.322466,0.369300,0.125569,0.282110,0.300397,0.156412,0.253105,0.176908,0.175117,0.248150,0.056666,0.179635,0.219654,0.257996,0.163445
351,1.462500,0.322457,0.369307,0.125563,0.282109,0.300399,0.156413,0.253109,0.176909,0.175118,0.248150,0.056667,0.179634,0.219656,0.257995,0.163448
352,1.466667,0.322451,0.369312,0.125559,0.282111,0.300401,0.156412,0.253107,0.176908,0.175121,0.248153,0.056666,0.179630,0.219657,0.257997,0.163453
353,1.470833,0.322446,0.369315,0.125555,0.282111,0.300400,0.156412,0.253108,0.176906,0.175117,0.248150,0.056669,0.179631,0.219659,0.257996,0.163454
354,1.475000,0.322441,0.369319,0.125554,0.282111,0.300402,0.156412,0.253108,0.176908,0.175118,0.248149,0.056667,0.179637,0.219659,0.257996,0.163455
355,1.479167,0.322440,0.369324,0.125556,0.282112,0.300403,0.156411,0.253111,0.176908,0.175117,0.248150,0.056669,0.179633,0.219662,0.257998,0.163455
356,1.483333,0.322439,0.369327,0.125557,0.282112,0.300405,0.156414,0.253109,0.176910,0.175117,0.248149,0.056668,0.179632,0.219660,0.257999,0.163453
357,1.487500,0.322437,0.369327,0.125560,0.282111,0.300405,0.156415,0.253107,0.176907,0.175120,0.248149,0.056671,0.179629,0.219660,0.257997,0.163453
358,1.491667,0.322438,0.369328,0.125562,0.282111,0.300406,0.156416,0.253107,0.176910,0.175116,0.248148,0.056672,0.179629,0.219658,0.257997,0.163451
359,1.495833,0.322441,0.369325,0.125566,0.282111,0.300408,0.156419,0.253107,0.176911,0.175114,0.248151,0.056672,0.179627,0.219656,0.257998,0.163450
360,1.500000,0.322444,0.369324,0.125570,0.282111,0.300408,0.156421,0.253107,0.176914,0.175115,0.248147,0.056671,0.179628,0.219656,0.258001,0.163445
361,1.504167,0.322448,0.369323,0.125580,0.282108,0.300407,0.156425,0.253102,0.176912,0.175118,0.248147,0.056672,0.179623,0.219655,0.257997,0.163440
362,1.508333,0.322454,0.369322,0.125589,0.282107,0.300406,0.156424,0.253103,0.176911,0.175112,0.248148,0.056673,0.179621,0.219653,0.257996,0.163434
363,1.512500,0.322463,0.369317,0.125597,0.282107,0.300405,0.156424,0.253100,0.176911,0.175114,0.248147,0.056668,0.179621,0.219650,0.257994,0.163428
364,1.516667,0.322471,0.369314,0.125608,0.282105,0.300402,0.156423,0.253102,0.176913,0.175107,0.248149,0.056670,0.179618,0.219649,0.257993,0.163421
365,1.520833,0.322498,0.369309,0.125630,0.282104,0.300403,0.156427,0.253099,0.176913,0.175101,0.248149,0.056671,0.179616,0.219648,0.257995,0.163420
366,1.525000,0.322501,0.369305,0.125648,0.282103,0.300401,0.156429,0.253099,0.176912,0.175102,0.248149,0.056668,0.179616,0.219644,0.257993,0.163410
367,1.529167,0.322513,0.369297,0.125660,0.282102,0.300400,0.156432,0.253096,0.176913,0.175098,0.248150,0.056668,0.179613,0.219642,0.257993,0.163404
368,1.533333,0.322525,0.369291,0.125669,0.282101,0.300401,0.156432,0.253094,0.176913,0.175099,0.248149,0.056670,0.179611,0.219641,0.257993,0.163400
369,1.537500,0.322537,0.369285,0.125682,0.282098,0.300397,0.156435,0.253094,0.176913,0.175090,0.248151,0.056670,0.179614,0.219636,0.257992,0.163391
370,1.541667,0.322557,0.369277,0.125686,0.282096,0.300396,0.156436,0.253089,0.176915,0.175091,0.248151,0.056670,0.179613,0.219635,0.257990,0.163385
371,1.545833,0.322575,0.369264,0.125696,0.282098,0.300397,0.156439,0.253089,0.176918,0.175086,0.248155,0.056671,0.179611,0.219630,0.257992,0.163378
372,1.550000,0.322595,0.369255,0.125703,0.282096,0.300397,0.156440,0.253087,0.176918,0.175086,0.248151,0.056671,0.179613,0.219627,0.257993,0.163373
373,1.554167,0.322609,0.369249,0.125713,0.282094,0.300394,0.156445,0.253083,0.176919,0.175082,0.248154,0.056671,0.179609,0.219624,0.257992,0.163362
374,1.558333,0.322620,0.369241,0.125722,0.282092,0.300393,0.156445,0.253078,0.176918,0.175085,0.248153,0.056672,0.179611,0.219622,0.257990,0.163358
375,1.562500,0.322636,0.369235,0.125740,0.282091,0.300390,0.156445,0.253078,0.176918,0.175084,0.248153,0.056670,0.179607,0.219617,0.257989,0.163351
376,1.566667,0.322647,0.369231,0.125746,0.282090,0.300389,0.156445,0.253076,0.176921,0.175079,0.248151,0.056673,0.179609,0.219615,0.257990,0.163344
377,1.570833,0.322659,0.369224,0.125750,0.282090,0.300389,0.156448,0.253072,0.176922,0.175079,0.248152,0.056674,0.179609,0.219614,0.257994,0.163341
378,1.575000,0.322669,0.369219,0.125757,0.282090,0.300386,0.156448,0.253074,0.176920,0.175073,0.248155,0.056669,0.179608,0.219610,0.257991,0.163334
379,1.579167,0.322674,0.369210,0.125762,0.282088,0.300385,0.156447,0.253072,0.176921,0.175069,0.248154,0.056672,0.179608,0.219607,0.257991,0.163330
380,1.583333,0.322685,0.369207,0.125764,0.282088,0.300386,0.156446,0.253071,0.176925,0.175071,0.248158,0.056669,0.179605,0.219605,0.257992,0.163325
381,1.587500,0.322692,0.369203,0.125766,0.282087,0.300385,0.156447,0.253068,0.176926,0.175067,0.248157,0.056670,0.179605,0.219605,0.257993,0.163322
382,1.591667,0.322696,0.369198,0.125768,0.282086,0.300383,0.156446,0.253067,0.176924,0.175068,0.248155,0.056669,0.179609,0.219603,0.257984,0.163313
383,1.595833,0.322700,0.369194,0.125768,0.282087,0.300382,0.156445,0.253069,0.176924,0.175066,0.248154,0.056673,0.179607,0.219603,0.257993,0.163319
384,1.600000,0.322704,0.369193,0.125770,0.282088,0.300381,0.156443,0.253067,0.176924,0.175067,0.248155,0.056670,0.179610,0.219603,0.257991,0.163318
385,1.604167,0.322707,0.369191,0.125768,0.282088,0.300379,0.156440,0.253066,0.176924,0.175069,0.248154,0.056669,0.179608,0.219602,0.257993,0.163317
386,1.608333,0.322707,0.369188,0.125761,0.282088,0.300379,0.156438,0.253068,0.176925,0.175067,0.248156,0.056670,0.179610,0.219603,0.257993,0.163319
387,1.612500,0.322707,0.369186,0.125759,0.282089,0.300379,0.156437,0.253067,0.176923,0.175068,0.248156,0.056669,0.179607,0.219604,0.257993,0.163321
388,1.616667,0.322706,0.369187,0.125753,0.282090,0.300379,0.156435,0.253070,0.176924,0.175064,0.248156,0.056669,0.179613,0.219606,0.257991,0.163319
389,1.620833,0.322702,0.369187,0.125747,0.282092,0.300380,0.156433,0.253071,0.176923,0.175064,0.248158,0.056668,0.179612,0.219606,0.257992,0.163323
390,1.625000,0.322699,0.369187,0.125740,0.282094,0.300379,0.156431,0.253073,0.176922,0.175068,0.248156,0.056667,0.179612,0.219609,0.257994,0.163328
391,1.629167,0.322695,0.369188,0.125731,0.282095,0.300378,0.156429,0.253076,0.176921,0.175070,0.248156,0.056666,0.179612,0.219613,0.257983,0.163323
392,1.633333,0.322688,0.369192,0.125722,0.282098,0.300380,0.156426,0.253075,0.176921,0.175073,0.248158,0.056664,0.179613,0.219615,0.257990,0.163333
393,1.637500,0.322680,0.369194,0.125711,0.282099,0.300380,0.156421,0.253079,0.176919,0.175073,0.248157,0.056668,0.179613,0.219618,0.257991,0.163339
394,1.641667,0.322665,0.369197,0.125689,0.282102,0.300379,0.156419,0.253079,0.176917,0.175076,0.248155,0.056667,0.179614,0.219619,0.257991,0.163344
395,1.645833,0.322658,0.369202,0.125681,0.282104,0.300380,0.156417,0.253079,0.176916,0.175079,0.248155,0.056665,0.179612,0.219625,0.257993,0.163353
396,1.650000,0.322648,0.369207,0.125670,0.282105,0.300380,0.156415,0.253082,0.176914,0.175079,0.248152,0.056667,0.179615,0.219626,0.257990,0.163357
397,1.654167,0.322636,0.369210,0.125655,0.282106,0.300380,0.156411,0.253086,0.176913,0.175077,0.248153,0.056667,0.179614,0.219629,0.257990,0.163364
398,1.658333,0.322626,0.369217,0.125644,0.282109,0.300380,0.156408,0.253086,0.176915,0.175083,0.248152,0.056667,0.179611,0.219632,0.257995,0.163372
399,1.662500,0.322616,0.369220,0.125631,0.282111,0.300382,0.156409,0.253088,0.176915,0.175084,0.248149,0.056668,0.179616,0.219635,0.257995,0.163382
400,1.666667,0.322605,0.369225,0.125619,0.282113,0.300382,0.156407,0.253091,0.176912,0.175088,0.248151,0.056671,0.179618,0.219640,0.257995,0.163389
401,1.670833,0.322590,0.369234,0.125605,0.282116,0.300383,0.156405,0.253092,0.176911,0.175089,0.248150,0.056669,0.179619,0.219644,0.257996,0.163397
402,1.675000,0.322579,0.369239,0.125592,0.282118,0.300384,0.156403,0.253093,0.176912,0.175097,0.248149,0.056668,0.179619,0.219645,0.257995,0.163402
403,1.679167,0.322568,0.369245,0.125583,0.282119,0.300385,0.156400,0.253094,0.176910,0.175098,0.248151,0.056669,0.179622,0.219649,0.257996,0.163410
404,1.683333,0.322559,0.369250,0.125572,0.282121,0.300385,0.156398,0.253097,0.176911,0.175099,0.248149,0.056669,0.179625,0.219652,0.257996,0.163415
405,1.687500,0.322538,0.369259,0.125569,0.282124,0.300386,0.156400,0.253100,0.176909,0.175101,0.248149,0.056668,0.179626,0.219655,0.257999,0.163422
406,1.691667,0.322531,0.369265,0.125562,0.282123,0.300388,0.156399,0.253101,0.176907,0.175107,0.248148,0.056669,0.179628,0.219655,0.257999,0.163427
407,1.695833,0.322524,0.369271,0.125555,0.282126,0.300388,0.156400,0.253099,0.176908,0.175112,0.248148,0.056669,0.179626,0.219659,0.258000,0.163433
408,1.700000,0.322514,0.369274,0.125551,0.282128,0.300390,0.156401,0.253105,0.176906,0.175109,0.248146,0.056671,0.179631,0.219661,0.257999,0.163440
409,1.704167,0.322509,0.369279,0.125546,0.282127,0.300391,0.156400,0.253105,0.176907,0.175111,0.248147,0.056667,0.179631,0.219664,0.257998,0.163444
410,1.708333,0.322502,0.369289,0.125538,0.282129,0.300391,0.156403,0.253104,0.176905,0.175118,0.248147,0.056669,0.179628,0.219666,0.258000,0.163447
411,1.712500,0.322480,0.369292,0.125526,0.282130,0.300393,0.156405,0.253107,0.176906,0.175117,0.248146,0.056666,0.179630,0.219666,0.257999,0.163450
412,1.716667,0.322495,0.369296,0.125539,0.282130,0.300392,0.156407,0.253108,0.176905,0.175118,0.248147,0.056667,0.179630,0.219669,0.257999,0.163456
413,1.720833,0.322476,0.369292,0.125538,0.282131,0.300393,0.156407,0.253108,0.176904,0.175121,0.248148,0.056667,0.179628,0.219669,0.257998,0.163456
414,1.725000,0.322492,0.369294,0.125553,0.282130,0.300392,0.156410,0.253107,0.176904,0.175121,0.248143,0.056666,0.179632,0.219668,0.257999,0.163457
415,1.729167,0.322493,0.369297,0.125559,0.282129,0.300394,0.156412,0.253111,0.176903,0.175122,0.248146,0.056665,0.179629,0.219667,0.257998,0.163456
416,1.733333,0.322494,0.369296,0.125568,0.282129,0.300393,0.156414,0.253109,0.176903,0.175123,0.248148,0.056666,0.179629,0.219668,0.257997,0.163457
417,1.737500,0.322479,0.369296,0.125564,0.282128,0.300393,0.156416,0.253109,0.176902,0.175121,0.248146,0.056666,0.179628,0.219667,0.257996,0.163456
418,1.741667,0.322499,0.369296,0.125583,0.282128,0.300394,0.156419,0.253108,0.176905,0.175121,0.248146,0.056665,0.179626,0.219666,0.257996,0.163454
419,1.745833,0.322505,0.369298,0.125593,0.282127,0.300395,0.156424,0.253107,0.176906,0.175118,0.248148,0.056664,0.179625,0.219664,0.257996,0.163453
420,1.750000,0.322510,0.369295,0.125604,0.282127,0.300395,0.156430,0.253105,0.176906,0.175121,0.248149,0.056664,0.179625,0.219664,0.257996,0.163449
421,1.754167,0.322517,0.369295,0.125618,0.282126,0.300396,0.156436,0.253103,0.176906,0.175123,0.248150,0.056666,0.179624,0.219662,0.257997,0.163444
422,1.758333,0.322523,0.369293,0.125629,0.282123,0.300397,0.156439,0.253103,0.176907,0.175120,0.248148,0.056666,0.179627,0.219660,0.257996,0.163441
423,1.762500,0.322523,0.369290,0.125649,0.282121,0.300396,0.156443,0.253103,0.176908,0.175119,0.248149,0.056668,0.179627,0.219657,0.257995,0.163437
424,1.766667,0.322539,0.369287,0.125654,0.282119,0.300396,0.156446,0.253096,0.176911,0.175123,0.248146,0.056668,0.179624,0.219654,0.257996,0.163432
425,1.770833,0.322549,0.369285,0.125670,0.282118,0.300397,0.156453,0.253095,0.176910,0.175118,0.248149,0.056670,0.179623,0.219652,0.257997,0.163425
426,1.775000,0.322558,0.369281,0.125685,0.282116,0.300397,0.156458,0.253094,0.176913,0.175116,0.248147,0.056671,0.179623,0.219649,0.257995,0.163420
427,1.779167,0.322567,0.369278,0.125703,0.282113,0.300396,0.156462,0.253092,0.176912,0.175115,0.248148,0.056671,0.179620,0.219646,0.257996,0.163413
428,1.783333,0.322591,0.369269,0.125710,0.282112,0.300395,0.156465,0.253093,0.176917,0.175109,0.248150,0.056673,0.179618,0.219643,0.257997,0.163409
429,1.787500,0.322610,0.369265,0.125713,0.282110,0.300396,0.156471,0.253092,0.176917,0.175107,0.248153,0.056673,0.179616,0.219638,0.257998,0.163403
430,1.791667,0.322620,0.369260,0.125727,0.282109,0.300397,0.156475,0.253085,0.176916,0.175106,0.248153,0.056672,0.179616,0.219637,0.257997,0.163397
431,1.795833,0.322635,0.369258,0.125750,0.282107,0.300397,0.156480,0.253084,0.176918,0.175104,0.248150,0.056675,0.179615,0.219632,0.257997,0.163390
432,1.800000,0.322647,0.369254,0.125764,0.282106,0.300396,0.156483,0.253081,0.176919,0.175103,0.248152,0.056673,0.179610,0.219632,0.257996,0.163384
433,1.804167,0.322657,0.369249,0.125778,0.282103,0.300394,0.156486,0.253080,0.176921,0.175099,0.248152,0.056675,0.179613,0.219627,0.257996,0.163378
434,1.808333,0.322664,0.369245,0.125789,0.282101,0.300393,0.156487,0.253077,0.176922,0.175100,0.248154,0.056674,0.179610,0.219625,0.257995,0.163369
435,1.812500,0.322673,0.369241,0.125800,0.282098,0.300394,0.156489,0.253078,0.176923,0.175094,0.248153,0.056673,0.179607,0.219621,0.257994,0.163365
436,1.816667,0.322684,0.369239,0.125813,0.282097,0.300393,0.156492,0.253075,0.176922,0.175095,0.248153,0.056673,0.179609,0.219619,0.257994,0.163359
437,1.820833,0.322691,0.369237,0.125822,0.282097,0.300392,0.156494,0.253076,0.176925,0.175093,0.248154,0.056674,0.179606,0.219615,0.257992,0.163353
438,1.825000,0.322704,0.369227,0.125844,0.282095,0.300391,0.156494,0.253076,0.176923,0.175090,0.248155,0.056674,0.179606,0.219615,0.257993,0.163351
439,1.829167,0.322711,0.369224,0.125851,0.282094,0.300391,0.156494,0.253073,0.176923,0.175090,0.248156,0.056672,0.179606,0.219613,0.257989,0.163343
440,1.833333,0.322715,0.369220,0.125854,0.282092,0.300391,0.156496,0.253072,0.176926,0.175088,0.248156,0.056676,0.179605,0.219612,0.257991,0.163338
441,1.837500,0.322720,0.369218,0.125857,0.282093,0.300391,0.156497,0.253072,0.176924,0.175086,0.248158,0.056671,0.179605,0.219611,0.257990,0.163333
442,1.841667,0.322722,0.369215,0.125861,0.282092,0.300391,0.156497,0.253072,0.176925,0.175086,0.248156,0.056671,0.179606,0.219609,0.257991,0.163335
443,1.845833,0.322728,0.369215,0.125862,0.282092,0.300391,0.156497,0.253072,0.176926,0.175084,0.248158,0.056673,0.179604,0.219610,0.257990,0.163332
444,1.850000,0.322726,0.369213,0.125859,0.282092,0.300390,0.156494,0.253073,0.176925,0.175080,0.248156,0.056672,0.179605,0.219609,0.257992,0.163332
445,1.854167,0.322725,0.369213,0.125856,0.282091,0.300390,0.156493,0.253073,0.176925,0.175081,0.248156,0.056672,0.179606,0.219607,0.257990,0.163329
446,1.858333,0.322723,0.369212,0.125853,0.282091,0.300391,0.156491,0.253071,0.176924,0.175083,0.248156,0.056671,0.179603,0.219609,0.257991,0.163329
447,1.862500,0.322725,0.369214,0.125846,0.282090,0.300389,0.156487,0.253071,0.176925,0.175080,0.248155,0.056676,0.179609,0.219608,0.257991,0.163330
448,1.866667,0.322719,0.369214,0.125838,0.282092,0.300389,0.156484,0.253072,0.176927,0.175081,0.248156,0.056673,0.179607,0.219608,0.257991,0.163332
449,1.870833,0.322711,0.369221,0.125818,0.282093,0.300388,0.156482,0.253073,0.176925,0.175084,0.248154,0.056674,0.179609,0.219611,0.257992,0.163335
450,1.875000,0.322705,0.369220,0.125808,0.282092,0.300389,0.156478,0.253073,0.176926,0.175081,0.248156,0.056675,0.179609,0.219612,0.257994,0.163339
451,1.879167,0.322698,0.369221,0.125798,0.282095,0.300388,0.156474,0.253074,0.176927,0.175084,0.248156,0.056673,0.179605,0.219613,0.257996,0.163341
452,1.883333,0.322693,0.369223,0.125785,0.282097,0.300388,0.156471,0.253076,0.176926,0.175083,0.248155,0.056673,0.179612,0.219615,0.257996,0.163343
453,1.887500,0.322678,0.369224,0.125780,0.282098,0.300387,0.156466,0.253078,0.176923,0.175084,0.248157,0.056674,0.179609,0.219618,0.257995,0.163347
454,1.891667,0.322670,0.369224,0.125766,0.282099,0.300388,0.156460,0.253078,0.176920,0.175084,0.248153,0.056674,0.179613,0.219622,0.257994,0.163352
455,1.895833,0.322661,0.369227,0.125750,0.282102,0.300389,0.156453,0.253078,0.176921,0.175084,0.248154,0.056675,0.179614,0.219625,0.257997,0.163358
456,1.900000,0.322651,0.369231,0.125734,0.282102,0.300388,0.156449,0.253081,0.176920,0.175086,0.248154,0.056671,0.179612,0.219626,0.257995,0.163359
457,1.904167,0.322635,0.369230,0.125707,0.282104,0.300388,0.156445,0.253086,0.176919,0.175087,0.248154,0.056671,0.179615,0.219630,0.257994,0.163366
458,1.908333,0.322625,0.369233,0.125690,0.282106,0.300387,0.156438,0.253085,0.176917,0.175087,0.248152,0.056671,0.179616,0.219633,0.257994,0.163372
459,1.912500,0.322616,0.369236,0.125674,0.282110,0.300388,0.156432,0.253089,0.176920,0.175087,0.248152,0.056669,0.179613,0.219635,0.257994,0.163376
460,1.916667,0.322606,0.369238,0.125654,0.282111,0.300387,0.156423,0.253090,0.176917,0.175092,0.248153,0.056673,0.179614,0.219640,0.257995,0.163382
461,1.920833,0.322596,0.369239,0.125640,0.282112,0.300388,0.156420,0.253094,0.176915,0.175088,0.248152,0.056672,0.179616,0.219643,0.257993,0.163389
462,1.925000,0.322582,0.369246,0.125619,0.282114,0.300387,0.156414,0.253094,0.176914,0.175092,0.248151,0.056668,0.179615,0.219646,0.257997,0.163398
463,1.929167,0.322572,0.369248,0.125604,0.282117,0.300387,0.156406,0.253095,0.176913,0.175093,0.248151,0.056670,0.179618,0.219649,0.257996,0.163402
464,1.933333,0.322563,0.369251,0.125590,0.282117,0.300385,0.156401,0.253096,0.176911,0.175095,0.248151,0.056670,0.179620,0.219649,0.257998,0.163408
465,1.937500,0.322550,0.369255,0.125579,0.282119,0.300387,0.156396,0.253099,0.176911,0.175095,0.248149,0.056671,0.179622,0.219652,0.257996,0.163410
466,1.941667,0.322536,0.369261,0.125568,0.282120,0.300385,0.156392,0.253099,0.176911,0.175095,0.248151,0.056667,0.179622,0.219654,0.257997,0.163417
467,1.945833,0.322528,0.369263,0.125555,0.282120,0.300387,0.156387,0.253101,0.176909,0.175095,0.248149,0.056669,0.179623,0.219655,0.257999,0.163424
468,1.950000,0.322520,0.369274,0.125533,0.282122,0.300388,0.156383,0.253104,0.176910,0.175095,0.248150,0.056668,0.179623,0.219656,0.257998,0.163425
469,1.954167,0.322512,0.369277,0.125524,0.282122,0.300387,0.156381,0.253106,0.176908,0.175094,0.248149,0.056668,0.179625,0.219659,0.257999,0.163431
470,1.958333,0.322504,0.369278,0.125516,0.282123,0.300388,0.156378,0.253104,0.176906,0.175101,0.248150,0.056667,0.179627,0.219660,0.257999,0.163434
471,1.962500,0.322499,0.369279,0.125505,0.282122,0.300387,0.156375,0.253105,0.176908,0.175100,0.248150,0.056669,0.179629,0.219662,0.258000,0.163436
472,1.966667,0.322495,0.369279,0.125501,0.282123,0.300388,0.156372,0.253106,0.176908,0.175106,0.248147,0.056667,0.179631,0.219661,0.258001,0.163440
473,1.970833,0.322494,0.369280,0.125495,0.282124,0.300387,0.156371,0.253106,0.176907,0.175102,0.248146,0.056668,0.179631,0.219660,0.257998,0.163439
474,1.975000,0.322472,0.369279,0.125482,0.282123,0.300385,0.156370,0.253105,0.176905,0.175107,0.248148,0.056668,0.179629,0.219661,0.257999,0.163440
475,1.979167,0.322469,0.369280,0.125479,0.282123,0.300387,0.156370,0.253104,0.176905,0.175107,0.248147,0.056667,0.179632,0.219660,0.257999,0.163440
476,1.983333,0.322488,0.369281,0.125490,0.282123,0.300388,0.156369,0.253104,0.176907,0.175107,0.248148,0.056668,0.179632,0.219660,0.258000,0.163444
477,1.987500,0.322470,0.369280,0.125479,0.282122,0.300388,0.156372,0.253105,0.176906,0.175106,0.248148,0.056667,0.179632,0.219661,0.257999,0.163444
478,1.991667,0.322490,0.369279,0.125495,0.282121,0.300387,0.156375,0.253104,0.176906,0.175105,0.248149,0.056666,0.179633,0.219659,0.257999,0.163442
479,1.995833,0.322490,0.369278,0.125501,0.282119,0.300388,0.156377,0.253103,0.176905,0.175104,0.248147,0.056664,0.179633,0.219657,0.257999,0.163442
480,2.000000,0.322492,0.369279,0.125503,0.282118,0.300388,0.156377,0.253102,0.176906,0.175105,0.248147,0.056667,0.179633,0.219654,0.257999,0.163441
481,2.004167,0.322497,0.369278,0.125512,0.282116,0.300388,0.156381,0.253101,0.176906,0.175103,0.248147,0.056669,0.179634,0.219653,0.257998,0.163439
482,2.008333,0.322501,0.369275,0.125522,0.282114,0.300387,0.156383,0.253099,0.176909,0.175104,0.248145,0.056665,0.179633,0.219652,0.257999,0.163437
483,2.012500,0.322507,0.369266,0.125539,0.282112,0.300387,0.156388,0.253098,0.176909,0.175102,0.248147,0.056668,0.179633,0.219648,0.257998,0.163433
484,2.016667,0.322512,0.369266,0.125554,0.282110,0.300389,0.156394,0.253097,0.176911,0.175103,0.248148,0.056668,0.179630,0.219647,0.257997,0.163430
485,2.020833,0.322519,0.369266,0.125565,0.282107,0.300391,0.156396,0.253095,0.176910,0.175106,0.248146,0.056670,0.179629,0.219644,0.257997,0.163429
486,2.025000,0.322525,0.369264,0.125579,0.282105,0.300391,0.156400,0.253093,0.176912,0.175105,0.248148,0.056668,0.179627,0.219642,0.257996,0.163421
487,2.029167,0.322531,0.369262,0.125595,0.282103,0.300390,0.156405,0.253091,0.176911,0.175104,0.248148,0.056668,0.179631,0.219641,0.257994,0.163415
488,2.033333,0.322541,0.369259,0.125605,0.282103,0.300390,0.156410,0.253089,0.176913,0.175106,0.248148,0.056668,0.179625,0.219637,0.257995,0.163411
489,2.037500,0.322547,0.369258,0.125623,0.282099,0.300392,0.156416,0.253088,0.176913,0.175107,0.248147,0.056669,0.179627,0.219634,0.257994,0.163406
490,2.041667,0.322553,0.369257,0.125639,0.282098,0.300392,0.156422,0.253086,0.176916,0.175102,0.248150,0.056668,0.179621,0.219633,0.257995,0.163401
491,2.045833,0.322566,0.369253,0.125652,0.282096,0.300393,0.156429,0.253085,0.176915,0.175100,0.248150,0.056672,0.179622,0.219629,0.257993,0.163394
492,2.050000,0.322580,0.369249,0.125665,0.282094,0.300394,0.156435,0.253083,0.176914,0.175098,0.248151,0.056671,0.179618,0.219626,0.257992,0.163389
493,2.054167,0.322586,0.369250,0.125683,0.282093,0.300393,0.156439,0.253084,0.176917,0.175093,0.248154,0.056670,0.179618,0.219625,0.257992,0.163386
494,2.058333,0.322593,0.369250,0.125699,0.282091,0.300394,0.156446,0.253083,0.176914,0.175092,0.248151,0.056671,0.179615,0.219622,0.257992,0.163382
495,2.062500,0.322600,0.369250,0.125713,0.282088,0.300393,0.156452,0.253080,0.176919,0.175091,0.248152,0.056671,0.179611,0.219620,0.257988,0.163379
496,2.066667,0.322607,0.369251,0.125729,0.282086,0.300395,0.156456,0.253081,0.176918,0.175093,0.248153,0.056670,0.179611,0.219616,0.257990,0.163374
497,2.070833,0.322620,0.369251,0.125756,0.282085,0.300395,0.156461,0.253077,0.176919,0.175091,0.248155,0.056669,0.179608,0.219615,0.257989,0.163366
498,2.075000,0.322633,0.369251,0.125757,0.282085,0.300395,0.156464,0.253077,0.176922,0.175091,0.248154,0.056672,0.179609,0.219613,0.257988,0.163364
499,2.079167,0.322640,0.369250,0.125768,0.282083,0.300395,0.156470,0.253075,0.176921,0.175094,0.248156,0.056673,0.179605,0.219611,0.257989,0.163360
500,2.083333,0.322645,0.369250,0.125782,0.282082,0.300397,0.156475,0.253077,0.176922,0.175091,0.248154,0.056673,0.179609,0.219609,0.257990,0.163359
501,2.087500,0.322649,0.369250,0.125789,0.282082,0.300397,0.156478,0.253073,0.176923,0.175089,0.248156,0.056673,0.179607,0.219608,0.257989,0.163357
502,2.091667,0.322653,0.369249,0.125798,0.282081,0.300398,0.156483,0.253072,0.176924,0.175091,0.248155,0.056674,0.179607,0.219607,0.257989,0.163355
503,2.095833,0.322656,0.369250,0.125803,0.282081,0.300398,0.156487,0.253072,0.176925,0.175093,0.248155,0.056673,0.179609,0.219606,0.257990,0.163352
504,2.100000,0.322658,0.369251,0.125812,0.282081,0.300398,0.156490,0.253071,0.176924,0.175089,0.248154,0.056676,0.179607,0.219605,0.257988,0.163350
505,2.104167,0.322662,0.369252,0.125817,0.282081,0.300400,0.156495,0.253070,0.176926,0.175089,0.248155,0.056674,0.179606,0.219604,0.257990,0.163349
506,2.108333,0.322664,0.369252,0.125822,0.282081,0.300400,0.156495,0.253071,0.176925,0.175091,0.248154,0.056673,0.179611,0.219606,0.257991,0.163347
507,2.112500,0.322663,0.369252,0.125822,0.282080,0.300399,0.156495,0.253073,0.176923,0.175089,0.248159,0.056675,0.179607,0.219605,0.257988,0.163345
508,2.116667,0.322665,0.369252,0.125824,0.282081,0.300401,0.156497,0.253073,0.176924,0.175091,0.248155,0.056673,0.179608,0.219605,0.257989,0.163345
509,2.120833,0.322665,0.369254,0.125825,0.282082,0.300401,0.156497,0.253071,0.176925,0.175091,0.248155,0.056675,0.179608,0.219607,0.257990,0.163345
510,2.125000,0.322665,0.369254,0.125826,0.282083,0.300400,0.156497,0.253073,0.176921,0.175091,0.248158,0.056672,0.179607,0.219607,0.257990,0.163346
511,2.129167,0.322664,0.369254,0.125826,0.282083,0.300401,0.156496,0.253075,0.176922,0.175093,0.248155,0.056672,0.179603,0.219609,0.257987,0.163341
512,2.133333,0.322662,0.369254,0.125823,0.282085,0.300399,0.156495,0.253072,0.176923,0.175094,0.248157,0.056672,0.179607,0.219611,0.257988,0.163346
513,2.137500,0.322663,0.369255,0.125820,0.282086,0.300398,0.156491,0.253074,0.176923,0.175091,0.248157,0.056671,0.179604,0.219611,0.257989,0.163347
514,2.141667,0.322658,0.369257,0.125813,0.282088,0.300399,0.156490,0.253078,0.176921,0.175088,0.248158,0.056671,0.179605,0.219612,0.257992,0.163351
515,2.145833,0.322656,0.369257,0.125809,0.282089,0.300398,0.156489,0.253079,0.176920,0.175088,0.248155,0.056670,0.179606,0.219615,0.257990,0.163355
516,2.150000,0.322652,0.369259,0.125803,0.282090,0.300399,0.156487,0.253077,0.176920,0.175091,0.248156,0.056671,0.179607,0.219617,0.257990,0.163355
517,2.154167,0.322650,0.369259,0.125795,0.282092,0.300397,0.156483,0.253081,0.176919,0.175084,0.248154,0.056672,0.179605,0.219620,0.257991,0.163361
518,2.158333,0.322644,0.369259,0.125786,0.282094,0.300396,0.156478,0.253084,0.176920,0.175085,0.248153,0.056666,0.179609,0.219621,0.257992,0.163364
519,2.162500,0.322641,0.369260,0.125776,0.282095,0.300395,0.156475,0.253085,0.176917,0.175088,0.248154,0.056669,0.179607,0.219622,0.257990,0.163367
520,2.166667,0.322636,0.369259,0.125765,0.282098,0.300395,0.156471,0.253084,0.176917,0.175089,0.248151,0.056670,0.179608,0.219625,0.257990,0.163369
521,2.170833,0.322632,0.369259,0.125753,0.282099,0.300395,0.156464,0.253086,0.176918,0.175093,0.248155,0.056669,0.179611,0.219629,0.257990,0.163374
522,2.175000,0.322622,0.369258,0.125733,0.282102,0.300393,0.156460,0.253086,0.176917,0.175096,0.248152,0.056669,0.179611,0.219630,0.257993,0.163377
523,2.179167,0.322609,0.369258,0.125727,0.282103,0.300395,0.156456,0.253089,0.176918,0.175095,0.248152,0.056669,0.179612,0.219633,0.257992,0.163376
524,2.183333,0.322606,0.369256,0.125713,0.282105,0.300394,0.156452,0.253088,0.176917,0.175096,0.248152,0.056672,0.179616,0.219633,0.257995,0.163384
525,2.187500,0.322599,0.369254,0.125698,0.282108,0.300394,0.156448,0.253091,0.176916,0.175097,0.248151,0.056671,0.179618,0.219635,0.257993,0.163385
526,2.191667,0.322585,0.369256,0.125682,0.282110,0.300393,0.156444,0.253091,0.176915,0.175095,0.248151,0.056670,0.179616,0.219640,0.257994,0.163392
527,2.195833,0.322582,0.369254,0.125666,0.282112,0.300392,0.156439,0.253091,0.176917,0.175097,0.248150,0.056672,0.179621,0.219640,0.257997,0.163396
528,2.200000,0.322585,0.369249,0.125651,0.282114,0.300393,0.156437,0.253092,0.176913,0.175100,0.248149,0.056669,0.179623,0.219642,0.257999,0.163399
529,2.204167,0.322574,0.369251,0.125639,0.282115,0.300390,0.156431,0.253095,0.176913,0.175097,0.248152,0.056670,0.179622,0.219645,0.257997,0.163402
530,2.208333,0.322571,0.369251,0.125626,0.282117,0.300389,0.156424,0.253093,0.176912,0.175099,0.248149,0.056671,0.179623,0.219648,0.257999,0.163406
531,2.212500,0.322568,0.369249,0.125611,0.282118,0.300387,0.156417,0.253095,0.176913,0.175102,0.248150,0.056671,0.179627,0.219646,0.257997,0.163410
532,2.216667,0.322568,0.369250,0.125596,0.282118,0.300385,0.156412,0.253097,0.176913,0.175103,0.248149,0.056669,0.179627,0.219648,0.257999,0.163415
533,2.220833,0.322565,0.369248,0.125589,0.282120,0.300386,0.156407,0.253098,0.176910,0.175102,0.248153,0.056671,0.179624,0.219648,0.258000,0.163415
534,2.225000,0.322565,0.369247,0.125581,0.282121,0.300383,0.156402,0.253096,0.176908,0.175105,0.248149,0.056668,0.179627,0.219652,0.257999,0.163420
535,2.229167,0.322563,0.369245,0.125571,0.282122,0.300382,0.156398,0.253095,0.176910,0.175106,0.248150,0.056665,0.179628,0.219653,0.257999,0.163423
536,2.233333,0.322562,0.369243,0.125566,0.282124,0.300384,0.156394,0.253096,0.176910,0.175104,0.248148,0.056668,0.179632,0.219653,0.258001,0.163422
537,2.237500,0.322559,0.369241,0.125558,0.282124,0.300384,0.156394,0.253098,0.176910,0.175102,0.248152,0.056665,0.179630,0.219654,0.258000,0.163422
538,2.241667,0.322557,0.369240,0.125551,0.282123,0.300384,0.156391,0.253099,0.176909,0.175102,0.248149,0.056665,0.179631,0.219654,0.258000,0.163427
539,2.245833,0.322558,0.369239,0.125544,0.282125,0.300382,0.156391,0.253099,0.176907,0.175104,0.248150,0.056669,0.179631,0.219655,0.258001,0.163427
540,2.250000,0.322558,0.369238,0.125541,0.282123,0.300382,0.156387,0.253099,0.176908,0.175103,0.248151,0.056666,0.179635,0.219653,0.257999,0.163430
541,2.254167,0.322560,0.369241,0.125530,0.282125,0.300383,0.156388,0.253101,0.176909,0.175101,0.248150,0.056665,0.179632,0.219656,0.258000,0.163429
542,2.258333,0.322557,0.369240,0.125532,0.282123,0.300382,0.156388,0.253099,0.176907,0.175102,0.248153,0.056665,0.179633,0.219655,0.257999,0.163428
543,2.262500,0.322557,0.369237,0.125538,0.282124,0.300382,0.156389,0.253100,0.176908,0.175106,0.248150,0.056665,0.179633,0.219654,0.257999,0.163426
544,2.266667,0.322560,0.369237,0.125542,0.282123,0.300382,0.156387,0.253099,0.176907,0.175108,0.248151,0.056665,0.179633,0.219654,0.257996,0.163424
545,2.270833,0.322560,0.369237,0.125544,0.282124,0.300383,0.156388,0.253098,0.176909,0.175105,0.248151,0.056665,0.179631,0.219654,0.257997,0.163425
546,2.275000,0.322561,0.369237,0.125547,0.282123,0.300383,0.156392,0.253097,0.176907,0.175108,0.248152,0.056664,0.179634,0.219652,0.257999,0.163426
547,2.279167,0.322563,0.369237,0.125552,0.282122,0.300384,0.156394,0.253099,0.176908,0.175107,0.248151,0.056665,0.179632,0.219652,0.258000,0.163424
548,2.283333,0.322568,0.369238,0.125561,0.282122,0.300384,0.156393,0.253097,0.176909,0.175105,0.248153,0.056665,0.179629,0.219652,0.258000,0.163422
549,2.287500,0.322568,0.369239,0.125570,0.282122,0.300384,0.156397,0.253096,0.176909,0.175101,0.248153,0.056666,0.179629,0.219651,0.257996,0.163420
550,2.291667,0.322570,0.369238,0.125576,0.282119,0.300384,0.156400,0.253095,0.176910,0.175104,0.248151,0.056663,0.179630,0.219650,0.257997,0.163418
551,2.295833,0.322574,0.369241,0.125583,0.282118,0.300386,0.156402,0.253098,0.176911,0.175098,0.248152,0.056666,0.179627,0.219649,0.257998,0.163416
552,2.300000,0.322575,0.369241,0.125593,0.282118,0.300386,0.156406,0.253096,0.176912,0.175097,0.248153,0.056667,0.179628,0.219646,0.257997,0.163411
553,2.304167,0.322576,0.369242,0.125603,0.282115,0.300385,0.156411,0.253093,0.176911,0.175098,0.248150,0.056668,0.179628,0.219645,0.257996,0.163408
554,2.308333,0.322578,0.369243,0.125616,0.282115,0.300388,0.156415,0.253092,0.176913,0.175098,0.248154,0.056668,0.179624,0.219645,0.257997,0.163406
555,2.312500,0.322583,0.369245,0.125629,0.282114,0.300390,0.156419,0.253092,0.176915,0.175095,0.248152,0.056670,0.179625,0.219642,0.257996,0.163403
556,2.316667,0.322586,0.369248,0.125641,0.282113,0.300390,0.156423,0.253093,0.176914,0.175095,0.248153,0.056668,0.179621,0.219644,0.257997,0.163399
557,2.320833,0.322592,0.369245,0.125652,0.282112,0.300391,0.156427,0.253094,0.176914,0.175093,0.248154,0.056669,0.179619,0.219642,0.257996,0.163395
558,2.325000,0.322597,0.369248,0.125664,0.282111,0.300391,0.156431,0.253093,0.176916,0.175098,0.248153,0.056668,0.179621,0.219641,0.257997,0.163389
559,2.329167,0.322600,0.369249,0.125677,0.282110,0.300393,0.156435,0.253094,0.176915,0.175091,0.248153,0.056668,0.179617,0.219638,0.257994,0.163387
560,2.333333,0.322604,0.369253,0.125686,0.282109,0.300393,0.156440,0.253091,0.176914,0.175093,0.248155,0.056670,0.179618,0.219639,0.257994,0.163384
561,2.337500,0.322608,0.369254,0.125699,0.282108,0.300394,0.156444,0.253091,0.176915,0.175094,0.248156,0.056669,0.179614,0.219636,0.257994,0.163382
562,2.341667,0.322608,0.369259,0.125710,0.282108,0.300395,0.156448,0.253090,0.176915,0.175094,0.248156,0.056668,0.179611,0.219635,0.257992,0.163376
563,2.345833,0.322611,0.369260,0.125721,0.282106,0.300396,0.156453,0.253090,0.176919,0.175089,0.248156,0.056671,0.179611,0.219635,0.257993,0.163373
564,2.350000,0.322620,0.369263,0.125722,0.282106,0.300395,0.156458,0.253091,0.176918,0.175089,0.248158,0.056669,0.179610,0.219635,0.257992,0.163371
565,2.354167,0.322630,0.369263,0.125742,0.282107,0.300396,0.156462,0.253090,0.176917,0.175091,0.248154,0.056670,0.179612,0.219635,0.257993,0.163370
566,2.358333,0.322627,0.369262,0.125738,0.282105,0.300397,0.156465,0.253089,0.176917,0.175089,0.248154,0.056668,0.179612,0.219632,0.257990,0.163366
567,2.362500,0.322635,0.369264,0.125756,0.282103,0.300397,0.156465,0.253091,0.176918,0.175087,0.248154,0.056672,0.179609,0.219631,0.257990,0.163366
568,2.366667,0.322640,0.369264,0.125763,0.282103,0.300397,0.156468,0.253086,0.176918,0.175087,0.248154,0.056670,0.179613,0.219629,0.257992,0.163363
569,2.370833,0.322643,0.369262,0.125773,0.282103,0.300398,0.156472,0.253088,0.176919,0.175088,0.248156,0.056672,0.179610,0.219630,0.257991,0.163360
570,2.375000,0.322644,0.369264,0.125778,0.282102,0.300398,0.156473,0.253086,0.176918,0.175089,0.248153,0.056669,0.179607,0.219630,0.257991,0.163359
571,2.379167,0.322648,0.369262,0.125783,0.282101,0.300399,0.156474,0.253083,0.176917,0.175092,0.248154,0.056670,0.179611,0.219628,0.257990,0.163359
572,2.383333,0.322649,0.369264,0.125783,0.282100,0.300399,0.156473,0.253087,0.176920,0.175088,0.248156,0.056670,0.179607,0.219627,0.257991,0.163356
573,2.387500,0.322652,0.369264,0.125787,0.282101,0.300399,0.156475,0.253082,0.176921,0.175090,0.248155,0.056672,0.179611,0.219626,0.257993,0.163354
574,2.391667,0.322651,0.369262,0.125788,0.282100,0.300398,0.156476,0.253085,0.176919,0.175087,0.248154,0.056670,0.179611,0.219626,0.257989,0.163356
575,2.395833,0.322651,0.369262,0.125788,0.282101,0.300397,0.156476,0.253084,0.176922,0.175087,0.248155,0.056671,0.179612,0.219628,0.257992,0.163354
576,2.400000,0.322653,0.369262,0.125786,0.282100,0.300399,0.156477,0.253085,0.176921,0.175086,0.248152,0.056670,0.179609,0.219627,0.257993,0.163356
577,2.404167,0.322653,0.369260,0.125783,0.282100,0.300398,0.156478,0.253084,0.176921,0.175083,0.248153,0.056671,0.179609,0.219627,0.257992,0.163355
578,2.408333,0.322651,0.369258,0.125782,0.282101,0.300399,0.156477,0.253082,0.176920,0.175088,0.248152,0.056673,0.179611,0.219625,0.257993,0.163357
579,2.412500,0.322651,0.369258,0.125778,0.282101,0.300397,0.156476,0.253081,0.176922,0.175090,0.248153,0.056673,0.179611,0.219627,0.257992,0.163357
580,2.416667,0.322650,0.369256,0.125774,0.282100,0.300397,0.156475,0.253078,0.176920,0.175092,0.248153,0.056670,0.179615,0.219624,0.257993,0.163360
581,2.420833,0.322649,0.369255,0.125768,0.282099,0.300395,0.156472,0.253082,0.176920,0.175092,0.248152,0.056669,0.179616,0.219625,0.257993,0.163361
582,2.425000,0.322647,0.369254,0.125760,0.282102,0.300394,0.156468,0.253083,0.176921,0.175091,0.248153,0.056671,0.179615,0.219626,0.257994,0.163360
583,2.429167,0.322646,0.369250,0.125753,0.282101,0.300395,0.156465,0.253081,0.176917,0.175094,0.248153,0.056671,0.179616,0.219626,0.257993,0.163364
584,2.433333,0.322647,0.369249,0.125747,0.282101,0.300394,0.156462,0.253083,0.176921,0.175092,0.248150,0.056671,0.179616,0.219627,0.257995,0.163367
585,2.437500,0.322645,0.369246,0.125739,0.282102,0.300393,0.156458,0.253083,0.176916,0.175090,0.248154,0.056669,0.179616,0.219628,0.257994,0.163370
586,2.441667,0.322634,0.369244,0.125740,0.282102,0.300392,0.156454,0.253080,0.176918,0.175096,0.248151,0.056669,0.179620,0.219627,0.257996,0.163374
587,2.445833,0.322625,0.369240,0.125721,0.282102,0.300390,0.156452,0.253083,0.176920,0.175092,0.248154,0.056670,0.179619,0.219627,0.257995,0.163373
588,2.450000,0.322621,0.369239,0.125710,0.282103,0.300389,0.156445,0.253084,0.176917,0.175090,0.248153,0.056669,0.179622,0.219627,0.257993,0.163377
589,2.454167,0.322617,0.369235,0.125699,0.282103,0.300389,0.156443,0.253085,0.176916,0.175092,0.248154,0.056667,0.179620,0.219629,0.257994,0.163382
590,2.458333,0.322616,0.369236,0.125690,0.282104,0.300389,0.156441,0.253083,0.176916,0.175093,0.248150,0.056668,0.179623,0.219630,0.257996,0.163385
591,2.462500,0.322611,0.369234,0.125680,0.282103,0.300389,0.156437,0.253085,0.176914,0.175095,0.248151,0.056668,0.179624,0.219630,0.257995,0.163387
592,2.466667,0.322605,0.369231,0.125670,0.282104,0.300386,0.156432,0.253083,0.176913,0.175097,0.248151,0.056665,0.179624,0.219631,0.257994,0.163392
593,2.470833,0.322603,0.369231,0.125655,0.282104,0.300386,0.156427,0.253085,0.176912,0.175097,0.248152,0.056667,0.179623,0.219631,0.257995,0.163396
594,2.475000,0.322598,0.369231,0.125643,0.282104,0.300387,0.156423,0.253086,0.176913,0.175097,0.248150,0.056666,0.179625,0.219631,0.257996,0.163400
595,2.479167,0.322594,0.369230,0.125634,0.282105,0.300386,0.156423,0.253084,0.176911,0.175104,0.248150,0.056666,0.179630,0.219634,0.257993,0.163402
596,2.483333,0.322588,0.369229,0.125629,0.282105,0.300384,0.156419,0.253088,0.176912,0.175101,0.248151,0.056668,0.179627,0.219633,0.257993,0.163403
597,2.487500,0.322583,0.369229,0.125619,0.282106,0.300385,0.156417,0.253089,0.176912,0.175102,0.248151,0.056665,0.179627,0.219636,0.257994,0.163408
598,2.491667,0.322574,0.369233,0.125605,0.282106,0.300385,0.156415,0.253087,0.176911,0.175107,0.248152,0.056667,0.179631,0.219636,0.257997,0.163415
599,2.495833,0.322568,0.369231,0.125597,0.282105,0.300386,0.156414,0.253090,0.176912,0.175105,0.248152,0.056667,0.179631,0.219637,0.257998,0.163417
600,2.500000,0.322564,0.369234,0.125593,0.282106,0.300386,0.156412,0.253090,0.176912,0.175103,0.248152,0.056667,0.179631,0.219638,0.257997,0.163420
601,2.504167,0.322558,0.369237,0.125588,0.282107,0.300387,0.156414,0.253090,0.176912,0.175106,0.248151,0.056668,0.179631,0.219637,0.257996,0.163424
602,2.508333,0.322552,0.369241,0.125583,0.282106,0.300388,0.156411,0.253086,0.176915,0.175115,0.248151,0.056667,0.179634,0.219638,0.257999,0.163425
603,2.512500,0.322546,0.369243,0.125583,0.282106,0.300388,0.156412,0.253091,0.176913,0.175111,0.248151,0.056668,0.179632,0.219640,0.257998,0.163426
604,2.516667,0.322538,0.369248,0.125581,0.282106,0.300386,0.156410,0.253087,0.176909,0.175114,0.248150,0.056665,0.179632,0.219639,0.257999,0.163430
605,2.520833,0.322537,0.369248,0.125578,0.282106,0.300389,0.156411,0.253091,0.176911,0.175113,0.248150,0.056666,0.179636,0.219640,0.257998,0.163429
606,2.525000,0.322531,0.369257,0.125581,0.282104,0.300390,0.156411,0.253093,0.176910,0.175112,0.248150,0.056668,0.179636,0.219642,0.258000,0.163433
607,2.529167,0.322526,0.369259,0.125585,0.282104,0.300389,0.156411,0.253090,0.176909,0.175112,0.248150,0.056671,0.179635,0.219640,0.257998,0.163433
608,2.533333,0.322524,0.369261,0.125587,0.282103,0.300389,0.156414,0.253094,0.176910,0.175112,0.248150,0.056664,0.179631,0.219640,0.257998,0.163433
609,2.537500,0.322521,0.369265,0.125589,0.282105,0.300392,0.156414,0.253093,0.176912,0.175110,0.248150,0.056666,0.179631,0.219640,0.257999,0.163431
610,2.541667,0.322521,0.369269,0.125594,0.282104,0.300393,0.156417,0.253091,0.176911,0.175113,0.248152,0.056668,0.179631,0.219642,0.257995,0.163428
611,2.545833,0.322519,0.369273,0.125600,0.282103,0.300393,0.156417,0.253095,0.176909,0.175110,0.248150,0.056669,0.179634,0.219642,0.257997,0.163430
612,2.550000,0.322518,0.369276,0.125607,0.282102,0.300393,0.156421,0.253096,0.176911,0.175107,0.248152,0.056666,0.179630,0.219641,0.257996,0.163429
613,2.554167,0.322516,0.369279,0.125615,0.282102,0.300395,0.156425,0.253096,0.176908,0.175109,0.248152,0.056667,0.179628,0.219639,0.257995,0.163426
614,2.558333,0.322517,0.369283,0.125624,0.282101,0.300396,0.156424,0.253095,0.176911,0.175109,0.248153,0.056666,0.179625,0.219640,0.257995,0.163426
615,2.562500,0.322519,0.369286,0.125632,0.282100,0.300396,0.156428,0.253096,0.176912,0.175110,0.248152,0.056669,0.179626,0.219640,0.257995,0.163423
616,2.566667,0.322513,0.369288,0.125648,0.282100,0.300399,0.156433,0.253096,0.176909,0.175106,0.248154,0.056668,0.179625,0.219640,0.257995,0.163418
617,2.570833,0.322513,0.369290,0.125657,0.282099,0.300399,0.156435,0.253095,0.176910,0.175105,0.248152,0.056668,0.179623,0.219640,0.257992,0.163418
618,2.575000,0.322517,0.369294,0.125669,0.282098,0.300400,0.156438,0.253094,0.176913,0.175105,0.248153,0.056668,0.179620,0.219639,0.257993,0.163415
619,2.579167,0.322521,0.369295,0.125677,0.282097,0.300401,0.156441,0.253095,0.176914,0.175102,0.248153,0.056668,0.179621,0.219640,0.257993,0.163410
620,2.583333,0.322523,0.369297,0.125685,0.282095,0.300401,0.156444,0.253093,0.176916,0.175106,0.248154,0.056667,0.179620,0.219636,0.257992,0.163404
621,2.587500,0.322529,0.369298,0.125697,0.282095,0.300403,0.156449,0.253092,0.176916,0.175103,0.248152,0.056673,0.179618,0.219635,0.257994,0.163400
622,2.591667,0.322533,0.369299,0.125708,0.282095,0.300403,0.156452,0.253090,0.176915,0.175103,0.248155,0.056670,0.179616,0.219637,0.257991,0.163397
623,2.595833,0.322536,0.369299,0.125717,0.282094,0.300402,0.156453,0.253092,0.176917,0.175101,0.248152,0.056670,0.179616,0.219635,0.257991,0.163393
624,2.600000,0.322541,0.369298,0.125725,0.282093,0.300404,0.156455,0.253091,0.176914,0.175096,0.248155,0.056672,0.179611,0.219633,0.257991,0.163388
625,2.604167,0.322546,0.369296,0.125731,0.282092,0.300402,0.156457,0.253088,0.176917,0.175097,0.248156,0.056672,0.179613,0.219633,0.257991,0.163382
626,2.608333,0.322552,0.369295,0.125742,0.282092,0.300403,0.156459,0.253088,0.176917,0.175096,0.248154,0.056670,0.179614,0.219629,0.257990,0.163378
627,2.612500,0.322564,0.369294,0.125737,0.282091,0.300403,0.156463,0.253086,0.176918,0.175092,0.248154,0.056672,0.179614,0.219629,0.257990,0.163376
628,2.616667,0.322578,0.369291,0.125737,0.282091,0.300402,0.156463,0.253086,0.176916,0.175091,0.248154,0.056671,0.179612,0.219628,0.257992,0.163374
629,2.620833,0.322585,0.369288,0.125744,0.282091,0.300403,0.156464,0.253084,0.176920,0.175089,0.248155,0.056671,0.179613,0.219624,0.257993,0.163369
630,2.625000,0.322598,0.369282,0.125744,0.282090,0.300404,0.156465,0.253085,0.176921,0.175086,0.248157,0.056673,0.179609,0.219623,0.257990,0.163366
631,2.629167,0.322610,0.369282,0.125760,0.282091,0.300401,0.156467,0.253083,0.176920,0.175089,0.248154,0.056673,0.179611,0.219622,0.257993,0.163365
632,2.633333,0.322622,0.369271,0.125764,0.282088,0.300401,0.156466,0.253081,0.176921,0.175086,0.248153,0.056672,0.179608,0.219621,0.257992,0.163362
633,2.637500,0.322629,0.369268,0.125765,0.282090,0.300401,0.156466,0.253081,0.176922,0.175084,0.248155,0.056675,0.179606,0.219619,0.257991,0.163358
634,2.641667,0.322633,0.369264,0.125767,0.282089,0.300399,0.156465,0.253082,0.176920,0.175082,0.248154,0.056674,0.179608,0.219619,0.257990,0.163356
635,2.645833,0.322637,0.369260,0.125768,0.282089,0.300400,0.156466,0.253080,0.176922,0.175083,0.248156,0.056673,0.179608,0.219619,0.257990,0.163356
636,2.650000,0.322641,0.369256,0.125768,0.282090,0.300399,0.156466,0.253079,0.176922,0.175084,0.248155,0.056672,0.179611,0.219618,0.257990,0.163350
637,2.654167,0.322647,0.369252,0.125768,0.282089,0.300398,0.156464,0.253078,0.176921,0.175087,0.248154,0.056672,0.179610,0.219618,0.257991,0.163349
638,2.658333,0.322650,0.369248,0.125766,0.282088,0.300395,0.156463,0.253079,0.176922,0.175081,0.248157,0.056671,0.179609,0.219616,0.257989,0.163346
639,2.662500,0.322651,0.369243,0.125763,0.282090,0.300395,0.156460,0.253077,0.176921,0.175083,0.248156,0.056671,0.179604,0.219616,0.257989,0.163344
640,2.666667,0.322655,0.369242,0.125758,0.282089,0.300393,0.156456,0.253080,0.176920,0.175078,0.248155,0.056672,0.179610,0.219616,0.257989,0.163345
641,2.670833,0.322648,0.369238,0.125764,0.282090,0.300393,0.156455,0.253076,0.176921,0.175081,0.248156,0.056669,0.179610,0.219615,0.257990,0.163345
642,2.675000,0.322656,0.369234,0.125749,0.282091,0.300393,0.156455,0.253078,0.176921,0.175081,0.248155,0.056670,0.179611,0.219616,0.257992,0.163345
643,2.679167,0.322649,0.369232,0.125754,0.282091,0.300391,0.156451,0.253076,0.176919,0.175081,0.248153,0.056672,0.179611,0.219616,0.257990,0.163346
644,2.683333,0.322651,0.369228,0.125745,0.282092,0.300390,0.156447,0.253077,0.176919,0.175082,0.248155,0.056668,0.179611,0.219617,0.257992,0.163349
645,2.687500,0.322650,0.369228,0.125737,0.282091,0.300389,0.156441,0.253076,0.176920,0.175079,0.248154,0.056671,0.179614,0.219617,0.257991,0.163351
646,2.691667,0.322642,0.369222,0.125720,0.282093,0.300387,0.156438,0.253077,0.176921,0.175081,0.248154,0.056669,0.179616,0.219617,0.257993,0.163352
647,2.695833,0.322641,0.369222,0.125711,0.282094,0.300386,0.156435,0.253079,0.176918,0.175083,0.248155,0.056669,0.179614,0.219617,0.257994,0.163358
648,2.700000,0.322640,0.369220,0.125701,0.282097,0.300386,0.156432,0.253081,0.176917,0.175076,0.248154,0.056668,0.179617,0.219618,0.257994,0.163362
649,2.704167,0.322635,0.369221,0.125692,0.282096,0.300385,0.156428,0.253080,0.176917,0.175083,0.248153,0.056671,0.179617,0.219618,0.257993,0.163364
650,2.708333,0.322632,0.369219,0.125682,0.282097,0.300385,0.156423,0.253080,0.176921,0.175082,0.248153,0.056670,0.179620,0.219620,0.257994,0.163366
651,2.712500,0.322628,0.369220,0.125670,0.282097,0.300384,0.156420,0.253080,0.176917,0.175084,0.248155,0.056668,0.179623,0.219622,0.257995,0.163371
652,2.716667,0.322623,0.369217,0.125660,0.282100,0.300384,0.156418,0.253081,0.176917,0.175085,0.248153,0.056669,0.179624,0.219625,0.257993,0.163375
653,2.720833,0.322620,0.369217,0.125648,0.282101,0.300385,0.156416,0.253082,0.176917,0.175091,0.248149,0.056668,0.179625,0.219626,0.257995,0.163379
654,2.725000,0.322614,0.369219,0.125638,0.282102,0.300386,0.156413,0.253083,0.176915,0.175092,0.248153,0.056667,0.179624,0.219629,0.257999,0.163386
655,2.729167,0.322606,0.369221,0.125624,0.282102,0.300386,0.156411,0.253083,0.176916,0.175095,0.248152,0.056669,0.179628,0.219630,0.257996,0.163387
656,2.733333,0.322595,0.369223,0.125615,0.282104,0.300385,0.156408,0.253086,0.176913,0.175094,0.248151,0.056668,0.179627,0.219631,0.257995,0.163390
657,2.737500,0.322590,0.369224,0.125604,0.282107,0.300385,0.156408,0.253089,0.176912,0.175093,0.248152,0.056669,0.179627,0.219633,0.257997,0.163396
658,2.741667,0.322584,0.369228,0.125594,0.282107,0.300385,0.156406,0.253089,0.176914,0.175097,0.248151,0.056664,0.179630,0.219636,0.258000,0.163402
659,2.745833,0.322577,0.369229,0.125585,0.282109,0.300385,0.156405,0.253091,0.176913,0.175097,0.248152,0.056669,0.179632,0.219637,0.257998,0.163406
660,2.750000,0.322570,0.369233,0.125580,0.282109,0.300386,0.156404,0.253092,0.176912,0.175100,0.248151,0.056666,0.179628,0.219638,0.257999,0.163410
661,2.754167,0.322564,0.369238,0.125577,0.282110,0.300386,0.156402,0.253093,0.176912,0.175103,0.248151,0.056665,0.179631,0.219642,0.257997,0.163414
662,2.758333,0.322553,0.369242,0.125576,0.282112,0.300387,0.156399,0.253094,0.176910,0.175104,0.248151,0.056666,0.179634,0.219643,0.257997,0.163416
663,2.762500,0.322551,0.369244,0.125570,0.282112,0.300387,0.156399,0.253095,0.176911,0.175104,0.248152,0.056666,0.179631,0.219644,0.257998,0.163422
664,2.766667,0.322536,0.369256,0.125573,0.282114,0.300387,0.156400,0.253097,0.176909,0.175105,0.248149,0.056664,0.179634,0.219644,0.257998,0.163424
665,2.770833,0.322531,0.369261,0.125574,0.282113,0.300388,0.156400,0.253097,0.176908,0.175106,0.248150,0.056664,0.179631,0.219648,0.257996,0.163429
666,2.775000,0.322526,0.369263,0.125573,0.282114,0.300387,0.156401,0.253097,0.176907,0.175109,0.248152,0.056662,0.179630,0.219648,0.257997,0.163431
667,2.779167,0.322520,0.369266,0.125573,0.282113,0.300388,0.156402,0.253100,0.176907,0.175107,0.248152,0.056662,0.179632,0.219649,0.257997,0.163435
668,2.783333,0.322516,0.369272,0.125574,0.282113,0.300390,0.156403,0.253101,0.176908,0.175110,0.248153,0.056663,0.179630,0.219650,0.257998,0.163437
669,2.787500,0.322514,0.369274,0.125575,0.282114,0.300392,0.156406,0.253102,0.176907,0.175111,0.248149,0.056665,0.179631,0.219652,0.257998,0.163436
670,2.791667,0.322514,0.369278,0.125580,0.282114,0.300393,0.156412,0.253099,0.176909,0.175113,0.248149,0.056665,0.179632,0.219654,0.257995,0.163437
671,2.795833,0.322508,0.369282,0.125585,0.282114,0.300394,0.156414,0.253100,0.176904,0.175115,0.248152,0.056666,0.179632,0.219652,0.257998,0.163439
672,2.800000,0.322510,0.369286,0.125592,0.282115,0.300395,0.156415,0.253101,0.176907,0.175116,0.248148,0.056667,0.179633,0.219652,0.257997,0.163439
673,2.804167,0.322510,0.369288,0.125597,0.282114,0.300396,0.156421,0.253099,0.176907,0.175117,0.248151,0.056666,0.179630,0.219652,0.257998,0.163441
674,2.808333,0.322510,0.369292,0.125606,0.282114,0.300397,0.156425,0.253102,0.176909,0.175115,0.248150,0.056667,0.179630,0.219652,0.257997,0.163435
675,2.812500,0.322510,0.369295,0.125616,0.282113,0.300398,0.156429,0.253100,0.176908,0.175115,0.248151,0.056666,0.179626,0.219651,0.257997,0.163436
676,2.816667,0.322505,0.369296,0.125634,0.282111,0.300399,0.156433,0.253100,0.176909,0.175114,0.248150,0.056666,0.179630,0.219652,0.257998,0.163434
677,2.820833,0.322515,0.369298,0.125635,0.282112,0.300399,0.156437,0.253099,0.176910,0.175119,0.248148,0.056668,0.179631,0.219648,0.257997,0.163433
678,2.825000,0.322520,0.369299,0.125647,0.282110,0.300399,0.156439,0.253098,0.176910,0.175116,0.248150,0.056666,0.179628,0.219649,0.257998,0.163431
679,2.829167,0.322516,0.369300,0.125664,0.282109,0.300400,0.156445,0.253098,0.176909,0.175112,0.248154,0.056668,0.179624,0.219646,0.257998,0.163428
680,2.833333,0.322520,0.369298,0.125678,0.282108,0.300399,0.156450,0.253098,0.176910,0.175112,0.248151,0.056667,0.179627,0.219646,0.257997,0.163423
681,2.837500,0.322527,0.369300,0.125692,0.282106,0.300401,0.156455,0.253096,0.176913,0.175109,0.248150,0.056669,0.179623,0.219644,0.257994,0.163419
682,2.841667,0.322533,0.369299,0.125702,0.282104,0.300403,0.156460,0.253095,0.176914,0.175111,0.248150,0.056669,0.179620,0.219642,0.257997,0.163418
683,2.845833,0.322541,0.369299,0.125717,0.282105,0.300402,0.156464,0.253093,0.176915,0.175110,0.248151,0.056670,0.179622,0.219640,0.257997,0.163409
684,2.850000,0.322561,0.369296,0.125712,0.282102,0.300402,0.156467,0.253094,0.176912,0.175107,0.248152,0.056669,0.179622,0.219638,0.257993,0.163404
685,2.854167,0.322570,0.369293,0.125725,0.282101,0.300402,0.156471,0.253090,0.176914,0.175105,0.248151,0.056671,0.179617,0.219636,0.257993,0.163400
686,2.858333,0.322578,0.369291,0.125735,0.282099,0.300402,0.156474,0.253088,0.176915,0.175106,0.248152,0.056668,0.179618,0.219634,0.257994,0.163395
687,2.862500,0.322585,0.369288,0.125746,0.282097,0.300402,0.156479,0.253085,0.176918,0.175105,0.248153,0.056670,0.179615,0.219634,0.257992,0.163389
688,2.866667,0.322596,0.369283,0.125759,0.282097,0.300402,0.156481,0.253087,0.176917,0.175101,0.248154,0.056669,0.179615,0.219630,0.257992,0.163381
689,2.870833,0.322617,0.369280,0.125774,0.282097,0.300402,0.156484,0.253085,0.176918,0.175099,0.248155,0.056669,0.179612,0.219627,0.257991,0.163376
690,2.875000,0.322632,0.369270,0.125781,0.282095,0.300402,0.156486,0.253084,0.176919,0.175096,0.248154,0.056670,0.179612,0.219627,0.257991,0.163371
691,2.879167,0.322639,0.369267,0.125790,0.282092,0.300399,0.156488,0.253080,0.176919,0.175098,0.248154,0.056670,0.179612,0.219623,0.257989,0.163368
692,2.883333,0.322645,0.369264,0.125796,0.282093,0.300400,0.156489,0.253080,0.176920,0.175097,0.248155,0.056670,0.179608,0.219622,0.257991,0.163363
693,2.887500,0.322652,0.369261,0.125804,0.282092,0.300399,0.156490,0.253079,0.176920,0.175092,0.248157,0.056669,0.179609,0.219620,0.257992,0.163359
694,2.891667,0.322659,0.369258,0.125809,0.282091,0.300397,0.156491,0.253079,0.176921,0.175086,0.248156,0.056672,0.179611,0.219618,0.257990,0.163351
695,2.895833,0.322665,0.369254,0.125813,0.282090,0.300397,0.156491,0.253080,0.176923,0.175086,0.248154,0.056671,0.179613,0.219616,0.257991,0.163350
696,2.900000,0.322671,0.369249,0.125819,0.282089,0.300395,0.156489,0.253075,0.176921,0.175088,0.248155,0.056668,0.179605,0.219612,0.257989,0.163345
697,2.904167,0.322674,0.369246,0.125820,0.282088,0.300394,0.156488,0.253074,0.176923,0.175087,0.248156,0.056673,0.179612,0.219613,0.257991,0.163343
698,2.908333,0.322685,0.369238,0.125831,0.282088,0.300394,0.156485,0.253075,0.176923,0.175083,0.248157,0.056672,0.179607,0.219611,0.257993,0.163343
699,2.912500,0.322684,0.369240,0.125817,0.282087,0.300392,0.156485,0.253073,0.176924,0.175083,0.248156,0.056672,0.179610,0.219609,0.257991,0.163339
700,2.916667,0.322685,0.369236,0.125817,0.282087,0.300393,0.156483,0.253073,0.176925,0.175081,0.248158,0.056671,0.179608,0.219609,0.257992,0.163338
701,2.920833,0.322689,0.369232,0.125813,0.282087,0.300393,0.156481,0.253072,0.176924,0.175081,0.248156,0.056672,0.179613,0.219608,0.257991,0.163336
702,2.925000,0.322689,0.369228,0.125807,0.282088,0.300393,0.156477,0.253071,0.176924,0.175082,0.248159,0.056670,0.179610,0.219608,0.257993,0.163336
703,2.929167,0.322689,0.369226,0.125800,0.282087,0.300390,0.156473,0.253072,0.176923,0.175079,0.248158,0.056672,0.179611,0.219609,0.257990,0.163335
704,2.933333,0.322690,0.369224,0.125793,0.282088,0.300391,0.156471,0.253074,0.176925,0.175080,0.248156,0.056673,0.179608,0.219610,0.257992,0.163337
705,2.937500,0.322687,0.369221,0.125785,0.282088,0.300392,0.156470,0.253074,0.176924,0.175080,0.248157,0.056672,0.179610,0.219609,0.257992,0.163336
706,2.941667,0.322686,0.369220,0.125775,0.282087,0.300389,0.156465,0.253073,0.176924,0.175081,0.248155,0.056672,0.179610,0.219611,0.257994,0.163342
707,2.945833,0.322674,0.369218,0.125775,0.282088,0.300387,0.156459,0.253073,0.176922,0.175079,0.248157,0.056671,0.179610,0.219611,0.257992,0.163342
708,2.950000,0.322669,0.369218,0.125760,0.282089,0.300387,0.156455,0.253075,0.176922,0.175080,0.248156,0.056671,0.179614,0.219612,0.257993,0.163345
709,2.954167,0.322665,0.369217,0.125748,0.282089,0.300387,0.156450,0.253076,0.176924,0.175080,0.248158,0.056671,0.179609,0.219615,0.257993,0.163348
710,2.958333,0.322660,0.369217,0.125737,0.282092,0.300388,0.156446,0.253077,0.176921,0.175082,0.248155,0.056670,0.179613,0.219617,0.257993,0.163351
711,2.962500,0.322654,0.369217,0.125726,0.282093,0.300387,0.156440,0.253078,0.176919,0.175084,0.248154,0.056671,0.179616,0.219619,0.257994,0.163356
712,2.966667,0.322637,0.369218,0.125702,0.282095,0.300386,0.156433,0.253081,0.176919,0.175080,0.248155,0.056670,0.179618,0.219620,0.257992,0.163362
713,2.970833,0.322634,0.369219,0.125685,0.282097,0.300386,0.156429,0.253083,0.176919,0.175081,0.248154,0.056671,0.179618,0.219622,0.257995,0.163368
714,2.975000,0.322624,0.369218,0.125669,0.282097,0.300384,0.156424,0.253084,0.176919,0.175081,0.248155,0.056668,0.179621,0.219625,0.257995,0.163373
715,2.979167,0.322616,0.369223,0.125658,0.282098,0.300386,0.156418,0.253084,0.176916,0.175086,0.248155,0.056671,0.179620,0.219628,0.257996,0.163380
716,2.983333,0.322608,0.369225,0.125641,0.282099,0.300385,0.156413,0.253085,0.176916,0.175084,0.248153,0.056667,0.179619,0.219631,0.257994,0.163382
717,2.987500,0.322597,0.369225,0.125626,0.282100,0.300385,0.156408,0.253087,0.176914,0.175088,0.248152,0.056667,0.179623,0.219632,0.257996,0.163391
718,2.991667,0.322584,0.369232,0.125609,0.282103,0.300385,0.156406,0.253090,0.176913,0.175091,0.248150,0.056669,0.179626,0.219635,0.257996,0.163395
719,2.995833,0.322573,0.369234,0.125594,0.282104,0.300386,0.156401,0.253092,0.176913,0.175088,0.248150,0.056668,0.179622,0.219637,0.257998,0.163400
720,3.000000,0.322562,0.369236,0.125583,0.282106,0.300385,0.156396,0.253094,0.176911,0.175094,0.248150,0.056667,0.179625,0.219640,0.257994,0.163406
721,3.004167,0.322553,0.369240,0.125570,0.282107,0.300385,0.156393,0.253095,0.176911,0.175098,0.248151,0.056667,0.179624,0.219641,0.257997,0.163412
722,3.008333,0.322543,0.369248,0.125559,0.282108,0.300386,0.156390,0.253096,0.176912,0.175099,0.248152,0.056670,0.179628,0.219644,0.258000,0.163419
723,3.012500,0.322532,0.369257,0.125551,0.282110,0.300386,0.156389,0.253097,0.176909,0.175100,0.248154,0.056668,0.179625,0.219647,0.257999,0.163424
724,3.016667,0.322519,0.369259,0.125543,0.282110,0.300388,0.156388,0.253101,0.176908,0.175097,0.248152,0.056667,0.179628,0.219648,0.257999,0.163427
725,3.020833,0.322513,0.369265,0.125533,0.282112,0.300389,0.156386,0.253098,0.176910,0.175103,0.248152,0.056668,0.179630,0.219651,0.257999,0.163433
726,3.025000,0.322500,0.369277,0.125522,0.282114,0.300390,0.156386,0.253100,0.176910,0.175104,0.248151,0.056666,0.179629,0.219651,0.257998,0.163437
727,3.029167,0.322493,0.369280,0.125514,0.282114,0.300389,0.156385,0.253102,0.176911,0.175106,0.248146,0.056669,0.179633,0.219653,0.258000,0.163438
728,3.033333,0.322471,0.369284,0.125501,0.282114,0.300391,0.156384,0.253104,0.176909,0.175105,0.248148,0.056668,0.179630,0.219654,0.258002,0.163445
729,3.037500,0.322467,0.369287,0.125497,0.282115,0.300392,0.156385,0.253104,0.176909,0.175108,0.248148,0.056666,0.179633,0.219654,0.258001,0.163445
730,3.041667,0.322461,0.369291,0.125499,0.282115,0.300392,0.156387,0.253104,0.176907,0.175111,0.248149,0.056670,0.179632,0.219655,0.258000,0.163448
731,3.045833,0.322459,0.369294,0.125500,0.282116,0.300393,0.156388,0.253105,0.176907,0.175107,0.248148,0.056670,0.179634,0.219657,0.258001,0.163448
732,3.050000,0.322455,0.369297,0.125503,0.282115,0.300393,0.156388,0.253104,0.176909,0.175110,0.248147,0.056668,0.179634,0.219656,0.258000,0.163449
733,3.054167,0.322456,0.369299,0.125507,0.282113,0.300394,0.156390,0.253105,0.176908,0.175110,0.248147,0.056669,0.179632,0.219657,0.258000,0.163450
734,3.058333,0.322457,0.369303,0.125512,0.282115,0.300396,0.156391,0.253106,0.176909,0.175111,0.248147,0.056667,0.179629,0.219656,0.258002,0.163448
735,3.062500,0.322459,0.369295,0.125528,0.282114,0.300396,0.156396,0.253107,0.176909,0.175107,0.248149,0.056667,0.179631,0.219656,0.257999,0.163447
736,3.066667,0.322461,0.369296,0.125540,0.282113,0.300398,0.156402,0.253104,0.176909,0.175110,0.248147,0.056667,0.179630,0.219655,0.257999,0.163448
737,3.070833,0.322463,0.369298,0.125551,0.282113,0.300398,0.156404,0.253102,0.176909,0.175109,0.248147,0.056663,0.179628,0.219654,0.257999,0.163443
738,3.075000,0.322468,0.369301,0.125561,0.282110,0.300399,0.156408,0.253104,0.176909,0.175109,0.248148,0.056665,0.179626,0.219652,0.257998,0.163440
739,3.079167,0.322490,0.369300,0.125584,0.282109,0.300398,0.156412,0.253104,0.176907,0.175106,0.248148,0.056664,0.179625,0.219651,0.257999,0.163436
740,3.083333,0.322495,0.369300,0.125601,0.282108,0.300399,0.156417,0.253103,0.176911,0.175107,0.248148,0.056669,0.179625,0.219650,0.257997,0.163433
741,3.087500,0.322501,0.369302,0.125614,0.282108,0.300400,0.156421,0.253100,0.176910,0.175111,0.248149,0.056667,0.179627,0.219648,0.257995,0.163429
742,3.091667,0.322508,0.369300,0.125632,0.282104,0.300400,0.156426,0.253097,0.176911,0.175109,0.248146,0.056669,0.179629,0.219645,0.257996,0.163426
743,3.095833,0.322515,0.369298,0.125646,0.282102,0.300401,0.156431,0.253100,0.176911,0.175104,0.248149,0.056667,0.179626,0.219645,0.257996,0.163420
744,3.100000,0.322518,0.369295,0.125668,0.282101,0.300399,0.156436,0.253097,0.176913,0.175104,0.248150,0.056669,0.179622,0.219641,0.257996,0.163414
745,3.104167,0.322527,0.369296,0.125685,0.282101,0.300401,0.156442,0.253095,0.176912,0.175102,0.248149,0.056667,0.179622,0.219639,0.257996,0.163408
746,3.108333,0.322535,0.369294,0.125702,0.282098,0.300400,0.156448,0.253091,0.176915,0.175103,0.248148,0.056667,0.179623,0.219636,0.257996,0.163404
747,3.112500,0.322544,0.369290,0.125718,0.282098,0.300402,0.156454,0.253089,0.176915,0.175104,0.248152,0.056667,0.179619,0.219633,0.257995,0.163398
748,3.116667,0.322561,0.369289,0.125721,0.282095,0.300402,0.156459,0.253089,0.176917,0.175098,0.248154,0.056668,0.179616,0.219632,0.257994,0.163394
749,3.120833,0.322580,0.369283,0.125730,0.282095,0.300402,0.156464,0.253085,0.176919,0.175099,0.248152,0.056668,0.179618,0.219627,0.257994,0.163387
750,3.125000,0.322590,0.369281,0.125742,0.282092,0.300402,0.156467,0.253084,0.176919,0.175096,0.248153,0.056669,0.179616,0.219625,0.257994,0.163382
751,3.129167,0.322620,0.369269,0.125761,0.282090,0.300400,0.156474,0.253085,0.176918,0.175094,0.248154,0.056668,0.179615,0.219622,0.257993,0.163374
752,3.133333,0.322627,0.369265,0.125772,0.282087,0.300400,0.156478,0.253080,0.176920,0.175094,0.248153,0.056669,0.179614,0.219619,0.257993,0.163371
753,3.137500,0.322637,0.369261,0.125783,0.282087,0.300400,0.156480,0.253078,0.176923,0.175096,0.248155,0.056668,0.179615,0.219616,0.257994,0.163366
754,3.141667,0.322646,0.369256,0.125794,0.282085,0.300399,0.156482,0.253078,0.176922,0.175093,0.248155,0.056669,0.179615,0.219613,0.257993,0.163361
755,3.145833,0.322652,0.369253,0.125804,0.282085,0.300398,0.156485,0.253075,0.176922,0.175094,0.248154,0.056670,0.179612,0.219612,0.257991,0.163354
756,3.150000,0.322662,0.369250,0.125813,0.282085,0.300398,0.156488,0.253078,0.176922,0.175091,0.248155,0.056671,0.179612,0.219612,0.257993,0.163352
757,3.154167,0.322667,0.369247,0.125821,0.282083,0.300399,0.156492,0.253073,0.176925,0.175091,0.248156,0.056671,0.179612,0.219608,0.257990,0.163347
758,3.158333,0.322678,0.369240,0.125838,0.282082,0.300398,0.156492,0.253073,0.176924,0.175089,0.248156,0.056669,0.179610,0.219608,0.257992,0.163346
759,3.162500,0.322683,0.369235,0.125844,0.282082,0.300398,0.156493,0.253072,0.176922,0.175088,0.248154,0.056671,0.179615,0.219607,0.257991,0.163343
760,3.166667,0.322687,0.369234,0.125846,0.282076,0.300398,0.156506,0.253072,0.176923,0.175087,0.248159,0.056670,0.179610,0.219604,0.257989,0.163341
761,3.170833,0.322692,0.369233,0.125849,0.282082,0.300397,0.156495,0.253071,0.176925,0.175083,0.248157,0.056669,0.179613,0.219604,0.257990,0.163340
762,3.175000,0.322694,0.369230,0.125851,0.282081,0.300397,0.156495,0.253070,0.176923,0.175089,0.248158,0.056670,0.179611,0.219603,0.257989,0.163337
763,3.179167,0.322695,0.369228,0.125853,0.282080,0.300396,0.156494,0.253071,0.176923,0.175085,0.248160,0.056671,0.179612,0.219603,0.257990,0.163339
764,3.183333,0.322698,0.369228,0.125852,0.282080,0.300394,0.156490,0.253073,0.176924,0.175083,0.248158,0.056671,0.179615,0.219603,0.257990,0.163341
765,3.187500,0.322696,0.369227,0.125846,0.282082,0.300394,0.156489,0.253074,0.176923,0.175086,0.248162,0.056669,0.179611,0.219603,0.257990,0.163341
766,3.191667,0.322694,0.369226,0.125842,0.282082,0.300392,0.156488,0.253074,0.176922,0.175090,0.248159,0.056669,0.179612,0.219604,0.257992,0.163344
767,3.195833,0.322692,0.369224,0.125835,0.282083,0.300393,0.156486,0.253074,0.176923,0.175087,0.248161,0.056668,0.179612,0.219605,0.257991,0.163345
768,3.200000,0.322691,0.369224,0.125829,0.282084,0.300393,0.156484,0.253073,0.176923,0.175092,0.248159,0.056669,0.179613,0.219607,0.257991,0.163347
769,3.204167,0.322681,0.369229,0.125808,0.282085,0.300393,0.156482,0.253073,0.176920,0.175087,0.248160,0.056670,0.179614,0.219608,0.257991,0.163350
770,3.208333,0.322675,0.369230,0.125798,0.282087,0.300393,0.156477,0.253073,0.176922,0.175090,0.248159,0.056669,0.179616,0.219609,0.257992,0.163354
771,3.212500,0.322671,0.369231,0.125788,0.282088,0.300392,0.156473,0.253077,0.176921,0.175088,0.248157,0.056669,0.179618,0.219611,0.257994,0.163357
772,3.216667,0.322664,0.369231,0.125774,0.282090,0.300392,0.156470,0.253078,0.176918,0.175090,0.248158,0.056669,0.179618,0.219615,0.257995,0.163364
773,3.220833,0.322657,0.369234,0.125763,0.282092,0.300392,0.156467,0.253077,0.176920,0.175093,0.248160,0.056668,0.179618,0.219616,0.257994,0.163368
774,3.225000,0.322643,0.369238,0.125761,0.282095,0.300393,0.156463,0.253081,0.176922,0.175091,0.248158,0.056670,0.179618,0.219620,0.257993,0.163372
775,3.229167,0.322641,0.369240,0.125738,0.282094,0.300393,0.156458,0.253082,0.176918,0.175097,0.248158,0.056669,0.179619,0.219622,0.257994,0.163378
776,3.233333,0.322619,0.369239,0.125723,0.282098,0.300391,0.156453,0.253082,0.176918,0.175098,0.248155,0.056670,0.179623,0.219625,0.257994,0.163381
777,3.237500,0.322610,0.369242,0.125707,0.282099,0.300393,0.156448,0.253086,0.176917,0.175099,0.248155,0.056672,0.179624,0.219629,0.257995,0.163385
778,3.241667,0.322602,0.369244,0.125694,0.282102,0.300393,0.156445,0.253087,0.176916,0.175100,0.248157,0.056667,0.179625,0.219630,0.257997,0.163393
779,3.245833,0.322594,0.369245,0.125681,0.282102,0.300391,0.156439,0.253086,0.176914,0.175105,0.248155,0.056669,0.179623,0.219635,0.257995,0.163398
780,3.250000,0.322578,0.369250,0.125668,0.282106,0.300391,0.156436,0.253089,0.176914,0.175101,0.248156,0.056668,0.179626,0.219637,0.257996,0.163405
781,3.254167,0.322570,0.369253,0.125652,0.282108,0.300392,0.156431,0.253093,0.176914,0.175102,0.248154,0.056669,0.179625,0.219639,0.257997,0.163408
782,3.258333,0.322560,0.369255,0.125639,0.282109,0.300392,0.156425,0.253094,0.176913,0.175103,0.248152,0.056668,0.179626,0.219641,0.257999,0.163411
783,3.262500,0.322554,0.369258,0.125623,0.282111,0.300392,0.156422,0.253095,0.176911,0.175104,0.248153,0.056667,0.179625,0.219645,0.257999,0.163415
784,3.266667,0.322539,0.369268,0.125614,0.282114,0.300392,0.156417,0.253096,0.176911,0.175107,0.248148,0.056668,0.179629,0.219648,0.257998,0.163421
785,3.270833,0.322533,0.369272,0.125605,0.282115,0.300392,0.156413,0.253097,0.176909,0.175108,0.248149,0.056669,0.179631,0.219649,0.257998,0.163425
786,3.275000,0.322525,0.369274,0.125594,0.282116,0.300393,0.156411,0.253100,0.176908,0.175106,0.248150,0.056668,0.179628,0.219651,0.258001,0.163432
787,3.279167,0.322518,0.369276,0.125584,0.282118,0.300392,0.156409,0.253097,0.176908,0.175111,0.248149,0.056667,0.179632,0.219653,0.257998,0.163431
788,3.283333,0.322513,0.369277,0.125576,0.282118,0.300391,0.156406,0.253102,0.176907,0.175108,0.248149,0.056665,0.179632,0.219654,0.257998,0.163436
789,3.287500,0.322510,0.369281,0.125571,0.282120,0.300393,0.156404,0.253103,0.176908,0.175109,0.248149,0.056666,0.179630,0.219656,0.257999,0.163440
790,3.291667,0.322505,0.369282,0.125564,0.282120,0.300392,0.156401,0.253103,0.176904,0.175113,0.248148,0.056666,0.179631,0.219657,0.257999,0.163442
791,3.295833,0.322500,0.369282,0.125560,0.282121,0.300392,0.156400,0.253102,0.176907,0.175112,0.248148,0.056668,0.179630,0.219658,0.258000,0.163444
792,3.300000,0.322484,0.369284,0.125546,0.282122,0.300392,0.156399,0.253103,0.176908,0.175109,0.248147,0.056667,0.179629,0.219660,0.258001,0.163443
793,3.304167,0.322500,0.369285,0.125555,0.282120,0.300394,0.156401,0.253104,0.176908,0.175110,0.248147,0.056665,0.179630,0.219659,0.258000,0.163443
794,3.308333,0.322497,0.369284,0.125555,0.282121,0.300393,0.156399,0.253104,0.176906,0.175113,0.248148,0.056664,0.179629,0.219658,0.257996,0.163443
795,3.312500,0.322496,0.369284,0.125555,0.282120,0.300392,0.156401,0.253102,0.176905,0.175113,0.248148,0.056666,0.179631,0.219658,0.257999,0.163444
796,3.316667,0.322481,0.369284,0.125546,0.282120,0.300393,0.156400,0.253102,0.176906,0.175109,0.248148,0.056665,0.179628,0.219658,0.257999,0.163441
797,3.320833,0.322498,0.369284,0.125559,0.282119,0.300392,0.156401,0.253101,0.176905,0.175110,0.248147,0.056664,0.179629,0.219655,0.257998,0.163440
798,3.325000,0.322501,0.369282,0.125565,0.282116,0.300392,0.156403,0.253102,0.176907,0.175106,0.248148,0.056667,0.179627,0.219655,0.257997,0.163436
799,3.329167,0.322504,0.369280,0.125572,0.282118,0.300392,0.156405,0.253099,0.176908,0.175108,0.248148,0.056667,0.179628,0.219655,0.257999,0.163439
800,3.333333,0.322508,0.369281,0.125578,0.282114,0.300393,0.156407,0.253099,0.176908,0.175106,0.248148,0.056665,0.179631,0.219651,0.257997,0.163433
801,3.337500,0.322512,0.369277,0.125587,0.282113,0.300392,0.156408,0.253096,0.176910,0.175104,0.248146,0.056669,0.179626,0.219650,0.257997,0.163431
802,3.341667,0.322519,0.369277,0.125597,0.282112,0.300393,0.156413,0.253097,0.176909,0.175105,0.248148,0.056666,0.179626,0.219650,0.258000,0.163429
803,3.345833,0.322524,0.369276,0.125608,0.282110,0.300393,0.156415,0.253095,0.176908,0.175103,0.248150,0.056667,0.179630,0.219647,0.257997,0.163423
804,3.350000,0.322530,0.369271,0.125618,0.282108,0.300392,0.156418,0.253094,0.176909,0.175103,0.248147,0.056667,0.179624,0.219644,0.257996,0.163421
805,3.354167,0.322537,0.369267,0.125631,0.282106,0.300392,0.156422,0.253090,0.176911,0.175100,0.248148,0.056664,0.179627,0.219640,0.257996,0.163415
806,3.358333,0.322545,0.369264,0.125642,0.282104,0.300394,0.156424,0.253089,0.176912,0.175104,0.248149,0.056665,0.179622,0.219638,0.257997,0.163409
807,3.362500,0.322557,0.369257,0.125653,0.282103,0.300392,0.156428,0.253088,0.176911,0.175098,0.248147,0.056672,0.179622,0.219636,0.257995,0.163402
808,3.366667,0.322564,0.369254,0.125664,0.282099,0.300393,0.156433,0.253085,0.176911,0.175097,0.248146,0.056669,0.179625,0.219632,0.257993,0.163397
809,3.370833,0.322570,0.369253,0.125678,0.282096,0.300392,0.156435,0.253083,0.176913,0.175097,0.248147,0.056667,0.179620,0.219629,0.257993,0.163393
810,3.375000,0.322586,0.369250,0.125687,0.282094,0.300393,0.156440,0.253083,0.176917,0.175094,0.248148,0.056667,0.179620,0.219625,0.257994,0.163387
811,3.379167,0.322593,0.369250,0.125700,0.282092,0.300393,0.156443,0.253081,0.176917,0.175094,0.248150,0.056666,0.179619,0.219624,0.257992,0.163382
812,3.383333,0.322599,0.369249,0.125712,0.282090,0.300394,0.156447,0.253078,0.176916,0.175092,0.248149,0.056668,0.179619,0.219621,0.257993,0.163378
813,3.387500,0.322605,0.369247,0.125721,0.282089,0.300395,0.156449,0.253078,0.176918,0.175093,0.248152,0.056668,0.179614,0.219620,0.257993,0.163375
814,3.391667,0.322620,0.369248,0.125725,0.282088,0.300394,0.156454,0.253079,0.176920,0.175091,0.248152,0.056668,0.179615,0.219616,0.257993,0.163369
815,3.395833,0.322632,0.369245,0.125744,0.282086,0.300394,0.156458,0.253077,0.176917,0.175088,0.248151,0.056669,0.179616,0.219614,0.257990,0.163364
816,3.400000,0.322636,0.369245,0.125756,0.282084,0.300394,0.156459,0.253077,0.176919,0.175086,0.248153,0.056671,0.179609,0.219612,0.257989,0.163362
817,3.404167,0.322643,0.369246,0.125763,0.282084,0.300395,0.156463,0.253074,0.176918,0.175089,0.248153,0.056672,0.179611,0.219611,0.257991,0.163360
818,3.408333,0.322647,0.369244,0.125772,0.282082,0.300394,0.156463,0.253074,0.176923,0.175084,0.248152,0.056671,0.179615,0.219609,0.257990,0.163356
819,3.412500,0.322650,0.369242,0.125778,0.282080,0.300393,0.156467,0.253074,0.176921,0.175088,0.248153,0.056669,0.179610,0.219609,0.257988,0.163358
820,3.416667,0.322653,0.369241,0.125785,0.282080,0.300394,0.156469,0.253075,0.176922,0.175085,0.248155,0.056670,0.179608,0.219609,0.257987,0.163353
821,3.420833,0.322655,0.369242,0.125788,0.282081,0.300396,0.156472,0.253074,0.176921,0.175085,0.248156,0.056669,0.179610,0.219608,0.257989,0.163351
822,3.425000,0.322657,0.369242,0.125793,0.282080,0.300396,0.156473,0.253076,0.176924,0.175084,0.248156,0.056669,0.179608,0.219609,0.257988,0.163349
823,3.429167,0.322657,0.369241,0.125794,0.282079,0.300395,0.156474,0.253078,0.176922,0.175083,0.248156,0.056666,0.179610,0.219608,0.257987,0.163348
824,3.433333,0.322658,0.369243,0.125795,0.282079,0.300395,0.156475,0.253076,0.176924,0.175083,0.248155,0.056668,0.179610,0.219608,0.257989,0.163350
825,3.437500,0.322658,0.369245,0.125793,0.282079,0.300399,0.156477,0.253077,0.176923,0.175078,0.248156,0.056669,0.179606,0.219608,0.257989,0.163349
826,3.441667,0.322656,0.369246,0.125793,0.282079,0.300398,0.156478,0.253076,0.176921,0.175083,0.248156,0.056669,0.179608,0.219609,0.257989,0.163350
827,3.445833,0.322651,0.369245,0.125793,0.282080,0.300397,0.156477,0.253074,0.176920,0.175085,0.248156,0.056669,0.179607,0.219606,0.257988,0.163352
