0,0.000000,0.393579,0.177408,0.191084,0.331287,0.220835,0.183505,0.267432,0.161251,0.180346,0.248289,0.056761,0.179784,0.269050,0.245587,0.177837
1,0.004167,0.393581,0.177406,0.191083,0.331287,0.220833,0.183505,0.267432,0.161250,0.180344,0.248292,0.056758,0.179783,0.269049,0.245587,0.177836
2,0.008333,0.393580,0.177403,0.191087,0.331284,0.220860,0.183488,0.267435,0.161250,0.180339,0.248290,0.056761,0.179781,0.269052,0.245588,0.177834
3,0.012500,0.393576,0.177400,0.191088,0.331286,0.220832,0.183506,0.267434,0.161249,0.180341,0.248288,0.056759,0.179785,0.269052,0.245586,0.177835
4,0.016667,0.393574,0.177399,0.191086,0.331279,0.220860,0.183491,0.267432,0.161249,0.180343,0.248292,0.056760,0.179784,0.269044,0.245589,0.177826
5,0.020833,0.393573,0.177396,0.191089,0.331283,0.220859,0.183491,0.267434,0.161248,0.180339,0.248292,0.056758,0.179783,0.269051,0.245587,0.177831
6,0.025000,0.393572,0.177390,0.191090,0.331285,0.220828,0.183507,0.267433,0.161249,0.180337,0.248291,0.056757,0.179784,0.269052,0.245586,0.177831
7,0.029167,0.393565,0.177387,0.191095,0.331281,0.220827,0.183506,0.267430,0.161250,0.180345,0.248289,0.056758,0.179784,0.269044,0.245589,0.177824
8,0.033333,0.393560,0.177381,0.191098,0.331284,0.220826,0.183505,0.267433,0.161246,0.180340,0.248291,0.056757,0.179783,0.269051,0.245584,0.177830
9,0.037500,0.393555,0.177375,0.191101,0.331281,0.220824,0.183507,0.267430,0.161247,0.180343,0.248292,0.056756,0.179786,0.269048,0.245584,0.177834
10,0.041667,0.393548,0.177370,0.191105,0.331280,0.220823,0.183506,0.267430,0.161250,0.180336,0.248291,0.056757,0.179784,0.269044,0.245589,0.177825
11,0.045833,0.393541,0.177366,0.191106,0.331278,0.220852,0.183490,0.267428,0.161251,0.180343,0.248290,0.056756,0.179791,0.269042,0.245590,0.177826
12,0.050000,0.393536,0.177361,0.191107,0.331281,0.220823,0.183504,0.267427,0.161249,0.180343,0.248291,0.056756,0.179790,0.269042,0.245587,0.177825
13,0.054167,0.393529,0.177356,0.191111,0.331277,0.220822,0.183502,0.267427,0.161250,0.180346,0.248288,0.056757,0.179789,0.269041,0.245590,0.177824
14,0.058333,0.393524,0.177350,0.191113,0.331278,0.220821,0.183501,0.267428,0.161250,0.180339,0.248290,0.056757,0.179787,0.269043,0.245591,0.177823
15,0.062500,0.393520,0.177344,0.191113,0.331275,0.220820,0.183503,0.267426,0.161252,0.180339,0.248289,0.056757,0.179788,0.269047,0.245587,0.177831
16,0.066667,0.393512,0.177341,0.191115,0.331276,0.220820,0.183503,0.267426,0.161252,0.180333,0.248289,0.056757,0.179786,0.269041,0.245590,0.177824
17,0.070833,0.393507,0.177336,0.191116,0.331273,0.220819,0.183501,0.267426,0.161252,0.180334,0.248289,0.056757,0.179785,0.269046,0.245587,0.177831
18,0.075000,0.393502,0.177332,0.191116,0.331271,0.220818,0.183502,0.267428,0.161251,0.180330,0.248290,0.056756,0.179787,0.269037,0.245588,0.177822
19,0.079167,0.393499,0.177329,0.191115,0.331269,0.220817,0.183501,0.267425,0.161250,0.180335,0.248292,0.056756,0.179788,0.269044,0.245586,0.177832
20,0.083333,0.393496,0.177325,0.191113,0.331271,0.220816,0.183499,0.267427,0.161252,0.180337,0.248292,0.056755,0.179785,0.269039,0.245589,0.177822
21,0.087500,0.393494,0.177320,0.191113,0.331269,0.220817,0.183502,0.267426,0.161251,0.180341,0.248291,0.056754,0.179786,0.269038,0.245589,0.177822
22,0.091667,0.393492,0.177318,0.191112,0.331269,0.220816,0.183503,0.267424,0.161250,0.180340,0.248292,0.056754,0.179788,0.269044,0.245586,0.177830
23,0.095833,0.393486,0.177314,0.191111,0.331269,0.220817,0.183503,0.267426,0.161252,0.180334,0.248293,0.056755,0.179788,0.269035,0.245589,0.177826
24,0.100000,0.393485,0.177312,0.191109,0.331269,0.220816,0.183503,0.267426,0.161251,0.180334,0.248294,0.056754,0.179792,0.269038,0.245590,0.177824
25,0.104167,0.393481,0.177310,0.191107,0.331266,0.220816,0.183505,0.267423,0.161252,0.180338,0.248292,0.056755,0.179791,0.269037,0.245590,0.177828
26,0.108333,0.393480,0.177310,0.191105,0.331267,0.220816,0.183506,0.267424,0.161250,0.180337,0.248293,0.056755,0.179790,0.269036,0.245591,0.177829
27,0.112500,0.393479,0.177309,0.191105,0.331268,0.220815,0.183505,0.267422,0.161252,0.180343,0.248292,0.056754,0.179790,0.269035,0.245589,0.177829
28,0.116667,0.393478,0.177309,0.191103,0.331264,0.220817,0.183507,0.267420,0.161249,0.180347,0.248291,0.056753,0.179792,0.269042,0.245587,0.177837
29,0.120833,0.393479,0.177307,0.191101,0.331266,0.220817,0.183509,0.267423,0.161252,0.180341,0.248292,0.056755,0.179794,0.269040,0.245586,0.177839
30,0.125000,0.393481,0.177309,0.191101,0.331267,0.220815,0.183509,0.267422,0.161252,0.180342,0.248295,0.056754,0.179789,0.269042,0.245587,0.177843
31,0.129167,0.393482,0.177311,0.191099,0.331266,0.220815,0.183512,0.267419,0.161251,0.180347,0.248290,0.056754,0.179791,0.269035,0.245589,0.177836
32,0.133333,0.393485,0.177310,0.191097,0.331266,0.220815,0.183513,0.267422,0.161250,0.180344,0.248291,0.056754,0.179793,0.269042,0.245586,0.177845
33,0.137500,0.393492,0.177311,0.191097,0.331268,0.220814,0.183512,0.267424,0.161251,0.180349,0.248291,0.056752,0.179792,0.269036,0.245588,0.177841
34,0.141667,0.393494,0.177314,0.191095,0.331270,0.220815,0.183515,0.267427,0.161251,0.180346,0.248291,0.056753,0.179790,0.269045,0.245586,0.177847
35,0.145833,0.393498,0.177318,0.191094,0.331271,0.220815,0.183514,0.267425,0.161250,0.180347,0.248293,0.056753,0.179788,0.269045,0.245585,0.177849
36,0.150000,0.393501,0.177319,0.191094,0.331270,0.220815,0.183517,0.267427,0.161252,0.180348,0.248293,0.056753,0.179789,0.269046,0.245585,0.177847
37,0.154167,0.393504,0.177325,0.191093,0.331272,0.220815,0.183521,0.267427,0.161251,0.180348,0.248292,0.056752,0.179791,0.269038,0.245587,0.177842
38,0.158333,0.393508,0.177326,0.191096,0.331270,0.220815,0.183524,0.267427,0.161249,0.180347,0.248291,0.056753,0.179791,0.269047,0.245586,0.177851
39,0.162500,0.393513,0.177330,0.191097,0.331271,0.220816,0.183524,0.267428,0.161248,0.180350,0.248290,0.056750,0.179791,0.269046,0.245583,0.177851
40,0.166667,0.393516,0.177336,0.191096,0.331273,0.220815,0.183526,0.267425,0.161247,0.180360,0.248287,0.056755,0.179792,0.269046,0.245583,0.177855
41,0.170833,0.393519,0.177340,0.191101,0.331273,0.220816,0.183525,0.267426,0.161247,0.180358,0.248287,0.056754,0.179791,0.269047,0.245582,0.177852
42,0.175000,0.393522,0.177344,0.191101,0.331276,0.220818,0.183525,0.267427,0.161247,0.180356,0.248287,0.056754,0.179790,0.269049,0.245582,0.177855
43,0.179167,0.393525,0.177346,0.191105,0.331276,0.220818,0.183526,0.267428,0.161248,0.180355,0.248288,0.056755,0.179790,0.269050,0.245581,0.177853
44,0.183333,0.393528,0.177349,0.191110,0.331279,0.220817,0.183527,0.267431,0.161243,0.180350,0.248288,0.056755,0.179786,0.269051,0.245582,0.177857
45,0.187500,0.393534,0.177352,0.191111,0.331280,0.220817,0.183529,0.267430,0.161246,0.180352,0.248288,0.056756,0.179788,0.269052,0.245581,0.177854
46,0.191667,0.393539,0.177353,0.191114,0.331280,0.220817,0.183526,0.267431,0.161245,0.180353,0.248290,0.056754,0.179785,0.269054,0.245580,0.177852
47,0.195833,0.393543,0.177357,0.191117,0.331283,0.220818,0.183526,0.267431,0.161245,0.180353,0.248291,0.056753,0.179782,0.269055,0.245581,0.177853
48,0.200000,0.393547,0.177359,0.191119,0.331285,0.220816,0.183526,0.267434,0.161245,0.180351,0.248290,0.056753,0.179785,0.269055,0.245580,0.177850
49,0.204167,0.393551,0.177362,0.191123,0.331284,0.220817,0.183530,0.267433,0.161243,0.180348,0.248287,0.056752,0.179785,0.269056,0.245581,0.177849
50,0.208333,0.393553,0.177365,0.191127,0.331283,0.220815,0.183526,0.267432,0.161243,0.180347,0.248288,0.056751,0.179781,0.269057,0.245580,0.177848
51,0.212500,0.393553,0.177366,0.191131,0.331282,0.220815,0.183526,0.267432,0.161242,0.180342,0.248287,0.056752,0.179781,0.269055,0.245578,0.177847
52,0.216667,0.393555,0.177370,0.191134,0.331282,0.220816,0.183526,0.267428,0.161246,0.180344,0.248286,0.056756,0.179786,0.269057,0.245582,0.177844
53,0.220833,0.393556,0.177370,0.191137,0.331281,0.220817,0.183528,0.267432,0.161245,0.180342,0.248283,0.056757,0.179783,0.269058,0.245582,0.177842
54,0.225000,0.393554,0.177371,0.191137,0.331282,0.220817,0.183528,0.267429,0.161246,0.180347,0.248286,0.056755,0.179780,0.269058,0.245581,0.177839
55,0.229167,0.393557,0.177369,0.191140,0.331282,0.220817,0.183527,0.267431,0.161246,0.180347,0.248285,0.056754,0.179782,0.269058,0.245581,0.177835
56,0.233333,0.393555,0.177367,0.191143,0.331283,0.220816,0.183526,0.267431,0.161245,0.180344,0.248284,0.056755,0.179780,0.269057,0.245582,0.177835
57,0.237500,0.393554,0.177367,0.191147,0.331282,0.220816,0.183526,0.267429,0.161247,0.180338,0.248286,0.056754,0.179781,0.269058,0.245581,0.177832
58,0.241667,0.393552,0.177363,0.191150,0.331282,0.220816,0.183526,0.267430,0.161247,0.180338,0.248290,0.056757,0.179781,0.269058,0.245580,0.177829
59,0.245833,0.393549,0.177361,0.191155,0.331281,0.220815,0.183524,0.267432,0.161247,0.180333,0.248289,0.056755,0.179780,0.269057,0.245581,0.177828
60,0.250000,0.393546,0.177359,0.191158,0.331281,0.220816,0.183523,0.267431,0.161247,0.180335,0.248291,0.056754,0.179777,0.269057,0.245583,0.177825
61,0.254167,0.393540,0.177357,0.191163,0.331279,0.220816,0.183524,0.267433,0.161245,0.180336,0.248291,0.056753,0.179780,0.269056,0.245580,0.177823
62,0.258333,0.393534,0.177354,0.191166,0.331280,0.220816,0.183522,0.267430,0.161246,0.180331,0.248290,0.056753,0.179778,0.269047,0.245585,0.177814
63,0.262500,0.393529,0.177352,0.191171,0.331277,0.220815,0.183522,0.267428,0.161245,0.180333,0.248290,0.056755,0.179781,0.269054,0.245582,0.177820
64,0.266667,0.393524,0.177349,0.191175,0.331276,0.220816,0.183521,0.267429,0.161244,0.180330,0.248289,0.056751,0.179784,0.269046,0.245584,0.177814
65,0.270833,0.393518,0.177346,0.191178,0.331273,0.220815,0.183520,0.267428,0.161245,0.180329,0.248288,0.056753,0.179782,0.269043,0.245583,0.177814
66,0.275000,0.393512,0.177346,0.191178,0.331273,0.220816,0.183520,0.267426,0.161247,0.180329,0.248289,0.056754,0.179783,0.269042,0.245585,0.177812
67,0.279167,0.393506,0.177341,0.191181,0.331272,0.220815,0.183519,0.267428,0.161248,0.180327,0.248290,0.056753,0.179787,0.269041,0.245589,0.177814
68,0.283333,0.393502,0.177338,0.191181,0.331270,0.220817,0.183517,0.267425,0.161250,0.180329,0.248289,0.056758,0.179787,0.269042,0.245588,0.177812
69,0.287500,0.393499,0.177333,0.191181,0.331268,0.220817,0.183518,0.267427,0.161249,0.180331,0.248291,0.056756,0.179787,0.269037,0.245588,0.177814
70,0.291667,0.393493,0.177332,0.191180,0.331266,0.220817,0.183516,0.267427,0.161249,0.180332,0.248289,0.056755,0.179789,0.269038,0.245588,0.177813
71,0.295833,0.393491,0.177328,0.191183,0.331264,0.220817,0.183515,0.267424,0.161251,0.180331,0.248289,0.056755,0.179793,0.269038,0.245590,0.177814
72,0.300000,0.393488,0.177323,0.191181,0.331263,0.220817,0.183517,0.267424,0.161250,0.180330,0.248291,0.056753,0.179789,0.269035,0.245588,0.177817
73,0.304167,0.393483,0.177321,0.191180,0.331262,0.220816,0.183517,0.267423,0.161250,0.180334,0.248291,0.056752,0.179794,0.269032,0.245587,0.177821
74,0.308333,0.393480,0.177318,0.191177,0.331263,0.220817,0.183515,0.267426,0.161247,0.180331,0.248292,0.056754,0.179790,0.269031,0.245589,0.177825
75,0.312500,0.393476,0.177316,0.191171,0.331260,0.220817,0.183516,0.267425,0.161249,0.180332,0.248291,0.056752,0.179794,0.269031,0.245590,0.177828
76,0.316667,0.393475,0.177315,0.191167,0.331261,0.220816,0.183515,0.267425,0.161250,0.180331,0.248292,0.056752,0.179790,0.269030,0.245589,0.177830
77,0.320833,0.393474,0.177314,0.191164,0.331261,0.220818,0.183517,0.267422,0.161251,0.180338,0.248289,0.056753,0.179795,0.269030,0.245592,0.177835
78,0.325000,0.393471,0.177312,0.191156,0.331261,0.220818,0.183517,0.267422,0.161250,0.180342,0.248293,0.056752,0.179793,0.269030,0.245590,0.177835
79,0.329167,0.393472,0.177310,0.191148,0.331259,0.220817,0.183516,0.267424,0.161251,0.180342,0.248292,0.056754,0.179795,0.269034,0.245588,0.177846
80,0.333333,0.393470,0.177311,0.191140,0.331259,0.220818,0.183518,0.267422,0.161251,0.180343,0.248292,0.056751,0.179797,0.269029,0.245591,0.177846
81,0.337500,0.393472,0.177313,0.191132,0.331259,0.220817,0.183519,0.267421,0.161253,0.180349,0.248292,0.056755,0.179794,0.269027,0.245591,0.177847
82,0.341667,0.393474,0.177312,0.191123,0.331259,0.220817,0.183522,0.267425,0.161251,0.180347,0.248290,0.056753,0.179794,0.269034,0.245587,0.177856
83,0.345833,0.393475,0.177312,0.191114,0.331260,0.220817,0.183525,0.267420,0.161250,0.180355,0.248292,0.056751,0.179796,0.269035,0.245587,0.177861
84,0.350000,0.393481,0.177312,0.191102,0.331260,0.220816,0.183525,0.267424,0.161249,0.180352,0.248289,0.056752,0.179794,0.269034,0.245585,0.177862
85,0.354167,0.393482,0.177313,0.191091,0.331259,0.220816,0.183528,0.267423,0.161248,0.180354,0.248288,0.056751,0.179796,0.269035,0.245586,0.177862
86,0.358333,0.393489,0.177315,0.191085,0.331260,0.220817,0.183530,0.267420,0.161249,0.180357,0.248290,0.056753,0.179791,0.269037,0.245588,0.177868
87,0.362500,0.393492,0.177316,0.191075,0.331260,0.220816,0.183533,0.267420,0.161248,0.180359,0.248289,0.056753,0.179794,0.269036,0.245587,0.177870
88,0.366667,0.393494,0.177320,0.191068,0.331261,0.220815,0.183535,0.267423,0.161247,0.180360,0.248291,0.056752,0.179791,0.269039,0.245588,0.177871
89,0.370833,0.393497,0.177323,0.191060,0.331263,0.220816,0.183538,0.267423,0.161251,0.180361,0.248288,0.056751,0.179793,0.269039,0.245586,0.177873
90,0.375000,0.393500,0.177325,0.191054,0.331263,0.220815,0.183537,0.267422,0.161249,0.180362,0.248289,0.056755,0.179794,0.269040,0.245586,0.177875
91,0.379167,0.393502,0.177327,0.191053,0.331267,0.220815,0.183542,0.267422,0.161249,0.180368,0.248286,0.056754,0.179792,0.269040,0.245585,0.177878
92,0.383333,0.393504,0.177330,0.191050,0.331266,0.220816,0.183544,0.267423,0.161250,0.180370,0.248288,0.056755,0.179794,0.269040,0.245588,0.177878
93,0.387500,0.393509,0.177334,0.191050,0.331265,0.220815,0.183546,0.267421,0.161248,0.180371,0.248284,0.056756,0.179794,0.269040,0.245586,0.177882
94,0.391667,0.393513,0.177336,0.191048,0.331267,0.220816,0.183546,0.267421,0.161248,0.180373,0.248285,0.056754,0.179796,0.269042,0.245586,0.177882
95,0.395833,0.393515,0.177338,0.191052,0.331266,0.220817,0.183546,0.267421,0.161248,0.180372,0.248285,0.056757,0.179794,0.269042,0.245584,0.177883
96,0.400000,0.393519,0.177342,0.191056,0.331269,0.220816,0.183547,0.267423,0.161249,0.180372,0.248285,0.056758,0.179792,0.269043,0.245584,0.177883
97,0.404167,0.393524,0.177344,0.191058,0.331272,0.220816,0.183546,0.267427,0.161247,0.180367,0.248288,0.056756,0.179791,0.269047,0.245584,0.177878
98,0.408333,0.393529,0.177344,0.191063,0.331272,0.220816,0.183546,0.267427,0.161246,0.180366,0.248287,0.056754,0.179788,0.269048,0.245583,0.177881
99,0.412500,0.393529,0.177347,0.191070,0.331274,0.220816,0.183548,0.267430,0.161245,0.180367,0.248287,0.056755,0.179788,0.269047,0.245584,0.177879
100,0.416667,0.393533,0.177347,0.191081,0.331276,0.220816,0.183546,0.267429,0.161245,0.180365,0.248286,0.056751,0.179789,0.269047,0.245582,0.177878
101,0.420833,0.393533,0.177348,0.191087,0.331275,0.220815,0.183547,0.267431,0.161244,0.180360,0.248287,0.056754,0.179787,0.269049,0.245581,0.177877
102,0.425000,0.393531,0.177347,0.191101,0.331275,0.220814,0.183545,0.267430,0.161245,0.180359,0.248290,0.056751,0.179784,0.269051,0.245582,0.177872
103,0.429167,0.393532,0.177348,0.191111,0.331275,0.220815,0.183544,0.267426,0.161241,0.180360,0.248286,0.056755,0.179783,0.269052,0.245582,0.177872
104,0.433333,0.393530,0.177347,0.191120,0.331277,0.220814,0.183544,0.267429,0.161244,0.180356,0.248287,0.056754,0.179785,0.269049,0.245580,0.177868
105,0.437500,0.393533,0.177346,0.191131,0.331275,0.220814,0.183544,0.267425,0.161246,0.180359,0.248285,0.056752,0.179783,0.269052,0.245581,0.177864
106,0.441667,0.393528,0.177347,0.191140,0.331273,0.220814,0.183542,0.267428,0.161246,0.180357,0.248283,0.056757,0.179784,0.269051,0.245582,0.177859
107,0.445833,0.393530,0.177347,0.191151,0.331273,0.220813,0.183542,0.267426,0.161246,0.180351,0.248285,0.056756,0.179787,0.269048,0.245582,0.177859
108,0.450000,0.393530,0.177346,0.191159,0.331273,0.220814,0.183542,0.267426,0.161248,0.180344,0.248284,0.056756,0.179787,0.269052,0.245582,0.177854
109,0.454167,0.393527,0.177346,0.191168,0.331274,0.220814,0.183539,0.267427,0.161251,0.180342,0.248288,0.056758,0.179781,0.269053,0.245585,0.177847
110,0.458333,0.393526,0.177342,0.191177,0.331272,0.220815,0.183539,0.267426,0.161250,0.180342,0.248290,0.056760,0.179786,0.269052,0.245586,0.177841
111,0.462500,0.393523,0.177343,0.191185,0.331273,0.220813,0.183535,0.267427,0.161249,0.180343,0.248290,0.056757,0.179782,0.269052,0.245586,0.177840
112,0.466667,0.393520,0.177340,0.191194,0.331273,0.220813,0.183535,0.267429,0.161250,0.180338,0.248291,0.056758,0.179786,0.269053,0.245584,0.177834
113,0.470833,0.393515,0.177338,0.191200,0.331270,0.220814,0.183534,0.267426,0.161250,0.180332,0.248288,0.056756,0.179786,0.269044,0.245588,0.177820
114,0.475000,0.393511,0.177336,0.191206,0.331269,0.220813,0.183532,0.267426,0.161250,0.180329,0.248288,0.056756,0.179788,0.269053,0.245585,0.177820
115,0.479167,0.393506,0.177333,0.191214,0.331269,0.220815,0.183533,0.267425,0.161252,0.180324,0.248288,0.056757,0.179787,0.269044,0.245588,0.177812
116,0.483333,0.393501,0.177332,0.191216,0.331268,0.220813,0.183532,0.267426,0.161250,0.180327,0.248288,0.056755,0.179789,0.269043,0.245589,0.177808
117,0.487500,0.393494,0.177328,0.191223,0.331267,0.220815,0.183531,0.267425,0.161250,0.180325,0.248288,0.056755,0.179788,0.269041,0.245589,0.177805
118,0.491667,0.393492,0.177327,0.191223,0.331267,0.220816,0.183528,0.267427,0.161250,0.180324,0.248287,0.056756,0.179785,0.269042,0.245587,0.177801
119,0.495833,0.393488,0.177325,0.191228,0.331270,0.220816,0.183528,0.267427,0.161250,0.180323,0.248289,0.056756,0.179785,0.269041,0.245587,0.177802
120,0.500000,0.393484,0.177321,0.191232,0.331269,0.220815,0.183526,0.267430,0.161250,0.180317,0.248292,0.056756,0.179785,0.269042,0.245589,0.177801
121,0.504167,0.393478,0.177318,0.191232,0.331269,0.220815,0.183527,0.267428,0.161249,0.180315,0.248294,0.056751,0.179782,0.269043,0.245588,0.177799
122,0.508333,0.393474,0.177315,0.191232,0.331267,0.220815,0.183525,0.267428,0.161251,0.180313,0.248294,0.056757,0.179781,0.269043,0.245588,0.177799
123,0.512500,0.393471,0.177310,0.191234,0.331267,0.220813,0.183524,0.267428,0.161251,0.180316,0.248293,0.056754,0.179781,0.269042,0.245589,0.177801
124,0.516667,0.393470,0.177309,0.191231,0.331268,0.220814,0.183523,0.267426,0.161251,0.180317,0.248294,0.056753,0.179780,0.269043,0.245589,0.177798
125,0.520833,0.393467,0.177308,0.191231,0.331265,0.220813,0.183522,0.267425,0.161250,0.180324,0.248292,0.056752,0.179784,0.269041,0.245588,0.177801
126,0.525000,0.393466,0.177305,0.191227,0.331262,0.220812,0.183521,0.267424,0.161249,0.180323,0.248291,0.056753,0.179784,0.269040,0.245588,0.177804
127,0.529167,0.393467,0.177305,0.191225,0.331262,0.220812,0.183522,0.267424,0.161251,0.180315,0.248292,0.056754,0.179783,0.269037,0.245589,0.177806
128,0.533333,0.393467,0.177306,0.191221,0.331261,0.220812,0.183525,0.267423,0.161252,0.180315,0.248292,0.056758,0.179785,0.269037,0.245590,0.177807
129,0.537500,0.393467,0.177306,0.191214,0.331259,0.220812,0.183526,0.267422,0.161253,0.180320,0.248291,0.056757,0.179790,0.269036,0.245590,0.177811
130,0.541667,0.393470,0.177307,0.191205,0.331260,0.220812,0.183525,0.267422,0.161256,0.180329,0.248288,0.056761,0.179790,0.269036,0.245592,0.177813
131,0.545833,0.393472,0.177307,0.191195,0.331261,0.220813,0.183526,0.267422,0.161256,0.180332,0.248290,0.056761,0.179790,0.269035,0.245593,0.177818
132,0.550000,0.393473,0.177308,0.191188,0.331259,0.220814,0.183528,0.267419,0.161259,0.180339,0.248290,0.056763,0.179793,0.269045,0.245592,0.177829
133,0.554167,0.393475,0.177306,0.191180,0.331261,0.220813,0.183531,0.267423,0.161258,0.180341,0.248291,0.056763,0.179791,0.269038,0.245595,0.177825
134,0.558333,0.393477,0.177307,0.191171,0.331261,0.220811,0.183530,0.267425,0.161254,0.180335,0.248292,0.056761,0.179791,0.269045,0.245588,0.177839
135,0.562500,0.393477,0.177305,0.191159,0.331262,0.220812,0.183533,0.267419,0.161254,0.180341,0.248290,0.056758,0.179793,0.269037,0.245590,0.177836
136,0.566667,0.393480,0.177307,0.191145,0.331262,0.220812,0.183535,0.267421,0.161255,0.180341,0.248291,0.056759,0.179792,0.269044,0.245588,0.177844
137,0.570833,0.393481,0.177304,0.191135,0.331265,0.220812,0.183532,0.267424,0.161250,0.180345,0.248290,0.056756,0.179789,0.269046,0.245589,0.177850
138,0.575000,0.393484,0.177304,0.191128,0.331264,0.220812,0.183536,0.267424,0.161251,0.180352,0.248293,0.056757,0.179790,0.269044,0.245585,0.177856
139,0.579167,0.393487,0.177304,0.191117,0.331266,0.220811,0.183537,0.267423,0.161248,0.180351,0.248292,0.056755,0.179788,0.269044,0.245584,0.177861
140,0.583333,0.393489,0.177307,0.191108,0.331267,0.220812,0.183536,0.267427,0.161249,0.180347,0.248291,0.056756,0.179786,0.269046,0.245583,0.177864
141,0.587500,0.393489,0.177306,0.191098,0.331267,0.220813,0.183537,0.267427,0.161248,0.180351,0.248291,0.056756,0.179788,0.269046,0.245584,0.177870
142,0.591667,0.393494,0.177307,0.191093,0.331269,0.220812,0.183540,0.267428,0.161248,0.180351,0.248294,0.056757,0.179783,0.269046,0.245584,0.177874
143,0.595833,0.393496,0.177311,0.191087,0.331270,0.220811,0.183542,0.267426,0.161250,0.180357,0.248289,0.056756,0.179787,0.269048,0.245585,0.177879
144,0.600000,0.393500,0.177311,0.191076,0.331272,0.220811,0.183541,0.267427,0.161253,0.180361,0.248290,0.056757,0.179788,0.269050,0.245585,0.177882
145,0.604167,0.393503,0.177315,0.191067,0.331271,0.220812,0.183544,0.267428,0.161250,0.180361,0.248290,0.056760,0.179785,0.269051,0.245586,0.177884
146,0.608333,0.393507,0.177317,0.191063,0.331271,0.220811,0.183545,0.267424,0.161251,0.180367,0.248287,0.056758,0.179788,0.269049,0.245585,0.177889
147,0.612500,0.393509,0.177319,0.191057,0.331272,0.220809,0.183546,0.267426,0.161248,0.180368,0.248288,0.056755,0.179788,0.269049,0.245583,0.177890
148,0.616667,0.393514,0.177320,0.191054,0.331270,0.220809,0.183550,0.267426,0.161249,0.180369,0.248285,0.056759,0.179790,0.269050,0.245584,0.177892
149,0.620833,0.393518,0.177320,0.191050,0.331271,0.220808,0.183548,0.267426,0.161248,0.180368,0.248286,0.056760,0.179789,0.269050,0.245585,0.177893
150,0.625000,0.393520,0.177320,0.191037,0.331271,0.220807,0.183548,0.267425,0.161249,0.180372,0.248287,0.056756,0.179786,0.269050,0.245585,0.177894
151,0.629167,0.393523,0.177320,0.191036,0.331272,0.220807,0.183547,0.267428,0.161247,0.180371,0.248289,0.056759,0.179791,0.269053,0.245584,0.177895
152,0.633333,0.393523,0.177323,0.191047,0.331271,0.220807,0.183551,0.267428,0.161249,0.180367,0.248288,0.056757,0.179789,0.269052,0.245584,0.177894
153,0.637500,0.393523,0.177323,0.191051,0.331272,0.220807,0.183549,0.267425,0.161251,0.180367,0.248288,0.056760,0.179788,0.269052,0.245585,0.177894
154,0.641667,0.393520,0.177323,0.191054,0.331271,0.220806,0.183551,0.267424,0.161251,0.180371,0.248288,0.056761,0.179788,0.269052,0.245585,0.177891
155,0.645833,0.393521,0.177322,0.191058,0.331272,0.220808,0.183550,0.267425,0.161250,0.180370,0.248287,0.056761,0.179790,0.269053,0.245584,0.177892
156,0.650000,0.393520,0.177321,0.191065,0.331272,0.220806,0.183551,0.267423,0.161251,0.180371,0.248286,0.056762,0.179790,0.269052,0.245586,0.177893
157,0.654167,0.393516,0.177319,0.191074,0.331270,0.220807,0.183549,0.267424,0.161249,0.180368,0.248285,0.056760,0.179788,0.269054,0.245587,0.177890
158,0.658333,0.393513,0.177318,0.191079,0.331271,0.220807,0.183548,0.267426,0.161248,0.180364,0.248286,0.056762,0.179789,0.269053,0.245586,0.177887
159,0.662500,0.393510,0.177316,0.191087,0.331272,0.220806,0.183548,0.267423,0.161248,0.180367,0.248283,0.056762,0.179786,0.269052,0.245584,0.177886
160,0.666667,0.393510,0.177313,0.191097,0.331272,0.220806,0.183546,0.267424,0.161248,0.180363,0.248286,0.056759,0.179789,0.269053,0.245584,0.177883
161,0.670833,0.393507,0.177310,0.191105,0.331271,0.220807,0.183544,0.267427,0.161248,0.180359,0.248286,0.056758,0.179785,0.269051,0.245585,0.177880
162,0.675000,0.393502,0.177308,0.191115,0.331269,0.220808,0.183544,0.267428,0.161247,0.180349,0.248285,0.056757,0.179782,0.269050,0.245583,0.177878
163,0.679167,0.393500,0.177304,0.191123,0.331271,0.220807,0.183544,0.267425,0.161248,0.180353,0.248290,0.056757,0.179785,0.269051,0.245585,0.177872
164,0.683333,0.393498,0.177303,0.191133,0.331268,0.220808,0.183542,0.267430,0.161249,0.180350,0.248294,0.056757,0.179782,0.269050,0.245584,0.177868
165,0.687500,0.393493,0.177302,0.191141,0.331268,0.220809,0.183542,0.267426,0.161250,0.180350,0.248292,0.056757,0.179783,0.269050,0.245586,0.177863
166,0.691667,0.393490,0.177302,0.191151,0.331266,0.220808,0.183541,0.267429,0.161248,0.180344,0.248293,0.056757,0.179784,0.269049,0.245586,0.177860
167,0.695833,0.393485,0.177299,0.191158,0.331266,0.220809,0.183541,0.267429,0.161250,0.180341,0.248292,0.056759,0.179784,0.269049,0.245586,0.177856
168,0.700000,0.393482,0.177298,0.191165,0.331266,0.220809,0.183541,0.267426,0.161252,0.180342,0.248292,0.056760,0.179784,0.269049,0.245586,0.177851
169,0.704167,0.393476,0.177296,0.191172,0.331265,0.220807,0.183540,0.267424,0.161252,0.180340,0.248289,0.056760,0.179787,0.269048,0.245586,0.177848
170,0.708333,0.393473,0.177295,0.191179,0.331262,0.220808,0.183542,0.267425,0.161252,0.180336,0.248293,0.056759,0.179785,0.269047,0.245586,0.177844
171,0.712500,0.393468,0.177293,0.191185,0.331260,0.220807,0.183539,0.267424,0.161251,0.180335,0.248289,0.056759,0.179783,0.269039,0.245590,0.177833
172,0.716667,0.393467,0.177293,0.191193,0.331259,0.220809,0.183542,0.267422,0.161253,0.180331,0.248289,0.056758,0.179786,0.269039,0.245591,0.177829
173,0.720833,0.393463,0.177292,0.191198,0.331260,0.220808,0.183536,0.267423,0.161254,0.180329,0.248289,0.056759,0.179785,0.269039,0.245590,0.177822
174,0.725000,0.393458,0.177291,0.191205,0.331259,0.220810,0.183536,0.267424,0.161254,0.180326,0.248293,0.056758,0.179779,0.269037,0.245591,0.177822
175,0.729167,0.393460,0.177290,0.191210,0.331258,0.220808,0.183535,0.267424,0.161255,0.180321,0.248293,0.056759,0.179782,0.269036,0.245590,0.177819
176,0.733333,0.393458,0.177288,0.191213,0.331256,0.220809,0.183536,0.267425,0.161254,0.180313,0.248294,0.056757,0.179779,0.269037,0.245591,0.177813
177,0.737500,0.393458,0.177288,0.191217,0.331256,0.220808,0.183536,0.267423,0.161253,0.180317,0.248295,0.056757,0.179780,0.269037,0.245592,0.177814
178,0.741667,0.393459,0.177286,0.191218,0.331255,0.220807,0.183536,0.267425,0.161251,0.180321,0.248293,0.056757,0.179781,0.269035,0.245590,0.177813
179,0.745833,0.393456,0.177283,0.191226,0.331256,0.220809,0.183536,0.267423,0.161251,0.180318,0.248295,0.056755,0.179779,0.269038,0.245591,0.177812
180,0.750000,0.393458,0.177288,0.191223,0.331258,0.220807,0.183534,0.267425,0.161251,0.180315,0.248295,0.056754,0.179777,0.269037,0.245592,0.177812
181,0.754167,0.393457,0.177289,0.191224,0.331256,0.220809,0.183537,0.267425,0.161254,0.180317,0.248294,0.056756,0.179781,0.269037,0.245591,0.177813
182,0.758333,0.393457,0.177290,0.191227,0.331258,0.220810,0.183538,0.267426,0.161254,0.180315,0.248293,0.056757,0.179781,0.269037,0.245592,0.177814
183,0.762500,0.393459,0.177295,0.191228,0.331257,0.220809,0.183539,0.267427,0.161252,0.180319,0.248294,0.056755,0.179782,0.269036,0.245591,0.177816
184,0.766667,0.393456,0.177295,0.191228,0.331256,0.220809,0.183539,0.267424,0.161251,0.180319,0.248294,0.056756,0.179781,0.269033,0.245591,0.177818
185,0.770833,0.393460,0.177296,0.191226,0.331258,0.220810,0.183538,0.267428,0.161254,0.180316,0.248293,0.056757,0.179781,0.269036,0.245591,0.177816
186,0.775000,0.393464,0.177296,0.191223,0.331260,0.220810,0.183540,0.267426,0.161250,0.180318,0.248297,0.056754,0.179781,0.269044,0.245587,0.177826
187,0.779167,0.393468,0.177297,0.191219,0.331259,0.220809,0.183541,0.267424,0.161248,0.180322,0.248295,0.056754,0.179780,0.269036,0.245589,0.177824
188,0.783333,0.393468,0.177300,0.191218,0.331260,0.220810,0.183542,0.267427,0.161250,0.180322,0.248295,0.056752,0.179783,0.269037,0.245590,0.177825
189,0.787500,0.393472,0.177301,0.191212,0.331263,0.220810,0.183545,0.267427,0.161247,0.180325,0.248291,0.056753,0.179784,0.269046,0.245586,0.177835
190,0.791667,0.393476,0.177302,0.191204,0.331264,0.220808,0.183544,0.267424,0.161248,0.180330,0.248292,0.056752,0.179782,0.269039,0.245589,0.177831
191,0.795833,0.393480,0.177303,0.191199,0.331264,0.220809,0.183546,0.267427,0.161250,0.180332,0.248293,0.056753,0.179779,0.269040,0.245589,0.177833
192,0.800000,0.393487,0.177303,0.191194,0.331264,0.220810,0.183550,0.267424,0.161251,0.180336,0.248294,0.056753,0.179785,0.269046,0.245587,0.177843
193,0.804167,0.393488,0.177306,0.191186,0.331262,0.220809,0.183552,0.267424,0.161249,0.180337,0.248293,0.056751,0.179783,0.269047,0.245587,0.177846
194,0.808333,0.393492,0.177309,0.191179,0.331265,0.220808,0.183549,0.267424,0.161248,0.180337,0.248290,0.056752,0.179784,0.269046,0.245586,0.177849
195,0.812500,0.393495,0.177310,0.191171,0.331266,0.220809,0.183553,0.267426,0.161248,0.180337,0.248290,0.056755,0.179782,0.269046,0.245585,0.177855
196,0.816667,0.393498,0.177312,0.191164,0.331266,0.220807,0.183555,0.267428,0.161248,0.180340,0.248288,0.056750,0.179785,0.269048,0.245586,0.177856
197,0.820833,0.393501,0.177313,0.191155,0.331263,0.220807,0.183554,0.267425,0.161248,0.180344,0.248289,0.056752,0.179784,0.269050,0.245585,0.177859
198,0.825000,0.393505,0.177314,0.191151,0.331266,0.220808,0.183557,0.267426,0.161244,0.180344,0.248288,0.056751,0.179785,0.269048,0.245584,0.177864
199,0.829167,0.393508,0.177314,0.191143,0.331270,0.220807,0.183559,0.267427,0.161246,0.180348,0.248287,0.056749,0.179789,0.269049,0.245584,0.177867
200,0.833333,0.393507,0.177315,0.191134,0.331269,0.220807,0.183559,0.267429,0.161244,0.180345,0.248289,0.056750,0.179787,0.269051,0.245584,0.177871
201,0.837500,0.393510,0.177315,0.191130,0.331271,0.220808,0.183560,0.267429,0.161245,0.180347,0.248291,0.056749,0.179786,0.269052,0.245583,0.177872
202,0.841667,0.393510,0.177314,0.191126,0.331272,0.220807,0.183561,0.267428,0.161244,0.180352,0.248289,0.056750,0.179788,0.269051,0.245583,0.177877
203,0.845833,0.393509,0.177311,0.191121,0.331271,0.220806,0.183564,0.267428,0.161245,0.180350,0.248288,0.056749,0.179785,0.269050,0.245583,0.177878
204,0.850000,0.393508,0.177313,0.191118,0.331269,0.220806,0.183562,0.267426,0.161245,0.180354,0.248288,0.056753,0.179786,0.269051,0.245583,0.177880
205,0.854167,0.393507,0.177310,0.191117,0.331269,0.220806,0.183562,0.267426,0.161246,0.180359,0.248288,0.056751,0.179788,0.269050,0.245582,0.177884
206,0.858333,0.393508,0.177311,0.191116,0.331269,0.220806,0.183562,0.267424,0.161247,0.180362,0.248285,0.056753,0.179790,0.269049,0.245582,0.177884
207,0.862500,0.393506,0.177309,0.191113,0.331270,0.220806,0.183561,0.267423,0.161245,0.180364,0.248286,0.056753,0.179788,0.269049,0.245582,0.177885
208,0.866667,0.393503,0.177310,0.191115,0.331269,0.220805,0.183561,0.267422,0.161246,0.180366,0.248288,0.056751,0.179788,0.269049,0.245584,0.177892
209,0.870833,0.393505,0.177307,0.191115,0.331268,0.220803,0.183563,0.267425,0.161245,0.180358,0.248285,0.056753,0.179791,0.269049,0.245582,0.177888
210,0.875000,0.393505,0.177304,0.191114,0.331268,0.220803,0.183564,0.267426,0.161247,0.180357,0.248286,0.056755,0.179787,0.269049,0.245583,0.177893
211,0.879167,0.393502,0.177303,0.191116,0.331267,0.220804,0.183566,0.267427,0.161246,0.180351,0.248288,0.056753,0.179790,0.269049,0.245584,0.177891
212,0.883333,0.393497,0.177300,0.191115,0.331266,0.220803,0.183565,0.267425,0.161245,0.180357,0.248286,0.056754,0.179791,0.269049,0.245584,0.177893
213,0.887500,0.393495,0.177298,0.191116,0.331266,0.220802,0.183561,0.267425,0.161248,0.180359,0.248290,0.056752,0.179786,0.269047,0.245584,0.177889
214,0.891667,0.393494,0.177295,0.191119,0.331265,0.220801,0.183563,0.267425,0.161248,0.180359,0.248290,0.056755,0.179786,0.269049,0.245585,0.177885
215,0.895833,0.393489,0.177291,0.191121,0.331263,0.220801,0.183561,0.267422,0.161250,0.180364,0.248290,0.056755,0.179783,0.269047,0.245584,0.177889
216,0.900000,0.393484,0.177289,0.191123,0.331259,0.220801,0.183561,0.267425,0.161247,0.180356,0.248290,0.056753,0.179784,0.269044,0.245584,0.177886
217,0.904167,0.393480,0.177285,0.191128,0.331261,0.220799,0.183562,0.267421,0.161246,0.180349,0.248290,0.056753,0.179784,0.269042,0.245583,0.177886
218,0.908333,0.393475,0.177281,0.191133,0.331257,0.220799,0.183564,0.267422,0.161249,0.180344,0.248290,0.056753,0.179782,0.269041,0.245583,0.177883
219,0.912500,0.393469,0.177279,0.191137,0.331255,0.220799,0.183562,0.267421,0.161249,0.180347,0.248289,0.056756,0.179785,0.269042,0.245584,0.177883
220,0.916667,0.393457,0.177265,0.191151,0.331255,0.220800,0.183560,0.267419,0.161248,0.180355,0.248287,0.056753,0.179786,0.269040,0.245583,0.177882
221,0.920833,0.393461,0.177274,0.191145,0.331254,0.220800,0.183559,0.267420,0.161249,0.180354,0.248290,0.056753,0.179784,0.269040,0.245584,0.177879
222,0.925000,0.393451,0.177259,0.191159,0.331253,0.220800,0.183559,0.267418,0.161251,0.180349,0.248292,0.056757,0.179783,0.269041,0.245586,0.177877
223,0.929167,0.393447,0.177257,0.191164,0.331254,0.220801,0.183560,0.267419,0.161252,0.180351,0.248292,0.056757,0.179783,0.269040,0.245587,0.177878
224,0.933333,0.393444,0.177255,0.191174,0.331251,0.220800,0.183561,0.267420,0.161252,0.180343,0.248292,0.056757,0.179779,0.269039,0.245585,0.177875
225,0.937500,0.393440,0.177255,0.191177,0.331251,0.220800,0.183561,0.267420,0.161252,0.180343,0.248294,0.056756,0.179779,0.269037,0.245585,0.177874
226,0.941667,0.393438,0.177252,0.191184,0.331249,0.220800,0.183560,0.267419,0.161253,0.180343,0.248292,0.056757,0.179783,0.269036,0.245585,0.177873
227,0.945833,0.393435,0.177252,0.191186,0.331247,0.220800,0.183559,0.267420,0.161249,0.180339,0.248294,0.056754,0.179782,0.269036,0.245585,0.177870
228,0.950000,0.393434,0.177251,0.191191,0.331248,0.220801,0.183560,0.267419,0.161251,0.180343,0.248295,0.056753,0.179777,0.269036,0.245584,0.177869
229,0.954167,0.393433,0.177252,0.191197,0.331248,0.220801,0.183560,0.267420,0.161251,0.180346,0.248292,0.056754,0.179785,0.269037,0.245583,0.177863
230,0.958333,0.393432,0.177253,0.191199,0.331245,0.220801,0.183558,0.267420,0.161250,0.180342,0.248295,0.056752,0.179779,0.269035,0.245586,0.177866
231,0.962500,0.393432,0.177253,0.191202,0.331247,0.220801,0.183561,0.267420,0.161251,0.180339,0.248295,0.056755,0.179780,0.269035,0.245586,0.177865
232,0.966667,0.393432,0.177256,0.191205,0.331248,0.220801,0.183561,0.267420,0.161252,0.180339,0.248296,0.056758,0.179784,0.269035,0.245586,0.177865
233,0.970833,0.393431,0.177254,0.191211,0.331247,0.220800,0.183562,0.267422,0.161253,0.180336,0.248292,0.056755,0.179780,0.269035,0.245585,0.177863
234,0.975000,0.393431,0.177255,0.191211,0.331249,0.220801,0.183563,0.267418,0.161254,0.180335,0.248293,0.056755,0.179783,0.269037,0.245587,0.177863
235,0.979167,0.393429,0.177256,0.191215,0.331251,0.220801,0.183564,0.267419,0.161253,0.180336,0.248295,0.056754,0.179783,0.269037,0.245585,0.177859
236,0.983333,0.393431,0.177257,0.191217,0.331251,0.220802,0.183563,0.267419,0.161254,0.180337,0.248293,0.056755,0.179784,0.269039,0.245587,0.177861
237,0.987500,0.393435,0.177260,0.191217,0.331250,0.220802,0.183563,0.267421,0.161251,0.180337,0.248289,0.056752,0.179784,0.269040,0.245586,0.177859
238,0.991667,0.393438,0.177263,0.191218,0.331251,0.220801,0.183566,0.267420,0.161252,0.180338,0.248292,0.056754,0.179778,0.269039,0.245586,0.177861
239,0.995833,0.393444,0.177263,0.191216,0.331251,0.220803,0.183566,0.267420,0.161254,0.180336,0.248292,0.056753,0.179780,0.269041,0.245588,0.177858
240,1.000000,0.393447,0.177269,0.191218,0.331256,0.220803,0.183564,0.267422,0.161253,0.180328,0.248292,0.056753,0.179776,0.269041,0.245585,0.177857
241,1.004167,0.393451,0.177272,0.191218,0.331257,0.220803,0.183566,0.267426,0.161249,0.180333,0.248292,0.056755,0.179780,0.269044,0.245586,0.177857
242,1.008333,0.393456,0.177273,0.191219,0.331256,0.220805,0.183566,0.267425,0.161252,0.180333,0.248292,0.056755,0.179779,0.269045,0.245587,0.177858
243,1.012500,0.393468,0.177289,0.191207,0.331258,0.220803,0.183568,0.267426,0.161251,0.180340,0.248294,0.056752,0.179779,0.269046,0.245585,0.177855
244,1.016667,0.393473,0.177293,0.191204,0.331260,0.220806,0.183567,0.267426,0.161250,0.180336,0.248293,0.056752,0.179781,0.269047,0.245585,0.177856
245,1.020833,0.393475,0.177297,0.191207,0.331263,0.220804,0.183569,0.267427,0.161249,0.180337,0.248293,0.056749,0.179777,0.269049,0.245584,0.177855
246,1.025000,0.393478,0.177299,0.191205,0.331263,0.220805,0.183570,0.267427,0.161248,0.180337,0.248290,0.056754,0.179781,0.269049,0.245582,0.177856
247,1.029167,0.393482,0.177300,0.191207,0.331264,0.220804,0.183571,0.267426,0.161246,0.180341,0.248288,0.056751,0.179783,0.269048,0.245579,0.177857
248,1.033333,0.393485,0.177303,0.191206,0.331266,0.220803,0.183572,0.267429,0.161246,0.180341,0.248289,0.056751,0.179780,0.269051,0.245581,0.177861
249,1.037500,0.393489,0.177306,0.191206,0.331267,0.220803,0.183572,0.267429,0.161245,0.180336,0.248289,0.056754,0.179786,0.269052,0.245582,0.177860
250,1.041667,0.393493,0.177307,0.191204,0.331269,0.220802,0.183571,0.267428,0.161245,0.180342,0.248289,0.056754,0.179781,0.269052,0.245581,0.177862
251,1.045833,0.393498,0.177309,0.191205,0.331270,0.220803,0.183573,0.267428,0.161245,0.180343,0.248287,0.056751,0.179785,0.269054,0.245578,0.177860
252,1.050000,0.393501,0.177310,0.191206,0.331269,0.220801,0.183572,0.267427,0.161244,0.180343,0.248289,0.056751,0.179778,0.269054,0.245581,0.177862
253,1.054167,0.393503,0.177310,0.191208,0.331269,0.220800,0.183571,0.267428,0.161245,0.180343,0.248287,0.056752,0.179786,0.269055,0.245581,0.177860
254,1.058333,0.393506,0.177309,0.191206,0.331271,0.220800,0.183575,0.267424,0.161245,0.180346,0.248287,0.056751,0.179785,0.269056,0.245579,0.177864
255,1.062500,0.393509,0.177308,0.191206,0.331270,0.220799,0.183572,0.267427,0.161244,0.180343,0.248287,0.056751,0.179785,0.269057,0.245579,0.177862
256,1.066667,0.393505,0.177307,0.191209,0.331270,0.220796,0.183573,0.267427,0.161242,0.180342,0.248284,0.056749,0.179789,0.269056,0.245579,0.177866
257,1.070833,0.393511,0.177306,0.191206,0.331270,0.220795,0.183573,0.267426,0.161244,0.180347,0.248284,0.056750,0.179789,0.269058,0.245580,0.177863
258,1.075000,0.393510,0.177308,0.191207,0.331271,0.220795,0.183573,0.267426,0.161242,0.180345,0.248283,0.056753,0.179787,0.269058,0.245579,0.177864
259,1.079167,0.393508,0.177306,0.191206,0.331270,0.220796,0.183572,0.267427,0.161245,0.180347,0.248285,0.056752,0.179787,0.269058,0.245580,0.177866
260,1.083333,0.393509,0.177303,0.191206,0.331271,0.220794,0.183571,0.267428,0.161246,0.180345,0.248285,0.056756,0.179785,0.269059,0.245582,0.177866
261,1.087500,0.393506,0.177303,0.191204,0.331269,0.220796,0.183570,0.267427,0.161243,0.180346,0.248287,0.056755,0.179786,0.269059,0.245580,0.177862
262,1.091667,0.393499,0.177300,0.191206,0.331269,0.220796,0.183571,0.267425,0.161246,0.180347,0.248283,0.056756,0.179785,0.269058,0.245579,0.177865
263,1.095833,0.393499,0.177296,0.191205,0.331270,0.220795,0.183568,0.267430,0.161244,0.180348,0.248284,0.056753,0.179786,0.269058,0.245581,0.177866
264,1.100000,0.393495,0.177291,0.191206,0.331269,0.220795,0.183568,0.267427,0.161242,0.180345,0.248283,0.056753,0.179787,0.269059,0.245578,0.177864
265,1.104167,0.393490,0.177286,0.191205,0.331270,0.220795,0.183567,0.267428,0.161243,0.180343,0.248284,0.056748,0.179786,0.269059,0.245577,0.177865
266,1.108333,0.393484,0.177281,0.191205,0.331271,0.220792,0.183566,0.267427,0.161240,0.180342,0.248285,0.056750,0.179788,0.269059,0.245577,0.177864
267,1.112500,0.393478,0.177276,0.191201,0.331269,0.220793,0.183565,0.267426,0.161240,0.180340,0.248284,0.056748,0.179789,0.269059,0.245577,0.177864
268,1.116667,0.393469,0.177261,0.191211,0.331270,0.220793,0.183566,0.267427,0.161241,0.180338,0.248285,0.056750,0.179786,0.269059,0.245577,0.177862
269,1.120833,0.393463,0.177256,0.191209,0.331266,0.220793,0.183565,0.267426,0.161242,0.180339,0.248285,0.056748,0.179786,0.269058,0.245578,0.177866
270,1.125000,0.393459,0.177253,0.191208,0.331265,0.220791,0.183564,0.267424,0.161243,0.180343,0.248284,0.056750,0.179788,0.269055,0.245577,0.177864
271,1.129167,0.393454,0.177247,0.191207,0.331265,0.220791,0.183562,0.267423,0.161244,0.180343,0.248287,0.056750,0.179782,0.269056,0.245578,0.177862
272,1.133333,0.393450,0.177242,0.191203,0.331263,0.220791,0.183561,0.267420,0.161244,0.180335,0.248286,0.056751,0.179782,0.269054,0.245580,0.177863
273,1.137500,0.393446,0.177243,0.191200,0.331261,0.220789,0.183560,0.267422,0.161246,0.180334,0.248284,0.056751,0.179785,0.269050,0.245580,0.177867
274,1.141667,0.393445,0.177237,0.191202,0.331258,0.220788,0.183561,0.267420,0.161247,0.180335,0.248286,0.056751,0.179786,0.269051,0.245582,0.177864
275,1.145833,0.393441,0.177235,0.191198,0.331255,0.220787,0.183560,0.267419,0.161247,0.180336,0.248284,0.056749,0.179786,0.269050,0.245582,0.177863
276,1.150000,0.393437,0.177232,0.191197,0.331253,0.220787,0.183558,0.267418,0.161247,0.180340,0.248280,0.056748,0.179792,0.269048,0.245582,0.177866
277,1.154167,0.393435,0.177230,0.191192,0.331253,0.220786,0.183558,0.267413,0.161247,0.180347,0.248284,0.056748,0.179793,0.269045,0.245583,0.177865
278,1.158333,0.393432,0.177228,0.191190,0.331250,0.220787,0.183560,0.267414,0.161248,0.180350,0.248283,0.056749,0.179792,0.269044,0.245584,0.177866
279,1.162500,0.393428,0.177225,0.191188,0.331250,0.220788,0.183558,0.267416,0.161251,0.180349,0.248284,0.056750,0.179794,0.269044,0.245587,0.177865
280,1.166667,0.393423,0.177225,0.191185,0.331250,0.220788,0.183555,0.267414,0.161250,0.180345,0.248283,0.056754,0.179794,0.269043,0.245586,0.177866
281,1.170833,0.393420,0.177222,0.191181,0.331248,0.220789,0.183555,0.267414,0.161248,0.180344,0.248287,0.056748,0.179792,0.269041,0.245584,0.177869
282,1.175000,0.393405,0.177218,0.191201,0.331247,0.220789,0.183556,0.267415,0.161249,0.180343,0.248287,0.056752,0.179797,0.269039,0.245584,0.177869
283,1.179167,0.393401,0.177219,0.191199,0.331247,0.220789,0.183560,0.267415,0.161249,0.180342,0.248288,0.056751,0.179795,0.269041,0.245585,0.177868
284,1.183333,0.393400,0.177216,0.191197,0.331247,0.220790,0.183556,0.267413,0.161246,0.180343,0.248288,0.056749,0.179796,0.269039,0.245585,0.177869
285,1.187500,0.393408,0.177218,0.191170,0.331247,0.220790,0.183558,0.267411,0.161251,0.180351,0.248285,0.056747,0.179795,0.269035,0.245584,0.177872
286,1.191667,0.393398,0.177217,0.191185,0.331246,0.220792,0.183559,0.267410,0.161248,0.180347,0.248287,0.056747,0.179797,0.269035,0.245584,0.177872
287,1.195833,0.393395,0.177217,0.191186,0.331245,0.220793,0.183559,0.267412,0.161247,0.180342,0.248285,0.056748,0.179799,0.269034,0.245584,0.177874
288,1.200000,0.393407,0.177222,0.191162,0.331244,0.220793,0.183561,0.267412,0.161250,0.180339,0.248287,0.056745,0.179791,0.269033,0.245585,0.177875
289,1.204167,0.393400,0.177222,0.191178,0.331245,0.220795,0.183562,0.267412,0.161249,0.180342,0.248288,0.056746,0.179793,0.269035,0.245586,0.177875
290,1.208333,0.393410,0.177225,0.191159,0.331245,0.220795,0.183561,0.267413,0.161248,0.180343,0.248288,0.056748,0.179789,0.269034,0.245584,0.177875
291,1.212500,0.393414,0.177231,0.191155,0.331244,0.220795,0.183558,0.267415,0.161249,0.180343,0.248292,0.056746,0.179787,0.269033,0.245585,0.177874
292,1.216667,0.393417,0.177233,0.191154,0.331246,0.220796,0.183558,0.267419,0.161248,0.180344,0.248289,0.056748,0.179789,0.269033,0.245585,0.177874
293,1.220833,0.393424,0.177236,0.191157,0.331246,0.220796,0.183559,0.267417,0.161248,0.180344,0.248290,0.056745,0.179791,0.269032,0.245584,0.177876
294,1.225000,0.393426,0.177243,0.191158,0.331244,0.220796,0.183561,0.267414,0.161244,0.180344,0.248286,0.056746,0.179791,0.269030,0.245583,0.177880
295,1.229167,0.393429,0.177249,0.191157,0.331245,0.220797,0.183562,0.267415,0.161245,0.180343,0.248284,0.056743,0.179789,0.269031,0.245583,0.177878
296,1.233333,0.393435,0.177250,0.191160,0.331246,0.220798,0.183559,0.267418,0.161245,0.180341,0.248287,0.056744,0.179788,0.269032,0.245582,0.177879
297,1.237500,0.393437,0.177256,0.191160,0.331248,0.220798,0.183561,0.267418,0.161247,0.180344,0.248286,0.056748,0.179792,0.269030,0.245583,0.177881
298,1.241667,0.393443,0.177264,0.191165,0.331248,0.220799,0.183562,0.267416,0.161248,0.180346,0.248287,0.056746,0.179787,0.269031,0.245585,0.177880
299,1.245833,0.393447,0.177266,0.191164,0.331251,0.220801,0.183563,0.267415,0.161247,0.180349,0.248286,0.056750,0.179790,0.269033,0.245584,0.177879
300,1.250000,0.393449,0.177271,0.191167,0.331251,0.220800,0.183562,0.267416,0.161248,0.180351,0.248286,0.056748,0.179789,0.269035,0.245584,0.177879
301,1.254167,0.393454,0.177273,0.191168,0.331250,0.220802,0.183562,0.267415,0.161249,0.180347,0.248285,0.056751,0.179789,0.269034,0.245585,0.177880
302,1.258333,0.393465,0.177291,0.191158,0.331253,0.220802,0.183563,0.267415,0.161250,0.180348,0.248285,0.056750,0.179791,0.269035,0.245584,0.177877
303,1.262500,0.393468,0.177295,0.191160,0.331255,0.220802,0.183563,0.267416,0.161246,0.180350,0.248285,0.056752,0.179788,0.269037,0.245584,0.177878
304,1.266667,0.393473,0.177298,0.191163,0.331254,0.220801,0.183566,0.267415,0.161245,0.180343,0.248283,0.056750,0.179785,0.269037,0.245581,0.177878
305,1.270833,0.393479,0.177301,0.191162,0.331255,0.220802,0.183566,0.267418,0.161246,0.180341,0.248286,0.056750,0.179786,0.269038,0.245582,0.177874
306,1.275000,0.393484,0.177306,0.191163,0.331254,0.220802,0.183565,0.267418,0.161248,0.180344,0.248283,0.056747,0.179783,0.269037,0.245582,0.177873
307,1.279167,0.393486,0.177311,0.191165,0.331254,0.220801,0.183566,0.267421,0.161245,0.180339,0.248282,0.056749,0.179784,0.269038,0.245581,0.177873
308,1.283333,0.393489,0.177314,0.191165,0.331257,0.220803,0.183566,0.267419,0.161244,0.180343,0.248284,0.056750,0.179785,0.269038,0.245580,0.177867
309,1.287500,0.393496,0.177316,0.191165,0.331258,0.220802,0.183566,0.267422,0.161245,0.180343,0.248283,0.056748,0.179783,0.269041,0.245581,0.177866
310,1.291667,0.393497,0.177317,0.191169,0.331258,0.220804,0.183567,0.267424,0.161243,0.180335,0.248289,0.056748,0.179779,0.269040,0.245582,0.177862
311,1.295833,0.393496,0.177320,0.191172,0.331258,0.220804,0.183567,0.267424,0.161245,0.180337,0.248286,0.056747,0.179782,0.269041,0.245583,0.177865
312,1.300000,0.393497,0.177319,0.191178,0.331260,0.220803,0.183568,0.267422,0.161243,0.180335,0.248283,0.056748,0.179782,0.269042,0.245582,0.177862
313,1.304167,0.393496,0.177318,0.191181,0.331261,0.220803,0.183568,0.267421,0.161243,0.180334,0.248284,0.056747,0.179783,0.269044,0.245580,0.177858
314,1.308333,0.393495,0.177317,0.191185,0.331261,0.220802,0.183566,0.267423,0.161242,0.180332,0.248285,0.056748,0.179783,0.269045,0.245579,0.177857
315,1.312500,0.393493,0.177315,0.191188,0.331261,0.220804,0.183565,0.267421,0.161244,0.180337,0.248283,0.056747,0.179785,0.269044,0.245580,0.177857
316,1.316667,0.393490,0.177313,0.191195,0.331264,0.220802,0.183563,0.267420,0.161243,0.180333,0.248284,0.056748,0.179781,0.269044,0.245579,0.177851
317,1.320833,0.393488,0.177311,0.191203,0.331262,0.220802,0.183563,0.267421,0.161244,0.180332,0.248285,0.056747,0.179785,0.269045,0.245581,0.177853
318,1.325000,0.393485,0.177308,0.191207,0.331262,0.220802,0.183563,0.267422,0.161244,0.180330,0.248285,0.056750,0.179782,0.269045,0.245582,0.177849
319,1.329167,0.393483,0.177306,0.191211,0.331260,0.220800,0.183561,0.267419,0.161245,0.180331,0.248286,0.056748,0.179788,0.269044,0.245582,0.177849
320,1.333333,0.393480,0.177302,0.191215,0.331259,0.220800,0.183562,0.267418,0.161246,0.180331,0.248287,0.056747,0.179787,0.269044,0.245581,0.177847
321,1.337500,0.393475,0.177300,0.191220,0.331256,0.220798,0.183564,0.267419,0.161245,0.180328,0.248285,0.056749,0.179788,0.269043,0.245582,0.177846
322,1.341667,0.393472,0.177295,0.191225,0.331254,0.220800,0.183561,0.267419,0.161247,0.180329,0.248285,0.056750,0.179787,0.269043,0.245583,0.177845
323,1.345833,0.393469,0.177292,0.191231,0.331256,0.220799,0.183559,0.267418,0.161246,0.180329,0.248284,0.056749,0.179790,0.269036,0.245586,0.177835
324,1.350000,0.393458,0.177278,0.191243,0.331253,0.220797,0.183559,0.267417,0.161247,0.180332,0.248286,0.056748,0.179787,0.269042,0.245583,0.177840
325,1.354167,0.393462,0.177284,0.191236,0.331251,0.220798,0.183560,0.267419,0.161250,0.180327,0.248284,0.056748,0.179790,0.269041,0.245584,0.177841
326,1.358333,0.393451,0.177269,0.191246,0.331251,0.220798,0.183557,0.267417,0.161248,0.180325,0.248284,0.056750,0.179792,0.269041,0.245583,0.177842
327,1.362500,0.393445,0.177266,0.191250,0.331251,0.220795,0.183559,0.267417,0.161248,0.180326,0.248286,0.056750,0.179789,0.269039,0.245584,0.177843
328,1.366667,0.393441,0.177258,0.191250,0.331250,0.220795,0.183557,0.267417,0.161249,0.180326,0.248286,0.056747,0.179790,0.269040,0.245586,0.177841
329,1.370833,0.393432,0.177252,0.191252,0.331247,0.220796,0.183558,0.267416,0.161249,0.180327,0.248284,0.056749,0.179792,0.269039,0.245584,0.177840
330,1.375000,0.393416,0.177246,0.191272,0.331246,0.220794,0.183555,0.267416,0.161248,0.180325,0.248289,0.056747,0.179791,0.269039,0.245584,0.177842
331,1.379167,0.393411,0.177241,0.191273,0.331247,0.220793,0.183556,0.267416,0.161249,0.180329,0.248287,0.056747,0.179789,0.269038,0.245584,0.177844
332,1.383333,0.393405,0.177236,0.191270,0.331247,0.220792,0.183557,0.267416,0.161247,0.180323,0.248288,0.056748,0.179791,0.269031,0.245587,0.177839
333,1.387500,0.393397,0.177230,0.191266,0.331245,0.220791,0.183557,0.267411,0.161249,0.180331,0.248285,0.056748,0.179792,0.269037,0.245584,0.177847
334,1.391667,0.393392,0.177226,0.191263,0.331243,0.220791,0.183557,0.267411,0.161249,0.180328,0.248286,0.056748,0.179790,0.269035,0.245585,0.177848
335,1.395833,0.393390,0.177222,0.191259,0.331242,0.220790,0.183558,0.267412,0.161250,0.180326,0.248285,0.056750,0.179787,0.269035,0.245584,0.177849
336,1.400000,0.393387,0.177218,0.191254,0.331241,0.220792,0.183556,0.267411,0.161252,0.180331,0.248287,0.056750,0.179787,0.269029,0.245590,0.177845
337,1.404167,0.393383,0.177218,0.191250,0.331238,0.220792,0.183559,0.267409,0.161252,0.180335,0.248284,0.056750,0.179792,0.269026,0.245590,0.177847
338,1.408333,0.393386,0.177215,0.191243,0.331238,0.220791,0.183558,0.267409,0.161254,0.180336,0.248286,0.056751,0.179790,0.269027,0.245591,0.177846
339,1.412500,0.393384,0.177214,0.191237,0.331237,0.220791,0.183562,0.267412,0.161255,0.180333,0.248286,0.056751,0.179790,0.269027,0.245591,0.177846
340,1.416667,0.393382,0.177215,0.191230,0.331235,0.220791,0.183564,0.267410,0.161253,0.180335,0.248288,0.056749,0.179790,0.269032,0.245589,0.177855
341,1.420833,0.393382,0.177213,0.191224,0.331233,0.220791,0.183562,0.267408,0.161252,0.180338,0.248284,0.056749,0.179793,0.269032,0.245587,0.177858
342,1.425000,0.393384,0.177212,0.191221,0.331235,0.220789,0.183567,0.267410,0.161251,0.180337,0.248285,0.056748,0.179790,0.269023,0.245591,0.177851
343,1.429167,0.393385,0.177214,0.191215,0.331236,0.220790,0.183569,0.267410,0.161251,0.180341,0.248284,0.056746,0.179794,0.269024,0.245591,0.177852
344,1.433333,0.393385,0.177214,0.191212,0.331236,0.220791,0.183571,0.267408,0.161249,0.180338,0.248288,0.056746,0.179793,0.269031,0.245584,0.177860
345,1.437500,0.393386,0.177214,0.191207,0.331238,0.220791,0.183569,0.267408,0.161251,0.180342,0.248286,0.056747,0.179792,0.269030,0.245584,0.177864
346,1.441667,0.393387,0.177213,0.191207,0.331237,0.220790,0.183573,0.267413,0.161249,0.180341,0.248287,0.056745,0.179791,0.269032,0.245585,0.177865
347,1.445833,0.393389,0.177217,0.191205,0.331238,0.220793,0.183573,0.267411,0.161249,0.180344,0.248288,0.056745,0.179791,0.269033,0.245584,0.177867
348,1.450000,0.393391,0.177219,0.191205,0.331238,0.220791,0.183574,0.267412,0.161250,0.180338,0.248289,0.056746,0.179789,0.269030,0.245584,0.177872
349,1.454167,0.393392,0.177219,0.191203,0.331239,0.220793,0.183574,0.267411,0.161251,0.180342,0.248288,0.056746,0.179791,0.269031,0.245584,0.177870
350,1.458333,0.393394,0.177221,0.191207,0.331241,0.220793,0.183576,0.267411,0.161248,0.180346,0.248290,0.056748,0.179785,0.269032,0.245585,0.177873
351,1.462500,0.393398,0.177226,0.191208,0.331241,0.220793,0.183578,0.267409,0.161250,0.180350,0.248287,0.056748,0.179791,0.269032,0.245583,0.177874
352,1.466667,0.393403,0.177228,0.191210,0.331240,0.220793,0.183579,0.267408,0.161252,0.180353,0.248283,0.056749,0.179794,0.269031,0.245587,0.177878
353,1.470833,0.393407,0.177231,0.191212,0.331242,0.220792,0.183580,0.267405,0.161251,0.180354,0.248282,0.056749,0.179794,0.269032,0.245586,0.177877
354,1.475000,0.393412,0.177236,0.191214,0.331239,0.220794,0.183580,0.267410,0.161251,0.180346,0.248283,0.056750,0.179792,0.269033,0.245586,0.177875
355,1.479167,0.393426,0.177242,0.191196,0.331240,0.220793,0.183582,0.267407,0.161253,0.180351,0.248284,0.056752,0.179793,0.269033,0.245586,0.177878
356,1.483333,0.393431,0.177244,0.191200,0.331239,0.220794,0.183582,0.267409,0.161254,0.180350,0.248287,0.056751,0.179789,0.269032,0.245588,0.177878
357,1.487500,0.393435,0.177250,0.191205,0.331240,0.220796,0.183584,0.267411,0.161255,0.180350,0.248287,0.056751,0.179791,0.269031,0.245588,0.177877
358,1.491667,0.393440,0.177254,0.191210,0.331239,0.220795,0.183585,0.267411,0.161253,0.180349,0.248285,0.056753,0.179791,0.269033,0.245589,0.177876
359,1.495833,0.393442,0.177260,0.191212,0.331243,0.220797,0.183582,0.267416,0.161255,0.180348,0.248287,0.056755,0.179791,0.269034,0.245589,0.177875
360,1.500000,0.393445,0.177265,0.191216,0.331243,0.220798,0.183584,0.267415,0.161255,0.180351,0.248289,0.056756,0.179788,0.269037,0.245589,0.177873
361,1.504167,0.393447,0.177267,0.191219,0.331244,0.220799,0.183585,0.267416,0.161255,0.180353,0.248288,0.056755,0.179789,0.269035,0.245588,0.177873
362,1.508333,0.393447,0.177270,0.191225,0.331245,0.220801,0.183586,0.267416,0.161253,0.180353,0.248289,0.056755,0.179788,0.269038,0.245589,0.177872
363,1.512500,0.393449,0.177272,0.191230,0.331249,0.220801,0.183585,0.267422,0.161254,0.180344,0.248287,0.056753,0.179790,0.269040,0.245589,0.177868
364,1.516667,0.393448,0.177273,0.191235,0.331250,0.220803,0.183586,0.267420,0.161249,0.180343,0.248290,0.056755,0.179786,0.269041,0.245586,0.177865
365,1.520833,0.393447,0.177276,0.191241,0.331250,0.220803,0.183585,0.267420,0.161251,0.180342,0.248289,0.056754,0.179785,0.269042,0.245585,0.177861
366,1.525000,0.393448,0.177277,0.191247,0.331254,0.220804,0.183584,0.267422,0.161250,0.180341,0.248288,0.056753,0.179781,0.269043,0.245584,0.177857
367,1.529167,0.393449,0.177277,0.191249,0.331255,0.220803,0.183586,0.267421,0.161250,0.180339,0.248290,0.056751,0.179780,0.269036,0.245588,0.177847
368,1.533333,0.393455,0.177290,0.191244,0.331255,0.220803,0.183584,0.267424,0.161251,0.180330,0.248289,0.056753,0.179778,0.269044,0.245585,0.177853
369,1.537500,0.393453,0.177280,0.191256,0.331257,0.220803,0.183583,0.267425,0.161250,0.180324,0.248292,0.056753,0.179777,0.269043,0.245584,0.177848
370,1.541667,0.393459,0.177291,0.191254,0.331253,0.220804,0.183584,0.267422,0.161250,0.180323,0.248291,0.056751,0.179774,0.269044,0.245585,0.177844
371,1.545833,0.393458,0.177280,0.191267,0.331251,0.220803,0.183582,0.267423,0.161252,0.180322,0.248291,0.056753,0.179775,0.269045,0.245587,0.177840
372,1.550000,0.393465,0.177291,0.191261,0.331251,0.220799,0.183579,0.267424,0.161253,0.180320,0.248291,0.056754,0.179770,0.269044,0.245585,0.177837
373,1.554167,0.393465,0.177293,0.191266,0.331250,0.220799,0.183581,0.267422,0.161253,0.180327,0.248291,0.056754,0.179776,0.269038,0.245590,0.177828
374,1.558333,0.393465,0.177295,0.191274,0.331249,0.220799,0.183582,0.267420,0.161252,0.180326,0.248291,0.056757,0.179778,0.269045,0.245588,0.177831
375,1.562500,0.393463,0.177294,0.191277,0.331246,0.220799,0.183580,0.267419,0.161254,0.180325,0.248290,0.056756,0.179778,0.269044,0.245590,0.177829
376,1.566667,0.393456,0.177280,0.191294,0.331246,0.220796,0.183580,0.267418,0.161253,0.180323,0.248290,0.056759,0.179783,0.269034,0.245592,0.177824
377,1.570833,0.393453,0.177278,0.191302,0.331245,0.220795,0.183581,0.267417,0.161255,0.180325,0.248288,0.056755,0.179784,0.269035,0.245594,0.177825
378,1.575000,0.393453,0.177288,0.191297,0.331244,0.220794,0.183580,0.267416,0.161256,0.180324,0.248287,0.056759,0.179786,0.269034,0.245592,0.177823
379,1.579167,0.393446,0.177274,0.191309,0.331243,0.220796,0.183580,0.267413,0.161255,0.180334,0.248286,0.056757,0.179788,0.269033,0.245592,0.177822
380,1.583333,0.393442,0.177270,0.191311,0.331243,0.220796,0.183576,0.267410,0.161257,0.180338,0.248284,0.056759,0.179792,0.269032,0.245593,0.177825
381,1.587500,0.393423,0.177264,0.191336,0.331244,0.220798,0.183577,0.267414,0.161256,0.180332,0.248289,0.056756,0.179790,0.269032,0.245593,0.177826
382,1.591667,0.393419,0.177259,0.191341,0.331244,0.220796,0.183580,0.267413,0.161256,0.180328,0.248291,0.056760,0.179788,0.269033,0.245593,0.177825
383,1.595833,0.393413,0.177256,0.191340,0.331246,0.220797,0.183578,0.267415,0.161256,0.180327,0.248291,0.056758,0.179790,0.269034,0.245594,0.177829
384,1.600000,0.393410,0.177249,0.191339,0.331247,0.220796,0.183576,0.267415,0.161254,0.180329,0.248294,0.056757,0.179787,0.269033,0.245590,0.177829
385,1.604167,0.393403,0.177245,0.191335,0.331245,0.220795,0.183574,0.267415,0.161253,0.180326,0.248293,0.056755,0.179786,0.269030,0.245588,0.177834
386,1.608333,0.393398,0.177243,0.191335,0.331244,0.220796,0.183576,0.267414,0.161251,0.180321,0.248293,0.056750,0.179789,0.269030,0.245589,0.177832
387,1.612500,0.393395,0.177238,0.191330,0.331241,0.220795,0.183577,0.267417,0.161253,0.180318,0.248289,0.056752,0.179786,0.269030,0.245589,0.177832
388,1.616667,0.393393,0.177235,0.191323,0.331240,0.220794,0.183578,0.267413,0.161252,0.180327,0.248289,0.056749,0.179785,0.269027,0.245589,0.177835
389,1.620833,0.393389,0.177232,0.191318,0.331239,0.220795,0.183577,0.267416,0.161250,0.180330,0.248290,0.056748,0.179787,0.269033,0.245585,0.177841
390,1.625000,0.393388,0.177230,0.191308,0.331237,0.220794,0.183577,0.267415,0.161250,0.180325,0.248288,0.056749,0.179784,0.269031,0.245584,0.177842
391,1.629167,0.393389,0.177227,0.191302,0.331237,0.220793,0.183577,0.267415,0.161251,0.180327,0.248290,0.056748,0.179787,0.269026,0.245588,0.177840
392,1.633333,0.393386,0.177225,0.191298,0.331235,0.220793,0.183579,0.267414,0.161251,0.180330,0.248290,0.056750,0.179786,0.269032,0.245586,0.177851
393,1.637500,0.393386,0.177222,0.191289,0.331237,0.220793,0.183579,0.267416,0.161253,0.180327,0.248291,0.056751,0.179784,0.269024,0.245588,0.177848
394,1.641667,0.393386,0.177220,0.191284,0.331237,0.220791,0.183580,0.267415,0.161253,0.180335,0.248292,0.056754,0.179789,0.269032,0.245586,0.177857
395,1.645833,0.393384,0.177220,0.191278,0.331235,0.220793,0.183578,0.267415,0.161254,0.180337,0.248291,0.056754,0.179789,0.269025,0.245591,0.177854
396,1.650000,0.393383,0.177220,0.191267,0.331236,0.220793,0.183579,0.267413,0.161255,0.180341,0.248291,0.056758,0.179791,0.269033,0.245589,0.177863
397,1.654167,0.393384,0.177217,0.191262,0.331237,0.220792,0.183581,0.267409,0.161256,0.180347,0.248291,0.056754,0.179792,0.269025,0.245593,0.177861
398,1.658333,0.393383,0.177214,0.191255,0.331235,0.220791,0.183583,0.267408,0.161255,0.180351,0.248290,0.056757,0.179790,0.269031,0.245590,0.177870
399,1.662500,0.393384,0.177212,0.191246,0.331235,0.220791,0.183580,0.267409,0.161258,0.180343,0.248289,0.056757,0.179788,0.269032,0.245588,0.177872
400,1.666667,0.393382,0.177211,0.191238,0.331234,0.220789,0.183583,0.267407,0.161259,0.180348,0.248288,0.056757,0.179793,0.269031,0.245591,0.177876
401,1.670833,0.393387,0.177211,0.191232,0.331235,0.220789,0.183587,0.267406,0.161257,0.180354,0.248284,0.056757,0.179793,0.269031,0.245591,0.177880
402,1.675000,0.393390,0.177213,0.191222,0.331236,0.220789,0.183587,0.267407,0.161255,0.180355,0.248285,0.056759,0.179792,0.269031,0.245589,0.177880
403,1.679167,0.393394,0.177213,0.191213,0.331237,0.220789,0.183590,0.267407,0.161259,0.180358,0.248285,0.056757,0.179787,0.269032,0.245590,0.177883
404,1.683333,0.393397,0.177214,0.191206,0.331236,0.220790,0.183589,0.267410,0.161258,0.180354,0.248290,0.056757,0.179787,0.269033,0.245591,0.177884
405,1.687500,0.393396,0.177216,0.191202,0.331235,0.220790,0.183590,0.267409,0.161257,0.180353,0.248290,0.056757,0.179787,0.269034,0.245591,0.177884
406,1.691667,0.393399,0.177218,0.191199,0.331238,0.220790,0.183589,0.267412,0.161256,0.180351,0.248289,0.056756,0.179781,0.269033,0.245591,0.177885
407,1.695833,0.393403,0.177217,0.191193,0.331237,0.220791,0.183591,0.267413,0.161256,0.180352,0.248289,0.056753,0.179780,0.269034,0.245591,0.177886
408,1.700000,0.393415,0.177221,0.191167,0.331238,0.220791,0.183591,0.267413,0.161255,0.180351,0.248290,0.056755,0.179779,0.269033,0.245589,0.177887
409,1.704167,0.393415,0.177223,0.191165,0.331240,0.220791,0.183590,0.267418,0.161251,0.180345,0.248289,0.056752,0.179783,0.269032,0.245588,0.177889
410,1.708333,0.393416,0.177222,0.191168,0.331241,0.220791,0.183592,0.267418,0.161252,0.180344,0.248287,0.056752,0.179780,0.269034,0.245588,0.177890
411,1.712500,0.393418,0.177223,0.191169,0.331240,0.220792,0.183592,0.267419,0.161250,0.180349,0.248289,0.056752,0.179781,0.269034,0.245587,0.177891
412,1.716667,0.393418,0.177227,0.191170,0.331244,0.220791,0.183592,0.267421,0.161250,0.180349,0.248292,0.056753,0.179781,0.269037,0.245585,0.177891
413,1.720833,0.393421,0.177229,0.191171,0.331245,0.220794,0.183593,0.267417,0.161251,0.180350,0.248289,0.056753,0.179783,0.269035,0.245586,0.177893
414,1.725000,0.393420,0.177229,0.191179,0.331245,0.220795,0.183592,0.267419,0.161254,0.180349,0.248291,0.056757,0.179789,0.269039,0.245587,0.177891
415,1.729167,0.393423,0.177231,0.191185,0.331246,0.220794,0.183593,0.267419,0.161252,0.180349,0.248292,0.056756,0.179785,0.269038,0.245587,0.177895
416,1.733333,0.393424,0.177234,0.191192,0.331247,0.220796,0.183593,0.267417,0.161253,0.180353,0.248290,0.056756,0.179786,0.269036,0.245587,0.177896
417,1.737500,0.393425,0.177234,0.191198,0.331246,0.220794,0.183593,0.267419,0.161255,0.180353,0.248289,0.056759,0.179785,0.269038,0.245589,0.177894
418,1.741667,0.393425,0.177236,0.191206,0.331245,0.220795,0.183592,0.267418,0.161255,0.180349,0.248289,0.056762,0.179789,0.269040,0.245590,0.177889
419,1.745833,0.393429,0.177240,0.191208,0.331244,0.220795,0.183593,0.267413,0.161255,0.180356,0.248287,0.056760,0.179788,0.269038,0.245589,0.177890
420,1.750000,0.393431,0.177240,0.191219,0.331246,0.220793,0.183590,0.267416,0.161255,0.180352,0.248288,0.056761,0.179786,0.269039,0.245590,0.177889
421,1.754167,0.393434,0.177244,0.191222,0.331244,0.220793,0.183591,0.267415,0.161256,0.180352,0.248289,0.056759,0.179784,0.269040,0.245590,0.177886
422,1.758333,0.393433,0.177246,0.191229,0.331244,0.220794,0.183592,0.267415,0.161256,0.180352,0.248289,0.056760,0.179789,0.269039,0.245590,0.177886
423,1.762500,0.393434,0.177247,0.191236,0.331244,0.220795,0.183591,0.267419,0.161256,0.180338,0.248290,0.056758,0.179787,0.269040,0.245590,0.177882
424,1.766667,0.393436,0.177247,0.191241,0.331244,0.220794,0.183589,0.267422,0.161257,0.180337,0.248292,0.056758,0.179784,0.269040,0.245590,0.177879
425,1.770833,0.393434,0.177248,0.191250,0.331245,0.220794,0.183588,0.267419,0.161254,0.180340,0.248290,0.056756,0.179780,0.269041,0.245590,0.177876
426,1.775000,0.393424,0.177247,0.191277,0.331244,0.220797,0.183587,0.267420,0.161255,0.180338,0.248293,0.056756,0.179779,0.269041,0.245589,0.177872
427,1.779167,0.393431,0.177249,0.191260,0.331247,0.220795,0.183587,0.267424,0.161254,0.180331,0.248294,0.056755,0.179776,0.269042,0.245589,0.177869
428,1.783333,0.393421,0.177246,0.191286,0.331247,0.220795,0.183587,0.267424,0.161255,0.180333,0.248290,0.056757,0.179778,0.269041,0.245589,0.177866
429,1.787500,0.393418,0.177243,0.191294,0.331247,0.220795,0.183587,0.267422,0.161252,0.180330,0.248291,0.056756,0.179778,0.269044,0.245589,0.177862
430,1.791667,0.393417,0.177244,0.191295,0.331249,0.220796,0.183586,0.267422,0.161252,0.180330,0.248294,0.056754,0.179777,0.269042,0.245587,0.177861
431,1.795833,0.393414,0.177242,0.191299,0.331252,0.220797,0.183585,0.267425,0.161251,0.180328,0.248293,0.056759,0.179780,0.269044,0.245587,0.177862
432,1.800000,0.393411,0.177243,0.191302,0.331251,0.220797,0.183589,0.267424,0.161255,0.180326,0.248294,0.056758,0.179777,0.269048,0.245587,0.177856
433,1.804167,0.393411,0.177241,0.191306,0.331252,0.220798,0.183586,0.267426,0.161253,0.180325,0.248296,0.056759,0.179779,0.269049,0.245588,0.177852
434,1.808333,0.393411,0.177242,0.191305,0.331251,0.220799,0.183587,0.267425,0.161255,0.180325,0.248297,0.056759,0.179781,0.269049,0.245590,0.177850
435,1.812500,0.393410,0.177242,0.191305,0.331251,0.220798,0.183585,0.267424,0.161257,0.180328,0.248297,0.056759,0.179782,0.269047,0.245588,0.177848
436,1.816667,0.393410,0.177240,0.191307,0.331251,0.220798,0.183586,0.267424,0.161257,0.180323,0.248297,0.056763,0.179778,0.269050,0.245588,0.177844
437,1.820833,0.393413,0.177238,0.191310,0.331250,0.220796,0.183586,0.267425,0.161256,0.180318,0.248298,0.056759,0.179777,0.269050,0.245590,0.177844
438,1.825000,0.393411,0.177237,0.191311,0.331249,0.220795,0.183587,0.267425,0.161257,0.180318,0.248295,0.056759,0.179779,0.269042,0.245593,0.177837
439,1.829167,0.393411,0.177237,0.191312,0.331249,0.220794,0.183586,0.267424,0.161257,0.180317,0.248295,0.056759,0.179776,0.269050,0.245589,0.177841
440,1.833333,0.393413,0.177235,0.191311,0.331248,0.220792,0.183585,0.267427,0.161255,0.180318,0.248296,0.056756,0.179778,0.269051,0.245590,0.177841
441,1.837500,0.393413,0.177235,0.191312,0.331248,0.220792,0.183586,0.267425,0.161258,0.180323,0.248296,0.056756,0.179778,0.269049,0.245590,0.177844
442,1.841667,0.393413,0.177232,0.191312,0.331248,0.220791,0.183586,0.267425,0.161256,0.180323,0.248297,0.056757,0.179778,0.269051,0.245592,0.177843
443,1.845833,0.393414,0.177232,0.191313,0.331247,0.220790,0.183587,0.267425,0.161255,0.180320,0.248296,0.056759,0.179781,0.269050,0.245588,0.177844
444,1.850000,0.393412,0.177229,0.191315,0.331247,0.220789,0.183586,0.267426,0.161254,0.180319,0.248297,0.056757,0.179774,0.269051,0.245589,0.177847
445,1.854167,0.393408,0.177225,0.191315,0.331249,0.220789,0.183588,0.267426,0.161255,0.180316,0.248295,0.056757,0.179778,0.269051,0.245588,0.177848
446,1.858333,0.393404,0.177221,0.191318,0.331248,0.220788,0.183585,0.267423,0.161255,0.180321,0.248294,0.056755,0.179778,0.269050,0.245588,0.177850
447,1.862500,0.393402,0.177217,0.191314,0.331250,0.220786,0.183587,0.267420,0.161256,0.180326,0.248294,0.056758,0.179776,0.269050,0.245588,0.177852
448,1.866667,0.393402,0.177214,0.191313,0.331251,0.220785,0.183586,0.267421,0.161255,0.180325,0.248294,0.056756,0.179776,0.269053,0.245589,0.177855
449,1.870833,0.393400,0.177211,0.191310,0.331251,0.220785,0.183585,0.267419,0.161253,0.180331,0.248293,0.056755,0.179776,0.269055,0.245588,0.177857
450,1.875000,0.393399,0.177208,0.191305,0.331251,0.220785,0.183589,0.267420,0.161255,0.180331,0.248294,0.056756,0.179779,0.269052,0.245587,0.177861
451,1.879167,0.393399,0.177205,0.191303,0.331250,0.220785,0.183590,0.267421,0.161254,0.180331,0.248293,0.056756,0.179785,0.269053,0.245588,0.177865
452,1.883333,0.393397,0.177204,0.191298,0.331249,0.220784,0.183589,0.267421,0.161253,0.180335,0.248295,0.056759,0.179786,0.269053,0.245586,0.177868
453,1.887500,0.393398,0.177204,0.191293,0.331248,0.220785,0.183591,0.267421,0.161253,0.180338,0.248293,0.056758,0.179789,0.269054,0.245587,0.177869
454,1.891667,0.393397,0.177202,0.191284,0.331250,0.220785,0.183590,0.267420,0.161256,0.180341,0.248294,0.056760,0.179788,0.269054,0.245588,0.177869
455,1.895833,0.393397,0.177198,0.191280,0.331250,0.220783,0.183592,0.267421,0.161256,0.180344,0.248291,0.056761,0.179791,0.269055,0.245591,0.177867
456,1.900000,0.393398,0.177198,0.191273,0.331247,0.220784,0.183594,0.267419,0.161255,0.180348,0.248293,0.056759,0.179793,0.269053,0.245589,0.177872
457,1.904167,0.393397,0.177199,0.191265,0.331248,0.220784,0.183592,0.267417,0.161255,0.180350,0.248290,0.056760,0.179793,0.269051,0.245586,0.177877
458,1.908333,0.393397,0.177194,0.191258,0.331249,0.220780,0.183597,0.267421,0.161254,0.180346,0.248290,0.056756,0.179791,0.269051,0.245586,0.177877
459,1.912500,0.393398,0.177192,0.191252,0.331247,0.220781,0.183597,0.267421,0.161252,0.180343,0.248288,0.056757,0.179794,0.269053,0.245586,0.177878
460,1.916667,0.393399,0.177193,0.191245,0.331249,0.220782,0.183597,0.267422,0.161253,0.180345,0.248290,0.056755,0.179790,0.269054,0.245585,0.177884
461,1.920833,0.393397,0.177189,0.191242,0.331251,0.220780,0.183599,0.267422,0.161252,0.180346,0.248290,0.056756,0.179790,0.269051,0.245583,0.177888
462,1.925000,0.393397,0.177189,0.191238,0.331249,0.220780,0.183598,0.267419,0.161251,0.180348,0.248290,0.056756,0.179787,0.269051,0.245585,0.177889
463,1.929167,0.393396,0.177188,0.191234,0.331247,0.220780,0.183598,0.267422,0.161251,0.180345,0.248290,0.056756,0.179785,0.269052,0.245586,0.177890
464,1.933333,0.393396,0.177185,0.191231,0.331249,0.220780,0.183597,0.267417,0.161253,0.180345,0.248288,0.056755,0.179782,0.269051,0.245586,0.177891
465,1.937500,0.393397,0.177185,0.191230,0.331247,0.220779,0.183599,0.267416,0.161251,0.180347,0.248289,0.056754,0.179782,0.269050,0.245586,0.177891
466,1.941667,0.393395,0.177183,0.191229,0.331247,0.220780,0.183599,0.267417,0.161253,0.180343,0.248290,0.056756,0.179779,0.269049,0.245586,0.177893
467,1.945833,0.393396,0.177183,0.191227,0.331246,0.220778,0.183596,0.267415,0.161252,0.180348,0.248288,0.056756,0.179784,0.269048,0.245586,0.177897
468,1.950000,0.393395,0.177184,0.191227,0.331245,0.220779,0.183597,0.267417,0.161252,0.180344,0.248287,0.056757,0.179783,0.269046,0.245587,0.177896
469,1.954167,0.393397,0.177186,0.191226,0.331244,0.220779,0.183597,0.267416,0.161256,0.180346,0.248289,0.056757,0.179782,0.269047,0.245589,0.177897
470,1.958333,0.393398,0.177188,0.191226,0.331243,0.220778,0.183598,0.267418,0.161255,0.180349,0.248292,0.056760,0.179785,0.269048,0.245590,0.177898
471,1.962500,0.393401,0.177189,0.191225,0.331240,0.220780,0.183598,0.267418,0.161257,0.180353,0.248292,0.056760,0.179784,0.269045,0.245589,0.177896
472,1.966667,0.393398,0.177194,0.191228,0.331242,0.220781,0.183597,0.267417,0.161257,0.180353,0.248293,0.056762,0.179785,0.269043,0.245590,0.177896
473,1.970833,0.393399,0.177197,0.191228,0.331241,0.220782,0.183599,0.267417,0.161261,0.180353,0.248293,0.056763,0.179786,0.269043,0.245591,0.177895
474,1.975000,0.393398,0.177197,0.191231,0.331239,0.220783,0.183601,0.267416,0.161257,0.180355,0.248294,0.056765,0.179785,0.269042,0.245591,0.177895
475,1.979167,0.393396,0.177197,0.191236,0.331237,0.220782,0.183601,0.267418,0.161256,0.180355,0.248291,0.056760,0.179787,0.269039,0.245590,0.177896
476,1.983333,0.393397,0.177199,0.191237,0.331237,0.220782,0.183598,0.267416,0.161255,0.180353,0.248293,0.056762,0.179787,0.269038,0.245589,0.177897
477,1.987500,0.393395,0.177199,0.191242,0.331236,0.220785,0.183602,0.267416,0.161256,0.180355,0.248293,0.056759,0.179787,0.269038,0.245588,0.177895
478,1.991667,0.393391,0.177199,0.191246,0.331237,0.220785,0.183601,0.267415,0.161255,0.180355,0.248293,0.056760,0.179787,0.269037,0.245589,0.177895
479,1.995833,0.393391,0.177201,0.191250,0.331239,0.220787,0.183599,0.267415,0.161253,0.180357,0.248294,0.056761,0.179785,0.269035,0.245587,0.177896
480,2.000000,0.393387,0.177202,0.191256,0.331238,0.220786,0.183599,0.267417,0.161254,0.180357,0.248295,0.056760,0.179784,0.269033,0.245588,0.177896
481,2.004167,0.393388,0.177201,0.191259,0.331237,0.220788,0.183602,0.267416,0.161255,0.180354,0.248297,0.056760,0.179783,0.269034,0.245590,0.177896
482,2.008333,0.393387,0.177204,0.191266,0.331236,0.220791,0.183603,0.267418,0.161254,0.180350,0.248296,0.056759,0.179779,0.269034,0.245589,0.177898
483,2.012500,0.393385,0.177204,0.191269,0.331236,0.220790,0.183603,0.267416,0.161255,0.180348,0.248294,0.056759,0.179780,0.269032,0.245589,0.177897
484,2.016667,0.393386,0.177206,0.191272,0.331235,0.220790,0.183602,0.267414,0.161255,0.180348,0.248293,0.056759,0.179779,0.269032,0.245589,0.177895
485,2.020833,0.393388,0.177209,0.191272,0.331236,0.220790,0.183601,0.267414,0.161256,0.180347,0.248294,0.056759,0.179778,0.269031,0.245590,0.177891
486,2.025000,0.393389,0.177212,0.191278,0.331234,0.220790,0.183603,0.267413,0.161252,0.180348,0.248292,0.056756,0.179778,0.269029,0.245587,0.177890
487,2.029167,0.393392,0.177215,0.191279,0.331235,0.220790,0.183606,0.267415,0.161253,0.180347,0.248290,0.056755,0.179784,0.269030,0.245591,0.177888
488,2.033333,0.393394,0.177219,0.191281,0.331234,0.220790,0.183608,0.267417,0.161254,0.180345,0.248292,0.056754,0.179785,0.269033,0.245589,0.177885
489,2.037500,0.393396,0.177223,0.191283,0.331233,0.220792,0.183607,0.267417,0.161253,0.180348,0.248294,0.056756,0.179783,0.269030,0.245589,0.177886
490,2.041667,0.393399,0.177225,0.191285,0.331235,0.220792,0.183610,0.267417,0.161255,0.180341,0.248292,0.056755,0.179784,0.269031,0.245590,0.177883
491,2.045833,0.393400,0.177229,0.191286,0.331236,0.220794,0.183612,0.267418,0.161259,0.180345,0.248295,0.056757,0.179787,0.269033,0.245591,0.177880
492,2.050000,0.393400,0.177231,0.191291,0.331236,0.220795,0.183611,0.267418,0.161256,0.180348,0.248296,0.056759,0.179788,0.269035,0.245593,0.177878
493,2.054167,0.393401,0.177234,0.191295,0.331239,0.220796,0.183611,0.267417,0.161257,0.180348,0.248296,0.056759,0.179787,0.269035,0.245590,0.177876
494,2.058333,0.393402,0.177234,0.191300,0.331239,0.220796,0.183613,0.267421,0.161258,0.180346,0.248294,0.056757,0.179784,0.269036,0.245591,0.177872
495,2.062500,0.393402,0.177236,0.191304,0.331240,0.220796,0.183613,0.267420,0.161257,0.180343,0.248294,0.056759,0.179783,0.269039,0.245591,0.177871
496,2.066667,0.393401,0.177236,0.191311,0.331240,0.220795,0.183613,0.267420,0.161254,0.180338,0.248293,0.056756,0.179784,0.269039,0.245589,0.177869
497,2.070833,0.393403,0.177237,0.191317,0.331242,0.220796,0.183612,0.267418,0.161256,0.180341,0.248293,0.056755,0.179783,0.269038,0.245588,0.177871
498,2.075000,0.393402,0.177237,0.191324,0.331244,0.220794,0.183611,0.267419,0.161254,0.180336,0.248294,0.056756,0.179779,0.269040,0.245589,0.177869
499,2.079167,0.393409,0.177238,0.191326,0.331242,0.220794,0.183611,0.267423,0.161252,0.180336,0.248295,0.056755,0.179778,0.269041,0.245587,0.177866
500,2.083333,0.393408,0.177240,0.191330,0.331242,0.220796,0.183611,0.267425,0.161254,0.180327,0.248296,0.056755,0.179776,0.269041,0.245590,0.177866
501,2.087500,0.393408,0.177241,0.191337,0.331245,0.220794,0.183610,0.267423,0.161255,0.180333,0.248299,0.056759,0.179771,0.269041,0.245590,0.177864
502,2.091667,0.393411,0.177241,0.191343,0.331245,0.220793,0.183610,0.267421,0.161254,0.180330,0.248298,0.056755,0.179772,0.269042,0.245590,0.177863
503,2.095833,0.393414,0.177241,0.191343,0.331244,0.220792,0.183610,0.267425,0.161253,0.180325,0.248295,0.056756,0.179773,0.269043,0.245589,0.177858
504,2.100000,0.393417,0.177241,0.191348,0.331243,0.220790,0.183609,0.267422,0.161255,0.180327,0.248295,0.056755,0.179770,0.269042,0.245589,0.177859
505,2.104167,0.393417,0.177242,0.191350,0.331243,0.220790,0.183610,0.267420,0.161255,0.180329,0.248293,0.056755,0.179773,0.269044,0.245590,0.177856
506,2.108333,0.393417,0.177242,0.191353,0.331244,0.220790,0.183610,0.267423,0.161255,0.180326,0.248292,0.056758,0.179774,0.269046,0.245590,0.177855
507,2.112500,0.393416,0.177240,0.191354,0.331243,0.220789,0.183609,0.267421,0.161255,0.180329,0.248293,0.056759,0.179776,0.269044,0.245590,0.177856
508,2.116667,0.393415,0.177240,0.191355,0.331243,0.220788,0.183609,0.267422,0.161256,0.180330,0.248293,0.056760,0.179776,0.269045,0.245590,0.177854
509,2.120833,0.393415,0.177235,0.191355,0.331243,0.220788,0.183610,0.267421,0.161257,0.180330,0.248293,0.056759,0.179780,0.269046,0.245591,0.177854
510,2.125000,0.393412,0.177235,0.191357,0.331242,0.220788,0.183611,0.267419,0.161258,0.180332,0.248295,0.056759,0.179778,0.269048,0.245591,0.177855
511,2.129167,0.393408,0.177232,0.191359,0.331242,0.220787,0.183610,0.267422,0.161257,0.180332,0.248293,0.056759,0.179783,0.269046,0.245590,0.177855
512,2.133333,0.393402,0.177226,0.191357,0.331243,0.220787,0.183608,0.267418,0.161257,0.180333,0.248295,0.056759,0.179778,0.269046,0.245592,0.177854
513,2.137500,0.393400,0.177223,0.191357,0.331243,0.220787,0.183606,0.267418,0.161255,0.180332,0.248292,0.056760,0.179784,0.269047,0.245590,0.177852
514,2.141667,0.393398,0.177217,0.191355,0.331243,0.220787,0.183605,0.267418,0.161255,0.180332,0.248293,0.056757,0.179783,0.269046,0.245589,0.177853
515,2.145833,0.393389,0.177213,0.191357,0.331242,0.220785,0.183606,0.267417,0.161256,0.180333,0.248292,0.056760,0.179786,0.269044,0.245589,0.177855
516,2.150000,0.393388,0.177209,0.191355,0.331242,0.220784,0.183603,0.267417,0.161256,0.180332,0.248292,0.056758,0.179785,0.269044,0.245588,0.177858
517,2.154167,0.393383,0.177205,0.191353,0.331240,0.220781,0.183605,0.267416,0.161253,0.180333,0.248292,0.056756,0.179784,0.269043,0.245590,0.177860
518,2.158333,0.393382,0.177203,0.191349,0.331238,0.220782,0.183602,0.267416,0.161255,0.180332,0.248290,0.056757,0.179781,0.269042,0.245588,0.177859
519,2.162500,0.393379,0.177199,0.191343,0.331236,0.220781,0.183603,0.267418,0.161254,0.180328,0.248293,0.056756,0.179785,0.269040,0.245588,0.177861
520,2.166667,0.393378,0.177195,0.191340,0.331234,0.220781,0.183604,0.267414,0.161256,0.180334,0.248292,0.056756,0.179785,0.269037,0.245587,0.177862
521,2.170833,0.393375,0.177192,0.191336,0.331233,0.220780,0.183605,0.267415,0.161253,0.180337,0.248293,0.056755,0.179783,0.269037,0.245589,0.177863
522,2.175000,0.393373,0.177189,0.191331,0.331232,0.220780,0.183603,0.267414,0.161254,0.180338,0.248292,0.056753,0.179788,0.269038,0.245588,0.177864
523,2.179167,0.393368,0.177186,0.191326,0.331231,0.220780,0.183603,0.267413,0.161252,0.180341,0.248293,0.056752,0.179785,0.269034,0.245587,0.177869
524,2.183333,0.393365,0.177183,0.191321,0.331231,0.220780,0.183605,0.267416,0.161250,0.180336,0.248290,0.056750,0.179790,0.269034,0.245586,0.177872
525,2.187500,0.393364,0.177181,0.191313,0.331229,0.220780,0.183606,0.267414,0.161252,0.180336,0.248293,0.056750,0.179793,0.269033,0.245587,0.177874
526,2.191667,0.393361,0.177177,0.191309,0.331229,0.220778,0.183606,0.267412,0.161252,0.180337,0.248291,0.056750,0.179793,0.269033,0.245588,0.177877
527,2.195833,0.393357,0.177176,0.191305,0.331229,0.220780,0.183605,0.267412,0.161254,0.180347,0.248290,0.056751,0.179796,0.269031,0.245587,0.177880
528,2.200000,0.393356,0.177175,0.191297,0.331229,0.220779,0.183605,0.267410,0.161254,0.180356,0.248292,0.056750,0.179795,0.269031,0.245588,0.177887
529,2.204167,0.393355,0.177173,0.191294,0.331227,0.220782,0.183608,0.267408,0.161256,0.180355,0.248291,0.056755,0.179800,0.269031,0.245589,0.177891
530,2.208333,0.393352,0.177173,0.191290,0.331228,0.220781,0.183607,0.267410,0.161257,0.180351,0.248289,0.056752,0.179798,0.269030,0.245590,0.177894
531,2.212500,0.393352,0.177172,0.191284,0.331227,0.220781,0.183611,0.267411,0.161257,0.180352,0.248292,0.056756,0.179799,0.269030,0.245590,0.177899
532,2.216667,0.393352,0.177170,0.191279,0.331226,0.220781,0.183610,0.267410,0.161256,0.180354,0.248291,0.056758,0.179795,0.269028,0.245590,0.177902
533,2.220833,0.393353,0.177170,0.191272,0.331225,0.220781,0.183612,0.267407,0.161257,0.180360,0.248291,0.056754,0.179796,0.269028,0.245590,0.177906
534,2.225000,0.393355,0.177171,0.191265,0.331226,0.220782,0.183612,0.267405,0.161256,0.180365,0.248289,0.056754,0.179796,0.269029,0.245591,0.177909
535,2.229167,0.393356,0.177173,0.191260,0.331226,0.220782,0.183616,0.267407,0.161256,0.180368,0.248292,0.056753,0.179794,0.269027,0.245592,0.177912
536,2.233333,0.393360,0.177174,0.191253,0.331224,0.220782,0.183615,0.267408,0.161257,0.180368,0.248290,0.056754,0.179793,0.269028,0.245590,0.177913
537,2.237500,0.393362,0.177175,0.191246,0.331225,0.220783,0.183616,0.267409,0.161255,0.180364,0.248292,0.056752,0.179796,0.269027,0.245590,0.177916
538,2.241667,0.393365,0.177178,0.191239,0.331226,0.220782,0.183618,0.267413,0.161253,0.180358,0.248293,0.056752,0.179788,0.269026,0.245590,0.177920
539,2.245833,0.393367,0.177180,0.191237,0.331225,0.220782,0.183618,0.267411,0.161254,0.180359,0.248293,0.056752,0.179787,0.269026,0.245589,0.177923
540,2.250000,0.393368,0.177182,0.191231,0.331227,0.220783,0.183621,0.267415,0.161253,0.180356,0.248297,0.056752,0.179784,0.269028,0.245590,0.177924
541,2.254167,0.393369,0.177186,0.191226,0.331227,0.220784,0.183624,0.267417,0.161252,0.180362,0.248294,0.056750,0.179785,0.269029,0.245590,0.177925
542,2.258333,0.393372,0.177188,0.191224,0.331229,0.220785,0.183624,0.267416,0.161250,0.180366,0.248294,0.056752,0.179787,0.269027,0.245588,0.177927
543,2.262500,0.393375,0.177193,0.191221,0.331229,0.220785,0.183625,0.267416,0.161254,0.180365,0.248295,0.056752,0.179784,0.269030,0.245588,0.177926
544,2.266667,0.393377,0.177195,0.191221,0.331231,0.220786,0.183628,0.267417,0.161251,0.180367,0.248295,0.056753,0.179784,0.269030,0.245589,0.177928
545,2.270833,0.393379,0.177199,0.191220,0.331234,0.220787,0.183631,0.267418,0.161254,0.180368,0.248294,0.056755,0.179783,0.269033,0.245589,0.177929
546,2.275000,0.393381,0.177200,0.191225,0.331235,0.220789,0.183632,0.267418,0.161256,0.180366,0.248295,0.056758,0.179786,0.269034,0.245589,0.177928
547,2.279167,0.393382,0.177205,0.191230,0.331235,0.220789,0.183633,0.267418,0.161257,0.180368,0.248296,0.056760,0.179785,0.269034,0.245598,0.177932
548,2.283333,0.393385,0.177207,0.191233,0.331237,0.220790,0.183634,0.267417,0.161255,0.180371,0.248295,0.056760,0.179783,0.269036,0.245591,0.177926
549,2.287500,0.393389,0.177209,0.191237,0.331237,0.220790,0.183636,0.267417,0.161256,0.180370,0.248294,0.056761,0.179783,0.269037,0.245591,0.177922
550,2.291667,0.393393,0.177213,0.191246,0.331239,0.220789,0.183635,0.267418,0.161256,0.180368,0.248296,0.056763,0.179783,0.269040,0.245592,0.177922
551,2.295833,0.393397,0.177215,0.191253,0.331239,0.220788,0.183638,0.267419,0.161258,0.180366,0.248293,0.056761,0.179782,0.269038,0.245599,0.177925
552,2.300000,0.393401,0.177217,0.191261,0.331240,0.220787,0.183636,0.267422,0.161259,0.180360,0.248295,0.056762,0.179783,0.269042,0.245591,0.177914
553,2.304167,0.393405,0.177219,0.191269,0.331239,0.220789,0.183633,0.267421,0.161255,0.180361,0.248295,0.056764,0.179780,0.269045,0.245590,0.177911
554,2.308333,0.393406,0.177222,0.191280,0.331241,0.220787,0.183633,0.267422,0.161256,0.180354,0.248294,0.056761,0.179779,0.269043,0.245589,0.177906
555,2.312500,0.393411,0.177223,0.191290,0.331242,0.220786,0.183635,0.267425,0.161257,0.180352,0.248295,0.056761,0.179775,0.269045,0.245591,0.177903
556,2.316667,0.393413,0.177224,0.191302,0.331243,0.220786,0.183632,0.267425,0.161254,0.180350,0.248296,0.056762,0.179775,0.269048,0.245589,0.177895
557,2.320833,0.393417,0.177225,0.191312,0.331243,0.220785,0.183631,0.267425,0.161255,0.180346,0.248297,0.056762,0.179773,0.269045,0.245589,0.177893
558,2.325000,0.393415,0.177226,0.191323,0.331244,0.220786,0.183629,0.267428,0.161256,0.180341,0.248295,0.056762,0.179773,0.269047,0.245588,0.177889
559,2.329167,0.393415,0.177224,0.191338,0.331245,0.220784,0.183630,0.267426,0.161254,0.180338,0.248295,0.056760,0.179772,0.269051,0.245590,0.177882
560,2.333333,0.393415,0.177225,0.191351,0.331244,0.220785,0.183627,0.267426,0.161253,0.180336,0.248291,0.056763,0.179772,0.269049,0.245586,0.177878
561,2.337500,0.393411,0.177224,0.191363,0.331247,0.220783,0.183627,0.267425,0.161253,0.180335,0.248295,0.056758,0.179771,0.269052,0.245587,0.177873
562,2.341667,0.393408,0.177220,0.191373,0.331247,0.220785,0.183625,0.267428,0.161252,0.180332,0.248293,0.056759,0.179772,0.269052,0.245587,0.177872
563,2.345833,0.393405,0.177216,0.191387,0.331248,0.220784,0.183623,0.267426,0.161251,0.180334,0.248292,0.056758,0.179776,0.269052,0.245585,0.177865
564,2.350000,0.393403,0.177216,0.191397,0.331247,0.220784,0.183621,0.267425,0.161253,0.180331,0.248294,0.056760,0.179775,0.269055,0.245586,0.177861
565,2.354167,0.393401,0.177213,0.191406,0.331249,0.220783,0.183621,0.267426,0.161252,0.180325,0.248295,0.056757,0.179775,0.269054,0.245587,0.177859
566,2.358333,0.393400,0.177210,0.191416,0.331249,0.220782,0.183619,0.267426,0.161254,0.180324,0.248297,0.056759,0.179776,0.269056,0.245587,0.177856
567,2.362500,0.393397,0.177207,0.191425,0.331247,0.220781,0.183618,0.267427,0.161252,0.180321,0.248297,0.056758,0.179775,0.269056,0.245588,0.177852
568,2.366667,0.393397,0.177203,0.191430,0.331245,0.220787,0.183625,0.267429,0.161256,0.180319,0.248295,0.056761,0.179778,0.269055,0.245588,0.177851
569,2.370833,0.393394,0.177202,0.191436,0.331247,0.220780,0.183617,0.267423,0.161254,0.180323,0.248295,0.056759,0.179780,0.269055,0.245589,0.177850
570,2.375000,0.393393,0.177199,0.191439,0.331245,0.220779,0.183613,0.267424,0.161253,0.180321,0.248296,0.056761,0.179778,0.269054,0.245589,0.177847
571,2.379167,0.393389,0.177197,0.191441,0.331244,0.220779,0.183613,0.267424,0.161256,0.180322,0.248294,0.056759,0.179777,0.269054,0.245589,0.177846
572,2.383333,0.393386,0.177192,0.191441,0.331242,0.220777,0.183611,0.267424,0.161255,0.180318,0.248293,0.056760,0.179783,0.269052,0.245588,0.177846
573,2.387500,0.393384,0.177188,0.191439,0.331242,0.220776,0.183611,0.267423,0.161254,0.180319,0.248292,0.056757,0.179782,0.269052,0.245590,0.177843
574,2.391667,0.393382,0.177184,0.191435,0.331242,0.220775,0.183612,0.267422,0.161253,0.180318,0.248295,0.056756,0.179779,0.269055,0.245589,0.177845
575,2.395833,0.393374,0.177179,0.191430,0.331239,0.220775,0.183613,0.267420,0.161255,0.180320,0.248296,0.056754,0.179783,0.269052,0.245588,0.177848
576,2.400000,0.393371,0.177174,0.191424,0.331240,0.220774,0.183615,0.267422,0.161257,0.180316,0.248295,0.056758,0.179781,0.269052,0.245588,0.177848
577,2.404167,0.393367,0.177170,0.191414,0.331240,0.220774,0.183612,0.267420,0.161260,0.180322,0.248294,0.056756,0.179782,0.269054,0.245588,0.177848
578,2.408333,0.393361,0.177166,0.191406,0.331239,0.220775,0.183613,0.267421,0.161252,0.180317,0.248297,0.056754,0.179781,0.269051,0.245588,0.177851
579,2.412500,0.393356,0.177163,0.191399,0.331240,0.220773,0.183614,0.267419,0.161256,0.180318,0.248294,0.056756,0.179782,0.269048,0.245588,0.177854
580,2.416667,0.393354,0.177157,0.191386,0.331239,0.220773,0.183615,0.267420,0.161256,0.180320,0.248296,0.056753,0.179781,0.269043,0.245591,0.177847
581,2.420833,0.393351,0.177154,0.191376,0.331237,0.220772,0.183615,0.267418,0.161256,0.180327,0.248291,0.056755,0.179787,0.269049,0.245590,0.177860
582,2.425000,0.393348,0.177151,0.191367,0.331236,0.220772,0.183613,0.267419,0.161256,0.180328,0.248295,0.056755,0.179782,0.269048,0.245587,0.177867
583,2.429167,0.393347,0.177149,0.191354,0.331237,0.220772,0.183617,0.267417,0.161254,0.180332,0.248293,0.056755,0.179787,0.269046,0.245589,0.177870
584,2.433333,0.393346,0.177148,0.191343,0.331236,0.220773,0.183618,0.267414,0.161257,0.180333,0.248291,0.056756,0.179789,0.269046,0.245590,0.177873
585,2.437500,0.393345,0.177148,0.191331,0.331235,0.220773,0.183619,0.267416,0.161257,0.180337,0.248294,0.056755,0.179789,0.269044,0.245590,0.177882
586,2.441667,0.393344,0.177146,0.191319,0.331234,0.220774,0.183618,0.267414,0.161258,0.180343,0.248294,0.056757,0.179795,0.269043,0.245590,0.177887
587,2.445833,0.393344,0.177146,0.191310,0.331234,0.220771,0.183621,0.267415,0.161257,0.180347,0.248292,0.056754,0.179794,0.269042,0.245590,0.177892
588,2.450000,0.393346,0.177147,0.191297,0.331233,0.220773,0.183621,0.267415,0.161258,0.180349,0.248293,0.056756,0.179793,0.269043,0.245591,0.177896
589,2.454167,0.393347,0.177147,0.191289,0.331233,0.220773,0.183622,0.267418,0.161258,0.180349,0.248295,0.056755,0.179790,0.269043,0.245591,0.177903
590,2.458333,0.393350,0.177145,0.191280,0.331233,0.220774,0.183623,0.267415,0.161259,0.180351,0.248293,0.056755,0.179797,0.269041,0.245591,0.177909
591,2.462500,0.393351,0.177146,0.191271,0.331233,0.220773,0.183623,0.267414,0.161256,0.180357,0.248292,0.056755,0.179793,0.269038,0.245589,0.177915
592,2.466667,0.393351,0.177147,0.191263,0.331230,0.220774,0.183624,0.267417,0.161254,0.180357,0.248291,0.056754,0.179791,0.269038,0.245589,0.177917
593,2.470833,0.393352,0.177150,0.191254,0.331230,0.220776,0.183626,0.267413,0.161255,0.180360,0.248292,0.056752,0.179791,0.269036,0.245588,0.177925
594,2.475000,0.393352,0.177150,0.191248,0.331232,0.220774,0.183629,0.267413,0.161253,0.180362,0.248291,0.056752,0.179788,0.269035,0.245590,0.177929
595,2.479167,0.393356,0.177152,0.191240,0.331233,0.220774,0.183629,0.267412,0.161255,0.180367,0.248294,0.056754,0.179790,0.269037,0.245589,0.177932
596,2.483333,0.393357,0.177153,0.191234,0.331229,0.220776,0.183630,0.267414,0.161254,0.180366,0.248291,0.056753,0.179791,0.269035,0.245588,0.177939
597,2.487500,0.393359,0.177157,0.191226,0.331233,0.220776,0.183630,0.267413,0.161252,0.180369,0.248291,0.056757,0.179790,0.269035,0.245588,0.177940
598,2.491667,0.393361,0.177160,0.191223,0.331232,0.220775,0.183632,0.267413,0.161254,0.180369,0.248290,0.056755,0.179791,0.269034,0.245590,0.177944
599,2.495833,0.393363,0.177162,0.191218,0.331232,0.220774,0.183633,0.267412,0.161254,0.180376,0.248289,0.056755,0.179792,0.269033,0.245587,0.177945
600,2.500000,0.393366,0.177165,0.191215,0.331232,0.220776,0.183635,0.267412,0.161253,0.180374,0.248290,0.056755,0.179788,0.269034,0.245588,0.177945
601,2.504167,0.393371,0.177169,0.191214,0.331231,0.220779,0.183635,0.267412,0.161256,0.180376,0.248291,0.056758,0.179788,0.269032,0.245598,0.177952
602,2.508333,0.393372,0.177175,0.191213,0.331230,0.220778,0.183636,0.267413,0.161254,0.180376,0.248291,0.056757,0.179789,0.269035,0.245590,0.177945
603,2.512500,0.393377,0.177178,0.191212,0.331231,0.220779,0.183635,0.267412,0.161255,0.180373,0.248289,0.056759,0.179790,0.269033,0.245589,0.177944
604,2.516667,0.393379,0.177182,0.191215,0.331231,0.220779,0.183638,0.267412,0.161257,0.180373,0.248292,0.056760,0.179787,0.269032,0.245598,0.177949
605,2.520833,0.393381,0.177185,0.191217,0.331230,0.220780,0.183639,0.267413,0.161259,0.180373,0.248290,0.056759,0.179789,0.269034,0.245597,0.177947
606,2.525000,0.393380,0.177189,0.191220,0.331231,0.220780,0.183639,0.267415,0.161254,0.180372,0.248292,0.056760,0.179790,0.269035,0.245591,0.177935
607,2.529167,0.393384,0.177191,0.191226,0.331232,0.220782,0.183638,0.267411,0.161255,0.180371,0.248289,0.056760,0.179790,0.269034,0.245589,0.177933
608,2.533333,0.393385,0.177194,0.191233,0.331232,0.220781,0.183637,0.267415,0.161257,0.180364,0.248292,0.056757,0.179784,0.269037,0.245591,0.177931
609,2.537500,0.393382,0.177198,0.191243,0.331233,0.220782,0.183636,0.267416,0.161258,0.180361,0.248293,0.056759,0.179782,0.269038,0.245591,0.177924
610,2.541667,0.393384,0.177199,0.191254,0.331233,0.220785,0.183635,0.267414,0.161255,0.180361,0.248293,0.056763,0.179781,0.269037,0.245591,0.177919
611,2.545833,0.393383,0.177201,0.191263,0.331235,0.220786,0.183631,0.267417,0.161254,0.180358,0.248291,0.056758,0.179780,0.269038,0.245590,0.177916
612,2.550000,0.393383,0.177201,0.191275,0.331234,0.220785,0.183632,0.267416,0.161256,0.180353,0.248292,0.056761,0.179778,0.269037,0.245591,0.177909
613,2.554167,0.393382,0.177204,0.191288,0.331235,0.220786,0.183633,0.267416,0.161255,0.180349,0.248293,0.056758,0.179776,0.269035,0.245591,0.177903
614,2.558333,0.393385,0.177204,0.191303,0.331233,0.220787,0.183630,0.267416,0.161256,0.180344,0.248293,0.056757,0.179773,0.269036,0.245588,0.177898
615,2.562500,0.393384,0.177206,0.191319,0.331234,0.220787,0.183627,0.267419,0.161253,0.180340,0.248292,0.056757,0.179773,0.269035,0.245588,0.177892
616,2.566667,0.393383,0.177208,0.191333,0.331233,0.220786,0.183627,0.267419,0.161255,0.180334,0.248296,0.056761,0.179772,0.269036,0.245590,0.177885
617,2.570833,0.393384,0.177208,0.191346,0.331232,0.220786,0.183625,0.267416,0.161258,0.180334,0.248293,0.056757,0.179775,0.269036,0.245591,0.177879
618,2.575000,0.393385,0.177210,0.191362,0.331232,0.220786,0.183624,0.267417,0.161258,0.180334,0.248296,0.056758,0.179771,0.269036,0.245592,0.177876
619,2.579167,0.393378,0.177212,0.191377,0.331232,0.220792,0.183628,0.267417,0.161256,0.180332,0.248295,0.056759,0.179773,0.269035,0.245591,0.177870
620,2.583333,0.393376,0.177212,0.191389,0.331231,0.220788,0.183621,0.267417,0.161257,0.180328,0.248293,0.056760,0.179776,0.269035,0.245592,0.177864
621,2.587500,0.393378,0.177211,0.191400,0.331230,0.220787,0.183619,0.267416,0.161258,0.180321,0.248293,0.056761,0.179774,0.269034,0.245592,0.177863
622,2.591667,0.393373,0.177211,0.191411,0.331230,0.220786,0.183618,0.267414,0.161262,0.180315,0.248291,0.056761,0.179779,0.269034,0.245594,0.177856
623,2.595833,0.393371,0.177213,0.191422,0.331229,0.220786,0.183614,0.267415,0.161261,0.180317,0.248296,0.056763,0.179778,0.269027,0.245598,0.177845
624,2.600000,0.393369,0.177213,0.191430,0.331229,0.220787,0.183614,0.267413,0.161261,0.180319,0.248297,0.056762,0.179777,0.269025,0.245596,0.177842
625,2.604167,0.393371,0.177211,0.191436,0.331226,0.220790,0.183611,0.267415,0.161264,0.180319,0.248298,0.056764,0.179776,0.269032,0.245594,0.177845
626,2.608333,0.393367,0.177208,0.191440,0.331225,0.220794,0.183617,0.267411,0.161267,0.180322,0.248294,0.056762,0.179777,0.269027,0.245599,0.177833
627,2.612500,0.393340,0.177206,0.191497,0.331226,0.220790,0.183611,0.267412,0.161264,0.180316,0.248296,0.056764,0.179777,0.269026,0.245598,0.177831
628,2.616667,0.393337,0.177201,0.191503,0.331226,0.220789,0.183608,0.267414,0.161264,0.180309,0.248294,0.056765,0.179778,0.269025,0.245598,0.177833
629,2.620833,0.393358,0.177200,0.191450,0.331226,0.220790,0.183606,0.267411,0.161263,0.180311,0.248294,0.056762,0.179778,0.269025,0.245597,0.177830
630,2.625000,0.393335,0.177195,0.191493,0.331224,0.220789,0.183605,0.267413,0.161262,0.180305,0.248295,0.056762,0.179778,0.269024,0.245596,0.177829
631,2.629167,0.393350,0.177195,0.191449,0.331225,0.220790,0.183608,0.267416,0.161265,0.180302,0.248296,0.056761,0.179776,0.269024,0.245596,0.177830
632,2.633333,0.393350,0.177192,0.191437,0.331222,0.220795,0.183612,0.267412,0.161263,0.180307,0.248298,0.056761,0.179775,0.269022,0.245598,0.177828
633,2.637500,0.393347,0.177193,0.191432,0.331224,0.220789,0.183605,0.267411,0.161262,0.180311,0.248298,0.056760,0.179774,0.269023,0.245597,0.177827
634,2.641667,0.393345,0.177192,0.191425,0.331222,0.220789,0.183604,0.267412,0.161265,0.180309,0.248298,0.056762,0.179774,0.269023,0.245598,0.177830
635,2.645833,0.393342,0.177190,0.191416,0.331222,0.220790,0.183605,0.267411,0.161263,0.180311,0.248295,0.056763,0.179776,0.269020,0.245596,0.177831
636,2.650000,0.393343,0.177191,0.191406,0.331220,0.220789,0.183609,0.267414,0.161260,0.180306,0.248299,0.056763,0.179775,0.269020,0.245597,0.177835
637,2.654167,0.393343,0.177189,0.191397,0.331220,0.220787,0.183609,0.267416,0.161264,0.180305,0.248297,0.056763,0.179778,0.269020,0.245596,0.177839
638,2.658333,0.393342,0.177187,0.191386,0.331219,0.220789,0.183611,0.267413,0.161263,0.180312,0.248297,0.056759,0.179778,0.269019,0.245596,0.177843
639,2.662500,0.393341,0.177185,0.191380,0.331218,0.220788,0.183611,0.267414,0.161261,0.180316,0.248298,0.056760,0.179779,0.269027,0.245595,0.177853
640,2.666667,0.393341,0.177186,0.191367,0.331219,0.220787,0.183611,0.267411,0.161261,0.180327,0.248299,0.056762,0.179778,0.269019,0.245596,0.177852
641,2.670833,0.393342,0.177183,0.191358,0.331219,0.220786,0.183611,0.267411,0.161262,0.180330,0.248296,0.056760,0.179779,0.269024,0.245594,0.177864
642,2.675000,0.393339,0.177181,0.191348,0.331219,0.220785,0.183616,0.267407,0.161261,0.180330,0.248297,0.056760,0.179784,0.269023,0.245593,0.177871
643,2.679167,0.393341,0.177179,0.191337,0.331219,0.220785,0.183616,0.267407,0.161263,0.180337,0.248294,0.056759,0.179787,0.269017,0.245597,0.177869
644,2.683333,0.393341,0.177178,0.191325,0.331219,0.220784,0.183617,0.267405,0.161259,0.180343,0.248296,0.056759,0.179786,0.269022,0.245592,0.177882
645,2.687500,0.393344,0.177176,0.191316,0.331218,0.220783,0.183616,0.267407,0.161259,0.180343,0.248293,0.056760,0.179787,0.269023,0.245591,0.177893
646,2.691667,0.393349,0.177175,0.191303,0.331218,0.220782,0.183617,0.267407,0.161262,0.180347,0.248293,0.056761,0.179788,0.269022,0.245592,0.177895
647,2.695833,0.393350,0.177175,0.191292,0.331219,0.220783,0.183622,0.267406,0.161261,0.180352,0.248290,0.056761,0.179790,0.269023,0.245595,0.177899
648,2.700000,0.393352,0.177175,0.191279,0.331216,0.220782,0.183621,0.267400,0.161261,0.180363,0.248292,0.056757,0.179791,0.269022,0.245593,0.177906
649,2.704167,0.393357,0.177175,0.191268,0.331218,0.220781,0.183623,0.267404,0.161260,0.180365,0.248290,0.056758,0.179790,0.269022,0.245592,0.177914
650,2.708333,0.393355,0.177176,0.191259,0.331219,0.220781,0.183623,0.267404,0.161258,0.180363,0.248291,0.056761,0.179788,0.269023,0.245592,0.177916
651,2.712500,0.393357,0.177176,0.191250,0.331219,0.220782,0.183626,0.267405,0.161259,0.180370,0.248287,0.056760,0.179792,0.269021,0.245600,0.177926
652,2.716667,0.393358,0.177177,0.191239,0.331220,0.220781,0.183627,0.267404,0.161259,0.180372,0.248289,0.056758,0.179793,0.269025,0.245594,0.177924
653,2.720833,0.393362,0.177177,0.191233,0.331223,0.220780,0.183629,0.267403,0.161257,0.180377,0.248290,0.056756,0.179794,0.269022,0.245599,0.177935
654,2.725000,0.393361,0.177177,0.191223,0.331223,0.220780,0.183631,0.267405,0.161254,0.180375,0.248291,0.056753,0.179792,0.269023,0.245597,0.177934
655,2.729167,0.393362,0.177174,0.191217,0.331222,0.220781,0.183631,0.267407,0.161257,0.180372,0.248285,0.056753,0.179793,0.269026,0.245592,0.177931
656,2.733333,0.393363,0.177173,0.191214,0.331225,0.220781,0.183632,0.267408,0.161255,0.180368,0.248288,0.056754,0.179793,0.269028,0.245591,0.177929
657,2.737500,0.393363,0.177175,0.191211,0.331227,0.220779,0.183631,0.267406,0.161253,0.180373,0.248286,0.056753,0.179802,0.269026,0.245597,0.177939
658,2.741667,0.393363,0.177176,0.191209,0.331225,0.220781,0.183634,0.267409,0.161254,0.180372,0.248286,0.056753,0.179797,0.269029,0.245591,0.177931
659,2.745833,0.393364,0.177175,0.191209,0.331228,0.220782,0.183635,0.267411,0.161255,0.180371,0.248284,0.056753,0.179799,0.269030,0.245592,0.177933
660,2.750000,0.393364,0.177172,0.191210,0.331229,0.220783,0.183633,0.267410,0.161255,0.180374,0.248286,0.056755,0.179791,0.269031,0.245592,0.177932
661,2.754167,0.393363,0.177172,0.191215,0.331228,0.220781,0.183633,0.267408,0.161256,0.180374,0.248286,0.056754,0.179793,0.269031,0.245593,0.177932
662,2.758333,0.393362,0.177173,0.191219,0.331231,0.220780,0.183631,0.267409,0.161258,0.180367,0.248290,0.056754,0.179790,0.269033,0.245593,0.177929
663,2.762500,0.393363,0.177171,0.191226,0.331230,0.220780,0.183633,0.267407,0.161258,0.180366,0.248285,0.056753,0.179795,0.269034,0.245594,0.177927
664,2.766667,0.393360,0.177172,0.191234,0.331228,0.220780,0.183634,0.267410,0.161259,0.180361,0.248286,0.056757,0.179793,0.269031,0.245602,0.177930
665,2.770833,0.393362,0.177172,0.191243,0.331229,0.220779,0.183631,0.267409,0.161260,0.180362,0.248287,0.056757,0.179792,0.269034,0.245594,0.177921
666,2.775000,0.393363,0.177171,0.191256,0.331229,0.220779,0.183630,0.267410,0.161259,0.180361,0.248287,0.056756,0.179793,0.269035,0.245595,0.177922
667,2.779167,0.393361,0.177170,0.191264,0.331229,0.220778,0.183627,0.267409,0.161259,0.180359,0.248286,0.056755,0.179789,0.269033,0.245602,0.177923
668,2.783333,0.393361,0.177171,0.191275,0.331228,0.220778,0.183628,0.267411,0.161261,0.180355,0.248288,0.056757,0.179788,0.269036,0.245595,0.177910
669,2.787500,0.393362,0.177169,0.191288,0.331228,0.220777,0.183625,0.267412,0.161260,0.180351,0.248288,0.056758,0.179788,0.269036,0.245594,0.177906
670,2.791667,0.393362,0.177167,0.191301,0.331228,0.220775,0.183627,0.267410,0.161259,0.180350,0.248289,0.056756,0.179785,0.269036,0.245593,0.177903
671,2.795833,0.393358,0.177168,0.191312,0.331228,0.220777,0.183624,0.267412,0.161258,0.180346,0.248291,0.056756,0.179784,0.269036,0.245593,0.177899
672,2.800000,0.393357,0.177167,0.191324,0.331227,0.220778,0.183624,0.267413,0.161259,0.180339,0.248290,0.056758,0.179786,0.269037,0.245594,0.177895
673,2.804167,0.393353,0.177166,0.191340,0.331227,0.220778,0.183624,0.267414,0.161261,0.180338,0.248293,0.056757,0.179782,0.269037,0.245595,0.177890
674,2.808333,0.393349,0.177165,0.191349,0.331228,0.220778,0.183620,0.267412,0.161264,0.180341,0.248291,0.056760,0.179780,0.269036,0.245595,0.177885
675,2.812500,0.393344,0.177165,0.191360,0.331230,0.220779,0.183621,0.267411,0.161262,0.180340,0.248292,0.056760,0.179781,0.269038,0.245595,0.177880
676,2.816667,0.393341,0.177166,0.191370,0.331227,0.220780,0.183621,0.267412,0.161261,0.180333,0.248292,0.056763,0.179776,0.269037,0.245595,0.177875
677,2.820833,0.393340,0.177163,0.191378,0.331228,0.220779,0.183620,0.267412,0.161260,0.180329,0.248294,0.056761,0.179778,0.269038,0.245595,0.177870
678,2.825000,0.393337,0.177161,0.191390,0.331229,0.220780,0.183618,0.267413,0.161260,0.180324,0.248293,0.056760,0.179776,0.269038,0.245595,0.177868
679,2.829167,0.393335,0.177162,0.191397,0.331227,0.220780,0.183618,0.267412,0.161260,0.180323,0.248293,0.056761,0.179779,0.269039,0.245594,0.177862
680,2.833333,0.393335,0.177159,0.191404,0.331226,0.220781,0.183617,0.267413,0.161262,0.180319,0.248295,0.056761,0.179777,0.269035,0.245595,0.177858
681,2.837500,0.393334,0.177160,0.191410,0.331225,0.220780,0.183618,0.267411,0.161261,0.180320,0.248294,0.056761,0.179779,0.269036,0.245593,0.177853
682,2.841667,0.393332,0.177162,0.191415,0.331225,0.220780,0.183619,0.267414,0.161263,0.180313,0.248295,0.056762,0.179776,0.269037,0.245596,0.177849
683,2.845833,0.393333,0.177165,0.191417,0.331224,0.220781,0.183616,0.267410,0.161261,0.180320,0.248296,0.056762,0.179777,0.269030,0.245599,0.177840
684,2.850000,0.393331,0.177163,0.191421,0.331224,0.220778,0.183615,0.267415,0.161263,0.180311,0.248299,0.056761,0.179779,0.269035,0.245595,0.177846
685,2.854167,0.393333,0.177163,0.191423,0.331223,0.220781,0.183618,0.267415,0.161265,0.180314,0.248297,0.056759,0.179778,0.269035,0.245594,0.177843
686,2.858333,0.393333,0.177164,0.191428,0.331222,0.220779,0.183621,0.267414,0.161264,0.180307,0.248296,0.056763,0.179776,0.269036,0.245596,0.177841
687,2.862500,0.393332,0.177166,0.191428,0.331222,0.220780,0.183619,0.267414,0.161263,0.180311,0.248295,0.056759,0.179780,0.269036,0.245597,0.177844
688,2.866667,0.393333,0.177165,0.191426,0.331223,0.220781,0.183618,0.267414,0.161266,0.180314,0.248295,0.056762,0.179780,0.269027,0.245597,0.177840
689,2.870833,0.393334,0.177164,0.191428,0.331224,0.220780,0.183618,0.267413,0.161264,0.180315,0.248296,0.056763,0.179781,0.269029,0.245599,0.177837
690,2.875000,0.393333,0.177166,0.191427,0.331225,0.220781,0.183621,0.267414,0.161264,0.180315,0.248295,0.056762,0.179778,0.269030,0.245599,0.177838
691,2.879167,0.393333,0.177166,0.191427,0.331223,0.220781,0.183621,0.267415,0.161264,0.180314,0.248300,0.056759,0.179777,0.269037,0.245596,0.177848
692,2.883333,0.393334,0.177165,0.191423,0.331224,0.220780,0.183621,0.267414,0.161263,0.180314,0.248297,0.056762,0.179777,0.269029,0.245597,0.177844
693,2.887500,0.393335,0.177166,0.191421,0.331224,0.220781,0.183624,0.267413,0.161263,0.180315,0.248296,0.056760,0.179779,0.269028,0.245596,0.177845
694,2.891667,0.393333,0.177167,0.191417,0.331225,0.220781,0.183623,0.267414,0.161262,0.180318,0.248296,0.056760,0.179777,0.269036,0.245594,0.177854
695,2.895833,0.393335,0.177168,0.191411,0.331224,0.220781,0.183623,0.267412,0.161261,0.180323,0.248295,0.056760,0.179781,0.269036,0.245593,0.177859
696,2.900000,0.393339,0.177169,0.191408,0.331225,0.220782,0.183625,0.267416,0.161260,0.180322,0.248296,0.056762,0.179779,0.269035,0.245594,0.177863
697,2.904167,0.393342,0.177169,0.191401,0.331225,0.220786,0.183635,0.267416,0.161262,0.180326,0.248297,0.056762,0.179779,0.269031,0.245598,0.177858
698,2.908333,0.393342,0.177171,0.191393,0.331227,0.220781,0.183629,0.267416,0.161262,0.180327,0.248297,0.056761,0.179777,0.269038,0.245594,0.177868
699,2.912500,0.393344,0.177172,0.191387,0.331226,0.220781,0.183628,0.267414,0.161261,0.180333,0.248294,0.056761,0.179783,0.269036,0.245592,0.177873
700,2.916667,0.393348,0.177176,0.191376,0.331227,0.220781,0.183630,0.267414,0.161261,0.180339,0.248296,0.056762,0.179785,0.269036,0.245591,0.177880
701,2.920833,0.393353,0.177174,0.191369,0.331229,0.220781,0.183632,0.267415,0.161262,0.180340,0.248296,0.056760,0.179782,0.269036,0.245592,0.177881
702,2.925000,0.393357,0.177176,0.191361,0.331227,0.220780,0.183633,0.267415,0.161262,0.180337,0.248293,0.056763,0.179786,0.269035,0.245593,0.177885
703,2.929167,0.393359,0.177175,0.191353,0.331227,0.220780,0.183634,0.267416,0.161260,0.180340,0.248291,0.056761,0.179787,0.269037,0.245594,0.177890
704,2.933333,0.393363,0.177176,0.191345,0.331229,0.220780,0.183634,0.267416,0.161259,0.180341,0.248292,0.056762,0.179783,0.269035,0.245591,0.177893
705,2.937500,0.393364,0.177177,0.191337,0.331227,0.220779,0.183636,0.267415,0.161260,0.180342,0.248294,0.056758,0.179784,0.269037,0.245591,0.177895
706,2.941667,0.393366,0.177178,0.191329,0.331229,0.220778,0.183636,0.267414,0.161257,0.180350,0.248292,0.056760,0.179785,0.269037,0.245591,0.177900
707,2.945833,0.393366,0.177176,0.191320,0.331228,0.220779,0.183637,0.267413,0.161256,0.180351,0.248289,0.056760,0.179787,0.269037,0.245590,0.177904
708,2.950000,0.393368,0.177177,0.191314,0.331230,0.220776,0.183639,0.267413,0.161257,0.180353,0.248291,0.056756,0.179786,0.269038,0.245590,0.177906
709,2.954167,0.393367,0.177174,0.191311,0.331229,0.220775,0.183640,0.267413,0.161258,0.180351,0.248291,0.056761,0.179786,0.269037,0.245588,0.177909
710,2.958333,0.393367,0.177171,0.191303,0.331228,0.220778,0.183641,0.267412,0.161256,0.180356,0.248286,0.056759,0.179788,0.269038,0.245591,0.177911
711,2.962500,0.393366,0.177173,0.191299,0.331229,0.220774,0.183640,0.267412,0.161257,0.180358,0.248290,0.056757,0.179787,0.269037,0.245588,0.177913
712,2.966667,0.393367,0.177172,0.191294,0.331229,0.220774,0.183643,0.267410,0.161255,0.180362,0.248289,0.056757,0.179786,0.269038,0.245589,0.177913
713,2.970833,0.393365,0.177171,0.191294,0.331228,0.220774,0.183643,0.267409,0.161258,0.180362,0.248289,0.056758,0.179786,0.269037,0.245589,0.177914
714,2.975000,0.393365,0.177169,0.191291,0.331228,0.220773,0.183644,0.267411,0.161258,0.180361,0.248287,0.056760,0.179792,0.269038,0.245591,0.177913
715,2.979167,0.393365,0.177169,0.191288,0.331228,0.220775,0.183641,0.267411,0.161254,0.180357,0.248286,0.056759,0.179792,0.269035,0.245590,0.177916
716,2.983333,0.393364,0.177168,0.191290,0.331228,0.220773,0.183644,0.267410,0.161257,0.180360,0.248289,0.056759,0.179791,0.269035,0.245590,0.177916
717,2.987500,0.393363,0.177165,0.191292,0.331224,0.220774,0.183644,0.267412,0.161257,0.180356,0.248287,0.056760,0.179794,0.269038,0.245590,0.177913
718,2.991667,0.393360,0.177165,0.191294,0.331226,0.220772,0.183643,0.267411,0.161255,0.180362,0.248289,0.056758,0.179794,0.269038,0.245591,0.177912
719,2.995833,0.393357,0.177162,0.191296,0.331224,0.220773,0.183645,0.267409,0.161255,0.180368,0.248289,0.056759,0.179795,0.269034,0.245590,0.177913
720,3.000000,0.393355,0.177160,0.191301,0.331225,0.220773,0.183644,0.267410,0.161256,0.180360,0.248291,0.056756,0.179795,0.269035,0.245589,0.177912
721,3.004167,0.393349,0.177159,0.191306,0.331224,0.220774,0.183645,0.267410,0.161256,0.180359,0.248288,0.056756,0.179793,0.269035,0.245589,0.177909
722,3.008333,0.393346,0.177154,0.191314,0.331224,0.220772,0.183641,0.267409,0.161256,0.180356,0.248289,0.056756,0.179794,0.269034,0.245592,0.177908
723,3.012500,0.393340,0.177151,0.191322,0.331222,0.220771,0.183640,0.267408,0.161255,0.180354,0.248288,0.056754,0.179795,0.269033,0.245590,0.177909
724,3.016667,0.393337,0.177148,0.191328,0.331220,0.220772,0.183640,0.267404,0.161256,0.180356,0.248288,0.056753,0.179793,0.269029,0.245589,0.177906
725,3.020833,0.393333,0.177146,0.191335,0.331219,0.220773,0.183637,0.267406,0.161256,0.180350,0.248288,0.056753,0.179792,0.269029,0.245592,0.177907
726,3.025000,0.393328,0.177141,0.191342,0.331219,0.220774,0.183637,0.267403,0.161257,0.180348,0.248286,0.056757,0.179795,0.269030,0.245591,0.177901
727,3.029167,0.393324,0.177140,0.191348,0.331217,0.220773,0.183637,0.267405,0.161258,0.180346,0.248287,0.056757,0.179793,0.269026,0.245592,0.177904
728,3.033333,0.393320,0.177141,0.191355,0.331217,0.220773,0.183634,0.267403,0.161257,0.180348,0.248288,0.056754,0.179794,0.269026,0.245591,0.177901
729,3.037500,0.393315,0.177137,0.191361,0.331213,0.220775,0.183635,0.267403,0.161259,0.180350,0.248291,0.056754,0.179792,0.269025,0.245593,0.177898
730,3.041667,0.393313,0.177135,0.191368,0.331213,0.220774,0.183636,0.267401,0.161260,0.180350,0.248289,0.056758,0.179788,0.269024,0.245592,0.177895
731,3.045833,0.393312,0.177138,0.191372,0.331212,0.220774,0.183634,0.267401,0.161261,0.180350,0.248287,0.056757,0.179791,0.269022,0.245593,0.177894
732,3.050000,0.393309,0.177136,0.191379,0.331211,0.220775,0.183635,0.267399,0.161262,0.180345,0.248290,0.056756,0.179791,0.269022,0.245595,0.177893
733,3.054167,0.393304,0.177137,0.191384,0.331209,0.220775,0.183634,0.267403,0.161261,0.180335,0.248292,0.056758,0.179787,0.269022,0.245594,0.177887
734,3.058333,0.393304,0.177138,0.191388,0.331208,0.220776,0.183633,0.267401,0.161263,0.180340,0.248293,0.056758,0.179790,0.269012,0.245598,0.177882
735,3.062500,0.393302,0.177138,0.191393,0.331208,0.220776,0.183634,0.267405,0.161260,0.180342,0.248289,0.056757,0.179790,0.269019,0.245596,0.177885
736,3.066667,0.393301,0.177140,0.191395,0.331208,0.220778,0.183635,0.267403,0.161263,0.180339,0.248292,0.056755,0.179788,0.269018,0.245595,0.177883
737,3.070833,0.393298,0.177144,0.191396,0.331206,0.220779,0.183634,0.267405,0.161265,0.180341,0.248290,0.056758,0.179787,0.269017,0.245595,0.177884
738,3.075000,0.393301,0.177142,0.191399,0.331207,0.220779,0.183636,0.267403,0.161262,0.180338,0.248290,0.056760,0.179789,0.269009,0.245597,0.177874
739,3.079167,0.393299,0.177143,0.191402,0.331206,0.220780,0.183639,0.267406,0.161261,0.180335,0.248294,0.056758,0.179787,0.269008,0.245597,0.177875
740,3.083333,0.393297,0.177145,0.191399,0.331207,0.220781,0.183639,0.267405,0.161264,0.180330,0.248291,0.056757,0.179788,0.269018,0.245596,0.177880
741,3.087500,0.393297,0.177148,0.191401,0.331208,0.220782,0.183639,0.267404,0.161263,0.180333,0.248292,0.056758,0.179787,0.269019,0.245598,0.177879
742,3.091667,0.393300,0.177149,0.191398,0.331208,0.220783,0.183640,0.267403,0.161263,0.180337,0.248294,0.056757,0.179785,0.269018,0.245596,0.177875
743,3.095833,0.393301,0.177153,0.191397,0.331210,0.220783,0.183641,0.267404,0.161263,0.180334,0.248294,0.056760,0.179787,0.269010,0.245598,0.177871
744,3.100000,0.393304,0.177156,0.191397,0.331208,0.220784,0.183641,0.267408,0.161266,0.180334,0.248296,0.056757,0.179780,0.269019,0.245596,0.177875
745,3.104167,0.393306,0.177158,0.191396,0.331207,0.220790,0.183651,0.267407,0.161263,0.180332,0.248294,0.056760,0.179783,0.269013,0.245599,0.177868
746,3.108333,0.393311,0.177160,0.191396,0.331208,0.220785,0.183644,0.267407,0.161265,0.180330,0.248295,0.056758,0.179781,0.269013,0.245599,0.177869
747,3.112500,0.393316,0.177166,0.191395,0.331210,0.220784,0.183643,0.267406,0.161264,0.180332,0.248296,0.056758,0.179780,0.269013,0.245598,0.177867
748,3.116667,0.393318,0.177169,0.191395,0.331208,0.220786,0.183646,0.267407,0.161263,0.180333,0.248296,0.056761,0.179780,0.269014,0.245600,0.177865
749,3.120833,0.393326,0.177174,0.191392,0.331208,0.220786,0.183644,0.267407,0.161262,0.180331,0.248293,0.056758,0.179777,0.269010,0.245599,0.177866
750,3.125000,0.393333,0.177176,0.191393,0.331207,0.220787,0.183645,0.267405,0.161263,0.180333,0.248295,0.056756,0.179778,0.269019,0.245595,0.177873
751,3.129167,0.393336,0.177183,0.191395,0.331210,0.220785,0.183646,0.267408,0.161264,0.180332,0.248294,0.056759,0.179779,0.269019,0.245596,0.177871
752,3.133333,0.393338,0.177184,0.191398,0.331209,0.220787,0.183648,0.267408,0.161263,0.180333,0.248293,0.056760,0.179779,0.269021,0.245595,0.177870
753,3.137500,0.393344,0.177189,0.191400,0.331210,0.220787,0.183649,0.267404,0.161265,0.180338,0.248294,0.056760,0.179778,0.269015,0.245600,0.177866
754,3.141667,0.393345,0.177192,0.191399,0.331212,0.220787,0.183649,0.267407,0.161264,0.180334,0.248291,0.056760,0.179781,0.269022,0.245596,0.177874
755,3.145833,0.393348,0.177194,0.191402,0.331214,0.220787,0.183649,0.267406,0.161264,0.180341,0.248293,0.056761,0.179778,0.269023,0.245594,0.177876
756,3.150000,0.393351,0.177195,0.191402,0.331217,0.220787,0.183650,0.267410,0.161262,0.180342,0.248292,0.056763,0.179786,0.269025,0.245594,0.177876
757,3.154167,0.393353,0.177196,0.191405,0.331219,0.220785,0.183648,0.267409,0.161262,0.180340,0.248293,0.056762,0.179783,0.269026,0.245593,0.177878
758,3.158333,0.393353,0.177195,0.191409,0.331219,0.220786,0.183650,0.267407,0.161261,0.180341,0.248291,0.056760,0.179783,0.269020,0.245596,0.177872
759,3.162500,0.393356,0.177196,0.191411,0.331219,0.220786,0.183649,0.267410,0.161261,0.180341,0.248292,0.056760,0.179784,0.269028,0.245593,0.177880
760,3.166667,0.393357,0.177196,0.191413,0.331221,0.220786,0.183649,0.267410,0.161261,0.180339,0.248290,0.056759,0.179782,0.269028,0.245590,0.177881
761,3.170833,0.393358,0.177196,0.191414,0.331223,0.220786,0.183649,0.267412,0.161258,0.180339,0.248290,0.056759,0.179781,0.269030,0.245591,0.177881
762,3.175000,0.393360,0.177198,0.191415,0.331222,0.220786,0.183650,0.267411,0.161258,0.180339,0.248291,0.056760,0.179782,0.269031,0.245592,0.177881
763,3.179167,0.393364,0.177197,0.191415,0.331225,0.220785,0.183648,0.267410,0.161259,0.180343,0.248288,0.056759,0.179783,0.269031,0.245592,0.177882
764,3.183333,0.393363,0.177194,0.191415,0.331222,0.220789,0.183656,0.267412,0.161258,0.180338,0.248289,0.056757,0.179782,0.269031,0.245590,0.177887
765,3.187500,0.393364,0.177192,0.191415,0.331224,0.220783,0.183649,0.267413,0.161257,0.180337,0.248288,0.056759,0.179782,0.269032,0.245591,0.177883
766,3.191667,0.393366,0.177192,0.191413,0.331225,0.220782,0.183649,0.267413,0.161258,0.180338,0.248289,0.056757,0.179782,0.269034,0.245591,0.177885
767,3.195833,0.393365,0.177191,0.191413,0.331224,0.220780,0.183649,0.267413,0.161257,0.180342,0.248288,0.056757,0.179786,0.269034,0.245589,0.177885
768,3.200000,0.393365,0.177187,0.191411,0.331225,0.220779,0.183647,0.267412,0.161254,0.180345,0.248287,0.056757,0.179783,0.269032,0.245589,0.177887
769,3.204167,0.393363,0.177184,0.191410,0.331225,0.220779,0.183647,0.267411,0.161257,0.180344,0.248287,0.056759,0.179785,0.269034,0.245589,0.177888
770,3.208333,0.393361,0.177183,0.191408,0.331224,0.220777,0.183648,0.267409,0.161259,0.180343,0.248289,0.056761,0.179784,0.269035,0.245589,0.177888
771,3.212500,0.393357,0.177178,0.191406,0.331224,0.220777,0.183648,0.267409,0.161258,0.180341,0.248286,0.056757,0.179786,0.269034,0.245590,0.177889
772,3.216667,0.393354,0.177173,0.191406,0.331223,0.220776,0.183647,0.267408,0.161258,0.180345,0.248287,0.056759,0.179790,0.269033,0.245591,0.177889
773,3.220833,0.393352,0.177168,0.191401,0.331222,0.220775,0.183648,0.267408,0.161257,0.180347,0.248288,0.056758,0.179789,0.269035,0.245589,0.177889
774,3.225000,0.393348,0.177163,0.191397,0.331222,0.220774,0.183647,0.267406,0.161259,0.180346,0.248288,0.056760,0.179790,0.269037,0.245591,0.177889
775,3.229167,0.393344,0.177161,0.191393,0.331222,0.220772,0.183647,0.267407,0.161259,0.180346,0.248287,0.056760,0.179792,0.269036,0.245592,0.177891
776,3.233333,0.393339,0.177153,0.191390,0.331222,0.220773,0.183648,0.267406,0.161259,0.180351,0.248287,0.056759,0.179793,0.269036,0.245591,0.177890
777,3.237500,0.393336,0.177147,0.191385,0.331221,0.220772,0.183648,0.267406,0.161259,0.180350,0.248286,0.056761,0.179793,0.269037,0.245592,0.177893
778,3.241667,0.393329,0.177144,0.191383,0.331219,0.220771,0.183649,0.267405,0.161258,0.180346,0.248289,0.056760,0.179791,0.269035,0.245592,0.177896
779,3.245833,0.393325,0.177139,0.191378,0.331219,0.220770,0.183647,0.267407,0.161259,0.180345,0.248288,0.056757,0.179792,0.269034,0.245592,0.177895
780,3.250000,0.393324,0.177136,0.191374,0.331217,0.220769,0.183650,0.267403,0.161261,0.180347,0.248285,0.056760,0.179794,0.269031,0.245591,0.177895
781,3.254167,0.393320,0.177130,0.191371,0.331215,0.220769,0.183649,0.267406,0.161262,0.180345,0.248287,0.056757,0.179793,0.269031,0.245591,0.177897
782,3.258333,0.393315,0.177125,0.191368,0.331215,0.220768,0.183648,0.267405,0.161259,0.180351,0.248285,0.056757,0.179791,0.269031,0.245591,0.177897
783,3.262500,0.393312,0.177122,0.191365,0.331213,0.220768,0.183646,0.267404,0.161259,0.180350,0.248286,0.056758,0.179794,0.269031,0.245591,0.177899
784,3.266667,0.393308,0.177117,0.191361,0.331215,0.220767,0.183647,0.267405,0.161260,0.180348,0.248287,0.056756,0.179791,0.269028,0.245592,0.177902
785,3.270833,0.393304,0.177114,0.191362,0.331214,0.220768,0.183648,0.267404,0.161259,0.180348,0.248287,0.056757,0.179793,0.269030,0.245591,0.177902
786,3.275000,0.393300,0.177110,0.191358,0.331211,0.220767,0.183649,0.267405,0.161260,0.180351,0.248289,0.056754,0.179793,0.269028,0.245592,0.177904
787,3.279167,0.393296,0.177106,0.191361,0.331213,0.220768,0.183648,0.267405,0.161260,0.180351,0.248290,0.056755,0.179788,0.269027,0.245590,0.177908
788,3.283333,0.393292,0.177105,0.191359,0.331212,0.220769,0.183647,0.267403,0.161261,0.180350,0.248292,0.056757,0.179789,0.269028,0.245593,0.177907
789,3.287500,0.393288,0.177102,0.191356,0.331209,0.220769,0.183649,0.267407,0.161263,0.180352,0.248290,0.056757,0.179789,0.269029,0.245594,0.177908
790,3.291667,0.393285,0.177100,0.191356,0.331210,0.220769,0.183649,0.267401,0.161258,0.180356,0.248290,0.056758,0.179794,0.269025,0.245592,0.177912
791,3.295833,0.393284,0.177100,0.191354,0.331209,0.220772,0.183655,0.267404,0.161261,0.180351,0.248291,0.056760,0.179793,0.269022,0.245601,0.177919
792,3.300000,0.393281,0.177098,0.191353,0.331208,0.220767,0.183652,0.267400,0.161264,0.180353,0.248293,0.056762,0.179791,0.269026,0.245595,0.177911
793,3.304167,0.393281,0.177098,0.191353,0.331207,0.220769,0.183653,0.267401,0.161263,0.180351,0.248288,0.056759,0.179794,0.269026,0.245594,0.177911
794,3.308333,0.393281,0.177099,0.191350,0.331206,0.220769,0.183653,0.267400,0.161264,0.180357,0.248291,0.056760,0.179789,0.269025,0.245594,0.177912
795,3.312500,0.393281,0.177101,0.191352,0.331208,0.220768,0.183651,0.267399,0.161264,0.180361,0.248290,0.056760,0.179793,0.269023,0.245595,0.177915
796,3.316667,0.393282,0.177102,0.191348,0.331206,0.220770,0.183654,0.267402,0.161264,0.180357,0.248292,0.056761,0.179792,0.269026,0.245597,0.177910
797,3.320833,0.393285,0.177104,0.191347,0.331205,0.220770,0.183655,0.267403,0.161267,0.180356,0.248293,0.056758,0.179787,0.269028,0.245596,0.177907
798,3.325000,0.393289,0.177107,0.191347,0.331207,0.220769,0.183654,0.267403,0.161265,0.180352,0.248292,0.056757,0.179792,0.269027,0.245596,0.177908
799,3.329167,0.393290,0.177110,0.191348,0.331206,0.220771,0.183655,0.267402,0.161266,0.180352,0.248293,0.056759,0.179787,0.269024,0.245597,0.177908
800,3.333333,0.393294,0.177112,0.191348,0.331206,0.220772,0.183656,0.267402,0.161267,0.180351,0.248292,0.056761,0.179786,0.269027,0.245597,0.177907
801,3.337500,0.393297,0.177114,0.191350,0.331207,0.220772,0.183656,0.267405,0.161265,0.180345,0.248294,0.056761,0.179787,0.269028,0.245596,0.177902
802,3.341667,0.393299,0.177120,0.191352,0.331209,0.220772,0.183654,0.267404,0.161265,0.180348,0.248293,0.056762,0.179782,0.269026,0.245595,0.177900
803,3.345833,0.393303,0.177126,0.191355,0.331211,0.220772,0.183653,0.267407,0.161264,0.180346,0.248292,0.056760,0.179781,0.269027,0.245595,0.177900
804,3.350000,0.393305,0.177128,0.191360,0.331210,0.220774,0.183655,0.267407,0.161261,0.180342,0.248290,0.056759,0.179781,0.269028,0.245595,0.177897
805,3.354167,0.393309,0.177133,0.191364,0.331211,0.220776,0.183654,0.267407,0.161262,0.180344,0.248293,0.056759,0.179779,0.269029,0.245594,0.177896
806,3.358333,0.393312,0.177138,0.191369,0.331213,0.220775,0.183653,0.267408,0.161261,0.180342,0.248294,0.056760,0.179779,0.269029,0.245593,0.177893
807,3.362500,0.393317,0.177142,0.191372,0.331215,0.220776,0.183655,0.267412,0.161257,0.180335,0.248291,0.056759,0.179779,0.269029,0.245593,0.177893
808,3.366667,0.393321,0.177145,0.191379,0.331215,0.220778,0.183652,0.267410,0.161261,0.180337,0.248291,0.056760,0.179779,0.269032,0.245593,0.177888
809,3.370833,0.393323,0.177150,0.191384,0.331217,0.220778,0.183653,0.267410,0.161261,0.180338,0.248291,0.056761,0.179778,0.269034,0.245593,0.177887
810,3.375000,0.393329,0.177154,0.191390,0.331220,0.220776,0.183653,0.267411,0.161259,0.180341,0.248292,0.056760,0.179779,0.269033,0.245592,0.177885
811,3.379167,0.393331,0.177159,0.191396,0.331220,0.220778,0.183654,0.267411,0.161261,0.180338,0.248291,0.056761,0.179780,0.269034,0.245593,0.177883
812,3.383333,0.393335,0.177164,0.191402,0.331221,0.220777,0.183652,0.267410,0.161260,0.180335,0.248291,0.056759,0.179778,0.269037,0.245594,0.177879
813,3.387500,0.393340,0.177169,0.191408,0.331222,0.220778,0.183653,0.267414,0.161261,0.180331,0.248292,0.056762,0.179777,0.269036,0.245593,0.177880
814,3.391667,0.393344,0.177171,0.191415,0.331221,0.220778,0.183654,0.267413,0.161260,0.180330,0.248290,0.056759,0.179780,0.269037,0.245592,0.177877
815,3.395833,0.393349,0.177174,0.191421,0.331222,0.220779,0.183651,0.267414,0.161259,0.180329,0.248289,0.056761,0.179777,0.269038,0.245592,0.177873
816,3.400000,0.393352,0.177177,0.191426,0.331221,0.220778,0.183653,0.267411,0.161257,0.180331,0.248287,0.056761,0.179778,0.269037,0.245593,0.177872
817,3.404167,0.393353,0.177178,0.191432,0.331221,0.220778,0.183647,0.267412,0.161260,0.180333,0.248287,0.056760,0.179780,0.269038,0.245594,0.177869
818,3.408333,0.393358,0.177180,0.191438,0.331224,0.220777,0.183645,0.267413,0.161261,0.180329,0.248288,0.056761,0.179776,0.269037,0.245593,0.177868
819,3.412500,0.393359,0.177180,0.191445,0.331223,0.220776,0.183647,0.267413,0.161260,0.180326,0.248289,0.056756,0.179781,0.269039,0.245591,0.177865
820,3.416667,0.393357,0.177180,0.191451,0.331223,0.220776,0.183646,0.267413,0.161260,0.180325,0.248290,0.056756,0.179777,0.269040,0.245593,0.177864
821,3.420833,0.393356,0.177179,0.191453,0.331223,0.220775,0.183644,0.267413,0.161258,0.180321,0.248286,0.056759,0.179778,0.269039,0.245592,0.177865
822,3.425000,0.393357,0.177178,0.191455,0.331224,0.220776,0.183641,0.267411,0.161260,0.180323,0.248290,0.056761,0.179778,0.269039,0.245592,0.177862
823,3.429167,0.393357,0.177178,0.191455,0.331225,0.220776,0.183639,0.267412,0.161260,0.180325,0.248289,0.056755,0.179780,0.269039,0.245591,0.177857
824,3.433333,0.393353,0.177176,0.191453,0.331226,0.220776,0.183638,0.267413,0.161258,0.180322,0.248288,0.056758,0.179777,0.269038,0.245590,0.177860
825,3.437500,0.393352,0.177174,0.191455,0.331225,0.220776,0.183639,0.267410,0.161257,0.180324,0.248289,0.056757,0.179780,0.269030,0.245594,0.177853
826,3.441667,0.393350,0.177171,0.191456,0.331224,0.220775,0.183637,0.267410,0.161258,0.180322,0.248285,0.056759,0.179784,0.269039,0.245592,0.177856
827,3.445833,0.393345,0.177170,0.191453,0.331221,0.220776,0.183638,0.267412,0.161259,0.180320,0.248287,0.056759,0.179778,0.269036,0.245592,0.177854
828,3.450000,0.393343,0.177169,0.191449,0.331221,0.220776,0.183637,0.267410,0.161257,0.180324,0.248288,0.056759,0.179783,0.269037,0.245592,0.177857
829,3.454167,0.393336,0.177166,0.191445,0.331221,0.220777,0.183638,0.267409,0.161259,0.180326,0.248285,0.056758,0.179787,0.269036,0.245592,0.177857
830,3.458333,0.393336,0.177163,0.191440,0.331222,0.220775,0.183635,0.267410,0.161258,0.180322,0.248287,0.056759,0.179785,0.269036,0.245592,0.177852
831,3.462500,0.393332,0.177160,0.191434,0.331220,0.220775,0.183634,0.267409,0.161259,0.180325,0.248288,0.056758,0.179783,0.269036,0.245593,0.177856
832,3.466667,0.393328,0.177154,0.191428,0.331218,0.220775,0.183636,0.267407,0.161261,0.180328,0.248289,0.056757,0.179789,0.269033,0.245592,0.177858
833,3.470833,0.393323,0.177150,0.191423,0.331218,0.220773,0.183633,0.267408,0.161257,0.180324,0.248287,0.056757,0.179787,0.269032,0.245592,0.177856
834,3.475000,0.393319,0.177146,0.191416,0.331216,0.220772,0.183633,0.267406,0.161256,0.180326,0.248287,0.056755,0.179787,0.269025,0.245595,0.177853
835,3.479167,0.393315,0.177142,0.191409,0.331215,0.220773,0.183632,0.267407,0.161259,0.180327,0.248288,0.056756,0.179785,0.269030,0.245592,0.177862
836,3.483333,0.393310,0.177137,0.191403,0.331214,0.220770,0.183630,0.267403,0.161258,0.180324,0.248289,0.056752,0.179784,0.269027,0.245592,0.177865
837,3.487500,0.393306,0.177133,0.191397,0.331212,0.220770,0.183630,0.267402,0.161259,0.180325,0.248286,0.056753,0.179789,0.269024,0.245592,0.177868
838,3.491667,0.393302,0.177129,0.191391,0.331208,0.220770,0.183631,0.267402,0.161258,0.180324,0.248288,0.056751,0.179786,0.269018,0.245595,0.177863
839,3.495833,0.393298,0.177122,0.191387,0.331204,0.220769,0.183631,0.267399,0.161261,0.180326,0.248285,0.056754,0.179787,0.269023,0.245594,0.177872
840,3.500000,0.393295,0.177118,0.191380,0.331203,0.220769,0.183631,0.267397,0.161259,0.180333,0.248286,0.056751,0.179787,0.269014,0.245596,0.177870
841,3.504167,0.393289,0.177115,0.191372,0.331202,0.220769,0.183631,0.267396,0.161260,0.180335,0.248283,0.056753,0.179792,0.269010,0.245598,0.177874
842,3.508333,0.393287,0.177112,0.191366,0.331202,0.220769,0.183630,0.267395,0.161262,0.180336,0.248284,0.056756,0.179792,0.269018,0.245595,0.177886
843,3.512500,0.393283,0.177106,0.191358,0.331199,0.220769,0.183632,0.267393,0.161260,0.180340,0.248283,0.056755,0.179790,0.269018,0.245596,0.177889
844,3.516667,0.393279,0.177105,0.191349,0.331199,0.220770,0.183633,0.267393,0.161263,0.180345,0.248286,0.056754,0.179790,0.269014,0.245595,0.177894
845,3.520833,0.393277,0.177104,0.191343,0.331198,0.220769,0.183635,0.267393,0.161262,0.180341,0.248287,0.056756,0.179794,0.269014,0.245596,0.177896
846,3.525000,0.393275,0.177102,0.191334,0.331197,0.220771,0.183632,0.267391,0.161261,0.180343,0.248286,0.056755,0.179794,0.269012,0.245597,0.177900
847,3.529167,0.393274,0.177100,0.191326,0.331195,0.220770,0.183634,0.267392,0.161262,0.180350,0.248288,0.056755,0.179793,0.269012,0.245597,0.177904
848,3.533333,0.393273,0.177101,0.191319,0.331196,0.220770,0.183635,0.267393,0.161263,0.180350,0.248287,0.056754,0.179794,0.269011,0.245596,0.177910
849,3.537500,0.393271,0.177102,0.191313,0.331194,0.220772,0.183636,0.267396,0.161263,0.180353,0.248289,0.056755,0.179795,0.269009,0.245596,0.177911
850,3.541667,0.393271,0.177101,0.191308,0.331193,0.220774,0.183636,0.267395,0.161263,0.180355,0.248289,0.056753,0.179793,0.269008,0.245595,0.177916
851,3.545833,0.393271,0.177103,0.191300,0.331193,0.220775,0.183639,0.267392,0.161264,0.180360,0.248287,0.056755,0.179797,0.269006,0.245596,0.177916
852,3.550000,0.393272,0.177104,0.191292,0.331191,0.220775,0.183640,0.267395,0.161265,0.180354,0.248288,0.056758,0.179798,0.269007,0.245597,0.177921
853,3.554167,0.393271,0.177105,0.191290,0.331193,0.220775,0.183640,0.267395,0.161265,0.180360,0.248290,0.056756,0.179793,0.269007,0.245598,0.177923
854,3.558333,0.393274,0.177107,0.191283,0.331196,0.220777,0.183639,0.267395,0.161266,0.180362,0.248289,0.056757,0.179792,0.269008,0.245598,0.177921
855,3.562500,0.393273,0.177109,0.191279,0.331197,0.220777,0.183640,0.267394,0.161265,0.180364,0.248288,0.056756,0.179792,0.269008,0.245596,0.177926
856,3.566667,0.393276,0.177110,0.191275,0.331197,0.220778,0.183642,0.267397,0.161265,0.180362,0.248291,0.056756,0.179790,0.269003,0.245604,0.177931
857,3.570833,0.393280,0.177112,0.191272,0.331196,0.220778,0.183643,0.267397,0.161266,0.180360,0.248290,0.056759,0.179787,0.269009,0.245599,0.177927
858,3.575000,0.393282,0.177118,0.191269,0.331195,0.220779,0.183645,0.267397,0.161263,0.180357,0.248290,0.056757,0.179786,0.269009,0.245598,0.177927
859,3.579167,0.393286,0.177120,0.191271,0.331196,0.220779,0.183647,0.267399,0.161262,0.180356,0.248289,0.056757,0.179786,0.269008,0.245597,0.177925
860,3.583333,0.393291,0.177125,0.191271,0.331193,0.220783,0.183653,0.267398,0.161264,0.180356,0.248290,0.056754,0.179782,0.269010,0.245598,0.177921
861,3.587500,0.393296,0.177131,0.191273,0.331196,0.220780,0.183650,0.267400,0.161264,0.180356,0.248292,0.056756,0.179783,0.269011,0.245598,0.177922
862,3.591667,0.393301,0.177135,0.191274,0.331196,0.220785,0.183658,0.267402,0.161263,0.180352,0.248292,0.056755,0.179784,0.269012,0.245596,0.177921
863,3.595833,0.393306,0.177142,0.191280,0.331196,0.220786,0.183659,0.267402,0.161263,0.180352,0.248292,0.056757,0.179781,0.269012,0.245597,0.177918
864,3.600000,0.393310,0.177146,0.191287,0.331200,0.220781,0.183650,0.267404,0.161264,0.180352,0.248290,0.056759,0.179778,0.269015,0.245598,0.177915
865,3.604167,0.393314,0.177154,0.191293,0.331199,0.220781,0.183656,0.267403,0.161264,0.180353,0.248290,0.056758,0.179785,0.269016,0.245597,0.177912
866,3.608333,0.393318,0.177157,0.191303,0.331200,0.220782,0.183656,0.267400,0.161265,0.180352,0.248293,0.056764,0.179780,0.269016,0.245597,0.177909
867,3.612500,0.393322,0.177164,0.191313,0.331203,0.220783,0.183656,0.267403,0.161266,0.180351,0.248292,0.056764,0.179783,0.269019,0.245598,0.177906
868,3.616667,0.393324,0.177167,0.191328,0.331203,0.220787,0.183662,0.267401,0.161267,0.180354,0.248290,0.056763,0.179783,0.269019,0.245599,0.177900
869,3.620833,0.393328,0.177170,0.191340,0.331204,0.220784,0.183653,0.267404,0.161269,0.180352,0.248291,0.056766,0.179781,0.269021,0.245599,0.177895
870,3.625000,0.393331,0.177173,0.191354,0.331206,0.220783,0.183651,0.267402,0.161268,0.180349,0.248291,0.056766,0.179778,0.269021,0.245598,0.177893
871,3.629167,0.393333,0.177173,0.191366,0.331207,0.220788,0.183660,0.267403,0.161266,0.180341,0.248287,0.056762,0.179779,0.269022,0.245597,0.177890
872,3.633333,0.393333,0.177174,0.191381,0.331207,0.220783,0.183649,0.267405,0.161266,0.180333,0.248291,0.056762,0.179778,0.269023,0.245597,0.177884
873,3.637500,0.393337,0.177175,0.191395,0.331208,0.220785,0.183656,0.267405,0.161262,0.180331,0.248291,0.056761,0.179775,0.269024,0.245596,0.177881
874,3.641667,0.393336,0.177178,0.191411,0.331211,0.220782,0.183647,0.267407,0.161262,0.180327,0.248290,0.056760,0.179775,0.269024,0.245595,0.177878
875,3.645833,0.393338,0.177178,0.191423,0.331211,0.220781,0.183644,0.267408,0.161263,0.180327,0.248288,0.056760,0.179771,0.269028,0.245595,0.177871
876,3.650000,0.393338,0.177178,0.191433,0.331213,0.220781,0.183642,0.267408,0.161262,0.180323,0.248291,0.056760,0.179771,0.269028,0.245594,0.177865
877,3.654167,0.393340,0.177176,0.191445,0.331214,0.220782,0.183640,0.267410,0.161262,0.180322,0.248289,0.056762,0.179773,0.269028,0.245595,0.177863
878,3.658333,0.393338,0.177177,0.191457,0.331215,0.220782,0.183639,0.267408,0.161262,0.180325,0.248291,0.056761,0.179769,0.269029,0.245596,0.177857
879,3.662500,0.393317,0.177177,0.191512,0.331214,0.220782,0.183639,0.267410,0.161262,0.180314,0.248292,0.056762,0.179771,0.269022,0.245598,0.177846
880,3.666667,0.393333,0.177174,0.191482,0.331216,0.220781,0.183635,0.267412,0.161263,0.180307,0.248291,0.056761,0.179770,0.269031,0.245595,0.177849
881,3.670833,0.393315,0.177172,0.191529,0.331216,0.220780,0.183636,0.267410,0.161262,0.180311,0.248290,0.056762,0.179772,0.269025,0.245599,0.177839
882,3.675000,0.393309,0.177168,0.191539,0.331217,0.220780,0.183635,0.267412,0.161260,0.180309,0.248292,0.056760,0.179775,0.269023,0.245598,0.177836
883,3.679167,0.393307,0.177168,0.191541,0.331217,0.220778,0.183636,0.267408,0.161260,0.180311,0.248289,0.056760,0.179774,0.269025,0.245596,0.177832
884,3.683333,0.393304,0.177167,0.191545,0.331216,0.220778,0.183632,0.267411,0.161262,0.180308,0.248287,0.056759,0.179776,0.269024,0.245596,0.177828
885,3.687500,0.393303,0.177164,0.191545,0.331215,0.220778,0.183633,0.267408,0.161261,0.180313,0.248289,0.056760,0.179775,0.269027,0.245597,0.177829
886,3.691667,0.393300,0.177160,0.191548,0.331214,0.220778,0.183633,0.267405,0.161262,0.180313,0.248289,0.056761,0.179778,0.269024,0.245595,0.177824
887,3.695833,0.393300,0.177157,0.191548,0.331214,0.220778,0.183633,0.267409,0.161262,0.180304,0.248291,0.056761,0.179777,0.269025,0.245597,0.177825
888,3.700000,0.393295,0.177151,0.191547,0.331214,0.220776,0.183634,0.267411,0.161264,0.180296,0.248292,0.056762,0.179775,0.269027,0.245599,0.177825
889,3.704167,0.393312,0.177147,0.191502,0.331213,0.220776,0.183633,0.267412,0.161264,0.180298,0.248293,0.056761,0.179779,0.269028,0.245599,0.177824
890,3.708333,0.393311,0.177143,0.191495,0.331213,0.220775,0.183632,0.267411,0.161262,0.180303,0.248294,0.056760,0.179780,0.269026,0.245599,0.177827
891,3.712500,0.393305,0.177140,0.191492,0.331214,0.220773,0.183633,0.267408,0.161264,0.180309,0.248295,0.056760,0.179778,0.269027,0.245597,0.177827
892,3.716667,0.393303,0.177134,0.191488,0.331212,0.220771,0.183632,0.267407,0.161264,0.180313,0.248295,0.056758,0.179780,0.269025,0.245597,0.177830
893,3.720833,0.393299,0.177131,0.191482,0.331209,0.220771,0.183632,0.267404,0.161263,0.180313,0.248290,0.056756,0.179785,0.269022,0.245597,0.177835
894,3.725000,0.393296,0.177126,0.191477,0.331207,0.220769,0.183636,0.267402,0.161261,0.180314,0.248288,0.056757,0.179782,0.269020,0.245597,0.177841
895,3.729167,0.393291,0.177123,0.191471,0.331206,0.220769,0.183636,0.267402,0.161262,0.180311,0.248289,0.056756,0.179783,0.269026,0.245593,0.177851
896,3.733333,0.393289,0.177117,0.191461,0.331206,0.220768,0.183638,0.267405,0.161262,0.180312,0.248290,0.056759,0.179783,0.269027,0.245595,0.177852
897,3.737500,0.393285,0.177114,0.191450,0.331204,0.220769,0.183636,0.267402,0.161263,0.180317,0.248291,0.056757,0.179784,0.269026,0.245595,0.177858
898,3.741667,0.393285,0.177109,0.191440,0.331207,0.220767,0.183635,0.267402,0.161265,0.180325,0.248291,0.056759,0.179782,0.269026,0.245595,0.177866
899,3.745833,0.393281,0.177106,0.191430,0.331206,0.220768,0.183637,0.267404,0.161261,0.180327,0.248292,0.056756,0.179784,0.269018,0.245597,0.177865
900,3.750000,0.393278,0.177105,0.191420,0.331205,0.220767,0.183639,0.267405,0.161264,0.180329,0.248293,0.056756,0.179785,0.269028,0.245596,0.177876
901,3.754167,0.393279,0.177101,0.191405,0.331206,0.220767,0.183641,0.267403,0.161263,0.180334,0.248293,0.056757,0.179790,0.269025,0.245595,0.177884
902,3.758333,0.393275,0.177097,0.191391,0.331205,0.220767,0.183643,0.267404,0.161262,0.180335,0.248292,0.056759,0.179790,0.269025,0.245595,0.177891
903,3.762500,0.393275,0.177094,0.191382,0.331203,0.220767,0.183645,0.267402,0.161265,0.180342,0.248293,0.056757,0.179787,0.269027,0.245595,0.177894
904,3.766667,0.393273,0.177089,0.191368,0.331204,0.220766,0.183646,0.267400,0.161262,0.180349,0.248293,0.056756,0.179792,0.269024,0.245595,0.177900
905,3.770833,0.393271,0.177089,0.191355,0.331203,0.220766,0.183648,0.267398,0.161262,0.180356,0.248289,0.056755,0.179792,0.269022,0.245595,0.177905
906,3.775000,0.393270,0.177086,0.191342,0.331202,0.220764,0.183650,0.267399,0.161263,0.180356,0.248289,0.056757,0.179792,0.269024,0.245595,0.177910
907,3.779167,0.393270,0.177085,0.191332,0.331199,0.220765,0.183651,0.267396,0.161264,0.180358,0.248288,0.056756,0.179794,0.269022,0.245594,0.177915
908,3.783333,0.393270,0.177085,0.191320,0.331199,0.220764,0.183655,0.267397,0.161262,0.180361,0.248288,0.056759,0.179794,0.269022,0.245594,0.177918
909,3.787500,0.393270,0.177084,0.191310,0.331199,0.220765,0.183658,0.267397,0.161263,0.180363,0.248286,0.056758,0.179794,0.269021,0.245594,0.177925
910,3.791667,0.393270,0.177085,0.191299,0.331200,0.220766,0.183659,0.267400,0.161262,0.180363,0.248288,0.056756,0.179799,0.269021,0.245593,0.177929
911,3.795833,0.393274,0.177086,0.191290,0.331201,0.220765,0.183659,0.267399,0.161261,0.180366,0.248288,0.056754,0.179794,0.269020,0.245594,0.177933
912,3.800000,0.393276,0.177086,0.191286,0.331199,0.220767,0.183662,0.267399,0.161262,0.180364,0.248290,0.056754,0.179790,0.269023,0.245595,0.177933
913,3.804167,0.393279,0.177088,0.191279,0.331202,0.220767,0.183663,0.267404,0.161263,0.180364,0.248289,0.056755,0.179794,0.269022,0.245593,0.177935
914,3.808333,0.393281,0.177088,0.191278,0.331201,0.220767,0.183666,0.267401,0.161261,0.180371,0.248293,0.056752,0.179789,0.269023,0.245593,0.177936
915,3.812500,0.393282,0.177090,0.191276,0.331202,0.220765,0.183664,0.267402,0.161258,0.180367,0.248290,0.056756,0.179789,0.269024,0.245592,0.177937
916,3.816667,0.393285,0.177093,0.191275,0.331204,0.220766,0.183666,0.267401,0.161259,0.180370,0.248291,0.056754,0.179788,0.269023,0.245591,0.177942
917,3.820833,0.393287,0.177095,0.191279,0.331203,0.220765,0.183671,0.267401,0.161259,0.180368,0.248287,0.056753,0.179793,0.269023,0.245591,0.177942
918,3.825000,0.393290,0.177097,0.191281,0.331203,0.220766,0.183669,0.267400,0.161258,0.180372,0.248287,0.056754,0.179793,0.269021,0.245591,0.177943
919,3.829167,0.393290,0.177102,0.191285,0.331204,0.220767,0.183671,0.267403,0.161255,0.180372,0.248286,0.056751,0.179794,0.269018,0.245596,0.177953
920,3.833333,0.393293,0.177106,0.191296,0.331204,0.220766,0.183673,0.267399,0.161257,0.180374,0.248286,0.056755,0.179794,0.269020,0.245595,0.177950
921,3.837500,0.393295,0.177108,0.191303,0.331204,0.220767,0.183672,0.267399,0.161259,0.180375,0.248285,0.056755,0.179795,0.269023,0.245592,0.177943
922,3.841667,0.393297,0.177112,0.191312,0.331205,0.220768,0.183676,0.267399,0.161262,0.180373,0.248284,0.056762,0.179796,0.269023,0.245599,0.177946
923,3.845833,0.393299,0.177117,0.191326,0.331206,0.220769,0.183675,0.267401,0.161261,0.180374,0.248286,0.056761,0.179792,0.269026,0.245593,0.177937
924,3.850000,0.393302,0.177120,0.191337,0.331208,0.220770,0.183673,0.267403,0.161264,0.180366,0.248286,0.056762,0.179794,0.269024,0.245601,0.177939
925,3.854167,0.393305,0.177123,0.191351,0.331205,0.220770,0.183675,0.267401,0.161265,0.180366,0.248289,0.056763,0.179791,0.269028,0.245596,0.177929
926,3.858333,0.393305,0.177124,0.191364,0.331206,0.220769,0.183675,0.267402,0.161264,0.180357,0.248288,0.056763,0.179787,0.269029,0.245595,0.177926
927,3.862500,0.393308,0.177129,0.191378,0.331207,0.220768,0.183672,0.267402,0.161263,0.180356,0.248288,0.056763,0.179788,0.269024,0.245602,0.177926
928,3.866667,0.393311,0.177130,0.191390,0.331208,0.220770,0.183671,0.267405,0.161264,0.180352,0.248287,0.056761,0.179785,0.269029,0.245595,0.177913
929,3.870833,0.393310,0.177132,0.191403,0.331206,0.220771,0.183671,0.267403,0.161264,0.180349,0.248288,0.056761,0.179781,0.269028,0.245596,0.177908
930,3.875000,0.393312,0.177133,0.191416,0.331207,0.220771,0.183672,0.267406,0.161262,0.180345,0.248288,0.056761,0.179781,0.269028,0.245595,0.177903
931,3.879167,0.393311,0.177137,0.191432,0.331208,0.220771,0.183668,0.267407,0.161262,0.180344,0.248288,0.056760,0.179786,0.269028,0.245594,0.177897
932,3.883333,0.393311,0.177138,0.191444,0.331207,0.220773,0.183667,0.267410,0.161263,0.180338,0.248291,0.056758,0.179779,0.269029,0.245595,0.177887
933,3.887500,0.393309,0.177140,0.191457,0.331209,0.220775,0.183668,0.267410,0.161262,0.180336,0.248293,0.056759,0.179778,0.269032,0.245595,0.177883
934,3.891667,0.393307,0.177139,0.191470,0.331212,0.220776,0.183665,0.267410,0.161262,0.180328,0.248291,0.056760,0.179775,0.269031,0.245592,0.177876
935,3.895833,0.393304,0.177141,0.191483,0.331210,0.220776,0.183664,0.267412,0.161263,0.180322,0.248294,0.056761,0.179770,0.269032,0.245594,0.177872
936,3.900000,0.393304,0.177141,0.191494,0.331211,0.220776,0.183664,0.267411,0.161263,0.180318,0.248296,0.056760,0.179769,0.269031,0.245595,0.177865
937,3.904167,0.393287,0.177140,0.191546,0.331211,0.220778,0.183663,0.267413,0.161264,0.180319,0.248294,0.056761,0.179770,0.269033,0.245595,0.177859
938,3.908333,0.393282,0.177139,0.191561,0.331210,0.220782,0.183670,0.267414,0.161262,0.180317,0.248296,0.056761,0.179770,0.269033,0.245594,0.177856
939,3.912500,0.393282,0.177141,0.191565,0.331212,0.220776,0.183661,0.267414,0.161262,0.180313,0.248294,0.056761,0.179773,0.269025,0.245596,0.177846
940,3.916667,0.393281,0.177138,0.191574,0.331211,0.220778,0.183663,0.267410,0.161264,0.180314,0.248295,0.056762,0.179772,0.269026,0.245598,0.177841
941,3.920833,0.393280,0.177139,0.191582,0.331208,0.220776,0.183663,0.267409,0.161265,0.180310,0.248297,0.056760,0.179772,0.269034,0.245597,0.177841
942,3.925000,0.393279,0.177137,0.191587,0.331207,0.220777,0.183661,0.267408,0.161264,0.180306,0.248293,0.056761,0.179777,0.269024,0.245599,0.177836
943,3.929167,0.393278,0.177139,0.191592,0.331205,0.220776,0.183663,0.267405,0.161266,0.180308,0.248293,0.056762,0.179778,0.269021,0.245599,0.177833
944,3.933333,0.393277,0.177140,0.191594,0.331205,0.220775,0.183661,0.267406,0.161266,0.180307,0.248293,0.056763,0.179778,0.269024,0.245603,0.177828
945,3.937500,0.393278,0.177137,0.191596,0.331203,0.220776,0.183660,0.267406,0.161268,0.180308,0.248293,0.056765,0.179773,0.269022,0.245603,0.177828
946,3.941667,0.393278,0.177136,0.191596,0.331201,0.220779,0.183668,0.267404,0.161269,0.180310,0.248294,0.056765,0.179778,0.269022,0.245602,0.177827
947,3.945833,0.393275,0.177135,0.191596,0.331203,0.220774,0.183660,0.267408,0.161270,0.180306,0.248293,0.056763,0.179774,0.269022,0.245603,0.177826
948,3.950000,0.393276,0.177133,0.191597,0.331202,0.220774,0.183659,0.267405,0.161267,0.180309,0.248293,0.056764,0.179776,0.269022,0.245602,0.177826
949,3.954167,0.393273,0.177131,0.191596,0.331200,0.220774,0.183659,0.267404,0.161267,0.180310,0.248296,0.056764,0.179775,0.269022,0.245601,0.177827
950,3.958333,0.393271,0.177128,0.191594,0.331201,0.220774,0.183658,0.267405,0.161269,0.180308,0.248295,0.056761,0.179774,0.269021,0.245602,0.177829
951,3.962500,0.393265,0.177126,0.191591,0.331202,0.220773,0.183659,0.267405,0.161266,0.180304,0.248292,0.056759,0.179778,0.269020,0.245598,0.177831
952,3.966667,0.393262,0.177124,0.191587,0.331199,0.220773,0.183657,0.267405,0.161266,0.180307,0.248292,0.056758,0.179778,0.269019,0.245600,0.177835
953,3.970833,0.393259,0.177121,0.191582,0.331200,0.220773,0.183660,0.267402,0.161265,0.180308,0.248293,0.056760,0.179778,0.269018,0.245598,0.177835
954,3.975000,0.393259,0.177116,0.191574,0.331200,0.220774,0.183659,0.267402,0.161267,0.180313,0.248293,0.056758,0.179778,0.269017,0.245598,0.177839
955,3.979167,0.393254,0.177114,0.191568,0.331201,0.220774,0.183655,0.267403,0.161266,0.180314,0.248292,0.056757,0.179780,0.269016,0.245598,0.177841
956,3.983333,0.393269,0.177112,0.191517,0.331201,0.220773,0.183656,0.267404,0.161266,0.180316,0.248295,0.056762,0.179780,0.269017,0.245600,0.177847
957,3.987500,0.393269,0.177112,0.191503,0.331202,0.220774,0.183658,0.267403,0.161263,0.180319,0.248292,0.056758,0.179783,0.269017,0.245600,0.177853
958,3.991667,0.393266,0.177112,0.191494,0.331202,0.220773,0.183658,0.267404,0.161266,0.180320,0.248293,0.056758,0.179784,0.269016,0.245598,0.177857
959,3.995833,0.393266,0.177111,0.191481,0.331202,0.220773,0.183658,0.267403,0.161266,0.180326,0.248295,0.056758,0.179785,0.269016,0.245600,0.177863
960,4.000000,0.393267,0.177107,0.191465,0.331200,0.220774,0.183658,0.267403,0.161264,0.180327,0.248292,0.056757,0.179786,0.269014,0.245600,0.177867
961,4.004167,0.393267,0.177109,0.191451,0.331199,0.220773,0.183660,0.267403,0.161264,0.180330,0.248292,0.056756,0.179786,0.269021,0.245597,0.177879
962,4.008333,0.393270,0.177108,0.191439,0.331200,0.220773,0.183662,0.267401,0.161265,0.180336,0.248293,0.056757,0.179789,0.269021,0.245597,0.177883
963,4.012500,0.393269,0.177106,0.191428,0.331198,0.220770,0.183661,0.267401,0.161265,0.180338,0.248290,0.056757,0.179786,0.269020,0.245597,0.177888
964,4.016667,0.393273,0.177106,0.191411,0.331197,0.220771,0.183660,0.267399,0.161263,0.180342,0.248292,0.056755,0.179789,0.269018,0.245597,0.177893
965,4.020833,0.393274,0.177106,0.191398,0.331195,0.220770,0.183660,0.267397,0.161265,0.180345,0.248289,0.056756,0.179793,0.269018,0.245596,0.177899
966,4.025000,0.393277,0.177103,0.191387,0.331198,0.220769,0.183661,0.267396,0.161264,0.180348,0.248291,0.056753,0.179791,0.269017,0.245597,0.177904
967,4.029167,0.393278,0.177105,0.191375,0.331197,0.220769,0.183663,0.267399,0.161261,0.180348,0.248288,0.056754,0.179793,0.269016,0.245597,0.177909
968,4.033333,0.393279,0.177104,0.191364,0.331197,0.220769,0.183666,0.267397,0.161262,0.180354,0.248287,0.056755,0.179790,0.269017,0.245597,0.177916
969,4.037500,0.393281,0.177100,0.191354,0.331197,0.220769,0.183667,0.267399,0.161262,0.180355,0.248289,0.056753,0.179789,0.269018,0.245596,0.177920
970,4.041667,0.393279,0.177101,0.191343,0.331198,0.220767,0.183667,0.267395,0.161262,0.180363,0.248288,0.056755,0.179794,0.269017,0.245595,0.177924
971,4.045833,0.393282,0.177102,0.191335,0.331197,0.220768,0.183666,0.267395,0.161262,0.180366,0.248285,0.056756,0.179799,0.269018,0.245595,0.177929
972,4.050000,0.393280,0.177102,0.191326,0.331198,0.220768,0.183668,0.267395,0.161262,0.180366,0.248285,0.056755,0.179796,0.269017,0.245594,0.177932
973,4.054167,0.393281,0.177101,0.191319,0.331198,0.220768,0.183668,0.267394,0.161262,0.180369,0.248287,0.056755,0.179799,0.269015,0.245602,0.177944
974,4.058333,0.393281,0.177103,0.191312,0.331197,0.220767,0.183671,0.267393,0.161263,0.180372,0.248284,0.056754,0.179798,0.269018,0.245593,0.177940
975,4.062500,0.393286,0.177101,0.191307,0.331197,0.220769,0.183672,0.267393,0.161263,0.180376,0.248281,0.056757,0.179799,0.269014,0.245601,0.177950
976,4.066667,0.393285,0.177103,0.191303,0.331197,0.220767,0.183672,0.267394,0.161261,0.180373,0.248284,0.056756,0.179802,0.269014,0.245602,0.177951
977,4.070833,0.393288,0.177102,0.191301,0.331198,0.220767,0.183672,0.267396,0.161261,0.180375,0.248285,0.056753,0.179802,0.269015,0.245603,0.177951
978,4.075000,0.393289,0.177103,0.191298,0.331199,0.220769,0.183674,0.267396,0.161258,0.180375,0.248285,0.056754,0.179800,0.269017,0.245595,0.177944
979,4.079167,0.393289,0.177105,0.191298,0.331198,0.220768,0.183674,0.267394,0.161262,0.180378,0.248286,0.056755,0.179801,0.269013,0.245599,0.177951
980,4.083333,0.393290,0.177105,0.191300,0.331198,0.220768,0.183675,0.267396,0.161261,0.180372,0.248286,0.056756,0.179794,0.269019,0.245595,0.177943
981,4.087500,0.393291,0.177104,0.191301,0.331199,0.220769,0.183676,0.267398,0.161261,0.180372,0.248284,0.056755,0.179801,0.269015,0.245601,0.177949
982,4.091667,0.393291,0.177103,0.191304,0.331197,0.220768,0.183674,0.267398,0.161260,0.180369,0.248289,0.056756,0.179796,0.269019,0.245595,0.177939
983,4.095833,0.393289,0.177107,0.191311,0.331199,0.220770,0.183673,0.267398,0.161263,0.180367,0.248288,0.056756,0.179795,0.269015,0.245602,0.177941
984,4.100000,0.393288,0.177106,0.191320,0.331199,0.220769,0.183673,0.267401,0.161265,0.180367,0.248288,0.056753,0.179791,0.269019,0.245596,0.177933
985,4.104167,0.393286,0.177107,0.191329,0.331198,0.220769,0.183671,0.267398,0.161261,0.180363,0.248284,0.056755,0.179792,0.269019,0.245595,0.177929
986,4.108333,0.393287,0.177106,0.191337,0.331198,0.220769,0.183671,0.267400,0.161260,0.180359,0.248284,0.056756,0.179790,0.269019,0.245595,0.177925
987,4.112500,0.393287,0.177109,0.191349,0.331200,0.220769,0.183668,0.267399,0.161260,0.180357,0.248285,0.056755,0.179788,0.269019,0.245595,0.177919
988,4.116667,0.393286,0.177111,0.191359,0.331198,0.220770,0.183668,0.267399,0.161261,0.180350,0.248288,0.056755,0.179787,0.269019,0.245594,0.177917
989,4.120833,0.393284,0.177109,0.191373,0.331199,0.220770,0.183666,0.267400,0.161260,0.180344,0.248291,0.056753,0.179784,0.269020,0.245594,0.177911
990,4.125000,0.393284,0.177109,0.191384,0.331201,0.220770,0.183665,0.267401,0.161262,0.180345,0.248289,0.056755,0.179785,0.269021,0.245594,0.177905
991,4.129167,0.393283,0.177110,0.191398,0.331200,0.220770,0.183662,0.267401,0.161264,0.180347,0.248289,0.056757,0.179782,0.269021,0.245595,0.177900
992,4.133333,0.393282,0.177111,0.191410,0.331201,0.220771,0.183661,0.267402,0.161266,0.180337,0.248293,0.056758,0.179779,0.269023,0.245598,0.177895
993,4.137500,0.393280,0.177112,0.191424,0.331200,0.220772,0.183662,0.267403,0.161266,0.180334,0.248292,0.056758,0.179781,0.269022,0.245597,0.177890
994,4.141667,0.393279,0.177115,0.191436,0.331198,0.220773,0.183662,0.267403,0.161268,0.180331,0.248291,0.056761,0.179779,0.269024,0.245599,0.177883
995,4.145833,0.393276,0.177115,0.191449,0.331199,0.220770,0.183658,0.267401,0.161267,0.180329,0.248293,0.056764,0.179780,0.269024,0.245600,0.177877
996,4.150000,0.393275,0.177116,0.191459,0.331199,0.220772,0.183657,0.267401,0.161269,0.180327,0.248292,0.056763,0.179778,0.269016,0.245602,0.177865
997,4.154167,0.393275,0.177115,0.191470,0.331199,0.220772,0.183658,0.267401,0.161268,0.180326,0.248290,0.056761,0.179777,0.269021,0.245598,0.177867
998,4.158333,0.393274,0.177115,0.191482,0.331195,0.220777,0.183665,0.267400,0.161271,0.180326,0.248291,0.056760,0.179778,0.269015,0.245602,0.177855
999,4.162500,0.393272,0.177117,0.191493,0.331195,0.220774,0.183656,0.267401,0.161270,0.180319,0.248290,0.056764,0.179778,0.269017,0.245605,0.177846
1000,4.166667,0.393271,0.177117,0.191502,0.331195,0.220774,0.183657,0.267403,0.161271,0.180314,0.248292,0.056765,0.179780,0.269016,0.245604,0.177844
1001,4.170833,0.393270,0.177117,0.191512,0.331196,0.220775,0.183654,0.267402,0.161271,0.180312,0.248296,0.056766,0.179772,0.269016,0.245603,0.177840
1002,4.175000,0.393269,0.177117,0.191519,0.331196,0.220773,0.183656,0.267404,0.161271,0.180304,0.248295,0.056764,0.179772,0.269018,0.245603,0.177836
1003,4.179167,0.393267,0.177116,0.191527,0.331195,0.220775,0.183655,0.267403,0.161268,0.180302,0.248295,0.056765,0.179773,0.269017,0.245603,0.177831
1004,4.183333,0.393265,0.177115,0.191529,0.331196,0.220775,0.183654,0.267406,0.161268,0.180301,0.248294,0.056761,0.179767,0.269017,0.245601,0.177829
1005,4.187500,0.393249,0.177114,0.191572,0.331197,0.220774,0.183652,0.267403,0.161269,0.180304,0.248296,0.056762,0.179771,0.269016,0.245602,0.177828
1006,4.191667,0.393248,0.177114,0.191576,0.331197,0.220774,0.183653,0.267405,0.161267,0.180298,0.248296,0.056761,0.179774,0.269017,0.245602,0.177824
1007,4.195833,0.393246,0.177115,0.191580,0.331197,0.220776,0.183652,0.267404,0.161269,0.180298,0.248295,0.056762,0.179768,0.269017,0.245602,0.177823
1008,4.200000,0.393247,0.177116,0.191579,0.331196,0.220776,0.183651,0.267401,0.161269,0.180301,0.248296,0.056760,0.179769,0.269017,0.245602,0.177822
1009,4.204167,0.393245,0.177114,0.191580,0.331197,0.220774,0.183651,0.267403,0.161268,0.180296,0.248296,0.056760,0.179774,0.269017,0.245602,0.177822
1010,4.208333,0.393247,0.177116,0.191578,0.331195,0.220776,0.183651,0.267404,0.161268,0.180293,0.248296,0.056764,0.179773,0.269016,0.245602,0.177822
1011,4.212500,0.393246,0.177116,0.191579,0.331194,0.220776,0.183650,0.267404,0.161268,0.180295,0.248294,0.056764,0.179776,0.269015,0.245603,0.177825
1012,4.216667,0.393249,0.177118,0.191575,0.331193,0.220781,0.183657,0.267403,0.161270,0.180300,0.248294,0.056762,0.179774,0.269015,0.245602,0.177825
1013,4.220833,0.393249,0.177117,0.191571,0.331196,0.220777,0.183649,0.267405,0.161272,0.180305,0.248298,0.056763,0.179776,0.269016,0.245605,0.177828
1014,4.225000,0.393265,0.177119,0.191531,0.331195,0.220776,0.183648,0.267407,0.161268,0.180305,0.248295,0.056763,0.179775,0.269016,0.245605,0.177829
1015,4.229167,0.393268,0.177120,0.191521,0.331197,0.220776,0.183649,0.267404,0.161269,0.180309,0.248295,0.056765,0.179780,0.269014,0.245603,0.177835
1016,4.233333,0.393267,0.177120,0.191513,0.331198,0.220775,0.183646,0.267403,0.161269,0.180307,0.248295,0.056759,0.179778,0.269014,0.245602,0.177838
1017,4.237500,0.393269,0.177121,0.191507,0.331197,0.220775,0.183648,0.267403,0.161270,0.180307,0.248295,0.056764,0.179779,0.269015,0.245603,0.177838
1018,4.241667,0.393272,0.177117,0.191495,0.331196,0.220774,0.183648,0.267403,0.161267,0.180312,0.248295,0.056763,0.179778,0.269015,0.245603,0.177844
1019,4.245833,0.393273,0.177118,0.191485,0.331198,0.220774,0.183648,0.267403,0.161268,0.180317,0.248294,0.056761,0.179777,0.269015,0.245603,0.177851
1020,4.250000,0.393274,0.177117,0.191472,0.331198,0.220776,0.183646,0.267402,0.161267,0.180318,0.248293,0.056761,0.179780,0.269014,0.245602,0.177854
1021,4.254167,0.393275,0.177119,0.191462,0.331197,0.220775,0.183649,0.267403,0.161268,0.180321,0.248294,0.056762,0.179784,0.269019,0.245599,0.177868
1022,4.258333,0.393277,0.177120,0.191450,0.331199,0.220775,0.183648,0.267404,0.161271,0.180321,0.248293,0.056763,0.179778,0.269021,0.245599,0.177874
1023,4.262500,0.393276,0.177118,0.191439,0.331200,0.220773,0.183649,0.267402,0.161267,0.180326,0.248294,0.056761,0.179781,0.269022,0.245600,0.177880
1024,4.266667,0.393280,0.177118,0.191424,0.331201,0.220773,0.183651,0.267402,0.161265,0.180330,0.248292,0.056759,0.179784,0.269013,0.245601,0.177878
1025,4.270833,0.393282,0.177116,0.191410,0.331200,0.220773,0.183654,0.267399,0.161268,0.180339,0.248292,0.056761,0.179783,0.269022,0.245599,0.177891
1026,4.275000,0.393285,0.177115,0.191396,0.331201,0.220773,0.183653,0.267405,0.161267,0.180339,0.248291,0.056760,0.179786,0.269024,0.245598,0.177895
1027,4.279167,0.393286,0.177116,0.191382,0.331202,0.220772,0.183655,0.267401,0.161266,0.180347,0.248290,0.056759,0.179786,0.269021,0.245598,0.177903
1028,4.283333,0.393290,0.177113,0.191370,0.331201,0.220771,0.183657,0.267402,0.161266,0.180349,0.248289,0.056760,0.179787,0.269020,0.245598,0.177907
1029,4.287500,0.393294,0.177112,0.191355,0.331200,0.220771,0.183658,0.267403,0.161267,0.180347,0.248291,0.056759,0.179787,0.269022,0.245598,0.177911
1030,4.291667,0.393292,0.177111,0.191341,0.331200,0.220769,0.183660,0.267403,0.161264,0.180347,0.248292,0.056760,0.179786,0.269022,0.245598,0.177914
1031,4.295833,0.393291,0.177108,0.191332,0.331199,0.220769,0.183660,0.267399,0.161263,0.180354,0.248288,0.056757,0.179789,0.269021,0.245597,0.177921
1032,4.300000,0.393292,0.177108,0.191324,0.331199,0.220769,0.183662,0.267403,0.161264,0.180352,0.248290,0.056759,0.179789,0.269019,0.245596,0.177923
1033,4.304167,0.393291,0.177108,0.191314,0.331199,0.220768,0.183664,0.267401,0.161264,0.180359,0.248287,0.056757,0.179794,0.269017,0.245604,0.177933
1034,4.308333,0.393291,0.177106,0.191305,0.331197,0.220770,0.183666,0.267401,0.161264,0.180360,0.248287,0.056760,0.179795,0.269020,0.245597,0.177928
1035,4.312500,0.393290,0.177104,0.191298,0.331199,0.220769,0.183666,0.267398,0.161265,0.180365,0.248288,0.056758,0.179792,0.269022,0.245598,0.177931
1036,4.316667,0.393290,0.177102,0.191294,0.331198,0.220766,0.183669,0.267399,0.161267,0.180369,0.248287,0.056760,0.179799,0.269021,0.245597,0.177933
1037,4.320833,0.393289,0.177100,0.191290,0.331199,0.220767,0.183668,0.267398,0.161263,0.180372,0.248287,0.056761,0.179795,0.269020,0.245604,0.177941
1038,4.325000,0.393285,0.177098,0.191290,0.331198,0.220769,0.183667,0.267401,0.161264,0.180368,0.248287,0.056762,0.179797,0.269021,0.245597,0.177938
1039,4.329167,0.393284,0.177095,0.191290,0.331200,0.220767,0.183666,0.267396,0.161265,0.180370,0.248285,0.056759,0.179797,0.269019,0.245598,0.177941
1040,4.333333,0.393281,0.177090,0.191293,0.331199,0.220766,0.183670,0.267398,0.161264,0.180365,0.248287,0.056758,0.179795,0.269017,0.245603,0.177947
1041,4.337500,0.393279,0.177090,0.191297,0.331196,0.220766,0.183670,0.267397,0.161263,0.180366,0.248288,0.056759,0.179797,0.269021,0.245597,0.177941
1042,4.341667,0.393278,0.177088,0.191301,0.331196,0.220766,0.183671,0.267402,0.161260,0.180365,0.248287,0.056758,0.179801,0.269020,0.245595,0.177941
1043,4.345833,0.393274,0.177087,0.191306,0.331197,0.220766,0.183669,0.267398,0.161261,0.180368,0.248287,0.056759,0.179795,0.269019,0.245595,0.177940
1044,4.350000,0.393272,0.177085,0.191317,0.331197,0.220767,0.183667,0.267402,0.161263,0.180360,0.248288,0.056757,0.179790,0.269020,0.245597,0.177938
1045,4.354167,0.393269,0.177086,0.191327,0.331195,0.220767,0.183669,0.267398,0.161260,0.180362,0.248289,0.056754,0.179792,0.269019,0.245596,0.177938
1046,4.358333,0.393266,0.177080,0.191337,0.331195,0.220765,0.183669,0.267398,0.161260,0.180362,0.248292,0.056756,0.179787,0.269018,0.245595,0.177938
1047,4.362500,0.393265,0.177079,0.191349,0.331197,0.220766,0.183668,0.267401,0.161264,0.180358,0.248292,0.056758,0.179785,0.269019,0.245597,0.177936
1048,4.366667,0.393263,0.177079,0.191358,0.331196,0.220765,0.183666,0.267400,0.161264,0.180358,0.248290,0.056756,0.179784,0.269021,0.245597,0.177932
1049,4.370833,0.393260,0.177076,0.191369,0.331195,0.220766,0.183667,0.267401,0.161262,0.180355,0.248290,0.056758,0.179788,0.269015,0.245603,0.177938
1050,4.375000,0.393258,0.177076,0.191375,0.331195,0.220766,0.183668,0.267401,0.161267,0.180353,0.248288,0.056758,0.179785,0.269019,0.245598,0.177928
1051,4.379167,0.393257,0.177077,0.191386,0.331193,0.220766,0.183667,0.267396,0.161265,0.180356,0.248290,0.056761,0.179787,0.269020,0.245598,0.177922
1052,4.383333,0.393255,0.177075,0.191396,0.331192,0.220766,0.183670,0.267399,0.161267,0.180349,0.248290,0.056762,0.179788,0.269019,0.245598,0.177918
1053,4.387500,0.393253,0.177078,0.191405,0.331191,0.220764,0.183668,0.267400,0.161267,0.180348,0.248291,0.056764,0.179785,0.269019,0.245599,0.177914
1054,4.391667,0.393251,0.177077,0.191412,0.331191,0.220767,0.183671,0.267397,0.161268,0.180348,0.248290,0.056762,0.179786,0.269020,0.245601,0.177909
1055,4.395833,0.393251,0.177079,0.191423,0.331192,0.220765,0.183671,0.267397,0.161267,0.180346,0.248291,0.056764,0.179785,0.269021,0.245599,0.177899
1056,4.400000,0.393248,0.177080,0.191430,0.331191,0.220766,0.183670,0.267399,0.161269,0.180338,0.248292,0.056763,0.179783,0.269021,0.245600,0.177895
1057,4.404167,0.393246,0.177080,0.191440,0.331192,0.220767,0.183670,0.267399,0.161270,0.180335,0.248292,0.056764,0.179780,0.269021,0.245600,0.177891
1058,4.408333,0.393246,0.177081,0.191448,0.331192,0.220768,0.183671,0.267401,0.161271,0.180329,0.248295,0.056763,0.179777,0.269022,0.245600,0.177883
1059,4.412500,0.393245,0.177079,0.191457,0.331191,0.220767,0.183671,0.267401,0.161271,0.180328,0.248292,0.056764,0.179778,0.269023,0.245601,0.177878
1060,4.416667,0.393245,0.177080,0.191466,0.331193,0.220768,0.183670,0.267404,0.161270,0.180322,0.248294,0.056762,0.179776,0.269017,0.245604,0.177865
1061,4.420833,0.393243,0.177083,0.191475,0.331193,0.220768,0.183670,0.267404,0.161270,0.180321,0.248294,0.056762,0.179775,0.269024,0.245600,0.177867
1062,4.425000,0.393245,0.177085,0.191485,0.331193,0.220769,0.183671,0.267403,0.161274,0.180321,0.248298,0.056762,0.179775,0.269019,0.245603,0.177855
1063,4.429167,0.393245,0.177087,0.191495,0.331192,0.220769,0.183669,0.267407,0.161268,0.180312,0.248297,0.056763,0.179776,0.269018,0.245602,0.177853
1064,4.433333,0.393247,0.177088,0.191505,0.331192,0.220768,0.183673,0.267406,0.161269,0.180313,0.248296,0.056762,0.179771,0.269018,0.245604,0.177849
1065,4.437500,0.393248,0.177088,0.191514,0.331194,0.220770,0.183669,0.267403,0.161269,0.180314,0.248294,0.056762,0.179771,0.269018,0.245603,0.177845
1066,4.441667,0.393249,0.177094,0.191525,0.331194,0.220770,0.183670,0.267403,0.161267,0.180309,0.248295,0.056760,0.179773,0.269018,0.245601,0.177842
1067,4.445833,0.393249,0.177094,0.191533,0.331193,0.220772,0.183670,0.267403,0.161268,0.180309,0.248296,0.056758,0.179773,0.269017,0.245601,0.177842
1068,4.450000,0.393238,0.177096,0.191578,0.331195,0.220771,0.183670,0.267408,0.161269,0.180304,0.248297,0.056759,0.179771,0.269020,0.245602,0.177837
1069,4.454167,0.393238,0.177097,0.191589,0.331196,0.220771,0.183671,0.267405,0.161267,0.180308,0.248296,0.056761,0.179778,0.269019,0.245602,0.177837
1070,4.458333,0.393241,0.177098,0.191593,0.331196,0.220771,0.183670,0.267406,0.161268,0.180308,0.248297,0.056760,0.179773,0.269020,0.245602,0.177836
1071,4.462500,0.393243,0.177103,0.191597,0.331196,0.220770,0.183670,0.267409,0.161267,0.180304,0.248295,0.056761,0.179773,0.269021,0.245602,0.177836
1072,4.466667,0.393247,0.177105,0.191602,0.331197,0.220771,0.183672,0.267407,0.161271,0.180307,0.248297,0.056761,0.179774,0.269020,0.245601,0.177837
1073,4.470833,0.393247,0.177108,0.191607,0.331196,0.220771,0.183670,0.267407,0.161269,0.180309,0.248294,0.056761,0.179777,0.269021,0.245600,0.177841
1074,4.475000,0.393250,0.177108,0.191611,0.331195,0.220776,0.183676,0.267406,0.161267,0.180307,0.248293,0.056765,0.179778,0.269019,0.245601,0.177841
1075,4.479167,0.393252,0.177110,0.191610,0.331198,0.220771,0.183671,0.267404,0.161269,0.180311,0.248294,0.056763,0.179780,0.269018,0.245601,0.177842
1076,4.483333,0.393254,0.177111,0.191611,0.331197,0.220770,0.183671,0.267406,0.161269,0.180313,0.248292,0.056765,0.179782,0.269021,0.245603,0.177844
1077,4.487500,0.393256,0.177114,0.191610,0.331197,0.220772,0.183670,0.267403,0.161268,0.180317,0.248291,0.056763,0.179781,0.269020,0.245602,0.177849
1078,4.491667,0.393259,0.177117,0.191607,0.331200,0.220771,0.183670,0.267406,0.161271,0.180319,0.248292,0.056763,0.179781,0.269019,0.245601,0.177851
1079,4.495833,0.393261,0.177117,0.191605,0.331199,0.220772,0.183672,0.267404,0.161269,0.180320,0.248289,0.056761,0.179781,0.269021,0.245604,0.177856
1080,4.500000,0.393263,0.177117,0.191598,0.331201,0.220771,0.183670,0.267407,0.161269,0.180316,0.248292,0.056762,0.179784,0.269027,0.245599,0.177864
1081,4.504167,0.393263,0.177117,0.191591,0.331201,0.220772,0.183671,0.267407,0.161268,0.180321,0.248293,0.056759,0.179783,0.269028,0.245598,0.177868
1082,4.508333,0.393263,0.177116,0.191582,0.331202,0.220771,0.183673,0.267406,0.161265,0.180323,0.248291,0.056759,0.179782,0.269027,0.245596,0.177873
1083,4.512500,0.393267,0.177116,0.191571,0.331202,0.220771,0.183674,0.267405,0.161265,0.180324,0.248292,0.056759,0.179782,0.269028,0.245596,0.177875
1084,4.516667,0.393283,0.177116,0.191521,0.331202,0.220770,0.183677,0.267406,0.161266,0.180326,0.248293,0.056761,0.179782,0.269029,0.245595,0.177878
1085,4.520833,0.393284,0.177117,0.191503,0.331203,0.220769,0.183677,0.267404,0.161264,0.180334,0.248291,0.056757,0.179788,0.269028,0.245594,0.177883
1086,4.525000,0.393286,0.177115,0.191489,0.331203,0.220770,0.183679,0.267406,0.161261,0.180336,0.248290,0.056756,0.179784,0.269029,0.245594,0.177885
1087,4.529167,0.393287,0.177116,0.191478,0.331203,0.220770,0.183681,0.267409,0.161260,0.180335,0.248292,0.056756,0.179785,0.269027,0.245594,0.177890
1088,4.533333,0.393288,0.177116,0.191463,0.331202,0.220768,0.183683,0.267407,0.161261,0.180338,0.248289,0.056756,0.179789,0.269028,0.245593,0.177895
1089,4.537500,0.393287,0.177114,0.191451,0.331204,0.220768,0.183684,0.267405,0.161262,0.180342,0.248286,0.056758,0.179790,0.269027,0.245593,0.177899
1090,4.541667,0.393287,0.177114,0.191438,0.331203,0.220767,0.183686,0.267404,0.161262,0.180346,0.248290,0.056753,0.179786,0.269029,0.245592,0.177899
1091,4.545833,0.393288,0.177111,0.191427,0.331202,0.220766,0.183686,0.267401,0.161261,0.180350,0.248290,0.056756,0.179790,0.269028,0.245593,0.177905
1092,4.550000,0.393287,0.177108,0.191414,0.331201,0.220766,0.183689,0.267402,0.161262,0.180351,0.248287,0.056755,0.179792,0.269026,0.245593,0.177908
1093,4.554167,0.393286,0.177105,0.191407,0.331199,0.220765,0.183691,0.267399,0.161263,0.180359,0.248287,0.056756,0.179792,0.269026,0.245594,0.177912
1094,4.558333,0.393286,0.177100,0.191398,0.331199,0.220763,0.183690,0.267399,0.161261,0.180362,0.248287,0.056755,0.179796,0.269027,0.245594,0.177917
1095,4.562500,0.393284,0.177099,0.191393,0.331198,0.220763,0.183691,0.267397,0.161262,0.180364,0.248285,0.056754,0.179800,0.269024,0.245593,0.177920
1096,4.566667,0.393283,0.177095,0.191388,0.331194,0.220762,0.183694,0.267398,0.161261,0.180364,0.248284,0.056757,0.179796,0.269023,0.245593,0.177922
1097,4.570833,0.393279,0.177088,0.191386,0.331193,0.220760,0.183693,0.267393,0.161263,0.180366,0.248283,0.056756,0.179799,0.269023,0.245594,0.177924
1098,4.575000,0.393277,0.177087,0.191385,0.331193,0.220761,0.183694,0.267393,0.161262,0.180367,0.248282,0.056755,0.179799,0.269021,0.245597,0.177928
1099,4.579167,0.393272,0.177085,0.191384,0.331189,0.220765,0.183699,0.267394,0.161263,0.180370,0.248282,0.056756,0.179798,0.269018,0.245603,0.177936
1100,4.583333,0.393268,0.177080,0.191385,0.331192,0.220761,0.183691,0.267393,0.161262,0.180367,0.248282,0.056755,0.179799,0.269020,0.245596,0.177931
1101,4.587500,0.393264,0.177077,0.191387,0.331189,0.220761,0.183692,0.267391,0.161266,0.180371,0.248285,0.056755,0.179797,0.269020,0.245597,0.177930
1102,4.591667,0.393258,0.177074,0.191389,0.331188,0.220761,0.183691,0.267393,0.161264,0.180367,0.248284,0.056756,0.179797,0.269018,0.245597,0.177931
1103,4.595833,0.393253,0.177068,0.191393,0.331185,0.220761,0.183692,0.267391,0.161265,0.180372,0.248283,0.056756,0.179801,0.269016,0.245594,0.177932
1104,4.600000,0.393249,0.177065,0.191397,0.331186,0.220762,0.183692,0.267390,0.161265,0.180373,0.248283,0.056757,0.179800,0.269015,0.245595,0.177931
1105,4.604167,0.393243,0.177064,0.191402,0.331185,0.220763,0.183691,0.267391,0.161265,0.180369,0.248282,0.056755,0.179799,0.269013,0.245604,0.177934
1106,4.608333,0.393238,0.177063,0.191405,0.331185,0.220763,0.183689,0.267393,0.161264,0.180367,0.248286,0.056754,0.179794,0.269015,0.245598,0.177928
1107,4.612500,0.393234,0.177058,0.191413,0.331183,0.220763,0.183690,0.267389,0.161264,0.180368,0.248286,0.056755,0.179797,0.269012,0.245597,0.177926
1108,4.616667,0.393228,0.177057,0.191417,0.331183,0.220763,0.183690,0.267391,0.161266,0.180362,0.248287,0.056756,0.179795,0.269013,0.245600,0.177919
1109,4.620833,0.393224,0.177057,0.191423,0.331182,0.220765,0.183690,0.267392,0.161265,0.180358,0.248286,0.056755,0.179798,0.269011,0.245598,0.177919
1110,4.625000,0.393221,0.177057,0.191430,0.331181,0.220769,0.183697,0.267391,0.161266,0.180360,0.248285,0.056754,0.179799,0.269010,0.245597,0.177915
1111,4.629167,0.393219,0.177056,0.191439,0.331181,0.220767,0.183689,0.267392,0.161267,0.180355,0.248287,0.056755,0.179793,0.269010,0.245598,0.177909
1112,4.633333,0.393214,0.177057,0.191449,0.331179,0.220767,0.183686,0.267392,0.161266,0.180353,0.248287,0.056755,0.179793,0.269010,0.245600,0.177904
1113,4.637500,0.393214,0.177058,0.191454,0.331174,0.220772,0.183692,0.267392,0.161269,0.180351,0.248290,0.056756,0.179792,0.269008,0.245599,0.177902
