0,0.000000,0.291692,0.326727,0.310384,0.270144,0.298473,0.232429,0.251454,0.178293,0.184685,0.248311,0.056825,0.179940,0.214143,0.258829,0.196349
1,0.004167,0.291692,0.326730,0.310382,0.270143,0.298475,0.232428,0.251458,0.178308,0.184692,0.248315,0.056825,0.179931,0.214142,0.258829,0.196349
2,0.008333,0.291693,0.326731,0.310382,0.270142,0.298474,0.232429,0.251455,0.178291,0.184686,0.248312,0.056825,0.179937,0.214143,0.258828,0.196347
3,0.012500,0.291689,0.326729,0.310376,0.270140,0.298474,0.232428,0.251455,0.178292,0.184687,0.248313,0.056823,0.179936,0.214144,0.258828,0.196345
4,0.016667,0.291689,0.326732,0.310378,0.270141,0.298475,0.232426,0.251456,0.178292,0.184684,0.248313,0.056819,0.179934,0.214145,0.258826,0.196341
5,0.020833,0.291686,0.326732,0.310372,0.270140,0.298477,0.232424,0.251457,0.178299,0.184698,0.248311,0.056821,0.179938,0.214144,0.258825,0.196346
6,0.025000,0.291687,0.326738,0.310376,0.270140,0.298478,0.232423,0.251453,0.178302,0.184687,0.248315,0.056821,0.179934,0.214147,0.258827,0.196342
7,0.029167,0.291686,0.326740,0.310369,0.270141,0.298479,0.232421,0.251461,0.178263,0.184683,0.248316,0.056820,0.179934,0.214147,0.258828,0.196342
8,0.033333,0.291683,0.326745,0.310366,0.270141,0.298479,0.232423,0.251463,0.178305,0.184694,0.248316,0.056819,0.179938,0.214149,0.258826,0.196342
9,0.037500,0.291682,0.326752,0.310364,0.270140,0.298481,0.232421,0.251455,0.178284,0.184695,0.248313,0.056819,0.179938,0.214149,0.258823,0.196338
10,0.041667,0.291683,0.326758,0.310368,0.270141,0.298480,0.232419,0.251464,0.178304,0.184692,0.248315,0.056816,0.179940,0.214148,0.258822,0.196338
11,0.045833,0.291681,0.326761,0.310361,0.270139,0.298481,0.232419,0.251458,0.178286,0.184687,0.248314,0.056818,0.179941,0.214148,0.258825,0.196342
12,0.050000,0.291678,0.326766,0.310360,0.270136,0.298479,0.232417,0.251456,0.178280,0.184693,0.248312,0.056816,0.179939,0.214148,0.258823,0.196338
13,0.054167,0.291676,0.326768,0.310358,0.270138,0.298481,0.232416,0.251454,0.178282,0.184694,0.248313,0.056816,0.179939,0.214147,0.258823,0.196337
14,0.058333,0.291674,0.326775,0.310357,0.270138,0.298482,0.232417,0.251458,0.178262,0.184686,0.248311,0.056815,0.179944,0.214147,0.258824,0.196340
15,0.062500,0.291672,0.326779,0.310358,0.270139,0.298482,0.232417,0.251458,0.178287,0.184691,0.248312,0.056814,0.179940,0.214147,0.258826,0.196339
16,0.066667,0.291669,0.326783,0.310356,0.270139,0.298483,0.232416,0.251453,0.178282,0.184697,0.248313,0.056817,0.179942,0.214147,0.258826,0.196341
17,0.070833,0.291665,0.326785,0.310356,0.270139,0.298486,0.232415,0.251458,0.178288,0.184689,0.248313,0.056820,0.179944,0.214147,0.258827,0.196341
18,0.075000,0.291664,0.326788,0.310356,0.270140,0.298485,0.232414,0.251455,0.178283,0.184696,0.248312,0.056821,0.179947,0.214147,0.258828,0.196341
19,0.079167,0.291663,0.326789,0.310357,0.270142,0.298487,0.232415,0.251458,0.178287,0.184692,0.248316,0.056820,0.179943,0.214147,0.258830,0.196342
20,0.083333,0.291664,0.326793,0.310354,0.270140,0.298486,0.232415,0.251458,0.178292,0.184691,0.248314,0.056820,0.179946,0.214148,0.258831,0.196345
21,0.087500,0.291662,0.326795,0.310356,0.270140,0.298487,0.232415,0.251462,0.178305,0.184697,0.248312,0.056822,0.179945,0.214148,0.258829,0.196342
22,0.091667,0.291662,0.326797,0.310355,0.270139,0.298488,0.232413,0.251459,0.178289,0.184691,0.248315,0.056821,0.179943,0.214147,0.258829,0.196343
23,0.095833,0.291664,0.326797,0.310354,0.270141,0.298486,0.232416,0.251459,0.178299,0.184704,0.248314,0.056823,0.179945,0.214149,0.258828,0.196341
24,0.100000,0.291663,0.326798,0.310355,0.270140,0.298487,0.232415,0.251460,0.178289,0.184693,0.248311,0.056818,0.179946,0.214148,0.258827,0.196341
25,0.104167,0.291663,0.326798,0.310354,0.270140,0.298487,0.232416,0.251459,0.178287,0.184692,0.248312,0.056821,0.179944,0.214149,0.258826,0.196342
26,0.108333,0.291663,0.326797,0.310355,0.270140,0.298485,0.232415,0.251456,0.178282,0.184700,0.248313,0.056820,0.179942,0.214149,0.258826,0.196340
27,0.112500,0.291662,0.326800,0.310356,0.270142,0.298485,0.232417,0.251461,0.178289,0.184689,0.248311,0.056821,0.179946,0.214150,0.258828,0.196341
28,0.116667,0.291663,0.326797,0.310357,0.270142,0.298486,0.232415,0.251460,0.178289,0.184691,0.248314,0.056819,0.179943,0.214152,0.258828,0.196340
29,0.120833,0.291664,0.326794,0.310357,0.270144,0.298485,0.232417,0.251461,0.178289,0.184692,0.248313,0.056821,0.179942,0.214153,0.258829,0.196341
30,0.125000,0.291666,0.326792,0.310357,0.270146,0.298485,0.232419,0.251462,0.178286,0.184691,0.248316,0.056820,0.179937,0.214152,0.258825,0.196338
31,0.129167,0.291666,0.326788,0.310359,0.270146,0.298485,0.232418,0.251461,0.178286,0.184691,0.248315,0.056818,0.179940,0.214156,0.258828,0.196341
32,0.133333,0.291668,0.326787,0.310360,0.270145,0.298482,0.232419,0.251461,0.178287,0.184690,0.248314,0.056819,0.179938,0.214156,0.258826,0.196336
33,0.137500,0.291670,0.326782,0.310361,0.270145,0.298481,0.232419,0.251460,0.178288,0.184690,0.248314,0.056818,0.179937,0.214153,0.258826,0.196339
34,0.141667,0.291671,0.326780,0.310362,0.270146,0.298480,0.232420,0.251461,0.178287,0.184687,0.248313,0.056817,0.179938,0.214152,0.258827,0.196338
35,0.145833,0.291672,0.326775,0.310364,0.270147,0.298479,0.232421,0.251459,0.178286,0.184686,0.248313,0.056818,0.179938,0.214153,0.258826,0.196338
36,0.150000,0.291673,0.326771,0.310366,0.270147,0.298477,0.232422,0.251461,0.178285,0.184686,0.248313,0.056816,0.179938,0.214151,0.258824,0.196338
37,0.154167,0.291677,0.326770,0.310373,0.270145,0.298476,0.232422,0.251459,0.178286,0.184688,0.248310,0.056818,0.179939,0.214152,0.258825,0.196340
38,0.158333,0.291679,0.326764,0.310374,0.270148,0.298476,0.232424,0.251460,0.178287,0.184687,0.248309,0.056819,0.179936,0.214153,0.258826,0.196341
39,0.162500,0.291675,0.326757,0.310372,0.270148,0.298478,0.232425,0.251456,0.178282,0.184694,0.248314,0.056817,0.179934,0.214154,0.258828,0.196342
40,0.166667,0.291674,0.326749,0.310374,0.270148,0.298478,0.232426,0.251458,0.178289,0.184689,0.248312,0.056819,0.179939,0.214152,0.258830,0.196343
41,0.170833,0.291674,0.326745,0.310375,0.270148,0.298477,0.232425,0.251458,0.178289,0.184687,0.248312,0.056820,0.179943,0.214152,0.258830,0.196344
42,0.175000,0.291679,0.326743,0.310380,0.270149,0.298477,0.232427,0.251460,0.178304,0.184693,0.248312,0.056823,0.179938,0.214152,0.258829,0.196345
43,0.179167,0.291681,0.326740,0.310383,0.270149,0.298477,0.232429,0.251456,0.178290,0.184686,0.248311,0.056819,0.179937,0.214152,0.258828,0.196344
44,0.183333,0.291684,0.326738,0.310384,0.270148,0.298475,0.232427,0.251458,0.178289,0.184683,0.248312,0.056820,0.179937,0.214149,0.258829,0.196345
45,0.187500,0.291686,0.326734,0.310384,0.270147,0.298474,0.232426,0.251452,0.178284,0.184694,0.248310,0.056821,0.179936,0.214148,0.258829,0.196346
46,0.191667,0.291685,0.326731,0.310384,0.270146,0.298473,0.232428,0.251456,0.178290,0.184686,0.248310,0.056821,0.179941,0.214147,0.258830,0.196345
47,0.195833,0.291687,0.326728,0.310384,0.270144,0.298472,0.232426,0.251455,0.178290,0.184685,0.248311,0.056821,0.179939,0.214146,0.258827,0.196344
48,0.200000,0.291689,0.326727,0.310385,0.270145,0.298473,0.232427,0.251456,0.178287,0.184686,0.248308,0.056822,0.179939,0.214146,0.258828,0.196345
49,0.204167,0.291689,0.326727,0.310384,0.270145,0.298474,0.232428,0.251459,0.178305,0.184692,0.248311,0.056820,0.179935,0.214145,0.258827,0.196344
50,0.208333,0.291689,0.326725,0.310385,0.270147,0.298474,0.232428,0.251455,0.178291,0.184687,0.248311,0.056820,0.179938,0.214148,0.258829,0.196350
51,0.212500,0.291689,0.326724,0.310383,0.270146,0.298476,0.232427,0.251457,0.178266,0.184682,0.248312,0.056818,0.179937,0.214147,0.258830,0.196345
52,0.216667,0.291690,0.326726,0.310382,0.270148,0.298475,0.232427,0.251457,0.178289,0.184684,0.248314,0.056821,0.179938,0.214146,0.258829,0.196347
53,0.220833,0.291691,0.326729,0.310383,0.270145,0.298476,0.232427,0.251458,0.178265,0.184683,0.248315,0.056822,0.179936,0.214147,0.258828,0.196347
54,0.225000,0.291692,0.326731,0.310379,0.270146,0.298475,0.232426,0.251455,0.178288,0.184688,0.248311,0.056822,0.179934,0.214148,0.258828,0.196348
55,0.229167,0.291693,0.326737,0.310378,0.270144,0.298476,0.232425,0.251457,0.178288,0.184687,0.248311,0.056823,0.179940,0.214146,0.258826,0.196347
56,0.233333,0.291694,0.326739,0.310376,0.270143,0.298475,0.232427,0.251455,0.178290,0.184687,0.248313,0.056821,0.179936,0.214146,0.258825,0.196347
57,0.237500,0.291691,0.326740,0.310369,0.270141,0.298477,0.232424,0.251453,0.178281,0.184694,0.248313,0.056818,0.179938,0.214143,0.258825,0.196347
58,0.241667,0.291694,0.326746,0.310371,0.270142,0.298476,0.232424,0.251453,0.178282,0.184693,0.248312,0.056819,0.179940,0.214144,0.258826,0.196347
59,0.245833,0.291695,0.326754,0.310371,0.270141,0.298476,0.232423,0.251454,0.178256,0.184692,0.248313,0.056819,0.179937,0.214144,0.258822,0.196347
60,0.250000,0.291694,0.326757,0.310369,0.270141,0.298477,0.232422,0.251457,0.178263,0.184685,0.248312,0.056818,0.179939,0.214143,0.258821,0.196347
61,0.254167,0.291689,0.326758,0.310362,0.270141,0.298478,0.232421,0.251454,0.178283,0.184692,0.248313,0.056821,0.179939,0.214143,0.258823,0.196346
62,0.258333,0.291692,0.326764,0.310366,0.270142,0.298480,0.232422,0.251459,0.178291,0.184686,0.248313,0.056820,0.179939,0.214146,0.258826,0.196348
63,0.262500,0.291694,0.326771,0.310366,0.270141,0.298482,0.232421,0.251456,0.178290,0.184689,0.248317,0.056819,0.179938,0.214145,0.258824,0.196347
64,0.266667,0.291692,0.326774,0.310364,0.270141,0.298484,0.232422,0.251461,0.178307,0.184695,0.248313,0.056818,0.179939,0.214145,0.258828,0.196347
65,0.270833,0.291688,0.326774,0.310357,0.270141,0.298483,0.232420,0.251462,0.178307,0.184695,0.248314,0.056821,0.179937,0.214144,0.258826,0.196346
66,0.275000,0.291687,0.326775,0.310357,0.270139,0.298483,0.232419,0.251453,0.178285,0.184698,0.248315,0.056818,0.179939,0.214145,0.258826,0.196347
67,0.279167,0.291687,0.326778,0.310355,0.270139,0.298483,0.232419,0.251459,0.178287,0.184687,0.248313,0.056819,0.179938,0.214144,0.258823,0.196347
68,0.283333,0.291692,0.326784,0.310357,0.270138,0.298485,0.232419,0.251452,0.178284,0.184695,0.248311,0.056820,0.179941,0.214145,0.258824,0.196349
69,0.287500,0.291689,0.326784,0.310352,0.270138,0.298484,0.232418,0.251459,0.178265,0.184687,0.248315,0.056819,0.179944,0.214143,0.258826,0.196349
70,0.291667,0.291685,0.326786,0.310353,0.270139,0.298486,0.232418,0.251456,0.178289,0.184689,0.248313,0.056823,0.179942,0.214142,0.258826,0.196349
71,0.295833,0.291686,0.326788,0.310352,0.270137,0.298487,0.232417,0.251453,0.178284,0.184697,0.248316,0.056819,0.179938,0.214142,0.258826,0.196347
72,0.300000,0.291684,0.326790,0.310353,0.270138,0.298488,0.232419,0.251454,0.178287,0.184697,0.248314,0.056821,0.179939,0.214144,0.258826,0.196349
73,0.304167,0.291681,0.326789,0.310351,0.270139,0.298486,0.232417,0.251457,0.178291,0.184693,0.248314,0.056821,0.179939,0.214146,0.258827,0.196349
74,0.308333,0.291679,0.326790,0.310352,0.270139,0.298488,0.232416,0.251457,0.178299,0.184705,0.248313,0.056823,0.179940,0.214144,0.258827,0.196348
75,0.312500,0.291682,0.326792,0.310351,0.270141,0.298488,0.232417,0.251458,0.178291,0.184693,0.248314,0.056822,0.179944,0.214145,0.258829,0.196348
76,0.316667,0.291680,0.326791,0.310353,0.270140,0.298487,0.232416,0.251459,0.178290,0.184691,0.248314,0.056821,0.179944,0.214145,0.258829,0.196348
77,0.320833,0.291679,0.326791,0.310351,0.270140,0.298487,0.232416,0.251460,0.178291,0.184690,0.248313,0.056820,0.179942,0.214146,0.258827,0.196344
78,0.325000,0.291680,0.326789,0.310350,0.270140,0.298487,0.232414,0.251453,0.178284,0.184697,0.248313,0.056820,0.179940,0.214148,0.258825,0.196344
79,0.329167,0.291677,0.326786,0.310353,0.270139,0.298485,0.232414,0.251461,0.178306,0.184695,0.248314,0.056823,0.179941,0.214144,0.258827,0.196341
80,0.333333,0.291678,0.326786,0.310354,0.270139,0.298483,0.232415,0.251459,0.178289,0.184690,0.248313,0.056817,0.179940,0.214146,0.258827,0.196343
81,0.337500,0.291677,0.326783,0.310355,0.270142,0.298484,0.232413,0.251461,0.178304,0.184696,0.248310,0.056820,0.179942,0.214145,0.258825,0.196341
82,0.341667,0.291678,0.326779,0.310355,0.270143,0.298484,0.232413,0.251455,0.178258,0.184693,0.248314,0.056817,0.179940,0.214146,0.258826,0.196341
83,0.345833,0.291677,0.326776,0.310355,0.270142,0.298483,0.232414,0.251458,0.178287,0.184686,0.248314,0.056821,0.179941,0.214147,0.258824,0.196340
84,0.350000,0.291681,0.326778,0.310361,0.270143,0.298484,0.232412,0.251457,0.178289,0.184689,0.248313,0.056817,0.179937,0.214151,0.258826,0.196340
85,0.354167,0.291677,0.326771,0.310359,0.270144,0.298483,0.232418,0.251457,0.178289,0.184688,0.248312,0.056816,0.179939,0.214149,0.258826,0.196341
86,0.358333,0.291674,0.326767,0.310359,0.270144,0.298483,0.232413,0.251453,0.178293,0.184695,0.248312,0.056818,0.179943,0.214149,0.258828,0.196340
87,0.362500,0.291674,0.326764,0.310360,0.270144,0.298484,0.232413,0.251462,0.178306,0.184694,0.248314,0.056817,0.179938,0.214151,0.258826,0.196335
88,0.366667,0.291674,0.326761,0.310360,0.270144,0.298482,0.232414,0.251453,0.178280,0.184697,0.248310,0.056817,0.179943,0.214150,0.258823,0.196337
89,0.370833,0.291674,0.326760,0.310362,0.270145,0.298481,0.232416,0.251457,0.178287,0.184687,0.248313,0.056817,0.179941,0.214147,0.258824,0.196338
90,0.375000,0.291675,0.326758,0.310363,0.270144,0.298480,0.232416,0.251457,0.178300,0.184701,0.248311,0.056818,0.179942,0.214148,0.258825,0.196339
91,0.379167,0.291677,0.326754,0.310364,0.270143,0.298481,0.232417,0.251461,0.178305,0.184694,0.248311,0.056820,0.179943,0.214149,0.258826,0.196338
92,0.383333,0.291676,0.326752,0.310366,0.270144,0.298480,0.232418,0.251452,0.178284,0.184694,0.248310,0.056818,0.179944,0.214149,0.258827,0.196336
93,0.387500,0.291674,0.326752,0.310365,0.270145,0.298479,0.232417,0.251458,0.178289,0.184686,0.248310,0.056817,0.179941,0.214149,0.258828,0.196339
94,0.391667,0.291672,0.326750,0.310367,0.270145,0.298478,0.232419,0.251452,0.178285,0.184696,0.248308,0.056821,0.179943,0.214149,0.258828,0.196339
95,0.395833,0.291670,0.326747,0.310369,0.270146,0.298478,0.232420,0.251458,0.178289,0.184689,0.248309,0.056818,0.179947,0.214149,0.258828,0.196338
96,0.400000,0.291672,0.326747,0.310368,0.270147,0.298479,0.232420,0.251461,0.178305,0.184692,0.248312,0.056820,0.179944,0.214149,0.258832,0.196341
97,0.404167,0.291672,0.326745,0.310371,0.270146,0.298481,0.232420,0.251458,0.178291,0.184686,0.248313,0.056818,0.179944,0.214150,0.258831,0.196342
98,0.408333,0.291670,0.326744,0.310371,0.270146,0.298482,0.232421,0.251455,0.178290,0.184688,0.248310,0.056823,0.179946,0.214150,0.258832,0.196344
99,0.412500,0.291671,0.326745,0.310371,0.270145,0.298482,0.232420,0.251456,0.178266,0.184685,0.248314,0.056822,0.179942,0.214150,0.258830,0.196342
100,0.416667,0.291673,0.326746,0.310370,0.270146,0.298479,0.232420,0.251454,0.178300,0.184687,0.248310,0.056822,0.179943,0.214147,0.258828,0.196339
101,0.420833,0.291674,0.326747,0.310371,0.270144,0.298480,0.232421,0.251452,0.178283,0.184693,0.248311,0.056820,0.179945,0.214145,0.258829,0.196343
102,0.425000,0.291674,0.326750,0.310371,0.270143,0.298478,0.232420,0.251451,0.178285,0.184695,0.248309,0.056820,0.179942,0.214147,0.258826,0.196342
103,0.429167,0.291674,0.326752,0.310369,0.270142,0.298476,0.232421,0.251457,0.178288,0.184686,0.248310,0.056818,0.179939,0.214147,0.258825,0.196342
104,0.433333,0.291675,0.326753,0.310369,0.270145,0.298477,0.232421,0.251456,0.178290,0.184687,0.248311,0.056817,0.179942,0.214145,0.258826,0.196344
105,0.437500,0.291676,0.326758,0.310367,0.270144,0.298479,0.232422,0.251456,0.178289,0.184688,0.248312,0.056819,0.179941,0.214146,0.258825,0.196341
106,0.441667,0.291675,0.326759,0.310366,0.270145,0.298477,0.232421,0.251457,0.178289,0.184687,0.248313,0.056818,0.179937,0.214148,0.258826,0.196343
107,0.445833,0.291674,0.326761,0.310364,0.270143,0.298479,0.232423,0.251454,0.178283,0.184696,0.248315,0.056819,0.179936,0.214148,0.258827,0.196344
108,0.450000,0.291674,0.326762,0.310363,0.270142,0.298482,0.232420,0.251459,0.178288,0.184689,0.248315,0.056818,0.179936,0.214148,0.258828,0.196342
109,0.454167,0.291674,0.326765,0.310362,0.270143,0.298482,0.232421,0.251454,0.178283,0.184695,0.248314,0.056818,0.179938,0.214150,0.258825,0.196340
110,0.458333,0.291675,0.326767,0.310362,0.270141,0.298481,0.232421,0.251460,0.178288,0.184689,0.248312,0.056817,0.179939,0.214147,0.258822,0.196343
111,0.462500,0.291676,0.326768,0.310359,0.270141,0.298482,0.232421,0.251459,0.178288,0.184689,0.248313,0.056820,0.179938,0.214145,0.258825,0.196343
112,0.466667,0.291678,0.326771,0.310360,0.270141,0.298480,0.232421,0.251459,0.178288,0.184688,0.248312,0.056816,0.179937,0.214146,0.258824,0.196342
113,0.470833,0.291683,0.326774,0.310364,0.270138,0.298484,0.232422,0.251458,0.178289,0.184687,0.248311,0.056819,0.179937,0.214143,0.258826,0.196343
114,0.475000,0.291681,0.326774,0.310360,0.270139,0.298482,0.232423,0.251457,0.178291,0.184689,0.248311,0.056821,0.179935,0.214145,0.258824,0.196341
115,0.479167,0.291679,0.326772,0.310360,0.270137,0.298483,0.232421,0.251457,0.178299,0.184701,0.248311,0.056820,0.179936,0.214145,0.258824,0.196340
116,0.483333,0.291679,0.326774,0.310360,0.270137,0.298483,0.232422,0.251456,0.178287,0.184688,0.248310,0.056821,0.179937,0.214144,0.258824,0.196342
117,0.487500,0.291678,0.326773,0.310359,0.270137,0.298484,0.232422,0.251456,0.178289,0.184688,0.248314,0.056821,0.179935,0.214143,0.258824,0.196343
118,0.491667,0.291677,0.326776,0.310359,0.270137,0.298485,0.232422,0.251461,0.178306,0.184696,0.248314,0.056823,0.179935,0.214141,0.258828,0.196346
119,0.495833,0.291676,0.326777,0.310361,0.270137,0.298485,0.232422,0.251454,0.178266,0.184689,0.248313,0.056822,0.179935,0.214141,0.258828,0.196344
120,0.500000,0.291676,0.326775,0.310360,0.270138,0.298486,0.232423,0.251456,0.178293,0.184689,0.248315,0.056821,0.179937,0.214142,0.258828,0.196342
121,0.504167,0.291677,0.326776,0.310359,0.270135,0.298485,0.232422,0.251452,0.178288,0.184695,0.248313,0.056823,0.179936,0.214142,0.258828,0.196342
122,0.508333,0.291675,0.326777,0.310360,0.270136,0.298484,0.232422,0.251456,0.178292,0.184686,0.248314,0.056821,0.179935,0.214141,0.258826,0.196343
123,0.512500,0.291675,0.326775,0.310359,0.270134,0.298483,0.232421,0.251456,0.178289,0.184687,0.248313,0.056822,0.179936,0.214140,0.258826,0.196344
124,0.516667,0.291677,0.326775,0.310358,0.270134,0.298483,0.232420,0.251456,0.178288,0.184687,0.248312,0.056820,0.179940,0.214138,0.258823,0.196344
125,0.520833,0.291677,0.326775,0.310359,0.270134,0.298481,0.232420,0.251455,0.178265,0.184685,0.248313,0.056819,0.179934,0.214138,0.258825,0.196343
126,0.525000,0.291678,0.326775,0.310359,0.270133,0.298483,0.232419,0.251454,0.178289,0.184685,0.248313,0.056817,0.179936,0.214139,0.258827,0.196345
127,0.529167,0.291677,0.326772,0.310359,0.270134,0.298484,0.232417,0.251459,0.178306,0.184691,0.248313,0.056819,0.179936,0.214139,0.258826,0.196342
128,0.533333,0.291675,0.326769,0.310360,0.270136,0.298484,0.232417,0.251452,0.178284,0.184693,0.248313,0.056820,0.179937,0.214141,0.258826,0.196344
129,0.537500,0.291673,0.326769,0.310358,0.270136,0.298484,0.232417,0.251452,0.178283,0.184696,0.248314,0.056821,0.179938,0.214143,0.258822,0.196339
130,0.541667,0.291673,0.326767,0.310359,0.270136,0.298486,0.232416,0.251461,0.178304,0.184694,0.248316,0.056820,0.179940,0.214145,0.258825,0.196341
131,0.545833,0.291673,0.326764,0.310360,0.270137,0.298484,0.232417,0.251458,0.178288,0.184685,0.248314,0.056820,0.179939,0.214143,0.258824,0.196342
132,0.550000,0.291673,0.326763,0.310359,0.270136,0.298486,0.232415,0.251457,0.178302,0.184685,0.248314,0.056819,0.179937,0.214144,0.258826,0.196339
133,0.554167,0.291675,0.326764,0.310360,0.270136,0.298485,0.232415,0.251454,0.178260,0.184690,0.248318,0.056820,0.179937,0.214143,0.258827,0.196338
134,0.558333,0.291676,0.326764,0.310358,0.270135,0.298485,0.232416,0.251455,0.178284,0.184691,0.248316,0.056818,0.179937,0.214145,0.258822,0.196339
135,0.562500,0.291674,0.326761,0.310358,0.270133,0.298483,0.232414,0.251455,0.178282,0.184691,0.248313,0.056819,0.179939,0.214143,0.258823,0.196337
136,0.566667,0.291673,0.326760,0.310356,0.270134,0.298480,0.232414,0.251456,0.178263,0.184681,0.248313,0.056817,0.179939,0.214143,0.258822,0.196334
137,0.570833,0.291670,0.326759,0.310357,0.270135,0.298480,0.232417,0.251454,0.178279,0.184694,0.248312,0.056817,0.179938,0.214146,0.258821,0.196336
138,0.575000,0.291672,0.326761,0.310358,0.270135,0.298482,0.232416,0.251461,0.178304,0.184693,0.248315,0.056818,0.179940,0.214145,0.258823,0.196335
139,0.579167,0.291672,0.326762,0.310359,0.270138,0.298483,0.232413,0.251453,0.178284,0.184692,0.248316,0.056819,0.179939,0.214147,0.258827,0.196336
140,0.583333,0.291671,0.326761,0.310359,0.270139,0.298485,0.232415,0.251455,0.178283,0.184693,0.248315,0.056818,0.179940,0.214148,0.258829,0.196338
141,0.587500,0.291667,0.326760,0.310360,0.270142,0.298483,0.232416,0.251454,0.178283,0.184696,0.248315,0.056818,0.179943,0.214149,0.258827,0.196337
142,0.591667,0.291666,0.326758,0.310363,0.270141,0.298484,0.232413,0.251458,0.178258,0.184692,0.248317,0.056817,0.179938,0.214150,0.258828,0.196334
143,0.595833,0.291664,0.326759,0.310364,0.270141,0.298484,0.232415,0.251456,0.178283,0.184694,0.248314,0.056819,0.179942,0.214149,0.258827,0.196336
144,0.600000,0.291666,0.326761,0.310364,0.270140,0.298485,0.232414,0.251458,0.178298,0.184700,0.248313,0.056818,0.179941,0.214149,0.258828,0.196338
145,0.604167,0.291667,0.326763,0.310363,0.270141,0.298483,0.232414,0.251454,0.178285,0.184693,0.248313,0.056819,0.179940,0.214149,0.258828,0.196339
146,0.608333,0.291664,0.326764,0.310362,0.270140,0.298483,0.232413,0.251458,0.178287,0.184685,0.248313,0.056822,0.179942,0.214147,0.258826,0.196337
147,0.612500,0.291664,0.326767,0.310363,0.270142,0.298481,0.232416,0.251456,0.178298,0.184699,0.248312,0.056818,0.179941,0.214149,0.258828,0.196340
148,0.616667,0.291665,0.326770,0.310365,0.270142,0.298482,0.232415,0.251458,0.178287,0.184687,0.248309,0.056821,0.179939,0.214148,0.258828,0.196339
149,0.620833,0.291664,0.326773,0.310363,0.270143,0.298482,0.232417,0.251457,0.178289,0.184688,0.248310,0.056820,0.179941,0.214148,0.258828,0.196338
150,0.625000,0.291663,0.326773,0.310364,0.270145,0.298484,0.232416,0.251461,0.178288,0.184685,0.248309,0.056821,0.179943,0.214151,0.258829,0.196337
151,0.629167,0.291664,0.326776,0.310364,0.270147,0.298483,0.232418,0.251460,0.178289,0.184687,0.248313,0.056819,0.179944,0.214154,0.258831,0.196338
152,0.633333,0.291663,0.326778,0.310364,0.270147,0.298485,0.232416,0.251460,0.178265,0.184687,0.248313,0.056820,0.179943,0.214154,0.258829,0.196339
153,0.637500,0.291664,0.326779,0.310362,0.270148,0.298484,0.232418,0.251460,0.178299,0.184706,0.248313,0.056818,0.179943,0.214154,0.258829,0.196339
154,0.641667,0.291665,0.326782,0.310363,0.270149,0.298483,0.232420,0.251457,0.178282,0.184695,0.248314,0.056818,0.179941,0.214155,0.258829,0.196339
155,0.645833,0.291668,0.326784,0.310361,0.270149,0.298482,0.232420,0.251464,0.178304,0.184696,0.248309,0.056820,0.179942,0.214154,0.258828,0.196339
156,0.650000,0.291668,0.326784,0.310361,0.270145,0.298482,0.232417,0.251459,0.178263,0.184685,0.248310,0.056817,0.179942,0.214154,0.258828,0.196335
157,0.654167,0.291670,0.326784,0.310361,0.270148,0.298481,0.232419,0.251458,0.178287,0.184687,0.248312,0.056818,0.179939,0.214153,0.258827,0.196337
158,0.658333,0.291671,0.326784,0.310362,0.270148,0.298481,0.232420,0.251455,0.178281,0.184693,0.248310,0.056816,0.179940,0.214152,0.258827,0.196339
159,0.662500,0.291672,0.326783,0.310362,0.270149,0.298479,0.232420,0.251455,0.178281,0.184694,0.248311,0.056818,0.179940,0.214153,0.258827,0.196340
160,0.666667,0.291672,0.326782,0.310360,0.270147,0.298481,0.232418,0.251459,0.178285,0.184688,0.248313,0.056817,0.179938,0.214155,0.258824,0.196337
161,0.670833,0.291674,0.326780,0.310359,0.270149,0.298481,0.232418,0.251461,0.178287,0.184686,0.248313,0.056818,0.179937,0.214154,0.258825,0.196338
162,0.675000,0.291675,0.326779,0.310360,0.270146,0.298481,0.232418,0.251459,0.178287,0.184689,0.248312,0.056821,0.179938,0.214154,0.258827,0.196341
163,0.679167,0.291676,0.326777,0.310359,0.270147,0.298483,0.232416,0.251457,0.178282,0.184693,0.248314,0.056819,0.179938,0.214154,0.258826,0.196338
164,0.683333,0.291679,0.326779,0.310364,0.270147,0.298483,0.232419,0.251459,0.178288,0.184687,0.248314,0.056820,0.179938,0.214151,0.258830,0.196341
165,0.687500,0.291678,0.326775,0.310360,0.270145,0.298481,0.232418,0.251458,0.178290,0.184689,0.248311,0.056821,0.179937,0.214150,0.258828,0.196341
166,0.691667,0.291676,0.326770,0.310360,0.270147,0.298481,0.232419,0.251459,0.178291,0.184686,0.248312,0.056821,0.179938,0.214151,0.258827,0.196340
167,0.695833,0.291678,0.326769,0.310360,0.270144,0.298482,0.232417,0.251457,0.178289,0.184689,0.248312,0.056820,0.179940,0.214149,0.258828,0.196343
168,0.700000,0.291681,0.326767,0.310360,0.270143,0.298482,0.232415,0.251457,0.178289,0.184689,0.248309,0.056822,0.179941,0.214145,0.258825,0.196342
169,0.704167,0.291688,0.326768,0.310363,0.270141,0.298481,0.232415,0.251456,0.178289,0.184687,0.248310,0.056823,0.179942,0.214144,0.258827,0.196343
170,0.708333,0.291685,0.326765,0.310358,0.270143,0.298480,0.232417,0.251456,0.178291,0.184688,0.248310,0.056822,0.179938,0.214144,0.258828,0.196344
171,0.712500,0.291683,0.326761,0.310359,0.270141,0.298481,0.232416,0.251455,0.178289,0.184688,0.248310,0.056823,0.179942,0.214144,0.258828,0.196344
172,0.716667,0.291685,0.326757,0.310359,0.270141,0.298482,0.232416,0.251459,0.178308,0.184693,0.248312,0.056823,0.179940,0.214142,0.258826,0.196344
173,0.720833,0.291687,0.326753,0.310358,0.270142,0.298483,0.232417,0.251456,0.178292,0.184687,0.248315,0.056823,0.179939,0.214144,0.258828,0.196343
174,0.725000,0.291688,0.326754,0.310359,0.270140,0.298484,0.232415,0.251461,0.178308,0.184694,0.248315,0.056821,0.179940,0.214144,0.258829,0.196345
175,0.729167,0.291692,0.326757,0.310363,0.270142,0.298485,0.232416,0.251461,0.178309,0.184691,0.248314,0.056824,0.179939,0.214144,0.258829,0.196342
176,0.733333,0.291691,0.326753,0.310359,0.270141,0.298483,0.232415,0.251454,0.178284,0.184692,0.248314,0.056823,0.179939,0.214142,0.258826,0.196341
177,0.737500,0.291690,0.326752,0.310356,0.270139,0.298484,0.232414,0.251459,0.178307,0.184693,0.248314,0.056822,0.179937,0.214141,0.258827,0.196344
178,0.741667,0.291691,0.326754,0.310355,0.270137,0.298482,0.232415,0.251457,0.178289,0.184687,0.248315,0.056822,0.179938,0.214141,0.258824,0.196342
179,0.745833,0.291693,0.326755,0.310354,0.270137,0.298482,0.232413,0.251452,0.178284,0.184690,0.248314,0.056819,0.179936,0.214140,0.258823,0.196342
180,0.750000,0.291698,0.326759,0.310358,0.270136,0.298483,0.232413,0.251450,0.178283,0.184693,0.248311,0.056819,0.179940,0.214138,0.258822,0.196343
181,0.754167,0.291696,0.326760,0.310351,0.270135,0.298482,0.232412,0.251455,0.178264,0.184681,0.248312,0.056818,0.179938,0.214138,0.258825,0.196343
182,0.758333,0.291697,0.326763,0.310356,0.270135,0.298483,0.232412,0.251459,0.178306,0.184688,0.248313,0.056817,0.179936,0.214140,0.258824,0.196342
183,0.762500,0.291700,0.326767,0.310356,0.270137,0.298483,0.232412,0.251459,0.178307,0.184690,0.248314,0.056816,0.179938,0.214139,0.258824,0.196339
184,0.766667,0.291695,0.326766,0.310349,0.270136,0.298484,0.232412,0.251459,0.178305,0.184690,0.248313,0.056817,0.179938,0.214140,0.258824,0.196342
185,0.770833,0.291695,0.326769,0.310354,0.270137,0.298485,0.232411,0.251457,0.178290,0.184686,0.248317,0.056819,0.179936,0.214141,0.258823,0.196341
186,0.775000,0.291691,0.326768,0.310350,0.270137,0.298485,0.232413,0.251454,0.178283,0.184694,0.248312,0.056820,0.179939,0.214140,0.258825,0.196343
187,0.779167,0.291692,0.326769,0.310349,0.270136,0.298487,0.232414,0.251455,0.178291,0.184687,0.248316,0.056820,0.179937,0.214140,0.258825,0.196341
188,0.783333,0.291691,0.326771,0.310349,0.270138,0.298487,0.232411,0.251458,0.178291,0.184684,0.248313,0.056822,0.179941,0.214142,0.258825,0.196344
189,0.787500,0.291689,0.326774,0.310348,0.270136,0.298487,0.232412,0.251458,0.178287,0.184686,0.248317,0.056818,0.179939,0.214140,0.258825,0.196344
190,0.791667,0.291689,0.326775,0.310349,0.270135,0.298484,0.232411,0.251455,0.178288,0.184689,0.248314,0.056820,0.179939,0.214138,0.258823,0.196344
191,0.795833,0.291687,0.326776,0.310348,0.270136,0.298485,0.232412,0.251453,0.178283,0.184693,0.248313,0.056820,0.179939,0.214138,0.258822,0.196344
192,0.800000,0.291686,0.326778,0.310349,0.270136,0.298485,0.232412,0.251459,0.178304,0.184694,0.248309,0.056820,0.179946,0.214140,0.258824,0.196347
193,0.804167,0.291686,0.326778,0.310349,0.270137,0.298486,0.232411,0.251452,0.178282,0.184696,0.248312,0.056818,0.179937,0.214141,0.258824,0.196344
194,0.808333,0.291686,0.326782,0.310350,0.270136,0.298487,0.232412,0.251456,0.178289,0.184687,0.248312,0.056820,0.179941,0.214142,0.258827,0.196344
195,0.812500,0.291685,0.326784,0.310350,0.270138,0.298486,0.232414,0.251456,0.178292,0.184687,0.248313,0.056820,0.179941,0.214143,0.258827,0.196343
196,0.816667,0.291681,0.326784,0.310351,0.270138,0.298488,0.232412,0.251452,0.178258,0.184694,0.248312,0.056822,0.179941,0.214145,0.258829,0.196342
197,0.820833,0.291681,0.326785,0.310351,0.270139,0.298486,0.232413,0.251459,0.178289,0.184689,0.248313,0.056822,0.179941,0.214142,0.258827,0.196344
198,0.825000,0.291680,0.326786,0.310350,0.270141,0.298486,0.232413,0.251456,0.178289,0.184690,0.248314,0.056820,0.179939,0.214145,0.258827,0.196344
199,0.829167,0.291681,0.326788,0.310351,0.270139,0.298487,0.232414,0.251454,0.178281,0.184695,0.248314,0.056820,0.179938,0.214145,0.258826,0.196343
200,0.833333,0.291678,0.326788,0.310352,0.270140,0.298486,0.232415,0.251459,0.178289,0.184690,0.248313,0.056822,0.179937,0.214144,0.258829,0.196343
201,0.837500,0.291679,0.326788,0.310353,0.270139,0.298485,0.232415,0.251461,0.178303,0.184693,0.248312,0.056817,0.179941,0.214143,0.258828,0.196344
202,0.841667,0.291678,0.326790,0.310353,0.270141,0.298488,0.232415,0.251453,0.178282,0.184695,0.248309,0.056820,0.179940,0.214145,0.258828,0.196345
203,0.845833,0.291676,0.326789,0.310353,0.270141,0.298485,0.232413,0.251454,0.178282,0.184696,0.248313,0.056818,0.179937,0.214146,0.258825,0.196340
204,0.850000,0.291674,0.326786,0.310353,0.270143,0.298483,0.232418,0.251458,0.178286,0.184690,0.248311,0.056819,0.179938,0.214147,0.258825,0.196341
205,0.854167,0.291673,0.326785,0.310354,0.270142,0.298483,0.232417,0.251457,0.178286,0.184688,0.248310,0.056820,0.179940,0.214147,0.258824,0.196341
206,0.858333,0.291674,0.326783,0.310356,0.270144,0.298484,0.232416,0.251459,0.178287,0.184687,0.248309,0.056821,0.179937,0.214148,0.258824,0.196338
207,0.862500,0.291675,0.326786,0.310356,0.270146,0.298486,0.232418,0.251459,0.178300,0.184701,0.248312,0.056820,0.179938,0.214150,0.258829,0.196344
208,0.866667,0.291673,0.326786,0.310358,0.270145,0.298486,0.232417,0.251460,0.178299,0.184701,0.248313,0.056819,0.179937,0.214152,0.258829,0.196341
209,0.870833,0.291671,0.326782,0.310359,0.270147,0.298484,0.232420,0.251458,0.178300,0.184701,0.248311,0.056821,0.179941,0.214152,0.258827,0.196339
210,0.875000,0.291670,0.326777,0.310359,0.270146,0.298485,0.232420,0.251456,0.178288,0.184689,0.248312,0.056819,0.179939,0.214152,0.258829,0.196339
211,0.879167,0.291668,0.326776,0.310360,0.270147,0.298482,0.232421,0.251458,0.178288,0.184686,0.248310,0.056820,0.179937,0.214150,0.258826,0.196337
212,0.883333,0.291670,0.326776,0.310360,0.270146,0.298480,0.232418,0.251455,0.178280,0.184693,0.248309,0.056820,0.179941,0.214149,0.258828,0.196341
213,0.887500,0.291671,0.326772,0.310360,0.270145,0.298482,0.232419,0.251453,0.178281,0.184692,0.248309,0.056817,0.179938,0.214149,0.258827,0.196335
214,0.891667,0.291670,0.326770,0.310362,0.270145,0.298479,0.232420,0.251457,0.178263,0.184684,0.248308,0.056820,0.179938,0.214149,0.258828,0.196337
215,0.895833,0.291670,0.326765,0.310363,0.270145,0.298479,0.232419,0.251454,0.178283,0.184693,0.248310,0.056819,0.179939,0.214149,0.258827,0.196337
216,0.900000,0.291669,0.326764,0.310363,0.270143,0.298480,0.232417,0.251453,0.178282,0.184693,0.248310,0.056818,0.179938,0.214149,0.258827,0.196337
217,0.904167,0.291667,0.326761,0.310365,0.270143,0.298479,0.232418,0.251458,0.178289,0.184686,0.248310,0.056820,0.179938,0.214149,0.258827,0.196336
218,0.908333,0.291668,0.326756,0.310366,0.270144,0.298479,0.232419,0.251452,0.178284,0.184692,0.248309,0.056819,0.179940,0.214148,0.258827,0.196334
219,0.912500,0.291667,0.326754,0.310367,0.270144,0.298482,0.232417,0.251457,0.178289,0.184686,0.248311,0.056818,0.179936,0.214149,0.258828,0.196338
220,0.916667,0.291669,0.326751,0.310368,0.270144,0.298484,0.232416,0.251457,0.178289,0.184686,0.248313,0.056820,0.179940,0.214149,0.258829,0.196340
221,0.920833,0.291669,0.326751,0.310367,0.270142,0.298482,0.232417,0.251456,0.178290,0.184684,0.248311,0.056821,0.179938,0.214146,0.258828,0.196336
222,0.925000,0.291667,0.326749,0.310367,0.270140,0.298481,0.232417,0.251453,0.178283,0.184692,0.248312,0.056821,0.179940,0.214146,0.258828,0.196336
223,0.929167,0.291666,0.326746,0.310367,0.270139,0.298482,0.232418,0.251451,0.178282,0.184693,0.248309,0.056819,0.179941,0.214144,0.258828,0.196337
224,0.933333,0.291666,0.326747,0.310365,0.270137,0.298482,0.232416,0.251448,0.178295,0.184692,0.248310,0.056819,0.179942,0.214143,0.258828,0.196337
225,0.937500,0.291667,0.326748,0.310366,0.270135,0.298481,0.232417,0.251456,0.178290,0.184684,0.248309,0.056818,0.179942,0.214142,0.258826,0.196337
226,0.941667,0.291666,0.326749,0.310365,0.270138,0.298483,0.232417,0.251453,0.178258,0.184692,0.248312,0.056819,0.179942,0.214141,0.258828,0.196336
227,0.945833,0.291668,0.326751,0.310365,0.270137,0.298482,0.232417,0.251451,0.178284,0.184693,0.248310,0.056821,0.179944,0.214142,0.258826,0.196335
228,0.950000,0.291667,0.326751,0.310365,0.270137,0.298484,0.232417,0.251451,0.178284,0.184694,0.248311,0.056819,0.179947,0.214143,0.258828,0.196337
229,0.954167,0.291665,0.326755,0.310362,0.270137,0.298485,0.232415,0.251452,0.178283,0.184694,0.248312,0.056818,0.179942,0.214143,0.258826,0.196339
230,0.958333,0.291667,0.326758,0.310362,0.270137,0.298487,0.232416,0.251457,0.178288,0.184687,0.248315,0.056816,0.179937,0.214144,0.258825,0.196339
231,0.962500,0.291665,0.326763,0.310362,0.270137,0.298486,0.232415,0.251455,0.178299,0.184703,0.248318,0.056818,0.179939,0.214143,0.258827,0.196339
232,0.966667,0.291667,0.326766,0.310360,0.270133,0.298493,0.232413,0.251454,0.178282,0.184696,0.248315,0.056817,0.179942,0.214142,0.258824,0.196336
233,0.970833,0.291668,0.326771,0.310358,0.270131,0.298491,0.232413,0.251453,0.178283,0.184693,0.248311,0.056816,0.179941,0.214142,0.258823,0.196335
234,0.975000,0.291667,0.326773,0.310358,0.270134,0.298486,0.232414,0.251458,0.178289,0.184687,0.248312,0.056817,0.179943,0.214142,0.258824,0.196340
235,0.979167,0.291667,0.326778,0.310356,0.270132,0.298485,0.232416,0.251454,0.178282,0.184696,0.248312,0.056817,0.179940,0.214142,0.258823,0.196339
236,0.983333,0.291668,0.326782,0.310357,0.270131,0.298485,0.232415,0.251457,0.178298,0.184702,0.248312,0.056816,0.179943,0.214141,0.258822,0.196341
237,0.987500,0.291668,0.326785,0.310355,0.270132,0.298486,0.232416,0.251454,0.178281,0.184694,0.248314,0.056815,0.179943,0.214140,0.258819,0.196337
238,0.991667,0.291668,0.326788,0.310354,0.270134,0.298486,0.232413,0.251454,0.178280,0.184694,0.248312,0.056818,0.179939,0.214142,0.258823,0.196343
239,0.995833,0.291670,0.326791,0.310355,0.270133,0.298487,0.232416,0.251453,0.178281,0.184697,0.248316,0.056818,0.179940,0.214143,0.258823,0.196341
240,1.000000,0.291669,0.326792,0.310354,0.270133,0.298488,0.232416,0.251459,0.178288,0.184692,0.248315,0.056815,0.179938,0.214144,0.258824,0.196342
241,1.004167,0.291667,0.326792,0.310354,0.270133,0.298491,0.232418,0.251460,0.178300,0.184702,0.248314,0.056820,0.179939,0.214144,0.258826,0.196342
242,1.008333,0.291666,0.326794,0.310355,0.270134,0.298490,0.232419,0.251455,0.178284,0.184696,0.248316,0.056817,0.179940,0.214144,0.258826,0.196343
243,1.012500,0.291667,0.326795,0.310354,0.270134,0.298489,0.232418,0.251456,0.178288,0.184689,0.248315,0.056818,0.179937,0.214144,0.258827,0.196345
244,1.016667,0.291666,0.326795,0.310354,0.270132,0.298494,0.232417,0.251453,0.178285,0.184698,0.248313,0.056819,0.179938,0.214142,0.258825,0.196345
245,1.020833,0.291666,0.326794,0.310355,0.270133,0.298488,0.232420,0.251456,0.178288,0.184692,0.248313,0.056818,0.179939,0.214141,0.258825,0.196346
246,1.025000,0.291667,0.326795,0.310356,0.270133,0.298489,0.232420,0.251452,0.178284,0.184699,0.248312,0.056819,0.179942,0.214142,0.258825,0.196346
247,1.029167,0.291668,0.326794,0.310357,0.270134,0.298488,0.232421,0.251452,0.178284,0.184700,0.248311,0.056819,0.179942,0.214142,0.258825,0.196346
248,1.033333,0.291667,0.326794,0.310358,0.270133,0.298487,0.232420,0.251450,0.178285,0.184698,0.248311,0.056820,0.179942,0.214142,0.258828,0.196348
249,1.037500,0.291667,0.326792,0.310358,0.270133,0.298487,0.232422,0.251455,0.178289,0.184690,0.248309,0.056818,0.179941,0.214143,0.258826,0.196345
250,1.041667,0.291666,0.326789,0.310359,0.270135,0.298486,0.232421,0.251452,0.178283,0.184699,0.248312,0.056821,0.179942,0.214142,0.258826,0.196347
251,1.045833,0.291665,0.326786,0.310358,0.270136,0.298486,0.232422,0.251459,0.178301,0.184704,0.248312,0.056822,0.179939,0.214143,0.258826,0.196347
252,1.050000,0.291666,0.326784,0.310360,0.270137,0.298486,0.232422,0.251458,0.178300,0.184705,0.248312,0.056822,0.179938,0.214143,0.258828,0.196345
253,1.054167,0.291667,0.326781,0.310360,0.270138,0.298487,0.232423,0.251458,0.178289,0.184691,0.248315,0.056819,0.179937,0.214147,0.258828,0.196344
254,1.058333,0.291667,0.326777,0.310362,0.270139,0.298487,0.232423,0.251458,0.178288,0.184690,0.248310,0.056816,0.179939,0.214147,0.258826,0.196346
255,1.062500,0.291668,0.326775,0.310363,0.270139,0.298485,0.232422,0.251462,0.178303,0.184693,0.248312,0.056818,0.179937,0.214147,0.258825,0.196345
256,1.066667,0.291666,0.326770,0.310363,0.270138,0.298482,0.232423,0.251454,0.178280,0.184695,0.248312,0.056817,0.179935,0.214147,0.258823,0.196343
257,1.070833,0.291666,0.326766,0.310364,0.270139,0.298482,0.232423,0.251457,0.178287,0.184688,0.248310,0.056816,0.179938,0.214143,0.258823,0.196346
258,1.075000,0.291669,0.326763,0.310365,0.270139,0.298480,0.232424,0.251456,0.178285,0.184688,0.248309,0.056816,0.179940,0.214145,0.258823,0.196342
259,1.079167,0.291670,0.326761,0.310364,0.270139,0.298480,0.232421,0.251457,0.178297,0.184698,0.248309,0.056816,0.179936,0.214145,0.258823,0.196340
260,1.083333,0.291671,0.326757,0.310365,0.270138,0.298480,0.232422,0.251457,0.178298,0.184700,0.248309,0.056817,0.179941,0.214145,0.258824,0.196340
261,1.087500,0.291669,0.326755,0.310367,0.270140,0.298481,0.232423,0.251454,0.178262,0.184685,0.248311,0.056818,0.179937,0.214145,0.258825,0.196341
262,1.091667,0.291668,0.326752,0.310369,0.270141,0.298481,0.232423,0.251454,0.178281,0.184693,0.248310,0.056818,0.179937,0.214147,0.258824,0.196341
263,1.095833,0.291667,0.326746,0.310367,0.270142,0.298480,0.232423,0.251451,0.178282,0.184694,0.248311,0.056819,0.179933,0.214145,0.258825,0.196342
264,1.100000,0.291667,0.326745,0.310369,0.270140,0.298482,0.232419,0.251452,0.178282,0.184693,0.248312,0.056820,0.179937,0.214145,0.258826,0.196342
265,1.104167,0.291669,0.326743,0.310371,0.270142,0.298482,0.232421,0.251454,0.178300,0.184699,0.248312,0.056821,0.179938,0.214145,0.258828,0.196341
266,1.108333,0.291673,0.326746,0.310374,0.270143,0.298481,0.232421,0.251451,0.178260,0.184692,0.248312,0.056819,0.179937,0.214145,0.258829,0.196346
267,1.112500,0.291669,0.326744,0.310369,0.270143,0.298481,0.232421,0.251453,0.178302,0.184698,0.248312,0.056823,0.179935,0.214145,0.258828,0.196341
268,1.116667,0.291668,0.326741,0.310369,0.270142,0.298481,0.232421,0.251460,0.178306,0.184691,0.248311,0.056823,0.179937,0.214144,0.258828,0.196340
269,1.120833,0.291667,0.326741,0.310369,0.270139,0.298480,0.232418,0.251456,0.178291,0.184683,0.248310,0.056822,0.179936,0.214142,0.258828,0.196338
270,1.125000,0.291668,0.326741,0.310367,0.270140,0.298481,0.232420,0.251454,0.178287,0.184684,0.248308,0.056822,0.179937,0.214142,0.258826,0.196341
271,1.129167,0.291667,0.326742,0.310365,0.270140,0.298480,0.232417,0.251455,0.178288,0.184683,0.248312,0.056822,0.179932,0.214144,0.258826,0.196342
272,1.133333,0.291667,0.326745,0.310365,0.270139,0.298482,0.232417,0.251459,0.178305,0.184690,0.248311,0.056824,0.179937,0.214145,0.258825,0.196340
273,1.137500,0.291669,0.326749,0.310365,0.270139,0.298483,0.232419,0.251454,0.178291,0.184684,0.248310,0.056824,0.179934,0.214143,0.258830,0.196342
274,1.141667,0.291669,0.326752,0.310364,0.270140,0.298484,0.232417,0.251455,0.178268,0.184680,0.248312,0.056823,0.179931,0.214144,0.258829,0.196338
275,1.145833,0.291669,0.326755,0.310360,0.270139,0.298487,0.232417,0.251457,0.178291,0.184682,0.248312,0.056826,0.179934,0.214144,0.258830,0.196338
276,1.150000,0.291668,0.326757,0.310360,0.270139,0.298486,0.232414,0.251458,0.178305,0.184690,0.248312,0.056825,0.179934,0.214144,0.258828,0.196335
277,1.154167,0.291669,0.326763,0.310355,0.270138,0.298486,0.232416,0.251458,0.178266,0.184681,0.248316,0.056821,0.179934,0.214144,0.258827,0.196334
278,1.158333,0.291670,0.326767,0.310354,0.270137,0.298486,0.232415,0.251457,0.178266,0.184681,0.248316,0.056823,0.179934,0.214142,0.258829,0.196336
279,1.162500,0.291672,0.326771,0.310353,0.270136,0.298488,0.232414,0.251457,0.178267,0.184682,0.248313,0.056821,0.179934,0.214142,0.258828,0.196333
280,1.166667,0.291672,0.326778,0.310350,0.270135,0.298487,0.232412,0.251458,0.178291,0.184684,0.248315,0.056820,0.179934,0.214141,0.258829,0.196333
281,1.170833,0.291673,0.326781,0.310348,0.270136,0.298488,0.232412,0.251454,0.178291,0.184685,0.248315,0.056822,0.179933,0.214142,0.258826,0.196330
282,1.175000,0.291671,0.326784,0.310346,0.270136,0.298487,0.232411,0.251457,0.178289,0.184684,0.248315,0.056818,0.179935,0.214144,0.258827,0.196331
283,1.179167,0.291672,0.326787,0.310345,0.270136,0.298487,0.232413,0.251458,0.178289,0.184685,0.248316,0.056821,0.179933,0.214142,0.258827,0.196335
284,1.183333,0.291671,0.326793,0.310345,0.270135,0.298488,0.232410,0.251462,0.178306,0.184688,0.248315,0.056818,0.179936,0.214143,0.258827,0.196332
285,1.187500,0.291670,0.326796,0.310344,0.270136,0.298490,0.232409,0.251457,0.178303,0.184683,0.248315,0.056821,0.179937,0.214143,0.258828,0.196332
286,1.191667,0.291671,0.326799,0.310342,0.270136,0.298491,0.232409,0.251458,0.178292,0.184683,0.248315,0.056820,0.179937,0.214145,0.258829,0.196334
287,1.195833,0.291670,0.326801,0.310340,0.270135,0.298491,0.232409,0.251460,0.178306,0.184696,0.248315,0.056821,0.179937,0.214144,0.258830,0.196336
288,1.200000,0.291669,0.326803,0.310342,0.270133,0.298498,0.232407,0.251454,0.178260,0.184690,0.248316,0.056825,0.179940,0.214144,0.258827,0.196335
289,1.204167,0.291669,0.326804,0.310340,0.270133,0.298492,0.232409,0.251459,0.178291,0.184685,0.248317,0.056822,0.179937,0.214143,0.258825,0.196334
290,1.208333,0.291669,0.326806,0.310340,0.270133,0.298498,0.232407,0.251460,0.178292,0.184684,0.248317,0.056822,0.179938,0.214143,0.258829,0.196335
291,1.212500,0.291671,0.326806,0.310339,0.270133,0.298492,0.232409,0.251459,0.178265,0.184685,0.248313,0.056824,0.179938,0.214140,0.258828,0.196339
292,1.216667,0.291672,0.326806,0.310339,0.270133,0.298491,0.232409,0.251456,0.178291,0.184686,0.248315,0.056823,0.179939,0.214142,0.258827,0.196339
293,1.220833,0.291672,0.326806,0.310339,0.270134,0.298491,0.232408,0.251458,0.178291,0.184686,0.248316,0.056821,0.179936,0.214141,0.258829,0.196338
294,1.225000,0.291673,0.326805,0.310341,0.270133,0.298491,0.232410,0.251458,0.178290,0.184685,0.248313,0.056822,0.179937,0.214139,0.258828,0.196338
295,1.229167,0.291673,0.326804,0.310341,0.270134,0.298492,0.232410,0.251458,0.178290,0.184685,0.248315,0.056821,0.179936,0.214140,0.258828,0.196338
296,1.233333,0.291671,0.326800,0.310341,0.270134,0.298491,0.232408,0.251460,0.178289,0.184685,0.248316,0.056820,0.179939,0.214142,0.258828,0.196336
297,1.237500,0.291671,0.326799,0.310342,0.270134,0.298491,0.232410,0.251462,0.178305,0.184692,0.248314,0.056822,0.179935,0.214142,0.258828,0.196339
298,1.241667,0.291672,0.326797,0.310343,0.270135,0.298491,0.232410,0.251459,0.178289,0.184687,0.248315,0.056821,0.179938,0.214143,0.258827,0.196339
299,1.245833,0.291674,0.326794,0.310343,0.270133,0.298497,0.232409,0.251458,0.178292,0.184689,0.248315,0.056820,0.179939,0.214145,0.258829,0.196339
300,1.250000,0.291673,0.326791,0.310345,0.270134,0.298492,0.232412,0.251456,0.178301,0.184702,0.248313,0.056818,0.179939,0.214144,0.258828,0.196338
301,1.254167,0.291673,0.326790,0.310345,0.270135,0.298490,0.232412,0.251453,0.178284,0.184697,0.248314,0.056819,0.179938,0.214144,0.258827,0.196339
302,1.258333,0.291674,0.326786,0.310347,0.270135,0.298490,0.232413,0.251453,0.178282,0.184693,0.248314,0.056822,0.179937,0.214142,0.258826,0.196336
303,1.262500,0.291674,0.326783,0.310348,0.270134,0.298487,0.232412,0.251456,0.178292,0.184688,0.248314,0.056821,0.179937,0.214143,0.258828,0.196339
304,1.266667,0.291674,0.326779,0.310349,0.270136,0.298487,0.232414,0.251457,0.178264,0.184682,0.248313,0.056820,0.179937,0.214143,0.258826,0.196339
305,1.270833,0.291676,0.326779,0.310351,0.270139,0.298489,0.232415,0.251457,0.178288,0.184683,0.248315,0.056819,0.179934,0.214143,0.258828,0.196336
306,1.275000,0.291676,0.326774,0.310353,0.270138,0.298487,0.232414,0.251455,0.178284,0.184690,0.248313,0.056820,0.179936,0.214145,0.258828,0.196337
307,1.279167,0.291674,0.326772,0.310354,0.270139,0.298486,0.232414,0.251458,0.178288,0.184683,0.248313,0.056821,0.179936,0.214144,0.258826,0.196336
308,1.283333,0.291675,0.326770,0.310353,0.270139,0.298485,0.232415,0.251458,0.178290,0.184686,0.248313,0.056818,0.179936,0.214146,0.258829,0.196338
309,1.287500,0.291675,0.326768,0.310357,0.270141,0.298485,0.232415,0.251459,0.178299,0.184698,0.248313,0.056819,0.179935,0.214145,0.258826,0.196336
310,1.291667,0.291675,0.326766,0.310359,0.270140,0.298486,0.232415,0.251461,0.178307,0.184692,0.248312,0.056819,0.179935,0.214146,0.258827,0.196337
311,1.295833,0.291675,0.326764,0.310358,0.270142,0.298484,0.232415,0.251459,0.178263,0.184680,0.248314,0.056821,0.179937,0.214145,0.258828,0.196337
312,1.300000,0.291675,0.326761,0.310359,0.270139,0.298488,0.232415,0.251457,0.178291,0.184683,0.248314,0.056822,0.179935,0.214146,0.258829,0.196339
313,1.304167,0.291676,0.326761,0.310360,0.270141,0.298482,0.232418,0.251457,0.178291,0.184683,0.248312,0.056821,0.179936,0.214144,0.258827,0.196337
314,1.308333,0.291677,0.326758,0.310362,0.270143,0.298483,0.232417,0.251453,0.178285,0.184691,0.248313,0.056822,0.179938,0.214146,0.258829,0.196336
315,1.312500,0.291675,0.326756,0.310362,0.270141,0.298483,0.232416,0.251457,0.178289,0.184685,0.248313,0.056822,0.179938,0.214144,0.258830,0.196340
316,1.316667,0.291675,0.326753,0.310363,0.270141,0.298482,0.232417,0.251457,0.178288,0.184684,0.248313,0.056821,0.179938,0.214145,0.258827,0.196338
317,1.320833,0.291676,0.326755,0.310361,0.270142,0.298482,0.232419,0.251458,0.178291,0.184685,0.248315,0.056823,0.179936,0.214146,0.258830,0.196342
318,1.325000,0.291674,0.326753,0.310363,0.270143,0.298484,0.232418,0.251459,0.178265,0.184681,0.248314,0.056822,0.179937,0.214145,0.258829,0.196338
319,1.329167,0.291674,0.326753,0.310363,0.270144,0.298483,0.232419,0.251461,0.178305,0.184693,0.248313,0.056822,0.179938,0.214148,0.258830,0.196339
320,1.333333,0.291674,0.326754,0.310363,0.270143,0.298485,0.232417,0.251458,0.178291,0.184687,0.248313,0.056821,0.179940,0.214148,0.258830,0.196340
321,1.337500,0.291675,0.326755,0.310364,0.270144,0.298483,0.232418,0.251458,0.178291,0.184686,0.248317,0.056819,0.179938,0.214148,0.258830,0.196340
322,1.341667,0.291675,0.326756,0.310364,0.270143,0.298484,0.232419,0.251459,0.178264,0.184685,0.248310,0.056822,0.179943,0.214148,0.258828,0.196340
323,1.345833,0.291674,0.326757,0.310362,0.270143,0.298486,0.232417,0.251458,0.178290,0.184687,0.248312,0.056821,0.179940,0.214147,0.258828,0.196340
324,1.350000,0.291674,0.326759,0.310361,0.270142,0.298482,0.232417,0.251459,0.178289,0.184687,0.248311,0.056821,0.179940,0.214148,0.258828,0.196341
325,1.354167,0.291676,0.326763,0.310362,0.270141,0.298485,0.232418,0.251461,0.178289,0.184687,0.248313,0.056822,0.179942,0.214147,0.258829,0.196341
326,1.358333,0.291676,0.326768,0.310360,0.270141,0.298485,0.232418,0.251454,0.178284,0.184693,0.248313,0.056819,0.179938,0.214147,0.258828,0.196342
327,1.362500,0.291676,0.326769,0.310360,0.270141,0.298486,0.232416,0.251458,0.178290,0.184685,0.248315,0.056817,0.179938,0.214145,0.258829,0.196343
328,1.366667,0.291674,0.326771,0.310358,0.270141,0.298486,0.232417,0.251457,0.178289,0.184687,0.248311,0.056817,0.179940,0.214147,0.258828,0.196340
329,1.370833,0.291674,0.326774,0.310357,0.270142,0.298485,0.232416,0.251454,0.178282,0.184695,0.248314,0.056820,0.179940,0.214148,0.258826,0.196341
330,1.375000,0.291672,0.326777,0.310358,0.270142,0.298486,0.232417,0.251457,0.178288,0.184688,0.248311,0.056819,0.179941,0.214148,0.258828,0.196341
331,1.379167,0.291672,0.326779,0.310357,0.270140,0.298487,0.232416,0.251463,0.178305,0.184691,0.248311,0.056819,0.179941,0.214146,0.258826,0.196338
332,1.383333,0.291674,0.326781,0.310356,0.270142,0.298489,0.232416,0.251457,0.178257,0.184691,0.248314,0.056819,0.179938,0.214148,0.258829,0.196342
333,1.387500,0.291674,0.326784,0.310355,0.270142,0.298489,0.232414,0.251456,0.178282,0.184694,0.248312,0.056819,0.179942,0.214150,0.258827,0.196341
334,1.391667,0.291672,0.326787,0.310353,0.270140,0.298488,0.232416,0.251458,0.178289,0.184689,0.248313,0.056821,0.179940,0.214147,0.258827,0.196344
335,1.395833,0.291673,0.326788,0.310351,0.270138,0.298487,0.232415,0.251455,0.178281,0.184694,0.248314,0.056818,0.179940,0.214148,0.258827,0.196342
336,1.400000,0.291673,0.326790,0.310351,0.270141,0.298488,0.232414,0.251456,0.178283,0.184695,0.248314,0.056818,0.179942,0.214146,0.258828,0.196341
337,1.404167,0.291673,0.326792,0.310350,0.270139,0.298489,0.232414,0.251459,0.178291,0.184689,0.248314,0.056818,0.179941,0.214147,0.258828,0.196342
338,1.408333,0.291674,0.326792,0.310350,0.270140,0.298488,0.232414,0.251456,0.178290,0.184687,0.248314,0.056817,0.179943,0.214147,0.258826,0.196340
339,1.412500,0.291673,0.326793,0.310349,0.270139,0.298488,0.232412,0.251456,0.178283,0.184694,0.248315,0.056820,0.179942,0.214147,0.258826,0.196341
340,1.416667,0.291672,0.326793,0.310350,0.270140,0.298487,0.232413,0.251456,0.178282,0.184696,0.248313,0.056818,0.179943,0.214147,0.258824,0.196342
341,1.420833,0.291671,0.326793,0.310349,0.270140,0.298489,0.232411,0.251456,0.178289,0.184691,0.248315,0.056818,0.179941,0.214148,0.258826,0.196341
342,1.425000,0.291672,0.326792,0.310349,0.270138,0.298489,0.232411,0.251459,0.178291,0.184687,0.248313,0.056820,0.179941,0.214147,0.258828,0.196342
343,1.429167,0.291673,0.326793,0.310349,0.270139,0.298491,0.232412,0.251455,0.178285,0.184693,0.248316,0.056816,0.179940,0.214146,0.258830,0.196342
344,1.433333,0.291673,0.326792,0.310349,0.270139,0.298489,0.232410,0.251458,0.178290,0.184687,0.248315,0.056820,0.179941,0.214145,0.258830,0.196340
345,1.437500,0.291673,0.326792,0.310347,0.270138,0.298490,0.232409,0.251457,0.178302,0.184701,0.248317,0.056819,0.179940,0.214146,0.258828,0.196340
346,1.441667,0.291671,0.326788,0.310347,0.270138,0.298489,0.232409,0.251451,0.178295,0.184694,0.248314,0.056823,0.179940,0.214145,0.258827,0.196342
347,1.445833,0.291672,0.326787,0.310348,0.270134,0.298489,0.232409,0.251457,0.178287,0.184688,0.248313,0.056822,0.179942,0.214145,0.258826,0.196340
348,1.450000,0.291675,0.326787,0.310349,0.270136,0.298490,0.232410,0.251453,0.178285,0.184692,0.248314,0.056820,0.179937,0.214144,0.258828,0.196340
349,1.454167,0.291675,0.326786,0.310349,0.270135,0.298490,0.232409,0.251458,0.178290,0.184686,0.248311,0.056819,0.179940,0.214141,0.258827,0.196337
350,1.458333,0.291674,0.326784,0.310347,0.270136,0.298490,0.232409,0.251457,0.178291,0.184686,0.248311,0.056822,0.179940,0.214143,0.258827,0.196341
351,1.462500,0.291674,0.326780,0.310348,0.270136,0.298489,0.232408,0.251454,0.178285,0.184694,0.248313,0.056822,0.179939,0.214142,0.258828,0.196338
352,1.466667,0.291672,0.326778,0.310348,0.270135,0.298490,0.232409,0.251456,0.178299,0.184699,0.248313,0.056824,0.179942,0.214142,0.258827,0.196339
353,1.470833,0.291672,0.326777,0.310349,0.270136,0.298491,0.232409,0.251454,0.178285,0.184693,0.248313,0.056822,0.179940,0.214143,0.258827,0.196340
354,1.475000,0.291674,0.326774,0.310349,0.270137,0.298490,0.232407,0.251455,0.178258,0.184691,0.248314,0.056823,0.179934,0.214142,0.258828,0.196338
355,1.479167,0.291674,0.326774,0.310348,0.270136,0.298489,0.232408,0.251453,0.178285,0.184693,0.248314,0.056822,0.179937,0.214143,0.258828,0.196339
356,1.483333,0.291674,0.326772,0.310349,0.270136,0.298489,0.232406,0.251457,0.178289,0.184686,0.248314,0.056823,0.179940,0.214141,0.258828,0.196338
357,1.487500,0.291675,0.326772,0.310347,0.270135,0.298490,0.232406,0.251455,0.178259,0.184690,0.248318,0.056821,0.179937,0.214143,0.258826,0.196336
358,1.491667,0.291674,0.326769,0.310348,0.270134,0.298490,0.232406,0.251455,0.178287,0.184685,0.248313,0.056820,0.179939,0.214143,0.258824,0.196337
359,1.495833,0.291675,0.326770,0.310348,0.270134,0.298488,0.232409,0.251456,0.178264,0.184681,0.248315,0.056822,0.179936,0.214141,0.258825,0.196335
360,1.500000,0.291674,0.326770,0.310348,0.270136,0.298488,0.232408,0.251457,0.178291,0.184682,0.248313,0.056822,0.179932,0.214141,0.258826,0.196334
361,1.504167,0.291676,0.326772,0.310347,0.270133,0.298490,0.232408,0.251458,0.178268,0.184680,0.248314,0.056820,0.179936,0.214140,0.258827,0.196335
362,1.508333,0.291676,0.326773,0.310348,0.270135,0.298489,0.232406,0.251457,0.178292,0.184684,0.248314,0.056823,0.179933,0.214143,0.258829,0.196335
363,1.512500,0.291675,0.326774,0.310348,0.270133,0.298495,0.232405,0.251458,0.178288,0.184682,0.248313,0.056823,0.179936,0.214143,0.258827,0.196332
364,1.516667,0.291674,0.326775,0.310347,0.270135,0.298490,0.232408,0.251454,0.178267,0.184683,0.248314,0.056824,0.179937,0.214140,0.258829,0.196336
365,1.520833,0.291674,0.326774,0.310349,0.270135,0.298491,0.232408,0.251460,0.178310,0.184692,0.248314,0.056824,0.179933,0.214141,0.258830,0.196336
366,1.525000,0.291674,0.326777,0.310348,0.270136,0.298490,0.232408,0.251456,0.178293,0.184685,0.248316,0.056826,0.179935,0.214146,0.258832,0.196335
367,1.529167,0.291674,0.326778,0.310348,0.270137,0.298492,0.232409,0.251453,0.178288,0.184690,0.248314,0.056826,0.179941,0.214143,0.258833,0.196337
368,1.533333,0.291673,0.326781,0.310349,0.270137,0.298492,0.232410,0.251458,0.178268,0.184680,0.248313,0.056823,0.179935,0.214141,0.258832,0.196335
369,1.537500,0.291673,0.326782,0.310347,0.270137,0.298490,0.232408,0.251456,0.178291,0.184682,0.248315,0.056827,0.179934,0.214142,0.258829,0.196335
370,1.541667,0.291672,0.326782,0.310347,0.270137,0.298489,0.232410,0.251460,0.178307,0.184690,0.248314,0.056823,0.179938,0.214142,0.258830,0.196337
371,1.545833,0.291671,0.326785,0.310347,0.270138,0.298488,0.232413,0.251456,0.178304,0.184683,0.248314,0.056824,0.179935,0.214142,0.258830,0.196336
372,1.550000,0.291673,0.326789,0.310347,0.270137,0.298490,0.232408,0.251457,0.178269,0.184682,0.248312,0.056826,0.179937,0.214144,0.258832,0.196334
373,1.554167,0.291672,0.326788,0.310347,0.270137,0.298492,0.232407,0.251457,0.178293,0.184684,0.248315,0.056824,0.179938,0.214143,0.258833,0.196336
374,1.558333,0.291670,0.326788,0.310346,0.270137,0.298491,0.232410,0.251456,0.178304,0.184682,0.248312,0.056826,0.179937,0.214146,0.258831,0.196335
375,1.562500,0.291669,0.326791,0.310345,0.270138,0.298492,0.232408,0.251458,0.178292,0.184683,0.248316,0.056824,0.179934,0.214146,0.258830,0.196337
376,1.566667,0.291670,0.326791,0.310345,0.270139,0.298491,0.232410,0.251458,0.178266,0.184680,0.248313,0.056826,0.179936,0.214144,0.258829,0.196334
377,1.570833,0.291669,0.326793,0.310346,0.270138,0.298492,0.232409,0.251457,0.178303,0.184682,0.248316,0.056825,0.179933,0.214146,0.258831,0.196335
378,1.575000,0.291671,0.326794,0.310346,0.270139,0.298492,0.232408,0.251462,0.178310,0.184690,0.248317,0.056824,0.179935,0.214147,0.258833,0.196335
379,1.579167,0.291671,0.326793,0.310345,0.270138,0.298492,0.232407,0.251459,0.178304,0.184695,0.248316,0.056825,0.179934,0.214145,0.258831,0.196333
380,1.583333,0.291670,0.326793,0.310345,0.270137,0.298491,0.232409,0.251457,0.178293,0.184684,0.248316,0.056822,0.179935,0.214145,0.258832,0.196333
381,1.587500,0.291670,0.326794,0.310345,0.270136,0.298490,0.232407,0.251458,0.178291,0.184681,0.248315,0.056823,0.179934,0.214144,0.258830,0.196332
382,1.591667,0.291669,0.326791,0.310345,0.270136,0.298490,0.232407,0.251456,0.178291,0.184685,0.248316,0.056822,0.179935,0.214144,0.258828,0.196333
383,1.595833,0.291670,0.326791,0.310345,0.270134,0.298490,0.232409,0.251456,0.178291,0.184685,0.248315,0.056825,0.179937,0.214143,0.258828,0.196333
384,1.600000,0.291670,0.326790,0.310346,0.270136,0.298494,0.232409,0.251462,0.178311,0.184690,0.248314,0.056826,0.179936,0.214144,0.258831,0.196335
385,1.604167,0.291672,0.326791,0.310347,0.270137,0.298494,0.232409,0.251458,0.178294,0.184685,0.248312,0.056825,0.179942,0.214144,0.258834,0.196337
386,1.608333,0.291670,0.326788,0.310346,0.270135,0.298496,0.232408,0.251457,0.178304,0.184698,0.248313,0.056824,0.179938,0.214144,0.258833,0.196336
387,1.612500,0.291668,0.326786,0.310346,0.270137,0.298494,0.232410,0.251458,0.178291,0.184685,0.248316,0.056828,0.179940,0.214144,0.258832,0.196337
388,1.616667,0.291668,0.326786,0.310347,0.270133,0.298501,0.232407,0.251461,0.178311,0.184690,0.248316,0.056826,0.179940,0.214145,0.258834,0.196337
389,1.620833,0.291670,0.326784,0.310349,0.270134,0.298494,0.232410,0.251458,0.178294,0.184687,0.248314,0.056827,0.179943,0.214143,0.258834,0.196337
390,1.625000,0.291668,0.326785,0.310349,0.270132,0.298500,0.232407,0.251459,0.178295,0.184684,0.248317,0.056826,0.179940,0.214143,0.258833,0.196337
391,1.629167,0.291669,0.326786,0.310348,0.270135,0.298495,0.232410,0.251458,0.178269,0.184686,0.248316,0.056828,0.179938,0.214141,0.258832,0.196338
392,1.633333,0.291669,0.326786,0.310348,0.270134,0.298494,0.232410,0.251456,0.178293,0.184687,0.248314,0.056826,0.179940,0.214140,0.258833,0.196338
393,1.637500,0.291668,0.326786,0.310349,0.270130,0.298498,0.232407,0.251458,0.178293,0.184687,0.248315,0.056824,0.179939,0.214141,0.258832,0.196337
394,1.641667,0.291667,0.326785,0.310350,0.270133,0.298492,0.232409,0.251459,0.178291,0.184688,0.248316,0.056823,0.179941,0.214141,0.258830,0.196339
395,1.645833,0.291667,0.326785,0.310351,0.270134,0.298491,0.232411,0.251458,0.178294,0.184686,0.248315,0.056826,0.179941,0.214141,0.258831,0.196339
396,1.650000,0.291668,0.326787,0.310351,0.270134,0.298492,0.232411,0.251461,0.178310,0.184693,0.248317,0.056827,0.179938,0.214142,0.258830,0.196338
397,1.654167,0.291668,0.326787,0.310349,0.270135,0.298493,0.232409,0.251461,0.178310,0.184695,0.248316,0.056826,0.179937,0.214142,0.258830,0.196340
398,1.658333,0.291669,0.326785,0.310350,0.270134,0.298494,0.232410,0.251455,0.178288,0.184695,0.248314,0.056827,0.179938,0.214143,0.258833,0.196341
399,1.662500,0.291668,0.326785,0.310351,0.270132,0.298495,0.232412,0.251453,0.178289,0.184693,0.248316,0.056828,0.179938,0.214141,0.258834,0.196340
400,1.666667,0.291668,0.326786,0.310350,0.270131,0.298496,0.232411,0.251460,0.178270,0.184682,0.248317,0.056825,0.179938,0.214143,0.258832,0.196340
401,1.670833,0.291670,0.326787,0.310351,0.270133,0.298493,0.232411,0.251458,0.178294,0.184686,0.248317,0.056827,0.179937,0.214143,0.258830,0.196337
402,1.675000,0.291671,0.326787,0.310352,0.270133,0.298493,0.232413,0.251459,0.178268,0.184682,0.248316,0.056826,0.179935,0.214142,0.258833,0.196339
403,1.679167,0.291671,0.326786,0.310351,0.270130,0.298499,0.232413,0.251460,0.178310,0.184692,0.248318,0.056827,0.179934,0.214143,0.258832,0.196339
404,1.683333,0.291671,0.326787,0.310352,0.270133,0.298493,0.232416,0.251456,0.178270,0.184686,0.248316,0.056829,0.179936,0.214143,0.258833,0.196341
405,1.687500,0.291671,0.326787,0.310351,0.270133,0.298491,0.232416,0.251462,0.178309,0.184691,0.248317,0.056827,0.179936,0.214142,0.258832,0.196340
406,1.691667,0.291672,0.326788,0.310353,0.270133,0.298494,0.232417,0.251455,0.178297,0.184684,0.248317,0.056827,0.179937,0.214143,0.258833,0.196338
407,1.695833,0.291671,0.326787,0.310354,0.270133,0.298491,0.232417,0.251457,0.178271,0.184683,0.248317,0.056828,0.179935,0.214142,0.258834,0.196342
408,1.700000,0.291670,0.326786,0.310354,0.270133,0.298492,0.232416,0.251459,0.178294,0.184687,0.248318,0.056828,0.179933,0.214143,0.258833,0.196341
409,1.704167,0.291670,0.326785,0.310354,0.270134,0.298493,0.232416,0.251458,0.178271,0.184684,0.248319,0.056829,0.179932,0.214143,0.258832,0.196341
410,1.708333,0.291669,0.326785,0.310354,0.270134,0.298493,0.232417,0.251458,0.178294,0.184686,0.248318,0.056830,0.179934,0.214143,0.258834,0.196341
411,1.712500,0.291669,0.326783,0.310355,0.270135,0.298493,0.232416,0.251459,0.178271,0.184685,0.248318,0.056829,0.179938,0.214143,0.258834,0.196343
412,1.716667,0.291670,0.326783,0.310356,0.270134,0.298492,0.232415,0.251460,0.178295,0.184687,0.248319,0.056830,0.179934,0.214143,0.258833,0.196344
413,1.720833,0.291670,0.326782,0.310355,0.270135,0.298493,0.232417,0.251458,0.178297,0.184687,0.248320,0.056829,0.179935,0.214145,0.258830,0.196341
414,1.725000,0.291670,0.326782,0.310357,0.270134,0.298493,0.232417,0.251461,0.178295,0.184687,0.248319,0.056830,0.179935,0.214146,0.258832,0.196341
415,1.729167,0.291671,0.326782,0.310354,0.270133,0.298492,0.232417,0.251461,0.178311,0.184694,0.248320,0.056828,0.179933,0.214144,0.258832,0.196343
416,1.733333,0.291669,0.326781,0.310355,0.270134,0.298493,0.232416,0.251460,0.178295,0.184688,0.248318,0.056830,0.179932,0.214145,0.258833,0.196343
417,1.737500,0.291669,0.326778,0.310356,0.270135,0.298492,0.232416,0.251460,0.178295,0.184685,0.248318,0.056830,0.179935,0.214143,0.258831,0.196341
418,1.741667,0.291669,0.326778,0.310355,0.270134,0.298492,0.232416,0.251458,0.178296,0.184687,0.248321,0.056829,0.179937,0.214147,0.258833,0.196344
419,1.745833,0.291668,0.326777,0.310358,0.270132,0.298497,0.232416,0.251458,0.178305,0.184698,0.248318,0.056828,0.179938,0.214146,0.258832,0.196342
420,1.750000,0.291667,0.326777,0.310358,0.270135,0.298492,0.232419,0.251460,0.178296,0.184687,0.248318,0.056828,0.179939,0.214145,0.258833,0.196343
421,1.754167,0.291668,0.326776,0.310357,0.270131,0.298500,0.232418,0.251462,0.178313,0.184694,0.248320,0.056829,0.179934,0.214146,0.258834,0.196343
422,1.758333,0.291669,0.326777,0.310359,0.270134,0.298492,0.232418,0.251461,0.178297,0.184688,0.248319,0.056831,0.179938,0.214145,0.258835,0.196341
423,1.762500,0.291668,0.326777,0.310358,0.270134,0.298498,0.232418,0.251462,0.178311,0.184693,0.248317,0.056831,0.179939,0.214145,0.258836,0.196341
424,1.766667,0.291668,0.326777,0.310357,0.270132,0.298498,0.232417,0.251460,0.178313,0.184695,0.248317,0.056830,0.179939,0.214144,0.258834,0.196341
425,1.770833,0.291666,0.326776,0.310359,0.270133,0.298497,0.232416,0.251459,0.178295,0.184689,0.248318,0.056831,0.179938,0.214145,0.258832,0.196340
426,1.775000,0.291665,0.326777,0.310360,0.270135,0.298492,0.232417,0.251459,0.178269,0.184685,0.248316,0.056829,0.179938,0.214147,0.258832,0.196340
427,1.779167,0.291664,0.326775,0.310359,0.270135,0.298490,0.232416,0.251461,0.178314,0.184692,0.248317,0.056829,0.179937,0.214144,0.258836,0.196342
428,1.783333,0.291664,0.326778,0.310358,0.270134,0.298495,0.232416,0.251457,0.178295,0.184687,0.248318,0.056828,0.179936,0.214146,0.258836,0.196340
429,1.787500,0.291663,0.326776,0.310358,0.270135,0.298491,0.232417,0.251461,0.178312,0.184693,0.248315,0.056829,0.179936,0.214145,0.258833,0.196340
430,1.791667,0.291661,0.326777,0.310359,0.270135,0.298488,0.232416,0.251464,0.178311,0.184693,0.248317,0.056828,0.179939,0.214145,0.258833,0.196340
431,1.795833,0.291661,0.326780,0.310357,0.270136,0.298490,0.232415,0.251458,0.178304,0.184683,0.248316,0.056827,0.179941,0.214148,0.258832,0.196339
432,1.800000,0.291661,0.326780,0.310357,0.270137,0.298490,0.232416,0.251459,0.178295,0.184687,0.248316,0.056828,0.179935,0.214148,0.258831,0.196335
433,1.804167,0.291660,0.326781,0.310356,0.270138,0.298491,0.232414,0.251460,0.178294,0.184687,0.248318,0.056829,0.179935,0.214147,0.258833,0.196336
434,1.808333,0.291659,0.326782,0.310357,0.270137,0.298492,0.232415,0.251461,0.178294,0.184683,0.248317,0.056826,0.179938,0.214148,0.258834,0.196339
435,1.812500,0.291659,0.326784,0.310353,0.270137,0.298492,0.232413,0.251456,0.178289,0.184693,0.248318,0.056829,0.179934,0.214147,0.258835,0.196337
436,1.816667,0.291659,0.326784,0.310352,0.270138,0.298492,0.232413,0.251460,0.178293,0.184684,0.248317,0.056830,0.179935,0.214149,0.258834,0.196333
437,1.820833,0.291661,0.326785,0.310351,0.270137,0.298493,0.232413,0.251463,0.178309,0.184691,0.248320,0.056829,0.179933,0.214146,0.258833,0.196334
438,1.825000,0.291660,0.326787,0.310351,0.270136,0.298492,0.232411,0.251460,0.178294,0.184684,0.248317,0.056827,0.179935,0.214147,0.258833,0.196333
439,1.829167,0.291660,0.326786,0.310350,0.270138,0.298492,0.232412,0.251464,0.178310,0.184692,0.248316,0.056830,0.179935,0.214146,0.258832,0.196334
440,1.833333,0.291662,0.326787,0.310348,0.270137,0.298491,0.232412,0.251462,0.178310,0.184690,0.248317,0.056828,0.179936,0.214147,0.258836,0.196333
441,1.837500,0.291660,0.326791,0.310348,0.270134,0.298499,0.232408,0.251458,0.178294,0.184685,0.248320,0.056828,0.179932,0.214146,0.258834,0.196333
442,1.841667,0.291661,0.326790,0.310347,0.270135,0.298500,0.232408,0.251458,0.178294,0.184683,0.248317,0.056828,0.179934,0.214145,0.258833,0.196331
443,1.845833,0.291658,0.326791,0.310346,0.270137,0.298493,0.232411,0.251459,0.178294,0.184684,0.248319,0.056826,0.179937,0.214147,0.258835,0.196333
444,1.850000,0.291659,0.326792,0.310345,0.270137,0.298495,0.232409,0.251462,0.178311,0.184691,0.248317,0.056829,0.179938,0.214147,0.258834,0.196335
445,1.854167,0.291660,0.326792,0.310344,0.270138,0.298495,0.232409,0.251461,0.178310,0.184689,0.248317,0.056829,0.179936,0.214146,0.258835,0.196334
446,1.858333,0.291660,0.326794,0.310344,0.270137,0.298495,0.232408,0.251457,0.178269,0.184681,0.248315,0.056829,0.179938,0.214145,0.258835,0.196334
447,1.862500,0.291659,0.326793,0.310345,0.270135,0.298495,0.232408,0.251459,0.178294,0.184683,0.248318,0.056831,0.179940,0.214144,0.258836,0.196334
448,1.866667,0.291659,0.326794,0.310343,0.270135,0.298495,0.232407,0.251457,0.178295,0.184684,0.248316,0.056826,0.179935,0.214143,0.258834,0.196334
449,1.870833,0.291660,0.326793,0.310343,0.270134,0.298495,0.232405,0.251458,0.178294,0.184683,0.248318,0.056829,0.179935,0.214143,0.258833,0.196333
450,1.875000,0.291660,0.326794,0.310342,0.270131,0.298500,0.232405,0.251456,0.178270,0.184682,0.248316,0.056830,0.179938,0.214142,0.258834,0.196331
451,1.879167,0.291662,0.326796,0.310340,0.270133,0.298495,0.232405,0.251456,0.178296,0.184685,0.248316,0.056828,0.179938,0.214143,0.258833,0.196332
452,1.883333,0.291663,0.326796,0.310341,0.270132,0.298501,0.232403,0.251456,0.178288,0.184691,0.248316,0.056828,0.179936,0.214143,0.258832,0.196334
453,1.887500,0.291662,0.326797,0.310339,0.270131,0.298501,0.232402,0.251460,0.178269,0.184681,0.248317,0.056826,0.179938,0.214144,0.258832,0.196334
454,1.891667,0.291663,0.326796,0.310338,0.270134,0.298497,0.232404,0.251455,0.178288,0.184690,0.248318,0.056827,0.179937,0.214141,0.258833,0.196331
455,1.895833,0.291663,0.326796,0.310338,0.270133,0.298497,0.232402,0.251459,0.178292,0.184684,0.248319,0.056824,0.179935,0.214142,0.258834,0.196333
456,1.900000,0.291665,0.326795,0.310337,0.270133,0.298496,0.232403,0.251458,0.178293,0.184684,0.248318,0.056827,0.179936,0.214143,0.258830,0.196330
457,1.904167,0.291667,0.326796,0.310336,0.270132,0.298498,0.232402,0.251458,0.178292,0.184684,0.248318,0.056826,0.179935,0.214142,0.258831,0.196333
458,1.908333,0.291668,0.326794,0.310334,0.270132,0.298498,0.232403,0.251453,0.178287,0.184691,0.248317,0.056823,0.179937,0.214142,0.258833,0.196332
459,1.912500,0.291669,0.326796,0.310333,0.270128,0.298503,0.232397,0.251459,0.178268,0.184681,0.248318,0.056825,0.179938,0.214142,0.258829,0.196331
460,1.916667,0.291671,0.326795,0.310332,0.270132,0.298496,0.232401,0.251457,0.178292,0.184684,0.248318,0.056825,0.179938,0.214142,0.258829,0.196332
461,1.920833,0.291673,0.326798,0.310331,0.270131,0.298495,0.232401,0.251459,0.178267,0.184682,0.248317,0.056824,0.179935,0.214143,0.258828,0.196331
462,1.925000,0.291674,0.326797,0.310332,0.270129,0.298500,0.232400,0.251457,0.178294,0.184685,0.248317,0.056827,0.179934,0.214143,0.258830,0.196330
463,1.929167,0.291673,0.326796,0.310332,0.270132,0.298496,0.232402,0.251457,0.178294,0.184684,0.248316,0.056827,0.179937,0.214139,0.258830,0.196330
464,1.933333,0.291672,0.326797,0.310331,0.270130,0.298503,0.232398,0.251458,0.178270,0.184682,0.248316,0.056827,0.179936,0.214140,0.258831,0.196329
465,1.937500,0.291674,0.326796,0.310332,0.270134,0.298497,0.232400,0.251459,0.178307,0.184680,0.248319,0.056827,0.179933,0.214143,0.258834,0.196330
466,1.941667,0.291673,0.326796,0.310331,0.270132,0.298498,0.232400,0.251457,0.178293,0.184683,0.248316,0.056826,0.179935,0.214140,0.258832,0.196331
467,1.945833,0.291674,0.326795,0.310332,0.270130,0.298503,0.232401,0.251458,0.178294,0.184679,0.248318,0.056826,0.179936,0.214139,0.258833,0.196331
468,1.950000,0.291675,0.326793,0.310331,0.270132,0.298497,0.232401,0.251456,0.178270,0.184680,0.248316,0.056828,0.179934,0.214141,0.258833,0.196332
469,1.954167,0.291674,0.326792,0.310333,0.270134,0.298497,0.232402,0.251457,0.178294,0.184680,0.248317,0.056828,0.179936,0.214141,0.258832,0.196333
470,1.958333,0.291674,0.326794,0.310333,0.270134,0.298496,0.232401,0.251456,0.178272,0.184679,0.248318,0.056826,0.179936,0.214139,0.258832,0.196329
471,1.962500,0.291675,0.326795,0.310333,0.270133,0.298498,0.232401,0.251457,0.178274,0.184676,0.248316,0.056829,0.179932,0.214138,0.258835,0.196329
472,1.966667,0.291675,0.326792,0.310333,0.270131,0.298502,0.232397,0.251455,0.178297,0.184680,0.248316,0.056829,0.179936,0.214139,0.258834,0.196332
473,1.970833,0.291675,0.326793,0.310332,0.270134,0.298496,0.232400,0.251455,0.178293,0.184680,0.248315,0.056827,0.179934,0.214139,0.258832,0.196332
474,1.975000,0.291675,0.326793,0.310332,0.270135,0.298496,0.232400,0.251456,0.178270,0.184680,0.248317,0.056827,0.179938,0.214141,0.258831,0.196331
475,1.979167,0.291675,0.326792,0.310333,0.270135,0.298495,0.232400,0.251457,0.178269,0.184679,0.248315,0.056827,0.179936,0.214139,0.258833,0.196332
476,1.983333,0.291676,0.326791,0.310334,0.270134,0.298496,0.232399,0.251458,0.178270,0.184674,0.248315,0.056827,0.179933,0.214141,0.258833,0.196330
477,1.987500,0.291675,0.326792,0.310333,0.270135,0.298497,0.232398,0.251454,0.178307,0.184680,0.248316,0.056828,0.179933,0.214141,0.258832,0.196328
478,1.991667,0.291675,0.326791,0.310333,0.270136,0.298496,0.232398,0.251458,0.178269,0.184679,0.248317,0.056827,0.179934,0.214142,0.258832,0.196329
479,1.995833,0.291676,0.326790,0.310331,0.270135,0.298497,0.232397,0.251456,0.178306,0.184677,0.248316,0.056825,0.179933,0.214142,0.258831,0.196328
480,2.000000,0.291678,0.326791,0.310331,0.270135,0.298496,0.232400,0.251457,0.178263,0.184682,0.248317,0.056826,0.179934,0.214142,0.258832,0.196327
481,2.004167,0.291678,0.326792,0.310330,0.270137,0.298496,0.232399,0.251458,0.178269,0.184678,0.248317,0.056827,0.179931,0.214142,0.258833,0.196328
482,2.008333,0.291678,0.326792,0.310329,0.270139,0.298496,0.232398,0.251460,0.178310,0.184685,0.248316,0.056826,0.179936,0.214142,0.258833,0.196330
483,2.012500,0.291679,0.326793,0.310329,0.270138,0.298496,0.232399,0.251459,0.178268,0.184678,0.248317,0.056828,0.179930,0.214142,0.258832,0.196327
484,2.016667,0.291680,0.326791,0.310329,0.270137,0.298494,0.232398,0.251458,0.178268,0.184676,0.248315,0.056824,0.179933,0.214142,0.258831,0.196328
485,2.020833,0.291680,0.326791,0.310331,0.270136,0.298496,0.232399,0.251456,0.178295,0.184678,0.248316,0.056827,0.179931,0.214142,0.258834,0.196327
486,2.025000,0.291678,0.326793,0.310331,0.270135,0.298504,0.232397,0.251458,0.178270,0.184676,0.248317,0.056828,0.179931,0.214143,0.258835,0.196329
487,2.029167,0.291677,0.326790,0.310332,0.270138,0.298497,0.232398,0.251457,0.178296,0.184681,0.248315,0.056828,0.179930,0.214145,0.258836,0.196326
488,2.033333,0.291676,0.326790,0.310332,0.270135,0.298504,0.232396,0.251456,0.178308,0.184679,0.248313,0.056828,0.179937,0.214143,0.258837,0.196328
489,2.037500,0.291677,0.326791,0.310332,0.270136,0.298505,0.232397,0.251457,0.178295,0.184677,0.248318,0.056829,0.179935,0.214144,0.258834,0.196327
490,2.041667,0.291675,0.326791,0.310331,0.270138,0.298498,0.232398,0.251459,0.178270,0.184676,0.248316,0.056825,0.179935,0.214142,0.258835,0.196327
491,2.045833,0.291674,0.326792,0.310332,0.270139,0.298499,0.232399,0.251457,0.178269,0.184680,0.248315,0.056826,0.179935,0.214143,0.258836,0.196328
492,2.050000,0.291673,0.326792,0.310333,0.270139,0.298498,0.232399,0.251460,0.178312,0.184687,0.248314,0.056827,0.179937,0.214144,0.258835,0.196328
493,2.054167,0.291674,0.326794,0.310333,0.270139,0.298496,0.232395,0.251458,0.178293,0.184679,0.248315,0.056827,0.179940,0.214143,0.258834,0.196328
494,2.058333,0.291673,0.326795,0.310331,0.270135,0.298503,0.232394,0.251458,0.178271,0.184679,0.248316,0.056827,0.179938,0.214143,0.258836,0.196331
495,2.062500,0.291674,0.326795,0.310331,0.270139,0.298499,0.232397,0.251462,0.178312,0.184686,0.248317,0.056828,0.179938,0.214142,0.258836,0.196328
496,2.066667,0.291674,0.326797,0.310333,0.270136,0.298503,0.232396,0.251458,0.178295,0.184681,0.248315,0.056828,0.179939,0.214143,0.258836,0.196331
497,2.070833,0.291674,0.326795,0.310332,0.270139,0.298498,0.232399,0.251457,0.178294,0.184679,0.248315,0.056825,0.179938,0.214145,0.258837,0.196331
498,2.075000,0.291672,0.326797,0.310332,0.270139,0.298498,0.232397,0.251459,0.178295,0.184680,0.248317,0.056830,0.179938,0.214144,0.258835,0.196332
499,2.079167,0.291673,0.326800,0.310330,0.270139,0.298499,0.232397,0.251457,0.178295,0.184683,0.248316,0.056826,0.179937,0.214146,0.258832,0.196332
500,2.083333,0.291673,0.326800,0.310333,0.270139,0.298499,0.232397,0.251459,0.178296,0.184681,0.248316,0.056827,0.179939,0.214148,0.258834,0.196332
501,2.087500,0.291674,0.326802,0.310332,0.270139,0.298499,0.232399,0.251458,0.178272,0.184679,0.248318,0.056828,0.179937,0.214145,0.258836,0.196331
502,2.091667,0.291673,0.326802,0.310330,0.270137,0.298504,0.232397,0.251459,0.178294,0.184683,0.248317,0.056824,0.179936,0.214145,0.258835,0.196330
503,2.095833,0.291676,0.326802,0.310330,0.270137,0.298497,0.232400,0.251458,0.178294,0.184683,0.248317,0.056828,0.179939,0.214143,0.258835,0.196332
504,2.100000,0.291676,0.326805,0.310330,0.270138,0.298497,0.232399,0.251458,0.178267,0.184680,0.248315,0.056824,0.179938,0.214145,0.258833,0.196330
505,2.104167,0.291676,0.326804,0.310329,0.270138,0.298497,0.232399,0.251462,0.178309,0.184687,0.248314,0.056827,0.179938,0.214145,0.258834,0.196333
506,2.108333,0.291676,0.326804,0.310333,0.270137,0.298496,0.232401,0.251455,0.178294,0.184684,0.248314,0.056823,0.179937,0.214145,0.258833,0.196333
507,2.112500,0.291677,0.326804,0.310332,0.270140,0.298496,0.232401,0.251461,0.178309,0.184687,0.248317,0.056826,0.179933,0.214145,0.258833,0.196331
508,2.116667,0.291676,0.326806,0.310332,0.270137,0.298497,0.232399,0.251456,0.178303,0.184695,0.248317,0.056828,0.179936,0.214144,0.258834,0.196331
509,2.120833,0.291674,0.326805,0.310332,0.270139,0.298498,0.232403,0.251459,0.178294,0.184685,0.248315,0.056826,0.179936,0.214144,0.258834,0.196330
510,2.125000,0.291675,0.326804,0.310333,0.270138,0.298497,0.232402,0.251461,0.178312,0.184690,0.248317,0.056826,0.179935,0.214145,0.258833,0.196335
511,2.129167,0.291673,0.326802,0.310333,0.270139,0.298498,0.232404,0.251454,0.178288,0.184689,0.248318,0.056826,0.179936,0.214145,0.258833,0.196335
512,2.133333,0.291674,0.326801,0.310336,0.270139,0.298497,0.232403,0.251454,0.178266,0.184688,0.248314,0.056828,0.179940,0.214143,0.258834,0.196337
513,2.137500,0.291674,0.326801,0.310337,0.270139,0.298498,0.232402,0.251458,0.178295,0.184682,0.248316,0.056826,0.179938,0.214143,0.258834,0.196337
514,2.141667,0.291675,0.326799,0.310337,0.270136,0.298496,0.232404,0.251457,0.178296,0.184684,0.248315,0.056829,0.179938,0.214141,0.258835,0.196339
515,2.145833,0.291673,0.326798,0.310338,0.270137,0.298495,0.232405,0.251460,0.178310,0.184690,0.248316,0.056827,0.179936,0.214139,0.258833,0.196338
516,2.150000,0.291674,0.326796,0.310338,0.270135,0.298499,0.232404,0.251461,0.178311,0.184691,0.248317,0.056829,0.179932,0.214140,0.258833,0.196336
517,2.154167,0.291676,0.326795,0.310339,0.270136,0.298496,0.232406,0.251457,0.178293,0.184683,0.248319,0.056826,0.179936,0.214142,0.258832,0.196340
518,2.158333,0.291675,0.326795,0.310341,0.270134,0.298497,0.232407,0.251455,0.178296,0.184683,0.248315,0.056826,0.179940,0.214140,0.258833,0.196337
519,2.162500,0.291676,0.326793,0.310342,0.270135,0.298496,0.232408,0.251458,0.178313,0.184691,0.248317,0.056828,0.179934,0.214141,0.258833,0.196340
520,2.166667,0.291677,0.326791,0.310341,0.270136,0.298496,0.232409,0.251456,0.178295,0.184684,0.248315,0.056828,0.179935,0.214140,0.258831,0.196338
521,2.170833,0.291675,0.326789,0.310342,0.270135,0.298494,0.232409,0.251457,0.178269,0.184681,0.248314,0.056829,0.179943,0.214139,0.258832,0.196338
522,2.175000,0.291676,0.326787,0.310342,0.270135,0.298495,0.232409,0.251460,0.178310,0.184689,0.248316,0.056828,0.179933,0.214140,0.258831,0.196340
523,2.179167,0.291676,0.326787,0.310343,0.270133,0.298494,0.232410,0.251460,0.178311,0.184690,0.248316,0.056828,0.179937,0.214140,0.258833,0.196339
524,2.183333,0.291678,0.326785,0.310344,0.270133,0.298496,0.232411,0.251454,0.178308,0.184685,0.248316,0.056828,0.179934,0.214139,0.258833,0.196338
525,2.187500,0.291679,0.326784,0.310343,0.270133,0.298497,0.232413,0.251452,0.178310,0.184682,0.248314,0.056827,0.179937,0.214138,0.258836,0.196340
526,2.191667,0.291678,0.326784,0.310344,0.270133,0.298496,0.232412,0.251455,0.178298,0.184681,0.248315,0.056826,0.179935,0.214139,0.258835,0.196340
527,2.195833,0.291678,0.326781,0.310345,0.270131,0.298494,0.232413,0.251450,0.178289,0.184693,0.248314,0.056828,0.179935,0.214139,0.258832,0.196338
528,2.200000,0.291677,0.326779,0.310345,0.270130,0.298492,0.232414,0.251449,0.178290,0.184693,0.248313,0.056827,0.179936,0.214137,0.258832,0.196342
529,2.204167,0.291677,0.326778,0.310345,0.270131,0.298493,0.232412,0.251454,0.178295,0.184684,0.248317,0.056826,0.179936,0.214139,0.258831,0.196341
530,2.208333,0.291677,0.326779,0.310347,0.270129,0.298497,0.232412,0.251456,0.178293,0.184682,0.248314,0.056828,0.179936,0.214137,0.258831,0.196341
531,2.212500,0.291676,0.326781,0.310348,0.270129,0.298499,0.232410,0.251457,0.178272,0.184681,0.248316,0.056826,0.179934,0.214136,0.258832,0.196340
532,2.216667,0.291677,0.326780,0.310348,0.270128,0.298501,0.232413,0.251454,0.178298,0.184684,0.248316,0.056827,0.179932,0.214138,0.258834,0.196340
533,2.220833,0.291674,0.326779,0.310348,0.270129,0.298501,0.232410,0.251454,0.178298,0.184685,0.248316,0.056826,0.179938,0.214138,0.258833,0.196342
534,2.225000,0.291672,0.326778,0.310349,0.270131,0.298493,0.232414,0.251455,0.178304,0.184698,0.248316,0.056826,0.179934,0.214138,0.258830,0.196340
535,2.229167,0.291672,0.326780,0.310349,0.270127,0.298498,0.232412,0.251456,0.178294,0.184686,0.248317,0.056825,0.179931,0.214140,0.258833,0.196342
536,2.233333,0.291671,0.326779,0.310350,0.270132,0.298493,0.232414,0.251456,0.178308,0.184681,0.248316,0.056823,0.179935,0.214137,0.258832,0.196341
537,2.237500,0.291671,0.326781,0.310350,0.270130,0.298494,0.232413,0.251459,0.178312,0.184690,0.248316,0.056825,0.179936,0.214138,0.258831,0.196342
538,2.241667,0.291669,0.326783,0.310350,0.270127,0.298500,0.232411,0.251452,0.178291,0.184690,0.248316,0.056827,0.179936,0.214139,0.258832,0.196338
539,2.245833,0.291667,0.326783,0.310351,0.270131,0.298493,0.232414,0.251457,0.178271,0.184680,0.248316,0.056829,0.179937,0.214138,0.258832,0.196339
540,2.250000,0.291664,0.326784,0.310349,0.270130,0.298494,0.232415,0.251458,0.178311,0.184692,0.248315,0.056826,0.179933,0.214137,0.258832,0.196338
541,2.254167,0.291665,0.326784,0.310351,0.270130,0.298493,0.232415,0.251454,0.178296,0.184686,0.248316,0.056825,0.179933,0.214139,0.258832,0.196336
542,2.258333,0.291664,0.326784,0.310350,0.270129,0.298494,0.232413,0.251456,0.178297,0.184683,0.248317,0.056826,0.179935,0.214140,0.258834,0.196340
543,2.262500,0.291664,0.326787,0.310350,0.270128,0.298495,0.232413,0.251455,0.178296,0.184685,0.248317,0.056829,0.179937,0.214139,0.258833,0.196336
544,2.266667,0.291661,0.326790,0.310350,0.270128,0.298501,0.232411,0.251456,0.178271,0.184681,0.248318,0.056827,0.179935,0.214142,0.258832,0.196334
545,2.270833,0.291659,0.326791,0.310351,0.270128,0.298501,0.232412,0.251457,0.178269,0.184683,0.248317,0.056829,0.179935,0.214142,0.258834,0.196337
546,2.275000,0.291658,0.326792,0.310350,0.270127,0.298500,0.232411,0.251455,0.178308,0.184685,0.248316,0.056827,0.179938,0.214142,0.258832,0.196333
547,2.279167,0.291657,0.326794,0.310349,0.270126,0.298503,0.232411,0.251457,0.178294,0.184685,0.248315,0.056829,0.179936,0.214142,0.258833,0.196334
548,2.283333,0.291655,0.326795,0.310349,0.270129,0.298495,0.232412,0.251457,0.178294,0.184685,0.248316,0.056828,0.179936,0.214141,0.258831,0.196334
549,2.287500,0.291653,0.326796,0.310348,0.270128,0.298502,0.232409,0.251457,0.178295,0.184684,0.248318,0.056827,0.179933,0.214143,0.258835,0.196336
550,2.291667,0.291654,0.326799,0.310350,0.270130,0.298495,0.232411,0.251458,0.178296,0.184682,0.248318,0.056827,0.179933,0.214142,0.258834,0.196331
551,2.295833,0.291651,0.326801,0.310348,0.270130,0.298495,0.232411,0.251460,0.178311,0.184690,0.248319,0.056827,0.179935,0.214142,0.258833,0.196332
552,2.300000,0.291651,0.326801,0.310348,0.270127,0.298501,0.232407,0.251452,0.178300,0.184691,0.248317,0.056827,0.179937,0.214143,0.258831,0.196332
553,2.304167,0.291650,0.326799,0.310348,0.270130,0.298494,0.232408,0.251459,0.178296,0.184683,0.248319,0.056828,0.179929,0.214143,0.258831,0.196330
554,2.308333,0.291650,0.326801,0.310347,0.270128,0.298500,0.232408,0.251459,0.178294,0.184683,0.248317,0.056827,0.179932,0.214143,0.258831,0.196329
555,2.312500,0.291648,0.326802,0.310347,0.270128,0.298503,0.232407,0.251458,0.178295,0.184683,0.248318,0.056829,0.179935,0.214143,0.258834,0.196329
556,2.316667,0.291648,0.326803,0.310347,0.270131,0.298499,0.232408,0.251459,0.178273,0.184680,0.248317,0.056828,0.179936,0.214144,0.258838,0.196327
557,2.320833,0.291646,0.326802,0.310344,0.270131,0.298498,0.232409,0.251463,0.178311,0.184687,0.248319,0.056828,0.179934,0.214145,0.258835,0.196326
558,2.325000,0.291645,0.326801,0.310344,0.270129,0.298497,0.232405,0.251457,0.178294,0.184682,0.248318,0.056827,0.179934,0.214144,0.258833,0.196326
559,2.329167,0.291644,0.326802,0.310344,0.270128,0.298495,0.232405,0.251455,0.178292,0.184682,0.248316,0.056827,0.179931,0.214144,0.258830,0.196326
560,2.333333,0.291644,0.326801,0.310343,0.270125,0.298502,0.232402,0.251455,0.178294,0.184683,0.248316,0.056827,0.179936,0.214143,0.258831,0.196326
561,2.337500,0.291643,0.326800,0.310342,0.270127,0.298497,0.232406,0.251457,0.178269,0.184679,0.248315,0.056828,0.179932,0.214142,0.258831,0.196323
562,2.341667,0.291643,0.326801,0.310342,0.270124,0.298502,0.232403,0.251457,0.178270,0.184678,0.248314,0.056828,0.179939,0.214140,0.258834,0.196322
563,2.345833,0.291643,0.326801,0.310340,0.270123,0.298503,0.232403,0.251459,0.178312,0.184687,0.248316,0.056825,0.179934,0.214142,0.258834,0.196321
564,2.350000,0.291642,0.326799,0.310340,0.270127,0.298498,0.232404,0.251454,0.178295,0.184683,0.248317,0.056826,0.179936,0.214141,0.258837,0.196324
565,2.354167,0.291642,0.326799,0.310341,0.270123,0.298502,0.232400,0.251454,0.178307,0.184681,0.248315,0.056827,0.179931,0.214140,0.258833,0.196318
566,2.358333,0.291640,0.326799,0.310338,0.270125,0.298495,0.232401,0.251455,0.178293,0.184680,0.248315,0.056826,0.179934,0.214140,0.258833,0.196319
567,2.362500,0.291640,0.326797,0.310338,0.270121,0.298505,0.232401,0.251456,0.178269,0.184677,0.248314,0.056827,0.179937,0.214139,0.258833,0.196321
568,2.366667,0.291640,0.326797,0.310338,0.270121,0.298506,0.232399,0.251455,0.178270,0.184676,0.248314,0.056827,0.179937,0.214138,0.258834,0.196319
569,2.370833,0.291641,0.326796,0.310338,0.270123,0.298506,0.232397,0.251456,0.178296,0.184679,0.248316,0.056828,0.179939,0.214137,0.258835,0.196321
570,2.375000,0.291641,0.326795,0.310337,0.270120,0.298506,0.232396,0.251453,0.178308,0.184681,0.248314,0.056829,0.179938,0.214138,0.258835,0.196320
571,2.379167,0.291642,0.326796,0.310336,0.270121,0.298506,0.232395,0.251455,0.178271,0.184677,0.248313,0.056827,0.179937,0.214135,0.258835,0.196321
572,2.383333,0.291641,0.326795,0.310336,0.270121,0.298505,0.232397,0.251453,0.178294,0.184679,0.248314,0.056828,0.179937,0.214135,0.258834,0.196319
573,2.387500,0.291641,0.326796,0.310335,0.270120,0.298506,0.232394,0.251454,0.178270,0.184679,0.248315,0.056827,0.179936,0.214135,0.258832,0.196319
574,2.391667,0.291642,0.326797,0.310332,0.270123,0.298501,0.232395,0.251450,0.178265,0.184684,0.248316,0.056828,0.179938,0.214136,0.258833,0.196322
575,2.395833,0.291644,0.326799,0.310331,0.270119,0.298507,0.232391,0.251453,0.178294,0.184680,0.248315,0.056829,0.179940,0.214135,0.258833,0.196320
576,2.400000,0.291645,0.326800,0.310331,0.270119,0.298507,0.232394,0.251450,0.178289,0.184688,0.248315,0.056826,0.179939,0.214136,0.258834,0.196322
577,2.404167,0.291644,0.326802,0.310331,0.270120,0.298508,0.232392,0.251455,0.178271,0.184678,0.248317,0.056829,0.179937,0.214134,0.258832,0.196320
578,2.408333,0.291645,0.326803,0.310328,0.270119,0.298506,0.232392,0.251456,0.178268,0.184677,0.248319,0.056825,0.179937,0.214135,0.258831,0.196317
579,2.412500,0.291646,0.326805,0.310327,0.270121,0.298506,0.232393,0.251453,0.178294,0.184681,0.248319,0.056826,0.179936,0.214134,0.258830,0.196319
580,2.416667,0.291649,0.326808,0.310327,0.270121,0.298501,0.232393,0.251452,0.178305,0.184682,0.248319,0.056826,0.179938,0.214134,0.258832,0.196320
581,2.420833,0.291649,0.326812,0.310325,0.270120,0.298507,0.232390,0.251455,0.178294,0.184680,0.248318,0.056826,0.179938,0.214133,0.258830,0.196317
582,2.425000,0.291652,0.326813,0.310323,0.270117,0.298509,0.232390,0.251458,0.178311,0.184683,0.248317,0.056826,0.179938,0.214132,0.258832,0.196320
583,2.429167,0.291652,0.326814,0.310324,0.270117,0.298508,0.232393,0.251453,0.178271,0.184679,0.248318,0.056828,0.179935,0.214133,0.258831,0.196321
584,2.433333,0.291655,0.326814,0.310321,0.270116,0.298507,0.232390,0.251454,0.178271,0.184680,0.248318,0.056825,0.179937,0.214131,0.258832,0.196320
585,2.437500,0.291654,0.326815,0.310322,0.270118,0.298509,0.232393,0.251454,0.178271,0.184678,0.248316,0.056827,0.179937,0.214130,0.258832,0.196324
586,2.441667,0.291656,0.326814,0.310322,0.270116,0.298511,0.232393,0.251452,0.178296,0.184678,0.248315,0.056830,0.179938,0.214132,0.258832,0.196322
587,2.445833,0.291657,0.326815,0.310321,0.270117,0.298512,0.232391,0.251452,0.178272,0.184677,0.248316,0.056829,0.179934,0.214133,0.258831,0.196323
588,2.450000,0.291658,0.326815,0.310321,0.270118,0.298511,0.232393,0.251455,0.178296,0.184679,0.248317,0.056828,0.179936,0.214132,0.258833,0.196328
589,2.454167,0.291659,0.326816,0.310323,0.270119,0.298513,0.232392,0.251456,0.178313,0.184688,0.248317,0.056828,0.179935,0.214131,0.258834,0.196327
590,2.458333,0.291660,0.326817,0.310322,0.270117,0.298511,0.232393,0.251453,0.178274,0.184680,0.248317,0.056830,0.179939,0.214132,0.258833,0.196329
591,2.462500,0.291661,0.326815,0.310322,0.270118,0.298510,0.232394,0.251453,0.178308,0.184695,0.248319,0.056830,0.179935,0.214131,0.258833,0.196330
592,2.466667,0.291661,0.326815,0.310322,0.270117,0.298510,0.232395,0.251451,0.178273,0.184682,0.248319,0.056830,0.179936,0.214131,0.258831,0.196328
593,2.470833,0.291662,0.326816,0.310320,0.270120,0.298511,0.232395,0.251451,0.178309,0.184681,0.248319,0.056830,0.179931,0.214132,0.258833,0.196331
594,2.475000,0.291664,0.326817,0.310321,0.270119,0.298508,0.232395,0.251453,0.178273,0.184681,0.248320,0.056831,0.179934,0.214132,0.258831,0.196329
595,2.479167,0.291666,0.326814,0.310322,0.270120,0.298510,0.232395,0.251455,0.178273,0.184680,0.248318,0.056830,0.179935,0.214132,0.258834,0.196334
596,2.483333,0.291668,0.326817,0.310323,0.270121,0.298509,0.232396,0.251451,0.178266,0.184687,0.248319,0.056830,0.179932,0.214133,0.258833,0.196331
597,2.487500,0.291669,0.326815,0.310322,0.270121,0.298509,0.232397,0.251454,0.178297,0.184682,0.248318,0.056831,0.179938,0.214132,0.258833,0.196334
598,2.491667,0.291668,0.326810,0.310324,0.270120,0.298506,0.232397,0.251454,0.178308,0.184683,0.248317,0.056827,0.179935,0.214132,0.258832,0.196332
599,2.495833,0.291672,0.326809,0.310324,0.270123,0.298507,0.232399,0.251458,0.178271,0.184683,0.248320,0.056831,0.179931,0.214134,0.258832,0.196331
600,2.500000,0.291674,0.326807,0.310324,0.270122,0.298508,0.232397,0.251456,0.178296,0.184683,0.248319,0.056830,0.179934,0.214134,0.258832,0.196332
601,2.504167,0.291675,0.326807,0.310326,0.270119,0.298513,0.232399,0.251456,0.178271,0.184681,0.248319,0.056828,0.179931,0.214136,0.258833,0.196333
602,2.508333,0.291676,0.326803,0.310327,0.270125,0.298506,0.232400,0.251450,0.178302,0.184689,0.248316,0.056831,0.179933,0.214136,0.258833,0.196329
603,2.512500,0.291677,0.326803,0.310329,0.270125,0.298507,0.232400,0.251458,0.178272,0.184679,0.248318,0.056829,0.179931,0.214136,0.258831,0.196331
604,2.516667,0.291676,0.326801,0.310330,0.270127,0.298499,0.232402,0.251457,0.178269,0.184679,0.248315,0.056829,0.179934,0.214136,0.258831,0.196333
605,2.520833,0.291678,0.326797,0.310332,0.270128,0.298496,0.232404,0.251458,0.178310,0.184687,0.248317,0.056831,0.179931,0.214136,0.258831,0.196329
606,2.525000,0.291679,0.326796,0.310331,0.270127,0.298503,0.232402,0.251456,0.178270,0.184679,0.248316,0.056827,0.179932,0.214136,0.258831,0.196330
607,2.529167,0.291678,0.326794,0.310335,0.270130,0.298497,0.232405,0.251455,0.178295,0.184680,0.248316,0.056831,0.179929,0.214137,0.258832,0.196334
608,2.533333,0.291677,0.326794,0.310336,0.270133,0.298496,0.232407,0.251456,0.178295,0.184680,0.248316,0.056827,0.179931,0.214139,0.258834,0.196333
609,2.537500,0.291676,0.326790,0.310338,0.270134,0.298495,0.232407,0.251461,0.178314,0.184688,0.248315,0.056830,0.179935,0.214139,0.258835,0.196333
610,2.541667,0.291674,0.326789,0.310339,0.270132,0.298501,0.232405,0.251455,0.178297,0.184682,0.248316,0.056831,0.179931,0.214140,0.258834,0.196334
611,2.545833,0.291673,0.326787,0.310341,0.270135,0.298494,0.232407,0.251455,0.178296,0.184682,0.248314,0.056833,0.179934,0.214139,0.258837,0.196336
612,2.550000,0.291673,0.326784,0.310342,0.270136,0.298493,0.232405,0.251455,0.178296,0.184684,0.248316,0.056830,0.179935,0.214141,0.258835,0.196335
613,2.554167,0.291674,0.326783,0.310342,0.270136,0.298493,0.232407,0.251455,0.178310,0.184681,0.248316,0.056832,0.179936,0.214142,0.258834,0.196334
614,2.558333,0.291672,0.326780,0.310342,0.270138,0.298493,0.232406,0.251453,0.178297,0.184682,0.248314,0.056830,0.179931,0.214142,0.258837,0.196334
615,2.562500,0.291672,0.326780,0.310344,0.270139,0.298495,0.232406,0.251456,0.178296,0.184681,0.248317,0.056830,0.179936,0.214141,0.258834,0.196333
616,2.566667,0.291673,0.326778,0.310345,0.270137,0.298494,0.232406,0.251456,0.178295,0.184682,0.248316,0.056831,0.179935,0.214144,0.258836,0.196336
617,2.570833,0.291673,0.326780,0.310345,0.270139,0.298494,0.232407,0.251460,0.178311,0.184687,0.248316,0.056832,0.179938,0.214143,0.258835,0.196334
618,2.575000,0.291675,0.326778,0.310344,0.270139,0.298494,0.232405,0.251459,0.178273,0.184679,0.248316,0.056829,0.179937,0.214146,0.258835,0.196334
619,2.579167,0.291674,0.326775,0.310345,0.270142,0.298494,0.232406,0.251457,0.178268,0.184677,0.248315,0.056830,0.179936,0.214147,0.258834,0.196335
620,2.583333,0.291675,0.326776,0.310345,0.270140,0.298495,0.232405,0.251461,0.178311,0.184688,0.248318,0.056829,0.179938,0.214145,0.258835,0.196333
621,2.587500,0.291675,0.326779,0.310344,0.270141,0.298494,0.232406,0.251458,0.178295,0.184682,0.248317,0.056828,0.179934,0.214145,0.258834,0.196330
622,2.591667,0.291674,0.326780,0.310344,0.270140,0.298495,0.232404,0.251458,0.178295,0.184680,0.248318,0.056828,0.179936,0.214147,0.258833,0.196329
623,2.595833,0.291670,0.326776,0.310345,0.270137,0.298499,0.232401,0.251459,0.178292,0.184684,0.248315,0.056824,0.179940,0.214146,0.258833,0.196333
624,2.600000,0.291676,0.326785,0.310342,0.270141,0.298493,0.232402,0.251462,0.178269,0.184677,0.248322,0.056831,0.179928,0.214149,0.258835,0.196325
625,2.604167,0.291680,0.326793,0.310338,0.270141,0.298493,0.232402,0.251464,0.178272,0.184673,0.248325,0.056830,0.179929,0.214152,0.258838,0.196324
626,2.608333,0.291669,0.326778,0.310345,0.270138,0.298493,0.232402,0.251452,0.178257,0.184689,0.248308,0.056816,0.179950,0.214142,0.258828,0.196333
627,2.612500,0.291665,0.326784,0.310341,0.270138,0.298491,0.232402,0.251449,0.178282,0.184693,0.248305,0.056817,0.179950,0.214141,0.258828,0.196334
628,2.616667,0.291678,0.326803,0.310335,0.270140,0.298489,0.232401,0.251460,0.178295,0.184673,0.248322,0.056828,0.179926,0.214149,0.258833,0.196323
629,2.620833,0.291674,0.326796,0.310337,0.270142,0.298493,0.232399,0.251460,0.178289,0.184680,0.248316,0.056823,0.179940,0.214146,0.258831,0.196329
630,2.625000,0.291666,0.326790,0.310339,0.270138,0.298497,0.232400,0.251453,0.178288,0.184692,0.248310,0.056829,0.179950,0.214144,0.258833,0.196336
631,2.629167,0.291668,0.326799,0.310334,0.270143,0.298500,0.232399,0.251463,0.178274,0.184677,0.248320,0.056836,0.179937,0.214150,0.258837,0.196333
632,2.633333,0.291673,0.326807,0.310332,0.270145,0.298502,0.232396,0.251466,0.178276,0.184676,0.248328,0.056839,0.179929,0.214152,0.258842,0.196327
633,2.637500,0.291672,0.326808,0.310333,0.270140,0.298505,0.232397,0.251460,0.178275,0.184681,0.248320,0.056837,0.179939,0.214146,0.258841,0.196329
634,2.641667,0.291667,0.326802,0.310333,0.270135,0.298506,0.232398,0.251454,0.178287,0.184696,0.248312,0.056827,0.179952,0.214145,0.258836,0.196336
635,2.645833,0.291670,0.326807,0.310333,0.270142,0.298497,0.232398,0.251461,0.178291,0.184683,0.248320,0.056824,0.179941,0.214148,0.258832,0.196333
636,2.650000,0.291674,0.326815,0.310332,0.270137,0.298496,0.232394,0.251459,0.178269,0.184678,0.248315,0.056824,0.179938,0.214147,0.258832,0.196328
637,2.654167,0.291671,0.326811,0.310332,0.270137,0.298496,0.232400,0.251454,0.178258,0.184693,0.248310,0.056819,0.179952,0.214146,0.258829,0.196337
638,2.658333,0.291670,0.326809,0.310331,0.270139,0.298496,0.232395,0.251458,0.178280,0.184692,0.248315,0.056815,0.179947,0.214149,0.258827,0.196332
639,2.662500,0.291676,0.326819,0.310325,0.270134,0.298503,0.232392,0.251459,0.178292,0.184680,0.248318,0.056824,0.179934,0.214146,0.258830,0.196325
640,2.666667,0.291680,0.326822,0.310327,0.270137,0.298498,0.232399,0.251459,0.178292,0.184686,0.248316,0.056825,0.179941,0.214145,0.258832,0.196332
641,2.670833,0.291676,0.326816,0.310329,0.270138,0.298499,0.232399,0.251459,0.178291,0.184688,0.248317,0.056826,0.179943,0.214145,0.258830,0.196334
642,2.675000,0.291675,0.326820,0.310326,0.270138,0.298501,0.232393,0.251463,0.178294,0.184680,0.248321,0.056827,0.179930,0.214150,0.258832,0.196328
643,2.679167,0.291678,0.326825,0.310325,0.270138,0.298501,0.232396,0.251463,0.178294,0.184682,0.248322,0.056831,0.179933,0.214150,0.258835,0.196330
644,2.683333,0.291677,0.326821,0.310326,0.270142,0.298502,0.232399,0.251465,0.178269,0.184684,0.248322,0.056827,0.179941,0.214150,0.258835,0.196335
645,2.687500,0.291676,0.326816,0.310326,0.270145,0.298501,0.232397,0.251460,0.178286,0.184692,0.248324,0.056826,0.179937,0.214153,0.258832,0.196333
646,2.691667,0.291678,0.326817,0.310328,0.270139,0.298505,0.232395,0.251465,0.178306,0.184692,0.248320,0.056824,0.179935,0.214148,0.258831,0.196332
647,2.695833,0.291675,0.326819,0.310329,0.270137,0.298499,0.232402,0.251462,0.178308,0.184693,0.248316,0.056825,0.179943,0.214146,0.258834,0.196337
648,2.700000,0.291676,0.326817,0.310330,0.270135,0.298506,0.232398,0.251454,0.178295,0.184687,0.248311,0.056827,0.179942,0.214141,0.258835,0.196336
649,2.704167,0.291677,0.326816,0.310330,0.270134,0.298505,0.232398,0.251455,0.178291,0.184684,0.248312,0.056824,0.179943,0.214139,0.258832,0.196336
650,2.708333,0.291681,0.326816,0.310329,0.270136,0.298496,0.232399,0.251456,0.178293,0.184684,0.248315,0.056823,0.179939,0.214142,0.258832,0.196337
651,2.712500,0.291681,0.326817,0.310329,0.270138,0.298498,0.232399,0.251456,0.178273,0.184681,0.248318,0.056829,0.179938,0.214143,0.258834,0.196334
652,2.716667,0.291679,0.326812,0.310332,0.270138,0.298506,0.232402,0.251460,0.178299,0.184684,0.248320,0.056832,0.179939,0.214145,0.258837,0.196339
653,2.720833,0.291681,0.326808,0.310332,0.270141,0.298498,0.232405,0.251460,0.178273,0.184681,0.248318,0.056833,0.179938,0.214143,0.258837,0.196336
654,2.725000,0.291683,0.326805,0.310330,0.270143,0.298499,0.232403,0.251462,0.178273,0.184681,0.248320,0.056832,0.179936,0.214146,0.258836,0.196335
655,2.729167,0.291684,0.326802,0.310332,0.270143,0.298497,0.232405,0.251462,0.178295,0.184684,0.248321,0.056828,0.179936,0.214145,0.258833,0.196340
656,2.733333,0.291681,0.326797,0.310335,0.270140,0.298495,0.232406,0.251458,0.178292,0.184686,0.248318,0.056828,0.179941,0.214143,0.258830,0.196344
657,2.737500,0.291682,0.326795,0.310337,0.270139,0.298496,0.232408,0.251454,0.178295,0.184686,0.248316,0.056831,0.179937,0.214143,0.258832,0.196342
658,2.741667,0.291686,0.326794,0.310337,0.270139,0.298498,0.232405,0.251457,0.178314,0.184688,0.248315,0.056830,0.179933,0.214143,0.258835,0.196337
659,2.745833,0.291687,0.326792,0.310338,0.270137,0.298495,0.232405,0.251459,0.178294,0.184683,0.248320,0.056827,0.179928,0.214144,0.258834,0.196333
660,2.750000,0.291686,0.326788,0.310339,0.270136,0.298496,0.232405,0.251455,0.178297,0.184680,0.248315,0.056826,0.179930,0.214141,0.258833,0.196337
661,2.754167,0.291687,0.326786,0.310338,0.270136,0.298493,0.232406,0.251455,0.178270,0.184676,0.248315,0.056826,0.179930,0.214138,0.258830,0.196334
662,2.758333,0.291690,0.326782,0.310339,0.270136,0.298492,0.232405,0.251455,0.178292,0.184680,0.248317,0.056825,0.179928,0.214139,0.258830,0.196334
663,2.762500,0.291688,0.326780,0.310338,0.270133,0.298494,0.232407,0.251456,0.178310,0.184687,0.248314,0.056829,0.179933,0.214136,0.258832,0.196337
664,2.766667,0.291690,0.326778,0.310338,0.270132,0.298493,0.232407,0.251452,0.178269,0.184680,0.248313,0.056827,0.179933,0.214136,0.258833,0.196339
665,2.770833,0.291691,0.326778,0.310338,0.270137,0.298492,0.232409,0.251456,0.178270,0.184672,0.248318,0.056825,0.179924,0.214137,0.258832,0.196336
666,2.775000,0.291690,0.326776,0.310339,0.270137,0.298491,0.232407,0.251455,0.178298,0.184678,0.248319,0.056829,0.179927,0.214138,0.258834,0.196333
667,2.779167,0.291685,0.326772,0.310342,0.270134,0.298495,0.232409,0.251454,0.178276,0.184678,0.248315,0.056832,0.179931,0.214136,0.258838,0.196334
668,2.783333,0.291681,0.326775,0.310341,0.270130,0.298501,0.232406,0.251458,0.178318,0.184684,0.248317,0.056833,0.179931,0.214134,0.258840,0.196337
669,2.787500,0.291682,0.326775,0.310340,0.270133,0.298495,0.232405,0.251451,0.178311,0.184678,0.248317,0.056832,0.179926,0.214133,0.258837,0.196334
670,2.791667,0.291681,0.326772,0.310341,0.270127,0.298501,0.232401,0.251449,0.178274,0.184678,0.248313,0.056833,0.179936,0.214132,0.258837,0.196334
671,2.795833,0.291680,0.326772,0.310340,0.270129,0.298496,0.232404,0.251449,0.178308,0.184679,0.248311,0.056831,0.179935,0.214129,0.258833,0.196335
672,2.800000,0.291677,0.326777,0.310339,0.270124,0.298497,0.232402,0.251450,0.178274,0.184678,0.248311,0.056831,0.179938,0.214131,0.258834,0.196337
673,2.804167,0.291677,0.326780,0.310334,0.270123,0.298504,0.232399,0.251448,0.178312,0.184675,0.248315,0.056835,0.179935,0.214128,0.258833,0.196335
674,2.808333,0.291678,0.326780,0.310334,0.270122,0.298502,0.232397,0.251452,0.178272,0.184677,0.248316,0.056832,0.179934,0.214128,0.258832,0.196332
675,2.812500,0.291676,0.326780,0.310333,0.270123,0.298501,0.232398,0.251453,0.178271,0.184675,0.248318,0.056829,0.179935,0.214129,0.258829,0.196331
676,2.816667,0.291675,0.326783,0.310331,0.270122,0.298497,0.232398,0.251453,0.178274,0.184673,0.248316,0.056828,0.179935,0.214129,0.258831,0.196327
677,2.820833,0.291673,0.326787,0.310330,0.270121,0.298505,0.232396,0.251453,0.178275,0.184674,0.248320,0.056829,0.179929,0.214132,0.258833,0.196324
678,2.825000,0.291672,0.326790,0.310327,0.270119,0.298505,0.232395,0.251457,0.178313,0.184686,0.248318,0.056829,0.179935,0.214132,0.258835,0.196325
679,2.829167,0.291669,0.326795,0.310325,0.270119,0.298509,0.232392,0.251455,0.178272,0.184675,0.248318,0.056830,0.179931,0.214132,0.258834,0.196323
680,2.833333,0.291667,0.326798,0.310323,0.270118,0.298509,0.232389,0.251455,0.178298,0.184676,0.248320,0.056827,0.179930,0.214133,0.258830,0.196323
681,2.837500,0.291665,0.326803,0.310322,0.270116,0.298510,0.232388,0.251455,0.178307,0.184678,0.248321,0.056827,0.179934,0.214134,0.258827,0.196321
682,2.841667,0.291663,0.326808,0.310320,0.270116,0.298510,0.232388,0.251455,0.178294,0.184677,0.248320,0.056826,0.179931,0.214133,0.258825,0.196317
683,2.845833,0.291663,0.326814,0.310318,0.270112,0.298516,0.232386,0.251453,0.178307,0.184677,0.248317,0.056825,0.179933,0.214132,0.258828,0.196320
684,2.850000,0.291661,0.326817,0.310317,0.270114,0.298509,0.232388,0.251454,0.178268,0.184678,0.248316,0.056821,0.179934,0.214131,0.258827,0.196318
685,2.854167,0.291659,0.326818,0.310317,0.270113,0.298510,0.232386,0.251455,0.178270,0.184676,0.248316,0.056822,0.179937,0.214131,0.258829,0.196318
686,2.858333,0.291656,0.326822,0.310317,0.270112,0.298516,0.232385,0.251460,0.178269,0.184676,0.248317,0.056825,0.179935,0.214132,0.258830,0.196316
687,2.862500,0.291652,0.326827,0.310316,0.270115,0.298515,0.232389,0.251458,0.178296,0.184679,0.248321,0.056826,0.179937,0.214134,0.258830,0.196317
688,2.866667,0.291649,0.326831,0.310316,0.270113,0.298521,0.232387,0.251455,0.178290,0.184686,0.248322,0.056829,0.179934,0.214136,0.258833,0.196319
689,2.870833,0.291645,0.326834,0.310315,0.270116,0.298517,0.232383,0.251461,0.178272,0.184677,0.248322,0.056832,0.179941,0.214136,0.258834,0.196318
690,2.875000,0.291641,0.326839,0.310314,0.270118,0.298518,0.232386,0.251458,0.178273,0.184680,0.248320,0.056832,0.179942,0.214137,0.258835,0.196320
691,2.879167,0.291637,0.326843,0.310316,0.270118,0.298520,0.232386,0.251456,0.178311,0.184683,0.248316,0.056832,0.179942,0.214138,0.258839,0.196322
692,2.883333,0.291638,0.326847,0.310318,0.270115,0.298524,0.232387,0.251461,0.178317,0.184690,0.248317,0.056833,0.179943,0.214139,0.258839,0.196319
693,2.887500,0.291634,0.326846,0.310319,0.270117,0.298524,0.232387,0.251458,0.178274,0.184680,0.248320,0.056829,0.179942,0.214141,0.258837,0.196318
694,2.891667,0.291632,0.326844,0.310320,0.270119,0.298518,0.232388,0.251459,0.178296,0.184684,0.248317,0.056830,0.179945,0.214139,0.258837,0.196318
695,2.895833,0.291632,0.326847,0.310318,0.270120,0.298515,0.232387,0.251462,0.178311,0.184688,0.248316,0.056829,0.179941,0.214140,0.258834,0.196319
696,2.900000,0.291632,0.326847,0.310320,0.270123,0.298507,0.232389,0.251459,0.178294,0.184680,0.248316,0.056826,0.179940,0.214141,0.258833,0.196319
697,2.904167,0.291632,0.326846,0.310321,0.270121,0.298511,0.232388,0.251461,0.178310,0.184689,0.248317,0.056826,0.179937,0.214141,0.258833,0.196316
698,2.908333,0.291632,0.326849,0.310322,0.270122,0.298512,0.232390,0.251459,0.178295,0.184681,0.248314,0.056827,0.179936,0.214141,0.258833,0.196317
699,2.912500,0.291631,0.326847,0.310326,0.270123,0.298513,0.232390,0.251457,0.178294,0.184682,0.248314,0.056825,0.179935,0.214142,0.258834,0.196313
700,2.916667,0.291630,0.326847,0.310325,0.270125,0.298513,0.232390,0.251462,0.178292,0.184680,0.248315,0.056826,0.179936,0.214146,0.258835,0.196314
701,2.920833,0.291626,0.326845,0.310328,0.270130,0.298512,0.232393,0.251464,0.178292,0.184682,0.248321,0.056827,0.179935,0.214152,0.258834,0.196312
702,2.925000,0.291626,0.326843,0.310329,0.270131,0.298512,0.232394,0.251458,0.178286,0.184689,0.248319,0.056826,0.179934,0.214153,0.258834,0.196314
703,2.929167,0.291625,0.326835,0.310333,0.270134,0.298511,0.232395,0.251461,0.178293,0.184683,0.248316,0.056827,0.179939,0.214151,0.258835,0.196316
704,2.933333,0.291630,0.326834,0.310333,0.270133,0.298510,0.232395,0.251462,0.178293,0.184679,0.248317,0.056826,0.179937,0.214153,0.258836,0.196316
705,2.937500,0.291631,0.326831,0.310336,0.270136,0.298502,0.232398,0.251460,0.178290,0.184687,0.248317,0.056823,0.179938,0.214151,0.258833,0.196313
706,2.941667,0.291631,0.326825,0.310339,0.270134,0.298499,0.232400,0.251454,0.178285,0.184690,0.248313,0.056822,0.179935,0.214149,0.258832,0.196314
707,2.945833,0.291632,0.326820,0.310341,0.270134,0.298497,0.232402,0.251456,0.178292,0.184682,0.248313,0.056823,0.179934,0.214149,0.258832,0.196318
708,2.950000,0.291632,0.326814,0.310344,0.270134,0.298492,0.232405,0.251456,0.178289,0.184685,0.248310,0.056821,0.179941,0.214147,0.258830,0.196317
709,2.954167,0.291633,0.326808,0.310346,0.270136,0.298492,0.232404,0.251455,0.178283,0.184687,0.248314,0.056819,0.179937,0.214151,0.258832,0.196317
710,2.958333,0.291636,0.326804,0.310348,0.270136,0.298493,0.232406,0.251456,0.178302,0.184695,0.248312,0.056824,0.179938,0.214150,0.258835,0.196319
711,2.962500,0.291633,0.326798,0.310351,0.270137,0.298496,0.232408,0.251459,0.178292,0.184685,0.248309,0.056824,0.179944,0.214149,0.258836,0.196326
712,2.966667,0.291634,0.326790,0.310354,0.270137,0.298496,0.232409,0.251453,0.178286,0.184693,0.248309,0.056829,0.179943,0.214150,0.258836,0.196327
713,2.970833,0.291636,0.326788,0.310355,0.270140,0.298498,0.232410,0.251457,0.178294,0.184685,0.248312,0.056830,0.179938,0.214150,0.258838,0.196323
714,2.975000,0.291636,0.326781,0.310359,0.270137,0.298503,0.232412,0.251456,0.178296,0.184686,0.248312,0.056831,0.179941,0.214146,0.258837,0.196331
715,2.979167,0.291636,0.326774,0.310359,0.270135,0.298502,0.232411,0.251458,0.178313,0.184693,0.248311,0.056831,0.179944,0.214145,0.258841,0.196330
716,2.983333,0.291642,0.326774,0.310360,0.270139,0.298495,0.232412,0.251452,0.178267,0.184687,0.248310,0.056832,0.179937,0.214145,0.258844,0.196330
717,2.987500,0.291647,0.326772,0.310361,0.270134,0.298502,0.232413,0.251454,0.178310,0.184696,0.248311,0.056833,0.179935,0.214142,0.258842,0.196329
718,2.991667,0.291649,0.326771,0.310362,0.270135,0.298494,0.232415,0.251453,0.178273,0.184683,0.248311,0.056829,0.179937,0.214143,0.258839,0.196331
719,2.995833,0.291651,0.326767,0.310362,0.270136,0.298490,0.232414,0.251451,0.178265,0.184685,0.248311,0.056825,0.179930,0.214143,0.258832,0.196326
720,3.000000,0.291654,0.326765,0.310361,0.270134,0.298488,0.232412,0.251453,0.178292,0.184683,0.248312,0.056824,0.179934,0.214141,0.258830,0.196329
721,3.004167,0.291657,0.326766,0.310361,0.270133,0.298487,0.232416,0.251451,0.178289,0.184684,0.248313,0.056821,0.179933,0.214138,0.258829,0.196332
722,3.008333,0.291661,0.326765,0.310360,0.270132,0.298489,0.232412,0.251449,0.178287,0.184687,0.248310,0.056822,0.179933,0.214137,0.258828,0.196330
723,3.012500,0.291663,0.326766,0.310358,0.270131,0.298496,0.232413,0.251452,0.178301,0.184682,0.248312,0.056823,0.179935,0.214138,0.258830,0.196334
724,3.016667,0.291665,0.326767,0.310357,0.270129,0.298498,0.232412,0.251455,0.178308,0.184694,0.248313,0.056822,0.179938,0.214136,0.258833,0.196337
725,3.020833,0.291667,0.326768,0.310356,0.270128,0.298498,0.232412,0.251454,0.178298,0.184686,0.248314,0.056828,0.179936,0.214136,0.258832,0.196340
726,3.025000,0.291669,0.326772,0.310351,0.270132,0.298501,0.232411,0.251454,0.178299,0.184683,0.248320,0.056832,0.179930,0.214138,0.258835,0.196338
727,3.029167,0.291670,0.326775,0.310348,0.270131,0.298497,0.232414,0.251459,0.178316,0.184688,0.248321,0.056835,0.179930,0.214136,0.258836,0.196337
728,3.033333,0.291673,0.326777,0.310344,0.270129,0.298499,0.232414,0.251457,0.178319,0.184691,0.248320,0.056838,0.179931,0.214136,0.258840,0.196342
729,3.037500,0.291677,0.326782,0.310342,0.270127,0.298504,0.232412,0.251451,0.178296,0.184690,0.248323,0.056835,0.179930,0.214134,0.258837,0.196342
730,3.041667,0.291678,0.326787,0.310341,0.270126,0.298498,0.232413,0.251453,0.178300,0.184683,0.248321,0.056828,0.179934,0.214131,0.258834,0.196340
731,3.045833,0.291679,0.326787,0.310340,0.270119,0.298503,0.232411,0.251455,0.178314,0.184690,0.248315,0.056828,0.179938,0.214130,0.258832,0.196340
732,3.050000,0.291681,0.326791,0.310337,0.270119,0.298502,0.232411,0.251456,0.178311,0.184690,0.248317,0.056826,0.179934,0.214131,0.258829,0.196339
733,3.054167,0.291681,0.326791,0.310338,0.270118,0.298501,0.232410,0.251453,0.178295,0.184682,0.248319,0.056824,0.179930,0.214129,0.258826,0.196341
734,3.058333,0.291683,0.326794,0.310336,0.270120,0.298496,0.232408,0.251452,0.178295,0.184682,0.248320,0.056825,0.179929,0.214130,0.258826,0.196340
735,3.062500,0.291685,0.326797,0.310336,0.270113,0.298509,0.232408,0.251453,0.178295,0.184685,0.248319,0.056825,0.179932,0.214129,0.258824,0.196339
736,3.066667,0.291688,0.326804,0.310332,0.270110,0.298511,0.232405,0.251456,0.178315,0.184690,0.248323,0.056828,0.179926,0.214128,0.258828,0.196338
737,3.070833,0.291687,0.326808,0.310330,0.270115,0.298509,0.232405,0.251454,0.178299,0.184681,0.248322,0.056830,0.179927,0.214129,0.258832,0.196341
738,3.075000,0.291684,0.326805,0.310329,0.270117,0.298504,0.232407,0.251458,0.178313,0.184694,0.248318,0.056828,0.179932,0.214125,0.258829,0.196342
739,3.079167,0.291678,0.326806,0.310328,0.270113,0.298515,0.232403,0.251451,0.178268,0.184692,0.248319,0.056829,0.179931,0.214125,0.258828,0.196342
740,3.083333,0.291678,0.326812,0.310325,0.270112,0.298517,0.232403,0.251454,0.178311,0.184684,0.248322,0.056832,0.179928,0.214127,0.258831,0.196342
741,3.087500,0.291680,0.326813,0.310325,0.270111,0.298516,0.232404,0.251459,0.178298,0.184686,0.248325,0.056834,0.179931,0.214128,0.258831,0.196345
742,3.091667,0.291678,0.326814,0.310323,0.270115,0.298514,0.232401,0.251459,0.178299,0.184686,0.248324,0.056836,0.179931,0.214130,0.258833,0.196347
743,3.095833,0.291676,0.326814,0.310324,0.270112,0.298519,0.232399,0.251455,0.178299,0.184687,0.248319,0.056834,0.179936,0.214128,0.258831,0.196344
744,3.100000,0.291675,0.326819,0.310326,0.270111,0.298520,0.232401,0.251455,0.178303,0.184688,0.248324,0.056833,0.179936,0.214126,0.258834,0.196344
745,3.104167,0.291672,0.326822,0.310327,0.270108,0.298518,0.232401,0.251455,0.178313,0.184694,0.248319,0.056830,0.179939,0.214125,0.258832,0.196343
746,3.108333,0.291672,0.326820,0.310328,0.270110,0.298515,0.232400,0.251455,0.178310,0.184696,0.248319,0.056822,0.179942,0.214127,0.258824,0.196341
747,3.112500,0.291672,0.326820,0.310326,0.270113,0.298511,0.232397,0.251451,0.178264,0.184694,0.248318,0.056825,0.179941,0.214128,0.258827,0.196340
748,3.116667,0.291668,0.326822,0.310324,0.270116,0.298511,0.232401,0.251453,0.178298,0.184690,0.248316,0.056831,0.179945,0.214128,0.258832,0.196340
749,3.120833,0.291666,0.326824,0.310327,0.270113,0.298518,0.232402,0.251455,0.178300,0.184692,0.248319,0.056836,0.179944,0.214131,0.258836,0.196342
750,3.125000,0.291664,0.326826,0.310327,0.270118,0.298514,0.232403,0.251461,0.178316,0.184692,0.248323,0.056836,0.179939,0.214135,0.258837,0.196339
751,3.129167,0.291663,0.326825,0.310326,0.270122,0.298513,0.232404,0.251458,0.178299,0.184689,0.248323,0.056833,0.179940,0.214138,0.258834,0.196339
752,3.133333,0.291661,0.326824,0.310326,0.270121,0.298513,0.232402,0.251459,0.178273,0.184687,0.248319,0.056838,0.179943,0.214135,0.258837,0.196337
753,3.137500,0.291659,0.326824,0.310328,0.270122,0.298511,0.232400,0.251457,0.178299,0.184687,0.248320,0.056836,0.179939,0.214136,0.258837,0.196336
754,3.141667,0.291656,0.326824,0.310332,0.270122,0.298510,0.232400,0.251456,0.178300,0.184687,0.248319,0.056833,0.179941,0.214137,0.258836,0.196335
755,3.145833,0.291653,0.326822,0.310335,0.270123,0.298511,0.232402,0.251459,0.178314,0.184693,0.248317,0.056830,0.179938,0.214137,0.258838,0.196336
756,3.150000,0.291651,0.326821,0.310337,0.270124,0.298509,0.232402,0.251454,0.178297,0.184684,0.248318,0.056823,0.179939,0.214140,0.258835,0.196329
757,3.154167,0.291647,0.326816,0.310339,0.270125,0.298507,0.232399,0.251453,0.178303,0.184687,0.248314,0.056825,0.179941,0.214140,0.258829,0.196328
758,3.158333,0.291643,0.326815,0.310341,0.270128,0.298498,0.232402,0.251454,0.178266,0.184685,0.248312,0.056822,0.179940,0.214141,0.258828,0.196330
759,3.162500,0.291643,0.326818,0.310342,0.270127,0.298504,0.232400,0.251459,0.178307,0.184691,0.248316,0.056825,0.179936,0.214141,0.258829,0.196328
760,3.166667,0.291643,0.326818,0.310342,0.270130,0.298499,0.232404,0.251458,0.178293,0.184684,0.248317,0.056826,0.179936,0.214142,0.258832,0.196328
761,3.170833,0.291646,0.326814,0.310343,0.270131,0.298508,0.232403,0.251456,0.178295,0.184686,0.248321,0.056828,0.179938,0.214144,0.258836,0.196331
762,3.175000,0.291645,0.326812,0.310342,0.270135,0.298506,0.232404,0.251460,0.178296,0.184685,0.248320,0.056833,0.179935,0.214146,0.258840,0.196329
763,3.179167,0.291642,0.326810,0.310343,0.270138,0.298500,0.232406,0.251461,0.178298,0.184685,0.248321,0.056836,0.179936,0.214150,0.258840,0.196330
764,3.183333,0.291637,0.326808,0.310347,0.270136,0.298505,0.232407,0.251461,0.178300,0.184687,0.248319,0.056837,0.179940,0.214152,0.258841,0.196332
765,3.187500,0.291637,0.326803,0.310347,0.270137,0.298497,0.232409,0.251460,0.178272,0.184684,0.248318,0.056836,0.179941,0.214149,0.258840,0.196333
766,3.191667,0.291637,0.326800,0.310350,0.270139,0.298497,0.232409,0.251457,0.178297,0.184686,0.248315,0.056838,0.179944,0.214149,0.258841,0.196332
767,3.195833,0.291640,0.326800,0.310349,0.270135,0.298498,0.232410,0.251455,0.178298,0.184687,0.248312,0.056835,0.179944,0.214145,0.258850,0.196326
768,3.200000,0.291638,0.326801,0.310351,0.270134,0.298499,0.232407,0.251450,0.178290,0.184692,0.248312,0.056834,0.179943,0.214145,0.258839,0.196329
769,3.204167,0.291637,0.326800,0.310352,0.270131,0.298499,0.232409,0.251456,0.178314,0.184692,0.248313,0.056834,0.179941,0.214146,0.258841,0.196331
770,3.208333,0.291638,0.326796,0.310352,0.270134,0.298499,0.232410,0.251455,0.178299,0.184683,0.248315,0.056837,0.179935,0.214146,0.258841,0.196331
771,3.212500,0.291640,0.326795,0.310352,0.270133,0.298506,0.232408,0.251460,0.178316,0.184686,0.248319,0.056839,0.179935,0.214147,0.258843,0.196326
772,3.216667,0.291641,0.326794,0.310352,0.270137,0.298498,0.232410,0.251460,0.178300,0.184678,0.248322,0.056835,0.179932,0.214148,0.258843,0.196325
773,3.220833,0.291641,0.326791,0.310353,0.270137,0.298497,0.232411,0.251460,0.178297,0.184681,0.248322,0.056835,0.179935,0.214148,0.258839,0.196325
774,3.225000,0.291644,0.326791,0.310352,0.270131,0.298503,0.232408,0.251460,0.178272,0.184679,0.248321,0.056833,0.179930,0.214148,0.258840,0.196326
775,3.229167,0.291645,0.326792,0.310351,0.270130,0.298504,0.232411,0.251458,0.178298,0.184683,0.248317,0.056833,0.179933,0.214146,0.258838,0.196330
776,3.233333,0.291643,0.326790,0.310351,0.270133,0.298498,0.232412,0.251454,0.178291,0.184690,0.248314,0.056834,0.179933,0.214144,0.258839,0.196327
777,3.237500,0.291643,0.326791,0.310350,0.270130,0.298504,0.232405,0.251459,0.178297,0.184678,0.248319,0.056833,0.179928,0.214146,0.258837,0.196325
778,3.241667,0.291643,0.326791,0.310349,0.270129,0.298503,0.232408,0.251461,0.178295,0.184681,0.248322,0.056832,0.179929,0.214146,0.258834,0.196324
779,3.245833,0.291641,0.326792,0.310349,0.270129,0.298498,0.232408,0.251460,0.178297,0.184683,0.248320,0.056831,0.179929,0.214145,0.258836,0.196329
780,3.250000,0.291642,0.326795,0.310349,0.270125,0.298505,0.232405,0.251459,0.178299,0.184680,0.248317,0.056830,0.179932,0.214142,0.258836,0.196325
781,3.254167,0.291644,0.326796,0.310346,0.270123,0.298506,0.232404,0.251461,0.178312,0.184685,0.248318,0.056830,0.179932,0.214139,0.258834,0.196325
782,3.258333,0.291648,0.326796,0.310344,0.270124,0.298507,0.232405,0.251459,0.178294,0.184682,0.248318,0.056828,0.179930,0.214140,0.258831,0.196325
783,3.262500,0.291648,0.326796,0.310344,0.270122,0.298506,0.232404,0.251457,0.178294,0.184680,0.248318,0.056831,0.179936,0.214139,0.258831,0.196328
784,3.266667,0.291649,0.326798,0.310341,0.270122,0.298506,0.232405,0.251458,0.178272,0.184680,0.248322,0.056831,0.179933,0.214137,0.258833,0.196331
785,3.270833,0.291651,0.326799,0.310338,0.270122,0.298509,0.232405,0.251460,0.178275,0.184678,0.248322,0.056834,0.179932,0.214138,0.258836,0.196331
786,3.275000,0.291653,0.326801,0.310337,0.270122,0.298509,0.232405,0.251458,0.178300,0.184678,0.248323,0.056838,0.179935,0.214139,0.258839,0.196328
787,3.279167,0.291655,0.326805,0.310334,0.270123,0.298511,0.232404,0.251463,0.178319,0.184686,0.248327,0.056837,0.179934,0.214138,0.258841,0.196330
788,3.283333,0.291650,0.326802,0.310335,0.270122,0.298508,0.232402,0.251454,0.178291,0.184689,0.248322,0.056830,0.179938,0.214138,0.258831,0.196330
789,3.287500,0.291656,0.326814,0.310329,0.270119,0.298508,0.232401,0.251460,0.178301,0.184675,0.248325,0.056838,0.179927,0.214140,0.258836,0.196324
790,3.291667,0.291661,0.326821,0.310323,0.270118,0.298512,0.232402,0.251457,0.178303,0.184679,0.248322,0.056842,0.179925,0.214136,0.258841,0.196324
791,3.295833,0.291654,0.326809,0.310328,0.270115,0.298512,0.232401,0.251451,0.178309,0.184687,0.248311,0.056830,0.179944,0.214131,0.258833,0.196335
792,3.300000,0.291650,0.326808,0.310327,0.270113,0.298516,0.232393,0.251450,0.178263,0.184685,0.248312,0.056824,0.179942,0.214129,0.258828,0.196328
793,3.304167,0.291658,0.326820,0.310320,0.270118,0.298511,0.232388,0.251464,0.178316,0.184673,0.248328,0.056832,0.179914,0.214138,0.258832,0.196315
794,3.308333,0.291660,0.326821,0.310321,0.270115,0.298513,0.232393,0.251458,0.178275,0.184675,0.248323,0.056833,0.179925,0.214132,0.258838,0.196320
795,3.312500,0.291656,0.326813,0.310323,0.270113,0.298515,0.232393,0.251454,0.178273,0.184679,0.248316,0.056830,0.179939,0.214130,0.258832,0.196324
796,3.316667,0.291654,0.326815,0.310318,0.270119,0.298511,0.232383,0.251467,0.178312,0.184670,0.248331,0.056828,0.179917,0.214138,0.258828,0.196309
797,3.320833,0.291657,0.326822,0.310316,0.270119,0.298515,0.232384,0.251465,0.178275,0.184664,0.248332,0.056837,0.179917,0.214139,0.258836,0.196312
798,3.325000,0.291654,0.326821,0.310316,0.270114,0.298520,0.232394,0.251453,0.178280,0.184677,0.248313,0.056838,0.179942,0.214128,0.258842,0.196330
799,3.329167,0.291652,0.326822,0.310313,0.270114,0.298516,0.232386,0.251456,0.178313,0.184683,0.248317,0.056831,0.179933,0.214130,0.258832,0.196321
800,3.333333,0.291654,0.326826,0.310314,0.270120,0.298509,0.232379,0.251463,0.178267,0.184665,0.248329,0.056819,0.179920,0.214137,0.258824,0.196306
801,3.337500,0.291654,0.326825,0.310314,0.270115,0.298515,0.232386,0.251452,0.178271,0.184678,0.248312,0.056825,0.179943,0.214127,0.258833,0.196324
802,3.341667,0.291651,0.326831,0.310312,0.270112,0.298522,0.232387,0.251454,0.178275,0.184677,0.248312,0.056835,0.179947,0.214130,0.258838,0.196320
803,3.345833,0.291649,0.326828,0.310312,0.270124,0.298509,0.232381,0.251460,0.178310,0.184671,0.248323,0.056835,0.179927,0.214138,0.258834,0.196309
804,3.350000,0.291655,0.326827,0.310310,0.270122,0.298516,0.232381,0.251462,0.178298,0.184676,0.248327,0.056832,0.179931,0.214140,0.258836,0.196315
805,3.354167,0.291655,0.326830,0.310308,0.270115,0.298523,0.232385,0.251455,0.178302,0.184681,0.248315,0.056836,0.179947,0.214134,0.258838,0.196321
806,3.358333,0.291653,0.326826,0.310310,0.270121,0.298517,0.232384,0.251457,0.178275,0.184680,0.248318,0.056834,0.179945,0.214138,0.258836,0.196319
807,3.362500,0.291653,0.326826,0.310310,0.270121,0.298518,0.232379,0.251461,0.178298,0.184676,0.248318,0.056833,0.179938,0.214137,0.258836,0.196315
808,3.366667,0.291656,0.326830,0.310308,0.270119,0.298520,0.232378,0.251459,0.178274,0.184675,0.248320,0.056834,0.179933,0.214137,0.258841,0.196315
809,3.370833,0.291654,0.326827,0.310310,0.270125,0.298518,0.232377,0.251463,0.178293,0.184679,0.248327,0.056827,0.179939,0.214145,0.258833,0.196317
810,3.375000,0.291652,0.326824,0.310313,0.270129,0.298515,0.232377,0.251465,0.178305,0.184686,0.248324,0.056818,0.179937,0.214144,0.258829,0.196311
811,3.379167,0.291652,0.326828,0.310312,0.270126,0.298516,0.232376,0.251456,0.178306,0.184676,0.248316,0.056825,0.179937,0.214141,0.258830,0.196311
812,3.383333,0.291652,0.326832,0.310311,0.270126,0.298514,0.232381,0.251460,0.178310,0.184691,0.248312,0.056827,0.179946,0.214142,0.258837,0.196320
813,3.387500,0.291651,0.326832,0.310313,0.270126,0.298516,0.232379,0.251455,0.178295,0.184683,0.248315,0.056822,0.179943,0.214140,0.258835,0.196317
814,3.391667,0.291654,0.326835,0.310313,0.270125,0.298515,0.232377,0.251453,0.178304,0.184680,0.248309,0.056825,0.179940,0.214138,0.258834,0.196314
815,3.395833,0.291654,0.326834,0.310311,0.270129,0.298513,0.232380,0.251456,0.178268,0.184681,0.248312,0.056826,0.179946,0.214141,0.258835,0.196318
816,3.400000,0.291656,0.326833,0.310311,0.270134,0.298506,0.232382,0.251457,0.178305,0.184695,0.248315,0.056832,0.179939,0.214142,0.258837,0.196317
817,3.404167,0.291653,0.326837,0.310313,0.270134,0.298508,0.232382,0.251457,0.178277,0.184678,0.248316,0.056836,0.179936,0.214143,0.258842,0.196319
818,3.408333,0.291651,0.326838,0.310314,0.270134,0.298512,0.232382,0.251458,0.178298,0.184684,0.248315,0.056835,0.179945,0.214146,0.258842,0.196326
819,3.412500,0.291651,0.326835,0.310313,0.270138,0.298504,0.232391,0.251456,0.178296,0.184684,0.248313,0.056830,0.179948,0.214142,0.258839,0.196325
820,3.416667,0.291654,0.326831,0.310318,0.270137,0.298509,0.232384,0.251460,0.178310,0.184688,0.248312,0.056826,0.179940,0.214144,0.258837,0.196319
821,3.420833,0.291654,0.326833,0.310319,0.270140,0.298503,0.232391,0.251456,0.178294,0.184686,0.248312,0.056826,0.179949,0.214144,0.258839,0.196329
822,3.425000,0.291652,0.326836,0.310318,0.270134,0.298512,0.232385,0.251449,0.178310,0.184685,0.248309,0.056830,0.179948,0.214140,0.258841,0.196327
823,3.429167,0.291657,0.326836,0.310318,0.270135,0.298514,0.232382,0.251455,0.178274,0.184673,0.248313,0.056832,0.179938,0.214143,0.258841,0.196320
824,3.433333,0.291661,0.326833,0.310318,0.270138,0.298511,0.232383,0.251453,0.178295,0.184682,0.248315,0.056832,0.179937,0.214143,0.258841,0.196324
825,3.437500,0.291662,0.326830,0.310316,0.270139,0.298506,0.232388,0.251456,0.178315,0.184691,0.248311,0.056834,0.179941,0.214142,0.258841,0.196329
826,3.441667,0.291665,0.326832,0.310316,0.270138,0.298503,0.232390,0.251453,0.178275,0.184681,0.248309,0.056832,0.179942,0.214142,0.258839,0.196328
827,3.445833,0.291672,0.326829,0.310315,0.270139,0.298502,0.232390,0.251456,0.178274,0.184677,0.248313,0.056830,0.179933,0.214142,0.258838,0.196326
828,3.450000,0.291677,0.326825,0.310312,0.270137,0.298507,0.232391,0.251453,0.178298,0.184682,0.248308,0.056832,0.179938,0.214140,0.258843,0.196328
829,3.454167,0.291677,0.326824,0.310313,0.270139,0.298503,0.232391,0.251459,0.178312,0.184690,0.248310,0.056832,0.179934,0.214141,0.258839,0.196328
830,3.458333,0.291681,0.326822,0.310311,0.270141,0.298501,0.232389,0.251457,0.178305,0.184677,0.248318,0.056827,0.179928,0.214145,0.258833,0.196322
831,3.462500,0.291683,0.326822,0.310310,0.270140,0.298501,0.232390,0.251463,0.178311,0.184686,0.248320,0.056831,0.179923,0.214145,0.258832,0.196324
832,3.466667,0.291688,0.326819,0.310312,0.270142,0.298503,0.232392,0.251460,0.178296,0.184679,0.248318,0.056833,0.179925,0.214145,0.258835,0.196327
833,3.470833,0.291690,0.326819,0.310312,0.270140,0.298501,0.232392,0.251461,0.178311,0.184688,0.248321,0.056829,0.179925,0.214144,0.258833,0.196323
