wall_time,episode_reward_mean
46.3684039116,-52.2036663566
51.9295704365,-52.3712149361
57.2982633114,-16.5834576124
62.6044299603,-44.0166276774
67.9141495228,-50.4139578583
73.219455719,-39.8826990614
78.6122469902,-60.4061232999
83.8911683559,-33.8137062122
89.2373869419,-57.0869402148
94.5216081142,-18.6483083063
99.8887350559,2.12098134857
105.205463648,-35.1443217842
110.584935665,-54.4753935958
115.878305912,-54.4713872928
121.209722281,-35.4947983206
126.620019197,-53.3066162536
131.905298471,-72.0641486023
137.236384153,-71.3622028802
142.549971104,-42.2894733874
147.929121494,-42.8804486746
153.187750578,-57.5943143884
158.542067528,-21.1479546689
163.82148385,-50.0792486038
169.194116592,-48.8376483437
174.509026289,-68.0112457852
179.899912834,-45.4937119582
185.205129147,-36.3374929144
190.574257851,-61.3222347369
195.872020006,-66.0910497999
201.195796251,-50.8189796059
206.55745697,-35.8706545303
211.841282129,-34.9152441105
217.191710234,-44.7760264163
222.525186777,-49.5375759249
227.883211374,-48.0146710675
233.216670513,-54.1976417215
238.624800205,-49.2476008214
243.932648182,-35.1378992142
249.287517309,-26.2424729895
254.55950737,-61.9288627614
259.900555372,-51.4783949777
265.216308355,-47.7477419998
270.580476761,-60.153938217
275.901378632,-58.409039712
281.219368458,-40.1423190617
286.616564274,-51.121034223
291.952451468,-47.0837924742
297.311659098,-39.3014982023
302.687206984,-36.076676185
308.019206762,-63.8604574601
313.330272675,-55.790883916
318.650332689,-48.4015652826
323.954523802,-41.8319573872
329.339980841,-38.1011562345
334.63351965,-29.8540625336
339.948572159,-39.8524243689
345.240262747,-37.9452024205
350.56879282,-37.9505208989
355.879049778,-58.4905756145
361.23791194,-41.4084636972
371.867052317,-29.7568266465
377.208619118,-44.5446239591
382.496081352,-39.7081904642
387.824523449,-44.2636360777
393.089500666,-55.5006714425
398.513902426,-49.1241313981
403.798412561,-33.2212430957
409.134682655,-3.66781827554
414.43270421,-42.0768203003
419.842437744,-52.7057968916
425.156019688,-21.3205838102
430.512484074,-35.0905937325
435.826772451,-64.057627735
441.187843561,-39.5762018923
446.565145016,-59.7141406474
451.833217144,-57.9025637422
457.185752392,-50.2406342335
462.506995916,-71.4014544914
467.865143299,-55.2262167858
473.169236183,-61.8293402899
478.516050339,-39.7981850856
483.82889843,-15.112668791
489.18325448,-53.8261453807
494.500254393,-64.5862938372
499.855273962,-41.8427331254
505.178483963,-36.2732546564
510.520397425,-62.8069819159
515.835766792,-30.5822224592
521.162189245,-62.0005747718
526.52311492,-58.0891883435
531.842382193,-58.1932326498
537.234520435,-52.8391988301
542.549300194,-49.9588569616
547.927195311,-37.3337962141
553.201921701,-15.5216512848
558.610809326,-58.9183396178
563.905577183,-41.3608426059
569.26193881,-56.4865957193
574.555297613,-39.3389181246
579.971188307,-48.1174291291
585.304305553,-39.3010660714
590.648348331,-43.0462528458
595.985164165,-54.1288593383
601.387588501,-46.5727309591
606.746993542,-30.3639089611
612.084846973,-56.261972042
617.421125412,-45.5948694595
622.747913361,-38.4159700833
628.150535345,-69.1027721376
633.480265856,-57.2420581683
638.875586033,-34.4247505389
644.156373739,-12.2796046308
649.530272961,-19.7947567389
654.854402542,-59.5082175085
660.204752207,-15.6582842635
665.519154072,-46.6756115262
670.881340265,-48.2190737371
676.191411972,-53.4625835569
681.539129496,-39.9138215761
686.956080914,-51.905495847
692.84237361,-49.2684606291
698.202728271,-10.9081784254
703.510759354,-39.6336973494
708.94473815,-48.5035142021
714.263203859,-68.4827113468
719.663207769,-53.1187609295
725.033581734,-25.95170764
730.436371088,-67.64154068
735.778987169,-39.5797675918
741.139548779,-40.2436178181
746.460003853,-26.720633382
751.806390285,-38.3795835033
757.152123213,-36.4148964216
762.508161783,-47.780042323
767.851192474,-17.5128370378
773.158645391,-38.6042680772
778.512656927,-64.2733852755
783.820467234,-19.4023760203
789.181827545,-42.3960424067
794.511624813,-56.41450448
799.945208073,-26.1984559274
805.219132662,-57.1801539683
810.59847331,-47.631912281
815.922866344,-36.6002309626
821.304187775,-44.3334009439
826.67381835,-55.4250327796
831.961497545,-44.2737282342
837.287582636,-50.9396315732
842.641111851,-50.446330052
847.978137493,-63.9560780892
853.302014589,-33.4775906209
858.678970575,-44.292338637
863.968364239,-43.5677963499
869.34479022,-18.9640453437
874.648376465,-36.7482544886
879.981396198,-71.1117956654
885.298131466,-36.5618495949
890.67928648,-36.6179774359
896.039641619,-19.3497753334
901.371827126,-34.7163105049
906.693448544,-27.7229743123
911.988427639,-65.1660794294
917.38347888,-38.4846088035
922.741466045,-53.042853533
928.088648796,-52.012943468
933.378055334,-37.2948391725
938.737164021,-33.3453719111
944.024909735,-36.469800823
949.382950544,-32.0538273029
954.701149702,-44.9731051847
960.057836056,-47.938951813
965.432228804,-36.3379985124
970.809142828,-40.9630889663
976.137593031,-36.2674784892
981.528541803,-55.1027070218
986.912139893,-52.719671302
992.289644957,-37.0424752466
997.642877579,-45.0278578725
1003.00626659,-18.3572390566
1008.40395021,-46.0007063936
1013.73989677,-45.3224715093
1019.6991663,-34.7656705805
1025.04105902,-26.1476796192
1030.40589333,-26.797314318
1035.72687149,-27.5994845188
1041.12030482,-38.7977619592
1046.44352889,-45.6888829709
1051.80326676,-42.5936579198
1057.13829732,-37.6853037441
1062.45982552,-34.6540429724
1067.84439445,-23.6268814999
1073.14955235,-25.574417054
1078.49799395,-31.4099022509
1083.82841277,-27.0888016484
1089.21397185,-33.6047147427
1094.50502014,-30.6732242333
1099.90245104,-42.4588020047
1105.25655246,-26.4266354092
1110.64372826,-46.4187146913
1115.99499679,-20.4612234153
1121.29428005,-15.38784029
1126.65891933,-31.9119554589
1131.94624758,-17.447401534
1137.37894464,-19.7192301009
1142.68632317,-54.3546060821
1148.10662866,-24.4230558801
1153.46145391,-29.685145092
1158.85408044,-39.0407314781
1164.15347481,-7.18220022665
1169.55988836,-41.0671204217
1174.89957309,-28.2551212315
1180.23445272,-37.610225056
1185.54683328,-12.5464362816
1190.90226126,-44.4792797311
1196.21118355,-25.7618973817
1201.54263735,-39.9193929032
1206.93050432,-31.0771954726
1212.28189683,-42.4729577279
1217.6762259,-16.4715092126
1222.94566894,-29.9818535017
1228.34127069,-34.0465890342
1233.6245563,-20.7748017256
1239.03152704,-22.4584442059
1244.30842519,-42.2060729279
1249.72977281,-25.9809444254
1255.04358196,-26.4592449125
1260.39322424,-37.7167960852
1265.68177533,-19.7796995094
1271.09190869,-32.7898424368
1276.47711968,-25.5002378709
1281.80408859,-34.7067460018
1287.11708593,-31.6022602247
1292.41653204,-30.8564737126
1297.81641793,-38.7637099206
1303.13342476,-18.4460087837
1308.48399639,-63.4339604906
1313.76529789,-53.5723266369
1319.15145206,-38.7475671572
1324.53232002,-41.3215511744
1329.92213726,-34.5571152998
1335.26249671,-25.4207260966
1341.21111512,-23.5273112024
1346.56263614,-23.4768524183
1351.83192492,-21.4553097269
1357.15274215,-40.2161113366
1362.4581871,-47.9167837404
1367.86583877,-4.07600585846
1373.19085646,-20.6640399611
1378.6121242,-36.8776654972
1383.95326686,-43.6410164492
1389.37982011,-46.7178520142
1394.65943623,4.61762135295
1400.03498244,-36.6777294173
1405.38442397,-64.4382599826
1410.74494696,-57.5280540539
1416.04330897,-30.4177958189
1421.3860836,-24.0204515693
1426.79241729,-24.5724800083
1432.11112165,-24.519772763
1437.49850178,-14.598303918
1442.86098456,-26.4775237981
1448.19247437,-40.7489753453
1453.49773073,-8.24595387568
1458.85994649,-39.674285561
1464.21532369,-38.7640946337
1469.61624646,-15.1393265149
1474.89944768,-34.3029586948
1480.22065544,-37.1563487895
1485.53055,-23.4910880036
1490.88302922,-19.6017585672
1496.20379806,-23.4846101121
1501.54387808,-26.0000052623
1506.88399339,-47.4831365003
1512.18126678,-15.9102911235
1517.508847,-27.5568932319
1522.81984043,-31.2903733943
1528.16448832,-43.1427159573
1533.48975396,-36.0463570723
1538.9061718,-35.1549566744
1544.15980363,-40.2405681965
1549.51832247,-39.9226756534
1554.81351614,-20.1843243265
1560.22361684,-10.8261473939
1565.59626746,-14.2362410463
1570.97359514,-21.7853100912
1576.26363754,-36.6229792911
1581.61160898,-30.1640716959
1587.00631428,-38.3348514293
1592.31052566,-8.34686881819
1597.6810081,-34.3047050675
1603.03191781,-43.1541766543
1608.38580346,-29.9242688649
1613.70022941,-33.9931462708
1619.06269503,-28.5386392702
1624.35191655,-40.5309778492
1629.68760896,-29.5972289036
1634.98737288,-41.1309210376
1640.29323268,-13.7660638014
1645.61308503,-44.9924147872
1650.98906779,-18.7004750855
1656.33857155,-3.52069317838
1662.28636599,-35.6431921989
1667.6279366,-27.2991268898
1672.92681861,-26.8472471824
1678.2925446,-18.1261544502
1683.66316557,-15.9553833226
1689.02962184,-19.9745796723
1694.34916329,-30.1667343639
1699.70665646,-12.169354855
1705.01013017,-12.6432548889
1710.36568499,-5.8437324556
1715.73579049,-54.9876706155
1721.11516285,-33.6546471606
1726.48809958,-26.6118839366
1731.81340551,-33.3334261685
1737.2277813,-28.4090036015
1742.54343963,-23.9790929576
1747.92380095,-4.23465086463
1753.28678203,-33.3564914541
1758.68241787,-13.9137919662
1763.95833778,-22.7648373873
1769.29929781,1.41615920375
1774.60332417,-18.0732244307
1779.92918825,-19.6477584592
1785.24032068,-0.226030765049
1790.57667184,-15.1964292869
1795.93866301,-0.149272725267
1801.37458324,-15.5637735701
1806.73146224,-30.9168141586
1812.08528805,-47.3985125526
1817.41154027,-39.9120411323
1822.77586484,-38.1268449999
1828.12929344,-12.4303532244
1833.4095788,-25.2785448098
1838.75724792,-31.4477653444
1844.05298185,-14.6134285702
1849.39437628,-33.436329061
1854.67643738,-41.2426233453
1860.06475925,-31.2059606577
1865.33915639,-31.1659317393
1870.71486712,-32.9696714792
1876.03773379,-20.3885028676
1881.4167192,-25.6053568123
1886.76693344,-3.04167718126
1892.06205893,-45.995907152
1897.40505743,0.433498279912
1902.70090175,-15.088071139
1908.06439638,-26.2840788032
1913.34329343,0.0157917752194
1918.67451978,-22.5906373343
1924.00159478,2.14523358437
1929.3563776,-5.90879862741
1934.67176652,-12.0562177951
1940.04774761,-22.1158840703
1945.37239361,-26.7166054953
1950.74498582,-31.7537140127
1956.03507805,-10.1407089737
1961.34540796,1.24151137183
1966.68799686,7.38185279265
1971.9822309,-41.6323248648
1977.30771995,-19.2420978661
1982.60707688,2.07877518504
1988.52685428,-21.2141862055
1993.77541494,-32.9987114341
1999.10911441,3.59747436644
2004.41835856,-23.0671137951
2009.86715913,-34.1737444853
2015.1380651,-0.41229491289
2020.45614791,-38.3766708802
2025.75825119,-24.5101694752
2031.08953309,-2.30728885563
2036.39721084,-3.10335580637
2041.71763682,-17.1545102138
2047.08519435,-22.8291099323
2052.39903998,-5.91198446519
2057.74018764,0.212962229051
2063.02301478,-19.7004218656
2068.34916186,-34.0887059294
2073.61251879,-30.4624668911
2078.94102502,-9.50530591359
2084.18066216,-31.6377802459
2089.47648048,-1.58451833121
2094.75641823,-5.05055380924
2100.0678308,2.89864112939
2105.38496137,-24.8833652039
2110.8110733,-30.0037661536
2116.17423415,-9.576793065
2121.47339225,-22.7644528298
2126.84495354,-14.7694370279
2132.1442399,-25.5641195114
2137.49374747,-13.1299691802
2142.78350973,-21.0513919124
2148.07943511,-20.6387470223
2153.34084892,-13.6858705585
2158.69800353,-34.1745070835
2164.00624371,-13.3593592937
2169.37442422,-1.14286036898
2174.71321011,7.6252462816
2180.03320622,-27.6759137081
2185.3080864,-28.3790698904
2190.62744784,-14.171848852
2195.91447163,-32.149295981
2201.22461462,-27.6032396471
2206.52458262,-10.1997088978
2211.81332541,-23.5877163009
2217.09185505,-47.343811752
2222.33156729,-35.8123272675
2227.64594531,-9.86450989634
2232.91686654,-11.875175934
2238.25526404,-33.192908776
2243.51288009,0.194892823731
2248.82580376,-17.5446818247
2254.04130983,-23.542896239
2259.38368249,-11.714540666
2264.62826228,-2.6842352986
2269.90718508,-7.60163809436
2275.1874404,-28.0873881632
2280.45160413,-7.85605979328
2285.76877737,-3.21640361882
2291.05431461,-36.709877597
2296.32366347,-23.7553451816
2301.62148976,2.63820344073
2307.48779821,-38.421239169
2312.70492268,-14.675963942
2317.99883223,-11.6490909514
2323.27980065,-0.816081664525
2328.60653448,-21.8678860411
2333.83268619,-18.5195161899
2339.19821143,-5.66021133908
2344.41111565,-17.3270714988
2349.73473668,-23.9814193354
2354.96373391,-7.48947972335
2360.22194505,-3.35346117651
2365.48050213,-16.6093125082
2370.81532049,-8.41873364927
2376.02643371,-11.410233807
2381.30292344,0.71376424788
2386.65410209,-6.35542972444
2391.92314839,-3.8063556556
2397.25741863,-6.65883971123
2402.57829022,7.81520178216
2407.84438396,-3.84141925178
2413.07516074,2.51018173703
2418.39150953,0.00246945311719
2423.62237406,-8.42178263552
2428.95511723,-10.5850743555
2434.17371845,-26.8936951855
2439.44461775,-18.1255821076
2444.6733253,-16.7988026481
2449.93847966,-21.7695534499
2455.20983195,-4.76841400878
2460.50243068,-11.7589805063
2465.732831,-8.27741696315
2471.04951024,-12.3932758786
2476.29462242,6.82833542397
2481.55646133,-16.9000005123
2486.81833577,-9.76832905512
2492.0489192,-5.64896848132
2497.33724713,-15.9133946544
2502.56003356,-7.77941582514
2507.84508872,25.9612198605
2513.09013534,9.15952885936
2518.40103722,15.468839791
2523.66099787,-22.7220924127
2529.01277041,-18.0707542598
2534.23827314,-3.08840600809
2539.54304504,-25.8328704072
2544.7904315,-28.0189825605
2550.08151817,-12.5268851295
2555.36738706,18.6975017078
2560.63965058,-9.11474944075
2566.27627277,-26.6433018068
2571.5047977,-6.40219898912
2576.79465508,-2.19629357806
2582.03947926,0.882755694472
2587.30117083,-23.0695829733
2592.60659981,14.7766215854
2597.92762446,-39.3408227787
2603.16292238,3.34351171247
2608.48123479,7.94249850132
2613.69320583,0.736162119791
2619.01494384,-11.3462727177
2624.23408842,-25.0766196102
2630.10586047,10.8150263565
2635.37301016,4.84996282865
2640.65055013,-12.7285758481
2645.92002535,-13.4706030657
2651.17502022,-9.01875464746
2656.48934174,-2.0936040068
2661.73653269,-6.98716371786
2667.04195571,-28.2892824929
2672.2917335,5.1988485597
2677.58912516,20.0121755297
2682.80763316,7.60859095131
2688.1331892,-2.42918341684
2693.32032585,-17.7280735432
2698.72052312,10.7614757098
2703.93988013,-7.07161143528
2709.3311162,-7.35733846883
2714.54883218,-3.57822518945
2719.85501814,-5.07869513855
2725.14431643,-4.37478367564
2730.42593741,-12.5522692567
2735.6446929,-11.3804318701
2740.92878079,-21.8593201426
2746.20596838,-11.9525530603
2751.48391247,-14.2204686757
2756.79054427,-22.5401021329
2762.0499928,-11.821144107
2767.38721848,-5.24220817801
2772.6376009,3.64837730013
2777.95285511,-17.0589405991
2783.20471287,6.3422357081
2788.49431872,-24.1564722384
2793.69022512,-14.3935757775
2799.01575398,-0.491846299133
2804.2252481,-5.58137137794
2809.55682731,-24.3408673143
2814.77314568,-0.831361037749
2820.05181909,-14.496067429
2825.26133943,-11.4401850896
2830.5190711,-1.08227903463
2835.7250185,-14.3264814037
2841.06678581,16.128147728
2846.32357073,5.99342226147
2851.56478095,-1.24804089707
2856.91663885,-1.70258498953
2862.16610265,3.21186780016
2867.41378736,5.16446211085
2872.65315723,0.30934490281
2877.94220209,0.688660076362
2883.25464153,2.59353318955
2888.5524292,23.8195992298
2893.78315806,10.3163871941
2899.04623938,-6.47106894318
2904.27012229,-13.2297355537
2909.58897519,-20.6430939203
2914.83440137,-8.88809470521
2920.07129669,-28.9743610814
2925.34802532,-14.4745131513
2930.61444712,-2.47244867812
2935.84391236,-11.714147051
2941.08749843,23.9810416748
2946.97118187,-15.7621370863
2952.22769928,-5.01200063075
2957.50479817,8.69731458062
2962.75351906,27.6303118353
2968.12555742,-18.0665068501
2973.31855631,3.95496612696
2978.62288618,3.77519614169
2983.81884861,-10.1214452692
2989.12836647,5.76740167569
2994.3503027,-1.37347287472
2999.6745472,5.70518458447
3004.91408849,15.7691039455
3010.21591282,0.804884331477
3015.47654843,-1.74839465817
3020.78849649,-20.4714098458
3026.00945663,-10.751216386
3031.25090194,-9.20567997907
3036.52486897,-4.79857857445
3041.79619813,-9.16545569519
3047.02720785,-17.3059619629
3052.26352787,20.9382683117
3057.56490779,15.3906864904
3062.88630366,-9.20963439862
3068.15979385,-15.2538624267
3073.36768699,-16.2249484805
3078.68046761,39.4767756469
3083.9154923,-10.8130127102
3089.19699931,-17.5627711839
3094.37704706,13.6512639039
3099.72565532,-31.4828449029
3104.92021656,-5.67436664154
3110.22395468,-19.7043109253
3115.47500968,-6.43510818025
3120.72279978,-5.56590919919
3126.02006412,-14.8646538129
3131.30443192,-9.29147887667
3136.58065248,-19.2956676389
3141.80719423,3.75078178301
3147.08877587,-17.4800014835
3152.30234933,-13.2208778562
3157.57709455,-0.0200439950908
3162.80567765,-14.032654851
3168.11218977,-1.64991511796
3173.31230378,5.17456118079
3178.6099453,0.823786608295
3183.83676076,23.8951275782
3189.09476423,11.7634842151
3194.290236,46.7182511379
3199.61403775,13.2816731416
3204.83081007,-15.9957348279
3210.09317207,11.4623175339
3215.35619044,48.8051082687
3220.66479516,-15.1190792924
3225.88512063,32.8804443566
3231.19126916,-20.1172269414
3236.48533702,28.3200684939
3241.78748822,-5.78330130097
3247.1071198,17.4132752423
3252.33536458,17.8653795523
3257.60695553,14.8948009113
3263.3863132,-1.34640789951
3268.70785642,-1.26039880688
3273.93073344,56.9163913658
3279.24018359,11.2867410731
3284.47399306,39.6677252765
3289.79411674,6.68756535057
3295.04280686,1.33375552281
3300.38307738,0.170548906251
3305.62550902,-15.7586726185
3310.93008423,22.3926577256
3316.1839366,7.65718548277
3321.44006968,-5.96381730277
3326.68669701,-16.5115082905
3331.92401791,8.10040073922
3337.21036911,-1.93118674944
3342.44501519,47.3924207949
3347.68342257,-7.0736191275
3352.90475035,6.31164954879
3358.23686647,9.66162210735
3363.51662612,16.9083618888
3368.81221461,12.4860903546
3374.02577448,1.56520792793
3379.32517695,13.9664711664
3384.55934191,7.27256286441
3389.82698441,2.64120794103
3395.05404305,1.64991757376
3400.32972431,-3.1782439938
3405.55150867,13.0316682246
3410.82035184,8.29875645966
3416.07688046,-6.58752898571
3421.30356455,6.46317748652
3426.54018092,23.0646739351
3431.81288815,-0.490489338331
3437.09030747,-20.7046297441
3442.35974169,33.6251899461
3447.61215019,16.2849113132
3452.87697601,45.0031160337
3458.19553852,22.3161117382
3463.41526413,45.8969814048
3468.6857233,12.3881452121
3473.90055037,14.091644535
3479.21221781,2.66489008556
3484.47400951,-3.05225738351
3489.74186516,-4.82221745447
3495.02807283,23.5640903087
3500.30491972,-17.1836892522
3505.53511548,47.412950214
3510.78733969,15.884
3516.06817865,4.03358120875
3521.33723545,17.2263106346
3526.61804485,22.604855135
3531.84729695,-5.08579001261
3537.14514399,18.6641204087
3542.4073751,-20.0964864423
3547.68597174,-5.05339440863
3552.89000726,-5.89774852935
3558.2337079,43.1006224078
3563.45310998,-0.318126994677
3568.78069949,12.9989676005
3574.00903511,-10.5886703217
3579.30018282,3.45854825164
3585.1017971,40.1224217019
3590.41189146,29.7045506297
3595.63315368,18.6380727692
3600.9004035,-5.493249157
3606.16680312,-9.92304955961
3611.41667962,21.339938152
3616.66676736,14.86015856
3621.90391421,-5.88230315552
3627.15726757,14.3780242899
3632.40049648,15.6389359735
3637.66096473,6.90902598598
3642.89872885,3.41509621362
3648.21348858,17.4829124737
3653.45090199,5.10250216376
3658.79035926,2.63436727929
3664.01635218,29.3268119345
3669.28364682,27.9008619596
3674.50616717,24.4299574163
3679.77405143,36.968278683
3684.99117136,56.4472051631
3690.27769327,34.6868872483
3695.50902605,-9.16860331781
3700.7924521,2.33562649641
3706.01856256,15.1047299362
3711.25081372,-21.8903593682
3716.50077987,-11.673716571
3721.81810117,34.6996829073
3727.12251353,-2.59317797609
3732.30752563,-4.35103205613
3737.63490248,11.5301249067
3742.86886787,13.1246241531
3748.20236135,-9.6445775054
3753.43969035,-1.20004208618
3758.72979212,20.3850789195
3764.0143249,13.4641911675
3769.28402424,28.3304459393
3774.52608061,24.7609811218
3779.8313601,34.1171556399
3785.05642533,18.8156923588
3790.36336088,2.83989157247
3795.62127066,-0.379852263239
3800.89280367,14.7784097213
3806.11565137,-10.6180801012
3811.40751767,21.7915413494
3816.69244385,25.929983824
3821.92503476,2.22956690911
3827.19887447,42.1564942363
3832.43373895,-23.0517307202
3837.78118873,7.29147534264
3843.08323216,3.78596778502
3848.40841746,26.5250191544
3853.62029314,12.754779887
3858.92128587,39.4752485206
3864.13567376,21.8618567908
3869.43137097,-1.18935863918
3874.65696883,34.8191267447
3879.96462369,18.0391504173
3885.20513463,3.09284471872
3890.4594202,33.5405116186
3895.66677237,32.6817025481
3901.48702955,20.6486014826
3906.75718951,17.0046874427
3911.99981642,28.9551266589
3917.23355675,33.4482442197
3922.44609499,9.36576894862
3927.74615002,19.5357599195
3932.96257615,38.6362826294
3938.2866807,-18.209094027
3943.51718163,55.8129377251
3948.78399539,31.8117092816
3953.97790384,21.6051264037
3959.289186,36.347593672
3964.52779984,28.9040856504
3969.8141675,-6.8550898408
3975.08345509,20.5179934949
3980.39105916,15.137974986
3985.60133743,36.8484707118
3990.8870399,-0.454898940593
3996.12706256,32.6364305412
4001.38500476,15.9255417665
4006.65876317,38.9787545563
4011.89430332,50.9359584497
4017.19901657,39.6672556852
4022.4453218,33.0152056169
4027.74102211,11.3361452908
4032.95982695,16.2452271569
4038.23406219,13.3272922732
4043.44254541,-5.05906227124
4048.76283813,29.9479042983
4053.95696306,16.6430677243
4059.29508853,10.0492720219
4064.4733963,22.3416165277
4069.76685143,12.3450577052
4075.01258516,8.92714738433
4080.28378224,43.5947613947
4085.54538012,61.0488526985
4090.82108164,2.49803534454
4096.09017634,31.488711224
4101.36937881,70.9829250473
4106.66605186,54.2016463148
4111.85631204,58.1165420289
4117.14381146,-1.79958577936
4122.34277725,-15.4123427933
4127.59724426,37.8209237058
4132.8134222,72.4019133661
4138.11912441,36.9350922161
4143.36142588,17.2722667522
4148.68294668,30.9156079347
4153.90836811,5.24458715244
4159.19933915,27.3202038712
4164.40908456,34.6215412232
4169.72062564,84.0184852781
4174.96568894,24.736327209
4180.2488308,12.6771209534
4185.46716213,30.951092226
4190.79072404,62.8842478839
4196.00375271,45.8850741787
4201.25465989,33.4382581678
4206.55349207,18.135813841
4211.82734299,42.172915805
4217.64393139,40.8638760391
4222.90311003,33.0297595554
4228.21226716,12.2677789704
4233.41511679,66.5964222556
4238.6861515,9.03212126608
4243.8734858,33.2469339367
4249.22118306,46.5446257163
4254.41258931,37.4052872272
4259.70831108,7.01025146534
4264.96752071,49.4956257967
4270.28772616,36.7494264771
4275.49849987,23.4563232447
4280.79808116,-10.1088315345
4286.13978219,40.6233059898
4291.40090179,37.1516399387
4296.66726112,41.1667008063
4301.92968845,38.3950699614
4307.19391584,19.3348715125
4312.40538359,15.7932014461
4317.81581688,-1.07887005372
4323.09629488,50.582765809
4328.41902924,46.5462128371
4333.68403697,46.0589047257
4338.95107651,21.1138117845
4344.16231847,26.2775753747
4349.50382972,32.8512080342
4354.73540616,41.1936819678
4360.03118896,22.2972259176
4365.23728633,35.2908668421
4370.48128676,3.7984692286
4375.72657943,69.2245616791
4380.99738598,49.56029094
4386.21069431,25.6542254663
4391.46936464,13.5462884341
4396.71715522,-8.74128182761
4401.94697404,31.5638196025
4407.22486925,52.1087075386
4412.46320677,13.1669880206
4417.745749,-6.68454526309
4422.95774531,53.388911197
4428.24954724,16.4030914951
4433.46381402,28.9931736886
4438.74661946,25.9675348234
4444.00860929,33.9401803831
4449.35796356,17.6672047818
4454.58593202,-9.53082446237
4459.90640736,24.9682454415
4465.13527632,55.4329279886
4470.38842654,63.9046190118
4475.62333751,1.37592986806
4480.87644649,27.9638091149
4486.10522866,22.0798086712
4491.39198947,45.081407224
4496.71311498,44.8870122544
4501.95591474,33.2624096011
4507.23136711,66.3723178298
4512.48453736,-12.3020511231
4517.78235674,48.6573550865
4523.01545072,20.4583939663
4528.28712797,17.873615818
4533.5124743,48.941554419
4539.44632292,67.7404529267
4544.66728306,51.640899194
4549.96220231,10.9258219529
4555.17022276,-7.53075323384
4560.42544985,63.1701145609
4565.68450332,3.70622122695
4570.99766374,90.9255458241
4576.22608662,18.8376808449
4581.50036788,20.0880487795
4586.75943542,20.2697352034
4591.9987607,43.1797180444
4597.27931118,8.08020534389
4602.50303221,41.4678417856
4607.77089477,61.7989379848
4612.99931073,47.7003055918
4618.30310369,36.5350958515
4623.49426866,39.4263868779
4628.77123332,58.3788494095
4634.00877643,31.167324572
4639.34943771,72.9168590274
4644.52849269,52.0937064362
4649.86929011,44.9631337772
4655.10003757,38.5436775194
4660.40980554,36.9142498506
4665.67821884,34.6807107311
4671.04900956,9.77820235454
4676.28427744,35.3285673798
4681.57518268,19.9887919285
4686.83797455,20.4005150698
4692.07987881,25.9351229489
4697.3861835,23.7866097983
4702.63709211,71.4330112385
4707.87669754,19.0893362757
4713.08298516,15.8467519341
4718.39239073,39.4316936142
4723.58196664,18.8585885101
4728.88698053,42.7820509074
4734.10549068,54.3044092246
4739.4759059,52.0788906788
4744.7049408,3.76112594506
4750.00579572,30.5638783538
4755.22104168,0.491230640701
4760.50299788,46.6100818794
4765.72408724,53.7028702436
4771.01183176,46.6251354132
4776.28208566,-3.09144794124
4781.51394272,52.5397050545
4786.96417928,7.02563097744
4792.22456408,40.1688959197
4797.58350873,-12.4702298523
4802.86191154,13.9462375569
4808.14810109,59.8223282312
4813.34864116,34.4947989633
4818.66439748,75.9208288572
4823.87210011,37.1358369159
4829.18218517,13.8442062142
4834.38037395,25.7155849141
4839.65752888,31.5460661573
4844.87254095,45.9997648233
4850.14845371,17.5754118278
4855.95843625,63.8984993898
4861.24068975,58.3986278118
4866.53540587,37.8373168124
4871.77512956,54.475362756
4877.04164267,72.4982540109
4882.26956081,6.95763546069
4887.56501269,11.9487455224
4892.81267166,28.321457206
4898.11122036,44.4032402993
4903.33425379,30.3870942429
4908.63087487,1.69824874872
4913.87730479,54.2852490582
4919.18892789,25.3154231553
4924.44271398,29.2145087677
4929.81101131,61.5150406889
4935.04157352,70.349372791
4940.28872681,41.3239306968
4945.50620103,6.62466452079
4950.79349828,54.6388187526
4956.07539153,35.6359131256
4961.32249117,60.6056359233
4966.58469629,80.3993121647
4971.88619375,65.5185075826
4977.19569993,-31.3694896017
4982.43334007,16.9652108101
4987.6862011,32.5273744519
4992.90605402,16.2436333173
4998.19879484,37.8778383025
5003.40266466,65.9796832291
5008.66241765,78.3232601229
5013.87317848,77.4266723373
5019.186203,11.6010418531
5024.3808248,60.5346390016
5029.64422584,82.4192821768
5034.90427375,77.114194994
5040.17812705,70.8133692866
5045.48506188,76.0774803265
5050.78681493,55.5722113501
5056.2500689,6.9560360167
5061.48397899,63.4830768604
5066.78149033,19.5631231144
5072.01016879,26.4795502806
5077.32942128,59.7132058799
5082.55814838,60.1237185907
5087.83819818,41.7374148681
5093.02876782,46.6103757276
5098.29986262,5.94117195398
5103.52093577,57.9591683297
5108.79442692,56.1106777828
5113.98496628,58.6959343272
5119.25618577,30.8518961738
5124.43061566,37.4102730887
5129.80893755,58.5635485018
5135.04264283,10.9178278843
5140.34706759,62.4247912778
5145.59135509,69.1902832907
5150.87593985,46.9277214224
5156.12716651,12.0923975295
5161.4421761,57.4287919795
5166.70890331,41.6362605993
5171.97297263,52.6353638434
5177.78951883,77.8751373477
5183.02521038,63.7416931908
5188.3339498,-11.8736065314
5193.51574659,68.365096355
5198.80771422,72.2786603225
5204.01328063,30.87253836
5209.31792164,64.8856407967
5214.52586603,-7.55644319667
5219.80495214,-6.93842791653
5225.01022577,45.7354424625
5230.28738832,52.9462523564
5235.55922556,55.8953961746
5240.84978557,35.7021478947
5246.08433867,33.1538952696
5251.3584373,86.5380457575
5256.61038351,89.9171161897
5261.91547847,50.1249706001
5267.19762707,64.3214386194
5272.42813516,-20.9830664227
5277.73731065,69.4163399605
5283.0641458,32.4073123785
5288.30043554,69.4865676688
5293.5356679,8.52873014945
5298.89744473,85.7869104402
5304.12498832,68.8970272844
5309.42983794,59.1484025593
5314.69062042,82.4873296047
5319.9649992,16.79572253
5325.18850684,68.7994282352
5330.47732258,13.926246342
5335.7266674,67.7176943237
5341.02726579,84.0976558671
5346.31982851,78.824192879
5351.58862424,58.9558857118
5356.89810967,35.4210729517
5362.15702462,64.2249492912
5367.43769717,35.8313403656
5372.66338229,42.6741984786
5377.94423699,10.332175281
5383.16143227,52.9970578979
5388.47616982,88.8509775384
5393.68262482,8.97154497984
5398.99610925,-4.7450183426
5404.24014354,61.9772039809
5409.57586432,46.5852451066
5414.83099985,55.6050688663
5420.08357835,67.8828415923
5425.31710887,49.9635644606
5430.60496593,23.7273611048
5435.8475306,69.7801842208
5441.136096,79.0907759211
5446.36249828,1.552686993
5451.63009,31.4058251137
5456.913445,68.9378593316
5462.12407994,59.1171549081
5467.44940114,39.3959523596
5472.69854546,59.8907362584
5478.00490141,31.211917404
5483.21658039,10.7928775593
5488.56483579,10.3573463115
5494.34656525,62.8643241157
5499.69599271,40.1982768158
5504.92852187,40.7233241604
5510.19818354,-2.77748038509
5515.42407298,87.3502753708
5520.7255497,73.5581089099
5525.99803543,74.8158604485
5531.29868722,71.0803797755
5536.59391141,71.6890232059
5541.84096503,59.1348557896
5547.15345621,43.2474974478
5552.36870909,60.2133525783
5557.66400814,28.2126482686
5562.87839198,67.8451957389
5568.17278838,54.677498786
5573.37720418,55.2578105155
5578.66341782,89.0985188087
5583.87259459,25.1685807233
5589.20434785,46.565865935
5594.46259785,97.6470255431
5599.81391382,57.193302169
5605.04833078,28.4392185422
5610.31339645,39.8990992507
5615.56380844,48.4261764349
5620.86004448,77.9423867539
5626.1313436,37.0692998297
5631.39226651,71.1241104743
5636.66727424,64.7672033248
5641.94349027,66.7804767532
5647.26501775,78.0055668957
5652.50199223,37.376311599
5657.7762351,51.9823742603
5662.99626899,46.2770664314
5668.33444643,27.912647216
5673.52594876,51.7295524528
5678.81140137,29.9682496141
5684.04087543,66.9080286146
5689.33848119,70.9150174058
5694.57165527,49.1276794483
5699.82737041,54.9179040076
5705.03534579,65.5271711396
5710.34480643,66.4242613386
5715.55990696,20.3124525647
5720.86872721,89.0022153753
5726.12799096,7.79784143287
5731.39811873,19.9101210627
5736.65651393,22.4227640349
5741.94806576,90.1449398583
5747.18637419,87.5023822611
5752.4342165,74.5020954075
5757.74105,54.5055963723
5762.99096632,68.9196870118
5768.32282281,72.1082499548
5773.56460071,37.8261756606
5778.86921406,60.2370218129
5784.08580184,27.8051704053
5789.39782572,44.6721686505
5794.62242842,35.2234928972
5799.93903089,27.2417766363
5805.15270209,18.674723868
5810.97068667,80.8605957646
5816.2419734,89.1262158678
5821.53244996,73.8729258307
5826.80532289,78.1779905641
5832.01106,28.2505906104
5837.29412246,97.2159230333
5842.50699329,82.5146418277
5847.86289477,88.6380234959
5853.06862569,79.71429172
5858.42982674,81.5435075147
5863.63329959,37.5447236357
5868.94089389,80.5847758055
5874.12832069,81.8205686392
5879.42715502,68.8713632209
5884.70444441,106.386705126
5889.9605999,85.0506270358
5895.24875474,73.9289911828
5900.5916152,32.8023838742
5905.80129814,96.6617486194
5911.1010263,88.1876747969
5916.39795327,52.6686797476
5921.64629388,-2.13015302576
5927.01019621,49.7320554837
5932.22624469,56.3624799245
5937.47633791,45.409519835
5942.73757339,48.7169832758
5948.0255754,41.4320709988
5953.25977325,34.8061021639
5958.56764126,81.8494981517
5963.80322051,19.8520425219
5969.08105826,91.0367770053
5974.28559303,17.5214685477
5979.60017467,40.8169903276
5984.86947775,103.460540116
5990.14266944,68.2897320797
5995.40749693,89.9926222349
6000.6485672,55.8110024465
6005.94722342,104.517501712
6011.24213767,68.3517141713
6016.50583363,78.9062198367
6021.76780844,103.046202408
6027.05173349,48.1991244994
6032.26401806,79.0320366191
6037.54637027,74.8760149713
6042.79918003,23.5842918214
6048.09000134,14.377728639
6053.30583453,90.6388640621
6058.61244583,63.5054203719
6063.81775832,72.7363622882
6069.15245843,79.8991001606
6074.33790684,66.7126999671
6079.67454314,64.0814545394
6084.91816616,68.1057539182
6090.27515864,41.378175102
6095.54091072,90.7445299292
6100.84866095,88.8098799095
6106.07637858,81.1377728765
6111.3649013,40.7583144444
6116.65288472,76.6832290925
6121.90012383,78.4203303078
6127.16366911,74.2239562137
6133.00230145,84.0090155515
6138.32579255,87.6574126604
6143.53886032,90.9847871298
6148.95545387,76.1723753277
6154.20142245,72.2362568499
6159.51916003,68.7167192174
6164.73405004,58.7455917978
6170.01158357,30.6969957433
6175.25174141,92.4430188364
6180.53224754,93.6453071993
6185.73626876,7.99886011308
6191.0270133,21.4499655024
6196.28500366,86.7373795263
6201.50967336,-1.41027412746
6206.77989531,44.8574485396
6211.96176314,65.6615813311
6217.24704266,58.7321440458
6222.50056005,70.2711968402
6227.79831052,72.1079096144
6233.02813864,92.3401754697
6238.37094545,75.9470403926
6243.67682505,66.6165544415
6249.00005794,75.1682996635
6254.21931505,64.9763876746
6259.48524046,94.0354132917
6264.73179722,99.0530267028
6270.06367874,86.476078336
6275.30307579,74.0604559717
6280.77590251,51.2642608819
6286.02974558,54.1657577379
6291.27846932,-6.78120142648
6296.57078505,33.8305893648
6301.86995554,73.3868091205
6307.19884586,48.730236626
6312.42230415,100.361106994
6317.67687678,97.7838283497
6322.90292907,37.743953525
6328.24631381,57.640048508
6333.45551825,86.613241216
6338.76790643,85.9820856782
6343.98531318,80.2978386983
6349.29508662,48.0945276694
6354.48074913,38.5202734649
6359.74146128,70.3882882889
6365.00451446,82.1661678025
6370.27072525,66.2149751251
6375.50128388,65.2410937792
6380.78187275,82.0205509529
6386.07457352,63.3191998618
6391.30549383,47.4287868933
6396.61103892,19.201124311
6401.90142202,36.3348383654
6407.21113348,44.1437763654
6412.44918108,36.9954224379
6417.74510741,79.2418176802
6422.96937323,53.0690529795
6428.22679234,39.5073887462
6433.44865847,71.2073036897
6438.71340871,80.7157348949
6443.92748451,78.9778373037
6449.7735467,81.8770903627
6455.01893163,60.2387563439
6460.27880001,96.5665862455
6465.51393437,104.759923094
6470.81377864,70.3350283206
6476.04060745,78.4506294586
6481.26353526,83.2986883186
6486.5650835,45.6774468393
6491.86309195,55.6318222203
6497.13647985,109.633052453
6502.36560392,82.8914892695
6507.64154124,59.8051546292
6512.90356994,18.1592099482
6518.19272089,63.7222939269
6523.39742327,93.3185758087
6528.74064994,35.3991627778
6533.95869184,76.8418810048
6539.23288584,-12.2881693251
6544.43520498,79.6267720279
6549.81842446,92.8583090002
6555.04915833,102.862261818
6560.33178949,87.4942338153
6565.56454897,25.1122481142
6570.86818814,63.0363066925
6576.11638832,92.5420159398
6581.33837986,106.592411924
6586.62963438,37.7267641014
6591.84849238,21.0780103455
6597.15368104,34.7369685489
6602.42671347,47.9919099874
6607.77018237,93.9325199493
6613.01626825,28.6207332581
6618.37343526,40.7226311934
6623.55927777,64.1731424175
6628.94295883,109.48699096
6634.18128061,108.707537301
6639.51192474,28.5206793724
6644.72349906,47.0047510744
6650.00665832,57.8674961403
6655.23566747,97.4808960056
6660.5453763,95.4901863368
6665.7849474,90.3689615399
6671.07267213,44.4515018523
6676.39056611,67.826657091
6681.62845492,68.0459507139
6686.88956571,78.8687379605
6692.12843704,84.7271361432
6697.39002538,103.998902357
6702.65197253,93.0789346552
6707.94516754,73.2378238477
6713.15927458,60.8820794925
6718.48561954,80.4799490455
6723.72755456,75.4100835378
6729.01588488,88.8933152544
6734.22196484,88.4511740263
6739.549155,58.9285091216
6744.81254554,42.1020218197
6750.04243159,26.9249904543
6755.2649591,46.9393103094
6760.55878949,79.453211802
6766.36656976,79.3574108084
6771.63712549,109.078615238
6776.89435458,50.0210820106
6782.1210568,24.2371043761
6787.43698907,65.5852544738
6792.66226172,78.9079977546
6797.96211791,102.346001828
6803.19346309,27.7694429174
6808.52847552,22.1231013299
6813.72478938,63.594340585
6819.00979424,96.986118319
6824.20822167,93.1043505527
6829.51759028,79.2822106111
6834.70700693,76.0193347201
6839.95736933,52.0610087301
6845.219275,59.6444143562
6850.49774241,65.2258828459
6855.77345967,71.6401037109
6861.04411483,107.209908208
6866.29462576,56.1746535847
6871.56553149,116.253450527
6876.8872385,99.8886483254
6882.11724567,107.861264107
6887.38374186,52.9053784758
6892.64099622,79.6714526521
6897.87779045,92.6547288974
6903.08621526,90.2402037038
6908.32871294,26.6102242805
6913.5621717,54.4217785745
6918.87817907,115.94861855
6924.11260056,79.3255060984
6929.4598639,95.805902358
6934.69290566,37.9912969297
6939.9798522,89.3401711243
6945.19372058,92.4589612747
6950.51787663,68.1715869615
6955.75293851,94.3335617489
6961.00229335,96.3479461536
6966.35211754,36.6442811863
6971.6090095,66.3913267777
6976.94941211,73.9064433295
6982.16916704,78.6623738528
6987.49028707,42.6976117812
6992.73577738,69.627812223
6998.02056313,69.3294805832
7003.27085495,96.4447381027
7008.59065604,40.3976886539
7013.76717281,93.962091551
7019.05185151,102.483647879
7024.27072215,91.3171542395
7029.57239556,91.2394689564
7034.80390382,62.936035246
7040.09768081,58.4046378844
7045.35479593,91.1371734269
7050.59829307,99.3753584947
7055.86659431,94.1965552389
7061.10262156,103.625709784
7066.37323666,30.108466256
7071.61015987,91.5774280487
7076.91835785,99.4562599824
7082.16806746,103.844366737
7088.03312325,92.9871633392
7093.24880242,105.009495796
7098.54958463,89.3294895187
7103.75744581,86.5211665295
7109.06362152,108.419731934
7114.24793148,68.1940638348
7119.57036686,113.897300889
7124.80163598,100.639591697
7130.05639291,109.4921782
7135.26998138,92.8411259015
7140.5219543,65.7204888558
7145.75152302,91.2704577973
7151.02669263,81.6934772526
7156.30084085,80.9726829177
7161.56246471,48.4019425096
7166.84996247,47.9092829428
7172.06114769,101.512012843
7177.36889243,99.036558594
7182.5842104,109.207320157
7187.84763074,41.1433105757
7193.09444833,79.9275497456
7198.38072562,84.3169400452
7203.63658571,93.906233408
7208.97343016,109.787714491
7214.22611332,111.795949508
7219.55038476,73.8514656166
7224.78552818,107.259315084
7230.05924487,88.660446089
7235.28681064,91.9279295361
7240.5169549,113.193891991
7245.72319484,87.1488066681
7250.95132279,75.3421548699
7256.22526622,120.396920717
7261.49266458,116.635956622
7266.731323,85.7343096095
7271.95559525,85.805311482
7277.18908715,69.1497379604
7282.41487956,70.3585284548
7287.72123313,56.3205815309
7292.93537498,90.5538572599
7298.22812915,106.249247986
7303.43335938,35.2733716955
7308.74875832,128.449265787
7313.97416353,33.0681894283
7319.23825598,26.7521639512
7324.50548267,81.000928017
7329.83522582,18.6775391081
7335.06572509,45.567938305
7340.37806582,101.545251935
7345.62890697,74.5011369991
7350.87951565,53.5631837995
7356.14945197,106.828459515
7361.40329456,104.228785736
7366.70145226,18.0099622274
7371.92457867,106.022195591
7376.96291399,127.255160332
7377.20524073,88.2544847196
7382.45558214,115.990602627
7387.69713163,42.7643722535
7392.91392875,96.2872092144
7398.18951845,100.43902878
7403.94031167,113.200304802
7409.24321651,19.0183564843
7414.44588637,73.3259001227
7419.74573135,49.3498547432
7424.99632668,91.1340339361
7430.26627517,89.3066638085
7435.55528975,110.963170684
7440.85944033,101.010570197
7446.12616229,107.930461731
7451.39430881,72.150746245
7456.70117402,52.7012471925
7462.01237035,104.602963756
7467.35342169,67.9025049045
7472.56823087,75.6903750941
7477.8290863,66.1234604837
7483.08816767,45.7436244204
7488.34823155,61.6927485892
7493.54619384,82.237168934
7498.86459684,37.9649566986
7504.11487651,112.445371332
7509.42676044,59.6886240827
7514.66079354,79.1419369602
7519.92356157,120.363679302
7525.15839505,92.2714324751
7530.45457649,90.1626882228
7535.68482518,83.3256632281
7540.93482161,100.146404128
7546.49136591,96.050040559
7551.72960877,73.1998492706
7556.98119259,103.242580675
7562.23386693,94.9087155731
7567.50767803,43.8466901177
7572.75223351,89.7472357958
7578.03851986,79.6506360272
7583.24545097,101.876901635
7588.55708337,99.3977938268
7593.79928756,106.737683445
7599.13675284,81.4080515832
7604.34122658,76.7186107
7609.66859126,92.4181835704
7614.88942313,99.0176555053
7620.16023278,84.9086715313
7625.39684892,61.4676746735
7630.68571019,95.9275840291
7635.90877533,98.8387607101
7641.17232895,102.477526696
7646.43394995,67.9152293806
7651.6772027,74.8526139563
7656.91443801,42.9791305596
7662.14531183,54.3247201704
7667.43875051,110.87172183
7672.68596482,27.5521466284
7677.95983553,123.594090007
7683.23601294,53.4044289198
7688.5238328,77.2085872021
7693.74765897,57.4913489701
7699.0258882,43.7604807374
7704.2938478,81.027482843
7709.59688878,101.420879412
7714.80980659,88.6493986331
7720.06309962,100.663829989
7725.8652668,93.4585828201
7731.29716277,45.722544998
7737.30376935,85.3771499535
7742.50534558,94.3216671702
7747.78259015,76.4257592334
7753.02349973,41.7217741509
7758.28767347,98.8450063801
7763.59943247,64.7277849135
7768.92242432,102.653760859
7774.11138654,100.320641694
7779.4440465,106.091378617
7784.69609928,109.288716163
7789.96469831,101.928446811
7795.24663877,100.600725224
7804.99229479,102.862198831
7810.38200665,85.6777571698
7815.63884306,97.1691788241
7820.92242861,99.996894625
7826.16160321,123.309565497
7831.45588112,50.7135931455
7836.75775433,108.556024869
7841.99139404,59.8282241473
7847.27768874,82.779099257
7852.5140295,91.3348191992
7857.76717448,105.81962745
7863.04501653,88.536360928
7868.3229897,80.3965881044
7873.5575819,55.0674062661
7878.88277221,56.0413034485
7884.0737915,35.4706089871
7889.38483834,73.2597355558
7894.64911532,46.9730733432
7900.04252696,83.9386154397
7905.37873483,87.7631978263
7910.90524864,116.133704338
7916.18052292,96.7088788511
7921.45290494,69.3941929457
7927.93021083,103.636193166
7933.36615014,105.292115246
7938.74557209,73.9539812946
7944.02477884,98.0907707977
7951.33998132,78.9583866214
7956.61176014,37.8922817648
7961.8763442,81.3097564666
7967.11968279,99.3841829593
7972.32833838,85.3732748345
7977.56108069,67.0789911087
7982.79048347,89.1373390252
7988.01933479,32.0706989533
7993.25133324,97.3359463178
7998.60821772,94.3341977401
8003.83922505,38.1947868361
8009.13323975,38.7256863937
8014.38655758,79.6228921327
8019.68805051,102.111729679
8024.91784334,106.780339919
8030.23632264,66.5883459743
8035.47075868,93.6492155732
8040.69822216,77.272679561
8045.95709562,51.4622052
8052.74663544,41.363966488
8058.02022266,73.6156545309
8063.25517893,68.1516724388
8068.52222371,112.129115326
8073.79559588,44.1265747044
8079.2053628,86.5300254815
8084.42322707,93.5851220187
8089.68562722,25.4778517826
8094.91928411,103.724201072
8100.18910527,74.0163356547
8105.38317466,124.567815711
8110.64511847,91.8336375644
8116.02178955,118.588047588
8121.32597685,71.2729863225
8126.63401699,72.5619162125
8131.84113812,59.6673811536
8137.1117084,89.1354330758
8142.37125182,77.6521609018
8147.71775532,96.7363528528
8152.98918581,104.382325966
8158.33021474,105.50629531
8163.60326266,106.294014381
8168.94958043,87.0775280339
8174.1476922,55.6492828327
8179.53615594,31.1436366112
8184.87401366,50.610915518
8190.16800499,77.0305796521
8195.42088318,99.7452453383
8200.74559093,109.573594689
8205.97119498,118.101719638
8211.3247385,47.3056097862
8216.60558558,63.5277191163
8221.89396548,89.273309643
8227.18119979,40.1457438788
8232.41279745,89.7191241851
8237.7193923,45.4154041179
8242.94491935,103.145163302
8248.2029767,74.9192252273
8253.43145108,125.215006014
8258.75798297,71.7368736858
8263.96111298,66.0573779762
8269.29424644,58.9034842135
8274.49329066,77.6726482163
8279.81420827,65.4243936549
8285.10817599,27.6969839015
8290.36409855,31.2128107809
8295.63231635,45.5371232871
8300.92462015,16.3931857372
8306.16844869,14.1577198805
8311.4640646,71.3596952784
8316.77892923,97.8578335811
8322.05477548,114.533860954
8327.31979847,71.9975837035
8332.56138182,3.16964381691
8337.82575703,133.813583235
8343.05151653,108.382348182
8348.35197353,93.0124807966
8353.55997181,106.250990484
8358.86246276,38.4815390412
8364.05973744,64.4616985209
8369.96481752,89.2003844878
8375.2863524,114.129634143
8380.62328291,93.3982690306
8385.83852172,36.8266558759
8391.12141967,114.876232662
8396.43676996,94.7116806583
8401.69592714,107.403558163
8406.98854375,75.5426710149
8412.22158194,115.705978786
8417.640306,91.9582241037
8422.87064552,27.8164438759
8428.19124389,105.274005592
8433.3902967,59.0404515766
8438.69827151,57.1267970229
8443.93260288,104.678081661
8449.32205248,82.0690093475
8454.54625583,91.6481933781
8459.8587749,127.915814187
8465.118361,6.06045564092
8470.39573359,93.2685823828
8475.63412428,105.442263003
8480.8954103,98.4093175741
8486.12753892,97.2111781777
8491.40028024,119.379961845
8496.66813111,116.19345365
8501.95303059,99.3147205707
8507.33230948,112.143242111
8512.58631396,65.8377007656
8517.92155075,77.452022068
8523.23064947,92.3741170197
8528.5024519,87.1142611472
8533.69799161,89.7070616782
8539.11891651,101.868992964
8544.3027935,94.4049867712
8549.61663389,127.137533668
8554.84163976,84.0044896963
8560.1656034,77.7629358241
8565.4003222,87.2470578252
8570.67525291,103.254272417
8575.9447186,63.6649979573
8581.25167227,101.991332343
8586.50733232,85.0524934348
8591.82974482,28.7283362416
8597.09920096,85.5367582218
8602.3750062,62.8708147892
8607.66029811,84.2805469152
8612.878968,88.035869303
8618.18330288,88.8334858346
8623.43978882,86.3761193203
8628.76400924,56.345398089
8633.99624228,69.5888709088
8639.33504677,84.7913903593
8644.58185387,101.962877221
8649.86396289,113.585402138
8655.08006001,115.213933215
8660.44819808,77.153056233
8665.69118285,69.1077755771
8671.01130319,99.4209969135
8676.2428062,77.4553110903
8681.49526834,49.6374434287
8686.76216936,105.195212639
8692.55379391,23.3269669591
8697.82781935,85.3035285151
8703.09421563,87.48003746
8708.44134998,101.603131071
8713.62811518,111.426441548
8718.98830795,105.872727052
8724.2261579,104.763972623
8729.53420258,77.6578962892
8734.73460507,96.4621568227
8740.05036616,104.664704916
8745.27613282,94.5537863385
8750.59923244,128.679917283
8755.82811332,107.738987844
8761.15784287,96.7332802776
8766.50693727,68.8442585243
8771.82010508,101.686232051
8777.11367655,98.400390331
8782.35044932,113.810102291
8787.64557505,40.4108635196
8792.89214826,97.2504247531
8798.13702679,104.842048616
8803.37637329,117.116220446
8808.6707902,94.0153184999
8813.89562964,72.6954044697
8819.24595165,100.855496409
8824.47131824,79.038503945
8829.7817874,99.7277125891
8835.01381803,107.714160656
8840.27411318,122.276594493
8845.47846675,119.726571932
8850.84378862,93.2241691023
8856.07330799,105.1672467
8861.33949971,105.568706839
8866.65863323,109.522529728
8871.89444876,100.287415323
8877.22717786,95.4470154307
8882.49794531,132.014828778
8887.80242729,42.604708016
8893.02980566,45.3828989344
8898.29356623,105.781309876
8903.51683354,52.4064385296
8908.82111049,80.8376315743
8914.07120085,60.9780810222
8919.42777753,115.062615581
8924.66364431,107.580850067
8930.00063777,84.5292045064
8935.26902533,111.946943739
8940.55966902,81.4566100785
8945.81737638,77.7849010735
8951.1202147,111.003810298
8956.48672986,41.0877607555
8961.80710864,28.6627607724
8967.10107017,70.60290453
8972.31064677,119.538897011
8977.61210823,47.5300800365
8982.87660336,72.617309514
8988.25587249,140.088600929
8993.48698974,120.427081541
8998.76745415,77.8596817522
9004.02048373,111.441978232
9009.96478987,114.010382261
9015.23149943,104.208240706
9020.50514436,111.621097809
9025.70721769,106.156527598
9031.00379419,84.0504031872
9036.3462801,97.6394104857
9041.63204598,83.3656044612
9046.94745111,47.7456448923
9052.14491057,102.224774772
9057.40958476,101.523147272
9062.61413264,31.7850373432
9067.91056776,120.045173151
9073.15553498,94.2245550148
9078.491889,57.1440574522
9083.7251153,124.632361816
9089.1128397,127.680804682
9094.32330418,117.136231918
9099.63701749,98.5029250551
9104.87385106,96.9153839924
9110.1853025,94.5502171057
9115.40589023,114.935147595
9120.64901352,108.665632973
9125.89573789,90.0776861126
9131.18310523,113.239218117
9136.52264571,80.2194302665
9141.80721331,83.0935687247
9147.07786417,96.6783444147
9152.35071301,101.918888742
9157.60853767,105.491204655
9162.8328352,108.529229345
9168.09590411,113.323338908
9173.31156015,46.3346183182
9178.67449856,107.689904511
9183.9010148,115.261753445
9189.19633365,109.720595973
9194.43210244,125.780178457
9199.84515452,109.700231708
9205.11442518,88.8643492512
9210.3523283,79.2498570841
9215.57871556,118.174572326
9220.88678646,42.6772675885
9226.13498306,113.835626424
9231.40170002,95.5890953898
9236.64327216,27.3250797128
9241.90586209,62.6543869835
9247.25123215,110.452317742
9252.51662087,97.2693246848
9257.80466652,39.7149570389
9263.05543256,82.6030932465
9268.34756136,109.203134128
9273.56066036,92.8013146391
9278.94159532,82.3003548639
9284.17372513,123.961995705
9289.47912407,125.851849973
9294.70693159,84.7619439182
9299.99896431,116.980257424
9305.22734237,72.2881069057
9310.48817205,96.2922077386
9315.76907587,118.933477227
9321.0761106,105.517893274
9326.92478538,107.901581596
9332.1746316,118.111307141
9337.49277949,64.8659360109
9342.74454451,31.8164327202
9348.08956552,90.5592193114
9353.3219862,74.4130473363
9358.65107441,100.976639153
9363.92179298,110.92751879
9369.27288914,108.950158924
9374.50659585,96.5723445727
9379.81774926,76.5167164588
9385.03130531,100.06272862
9390.40368629,61.6183257993
9395.67837858,19.818464073
9400.99831748,114.245480396
9406.23329473,101.908257775
9411.52324843,128.319158403
9416.83408833,128.474377984
9422.05672073,80.345608476
9427.38590455,106.334331673
9432.59844065,108.586533962
9437.92519951,87.2254491583
9443.19155192,116.934799528
9448.52318692,103.611387148
9453.71231794,37.6070487006
9459.02745652,67.9676453156
9464.23586869,64.167350128
9469.57472587,120.203344956
9474.82817221,108.541577589
9480.10521579,109.052993098
9485.34036517,79.6130657738
9490.62434316,79.6649404337
9495.89361668,105.916703002
9501.22644258,73.7450199478
9506.54383945,110.773726025
9511.85292792,115.762419367
9517.09567308,91.7714137737
9522.35204005,78.8402436078
9527.65112877,41.412806988
9532.89387536,122.873821105
9538.19376659,91.5242063121
9543.40864444,98.6622088533
9548.74344254,88.8139738264
9554.05419922,87.7444196029
9559.38962603,54.8264158162
9564.61288214,63.1998405029
9569.89845896,83.3794726998
9575.15540004,79.0178488802
9580.41823459,80.9703627107
9585.70971012,68.2543209086
9590.99690509,105.973177125
9596.2122426,124.331671783
9601.62303042,111.87077627
9606.90632534,48.3665998609
9612.14289117,96.6334944423
9617.53509688,33.5336398028
9622.78473687,107.506550927
9628.08803892,92.9396137409
9633.28496385,90.4525937591
9638.59092593,121.205228294
9643.78428507,106.287261502
9649.67867494,87.6783932846
9654.90265822,101.622091955
9660.15929365,72.8623884384
9665.39822054,47.7925304286
9670.72258091,79.6257362205
9675.95460343,83.4890151232
9681.22397757,108.701388662
9686.53956723,40.9909275979
9691.78624535,61.9617395419
9697.14338183,125.460355714
9702.35942268,72.9140151936
9707.64544988,110.73554623
9712.87543726,83.6080402336
9718.22661519,81.0943901265
9723.49758005,108.498398019
9728.82038879,86.0378881766
9734.04156756,70.2409312667
9739.34583974,121.439854385
9744.54681277,101.348042112
9749.79690838,74.5041275101
9755.02374744,49.0105121376
9760.33337688,123.275383073
9765.59905577,98.8845947264
9770.89118099,108.997223028
9776.20874453,100.115653719
9781.45873284,86.9704912434
9786.81719899,88.9601917983
9792.02722526,103.000967683
9797.34575987,115.45772343
9802.58712816,32.4227181312
9808.02411103,111.781959486
9813.24391484,104.057936076
9818.59309697,108.753064485
9823.83100462,99.3983313483
9829.19539976,100.66730065
9834.38598609,105.591998107
9839.72088194,102.969843832
9844.98407435,64.5991553892
9850.28434014,75.9730615977
9855.5411613,120.673545698
9860.84258366,110.646773587
9866.08348417,107.198162729
9871.4003768,52.0998797738
9876.67228913,106.491648309
9881.91911817,90.6324602177
9887.2082324,87.0243620462
9892.45282578,96.3769187203
9897.72659945,61.0538676974
9902.97006202,131.458470633
9908.23102045,102.511921134
9913.48864269,110.22715472
9918.88439322,105.081811051
9924.08528328,109.791870597
9929.45112944,117.775355223
9934.71053505,104.606131272
9940.03415513,109.36348915
9945.27985168,132.937234554
9950.57644272,117.828223366
9955.81515408,105.887891824
9961.07174134,71.4566851325
9966.9554038,104.420782002
9972.18732643,102.776123461
9977.52951837,138.840399188
9982.79290938,138.256862308
9988.0772922,67.7476377364
9993.40308833,89.5114235791
9998.77572417,105.48934008
10004.0680666,88.7561473527
10009.3421464,80.7468074487
10014.5623527,57.1182714478
10019.8874116,95.5717375012
10025.1493626,82.064282287
10030.4675686,115.996906926
10035.6730788,86.7156383832
10041.0670185,119.847151928
10046.5998414,96.3623797072
10051.8868105,112.951193692
10057.1783905,45.6187021589
10062.4341168,45.6187021589
10067.7750535,117.232794851
10073.0332861,72.7053511292
10078.311578,102.216852966
10083.5869443,137.610392406
10088.9575424,119.198961226
10094.206542,65.6451062552
10099.4773722,96.3274490873
10104.7277546,119.212430456
10110.0426517,79.9331533173
10115.2539601,105.875344785
10120.5071862,92.5987720663
10125.7708788,100.841635265
10131.1073928,76.1477908029
10136.3299866,125.662576762
10141.6273265,69.927334505
10146.898432,95.0607471419
10152.1735277,91.3510114577
10157.4787958,82.5678110839
10162.7224121,127.075527006
10168.0289881,115.539102573
10173.2464123,50.5042834618
10178.54001,46.6546626341
10183.7822442,118.371247339
10189.0654955,98.194421037
10194.2711871,65.1768760113
10199.6528702,65.7649485196
10204.9465122,95.4941612349
10210.2272058,118.862342741
10215.4987502,83.8946961941
10220.7572854,81.4686914506
10225.9952335,116.724297432
10231.3524959,114.884938592
10236.5992889,72.0721205669
10241.897285,87.7004333412
10247.2636275,29.7602910312
10252.4822755,65.9208675023
10257.7494793,117.660264025
10262.9911416,10.6655269382
10268.2801926,106.882592286
10273.5243061,115.993677395
10278.8698988,125.095474379
10284.1127226,91.0713791782
10289.9847879,91.4282450512
10295.2547352,29.1251001914
10300.5385292,22.7991575851
10305.8171475,105.807816407
10311.0905001,91.9142154016
10316.363564,108.679621339
10321.6182735,108.047035958
10326.8973372,104.43502029
10332.1876686,111.066347928
10337.4675138,39.4233280605
10342.7202706,125.682586356
10347.9646728,108.060935962
10353.1894422,32.0599408399
10358.6659987,120.696067446
10363.8675783,67.0053005564
10369.1750104,123.529353577
10374.3681173,110.846099529
10379.6953433,119.523087605
10384.9340112,26.0972615763
10390.2074976,67.2649333688
10395.4082167,117.308744146
10400.7165885,93.1138640574
10405.9195821,90.2280852838
10411.1850731,96.9657848375
10416.4250503,37.67550772
10421.6654758,69.7965167574
10427.010215,114.346686554
10432.2471211,125.455310967
10437.543185,73.9663659137
10442.8193791,107.371029957
10448.1194153,96.1129033446
10453.3819902,105.050259206
10458.6616974,103.867168459
10463.8735254,108.179362674
10469.2290556,109.089875182
10474.4316299,106.033491228
10479.7582092,117.131467941
10484.970645,88.5265730407
10490.2775218,108.673855814
10495.4956899,120.366113745
10500.7944727,70.328274793
10506.0333564,103.162216893
10511.2943244,69.3957216219
10516.5877693,93.3376828609
10521.8304067,123.463121369
10527.1367354,126.8146977
10532.3432066,54.5189424651
10537.5870061,72.1632965055
10542.8925707,79.0050415051
10548.2645812,69.5107786653
10553.5510433,118.620327452
10558.8889093,105.625302103
10564.1469877,112.375350218
10569.5241904,34.2813903428
10574.7636683,105.560949961
10580.0898292,103.016237559
10585.3731542,94.758646363
10590.6325114,89.4364017475
10595.8510075,92.1021475453
10601.1224003,36.9157701944
10607.027482,128.4890249
10612.2962031,109.056254783
10617.6020923,112.888834218
10622.8570094,140.481560029
10628.1559663,95.8260152241
10633.403373,109.781466319
10638.7169321,70.8413980972
10643.9542551,65.3494286976
10649.2477365,93.7893665268
10654.4523621,109.088642813
10659.8899384,94.4557917924
10665.1403813,110.895743455
10670.4077098,90.6584417426
10675.6316621,114.153663247
10680.9051707,102.965747442
10686.1608045,96.9256066896
10691.4912987,107.65693445
10696.8294437,134.908738123
10702.0765569,131.417519117
10707.3687675,109.969288648
10712.6430423,56.8263929897
10717.9731772,51.0030029771
10723.1843703,59.2282980628
10728.5361643,107.106345078
10733.7566381,86.4673559581
10739.1115611,128.177116497
10744.3275084,114.446825461
10749.6554103,131.061962951
10754.8560061,124.453079965
10760.1368122,85.5725298777
10765.3591912,85.2102080444
10770.7228518,88.4830711322
10775.9625764,78.7654338347
10781.2375131,105.003416404
10786.5272286,110.300490837
10791.8408568,129.784940604
10797.1382535,129.590902899
10802.4153242,109.187312909
10807.7395613,142.222962689
10813.0159044,87.108172302
10818.2856681,81.6428011633
10823.504791,132.423137222
10828.8209782,74.4145855756
10834.0469427,100.725208267
10839.3189368,93.0838001367
10844.5255525,99.7209093805
10849.8538084,69.4948985849
10855.0862238,140.289918131
10860.3390236,104.32578948
10865.5870161,110.534734805
10870.9382131,65.8086804404
10876.1697505,103.927566779
10881.4858415,41.8509334122
10886.7811384,99.8461569228
10892.0423484,106.569856757
10897.2990675,64.8706947052
10902.581471,92.7895921282
10908.005955,107.004924191
10913.2150693,130.63091719
10918.6061277,106.142260069
10924.4008055,119.179788083
10929.6982379,45.8613565042
10934.9983747,110.484921368
10940.3217616,122.373285768
10945.6158533,123.493283643
10950.9743736,101.696957034
10956.1826603,109.460898232
10961.4532609,109.935517108
10966.7233536,68.531577318
10971.9421968,50.6915886644
10977.2201815,138.648957627
10982.4773598,81.9775378116
10987.7815201,115.413402641
10993.0191813,116.011375541
10998.431545,55.908379026
11003.6600749,116.865019178
11009.0670192,108.368514429
11014.2652864,115.293100326
11019.6335676,113.832037269
11024.9094384,131.174265998
11030.2198722,42.3330430709
11035.4730337,76.9980177634
11040.710319,111.908957328
11046.0113947,122.660612837
11051.337338,56.9228781019
11056.6481411,114.001656125
11061.9577758,93.8334727706
11067.2149167,85.9608347858
11072.4166534,106.064138933
11077.7995713,86.5785420125
11083.0574534,103.709278754
11088.3443596,122.553240102
11093.5717525,55.06413451
11098.8845985,116.921638513
11104.089705,64.0486647798
11109.3931892,106.973890144
11114.6926029,32.3764498512
11119.9571106,70.3928768176
11125.2289925,129.328937556
11130.6479754,81.628599865
11135.8868694,121.885772066
11141.2219486,119.267273086
11146.4902849,116.147340846
11151.8164003,107.068677709
11157.1162965,106.118592544
11162.3909588,67.7991983987
11167.6955898,112.568758185
11172.9485626,114.26045803
11178.3142242,89.3898816372
11183.548759,119.093465508
11188.8430457,106.738466152
11194.1062069,53.1927331083
11199.4269276,105.543697988
11204.7101436,125.865858533
11209.98387,54.0485557693
11215.2599425,99.4050159463
11220.5613778,131.71470169
11225.8640795,125.145022157
11231.1768436,131.333853163
11236.4985366,98.9095463057
11241.7849009,115.580841158
11247.6408088,107.374929083
11252.8675528,133.011510435
11258.1715798,128.509734336
11263.3940997,108.281113441
11268.7210178,112.481766346
11273.9493849,105.231610255
11279.3645997,117.183422103
11284.5743158,98.0719700479
11289.9575713,116.940815607
11295.1873953,106.019137006
11300.5486925,119.175027499
11305.7767446,86.0813277373
11311.0915143,133.713129009
11316.4575634,105.147154703
11321.735081,67.5454857699
11326.9848442,126.607607394
11332.2156656,123.939227935
11337.5183516,127.964555294
11342.8321934,123.558442078
11348.0780473,40.7257011108
11353.3149519,62.4951608863
11358.6716318,102.719697234
11363.8957984,109.802833956
11369.2056935,125.952632458
11374.4703872,127.41230108
11379.824482,130.319718843
11385.0983133,53.433922794
11390.3795407,126.867848103
11395.6243873,132.975624027
11401.0244479,107.308101739
11406.3307953,125.68781818
11411.5839493,61.8174396316
11416.9040926,128.040908169
11422.1351318,107.971633499
11427.4003112,89.7474970655
11432.6343722,118.187777235
11438.0947819,121.822477424
11443.3008089,124.152873188
11448.6396329,77.1949987338
11453.8434889,131.992007955
11459.1643772,129.525936949
11464.3672962,108.380370961
11469.6894054,78.7682115756
11474.900167,124.51548189
11480.185508,15.2293913579
11485.4211721,106.06716299
11490.8148251,103.105399724
11496.0612013,137.050147308
11501.3778706,119.756318424
11506.6521564,112.018485598
11511.8958535,79.9740488276
11517.2064488,118.371673721
11522.5244672,120.596104699
11527.8097706,123.541396111
11533.0453134,121.830047275
11538.4525974,72.7727505804
11543.6694896,107.363988149
11549.0887933,96.3450809243
11554.3045468,113.492004978
11559.6952007,109.086758276
11565.4896996,131.425767566
11570.9014561,119.374283866
11576.1571596,123.998878379
11581.4834497,91.5900434994
11586.7962842,124.944539267
11592.0427449,133.972140219
11597.2938542,50.1961148391
11602.5848224,54.0572839408
11607.8721039,107.567054093
11613.0852308,91.8639357465
11618.4536617,109.100253467
11623.6942594,106.932552517
11629.0299332,123.69699959
11634.2313859,55.0092993641
11639.5901337,113.581450895
11644.8734589,144.630071165
11650.2048211,130.830771911
11655.4421682,101.1349459
11660.6984844,131.653983209
11665.9264259,85.4638400447
11671.1627588,67.2529347501
11676.4851422,95.2725305022
11681.769129,91.3250193485
11687.0134518,113.959692875
11692.2731764,81.2033127634
11697.598155,114.676212864
11702.8180602,73.2551496628
11708.1249399,57.8540881995
11713.36322,79.8766256886
11718.6686671,50.5321679102
11723.9104044,71.9215232065
11729.1897922,114.732067436
11734.4347818,112.249519733
11739.7867126,121.095475391
11745.03422,101.745372114
11750.343859,120.798485575
11755.599427,96.5143509551
11760.9583035,72.9036571259
11766.249738,106.96559142
11771.5686438,92.6229716776
11776.8960767,96.445312437
11782.2069349,100.750616493
11787.4938245,54.3399508663
11792.7638905,136.513880214
11798.1203885,82.7939083223
11803.3279333,104.255349878
11808.694555,111.696265047
11813.8797898,94.6429664247
11819.1525638,113.506904594
11824.3647482,85.6271286661
11829.7208967,133.519233922
11834.9580469,96.0548210417
11840.2119045,95.5856437821
11845.4837985,123.575091106
11850.7685418,121.995786864
11855.966069,127.076309108
11861.2557042,131.247545757
11866.5067012,124.250882692
11871.8600814,100.23580916
11877.174135,119.510098556
11883.0058773,55.686000238
11888.2466919,112.513702451
11893.4426577,137.791772837
11898.7868185,125.059476715
11903.9883213,99.9350424827
11909.4398115,106.47606996
11914.6786196,130.454593929
11920.006932,91.5161636333
11925.3226388,119.834110727
11930.5940354,143.006164842
11935.8477771,131.492604897
11941.1150856,82.3693570156
11946.4194374,109.663100143
11951.7012284,87.3360233134
11956.9767115,105.896984161
11962.2129078,97.723645743
11967.5140474,95.179785115
11972.7507238,126.509139103
11978.0034544,84.4696073321
11983.3141766,103.487025822
11988.6983616,109.308078601
11993.9116943,110.96711024
11999.2102919,-9.99304594367
12004.488833,85.0902770081
12009.8269858,129.379395784
12015.1208041,122.168312626
12020.4296932,108.727536376
12025.6671517,136.127626442
12030.9720898,141.92423038
12036.2122211,73.8901155107
12041.496839,130.434777927
12046.8038404,116.937746744
12052.0417423,99.3885904052
12057.359576,83.8499512867
12062.6490107,117.69217569
12067.9607229,105.931749294
12073.2475634,102.151533604
12078.6967099,89.6351178319
12083.9059482,80.0801267015
12089.2466919,63.1910403226
12094.511652,126.217952843
12099.8368559,92.9268666092
12105.086632,116.631144
12110.3242507,109.606434328
12115.5321298,139.6164113
12120.8208296,124.85515874
12126.1085224,114.185060006
12131.3548255,103.649489567
12136.6011074,100.77057982
12141.8674519,137.435743651
12147.1299939,116.706317502
12152.3619134,43.6417953874
12157.6447754,60.6251492397
12162.8428872,67.0165105559
12168.1420462,114.86034605
12173.3872063,124.789993794
12178.7534811,18.2036121656
12183.9511168,59.9745911243
12189.3291485,101.492008668
12194.5427854,125.041546865
12199.8595757,131.717098811
12205.7033284,108.422108948
12210.9822927,122.32929119
12216.2724111,109.704643558
12221.5309572,100.755023037
12226.8638155,112.792732782
12232.0840046,95.1203963509
12237.3735139,98.0229630466
12242.5975633,106.708648812
12247.8969722,97.9022578047
12253.1991105,122.90798989
12258.6314595,109.811802091
12263.8596356,115.943073489
12269.1712849,134.148948138
12274.414187,128.538119122
12279.8711896,95.3006694138
12285.1055958,120.055887287
12290.3704455,85.0492462686
12295.58375,85.7065855865
12300.8659921,131.811201923
12306.1655588,72.0359691784
12311.4412258,109.645577006
12316.7562523,114.844451183
12322.0161777,49.6751689634
12327.3067868,124.294806807
12332.5252414,105.185160377
12337.7937338,116.382790508
12343.0605373,119.840988303
12348.3522856,126.088125137
12353.5377069,38.8936050506
12358.8721626,121.593148833
12364.0854743,77.4447509366
12369.4449482,132.518578826
12374.6699963,134.408538889
12379.9584889,116.238406835
12385.1951568,111.422548603
12390.5019872,84.6540144545
12395.7442877,124.373803105
12401.0664907,110.059873855
12406.3410535,83.4029018762
12411.6160212,126.34306894
12416.9066057,132.304271075
12422.1143692,101.020109283
12427.4457843,124.266533947
12432.7658927,117.186231845
12438.0134573,112.174607596
12443.2897995,83.9893040202
12448.6900027,115.582263466
12453.8839428,106.333137445
12459.2284486,85.9892127709
12464.4254832,128.272060167
12469.8219409,61.9489950616
12475.0606773,127.229828806
12480.3910985,129.560131075
12485.7541704,110.028974721
12491.0693374,120.557501613
12496.3717,93.4441283723
12501.6355715,85.7292394669
12506.9537361,94.2001580908
12512.1611032,127.773242033
12517.4323931,108.888189299
12523.318254,132.808121004
12528.7147529,130.771303199
12533.9550552,116.102723313
12539.3571212,120.604500745
12545.0569923,126.724246276
12550.3435397,99.9839297802
12555.5896819,54.1492243374
12560.8673749,101.471157715
12566.1087053,129.17708676
12571.4224524,104.112637989
12576.8078942,78.1468192177
12582.0152643,51.6172192107
12587.3524818,127.546757808
12592.581574,-3.59235101564
12597.8467684,127.124312047
12603.1145337,89.3807608711
12608.4032664,116.78937628
12613.6482098,96.2659333194
12618.9230962,120.927106291
12624.1190369,119.435328638
12629.4030931,117.846330689
12634.6357884,120.970917932
12639.9212034,132.086032821
12645.1256082,83.2355416399
12650.403759,112.774085848
12655.6335032,84.3805529009
12660.9577906,113.688201283
12666.2117839,113.994989048
12671.4957774,120.237079201
12676.7433629,125.595529261
12681.9710865,104.815124017
12687.3756716,110.000793633
12692.597337,133.899393202
12697.9532115,118.53132503
12703.2191563,112.638722858
12708.4883378,61.8613331182
12713.7304683,130.886217577
12719.0029318,107.128043711
12724.260154,118.216591971
12729.6782362,116.427505279
12734.9372289,117.406430009
12740.2698777,106.058919155
12745.5225308,105.02706174
12750.8172982,98.383467395
12756.0962398,39.0623853492
12761.397804,111.426163644
12766.6641743,128.433058367
12771.9389112,117.473589459
12777.2655492,134.030511565
12782.5524638,62.8270344758
12787.9063599,126.304881853
12793.2029917,113.665822272
12798.4984951,131.543308731
12803.7055306,120.120511432
12809.0077209,43.9317895592
12814.2604408,117.442847845
12819.5827973,116.101646293
12824.8544273,135.203215913
12830.1385434,115.18449807
12835.3627706,82.9834814094
12840.662571,108.219277113
12846.5427027,108.423653598
12851.8949296,126.478742302
12857.1905301,112.982974416
12862.467577,140.603360386
12867.7943108,112.637768899
12873.0062101,114.457096054
12878.3647003,96.8437141068
12883.5700321,137.798536498
12888.9084239,123.885314783
12894.1225626,106.981374866
12899.4039295,96.946389845
12904.6068666,86.2638558281
12909.9159214,125.57044655
12915.1840174,119.418659181
12920.4922943,112.018453863
12925.7114558,108.161342537
12931.0180101,98.9397185703
12936.2993114,53.0707048697
12941.6413951,90.944752228
12946.9508126,138.022185641
12952.2146935,32.3521736443
12957.5206866,97.1821976963
12962.7555957,94.2160652016
12968.0271444,104.993284554
12973.2524176,114.99531207
12978.6098611,119.791907121
12983.8654344,130.106170001
12989.2701342,47.1017458798
12994.501806,106.733953015
12999.8659217,137.906081807
13005.1418049,118.940240856
13010.4308376,113.080390691
13015.7208941,124.030545051
13020.9965355,85.2482466013
13026.2639954,121.684703153
13031.5410786,135.165704421
13036.8598557,78.3788227996
13042.091399,101.530196748
13047.4301107,59.9400993255
13052.6715515,58.842122821
13057.9945076,109.548440174
13063.2595496,112.437915552
13068.5628281,115.917985042
13073.7571511,82.109318669
13079.0441914,97.131285599
13084.2746289,121.960235204
13089.5974529,131.888603889
13094.8331358,102.57779952
13100.10359,62.5024612701
13105.3424671,124.972045455
13110.7276216,96.3740278691
13115.9266279,127.889943625
13121.2695444,75.2354054946
13126.6046839,93.1734461906
13131.8573956,120.004596723
13137.1264257,104.805362433
13142.4320893,92.0156234104
13147.698159,142.315383171
13152.9168518,116.110287481
13158.2881346,104.922732873
13164.0917222,91.1414578562
13169.4759059,95.8445496395
13174.7349107,50.3985841859
13180.0363088,95.2440394491
13185.3053613,136.448495372
13190.5931427,127.129015806
13195.9247317,129.683043728
13201.2305756,123.970115493
13206.567596,130.438120017
13211.90253,124.170420329
13217.2677622,118.103077318
13222.6153879,102.359162592
13227.9684355,122.154277224
13233.1760039,118.146107355
13238.5160015,135.865214542
13243.7352014,139.577307417
13249.123817,115.168940694
13254.4008534,135.982825785
13259.7153273,51.185746971
13264.952148,119.161140801
13270.2475092,94.1559066288
13275.4764285,87.0095148229
13280.7260668,93.4105597355
13285.9636869,72.1871757266
13291.2498248,104.799527443
13296.495461,130.77499257
13301.7514634,118.560417661
13307.0118482,129.730036857
13312.2267778,121.572918919
13317.5047264,124.551428392
13322.8113143,117.394899844
13328.174242,96.8199234751
13333.4460168,107.564627323
13338.8498373,104.720162249
13344.0695946,5.64395405194
13349.4749367,114.464480033
13354.7270889,120.661188025
13359.9905796,133.454039843
13365.2030022,131.294799912
13370.4919274,130.363768853
13375.7333806,126.655886304
13381.0234554,129.740212979
13386.264281,115.972467622
13391.5476587,118.969178865
13396.8693182,124.770689477
13402.0865846,98.6137882993
13407.3491821,92.30252376
13412.5826182,105.82209192
13417.8944647,26.8941070039
13423.1487715,95.1351007754
13428.4941905,122.083150391
13433.7730918,111.127934181
13439.3068247,111.946299079
13444.6377258,85.0342694861
13449.8908339,129.030858868
13455.1047585,117.06412732
13460.4174051,98.3853249973
13465.639034,120.42037864
13470.9532335,123.824249267
13476.1661959,123.547140081
13481.9894831,117.356011465
13487.2834902,21.2586149034
13492.483995,107.094462035
13497.7853825,107.969042439
13503.04862,31.2213266546
13508.3229985,87.7730740403
13513.5350528,136.571313468
13518.851306,76.2225574757
13524.0578022,93.6374975882
13529.3461115,88.9846603246
13534.6222095,147.131106862
13539.8899498,128.049884422
13545.1021414,125.613967575
13550.3454833,126.9642535
13555.5569119,114.916133167
13560.857254,100.693917496
13566.1844151,123.271720243
13571.4614024,62.2878462154
13576.7204771,121.493578382
13581.959492,123.861288091
13587.2495716,131.009216668
13592.4598155,115.001478086
13597.7787721,56.3417935654
13603.0007732,95.3455358147
13608.3455558,121.437224353
13613.5769269,113.54755471
13618.8984532,33.6394016875
13624.1122477,91.9384047906
13629.4647961,94.3785717734
13634.728236,119.529319326
13640.0128844,137.81993253
13645.2252502,124.679666368
13650.5236688,142.02773849
13655.7810123,115.764356
13661.038038,105.582545661
13666.4065428,125.361461258
13671.6694913,107.136996699
13676.9727614,113.999822833
13682.2180855,124.439862238
13687.6034672,110.940550509
13692.8664551,121.128460791
13698.1165659,120.801882952
13703.361542,123.332033951
13708.6344926,104.219732705
13713.8397417,118.800302047
13719.1386967,95.5323986592
13724.3393273,107.609727685
13729.683568,113.253373746
13734.9543223,137.661079612
13740.3564291,100.373044816
13745.646337,80.6603957895
13750.9792619,91.8237833135
13756.2018244,107.131238763
13761.5178022,103.869055742
13766.8593593,97.7191144042
13772.0886462,48.0345926955
13777.3651452,73.0624105522
13782.6304719,141.781232008
13787.9691045,110.838458779
13793.3275397,105.028550351
13798.7086282,114.193617021
13804.5100861,48.6591856296
13809.873651,81.677862343
13815.1692667,126.974059731
13820.5244994,67.8016403436
13825.7762308,90.534394269
13831.1394982,102.95556184
13836.3599577,111.85015242
13841.6881585,56.7514417192
13847.0530245,58.5142605107
13852.3299434,144.248860374
13857.6023903,118.414374679
13862.881068,118.382723191
13868.1656003,102.263806417
13873.3938677,136.525245449
13878.6821973,119.913978731
13883.9131427,134.63839426
13889.2385476,101.457833458
13894.4355471,132.774645595
13899.7533724,122.439828593
13905.099582,123.17362983
13910.3992255,6.16619801957
13915.6612666,99.309434621
13920.9203606,129.285721903
13926.2582352,70.3548092156
13931.5111873,116.205868971
13936.8395133,113.418688312
13942.0954943,71.6832279274
13947.4526634,124.439361507
13952.7190204,81.6197576035
13958.0949106,13.297787657
13963.2934577,128.000124087
13968.6183684,125.395723926
13973.8446972,127.752319677
13979.1671453,140.530466584
13984.3775275,102.522191099
13989.7087595,108.93335522
13994.9776623,96.048880473
14000.3421099,41.7545326715
14005.5771058,120.719984262
14010.8570771,124.672800403
14016.1196721,132.010213143
14021.4348454,135.28988343
14026.6963594,105.014919013
14032.0143712,108.116214008
14037.3015695,92.0958610789
14042.5854423,118.674937064
14047.8386478,112.364620117
14053.060246,95.8720453458
14058.3752267,107.37330855
14063.5922852,119.000785718
14068.86115,97.0963095008
14074.0719671,100.270473169
14079.4969366,62.9697240764
14084.7609742,134.504059199
14090.1183703,95.7628434571
14095.4155681,86.4546673405
14100.7389796,124.1461244
14105.9722257,134.84021341
14111.2590013,99.8832667788
14116.5212715,38.9801521198
14122.3663363,132.587872733
14127.6599085,131.352528512
14132.8682652,145.335821555
14138.2249382,119.16210628
14143.4322178,83.2287004782
14148.7552865,128.89693344
14153.9672732,106.858739647
14159.447567,105.878947325
14164.7409847,105.820474756
14170.0790377,104.148361656
14175.3001492,119.287233239
14180.6354194,-8.18603136155
14185.8517258,143.382382671
14191.1820788,135.603329668
14196.4942713,116.310527611
14201.7383926,27.9038227557
14206.9946601,116.863207427
14212.2423129,139.112431211
14217.5331209,116.621308203
14222.7850249,64.8806733989
14228.11518,133.161190643
14233.3919911,114.326640638
14238.7600896,102.575506757
14243.9462891,133.958773506
14249.2928917,127.321636402
14254.4993596,123.743812371
14259.8353155,57.5159358904
14265.0715735,52.2378652759
14270.3743925,118.831191027
14275.6245894,84.2316600996
14280.971282,104.172236099
14286.2250829,125.93535184
14291.5393891,98.8120987038
14296.887219,124.240948225
14302.1076083,129.979935073
14307.4250975,74.1447943243
14312.6542578,117.098661434
14317.9751167,116.837252345
14323.1941531,128.946985688
14328.506882,128.199065414
14333.72736,103.024735585
14339.091682,116.273269767
14344.3710568,135.580143778
14349.7611961,137.035396361
14355.0074008,111.492872271
14360.3297577,124.880632604
14365.5373149,121.970463261
14370.8116019,27.4698211048
14376.0532107,107.669411414
14381.3408015,109.919803852
14386.6079235,89.710772077
14391.8371205,116.788941297
14397.1647732,120.986813354
14402.4000483,116.62870793
14407.7467613,91.7792002734
14413.0571709,118.593084786
14418.4094777,111.005091701
14423.6096311,116.338865297
14428.9567926,112.531038438
14434.1642792,134.565695764
14440.0379584,131.503393569
14445.2780435,71.1018086283
14450.644017,74.912989875
14455.8656278,100.784915472
14461.1448836,132.770472005
14466.399585,24.7453136298
14471.7084863,52.8729499225
14477.0417287,74.6079851549
14482.2638879,124.042393802
14487.6284189,90.9600996401
14492.843631,102.328561709
14498.2319622,91.5854221413
14503.4422734,121.624307788
14508.7646527,92.7106075705
14513.9680262,132.590302351
14519.2948556,114.001673714
14524.5448263,51.4099747233
14529.8630958,102.937710707
14535.0952888,119.712328457
14540.3892434,51.1030344304
14545.6219339,52.7631269933
14550.8927095,80.8347451301
14556.1519108,-21.4987032005
14561.5770431,102.07448634
14566.8111689,53.9500259398
14572.0666711,113.912838197
14577.3604958,104.714639113
14582.6274879,95.7197842332
14587.878263,108.924727426
14593.1476784,138.186738049
14598.5313261,58.445217891
14603.7764759,106.345655069
14609.1865203,104.367240113
14614.4830563,58.694563818
14619.8348403,100.069951991
14625.0623043,98.1058235584
14630.3519399,112.201249899
14635.6096239,103.626329035
14640.8922186,31.4129362945
14646.1370759,103.330117277
14651.4804726,96.9912936197
14656.7765448,99.7684701332
14661.986336,112.01114399
14667.3480701,116.608844634
14672.5870237,118.120304038
14678.0262589,98.8997836258
14683.2926543,105.903765838
14688.5519717,137.043504095
14693.7867827,116.231846606
14699.1406062,122.01790873
14704.3245087,90.9185273139
14709.6889901,111.675750443
14714.9039655,107.838964525
14720.2669077,108.577910677
14725.4633272,125.40019916
14730.835166,124.586409106
14736.1631162,142.691579622
14741.3891749,103.216014343
14746.5965729,111.851713794
14751.8345037,100.695007499
14757.0905006,50.8075705083
14762.8934212,107.457237677
14768.2305291,100.089894468
14773.5354061,64.7428814837
14778.822566,116.989759069
14784.0227387,106.955874804
14789.3310471,104.65834366
14794.5613291,40.3336240413
14799.8384733,16.1402330374
14805.0964315,141.198922484
14810.4012976,135.802532096
14815.7601666,90.5300656964
14821.0258498,107.064693655
14826.2760656,106.899963676
14831.5637968,110.183456925
14836.8186336,91.8538904076
14842.0475895,90.4396821392
14847.349123,117.419177957
14852.5720036,112.523191187
14857.8069718,113.903715708
14863.0480304,115.753259314
14868.3734653,37.2351489531
14873.5636618,111.971208785
14878.8671567,109.116291305
14884.0825715,106.027855224
14889.4287636,127.287975974
14894.6278741,103.973723482
14899.901804,84.8211748879
14905.1152353,102.423399579
14910.3408155,126.636355165
14915.5651438,121.850960152
14920.8992536,142.014774625
14926.1973183,73.239706099
14931.4962504,100.309141099
14936.7815621,29.2518274601
14942.127486,78.2420522062
14947.4189835,122.589141142
14952.6295087,98.8857364539
14957.9691796,91.2729068384
14963.2237904,138.214716244
14968.5048583,87.5865208882
14973.6863921,100.055404326
14979.0200968,130.956199749
14984.2493498,135.699746609
14989.5046349,101.720744613
14994.786691,112.605252189
15000.0887418,115.392549163
15005.3733649,94.1977810814
15010.6396973,110.977848541
15015.8696191,131.098385833
15021.1400197,112.433291429
15026.4407053,104.799332509
15031.7040534,91.2287885648
15037.0845475,138.748679311
15042.5142236,138.96235834
15047.8413925,134.949285989
15053.0758121,100.530079143
15058.4797213,118.890864915
15063.6885743,106.835686663
15069.0124314,64.4159675704
15074.2217529,37.8518441351
15080.1137927,65.8300070251
15085.3305905,134.363277275
15090.6283429,124.028534983
15095.8869801,49.7830661789
15101.2049963,111.42450568
15106.4554002,113.309402286
15111.701257,124.893627649
15116.9870996,130.575760086
15122.2695477,110.304247297
15127.5425274,122.416393871
15132.7971168,130.716055541
15138.1322975,115.830133929
15143.3797872,127.878441554
15148.7082222,98.8592487589
15153.9532309,98.7098760953
15159.3322914,21.284408801
15164.5366368,83.2456834012
15169.9341524,124.191351454
15175.2632153,80.2202027469
15180.5554199,133.097615814
15185.8449655,133.402181554
15191.1665158,100.546020227
15196.4468775,82.8088348358
15201.7724576,117.023257264
15207.0599251,124.169003743
15212.2839665,100.045062759
15217.7162583,111.707631322
15222.9341762,102.601904211
15228.2266362,103.22734155
15233.4298897,123.613326923
15238.9226265,52.4912289195
15244.1736701,103.898059411
15249.484962,79.36464852
15254.7797506,106.274229554
15260.0925083,132.392016372
15265.369776,114.098230822
15270.6914523,131.31888329
15275.9918571,99.2250154413
15281.2644725,107.047712311
15286.4884422,133.465644215
15291.770155,103.826607721
15297.0225315,122.38536119
15302.245929,131.359047261
15307.5515924,80.6396501426
15312.8030055,132.762241854
15318.0574107,124.464945781
15323.3010166,109.128707389
15328.5849051,92.8019874917
15333.8299174,129.758178304
15339.169095,146.435220924
15344.4181964,130.408984598
15349.8206749,106.265600361
15355.0723991,48.8319055373
15360.3712916,63.0685899196
15365.6433492,127.923885933
15370.9414806,115.939676455
15376.1980884,113.22550562
15381.4870327,138.973214982
15386.8157961,107.045140209
15392.0727167,129.416293658
15397.3723006,110.833839274
15403.183212,111.94446112
15408.5146623,135.372339443
15413.7681649,120.864889681
15419.095489,115.128603422
15424.2965083,98.4106604552
15429.6905766,95.0964200882
15434.9720104,48.1713683371
15440.2571864,101.02970001
15445.5380609,49.0648651051
15450.8847475,133.8610473
15456.1648419,131.946101747
15461.4870858,119.173362119
15466.7499671,145.266688711
15472.0080469,54.1418353531
15477.2744656,121.505705663
15482.5617733,90.5605508425
15487.9161024,111.912316414
15493.1708348,83.8442866975
15498.5036261,133.505109569
15503.711904,30.5244320118
15509.0024989,66.0848229682
15514.2243938,143.089246582
15519.5410361,91.4544680446
15524.8147953,39.103825383
15530.1055145,122.927926552
15535.3448083,89.6915440452
15540.702451,63.7811806853
15545.9196744,89.9598114415
15551.1907103,100.928996976
15556.5115554,91.0397197399
15561.9052258,90.7485769585
15567.2941952,52.5775615931
15572.5144296,109.146635086
15577.7970452,92.4009862444
15583.1029885,105.902830546
15588.3821433,70.0483548762
15593.5662117,133.763430935
15598.904381,120.966775325
15604.1664052,121.868378802
15609.4607224,58.8863906654
15614.7364073,105.001585115
15620.0214097,106.713047199
15625.2281287,123.29735756
15630.5715342,128.182679739
15635.7919135,110.559399276
15641.1593089,99.6932483483
15646.3747993,122.550657009
15651.6768925,115.20679653
15656.9867043,108.562464381
15662.2116301,131.664809967
15667.4944384,133.31608466
15672.7225597,121.007346927
15677.9995928,115.241975534
15683.2623501,122.01333983
15688.579989,126.769881292
15693.7925875,132.174568045
15699.2282598,128.328968267
15704.5469527,83.7525744756
15709.8376343,74.059529745
15715.0835798,94.8040492945
15720.8937461,99.0105690392
15726.2534819,47.5446233264
15731.5017202,90.4322291955
15736.7836442,97.0114928002
15742.034548,112.587251982
15747.2920201,120.316566428
15752.5416231,91.9688250833
15757.8159494,123.197224814
15763.0506651,101.928267465
15768.3721986,105.659431856
15773.5749006,90.7371340168
15778.9464269,90.3731895383
15784.1465914,116.669070085
15789.4324901,130.610778396
15794.6801429,99.6299618952
15799.9519777,115.564966809
15805.1805062,132.073134023
15810.4517534,64.0949166442
15815.6902936,48.6578163492
15821.0035408,93.5696750176
15826.214252,86.3934346277
15831.5115569,126.431757931
15836.8252783,108.890832507
15842.1965222,77.1089709678
15847.4994755,148.101362135
15852.8550651,34.2993009759
15858.1039538,135.874742997
15863.3080876,107.375493642
15868.5583134,93.9449625332
15873.8115184,120.361748134
15879.1683853,26.2095181587
15884.3635271,120.597287684
15889.7544191,131.381949973
15894.9906464,92.0228081524
15900.2459104,112.662740352
15905.5253701,119.114754886
15910.7746027,99.6804392166
15916.0110888,128.649872682
15921.2577777,115.622113233
15926.6003034,119.369021524
15931.8826888,74.1020860924
15937.1330123,94.2439192561
15942.3551869,63.5843343389
15947.6377182,116.729953465
15952.9131324,93.981998935
15958.2118268,138.50671322
15963.440475,28.8580419803
15968.7654638,136.757865265
15973.9721525,125.901793669
15979.2636197,57.3185975374
15984.5014319,125.192293132
15989.8239918,134.849869006
15995.0355518,101.567817401
16000.3583975,113.284005763
16005.6331174,133.741155814
16010.9623001,93.7767075011
16016.2221875,110.499636204
16021.5045445,65.4070190155
16026.8089218,89.9631481749
16032.0497055,92.9616859546
16037.9173849,123.378119373
16043.196559,121.258506224
16048.4544785,120.041121108
16053.6854692,87.81492667
16058.9969449,108.480505619
16064.2342818,104.593280644
16069.6152043,116.860974804
16074.8720202,118.998034153
16080.2489986,116.944287792
16085.5403781,121.342525408
16090.8454745,140.66331923
16096.1108804,145.686514754
16101.4373474,121.31648736
16106.7422972,127.471805168
16112.0806503,104.526118371
16117.3716967,121.679495398
16122.6167095,94.4503297378
16128.0495019,116.672896168
16133.3103933,123.225815271
16138.7265511,117.149405999
16143.9646783,88.9105996174
16149.2678792,102.089302313
16154.5587776,109.678348957
16159.8646395,119.905506911
16165.087986,52.1128548716
16170.41486,129.924137773
16175.6423554,117.682399023
16180.9863753,91.5642764291
16186.2028608,128.431214111
16191.4807229,102.718172613
16196.7198009,97.1704818018
16201.9480009,89.8912571813
16207.2532251,112.963123039
16212.5330007,123.727957997
16217.8427522,35.04738812
16223.1167946,104.250233087
16228.5491869,108.482519959
16233.8132226,92.3010042058
16239.1908386,90.8998364953
16244.4515002,103.191596233
16249.7289796,119.365404507
16254.9824233,75.9753630533
16260.3257117,51.3212527805
16265.5820282,128.931404954
16270.8594844,31.5372589312
16276.1151989,132.749377652
16281.4242022,92.8344207475
16286.7269886,55.5210361132
16292.0106039,125.278661742
16297.333019,101.325755058
16302.5681705,52.2582704053
16307.8531792,110.966162092
16313.069942,39.1085016542
16318.4237998,91.8676444313
16323.6674945,123.073002227
16329.0001926,127.897633313
16334.195714,123.704368077
16339.4950471,105.092925457
16344.7509191,106.252478165
16350.0738804,120.783216819
16355.3071456,120.617701759
16361.1504,129.842826212
16361.1504061,139.067950666
16366.4414694,99.5033501649
16371.856642,109.711071698
16377.159296,126.231353841
16382.4215913,101.933200376
16387.7234266,95.8762006311
16392.938832,95.8284903834
16398.2282817,133.445122348
16403.4482272,121.016196623
16408.7736185,127.583353041
16413.9873853,97.4545996097
16419.3549662,106.455880655
16424.5565643,122.006934183
16429.8973794,103.983927411
16435.1566026,115.196164632
16440.5302022,87.677393899
16445.8369813,117.521129194
16451.1051955,122.490988445
16456.428499,60.8583660568
16461.6868951,144.491567885
16467.0371444,122.293588069
16472.2457883,73.1735119455
16477.5298846,91.3055338201
16482.8098619,118.756082544
16488.1067173,50.2911059164
16493.3887479,78.1727069902
16498.853179,108.719425697
16504.0551844,130.893350775
16509.3496623,128.873483084
16514.6113524,127.424307589
16519.9076505,137.555870014
16525.1479669,141.067648656
16530.4622386,126.206064643
16535.6737857,84.2014025927
16540.9254727,129.39990445
16546.1401696,104.608559288
16551.4188602,101.446991742
16556.7069421,118.787866037
16561.9635029,113.697551779
16567.3594303,116.550658062
16572.5801754,125.368282824
16577.8791301,100.140027176
16583.2145274,115.406633668
16588.49599,103.32365998
16593.7142005,99.9999555126
16598.9847629,121.389450948
16604.2080836,140.007282035
16609.5252829,131.18567704
16614.7835867,126.573826989
16620.1103418,70.2370107294
16625.3493209,120.754896758
16630.7344575,122.142922048
16635.9993525,91.2347191794
16641.2773025,111.594629519
16646.6304822,90.0418081565
16651.9408104,100.302420479
16657.2584274,108.020068799
16662.5207691,123.416542975
16667.9616573,105.289217466
16673.1761706,116.870307897
16679.1955986,105.412858304
16684.471915,129.489686641
16689.776468,74.2050809408
16695.0466487,118.900207476
16700.3059042,130.287232993
16705.5834546,79.1945538351
16710.8436277,122.016613386
16716.0726054,142.708587261
16721.4086456,122.593774699
16726.786958,127.775937874
16732.0487757,144.11195829
16737.4749844,137.202744791
16742.7028782,53.0287644539
16747.9590919,117.576602893
16753.1895523,129.171519281
16758.5216539,120.491574868
16763.8049011,52.8708496316
16769.0925629,128.442759189
16774.2820139,97.3893013295
16779.5926178,115.601510648
16784.8404772,113.888432319
16790.1642988,131.855982729
16795.3849473,29.0179088086
16800.6982603,56.5943564262
16805.9615457,89.568674385
16811.2180519,131.326800327
16816.5607896,135.090532163
16821.8076758,118.089853412
16827.1110482,97.8753216307
16832.3395526,109.320449918
16837.6690323,122.820583076
16842.876857,131.162448373
16848.2242649,119.207178497
16853.4371054,61.3179922682
16858.7483959,134.837959286
16863.9432924,104.025564434
16869.2978475,109.979137022
16874.4961417,133.068540318
16879.7849648,83.5789439062
16885.0012891,104.782838615
16890.2416008,78.5533111803
16895.4745719,121.317955811
16900.7451284,122.328060355
16906.0040512,109.513388615
16911.3322301,102.931463902
16916.5907202,112.751982038
16921.9195805,127.576234561
16927.1925941,128.261437595
16932.4756796,47.6056220643
16937.8602388,71.3811326717
16943.0881357,111.509938113
16948.3353791,98.2395361445
16953.557019,69.3279831386
16958.8596175,97.346935117
16964.0888033,58.8314370695
16969.3779578,136.741958925
16974.6033769,136.549968989
16979.9678583,105.325005927
16985.2039008,138.767294917
16990.5185957,108.207939891
16995.7680902,99.4386797668
17001.6031189,127.119755736
17006.8909469,60.1137277841
17012.0997932,143.543040078
17017.3574486,29.3988467091
17022.6077642,79.6427484661
17027.8980019,106.589794947
17033.1376562,65.8191842419
17038.4534481,80.6564396097
17043.6882265,120.989967491
17049.1296005,135.252887602
17054.4169655,128.138623486
17059.7218318,137.731733807
17064.9706838,105.007024466
17070.2776184,116.853976958
17075.5139184,111.393763736
17080.8006067,35.0560883331
17086.0713727,83.0371680352
17091.404254,110.062156636
17096.6230061,124.682390578
17101.8599021,129.996220768
17107.1590593,63.1127680068
17112.4080715,94.9073911243
17117.7162426,47.1527840536
17122.951478,85.9590611817
17128.3783655,111.27456945
17133.6111665,90.4443293781
17138.9347308,118.088162939
17144.1503675,142.925282507
17149.4655826,131.169672895
17154.722964,142.94966153
17159.9787076,81.3674233808
17165.2508261,108.215192301
17170.5496051,104.125724343
17175.8187301,95.6540453441
17181.0906017,136.525979153
17186.3520663,117.895134083
17191.6211519,72.7696934881
17196.9912388,129.567938533
17202.222384,116.242870061
17207.5207751,51.3245811255
17212.7400494,124.52214855
17218.0603826,93.5844624642
17223.3189745,116.145463575
17228.6286919,31.2219245561
17233.8656266,131.710642878
17239.1449845,133.173733496
17244.322356,130.385849194
17249.6502478,97.5534672001
17254.8764734,119.427400044
17260.2234766,121.446701468
17265.4366512,115.879427419
17270.7422659,125.156702511
17275.9886179,89.4857469192
17281.315264,93.8548903106
17286.6836905,95.8351766021
17291.9268155,84.0410346259
17297.2207417,108.759384413
17302.4526057,103.949908133
17307.8458064,132.500218963
17313.0432448,86.8971293511
17318.8549557,90.2649381894
17324.0478916,119.765115483
17329.4190555,113.098566511
17334.6866581,146.450211613
17339.9638441,115.106905457
17345.1721025,129.07473199
17350.450501,136.901157304
17355.7403646,107.063657377
17361.0450037,125.521119836
17366.3195732,124.554771098
17371.5633681,135.778223661
17376.962914,127.255160332
17382.163939,102.515959571
17387.41925,103.967157442
17392.6952,130.693396151
17398.0437908,137.794947606
17403.2987902,128.324684484
17408.7097883,127.673099281
17413.8951027,129.689692058
17419.2704222,82.1930387172
17424.5008483,63.5390751736
17429.797179,117.259884116
17435.0331581,107.057540046
17440.3131363,112.060310654
17445.5814331,58.9689346254
17450.8487527,101.344939866
17456.1102266,78.6463012224
17461.3890176,120.098324503
17466.7535708,118.570964536
17472.0196671,121.957239527
17477.3146734,58.1209512608
17482.5692759,109.036923686
17487.8342347,96.4286145704
17493.0919285,86.7494587359
17498.3528199,91.5620294457
17503.5645418,128.47326293
17508.8566849,104.256405347
17514.1063809,135.080375016
17519.4028735,90.2419804408
17524.6647499,115.010747716
17529.9715421,83.4389035998
17535.2901454,95.9278874821
17540.5757165,97.0653517918
17545.8312821,128.811774434
17551.1220405,89.3463858192
17556.3758304,117.108447814
17561.6031377,107.848857808
17566.9842722,131.055207867
17572.2189984,146.152868379
17577.4950888,126.92917971
17582.7056074,100.614304169
17588.0462084,112.857891881
17593.2989242,92.8822298738
17598.6112816,112.725769273
17603.8855751,89.0484747196
17609.2270265,88.5211540566
17614.4790404,117.021386903
17619.8147521,105.635455953
17625.0474365,127.344152049
17630.3601077,112.130076369
17636.2522306,64.1607008041
17641.6100287,114.134582551
17646.9097219,93.3249538915
17652.1415799,119.83819722
17657.3950818,58.2501074446
17662.6321409,96.0792065324
17667.9258976,105.390640285
17673.1644747,130.973086815
17678.4791133,118.446916002
17683.7041438,123.448151474
17689.0105207,122.656634092
17694.2275753,110.073407595
17699.5411971,116.000660705
17704.7891028,115.75442258
17710.1515934,96.0780947178
17715.3965433,41.0428503772
17720.6692193,130.003908832
17725.9196267,125.03275686
17731.2376816,109.396408795
17736.6409478,140.143384421
17741.9519594,87.1583121965
17747.2910819,130.091899581
17752.5043099,98.2586106625
17757.8582418,116.824824272
17763.12623,112.4212309
17768.4207935,48.2622737972
17773.6836507,142.245484624
17779.0176983,115.059225117
17784.2111142,141.272599251
17789.5111334,135.478631777
17794.7342241,51.337680513
17800.0242436,121.650543789
17805.2937465,74.475000052
17810.6225638,131.159076368
17815.8383019,125.677590526
17821.0906837,104.554934717
17826.3721373,83.8679844796
17831.6244056,110.977416917
17836.8833582,103.553926533
17842.1826851,127.980344015
17847.4980307,125.188642594
17852.7275465,111.236388299
17858.0355694,103.285018343
17863.2686634,120.148847544
17868.5321252,59.5800281566
17873.763274,99.2162715646
17879.0764506,74.1623475046
17884.3304131,119.635661337
17889.6742947,70.2442689847
17894.9076943,129.355518523
17900.2415032,79.8544183445
17905.509532,128.953720267
17910.7841194,106.151738299
17916.0302525,123.321917942
17921.3423789,114.014925191
17926.5799584,133.963664865
17931.8804324,119.555907068
17937.1601055,119.689138935
17942.464479,106.144409399
17947.7579839,84.6315472457
17952.9980266,92.8060430797
17958.9253728,135.817671318
17964.1601634,105.678377671
17969.508606,118.284587807
17974.7426581,112.922385772
17980.0122421,122.891248388
17985.2353661,76.0688887065
17990.5132957,118.986351863
17995.7521052,132.604982614
18001.1684258,128.440095748
18006.4104033,91.1039042584
18011.667033,104.791054218
18016.9426963,128.32342243
18022.1683764,120.947458269
18027.4341936,139.837979042
18032.7010741,89.9927212894
18037.9981411,130.679333048
18043.1977673,126.105699958
18048.5138931,94.2768810668
18053.7276213,113.127051281
18059.0475519,116.305480472
18064.2651305,112.165356549
18069.5862703,127.184913642
18074.8402901,131.695328787
18080.0879972,107.863903818
18085.2942762,102.519767562
18090.6474969,121.13588733
18095.8623707,122.551428028
18101.1834567,114.409099251
18106.4066296,124.824277924
18111.6712093,115.978843957
18116.9758933,113.515169285
18122.2455935,121.283613194
18127.5895441,110.497402328
18132.8250535,125.838202942
18138.1955037,135.900874608
18143.3982828,121.9132844
18148.7272379,94.0461484118
18153.9386046,98.1026233494
18159.2480175,121.057488861
18164.446414,133.361129934
18169.8021739,117.939128185
18175.032218,139.079153937
18180.2982342,103.735016718
18185.5597391,120.488645329
18190.8245387,114.540592143
18196.0432892,138.724586104
18201.2941363,138.405953757
18206.5700705,118.96502617
18211.8000855,103.710980248
18217.0550244,119.243144538
18222.2988033,116.705749306
18227.5386088,126.437371781
18232.7514064,114.718907191
18238.0672181,115.222490234
18243.3124313,128.99963287
18248.6577678,123.138284593
18253.901927,113.645380744
18259.3216186,134.802499483
18264.5241573,108.138654186
18269.7814875,117.239491088
18275.5679584,113.979490261
18280.9311969,122.2779534
18286.2220528,128.52701759
18291.5102532,39.3779045176
18296.8218539,90.5846891429
18302.0427787,118.947740845
18307.3603549,116.601292503
18312.613677,138.145458895
18317.8639178,111.636821495
18323.1910846,131.756278422
18328.6744998,102.902054964
18333.8786576,104.507991975
18339.1550486,122.011820715
18344.3998382,123.447207131
18349.7376053,130.414615084
18355.0363472,130.244960564
18360.3103337,106.364010217
18365.6270492,104.911150346
18370.9547503,117.62239034
18376.2444427,117.412173697
18381.6310353,87.7853745025
18386.9087284,114.297395727
18392.1279173,123.780756425
18397.5654073,104.847377816
18402.811846,108.025586469
18408.1086597,97.0360390853
18413.3343213,139.118724559
18418.6101112,138.087030075
18423.8765261,114.79242233
18429.1926415,124.963592063
18434.3886216,127.482341565
18439.7697344,137.642370121
18445.0291615,127.099553486
18450.3633876,72.3346383983
18455.6453774,122.026871534
18460.9387152,113.666895644
18466.2724369,106.714458619
18471.5669258,123.810038249
18476.8880866,124.380693342
18482.1479073,93.5846443884
18487.4554539,118.797807296
18492.6854551,113.462593444
18498.0309298,77.3218443695
18503.2945199,41.3781729746
18508.6704099,123.998406394
18513.8890586,125.927714917
18519.2167482,114.215776208
18524.4211352,101.595444545
18529.8177607,131.428475744
18535.0537989,123.256320817
18540.3849111,90.012828116
18545.6742976,124.036228919
18550.9819973,93.213261431
18556.2375534,130.106930905
18561.5186675,143.525695338
18566.828644,102.139265639
18572.0718436,129.721023729
18577.380264,143.278407127
18582.6643217,69.281909296
18587.9318588,105.820771026
18593.7103653,131.532263548
18598.9884434,137.781976424
18604.2483945,123.119620126
18609.5838757,133.620832795
18614.8341913,114.265706494
18620.1473267,93.697272146
18625.4334781,115.620027753
18630.7362761,128.037634993
18635.9933395,115.35268212
18641.2426414,112.600271419
18646.5249379,126.381040931
18651.7635674,98.2752906319
18657.0766037,42.4078895763
18662.3102365,123.393787953
18667.5833406,66.5716796566
18672.8140841,113.947537919
18678.1172612,137.601442281
18683.397301,145.129567502
18688.7041943,129.16598928
18693.8921731,120.621335316
18699.2011678,127.046266986
18704.454577,121.048839851
18709.7510054,78.0196500042
18714.9826717,134.248477108
18720.2425966,44.8396202567
18725.5103779,130.563762547
18730.8259842,126.602108183
18736.0777218,127.899282442
18741.369153,70.4218446025
18746.6626875,91.9056393546
18751.8990462,127.558124686
18757.2406991,113.939787489
18762.4866366,138.470297647
18767.7672293,120.400229337
18772.9972303,142.302446514
18778.2757268,61.5733546019
18783.5719609,121.773880544
18788.8969746,115.834976
18794.1061511,125.970964144
18799.4238765,72.7170676141
18804.6720726,140.495356651
18809.9669313,124.546024327
18815.2335465,105.015640621
18820.4961576,54.5472517176
18825.7256649,126.026944043
18831.1794379,113.017552017
18836.4350276,89.9292696469
18841.7078691,107.842517117
18847.0176387,106.015697809
18852.2212908,102.535184204
18857.5168853,122.15976201
18862.7510409,109.46061589
18868.1008081,120.635793028
18873.3496346,97.2895548607
18878.7377982,99.2588938143
18883.9312458,107.751636298
18889.2466214,102.736078503
18894.4694047,119.379215091
18899.8282254,118.280739396
18905.1113491,127.797973827
18910.4566059,118.943104778
18916.3096168,61.898597189
18921.5980823,106.829478767
18926.9051797,114.361605986
18932.1094148,118.807860956
18937.43119,129.70110678
18942.6689029,134.978297794
18947.977001,89.4684304144
18953.2705462,94.203795846
18958.5508258,111.944532468
18963.8453264,120.863630618
18969.1962843,133.138351827
18974.415478,71.3442182819
18979.7442384,133.065882446
18984.9728434,119.204085944
18990.3072536,127.882136261
18995.5402844,120.650800799
19000.8308725,72.1771510241
19006.0362408,60.7096174923
19011.3985143,117.163980797
19016.666151,104.806447542
19021.8938863,68.0931271684
19027.1767929,126.40808517
19032.3890679,139.665842368
19037.7037897,90.0982994418
19042.9432313,96.656542613
19048.3510876,112.01220351
19053.5659425,106.567610482
19058.9995015,96.191171036
19064.2634518,98.3008087465
19069.8011007,80.1002673802
19075.0450554,141.693876786
19080.371527,134.564262679
19085.5949526,111.805089301
19090.8509047,124.056827405
19096.0847042,141.729986542
19101.327003,54.0808597211
19106.5928681,98.1240199085
19111.810231,41.3753470018
19117.101227,115.04243491
19122.3576715,125.310880151
19127.6339982,121.036957523
19132.9470744,134.913133166
19138.2685151,122.726904506
19143.48405,88.9902526598
19148.8456841,109.514721479
19154.0891268,145.33399558
19159.4561014,96.3908607637
19164.6653616,128.190143364
19169.9153314,126.535731734
19175.1488974,105.674423792
19180.4600699,79.6835149333
19185.6778994,134.534731245
19190.9844646,114.986763269
19196.2608263,118.324201326
19201.5224378,137.046541622
19206.8265443,124.557398818
19212.03403,122.859291263
19217.3411939,99.2784119654
19222.6026514,110.80624388
19227.8521502,127.152837615
19233.632694,134.972400329
19238.9745169,113.513143941
19244.2016804,108.513194196
19249.4642477,126.487727573
19254.7035792,76.2264277359
19259.9724827,101.374461447
19265.2312169,106.907630676
19270.51351,110.894584292
19275.7433572,18.482124852
19281.0613599,137.937958325
19286.3533063,127.618589792
19291.6387796,121.145866038
19296.8748915,115.481380504
19302.1029985,109.472383033
19307.392276,129.449022733
19312.6408336,125.140267462
19317.9467943,130.931290393
19323.2582154,112.225416485
19328.5788422,124.355835753
19333.7863493,128.351394397
19339.1110156,112.004035804
19344.3280151,105.397807429
19349.6623952,102.190893931
19354.9160066,135.721752832
19360.2410691,97.9083384126
19365.5045006,124.820165887
19370.7773559,113.525949224
19376.0783315,114.799993422
19381.3672342,76.0697102923
19386.6290767,92.36741946
19391.8921833,134.628637192
19397.1325669,128.377791042
19402.3623748,138.589506391
19407.6658168,122.920837254
19412.8661454,118.736801646
19418.1563601,90.6678114423
19423.4118617,133.646349894
19428.7017319,122.735703468
19433.9370103,125.044810868
19439.3255739,120.553137473
19444.6520362,93.5973548898
19450.1179593,127.104836328
19455.3465188,88.7065281513
19460.6173222,132.182014684
19465.8402948,116.274844686
19471.1584284,136.298795472
19476.4656422,96.4017979746
19481.7387972,110.41371348
19486.9677272,142.438181776
19492.2004077,125.516638715
19497.4721136,109.696480796
19502.7335901,109.685046934
19508.0488608,135.536448157
19513.3001986,114.609595677
19518.5965896,115.432079033
19523.8937042,85.145431252
19529.2114034,107.829337855
19534.4433496,119.077193122
19539.7205153,148.910439108
19545.0653956,111.704598092
19550.322557,58.5388326582
19556.184145,136.452742797
19561.4353774,82.1017207689
19566.7407129,127.614165335
19571.9436846,65.339256072
19577.3553312,91.5530533222
19582.5639067,127.69229376
19587.8827507,122.214553123
19593.1400237,140.860956029
19598.4304867,118.959014117
19603.6557555,107.408378514
19608.9987614,123.35846648
19614.2060182,99.8401527637
19619.6127923,129.782401112
19624.8698483,137.571548851
19630.1568282,118.238217198
19635.403162,129.860346095
19640.706038,132.190465231
19645.9263616,88.2067119984
19651.1693189,115.332516804
19656.4523733,77.2550948047
19661.7359347,129.871134425
19667.0304203,131.382355445
19672.2567503,104.950426829
19677.5481308,117.323745857
19682.810472,132.035682692
19688.1280422,96.2578792269
19693.382252,111.490816402
19698.7853701,118.985303021
19704.0282645,92.5515637352
19709.3985939,122.649279413
19714.6183085,127.802364377
19719.9155931,127.040070528
19725.2064843,75.0008603344
19730.470715,118.021694273
19735.6776423,110.159556117
19741.0007219,108.429400776
19746.2912853,107.08140577
19751.5447919,92.8249793815
19756.7783802,96.3224886712
19762.0618804,115.751197219
19767.4240613,114.302064014
19772.6636441,112.677361484
19777.97368,126.027526509
19783.2417636,118.317946035
19788.5327036,60.4867501165
19793.7346156,68.989176034
19799.0684183,99.1975695345
19804.2688787,56.040665747
19809.5318696,119.856115402
19814.7451591,130.207951024
19820.1154466,107.452666307
19825.4164529,105.965392487
19830.730463,128.800163998
19835.9477408,89.7960584669
19841.3392751,110.191551351
19846.6570261,132.521994338
19851.8984201,122.192704144
19857.2387164,76.701939138
19862.4328339,84.0545729065
19867.7404895,141.539978904
19873.5265698,133.511359528
19878.8967564,105.673917974
19884.14428,129.629019018
19889.4648032,36.4045080184
19894.742002,120.540390016
19900.0659957,125.705040721
19905.2916615,131.97499498
19910.543468,71.6864212617
19915.8060844,122.930046733
19921.1023269,119.059494975
19926.3861334,104.674722833
19931.6987202,142.89813387
19937.0574985,120.810973859
19942.3583283,136.140531132
19947.6305826,139.553258506
19952.8744385,134.318758303
19958.2182124,131.573963368
19963.5011635,95.7047481778
19968.8790376,117.283087415
19974.0732932,57.7758619188
19979.3719866,111.219211436
19984.5846558,59.7504158182
19989.9119482,112.188722209
19995.1361444,118.053984125
20000.4027863,105.125412599
20005.6469557,122.501020186
20010.9342949,56.4304933422
20016.1988776,58.6743446351
20021.4937811,99.6673262255
20026.8448243,135.530619604
20032.2213938,112.761369926
20037.5307693,46.4858680835
20042.8041255,95.794415223
20048.0896516,91.0110123465
20053.3987677,131.499095676
20058.8248451,106.045976634
20064.0582511,124.761148706
20069.3682289,125.813589712
20074.5717807,104.847123116
20080.0110259,124.418341509
20085.2190924,129.683923476
20090.5754783,126.616361961
20095.8843193,114.028294406
20101.2422779,129.246067728
20106.4580355,118.874868627
20111.7292037,91.0194314276
20116.9799044,137.288462712
20122.1770267,131.581041168
20127.4893785,93.1169454622
20132.7045004,115.426808726
20137.9308853,110.827465917
20143.2078393,129.509523521
20148.6543322,100.821268586
20153.8404994,134.771514395
20159.1570814,133.429982535
20164.3902059,125.125447375
20169.7070897,121.917721397
20174.9514024,117.932338449
20180.2430906,109.409615084
20185.5033481,93.7516668158
20191.3742952,111.981741569
20196.6034436,134.793864642
20201.8512228,114.141533858
20207.1458445,131.013827429
20212.3778551,127.453344002
20217.6546049,89.4295931457
20222.9351804,48.1641358888
20228.2857769,91.6920187002
20233.4976337,80.2776631772
20238.8680179,128.55364061
20244.0632412,134.56810107
20249.36724,124.053258044
20254.6394703,110.034608561
20259.931694,130.559023652
20265.1363873,104.607861351
20270.3923254,107.643677844
20275.6332479,86.6365868254
20280.9190881,71.0140054278
20286.2361345,44.1751940466
20291.5291963,135.322734252
20296.7889962,122.75827355
20302.0774109,46.7102565878
20307.3392344,103.729113261
20312.5518794,56.6733945325
20317.8304522,127.404196665
20323.1895719,103.013822862
20328.5441465,116.762266873
20333.7336476,131.059855348
20339.1131628,120.537170452
20344.3235908,105.751306219
20349.6307249,109.581236504
20354.8705666,52.2792036924
20360.1239049,64.5316923458
20365.3827591,117.756858279
20370.6800954,112.517628844
20375.9027972,121.872754068
20381.2109559,58.554161595
20386.4474027,144.297610934
20391.7334354,98.2157166521
20397.0253661,128.299172971
20402.3004229,125.08451362
20407.5926218,112.02760122
20412.8463879,125.308916904
20418.1113377,30.0999883152
20423.3875737,126.103137059
20428.6718051,110.336788664
20433.8919432,56.0056384637
20439.2706053,128.453891933
20444.5550401,112.31283584
20449.8397179,134.775747551
20455.0732827,66.0478796024
20460.3173928,118.815690155
20465.6071186,93.0681178887
20470.9722838,66.6682921078
20476.2155209,134.573746202
20481.5495608,113.315152828
20486.8616335,114.222422303
20492.1919384,125.428596725
20497.6204674,141.768175174
20502.8713305,130.822180777
20508.1853306,107.820397966
20514.014168,130.598325844
20519.3222563,130.572295887
20524.5647566,131.085327127
20529.9286745,113.634655938
20535.1814468,143.282628814
20540.5517964,110.213818836
20545.7985342,112.467678087
20551.1063836,126.523907817
20556.3577774,84.2207271089
20561.6269805,141.768688853
20566.9917834,88.9031726985
20572.2251978,73.5589313346
20577.5524631,72.377518353
20582.841635,49.4238129327
20588.0926175,104.260799831
20593.3483951,135.449157044
20598.6175911,96.2788979519
20603.8557668,102.793281241
20609.237123,120.633514496
20614.4702566,96.7118536512
20619.7398982,103.447261374
20625.029741,127.168915244
20630.3556991,104.308730715
20635.5719397,106.361021592
20640.9140844,120.625745422
20646.192549,94.0966773695
20651.5307093,38.1609570606
20656.8432627,109.982091479
20662.0573142,132.918218912
20667.4224889,109.7891107
20672.7156277,124.543865156
20677.985414,137.236346783
20683.2263753,131.719327015
20688.5515852,145.275242702
20693.7665339,105.247080116
20699.0674806,124.995726003
20704.3593802,135.883336713
20709.678961,113.69387613
20714.9509604,131.787794804
20720.2564986,104.869141044
20725.5217578,62.349775431
20730.9019139,119.944543113
20736.1462882,141.181147506
20741.4657564,121.250636672
20746.7244906,91.659090145
20751.9794602,133.299926669
20757.2631388,82.657949299
20762.5391827,104.491183564
20767.8362033,126.049998462
20773.1010001,122.819851233
20778.39906,56.9264986094
20783.6286614,100.213116967
20788.9582939,128.445347608
20794.2077408,138.102685727
20799.5115333,121.773708373
20804.709847,147.416089269
20810.0220339,128.5186767
20815.2524214,98.284733974
20820.6128442,94.1759662572
20825.8849621,133.062830059
20831.8106327,83.6253806389
20837.1444292,59.555634507
20842.366334,124.018892316
20847.7115853,73.8749766158
20852.9184542,86.7217720757
20858.2285562,139.46836972
20863.4770854,100.512022666
20868.7495301,56.7588102158
20873.9469569,134.052649152
20879.2195184,135.954126829
20884.4946971,94.8128460215
20889.8014221,98.9652685093
20895.0280406,120.405686274
20900.3303304,52.6771445036
20905.6001732,40.7898412653
20910.8970137,83.6771590911
20916.1614504,98.7140276517
20921.4670529,86.0813206208
20926.7555668,74.6410582208
20932.0328743,128.631505834
20937.3813655,103.912474574
20942.5995779,102.607223309
20947.8279054,112.859575287
20953.0391023,120.717581315
20958.3459713,58.5517893311
20963.5435143,132.833414254
20968.8692307,78.4174708948
20974.124851,144.412980891
20979.3900709,100.926555405
20984.6696596,109.886902768
20989.9484344,141.575792419
20995.2050922,120.24792558
21000.5698586,92.1778625967
21005.8100402,129.842973505
21011.0576849,118.861674439
21016.3364298,127.885254564
21021.6023729,94.1372887404
21026.9301176,136.84569139
21032.1306057,115.399439865
21037.4536846,50.9489297006
21042.6794827,112.754640138
21047.9693847,127.407919588
21053.2066004,46.0969149847
21058.5911267,95.0312897011
21063.7858987,66.6354315257
21069.074949,73.5154409197
21074.2506168,138.853072681
21079.6146507,135.597339244
21084.848475,111.998413883
21090.1505909,102.366604307
21095.3863282,121.086622219
21100.676791,118.280960971
21105.9243672,104.658528601
21111.1567376,107.105663325
21116.4009469,118.346057073
21121.6604538,139.284772319
21127.0423,117.906019613
21132.2639627,147.558177974
21137.5429108,124.70240362
21142.7786238,110.9936084
21148.5912697,88.8650119166
21153.7870855,58.955475017
21159.0410578,100.442924855
21164.3769257,115.12511926
21169.6286936,133.203084879
21174.8460784,98.8035376332
21180.1337302,106.21547062
21185.4903641,109.506734252
21190.7856452,106.26914611
21196.0571549,137.185448763
21201.3363328,106.555490786
21206.6620424,108.298327149
21211.9447012,35.3546519151
21217.2418752,86.2318216075
21222.4818931,109.307100862
21227.8150713,116.530071986
21233.0295291,135.251541239
21238.357568,135.26477821
21243.5812953,137.703692706
21248.9251614,123.317902081
21254.176836,111.999357069
21259.4849954,118.030529508
21264.7240002,81.5091247056
21269.9883404,137.823428325
21275.2403445,109.881609538
21280.5436051,102.776067483
21285.7856426,110.386963637
21291.0608902,145.448237655
21296.3029964,129.828376028
21301.6418231,135.125875502
21306.9490707,127.87786647
21312.177711,138.594445756
21317.519824,135.044026667
21322.7293289,139.182934599
21328.0538249,143.360957986
21333.2851012,124.613952063
21338.5595102,94.430160228
21343.7721395,132.752466032
21349.0271139,130.019479937
21354.2753551,126.868656817
21359.7112122,124.940232766
21365.0059569,107.884428687
21370.2769907,93.5537165861
21375.5053813,55.2202883619
21380.7779527,139.47492122
21386.0687356,101.622695618
21391.331033,98.5372217707
21396.5466921,118.975136139
21401.7806458,105.852987666
21407.1170731,102.118828293
21412.3714676,80.179735561
21417.6899297,126.829520893
21422.9312074,93.0265924428
21428.2134991,141.300729567
21433.4136553,134.044552041
21438.7527294,98.3450185007
21443.996809,111.372275975
21449.3156512,136.144691831
21454.5105379,90.7143935028
21459.8929384,87.8964005178
21465.1171446,67.049607723
21470.9770596,146.767617933
21476.3645926,117.257314123
21481.6755743,70.9949251495
21487.0416596,115.457947374
21492.2620206,126.161752584
21497.5684288,127.237911814
21502.8490808,130.347909502
21508.1837764,124.977810308
21513.3928902,35.6955210161
21518.6712434,72.2679222896
21523.968379,121.654633273
21529.2938771,93.8182435581
21534.5122585,109.417332085
21539.7915294,123.490045239
21545.0357332,112.568772087
21550.3040876,113.070722569
21555.5749974,138.248872966
21560.9344823,142.133876491
21566.2275279,108.542173819
21571.4534583,120.617281693
21576.7330687,139.270395927
21581.9280722,141.88770927
21587.1709688,111.215570008
21592.3916996,127.109198111
21597.6435719,93.9130208043
21602.9010692,139.901562583
21608.1649377,113.002988523
21613.4056306,112.172782177
21618.7259371,111.567757635
21623.9996982,103.952504551
21629.3616686,131.447465053
21634.6252522,111.410691371
21639.8765733,126.65039158
21645.1252563,124.213819738
21650.4401009,102.146647157
21655.7095804,101.098909541
21660.9760463,122.026270052
21666.3279598,137.722591411
21671.6688759,108.066007078
21677.0419805,117.728624447
21682.3196945,58.814525787
21687.6754894,94.8960673115
21692.9565928,96.018830348
21698.2686896,92.9069904125
21703.4962754,135.438537172
21708.7875977,105.552693032
21713.9970615,118.140144263
21719.3928125,117.889741004
21724.7112875,84.6763484749
21729.9648514,96.1414857066
21735.2185745,118.204006924
21740.4825437,110.330187299
21745.7382207,101.705264479
21751.1431785,119.985129282
21756.432399,57.0052110704
21761.6618617,139.825605084
21766.9807467,122.616380833
21772.2331133,130.516181582
21777.5317981,128.061211124
21782.7612386,107.008313509
21788.6352916,115.502096279
21793.8302262,102.997052916
21799.1858294,135.94759885
21804.3762887,131.428598783
21809.6828196,134.452698326
21814.8864591,74.9304703514
21820.1452301,128.570823923
21825.3766568,120.2075681
21830.6511621,118.683707388
21835.8736389,125.336503924
21841.1640453,102.134785603
21846.4109437,123.002976358
21851.7158635,119.566221047
21856.9635355,113.296580388
21862.1929114,108.702772948
21867.4936352,94.0229133131
21872.737262,64.3903835129
21878.0594668,127.461710914
21883.2919517,105.115287334
21888.5927272,58.802009819
21893.8022439,138.315881057
21899.0522809,117.457136555
21904.310668,94.80034422
21909.6799579,114.795427486
21914.8983705,94.7452380992
21920.165159,130.928261541
21925.4156606,108.56747097
21930.7104678,122.446262796
21935.9748211,132.672269813
21941.2612438,121.428976151
21946.5945585,49.8718678055
21951.8786411,63.756455775
21957.1527781,125.999622257
21962.4759839,122.036103664
21967.8357897,53.8694139576
21973.0740941,106.999489168
21978.346293,130.879178076
21983.5808122,123.363725429
21988.8916292,136.931806993
21994.1479375,82.66366897
21999.4481418,127.194927065
22004.6904876,63.2205372
22009.9737103,111.021464205
22015.227216,106.694710266
22020.4935267,28.8750491328
22025.8015649,119.297076309
22031.1249924,123.82261542
22036.4812129,123.922152165
22041.7895184,120.046314387
22047.0747538,112.125607181
22052.3829296,136.848635207
22057.6382504,109.59398703
22062.901597,101.303024248
22068.2009678,104.740343668
22073.4432418,106.592797068
22078.8183019,55.8738087857
22084.1020317,118.041682281
22089.4408603,121.202666462
22094.6765804,59.1909408508
22099.9491308,114.869903644
22105.176167,127.964065967
22111.0511296,137.992937712
22116.3036451,122.098643185
22121.5510845,138.438975113
22126.8501327,120.84667836
22132.0826883,138.393913579
22137.4124639,114.484644098
22142.6445773,126.24528898
22147.8952873,128.116662091
22153.1544752,133.759029548
22158.5298862,121.673632807
22163.7958992,107.478644438
22169.131067,128.209210494
22174.3511038,48.3042526698
22179.6246569,108.153550311
22184.9342525,136.125731497
22190.2528079,97.8721175128
22195.5210452,141.309361654
22200.8473735,125.111789096
22206.0954983,133.980231971
22211.3846624,35.126600987
22216.6531086,109.529387372
22221.9549906,129.568518725
22227.2623882,98.6934394726
22232.4925389,93.5939723045
22237.7920489,130.026437246
22243.0492907,93.8439306823
22248.3886697,99.4666766115
22253.6325591,143.244908686
22258.9559424,120.047014803
22264.1832204,126.61841923
22269.5062592,120.727739058
22274.7595744,119.600145124
22280.0546587,102.448256687
22285.3377306,105.651101654
22290.58675,57.2220047412
22295.8623111,110.188859571
22301.2162478,92.6369129553
22306.5011897,110.836703423
22311.7855406,31.713826569
22317.1002769,91.0612333406
22322.4005353,119.478376622
22327.7097921,116.731224748
22332.9610984,96.0896798034
22338.3964136,109.056550252
22343.704015,108.856384586
22349.0067556,82.4262363022
22354.2451663,48.4748698752
22359.6291547,90.2718601235
22364.8702555,128.381765031
22370.2388372,122.929407265
22375.4784808,124.626424212
22380.8340156,122.141295384
22386.0654867,120.441924617
22391.3265741,124.795406031
22396.5774448,125.90030574
22401.8865123,123.601792709
22407.1438916,99.2196113571
22412.4080031,114.139543359
22417.7330122,136.631779286
22422.9894891,95.2879391092
22428.9116008,122.034682745
22434.1241715,81.095018979
22439.4941328,128.382915326
22444.7686894,134.141614208
22450.0395594,109.477700963
22455.3253059,85.3794848503
22460.6084404,103.305175589
22465.8402069,127.283292651
22471.1171222,112.008024381
22476.4012227,112.414548887
22481.6709957,104.516862217
22486.9915514,127.188791618
22492.3123798,104.953865397
22497.6439846,101.434205694
22502.9048715,113.709749336
22508.2386527,126.395374233
22513.4833763,82.4216762144
22518.7807615,114.822180989
22524.0042665,51.8314431142
22529.469882,111.927258592
22534.6937175,129.398523994
22539.9510224,120.841472638
22545.1701727,89.6393831573
22550.4471142,117.101058796
22555.6770179,113.637222799
22560.9954147,119.376145339
22566.237313,79.3774140378
22571.5264952,74.7141060611
22576.7888353,136.102121808
22582.042793,44.6950300076
22587.3512461,106.173559572
22592.5722766,132.964754207
22597.8676293,124.336727125
22603.108861,135.276274498
22608.4262168,89.9780749559
22613.6715333,108.591244167
22619.0112004,111.497289335
22624.293608,123.43295244
22629.6209483,134.206447795
22634.8498933,112.719757839
22640.1720271,124.545471046
22645.4360139,138.754398255
22650.7002363,123.198360717
22655.9813159,138.833363689
22661.2920094,97.0371305493
22666.5378664,121.142344578
22671.7586274,120.192804534
22677.1625435,129.932157955
22682.4573529,90.5145121256
22687.8542113,100.165855687
22693.0629034,142.544773635
22698.3697717,140.865933293
22703.5984108,124.020203902
22708.896915,111.441643097
22714.089577,108.867061353
22719.5523396,118.927959275
22724.8693898,112.905550752
22730.1684864,107.239951155
22735.3967862,93.3526846564
22740.6746244,129.749330876
22746.4995823,101.578292906
22751.7625201,133.611337165
22757.1949768,105.396903299
22762.4246211,118.574054345
22767.7223449,113.162589998
22772.9711361,126.218414967
22778.2783904,123.366453119
22783.5073304,31.0587477775
22788.8498223,80.0643375056
22794.0739901,137.573028441
22799.3912785,37.9889523677
22804.636827,117.825596151
22809.9371991,114.51419206
22815.2028775,129.580391689
22820.5817196,109.699811441
22825.8133187,64.8667011295
22831.1012757,129.331850118
22836.3538682,90.7154982476
22841.652446,67.11278809
22846.9425039,28.1490933936
22852.1645563,136.521870792
22857.5415113,148.102404957
22862.7871563,120.11492543
22868.0802507,141.726653621
22873.3137901,137.354594065
22878.6310363,105.361517664
22883.828167,124.6324226
22889.1538525,132.184760084
22894.3800781,86.6749429119
22899.7145886,108.486312186
22904.9315126,117.631065624
22910.2502005,88.590206504
22915.4783883,135.414185764
22920.7707212,125.508055184
22926.014219,122.99071216
22931.2656422,123.236752113
22936.5643451,140.091846822
22941.8590138,26.1440785515
22947.1577113,139.207414614
22952.4046984,88.3588761874
22957.7291491,120.530517324
22962.9261148,118.791206744
22968.1941977,49.4637190558
22973.4267139,126.458138394
22978.7973375,125.384585383
22984.0490503,120.699825029
22989.3724289,102.519058462
22994.592649,139.857664458
22999.8762267,137.164077437
23005.10093,106.237895317
23010.4010675,141.215528261
23015.7716596,129.738480339
23021.0202358,142.208268616
23026.2867796,93.0535999261
23031.5282273,141.127710303
23036.8772709,107.769947616
23042.1371315,140.699620907
23047.4851394,117.427066129
23052.7146087,136.29232898
23058.0062032,128.013451951
23063.2559197,49.5722041669
23069.1421421,89.769437987
23074.3436935,85.6051394511
23079.6403093,144.163203571
23084.8499451,129.954383851
23090.1646354,124.18007305
23095.474921,136.363154948
23100.7660582,118.01210815
23106.033381,122.849231628
23111.3306756,120.016482412
23116.5995317,56.5117902339
23121.8271608,125.81930166
23127.1478217,101.181566495
23132.3946583,133.721606434
23137.7013357,125.920860887
23142.9470515,146.666606776
23148.2250133,135.381687683
23153.4971895,93.8275552357
23158.8398345,75.6812837902
23164.0976439,117.042519882
23169.4303765,120.10251289
23174.7203863,122.728830847
23180.0199726,128.831404378
23185.2276881,-7.46720983216
23190.5159185,46.241729757
23195.7666943,133.096377889
23201.0712137,143.712656516
23206.3052015,118.259517802
23211.5522892,118.09713131
23216.8174016,122.919813002
23222.0582519,121.069373396
23227.3554714,141.031098361
23232.6093819,95.7172960803
23237.8457499,120.044956943
23243.041594,91.8956172168
23248.3333352,73.94597022
23253.5598793,112.624509553
23258.8491573,94.7680679443
23264.0449307,101.109075138
23269.3930335,127.671697966
23274.6207359,39.0978668046
23279.9477453,110.056568119
23285.1789951,55.7005942951
23290.423049,98.7202283406
23295.6759193,116.064401977
23300.9548919,96.9155414731
23306.1893644,117.417849212
23311.4238596,135.400429362
23316.6352966,97.8865407937
23321.9523447,104.197705551
23327.2563598,118.659620723
23332.4620152,130.290830396
23337.8132138,135.702723671
23343.0549445,142.270188643
23348.3921707,92.9983788665
23353.634985,121.026832198
23358.9513602,113.593985297
23364.1887267,104.844815596
23369.537689,123.02865135
23374.8398585,110.862141103
23380.1749945,135.837849212
23385.985584,123.637384153
23391.2836907,109.111718073
23396.5965939,111.400004228
23401.8989916,100.755717779
23407.3029566,79.843073472
23412.5585525,123.452561267
23417.8117802,113.371878289
23423.0404074,128.328848847
23428.3569524,117.555700283
23433.5740252,112.130783656
23438.8697853,105.65073055
23444.0990319,143.788521961
23449.4537773,83.0851071626
23454.7284603,98.0190830573
23460.0263016,130.400206431
23465.341532,140.186926539
23470.6257274,61.2700008284
23475.9153957,110.726894649
23481.2060225,118.259580173
23486.7229016,130.204071262
23491.9674444,119.653759056
23497.2846594,135.450900427
23502.5266151,97.215710872
23507.8544772,129.491906597
23513.0879099,95.4957699448
23518.3598247,117.194038687
23523.5795996,109.27344851
23528.8705342,125.063757148
23534.0733383,120.364149122
23539.3992498,133.123849801
23544.6330304,-22.07424206
23549.9368546,132.794287483
23555.2632155,124.786573953
23560.5683517,125.123222929
23565.77616,111.485265743
23571.0491416,126.745730448
23576.3115778,117.99399302
23581.5765471,79.6484927018
23586.9019175,117.593951344
23592.1343799,104.59260923
23597.4284873,127.20813006
23602.7004099,130.309453268
23608.0029855,42.3965454732
23613.2189224,46.7584048312
23618.5067682,85.7785927459
23623.7422392,124.862339622
23629.0334976,138.753791466
23634.2406907,125.087261703
23639.5658216,123.263965399
23644.8497715,106.51374371
23650.1844807,117.456510467
23655.4106467,80.7698965431
23660.7985587,54.2873675231
23666.1090596,130.976216592
23671.3912761,39.5769044444
23676.6851885,87.2805807042
23682.0035198,96.7322501863
23687.2902243,139.382629747
23692.5537941,137.066865456
23697.8546562,105.860279787
23703.6329293,110.621202543
23708.9803393,107.517466863
23714.2122238,91.6399445787
23719.5697033,140.716707196
23724.8473463,55.5142337883
23730.1340466,96.5587976406
23735.4270067,112.954250807
23740.7520878,114.967762146
23746.0650971,142.584955818
23751.3214986,57.4995057114
23756.5993111,117.350329531
23761.8470886,40.4441816325
23767.1954422,123.160640671
23772.4147439,83.0564890061
23777.7173653,86.2142549717
23782.901413,122.220183798
23788.2320118,123.907209711
23793.4542048,85.8707701938
23798.7565677,36.4455596939
23803.9472828,75.8826889634
23809.2261376,86.5727284513
23814.4206767,119.015967774
23819.7285013,113.579244417
23824.9627235,123.91972889
23830.2480452,123.217253621
23835.549835,130.723190604
23840.8732147,127.747748581
23846.1429479,82.8516884345
23851.4516063,81.4802428476
23856.8567324,126.867738603
23862.0907447,99.587471166
23867.3417592,130.642307996
23872.5946972,121.901330369
23877.8700922,134.519416622
23883.1074343,129.69434984
23888.4642687,125.871522439
23893.6763608,96.6881421639
23898.9890316,111.694046088
23904.205739,123.009733073
23909.5523829,140.556678494
23914.7784085,111.072792382
23920.0397434,113.958817197
23925.2742085,122.064314719
23930.5735333,122.306380158
23935.8298712,131.266951775
23941.062721,125.997415818
23946.3923843,44.9202813695
23951.6340606,137.775145506
23956.9709125,51.5292506148
23962.2304854,94.395260954
23967.4919665,114.758933351
23972.692009,102.270199095
23978.0304565,140.897614518
23983.2755978,119.306301689
23988.5744672,117.045785683
23993.7787805,129.1066814
23999.1007867,131.846736868
24004.3615117,129.164762888
24009.7900763,65.2859100181
24015.0253978,94.4546582238
24020.3199484,113.212744141
24026.1525187,98.3599436396
24031.3823645,125.850032132
24036.7342367,110.788691652
24041.959976,113.589551921
24047.2793584,124.228075558
24052.5268221,133.641684673
24057.8011143,133.775361756
24063.0666616,130.948191053
24068.3384302,115.952275606
24073.5307753,113.441177626
24078.8157065,118.049000905
24084.0821657,125.494487562
24089.3617201,127.242795883
24094.5599101,110.345264409
24099.9198484,129.816831443
24105.2283924,112.674180063
24110.558656,122.829289367
24115.8843319,117.976201521
24121.2406731,117.901679824
24126.5754488,105.446589132
24131.8015566,106.080846346
24137.1089122,94.4575891696
24142.3683705,99.2082870904
24147.7003384,93.3985372489
24152.9034927,41.0837814293
24158.2922871,125.060754481
24163.5316224,113.4705809
24168.8456469,125.738980493
24174.0515637,115.331460038
24179.3987384,113.832427372
24184.6031215,57.933158518
24190.0347755,133.723202318
24195.2406378,120.444118495
24200.4670308,121.053735855
24205.7016852,66.4591991893
24211.0236459,137.243230226
24216.3164709,131.167258165
24221.5520577,130.396406993
24226.8417985,120.828453941
24232.0803576,117.90952718
24237.3791752,126.055800291
24242.635891,116.559588564
24247.9391942,122.4205903
24253.1503813,115.998928289
24258.4655731,113.158848462
24263.7105761,114.409246094
24269.0754278,136.352553525
24274.3886306,27.6818340899
24279.6759436,105.072960468
24284.9325922,28.8165292746
24290.2123337,101.547173958
24295.4776425,137.878442436
24300.753191,119.162426689
24305.9834986,133.250228668
24311.2353835,126.306293098
24316.6045992,142.044936183
24321.7882423,97.2412960107
24327.1784794,27.2385640634
24332.3766906,122.744655461
24337.6459615,119.795261609
24343.3987062,126.978853744
24348.8425775,91.3312548004
24354.1010911,75.7022543809
24359.4450729,43.4941787585
24364.6949914,133.317700444
24370.0652924,92.5943908599
24375.3021531,101.13028716
24380.6074197,80.4230106203
24385.8343542,121.970580786
24391.122329,86.5874980634
24396.3832231,110.979887804
24401.6474555,142.378944898
24406.9120243,106.425639661
24412.1323314,104.706230012
24417.4346082,121.447494753
24422.6884983,134.893287474
24427.9902501,86.59178343
24433.2054517,94.165001586
24438.5048137,81.9540002649
24443.760267,122.518022754
24449.0642192,131.628843874
24454.2530458,87.3471663453
24459.6366322,132.160443934
24464.8749633,123.553586436
24470.1675599,135.777805982
24475.4152567,106.134973888
24480.8304074,84.6037613021
24486.0931983,91.3611514836
24491.3855541,83.6892792196
24496.7244251,133.463830562
24501.9641514,108.787272569
24507.2967968,97.5506935369
24512.4979978,104.350517094
24517.7784476,64.725343404
24523.0188253,107.943448221
24528.3792572,105.93082492
24533.6048887,108.246371643
24538.8897817,108.867055674
24544.0840101,119.700662126
24549.4275107,107.597938167
24554.7295666,105.063991954
24559.9884112,127.252109096
24565.1966488,101.06989123
24570.4967279,132.052948979
24575.7093477,108.378543531
24580.9604521,107.756584108
24586.2426555,96.6445163209
24591.4830275,108.986897738
24596.8622975,95.5223199017
24602.117553,109.769439995
24607.4925141,89.252767897
24612.7601807,111.450569813
24618.0737419,106.174482624
24623.2713523,89.0627034615
24628.6684864,94.6238788177
24633.8960979,128.815404093
24639.3542926,85.5382901712
24644.6124613,137.777981383
24649.9199572,37.0403638521
24655.1506407,75.6200187788
24660.4410145,126.426843486
24666.285079,37.4624212179
24671.5246379,111.272328877
24676.8352828,140.311691882
24682.0975268,112.026810575
24687.4634423,119.584589343
24692.6649399,141.697605483
24698.0225294,86.2736168512
24703.2037687,121.673482353
24708.5077162,62.5570202271
24713.7067509,132.943104807
24719.1461163,127.682776848
24724.3631616,141.943594462
24729.7085602,82.7487673875
24734.9352622,123.803075631
24740.2528036,109.758464355
24745.4718444,118.645785089
24750.7729325,108.739850827
24755.9923577,123.424282279
24761.3794677,126.876361932
24766.7221739,131.747941336
24771.9472618,101.083454462
24777.2295671,121.253997393
24782.4466195,141.431122617
24787.7353587,58.9247813213
24792.9343629,81.1441571751
24798.2018132,111.88538756
24803.4903519,117.336800348
24808.8537993,113.956532261
24814.0573039,122.495636699
24819.3057914,105.469293071
24824.5265625,110.370724978
24829.8267863,126.092516033
24835.093266,113.611297429
24840.3688672,115.934612713
24845.6163087,91.3898255569
24850.9285841,102.759419581
24856.2152233,132.252628797
24861.4287856,129.87897255
24866.7093542,120.657655501
24871.9701545,123.642666208
24877.2877426,110.358791964
24882.624156,103.442690558
24888.0433154,126.514629838
24893.2663231,102.02304487
24898.5830336,118.147768325
24903.7812176,126.192132407
24909.1121211,126.615938262
24914.3143699,122.293270121
24919.6001005,135.583094585
24924.8526711,115.30633817
24930.1302047,118.326669014
24935.4159937,133.05671092
24940.7343917,121.505674151
24946.0337632,106.325195529
24951.3145945,133.587588901
24956.5888209,123.583693327
24961.8468642,115.085244326
24967.0990334,105.845401749
24972.4266055,40.1317944552
24977.7574306,129.148057296
24983.5251224,111.407858941
24988.8250759,109.880075632
24994.0217171,100.209599142
24999.319916,129.404536393
25004.5574448,142.110471651
25009.8435938,100.861781752
25015.0741863,61.0775110111
25020.5153837,36.0223128224
25025.7646496,121.81330316
25031.2121723,132.795875179
25036.4902756,105.26834421
25041.7153735,125.370996368
25047.0813248,111.510953859
25052.3020854,107.895162336
25057.6113231,133.472272195
25062.8296854,90.3982001354
25068.1736546,146.939542827
25073.3605733,112.323533416
25078.6512494,87.4679394576
25083.8794088,131.544862759
25089.2069666,109.716419587
25094.4251335,114.88054969
25099.7485106,136.229082509
25104.9659266,96.5836124982
25110.2432497,108.007422943
25115.4568679,88.5843746157
25120.7943823,145.6035635
25126.0801678,106.204449831
25131.2868788,138.254771211
25136.5569448,130.028806986
25141.8028526,102.290980365
25147.1868711,106.576929336
25152.4322147,123.258808169
25157.700366,110.33562074
25162.9014063,105.024429706
25168.2084861,142.69657469
25173.4064703,53.2600349458
25178.8644783,103.978776799
25185.2720957,120.790328348
25190.5373366,108.437500849
25195.7370934,140.3328246
25201.0865431,46.9293659876
25206.4360342,49.2703264536
25211.7293766,102.827279156
25217.1371758,133.5497575
25222.3837996,74.3508124715
25227.706198,95.3829541103
25232.9097829,140.841989891
25238.266242,132.456005296
25243.4689963,74.8690899473
25248.8259945,54.745362463
25254.0260212,103.221142926
25259.3387456,119.921129596
25264.5318844,101.160865936
25269.9169815,89.5971208113
25275.1280417,121.146996814
25280.3849297,109.682982915
25285.5933712,136.739006166
25290.8828452,131.664217647
25296.1410584,97.6666479611
