0,0.000000,0.324060,0.236084,0.203351,0.264392,0.164704,0.182992,0.257622,0.249725,0.188819,0.248183,0.056641,0.179781,0.389316,0.205853,0.234669
1,0.004167,0.324057,0.236084,0.203352,0.264390,0.164703,0.182992,0.257624,0.249724,0.188813,0.248184,0.056645,0.179782,0.389299,0.205856,0.234711
2,0.008333,0.324058,0.236086,0.203351,0.264390,0.164703,0.182991,0.257623,0.249725,0.188809,0.248182,0.056644,0.179782,0.389294,0.205859,0.234722
3,0.012500,0.324058,0.236086,0.203352,0.264390,0.164705,0.182992,0.257624,0.249726,0.188807,0.248180,0.056642,0.179790,0.389288,0.205865,0.234732
4,0.016667,0.324057,0.236089,0.203351,0.264391,0.164703,0.182990,0.257624,0.249726,0.188802,0.248183,0.056643,0.179787,0.389284,0.205866,0.234740
5,0.020833,0.324058,0.236086,0.203352,0.264391,0.164705,0.182986,0.257623,0.249728,0.188800,0.248181,0.056646,0.179787,0.389278,0.205868,0.234747
6,0.025000,0.324057,0.236090,0.203354,0.264391,0.164707,0.182985,0.257622,0.249729,0.188798,0.248185,0.056645,0.179787,0.389272,0.205871,0.234754
7,0.029167,0.324054,0.236089,0.203353,0.264391,0.164707,0.182980,0.257623,0.249730,0.188794,0.248182,0.056646,0.179788,0.389269,0.205871,0.234759
8,0.033333,0.324054,0.236089,0.203350,0.264388,0.164709,0.182983,0.257623,0.249730,0.188791,0.248185,0.056649,0.179786,0.389264,0.205873,0.234768
9,0.037500,0.324051,0.236092,0.203351,0.264388,0.164711,0.182982,0.257620,0.249729,0.188787,0.248185,0.056646,0.179785,0.389262,0.205874,0.234775
10,0.041667,0.324049,0.236092,0.203350,0.264390,0.164710,0.182980,0.257618,0.249731,0.188785,0.248185,0.056648,0.179787,0.389261,0.205873,0.234779
11,0.045833,0.324048,0.236092,0.203346,0.264390,0.164712,0.182975,0.257617,0.249730,0.188782,0.248185,0.056647,0.179784,0.389256,0.205876,0.234784
12,0.050000,0.324046,0.236091,0.203349,0.264387,0.164711,0.182974,0.257616,0.249730,0.188780,0.248186,0.056643,0.179783,0.389254,0.205878,0.234787
13,0.054167,0.324045,0.236091,0.203352,0.264388,0.164709,0.182969,0.257615,0.249731,0.188778,0.248184,0.056644,0.179782,0.389251,0.205878,0.234788
14,0.058333,0.324046,0.236092,0.203351,0.264388,0.164712,0.182971,0.257616,0.249730,0.188776,0.248185,0.056644,0.179785,0.389247,0.205877,0.234790
15,0.062500,0.324043,0.236092,0.203350,0.264385,0.164710,0.182977,0.257614,0.249728,0.188776,0.248185,0.056643,0.179786,0.389247,0.205877,0.234790
16,0.066667,0.324041,0.236094,0.203353,0.264385,0.164711,0.182975,0.257613,0.249729,0.188777,0.248185,0.056646,0.179785,0.389246,0.205880,0.234789
17,0.070833,0.324040,0.236093,0.203354,0.264386,0.164713,0.182976,0.257615,0.249732,0.188775,0.248184,0.056645,0.179786,0.389237,0.205889,0.234793
18,0.075000,0.324040,0.236095,0.203357,0.264386,0.164711,0.182976,0.257613,0.249732,0.188775,0.248182,0.056645,0.179787,0.389240,0.205883,0.234783
19,0.079167,0.324040,0.236096,0.203356,0.264381,0.164707,0.182964,0.257610,0.249731,0.188778,0.248183,0.056648,0.179789,0.389235,0.205891,0.234788
20,0.083333,0.324038,0.236099,0.203359,0.264387,0.164714,0.182970,0.257609,0.249730,0.188780,0.248184,0.056646,0.179787,0.389232,0.205893,0.234783
21,0.087500,0.324037,0.236100,0.203359,0.264389,0.164714,0.182974,0.257609,0.249731,0.188780,0.248185,0.056647,0.179789,0.389241,0.205885,0.234778
22,0.091667,0.324034,0.236101,0.203361,0.264390,0.164712,0.182977,0.257608,0.249729,0.188783,0.248186,0.056645,0.179786,0.389243,0.205884,0.234777
23,0.095833,0.324038,0.236102,0.203362,0.264387,0.164710,0.182984,0.257607,0.249728,0.188787,0.248187,0.056647,0.179785,0.389248,0.205887,0.234776
24,0.100000,0.324038,0.236104,0.203362,0.264389,0.164708,0.182984,0.257607,0.249727,0.188787,0.248185,0.056646,0.179786,0.389247,0.205888,0.234769
25,0.104167,0.324036,0.236102,0.203368,0.264388,0.164709,0.182985,0.257607,0.249728,0.188790,0.248186,0.056645,0.179788,0.389247,0.205888,0.234768
26,0.108333,0.324037,0.236104,0.203365,0.264391,0.164709,0.182981,0.257607,0.249729,0.188796,0.248189,0.056644,0.179785,0.389251,0.205890,0.234767
27,0.112500,0.324039,0.236101,0.203368,0.264388,0.164711,0.182984,0.257604,0.249727,0.188802,0.248186,0.056642,0.179783,0.389248,0.205897,0.234770
28,0.116667,0.324038,0.236103,0.203371,0.264388,0.164710,0.182987,0.257605,0.249726,0.188803,0.248186,0.056642,0.179782,0.389256,0.205891,0.234760
29,0.120833,0.324036,0.236101,0.203370,0.264386,0.164710,0.182990,0.257604,0.249726,0.188806,0.248185,0.056644,0.179783,0.389261,0.205888,0.234756
30,0.125000,0.324036,0.236103,0.203373,0.264385,0.164710,0.182994,0.257603,0.249726,0.188814,0.248185,0.056642,0.179783,0.389268,0.205888,0.234749
31,0.129167,0.324036,0.236102,0.203374,0.264385,0.164711,0.182998,0.257601,0.249726,0.188816,0.248180,0.056643,0.179786,0.389273,0.205890,0.234746
32,0.133333,0.324035,0.236102,0.203377,0.264383,0.164707,0.182998,0.257602,0.249728,0.188818,0.248180,0.056644,0.179786,0.389278,0.205893,0.234744
33,0.137500,0.324033,0.236101,0.203381,0.264383,0.164707,0.183001,0.257601,0.249726,0.188822,0.248180,0.056643,0.179784,0.389277,0.205893,0.234739
34,0.141667,0.324032,0.236101,0.203380,0.264381,0.164708,0.183006,0.257600,0.249727,0.188826,0.248181,0.056644,0.179785,0.389284,0.205895,0.234735
35,0.145833,0.324033,0.236100,0.203382,0.264381,0.164710,0.183006,0.257599,0.249729,0.188829,0.248179,0.056646,0.179788,0.389281,0.205903,0.234740
36,0.150000,0.324034,0.236102,0.203385,0.264384,0.164707,0.183004,0.257600,0.249727,0.188830,0.248177,0.056646,0.179788,0.389286,0.205895,0.234728
37,0.154167,0.324032,0.236099,0.203386,0.264381,0.164709,0.183011,0.257600,0.249729,0.188831,0.248181,0.056644,0.179786,0.389292,0.205894,0.234729
38,0.158333,0.324034,0.236100,0.203387,0.264379,0.164708,0.183014,0.257602,0.249729,0.188834,0.248181,0.056644,0.179788,0.389293,0.205892,0.234723
39,0.162500,0.324033,0.236098,0.203391,0.264380,0.164709,0.183017,0.257600,0.249729,0.188836,0.248179,0.056646,0.179789,0.389293,0.205891,0.234722
40,0.166667,0.324033,0.236098,0.203391,0.264381,0.164709,0.183013,0.257603,0.249728,0.188835,0.248177,0.056646,0.179790,0.389304,0.205888,0.234689
41,0.170833,0.324035,0.236099,0.203392,0.264379,0.164707,0.183018,0.257601,0.249729,0.188840,0.248178,0.056644,0.179794,0.389301,0.205884,0.234688
42,0.175000,0.324034,0.236098,0.203393,0.264380,0.164706,0.183018,0.257600,0.249728,0.188838,0.248178,0.056644,0.179795,0.389284,0.205883,0.234716
43,0.179167,0.324034,0.236098,0.203393,0.264381,0.164708,0.183013,0.257600,0.249726,0.188839,0.248177,0.056642,0.179792,0.389281,0.205880,0.234721
44,0.183333,0.324034,0.236100,0.203393,0.264382,0.164707,0.183014,0.257603,0.249727,0.188839,0.248179,0.056643,0.179793,0.389283,0.205877,0.234721
45,0.187500,0.324033,0.236100,0.203393,0.264382,0.164707,0.183013,0.257602,0.249726,0.188838,0.248181,0.056641,0.179793,0.389279,0.205875,0.234727
46,0.191667,0.324034,0.236099,0.203393,0.264382,0.164707,0.183015,0.257604,0.249727,0.188836,0.248179,0.056644,0.179794,0.389274,0.205873,0.234729
47,0.195833,0.324035,0.236098,0.203391,0.264384,0.164705,0.183012,0.257605,0.249726,0.188835,0.248179,0.056641,0.179793,0.389271,0.205868,0.234733
48,0.200000,0.324035,0.236098,0.203389,0.264385,0.164707,0.183009,0.257605,0.249726,0.188835,0.248180,0.056639,0.179794,0.389270,0.205866,0.234739
49,0.204167,0.324036,0.236096,0.203391,0.264384,0.164707,0.183012,0.257605,0.249726,0.188833,0.248181,0.056640,0.179794,0.389268,0.205860,0.234741
50,0.208333,0.324037,0.236094,0.203391,0.264385,0.164705,0.183010,0.257607,0.249726,0.188830,0.248181,0.056639,0.179791,0.389263,0.205857,0.234747
51,0.212500,0.324037,0.236093,0.203392,0.264386,0.164702,0.183006,0.257606,0.249726,0.188829,0.248180,0.056641,0.179791,0.389258,0.205855,0.234753
52,0.216667,0.324037,0.236091,0.203387,0.264383,0.164703,0.183008,0.257605,0.249725,0.188831,0.248180,0.056639,0.179792,0.389256,0.205853,0.234758
53,0.220833,0.324036,0.236091,0.203390,0.264386,0.164706,0.183005,0.257608,0.249725,0.188827,0.248180,0.056637,0.179794,0.389252,0.205853,0.234766
54,0.225000,0.324036,0.236090,0.203389,0.264383,0.164705,0.183002,0.257607,0.249725,0.188825,0.248180,0.056641,0.179790,0.389250,0.205853,0.234773
55,0.229167,0.324036,0.236088,0.203387,0.264381,0.164706,0.183004,0.257606,0.249725,0.188825,0.248180,0.056639,0.179791,0.389246,0.205851,0.234778
56,0.233333,0.324035,0.236087,0.203388,0.264382,0.164707,0.183001,0.257608,0.249728,0.188822,0.248178,0.056641,0.179792,0.389242,0.205852,0.234782
57,0.237500,0.324036,0.236088,0.203389,0.264381,0.164708,0.183004,0.257609,0.249730,0.188822,0.248180,0.056642,0.179795,0.389243,0.205850,0.234786
58,0.241667,0.324037,0.236087,0.203388,0.264380,0.164707,0.183004,0.257609,0.249726,0.188818,0.248180,0.056643,0.179790,0.389239,0.205849,0.234793
59,0.245833,0.324036,0.236085,0.203388,0.264381,0.164709,0.183001,0.257610,0.249729,0.188818,0.248180,0.056646,0.179792,0.389238,0.205847,0.234796
60,0.250000,0.324037,0.236085,0.203388,0.264381,0.164708,0.183001,0.257613,0.249729,0.188815,0.248181,0.056647,0.179791,0.389238,0.205847,0.234797
61,0.254167,0.324038,0.236082,0.203388,0.264383,0.164706,0.182997,0.257614,0.249731,0.188813,0.248181,0.056644,0.179789,0.389236,0.205846,0.234801
62,0.258333,0.324039,0.236083,0.203388,0.264382,0.164711,0.182995,0.257616,0.249729,0.188811,0.248184,0.056644,0.179787,0.389234,0.205844,0.234801
63,0.262500,0.324040,0.236082,0.203388,0.264382,0.164711,0.182998,0.257614,0.249730,0.188813,0.248182,0.056647,0.179787,0.389232,0.205844,0.234801
64,0.266667,0.324039,0.236080,0.203390,0.264384,0.164708,0.182993,0.257615,0.249729,0.188809,0.248182,0.056645,0.179783,0.389235,0.205843,0.234801
65,0.270833,0.324038,0.236081,0.203390,0.264386,0.164710,0.182991,0.257615,0.249729,0.188807,0.248181,0.056645,0.179787,0.389232,0.205845,0.234802
66,0.275000,0.324039,0.236081,0.203389,0.264382,0.164707,0.182993,0.257616,0.249728,0.188805,0.248182,0.056645,0.179786,0.389233,0.205846,0.234800
67,0.279167,0.324039,0.236081,0.203389,0.264385,0.164707,0.182990,0.257616,0.249727,0.188803,0.248185,0.056645,0.179780,0.389235,0.205844,0.234800
68,0.283333,0.324039,0.236081,0.203388,0.264388,0.164707,0.182986,0.257619,0.249726,0.188800,0.248185,0.056642,0.179780,0.389236,0.205841,0.234801
69,0.287500,0.324040,0.236082,0.203388,0.264390,0.164705,0.182986,0.257619,0.249724,0.188800,0.248185,0.056645,0.179780,0.389236,0.205843,0.234799
70,0.291667,0.324042,0.236082,0.203389,0.264389,0.164707,0.182987,0.257620,0.249725,0.188802,0.248186,0.056646,0.179781,0.389236,0.205844,0.234798
71,0.295833,0.324042,0.236083,0.203390,0.264392,0.164706,0.182986,0.257621,0.249725,0.188802,0.248186,0.056642,0.179778,0.389241,0.205841,0.234796
72,0.300000,0.324043,0.236083,0.203391,0.264396,0.164705,0.182981,0.257623,0.249725,0.188803,0.248188,0.056643,0.179780,0.389243,0.205840,0.234797
73,0.304167,0.324045,0.236083,0.203391,0.264395,0.164705,0.182986,0.257622,0.249724,0.188803,0.248186,0.056645,0.179782,0.389243,0.205839,0.234797
74,0.308333,0.324045,0.236084,0.203391,0.264392,0.164707,0.182989,0.257623,0.249725,0.188804,0.248185,0.056645,0.179781,0.389239,0.205842,0.234792
75,0.312500,0.324047,0.236083,0.203392,0.264391,0.164706,0.182988,0.257623,0.249725,0.188805,0.248187,0.056642,0.179779,0.389240,0.205844,0.234789
76,0.316667,0.324046,0.236084,0.203390,0.264393,0.164705,0.182987,0.257623,0.249726,0.188806,0.248186,0.056644,0.179780,0.389245,0.205844,0.234790
77,0.320833,0.324045,0.236085,0.203390,0.264390,0.164707,0.182991,0.257622,0.249727,0.188806,0.248184,0.056645,0.179783,0.389249,0.205844,0.234790
78,0.325000,0.324046,0.236085,0.203390,0.264392,0.164707,0.182989,0.257624,0.249727,0.188807,0.248185,0.056647,0.179781,0.389249,0.205847,0.234792
79,0.329167,0.324045,0.236084,0.203389,0.264394,0.164706,0.182990,0.257623,0.249727,0.188810,0.248182,0.056647,0.179786,0.389253,0.205847,0.234790
80,0.333333,0.324045,0.236085,0.203390,0.264391,0.164708,0.182993,0.257622,0.249726,0.188810,0.248182,0.056647,0.179783,0.389253,0.205851,0.234791
81,0.337500,0.324047,0.236086,0.203389,0.264394,0.164708,0.182993,0.257623,0.249728,0.188813,0.248183,0.056649,0.179784,0.389256,0.205854,0.234787
82,0.341667,0.324050,0.236085,0.203388,0.264392,0.164706,0.182995,0.257626,0.249728,0.188814,0.248183,0.056648,0.179789,0.389262,0.205854,0.234789
83,0.345833,0.324050,0.236084,0.203390,0.264392,0.164707,0.182998,0.257625,0.249728,0.188814,0.248184,0.056647,0.179786,0.389262,0.205855,0.234784
84,0.350000,0.324051,0.236086,0.203386,0.264390,0.164708,0.182997,0.257626,0.249728,0.188815,0.248182,0.056648,0.179789,0.389264,0.205856,0.234782
85,0.354167,0.324049,0.236084,0.203387,0.264393,0.164705,0.182997,0.257625,0.249726,0.188818,0.248184,0.056645,0.179787,0.389267,0.205856,0.234782
86,0.358333,0.324052,0.236083,0.203385,0.264393,0.164707,0.182994,0.257626,0.249726,0.188819,0.248180,0.056647,0.179790,0.389272,0.205855,0.234782
87,0.362500,0.324053,0.236083,0.203384,0.264395,0.164705,0.182992,0.257626,0.249726,0.188818,0.248186,0.056643,0.179788,0.389272,0.205856,0.234779
88,0.366667,0.324054,0.236084,0.203381,0.264393,0.164703,0.182994,0.257627,0.249725,0.188821,0.248182,0.056641,0.179788,0.389275,0.205856,0.234775
89,0.370833,0.324054,0.236084,0.203380,0.264396,0.164702,0.182992,0.257625,0.249722,0.188819,0.248182,0.056641,0.179785,0.389278,0.205859,0.234773
90,0.375000,0.324056,0.236084,0.203377,0.264395,0.164700,0.182992,0.257628,0.249721,0.188819,0.248184,0.056640,0.179786,0.389282,0.205858,0.234769
91,0.379167,0.324056,0.236083,0.203377,0.264396,0.164701,0.182993,0.257627,0.249721,0.188821,0.248183,0.056637,0.179785,0.389284,0.205856,0.234766
92,0.383333,0.324057,0.236084,0.203377,0.264396,0.164701,0.182990,0.257628,0.249721,0.188823,0.248183,0.056639,0.179781,0.389287,0.205857,0.234765
93,0.387500,0.324057,0.236083,0.203375,0.264397,0.164700,0.182987,0.257630,0.249720,0.188821,0.248183,0.056641,0.179785,0.389289,0.205857,0.234761
94,0.391667,0.324061,0.236083,0.203375,0.264396,0.164703,0.182992,0.257629,0.249721,0.188824,0.248186,0.056640,0.179785,0.389291,0.205855,0.234756
95,0.395833,0.324060,0.236081,0.203375,0.264394,0.164702,0.182995,0.257629,0.249722,0.188824,0.248181,0.056643,0.179789,0.389292,0.205853,0.234751
96,0.400000,0.324061,0.236081,0.203372,0.264395,0.164701,0.182992,0.257630,0.249723,0.188823,0.248185,0.056638,0.179786,0.389295,0.205854,0.234747
97,0.404167,0.324060,0.236081,0.203372,0.264392,0.164703,0.182996,0.257630,0.249722,0.188826,0.248183,0.056640,0.179788,0.389295,0.205853,0.234742
98,0.408333,0.324058,0.236079,0.203370,0.264392,0.164701,0.182997,0.257627,0.249722,0.188827,0.248180,0.056641,0.179792,0.389298,0.205851,0.234737
99,0.412500,0.324058,0.236078,0.203371,0.264393,0.164702,0.182997,0.257626,0.249722,0.188828,0.248179,0.056641,0.179792,0.389298,0.205850,0.234734
100,0.416667,0.324056,0.236079,0.203368,0.264392,0.164702,0.182998,0.257625,0.249724,0.188830,0.248178,0.056641,0.179792,0.389299,0.205850,0.234734
101,0.420833,0.324058,0.236079,0.203369,0.264388,0.164701,0.183002,0.257625,0.249722,0.188832,0.248181,0.056639,0.179792,0.389300,0.205847,0.234731
102,0.425000,0.324057,0.236080,0.203367,0.264389,0.164702,0.183004,0.257624,0.249722,0.188834,0.248180,0.056642,0.179793,0.389300,0.205845,0.234729
103,0.429167,0.324058,0.236078,0.203367,0.264389,0.164702,0.183004,0.257624,0.249723,0.188835,0.248180,0.056645,0.179794,0.389300,0.205843,0.234726
104,0.433333,0.324058,0.236080,0.203366,0.264387,0.164701,0.183008,0.257624,0.249725,0.188838,0.248176,0.056644,0.179800,0.389295,0.205839,0.234719
105,0.437500,0.324058,0.236079,0.203367,0.264386,0.164701,0.183008,0.257624,0.249725,0.188839,0.248178,0.056640,0.179800,0.389294,0.205837,0.234715
106,0.441667,0.324058,0.236078,0.203365,0.264387,0.164702,0.183008,0.257624,0.249723,0.188841,0.248177,0.056640,0.179801,0.389291,0.205830,0.234714
107,0.445833,0.324058,0.236078,0.203367,0.264387,0.164703,0.183009,0.257621,0.249724,0.188845,0.248180,0.056641,0.179797,0.389291,0.205825,0.234710
108,0.450000,0.324057,0.236078,0.203365,0.264387,0.164703,0.183006,0.257621,0.249723,0.188844,0.248179,0.056640,0.179797,0.389290,0.205825,0.234706
109,0.454167,0.324055,0.236078,0.203365,0.264387,0.164702,0.183009,0.257622,0.249723,0.188843,0.248181,0.056638,0.179796,0.389287,0.205819,0.234703
110,0.458333,0.324055,0.236077,0.203365,0.264387,0.164700,0.183009,0.257619,0.249721,0.188844,0.248175,0.056639,0.179798,0.389286,0.205817,0.234697
111,0.462500,0.324055,0.236077,0.203363,0.264386,0.164700,0.183008,0.257616,0.249719,0.188845,0.248177,0.056637,0.179796,0.389285,0.205816,0.234695
112,0.466667,0.324052,0.236077,0.203365,0.264386,0.164702,0.183008,0.257618,0.249722,0.188845,0.248178,0.056640,0.179796,0.389284,0.205813,0.234693
113,0.470833,0.324050,0.236077,0.203367,0.264387,0.164701,0.183003,0.257617,0.249721,0.188844,0.248179,0.056637,0.179791,0.389284,0.205810,0.234692
114,0.475000,0.324051,0.236077,0.203365,0.264386,0.164701,0.183007,0.257615,0.249723,0.188847,0.248179,0.056639,0.179796,0.389281,0.205808,0.234690
115,0.479167,0.324051,0.236078,0.203364,0.264384,0.164702,0.183010,0.257615,0.249722,0.188849,0.248180,0.056638,0.179798,0.389280,0.205808,0.234688
116,0.483333,0.324050,0.236078,0.203366,0.264387,0.164701,0.183006,0.257616,0.249722,0.188848,0.248179,0.056639,0.179796,0.389275,0.205809,0.234686
117,0.487500,0.324049,0.236077,0.203367,0.264386,0.164702,0.183006,0.257614,0.249725,0.188851,0.248177,0.056639,0.179795,0.389275,0.205810,0.234685
118,0.491667,0.324049,0.236077,0.203368,0.264383,0.164705,0.183007,0.257614,0.249726,0.188853,0.248180,0.056642,0.179794,0.389275,0.205807,0.234682
119,0.495833,0.324046,0.236077,0.203370,0.264385,0.164703,0.183010,0.257614,0.249724,0.188851,0.248177,0.056643,0.179796,0.389275,0.205805,0.234684
120,0.500000,0.324045,0.236078,0.203371,0.264383,0.164704,0.183009,0.257610,0.249715,0.188858,0.248179,0.056643,0.179793,0.389271,0.205805,0.234686
121,0.504167,0.324043,0.236077,0.203373,0.264383,0.164706,0.183009,0.257611,0.249726,0.188852,0.248179,0.056643,0.179791,0.389272,0.205805,0.234687
122,0.508333,0.324043,0.236078,0.203372,0.264380,0.164707,0.183010,0.257611,0.249727,0.188854,0.248179,0.056642,0.179790,0.389271,0.205806,0.234685
123,0.512500,0.324043,0.236079,0.203369,0.264381,0.164705,0.183010,0.257609,0.249724,0.188853,0.248180,0.056642,0.179789,0.389268,0.205808,0.234687
124,0.516667,0.324041,0.236079,0.203371,0.264381,0.164706,0.183005,0.257609,0.249714,0.188857,0.248180,0.056645,0.179786,0.389269,0.205811,0.234689
125,0.520833,0.324041,0.236079,0.203373,0.264383,0.164706,0.183002,0.257609,0.249727,0.188849,0.248180,0.056641,0.179786,0.389272,0.205808,0.234690
126,0.525000,0.324039,0.236080,0.203374,0.264382,0.164705,0.183003,0.257612,0.249716,0.188853,0.248181,0.056642,0.179784,0.389268,0.205810,0.234689
127,0.529167,0.324041,0.236080,0.203373,0.264382,0.164707,0.183001,0.257609,0.249714,0.188853,0.248182,0.056642,0.179782,0.389266,0.205812,0.234689
128,0.533333,0.324042,0.236080,0.203375,0.264384,0.164705,0.182998,0.257610,0.249715,0.188852,0.248182,0.056646,0.179782,0.389264,0.205814,0.234690
129,0.537500,0.324041,0.236080,0.203376,0.264381,0.164707,0.183000,0.257609,0.249726,0.188843,0.248182,0.056644,0.179779,0.389266,0.205814,0.234692
130,0.541667,0.324039,0.236082,0.203376,0.264384,0.164708,0.182999,0.257611,0.249716,0.188847,0.248183,0.056644,0.179779,0.389266,0.205816,0.234693
131,0.545833,0.324037,0.236082,0.203376,0.264384,0.164709,0.182998,0.257609,0.249715,0.188845,0.248182,0.056646,0.179778,0.389263,0.205820,0.234697
132,0.550000,0.324038,0.236083,0.203379,0.264385,0.164709,0.182994,0.257609,0.249727,0.188840,0.248183,0.056646,0.179778,0.389266,0.205824,0.234700
133,0.554167,0.324037,0.236085,0.203380,0.264386,0.164710,0.182992,0.257609,0.249727,0.188834,0.248187,0.056646,0.179776,0.389264,0.205828,0.234707
134,0.558333,0.324036,0.236087,0.203380,0.264386,0.164708,0.182993,0.257608,0.249725,0.188833,0.248187,0.056644,0.179778,0.389262,0.205830,0.234711
135,0.562500,0.324037,0.236086,0.203381,0.264388,0.164708,0.182996,0.257608,0.249725,0.188833,0.248185,0.056645,0.179779,0.389262,0.205833,0.234714
136,0.566667,0.324036,0.236086,0.203380,0.264388,0.164711,0.182993,0.257611,0.249726,0.188830,0.248186,0.056646,0.179780,0.389263,0.205835,0.234719
137,0.570833,0.324039,0.236087,0.203382,0.264390,0.164709,0.182988,0.257612,0.249727,0.188827,0.248184,0.056643,0.179780,0.389258,0.205837,0.234723
138,0.575000,0.324039,0.236087,0.203380,0.264389,0.164708,0.182993,0.257611,0.249725,0.188827,0.248186,0.056645,0.179781,0.389258,0.205839,0.234731
139,0.579167,0.324040,0.236090,0.203382,0.264392,0.164709,0.182989,0.257611,0.249725,0.188826,0.248187,0.056645,0.179780,0.389258,0.205843,0.234739
140,0.583333,0.324039,0.236090,0.203382,0.264392,0.164710,0.182989,0.257613,0.249726,0.188825,0.248187,0.056646,0.179781,0.389257,0.205843,0.234745
141,0.587500,0.324041,0.236091,0.203382,0.264389,0.164708,0.182988,0.257615,0.249727,0.188824,0.248186,0.056646,0.179783,0.389258,0.205846,0.234750
142,0.591667,0.324040,0.236090,0.203379,0.264391,0.164708,0.182989,0.257614,0.249726,0.188824,0.248189,0.056648,0.179781,0.389256,0.205848,0.234757
143,0.595833,0.324044,0.236091,0.203379,0.264390,0.164710,0.182992,0.257612,0.249725,0.188824,0.248186,0.056646,0.179783,0.389255,0.205851,0.234765
144,0.600000,0.324041,0.236091,0.203379,0.264391,0.164711,0.182990,0.257614,0.249726,0.188822,0.248187,0.056647,0.179784,0.389254,0.205856,0.234768
145,0.604167,0.324042,0.236091,0.203379,0.264393,0.164710,0.182987,0.257615,0.249727,0.188819,0.248186,0.056647,0.179780,0.389252,0.205859,0.234773
146,0.608333,0.324043,0.236092,0.203377,0.264392,0.164709,0.182989,0.257615,0.249726,0.188821,0.248187,0.056645,0.179782,0.389252,0.205862,0.234779
147,0.612500,0.324044,0.236090,0.203379,0.264392,0.164708,0.182987,0.257615,0.249722,0.188820,0.248186,0.056645,0.179783,0.389255,0.205865,0.234787
148,0.616667,0.324044,0.236091,0.203379,0.264390,0.164710,0.182989,0.257617,0.249724,0.188818,0.248187,0.056646,0.179781,0.389255,0.205867,0.234789
149,0.620833,0.324046,0.236089,0.203380,0.264398,0.164706,0.182984,0.257619,0.249724,0.188820,0.248187,0.056643,0.179784,0.389258,0.205868,0.234795
150,0.625000,0.324047,0.236089,0.203378,0.264394,0.164706,0.182987,0.257619,0.249723,0.188821,0.248185,0.056641,0.179783,0.389263,0.205868,0.234794
151,0.629167,0.324049,0.236088,0.203380,0.264394,0.164706,0.182987,0.257620,0.249723,0.188821,0.248184,0.056642,0.179782,0.389265,0.205870,0.234797
152,0.633333,0.324050,0.236088,0.203382,0.264396,0.164707,0.182990,0.257622,0.249724,0.188822,0.248187,0.056641,0.179787,0.389267,0.205869,0.234796
153,0.637500,0.324053,0.236086,0.203383,0.264394,0.164705,0.182992,0.257621,0.249724,0.188825,0.248184,0.056644,0.179787,0.389269,0.205869,0.234799
154,0.641667,0.324050,0.236087,0.203383,0.264392,0.164704,0.182991,0.257622,0.249722,0.188824,0.248186,0.056644,0.179785,0.389272,0.205871,0.234796
155,0.645833,0.324052,0.236084,0.203384,0.264394,0.164705,0.182994,0.257623,0.249722,0.188824,0.248186,0.056645,0.179780,0.389274,0.205870,0.234796
156,0.650000,0.324053,0.236086,0.203385,0.264393,0.164704,0.182993,0.257625,0.249724,0.188826,0.248185,0.056643,0.179786,0.389276,0.205868,0.234794
157,0.654167,0.324052,0.236084,0.203384,0.264393,0.164704,0.182994,0.257624,0.249723,0.188826,0.248182,0.056645,0.179784,0.389271,0.205878,0.234797
158,0.658333,0.324052,0.236085,0.203389,0.264393,0.164707,0.182995,0.257624,0.249723,0.188828,0.248181,0.056646,0.179788,0.389273,0.205877,0.234792
159,0.662500,0.324054,0.236080,0.203388,0.264391,0.164705,0.182998,0.257627,0.249724,0.188829,0.248181,0.056645,0.179789,0.389283,0.205865,0.234784
160,0.666667,0.324054,0.236081,0.203389,0.264394,0.164702,0.182996,0.257628,0.249724,0.188829,0.248181,0.056645,0.179788,0.389286,0.205861,0.234780
161,0.670833,0.324054,0.236080,0.203389,0.264394,0.164705,0.183002,0.257626,0.249724,0.188834,0.248181,0.056644,0.179786,0.389288,0.205857,0.234776
162,0.675000,0.324056,0.236079,0.203392,0.264390,0.164704,0.183007,0.257628,0.249724,0.188835,0.248180,0.056646,0.179787,0.389288,0.205853,0.234772
163,0.679167,0.324053,0.236078,0.203395,0.264393,0.164702,0.183003,0.257629,0.249724,0.188838,0.248180,0.056646,0.179790,0.389289,0.205848,0.234767
164,0.683333,0.324054,0.236078,0.203393,0.264392,0.164703,0.183007,0.257629,0.249724,0.188840,0.248180,0.056643,0.179790,0.389287,0.205844,0.234761
165,0.687500,0.324054,0.236076,0.203396,0.264393,0.164702,0.183007,0.257627,0.249722,0.188843,0.248182,0.056643,0.179788,0.389287,0.205840,0.234757
166,0.691667,0.324054,0.236075,0.203397,0.264394,0.164704,0.183006,0.257627,0.249723,0.188844,0.248180,0.056646,0.179792,0.389289,0.205834,0.234755
167,0.695833,0.324054,0.236075,0.203398,0.264391,0.164702,0.183011,0.257628,0.249722,0.188848,0.248182,0.056643,0.179791,0.389285,0.205827,0.234753
168,0.700000,0.324052,0.236075,0.203398,0.264394,0.164701,0.183011,0.257626,0.249722,0.188851,0.248178,0.056642,0.179791,0.389282,0.205824,0.234747
169,0.704167,0.324053,0.236075,0.203401,0.264393,0.164701,0.183015,0.257627,0.249722,0.188853,0.248179,0.056643,0.179790,0.389280,0.205817,0.234744
170,0.708333,0.324053,0.236073,0.203400,0.264391,0.164702,0.183017,0.257628,0.249723,0.188856,0.248182,0.056644,0.179792,0.389279,0.205813,0.234743
171,0.712500,0.324052,0.236072,0.203402,0.264390,0.164700,0.183019,0.257625,0.249722,0.188861,0.248178,0.056639,0.179796,0.389276,0.205805,0.234740
172,0.716667,0.324051,0.236073,0.203404,0.264390,0.164701,0.183018,0.257624,0.249723,0.188863,0.248177,0.056644,0.179798,0.389270,0.205800,0.234737
173,0.720833,0.324050,0.236070,0.203405,0.264390,0.164703,0.183018,0.257624,0.249724,0.188867,0.248180,0.056642,0.179799,0.389271,0.205796,0.234734
174,0.725000,0.324050,0.236069,0.203406,0.264388,0.164702,0.183022,0.257626,0.249723,0.188866,0.248180,0.056642,0.179798,0.389267,0.205789,0.234734
175,0.729167,0.324047,0.236069,0.203408,0.264389,0.164703,0.183024,0.257624,0.249712,0.188874,0.248179,0.056645,0.179795,0.389264,0.205786,0.234732
176,0.733333,0.324047,0.236070,0.203409,0.264389,0.164705,0.183026,0.257624,0.249713,0.188875,0.248180,0.056641,0.179796,0.389262,0.205782,0.234732
177,0.737500,0.324047,0.236068,0.203408,0.264386,0.164703,0.183027,0.257623,0.249725,0.188870,0.248180,0.056641,0.179795,0.389261,0.205779,0.234732
178,0.741667,0.324044,0.236068,0.203410,0.264385,0.164704,0.183026,0.257622,0.249714,0.188877,0.248182,0.056643,0.179795,0.389257,0.205779,0.234731
179,0.745833,0.324044,0.236067,0.203410,0.264388,0.164703,0.183026,0.257622,0.249716,0.188878,0.248180,0.056643,0.179798,0.389256,0.205775,0.234731
180,0.750000,0.324044,0.236066,0.203410,0.264387,0.164702,0.183026,0.257622,0.249714,0.188878,0.248180,0.056642,0.179794,0.389253,0.205774,0.234738
181,0.754167,0.324042,0.236067,0.203415,0.264385,0.164704,0.183026,0.257621,0.249712,0.188876,0.248180,0.056644,0.179798,0.389251,0.205773,0.234738
182,0.758333,0.324042,0.236066,0.203414,0.264387,0.164704,0.183022,0.257622,0.249713,0.188876,0.248182,0.056641,0.179792,0.389251,0.205774,0.234739
183,0.762500,0.324042,0.236064,0.203416,0.264386,0.164702,0.183026,0.257620,0.249724,0.188871,0.248184,0.056642,0.179789,0.389250,0.205771,0.234739
184,0.766667,0.324042,0.236064,0.203415,0.264385,0.164703,0.183026,0.257620,0.249723,0.188870,0.248181,0.056643,0.179790,0.389245,0.205770,0.234743
185,0.770833,0.324043,0.236064,0.203416,0.264385,0.164703,0.183023,0.257621,0.249725,0.188868,0.248183,0.056643,0.179791,0.389242,0.205769,0.234743
186,0.775000,0.324043,0.236065,0.203417,0.264388,0.164704,0.183020,0.257622,0.249713,0.188868,0.248183,0.056644,0.179789,0.389241,0.205769,0.234745
187,0.779167,0.324041,0.236064,0.203417,0.264389,0.164704,0.183014,0.257621,0.249723,0.188862,0.248183,0.056645,0.179786,0.389238,0.205770,0.234750
188,0.783333,0.324041,0.236066,0.203415,0.264387,0.164707,0.183012,0.257622,0.249713,0.188863,0.248184,0.056646,0.179785,0.389238,0.205771,0.234752
189,0.787500,0.324039,0.236066,0.203417,0.264387,0.164705,0.183011,0.257623,0.249724,0.188855,0.248184,0.056644,0.179785,0.389237,0.205771,0.234754
190,0.791667,0.324040,0.236067,0.203415,0.264387,0.164705,0.183009,0.257620,0.249713,0.188858,0.248184,0.056647,0.179784,0.389236,0.205775,0.234757
191,0.795833,0.324040,0.236067,0.203416,0.264388,0.164708,0.183008,0.257622,0.249724,0.188849,0.248186,0.056647,0.179781,0.389235,0.205780,0.234763
192,0.800000,0.324039,0.236067,0.203417,0.264389,0.164707,0.183008,0.257624,0.249726,0.188842,0.248184,0.056648,0.179781,0.389233,0.205782,0.234765
193,0.804167,0.324037,0.236068,0.203418,0.264392,0.164706,0.183003,0.257624,0.249724,0.188840,0.248185,0.056646,0.179782,0.389233,0.205786,0.234771
194,0.808333,0.324041,0.236069,0.203415,0.264391,0.164709,0.183001,0.257625,0.249725,0.188836,0.248188,0.056646,0.179779,0.389233,0.205788,0.234778
195,0.812500,0.324039,0.236069,0.203416,0.264393,0.164709,0.182996,0.257625,0.249725,0.188832,0.248188,0.056647,0.179781,0.389234,0.205793,0.234783
196,0.816667,0.324038,0.236070,0.203416,0.264394,0.164709,0.182995,0.257626,0.249725,0.188830,0.248188,0.056649,0.179779,0.389232,0.205796,0.234789
197,0.820833,0.324041,0.236071,0.203417,0.264396,0.164709,0.182995,0.257627,0.249725,0.188828,0.248189,0.056648,0.179777,0.389232,0.205802,0.234798
198,0.825000,0.324042,0.236072,0.203415,0.264394,0.164709,0.182994,0.257627,0.249724,0.188827,0.248190,0.056648,0.179776,0.389228,0.205806,0.234805
199,0.829167,0.324042,0.236074,0.203414,0.264397,0.164708,0.182993,0.257627,0.249723,0.188824,0.248189,0.056646,0.179777,0.389225,0.205810,0.234809
200,0.833333,0.324044,0.236074,0.203411,0.264399,0.164708,0.182989,0.257629,0.249723,0.188823,0.248190,0.056648,0.179775,0.389227,0.205815,0.234817
201,0.837500,0.324044,0.236076,0.203411,0.264399,0.164707,0.182989,0.257628,0.249723,0.188823,0.248188,0.056648,0.179780,0.389230,0.205816,0.234823
202,0.841667,0.324044,0.236075,0.203409,0.264397,0.164707,0.182988,0.257629,0.249722,0.188820,0.248188,0.056646,0.179777,0.389229,0.205823,0.234830
203,0.845833,0.324047,0.236077,0.203407,0.264398,0.164704,0.182986,0.257628,0.249723,0.188820,0.248190,0.056647,0.179774,0.389229,0.205825,0.234835
204,0.850000,0.324048,0.236078,0.203407,0.264397,0.164708,0.182987,0.257628,0.249723,0.188819,0.248187,0.056647,0.179778,0.389234,0.205832,0.234841
205,0.854167,0.324050,0.236078,0.203405,0.264398,0.164708,0.182987,0.257629,0.249723,0.188820,0.248187,0.056649,0.179777,0.389234,0.205835,0.234842
206,0.858333,0.324052,0.236080,0.203402,0.264399,0.164706,0.182986,0.257630,0.249724,0.188820,0.248187,0.056650,0.179779,0.389238,0.205840,0.234844
207,0.862500,0.324051,0.236079,0.203404,0.264397,0.164707,0.182991,0.257630,0.249723,0.188820,0.248188,0.056647,0.179778,0.389240,0.205845,0.234849
208,0.866667,0.324051,0.236080,0.203405,0.264396,0.164705,0.182994,0.257630,0.249724,0.188821,0.248188,0.056649,0.179780,0.389239,0.205856,0.234853
209,0.870833,0.324051,0.236079,0.203402,0.264397,0.164708,0.182993,0.257630,0.249726,0.188821,0.248186,0.056651,0.179783,0.389241,0.205863,0.234851
210,0.875000,0.324052,0.236079,0.203401,0.264398,0.164707,0.182993,0.257631,0.249724,0.188823,0.248187,0.056651,0.179782,0.389247,0.205869,0.234853
211,0.879167,0.324053,0.236082,0.203405,0.264397,0.164707,0.182993,0.257630,0.249724,0.188824,0.248186,0.056650,0.179785,0.389257,0.205862,0.234846
212,0.883333,0.324054,0.236079,0.203403,0.264398,0.164708,0.182994,0.257631,0.249724,0.188826,0.248186,0.056651,0.179784,0.389260,0.205875,0.234848
213,0.887500,0.324052,0.236079,0.203404,0.264396,0.164707,0.182999,0.257632,0.249724,0.188828,0.248186,0.056649,0.179788,0.389260,0.205877,0.234845
214,0.891667,0.324053,0.236081,0.203404,0.264397,0.164705,0.183002,0.257631,0.249724,0.188828,0.248186,0.056649,0.179789,0.389266,0.205878,0.234838
215,0.895833,0.324054,0.236081,0.203404,0.264398,0.164706,0.183001,0.257631,0.249723,0.188833,0.248186,0.056649,0.179787,0.389269,0.205875,0.234832
216,0.900000,0.324056,0.236080,0.203403,0.264398,0.164706,0.183000,0.257633,0.249723,0.188832,0.248183,0.056649,0.179788,0.389277,0.205868,0.234822
217,0.904167,0.324055,0.236081,0.203405,0.264399,0.164705,0.183001,0.257632,0.249722,0.188835,0.248181,0.056650,0.179792,0.389273,0.205874,0.234821
218,0.908333,0.324056,0.236082,0.203403,0.264397,0.164703,0.183004,0.257632,0.249722,0.188839,0.248185,0.056649,0.179787,0.389282,0.205863,0.234805
219,0.912500,0.324060,0.236081,0.203402,0.264397,0.164705,0.183002,0.257631,0.249723,0.188841,0.248184,0.056648,0.179791,0.389288,0.205857,0.234799
220,0.916667,0.324059,0.236081,0.203401,0.264395,0.164704,0.183004,0.257631,0.249724,0.188846,0.248184,0.056650,0.179785,0.389289,0.205853,0.234790
221,0.920833,0.324057,0.236081,0.203402,0.264396,0.164706,0.183006,0.257629,0.249722,0.188846,0.248184,0.056648,0.179786,0.389291,0.205847,0.234780
222,0.925000,0.324057,0.236080,0.203401,0.264395,0.164706,0.183012,0.257630,0.249723,0.188849,0.248183,0.056649,0.179788,0.389290,0.205843,0.234770
223,0.929167,0.324055,0.236078,0.203403,0.264393,0.164704,0.183016,0.257629,0.249722,0.188851,0.248183,0.056645,0.179786,0.389290,0.205840,0.234761
224,0.933333,0.324054,0.236080,0.203401,0.264394,0.164704,0.183012,0.257627,0.249722,0.188851,0.248182,0.056648,0.179787,0.389291,0.205837,0.234752
225,0.937500,0.324053,0.236079,0.203399,0.264391,0.164704,0.183016,0.257626,0.249723,0.188855,0.248180,0.056646,0.179789,0.389294,0.205830,0.234744
226,0.941667,0.324053,0.236077,0.203400,0.264394,0.164705,0.183015,0.257627,0.249713,0.188862,0.248181,0.056649,0.179791,0.389290,0.205824,0.234735
227,0.945833,0.324053,0.236075,0.203399,0.264393,0.164704,0.183015,0.257627,0.249722,0.188857,0.248182,0.056648,0.179787,0.389289,0.205819,0.234722
228,0.950000,0.324051,0.236076,0.203401,0.264391,0.164705,0.183018,0.257625,0.249724,0.188862,0.248181,0.056649,0.179792,0.389287,0.205814,0.234718
229,0.954167,0.324051,0.236076,0.203400,0.264393,0.164706,0.183015,0.257624,0.249714,0.188870,0.248182,0.056648,0.179790,0.389285,0.205807,0.234714
230,0.958333,0.324051,0.236074,0.203399,0.264390,0.164707,0.183018,0.257623,0.249726,0.188866,0.248183,0.056649,0.179788,0.389284,0.205801,0.234705
231,0.962500,0.324049,0.236076,0.203399,0.264391,0.164706,0.183018,0.257623,0.249714,0.188871,0.248183,0.056649,0.179795,0.389279,0.205798,0.234701
232,0.966667,0.324048,0.236074,0.203397,0.264390,0.164706,0.183021,0.257619,0.249713,0.188877,0.248181,0.056649,0.179792,0.389277,0.205791,0.234699
233,0.970833,0.324048,0.236074,0.203397,0.264388,0.164707,0.183022,0.257618,0.249714,0.188874,0.248182,0.056649,0.179790,0.389274,0.205784,0.234696
234,0.975000,0.324047,0.236073,0.203395,0.264387,0.164707,0.183018,0.257618,0.249716,0.188877,0.248182,0.056648,0.179791,0.389268,0.205780,0.234691
235,0.979167,0.324044,0.236072,0.203396,0.264385,0.164707,0.183022,0.257617,0.249716,0.188877,0.248182,0.056646,0.179793,0.389264,0.205774,0.234688
236,0.983333,0.324044,0.236072,0.203392,0.264385,0.164705,0.183022,0.257614,0.249714,0.188881,0.248179,0.056647,0.179792,0.389258,0.205770,0.234688
237,0.987500,0.324043,0.236071,0.203392,0.264384,0.164707,0.183020,0.257613,0.249714,0.188879,0.248179,0.056648,0.179792,0.389252,0.205766,0.234685
238,0.991667,0.324042,0.236070,0.203392,0.264380,0.164707,0.183022,0.257614,0.249717,0.188878,0.248181,0.056647,0.179788,0.389249,0.205763,0.234682
239,0.995833,0.324040,0.236069,0.203390,0.264381,0.164708,0.183019,0.257614,0.249716,0.188876,0.248180,0.056648,0.179792,0.389248,0.205759,0.234683
240,1.000000,0.324041,0.236069,0.203389,0.264381,0.164709,0.183016,0.257613,0.249716,0.188876,0.248183,0.056648,0.179788,0.389246,0.205756,0.234683
241,1.004167,0.324040,0.236067,0.203388,0.264380,0.164709,0.183019,0.257610,0.249727,0.188870,0.248185,0.056648,0.179790,0.389243,0.205754,0.234683
242,1.008333,0.324039,0.236068,0.203390,0.264381,0.164710,0.183015,0.257612,0.249728,0.188868,0.248183,0.056648,0.179786,0.389241,0.205752,0.234685
243,1.012500,0.324037,0.236067,0.203389,0.264382,0.164710,0.183009,0.257611,0.249716,0.188871,0.248183,0.056647,0.179789,0.389236,0.205751,0.234685
244,1.016667,0.324035,0.236065,0.203387,0.264380,0.164708,0.183009,0.257609,0.249716,0.188870,0.248182,0.056648,0.179787,0.389235,0.205751,0.234689
245,1.020833,0.324035,0.236068,0.203384,0.264381,0.164711,0.183008,0.257609,0.249716,0.188866,0.248184,0.056648,0.179784,0.389233,0.205753,0.234690
246,1.025000,0.324033,0.236066,0.203387,0.264382,0.164708,0.183005,0.257610,0.249716,0.188864,0.248187,0.056647,0.179784,0.389233,0.205755,0.234697
247,1.029167,0.324031,0.236067,0.203385,0.264378,0.164709,0.183009,0.257608,0.249716,0.188863,0.248183,0.056646,0.179786,0.389230,0.205755,0.234697
248,1.033333,0.324033,0.236068,0.203384,0.264381,0.164710,0.183005,0.257608,0.249716,0.188861,0.248183,0.056645,0.179789,0.389227,0.205759,0.234700
249,1.037500,0.324035,0.236069,0.203384,0.264384,0.164711,0.183002,0.257610,0.249715,0.188855,0.248185,0.056649,0.179781,0.389227,0.205763,0.234704
250,1.041667,0.324035,0.236069,0.203384,0.264387,0.164711,0.182999,0.257611,0.249727,0.188851,0.248187,0.056647,0.179784,0.389226,0.205762,0.234707
251,1.045833,0.324035,0.236070,0.203382,0.264385,0.164711,0.183001,0.257611,0.249727,0.188848,0.248183,0.056650,0.179787,0.389223,0.205765,0.234711
252,1.050000,0.324036,0.236072,0.203382,0.264386,0.164711,0.182995,0.257612,0.249716,0.188850,0.248189,0.056650,0.179778,0.389226,0.205768,0.234715
253,1.054167,0.324037,0.236072,0.203381,0.264387,0.164712,0.182995,0.257612,0.249726,0.188842,0.248188,0.056648,0.179780,0.389227,0.205771,0.234718
254,1.058333,0.324037,0.236072,0.203381,0.264387,0.164711,0.182991,0.257614,0.249727,0.188840,0.248188,0.056649,0.179777,0.389227,0.205776,0.234720
255,1.062500,0.324038,0.236073,0.203380,0.264389,0.164712,0.182991,0.257614,0.249727,0.188835,0.248188,0.056650,0.179777,0.389227,0.205781,0.234723
256,1.066667,0.324040,0.236074,0.203378,0.264388,0.164711,0.182991,0.257615,0.249727,0.188834,0.248187,0.056650,0.179778,0.389231,0.205785,0.234727
257,1.070833,0.324038,0.236075,0.203379,0.264388,0.164711,0.182989,0.257616,0.249727,0.188831,0.248188,0.056649,0.179776,0.389233,0.205790,0.234730
258,1.075000,0.324040,0.236076,0.203380,0.264390,0.164710,0.182988,0.257618,0.249727,0.188827,0.248188,0.056649,0.179776,0.389238,0.205795,0.234735
259,1.079167,0.324041,0.236076,0.203377,0.264391,0.164709,0.182985,0.257618,0.249715,0.188835,0.248187,0.056649,0.179778,0.389242,0.205804,0.234740
260,1.083333,0.324044,0.236077,0.203379,0.264394,0.164711,0.182982,0.257617,0.249725,0.188827,0.248189,0.056650,0.179774,0.389245,0.205808,0.234742
261,1.087500,0.324044,0.236078,0.203379,0.264392,0.164711,0.182980,0.257619,0.249727,0.188826,0.248188,0.056649,0.179776,0.389251,0.205815,0.234746
262,1.091667,0.324044,0.236078,0.203381,0.264393,0.164709,0.182987,0.257622,0.249728,0.188824,0.248189,0.056648,0.179775,0.389256,0.205820,0.234749
263,1.095833,0.324047,0.236079,0.203379,0.264395,0.164706,0.182987,0.257623,0.249725,0.188822,0.248187,0.056648,0.179777,0.389257,0.205827,0.234752
264,1.100000,0.324051,0.236080,0.203376,0.264396,0.164708,0.182988,0.257623,0.249723,0.188822,0.248188,0.056646,0.179779,0.389264,0.205830,0.234753
265,1.104167,0.324050,0.236079,0.203379,0.264398,0.164708,0.182982,0.257626,0.249724,0.188824,0.248188,0.056645,0.179777,0.389269,0.205834,0.234758
266,1.108333,0.324052,0.236080,0.203379,0.264397,0.164707,0.182980,0.257626,0.249724,0.188822,0.248189,0.056648,0.179778,0.389270,0.205839,0.234762
267,1.112500,0.324053,0.236083,0.203382,0.264399,0.164706,0.182978,0.257626,0.249723,0.188824,0.248188,0.056651,0.179778,0.389276,0.205844,0.234765
268,1.116667,0.324054,0.236081,0.203381,0.264397,0.164704,0.182980,0.257627,0.249723,0.188825,0.248187,0.056647,0.179779,0.389279,0.205848,0.234767
269,1.120833,0.324057,0.236080,0.203381,0.264397,0.164703,0.182983,0.257629,0.249722,0.188825,0.248185,0.056645,0.179781,0.389283,0.205852,0.234768
270,1.125000,0.324057,0.236082,0.203380,0.264398,0.164703,0.182988,0.257630,0.249722,0.188826,0.248187,0.056650,0.179782,0.389288,0.205854,0.234771
271,1.129167,0.324059,0.236082,0.203380,0.264398,0.164704,0.182988,0.257630,0.249723,0.188831,0.248185,0.056645,0.179787,0.389290,0.205856,0.234772
272,1.133333,0.324060,0.236082,0.203380,0.264397,0.164702,0.182992,0.257631,0.249723,0.188832,0.248184,0.056647,0.179790,0.389292,0.205857,0.234771
273,1.137500,0.324062,0.236082,0.203380,0.264397,0.164703,0.182990,0.257632,0.249723,0.188834,0.248182,0.056644,0.179790,0.389297,0.205857,0.234772
274,1.141667,0.324061,0.236079,0.203382,0.264395,0.164703,0.182995,0.257632,0.249723,0.188837,0.248183,0.056644,0.179791,0.389297,0.205856,0.234772
275,1.145833,0.324061,0.236078,0.203383,0.264394,0.164701,0.182996,0.257631,0.249722,0.188840,0.248183,0.056642,0.179790,0.389298,0.205855,0.234774
276,1.150000,0.324062,0.236078,0.203382,0.264398,0.164701,0.182994,0.257631,0.249720,0.188844,0.248184,0.056643,0.179791,0.389301,0.205854,0.234770
277,1.154167,0.324062,0.236077,0.203383,0.264398,0.164702,0.182996,0.257630,0.249721,0.188847,0.248180,0.056644,0.179794,0.389305,0.205853,0.234768
278,1.158333,0.324063,0.236075,0.203384,0.264395,0.164700,0.183002,0.257633,0.249722,0.188848,0.248182,0.056644,0.179794,0.389304,0.205850,0.234767
279,1.162500,0.324062,0.236076,0.203382,0.264394,0.164699,0.183010,0.257632,0.249721,0.188853,0.248181,0.056641,0.179793,0.389303,0.205845,0.234764
280,1.166667,0.324063,0.236074,0.203384,0.264396,0.164701,0.183008,0.257630,0.249719,0.188854,0.248182,0.056642,0.179791,0.389303,0.205842,0.234761
281,1.170833,0.324061,0.236074,0.203386,0.264394,0.164700,0.183008,0.257632,0.249719,0.188858,0.248182,0.056641,0.179794,0.389304,0.205836,0.234756
282,1.175000,0.324063,0.236073,0.203384,0.264396,0.164700,0.183007,0.257631,0.249719,0.188863,0.248181,0.056642,0.179790,0.389302,0.205831,0.234752
283,1.179167,0.324062,0.236070,0.203386,0.264396,0.164699,0.183005,0.257630,0.249719,0.188863,0.248179,0.056639,0.179796,0.389301,0.205822,0.234749
284,1.183333,0.324062,0.236070,0.203391,0.264393,0.164698,0.183013,0.257632,0.249708,0.188871,0.248178,0.056639,0.179795,0.389300,0.205816,0.234739
285,1.187500,0.324061,0.236069,0.203391,0.264389,0.164698,0.183018,0.257630,0.249720,0.188868,0.248177,0.056641,0.179796,0.389296,0.205809,0.234732
286,1.191667,0.324061,0.236067,0.203393,0.264389,0.164699,0.183018,0.257630,0.249719,0.188870,0.248179,0.056639,0.179795,0.389293,0.205805,0.234725
287,1.195833,0.324059,0.236067,0.203396,0.264389,0.164700,0.183022,0.257628,0.249720,0.188873,0.248178,0.056641,0.179794,0.389288,0.205798,0.234716
288,1.200000,0.324059,0.236065,0.203397,0.264389,0.164700,0.183020,0.257630,0.249709,0.188880,0.248177,0.056641,0.179797,0.389289,0.205788,0.234712
289,1.204167,0.324056,0.236063,0.203399,0.264391,0.164698,0.183014,0.257630,0.249710,0.188876,0.248178,0.056639,0.179794,0.389287,0.205784,0.234707
290,1.208333,0.324053,0.236063,0.203403,0.264385,0.164699,0.183021,0.257629,0.249708,0.188880,0.248177,0.056643,0.179797,0.389282,0.205774,0.234700
291,1.212500,0.324055,0.236061,0.203403,0.264389,0.164700,0.183018,0.257625,0.249709,0.188883,0.248177,0.056639,0.179795,0.389279,0.205767,0.234698
292,1.216667,0.324052,0.236059,0.203406,0.264388,0.164698,0.183018,0.257628,0.249709,0.188881,0.248178,0.056638,0.179793,0.389277,0.205762,0.234696
293,1.220833,0.324052,0.236057,0.203404,0.264386,0.164699,0.183022,0.257626,0.249710,0.188883,0.248178,0.056640,0.179794,0.389273,0.205754,0.234690
294,1.225000,0.324050,0.236058,0.203405,0.264384,0.164699,0.183027,0.257625,0.249709,0.188883,0.248175,0.056640,0.179794,0.389265,0.205750,0.234687
295,1.229167,0.324046,0.236057,0.203408,0.264381,0.164699,0.183025,0.257625,0.249709,0.188883,0.248178,0.056640,0.179793,0.389260,0.205741,0.234689
296,1.233333,0.324044,0.236055,0.203410,0.264384,0.164701,0.183023,0.257625,0.249710,0.188883,0.248175,0.056639,0.179793,0.389254,0.205737,0.234690
297,1.237500,0.324042,0.236055,0.203411,0.264383,0.164699,0.183020,0.257620,0.249718,0.188878,0.248177,0.056638,0.179791,0.389246,0.205732,0.234689
298,1.241667,0.324042,0.236052,0.203411,0.264383,0.164701,0.183018,0.257620,0.249709,0.188885,0.248175,0.056639,0.179795,0.389240,0.205728,0.234692
299,1.245833,0.324041,0.236053,0.203411,0.264379,0.164701,0.183023,0.257620,0.249710,0.188885,0.248175,0.056639,0.179791,0.389235,0.205724,0.234694
300,1.250000,0.324037,0.236054,0.203412,0.264379,0.164701,0.183023,0.257620,0.249710,0.188882,0.248178,0.056640,0.179795,0.389229,0.205721,0.234697
301,1.254167,0.324034,0.236054,0.203414,0.264379,0.164702,0.183023,0.257617,0.249709,0.188883,0.248179,0.056639,0.179795,0.389222,0.205720,0.234700
302,1.258333,0.324036,0.236053,0.203413,0.264379,0.164701,0.183024,0.257616,0.249712,0.188882,0.248177,0.056637,0.179792,0.389220,0.205717,0.234708
303,1.262500,0.324033,0.236052,0.203415,0.264379,0.164700,0.183021,0.257618,0.249710,0.188878,0.248178,0.056638,0.179796,0.389215,0.205715,0.234715
304,1.266667,0.324033,0.236054,0.203415,0.264378,0.164702,0.183024,0.257617,0.249710,0.188879,0.248180,0.056640,0.179794,0.389211,0.205716,0.234720
305,1.270833,0.324032,0.236054,0.203419,0.264380,0.164700,0.183020,0.257616,0.249711,0.188879,0.248178,0.056639,0.179795,0.389208,0.205715,0.234727
306,1.275000,0.324032,0.236054,0.203417,0.264380,0.164702,0.183018,0.257615,0.249711,0.188876,0.248180,0.056639,0.179791,0.389206,0.205716,0.234735
307,1.279167,0.324031,0.236053,0.203419,0.264379,0.164700,0.183020,0.257615,0.249710,0.188873,0.248180,0.056637,0.179793,0.389202,0.205721,0.234745
308,1.283333,0.324030,0.236055,0.203421,0.264380,0.164700,0.183019,0.257616,0.249721,0.188867,0.248180,0.056638,0.179793,0.389198,0.205724,0.234749
309,1.287500,0.324029,0.236057,0.203420,0.264381,0.164700,0.183015,0.257613,0.249721,0.188865,0.248180,0.056638,0.179792,0.389198,0.205725,0.234757
310,1.291667,0.324028,0.236057,0.203421,0.264379,0.164701,0.183014,0.257613,0.249721,0.188864,0.248182,0.056639,0.179794,0.389197,0.205731,0.234768
311,1.295833,0.324028,0.236058,0.203422,0.264381,0.164701,0.183014,0.257615,0.249710,0.188868,0.248182,0.056639,0.179792,0.389176,0.205722,0.234817
312,1.300000,0.324030,0.236058,0.203421,0.264382,0.164700,0.183012,0.257616,0.249708,0.188864,0.248180,0.056640,0.179790,0.389197,0.205743,0.234787
313,1.304167,0.324031,0.236059,0.203424,0.264385,0.164701,0.183006,0.257615,0.249719,0.188859,0.248185,0.056637,0.179788,0.389199,0.205751,0.234794
314,1.308333,0.324030,0.236061,0.203425,0.264384,0.164701,0.183012,0.257615,0.249708,0.188861,0.248181,0.056639,0.179793,0.389199,0.205759,0.234802
315,1.312500,0.324030,0.236061,0.203424,0.264384,0.164702,0.183010,0.257617,0.249708,0.188860,0.248181,0.056638,0.179787,0.389203,0.205766,0.234807
316,1.316667,0.324033,0.236064,0.203428,0.264388,0.164701,0.183007,0.257619,0.249709,0.188856,0.248183,0.056639,0.179788,0.389205,0.205771,0.234815
317,1.320833,0.324033,0.236064,0.203428,0.264387,0.164702,0.183008,0.257620,0.249709,0.188856,0.248183,0.056639,0.179785,0.389211,0.205779,0.234826
318,1.325000,0.324033,0.236064,0.203429,0.264388,0.164702,0.183005,0.257620,0.249717,0.188847,0.248184,0.056638,0.179784,0.389216,0.205787,0.234831
319,1.329167,0.324035,0.236066,0.203430,0.264391,0.164700,0.183002,0.257623,0.249717,0.188846,0.248182,0.056641,0.179783,0.389220,0.205795,0.234835
320,1.333333,0.324037,0.236067,0.203433,0.264392,0.164701,0.182999,0.257624,0.249718,0.188844,0.248185,0.056639,0.179785,0.389223,0.205804,0.234839
321,1.337500,0.324036,0.236066,0.203436,0.264390,0.164699,0.183000,0.257624,0.249717,0.188843,0.248184,0.056638,0.179784,0.389228,0.205811,0.234845
322,1.341667,0.324037,0.236070,0.203436,0.264392,0.164699,0.183000,0.257624,0.249716,0.188842,0.248184,0.056641,0.179783,0.389232,0.205820,0.234851
323,1.345833,0.324040,0.236069,0.203439,0.264395,0.164700,0.182999,0.257628,0.249718,0.188843,0.248185,0.056642,0.179781,0.389238,0.205826,0.234852
324,1.350000,0.324040,0.236070,0.203441,0.264395,0.164700,0.183000,0.257626,0.249715,0.188842,0.248185,0.056640,0.179783,0.389235,0.205843,0.234862
325,1.354167,0.324040,0.236073,0.203440,0.264398,0.164700,0.183000,0.257626,0.249716,0.188842,0.248182,0.056643,0.179782,0.389239,0.205850,0.234865
326,1.358333,0.324043,0.236072,0.203441,0.264396,0.164700,0.183000,0.257629,0.249717,0.188841,0.248181,0.056642,0.179787,0.389242,0.205853,0.234870
327,1.362500,0.324043,0.236073,0.203443,0.264397,0.164700,0.183002,0.257632,0.249718,0.188840,0.248182,0.056643,0.179782,0.389248,0.205859,0.234873
328,1.366667,0.324046,0.236076,0.203441,0.264398,0.164698,0.183003,0.257632,0.249716,0.188842,0.248183,0.056643,0.179784,0.389250,0.205864,0.234877
329,1.370833,0.324048,0.236075,0.203442,0.264400,0.164698,0.183002,0.257631,0.249716,0.188847,0.248182,0.056644,0.179784,0.389251,0.205870,0.234880
330,1.375000,0.324049,0.236076,0.203441,0.264400,0.164699,0.183000,0.257632,0.249715,0.188845,0.248183,0.056643,0.179783,0.389253,0.205871,0.234881
331,1.379167,0.324049,0.236075,0.203444,0.264397,0.164696,0.183002,0.257634,0.249715,0.188846,0.248183,0.056643,0.179779,0.389254,0.205871,0.234882
332,1.383333,0.324049,0.236074,0.203442,0.264401,0.164697,0.183001,0.257633,0.249714,0.188847,0.248183,0.056642,0.179781,0.389255,0.205871,0.234882
333,1.387500,0.324049,0.236076,0.203441,0.264401,0.164693,0.183002,0.257633,0.249713,0.188851,0.248183,0.056638,0.179783,0.389260,0.205870,0.234880
334,1.391667,0.324052,0.236076,0.203444,0.264399,0.164695,0.183008,0.257632,0.249701,0.188857,0.248180,0.056638,0.179782,0.389260,0.205870,0.234881
335,1.395833,0.324049,0.236075,0.203441,0.264400,0.164696,0.183006,0.257632,0.249714,0.188854,0.248181,0.056639,0.179784,0.389261,0.205869,0.234880
336,1.400000,0.324051,0.236073,0.203444,0.264395,0.164694,0.183010,0.257634,0.249703,0.188860,0.248182,0.056641,0.179781,0.389262,0.205866,0.234880
337,1.404167,0.324052,0.236071,0.203443,0.264399,0.164694,0.183010,0.257634,0.249713,0.188858,0.248181,0.056642,0.179783,0.389262,0.205863,0.234877
338,1.408333,0.324053,0.236071,0.203443,0.264396,0.164695,0.183013,0.257632,0.249704,0.188866,0.248179,0.056641,0.179782,0.389261,0.205860,0.234875
339,1.412500,0.324050,0.236071,0.203446,0.264398,0.164695,0.183013,0.257633,0.249705,0.188868,0.248178,0.056642,0.179788,0.389262,0.205855,0.234867
340,1.416667,0.324050,0.236070,0.203444,0.264395,0.164695,0.183020,0.257633,0.249715,0.188865,0.248178,0.056642,0.179790,0.389260,0.205850,0.234866
341,1.420833,0.324050,0.236067,0.203444,0.264393,0.164696,0.183022,0.257632,0.249705,0.188872,0.248177,0.056639,0.179790,0.389266,0.205836,0.234855
342,1.425000,0.324050,0.236067,0.203446,0.264391,0.164697,0.183024,0.257629,0.249705,0.188875,0.248178,0.056642,0.179791,0.389263,0.205837,0.234856
343,1.429167,0.324048,0.236066,0.203443,0.264390,0.164696,0.183022,0.257630,0.249707,0.188875,0.248178,0.056641,0.179793,0.389264,0.205821,0.234843
344,1.433333,0.324046,0.236065,0.203444,0.264389,0.164696,0.183024,0.257629,0.249707,0.188878,0.248177,0.056640,0.179793,0.389263,0.205815,0.234836
345,1.437500,0.324046,0.236062,0.203442,0.264386,0.164697,0.183027,0.257624,0.249705,0.188878,0.248177,0.056640,0.179793,0.389260,0.205808,0.234832
346,1.441667,0.324047,0.236061,0.203441,0.264387,0.164697,0.183027,0.257625,0.249706,0.188881,0.248176,0.056639,0.179795,0.389259,0.205799,0.234824
347,1.445833,0.324041,0.236059,0.203442,0.264385,0.164695,0.183031,0.257624,0.249707,0.188883,0.248178,0.056640,0.179791,0.389255,0.205791,0.234814
348,1.450000,0.324040,0.236060,0.203439,0.264383,0.164696,0.183031,0.257621,0.249707,0.188885,0.248174,0.056640,0.179793,0.389252,0.205782,0.234807
349,1.454167,0.324039,0.236058,0.203439,0.264385,0.164698,0.183027,0.257622,0.249706,0.188885,0.248180,0.056640,0.179797,0.389247,0.205774,0.234798
350,1.458333,0.324039,0.236058,0.203441,0.264381,0.164697,0.183030,0.257621,0.249708,0.188885,0.248176,0.056640,0.179794,0.389242,0.205766,0.234791
351,1.462500,0.324036,0.236057,0.203439,0.264380,0.164698,0.183031,0.257619,0.249706,0.188887,0.248176,0.056638,0.179795,0.389238,0.205756,0.234783
352,1.466667,0.324035,0.236055,0.203439,0.264383,0.164700,0.183029,0.257617,0.249708,0.188889,0.248178,0.056638,0.179791,0.389231,0.205752,0.234774
353,1.470833,0.324035,0.236055,0.203437,0.264379,0.164701,0.183031,0.257616,0.249708,0.188889,0.248178,0.056640,0.179793,0.389224,0.205743,0.234766
354,1.475000,0.324034,0.236055,0.203437,0.264378,0.164698,0.183030,0.257614,0.249707,0.188887,0.248176,0.056639,0.179796,0.389221,0.205737,0.234758
355,1.479167,0.324031,0.236054,0.203435,0.264378,0.164698,0.183030,0.257612,0.249707,0.188891,0.248177,0.056639,0.179794,0.389219,0.205729,0.234756
356,1.483333,0.324031,0.236054,0.203436,0.264379,0.164700,0.183030,0.257613,0.249708,0.188892,0.248179,0.056637,0.179792,0.389214,0.205721,0.234744
357,1.487500,0.324028,0.236055,0.203435,0.264379,0.164698,0.183030,0.257611,0.249707,0.188890,0.248178,0.056638,0.179793,0.389208,0.205717,0.234738
358,1.491667,0.324027,0.236053,0.203433,0.264380,0.164698,0.183029,0.257609,0.249718,0.188887,0.248178,0.056640,0.179794,0.389204,0.205711,0.234735
359,1.495833,0.324029,0.236053,0.203431,0.264378,0.164700,0.183026,0.257607,0.249706,0.188894,0.248179,0.056637,0.179792,0.389201,0.205709,0.234733
360,1.500000,0.324026,0.236055,0.203433,0.264380,0.164698,0.183024,0.257610,0.249707,0.188895,0.248179,0.056636,0.179793,0.389201,0.205705,0.234729
361,1.504167,0.324027,0.236053,0.203433,0.264377,0.164700,0.183028,0.257608,0.249711,0.188893,0.248178,0.056638,0.179794,0.389198,0.205705,0.234728
362,1.508333,0.324026,0.236053,0.203430,0.264377,0.164702,0.183029,0.257607,0.249709,0.188895,0.248179,0.056641,0.179790,0.389196,0.205702,0.234725
363,1.512500,0.324026,0.236055,0.203430,0.264376,0.164701,0.183032,0.257605,0.249708,0.188897,0.248180,0.056640,0.179792,0.389195,0.205703,0.234724
364,1.516667,0.324026,0.236054,0.203429,0.264377,0.164701,0.183031,0.257606,0.249710,0.188898,0.248181,0.056639,0.179788,0.389196,0.205704,0.234723
365,1.520833,0.324024,0.236054,0.203427,0.264377,0.164702,0.183029,0.257606,0.249710,0.188898,0.248179,0.056640,0.179789,0.389197,0.205705,0.234725
366,1.525000,0.324025,0.236053,0.203425,0.264379,0.164702,0.183025,0.257605,0.249710,0.188900,0.248180,0.056640,0.179785,0.389200,0.205708,0.234729
367,1.529167,0.324025,0.236054,0.203429,0.264378,0.164703,0.183023,0.257605,0.249709,0.188900,0.248180,0.056639,0.179787,0.389183,0.205693,0.234772
368,1.533333,0.324028,0.236056,0.203429,0.264380,0.164702,0.183027,0.257607,0.249709,0.188899,0.248180,0.056639,0.179788,0.389209,0.205714,0.234738
369,1.537500,0.324028,0.236054,0.203428,0.264378,0.164701,0.183027,0.257609,0.249710,0.188900,0.248178,0.056638,0.179789,0.389210,0.205722,0.234733
370,1.541667,0.324029,0.236058,0.203428,0.264382,0.164700,0.183027,0.257609,0.249708,0.188899,0.248181,0.056640,0.179788,0.389215,0.205725,0.234737
371,1.545833,0.324033,0.236057,0.203428,0.264383,0.164700,0.183024,0.257610,0.249708,0.188900,0.248180,0.056638,0.179788,0.389219,0.205732,0.234738
372,1.550000,0.324034,0.236059,0.203429,0.264384,0.164701,0.183026,0.257612,0.249709,0.188900,0.248183,0.056640,0.179789,0.389225,0.205738,0.234744
373,1.554167,0.324033,0.236059,0.203432,0.264388,0.164700,0.183022,0.257615,0.249708,0.188897,0.248183,0.056640,0.179788,0.389230,0.205746,0.234744
374,1.558333,0.324038,0.236061,0.203430,0.264388,0.164700,0.183019,0.257616,0.249709,0.188898,0.248183,0.056640,0.179786,0.389235,0.205752,0.234748
375,1.562500,0.324039,0.236061,0.203432,0.264390,0.164698,0.183020,0.257618,0.249707,0.188899,0.248183,0.056641,0.179788,0.389241,0.205759,0.234753
376,1.566667,0.324040,0.236062,0.203431,0.264389,0.164698,0.183019,0.257620,0.249706,0.188895,0.248183,0.056641,0.179785,0.389247,0.205766,0.234757
377,1.570833,0.324041,0.236061,0.203429,0.264391,0.164700,0.183021,0.257622,0.249707,0.188892,0.248182,0.056641,0.179787,0.389252,0.205773,0.234759
378,1.575000,0.324044,0.236063,0.203431,0.264393,0.164699,0.183019,0.257624,0.249707,0.188891,0.248180,0.056640,0.179787,0.389257,0.205780,0.234758
379,1.579167,0.324046,0.236062,0.203432,0.264392,0.164699,0.183019,0.257626,0.249707,0.188888,0.248180,0.056639,0.179789,0.389264,0.205786,0.234764
380,1.583333,0.324047,0.236065,0.203433,0.264396,0.164699,0.183014,0.257628,0.249706,0.188885,0.248184,0.056643,0.179787,0.389267,0.205794,0.234774
381,1.587500,0.324049,0.236064,0.203431,0.264396,0.164698,0.183015,0.257630,0.249705,0.188884,0.248181,0.056642,0.179786,0.389271,0.205799,0.234774
382,1.591667,0.324050,0.236065,0.203432,0.264396,0.164695,0.183014,0.257632,0.249705,0.188883,0.248182,0.056639,0.179788,0.389276,0.205804,0.234779
383,1.595833,0.324054,0.236065,0.203433,0.264401,0.164697,0.183008,0.257635,0.249706,0.188880,0.248182,0.056642,0.179786,0.389281,0.205808,0.234784
384,1.600000,0.324056,0.236065,0.203431,0.264400,0.164694,0.183008,0.257634,0.249715,0.188872,0.248182,0.056640,0.179788,0.389284,0.205811,0.234791
385,1.604167,0.324058,0.236064,0.203429,0.264400,0.164697,0.183013,0.257638,0.249705,0.188876,0.248184,0.056641,0.179782,0.389289,0.205815,0.234793
386,1.608333,0.324061,0.236066,0.203427,0.264404,0.164696,0.183006,0.257641,0.249703,0.188875,0.248183,0.056641,0.179781,0.389290,0.205817,0.234800
387,1.612500,0.324063,0.236064,0.203429,0.264404,0.164695,0.183005,0.257639,0.249714,0.188867,0.248182,0.056641,0.179784,0.389289,0.205820,0.234807
388,1.616667,0.324063,0.236064,0.203430,0.264403,0.164696,0.183007,0.257641,0.249702,0.188873,0.248181,0.056641,0.179784,0.389288,0.205822,0.234809
389,1.620833,0.324065,0.236064,0.203428,0.264406,0.164695,0.183002,0.257643,0.249702,0.188871,0.248180,0.056644,0.179784,0.389288,0.205823,0.234815
390,1.625000,0.324066,0.236064,0.203425,0.264402,0.164695,0.183004,0.257642,0.249713,0.188864,0.248181,0.056642,0.179784,0.389286,0.205822,0.234818
391,1.629167,0.324068,0.236063,0.203425,0.264407,0.164694,0.183003,0.257645,0.249702,0.188870,0.248180,0.056640,0.179783,0.389285,0.205821,0.234821
392,1.633333,0.324068,0.236062,0.203421,0.264401,0.164695,0.183005,0.257645,0.249713,0.188867,0.248182,0.056644,0.179783,0.389286,0.205818,0.234825
393,1.637500,0.324068,0.236060,0.203422,0.264404,0.164693,0.183004,0.257646,0.249713,0.188862,0.248180,0.056641,0.179782,0.389284,0.205814,0.234824
394,1.641667,0.324068,0.236059,0.203421,0.264401,0.164696,0.183008,0.257649,0.249703,0.188866,0.248179,0.056642,0.179781,0.389282,0.205813,0.234828
395,1.645833,0.324070,0.236058,0.203417,0.264403,0.164694,0.183002,0.257648,0.249701,0.188867,0.248181,0.056643,0.179781,0.389280,0.205808,0.234829
396,1.650000,0.324069,0.236056,0.203416,0.264402,0.164695,0.182999,0.257647,0.249712,0.188862,0.248181,0.056642,0.179780,0.389278,0.205803,0.234826
397,1.654167,0.324069,0.236055,0.203416,0.264400,0.164696,0.183000,0.257647,0.249715,0.188861,0.248179,0.056642,0.179782,0.389273,0.205799,0.234827
398,1.658333,0.324068,0.236055,0.203416,0.264399,0.164696,0.183004,0.257649,0.249705,0.188867,0.248178,0.056644,0.179785,0.389272,0.205797,0.234822
399,1.662500,0.324067,0.236052,0.203412,0.264400,0.164697,0.183003,0.257647,0.249715,0.188862,0.248181,0.056642,0.179783,0.389272,0.205791,0.234818
400,1.666667,0.324069,0.236052,0.203413,0.264400,0.164699,0.183001,0.257644,0.249715,0.188863,0.248179,0.056644,0.179785,0.389268,0.205783,0.234815
401,1.670833,0.324066,0.236049,0.203411,0.264397,0.164695,0.183004,0.257646,0.249716,0.188861,0.248179,0.056641,0.179785,0.389267,0.205778,0.234810
402,1.675000,0.324064,0.236048,0.203412,0.264397,0.164695,0.183003,0.257644,0.249715,0.188862,0.248179,0.056643,0.179783,0.389266,0.205770,0.234803
403,1.679167,0.324061,0.236047,0.203412,0.264395,0.164696,0.183005,0.257641,0.249716,0.188867,0.248181,0.056641,0.179786,0.389263,0.205762,0.234797
404,1.683333,0.324062,0.236047,0.203412,0.264394,0.164695,0.183004,0.257640,0.249715,0.188864,0.248179,0.056644,0.179789,0.389259,0.205755,0.234791
405,1.687500,0.324059,0.236044,0.203410,0.264394,0.164697,0.183004,0.257641,0.249717,0.188867,0.248180,0.056644,0.179791,0.389255,0.205747,0.234780
406,1.691667,0.324058,0.236045,0.203409,0.264393,0.164698,0.183007,0.257640,0.249706,0.188872,0.248180,0.056643,0.179789,0.389249,0.205741,0.234768
407,1.695833,0.324058,0.236046,0.203411,0.264390,0.164697,0.183008,0.257638,0.249717,0.188870,0.248179,0.056641,0.179790,0.389247,0.205732,0.234759
408,1.700000,0.324056,0.236044,0.203410,0.264391,0.164695,0.183009,0.257637,0.249717,0.188871,0.248180,0.056642,0.179789,0.389243,0.205722,0.234751
409,1.704167,0.324054,0.236042,0.203408,0.264391,0.164699,0.183010,0.257636,0.249707,0.188878,0.248181,0.056640,0.179789,0.389239,0.205717,0.234743
410,1.708333,0.324053,0.236043,0.203408,0.264388,0.164699,0.183012,0.257633,0.249706,0.188880,0.248181,0.056642,0.179790,0.389235,0.205707,0.234731
411,1.712500,0.324051,0.236042,0.203408,0.264386,0.164699,0.183012,0.257633,0.249707,0.188882,0.248181,0.056642,0.179788,0.389233,0.205700,0.234723
412,1.716667,0.324047,0.236043,0.203409,0.264388,0.164701,0.183011,0.257632,0.249709,0.188886,0.248183,0.056641,0.179788,0.389227,0.205694,0.234715
413,1.720833,0.324048,0.236043,0.203407,0.264385,0.164700,0.183012,0.257627,0.249709,0.188889,0.248178,0.056644,0.179793,0.389224,0.205692,0.234708
414,1.725000,0.324046,0.236043,0.203407,0.264384,0.164702,0.183013,0.257626,0.249709,0.188890,0.248180,0.056644,0.179786,0.389232,0.205682,0.234665
415,1.729167,0.324045,0.236044,0.203409,0.264384,0.164702,0.183020,0.257625,0.249710,0.188893,0.248181,0.056641,0.179795,0.389231,0.205677,0.234655
416,1.733333,0.324045,0.236045,0.203407,0.264379,0.164702,0.183025,0.257624,0.249710,0.188897,0.248180,0.056640,0.179793,0.389230,0.205674,0.234652
417,1.737500,0.324043,0.236045,0.203410,0.264386,0.164702,0.183018,0.257620,0.249710,0.188903,0.248180,0.056641,0.179795,0.389228,0.205674,0.234646
418,1.741667,0.324043,0.236045,0.203408,0.264383,0.164704,0.183023,0.257619,0.249709,0.188905,0.248180,0.056642,0.179793,0.389226,0.205673,0.234642
419,1.745833,0.324041,0.236046,0.203407,0.264385,0.164703,0.183019,0.257618,0.249709,0.188906,0.248178,0.056643,0.179796,0.389226,0.205671,0.234639
420,1.750000,0.324042,0.236046,0.203410,0.264384,0.164704,0.183023,0.257617,0.249709,0.188909,0.248181,0.056644,0.179791,0.389227,0.205671,0.234635
421,1.754167,0.324042,0.236049,0.203409,0.264382,0.164702,0.183030,0.257616,0.249707,0.188916,0.248182,0.056642,0.179793,0.389229,0.205672,0.234632
422,1.758333,0.324042,0.236051,0.203410,0.264384,0.164701,0.183029,0.257618,0.249707,0.188914,0.248183,0.056645,0.179793,0.389232,0.205676,0.234632
423,1.762500,0.324043,0.236051,0.203413,0.264385,0.164702,0.183030,0.257617,0.249708,0.188917,0.248186,0.056641,0.179790,0.389233,0.205678,0.234633
424,1.766667,0.324043,0.236051,0.203414,0.264385,0.164702,0.183032,0.257616,0.249708,0.188922,0.248184,0.056642,0.179791,0.389237,0.205681,0.234629
425,1.770833,0.324042,0.236054,0.203414,0.264383,0.164702,0.183034,0.257615,0.249708,0.188923,0.248183,0.056644,0.179788,0.389240,0.205685,0.234632
426,1.775000,0.324042,0.236053,0.203418,0.264382,0.164701,0.183033,0.257614,0.249706,0.188923,0.248183,0.056643,0.179792,0.389244,0.205691,0.234630
427,1.779167,0.324041,0.236054,0.203422,0.264385,0.164703,0.183029,0.257615,0.249708,0.188924,0.248182,0.056639,0.179796,0.389250,0.205697,0.234632
428,1.783333,0.324043,0.236054,0.203421,0.264385,0.164703,0.183033,0.257616,0.249708,0.188926,0.248179,0.056643,0.179792,0.389253,0.205703,0.234634
429,1.787500,0.324044,0.236055,0.203421,0.264384,0.164702,0.183034,0.257617,0.249706,0.188924,0.248182,0.056642,0.179791,0.389261,0.205710,0.234637
430,1.791667,0.324044,0.236054,0.203424,0.264385,0.164702,0.183034,0.257618,0.249708,0.188925,0.248181,0.056641,0.179792,0.389265,0.205719,0.234639
431,1.795833,0.324047,0.236057,0.203424,0.264384,0.164703,0.183037,0.257619,0.249708,0.188922,0.248184,0.056641,0.179787,0.389262,0.205731,0.234679
432,1.800000,0.324047,0.236057,0.203428,0.264388,0.164700,0.183032,0.257621,0.249707,0.188923,0.248183,0.056644,0.179790,0.389265,0.205738,0.234688
433,1.804167,0.324047,0.236057,0.203428,0.264390,0.164700,0.183029,0.257621,0.249706,0.188923,0.248183,0.056640,0.179789,0.389272,0.205744,0.234695
434,1.808333,0.324047,0.236057,0.203430,0.264391,0.164699,0.183028,0.257622,0.249705,0.188923,0.248183,0.056642,0.179790,0.389279,0.205751,0.234701
435,1.812500,0.324048,0.236059,0.203431,0.264391,0.164702,0.183027,0.257623,0.249704,0.188919,0.248180,0.056644,0.179789,0.389279,0.205756,0.234711
436,1.816667,0.324049,0.236060,0.203432,0.264392,0.164698,0.183029,0.257624,0.249703,0.188920,0.248183,0.056644,0.179789,0.389282,0.205766,0.234719
437,1.820833,0.324051,0.236061,0.203433,0.264393,0.164701,0.183027,0.257625,0.249705,0.188918,0.248182,0.056642,0.179787,0.389285,0.205772,0.234725
438,1.825000,0.324052,0.236060,0.203435,0.264396,0.164699,0.183024,0.257626,0.249704,0.188916,0.248183,0.056643,0.179789,0.389287,0.205778,0.234735
439,1.829167,0.324053,0.236061,0.203436,0.264394,0.164699,0.183029,0.257627,0.249703,0.188914,0.248182,0.056643,0.179788,0.389288,0.205781,0.234742
440,1.833333,0.324053,0.236063,0.203438,0.264395,0.164698,0.183027,0.257630,0.249705,0.188912,0.248180,0.056644,0.179788,0.389288,0.205787,0.234753
441,1.837500,0.324054,0.236063,0.203439,0.264396,0.164699,0.183022,0.257632,0.249703,0.188910,0.248180,0.056643,0.179789,0.389287,0.205792,0.234761
442,1.841667,0.324053,0.236063,0.203439,0.264397,0.164697,0.183021,0.257633,0.249704,0.188909,0.248182,0.056645,0.179786,0.389285,0.205794,0.234771
443,1.845833,0.324056,0.236063,0.203440,0.264398,0.164697,0.183021,0.257632,0.249703,0.188905,0.248182,0.056644,0.179791,0.389283,0.205798,0.234781
444,1.850000,0.324056,0.236063,0.203441,0.264400,0.164697,0.183017,0.257633,0.249701,0.188903,0.248182,0.056643,0.179787,0.389281,0.205799,0.234791
445,1.854167,0.324057,0.236063,0.203442,0.264398,0.164698,0.183021,0.257637,0.249703,0.188899,0.248180,0.056642,0.179787,0.389280,0.205802,0.234801
446,1.858333,0.324057,0.236063,0.203441,0.264402,0.164696,0.183015,0.257637,0.249703,0.188895,0.248179,0.056643,0.179789,0.389278,0.205801,0.234809
447,1.862500,0.324059,0.236064,0.203440,0.264401,0.164697,0.183014,0.257637,0.249702,0.188893,0.248181,0.056644,0.179781,0.389275,0.205800,0.234815
448,1.866667,0.324057,0.236061,0.203441,0.264398,0.164696,0.183017,0.257638,0.249702,0.188892,0.248182,0.056643,0.179787,0.389272,0.205802,0.234824
449,1.870833,0.324058,0.236059,0.203443,0.264401,0.164697,0.183014,0.257639,0.249703,0.188886,0.248182,0.056645,0.179781,0.389268,0.205800,0.234830
450,1.875000,0.324057,0.236059,0.203441,0.264401,0.164696,0.183009,0.257641,0.249703,0.188885,0.248180,0.056646,0.179781,0.389267,0.205800,0.234837
451,1.879167,0.324056,0.236056,0.203443,0.264400,0.164696,0.183009,0.257641,0.249702,0.188884,0.248181,0.056642,0.179777,0.389262,0.205797,0.234842
452,1.883333,0.324055,0.236058,0.203443,0.264400,0.164698,0.183006,0.257640,0.249702,0.188882,0.248184,0.056646,0.179783,0.389260,0.205795,0.234848
453,1.887500,0.324056,0.236055,0.203442,0.264402,0.164698,0.183005,0.257642,0.249704,0.188878,0.248183,0.056646,0.179781,0.389253,0.205793,0.234851
454,1.891667,0.324055,0.236055,0.203442,0.264399,0.164699,0.183008,0.257641,0.249704,0.188878,0.248181,0.056645,0.179779,0.389250,0.205789,0.234854
455,1.895833,0.324055,0.236053,0.203443,0.264397,0.164696,0.183010,0.257642,0.249703,0.188877,0.248181,0.056644,0.179780,0.389245,0.205787,0.234857
456,1.900000,0.324056,0.236054,0.203444,0.264396,0.164699,0.183009,0.257640,0.249704,0.188876,0.248181,0.056647,0.179779,0.389243,0.205781,0.234856
457,1.904167,0.324053,0.236052,0.203443,0.264396,0.164697,0.183003,0.257640,0.249704,0.188874,0.248182,0.056644,0.179780,0.389241,0.205776,0.234857
458,1.908333,0.324051,0.236051,0.203445,0.264397,0.164698,0.183000,0.257638,0.249715,0.188870,0.248184,0.056646,0.179781,0.389234,0.205771,0.234859
459,1.912500,0.324050,0.236049,0.203445,0.264396,0.164699,0.183001,0.257639,0.249706,0.188871,0.248182,0.056645,0.179782,0.389230,0.205766,0.234856
460,1.916667,0.324052,0.236049,0.203445,0.264395,0.164698,0.183002,0.257639,0.249706,0.188871,0.248184,0.056645,0.179781,0.389227,0.205762,0.234853
461,1.920833,0.324049,0.236046,0.203447,0.264394,0.164698,0.183004,0.257639,0.249704,0.188870,0.248184,0.056646,0.179783,0.389221,0.205756,0.234846
462,1.925000,0.324049,0.236045,0.203444,0.264394,0.164701,0.183005,0.257637,0.249717,0.188866,0.248182,0.056644,0.179780,0.389222,0.205748,0.234841
463,1.929167,0.324048,0.236043,0.203445,0.264392,0.164699,0.183007,0.257636,0.249717,0.188865,0.248182,0.056643,0.179785,0.389220,0.205742,0.234840
464,1.933333,0.324048,0.236034,0.203455,0.264389,0.164697,0.183007,0.257637,0.249705,0.188871,0.248185,0.056645,0.179783,0.389214,0.205737,0.234834
465,1.937500,0.324043,0.236042,0.203445,0.264391,0.164700,0.183009,0.257636,0.249705,0.188874,0.248182,0.056645,0.179780,0.389193,0.205714,0.234873
466,1.941667,0.324040,0.236043,0.203447,0.264391,0.164697,0.183005,0.257632,0.249707,0.188878,0.248181,0.056644,0.179784,0.389191,0.205702,0.234868
467,1.945833,0.324039,0.236041,0.203449,0.264389,0.164700,0.183008,0.257631,0.249708,0.188878,0.248183,0.056645,0.179786,0.389203,0.205717,0.234821
468,1.950000,0.324041,0.236033,0.203456,0.264388,0.164701,0.183012,0.257629,0.249707,0.188881,0.248185,0.056646,0.179785,0.389182,0.205699,0.234854
469,1.954167,0.324041,0.236035,0.203457,0.264390,0.164698,0.183012,0.257628,0.249708,0.188886,0.248183,0.056643,0.179786,0.389183,0.205690,0.234855
470,1.958333,0.324040,0.236042,0.203449,0.264389,0.164701,0.183013,0.257627,0.249708,0.188889,0.248184,0.056642,0.179784,0.389201,0.205704,0.234808
471,1.962500,0.324038,0.236043,0.203449,0.264390,0.164701,0.183018,0.257628,0.249707,0.188891,0.248185,0.056644,0.179784,0.389197,0.205702,0.234796
472,1.966667,0.324038,0.236043,0.203450,0.264389,0.164699,0.183021,0.257627,0.249707,0.188895,0.248183,0.056643,0.179785,0.389176,0.205677,0.234837
473,1.970833,0.324041,0.236026,0.203465,0.264386,0.164698,0.183025,0.257624,0.249706,0.188902,0.248185,0.056643,0.179791,0.389179,0.205671,0.234838
474,1.975000,0.324041,0.236034,0.203459,0.264387,0.164700,0.183024,0.257621,0.249707,0.188907,0.248183,0.056643,0.179790,0.389199,0.205689,0.234785
475,1.979167,0.324038,0.236044,0.203452,0.264388,0.164700,0.183025,0.257624,0.249707,0.188908,0.248184,0.056642,0.179790,0.389177,0.205671,0.234819
476,1.983333,0.324036,0.236045,0.203452,0.264388,0.164698,0.183027,0.257623,0.249707,0.188913,0.248185,0.056645,0.179791,0.389181,0.205669,0.234820
477,1.987500,0.324036,0.236044,0.203454,0.264389,0.164700,0.183030,0.257620,0.249707,0.188916,0.248184,0.056641,0.179792,0.389184,0.205668,0.234815
478,1.991667,0.324040,0.236036,0.203463,0.264386,0.164700,0.183039,0.257622,0.249707,0.188920,0.248181,0.056644,0.179792,0.389208,0.205688,0.234765
479,1.995833,0.324037,0.236044,0.203456,0.264384,0.164700,0.183042,0.257622,0.249708,0.188923,0.248181,0.056642,0.179798,0.389207,0.205693,0.234754
480,2.000000,0.324041,0.236038,0.203467,0.264386,0.164698,0.183038,0.257622,0.249707,0.188928,0.248183,0.056642,0.179794,0.389212,0.205693,0.234750
481,2.004167,0.324039,0.236045,0.203463,0.264387,0.164699,0.183040,0.257622,0.249707,0.188931,0.248182,0.056645,0.179794,0.389218,0.205694,0.234751
482,2.008333,0.324041,0.236047,0.203463,0.264386,0.164701,0.183045,0.257622,0.249705,0.188932,0.248182,0.056643,0.179795,0.389225,0.205698,0.234748
483,2.012500,0.324039,0.236046,0.203464,0.264388,0.164700,0.183042,0.257623,0.249705,0.188934,0.248181,0.056644,0.179795,0.389230,0.205703,0.234746
484,2.016667,0.324040,0.236045,0.203463,0.264387,0.164695,0.183044,0.257623,0.249705,0.188937,0.248182,0.056643,0.179794,0.389232,0.205706,0.234742
485,2.020833,0.324041,0.236046,0.203465,0.264393,0.164698,0.183042,0.257623,0.249703,0.188939,0.248183,0.056640,0.179793,0.389239,0.205709,0.234742
486,2.025000,0.324043,0.236046,0.203469,0.264387,0.164696,0.183049,0.257624,0.249704,0.188938,0.248181,0.056639,0.179792,0.389244,0.205715,0.234744
487,2.029167,0.324043,0.236046,0.203468,0.264389,0.164695,0.183048,0.257624,0.249702,0.188942,0.248182,0.056640,0.179793,0.389250,0.205719,0.234745
488,2.033333,0.324044,0.236048,0.203469,0.264390,0.164694,0.183049,0.257626,0.249702,0.188941,0.248181,0.056641,0.179793,0.389254,0.205724,0.234744
489,2.037500,0.324046,0.236048,0.203472,0.264392,0.164696,0.183049,0.257627,0.249702,0.188943,0.248179,0.056642,0.179793,0.389258,0.205728,0.234748
490,2.041667,0.324046,0.236048,0.203472,0.264391,0.164694,0.183047,0.257628,0.249701,0.188943,0.248180,0.056642,0.179790,0.389263,0.205732,0.234752
491,2.045833,0.324049,0.236049,0.203472,0.264393,0.164694,0.183046,0.257628,0.249700,0.188944,0.248180,0.056642,0.179793,0.389266,0.205738,0.234755
492,2.050000,0.324050,0.236050,0.203474,0.264395,0.164694,0.183047,0.257630,0.249703,0.188944,0.248180,0.056642,0.179791,0.389271,0.205744,0.234758
493,2.054167,0.324051,0.236050,0.203472,0.264394,0.164695,0.183050,0.257632,0.249704,0.188943,0.248179,0.056643,0.179795,0.389272,0.205744,0.234764
494,2.058333,0.324049,0.236051,0.203474,0.264395,0.164693,0.183050,0.257632,0.249702,0.188942,0.248182,0.056645,0.179791,0.389274,0.205749,0.234773
495,2.062500,0.324051,0.236049,0.203476,0.264395,0.164692,0.183044,0.257634,0.249702,0.188940,0.248181,0.056644,0.179785,0.389271,0.205751,0.234774
496,2.066667,0.324053,0.236049,0.203476,0.264395,0.164694,0.183044,0.257634,0.249702,0.188939,0.248181,0.056642,0.179789,0.389273,0.205755,0.234780
497,2.070833,0.324052,0.236049,0.203478,0.264396,0.164693,0.183044,0.257636,0.249703,0.188935,0.248182,0.056642,0.179789,0.389273,0.205756,0.234787
498,2.075000,0.324052,0.236050,0.203476,0.264397,0.164692,0.183043,0.257636,0.249700,0.188932,0.248180,0.056642,0.179788,0.389274,0.205759,0.234795
499,2.079167,0.324053,0.236048,0.203476,0.264394,0.164692,0.183043,0.257637,0.249701,0.188930,0.248181,0.056642,0.179786,0.389271,0.205760,0.234801
500,2.083333,0.324052,0.236048,0.203473,0.264399,0.164693,0.183039,0.257638,0.249700,0.188926,0.248179,0.056643,0.179788,0.389269,0.205761,0.234806
501,2.087500,0.324055,0.236049,0.203474,0.264397,0.164695,0.183038,0.257637,0.249702,0.188925,0.248181,0.056644,0.179785,0.389264,0.205761,0.234813
502,2.091667,0.324053,0.236047,0.203474,0.264399,0.164693,0.183036,0.257639,0.249702,0.188920,0.248182,0.056646,0.179784,0.389264,0.205761,0.234819
503,2.095833,0.324057,0.236031,0.203484,0.264399,0.164694,0.183034,0.257640,0.249703,0.188918,0.248182,0.056645,0.179784,0.389259,0.205760,0.234828
504,2.100000,0.324054,0.236047,0.203471,0.264399,0.164694,0.183032,0.257642,0.249702,0.188914,0.248182,0.056644,0.179782,0.389259,0.205759,0.234833
505,2.104167,0.324055,0.236046,0.203468,0.264400,0.164695,0.183024,0.257642,0.249702,0.188912,0.248182,0.056644,0.179780,0.389254,0.205755,0.234840
506,2.108333,0.324057,0.236029,0.203481,0.264401,0.164694,0.183021,0.257643,0.249702,0.188907,0.248183,0.056644,0.179780,0.389250,0.205755,0.234844
507,2.112500,0.324057,0.236028,0.203482,0.264400,0.164694,0.183022,0.257643,0.249702,0.188905,0.248182,0.056644,0.179781,0.389246,0.205753,0.234848
508,2.116667,0.324054,0.236043,0.203466,0.264400,0.164692,0.183022,0.257643,0.249701,0.188899,0.248183,0.056642,0.179779,0.389240,0.205752,0.234851
509,2.120833,0.324054,0.236042,0.203462,0.264401,0.164693,0.183018,0.257643,0.249701,0.188899,0.248180,0.056643,0.179782,0.389235,0.205750,0.234854
510,2.125000,0.324052,0.236042,0.203463,0.264399,0.164694,0.183014,0.257643,0.249701,0.188894,0.248182,0.056642,0.179782,0.389233,0.205747,0.234856
511,2.129167,0.324052,0.236042,0.203462,0.264400,0.164695,0.183013,0.257644,0.249701,0.188888,0.248183,0.056641,0.179780,0.389228,0.205743,0.234856
512,2.133333,0.324051,0.236040,0.203462,0.264399,0.164695,0.183011,0.257644,0.249702,0.188886,0.248184,0.056645,0.179781,0.389225,0.205742,0.234859
513,2.137500,0.324049,0.236040,0.203462,0.264398,0.164697,0.183012,0.257645,0.249703,0.188885,0.248182,0.056645,0.179782,0.389223,0.205741,0.234860
514,2.141667,0.324051,0.236039,0.203458,0.264397,0.164696,0.183012,0.257645,0.249703,0.188881,0.248183,0.056644,0.179782,0.389218,0.205737,0.234858
515,2.145833,0.324052,0.236022,0.203471,0.264396,0.164696,0.183009,0.257643,0.249704,0.188879,0.248186,0.056644,0.179784,0.389197,0.205715,0.234902
516,2.150000,0.324052,0.236022,0.203471,0.264396,0.164698,0.183007,0.257644,0.249705,0.188879,0.248183,0.056644,0.179783,0.389200,0.205707,0.234904
517,2.154167,0.324048,0.236036,0.203457,0.264396,0.164697,0.183009,0.257642,0.249705,0.188878,0.248184,0.056643,0.179783,0.389196,0.205706,0.234903
518,2.158333,0.324048,0.236035,0.203455,0.264393,0.164698,0.183011,0.257641,0.249706,0.188877,0.248185,0.056642,0.179780,0.389211,0.205722,0.234854
519,2.162500,0.324050,0.236020,0.203467,0.264395,0.164698,0.183006,0.257640,0.249706,0.188880,0.248183,0.056644,0.179783,0.389204,0.205722,0.234845
520,2.166667,0.324044,0.236036,0.203453,0.264395,0.164699,0.183003,0.257640,0.249706,0.188879,0.248183,0.056645,0.179787,0.389188,0.205699,0.234887
521,2.170833,0.324049,0.236018,0.203467,0.264393,0.164699,0.183005,0.257638,0.249708,0.188880,0.248184,0.056644,0.179784,0.389191,0.205691,0.234888
522,2.175000,0.324046,0.236028,0.203461,0.264394,0.164699,0.183006,0.257638,0.249708,0.188882,0.248184,0.056642,0.179785,0.389187,0.205688,0.234883
523,2.179167,0.324050,0.236011,0.203473,0.264392,0.164698,0.183013,0.257638,0.249706,0.188882,0.248184,0.056644,0.179785,0.389185,0.205684,0.234874
524,2.183333,0.324044,0.236036,0.203447,0.264391,0.164699,0.183014,0.257635,0.249705,0.188885,0.248183,0.056643,0.179786,0.389185,0.205680,0.234867
525,2.187500,0.324049,0.236020,0.203461,0.264391,0.164700,0.183016,0.257638,0.249708,0.188888,0.248185,0.056642,0.179788,0.389185,0.205679,0.234859
526,2.191667,0.324049,0.236020,0.203462,0.264393,0.164697,0.183012,0.257635,0.249707,0.188891,0.248183,0.056643,0.179787,0.389203,0.205694,0.234811
527,2.195833,0.324044,0.236037,0.203445,0.264393,0.164699,0.183013,0.257633,0.249705,0.188892,0.248186,0.056641,0.179789,0.389183,0.205675,0.234843
528,2.200000,0.324049,0.236029,0.203456,0.264392,0.164698,0.183015,0.257634,0.249705,0.188897,0.248184,0.056642,0.179788,0.389189,0.205671,0.234839
529,2.204167,0.324050,0.236028,0.203454,0.264394,0.164697,0.183014,0.257632,0.249704,0.188899,0.248184,0.056642,0.179788,0.389191,0.205669,0.234831
530,2.208333,0.324048,0.236030,0.203455,0.264394,0.164699,0.183019,0.257634,0.249704,0.188902,0.248186,0.056640,0.179788,0.389195,0.205670,0.234822
531,2.212500,0.324046,0.236040,0.203447,0.264394,0.164698,0.183019,0.257633,0.249706,0.188909,0.248184,0.056639,0.179794,0.389217,0.205687,0.234770
532,2.216667,0.324047,0.236040,0.203446,0.264393,0.164698,0.183022,0.257633,0.249705,0.188912,0.248184,0.056641,0.179788,0.389219,0.205691,0.234758
533,2.220833,0.324046,0.236039,0.203448,0.264394,0.164696,0.183023,0.257634,0.249704,0.188913,0.248184,0.056640,0.179789,0.389224,0.205691,0.234748
534,2.225000,0.324050,0.236041,0.203444,0.264393,0.164696,0.183029,0.257632,0.249703,0.188920,0.248184,0.056641,0.179794,0.389230,0.205692,0.234744
535,2.229167,0.324049,0.236040,0.203445,0.264393,0.164697,0.183027,0.257631,0.249704,0.188924,0.248184,0.056641,0.179793,0.389238,0.205690,0.234736
536,2.233333,0.324051,0.236041,0.203446,0.264396,0.164697,0.183026,0.257632,0.249703,0.188925,0.248183,0.056640,0.179792,0.389244,0.205693,0.234733
537,2.237500,0.324053,0.236039,0.203446,0.264394,0.164697,0.183037,0.257632,0.249704,0.188929,0.248182,0.056638,0.179797,0.389249,0.205696,0.234729
538,2.241667,0.324053,0.236042,0.203446,0.264396,0.164696,0.183036,0.257632,0.249704,0.188934,0.248182,0.056639,0.179797,0.389254,0.205699,0.234722
539,2.245833,0.324057,0.236042,0.203445,0.264394,0.164696,0.183036,0.257634,0.249704,0.188935,0.248184,0.056641,0.179795,0.389260,0.205701,0.234716
540,2.250000,0.324056,0.236042,0.203448,0.264395,0.164694,0.183039,0.257635,0.249704,0.188939,0.248180,0.056642,0.179796,0.389266,0.205705,0.234715
541,2.254167,0.324058,0.236043,0.203448,0.264392,0.164694,0.183040,0.257634,0.249702,0.188944,0.248179,0.056641,0.179800,0.389271,0.205708,0.234712
542,2.258333,0.324057,0.236041,0.203449,0.264392,0.164695,0.183044,0.257635,0.249704,0.188945,0.248182,0.056640,0.179798,0.389278,0.205710,0.234709
543,2.262500,0.324058,0.236041,0.203451,0.264395,0.164694,0.183042,0.257636,0.249702,0.188948,0.248181,0.056639,0.179799,0.389279,0.205712,0.234707
544,2.266667,0.324060,0.236042,0.203450,0.264394,0.164693,0.183044,0.257635,0.249702,0.188949,0.248179,0.056641,0.179800,0.389287,0.205715,0.234705
545,2.270833,0.324060,0.236042,0.203450,0.264399,0.164697,0.183039,0.257636,0.249702,0.188951,0.248180,0.056643,0.179798,0.389292,0.205716,0.234708
546,2.275000,0.324059,0.236041,0.203450,0.264395,0.164692,0.183046,0.257638,0.249701,0.188953,0.248179,0.056642,0.179795,0.389294,0.205715,0.234706
547,2.279167,0.324061,0.236041,0.203452,0.264393,0.164692,0.183048,0.257636,0.249700,0.188951,0.248181,0.056638,0.179797,0.389296,0.205719,0.234706
548,2.283333,0.324063,0.236041,0.203449,0.264396,0.164691,0.183046,0.257638,0.249701,0.188952,0.248179,0.056641,0.179797,0.389295,0.205718,0.234705
549,2.287500,0.324064,0.236042,0.203450,0.264397,0.164693,0.183047,0.257638,0.249700,0.188954,0.248179,0.056641,0.179798,0.389297,0.205720,0.234709
550,2.291667,0.324063,0.236041,0.203450,0.264395,0.164694,0.183046,0.257640,0.249701,0.188952,0.248178,0.056640,0.179797,0.389296,0.205719,0.234713
551,2.295833,0.324064,0.236041,0.203449,0.264393,0.164692,0.183045,0.257639,0.249699,0.188953,0.248179,0.056640,0.179795,0.389295,0.205717,0.234711
552,2.300000,0.324064,0.236041,0.203449,0.264394,0.164691,0.183048,0.257641,0.249698,0.188952,0.248177,0.056638,0.179793,0.389294,0.205717,0.234714
553,2.304167,0.324065,0.236040,0.203449,0.264393,0.164692,0.183047,0.257637,0.249699,0.188951,0.248178,0.056642,0.179793,0.389294,0.205717,0.234716
554,2.308333,0.324065,0.236041,0.203449,0.264396,0.164692,0.183039,0.257641,0.249699,0.188948,0.248179,0.056642,0.179792,0.389290,0.205716,0.234725
555,2.312500,0.324065,0.236040,0.203448,0.264398,0.164692,0.183038,0.257641,0.249699,0.188947,0.248178,0.056641,0.179791,0.389286,0.205715,0.234726
556,2.316667,0.324062,0.236039,0.203444,0.264395,0.164692,0.183039,0.257638,0.249698,0.188947,0.248178,0.056641,0.179793,0.389280,0.205714,0.234729
557,2.320833,0.324064,0.236039,0.203447,0.264396,0.164692,0.183032,0.257639,0.249697,0.188942,0.248177,0.056641,0.179790,0.389277,0.205713,0.234732
558,2.325000,0.324060,0.236039,0.203446,0.264397,0.164693,0.183030,0.257640,0.249699,0.188939,0.248179,0.056641,0.179791,0.389275,0.205711,0.234736
559,2.329167,0.324060,0.236037,0.203448,0.264396,0.164692,0.183031,0.257642,0.249699,0.188935,0.248177,0.056641,0.179796,0.389270,0.205709,0.234739
560,2.333333,0.324063,0.236037,0.203446,0.264396,0.164690,0.183031,0.257640,0.249699,0.188934,0.248180,0.056642,0.179784,0.389267,0.205708,0.234745
561,2.337500,0.324061,0.236036,0.203445,0.264396,0.164691,0.183030,0.257639,0.249698,0.188929,0.248180,0.056642,0.179790,0.389261,0.205705,0.234749
562,2.341667,0.324059,0.236036,0.203444,0.264395,0.164693,0.183028,0.257640,0.249701,0.188927,0.248179,0.056642,0.179790,0.389258,0.205703,0.234753
563,2.345833,0.324057,0.236034,0.203445,0.264396,0.164695,0.183023,0.257641,0.249701,0.188925,0.248179,0.056641,0.179787,0.389252,0.205701,0.234757
564,2.350000,0.324058,0.236035,0.203443,0.264394,0.164695,0.183025,0.257640,0.249699,0.188920,0.248181,0.056643,0.179785,0.389246,0.205700,0.234761
565,2.354167,0.324056,0.236033,0.203442,0.264396,0.164693,0.183020,0.257638,0.249702,0.188921,0.248181,0.056643,0.179786,0.389242,0.205697,0.234766
566,2.358333,0.324057,0.236035,0.203443,0.264396,0.164695,0.183018,0.257638,0.249699,0.188915,0.248181,0.056643,0.179785,0.389239,0.205696,0.234771
567,2.362500,0.324055,0.236033,0.203444,0.264393,0.164696,0.183017,0.257638,0.249700,0.188914,0.248180,0.056644,0.179789,0.389214,0.205675,0.234815
568,2.366667,0.324052,0.236032,0.203445,0.264392,0.164697,0.183015,0.257637,0.249702,0.188912,0.248183,0.056642,0.179783,0.389234,0.205689,0.234782
569,2.370833,0.324054,0.236024,0.203451,0.264393,0.164695,0.183012,0.257637,0.249702,0.188909,0.248181,0.056640,0.179783,0.389227,0.205691,0.234781
570,2.375000,0.324050,0.236033,0.203444,0.264391,0.164696,0.183017,0.257637,0.249702,0.188908,0.248184,0.056643,0.179782,0.389222,0.205690,0.234783
571,2.379167,0.324050,0.236033,0.203443,0.264392,0.164697,0.183015,0.257635,0.249701,0.188906,0.248183,0.056642,0.179784,0.389198,0.205668,0.234828
572,2.383333,0.324048,0.236032,0.203445,0.264392,0.164695,0.183011,0.257636,0.249702,0.188903,0.248184,0.056643,0.179782,0.389217,0.205685,0.234792
573,2.387500,0.324046,0.236032,0.203445,0.264394,0.164698,0.183009,0.257635,0.249703,0.188903,0.248184,0.056646,0.179783,0.389192,0.205665,0.234831
574,2.391667,0.324049,0.236024,0.203453,0.264391,0.164697,0.183011,0.257635,0.249702,0.188901,0.248184,0.056642,0.179786,0.389195,0.205664,0.234842
575,2.395833,0.324050,0.236024,0.203453,0.264393,0.164700,0.183009,0.257636,0.249704,0.188898,0.248185,0.056643,0.179783,0.389191,0.205661,0.234841
576,2.400000,0.324047,0.236025,0.203455,0.264393,0.164697,0.183008,0.257635,0.249702,0.188897,0.248184,0.056644,0.179785,0.389186,0.205664,0.234839
577,2.404167,0.324049,0.236026,0.203453,0.264393,0.164699,0.183011,0.257633,0.249703,0.188898,0.248185,0.056641,0.179784,0.389186,0.205663,0.234839
578,2.408333,0.324044,0.236034,0.203443,0.264395,0.164699,0.183007,0.257633,0.249705,0.188899,0.248188,0.056645,0.179779,0.389187,0.205662,0.234841
579,2.412500,0.324050,0.236008,0.203467,0.264395,0.164699,0.183003,0.257635,0.249703,0.188898,0.248187,0.056640,0.179781,0.389187,0.205663,0.234841
580,2.416667,0.324047,0.236026,0.203456,0.264396,0.164697,0.183003,0.257632,0.249702,0.188897,0.248186,0.056643,0.179782,0.389188,0.205662,0.234841
581,2.420833,0.324045,0.236036,0.203446,0.264395,0.164696,0.183003,0.257632,0.249702,0.188899,0.248186,0.056643,0.179784,0.389185,0.205665,0.234839
582,2.425000,0.324047,0.236028,0.203457,0.264396,0.164698,0.183007,0.257634,0.249704,0.188900,0.248185,0.056641,0.179783,0.389187,0.205668,0.234837
583,2.429167,0.324044,0.236037,0.203451,0.264394,0.164697,0.183012,0.257634,0.249702,0.188902,0.248186,0.056643,0.179783,0.389205,0.205688,0.234792
584,2.433333,0.324050,0.236029,0.203458,0.264394,0.164698,0.183017,0.257633,0.249703,0.188906,0.248185,0.056644,0.179785,0.389189,0.205674,0.234833
585,2.437500,0.324047,0.236039,0.203450,0.264396,0.164698,0.183015,0.257634,0.249702,0.188908,0.248186,0.056642,0.179781,0.389195,0.205673,0.234838
586,2.441667,0.324048,0.236040,0.203452,0.264394,0.164696,0.183018,0.257635,0.249702,0.188910,0.248185,0.056644,0.179786,0.389200,0.205674,0.234837
587,2.445833,0.324048,0.236039,0.203454,0.264396,0.164698,0.183018,0.257634,0.249702,0.188911,0.248184,0.056644,0.179787,0.389203,0.205677,0.234837
588,2.450000,0.324052,0.236030,0.203463,0.264397,0.164694,0.183013,0.257635,0.249701,0.188918,0.248187,0.056640,0.179783,0.389210,0.205683,0.234839
589,2.454167,0.324050,0.236039,0.203455,0.264396,0.164695,0.183021,0.257634,0.249700,0.188920,0.248183,0.056642,0.179785,0.389229,0.205704,0.234793
590,2.458333,0.324050,0.236040,0.203456,0.264396,0.164694,0.183024,0.257636,0.249701,0.188923,0.248182,0.056641,0.179786,0.389233,0.205709,0.234785
591,2.462500,0.324050,0.236039,0.203459,0.264398,0.164694,0.183027,0.257637,0.249701,0.188925,0.248183,0.056643,0.179789,0.389237,0.205713,0.234784
592,2.466667,0.324052,0.236039,0.203460,0.264396,0.164695,0.183030,0.257636,0.249700,0.188929,0.248180,0.056641,0.179788,0.389245,0.205716,0.234785
593,2.470833,0.324058,0.236023,0.203475,0.264397,0.164695,0.183032,0.257638,0.249701,0.188930,0.248183,0.056644,0.179788,0.389252,0.205719,0.234784
594,2.475000,0.324055,0.236040,0.203460,0.264397,0.164693,0.183030,0.257640,0.249701,0.188934,0.248181,0.056644,0.179793,0.389257,0.205720,0.234786
595,2.479167,0.324056,0.236040,0.203464,0.264398,0.164692,0.183031,0.257637,0.249700,0.188938,0.248180,0.056640,0.179792,0.389260,0.205723,0.234781
596,2.483333,0.324060,0.236022,0.203478,0.264395,0.164693,0.183037,0.257638,0.249701,0.188939,0.248181,0.056642,0.179791,0.389263,0.205725,0.234778
597,2.487500,0.324057,0.236039,0.203469,0.264396,0.164693,0.183037,0.257641,0.249701,0.188941,0.248182,0.056643,0.179788,0.389269,0.205726,0.234778
598,2.491667,0.324057,0.236037,0.203471,0.264400,0.164695,0.183036,0.257641,0.249699,0.188943,0.248180,0.056645,0.179787,0.389275,0.205729,0.234778
599,2.495833,0.324060,0.236038,0.203471,0.264395,0.164692,0.183043,0.257640,0.249699,0.188944,0.248178,0.056642,0.179792,0.389277,0.205731,0.234774
600,2.500000,0.324063,0.236022,0.203485,0.264402,0.164693,0.183037,0.257642,0.249700,0.188947,0.248177,0.056644,0.179794,0.389279,0.205729,0.234773
601,2.504167,0.324070,0.236030,0.203485,0.264397,0.164690,0.183043,0.257644,0.249699,0.188947,0.248177,0.056640,0.179793,0.389283,0.205728,0.234773
602,2.508333,0.324060,0.236037,0.203474,0.264396,0.164692,0.183043,0.257643,0.249699,0.188949,0.248178,0.056642,0.179791,0.389281,0.205727,0.234776
603,2.512500,0.324062,0.236036,0.203475,0.264401,0.164689,0.183041,0.257642,0.249697,0.188949,0.248178,0.056643,0.179792,0.389281,0.205727,0.234775
604,2.516667,0.324065,0.236020,0.203489,0.264399,0.164691,0.183044,0.257643,0.249698,0.188948,0.248177,0.056640,0.179793,0.389279,0.205725,0.234776
605,2.520833,0.324061,0.236037,0.203478,0.264400,0.164692,0.183040,0.257644,0.249697,0.188951,0.248178,0.056640,0.179793,0.389278,0.205724,0.234778
606,2.525000,0.324064,0.236020,0.203490,0.264398,0.164689,0.183044,0.257644,0.249698,0.188951,0.248177,0.056642,0.179789,0.389277,0.205721,0.234780
607,2.529167,0.324064,0.236018,0.203492,0.264400,0.164689,0.183045,0.257644,0.249698,0.188952,0.248177,0.056641,0.179792,0.389276,0.205716,0.234779
608,2.533333,0.324063,0.236019,0.203491,0.264397,0.164689,0.183047,0.257642,0.249697,0.188953,0.248178,0.056643,0.179793,0.389270,0.205715,0.234783
609,2.537500,0.324071,0.236027,0.203489,0.264398,0.164689,0.183047,0.257642,0.249698,0.188954,0.248178,0.056642,0.179791,0.389266,0.205712,0.234786
610,2.541667,0.324059,0.236031,0.203480,0.264395,0.164690,0.183048,0.257643,0.249698,0.188951,0.248179,0.056640,0.179790,0.389262,0.205707,0.234788
611,2.545833,0.324071,0.236009,0.203505,0.264395,0.164691,0.183046,0.257643,0.249699,0.188952,0.248179,0.056641,0.179792,0.389260,0.205703,0.234790
612,2.550000,0.324058,0.236031,0.203481,0.264396,0.164689,0.183044,0.257642,0.249697,0.188953,0.248178,0.056642,0.179792,0.389236,0.205682,0.234837
613,2.554167,0.324065,0.236022,0.203493,0.264394,0.164690,0.183048,0.257641,0.249700,0.188952,0.248177,0.056640,0.179793,0.389253,0.205695,0.234802
614,2.558333,0.324061,0.236004,0.203505,0.264394,0.164692,0.183045,0.257641,0.249699,0.188948,0.248177,0.056642,0.179791,0.389246,0.205692,0.234797
615,2.562500,0.324056,0.236012,0.203495,0.264393,0.164693,0.183043,0.257642,0.249700,0.188947,0.248179,0.056642,0.179793,0.389222,0.205669,0.234847
616,2.566667,0.324058,0.236003,0.203509,0.264391,0.164689,0.183044,0.257640,0.249699,0.188947,0.248177,0.056642,0.179795,0.389240,0.205682,0.234810
617,2.570833,0.324055,0.236000,0.203509,0.264392,0.164691,0.183043,0.257637,0.249699,0.188946,0.248181,0.056643,0.179793,0.389212,0.205663,0.234849
618,2.575000,0.324054,0.236000,0.203507,0.264394,0.164695,0.183037,0.257639,0.249702,0.188945,0.248179,0.056645,0.179792,0.389210,0.205659,0.234859
619,2.579167,0.324053,0.236000,0.203511,0.264392,0.164696,0.183039,0.257639,0.249703,0.188943,0.248181,0.056642,0.179791,0.389205,0.205653,0.234864
620,2.583333,0.324051,0.236001,0.203509,0.264388,0.164696,0.183042,0.257637,0.249700,0.188941,0.248179,0.056642,0.179790,0.389201,0.205649,0.234864
621,2.587500,0.324050,0.235999,0.203510,0.264391,0.164694,0.183042,0.257636,0.249700,0.188940,0.248180,0.056644,0.179791,0.389196,0.205649,0.234868
622,2.591667,0.324049,0.235999,0.203513,0.264392,0.164693,0.183038,0.257636,0.249701,0.188938,0.248180,0.056640,0.179791,0.389192,0.205645,0.234869
623,2.595833,0.324046,0.236001,0.203513,0.264391,0.164698,0.183036,0.257637,0.249702,0.188937,0.248180,0.056644,0.179792,0.389183,0.205639,0.234869
624,2.600000,0.324045,0.236001,0.203513,0.264392,0.164696,0.183032,0.257635,0.249702,0.188935,0.248182,0.056642,0.179786,0.389180,0.205640,0.234875
625,2.604167,0.324044,0.235999,0.203515,0.264391,0.164695,0.183031,0.257633,0.249701,0.188936,0.248183,0.056642,0.179787,0.389176,0.205636,0.234876
626,2.608333,0.324042,0.235999,0.203515,0.264389,0.164698,0.183032,0.257634,0.249702,0.188930,0.248185,0.056643,0.179783,0.389173,0.205637,0.234880
627,2.612500,0.324040,0.236001,0.203515,0.264392,0.164697,0.183030,0.257635,0.249702,0.188929,0.248184,0.056643,0.179784,0.389168,0.205634,0.234881
628,2.616667,0.324040,0.236001,0.203516,0.264393,0.164697,0.183029,0.257633,0.249702,0.188930,0.248184,0.056640,0.179788,0.389165,0.205633,0.234880
629,2.620833,0.324043,0.236001,0.203515,0.264392,0.164697,0.183029,0.257632,0.249702,0.188929,0.248184,0.056643,0.179789,0.389164,0.205635,0.234883
630,2.625000,0.324040,0.236001,0.203515,0.264389,0.164696,0.183032,0.257631,0.249701,0.188925,0.248185,0.056642,0.179784,0.389161,0.205635,0.234886
631,2.629167,0.324039,0.236002,0.203519,0.264393,0.164696,0.183026,0.257632,0.249703,0.188925,0.248186,0.056641,0.179780,0.389159,0.205635,0.234886
632,2.633333,0.324039,0.236003,0.203518,0.264393,0.164699,0.183024,0.257631,0.249703,0.188925,0.248185,0.056643,0.179780,0.389161,0.205640,0.234894
633,2.637500,0.324039,0.236003,0.203519,0.264394,0.164696,0.183024,0.257632,0.249702,0.188922,0.248187,0.056641,0.179781,0.389162,0.205642,0.234896
634,2.641667,0.324039,0.236004,0.203519,0.264393,0.164699,0.183028,0.257631,0.249702,0.188920,0.248186,0.056644,0.179782,0.389163,0.205646,0.234899
635,2.645833,0.324039,0.236005,0.203519,0.264393,0.164699,0.183029,0.257633,0.249702,0.188922,0.248187,0.056643,0.179783,0.389163,0.205650,0.234899
636,2.650000,0.324033,0.236003,0.203529,0.264395,0.164696,0.183026,0.257632,0.249702,0.188921,0.248189,0.056644,0.179778,0.389163,0.205653,0.234902
637,2.654167,0.324040,0.236008,0.203521,0.264396,0.164697,0.183023,0.257633,0.249704,0.188921,0.248189,0.056643,0.179782,0.389166,0.205660,0.234905
638,2.658333,0.324035,0.236004,0.203533,0.264398,0.164699,0.183025,0.257634,0.249703,0.188921,0.248187,0.056643,0.179782,0.389168,0.205665,0.234908
639,2.662500,0.324042,0.236008,0.203524,0.264398,0.164698,0.183023,0.257633,0.249702,0.188921,0.248185,0.056647,0.179784,0.389173,0.205667,0.234910
640,2.666667,0.324042,0.236009,0.203524,0.264399,0.164699,0.183022,0.257634,0.249698,0.188921,0.248187,0.056645,0.179783,0.389175,0.205675,0.234914
641,2.670833,0.324040,0.236018,0.203515,0.264398,0.164698,0.183025,0.257634,0.249701,0.188925,0.248186,0.056642,0.179785,0.389179,0.205678,0.234916
642,2.675000,0.324045,0.236011,0.203525,0.264399,0.164697,0.183024,0.257636,0.249703,0.188922,0.248187,0.056647,0.179779,0.389185,0.205685,0.234917
643,2.679167,0.324048,0.236010,0.203525,0.264398,0.164696,0.183028,0.257636,0.249701,0.188923,0.248185,0.056644,0.179784,0.389186,0.205690,0.234917
644,2.683333,0.324048,0.236010,0.203525,0.264398,0.164697,0.183032,0.257638,0.249702,0.188925,0.248184,0.056643,0.179780,0.389192,0.205694,0.234919
645,2.687500,0.324050,0.236012,0.203523,0.264400,0.164693,0.183030,0.257638,0.249701,0.188925,0.248185,0.056645,0.179782,0.389200,0.205700,0.234922
646,2.691667,0.324051,0.236011,0.203525,0.264401,0.164694,0.183029,0.257639,0.249699,0.188925,0.248185,0.056645,0.179781,0.389203,0.205702,0.234924
647,2.695833,0.324051,0.236012,0.203526,0.264400,0.164694,0.183029,0.257640,0.249699,0.188927,0.248185,0.056642,0.179785,0.389226,0.205725,0.234881
648,2.700000,0.324054,0.236012,0.203524,0.264402,0.164695,0.183026,0.257641,0.249701,0.188929,0.248185,0.056647,0.179782,0.389206,0.205716,0.234919
649,2.704167,0.324054,0.236011,0.203526,0.264401,0.164695,0.183027,0.257642,0.249697,0.188927,0.248185,0.056644,0.179780,0.389214,0.205715,0.234927
650,2.708333,0.324059,0.236012,0.203525,0.264401,0.164692,0.183029,0.257644,0.249699,0.188930,0.248184,0.056644,0.179784,0.389222,0.205716,0.234926
651,2.712500,0.324060,0.236011,0.203524,0.264402,0.164694,0.183034,0.257645,0.249698,0.188930,0.248183,0.056642,0.179785,0.389241,0.205739,0.234882
652,2.716667,0.324059,0.236010,0.203525,0.264403,0.164693,0.183031,0.257645,0.249698,0.188930,0.248184,0.056643,0.179783,0.389241,0.205744,0.234876
653,2.720833,0.324068,0.236011,0.203525,0.264401,0.164691,0.183035,0.257645,0.249698,0.188933,0.248183,0.056641,0.179785,0.389227,0.205724,0.234916
654,2.725000,0.324061,0.236010,0.203523,0.264401,0.164691,0.183037,0.257647,0.249697,0.188935,0.248181,0.056644,0.179787,0.389254,0.205741,0.234881
655,2.729167,0.324064,0.236009,0.203524,0.264403,0.164691,0.183033,0.257646,0.249697,0.188936,0.248181,0.056640,0.179785,0.389235,0.205725,0.234917
656,2.733333,0.324062,0.236008,0.203523,0.264400,0.164689,0.183038,0.257647,0.249695,0.188937,0.248181,0.056643,0.179786,0.389256,0.205739,0.234876
657,2.737500,0.324059,0.236019,0.203513,0.264402,0.164691,0.183032,0.257648,0.249697,0.188937,0.248179,0.056642,0.179788,0.389255,0.205740,0.234865
658,2.741667,0.324064,0.236010,0.203521,0.264402,0.164692,0.183036,0.257649,0.249698,0.188938,0.248180,0.056644,0.179789,0.389257,0.205739,0.234864
659,2.745833,0.324064,0.236017,0.203511,0.264401,0.164688,0.183042,0.257649,0.249696,0.188941,0.248180,0.056643,0.179790,0.389256,0.205735,0.234861
660,2.750000,0.324067,0.236005,0.203519,0.264400,0.164691,0.183041,0.257649,0.249698,0.188941,0.248179,0.056644,0.179789,0.389258,0.205732,0.234856
661,2.754167,0.324074,0.236009,0.203521,0.264402,0.164691,0.183038,0.257651,0.249700,0.188944,0.248180,0.056645,0.179790,0.389258,0.205729,0.234850
662,2.758333,0.324067,0.236005,0.203521,0.264400,0.164688,0.183040,0.257649,0.249698,0.188944,0.248177,0.056643,0.179794,0.389256,0.205724,0.234849
663,2.762500,0.324061,0.236014,0.203508,0.264400,0.164692,0.183041,0.257649,0.249697,0.188944,0.248180,0.056642,0.179791,0.389254,0.205719,0.234845
664,2.766667,0.324067,0.236002,0.203518,0.264396,0.164689,0.183042,0.257649,0.249697,0.188948,0.248178,0.056644,0.179794,0.389252,0.205714,0.234839
665,2.770833,0.324065,0.236002,0.203517,0.264395,0.164689,0.183038,0.257645,0.249697,0.188948,0.248178,0.056641,0.179793,0.389251,0.205710,0.234831
666,2.775000,0.324060,0.236018,0.203502,0.264398,0.164690,0.183039,0.257646,0.249697,0.188950,0.248179,0.056642,0.179793,0.389230,0.205686,0.234870
667,2.779167,0.324063,0.236001,0.203515,0.264396,0.164690,0.183042,0.257646,0.249699,0.188953,0.248177,0.056640,0.179794,0.389231,0.205675,0.234870
668,2.783333,0.324061,0.235999,0.203511,0.264395,0.164688,0.183044,0.257644,0.249696,0.188952,0.248180,0.056641,0.179791,0.389228,0.205668,0.234866
669,2.787500,0.324062,0.235998,0.203512,0.264394,0.164689,0.183044,0.257643,0.249697,0.188955,0.248179,0.056640,0.179794,0.389225,0.205660,0.234858
670,2.791667,0.324061,0.235997,0.203512,0.264398,0.164694,0.183041,0.257644,0.249699,0.188958,0.248181,0.056644,0.179793,0.389223,0.205653,0.234856
671,2.795833,0.324059,0.235997,0.203511,0.264395,0.164691,0.183045,0.257641,0.249698,0.188958,0.248179,0.056643,0.179798,0.389216,0.205646,0.234850
672,2.800000,0.324058,0.235997,0.203508,0.264395,0.164691,0.183041,0.257640,0.249698,0.188962,0.248181,0.056641,0.179794,0.389215,0.205638,0.234844
673,2.804167,0.324056,0.235995,0.203508,0.264393,0.164693,0.183043,0.257639,0.249699,0.188964,0.248178,0.056641,0.179794,0.389210,0.205630,0.234837
674,2.808333,0.324055,0.235994,0.203508,0.264390,0.164694,0.183048,0.257638,0.249700,0.188962,0.248179,0.056638,0.179795,0.389206,0.205623,0.234831
675,2.812500,0.324054,0.235994,0.203506,0.264394,0.164692,0.183043,0.257636,0.249698,0.188964,0.248178,0.056639,0.179796,0.389203,0.205617,0.234825
676,2.816667,0.324055,0.235994,0.203506,0.264389,0.164694,0.183047,0.257634,0.249700,0.188968,0.248179,0.056640,0.179791,0.389220,0.205634,0.234773
677,2.820833,0.324053,0.235994,0.203506,0.264388,0.164694,0.183046,0.257633,0.249700,0.188969,0.248179,0.056642,0.179795,0.389193,0.205608,0.234809
678,2.825000,0.324052,0.235994,0.203507,0.264390,0.164695,0.183045,0.257633,0.249700,0.188967,0.248181,0.056644,0.179794,0.389194,0.205604,0.234811
679,2.829167,0.324048,0.235994,0.203508,0.264387,0.164695,0.183048,0.257631,0.249700,0.188971,0.248179,0.056643,0.179793,0.389191,0.205600,0.234805
680,2.833333,0.324049,0.235993,0.203507,0.264388,0.164694,0.183047,0.257629,0.249702,0.188971,0.248182,0.056642,0.179795,0.389201,0.205592,0.234760
681,2.837500,0.324049,0.235994,0.203507,0.264388,0.164695,0.183046,0.257630,0.249702,0.188969,0.248182,0.056642,0.179794,0.389200,0.205589,0.234755
682,2.841667,0.324047,0.235995,0.203505,0.264388,0.164695,0.183050,0.257630,0.249702,0.188970,0.248181,0.056644,0.179792,0.389199,0.205589,0.234752
683,2.845833,0.324046,0.235994,0.203507,0.264390,0.164696,0.183046,0.257630,0.249702,0.188971,0.248182,0.056643,0.179793,0.389217,0.205608,0.234703
684,2.850000,0.324048,0.235994,0.203504,0.264388,0.164697,0.183048,0.257630,0.249702,0.188968,0.248182,0.056642,0.179792,0.389194,0.205591,0.234740
685,2.854167,0.324047,0.235994,0.203507,0.264392,0.164697,0.183045,0.257629,0.249703,0.188970,0.248185,0.056644,0.179787,0.389199,0.205587,0.234747
686,2.858333,0.324042,0.236005,0.203497,0.264393,0.164698,0.183044,0.257629,0.249701,0.188970,0.248183,0.056642,0.179791,0.389203,0.205586,0.234742
687,2.862500,0.324044,0.236005,0.203498,0.264390,0.164697,0.183046,0.257629,0.249700,0.188971,0.248186,0.056641,0.179786,0.389199,0.205589,0.234742
688,2.866667,0.324046,0.236006,0.203498,0.264390,0.164696,0.183045,0.257629,0.249700,0.188969,0.248184,0.056643,0.179791,0.389200,0.205593,0.234743
689,2.870833,0.324049,0.235995,0.203509,0.264394,0.164698,0.183039,0.257630,0.249699,0.188968,0.248184,0.056642,0.179785,0.389225,0.205608,0.234701
690,2.875000,0.324049,0.235997,0.203508,0.264393,0.164696,0.183040,0.257630,0.249700,0.188968,0.248186,0.056642,0.179786,0.389202,0.205601,0.234742
691,2.879167,0.324049,0.235998,0.203507,0.264392,0.164695,0.183042,0.257633,0.249700,0.188966,0.248184,0.056643,0.179787,0.389227,0.205624,0.234702
692,2.883333,0.324048,0.236007,0.203498,0.264394,0.164696,0.183041,0.257634,0.249701,0.188964,0.248184,0.056643,0.179783,0.389226,0.205628,0.234701
693,2.887500,0.324052,0.235998,0.203507,0.264396,0.164694,0.183040,0.257633,0.249700,0.188964,0.248184,0.056640,0.179786,0.389215,0.205639,0.234740
694,2.891667,0.324051,0.236008,0.203498,0.264395,0.164696,0.183042,0.257638,0.249700,0.188958,0.248184,0.056642,0.179782,0.389202,0.205623,0.234795
695,2.895833,0.324055,0.235999,0.203509,0.264395,0.164695,0.183038,0.257638,0.249699,0.188959,0.248186,0.056644,0.179784,0.389210,0.205625,0.234807
696,2.900000,0.324053,0.236009,0.203498,0.264399,0.164696,0.183037,0.257638,0.249700,0.188957,0.248185,0.056644,0.179782,0.389213,0.205630,0.234808
697,2.904167,0.324057,0.236000,0.203508,0.264399,0.164697,0.183036,0.257640,0.249700,0.188957,0.248182,0.056644,0.179783,0.389215,0.205639,0.234811
698,2.908333,0.324059,0.235999,0.203508,0.264402,0.164695,0.183028,0.257642,0.249701,0.188954,0.248185,0.056645,0.179782,0.389219,0.205645,0.234821
699,2.912500,0.324061,0.236000,0.203507,0.264403,0.164692,0.183032,0.257643,0.249700,0.188952,0.248184,0.056645,0.179783,0.389223,0.205649,0.234829
700,2.916667,0.324063,0.235999,0.203507,0.264403,0.164694,0.183033,0.257645,0.249699,0.188950,0.248184,0.056645,0.179780,0.389224,0.205657,0.234836
701,2.920833,0.324069,0.236018,0.203496,0.264405,0.164692,0.183033,0.257649,0.249700,0.188948,0.248187,0.056646,0.179778,0.389227,0.205664,0.234843
702,2.925000,0.324067,0.235999,0.203505,0.264404,0.164690,0.183030,0.257650,0.249698,0.188946,0.248184,0.056644,0.179781,0.389231,0.205669,0.234851
703,2.929167,0.324065,0.236010,0.203495,0.264409,0.164694,0.183024,0.257651,0.249697,0.188945,0.248183,0.056644,0.179784,0.389234,0.205671,0.234858
704,2.933333,0.324078,0.236001,0.203506,0.264405,0.164693,0.183028,0.257653,0.249697,0.188942,0.248186,0.056642,0.179779,0.389237,0.205674,0.234866
705,2.937500,0.324077,0.236002,0.203505,0.264406,0.164687,0.183027,0.257654,0.249697,0.188941,0.248182,0.056643,0.179783,0.389237,0.205677,0.234877
706,2.941667,0.324081,0.236002,0.203504,0.264406,0.164690,0.183026,0.257656,0.249696,0.188939,0.248181,0.056645,0.179783,0.389242,0.205681,0.234880
707,2.945833,0.324077,0.235999,0.203503,0.264405,0.164689,0.183025,0.257660,0.249696,0.188937,0.248183,0.056644,0.179780,0.389261,0.205704,0.234842
708,2.950000,0.324084,0.236002,0.203504,0.264410,0.164688,0.183024,0.257661,0.249695,0.188934,0.248185,0.056645,0.179780,0.389262,0.205708,0.234841
709,2.954167,0.324078,0.235997,0.203502,0.264409,0.164690,0.183024,0.257663,0.249694,0.188932,0.248181,0.056644,0.179782,0.389260,0.205709,0.234844
710,2.958333,0.324087,0.235998,0.203505,0.264411,0.164689,0.183019,0.257664,0.249696,0.188933,0.248182,0.056642,0.179785,0.389262,0.205712,0.234847
711,2.962500,0.324087,0.235998,0.203503,0.264410,0.164688,0.183021,0.257663,0.249695,0.188929,0.248181,0.056641,0.179785,0.389265,0.205710,0.234848
712,2.966667,0.324081,0.235995,0.203500,0.264408,0.164689,0.183021,0.257663,0.249696,0.188929,0.248183,0.056643,0.179781,0.389268,0.205708,0.234854
713,2.970833,0.324081,0.235992,0.203501,0.264408,0.164687,0.183018,0.257664,0.249697,0.188929,0.248182,0.056642,0.179783,0.389267,0.205708,0.234855
714,2.975000,0.324080,0.235994,0.203500,0.264404,0.164687,0.183025,0.257664,0.249694,0.188927,0.248179,0.056644,0.179782,0.389246,0.205690,0.234896
715,2.979167,0.324081,0.235992,0.203499,0.264407,0.164688,0.183021,0.257663,0.249695,0.188930,0.248180,0.056643,0.179785,0.389268,0.205707,0.234860
716,2.983333,0.324082,0.235990,0.203500,0.264410,0.164690,0.183022,0.257666,0.249697,0.188928,0.248180,0.056643,0.179787,0.389265,0.205706,0.234852
717,2.987500,0.324080,0.235990,0.203503,0.264407,0.164690,0.183024,0.257666,0.249697,0.188929,0.248180,0.056644,0.179785,0.389245,0.205683,0.234894
718,2.991667,0.324078,0.235991,0.203501,0.264405,0.164688,0.183027,0.257665,0.249694,0.188928,0.248180,0.056641,0.179788,0.389244,0.205674,0.234896
719,2.995833,0.324080,0.235989,0.203499,0.264403,0.164688,0.183030,0.257664,0.249695,0.188932,0.248180,0.056645,0.179788,0.389262,0.205692,0.234847
720,3.000000,0.324077,0.235988,0.203501,0.264405,0.164688,0.183027,0.257662,0.249696,0.188932,0.248177,0.056641,0.179793,0.389256,0.205688,0.234837
721,3.004167,0.324077,0.235988,0.203499,0.264402,0.164687,0.183026,0.257662,0.249697,0.188936,0.248181,0.056641,0.179791,0.389233,0.205661,0.234879
722,3.008333,0.324077,0.235988,0.203501,0.264402,0.164686,0.183026,0.257661,0.249698,0.188939,0.248181,0.056642,0.179789,0.389235,0.205651,0.234880
723,3.012500,0.324074,0.235987,0.203501,0.264401,0.164688,0.183030,0.257658,0.249695,0.188939,0.248178,0.056639,0.179794,0.389230,0.205644,0.234875
724,3.016667,0.324075,0.235987,0.203500,0.264398,0.164688,0.183034,0.257657,0.249696,0.188942,0.248178,0.056641,0.179789,0.389226,0.205635,0.234865
725,3.020833,0.324074,0.235987,0.203498,0.264398,0.164689,0.183033,0.257657,0.249695,0.188944,0.248180,0.056640,0.179789,0.389221,0.205631,0.234860
726,3.025000,0.324071,0.235986,0.203499,0.264398,0.164688,0.183036,0.257654,0.249696,0.188949,0.248180,0.056640,0.179788,0.389219,0.205625,0.234852
727,3.029167,0.324071,0.235985,0.203498,0.264398,0.164688,0.183034,0.257651,0.249697,0.188953,0.248180,0.056638,0.179794,0.389217,0.205613,0.234843
728,3.033333,0.324066,0.235986,0.203503,0.264397,0.164689,0.183037,0.257650,0.249697,0.188953,0.248180,0.056640,0.179791,0.389212,0.205608,0.234834
729,3.037500,0.324065,0.235985,0.203501,0.264396,0.164688,0.183040,0.257647,0.249697,0.188960,0.248181,0.056640,0.179794,0.389208,0.205602,0.234826
730,3.041667,0.324060,0.235996,0.203492,0.264392,0.164690,0.183046,0.257643,0.249697,0.188963,0.248180,0.056639,0.179794,0.389207,0.205597,0.234818
731,3.045833,0.324062,0.235985,0.203503,0.264394,0.164690,0.183043,0.257643,0.249697,0.188964,0.248181,0.056640,0.179793,0.389206,0.205593,0.234809
732,3.050000,0.324059,0.235985,0.203504,0.264395,0.164693,0.183044,0.257642,0.249696,0.188969,0.248180,0.056640,0.179793,0.389211,0.205582,0.234767
733,3.054167,0.324057,0.235985,0.203506,0.264396,0.164694,0.183044,0.257640,0.249699,0.188972,0.248180,0.056639,0.179795,0.389213,0.205576,0.234755
734,3.058333,0.324056,0.235985,0.203507,0.264391,0.164689,0.183051,0.257637,0.249698,0.188975,0.248181,0.056640,0.179793,0.389214,0.205571,0.234750
735,3.062500,0.324054,0.235986,0.203507,0.264392,0.164690,0.183055,0.257637,0.249698,0.188977,0.248181,0.056642,0.179797,0.389211,0.205570,0.234744
736,3.066667,0.324053,0.235986,0.203512,0.264393,0.164692,0.183053,0.257633,0.249698,0.188983,0.248182,0.056643,0.179796,0.389208,0.205570,0.234740
737,3.070833,0.324052,0.235987,0.203511,0.264393,0.164690,0.183052,0.257634,0.249699,0.188985,0.248181,0.056640,0.179796,0.389211,0.205566,0.234733
738,3.075000,0.324051,0.235986,0.203513,0.264389,0.164691,0.183058,0.257632,0.249697,0.188988,0.248182,0.056641,0.179796,0.389231,0.205581,0.234690
739,3.079167,0.324050,0.235986,0.203517,0.264390,0.164694,0.183061,0.257632,0.249699,0.188990,0.248183,0.056641,0.179794,0.389208,0.205566,0.234724
740,3.083333,0.324050,0.235988,0.203516,0.264390,0.164693,0.183057,0.257630,0.249697,0.188990,0.248181,0.056643,0.179795,0.389207,0.205566,0.234724
741,3.087500,0.324049,0.235988,0.203518,0.264392,0.164693,0.183060,0.257629,0.249698,0.188994,0.248181,0.056642,0.179795,0.389210,0.205564,0.234723
742,3.091667,0.324049,0.235988,0.203521,0.264389,0.164692,0.183062,0.257630,0.249699,0.188995,0.248182,0.056640,0.179793,0.389212,0.205568,0.234722
743,3.095833,0.324047,0.235988,0.203522,0.264387,0.164693,0.183061,0.257630,0.249698,0.188994,0.248184,0.056643,0.179792,0.389211,0.205571,0.234723
744,3.100000,0.324048,0.235989,0.203523,0.264390,0.164696,0.183061,0.257627,0.249698,0.188994,0.248182,0.056642,0.179795,0.389233,0.205587,0.234682
745,3.104167,0.324046,0.235989,0.203525,0.264388,0.164694,0.183059,0.257628,0.249698,0.188993,0.248181,0.056643,0.179795,0.389212,0.205575,0.234722
746,3.108333,0.324048,0.235989,0.203525,0.264395,0.164693,0.183052,0.257628,0.249696,0.188992,0.248184,0.056641,0.179791,0.389216,0.205579,0.234729
747,3.112500,0.324046,0.235990,0.203527,0.264395,0.164696,0.183052,0.257628,0.249698,0.188993,0.248184,0.056641,0.179789,0.389218,0.205584,0.234734
748,3.116667,0.324047,0.235990,0.203529,0.264392,0.164692,0.183060,0.257631,0.249694,0.189001,0.248183,0.056642,0.179793,0.389214,0.205591,0.234741
749,3.120833,0.324048,0.235992,0.203528,0.264393,0.164691,0.183060,0.257629,0.249696,0.188990,0.248184,0.056640,0.179790,0.389234,0.205617,0.234700
750,3.125000,0.324049,0.235992,0.203530,0.264392,0.164691,0.183059,0.257632,0.249696,0.188990,0.248185,0.056642,0.179789,0.389202,0.205610,0.234785
751,3.129167,0.324050,0.235992,0.203530,0.264395,0.164690,0.183057,0.257634,0.249698,0.188987,0.248182,0.056643,0.179789,0.389208,0.205612,0.234803
752,3.133333,0.324051,0.235994,0.203532,0.264397,0.164693,0.183052,0.257634,0.249695,0.188983,0.248186,0.056640,0.179787,0.389226,0.205639,0.234766
753,3.137500,0.324053,0.235994,0.203532,0.264398,0.164692,0.183050,0.257635,0.249696,0.188983,0.248184,0.056641,0.179788,0.389206,0.205627,0.234813
754,3.141667,0.324051,0.236007,0.203524,0.264398,0.164688,0.183050,0.257637,0.249695,0.188978,0.248183,0.056641,0.179788,0.389209,0.205630,0.234828
755,3.145833,0.324055,0.235994,0.203534,0.264401,0.164690,0.183046,0.257639,0.249694,0.188974,0.248181,0.056642,0.179787,0.389213,0.205636,0.234841
756,3.150000,0.324054,0.235996,0.203534,0.264399,0.164690,0.183049,0.257642,0.249695,0.188970,0.248183,0.056640,0.179783,0.389215,0.205640,0.234854
757,3.154167,0.324057,0.235994,0.203534,0.264401,0.164688,0.183043,0.257641,0.249693,0.188968,0.248182,0.056638,0.179786,0.389215,0.205646,0.234865
758,3.158333,0.324059,0.235995,0.203537,0.264402,0.164687,0.183042,0.257643,0.249692,0.188963,0.248181,0.056643,0.179786,0.389216,0.205653,0.234874
759,3.162500,0.324060,0.235995,0.203539,0.264400,0.164688,0.183044,0.257647,0.249694,0.188958,0.248182,0.056643,0.179785,0.389216,0.205660,0.234886
760,3.166667,0.324061,0.235994,0.203537,0.264404,0.164687,0.183038,0.257649,0.249693,0.188954,0.248183,0.056641,0.179783,0.389215,0.205663,0.234896
761,3.170833,0.324061,0.235993,0.203536,0.264402,0.164689,0.183037,0.257649,0.249693,0.188951,0.248182,0.056643,0.179781,0.389216,0.205669,0.234908
762,3.175000,0.324062,0.235992,0.203536,0.264402,0.164687,0.183036,0.257651,0.249693,0.188946,0.248183,0.056643,0.179779,0.389217,0.205672,0.234923
763,3.179167,0.324062,0.235992,0.203538,0.264404,0.164686,0.183028,0.257651,0.249693,0.188942,0.248182,0.056641,0.179783,0.389217,0.205676,0.234931
764,3.183333,0.324063,0.235992,0.203536,0.264402,0.164687,0.183027,0.257653,0.249694,0.188939,0.248181,0.056643,0.179782,0.389215,0.205680,0.234941
765,3.187500,0.324062,0.235991,0.203534,0.264404,0.164688,0.183025,0.257654,0.249693,0.188935,0.248182,0.056643,0.179778,0.389214,0.205681,0.234948
766,3.191667,0.324072,0.235993,0.203533,0.264403,0.164688,0.183028,0.257656,0.249694,0.188931,0.248181,0.056645,0.179782,0.389211,0.205684,0.234957
767,3.195833,0.324064,0.235989,0.203533,0.264405,0.164687,0.183024,0.257657,0.249693,0.188927,0.248182,0.056643,0.179780,0.389210,0.205686,0.234963
768,3.200000,0.324066,0.235991,0.203534,0.264406,0.164687,0.183019,0.257658,0.249695,0.188926,0.248183,0.056643,0.179778,0.389207,0.205686,0.234969
769,3.204167,0.324065,0.235989,0.203533,0.264405,0.164688,0.183022,0.257658,0.249693,0.188924,0.248181,0.056641,0.179783,0.389204,0.205686,0.234975
770,3.208333,0.324065,0.235990,0.203533,0.264406,0.164690,0.183019,0.257658,0.249694,0.188923,0.248181,0.056643,0.179781,0.389200,0.205683,0.234979
771,3.212500,0.324072,0.235992,0.203532,0.264407,0.164688,0.183018,0.257659,0.249692,0.188922,0.248182,0.056646,0.179783,0.389199,0.205682,0.234981
772,3.216667,0.324064,0.235988,0.203533,0.264403,0.164687,0.183020,0.257659,0.249693,0.188919,0.248180,0.056643,0.179785,0.389195,0.205679,0.234984
773,3.220833,0.324065,0.235989,0.203532,0.264404,0.164687,0.183019,0.257659,0.249694,0.188919,0.248181,0.056643,0.179782,0.389192,0.205662,0.235001
774,3.225000,0.324065,0.235989,0.203531,0.264402,0.164688,0.183021,0.257658,0.249693,0.188921,0.248180,0.056644,0.179783,0.389191,0.205653,0.235005
775,3.229167,0.324064,0.235987,0.203534,0.264404,0.164688,0.183017,0.257657,0.249694,0.188919,0.248181,0.056641,0.179786,0.389191,0.205664,0.234986
776,3.233333,0.324061,0.235988,0.203530,0.264401,0.164687,0.183022,0.257655,0.249694,0.188922,0.248181,0.056643,0.179788,0.389184,0.205649,0.234996
777,3.237500,0.324062,0.235987,0.203531,0.264402,0.164689,0.183018,0.257655,0.249694,0.188923,0.248181,0.056642,0.179788,0.389185,0.205656,0.234979
778,3.241667,0.324059,0.235986,0.203530,0.264400,0.164688,0.183023,0.257653,0.249694,0.188925,0.248183,0.056643,0.179789,0.389181,0.205655,0.234970
779,3.245833,0.324059,0.235987,0.203532,0.264401,0.164687,0.183021,0.257653,0.249696,0.188927,0.248180,0.056641,0.179793,0.389176,0.205635,0.234981
780,3.250000,0.324057,0.235985,0.203530,0.264398,0.164688,0.183026,0.257650,0.249694,0.188929,0.248181,0.056641,0.179791,0.389180,0.205641,0.234961
781,3.254167,0.324056,0.235983,0.203532,0.264400,0.164688,0.183028,0.257650,0.249693,0.188932,0.248183,0.056638,0.179791,0.389176,0.205626,0.234968
782,3.258333,0.324054,0.235984,0.203531,0.264396,0.164689,0.183030,0.257648,0.249694,0.188934,0.248180,0.056640,0.179794,0.389175,0.205616,0.234963
783,3.262500,0.324053,0.235984,0.203533,0.264394,0.164691,0.183031,0.257645,0.249694,0.188940,0.248180,0.056641,0.179789,0.389176,0.205626,0.234935
784,3.266667,0.324052,0.235983,0.203532,0.264397,0.164688,0.183032,0.257643,0.249696,0.188945,0.248179,0.056639,0.179792,0.389168,0.205608,0.234941
785,3.270833,0.324051,0.235983,0.203535,0.264394,0.164689,0.183035,0.257642,0.249697,0.188948,0.248180,0.056639,0.179794,0.389177,0.205614,0.234919
786,3.275000,0.324050,0.235984,0.203534,0.264394,0.164689,0.183036,0.257641,0.249696,0.188953,0.248181,0.056640,0.179794,0.389173,0.205612,0.234907
787,3.279167,0.324047,0.235983,0.203536,0.264390,0.164690,0.183042,0.257637,0.249697,0.188960,0.248179,0.056640,0.179792,0.389171,0.205593,0.234914
788,3.283333,0.324047,0.235985,0.203537,0.264390,0.164689,0.183046,0.257636,0.249698,0.188964,0.248180,0.056639,0.179796,0.389176,0.205602,0.234889
789,3.287500,0.324046,0.235987,0.203538,0.264390,0.164689,0.183048,0.257636,0.249696,0.188967,0.248184,0.056640,0.179794,0.389174,0.205597,0.234874
790,3.291667,0.324039,0.235985,0.203547,0.264389,0.164690,0.183052,0.257635,0.249697,0.188972,0.248182,0.056640,0.179799,0.389175,0.205592,0.234863
791,3.295833,0.324044,0.235987,0.203539,0.264392,0.164689,0.183050,0.257632,0.249696,0.188975,0.248179,0.056641,0.179796,0.389175,0.205589,0.234852
792,3.300000,0.324039,0.235985,0.203548,0.264388,0.164691,0.183054,0.257632,0.249696,0.188979,0.248181,0.056640,0.179795,0.389177,0.205588,0.234842
793,3.304167,0.324044,0.235988,0.203540,0.264390,0.164690,0.183054,0.257629,0.249696,0.188985,0.248179,0.056638,0.179797,0.389178,0.205585,0.234833
794,3.308333,0.324037,0.235985,0.203552,0.264388,0.164690,0.183057,0.257630,0.249695,0.188988,0.248180,0.056637,0.179798,0.389178,0.205584,0.234824
795,3.312500,0.324043,0.235988,0.203543,0.264391,0.164692,0.183056,0.257630,0.249694,0.189000,0.248182,0.056638,0.179794,0.389181,0.205583,0.234815
796,3.316667,0.324042,0.235987,0.203541,0.264391,0.164689,0.183058,0.257630,0.249697,0.188995,0.248181,0.056637,0.179796,0.389184,0.205584,0.234811
797,3.320833,0.324045,0.235987,0.203542,0.264391,0.164690,0.183061,0.257626,0.249694,0.188997,0.248180,0.056637,0.179794,0.389199,0.205578,0.234764
798,3.325000,0.324039,0.235985,0.203554,0.264391,0.164690,0.183062,0.257626,0.249694,0.189001,0.248184,0.056636,0.179796,0.389197,0.205581,0.234761
799,3.329167,0.324045,0.235988,0.203545,0.264390,0.164687,0.183062,0.257625,0.249694,0.189004,0.248182,0.056638,0.179796,0.389202,0.205580,0.234758
800,3.333333,0.324043,0.235988,0.203546,0.264391,0.164690,0.183063,0.257627,0.249693,0.189004,0.248180,0.056635,0.179792,0.389209,0.205579,0.234753
801,3.337500,0.324043,0.235989,0.203543,0.264394,0.164688,0.183056,0.257626,0.249691,0.189016,0.248182,0.056637,0.179794,0.389207,0.205582,0.234755
802,3.341667,0.324047,0.235989,0.203543,0.264391,0.164689,0.183062,0.257626,0.249692,0.189009,0.248179,0.056638,0.179795,0.389213,0.205581,0.234752
803,3.345833,0.324044,0.235987,0.203542,0.264390,0.164686,0.183064,0.257627,0.249690,0.189016,0.248180,0.056637,0.179796,0.389217,0.205583,0.234754
804,3.350000,0.324042,0.235986,0.203554,0.264393,0.164686,0.183060,0.257628,0.249693,0.189007,0.248182,0.056639,0.179789,0.389217,0.205591,0.234758
805,3.354167,0.324048,0.235986,0.203544,0.264393,0.164692,0.183060,0.257628,0.249691,0.189019,0.248180,0.056638,0.179791,0.389208,0.205599,0.234794
806,3.358333,0.324048,0.235988,0.203547,0.264392,0.164688,0.183062,0.257631,0.249691,0.189018,0.248178,0.056636,0.179794,0.389209,0.205601,0.234801
807,3.362500,0.324048,0.235988,0.203545,0.264395,0.164690,0.183059,0.257629,0.249694,0.189008,0.248180,0.056639,0.179790,0.389214,0.205604,0.234806
808,3.366667,0.324050,0.235986,0.203546,0.264393,0.164692,0.183065,0.257630,0.249694,0.189008,0.248180,0.056639,0.179791,0.389217,0.205607,0.234810
809,3.370833,0.324044,0.235986,0.203556,0.264394,0.164690,0.183063,0.257632,0.249694,0.189007,0.248180,0.056641,0.179789,0.389236,0.205634,0.234769
810,3.375000,0.324050,0.235989,0.203546,0.264396,0.164691,0.183058,0.257635,0.249696,0.189004,0.248181,0.056644,0.179791,0.389235,0.205639,0.234769
811,3.379167,0.324055,0.235988,0.203546,0.264393,0.164688,0.183065,0.257636,0.249694,0.189003,0.248180,0.056643,0.179791,0.389237,0.205642,0.234775
812,3.383333,0.324056,0.235990,0.203544,0.264399,0.164686,0.183062,0.257637,0.249693,0.189000,0.248181,0.056643,0.179791,0.389218,0.205626,0.234833
813,3.387500,0.324056,0.235988,0.203542,0.264400,0.164687,0.183057,0.257639,0.249693,0.188997,0.248180,0.056642,0.179789,0.389222,0.205627,0.234842
814,3.391667,0.324058,0.235988,0.203543,0.264401,0.164687,0.183056,0.257642,0.249693,0.188995,0.248181,0.056642,0.179792,0.389224,0.205630,0.234851
815,3.395833,0.324059,0.235988,0.203543,0.264403,0.164687,0.183051,0.257642,0.249692,0.188995,0.248180,0.056641,0.179789,0.389224,0.205629,0.234857
816,3.400000,0.324063,0.235988,0.203542,0.264403,0.164689,0.183049,0.257643,0.249690,0.188993,0.248183,0.056643,0.179787,0.389223,0.205633,0.234866
817,3.404167,0.324062,0.235988,0.203543,0.264405,0.164688,0.183044,0.257646,0.249690,0.188989,0.248181,0.056641,0.179786,0.389223,0.205635,0.234872
818,3.408333,0.324061,0.235988,0.203541,0.264405,0.164688,0.183042,0.257649,0.249691,0.188984,0.248182,0.056641,0.179783,0.389224,0.205634,0.234876
819,3.412500,0.324065,0.235989,0.203540,0.264403,0.164686,0.183046,0.257650,0.249691,0.188981,0.248183,0.056641,0.179783,0.389221,0.205637,0.234881
820,3.416667,0.324067,0.235987,0.203537,0.264405,0.164683,0.183043,0.257652,0.249688,0.188979,0.248185,0.056639,0.179780,0.389224,0.205638,0.234887
