0,0.000000,0.219472,0.176389,0.165765,0.258659,0.350848,0.056395,0.217883,0.055194,0.174709,0.238383,0.300733,0.125746,0.183679,0.263936,0.151341
1,0.005000,0.219468,0.176388,0.165779,0.258663,0.350849,0.056399,0.217883,0.055192,0.174713,0.238369,0.300745,0.125750,0.183677,0.263937,0.151342
2,0.010000,0.219472,0.176391,0.165768,0.258664,0.350848,0.056398,0.217881,0.055194,0.174711,0.238379,0.300733,0.125745,0.183676,0.263937,0.151341
3,0.015000,0.219471,0.176389,0.165766,0.258666,0.350848,0.056400,0.217883,0.055192,0.174708,0.238367,0.300746,0.125750,0.183676,0.263936,0.151341
4,0.020000,0.219470,0.176385,0.165774,0.258668,0.350849,0.056400,0.217882,0.055191,0.174708,0.238377,0.300734,0.125745,0.183675,0.263936,0.151339
5,0.025000,0.219475,0.176391,0.165766,0.258670,0.350850,0.056404,0.217883,0.055192,0.174709,0.238366,0.300745,0.125752,0.183674,0.263934,0.151339
6,0.030000,0.219470,0.176389,0.165776,0.258670,0.350850,0.056403,0.217884,0.055191,0.174703,0.238376,0.300735,0.125746,0.183675,0.263935,0.151336
7,0.035000,0.219474,0.176389,0.165768,0.258668,0.350849,0.056403,0.217882,0.055190,0.174709,0.238364,0.300747,0.125753,0.183673,0.263935,0.151340
8,0.040000,0.219471,0.176386,0.165778,0.258667,0.350852,0.056406,0.217881,0.055191,0.174708,0.238366,0.300747,0.125752,0.183669,0.263920,0.151339
9,0.045000,0.219474,0.176389,0.165766,0.258667,0.350853,0.056405,0.217883,0.055190,0.174704,0.238377,0.300735,0.125747,0.183669,0.263919,0.151339
10,0.050000,0.219471,0.176389,0.165776,0.258667,0.350854,0.056405,0.217882,0.055192,0.174709,0.238363,0.300746,0.125751,0.183673,0.263935,0.151338
11,0.055000,0.219476,0.176391,0.165765,0.258663,0.350856,0.056405,0.217881,0.055196,0.174711,0.238377,0.300736,0.125748,0.183676,0.263934,0.151339
12,0.060000,0.219472,0.176388,0.165779,0.258661,0.350859,0.056408,0.217883,0.055194,0.174705,0.238376,0.300739,0.125745,0.183677,0.263936,0.151341
13,0.065000,0.219472,0.176387,0.165777,0.258662,0.350861,0.056408,0.217882,0.055191,0.174708,0.238380,0.300734,0.125746,0.183680,0.263935,0.151342
14,0.070000,0.219474,0.176388,0.165778,0.258660,0.350862,0.056408,0.217879,0.055195,0.174709,0.238380,0.300735,0.125745,0.183681,0.263937,0.151343
15,0.075000,0.219475,0.176388,0.165778,0.258649,0.350862,0.056401,0.217883,0.055194,0.174707,0.238372,0.300746,0.125753,0.183682,0.263938,0.151347
16,0.080000,0.219478,0.176388,0.165766,0.258655,0.350877,0.056419,0.217883,0.055194,0.174707,0.238372,0.300748,0.125752,0.183680,0.263922,0.151348
17,0.085000,0.219475,0.176386,0.165774,0.258644,0.350866,0.056403,0.217881,0.055194,0.174708,0.238386,0.300735,0.125747,0.183686,0.263938,0.151348
18,0.090000,0.219474,0.176387,0.165772,0.258641,0.350866,0.056400,0.217881,0.055195,0.174702,0.238387,0.300735,0.125747,0.183688,0.263937,0.151349
19,0.095000,0.219478,0.176385,0.165761,0.258638,0.350874,0.056405,0.217878,0.055195,0.174705,0.238388,0.300735,0.125748,0.183690,0.263940,0.151349
20,0.100000,0.219474,0.176384,0.165774,0.258634,0.350875,0.056402,0.217878,0.055195,0.174705,0.238390,0.300735,0.125747,0.183688,0.263941,0.151351
21,0.105000,0.219474,0.176385,0.165772,0.258632,0.350881,0.056409,0.217879,0.055195,0.174704,0.238380,0.300759,0.125744,0.183692,0.263941,0.151351
22,0.110000,0.219473,0.176385,0.165773,0.258628,0.350869,0.056394,0.217876,0.055195,0.174708,0.238392,0.300735,0.125746,0.183691,0.263943,0.151354
23,0.115000,0.219472,0.176388,0.165775,0.258625,0.350876,0.056400,0.217879,0.055196,0.174705,0.238393,0.300735,0.125747,0.183692,0.263943,0.151352
24,0.120000,0.219473,0.176386,0.165773,0.258624,0.350888,0.056410,0.217877,0.055196,0.174706,0.238394,0.300736,0.125748,0.183693,0.263944,0.151354
25,0.125000,0.219474,0.176383,0.165770,0.258621,0.350871,0.056391,0.217875,0.055195,0.174704,0.238393,0.300735,0.125748,0.183693,0.263944,0.151354
26,0.130000,0.219475,0.176389,0.165763,0.258621,0.350871,0.056391,0.217876,0.055195,0.174705,0.238395,0.300736,0.125748,0.183693,0.263945,0.151354
27,0.135000,0.219472,0.176389,0.165773,0.258621,0.350870,0.056391,0.217876,0.055195,0.174701,0.238394,0.300737,0.125749,0.183694,0.263946,0.151355
28,0.140000,0.219477,0.176388,0.165764,0.258620,0.350871,0.056391,0.217877,0.055195,0.174705,0.238395,0.300735,0.125749,0.183692,0.263945,0.151355
29,0.145000,0.219474,0.176386,0.165772,0.258620,0.350868,0.056391,0.217878,0.055195,0.174705,0.238394,0.300735,0.125748,0.183692,0.263944,0.151354
30,0.150000,0.219477,0.176390,0.165764,0.258622,0.350884,0.056406,0.217876,0.055194,0.174705,0.238393,0.300735,0.125749,0.183694,0.263945,0.151355
31,0.155000,0.219474,0.176388,0.165774,0.258623,0.350883,0.056407,0.217876,0.055195,0.174705,0.238393,0.300733,0.125747,0.183692,0.263944,0.151355
32,0.160000,0.219477,0.176388,0.165763,0.258625,0.350878,0.056399,0.217876,0.055198,0.174709,0.238393,0.300736,0.125749,0.183692,0.263944,0.151353
33,0.165000,0.219477,0.176388,0.165761,0.258630,0.350891,0.056416,0.217878,0.055196,0.174707,0.238390,0.300735,0.125748,0.183692,0.263945,0.151356
34,0.170000,0.219472,0.176387,0.165774,0.258632,0.350884,0.056411,0.217879,0.055195,0.174708,0.238389,0.300735,0.125747,0.183689,0.263944,0.151353
35,0.175000,0.219477,0.176386,0.165759,0.258635,0.350884,0.056414,0.217878,0.055195,0.174708,0.238387,0.300736,0.125748,0.183688,0.263943,0.151352
36,0.180000,0.219473,0.176387,0.165772,0.258638,0.350891,0.056423,0.217879,0.055195,0.174704,0.238386,0.300736,0.125749,0.183688,0.263941,0.151351
37,0.185000,0.219478,0.176388,0.165759,0.258640,0.350884,0.056415,0.217879,0.055195,0.174704,0.238373,0.300748,0.125752,0.183685,0.263939,0.151349
38,0.190000,0.219476,0.176388,0.165759,0.258648,0.350870,0.056406,0.217878,0.055194,0.174705,0.238370,0.300748,0.125753,0.183685,0.263938,0.151348
39,0.195000,0.219476,0.176388,0.165757,0.258646,0.350869,0.056404,0.217878,0.055193,0.174703,0.238368,0.300749,0.125751,0.183684,0.263939,0.151343
40,0.200000,0.219476,0.176387,0.165756,0.258646,0.350867,0.056404,0.217881,0.055194,0.174702,0.238369,0.300748,0.125753,0.183681,0.263937,0.151343
41,0.205000,0.219473,0.176383,0.165766,0.258654,0.350878,0.056418,0.217881,0.055192,0.174701,0.238364,0.300748,0.125751,0.183680,0.263936,0.151343
42,0.210000,0.219473,0.176385,0.165765,0.258653,0.350865,0.056408,0.217880,0.055192,0.174702,0.238376,0.300738,0.125744,0.183678,0.263936,0.151338
43,0.215000,0.219472,0.176384,0.165766,0.258654,0.350865,0.056406,0.217881,0.055192,0.174702,0.238364,0.300749,0.125753,0.183677,0.263936,0.151337
44,0.220000,0.219472,0.176383,0.165768,0.258656,0.350864,0.056407,0.217882,0.055191,0.174701,0.238363,0.300763,0.125740,0.183677,0.263934,0.151335
45,0.225000,0.219475,0.176385,0.165755,0.258790,0.350915,0.056289,0.217881,0.055192,0.174702,0.238361,0.300748,0.125751,0.183673,0.263934,0.151335
46,0.230000,0.219473,0.176387,0.165758,0.258658,0.350860,0.056403,0.217882,0.055190,0.174704,0.238361,0.300748,0.125749,0.183675,0.263935,0.151332
47,0.235000,0.219476,0.176388,0.165758,0.258659,0.350861,0.056405,0.217882,0.055192,0.174706,0.238362,0.300749,0.125750,0.183675,0.263937,0.151337
48,0.240000,0.219476,0.176388,0.165758,0.258659,0.350863,0.056404,0.217883,0.055190,0.174707,0.238372,0.300736,0.125742,0.183673,0.263934,0.151332
49,0.245000,0.219472,0.176386,0.165769,0.258660,0.350860,0.056404,0.217882,0.055191,0.174707,0.238362,0.300748,0.125749,0.183675,0.263937,0.151335
50,0.250000,0.219476,0.176388,0.165761,0.258660,0.350860,0.056404,0.217883,0.055192,0.174713,0.238373,0.300736,0.125742,0.183674,0.263935,0.151334
51,0.255000,0.219475,0.176388,0.165758,0.258661,0.350861,0.056403,0.217884,0.055193,0.174710,0.238362,0.300749,0.125749,0.183675,0.263937,0.151334
52,0.260000,0.219472,0.176386,0.165772,0.258660,0.350860,0.056402,0.217884,0.055193,0.174708,0.238362,0.300748,0.125747,0.183676,0.263936,0.151334
53,0.265000,0.219476,0.176388,0.165761,0.258659,0.350859,0.056399,0.217883,0.055190,0.174710,0.238363,0.300748,0.125748,0.183675,0.263936,0.151337
54,0.270000,0.219471,0.176386,0.165770,0.258791,0.350911,0.056282,0.217883,0.055193,0.174708,0.238376,0.300735,0.125740,0.183677,0.263937,0.151338
55,0.275000,0.219472,0.176386,0.165773,0.258791,0.350909,0.056282,0.217882,0.055193,0.174709,0.238364,0.300748,0.125744,0.183678,0.263936,0.151335
56,0.280000,0.219474,0.176384,0.165771,0.258654,0.350853,0.056391,0.217882,0.055193,0.174712,0.238365,0.300760,0.125733,0.183679,0.263936,0.151336
57,0.285000,0.219472,0.176389,0.165772,0.258652,0.350853,0.056393,0.217882,0.055190,0.174711,0.238377,0.300734,0.125736,0.183679,0.263938,0.151337
58,0.290000,0.219472,0.176386,0.165772,0.258650,0.350854,0.056389,0.217881,0.055190,0.174713,0.238378,0.300733,0.125735,0.183680,0.263938,0.151337
59,0.295000,0.219472,0.176386,0.165771,0.258647,0.350854,0.056387,0.217878,0.055191,0.174714,0.238367,0.300746,0.125740,0.183679,0.263939,0.151337
60,0.300000,0.219476,0.176385,0.165771,0.258636,0.350853,0.056379,0.217880,0.055190,0.174712,0.238368,0.300760,0.125731,0.183680,0.263940,0.151339
61,0.305000,0.219476,0.176388,0.165764,0.258634,0.350854,0.056379,0.217879,0.055188,0.174712,0.238369,0.300759,0.125728,0.183683,0.263941,0.151338
62,0.310000,0.219472,0.176389,0.165776,0.258636,0.350853,0.056377,0.217876,0.055187,0.174713,0.238383,0.300734,0.125736,0.183682,0.263940,0.151342
63,0.315000,0.219473,0.176387,0.165771,0.258627,0.350855,0.056377,0.217878,0.055191,0.174715,0.238372,0.300758,0.125729,0.183683,0.263942,0.151344
64,0.320000,0.219479,0.176391,0.165763,0.258624,0.350855,0.056374,0.217877,0.055190,0.174715,0.238375,0.300758,0.125730,0.183686,0.263941,0.151342
65,0.325000,0.219478,0.176390,0.165761,0.258622,0.350856,0.056373,0.217879,0.055192,0.174716,0.238377,0.300760,0.125732,0.183688,0.263941,0.151346
66,0.330000,0.219477,0.176384,0.165772,0.258619,0.350858,0.056375,0.217878,0.055188,0.174716,0.238387,0.300733,0.125735,0.183689,0.263942,0.151349
67,0.335000,0.219479,0.176389,0.165761,0.258619,0.350860,0.056375,0.217875,0.055190,0.174717,0.238386,0.300734,0.125735,0.183690,0.263942,0.151349
68,0.340000,0.219479,0.176390,0.165762,0.258617,0.350861,0.056377,0.217876,0.055191,0.174712,0.238387,0.300735,0.125736,0.183691,0.263944,0.151353
69,0.345000,0.219476,0.176387,0.165773,0.258614,0.350864,0.056377,0.217878,0.055189,0.174713,0.238388,0.300732,0.125736,0.183693,0.263945,0.151354
70,0.350000,0.219478,0.176388,0.165759,0.258614,0.350864,0.056378,0.217878,0.055191,0.174712,0.238385,0.300733,0.125736,0.183693,0.263944,0.151352
71,0.355000,0.219478,0.176388,0.165762,0.258613,0.350864,0.056378,0.217878,0.055190,0.174711,0.238387,0.300733,0.125737,0.183695,0.263944,0.151355
72,0.360000,0.219477,0.176387,0.165759,0.258610,0.350866,0.056379,0.217874,0.055192,0.174710,0.238376,0.300760,0.125731,0.183692,0.263944,0.151355
73,0.365000,0.219474,0.176384,0.165773,0.258610,0.350868,0.056382,0.217878,0.055191,0.174709,0.238388,0.300735,0.125738,0.183691,0.263946,0.151357
74,0.370000,0.219473,0.176385,0.165771,0.258609,0.350874,0.056388,0.217877,0.055193,0.174710,0.238387,0.300736,0.125741,0.183690,0.263944,0.151357
75,0.375000,0.219472,0.176383,0.165768,0.258607,0.350869,0.056384,0.217875,0.055192,0.174705,0.238385,0.300736,0.125741,0.183689,0.263945,0.151358
76,0.380000,0.219471,0.176385,0.165769,0.258609,0.350889,0.056403,0.217875,0.055191,0.174707,0.238384,0.300736,0.125741,0.183683,0.263929,0.151357
77,0.385000,0.219472,0.176385,0.165771,0.258607,0.350877,0.056389,0.217876,0.055192,0.174707,0.238383,0.300739,0.125744,0.183686,0.263944,0.151356
78,0.390000,0.219472,0.176388,0.165758,0.258605,0.350878,0.056393,0.217876,0.055192,0.174706,0.238369,0.300750,0.125749,0.183685,0.263944,0.151355
79,0.395000,0.219470,0.176385,0.165769,0.258605,0.350879,0.056394,0.217877,0.055192,0.174706,0.238369,0.300753,0.125753,0.183683,0.263943,0.151355
80,0.400000,0.219468,0.176386,0.165770,0.258606,0.350881,0.056396,0.217876,0.055193,0.174705,0.238366,0.300754,0.125755,0.183680,0.263943,0.151352
81,0.405000,0.219465,0.176386,0.165770,0.258606,0.350877,0.056394,0.217876,0.055192,0.174704,0.238363,0.300756,0.125756,0.183679,0.263942,0.151351
82,0.410000,0.219469,0.176387,0.165762,0.258609,0.350896,0.056415,0.217877,0.055190,0.174704,0.238361,0.300757,0.125756,0.183676,0.263941,0.151350
83,0.415000,0.219466,0.176386,0.165769,0.258609,0.350886,0.056408,0.217876,0.055192,0.174706,0.238358,0.300756,0.125756,0.183667,0.263927,0.151352
84,0.420000,0.219466,0.176387,0.165772,0.258613,0.350899,0.056422,0.217877,0.055193,0.174707,0.238353,0.300756,0.125757,0.183672,0.263942,0.151351
85,0.425000,0.219465,0.176390,0.165772,0.258614,0.350901,0.056426,0.217879,0.055194,0.174705,0.238349,0.300755,0.125769,0.183670,0.263941,0.151347
86,0.430000,0.219466,0.176391,0.165775,0.258619,0.350902,0.056427,0.217879,0.055195,0.174705,0.238350,0.300758,0.125761,0.183663,0.263924,0.151350
87,0.435000,0.219469,0.176391,0.165762,0.258622,0.350905,0.056434,0.217883,0.055191,0.174706,0.238343,0.300756,0.125772,0.183667,0.263939,0.151346
88,0.440000,0.219470,0.176390,0.165763,0.258624,0.350903,0.056434,0.217879,0.055194,0.174710,0.238345,0.300760,0.125758,0.183660,0.263924,0.151349
89,0.445000,0.219467,0.176388,0.165771,0.258626,0.350904,0.056438,0.217883,0.055190,0.174707,0.238341,0.300757,0.125775,0.183664,0.263937,0.151346
90,0.450000,0.219470,0.176389,0.165762,0.258630,0.350906,0.056440,0.217881,0.055191,0.174707,0.238340,0.300756,0.125773,0.183658,0.263921,0.151346
91,0.455000,0.219467,0.176385,0.165772,0.258633,0.350904,0.056441,0.217881,0.055189,0.174707,0.238342,0.300758,0.125762,0.183657,0.263920,0.151346
92,0.460000,0.219467,0.176387,0.165774,0.258633,0.350904,0.056442,0.217883,0.055189,0.174706,0.238336,0.300757,0.125775,0.183660,0.263934,0.151342
93,0.465000,0.219469,0.176385,0.165769,0.258631,0.350894,0.056462,0.217881,0.055188,0.174702,0.238336,0.300758,0.125776,0.183660,0.263934,0.151344
94,0.470000,0.219472,0.176388,0.165758,0.258636,0.350901,0.056441,0.217883,0.055189,0.174704,0.238336,0.300758,0.125777,0.183660,0.263932,0.151343
95,0.475000,0.219467,0.176386,0.165768,0.258630,0.350893,0.056460,0.217883,0.055190,0.174706,0.238334,0.300759,0.125777,0.183653,0.263919,0.151344
96,0.480000,0.219472,0.176390,0.165760,0.258631,0.350890,0.056457,0.217884,0.055190,0.174706,0.238338,0.300761,0.125762,0.183654,0.263917,0.151341
97,0.485000,0.219473,0.176388,0.165761,0.258634,0.350897,0.056438,0.217882,0.055191,0.174702,0.238335,0.300758,0.125777,0.183655,0.263918,0.151343
98,0.490000,0.219474,0.176388,0.165758,0.258640,0.350891,0.056435,0.217881,0.055190,0.174703,0.238341,0.300762,0.125763,0.183661,0.263934,0.151342
99,0.495000,0.219470,0.176390,0.165772,0.258632,0.350893,0.056435,0.217882,0.055191,0.174709,0.238339,0.300757,0.125775,0.183657,0.263918,0.151344
100,0.500000,0.219473,0.176390,0.165760,0.258626,0.350866,0.056431,0.217883,0.055191,0.174701,0.238341,0.300757,0.125775,0.183659,0.263919,0.151343
101,0.505000,0.219472,0.176390,0.165761,0.258624,0.350882,0.056447,0.217882,0.055189,0.174704,0.238343,0.300755,0.125775,0.183661,0.263921,0.151347
102,0.510000,0.219470,0.176387,0.165772,0.258625,0.350873,0.056407,0.217882,0.055188,0.174704,0.238345,0.300756,0.125774,0.183661,0.263921,0.151345
103,0.515000,0.219469,0.176387,0.165771,0.258623,0.350885,0.056418,0.217882,0.055191,0.174705,0.238345,0.300754,0.125773,0.183665,0.263923,0.151349
104,0.520000,0.219471,0.176386,0.165773,0.258623,0.350890,0.056419,0.217880,0.055190,0.174707,0.238353,0.300755,0.125758,0.183672,0.263938,0.151349
105,0.525000,0.219474,0.176387,0.165760,0.258618,0.350872,0.056399,0.217880,0.055190,0.174707,0.238357,0.300755,0.125759,0.183673,0.263939,0.151348
106,0.530000,0.219473,0.176389,0.165763,0.258616,0.350873,0.056396,0.217881,0.055194,0.174706,0.238358,0.300756,0.125754,0.183670,0.263925,0.151350
107,0.535000,0.219474,0.176385,0.165772,0.258616,0.350885,0.056408,0.217878,0.055192,0.174708,0.238362,0.300752,0.125755,0.183674,0.263926,0.151354
108,0.540000,0.219476,0.176389,0.165759,0.258614,0.350873,0.056394,0.217879,0.055194,0.174708,0.238364,0.300752,0.125752,0.183676,0.263927,0.151354
109,0.545000,0.219470,0.176388,0.165772,0.258614,0.350874,0.056392,0.217877,0.055194,0.174712,0.238368,0.300749,0.125750,0.183683,0.263942,0.151352
110,0.550000,0.219472,0.176387,0.165771,0.258611,0.350872,0.056391,0.217876,0.055193,0.174711,0.238379,0.300738,0.125743,0.183684,0.263942,0.151353
111,0.555000,0.219476,0.176391,0.165762,0.258612,0.350873,0.056387,0.217877,0.055193,0.174712,0.238383,0.300739,0.125741,0.183687,0.263945,0.151352
112,0.560000,0.219474,0.176387,0.165774,0.258613,0.350880,0.056394,0.217876,0.055193,0.174709,0.238373,0.300751,0.125747,0.183687,0.263943,0.151352
113,0.565000,0.219478,0.176389,0.165759,0.258609,0.350877,0.056390,0.217878,0.055192,0.174709,0.238376,0.300762,0.125735,0.183689,0.263944,0.151353
114,0.570000,0.219472,0.176387,0.165771,0.258610,0.350872,0.056384,0.217875,0.055191,0.174710,0.238387,0.300738,0.125741,0.183688,0.263943,0.151350
115,0.575000,0.219476,0.176389,0.165761,0.258609,0.350872,0.056384,0.217873,0.055192,0.174713,0.238377,0.300763,0.125735,0.183689,0.263943,0.151352
116,0.580000,0.219477,0.176387,0.165759,0.258610,0.350878,0.056387,0.217876,0.055190,0.174710,0.238388,0.300738,0.125740,0.183691,0.263944,0.151354
117,0.585000,0.219478,0.176385,0.165761,0.258609,0.350874,0.056383,0.217874,0.055191,0.174710,0.238390,0.300738,0.125740,0.183690,0.263944,0.151351
118,0.590000,0.219472,0.176385,0.165770,0.258611,0.350878,0.056388,0.217876,0.055190,0.174709,0.238391,0.300738,0.125740,0.183692,0.263943,0.151351
119,0.595000,0.219476,0.176386,0.165757,0.258614,0.350886,0.056395,0.217876,0.055191,0.174709,0.238380,0.300764,0.125734,0.183693,0.263943,0.151352
120,0.600000,0.219478,0.176388,0.165757,0.258613,0.350874,0.056385,0.217874,0.055191,0.174712,0.238381,0.300751,0.125745,0.183691,0.263943,0.151350
121,0.605000,0.219475,0.176385,0.165768,0.258617,0.350873,0.056385,0.217876,0.055192,0.174706,0.238391,0.300736,0.125738,0.183687,0.263929,0.151351
122,0.610000,0.219473,0.176385,0.165769,0.258619,0.350874,0.056389,0.217876,0.055191,0.174707,0.238390,0.300737,0.125739,0.183690,0.263943,0.151349
123,0.615000,0.219474,0.176384,0.165766,0.258620,0.350872,0.056386,0.217874,0.055190,0.174709,0.238380,0.300762,0.125733,0.183691,0.263941,0.151347
124,0.620000,0.219479,0.176386,0.165757,0.258623,0.350870,0.056388,0.217878,0.055190,0.174708,0.238388,0.300735,0.125739,0.183689,0.263942,0.151349
125,0.625000,0.219478,0.176385,0.165757,0.258627,0.350876,0.056396,0.217876,0.055193,0.174712,0.238375,0.300748,0.125744,0.183689,0.263941,0.151346
126,0.630000,0.219472,0.176385,0.165766,0.258628,0.350876,0.056395,0.217878,0.055192,0.174708,0.238385,0.300738,0.125739,0.183687,0.263942,0.151346
127,0.635000,0.219477,0.176385,0.165759,0.258630,0.350869,0.056389,0.217878,0.055190,0.174712,0.238384,0.300739,0.125741,0.183685,0.263940,0.151347
128,0.640000,0.219472,0.176387,0.165769,0.258632,0.350867,0.056391,0.217880,0.055190,0.174711,0.238371,0.300749,0.125747,0.183683,0.263939,0.151342
129,0.645000,0.219469,0.176386,0.165771,0.258634,0.350869,0.056393,0.217879,0.055193,0.174711,0.238369,0.300764,0.125736,0.183681,0.263940,0.151342
130,0.650000,0.219473,0.176388,0.165760,0.258635,0.350869,0.056397,0.217876,0.055194,0.174712,0.238368,0.300751,0.125750,0.183680,0.263939,0.151341
131,0.655000,0.219472,0.176390,0.165758,0.258645,0.350869,0.056401,0.217880,0.055190,0.174714,0.238365,0.300754,0.125749,0.183677,0.263940,0.151342
132,0.660000,0.219471,0.176389,0.165760,0.258637,0.350874,0.056403,0.217878,0.055194,0.174712,0.238364,0.300751,0.125750,0.183670,0.263926,0.151341
133,0.665000,0.219471,0.176391,0.165759,0.258640,0.350866,0.056399,0.217876,0.055192,0.174709,0.238362,0.300753,0.125753,0.183672,0.263939,0.151338
134,0.670000,0.219467,0.176388,0.165773,0.258642,0.350880,0.056413,0.217881,0.055192,0.174705,0.238359,0.300753,0.125751,0.183665,0.263924,0.151337
135,0.675000,0.219471,0.176388,0.165760,0.258645,0.350877,0.056410,0.217881,0.055189,0.174708,0.238359,0.300752,0.125753,0.183669,0.263935,0.151335
136,0.680000,0.219466,0.176386,0.165769,0.258650,0.350869,0.056407,0.217884,0.055189,0.174703,0.238356,0.300752,0.125752,0.183661,0.263921,0.151335
137,0.685000,0.219463,0.176387,0.165772,0.258653,0.350870,0.056409,0.217881,0.055191,0.174706,0.238354,0.300754,0.125753,0.183660,0.263921,0.151334
138,0.690000,0.219464,0.176387,0.165769,0.258647,0.350874,0.056413,0.217882,0.055189,0.174703,0.238351,0.300753,0.125754,0.183660,0.263921,0.151336
139,0.695000,0.219466,0.176386,0.165768,0.258650,0.350883,0.056423,0.217882,0.055193,0.174704,0.238352,0.300755,0.125756,0.183659,0.263920,0.151333
140,0.700000,0.219466,0.176385,0.165771,0.258657,0.350872,0.056418,0.217882,0.055193,0.174708,0.238352,0.300756,0.125755,0.183658,0.263923,0.151339
141,0.705000,0.219469,0.176388,0.165760,0.258658,0.350885,0.056433,0.217882,0.055194,0.174708,0.238350,0.300755,0.125756,0.183658,0.263921,0.151337
142,0.710000,0.219470,0.176389,0.165761,0.258658,0.350887,0.056435,0.217885,0.055188,0.174708,0.238347,0.300756,0.125757,0.183663,0.263935,0.151336
143,0.715000,0.219466,0.176387,0.165771,0.258656,0.350888,0.056436,0.217886,0.055190,0.174705,0.238348,0.300755,0.125758,0.183664,0.263934,0.151338
144,0.720000,0.219472,0.176388,0.165759,0.258650,0.350893,0.056436,0.217882,0.055193,0.174706,0.238345,0.300754,0.125772,0.183660,0.263920,0.151340
145,0.725000,0.219470,0.176388,0.165774,0.258653,0.350877,0.056425,0.217882,0.055193,0.174705,0.238349,0.300758,0.125759,0.183660,0.263921,0.151343
146,0.730000,0.219475,0.176392,0.165760,0.258646,0.350896,0.056438,0.217883,0.055192,0.174705,0.238345,0.300754,0.125772,0.183667,0.263935,0.151341
147,0.735000,0.219470,0.176388,0.165770,0.258649,0.350893,0.056436,0.217880,0.055192,0.174707,0.238346,0.300757,0.125774,0.183668,0.263936,0.151342
148,0.740000,0.219475,0.176388,0.165760,0.258640,0.350899,0.056438,0.217882,0.055194,0.174702,0.238351,0.300758,0.125760,0.183663,0.263921,0.151346
149,0.745000,0.219470,0.176386,0.165769,0.258633,0.350899,0.056434,0.217881,0.055192,0.174705,0.238353,0.300758,0.125762,0.183664,0.263922,0.151350
150,0.750000,0.219474,0.176390,0.165757,0.258632,0.350902,0.056433,0.217881,0.055193,0.174705,0.238349,0.300757,0.125775,0.183671,0.263936,0.151349
151,0.755000,0.219475,0.176388,0.165757,0.258627,0.350902,0.056431,0.217879,0.055193,0.174704,0.238356,0.300756,0.125760,0.183667,0.263924,0.151352
152,0.760000,0.219469,0.176387,0.165768,0.258623,0.350903,0.056430,0.217879,0.055193,0.174705,0.238350,0.300757,0.125773,0.183675,0.263941,0.151351
153,0.765000,0.219470,0.176386,0.165767,0.258619,0.350901,0.056427,0.217880,0.055192,0.174702,0.238358,0.300755,0.125758,0.183675,0.263940,0.151350
154,0.770000,0.219472,0.176388,0.165756,0.258616,0.350904,0.056426,0.217878,0.055192,0.174702,0.238359,0.300755,0.125757,0.183672,0.263924,0.151354
155,0.775000,0.219474,0.176387,0.165757,0.258607,0.350897,0.056442,0.217877,0.055194,0.174699,0.238360,0.300756,0.125757,0.183681,0.263940,0.151354
156,0.780000,0.219471,0.176386,0.165768,0.258610,0.350907,0.056425,0.217878,0.055192,0.174704,0.238363,0.300757,0.125758,0.183681,0.263941,0.151354
157,0.785000,0.219471,0.176387,0.165768,0.258606,0.350908,0.056422,0.217880,0.055191,0.174700,0.238364,0.300756,0.125757,0.183683,0.263942,0.151358
158,0.790000,0.219472,0.176387,0.165769,0.258603,0.350909,0.056421,0.217875,0.055192,0.174705,0.238366,0.300757,0.125759,0.183684,0.263944,0.151359
159,0.795000,0.219475,0.176390,0.165760,0.258600,0.350909,0.056421,0.217876,0.055193,0.174701,0.238365,0.300755,0.125758,0.183681,0.263930,0.151362
160,0.800000,0.219473,0.176388,0.165772,0.258599,0.350910,0.056420,0.217875,0.055195,0.174704,0.238368,0.300755,0.125760,0.183687,0.263946,0.151363
161,0.805000,0.219475,0.176391,0.165763,0.258597,0.350913,0.056422,0.217874,0.055196,0.174704,0.238370,0.300756,0.125759,0.183686,0.263945,0.151365
162,0.810000,0.219476,0.176390,0.165761,0.258597,0.350913,0.056421,0.217874,0.055197,0.174706,0.238367,0.300755,0.125759,0.183687,0.263947,0.151366
163,0.815000,0.219476,0.176392,0.165764,0.258596,0.350911,0.056421,0.217874,0.055195,0.174704,0.238370,0.300756,0.125759,0.183684,0.263931,0.151366
164,0.820000,0.219477,0.176390,0.165763,0.258597,0.350912,0.056421,0.217875,0.055196,0.174702,0.238369,0.300755,0.125759,0.183688,0.263946,0.151365
165,0.825000,0.219478,0.176392,0.165764,0.258600,0.350912,0.056423,0.217875,0.055193,0.174703,0.238369,0.300755,0.125758,0.183686,0.263947,0.151366
166,0.830000,0.219476,0.176390,0.165761,0.258599,0.350911,0.056420,0.217874,0.055195,0.174704,0.238380,0.300744,0.125752,0.183687,0.263945,0.151364
167,0.835000,0.219472,0.176388,0.165772,0.258601,0.350908,0.056421,0.217875,0.055195,0.174702,0.238379,0.300742,0.125752,0.183686,0.263944,0.151364
168,0.840000,0.219471,0.176384,0.165772,0.258601,0.350907,0.056421,0.217877,0.055196,0.174700,0.238366,0.300754,0.125756,0.183684,0.263945,0.151365
169,0.845000,0.219470,0.176385,0.165771,0.258602,0.350905,0.056422,0.217875,0.055192,0.174701,0.238364,0.300754,0.125757,0.183682,0.263942,0.151361
170,0.850000,0.219470,0.176385,0.165768,0.258604,0.350904,0.056419,0.217875,0.055192,0.174698,0.238361,0.300757,0.125757,0.183683,0.263943,0.151362
171,0.855000,0.219474,0.176388,0.165758,0.258607,0.350903,0.056420,0.217876,0.055192,0.174702,0.238361,0.300755,0.125757,0.183681,0.263944,0.151360
172,0.860000,0.219468,0.176387,0.165772,0.258607,0.350897,0.056415,0.217875,0.055193,0.174702,0.238360,0.300756,0.125758,0.183674,0.263928,0.151358
173,0.865000,0.219467,0.176389,0.165771,0.258610,0.350900,0.056422,0.217876,0.055192,0.174700,0.238357,0.300758,0.125757,0.183677,0.263942,0.151358
174,0.870000,0.219473,0.176391,0.165760,0.258613,0.350900,0.056424,0.217877,0.055193,0.174703,0.238351,0.300758,0.125772,0.183674,0.263941,0.151355
175,0.875000,0.219468,0.176388,0.165771,0.258614,0.350899,0.056425,0.217877,0.055194,0.174701,0.238351,0.300758,0.125774,0.183669,0.263926,0.151355
176,0.880000,0.219466,0.176389,0.165773,0.258616,0.350900,0.056425,0.217876,0.055193,0.174706,0.238354,0.300760,0.125761,0.183667,0.263925,0.151355
177,0.885000,0.219472,0.176391,0.165758,0.258616,0.350885,0.056412,0.217878,0.055192,0.174704,0.238346,0.300755,0.125773,0.183664,0.263925,0.151354
178,0.890000,0.219472,0.176391,0.165759,0.258619,0.350899,0.056428,0.217880,0.055192,0.174705,0.238350,0.300759,0.125762,0.183668,0.263939,0.151351
179,0.895000,0.219471,0.176390,0.165762,0.258621,0.350898,0.056430,0.217879,0.055191,0.174704,0.238348,0.300761,0.125762,0.183666,0.263938,0.151350
180,0.900000,0.219466,0.176389,0.165770,0.258624,0.350900,0.056433,0.217880,0.055192,0.174705,0.238342,0.300757,0.125775,0.183665,0.263939,0.151349
181,0.905000,0.219465,0.176390,0.165772,0.258625,0.350900,0.056433,0.217879,0.055192,0.174706,0.238340,0.300757,0.125773,0.183662,0.263939,0.151347
182,0.910000,0.219464,0.176390,0.165769,0.258626,0.350900,0.056432,0.217879,0.055193,0.174706,0.238343,0.300758,0.125762,0.183656,0.263922,0.151346
183,0.915000,0.219467,0.176391,0.165760,0.258627,0.350894,0.056427,0.217879,0.055193,0.174705,0.238338,0.300757,0.125775,0.183655,0.263923,0.151348
184,0.920000,0.219469,0.176393,0.165760,0.258628,0.350900,0.056433,0.217879,0.055193,0.174706,0.238336,0.300758,0.125774,0.183655,0.263921,0.151345
185,0.925000,0.219469,0.176393,0.165758,0.258628,0.350900,0.056434,0.217881,0.055195,0.174705,0.238334,0.300757,0.125771,0.183652,0.263923,0.151344
186,0.930000,0.219463,0.176391,0.165769,0.258628,0.350889,0.056423,0.217882,0.055192,0.174708,0.238335,0.300757,0.125772,0.183657,0.263936,0.151341
187,0.935000,0.219462,0.176390,0.165769,0.258627,0.350902,0.056437,0.217881,0.055191,0.174705,0.238334,0.300757,0.125774,0.183651,0.263920,0.151344
188,0.940000,0.219464,0.176390,0.165770,0.258628,0.350903,0.056437,0.217881,0.055191,0.174705,0.238332,0.300757,0.125774,0.183653,0.263921,0.151345
189,0.945000,0.219469,0.176394,0.165757,0.258626,0.350899,0.056434,0.217881,0.055192,0.174707,0.238336,0.300760,0.125759,0.183650,0.263921,0.151345
190,0.950000,0.219465,0.176391,0.165770,0.258625,0.350901,0.056434,0.217880,0.055194,0.174707,0.238332,0.300759,0.125772,0.183650,0.263919,0.151343
191,0.955000,0.219469,0.176393,0.165759,0.258622,0.350904,0.056436,0.217881,0.055192,0.174709,0.238333,0.300761,0.125774,0.183650,0.263921,0.151342
192,0.960000,0.219464,0.176390,0.165770,0.258622,0.350904,0.056433,0.217881,0.055190,0.174706,0.238334,0.300760,0.125773,0.183653,0.263921,0.151347
193,0.965000,0.219470,0.176394,0.165757,0.258620,0.350905,0.056435,0.217882,0.055192,0.174707,0.238334,0.300760,0.125774,0.183659,0.263936,0.151345
194,0.970000,0.219470,0.176391,0.165757,0.258618,0.350905,0.056435,0.217879,0.055189,0.174706,0.238334,0.300761,0.125773,0.183659,0.263935,0.151346
195,0.975000,0.219470,0.176395,0.165759,0.258615,0.350906,0.056433,0.217881,0.055190,0.174709,0.238335,0.300761,0.125773,0.183655,0.263923,0.151349
196,0.980000,0.219470,0.176393,0.165759,0.258613,0.350908,0.056433,0.217881,0.055192,0.174709,0.238336,0.300761,0.125773,0.183661,0.263939,0.151350
197,0.985000,0.219471,0.176392,0.165757,0.258610,0.350906,0.056429,0.217880,0.055191,0.174705,0.238336,0.300761,0.125773,0.183663,0.263939,0.151352
198,0.990000,0.219471,0.176392,0.165760,0.258607,0.350907,0.056429,0.217878,0.055193,0.174704,0.238336,0.300760,0.125770,0.183664,0.263939,0.151348
199,0.995000,0.219470,0.176391,0.165759,0.258606,0.350908,0.056426,0.217877,0.055193,0.174703,0.238339,0.300759,0.125771,0.183660,0.263925,0.151355
200,1.000000,0.219466,0.176390,0.165769,0.258603,0.350909,0.056426,0.217878,0.055192,0.174703,0.238340,0.300758,0.125769,0.183663,0.263926,0.151356
201,1.005000,0.219466,0.176391,0.165768,0.258586,0.350910,0.056441,0.217878,0.055192,0.174708,0.238341,0.300758,0.125769,0.183670,0.263942,0.151355
202,1.010000,0.219473,0.176391,0.165757,0.258596,0.350911,0.056426,0.217877,0.055195,0.174704,0.238346,0.300761,0.125754,0.183671,0.263941,0.151355
203,1.015000,0.219475,0.176391,0.165759,0.258594,0.350911,0.056424,0.217881,0.055193,0.174703,0.238345,0.300756,0.125769,0.183673,0.263941,0.151359
204,1.020000,0.219474,0.176390,0.165758,0.258592,0.350912,0.056422,0.217878,0.055194,0.174702,0.238346,0.300758,0.125769,0.183673,0.263941,0.151356
205,1.025000,0.219474,0.176391,0.165758,0.258575,0.350913,0.056439,0.217879,0.055195,0.174699,0.238352,0.300759,0.125756,0.183676,0.263942,0.151358
206,1.030000,0.219475,0.176392,0.165759,0.258567,0.350907,0.056433,0.217876,0.055196,0.174706,0.238351,0.300763,0.125758,0.183677,0.263944,0.151362
207,1.035000,0.219470,0.176391,0.165771,0.258584,0.350913,0.056420,0.217877,0.055195,0.174703,0.238352,0.300761,0.125758,0.183678,0.263945,0.151362
208,1.040000,0.219472,0.176389,0.165769,0.258581,0.350913,0.056420,0.217877,0.055196,0.174701,0.238348,0.300757,0.125771,0.183677,0.263945,0.151364
209,1.045000,0.219472,0.176390,0.165769,0.258567,0.350914,0.056434,0.217877,0.055195,0.174701,0.238348,0.300758,0.125769,0.183678,0.263944,0.151363
210,1.050000,0.219471,0.176390,0.165768,0.258561,0.350907,0.056430,0.217874,0.055196,0.174703,0.238354,0.300760,0.125757,0.183678,0.263946,0.151363
211,1.055000,0.219475,0.176390,0.165756,0.258568,0.350913,0.056433,0.217879,0.055194,0.174698,0.238355,0.300759,0.125756,0.183680,0.263946,0.151365
212,1.060000,0.219470,0.176391,0.165770,0.258567,0.350913,0.056432,0.217877,0.055194,0.174701,0.238354,0.300760,0.125755,0.183679,0.263944,0.151363
213,1.065000,0.219473,0.176391,0.165759,0.258562,0.350903,0.056428,0.217879,0.055194,0.174702,0.238352,0.300761,0.125755,0.183679,0.263944,0.151361
214,1.070000,0.219470,0.176389,0.165769,0.258564,0.350906,0.056430,0.217879,0.055195,0.174698,0.238354,0.300762,0.125755,0.183678,0.263944,0.151361
215,1.075000,0.219471,0.176388,0.165767,0.258583,0.350911,0.056417,0.217879,0.055196,0.174698,0.238353,0.300759,0.125757,0.183678,0.263943,0.151363
216,1.080000,0.219475,0.176390,0.165757,0.258580,0.350907,0.056416,0.217879,0.055198,0.174701,0.238353,0.300760,0.125754,0.183677,0.263944,0.151361
217,1.085000,0.219475,0.176391,0.165756,0.258574,0.350913,0.056437,0.217880,0.055195,0.174702,0.238349,0.300757,0.125769,0.183675,0.263945,0.151361
218,1.090000,0.219473,0.176392,0.165758,0.258582,0.350905,0.056417,0.217880,0.055196,0.174701,0.238347,0.300756,0.125768,0.183676,0.263943,0.151359
219,1.095000,0.219472,0.176391,0.165770,0.258590,0.350915,0.056424,0.217881,0.055195,0.174701,0.238352,0.300758,0.125756,0.183675,0.263944,0.151359
220,1.100000,0.219471,0.176389,0.165770,0.258592,0.350915,0.056424,0.217880,0.055196,0.174703,0.238345,0.300758,0.125768,0.183673,0.263942,0.151358
221,1.105000,0.219474,0.176393,0.165759,0.258594,0.350915,0.056426,0.217880,0.055195,0.174702,0.238344,0.300759,0.125771,0.183668,0.263926,0.151358
222,1.110000,0.219470,0.176393,0.165770,0.258598,0.350915,0.056427,0.217881,0.055194,0.174703,0.238347,0.300760,0.125756,0.183672,0.263941,0.151354
223,1.115000,0.219473,0.176394,0.165761,0.258601,0.350914,0.056427,0.217882,0.055193,0.174702,0.238346,0.300763,0.125753,0.183669,0.263940,0.151352
224,1.120000,0.219472,0.176393,0.165754,0.258604,0.350915,0.056427,0.217884,0.055195,0.174702,0.238345,0.300763,0.125756,0.183665,0.263926,0.151355
225,1.125000,0.219474,0.176390,0.165755,0.258606,0.350911,0.056428,0.217882,0.055196,0.174705,0.238346,0.300762,0.125755,0.183663,0.263925,0.151351
226,1.130000,0.219467,0.176390,0.165765,0.258609,0.350910,0.056429,0.217882,0.055193,0.174704,0.238339,0.300761,0.125769,0.183665,0.263940,0.151348
227,1.135000,0.219471,0.176392,0.165755,0.258612,0.350907,0.056427,0.217879,0.055192,0.174707,0.238342,0.300763,0.125753,0.183659,0.263924,0.151347
228,1.140000,0.219470,0.176393,0.165758,0.258613,0.350908,0.056429,0.217881,0.055194,0.174704,0.238337,0.300759,0.125767,0.183660,0.263925,0.151347
229,1.145000,0.219466,0.176390,0.165767,0.258615,0.350893,0.056415,0.217881,0.055194,0.174707,0.238336,0.300760,0.125767,0.183663,0.263938,0.151343
230,1.150000,0.219471,0.176393,0.165753,0.258616,0.350905,0.056429,0.217882,0.055191,0.174700,0.238336,0.300760,0.125767,0.183664,0.263938,0.151341
231,1.155000,0.219467,0.176392,0.165766,0.258618,0.350905,0.056429,0.217882,0.055193,0.174701,0.238339,0.300762,0.125753,0.183655,0.263923,0.151342
232,1.160000,0.219473,0.176393,0.165756,0.258620,0.350906,0.056427,0.217883,0.055192,0.174703,0.238340,0.300762,0.125754,0.183661,0.263937,0.151340
233,1.165000,0.219471,0.176391,0.165755,0.258622,0.350907,0.056431,0.217884,0.055192,0.174701,0.238340,0.300762,0.125753,0.183658,0.263922,0.151340
234,1.170000,0.219468,0.176391,0.165766,0.258620,0.350905,0.056428,0.217881,0.055192,0.174702,0.238337,0.300760,0.125768,0.183657,0.263921,0.151339
235,1.175000,0.219468,0.176391,0.165766,0.258624,0.350906,0.056430,0.217884,0.055191,0.174703,0.238337,0.300759,0.125769,0.183660,0.263937,0.151339
236,1.180000,0.219473,0.176393,0.165755,0.258624,0.350904,0.056430,0.217883,0.055193,0.174705,0.238341,0.300761,0.125753,0.183656,0.263921,0.151342
237,1.185000,0.219471,0.176392,0.165757,0.258625,0.350902,0.056429,0.217883,0.055193,0.174705,0.238342,0.300763,0.125754,0.183661,0.263937,0.151339
238,1.190000,0.219472,0.176391,0.165754,0.258627,0.350904,0.056429,0.217882,0.055192,0.174706,0.238342,0.300761,0.125753,0.183656,0.263923,0.151339
239,1.195000,0.219471,0.176394,0.165757,0.258626,0.350902,0.056427,0.217882,0.055192,0.174705,0.238342,0.300761,0.125752,0.183661,0.263937,0.151338
240,1.200000,0.219470,0.176391,0.165755,0.258624,0.350901,0.056426,0.217881,0.055190,0.174708,0.238338,0.300759,0.125767,0.183664,0.263939,0.151342
241,1.205000,0.219464,0.176393,0.165768,0.258624,0.350899,0.056425,0.217881,0.055194,0.174708,0.238339,0.300759,0.125767,0.183665,0.263939,0.151341
242,1.210000,0.219471,0.176393,0.165756,0.258623,0.350886,0.056411,0.217878,0.055192,0.174710,0.238340,0.300758,0.125766,0.183665,0.263940,0.151342
243,1.215000,0.219472,0.176392,0.165756,0.258621,0.350895,0.056418,0.217879,0.055193,0.174708,0.238340,0.300758,0.125766,0.183660,0.263926,0.151344
244,1.220000,0.219466,0.176390,0.165766,0.258617,0.350887,0.056409,0.217879,0.055193,0.174705,0.238343,0.300758,0.125766,0.183667,0.263941,0.151342
245,1.225000,0.219469,0.176393,0.165758,0.258617,0.350900,0.056421,0.217879,0.055191,0.174708,0.238347,0.300762,0.125750,0.183660,0.263927,0.151345
246,1.230000,0.219466,0.176393,0.165767,0.258616,0.350901,0.056421,0.217880,0.055194,0.174708,0.238348,0.300761,0.125752,0.183662,0.263927,0.151345
247,1.235000,0.219466,0.176390,0.165768,0.258612,0.350902,0.056420,0.217878,0.055192,0.174703,0.238343,0.300758,0.125766,0.183667,0.263941,0.151344
248,1.240000,0.219470,0.176394,0.165757,0.258611,0.350903,0.056419,0.217878,0.055192,0.174707,0.238343,0.300758,0.125768,0.183667,0.263941,0.151346
249,1.245000,0.219466,0.176391,0.165768,0.258607,0.350903,0.056419,0.217876,0.055192,0.174708,0.238346,0.300758,0.125767,0.183668,0.263941,0.151346
250,1.250000,0.219465,0.176389,0.165770,0.258606,0.350904,0.056419,0.217875,0.055193,0.174709,0.238349,0.300761,0.125753,0.183664,0.263929,0.151351
251,1.255000,0.219468,0.176391,0.165772,0.258608,0.350905,0.056420,0.217876,0.055193,0.174708,0.238349,0.300761,0.125752,0.183669,0.263941,0.151348
252,1.260000,0.219472,0.176393,0.165760,0.258603,0.350906,0.056420,0.217876,0.055194,0.174706,0.238350,0.300762,0.125753,0.183670,0.263943,0.151352
253,1.265000,0.219469,0.176391,0.165773,0.258604,0.350908,0.056420,0.217878,0.055193,0.174710,0.238351,0.300759,0.125753,0.183671,0.263943,0.151352
254,1.270000,0.219473,0.176393,0.165762,0.258603,0.350907,0.056422,0.217875,0.055194,0.174712,0.238352,0.300764,0.125755,0.183673,0.263943,0.151354
255,1.275000,0.219467,0.176391,0.165774,0.258602,0.350909,0.056423,0.217875,0.055195,0.174707,0.238349,0.300764,0.125755,0.183672,0.263944,0.151356
256,1.280000,0.219470,0.176396,0.165762,0.258588,0.350910,0.056437,0.217877,0.055193,0.174708,0.238345,0.300760,0.125769,0.183673,0.263944,0.151359
257,1.285000,0.219467,0.176391,0.165776,0.258587,0.350911,0.056439,0.217874,0.055196,0.174710,0.238349,0.300763,0.125756,0.183671,0.263944,0.151358
258,1.290000,0.219471,0.176393,0.165762,0.258598,0.350912,0.056426,0.217875,0.055193,0.174710,0.238345,0.300760,0.125772,0.183673,0.263945,0.151361
259,1.295000,0.219471,0.176394,0.165762,0.258594,0.350913,0.056426,0.217875,0.055194,0.174710,0.238343,0.300760,0.125773,0.183671,0.263943,0.151360
260,1.300000,0.219471,0.176391,0.165762,0.258594,0.350914,0.056427,0.217876,0.055192,0.174707,0.238344,0.300760,0.125772,0.183670,0.263943,0.151359
261,1.305000,0.219474,0.176392,0.165760,0.258587,0.350906,0.056447,0.217878,0.055192,0.174707,0.238342,0.300760,0.125774,0.183670,0.263943,0.151360
262,1.310000,0.219468,0.176388,0.165770,0.258590,0.350917,0.056432,0.217879,0.055191,0.174703,0.238341,0.300762,0.125775,0.183669,0.263941,0.151360
263,1.315000,0.219468,0.176390,0.165775,0.258575,0.350918,0.056447,0.217877,0.055191,0.174706,0.238344,0.300763,0.125763,0.183669,0.263943,0.151361
264,1.320000,0.219466,0.176389,0.165770,0.258574,0.350920,0.056450,0.217878,0.055192,0.174705,0.238339,0.300761,0.125775,0.183668,0.263941,0.151362
265,1.325000,0.219470,0.176393,0.165760,0.258566,0.350913,0.056446,0.217880,0.055193,0.174701,0.238336,0.300763,0.125777,0.183668,0.263941,0.151361
266,1.330000,0.219464,0.176393,0.165771,0.258568,0.350914,0.056469,0.217877,0.055190,0.174703,0.238340,0.300765,0.125765,0.183664,0.263944,0.151361
267,1.335000,0.219469,0.176392,0.165760,0.258567,0.350915,0.056470,0.217879,0.055193,0.174702,0.238333,0.300765,0.125780,0.183665,0.263941,0.151363
268,1.340000,0.219464,0.176393,0.165771,0.258570,0.350922,0.056453,0.217879,0.055192,0.174704,0.238332,0.300766,0.125780,0.183663,0.263943,0.151363
269,1.345000,0.219469,0.176392,0.165760,0.258559,0.350907,0.056469,0.217878,0.055194,0.174706,0.238333,0.300765,0.125780,0.183663,0.263942,0.151363
270,1.350000,0.219463,0.176390,0.165770,0.258559,0.350910,0.056473,0.217880,0.055195,0.174704,0.238331,0.300766,0.125781,0.183655,0.263926,0.151364
271,1.355000,0.219469,0.176394,0.165761,0.258566,0.350918,0.056478,0.217880,0.055192,0.174707,0.238329,0.300766,0.125782,0.183654,0.263927,0.151364
272,1.360000,0.219464,0.176392,0.165773,0.258560,0.350913,0.056475,0.217880,0.055192,0.174703,0.238329,0.300768,0.125783,0.183654,0.263927,0.151366
273,1.365000,0.219465,0.176390,0.165769,0.258566,0.350925,0.056463,0.217880,0.055195,0.174706,0.238327,0.300767,0.125783,0.183653,0.263926,0.151364
274,1.370000,0.219464,0.176392,0.165774,0.258561,0.350918,0.056483,0.217881,0.055193,0.174707,0.238321,0.300781,0.125783,0.183653,0.263925,0.151364
275,1.375000,0.219466,0.176392,0.165772,0.258562,0.350918,0.056483,0.217883,0.055193,0.174700,0.238320,0.300781,0.125784,0.183657,0.263942,0.151364
276,1.380000,0.219465,0.176392,0.165771,0.258562,0.350920,0.056484,0.217880,0.055195,0.174703,0.238326,0.300768,0.125784,0.183651,0.263926,0.151364
277,1.385000,0.219464,0.176393,0.165774,0.258569,0.350928,0.056491,0.217880,0.055195,0.174706,0.238324,0.300768,0.125785,0.183657,0.263941,0.151364
278,1.390000,0.219465,0.176395,0.165772,0.258569,0.350928,0.056490,0.217881,0.055194,0.174705,0.238323,0.300769,0.125785,0.183650,0.263925,0.151362
279,1.395000,0.219467,0.176393,0.165762,0.258566,0.350920,0.056488,0.217880,0.055194,0.174703,0.238317,0.300782,0.125784,0.183654,0.263941,0.151361
280,1.400000,0.219466,0.176392,0.165772,0.258576,0.350934,0.056473,0.217880,0.055193,0.174703,0.238322,0.300770,0.125785,0.183650,0.263923,0.151362
281,1.405000,0.219469,0.176394,0.165759,0.258567,0.350921,0.056488,0.217881,0.055192,0.174705,0.238321,0.300769,0.125784,0.183654,0.263940,0.151359
282,1.410000,0.219465,0.176391,0.165773,0.258569,0.350919,0.056490,0.217879,0.055193,0.174706,0.238319,0.300770,0.125782,0.183653,0.263937,0.151359
283,1.415000,0.219466,0.176392,0.165770,0.258573,0.350925,0.056488,0.217880,0.055193,0.174703,0.238317,0.300781,0.125782,0.183654,0.263939,0.151359
284,1.420000,0.219471,0.176391,0.165761,0.258573,0.350923,0.056488,0.217882,0.055192,0.174702,0.238323,0.300770,0.125783,0.183651,0.263922,0.151361
285,1.425000,0.219467,0.176390,0.165771,0.258573,0.350921,0.056485,0.217880,0.055193,0.174702,0.238324,0.300769,0.125782,0.183651,0.263923,0.151359
286,1.430000,0.219464,0.176391,0.165770,0.258568,0.350914,0.056480,0.217882,0.055194,0.174704,0.238318,0.300781,0.125779,0.183652,0.263923,0.151357
287,1.435000,0.219469,0.176387,0.165769,0.258562,0.350772,0.056643,0.217880,0.055192,0.174701,0.238325,0.300768,0.125781,0.183656,0.263938,0.151356
288,1.440000,0.219467,0.176391,0.165770,0.258576,0.350929,0.056464,0.217879,0.055192,0.174703,0.238330,0.300773,0.125768,0.183657,0.263939,0.151355
289,1.445000,0.219470,0.176392,0.165761,0.258577,0.350928,0.056461,0.217879,0.055192,0.174705,0.238328,0.300767,0.125780,0.183659,0.263940,0.151359
290,1.450000,0.219466,0.176391,0.165772,0.258573,0.350919,0.056480,0.217879,0.055193,0.174703,0.238330,0.300769,0.125780,0.183656,0.263925,0.151358
291,1.455000,0.219470,0.176390,0.165761,0.258576,0.350926,0.056459,0.217880,0.055193,0.174706,0.238332,0.300766,0.125777,0.183663,0.263942,0.151358
292,1.460000,0.219468,0.176390,0.165772,0.258578,0.350924,0.056456,0.217879,0.055194,0.174708,0.238334,0.300766,0.125777,0.183662,0.263940,0.151357
293,1.465000,0.219467,0.176391,0.165771,0.258576,0.350923,0.056452,0.217878,0.055195,0.174707,0.238340,0.300768,0.125763,0.183666,0.263940,0.151354
294,1.470000,0.219467,0.176392,0.165768,0.258574,0.350913,0.056470,0.217879,0.055195,0.174705,0.238337,0.300765,0.125775,0.183661,0.263928,0.151359
295,1.475000,0.219467,0.176391,0.165770,0.258578,0.350923,0.056450,0.217877,0.055195,0.174705,0.238340,0.300764,0.125774,0.183661,0.263928,0.151359
296,1.480000,0.219467,0.176391,0.165768,0.258578,0.350920,0.056448,0.217877,0.055193,0.174709,0.238340,0.300764,0.125772,0.183663,0.263930,0.151359
297,1.485000,0.219471,0.176392,0.165758,0.258592,0.350918,0.056429,0.217879,0.055192,0.174707,0.238342,0.300763,0.125772,0.183662,0.263929,0.151358
298,1.490000,0.219466,0.176393,0.165772,0.258578,0.350918,0.056443,0.217875,0.055194,0.174708,0.238342,0.300764,0.125770,0.183668,0.263945,0.151359
299,1.495000,0.219464,0.176390,0.165771,0.258580,0.350917,0.056443,0.217876,0.055194,0.174707,0.238343,0.300762,0.125769,0.183669,0.263944,0.151357
300,1.500000,0.219470,0.176390,0.165756,0.258577,0.350915,0.056439,0.217876,0.055194,0.174710,0.238347,0.300765,0.125753,0.183669,0.263945,0.151355
301,1.505000,0.219470,0.176393,0.165759,0.258581,0.350916,0.056438,0.217875,0.055195,0.174708,0.238350,0.300763,0.125755,0.183668,0.263943,0.151353
302,1.510000,0.219469,0.176394,0.165759,0.258595,0.350914,0.056421,0.217876,0.055193,0.174709,0.238345,0.300761,0.125767,0.183669,0.263944,0.151353
303,1.515000,0.219465,0.176391,0.165769,0.258597,0.350914,0.056422,0.217877,0.055192,0.174708,0.238346,0.300775,0.125758,0.183670,0.263945,0.151354
304,1.520000,0.219466,0.176392,0.165767,0.258599,0.350912,0.056421,0.217875,0.055192,0.174708,0.238350,0.300765,0.125752,0.183669,0.263943,0.151349
305,1.525000,0.219469,0.176393,0.165759,0.258600,0.350912,0.056420,0.217878,0.055190,0.174709,0.238348,0.300764,0.125750,0.183669,0.263943,0.151350
306,1.530000,0.219467,0.176392,0.165769,0.258602,0.350912,0.056422,0.217876,0.055193,0.174711,0.238346,0.300761,0.125766,0.183669,0.263943,0.151347
307,1.535000,0.219472,0.176393,0.165756,0.258605,0.350911,0.056422,0.217876,0.055194,0.174709,0.238344,0.300760,0.125765,0.183669,0.263942,0.151347
308,1.540000,0.219470,0.176394,0.165760,0.258606,0.350911,0.056422,0.217878,0.055193,0.174707,0.238349,0.300764,0.125751,0.183663,0.263929,0.151350
309,1.545000,0.219467,0.176393,0.165770,0.258609,0.350910,0.056424,0.217878,0.055193,0.174708,0.238347,0.300765,0.125751,0.183663,0.263928,0.151348
310,1.550000,0.219466,0.176392,0.165770,0.258610,0.350911,0.056426,0.217877,0.055193,0.174709,0.238346,0.300762,0.125751,0.183667,0.263942,0.151346
311,1.555000,0.219469,0.176396,0.165760,0.258612,0.350912,0.056427,0.217879,0.055193,0.174709,0.238345,0.300762,0.125752,0.183661,0.263929,0.151350
312,1.560000,0.219472,0.176393,0.165758,0.258613,0.350912,0.056430,0.217878,0.055193,0.174710,0.238338,0.300762,0.125766,0.183665,0.263941,0.151346
313,1.565000,0.219469,0.176394,0.165759,0.258615,0.350911,0.056429,0.217878,0.055193,0.174709,0.238340,0.300760,0.125767,0.183660,0.263927,0.151348
314,1.570000,0.219465,0.176391,0.165771,0.258615,0.350913,0.056430,0.217880,0.055193,0.174706,0.238338,0.300762,0.125765,0.183659,0.263928,0.151348
315,1.575000,0.219471,0.176394,0.165763,0.258615,0.350912,0.056432,0.217881,0.055194,0.174704,0.238338,0.300763,0.125767,0.183662,0.263941,0.151345
316,1.580000,0.219467,0.176391,0.165768,0.258617,0.350913,0.056434,0.217880,0.055192,0.174706,0.238339,0.300766,0.125753,0.183658,0.263927,0.151346
317,1.585000,0.219465,0.176394,0.165772,0.258615,0.350913,0.056434,0.217881,0.055192,0.174706,0.238334,0.300764,0.125768,0.183655,0.263926,0.151347
318,1.590000,0.219464,0.176392,0.165772,0.258616,0.350916,0.056436,0.217881,0.055194,0.174705,0.238335,0.300765,0.125771,0.183660,0.263938,0.151343
319,1.595000,0.219464,0.176393,0.165772,0.258614,0.350914,0.056435,0.217879,0.055192,0.174709,0.238334,0.300765,0.125771,0.183653,0.263925,0.151347
320,1.600000,0.219464,0.176390,0.165773,0.258601,0.350914,0.056453,0.217883,0.055190,0.174708,0.238334,0.300763,0.125772,0.183653,0.263923,0.151346
321,1.605000,0.219469,0.176393,0.165760,0.258611,0.350914,0.056437,0.217882,0.055191,0.174707,0.238333,0.300766,0.125774,0.183656,0.263939,0.151346
322,1.610000,0.219468,0.176394,0.165759,0.258612,0.350917,0.056440,0.217883,0.055191,0.174710,0.238332,0.300764,0.125775,0.183652,0.263924,0.151348
323,1.615000,0.219468,0.176391,0.165761,0.258609,0.350916,0.056441,0.217881,0.055192,0.174708,0.238331,0.300764,0.125775,0.183652,0.263924,0.151351
324,1.620000,0.219463,0.176390,0.165773,0.258611,0.350917,0.056441,0.217881,0.055191,0.174709,0.238331,0.300766,0.125780,0.183657,0.263938,0.151349
325,1.625000,0.219464,0.176392,0.165773,0.258608,0.350918,0.056442,0.217882,0.055191,0.174710,0.238330,0.300767,0.125779,0.183656,0.263938,0.151351
326,1.630000,0.219466,0.176391,0.165775,0.258607,0.350920,0.056444,0.217881,0.055191,0.174708,0.238334,0.300769,0.125764,0.183658,0.263937,0.151351
327,1.635000,0.219464,0.176394,0.165774,0.258601,0.350913,0.056463,0.217881,0.055192,0.174710,0.238330,0.300766,0.125780,0.183652,0.263922,0.151353
328,1.640000,0.219468,0.176394,0.165762,0.258600,0.350915,0.056463,0.217880,0.055191,0.174710,0.238330,0.300767,0.125782,0.183652,0.263925,0.151357
329,1.645000,0.219470,0.176392,0.165765,0.258594,0.350910,0.056462,0.217881,0.055191,0.174708,0.238330,0.300766,0.125781,0.183653,0.263924,0.151358
330,1.650000,0.219471,0.176394,0.165763,0.258593,0.350910,0.056463,0.217881,0.055193,0.174707,0.238329,0.300766,0.125781,0.183653,0.263926,0.151363
331,1.655000,0.219467,0.176392,0.165777,0.258582,0.350919,0.056484,0.217882,0.055193,0.174707,0.238323,0.300779,0.125780,0.183658,0.263942,0.151362
332,1.660000,0.219471,0.176394,0.165766,0.258574,0.350914,0.056483,0.217880,0.055191,0.174706,0.238330,0.300767,0.125784,0.183655,0.263928,0.151365
333,1.665000,0.219467,0.176392,0.165776,0.258579,0.350931,0.056469,0.217882,0.055191,0.174706,0.238329,0.300769,0.125784,0.183655,0.263928,0.151369
334,1.670000,0.219472,0.176396,0.165763,0.258568,0.350916,0.056481,0.217879,0.055192,0.174706,0.238323,0.300782,0.125784,0.183660,0.263941,0.151365
335,1.675000,0.219468,0.176394,0.165775,0.258571,0.350926,0.056488,0.217879,0.055193,0.174708,0.238329,0.300770,0.125785,0.183657,0.263927,0.151368
336,1.680000,0.219471,0.176393,0.165761,0.258564,0.350919,0.056485,0.217880,0.055194,0.174705,0.238331,0.300771,0.125788,0.183658,0.263927,0.151371
337,1.685000,0.219466,0.176393,0.165775,0.258561,0.350923,0.056487,0.217881,0.055192,0.174705,0.238332,0.300770,0.125786,0.183665,0.263943,0.151369
338,1.690000,0.219472,0.176395,0.165761,0.258558,0.350924,0.056484,0.217878,0.055192,0.174704,0.238332,0.300770,0.125787,0.183659,0.263928,0.151370
339,1.695000,0.219470,0.176393,0.165770,0.258555,0.350926,0.056485,0.217879,0.055192,0.174703,0.238332,0.300771,0.125788,0.183665,0.263945,0.151371
340,1.700000,0.219474,0.176394,0.165759,0.258554,0.350929,0.056486,0.217878,0.055193,0.174704,0.238333,0.300771,0.125788,0.183665,0.263944,0.151369
341,1.705000,0.219473,0.176392,0.165759,0.258552,0.350930,0.056485,0.217876,0.055193,0.174702,0.238334,0.300771,0.125787,0.183667,0.263943,0.151369
342,1.710000,0.219469,0.176392,0.165772,0.258551,0.350932,0.056485,0.217880,0.055192,0.174697,0.238334,0.300772,0.125786,0.183666,0.263943,0.151370
343,1.715000,0.219467,0.176393,0.165771,0.258549,0.350932,0.056486,0.217877,0.055190,0.174701,0.238336,0.300771,0.125788,0.183666,0.263946,0.151373
344,1.720000,0.219472,0.176395,0.165761,0.258547,0.350935,0.056485,0.217877,0.055191,0.174700,0.238336,0.300772,0.125788,0.183666,0.263944,0.151371
345,1.725000,0.219469,0.176392,0.165772,0.258545,0.350936,0.056484,0.217880,0.055192,0.174701,0.238337,0.300772,0.125788,0.183668,0.263943,0.151370
346,1.730000,0.219473,0.176394,0.165756,0.258546,0.350938,0.056487,0.217878,0.055192,0.174703,0.238335,0.300771,0.125787,0.183668,0.263945,0.151372
347,1.735000,0.219467,0.176392,0.165769,0.258552,0.350945,0.056471,0.217878,0.055193,0.174700,0.238336,0.300772,0.125785,0.183669,0.263946,0.151372
348,1.740000,0.219469,0.176390,0.165770,0.258551,0.350947,0.056470,0.217876,0.055193,0.174706,0.238336,0.300771,0.125787,0.183668,0.263945,0.151371
349,1.745000,0.219472,0.176393,0.165758,0.258548,0.350938,0.056486,0.217878,0.055192,0.174704,0.238336,0.300770,0.125787,0.183667,0.263944,0.151368
350,1.750000,0.219472,0.176395,0.165758,0.258548,0.350939,0.056490,0.217879,0.055193,0.174703,0.238336,0.300770,0.125788,0.183668,0.263945,0.151368
351,1.755000,0.219468,0.176390,0.165770,0.258551,0.350937,0.056488,0.217878,0.055193,0.174703,0.238335,0.300770,0.125787,0.183666,0.263943,0.151368
352,1.760000,0.219469,0.176392,0.165772,0.258551,0.350935,0.056485,0.217879,0.055193,0.174705,0.238329,0.300783,0.125785,0.183667,0.263944,0.151365
353,1.765000,0.219468,0.176390,0.165768,0.258559,0.350940,0.056487,0.217878,0.055191,0.174705,0.238334,0.300770,0.125787,0.183657,0.263928,0.151366
354,1.770000,0.219469,0.176393,0.165759,0.258557,0.350932,0.056484,0.217878,0.055192,0.174706,0.238335,0.300769,0.125785,0.183658,0.263929,0.151367
355,1.775000,0.219467,0.176391,0.165770,0.258563,0.350938,0.056488,0.217878,0.055191,0.174708,0.238333,0.300769,0.125784,0.183663,0.263944,0.151361
356,1.780000,0.219464,0.176392,0.165771,0.258561,0.350928,0.056483,0.217878,0.055191,0.174706,0.238331,0.300771,0.125785,0.183660,0.263942,0.151359
357,1.785000,0.219463,0.176392,0.165769,0.258565,0.350926,0.056485,0.217877,0.055194,0.174709,0.238331,0.300770,0.125785,0.183660,0.263943,0.151360
358,1.790000,0.219467,0.176395,0.165760,0.258573,0.350929,0.056484,0.217877,0.055191,0.174709,0.238329,0.300771,0.125783,0.183659,0.263943,0.151357
359,1.795000,0.219468,0.176394,0.165760,0.258567,0.350787,0.056623,0.217878,0.055190,0.174706,0.238328,0.300771,0.125782,0.183655,0.263941,0.151353
360,1.800000,0.219462,0.176393,0.165770,0.258593,0.350925,0.056465,0.217879,0.055191,0.174707,0.238329,0.300771,0.125782,0.183649,0.263926,0.151353
361,1.805000,0.219463,0.176390,0.165774,0.258584,0.350931,0.056465,0.217879,0.055190,0.174706,0.238326,0.300769,0.125781,0.183649,0.263925,0.151352
362,1.810000,0.219467,0.176396,0.165761,0.258588,0.350930,0.056465,0.217880,0.055188,0.174707,0.238320,0.300780,0.125777,0.183649,0.263925,0.151353
363,1.815000,0.219463,0.176393,0.165770,0.258592,0.350925,0.056462,0.217881,0.055190,0.174708,0.238326,0.300769,0.125778,0.183654,0.263940,0.151350
364,1.820000,0.219464,0.176392,0.165772,0.258607,0.350924,0.056445,0.217881,0.055192,0.174706,0.238324,0.300768,0.125778,0.183648,0.263925,0.151350
365,1.825000,0.219465,0.176393,0.165772,0.258592,0.350917,0.056481,0.217879,0.055192,0.174709,0.238325,0.300768,0.125777,0.183653,0.263938,0.151347
366,1.830000,0.219465,0.176395,0.165774,0.258612,0.350922,0.056444,0.217879,0.055190,0.174712,0.238328,0.300770,0.125762,0.183646,0.263925,0.151349
367,1.835000,0.219465,0.176392,0.165773,0.258614,0.350921,0.056445,0.217882,0.055191,0.174712,0.238321,0.300783,0.125761,0.183647,0.263925,0.151349
368,1.840000,0.219464,0.176393,0.165773,0.258614,0.350918,0.056445,0.217883,0.055190,0.174710,0.238327,0.300770,0.125760,0.183646,0.263925,0.151348
369,1.845000,0.219465,0.176393,0.165774,0.258611,0.350909,0.056461,0.217881,0.055191,0.174712,0.238324,0.300768,0.125774,0.183647,0.263924,0.151350
370,1.850000,0.219464,0.176393,0.165773,0.258616,0.350915,0.056441,0.217883,0.055190,0.174709,0.238327,0.300770,0.125760,0.183649,0.263924,0.151348
371,1.855000,0.219466,0.176392,0.165772,0.258613,0.350915,0.056440,0.217881,0.055194,0.174708,0.238329,0.300770,0.125760,0.183654,0.263939,0.151349
372,1.860000,0.219466,0.176391,0.165773,0.258613,0.350913,0.056437,0.217883,0.055193,0.174710,0.238324,0.300765,0.125772,0.183651,0.263924,0.151347
373,1.865000,0.219464,0.176392,0.165775,0.258611,0.350913,0.056436,0.217880,0.055192,0.174712,0.238328,0.300767,0.125772,0.183650,0.263923,0.151348
374,1.870000,0.219469,0.176392,0.165760,0.258609,0.350911,0.056433,0.217883,0.055191,0.174711,0.238328,0.300763,0.125774,0.183650,0.263923,0.151350
375,1.875000,0.219466,0.176393,0.165772,0.258606,0.350912,0.056433,0.217880,0.055191,0.174711,0.238327,0.300765,0.125770,0.183652,0.263924,0.151350
376,1.880000,0.219471,0.176394,0.165758,0.258575,0.350763,0.056602,0.217882,0.055191,0.174711,0.238330,0.300766,0.125772,0.183653,0.263926,0.151351
377,1.885000,0.219466,0.176391,0.165772,0.258585,0.350913,0.056445,0.217881,0.055189,0.174710,0.238331,0.300764,0.125772,0.183660,0.263940,0.151349
378,1.890000,0.219464,0.176393,0.165772,0.258581,0.350913,0.056441,0.217880,0.055191,0.174711,0.238331,0.300765,0.125771,0.183654,0.263927,0.151352
379,1.895000,0.219470,0.176393,0.165761,0.258577,0.350915,0.056442,0.217878,0.055189,0.174712,0.238338,0.300766,0.125757,0.183657,0.263929,0.151355
380,1.900000,0.219471,0.176395,0.165760,0.258587,0.350917,0.056427,0.217880,0.055190,0.174711,0.238337,0.300768,0.125757,0.183663,0.263941,0.151353
381,1.905000,0.219469,0.176394,0.165762,0.258571,0.350919,0.056442,0.217880,0.055191,0.174710,0.238335,0.300766,0.125770,0.183658,0.263930,0.151359
382,1.910000,0.219466,0.176394,0.165773,0.258563,0.350917,0.056440,0.217879,0.055191,0.174715,0.238336,0.300766,0.125773,0.183665,0.263942,0.151356
383,1.915000,0.219469,0.176395,0.165759,0.258560,0.350918,0.056439,0.217878,0.055191,0.174709,0.238335,0.300765,0.125771,0.183666,0.263944,0.151358
384,1.920000,0.219467,0.176395,0.165774,0.258556,0.350922,0.056440,0.217878,0.055192,0.174715,0.238336,0.300765,0.125771,0.183666,0.263946,0.151363
385,1.925000,0.219467,0.176394,0.165773,0.258553,0.350924,0.056443,0.217876,0.055193,0.174712,0.238337,0.300768,0.125771,0.183666,0.263945,0.151357
386,1.930000,0.219469,0.176394,0.165773,0.258551,0.350929,0.056444,0.217877,0.055193,0.174716,0.238340,0.300769,0.125756,0.183668,0.263947,0.151364
387,1.935000,0.219471,0.176396,0.165762,0.258548,0.350931,0.056449,0.217877,0.055193,0.174711,0.238338,0.300767,0.125771,0.183670,0.263947,0.151365
388,1.940000,0.219470,0.176398,0.165763,0.258548,0.350935,0.056450,0.217877,0.055195,0.174714,0.238337,0.300768,0.125772,0.183669,0.263947,0.151364
389,1.945000,0.219471,0.176396,0.165761,0.258542,0.350926,0.056466,0.217876,0.055192,0.174714,0.238335,0.300769,0.125774,0.183666,0.263933,0.151367
390,1.950000,0.219467,0.176395,0.165773,0.258544,0.350937,0.056451,0.217876,0.055191,0.174713,0.238340,0.300771,0.125757,0.183668,0.263946,0.151365
391,1.955000,0.219466,0.176395,0.165772,0.258543,0.350939,0.056453,0.217877,0.055191,0.174709,0.238338,0.300771,0.125759,0.183668,0.263946,0.151365
392,1.960000,0.219468,0.176394,0.165772,0.258543,0.350941,0.056456,0.217876,0.055192,0.174711,0.238333,0.300769,0.125776,0.183668,0.263947,0.151367
393,1.965000,0.219471,0.176395,0.165757,0.258539,0.350934,0.056472,0.217879,0.055190,0.174709,0.238335,0.300774,0.125761,0.183661,0.263931,0.151368
394,1.970000,0.219467,0.176391,0.165770,0.258542,0.350942,0.056459,0.217877,0.055192,0.174709,0.238330,0.300771,0.125776,0.183667,0.263945,0.151368
395,1.975000,0.219474,0.176394,0.165754,0.258537,0.350935,0.056475,0.217875,0.055193,0.174709,0.238321,0.300784,0.125777,0.183664,0.263944,0.151367
396,1.980000,0.219467,0.176391,0.165769,0.258537,0.350934,0.056477,0.217877,0.055193,0.174708,0.238328,0.300773,0.125780,0.183662,0.263943,0.151365
397,1.985000,0.219471,0.176398,0.165759,0.258537,0.350935,0.056480,0.217878,0.055190,0.174704,0.238326,0.300773,0.125780,0.183663,0.263944,0.151366
398,1.990000,0.219471,0.176394,0.165755,0.258539,0.350936,0.056480,0.217880,0.055192,0.174705,0.238319,0.300785,0.125779,0.183661,0.263941,0.151364
399,1.995000,0.219470,0.176392,0.165757,0.258539,0.350937,0.056482,0.217882,0.055189,0.174703,0.238318,0.300786,0.125781,0.183661,0.263943,0.151364
400,2.000000,0.219470,0.176395,0.165756,0.258539,0.350937,0.056486,0.217880,0.055194,0.174703,0.238315,0.300786,0.125782,0.183658,0.263943,0.151365
401,2.005000,0.219468,0.176396,0.165757,0.258540,0.350936,0.056485,0.217881,0.055190,0.174702,0.238315,0.300786,0.125782,0.183658,0.263942,0.151361
402,2.010000,0.219468,0.176396,0.165758,0.258542,0.350937,0.056489,0.217882,0.055190,0.174702,0.238314,0.300787,0.125783,0.183657,0.263942,0.151365
403,2.015000,0.219465,0.176390,0.165767,0.258542,0.350936,0.056489,0.217883,0.055192,0.174705,0.238313,0.300786,0.125783,0.183651,0.263927,0.151366
404,2.020000,0.219468,0.176396,0.165756,0.258543,0.350937,0.056489,0.217883,0.055191,0.174704,0.238312,0.300789,0.125785,0.183654,0.263941,0.151363
405,2.025000,0.219468,0.176396,0.165755,0.258544,0.350936,0.056491,0.217882,0.055193,0.174703,0.238311,0.300786,0.125784,0.183648,0.263927,0.151365
406,2.030000,0.219465,0.176391,0.165766,0.258547,0.350935,0.056490,0.217882,0.055195,0.174705,0.238310,0.300788,0.125783,0.183645,0.263925,0.151362
407,2.035000,0.219461,0.176394,0.165767,0.258547,0.350934,0.056489,0.217881,0.055192,0.174706,0.238307,0.300788,0.125784,0.183649,0.263940,0.151359
408,2.040000,0.219461,0.176393,0.165766,0.258549,0.350934,0.056490,0.217883,0.055192,0.174704,0.238309,0.300788,0.125784,0.183644,0.263926,0.151362
409,2.045000,0.219465,0.176396,0.165756,0.258549,0.350933,0.056489,0.217884,0.055191,0.174704,0.238307,0.300787,0.125782,0.183641,0.263925,0.151358
410,2.050000,0.219465,0.176395,0.165760,0.258553,0.350932,0.056490,0.217883,0.055191,0.174703,0.238307,0.300786,0.125783,0.183647,0.263940,0.151356
411,2.055000,0.219459,0.176395,0.165771,0.258553,0.350931,0.056490,0.217883,0.055191,0.174704,0.238307,0.300788,0.125785,0.183640,0.263925,0.151357
412,2.060000,0.219464,0.176396,0.165758,0.258553,0.350931,0.056492,0.217885,0.055190,0.174705,0.238305,0.300788,0.125783,0.183638,0.263924,0.151354
413,2.065000,0.219460,0.176394,0.165768,0.258560,0.350937,0.056494,0.217883,0.055190,0.174703,0.238306,0.300788,0.125784,0.183639,0.263924,0.151357
414,2.070000,0.219464,0.176397,0.165760,0.258550,0.350787,0.056652,0.217883,0.055192,0.174703,0.238305,0.300789,0.125784,0.183637,0.263925,0.151356
415,2.075000,0.219461,0.176395,0.165771,0.258558,0.350928,0.056489,0.217883,0.055192,0.174704,0.238305,0.300788,0.125784,0.183639,0.263923,0.151353
416,2.080000,0.219461,0.176395,0.165771,0.258563,0.350936,0.056493,0.217883,0.055189,0.174704,0.238306,0.300788,0.125782,0.183639,0.263923,0.151353
417,2.085000,0.219460,0.176391,0.165773,0.258553,0.350785,0.056653,0.217882,0.055194,0.174707,0.238305,0.300789,0.125781,0.183638,0.263926,0.151357
418,2.090000,0.219465,0.176396,0.165762,0.258556,0.350784,0.056651,0.217884,0.055188,0.174707,0.238307,0.300788,0.125781,0.183641,0.263925,0.151356
419,2.095000,0.219464,0.176393,0.165774,0.258570,0.350932,0.056490,0.217882,0.055193,0.174708,0.238309,0.300788,0.125783,0.183642,0.263922,0.151353
420,2.100000,0.219467,0.176397,0.165759,0.258571,0.350933,0.056489,0.217883,0.055191,0.174707,0.238309,0.300788,0.125780,0.183643,0.263924,0.151354
421,2.105000,0.219465,0.176393,0.165774,0.258571,0.350932,0.056489,0.217883,0.055190,0.174706,0.238310,0.300786,0.125780,0.183644,0.263926,0.151358
422,2.110000,0.219463,0.176394,0.165772,0.258575,0.350938,0.056470,0.217883,0.055191,0.174707,0.238311,0.300787,0.125779,0.183647,0.263926,0.151358
423,2.115000,0.219466,0.176391,0.165772,0.258566,0.350924,0.056484,0.217883,0.055190,0.174709,0.238312,0.300785,0.125777,0.183648,0.263926,0.151360
424,2.120000,0.219469,0.176395,0.165759,0.258574,0.350938,0.056465,0.217882,0.055193,0.174711,0.238313,0.300786,0.125777,0.183649,0.263923,0.151356
425,2.125000,0.219469,0.176393,0.165762,0.258568,0.350929,0.056483,0.217882,0.055190,0.174707,0.238322,0.300771,0.125778,0.183651,0.263925,0.151359
426,2.130000,0.219465,0.176392,0.165772,0.258566,0.350929,0.056480,0.217881,0.055189,0.174707,0.238318,0.300784,0.125775,0.183658,0.263941,0.151358
427,2.135000,0.219471,0.176391,0.165761,0.258559,0.350920,0.056473,0.217879,0.055191,0.174708,0.238328,0.300774,0.125762,0.183654,0.263926,0.151358
428,2.140000,0.219465,0.176392,0.165773,0.258566,0.350935,0.056458,0.217882,0.055192,0.174709,0.238326,0.300770,0.125776,0.183657,0.263927,0.151361
429,2.145000,0.219467,0.176391,0.165773,0.258556,0.350919,0.056469,0.217879,0.055191,0.174707,0.238323,0.300782,0.125776,0.183662,0.263942,0.151360
430,2.150000,0.219467,0.176392,0.165772,0.258557,0.350927,0.056449,0.217879,0.055191,0.174708,0.238332,0.300769,0.125777,0.183662,0.263944,0.151362
431,2.155000,0.219469,0.176394,0.165763,0.258560,0.350933,0.056450,0.217878,0.055192,0.174708,0.238332,0.300769,0.125777,0.183657,0.263932,0.151365
432,2.160000,0.219469,0.176398,0.165764,0.258550,0.350918,0.056463,0.217879,0.055190,0.174709,0.238335,0.300770,0.125778,0.183665,0.263944,0.151363
433,2.165000,0.219468,0.176393,0.165760,0.258557,0.350932,0.056447,0.217878,0.055191,0.174711,0.238338,0.300783,0.125766,0.183666,0.263946,0.151364
434,2.170000,0.219464,0.176392,0.165773,0.258550,0.350925,0.056444,0.217878,0.055193,0.174710,0.238337,0.300768,0.125777,0.183662,0.263932,0.151366
435,2.175000,0.219464,0.176395,0.165775,0.258550,0.350925,0.056445,0.217876,0.055191,0.174709,0.238337,0.300768,0.125777,0.183667,0.263944,0.151362
436,2.180000,0.219464,0.176393,0.165773,0.258547,0.350926,0.056444,0.217875,0.055193,0.174711,0.238338,0.300768,0.125777,0.183667,0.263947,0.151365
437,2.185000,0.219466,0.176394,0.165763,0.258546,0.350926,0.056443,0.217876,0.055193,0.174710,0.238338,0.300767,0.125777,0.183667,0.263946,0.151366
438,2.190000,0.219466,0.176395,0.165776,0.258547,0.350926,0.056446,0.217875,0.055193,0.174712,0.238338,0.300768,0.125778,0.183667,0.263947,0.151365
439,2.195000,0.219468,0.176395,0.165761,0.258547,0.350929,0.056447,0.217878,0.055192,0.174709,0.238338,0.300768,0.125778,0.183667,0.263946,0.151367
440,2.200000,0.219465,0.176394,0.165775,0.258544,0.350922,0.056467,0.217875,0.055193,0.174713,0.238338,0.300769,0.125780,0.183666,0.263946,0.151366
441,2.205000,0.219464,0.176393,0.165774,0.258550,0.350929,0.056452,0.217875,0.055195,0.174711,0.238337,0.300768,0.125779,0.183667,0.263947,0.151370
442,2.210000,0.219468,0.176397,0.165766,0.258556,0.350939,0.056457,0.217877,0.055192,0.174709,0.238335,0.300769,0.125781,0.183667,0.263948,0.151368
443,2.215000,0.219467,0.176394,0.165764,0.258549,0.350924,0.056473,0.217875,0.055192,0.174711,0.238335,0.300770,0.125781,0.183665,0.263947,0.151366
444,2.220000,0.219469,0.176395,0.165766,0.258558,0.350942,0.056462,0.217878,0.055194,0.174710,0.238332,0.300772,0.125783,0.183657,0.263933,0.151368
445,2.225000,0.219470,0.176398,0.165765,0.258554,0.350928,0.056481,0.217878,0.055193,0.174706,0.238329,0.300770,0.125784,0.183660,0.263946,0.151367
446,2.230000,0.219468,0.176396,0.165764,0.258561,0.350936,0.056487,0.217877,0.055195,0.174709,0.238329,0.300772,0.125786,0.183655,0.263928,0.151367
447,2.235000,0.219466,0.176395,0.165775,0.258557,0.350931,0.056489,0.217880,0.055193,0.174709,0.238327,0.300772,0.125787,0.183654,0.263929,0.151371
448,2.240000,0.219464,0.176394,0.165777,0.258547,0.350780,0.056653,0.217879,0.055194,0.174706,0.238318,0.300788,0.125787,0.183651,0.263929,0.151369
449,2.245000,0.219463,0.176393,0.165775,0.258561,0.350934,0.056495,0.217879,0.055192,0.174710,0.238318,0.300788,0.125788,0.183649,0.263928,0.151366
450,2.250000,0.219469,0.176395,0.165765,0.258562,0.350935,0.056497,0.217880,0.055191,0.174707,0.238314,0.300787,0.125789,0.183655,0.263941,0.151364
451,2.255000,0.219463,0.176395,0.165777,0.258563,0.350937,0.056500,0.217880,0.055192,0.174707,0.238315,0.300788,0.125790,0.183652,0.263941,0.151363
452,2.260000,0.219465,0.176394,0.165774,0.258565,0.350939,0.056504,0.217882,0.055193,0.174705,0.238313,0.300790,0.125791,0.183647,0.263925,0.151364
453,2.265000,0.219463,0.176394,0.165776,0.258565,0.350938,0.056506,0.217882,0.055189,0.174705,0.238311,0.300789,0.125793,0.183644,0.263923,0.151364
454,2.270000,0.219463,0.176396,0.165775,0.258571,0.350945,0.056508,0.217882,0.055193,0.174702,0.238310,0.300791,0.125794,0.183644,0.263925,0.151361
455,2.275000,0.219464,0.176391,0.165776,0.258567,0.350941,0.056511,0.217883,0.055192,0.174704,0.238309,0.300790,0.125794,0.183643,0.263923,0.151362
456,2.280000,0.219464,0.176393,0.165772,0.258570,0.350946,0.056513,0.217883,0.055194,0.174699,0.238306,0.300791,0.125794,0.183642,0.263924,0.151365
457,2.285000,0.219465,0.176394,0.165763,0.258566,0.350942,0.056513,0.217883,0.055193,0.174701,0.238309,0.300791,0.125794,0.183647,0.263939,0.151362
458,2.290000,0.219465,0.176393,0.165772,0.258569,0.350948,0.056516,0.217883,0.055193,0.174701,0.238308,0.300790,0.125795,0.183643,0.263925,0.151366
459,2.295000,0.219468,0.176394,0.165761,0.258569,0.350949,0.056517,0.217883,0.055195,0.174699,0.238308,0.300790,0.125797,0.183648,0.263938,0.151362
460,2.300000,0.219462,0.176396,0.165771,0.258563,0.350943,0.056513,0.217884,0.055195,0.174701,0.238307,0.300790,0.125797,0.183643,0.263924,0.151365
461,2.305000,0.219462,0.176391,0.165775,0.258562,0.350943,0.056514,0.217884,0.055191,0.174699,0.238309,0.300792,0.125796,0.183643,0.263925,0.151368
462,2.310000,0.219463,0.176394,0.165774,0.258560,0.350943,0.056513,0.217885,0.055193,0.174701,0.238310,0.300790,0.125796,0.183645,0.263927,0.151370
463,2.315000,0.219464,0.176396,0.165773,0.258564,0.350949,0.056514,0.217883,0.055195,0.174703,0.238315,0.300779,0.125799,0.183643,0.263926,0.151368
464,2.320000,0.219463,0.176396,0.165776,0.258558,0.350943,0.056512,0.217884,0.055193,0.174702,0.238313,0.300792,0.125799,0.183645,0.263927,0.151367
465,2.325000,0.219463,0.176392,0.165774,0.258556,0.350945,0.056512,0.217882,0.055193,0.174705,0.238312,0.300791,0.125799,0.183645,0.263928,0.151371
466,2.330000,0.219463,0.176394,0.165774,0.258553,0.350944,0.056509,0.217881,0.055194,0.174703,0.238313,0.300791,0.125797,0.183646,0.263928,0.151369
467,2.335000,0.219466,0.176395,0.165762,0.258553,0.350942,0.056506,0.217883,0.055195,0.174700,0.238313,0.300789,0.125795,0.183648,0.263930,0.151371
468,2.340000,0.219465,0.176390,0.165774,0.258552,0.350941,0.056504,0.217880,0.055194,0.174706,0.238317,0.300790,0.125794,0.183650,0.263929,0.151369
469,2.345000,0.219468,0.176395,0.165761,0.258552,0.350941,0.056503,0.217879,0.055195,0.174701,0.238317,0.300787,0.125792,0.183656,0.263942,0.151370
470,2.350000,0.219466,0.176392,0.165770,0.258552,0.350940,0.056500,0.217880,0.055194,0.174706,0.238318,0.300788,0.125792,0.183656,0.263944,0.151369
471,2.355000,0.219466,0.176393,0.165771,0.258550,0.350940,0.056499,0.217881,0.055194,0.174705,0.238319,0.300788,0.125791,0.183658,0.263944,0.151371
472,2.360000,0.219467,0.176392,0.165772,0.258550,0.350941,0.056497,0.217881,0.055192,0.174706,0.238325,0.300775,0.125792,0.183660,0.263943,0.151368
473,2.365000,0.219470,0.176395,0.165758,0.258549,0.350940,0.056494,0.217880,0.055193,0.174704,0.238322,0.300789,0.125789,0.183660,0.263944,0.151369
474,2.370000,0.219466,0.176394,0.165772,0.258551,0.350940,0.056494,0.217879,0.055195,0.174705,0.238321,0.300786,0.125786,0.183662,0.263944,0.151371
475,2.375000,0.219466,0.176392,0.165772,0.258550,0.350941,0.056492,0.217878,0.055193,0.174704,0.238329,0.300777,0.125788,0.183663,0.263946,0.151371
476,2.380000,0.219465,0.176391,0.165769,0.258552,0.350939,0.056492,0.217878,0.055195,0.174702,0.238332,0.300775,0.125788,0.183664,0.263945,0.151368
477,2.385000,0.219471,0.176394,0.165758,0.258551,0.350937,0.056488,0.217877,0.055195,0.174700,0.238331,0.300775,0.125787,0.183660,0.263930,0.151370
478,2.390000,0.219472,0.176394,0.165759,0.258553,0.350936,0.056486,0.217879,0.055197,0.174705,0.238332,0.300774,0.125783,0.183664,0.263945,0.151367
479,2.395000,0.219469,0.176393,0.165770,0.258555,0.350944,0.056467,0.217876,0.055195,0.174704,0.238327,0.300786,0.125783,0.183661,0.263931,0.151367
480,2.400000,0.219469,0.176395,0.165770,0.258561,0.350951,0.056471,0.217877,0.055195,0.174704,0.238335,0.300774,0.125783,0.183667,0.263946,0.151366
481,2.405000,0.219471,0.176395,0.165757,0.258557,0.350942,0.056486,0.217876,0.055195,0.174704,0.238333,0.300773,0.125781,0.183667,0.263946,0.151366
482,2.410000,0.219468,0.176391,0.165768,0.258556,0.350944,0.056465,0.217878,0.055193,0.174702,0.238335,0.300772,0.125782,0.183666,0.263945,0.151363
483,2.415000,0.219465,0.176395,0.165769,0.258551,0.350934,0.056478,0.217877,0.055194,0.174706,0.238335,0.300774,0.125779,0.183667,0.263945,0.151364
484,2.420000,0.219470,0.176396,0.165756,0.258557,0.350940,0.056460,0.217878,0.055195,0.174703,0.238335,0.300773,0.125779,0.183666,0.263945,0.151361
485,2.425000,0.219466,0.176394,0.165767,0.258558,0.350940,0.056481,0.217876,0.055194,0.174704,0.238336,0.300772,0.125776,0.183666,0.263944,0.151361
486,2.430000,0.219469,0.176396,0.165756,0.258558,0.350939,0.056456,0.217878,0.055195,0.174707,0.238328,0.300783,0.125776,0.183665,0.263944,0.151358
487,2.435000,0.219464,0.176394,0.165769,0.258559,0.350938,0.056459,0.217878,0.055193,0.174704,0.238333,0.300772,0.125777,0.183663,0.263944,0.151357
488,2.440000,0.219464,0.176394,0.165768,0.258560,0.350937,0.056458,0.217878,0.055193,0.174705,0.238334,0.300771,0.125776,0.183662,0.263944,0.151355
489,2.445000,0.219464,0.176393,0.165767,0.258561,0.350936,0.056458,0.217876,0.055194,0.174708,0.238331,0.300771,0.125776,0.183662,0.263941,0.151355
490,2.450000,0.219465,0.176391,0.165767,0.258565,0.350941,0.056459,0.217878,0.055191,0.174709,0.238331,0.300770,0.125775,0.183660,0.263941,0.151355
491,2.455000,0.219463,0.176393,0.165768,0.258571,0.350941,0.056463,0.217876,0.055193,0.174709,0.238329,0.300770,0.125776,0.183661,0.263942,0.151354
492,2.460000,0.219468,0.176397,0.165759,0.258566,0.350933,0.056480,0.217877,0.055194,0.174710,0.238329,0.300771,0.125776,0.183652,0.263929,0.151356
493,2.465000,0.219464,0.176392,0.165770,0.258572,0.350938,0.056461,0.217879,0.055192,0.174710,0.238320,0.300784,0.125776,0.183657,0.263942,0.151352
494,2.470000,0.219461,0.176393,0.165769,0.258570,0.350932,0.056461,0.217879,0.055193,0.174708,0.238327,0.300771,0.125776,0.183655,0.263941,0.151353
495,2.475000,0.219467,0.176396,0.165761,0.258556,0.350781,0.056619,0.217881,0.055191,0.174711,0.238323,0.300769,0.125777,0.183648,0.263926,0.151354
496,2.480000,0.219466,0.176394,0.165764,0.258569,0.350920,0.056481,0.217881,0.055191,0.174712,0.238315,0.300785,0.125778,0.183648,0.263925,0.151354
497,2.485000,0.219462,0.176394,0.165773,0.258579,0.350935,0.056467,0.217882,0.055192,0.174712,0.238321,0.300773,0.125780,0.183645,0.263927,0.151354
498,2.490000,0.219462,0.176396,0.165776,0.258580,0.350934,0.056469,0.217879,0.055192,0.174717,0.238313,0.300784,0.125778,0.183649,0.263942,0.151357
499,2.495000,0.219462,0.176396,0.165775,0.258592,0.350924,0.056469,0.217882,0.055193,0.174712,0.238310,0.300785,0.125779,0.183644,0.263925,0.151356
500,2.500000,0.219463,0.176392,0.165776,0.258573,0.350921,0.056485,0.217879,0.055192,0.174713,0.238311,0.300787,0.125781,0.183643,0.263926,0.151357
501,2.505000,0.219461,0.176395,0.165781,0.258577,0.350926,0.056490,0.217882,0.055195,0.174715,0.238316,0.300775,0.125783,0.183648,0.263942,0.151356
502,2.510000,0.219462,0.176395,0.165780,0.258571,0.350922,0.056488,0.217879,0.055193,0.174713,0.238307,0.300787,0.125784,0.183641,0.263925,0.151359
503,2.515000,0.219461,0.176394,0.165778,0.258576,0.350925,0.056491,0.217881,0.055191,0.174711,0.238306,0.300787,0.125781,0.183646,0.263939,0.151358
504,2.520000,0.219461,0.176394,0.165775,0.258574,0.350928,0.056492,0.217882,0.055193,0.174709,0.238308,0.300788,0.125783,0.183641,0.263927,0.151362
505,2.525000,0.219461,0.176394,0.165779,0.258573,0.350927,0.056491,0.217881,0.055192,0.174710,0.238306,0.300788,0.125782,0.183640,0.263926,0.151362
506,2.530000,0.219461,0.176393,0.165781,0.258565,0.350922,0.056491,0.217881,0.055193,0.174710,0.238305,0.300789,0.125783,0.183641,0.263925,0.151361
507,2.535000,0.219461,0.176394,0.165779,0.258562,0.350923,0.056490,0.217879,0.055194,0.174709,0.238306,0.300788,0.125784,0.183640,0.263925,0.151365
508,2.540000,0.219462,0.176394,0.165779,0.258557,0.350926,0.056492,0.217881,0.055191,0.174708,0.238306,0.300789,0.125784,0.183641,0.263926,0.151365
509,2.545000,0.219460,0.176393,0.165777,0.258552,0.350927,0.056493,0.217877,0.055192,0.174707,0.238306,0.300790,0.125785,0.183643,0.263926,0.151368
510,2.550000,0.219460,0.176393,0.165778,0.258549,0.350927,0.056492,0.217881,0.055192,0.174703,0.238305,0.300790,0.125787,0.183641,0.263926,0.151368
511,2.555000,0.219463,0.176392,0.165776,0.258546,0.350933,0.056494,0.217880,0.055191,0.174707,0.238307,0.300793,0.125790,0.183644,0.263927,0.151372
512,2.560000,0.219463,0.176392,0.165776,0.258538,0.350934,0.056492,0.217880,0.055192,0.174704,0.238307,0.300792,0.125791,0.183645,0.263929,0.151374
513,2.565000,0.219464,0.176393,0.165777,0.258534,0.350937,0.056495,0.217879,0.055193,0.174702,0.238308,0.300791,0.125790,0.183645,0.263926,0.151375
514,2.570000,0.219461,0.176394,0.165780,0.258529,0.350943,0.056498,0.217881,0.055192,0.174702,0.238308,0.300793,0.125791,0.183646,0.263930,0.151377
515,2.575000,0.219468,0.176396,0.165766,0.258524,0.350946,0.056498,0.217881,0.055193,0.174699,0.238310,0.300791,0.125793,0.183648,0.263930,0.151378
516,2.580000,0.219463,0.176392,0.165778,0.258518,0.350950,0.056497,0.217881,0.055196,0.174703,0.238312,0.300795,0.125795,0.183651,0.263945,0.151378
517,2.585000,0.219464,0.176394,0.165778,0.258514,0.350954,0.056499,0.217881,0.055193,0.174701,0.238310,0.300793,0.125796,0.183649,0.263930,0.151381
518,2.590000,0.219467,0.176396,0.165762,0.258510,0.350956,0.056500,0.217882,0.055195,0.174702,0.238310,0.300792,0.125794,0.183650,0.263932,0.151383
519,2.595000,0.219461,0.176394,0.165777,0.258504,0.350959,0.056500,0.217880,0.055194,0.174701,0.238311,0.300792,0.125796,0.183654,0.263946,0.151382
520,2.600000,0.219461,0.176392,0.165777,0.258502,0.350962,0.056502,0.217879,0.055196,0.174699,0.238312,0.300792,0.125796,0.183656,0.263947,0.151382
521,2.605000,0.219462,0.176393,0.165772,0.258501,0.350966,0.056504,0.217880,0.055196,0.174698,0.238310,0.300793,0.125797,0.183655,0.263946,0.151383
522,2.610000,0.219465,0.176396,0.165764,0.258498,0.350968,0.056505,0.217880,0.055195,0.174699,0.238311,0.300793,0.125796,0.183650,0.263932,0.151384
523,2.615000,0.219466,0.176398,0.165767,0.258498,0.350970,0.056509,0.217876,0.055195,0.174701,0.238311,0.300792,0.125796,0.183651,0.263932,0.151383
524,2.620000,0.219461,0.176393,0.165773,0.258499,0.350973,0.056509,0.217878,0.055197,0.174701,0.238310,0.300796,0.125797,0.183650,0.263933,0.151383
525,2.625000,0.219461,0.176397,0.165774,0.258497,0.350981,0.056514,0.217880,0.055194,0.174698,0.238308,0.300793,0.125797,0.183654,0.263946,0.151381
526,2.630000,0.219465,0.176396,0.165762,0.258498,0.350982,0.056518,0.217879,0.055195,0.174698,0.238311,0.300795,0.125798,0.183649,0.263932,0.151385
527,2.635000,0.219462,0.176395,0.165773,0.258500,0.350985,0.056520,0.217877,0.055197,0.174704,0.238309,0.300797,0.125798,0.183647,0.263931,0.151382
528,2.640000,0.219466,0.176398,0.165761,0.258501,0.350984,0.056520,0.217881,0.055194,0.174701,0.238309,0.300796,0.125799,0.183646,0.263931,0.151380
529,2.645000,0.219463,0.176394,0.165773,0.258506,0.350976,0.056514,0.217879,0.055196,0.174700,0.238308,0.300797,0.125796,0.183644,0.263931,0.151377
530,2.650000,0.219466,0.176398,0.165763,0.258509,0.350984,0.056521,0.217881,0.055193,0.174699,0.238306,0.300798,0.125798,0.183644,0.263930,0.151378
531,2.655000,0.219461,0.176394,0.165771,0.258512,0.350982,0.056522,0.217879,0.055193,0.174700,0.238306,0.300797,0.125795,0.183649,0.263945,0.151376
532,2.660000,0.219463,0.176393,0.165770,0.258517,0.350980,0.056520,0.217882,0.055195,0.174700,0.238305,0.300797,0.125782,0.183644,0.263931,0.151376
533,2.665000,0.219461,0.176396,0.165770,0.258521,0.350970,0.056515,0.217881,0.055196,0.174703,0.238304,0.300798,0.125781,0.183642,0.263928,0.151374
534,2.670000,0.219464,0.176398,0.165761,0.258524,0.350968,0.056515,0.217881,0.055195,0.174703,0.238302,0.300798,0.125781,0.183640,0.263926,0.151371
535,2.675000,0.219464,0.176395,0.165769,0.258529,0.350966,0.056514,0.217880,0.055193,0.174700,0.238298,0.300795,0.125791,0.183639,0.263927,0.151370
536,2.680000,0.219466,0.176398,0.165758,0.258521,0.350809,0.056672,0.217882,0.055194,0.174702,0.238302,0.300796,0.125779,0.183639,0.263927,0.151367
537,2.685000,0.219461,0.176395,0.165768,0.258537,0.350957,0.056508,0.217882,0.055193,0.174701,0.238297,0.300795,0.125789,0.183637,0.263925,0.151364
538,2.690000,0.219466,0.176398,0.165757,0.258540,0.350953,0.056507,0.217881,0.055191,0.174702,0.238300,0.300796,0.125776,0.183637,0.263925,0.151364
539,2.695000,0.219465,0.176395,0.165756,0.258545,0.350950,0.056505,0.217882,0.055190,0.174701,0.238298,0.300792,0.125785,0.183635,0.263923,0.151363
540,2.700000,0.219465,0.176397,0.165757,0.258533,0.350792,0.056658,0.217882,0.055193,0.174703,0.238301,0.300796,0.125774,0.183636,0.263924,0.151360
541,2.705000,0.219462,0.176395,0.165769,0.258550,0.350942,0.056497,0.217883,0.055192,0.174703,0.238301,0.300794,0.125773,0.183635,0.263921,0.151356
542,2.710000,0.219464,0.176398,0.165759,0.258540,0.350786,0.056656,0.217883,0.055194,0.174700,0.238300,0.300793,0.125784,0.183635,0.263923,0.151357
543,2.715000,0.219462,0.176395,0.165769,0.258553,0.350931,0.056490,0.217883,0.055194,0.174703,0.238299,0.300791,0.125782,0.183636,0.263923,0.151354
544,2.720000,0.219462,0.176395,0.165770,0.258554,0.350929,0.056486,0.217885,0.055196,0.174702,0.238301,0.300792,0.125783,0.183637,0.263922,0.151354
545,2.725000,0.219461,0.176396,0.165768,0.258555,0.350927,0.056486,0.217882,0.055193,0.174706,0.238302,0.300792,0.125780,0.183637,0.263922,0.151353
546,2.730000,0.219467,0.176397,0.165756,0.258550,0.350781,0.056643,0.217883,0.055194,0.174704,0.238303,0.300790,0.125780,0.183638,0.263923,0.151352
547,2.735000,0.219462,0.176397,0.165769,0.258556,0.350920,0.056476,0.217882,0.055194,0.174703,0.238305,0.300789,0.125778,0.183643,0.263939,0.151350
548,2.740000,0.219461,0.176395,0.165771,0.258556,0.350919,0.056474,0.217881,0.055189,0.174708,0.238304,0.300788,0.125776,0.183639,0.263925,0.151352
549,2.745000,0.219465,0.176397,0.165757,0.258566,0.350932,0.056458,0.217881,0.055192,0.174704,0.238306,0.300787,0.125775,0.183640,0.263926,0.151352
550,2.750000,0.219461,0.176398,0.165774,0.258566,0.350930,0.056455,0.217883,0.055193,0.174705,0.238308,0.300785,0.125774,0.183643,0.263927,0.151351
551,2.755000,0.219464,0.176394,0.165761,0.258558,0.350925,0.056453,0.217883,0.055191,0.174706,0.238309,0.300787,0.125773,0.183649,0.263940,0.151350
552,2.760000,0.219466,0.176394,0.165759,0.258564,0.350933,0.056454,0.217880,0.055191,0.174707,0.238317,0.300773,0.125772,0.183645,0.263927,0.151354
553,2.765000,0.219464,0.176395,0.165774,0.258563,0.350933,0.056452,0.217879,0.055191,0.174707,0.238313,0.300785,0.125770,0.183648,0.263927,0.151352
554,2.770000,0.219463,0.176393,0.165774,0.258559,0.350928,0.056449,0.217880,0.055193,0.174709,0.238315,0.300786,0.125771,0.183649,0.263927,0.151353
555,2.775000,0.219464,0.176394,0.165772,0.258556,0.350928,0.056449,0.217881,0.055194,0.174706,0.238315,0.300786,0.125771,0.183654,0.263943,0.151353
556,2.780000,0.219463,0.176395,0.165777,0.258562,0.350938,0.056453,0.217878,0.055195,0.174711,0.238317,0.300785,0.125773,0.183658,0.263943,0.151355
557,2.785000,0.219468,0.176396,0.165765,0.258555,0.350931,0.056449,0.217879,0.055195,0.174710,0.238326,0.300771,0.125772,0.183652,0.263930,0.151356
558,2.790000,0.219465,0.176395,0.165778,0.258553,0.350936,0.056451,0.217879,0.055192,0.174709,0.238327,0.300772,0.125771,0.183656,0.263929,0.151360
559,2.795000,0.219464,0.176392,0.165778,0.258553,0.350938,0.056454,0.217878,0.055193,0.174709,0.238327,0.300772,0.125773,0.183657,0.263931,0.151362
560,2.800000,0.219472,0.176397,0.165766,0.258551,0.350941,0.056455,0.217877,0.055195,0.174706,0.238329,0.300773,0.125773,0.183664,0.263944,0.151361
561,2.805000,0.219469,0.176395,0.165765,0.258551,0.350942,0.056455,0.217875,0.055192,0.174709,0.238330,0.300772,0.125774,0.183663,0.263947,0.151363
562,2.810000,0.219466,0.176394,0.165777,0.258549,0.350943,0.056455,0.217874,0.055196,0.174710,0.238331,0.300774,0.125776,0.183661,0.263931,0.151367
563,2.815000,0.219473,0.176394,0.165762,0.258553,0.350951,0.056457,0.217874,0.055192,0.174711,0.238332,0.300773,0.125775,0.183666,0.263946,0.151366
564,2.820000,0.219471,0.176394,0.165765,0.258547,0.350944,0.056458,0.217876,0.055192,0.174709,0.238332,0.300773,0.125777,0.183667,0.263944,0.151367
565,2.825000,0.219466,0.176392,0.165773,0.258544,0.350946,0.056458,0.217874,0.055193,0.174713,0.238333,0.300774,0.125778,0.183667,0.263947,0.151370
566,2.830000,0.219465,0.176393,0.165777,0.258543,0.350947,0.056459,0.217874,0.055192,0.174708,0.238332,0.300776,0.125779,0.183662,0.263932,0.151371
567,2.835000,0.219471,0.176394,0.165762,0.258536,0.350942,0.056479,0.217877,0.055192,0.174706,0.238332,0.300775,0.125781,0.183661,0.263933,0.151374
568,2.840000,0.219469,0.176393,0.165763,0.258537,0.350951,0.056463,0.217876,0.055196,0.174708,0.238333,0.300776,0.125782,0.183667,0.263949,0.151374
569,2.845000,0.219464,0.176393,0.165777,0.258538,0.350951,0.056465,0.217873,0.055193,0.174705,0.238331,0.300776,0.125784,0.183665,0.263948,0.151372
570,2.850000,0.219465,0.176394,0.165774,0.258532,0.350945,0.056485,0.217875,0.055191,0.174706,0.238330,0.300776,0.125787,0.183664,0.263949,0.151374
571,2.855000,0.219468,0.176394,0.165763,0.258530,0.350946,0.056486,0.217875,0.055195,0.174705,0.238329,0.300778,0.125788,0.183658,0.263934,0.151376
572,2.860000,0.219464,0.176395,0.165774,0.258528,0.350948,0.056490,0.217875,0.055193,0.174707,0.238331,0.300778,0.125792,0.183663,0.263946,0.151375
573,2.865000,0.219464,0.176394,0.165776,0.258528,0.350949,0.056493,0.217876,0.055195,0.174705,0.238328,0.300778,0.125793,0.183662,0.263948,0.151378
574,2.870000,0.219462,0.176395,0.165776,0.258528,0.350951,0.056496,0.217875,0.055194,0.174708,0.238319,0.300791,0.125794,0.183660,0.263948,0.151377
575,2.875000,0.219467,0.176397,0.165764,0.258530,0.350955,0.056501,0.217879,0.055194,0.174703,0.238319,0.300792,0.125795,0.183652,0.263933,0.151379
576,2.880000,0.219466,0.176398,0.165762,0.258529,0.350956,0.056506,0.217879,0.055195,0.174703,0.238315,0.300794,0.125798,0.183657,0.263948,0.151380
577,2.885000,0.219466,0.176398,0.165766,0.258529,0.350956,0.056509,0.217878,0.055195,0.174707,0.238320,0.300782,0.125802,0.183649,0.263932,0.151382
578,2.890000,0.219466,0.176400,0.165764,0.258532,0.350961,0.056512,0.217878,0.055193,0.174703,0.238313,0.300796,0.125801,0.183653,0.263947,0.151378
579,2.895000,0.219460,0.176398,0.165777,0.258533,0.350962,0.056516,0.217881,0.055195,0.174703,0.238310,0.300797,0.125804,0.183651,0.263945,0.151378
580,2.900000,0.219459,0.176398,0.165777,0.258535,0.350962,0.056523,0.217882,0.055193,0.174704,0.238308,0.300797,0.125804,0.183648,0.263944,0.151376
581,2.905000,0.219460,0.176397,0.165775,0.258523,0.350811,0.056684,0.217880,0.055192,0.174704,0.238306,0.300799,0.125808,0.183647,0.263944,0.151377
582,2.910000,0.219457,0.176396,0.165778,0.258526,0.350822,0.056700,0.217881,0.055191,0.174702,0.238307,0.300801,0.125797,0.183638,0.263926,0.151376
583,2.915000,0.219461,0.176400,0.165765,0.258539,0.350974,0.056540,0.217880,0.055191,0.174702,0.238303,0.300802,0.125800,0.183635,0.263929,0.151377
584,2.920000,0.219456,0.176398,0.165777,0.258542,0.350977,0.056544,0.217883,0.055192,0.174699,0.238299,0.300801,0.125811,0.183635,0.263928,0.151377
585,2.925000,0.219456,0.176396,0.165777,0.258546,0.350970,0.056540,0.217883,0.055189,0.174702,0.238298,0.300802,0.125802,0.183632,0.263927,0.151377
586,2.930000,0.219464,0.176399,0.165763,0.258548,0.350981,0.056550,0.217883,0.055192,0.174701,0.238299,0.300804,0.125802,0.183631,0.263926,0.151376
587,2.935000,0.219458,0.176396,0.165776,0.258548,0.350981,0.056552,0.217884,0.055191,0.174699,0.238296,0.300804,0.125802,0.183631,0.263925,0.151376
588,2.940000,0.219460,0.176397,0.165776,0.258549,0.350974,0.056546,0.217885,0.055192,0.174697,0.238295,0.300806,0.125803,0.183628,0.263924,0.151375
589,2.945000,0.219466,0.176400,0.165763,0.258552,0.350984,0.056559,0.217883,0.055192,0.174702,0.238294,0.300805,0.125803,0.183629,0.263923,0.151374
590,2.950000,0.219461,0.176397,0.165776,0.258554,0.350985,0.056558,0.217884,0.055192,0.174700,0.238295,0.300805,0.125804,0.183635,0.263939,0.151373
591,2.955000,0.219462,0.176395,0.165776,0.258555,0.350985,0.056559,0.217885,0.055192,0.174701,0.238294,0.300806,0.125803,0.183628,0.263925,0.151375
592,2.960000,0.219461,0.176397,0.165775,0.258554,0.350985,0.056558,0.217885,0.055195,0.174700,0.238294,0.300806,0.125804,0.183628,0.263925,0.151374
593,2.965000,0.219461,0.176396,0.165775,0.258552,0.350983,0.056556,0.217888,0.055192,0.174701,0.238293,0.300805,0.125800,0.183636,0.263939,0.151372
594,2.970000,0.219462,0.176396,0.165775,0.258553,0.350983,0.056556,0.217884,0.055191,0.174701,0.238295,0.300805,0.125801,0.183631,0.263924,0.151372
595,2.975000,0.219462,0.176398,0.165776,0.258552,0.350981,0.056552,0.217886,0.055192,0.174704,0.238296,0.300805,0.125797,0.183634,0.263924,0.151374
596,2.980000,0.219461,0.176396,0.165776,0.258551,0.350980,0.056549,0.217885,0.055193,0.174704,0.238300,0.300805,0.125798,0.183633,0.263925,0.151373
597,2.985000,0.219461,0.176397,0.165775,0.258549,0.350969,0.056537,0.217885,0.055193,0.174705,0.238299,0.300805,0.125795,0.183635,0.263925,0.151373
598,2.990000,0.219467,0.176397,0.165765,0.258548,0.350977,0.056541,0.217885,0.055192,0.174704,0.238300,0.300800,0.125805,0.183637,0.263925,0.151373
599,2.995000,0.219464,0.176397,0.165776,0.258546,0.350967,0.056530,0.217884,0.055196,0.174703,0.238303,0.300800,0.125792,0.183644,0.263942,0.151372
600,3.000000,0.219463,0.176394,0.165773,0.258530,0.350812,0.056682,0.217884,0.055191,0.174702,0.238306,0.300801,0.125790,0.183639,0.263926,0.151372
601,3.005000,0.219469,0.176399,0.165762,0.258540,0.350961,0.056517,0.217884,0.055192,0.174703,0.238306,0.300797,0.125799,0.183648,0.263941,0.151369
602,3.010000,0.219465,0.176394,0.165774,0.258538,0.350960,0.056513,0.217882,0.055192,0.174707,0.238308,0.300795,0.125799,0.183645,0.263928,0.151373
603,3.015000,0.219465,0.176395,0.165772,0.258535,0.350958,0.056508,0.217882,0.055194,0.174705,0.238311,0.300793,0.125795,0.183648,0.263930,0.151376
604,3.020000,0.219468,0.176397,0.165763,0.258534,0.350955,0.056505,0.217884,0.055195,0.174703,0.238314,0.300795,0.125796,0.183650,0.263930,0.151376
605,3.025000,0.219466,0.176394,0.165774,0.258534,0.350954,0.056502,0.217880,0.055196,0.174705,0.238316,0.300791,0.125795,0.183652,0.263931,0.151377
606,3.030000,0.219465,0.176395,0.165777,0.258531,0.350951,0.056495,0.217880,0.055194,0.174708,0.238318,0.300794,0.125792,0.183661,0.263947,0.151373
607,3.035000,0.219472,0.176396,0.165764,0.258531,0.350950,0.056491,0.217882,0.055193,0.174707,0.238321,0.300790,0.125789,0.183662,0.263943,0.151372
608,3.040000,0.219470,0.176395,0.165767,0.258530,0.350946,0.056489,0.217882,0.055192,0.174707,0.238329,0.300777,0.125790,0.183663,0.263946,0.151372
609,3.045000,0.219469,0.176395,0.165764,0.258530,0.350944,0.056485,0.217879,0.055198,0.174706,0.238330,0.300776,0.125786,0.183664,0.263947,0.151374
610,3.050000,0.219468,0.176393,0.165775,0.258534,0.350950,0.056466,0.217878,0.055195,0.174708,0.238331,0.300776,0.125787,0.183667,0.263946,0.151374
611,3.055000,0.219467,0.176396,0.165778,0.258531,0.350941,0.056480,0.217879,0.055195,0.174710,0.238334,0.300777,0.125785,0.183669,0.263949,0.151377
612,3.060000,0.219471,0.176394,0.165765,0.258535,0.350948,0.056461,0.217879,0.055194,0.174711,0.238334,0.300775,0.125783,0.183670,0.263948,0.151376
613,3.065000,0.219473,0.176394,0.165764,0.258535,0.350947,0.056459,0.217878,0.055194,0.174712,0.238335,0.300775,0.125784,0.183669,0.263949,0.151379
614,3.070000,0.219472,0.176397,0.165765,0.258537,0.350947,0.056461,0.217878,0.055193,0.174710,0.238335,0.300775,0.125781,0.183670,0.263951,0.151376
615,3.075000,0.219467,0.176395,0.165778,0.258538,0.350945,0.056458,0.217878,0.055195,0.174711,0.238335,0.300774,0.125779,0.183671,0.263949,0.151375
616,3.080000,0.219471,0.176396,0.165767,0.258539,0.350947,0.056459,0.217878,0.055193,0.174714,0.238328,0.300788,0.125778,0.183670,0.263948,0.151376
617,3.085000,0.219468,0.176394,0.165776,0.258540,0.350943,0.056457,0.217876,0.055195,0.174715,0.238328,0.300784,0.125778,0.183669,0.263949,0.151372
618,3.090000,0.219470,0.176394,0.165765,0.258541,0.350944,0.056456,0.217875,0.055194,0.174713,0.238338,0.300777,0.125763,0.183667,0.263948,0.151373
619,3.095000,0.219467,0.176395,0.165774,0.258541,0.350943,0.056457,0.217874,0.055193,0.174712,0.238334,0.300774,0.125777,0.183669,0.263948,0.151371
620,3.100000,0.219469,0.176392,0.165777,0.258541,0.350943,0.056459,0.217876,0.055192,0.174712,0.238332,0.300775,0.125779,0.183668,0.263947,0.151371
621,3.105000,0.219465,0.176394,0.165776,0.258544,0.350942,0.056458,0.217876,0.055192,0.174710,0.238331,0.300773,0.125778,0.183665,0.263946,0.151368
622,3.110000,0.219467,0.176393,0.165778,0.258545,0.350944,0.056460,0.217877,0.055191,0.174709,0.238323,0.300788,0.125777,0.183664,0.263945,0.151366
623,3.115000,0.219464,0.176393,0.165776,0.258543,0.350936,0.056480,0.217878,0.055194,0.174710,0.238321,0.300788,0.125779,0.183656,0.263931,0.151368
624,3.120000,0.219471,0.176396,0.165762,0.258547,0.350944,0.056464,0.217879,0.055192,0.174711,0.238319,0.300789,0.125778,0.183661,0.263945,0.151367
625,3.125000,0.219465,0.176395,0.165777,0.258543,0.350940,0.056486,0.217876,0.055192,0.174710,0.238318,0.300789,0.125780,0.183653,0.263930,0.151369
626,3.130000,0.219468,0.176397,0.165764,0.258549,0.350948,0.056470,0.217878,0.055192,0.174711,0.238315,0.300789,0.125782,0.183657,0.263942,0.151364
627,3.135000,0.219468,0.176397,0.165767,0.258546,0.350941,0.056491,0.217878,0.055189,0.174709,0.238313,0.300791,0.125782,0.183655,0.263944,0.151367
628,3.140000,0.219466,0.176397,0.165765,0.258547,0.350942,0.056495,0.217876,0.055191,0.174713,0.238311,0.300792,0.125783,0.183648,0.263929,0.151367
629,3.145000,0.219464,0.176395,0.165776,0.258549,0.350943,0.056497,0.217880,0.055190,0.174713,0.238311,0.300791,0.125786,0.183651,0.263944,0.151366
630,3.150000,0.219462,0.176395,0.165776,0.258550,0.350946,0.056502,0.217880,0.055192,0.174712,0.238308,0.300794,0.125786,0.183645,0.263927,0.151365
631,3.155000,0.219466,0.176396,0.165765,0.258549,0.350946,0.056504,0.217882,0.055191,0.174709,0.238307,0.300794,0.125790,0.183643,0.263927,0.151365
632,3.160000,0.219461,0.176397,0.165777,0.258551,0.350949,0.056509,0.217881,0.055193,0.174712,0.238308,0.300797,0.125779,0.183640,0.263927,0.151366
633,3.165000,0.219461,0.176394,0.165777,0.258549,0.350950,0.056509,0.217882,0.055189,0.174709,0.238304,0.300793,0.125794,0.183640,0.263925,0.151365
634,3.170000,0.219458,0.176394,0.165777,0.258549,0.350951,0.056515,0.217882,0.055190,0.174707,0.238302,0.300793,0.125794,0.183642,0.263939,0.151364
635,3.175000,0.219460,0.176395,0.165775,0.258547,0.350953,0.056515,0.217880,0.055193,0.174710,0.238302,0.300797,0.125783,0.183637,0.263927,0.151367
636,3.180000,0.219458,0.176397,0.165777,0.258547,0.350957,0.056520,0.217881,0.055191,0.174710,0.238298,0.300795,0.125797,0.183636,0.263924,0.151365
637,3.185000,0.219459,0.176394,0.165773,0.258547,0.350959,0.056522,0.217883,0.055192,0.174708,0.238301,0.300801,0.125787,0.183640,0.263940,0.151365
638,3.190000,0.219459,0.176395,0.165772,0.258545,0.350960,0.056523,0.217881,0.055190,0.174707,0.238300,0.300802,0.125789,0.183633,0.263924,0.151367
639,3.195000,0.219466,0.176398,0.165763,0.258543,0.350963,0.056526,0.217882,0.055189,0.174707,0.238299,0.300800,0.125791,0.183638,0.263939,0.151366
640,3.200000,0.219459,0.176398,0.165776,0.258543,0.350972,0.056535,0.217868,0.055202,0.174716,0.238297,0.300801,0.125790,0.183632,0.263925,0.151370
641,3.205000,0.219459,0.176397,0.165776,0.258542,0.350975,0.056538,0.217883,0.055191,0.174709,0.238297,0.300803,0.125790,0.183633,0.263925,0.151369
642,3.210000,0.219464,0.176398,0.165764,0.258538,0.350968,0.056531,0.217881,0.055191,0.174711,0.238297,0.300805,0.125792,0.183633,0.263927,0.151373
643,3.215000,0.219462,0.176395,0.165775,0.258523,0.350817,0.056691,0.217881,0.055191,0.174706,0.238296,0.300804,0.125792,0.183632,0.263926,0.151372
644,3.220000,0.219459,0.176395,0.165776,0.258534,0.350979,0.056543,0.217882,0.055189,0.174708,0.238296,0.300803,0.125793,0.183632,0.263926,0.151372
645,3.225000,0.219460,0.176398,0.165777,0.258519,0.350832,0.056701,0.217880,0.055192,0.174707,0.238296,0.300804,0.125794,0.183631,0.263926,0.151375
646,3.230000,0.219460,0.176396,0.165773,0.258531,0.350982,0.056540,0.217880,0.055192,0.174709,0.238298,0.300806,0.125797,0.183632,0.263927,0.151378
647,3.235000,0.219463,0.176399,0.165763,0.258530,0.350985,0.056544,0.217880,0.055189,0.174708,0.238299,0.300804,0.125796,0.183636,0.263928,0.151378
648,3.240000,0.219464,0.176398,0.165761,0.258527,0.350987,0.056544,0.217881,0.055191,0.174705,0.238299,0.300806,0.125794,0.183636,0.263929,0.151379
649,3.245000,0.219459,0.176398,0.165776,0.258527,0.350988,0.056542,0.217880,0.055192,0.174707,0.238302,0.300804,0.125797,0.183638,0.263928,0.151379
650,3.250000,0.219462,0.176395,0.165775,0.258521,0.350988,0.056542,0.217879,0.055195,0.174705,0.238303,0.300805,0.125796,0.183638,0.263928,0.151381
651,3.255000,0.219463,0.176396,0.165773,0.258522,0.350991,0.056543,0.217879,0.055191,0.174702,0.238302,0.300804,0.125794,0.183640,0.263929,0.151382
652,3.260000,0.219462,0.176395,0.165773,0.258519,0.350989,0.056541,0.217878,0.055193,0.174706,0.238303,0.300804,0.125795,0.183643,0.263929,0.151384
653,3.265000,0.219464,0.176397,0.165772,0.258516,0.350991,0.056540,0.217877,0.055195,0.174703,0.238305,0.300804,0.125794,0.183645,0.263929,0.151384
654,3.270000,0.219468,0.176397,0.165760,0.258514,0.350989,0.056535,0.217879,0.055191,0.174702,0.238308,0.300801,0.125794,0.183645,0.263928,0.151384
655,3.275000,0.219465,0.176395,0.165773,0.258513,0.350989,0.056537,0.217879,0.055192,0.174704,0.238306,0.300799,0.125803,0.183646,0.263930,0.151385
656,3.280000,0.219465,0.176397,0.165775,0.258511,0.350987,0.056532,0.217879,0.055193,0.174704,0.238306,0.300800,0.125803,0.183649,0.263930,0.151387
657,3.285000,0.219468,0.176397,0.165759,0.258512,0.350986,0.056531,0.217878,0.055194,0.174705,0.238307,0.300798,0.125804,0.183654,0.263944,0.151382
658,3.290000,0.219464,0.176396,0.165772,0.258511,0.350987,0.056529,0.217876,0.055192,0.174706,0.238310,0.300797,0.125803,0.183657,0.263946,0.151385
659,3.295000,0.219465,0.176394,0.165771,0.258510,0.350986,0.056525,0.217879,0.055190,0.174707,0.238312,0.300798,0.125801,0.183653,0.263931,0.151386
660,3.300000,0.219469,0.176397,0.165760,0.258508,0.350984,0.056523,0.217878,0.055190,0.174706,0.238313,0.300799,0.125801,0.183658,0.263947,0.151384
661,3.305000,0.219466,0.176395,0.165772,0.258509,0.350983,0.056521,0.217875,0.055191,0.174706,0.238315,0.300797,0.125802,0.183659,0.263947,0.151384
662,3.310000,0.219468,0.176395,0.165760,0.258510,0.350980,0.056517,0.217877,0.055190,0.174704,0.238313,0.300797,0.125801,0.183659,0.263946,0.151383
663,3.315000,0.219468,0.176395,0.165761,0.258513,0.350971,0.056511,0.217878,0.055193,0.174706,0.238316,0.300797,0.125800,0.183659,0.263947,0.151381
664,3.320000,0.219468,0.176395,0.165760,0.258515,0.350977,0.056516,0.217876,0.055192,0.174707,0.238316,0.300796,0.125798,0.183654,0.263932,0.151383
665,3.325000,0.219465,0.176394,0.165774,0.258516,0.350969,0.056508,0.217876,0.055191,0.174708,0.238316,0.300793,0.125796,0.183653,0.263932,0.151385
666,3.330000,0.219464,0.176397,0.165776,0.258519,0.350966,0.056507,0.217877,0.055192,0.174708,0.238316,0.300794,0.125796,0.183654,0.263931,0.151383
667,3.335000,0.219469,0.176396,0.165762,0.258522,0.350965,0.056506,0.217876,0.055192,0.174709,0.238318,0.300793,0.125797,0.183658,0.263946,0.151381
668,3.340000,0.219465,0.176397,0.165774,0.258525,0.350965,0.056505,0.217878,0.055193,0.174707,0.238319,0.300794,0.125794,0.183659,0.263947,0.151380
669,3.345000,0.219463,0.176397,0.165776,0.258529,0.350962,0.056504,0.217877,0.055190,0.174709,0.238317,0.300794,0.125794,0.183658,0.263947,0.151380
670,3.350000,0.219464,0.176394,0.165776,0.258531,0.350959,0.056504,0.217877,0.055193,0.174712,0.238319,0.300793,0.125795,0.183653,0.263932,0.151379
671,3.355000,0.219463,0.176395,0.165776,0.258537,0.350958,0.056504,0.217876,0.055193,0.174710,0.238317,0.300795,0.125796,0.183652,0.263930,0.151377
672,3.360000,0.219467,0.176399,0.165765,0.258539,0.350957,0.056503,0.217877,0.055192,0.174711,0.238316,0.300794,0.125795,0.183652,0.263930,0.151377
673,3.365000,0.219463,0.176400,0.165779,0.258543,0.350953,0.056503,0.217877,0.055192,0.174714,0.238314,0.300793,0.125793,0.183656,0.263945,0.151377
674,3.370000,0.219461,0.176395,0.165777,0.258546,0.350952,0.056505,0.217875,0.055191,0.174714,0.238315,0.300794,0.125795,0.183648,0.263929,0.151378
675,3.375000,0.219467,0.176399,0.165766,0.258550,0.350951,0.056503,0.217877,0.055191,0.174714,0.238315,0.300793,0.125795,0.183648,0.263929,0.151375
676,3.380000,0.219463,0.176397,0.165776,0.258551,0.350948,0.056505,0.217878,0.055190,0.174714,0.238314,0.300794,0.125793,0.183647,0.263929,0.151375
677,3.385000,0.219468,0.176398,0.165765,0.258543,0.350798,0.056666,0.217880,0.055189,0.174713,0.238314,0.300794,0.125795,0.183647,0.263928,0.151373
678,3.390000,0.219461,0.176396,0.165778,0.258558,0.350946,0.056508,0.217879,0.055191,0.174712,0.238315,0.300798,0.125784,0.183652,0.263941,0.151369
679,3.395000,0.219465,0.176396,0.165776,0.258560,0.350945,0.056507,0.217881,0.055190,0.174713,0.238312,0.300793,0.125794,0.183643,0.263928,0.151373
680,3.400000,0.219464,0.176396,0.165777,0.258561,0.350947,0.056510,0.217879,0.055192,0.174711,0.238311,0.300793,0.125796,0.183644,0.263929,0.151372
681,3.405000,0.219462,0.176397,0.165778,0.258564,0.350946,0.056510,0.217880,0.055189,0.174711,0.238310,0.300794,0.125796,0.183650,0.263943,0.151370
682,3.410000,0.219463,0.176397,0.165779,0.258568,0.350952,0.056515,0.217878,0.055189,0.174712,0.238311,0.300794,0.125796,0.183643,0.263927,0.151371
683,3.415000,0.219464,0.176396,0.165779,0.258566,0.350947,0.056516,0.217879,0.055190,0.174711,0.238312,0.300797,0.125786,0.183644,0.263927,0.151373
684,3.420000,0.219464,0.176397,0.165777,0.258562,0.350946,0.056515,0.217877,0.055192,0.174714,0.238309,0.300796,0.125798,0.183648,0.263940,0.151369
685,3.425000,0.219466,0.176397,0.165766,0.258564,0.350949,0.056518,0.217882,0.055190,0.174710,0.238310,0.300795,0.125801,0.183648,0.263941,0.151370
686,3.430000,0.219466,0.176397,0.165769,0.258563,0.350950,0.056518,0.217879,0.055191,0.174709,0.238310,0.300795,0.125801,0.183643,0.263925,0.151372
687,3.435000,0.219462,0.176395,0.165780,0.258562,0.350952,0.056521,0.217879,0.055189,0.174709,0.238312,0.300797,0.125790,0.183643,0.263927,0.151375
688,3.440000,0.219463,0.176395,0.165778,0.258561,0.350953,0.056521,0.217880,0.055191,0.174710,0.238310,0.300796,0.125804,0.183644,0.263929,0.151375
689,3.445000,0.219464,0.176395,0.165777,0.258560,0.350955,0.056523,0.217880,0.055192,0.174709,0.238312,0.300796,0.125805,0.183643,0.263927,0.151375
690,3.450000,0.219465,0.176397,0.165768,0.258557,0.350958,0.056526,0.217881,0.055190,0.174712,0.238314,0.300800,0.125795,0.183648,0.263943,0.151375
691,3.455000,0.219462,0.176397,0.165778,0.258556,0.350960,0.056527,0.217878,0.055190,0.174709,0.238313,0.300800,0.125795,0.183643,0.263929,0.151379
692,3.460000,0.219461,0.176397,0.165777,0.258551,0.350962,0.056529,0.217878,0.055192,0.174708,0.238311,0.300799,0.125807,0.183642,0.263930,0.151379
693,3.465000,0.219467,0.176397,0.165768,0.258551,0.350974,0.056539,0.217878,0.055191,0.174710,0.238311,0.300798,0.125810,0.183642,0.263930,0.151382
694,3.470000,0.219466,0.176399,0.165768,0.258546,0.350977,0.056540,0.217876,0.055191,0.174711,0.238311,0.300800,0.125810,0.183643,0.263930,0.151383
695,3.475000,0.219461,0.176397,0.165782,0.258544,0.350979,0.056544,0.217878,0.055191,0.174709,0.238310,0.300799,0.125810,0.183649,0.263945,0.151382
696,3.480000,0.219464,0.176399,0.165770,0.258542,0.350982,0.056544,0.217880,0.055191,0.174706,0.238312,0.300801,0.125812,0.183645,0.263932,0.151385
697,3.485000,0.219461,0.176396,0.165782,0.258538,0.350985,0.056546,0.217879,0.055190,0.174705,0.238311,0.300800,0.125812,0.183650,0.263945,0.151381
698,3.490000,0.219466,0.176396,0.165766,0.258536,0.350990,0.056549,0.217877,0.055192,0.174707,0.238315,0.300804,0.125801,0.183644,0.263930,0.151384
699,3.495000,0.219462,0.176397,0.165780,0.258535,0.350992,0.056551,0.217878,0.055190,0.174705,0.238313,0.300803,0.125815,0.183651,0.263946,0.151384
700,3.500000,0.219461,0.176396,0.165782,0.258534,0.350994,0.056554,0.217877,0.055190,0.174705,0.238315,0.300806,0.125805,0.183650,0.263944,0.151384
701,3.505000,0.219467,0.176398,0.165769,0.258534,0.350997,0.056555,0.217877,0.055192,0.174703,0.238312,0.300804,0.125817,0.183647,0.263930,0.151388
702,3.510000,0.219468,0.176397,0.165768,0.258531,0.350998,0.056557,0.217877,0.055192,0.174704,0.238314,0.300806,0.125806,0.183651,0.263946,0.151389
703,3.515000,0.219463,0.176394,0.165783,0.258531,0.351001,0.056562,0.217878,0.055193,0.174703,0.238312,0.300803,0.125818,0.183652,0.263948,0.151390
704,3.520000,0.219462,0.176396,0.165782,0.258531,0.351003,0.056562,0.217878,0.055194,0.174706,0.238313,0.300807,0.125809,0.183652,0.263946,0.151391
705,3.525000,0.219466,0.176398,0.165773,0.258531,0.351004,0.056563,0.217877,0.055192,0.174705,0.238311,0.300808,0.125823,0.183653,0.263946,0.151391
706,3.530000,0.219464,0.176397,0.165783,0.258530,0.351005,0.056564,0.217878,0.055192,0.174702,0.238311,0.300806,0.125820,0.183652,0.263948,0.151393
707,3.535000,0.219464,0.176396,0.165780,0.258531,0.351007,0.056567,0.217879,0.055195,0.174707,0.238313,0.300808,0.125810,0.183648,0.263932,0.151394
708,3.540000,0.219464,0.176394,0.165782,0.258530,0.351005,0.056567,0.217880,0.055193,0.174703,0.238312,0.300806,0.125809,0.183648,0.263933,0.151394
709,3.545000,0.219467,0.176394,0.165780,0.258531,0.351005,0.056566,0.217879,0.055195,0.174704,0.238314,0.300808,0.125812,0.183648,0.263930,0.151395
710,3.550000,0.219469,0.176395,0.165768,0.258531,0.351006,0.056564,0.217881,0.055192,0.174705,0.238313,0.300808,0.125812,0.183648,0.263933,0.151396
711,3.555000,0.219470,0.176396,0.165768,0.258530,0.351004,0.056566,0.217879,0.055192,0.174702,0.238310,0.300804,0.125820,0.183653,0.263947,0.151392
712,3.560000,0.219470,0.176399,0.165769,0.258531,0.351002,0.056564,0.217880,0.055192,0.174702,0.238310,0.300807,0.125824,0.183653,0.263945,0.151390
713,3.565000,0.219462,0.176394,0.165782,0.258531,0.351002,0.056561,0.217878,0.055191,0.174703,0.238312,0.300807,0.125812,0.183652,0.263946,0.151390
714,3.570000,0.219469,0.176396,0.165771,0.258532,0.350999,0.056562,0.217882,0.055194,0.174701,0.238310,0.300805,0.125823,0.183646,0.263931,0.151392
715,3.575000,0.219463,0.176395,0.165782,0.258531,0.350997,0.056559,0.217880,0.055193,0.174701,0.238310,0.300803,0.125820,0.183650,0.263946,0.151388
716,3.580000,0.219465,0.176395,0.165783,0.258532,0.350996,0.056557,0.217880,0.055194,0.174704,0.238312,0.300807,0.125810,0.183645,0.263931,0.151387
717,3.585000,0.219464,0.176396,0.165781,0.258535,0.350994,0.056557,0.217882,0.055192,0.174701,0.238311,0.300806,0.125810,0.183646,0.263931,0.151387
718,3.590000,0.219465,0.176396,0.165783,0.258534,0.350991,0.056554,0.217882,0.055192,0.174703,0.238314,0.300807,0.125810,0.183647,0.263932,0.151388
719,3.595000,0.219465,0.176396,0.165779,0.258538,0.350992,0.056555,0.217880,0.055193,0.174703,0.238314,0.300808,0.125809,0.183652,0.263947,0.151385
720,3.600000,0.219468,0.176398,0.165770,0.258539,0.350991,0.056553,0.217881,0.055190,0.174708,0.238311,0.300804,0.125817,0.183646,0.263933,0.151390
721,3.605000,0.219469,0.176398,0.165773,0.258540,0.350987,0.056553,0.217882,0.055191,0.174703,0.238312,0.300805,0.125819,0.183646,0.263930,0.151384
722,3.610000,0.219464,0.176395,0.165783,0.258542,0.350989,0.056550,0.217881,0.055192,0.174705,0.238311,0.300803,0.125818,0.183653,0.263945,0.151384
723,3.615000,0.219463,0.176395,0.165780,0.258544,0.350986,0.056550,0.217884,0.055194,0.174706,0.238310,0.300802,0.125816,0.183651,0.263944,0.151380
724,3.620000,0.219465,0.176394,0.165780,0.258546,0.350987,0.056552,0.217883,0.055191,0.174705,0.238315,0.300805,0.125804,0.183651,0.263946,0.151383
725,3.625000,0.219467,0.176398,0.165770,0.258548,0.350984,0.056549,0.217884,0.055191,0.174707,0.238316,0.300803,0.125802,0.183645,0.263930,0.151383
726,3.630000,0.219469,0.176397,0.165771,0.258551,0.350984,0.056548,0.217883,0.055190,0.174707,0.238311,0.300801,0.125814,0.183644,0.263930,0.151379
727,3.635000,0.219464,0.176397,0.165781,0.258552,0.350982,0.056547,0.217880,0.055193,0.174708,0.238312,0.300800,0.125812,0.183649,0.263944,0.151379
728,3.640000,0.219468,0.176397,0.165769,0.258555,0.350981,0.056546,0.217882,0.055191,0.174708,0.238312,0.300802,0.125812,0.183651,0.263945,0.151377
729,3.645000,0.219466,0.176395,0.165782,0.258556,0.350979,0.056545,0.217881,0.055190,0.174707,0.238313,0.300800,0.125810,0.183646,0.263930,0.151379
730,3.650000,0.219468,0.176398,0.165772,0.258559,0.350978,0.056543,0.217881,0.055190,0.174710,0.238314,0.300801,0.125808,0.183653,0.263944,0.151375
731,3.655000,0.219465,0.176395,0.165784,0.258556,0.350967,0.056533,0.217881,0.055192,0.174709,0.238315,0.300801,0.125809,0.183651,0.263945,0.151377
732,3.660000,0.219469,0.176398,0.165770,0.258557,0.350967,0.056532,0.217880,0.055191,0.174710,0.238315,0.300801,0.125808,0.183652,0.263946,0.151376
733,3.665000,0.219465,0.176396,0.165782,0.258559,0.350965,0.056532,0.217879,0.055191,0.174711,0.238316,0.300799,0.125808,0.183651,0.263945,0.151376
734,3.670000,0.219465,0.176395,0.165780,0.258561,0.350972,0.056539,0.217881,0.055191,0.174712,0.238316,0.300799,0.125804,0.183652,0.263944,0.151375
735,3.675000,0.219466,0.176396,0.165782,0.258560,0.350971,0.056535,0.217880,0.055193,0.174709,0.238317,0.300800,0.125807,0.183654,0.263946,0.151376
736,3.680000,0.219470,0.176398,0.165768,0.258560,0.350970,0.056534,0.217879,0.055195,0.174710,0.238317,0.300799,0.125808,0.183649,0.263931,0.151378
737,3.685000,0.219466,0.176396,0.165781,0.258559,0.350965,0.056528,0.217878,0.055195,0.174707,0.238316,0.300800,0.125806,0.183649,0.263931,0.151377
738,3.690000,0.219465,0.176395,0.165782,0.258558,0.350963,0.056525,0.217880,0.055191,0.174707,0.238317,0.300799,0.125805,0.183655,0.263945,0.151374
739,3.695000,0.219464,0.176396,0.165782,0.258557,0.350963,0.056524,0.217878,0.055195,0.174705,0.238319,0.300799,0.125804,0.183656,0.263946,0.151375
740,3.700000,0.219464,0.176395,0.165781,0.258560,0.350972,0.056533,0.217880,0.055194,0.174705,0.238319,0.300800,0.125804,0.183651,0.263932,0.151378
741,3.705000,0.219467,0.176396,0.165779,0.258556,0.350964,0.056526,0.217878,0.055195,0.174709,0.238324,0.300786,0.125806,0.183655,0.263947,0.151377
742,3.710000,0.219470,0.176399,0.165766,0.258555,0.350971,0.056530,0.217877,0.055195,0.174706,0.238319,0.300797,0.125803,0.183657,0.263948,0.151378
743,3.715000,0.219468,0.176398,0.165768,0.258555,0.350964,0.056523,0.217877,0.055195,0.174709,0.238324,0.300785,0.125804,0.183656,0.263945,0.151377
744,3.720000,0.219464,0.176396,0.165780,0.258553,0.350965,0.056524,0.217879,0.055195,0.174705,0.238318,0.300798,0.125804,0.183657,0.263947,0.151377
745,3.725000,0.219469,0.176399,0.165769,0.258552,0.350974,0.056531,0.217878,0.055197,0.174704,0.238318,0.300799,0.125803,0.183656,0.263947,0.151379
746,3.730000,0.219464,0.176395,0.165779,0.258549,0.350965,0.056524,0.217878,0.055197,0.174707,0.238320,0.300798,0.125806,0.183657,0.263949,0.151381
747,3.735000,0.219461,0.176396,0.165780,0.258548,0.350969,0.056528,0.217880,0.055194,0.174704,0.238318,0.300798,0.125807,0.183655,0.263947,0.151382
748,3.740000,0.219462,0.176397,0.165780,0.258547,0.350976,0.056535,0.217878,0.055194,0.174705,0.238318,0.300799,0.125807,0.183656,0.263947,0.151384
749,3.745000,0.219463,0.176395,0.165780,0.258545,0.350966,0.056527,0.217878,0.055194,0.174704,0.238317,0.300799,0.125808,0.183650,0.263931,0.151384
750,3.750000,0.219464,0.176396,0.165779,0.258544,0.350970,0.056530,0.217880,0.055196,0.174702,0.238317,0.300800,0.125810,0.183654,0.263946,0.151382
751,3.755000,0.219463,0.176397,0.165780,0.258544,0.350978,0.056540,0.217877,0.055193,0.174704,0.238317,0.300801,0.125811,0.183648,0.263932,0.151384
752,3.760000,0.219460,0.176398,0.165780,0.258541,0.350980,0.056541,0.217879,0.055197,0.174708,0.238316,0.300802,0.125813,0.183652,0.263948,0.151386
753,3.765000,0.219461,0.176397,0.165783,0.258539,0.350981,0.056545,0.217879,0.055192,0.174708,0.238313,0.300801,0.125812,0.183646,0.263931,0.151386
754,3.770000,0.219462,0.176396,0.165780,0.258540,0.350984,0.056548,0.217879,0.055193,0.174708,0.238315,0.300803,0.125817,0.183645,0.263932,0.151388
755,3.775000,0.219461,0.176397,0.165780,0.258538,0.350985,0.056550,0.217877,0.055195,0.174704,0.238311,0.300804,0.125817,0.183650,0.263946,0.151384
756,3.780000,0.219461,0.176398,0.165780,0.258537,0.350989,0.056554,0.217881,0.055192,0.174707,0.238312,0.300808,0.125807,0.183644,0.263931,0.151388
757,3.785000,0.219462,0.176397,0.165781,0.258538,0.350990,0.056557,0.217880,0.055195,0.174705,0.238310,0.300805,0.125820,0.183647,0.263945,0.151384
758,3.790000,0.219460,0.176398,0.165781,0.258538,0.350994,0.056562,0.217880,0.055194,0.174702,0.238309,0.300809,0.125809,0.183642,0.263932,0.151388
759,3.795000,0.219460,0.176398,0.165782,0.258538,0.350995,0.056563,0.217881,0.055194,0.174702,0.238306,0.300808,0.125823,0.183646,0.263947,0.151388
760,3.800000,0.219460,0.176397,0.165781,0.258537,0.350998,0.056567,0.217882,0.055196,0.174706,0.238308,0.300809,0.125811,0.183639,0.263931,0.151390
761,3.805000,0.219461,0.176399,0.165781,0.258536,0.351000,0.056568,0.217880,0.055196,0.174705,0.238306,0.300808,0.125812,0.183638,0.263932,0.151390
762,3.810000,0.219466,0.176399,0.165770,0.258536,0.351004,0.056571,0.217880,0.055194,0.174706,0.238303,0.300809,0.125812,0.183641,0.263944,0.151388
763,3.815000,0.219459,0.176400,0.165782,0.258534,0.351007,0.056572,0.217882,0.055194,0.174705,0.238301,0.300815,0.125816,0.183642,0.263944,0.151390
764,3.820000,0.219460,0.176397,0.165781,0.258534,0.351009,0.056577,0.217881,0.055196,0.174702,0.238302,0.300812,0.125817,0.183636,0.263930,0.151391
765,3.825000,0.219465,0.176400,0.165770,0.258533,0.351010,0.056576,0.217881,0.055192,0.174703,0.238299,0.300815,0.125817,0.183636,0.263930,0.151392
766,3.830000,0.219460,0.176400,0.165781,0.258532,0.351011,0.056578,0.217881,0.055193,0.174701,0.238300,0.300812,0.125816,0.183635,0.263929,0.151391
767,3.835000,0.219460,0.176399,0.165780,0.258531,0.351013,0.056581,0.217882,0.055193,0.174704,0.238298,0.300813,0.125817,0.183634,0.263927,0.151389
768,3.840000,0.219460,0.176399,0.165780,0.258530,0.351011,0.056579,0.217882,0.055196,0.174702,0.238299,0.300812,0.125817,0.183634,0.263929,0.151389
769,3.845000,0.219460,0.176397,0.165778,0.258529,0.351013,0.056579,0.217882,0.055194,0.174697,0.238297,0.300812,0.125817,0.183634,0.263929,0.151391
770,3.850000,0.219460,0.176397,0.165778,0.258528,0.351012,0.056579,0.217886,0.055193,0.174701,0.238299,0.300814,0.125818,0.183634,0.263928,0.151392
771,3.855000,0.219459,0.176399,0.165779,0.258525,0.351013,0.056578,0.217883,0.055192,0.174697,0.238296,0.300816,0.125820,0.183634,0.263928,0.151390
772,3.860000,0.219466,0.176398,0.165767,0.258525,0.351013,0.056577,0.217883,0.055194,0.174698,0.238296,0.300814,0.125815,0.183635,0.263929,0.151391
773,3.865000,0.219459,0.176397,0.165778,0.258522,0.351013,0.056576,0.217882,0.055192,0.174696,0.238298,0.300814,0.125818,0.183636,0.263929,0.151391
774,3.870000,0.219465,0.176395,0.165767,0.258521,0.351013,0.056576,0.217883,0.055192,0.174694,0.238299,0.300813,0.125817,0.183636,0.263928,0.151391
775,3.875000,0.219466,0.176398,0.165765,0.258520,0.351012,0.056574,0.217881,0.055193,0.174699,0.238298,0.300814,0.125816,0.183635,0.263928,0.151391
776,3.880000,0.219466,0.176398,0.165768,0.258518,0.351010,0.056572,0.217884,0.055193,0.174697,0.238301,0.300811,0.125815,0.183636,0.263929,0.151389
777,3.885000,0.219464,0.176395,0.165764,0.258520,0.351010,0.056572,0.217882,0.055192,0.174696,0.238301,0.300811,0.125815,0.183643,0.263945,0.151391
778,3.890000,0.219462,0.176397,0.165778,0.258518,0.351008,0.056571,0.217882,0.055195,0.174700,0.238303,0.300811,0.125815,0.183637,0.263931,0.151391
779,3.895000,0.219462,0.176395,0.165776,0.258517,0.351009,0.056568,0.217884,0.055193,0.174695,0.238305,0.300810,0.125811,0.183638,0.263931,0.151392
780,3.900000,0.219462,0.176397,0.165777,0.258518,0.351006,0.056564,0.217881,0.055193,0.174700,0.238304,0.300810,0.125811,0.183641,0.263931,0.151392
781,3.905000,0.219461,0.176397,0.165775,0.258518,0.351007,0.056564,0.217883,0.055194,0.174699,0.238306,0.300810,0.125810,0.183640,0.263932,0.151392
782,3.910000,0.219465,0.176400,0.165764,0.258517,0.351004,0.056560,0.217879,0.055195,0.174704,0.238306,0.300810,0.125807,0.183646,0.263946,0.151389
783,3.915000,0.219465,0.176400,0.165765,0.258518,0.351002,0.056558,0.217878,0.055196,0.174703,0.238308,0.300810,0.125806,0.183648,0.263947,0.151390
784,3.920000,0.219463,0.176399,0.165777,0.258517,0.351001,0.056554,0.217879,0.055195,0.174703,0.238308,0.300810,0.125804,0.183649,0.263948,0.151388
785,3.925000,0.219462,0.176398,0.165778,0.258519,0.350998,0.056552,0.217877,0.055194,0.174703,0.238307,0.300807,0.125816,0.183644,0.263933,0.151392
786,3.930000,0.219461,0.176399,0.165777,0.258519,0.350997,0.056548,0.217877,0.055197,0.174702,0.238311,0.300810,0.125803,0.183649,0.263948,0.151388
787,3.935000,0.219463,0.176398,0.165776,0.258511,0.350847,0.056711,0.217878,0.055193,0.174702,0.238311,0.300809,0.125801,0.183650,0.263949,0.151388
788,3.940000,0.219463,0.176397,0.165778,0.258523,0.350995,0.056546,0.217876,0.055196,0.174704,0.238309,0.300805,0.125813,0.183646,0.263932,0.151386
789,3.945000,0.219463,0.176399,0.165777,0.258523,0.350993,0.056544,0.217879,0.055193,0.174699,0.238310,0.300805,0.125811,0.183644,0.263929,0.151385
790,3.950000,0.219463,0.176398,0.165777,0.258525,0.350990,0.056543,0.217877,0.055191,0.174700,0.238309,0.300804,0.125808,0.183646,0.263934,0.151387
791,3.955000,0.219463,0.176395,0.165775,0.258527,0.350991,0.056541,0.217877,0.055195,0.174703,0.238312,0.300807,0.125796,0.183646,0.263932,0.151386
792,3.960000,0.219461,0.176397,0.165773,0.258531,0.350988,0.056540,0.217876,0.055195,0.174702,0.238312,0.300807,0.125795,0.183651,0.263947,0.151384
793,3.965000,0.219462,0.176398,0.165772,0.258533,0.350986,0.056538,0.217877,0.055193,0.174700,0.238311,0.300805,0.125796,0.183652,0.263945,0.151381
794,3.970000,0.219463,0.176398,0.165774,0.258522,0.350827,0.056690,0.217876,0.055194,0.174704,0.238310,0.300803,0.125806,0.183651,0.263945,0.151382
795,3.975000,0.219461,0.176397,0.165773,0.258536,0.350984,0.056537,0.217877,0.055193,0.174704,0.238312,0.300805,0.125793,0.183647,0.263930,0.151384
796,3.980000,0.219464,0.176397,0.165773,0.258536,0.350981,0.056539,0.217876,0.055193,0.174702,0.238313,0.300804,0.125794,0.183646,0.263930,0.151382
797,3.985000,0.219463,0.176398,0.165776,0.258538,0.350980,0.056537,0.217879,0.055192,0.174704,0.238314,0.300804,0.125794,0.183651,0.263945,0.151383
798,3.990000,0.219462,0.176396,0.165774,0.258538,0.350980,0.056536,0.217878,0.055196,0.174705,0.238313,0.300802,0.125795,0.183653,0.263944,0.151381
799,3.995000,0.219463,0.176399,0.165775,0.258541,0.350972,0.056528,0.217877,0.055195,0.174705,0.238311,0.300801,0.125805,0.183645,0.263931,0.151383
800,4.000000,0.219464,0.176396,0.165775,0.258541,0.350971,0.056529,0.217876,0.055195,0.174708,0.238313,0.300804,0.125795,0.183651,0.263944,0.151381
801,4.005000,0.219461,0.176396,0.165777,0.258541,0.350979,0.056538,0.217876,0.055195,0.174707,0.238310,0.300802,0.125805,0.183645,0.263930,0.151383
802,4.010000,0.219463,0.176397,0.165778,0.258541,0.350971,0.056530,0.217878,0.055194,0.174706,0.238310,0.300802,0.125807,0.183645,0.263931,0.151383
803,4.015000,0.219462,0.176398,0.165780,0.258539,0.350977,0.056538,0.217878,0.055193,0.174710,0.238309,0.300802,0.125808,0.183643,0.263930,0.151381
804,4.020000,0.219466,0.176399,0.165770,0.258539,0.350971,0.056531,0.217879,0.055193,0.174707,0.238311,0.300803,0.125796,0.183648,0.263945,0.151380
805,4.025000,0.219459,0.176397,0.165783,0.258539,0.350978,0.056537,0.217879,0.055194,0.174708,0.238310,0.300804,0.125797,0.183641,0.263929,0.151382
806,4.030000,0.219461,0.176397,0.165780,0.258538,0.350982,0.056538,0.217881,0.055193,0.174708,0.238309,0.300805,0.125800,0.183639,0.263931,0.151382
807,4.035000,0.219458,0.176396,0.165776,0.258537,0.350982,0.056539,0.217880,0.055194,0.174706,0.238307,0.300804,0.125811,0.183639,0.263930,0.151380
808,4.040000,0.219458,0.176397,0.165779,0.258538,0.350981,0.056542,0.217878,0.055193,0.174706,0.238307,0.300802,0.125810,0.183644,0.263946,0.151381
809,4.045000,0.219457,0.176396,0.165780,0.258524,0.350833,0.056705,0.217880,0.055194,0.174706,0.238307,0.300805,0.125800,0.183642,0.263944,0.151377
810,4.050000,0.219457,0.176395,0.165780,0.258538,0.350983,0.056544,0.217877,0.055193,0.174709,0.238306,0.300807,0.125800,0.183635,0.263929,0.151381
811,4.055000,0.219463,0.176399,0.165768,0.258536,0.350988,0.056550,0.217880,0.055192,0.174707,0.238304,0.300807,0.125801,0.183635,0.263931,0.151381
812,4.060000,0.219458,0.176396,0.165779,0.258538,0.350990,0.056550,0.217880,0.055195,0.174705,0.238304,0.300809,0.125803,0.183639,0.263943,0.151380
813,4.065000,0.219455,0.176396,0.165784,0.258536,0.350993,0.056555,0.217879,0.055194,0.174708,0.238303,0.300807,0.125804,0.183634,0.263929,0.151381
814,4.070000,0.219461,0.176400,0.165770,0.258536,0.350995,0.056558,0.217880,0.055193,0.174707,0.238300,0.300811,0.125807,0.183633,0.263928,0.151383
815,4.075000,0.219455,0.176396,0.165781,0.258535,0.350997,0.056561,0.217879,0.055194,0.174706,0.238299,0.300813,0.125807,0.183633,0.263928,0.151386
816,4.080000,0.219456,0.176397,0.165782,0.258537,0.351001,0.056566,0.217883,0.055194,0.174702,0.238299,0.300812,0.125809,0.183633,0.263929,0.151386
817,4.085000,0.219458,0.176398,0.165782,0.258534,0.351003,0.056567,0.217883,0.055196,0.174700,0.238298,0.300813,0.125809,0.183633,0.263928,0.151387
818,4.090000,0.219460,0.176398,0.165779,0.258533,0.351006,0.056570,0.217882,0.055195,0.174700,0.238298,0.300813,0.125811,0.183633,0.263930,0.151390
819,4.095000,0.219459,0.176395,0.165782,0.258531,0.351009,0.056574,0.217883,0.055195,0.174699,0.238297,0.300818,0.125816,0.183632,0.263928,0.151389
820,4.100000,0.219460,0.176395,0.165781,0.258530,0.351009,0.056574,0.217880,0.055196,0.174702,0.238296,0.300814,0.125813,0.183634,0.263928,0.151392
821,4.105000,0.219461,0.176395,0.165778,0.258529,0.351013,0.056578,0.217880,0.055194,0.174702,0.238295,0.300814,0.125814,0.183632,0.263929,0.151390
822,4.110000,0.219459,0.176397,0.165781,0.258527,0.351014,0.056580,0.217881,0.055195,0.174699,0.238294,0.300814,0.125816,0.183634,0.263928,0.151393
823,4.115000,0.219460,0.176396,0.165776,0.258525,0.351016,0.056582,0.217880,0.055192,0.174699,0.238295,0.300814,0.125817,0.183633,0.263927,0.151392
824,4.120000,0.219458,0.176396,0.165781,0.258522,0.351019,0.056583,0.217880,0.055194,0.174700,0.238295,0.300815,0.125816,0.183634,0.263930,0.151393
825,4.125000,0.219461,0.176394,0.165780,0.258520,0.351019,0.056583,0.217880,0.055193,0.174700,0.238294,0.300815,0.125816,0.183633,0.263930,0.151392
826,4.130000,0.219460,0.176396,0.165780,0.258518,0.351021,0.056584,0.217882,0.055193,0.174694,0.238297,0.300818,0.125820,0.183636,0.263932,0.151394
827,4.135000,0.219461,0.176392,0.165778,0.258516,0.351022,0.056584,0.217881,0.055192,0.174697,0.238299,0.300816,0.125819,0.183637,0.263931,0.151397
828,4.140000,0.219459,0.176394,0.165781,0.258513,0.351021,0.056583,0.217881,0.055193,0.174698,0.238297,0.300816,0.125820,0.183636,0.263932,0.151398
829,4.145000,0.219462,0.176393,0.165776,0.258511,0.351024,0.056583,0.217881,0.055192,0.174698,0.238298,0.300816,0.125819,0.183637,0.263931,0.151399
830,4.150000,0.219461,0.176394,0.165778,0.258507,0.351024,0.056582,0.217880,0.055192,0.174698,0.238299,0.300819,0.125824,0.183638,0.263932,0.151399
831,4.155000,0.219461,0.176397,0.165779,0.258505,0.351023,0.056583,0.217877,0.055192,0.174702,0.238300,0.300820,0.125824,0.183638,0.263933,0.151401
832,4.160000,0.219460,0.176396,0.165780,0.258492,0.350874,0.056744,0.217880,0.055194,0.174699,0.238301,0.300817,0.125824,0.183640,0.263932,0.151398
833,4.165000,0.219465,0.176398,0.165768,0.258491,0.350875,0.056743,0.217880,0.055193,0.174703,0.238302,0.300816,0.125824,0.183641,0.263934,0.151403
834,4.170000,0.219460,0.176398,0.165780,0.258501,0.351026,0.056582,0.217878,0.055192,0.174701,0.238305,0.300816,0.125824,0.183640,0.263934,0.151403
835,4.175000,0.219461,0.176396,0.165781,0.258499,0.351027,0.056581,0.217880,0.055193,0.174702,0.238305,0.300817,0.125823,0.183641,0.263933,0.151401
836,4.180000,0.219462,0.176396,0.165781,0.258502,0.351027,0.056580,0.217880,0.055194,0.174703,0.238304,0.300815,0.125822,0.183647,0.263949,0.151402
837,4.185000,0.219461,0.176397,0.165783,0.258491,0.350875,0.056740,0.217880,0.055192,0.174704,0.238306,0.300815,0.125822,0.183643,0.263934,0.151402
838,4.190000,0.219462,0.176396,0.165781,0.258494,0.350876,0.056743,0.217880,0.055191,0.174703,0.238307,0.300815,0.125821,0.183649,0.263949,0.151400
839,4.195000,0.219463,0.176395,0.165779,0.258494,0.350875,0.056743,0.217880,0.055191,0.174704,0.238307,0.300815,0.125821,0.183645,0.263934,0.151401
840,4.200000,0.219463,0.176396,0.165780,0.258495,0.350873,0.056741,0.217878,0.055194,0.174707,0.238307,0.300816,0.125824,0.183649,0.263950,0.151399
841,4.205000,0.219463,0.176398,0.165780,0.258498,0.350871,0.056742,0.217876,0.055193,0.174707,0.238307,0.300815,0.125821,0.183643,0.263935,0.151402
842,4.210000,0.219466,0.176398,0.165769,0.258501,0.350872,0.056741,0.217878,0.055192,0.174704,0.238308,0.300814,0.125818,0.183649,0.263948,0.151399
843,4.215000,0.219461,0.176395,0.165781,0.258502,0.350868,0.056739,0.217876,0.055194,0.174707,0.238309,0.300814,0.125819,0.183645,0.263934,0.151402
844,4.220000,0.219465,0.176395,0.165777,0.258519,0.351019,0.056579,0.217875,0.055192,0.174708,0.238309,0.300814,0.125817,0.183646,0.263933,0.151400
845,4.225000,0.219465,0.176395,0.165777,0.258509,0.350863,0.056737,0.217879,0.055191,0.174704,0.238310,0.300816,0.125817,0.183650,0.263948,0.151396
846,4.230000,0.219464,0.176396,0.165779,0.258526,0.351014,0.056576,0.217878,0.055194,0.174704,0.238310,0.300817,0.125818,0.183645,0.263933,0.151396
847,4.235000,0.219463,0.176396,0.165777,0.258529,0.351013,0.056576,0.217878,0.055191,0.174704,0.238309,0.300817,0.125819,0.183646,0.263933,0.151395
848,4.240000,0.219463,0.176396,0.165779,0.258531,0.351010,0.056573,0.217879,0.055189,0.174702,0.238311,0.300814,0.125814,0.183649,0.263948,0.151392
849,4.245000,0.219462,0.176397,0.165779,0.258534,0.351008,0.056571,0.217877,0.055191,0.174705,0.238310,0.300814,0.125814,0.183651,0.263947,0.151392
850,4.250000,0.219463,0.176398,0.165779,0.258538,0.351006,0.056570,0.217877,0.055192,0.174704,0.238310,0.300814,0.125813,0.183650,0.263946,0.151388
851,4.255000,0.219462,0.176396,0.165776,0.258537,0.351005,0.056569,0.217877,0.055190,0.174708,0.238311,0.300814,0.125813,0.183644,0.263931,0.151389
852,4.260000,0.219464,0.176394,0.165779,0.258540,0.351002,0.056566,0.217877,0.055192,0.174702,0.238311,0.300815,0.125813,0.183643,0.263934,0.151391
853,4.265000,0.219461,0.176396,0.165778,0.258541,0.351001,0.056563,0.217880,0.055192,0.174705,0.238312,0.300810,0.125809,0.183647,0.263947,0.151387
854,4.270000,0.219462,0.176397,0.165781,0.258542,0.350998,0.056562,0.217878,0.055192,0.174703,0.238311,0.300811,0.125809,0.183643,0.263931,0.151385
855,4.275000,0.219461,0.176397,0.165778,0.258545,0.350998,0.056565,0.217878,0.055192,0.174704,0.238312,0.300809,0.125808,0.183642,0.263932,0.151385
856,4.280000,0.219462,0.176399,0.165781,0.258545,0.350997,0.056564,0.217879,0.055195,0.174707,0.238312,0.300808,0.125806,0.183643,0.263932,0.151385
857,4.285000,0.219462,0.176397,0.165778,0.258545,0.350996,0.056563,0.217881,0.055193,0.174706,0.238311,0.300809,0.125807,0.183647,0.263946,0.151379
858,4.290000,0.219461,0.176396,0.165779,0.258547,0.350996,0.056561,0.217880,0.055194,0.174707,0.238312,0.300810,0.125806,0.183646,0.263948,0.151383
859,4.295000,0.219458,0.176396,0.165780,0.258549,0.350994,0.056562,0.217878,0.055193,0.174706,0.238312,0.300808,0.125807,0.183640,0.263932,0.151381
860,4.300000,0.219464,0.176400,0.165769,0.258550,0.350995,0.056560,0.217879,0.055193,0.174708,0.238311,0.300809,0.125807,0.183640,0.263932,0.151380
861,4.305000,0.219459,0.176399,0.165781,0.258550,0.350994,0.056561,0.217879,0.055192,0.174707,0.238311,0.300809,0.125804,0.183640,0.263931,0.151379
862,4.310000,0.219459,0.176398,0.165780,0.258551,0.350992,0.056560,0.217878,0.055193,0.174705,0.238310,0.300809,0.125805,0.183638,0.263932,0.151379
863,4.315000,0.219459,0.176398,0.165778,0.258550,0.350993,0.056562,0.217879,0.055190,0.174708,0.238310,0.300809,0.125805,0.183638,0.263931,0.151379
864,4.320000,0.219459,0.176398,0.165780,0.258552,0.350994,0.056562,0.217878,0.055193,0.174710,0.238309,0.300810,0.125805,0.183637,0.263933,0.151380
865,4.325000,0.219458,0.176396,0.165782,0.258554,0.350994,0.056563,0.217878,0.055192,0.174710,0.238310,0.300809,0.125806,0.183637,0.263932,0.151378
866,4.330000,0.219458,0.176396,0.165781,0.258553,0.350997,0.056564,0.217880,0.055191,0.174707,0.238308,0.300811,0.125806,0.183635,0.263932,0.151377
867,4.335000,0.219459,0.176398,0.165780,0.258554,0.350997,0.056564,0.217879,0.055192,0.174709,0.238309,0.300809,0.125807,0.183634,0.263930,0.151376
868,4.340000,0.219460,0.176399,0.165779,0.258553,0.350998,0.056565,0.217880,0.055193,0.174711,0.238306,0.300810,0.125806,0.183634,0.263932,0.151379
869,4.345000,0.219461,0.176397,0.165777,0.258553,0.350999,0.056567,0.217881,0.055190,0.174707,0.238306,0.300812,0.125807,0.183635,0.263931,0.151380
870,4.350000,0.219460,0.176399,0.165783,0.258553,0.351000,0.056568,0.217880,0.055192,0.174708,0.238304,0.300811,0.125806,0.183634,0.263929,0.151379
871,4.355000,0.219459,0.176398,0.165780,0.258552,0.351000,0.056570,0.217879,0.055192,0.174707,0.238304,0.300811,0.125807,0.183635,0.263930,0.151379
872,4.360000,0.219459,0.176397,0.165779,0.258551,0.351003,0.056572,0.217879,0.055191,0.174710,0.238305,0.300812,0.125810,0.183634,0.263929,0.151379
873,4.365000,0.219459,0.176399,0.165778,0.258547,0.351004,0.056572,0.217880,0.055189,0.174709,0.238304,0.300812,0.125809,0.183634,0.263929,0.151380
874,4.370000,0.219459,0.176397,0.165780,0.258547,0.351005,0.056573,0.217878,0.055191,0.174711,0.238302,0.300812,0.125809,0.183633,0.263929,0.151384
875,4.375000,0.219464,0.176402,0.165769,0.258546,0.351006,0.056574,0.217880,0.055191,0.174710,0.238302,0.300812,0.125810,0.183640,0.263945,0.151382
876,4.380000,0.219461,0.176399,0.165781,0.258543,0.351009,0.056576,0.217881,0.055191,0.174711,0.238301,0.300813,0.125811,0.183633,0.263930,0.151385
877,4.385000,0.219462,0.176401,0.165781,0.258538,0.351010,0.056576,0.217880,0.055189,0.174712,0.238301,0.300813,0.125814,0.183641,0.263945,0.151385
878,4.390000,0.219460,0.176398,0.165781,0.258535,0.351011,0.056577,0.217879,0.055191,0.174713,0.238301,0.300818,0.125813,0.183635,0.263931,0.151387
879,4.395000,0.219460,0.176400,0.165779,0.258533,0.351011,0.056577,0.217880,0.055189,0.174713,0.238302,0.300815,0.125813,0.183640,0.263947,0.151387
880,4.400000,0.219460,0.176399,0.165780,0.258528,0.351013,0.056577,0.217879,0.055191,0.174714,0.238301,0.300815,0.125813,0.183641,0.263947,0.151389
881,4.405000,0.219461,0.176398,0.165779,0.258524,0.351015,0.056575,0.217881,0.055190,0.174712,0.238301,0.300819,0.125817,0.183635,0.263931,0.151392
882,4.410000,0.219462,0.176396,0.165780,0.258509,0.350867,0.056737,0.217882,0.055188,0.174709,0.238301,0.300815,0.125815,0.183636,0.263933,0.151393
883,4.415000,0.219460,0.176397,0.165778,0.258515,0.351018,0.056574,0.217882,0.055190,0.174712,0.238300,0.300815,0.125812,0.183640,0.263945,0.151391
884,4.420000,0.219459,0.176398,0.165782,0.258499,0.350868,0.056739,0.217879,0.055189,0.174716,0.238300,0.300816,0.125816,0.183638,0.263932,0.151396
885,4.425000,0.219459,0.176399,0.165779,0.258507,0.351020,0.056574,0.217881,0.055187,0.174716,0.238302,0.300815,0.125817,0.183641,0.263946,0.151391
886,4.430000,0.219466,0.176400,0.165769,0.258504,0.351024,0.056576,0.217882,0.055188,0.174713,0.238300,0.300816,0.125817,0.183636,0.263935,0.151397
887,4.435000,0.219461,0.176398,0.165784,0.258502,0.351023,0.056574,0.217882,0.055186,0.174711,0.238300,0.300818,0.125819,0.183637,0.263933,0.151397
888,4.440000,0.219467,0.176397,0.165772,0.258498,0.351024,0.056577,0.217881,0.055190,0.174709,0.238301,0.300818,0.125817,0.183642,0.263948,0.151397
889,4.445000,0.219464,0.176399,0.165785,0.258496,0.351025,0.056576,0.217880,0.055189,0.174714,0.238300,0.300820,0.125822,0.183636,0.263934,0.151398
890,4.450000,0.219466,0.176398,0.165786,0.258494,0.351027,0.056577,0.217883,0.055189,0.174710,0.238300,0.300816,0.125821,0.183642,0.263951,0.151400
891,4.455000,0.219463,0.176398,0.165786,0.258493,0.351030,0.056579,0.217880,0.055189,0.174709,0.238300,0.300817,0.125819,0.183639,0.263934,0.151403
892,4.460000,0.219463,0.176399,0.165788,0.258491,0.351030,0.056578,0.217883,0.055190,0.174709,0.238300,0.300821,0.125822,0.183643,0.263949,0.151400
893,4.465000,0.219463,0.176397,0.165781,0.258492,0.351032,0.056582,0.217881,0.055191,0.174709,0.238299,0.300821,0.125823,0.183640,0.263935,0.151404
894,4.470000,0.219466,0.176399,0.165785,0.258492,0.351031,0.056583,0.217881,0.055189,0.174710,0.238299,0.300819,0.125822,0.183639,0.263933,0.151400
895,4.475000,0.219463,0.176396,0.165782,0.258491,0.351033,0.056583,0.217882,0.055190,0.174709,0.238299,0.300818,0.125819,0.183643,0.263946,0.151400
896,4.480000,0.219464,0.176399,0.165783,0.258493,0.351034,0.056583,0.217882,0.055191,0.174707,0.238299,0.300824,0.125821,0.183639,0.263935,0.151403
897,4.485000,0.219465,0.176398,0.165782,0.258492,0.351034,0.056584,0.217880,0.055191,0.174709,0.238298,0.300820,0.125820,0.183638,0.263932,0.151404
898,4.490000,0.219463,0.176397,0.165782,0.258495,0.351034,0.056583,0.217882,0.055191,0.174710,0.238298,0.300823,0.125822,0.183638,0.263933,0.151404
899,4.495000,0.219467,0.176401,0.165772,0.258495,0.351034,0.056585,0.217881,0.055191,0.174708,0.238299,0.300820,0.125819,0.183643,0.263947,0.151402
900,4.500000,0.219462,0.176398,0.165783,0.258496,0.351034,0.056584,0.217882,0.055190,0.174707,0.238297,0.300821,0.125818,0.183638,0.263934,0.151404
901,4.505000,0.219463,0.176398,0.165779,0.258497,0.351033,0.056584,0.217880,0.055192,0.174707,0.238297,0.300822,0.125820,0.183643,0.263948,0.151404
902,4.510000,0.219462,0.176397,0.165780,0.258496,0.351031,0.056585,0.217880,0.055191,0.174706,0.238295,0.300820,0.125815,0.183642,0.263947,0.151401
903,4.515000,0.219462,0.176397,0.165781,0.258499,0.351033,0.056584,0.217882,0.055189,0.174707,0.238298,0.300822,0.125817,0.183638,0.263931,0.151402
904,4.520000,0.219461,0.176398,0.165779,0.258501,0.351030,0.056581,0.217879,0.055191,0.174706,0.238296,0.300822,0.125818,0.183636,0.263932,0.151402
905,4.525000,0.219467,0.176398,0.165770,0.258503,0.351028,0.056581,0.217880,0.055191,0.174707,0.238296,0.300820,0.125815,0.183636,0.263931,0.151399
906,4.530000,0.219463,0.176398,0.165780,0.258503,0.351027,0.056580,0.217881,0.055191,0.174704,0.238297,0.300822,0.125816,0.183636,0.263931,0.151399
907,4.535000,0.219462,0.176397,0.165780,0.258507,0.351026,0.056577,0.217880,0.055191,0.174709,0.238297,0.300818,0.125814,0.183642,0.263947,0.151398
908,4.540000,0.219461,0.176397,0.165781,0.258509,0.351022,0.056575,0.217881,0.055193,0.174707,0.238297,0.300818,0.125812,0.183637,0.263932,0.151397
909,4.545000,0.219459,0.176399,0.165782,0.258509,0.351021,0.056574,0.217879,0.055192,0.174709,0.238297,0.300817,0.125813,0.183636,0.263934,0.151395
910,4.550000,0.219461,0.176397,0.165781,0.258512,0.351019,0.056573,0.217879,0.055191,0.174704,0.238298,0.300817,0.125812,0.183637,0.263932,0.151393
911,4.555000,0.219460,0.176398,0.165779,0.258513,0.351018,0.056574,0.217880,0.055196,0.174704,0.238298,0.300816,0.125812,0.183635,0.263933,0.151393
912,4.560000,0.219464,0.176401,0.165768,0.258515,0.351015,0.056571,0.217880,0.055193,0.174706,0.238299,0.300818,0.125810,0.183636,0.263931,0.151388
913,4.565000,0.219460,0.176397,0.165781,0.258516,0.351011,0.056568,0.217879,0.055192,0.174706,0.238298,0.300817,0.125810,0.183634,0.263932,0.151388
914,4.570000,0.219464,0.176398,0.165769,0.258519,0.351010,0.056566,0.217880,0.055193,0.174702,0.238299,0.300814,0.125807,0.183636,0.263931,0.151388
915,4.575000,0.219459,0.176397,0.165778,0.258520,0.351007,0.056565,0.217880,0.055192,0.174707,0.238298,0.300815,0.125806,0.183641,0.263948,0.151387
916,4.580000,0.219460,0.176396,0.165778,0.258520,0.351007,0.056565,0.217882,0.055192,0.174704,0.238298,0.300815,0.125807,0.183634,0.263932,0.151386
917,4.585000,0.219460,0.176398,0.165778,0.258524,0.351005,0.056562,0.217880,0.055192,0.174704,0.238300,0.300816,0.125806,0.183640,0.263947,0.151384
918,4.590000,0.219457,0.176397,0.165779,0.258525,0.351002,0.056563,0.217879,0.055194,0.174702,0.238300,0.300815,0.125804,0.183635,0.263933,0.151386
919,4.595000,0.219457,0.176399,0.165780,0.258525,0.351003,0.056561,0.217876,0.055194,0.174704,0.238298,0.300815,0.125803,0.183634,0.263930,0.151384
920,4.600000,0.219457,0.176397,0.165779,0.258526,0.351002,0.056561,0.217876,0.055193,0.174705,0.238298,0.300817,0.125806,0.183633,0.263930,0.151382
921,4.605000,0.219455,0.176399,0.165782,0.258529,0.351001,0.056559,0.217876,0.055191,0.174706,0.238300,0.300814,0.125802,0.183639,0.263947,0.151382
922,4.610000,0.219457,0.176402,0.165781,0.258529,0.351002,0.056561,0.217877,0.055193,0.174707,0.238301,0.300816,0.125803,0.183633,0.263930,0.151382
923,4.615000,0.219457,0.176397,0.165778,0.258528,0.351000,0.056559,0.217879,0.055190,0.174706,0.238300,0.300814,0.125802,0.183632,0.263931,0.151384
924,4.620000,0.219457,0.176399,0.165779,0.258531,0.351002,0.056562,0.217877,0.055191,0.174707,0.238299,0.300815,0.125802,0.183633,0.263932,0.151384
925,4.625000,0.219454,0.176398,0.165780,0.258531,0.351003,0.056563,0.217878,0.055192,0.174707,0.238300,0.300816,0.125803,0.183633,0.263931,0.151384
926,4.630000,0.219459,0.176399,0.165768,0.258532,0.351003,0.056565,0.217878,0.055191,0.174711,0.238299,0.300815,0.125803,0.183633,0.263931,0.151383
927,4.635000,0.219462,0.176402,0.165770,0.258533,0.351004,0.056564,0.217877,0.055192,0.174709,0.238300,0.300815,0.125802,0.183632,0.263932,0.151383
928,4.640000,0.219460,0.176401,0.165772,0.258533,0.351005,0.056565,0.217876,0.055192,0.174709,0.238300,0.300814,0.125803,0.183639,0.263947,0.151382
929,4.645000,0.219461,0.176400,0.165780,0.258533,0.351006,0.056568,0.217877,0.055193,0.174710,0.238300,0.300813,0.125803,0.183638,0.263945,0.151382
930,4.650000,0.219457,0.176398,0.165781,0.258533,0.351009,0.056570,0.217875,0.055193,0.174709,0.238300,0.300818,0.125806,0.183633,0.263929,0.151384
931,4.655000,0.219463,0.176402,0.165770,0.258535,0.351011,0.056573,0.217876,0.055191,0.174711,0.238300,0.300817,0.125807,0.183635,0.263931,0.151386
932,4.660000,0.219458,0.176400,0.165780,0.258533,0.351010,0.056572,0.217877,0.055191,0.174709,0.238300,0.300816,0.125809,0.183634,0.263930,0.151386
933,4.665000,0.219459,0.176398,0.165779,0.258532,0.351012,0.056575,0.217876,0.055192,0.174707,0.238301,0.300815,0.125809,0.183633,0.263930,0.151388
934,4.670000,0.219464,0.176401,0.165770,0.258532,0.351014,0.056576,0.217879,0.055191,0.174710,0.238302,0.300818,0.125812,0.183634,0.263930,0.151387
935,4.675000,0.219460,0.176400,0.165780,0.258531,0.351016,0.056579,0.217875,0.055193,0.174708,0.238302,0.300816,0.125813,0.183639,0.263947,0.151387
936,4.680000,0.219459,0.176398,0.165781,0.258529,0.351019,0.056579,0.217875,0.055192,0.174708,0.238300,0.300816,0.125814,0.183640,0.263945,0.151389
937,4.685000,0.219457,0.176400,0.165782,0.258528,0.351019,0.056582,0.217879,0.055192,0.174709,0.238301,0.300815,0.125816,0.183634,0.263931,0.151391
938,4.690000,0.219460,0.176399,0.165781,0.258525,0.351019,0.056584,0.217877,0.055191,0.174710,0.238301,0.300819,0.125819,0.183634,0.263932,0.151392
939,4.695000,0.219460,0.176401,0.165781,0.258523,0.351022,0.056584,0.217877,0.055192,0.174707,0.238300,0.300820,0.125822,0.183635,0.263933,0.151393
940,4.700000,0.219458,0.176397,0.165779,0.258523,0.351022,0.056584,0.217877,0.055192,0.174708,0.238302,0.300817,0.125820,0.183634,0.263930,0.151392
941,4.705000,0.219459,0.176399,0.165781,0.258520,0.351024,0.056586,0.217878,0.055192,0.174707,0.238301,0.300817,0.125822,0.183639,0.263947,0.151392
942,4.710000,0.219458,0.176399,0.165782,0.258517,0.351025,0.056587,0.217877,0.055191,0.174708,0.238301,0.300819,0.125824,0.183642,0.263947,0.151395
943,4.715000,0.219460,0.176400,0.165781,0.258506,0.350874,0.056751,0.217878,0.055193,0.174706,0.238300,0.300820,0.125824,0.183639,0.263949,0.151394
944,4.720000,0.219464,0.176401,0.165770,0.258516,0.351028,0.056589,0.217878,0.055193,0.174706,0.238299,0.300822,0.125826,0.183634,0.263933,0.151399
945,4.725000,0.219460,0.176399,0.165780,0.258502,0.350880,0.056753,0.217878,0.055192,0.174706,0.238299,0.300821,0.125826,0.183635,0.263931,0.151396
946,4.730000,0.219460,0.176400,0.165782,0.258501,0.350879,0.056753,0.217878,0.055190,0.174705,0.238299,0.300823,0.125830,0.183635,0.263932,0.151399
947,4.735000,0.219459,0.176399,0.165782,0.258501,0.350881,0.056756,0.217881,0.055191,0.174706,0.238298,0.300824,0.125830,0.183635,0.263934,0.151402
948,4.740000,0.219459,0.176399,0.165783,0.258499,0.350884,0.056757,0.217879,0.055193,0.174707,0.238298,0.300823,0.125831,0.183636,0.263934,0.151402
949,4.745000,0.219459,0.176400,0.165783,0.258500,0.350884,0.056759,0.217879,0.055191,0.174706,0.238298,0.300823,0.125832,0.183635,0.263935,0.151403
950,4.750000,0.219460,0.176400,0.165781,0.258498,0.350888,0.056761,0.217881,0.055192,0.174705,0.238300,0.300825,0.125833,0.183635,0.263933,0.151402
951,4.755000,0.219461,0.176398,0.165782,0.258509,0.351038,0.056600,0.217881,0.055193,0.174705,0.238298,0.300823,0.125833,0.183635,0.263934,0.151402
952,4.760000,0.219465,0.176401,0.165772,0.258509,0.351039,0.056601,0.217880,0.055194,0.174702,0.238299,0.300822,0.125831,0.183635,0.263933,0.151402
953,4.765000,0.219459,0.176399,0.165782,0.258509,0.351041,0.056605,0.217879,0.055193,0.174705,0.238298,0.300822,0.125832,0.183634,0.263935,0.151403
954,4.770000,0.219461,0.176399,0.165784,0.258509,0.351041,0.056604,0.217880,0.055192,0.174706,0.238297,0.300825,0.125835,0.183634,0.263935,0.151406
955,4.775000,0.219466,0.176402,0.165773,0.258512,0.351042,0.056603,0.217880,0.055193,0.174706,0.238296,0.300825,0.125832,0.183634,0.263933,0.151403
956,4.780000,0.219462,0.176400,0.165783,0.258512,0.351042,0.056607,0.217881,0.055191,0.174703,0.238296,0.300826,0.125834,0.183635,0.263933,0.151402
957,4.785000,0.219468,0.176402,0.165771,0.258513,0.351042,0.056607,0.217883,0.055192,0.174703,0.238296,0.300823,0.125832,0.183634,0.263932,0.151402
958,4.790000,0.219462,0.176401,0.165783,0.258514,0.351042,0.056606,0.217880,0.055194,0.174706,0.238296,0.300826,0.125834,0.183635,0.263932,0.151402
959,4.795000,0.219461,0.176398,0.165780,0.258514,0.351043,0.056608,0.217880,0.055192,0.174704,0.238297,0.300823,0.125832,0.183640,0.263949,0.151401
960,4.800000,0.219464,0.176397,0.165781,0.258514,0.351040,0.056606,0.217881,0.055192,0.174704,0.238297,0.300825,0.125832,0.183634,0.263932,0.151401
961,4.805000,0.219461,0.176400,0.165783,0.258515,0.351042,0.056607,0.217881,0.055189,0.174704,0.238297,0.300823,0.125831,0.183637,0.263932,0.151401
962,4.810000,0.219464,0.176397,0.165781,0.258517,0.351041,0.056606,0.217881,0.055191,0.174700,0.238299,0.300827,0.125833,0.183635,0.263931,0.151401
963,4.815000,0.219463,0.176399,0.165779,0.258518,0.351042,0.056605,0.217879,0.055193,0.174702,0.238298,0.300823,0.125827,0.183636,0.263931,0.151400
964,4.820000,0.219463,0.176397,0.165779,0.258518,0.351040,0.056604,0.217880,0.055193,0.174703,0.238300,0.300825,0.125831,0.183637,0.263931,0.151398
965,4.825000,0.219463,0.176399,0.165780,0.258519,0.351039,0.056602,0.217880,0.055191,0.174702,0.238299,0.300822,0.125826,0.183638,0.263932,0.151399
966,4.830000,0.219462,0.176399,0.165779,0.258520,0.351036,0.056600,0.217879,0.055192,0.174702,0.238300,0.300824,0.125828,0.183637,0.263931,0.151396
967,4.835000,0.219461,0.176396,0.165778,0.258521,0.351037,0.056599,0.217880,0.055190,0.174704,0.238300,0.300821,0.125824,0.183636,0.263932,0.151399
968,4.840000,0.219468,0.176399,0.165769,0.258522,0.351034,0.056595,0.217881,0.055192,0.174700,0.238302,0.300821,0.125822,0.183638,0.263932,0.151395
969,4.845000,0.219468,0.176396,0.165767,0.258521,0.351032,0.056593,0.217877,0.055194,0.174703,0.238302,0.300821,0.125823,0.183638,0.263933,0.151395
970,4.850000,0.219463,0.176399,0.165777,0.258523,0.351029,0.056591,0.217880,0.055191,0.174704,0.238304,0.300818,0.125822,0.183643,0.263948,0.151391
971,4.855000,0.219461,0.176399,0.165779,0.258522,0.351029,0.056588,0.217879,0.055194,0.174706,0.238304,0.300822,0.125824,0.183644,0.263948,0.151391
972,4.860000,0.219462,0.176398,0.165779,0.258524,0.351026,0.056586,0.217878,0.055193,0.174706,0.238306,0.300822,0.125821,0.183639,0.263935,0.151393
973,4.865000,0.219465,0.176400,0.165766,0.258524,0.351024,0.056583,0.217878,0.055192,0.174708,0.238305,0.300822,0.125820,0.183639,0.263933,0.151391
974,4.870000,0.219463,0.176397,0.165778,0.258524,0.351022,0.056580,0.217878,0.055193,0.174705,0.238306,0.300818,0.125815,0.183640,0.263934,0.151392
975,4.875000,0.219466,0.176400,0.165768,0.258525,0.351019,0.056578,0.217876,0.055193,0.174708,0.238305,0.300819,0.125815,0.183639,0.263933,0.151389
976,4.880000,0.219462,0.176398,0.165783,0.258527,0.351022,0.056579,0.217878,0.055194,0.174705,0.238307,0.300818,0.125814,0.183640,0.263934,0.151387
977,4.885000,0.219464,0.176400,0.165768,0.258529,0.351018,0.056577,0.217879,0.055190,0.174706,0.238306,0.300821,0.125816,0.183639,0.263935,0.151390
978,4.890000,0.219461,0.176398,0.165781,0.258529,0.351017,0.056575,0.217878,0.055194,0.174705,0.238307,0.300815,0.125812,0.183644,0.263950,0.151385
979,4.895000,0.219464,0.176401,0.165768,0.258529,0.351014,0.056573,0.217877,0.055193,0.174709,0.238306,0.300819,0.125813,0.183637,0.263932,0.151387
980,4.900000,0.219461,0.176399,0.165779,0.258534,0.351013,0.056572,0.217877,0.055194,0.174707,0.238307,0.300815,0.125811,0.183645,0.263949,0.151384
981,4.905000,0.219460,0.176399,0.165778,0.258534,0.351012,0.056571,0.217878,0.055191,0.174705,0.238306,0.300816,0.125811,0.183639,0.263932,0.151382
982,4.910000,0.219460,0.176401,0.165780,0.258537,0.351012,0.056569,0.217878,0.055192,0.174710,0.238308,0.300818,0.125812,0.183643,0.263948,0.151382
983,4.915000,0.219464,0.176401,0.165768,0.258538,0.351010,0.056570,0.217877,0.055192,0.174705,0.238306,0.300815,0.125809,0.183637,0.263934,0.151384
984,4.920000,0.219463,0.176400,0.165767,0.258537,0.351009,0.056569,0.217879,0.055193,0.174708,0.238307,0.300816,0.125807,0.183639,0.263930,0.151382
985,4.925000,0.219459,0.176397,0.165780,0.258540,0.351010,0.056568,0.217877,0.055190,0.174710,0.238306,0.300814,0.125806,0.183638,0.263930,0.151383
986,4.930000,0.219464,0.176400,0.165768,0.258539,0.351008,0.056567,0.217876,0.055192,0.174711,0.238305,0.300815,0.125807,0.183642,0.263947,0.151379
987,4.935000,0.219462,0.176400,0.165771,0.258540,0.351009,0.056569,0.217878,0.055191,0.174710,0.238305,0.300817,0.125807,0.183640,0.263946,0.151379
988,4.940000,0.219458,0.176398,0.165780,0.258539,0.351008,0.056568,0.217878,0.055191,0.174710,0.238302,0.300815,0.125807,0.183640,0.263948,0.151381
989,4.945000,0.219458,0.176399,0.165781,0.258538,0.351008,0.056569,0.217878,0.055191,0.174711,0.238302,0.300818,0.125810,0.183641,0.263947,0.151380
990,4.950000,0.219459,0.176400,0.165779,0.258537,0.351009,0.056569,0.217878,0.055192,0.174711,0.238300,0.300816,0.125808,0.183640,0.263948,0.151381
991,4.955000,0.219458,0.176400,0.165780,0.258534,0.351010,0.056570,0.217878,0.055192,0.174714,0.238300,0.300816,0.125808,0.183632,0.263933,0.151382
992,4.960000,0.219462,0.176404,0.165766,0.258523,0.350860,0.056733,0.217877,0.055192,0.174714,0.238301,0.300818,0.125810,0.183633,0.263933,0.151382
993,4.965000,0.219456,0.176401,0.165779,0.258531,0.351014,0.056570,0.217877,0.055190,0.174711,0.238300,0.300818,0.125810,0.183631,0.263930,0.151378
994,4.970000,0.219457,0.176399,0.165779,0.258529,0.351015,0.056571,0.217881,0.055189,0.174711,0.238298,0.300819,0.125810,0.183636,0.263947,0.151379
995,4.975000,0.219455,0.176400,0.165778,0.258526,0.351014,0.056573,0.217877,0.055189,0.174711,0.238297,0.300818,0.125811,0.183630,0.263931,0.151382
996,4.980000,0.219456,0.176402,0.165781,0.258526,0.351017,0.056574,0.217880,0.055191,0.174711,0.238296,0.300819,0.125811,0.183629,0.263933,0.151383
997,4.985000,0.219456,0.176401,0.165780,0.258522,0.351020,0.056576,0.217880,0.055189,0.174711,0.238295,0.300819,0.125812,0.183628,0.263931,0.151383
998,4.990000,0.219456,0.176402,0.165779,0.258520,0.351019,0.056575,0.217878,0.055191,0.174715,0.238292,0.300820,0.125813,0.183627,0.263930,0.151384
999,4.995000,0.219456,0.176401,0.165779,0.258505,0.350872,0.056740,0.217880,0.055189,0.174709,0.238291,0.300823,0.125815,0.183626,0.263933,0.151386
1000,5.000000,0.219460,0.176401,0.165768,0.258514,0.351024,0.056579,0.217880,0.055192,0.174712,0.238290,0.300824,0.125816,0.183628,0.263932,0.151388
1001,5.005000,0.219454,0.176402,0.165780,0.258512,0.351027,0.056583,0.217878,0.055191,0.174709,0.238290,0.300821,0.125814,0.183626,0.263930,0.151387
1002,5.010000,0.219457,0.176399,0.165780,0.258508,0.351029,0.056584,0.217881,0.055191,0.174708,0.238288,0.300822,0.125817,0.183625,0.263931,0.151390
1003,5.015000,0.219457,0.176401,0.165781,0.258509,0.351029,0.056587,0.217879,0.055191,0.174709,0.238288,0.300823,0.125819,0.183625,0.263931,0.151392
1004,5.020000,0.219456,0.176400,0.165780,0.258505,0.351033,0.056588,0.217880,0.055190,0.174710,0.238286,0.300826,0.125821,0.183626,0.263932,0.151393
1005,5.025000,0.219461,0.176398,0.165769,0.258504,0.351035,0.056592,0.217881,0.055187,0.174707,0.238287,0.300825,0.125822,0.183626,0.263930,0.151394
1006,5.030000,0.219457,0.176399,0.165783,0.258501,0.351036,0.056591,0.217882,0.055189,0.174706,0.238285,0.300824,0.125824,0.183626,0.263929,0.151395
1007,5.035000,0.219460,0.176399,0.165772,0.258498,0.351037,0.056593,0.217879,0.055189,0.174711,0.238284,0.300824,0.125824,0.183625,0.263931,0.151399
1008,5.040000,0.219458,0.176398,0.165782,0.258496,0.351040,0.056596,0.217880,0.055192,0.174708,0.238282,0.300827,0.125826,0.183626,0.263931,0.151399
1009,5.045000,0.219456,0.176398,0.165784,0.258493,0.351041,0.056597,0.217880,0.055189,0.174710,0.238283,0.300828,0.125826,0.183625,0.263932,0.151400
1010,5.050000,0.219457,0.176398,0.165787,0.258491,0.351042,0.056597,0.217880,0.055192,0.174710,0.238281,0.300828,0.125828,0.183625,0.263930,0.151401
1011,5.055000,0.219463,0.176399,0.165773,0.258478,0.350894,0.056764,0.217880,0.055193,0.174707,0.238282,0.300826,0.125826,0.183625,0.263931,0.151404
1012,5.060000,0.219456,0.176400,0.165786,0.258487,0.351043,0.056598,0.217880,0.055193,0.174708,0.238282,0.300826,0.125825,0.183627,0.263932,0.151406
1013,5.065000,0.219459,0.176398,0.165784,0.258473,0.350894,0.056762,0.217879,0.055191,0.174708,0.238282,0.300826,0.125826,0.183625,0.263931,0.151407
1014,5.070000,0.219458,0.176399,0.165785,0.258472,0.350897,0.056764,0.217881,0.055191,0.174706,0.238283,0.300829,0.125830,0.183628,0.263933,0.151409
1015,5.075000,0.219463,0.176401,0.165776,0.258467,0.350897,0.056762,0.217878,0.055191,0.174709,0.238281,0.300830,0.125832,0.183633,0.263946,0.151407
1016,5.080000,0.219459,0.176398,0.165783,0.258465,0.350897,0.056763,0.217877,0.055191,0.174706,0.238282,0.300827,0.125828,0.183627,0.263931,0.151410
1017,5.085000,0.219458,0.176399,0.165786,0.258466,0.350896,0.056761,0.217878,0.055190,0.174705,0.238284,0.300831,0.125831,0.183635,0.263947,0.151409
1018,5.090000,0.219458,0.176399,0.165783,0.258462,0.350900,0.056764,0.217878,0.055189,0.174705,0.238283,0.300830,0.125833,0.183630,0.263932,0.151411
1019,5.095000,0.219460,0.176397,0.165785,0.258463,0.350899,0.056762,0.217877,0.055190,0.174709,0.238284,0.300829,0.125830,0.183635,0.263948,0.151410
1020,5.100000,0.219458,0.176400,0.165785,0.258460,0.350901,0.056763,0.217879,0.055192,0.174705,0.238285,0.300830,0.125832,0.183630,0.263933,0.151412
1021,5.105000,0.219460,0.176399,0.165784,0.258459,0.350902,0.056764,0.217879,0.055192,0.174705,0.238286,0.300827,0.125830,0.183637,0.263949,0.151411
1022,5.110000,0.219459,0.176399,0.165785,0.258458,0.350903,0.056763,0.217878,0.055191,0.174704,0.238286,0.300832,0.125833,0.183630,0.263932,0.151411
1023,5.115000,0.219461,0.176397,0.165786,0.258457,0.350905,0.056762,0.217881,0.055192,0.174703,0.238288,0.300829,0.125833,0.183633,0.263933,0.151412
1024,5.120000,0.219461,0.176399,0.165783,0.258459,0.350903,0.056765,0.217879,0.055193,0.174705,0.238289,0.300831,0.125834,0.183633,0.263933,0.151413
1025,5.125000,0.219460,0.176396,0.165781,0.258459,0.350906,0.056764,0.217879,0.055193,0.174706,0.238290,0.300829,0.125832,0.183634,0.263936,0.151415
1026,5.130000,0.219460,0.176397,0.165786,0.258460,0.350905,0.056766,0.217882,0.055191,0.174704,0.238291,0.300828,0.125833,0.183639,0.263949,0.151412
1027,5.135000,0.219463,0.176398,0.165782,0.258461,0.350904,0.056766,0.217880,0.055191,0.174705,0.238292,0.300829,0.125833,0.183635,0.263936,0.151415
1028,5.140000,0.219462,0.176398,0.165781,0.258465,0.350906,0.056768,0.217880,0.055191,0.174704,0.238292,0.300829,0.125833,0.183634,0.263933,0.151412
1029,5.145000,0.219462,0.176400,0.165772,0.258466,0.350904,0.056767,0.217879,0.055193,0.174707,0.238294,0.300825,0.125831,0.183632,0.263933,0.151412
1030,5.150000,0.219460,0.176400,0.165784,0.258469,0.350903,0.056766,0.217878,0.055192,0.174707,0.238293,0.300828,0.125833,0.183633,0.263935,0.151411
1031,5.155000,0.219459,0.176398,0.165785,0.258471,0.350902,0.056766,0.217878,0.055190,0.174706,0.238293,0.300825,0.125830,0.183639,0.263948,0.151408
1032,5.160000,0.219462,0.176402,0.165772,0.258476,0.350902,0.056766,0.217877,0.055192,0.174707,0.238293,0.300826,0.125831,0.183634,0.263935,0.151410
1033,5.165000,0.219458,0.176398,0.165782,0.258480,0.350899,0.056764,0.217877,0.055193,0.174707,0.238293,0.300826,0.125830,0.183633,0.263933,0.151408
1034,5.170000,0.219456,0.176397,0.165781,0.258482,0.350898,0.056766,0.217879,0.055192,0.174705,0.238293,0.300828,0.125831,0.183638,0.263951,0.151407
1035,5.175000,0.219456,0.176398,0.165782,0.258485,0.350895,0.056763,0.217878,0.055193,0.174706,0.238293,0.300828,0.125832,0.183631,0.263933,0.151405
1036,5.180000,0.219456,0.176400,0.165782,0.258491,0.350894,0.056764,0.217877,0.055191,0.174704,0.238292,0.300828,0.125833,0.183631,0.263934,0.151403
1037,5.185000,0.219456,0.176400,0.165782,0.258495,0.350892,0.056764,0.217876,0.055191,0.174708,0.238292,0.300828,0.125831,0.183630,0.263935,0.151402
1038,5.190000,0.219461,0.176403,0.165773,0.258508,0.351041,0.056600,0.217879,0.055192,0.174705,0.238292,0.300829,0.125832,0.183628,0.263933,0.151398
1039,5.195000,0.219457,0.176400,0.165782,0.258512,0.351040,0.056598,0.217876,0.055193,0.174703,0.238292,0.300828,0.125829,0.183628,0.263932,0.151397
1040,5.200000,0.219464,0.176403,0.165773,0.258517,0.351039,0.056600,0.217878,0.055193,0.174705,0.238292,0.300828,0.125829,0.183628,0.263933,0.151397
1041,5.205000,0.219457,0.176404,0.165786,0.258519,0.351037,0.056598,0.217880,0.055192,0.174704,0.238291,0.300828,0.125829,0.183627,0.263932,0.151396
1042,5.210000,0.219456,0.176401,0.165783,0.258524,0.351039,0.056600,0.217878,0.055193,0.174707,0.238291,0.300825,0.125826,0.183627,0.263932,0.151394
1043,5.215000,0.219457,0.176402,0.165783,0.258528,0.351037,0.056601,0.217878,0.055192,0.174708,0.238291,0.300824,0.125826,0.183633,0.263946,0.151389
1044,5.220000,0.219461,0.176404,0.165772,0.258533,0.351035,0.056601,0.217880,0.055194,0.174707,0.238292,0.300824,0.125825,0.183625,0.263932,0.151392
1045,5.225000,0.219456,0.176401,0.165782,0.258534,0.351035,0.056600,0.217877,0.055194,0.174707,0.238291,0.300825,0.125825,0.183626,0.263933,0.151391
1046,5.230000,0.219456,0.176401,0.165784,0.258539,0.351033,0.056600,0.217879,0.055192,0.174708,0.238291,0.300825,0.125824,0.183631,0.263946,0.151386
1047,5.235000,0.219457,0.176400,0.165782,0.258541,0.351031,0.056601,0.217878,0.055193,0.174708,0.238290,0.300826,0.125825,0.183624,0.263931,0.151391
1048,5.240000,0.219457,0.176402,0.165784,0.258541,0.351031,0.056601,0.217879,0.055192,0.174710,0.238291,0.300825,0.125825,0.183626,0.263931,0.151386
1049,5.245000,0.219454,0.176402,0.165786,0.258541,0.351027,0.056598,0.217880,0.055191,0.174707,0.238291,0.300822,0.125823,0.183623,0.263928,0.151385
1050,5.250000,0.219458,0.176399,0.165783,0.258542,0.351026,0.056599,0.217881,0.055195,0.174706,0.238293,0.300822,0.125824,0.183624,0.263931,0.151387
1051,5.255000,0.219456,0.176400,0.165783,0.258543,0.351025,0.056599,0.217882,0.055192,0.174710,0.238292,0.300823,0.125826,0.183624,0.263929,0.151388
1052,5.260000,0.219458,0.176400,0.165784,0.258544,0.351025,0.056599,0.217880,0.055193,0.174709,0.238293,0.300822,0.125825,0.183625,0.263931,0.151388
1053,5.265000,0.219461,0.176403,0.165771,0.258543,0.351024,0.056596,0.217881,0.055193,0.174711,0.238291,0.300823,0.125827,0.183631,0.263945,0.151386
1054,5.270000,0.219459,0.176401,0.165783,0.258541,0.351024,0.056598,0.217882,0.055191,0.174711,0.238294,0.300821,0.125826,0.183628,0.263930,0.151390
1055,5.275000,0.219458,0.176399,0.165784,0.258542,0.351023,0.056595,0.217879,0.055193,0.174708,0.238295,0.300823,0.125826,0.183628,0.263930,0.151389
1056,5.280000,0.219457,0.176400,0.165785,0.258539,0.351024,0.056596,0.217880,0.055191,0.174711,0.238293,0.300823,0.125826,0.183628,0.263930,0.151389
1057,5.285000,0.219458,0.176398,0.165784,0.258536,0.351022,0.056594,0.217880,0.055193,0.174711,0.238295,0.300826,0.125828,0.183627,0.263930,0.151390
1058,5.290000,0.219457,0.176400,0.165782,0.258534,0.351023,0.056594,0.217881,0.055193,0.174709,0.238295,0.300821,0.125827,0.183628,0.263932,0.151390
1059,5.295000,0.219457,0.176399,0.165785,0.258531,0.351024,0.056593,0.217881,0.055191,0.174706,0.238294,0.300822,0.125829,0.183629,0.263931,0.151394
1060,5.300000,0.219458,0.176400,0.165786,0.258528,0.351025,0.056592,0.217879,0.055193,0.174709,0.238295,0.300825,0.125827,0.183628,0.263932,0.151392
1061,5.305000,0.219457,0.176400,0.165785,0.258527,0.351028,0.056593,0.217878,0.055193,0.174709,0.238297,0.300821,0.125825,0.183630,0.263934,0.151397
1062,5.310000,0.219457,0.176398,0.165784,0.258522,0.351029,0.056594,0.217877,0.055194,0.174711,0.238296,0.300819,0.125824,0.183630,0.263934,0.151395
1063,5.315000,0.219457,0.176401,0.165784,0.258520,0.351031,0.056594,0.217878,0.055193,0.174708,0.238298,0.300823,0.125827,0.183632,0.263935,0.151399
1064,5.320000,0.219459,0.176400,0.165786,0.258519,0.351035,0.056595,0.217879,0.055192,0.174710,0.238297,0.300823,0.125828,0.183632,0.263934,0.151399
1065,5.325000,0.219458,0.176403,0.165788,0.258516,0.351037,0.056597,0.217878,0.055193,0.174710,0.238296,0.300822,0.125825,0.183633,0.263937,0.151402
1066,5.330000,0.219459,0.176401,0.165785,0.258512,0.351039,0.056599,0.217879,0.055193,0.174708,0.238297,0.300821,0.125826,0.183634,0.263936,0.151401
1067,5.335000,0.219459,0.176401,0.165787,0.258510,0.351042,0.056600,0.217879,0.055192,0.174709,0.238297,0.300823,0.125826,0.183640,0.263949,0.151401
1068,5.340000,0.219458,0.176401,0.165788,0.258506,0.351044,0.056601,0.217878,0.055193,0.174708,0.238297,0.300826,0.125831,0.183634,0.263936,0.151403
1069,5.345000,0.219465,0.176402,0.165774,0.258503,0.351046,0.056602,0.217878,0.055195,0.174707,0.238296,0.300827,0.125831,0.183635,0.263936,0.151405
1070,5.350000,0.219465,0.176402,0.165775,0.258489,0.350898,0.056765,0.217879,0.055193,0.174708,0.238296,0.300826,0.125834,0.183637,0.263934,0.151406
1071,5.355000,0.219462,0.176400,0.165788,0.258487,0.350901,0.056767,0.217877,0.055192,0.174708,0.238296,0.300827,0.125833,0.183636,0.263935,0.151408
1072,5.360000,0.219461,0.176399,0.165788,0.258484,0.350903,0.056769,0.217878,0.055192,0.174705,0.238296,0.300826,0.125830,0.183637,0.263935,0.151407
1073,5.365000,0.219459,0.176400,0.165786,0.258481,0.350902,0.056768,0.217879,0.055193,0.174706,0.238295,0.300828,0.125831,0.183643,0.263950,0.151408
1074,5.370000,0.219461,0.176399,0.165784,0.258478,0.350903,0.056768,0.217880,0.055193,0.174702,0.238294,0.300829,0.125833,0.183638,0.263935,0.151413
1075,5.375000,0.219462,0.176397,0.165784,0.258478,0.350907,0.056770,0.217878,0.055192,0.174700,0.238295,0.300829,0.125834,0.183639,0.263933,0.151409
1076,5.380000,0.219462,0.176399,0.165782,0.258476,0.350905,0.056769,0.217878,0.055193,0.174703,0.238295,0.300830,0.125833,0.183639,0.263934,0.151414
1077,5.385000,0.219460,0.176398,0.165783,0.258474,0.350907,0.056772,0.217880,0.055192,0.174698,0.238295,0.300831,0.125835,0.183638,0.263936,0.151414
1078,5.390000,0.219460,0.176398,0.165782,0.258473,0.350909,0.056773,0.217881,0.055192,0.174700,0.238294,0.300831,0.125835,0.183642,0.263949,0.151412
1079,5.395000,0.219462,0.176397,0.165782,0.258471,0.350909,0.056771,0.217878,0.055195,0.174697,0.238293,0.300831,0.125836,0.183637,0.263935,0.151413
1080,5.400000,0.219461,0.176397,0.165782,0.258469,0.350910,0.056773,0.217879,0.055192,0.174700,0.238293,0.300832,0.125836,0.183643,0.263948,0.151412
1081,5.405000,0.219463,0.176399,0.165771,0.258469,0.350909,0.056772,0.217879,0.055193,0.174698,0.238294,0.300832,0.125837,0.183642,0.263950,0.151412
1082,5.410000,0.219461,0.176398,0.165782,0.258467,0.350910,0.056772,0.217881,0.055192,0.174701,0.238294,0.300832,0.125838,0.183636,0.263935,0.151413
1083,5.415000,0.219459,0.176399,0.165782,0.258468,0.350910,0.056774,0.217882,0.055192,0.174698,0.238293,0.300832,0.125837,0.183636,0.263934,0.151412
1084,5.420000,0.219458,0.176398,0.165783,0.258468,0.350913,0.056775,0.217879,0.055192,0.174701,0.238292,0.300832,0.125837,0.183634,0.263935,0.151413
1085,5.425000,0.219463,0.176402,0.165772,0.258467,0.350912,0.056776,0.217880,0.055191,0.174700,0.238292,0.300832,0.125837,0.183634,0.263935,0.151413
1086,5.430000,0.219462,0.176402,0.165771,0.258469,0.350912,0.056776,0.217880,0.055193,0.174702,0.238291,0.300830,0.125835,0.183632,0.263935,0.151412
1087,5.435000,0.219458,0.176399,0.165782,0.258471,0.350912,0.056775,0.217879,0.055193,0.174702,0.238290,0.300831,0.125837,0.183630,0.263936,0.151412
1088,5.440000,0.219457,0.176403,0.165783,0.258472,0.350913,0.056775,0.217878,0.055195,0.174704,0.238290,0.300833,0.125838,0.183635,0.263951,0.151409
1089,5.445000,0.219456,0.176401,0.165779,0.258475,0.350912,0.056776,0.217880,0.055195,0.174702,0.238288,0.300832,0.125836,0.183635,0.263950,0.151408
1090,5.450000,0.219455,0.176401,0.165784,0.258477,0.350909,0.056775,0.217878,0.055194,0.174705,0.238287,0.300833,0.125838,0.183627,0.263932,0.151405
1091,5.455000,0.219456,0.176400,0.165781,0.258479,0.350909,0.056776,0.217880,0.055194,0.174700,0.238285,0.300830,0.125835,0.183625,0.263934,0.151405
1092,5.460000,0.219456,0.176400,0.165780,0.258480,0.350908,0.056775,0.217880,0.055193,0.174704,0.238285,0.300833,0.125835,0.183624,0.263933,0.151403
1093,5.465000,0.219455,0.176401,0.165781,0.258496,0.351057,0.056615,0.217880,0.055192,0.174701,0.238284,0.300830,0.125832,0.183623,0.263934,0.151403
1094,5.470000,0.219458,0.176403,0.165781,0.258498,0.351054,0.056611,0.217880,0.055193,0.174703,0.238283,0.300831,0.125832,0.183624,0.263932,0.151399
1095,5.475000,0.219457,0.176400,0.165782,0.258503,0.351055,0.056612,0.217882,0.055192,0.174705,0.238282,0.300832,0.125833,0.183623,0.263931,0.151400
1096,5.480000,0.219456,0.176402,0.165782,0.258506,0.351054,0.056613,0.217881,0.055193,0.174708,0.238281,0.300832,0.125832,0.183622,0.263932,0.151399
1097,5.485000,0.219457,0.176401,0.165781,0.258510,0.351051,0.056611,0.217880,0.055194,0.174707,0.238281,0.300831,0.125833,0.183622,0.263933,0.151398
1098,5.490000,0.219461,0.176404,0.165769,0.258512,0.351051,0.056613,0.217881,0.055194,0.174704,0.238280,0.300831,0.125830,0.183621,0.263932,0.151398
1099,5.495000,0.219457,0.176401,0.165781,0.258512,0.351048,0.056610,0.217881,0.055192,0.174704,0.238279,0.300831,0.125831,0.183628,0.263946,0.151396
1100,5.500000,0.219462,0.176405,0.165768,0.258516,0.351047,0.056610,0.217882,0.055193,0.174703,0.238281,0.300830,0.125828,0.183621,0.263931,0.151394
1101,5.505000,0.219456,0.176404,0.165780,0.258518,0.351044,0.056608,0.217880,0.055194,0.174703,0.238279,0.300829,0.125826,0.183621,0.263929,0.151394
1102,5.510000,0.219458,0.176405,0.165779,0.258516,0.351044,0.056607,0.217881,0.055194,0.174707,0.238281,0.300832,0.125827,0.183623,0.263931,0.151395
1103,5.515000,0.219459,0.176403,0.165778,0.258518,0.351042,0.056604,0.217882,0.055194,0.174706,0.238282,0.300829,0.125826,0.183622,0.263929,0.151392
1104,5.520000,0.219458,0.176402,0.165780,0.258519,0.351043,0.056605,0.217882,0.055194,0.174704,0.238282,0.300829,0.125825,0.183623,0.263931,0.151393
1105,5.525000,0.219459,0.176404,0.165779,0.258516,0.351040,0.056599,0.217882,0.055193,0.174705,0.238282,0.300826,0.125823,0.183622,0.263932,0.151392
1106,5.530000,0.219459,0.176403,0.165778,0.258515,0.351038,0.056596,0.217882,0.055195,0.174707,0.238283,0.300829,0.125823,0.183624,0.263931,0.151394
1107,5.535000,0.219456,0.176401,0.165777,0.258514,0.351037,0.056597,0.217880,0.055195,0.174704,0.238284,0.300825,0.125821,0.183623,0.263931,0.151390
1108,5.540000,0.219462,0.176403,0.165765,0.258509,0.351035,0.056591,0.217881,0.055193,0.174705,0.238287,0.300827,0.125821,0.183630,0.263946,0.151389
1109,5.545000,0.219455,0.176404,0.165778,0.258497,0.350885,0.056749,0.217882,0.055195,0.174705,0.238287,0.300824,0.125818,0.183625,0.263934,0.151390
1110,5.550000,0.219456,0.176403,0.165778,0.258505,0.351035,0.056587,0.217880,0.055194,0.174708,0.238287,0.300825,0.125818,0.183626,0.263933,0.151391
1111,5.555000,0.219456,0.176404,0.165779,0.258503,0.351034,0.056586,0.217879,0.055192,0.174711,0.238288,0.300826,0.125819,0.183624,0.263934,0.151392
1112,5.560000,0.219460,0.176405,0.165767,0.258490,0.350885,0.056746,0.217877,0.055193,0.174707,0.238289,0.300827,0.125820,0.183627,0.263935,0.151392
1113,5.565000,0.219457,0.176403,0.165779,0.258499,0.351036,0.056585,0.217879,0.055195,0.174709,0.238289,0.300825,0.125818,0.183627,0.263935,0.151392
1114,5.570000,0.219459,0.176405,0.165781,0.258498,0.351037,0.056585,0.217880,0.055192,0.174710,0.238292,0.300828,0.125822,0.183627,0.263936,0.151392
1115,5.575000,0.219458,0.176403,0.165781,0.258496,0.351037,0.056583,0.217878,0.055192,0.174712,0.238292,0.300826,0.125820,0.183629,0.263936,0.151394
1116,5.580000,0.219457,0.176404,0.165782,0.258494,0.351039,0.056583,0.217875,0.055195,0.174713,0.238292,0.300826,0.125820,0.183629,0.263937,0.151395
1117,5.585000,0.219455,0.176406,0.165782,0.258495,0.351041,0.056584,0.217878,0.055194,0.174711,0.238293,0.300828,0.125820,0.183629,0.263936,0.151396
1118,5.590000,0.219459,0.176404,0.165782,0.258495,0.351041,0.056586,0.217878,0.055196,0.174711,0.238292,0.300824,0.125816,0.183629,0.263936,0.151397
1119,5.595000,0.219456,0.176404,0.165786,0.258493,0.351042,0.056587,0.217877,0.055193,0.174713,0.238291,0.300826,0.125817,0.183636,0.263951,0.151397
1120,5.600000,0.219457,0.176404,0.165783,0.258494,0.351043,0.056587,0.217880,0.055194,0.174715,0.238290,0.300827,0.125819,0.183631,0.263937,0.151400
1121,5.605000,0.219458,0.176402,0.165786,0.258494,0.351043,0.056587,0.217877,0.055198,0.174711,0.238291,0.300825,0.125817,0.183630,0.263935,0.151399
1122,5.610000,0.219462,0.176407,0.165774,0.258493,0.351043,0.056588,0.217878,0.055193,0.174713,0.238291,0.300828,0.125818,0.183631,0.263936,0.151401
1123,5.615000,0.219458,0.176404,0.165782,0.258494,0.351042,0.056589,0.217877,0.055194,0.174711,0.238289,0.300825,0.125815,0.183631,0.263935,0.151402
1124,5.620000,0.219457,0.176403,0.165781,0.258492,0.351043,0.056590,0.217876,0.055196,0.174713,0.238287,0.300827,0.125817,0.183635,0.263949,0.151398
1125,5.625000,0.219462,0.176404,0.165771,0.258492,0.351042,0.056591,0.217877,0.055195,0.174713,0.238286,0.300830,0.125819,0.183630,0.263935,0.151402
1126,5.630000,0.219459,0.176402,0.165781,0.258478,0.350894,0.056753,0.217875,0.055193,0.174710,0.238287,0.300828,0.125819,0.183634,0.263949,0.151398
1127,5.635000,0.219459,0.176402,0.165782,0.258488,0.351045,0.056592,0.217876,0.055194,0.174711,0.238285,0.300830,0.125821,0.183633,0.263948,0.151401
1128,5.640000,0.219457,0.176402,0.165783,0.258487,0.351046,0.056594,0.217878,0.055192,0.174706,0.238284,0.300830,0.125821,0.183627,0.263933,0.151402
1129,5.645000,0.219458,0.176402,0.165780,0.258484,0.351045,0.056592,0.217878,0.055193,0.174708,0.238283,0.300830,0.125823,0.183632,0.263948,0.151399
1130,5.650000,0.219458,0.176399,0.165781,0.258484,0.351048,0.056595,0.217878,0.055192,0.174712,0.238283,0.300831,0.125825,0.183627,0.263934,0.151404
1131,5.655000,0.219463,0.176400,0.165770,0.258483,0.351048,0.056596,0.217878,0.055192,0.174706,0.238282,0.300831,0.125824,0.183627,0.263933,0.151400
1132,5.660000,0.219459,0.176400,0.165781,0.258469,0.350901,0.056761,0.217879,0.055192,0.174706,0.238281,0.300832,0.125826,0.183627,0.263932,0.151403
1133,5.665000,0.219462,0.176403,0.165770,0.258468,0.350901,0.056759,0.217878,0.055192,0.174707,0.238281,0.300833,0.125826,0.183627,0.263932,0.151404
1134,5.670000,0.219461,0.176402,0.165770,0.258465,0.350902,0.056762,0.217879,0.055192,0.174704,0.238280,0.300833,0.125827,0.183625,0.263933,0.151403
1135,5.675000,0.219459,0.176397,0.165779,0.258464,0.350905,0.056764,0.217881,0.055192,0.174706,0.238280,0.300833,0.125830,0.183624,0.263933,0.151403
1136,5.680000,0.219458,0.176400,0.165780,0.258475,0.351057,0.056603,0.217877,0.055195,0.174704,0.238280,0.300835,0.125831,0.183631,0.263947,0.151403
1137,5.685000,0.219457,0.176400,0.165779,0.258459,0.350908,0.056765,0.217879,0.055193,0.174700,0.238279,0.300833,0.125831,0.183625,0.263932,0.151407
1138,5.690000,0.219457,0.176402,0.165781,0.258472,0.351061,0.056608,0.217879,0.055193,0.174701,0.238279,0.300835,0.125832,0.183623,0.263933,0.151405
1139,5.695000,0.219457,0.176402,0.165779,0.258459,0.350913,0.056771,0.217879,0.055191,0.174699,0.238279,0.300834,0.125832,0.183623,0.263932,0.151406
1140,5.700000,0.219457,0.176400,0.165778,0.258459,0.350913,0.056772,0.217878,0.055195,0.174701,0.238279,0.300834,0.125832,0.183622,0.263934,0.151406
1141,5.705000,0.219457,0.176399,0.165781,0.258469,0.351066,0.056614,0.217881,0.055193,0.174697,0.238278,0.300833,0.125832,0.183621,0.263932,0.151405
1142,5.710000,0.219457,0.176401,0.165781,0.258469,0.351064,0.056611,0.217881,0.055195,0.174697,0.238277,0.300835,0.125834,0.183622,0.263930,0.151404
